$FLYS,1
$VAR,FIRMWARE_VER,v2024.06.09.starter_pistol
$VAR,DEVICE_ID,0017003b3253501720373657
$VAR,SESSION_ID,4786bd8c4ece967ea6917949
$COL,BARO,time,pressure,temperature
$UNIT,BARO,s,Pa,deg C
$COL,HUM,time,humidity,temperature
$UNIT,HUM,s,percent,deg C
$COL,MAG,time,x,y,z,temperature
$UNIT,MAG,s,gauss,gauss,gauss,deg C
$COL,IMU,time,wx,wy,wz,ax,ay,az,temperature
$UNIT,IMU,s,deg/s,deg/s,deg/s,g,g,g,deg C
$COL,TIME,time,tow,week
$UNIT,TIME,s,s,
$COL,VBAT,time,voltage
$UNIT,VBAT,s,volt
$DATA
$IMU,52604.805,4.272,-0.915,-6.835,0.07470,0.16796,1.02099,20.99
$BARO,52604.863,70050.06,21.91
$MAG,52604.869,-0.196,-0.751,-0.781,19.8
$IMU,52604.880,15.136,1.281,-6.958,0.04931,0.13183,0.94238,21.06
$HUM,52604.908,34.3,22.3
$IMU,52604.956,41.198,-5.004,-4.577,-0.08056,0.11279,0.88867,21.07
$BARO,52604.965,70051.06,21.90
$MAG,52604.970,-0.205,-0.792,-0.744,19.8
$IMU,52605.031,70.861,-38.391,-14.587,-0.00634,0.27099,0.83593,21.11
$BARO,52605.066,70050.45,21.91
$MAG,52605.070,-0.205,-0.805,-0.690,19.8
$IMU,52605.106,72.998,-60.363,-24.719,0.15966,0.59716,0.91064,21.08
$BARO,52605.168,70048.65,21.91
$MAG,52605.171,-0.214,-0.819,-0.676,19.7
$IMU,52605.181,33.142,-67.138,-26.672,-0.10400,0.72265,0.87207,21.13
$IMU,52605.256,-1.525,-109.313,-50.842,0.32568,0.68652,0.69433,21.11
$BARO,52605.270,70048.85,21.91
$MAG,52605.271,-0.207,-0.811,-0.694,19.8
$IMU,52605.331,-15.502,-102.478,-46.997,0.53564,0.43750,0.69140,21.09
$BARO,52605.371,70058.99,21.91
$MAG,52605.371,-0.228,-0.802,-0.711,19.8
$IMU,52605.406,-7.629,-62.438,-13.610,0.83007,0.37939,0.79101,21.11
$MAG,52605.472,-0.258,-0.804,-0.711,19.8
$BARO,52605.473,70052.65,21.91
$IMU,52605.481,-0.122,-17.761,5.249,0.54003,0.35400,0.75146,21.11
$IMU,52605.556,10.620,-6.652,14.526,0.74462,0.32958,0.75537,21.15
$MAG,52605.572,-0.247,-0.810,-0.702,19.8
$BARO,52605.574,70048.07,21.91
$IMU,52605.631,7.507,48.461,16.540,0.25292,0.47070,0.84619,21.11
$MAG,52605.673,-0.250,-0.810,-0.705,19.8
$BARO,52605.676,70049.04,21.91
$IMU,52605.706,-7.202,-11.840,-6.469,0.40771,0.34863,0.73291,21.15
$VBAT,52605.732,3.940
$MAG,52605.773,-0.255,-0.807,-0.705,19.9
$BARO,52605.778,70046.65,21.92
$IMU,52605.781,-6.530,-29.541,-5.493,0.41113,0.48388,0.76757,21.14
$IMU,52605.856,-13.000,-33.447,-14.587,0.68408,0.33349,0.66015,21.13
$MAG,52605.873,-0.265,-0.801,-0.714,19.8
$BARO,52605.879,70046.26,21.92
$HUM,52605.922,34.2,22.3
$IMU,52605.931,6.652,-18.249,-7.080,0.53955,0.37548,0.81982,21.15
$MAG,52605.974,-0.253,-0.811,-0.691,19.8
$BARO,52605.981,70042.68,21.92
$IMU,52606.006,27.343,2.563,-12.268,0.46044,0.61962,0.80029,21.16
$MAG,52606.074,-0.214,-0.814,-0.660,20.0
$IMU,52606.081,27.099,10.131,-43.518,0.53759,0.51171,0.86914,21.19
$BARO,52606.082,70048.07,21.91
$IMU,52606.156,5.859,1.586,-43.701,0.46484,0.71289,0.68066,21.17
$MAG,52606.175,-0.178,-0.804,-0.678,19.8
$BARO,52606.184,70043.29,21.91
$IMU,52606.231,-14.831,-7.995,-34.179,0.61376,0.71826,0.61474,21.24
$MAG,52606.275,-0.154,-0.799,-0.691,19.9
$BARO,52606.286,70043.07,21.92
$IMU,52606.306,-27.404,16.967,-23.010,0.40625,0.62988,0.52832,21.14
$MAG,52606.375,-0.132,-0.781,-0.708,19.8
$IMU,52606.382,-16.296,19.653,-29.785,0.38330,0.67285,0.70605,21.21
$BARO,52606.387,70043.68,21.91
$IMU,52606.457,-13.427,3.479,-7.202,0.35253,0.58007,0.65527,21.18
$MAG,52606.476,-0.132,-0.775,-0.715,19.8
$BARO,52606.489,70048.65,21.92
$IMU,52606.532,-2.380,-5.249,-3.479,0.29687,0.59765,0.60595,21.19
$MAG,52606.576,-0.121,-0.772,-0.712,19.9
$BARO,52606.590,70050.43,21.91
$IMU,52606.607,-1.220,-3.967,-2.502,0.34179,0.68457,0.67333,21.19
$MAG,52606.677,-0.124,-0.766,-0.717,19.8
$IMU,52606.682,-9.887,3.173,-3.784,0.31347,0.65820,0.70751,21.20
$BARO,52606.692,70045.65,21.92
$VBAT,52606.733,3.937
$IMU,52606.757,-9.277,3.356,-0.244,0.28955,0.61083,0.70019,21.21
$MAG,52606.777,-0.124,-0.769,-0.730,19.7
$BARO,52606.794,70049.65,21.91
$IMU,52606.832,-2.929,0.732,-1.098,0.31396,0.65771,0.75341,21.23
$MAG,52606.877,-0.118,-0.769,-0.726,19.8
$BARO,52606.895,70045.46,21.92
$IMU,52606.907,-4.516,8.483,3.906,0.31298,0.67578,0.83300,21.18
$HUM,52606.936,34.2,22.2
$MAG,52606.978,-0.114,-0.772,-0.721,19.9
$IMU,52606.982,-9.216,20.019,11.474,0.39013,0.62841,0.89501,21.24
$BARO,52606.997,70060.38,21.91
$IMU,52607.057,-8.239,15.686,2.075,0.41406,0.51953,0.79736,21.19
$MAG,52607.078,-0.111,-0.772,-0.729,19.9
$BARO,52607.098,70049.43,21.92
$IMU,52607.132,-2.258,0.366,-1.647,0.38330,0.44384,0.79150,21.19
$MAG,52607.179,-0.127,-0.759,-0.717,20.0
$BARO,52607.200,70045.24,21.92
$IMU,52607.207,1.708,-5.249,4.699,0.34375,0.46728,0.75634,21.20
$MAG,52607.279,-0.124,-0.762,-0.720,19.9
$IMU,52607.282,3.417,-5.859,-5.249,0.29199,0.46630,0.76123,21.22
$BARO,52607.301,70046.04,21.92
$IMU,52607.357,-1.953,-10.375,-4.028,0.28759,0.44287,0.77587,21.21
$MAG,52607.380,-0.121,-0.766,-0.729,19.8
$BARO,52607.403,70042.26,21.92
$IMU,52607.432,-4.150,-14.709,-3.601,0.29003,0.48339,0.81201,21.21
$MAG,52607.480,-0.120,-0.771,-0.733,19.9
$BARO,52607.505,70041.07,21.92
$IMU,52607.507,-1.281,-14.770,-7.446,0.35302,0.53369,0.81933,21.22
$MAG,52607.581,-0.127,-0.769,-0.738,20.0
$IMU,52607.582,1.220,-6.225,-8.239,0.31787,0.53515,0.84130,21.26
$BARO,52607.606,70049.80,21.93
$IMU,52607.657,4.028,-8.178,-11.047,0.27636,0.53662,0.85205,21.21
$MAG,52607.681,-0.120,-0.756,-0.730,19.9
$BARO,52607.708,70044.24,21.93
$IMU,52607.733,11.291,-12.268,-19.775,0.30615,0.64648,0.80761,21.20
$VBAT,52607.734,3.937
$MAG,52607.781,-0.106,-0.759,-0.724,19.9
$IMU,52607.808,6.530,-4.882,-16.784,0.59326,0.73681,0.87792,21.25
$BARO,52607.809,70039.07,21.93
$MAG,52607.882,-0.102,-0.747,-0.733,19.9
$IMU,52607.883,-17.150,16.479,7.019,0.36230,0.49169,0.63037,21.22
$BARO,52607.911,70048.24,21.92
$HUM,52607.950,34.3,22.3
$IMU,52607.958,-11.230,20.568,-7.141,0.38183,0.65673,0.68212,21.23
$MAG,52607.982,-0.088,-0.741,-0.741,19.8
$BARO,52608.013,70054.38,21.93
$IMU,52608.033,-20.507,19.531,6.042,0.34130,0.57128,0.76464,21.25
$MAG,52608.083,-0.091,-0.738,-0.741,19.9
$IMU,52608.108,-19.836,17.456,17.150,0.36083,0.52880,0.72070,21.21
$BARO,52608.114,70052.79,21.93
$MAG,52608.183,-0.094,-0.745,-0.741,19.8
$IMU,52608.183,-10.192,32.897,28.686,0.25439,0.61083,0.73974,21.26
$BARO,52608.216,70049.21,21.93
$IMU,52608.258,-16.479,46.020,36.804,0.33789,0.56054,0.76708,21.24
$MAG,52608.283,-0.087,-0.747,-0.732,19.9
$BARO,52608.317,70049.21,21.93
$IMU,52608.333,-23.620,64.208,42.602,0.28173,0.52197,0.83740,21.25
$MAG,52608.384,-0.091,-0.754,-0.712,19.9
$IMU,52608.408,-21.057,74.462,49.011,0.21191,0.46044,0.90527,21.27
$BARO,52608.419,70052.19,21.93
$IMU,52608.483,-14.953,77.087,57.556,0.17089,0.37939,0.86962,21.28
$MAG,52608.484,-0.099,-0.760,-0.696,19.9
$BARO,52608.521,70045.82,21.93
$IMU,52608.558,-1.953,82.092,84.167,0.02685,0.45654,0.99023,21.27
$MAG,52608.585,-0.151,-0.793,-0.672,19.8
$BARO,52608.622,70044.63,21.93
$IMU,52608.633,9.765,70.312,107.116,-0.43652,0.44531,1.06103,21.27
$MAG,52608.685,-0.198,-0.802,-0.664,19.9
$IMU,52608.708,0.793,19.042,59.875,-0.21875,0.52246,0.86376,21.24
$BARO,52608.724,70045.60,21.94
$VBAT,52608.747,3.940
$IMU,52608.783,-18.066,3.601,12.451,-0.16894,0.28955,0.83886,21.25
$MAG,52608.786,-0.204,-0.799,-0.676,20.0
$BARO,52608.825,70057.74,21.94
$IMU,52608.858,-15.197,8.300,-0.732,-0.10253,0.14990,1.01464,21.30
$MAG,52608.886,-0.193,-0.799,-0.678,19.8
$BARO,52608.927,70058.33,21.95
$IMU,52608.933,-3.112,16.174,3.479,-0.07275,0.26757,0.90771,21.27
$HUM,52608.964,34.4,22.2
$MAG,52608.986,-0.195,-0.793,-0.678,19.9
$IMU,52609.008,-6.469,22.460,9.277,-0.30419,0.33447,0.92968,21.28
$BARO,52609.029,70048.21,21.94
$IMU,52609.083,-14.892,2.685,4.821,-0.19921,0.28955,0.94824,21.27
$MAG,52609.087,-0.198,-0.787,-0.694,20.0
$BARO,52609.130,70050.58,21.95
$IMU,52609.159,-13.610,-4.699,7.629,-0.16357,0.28173,0.92382,21.26
$MAG,52609.187,-0.210,-0.778,-0.702,19.9
$BARO,52609.232,70044.60,21.95
$IMU,52609.234,-7.141,-3.662,4.394,-0.22558,0.37109,0.94726,21.27
$MAG,52609.288,-0.208,-0.774,-0.699,20.0
$IMU,52609.309,-8.117,-12.023,-3.662,-0.18310,0.34619,0.97119,21.28
$BARO,52609.333,70049.97,21.95
$IMU,52609.384,-6.652,-16.540,0.427,-0.16894,0.30273,0.95751,21.29
$MAG,52609.388,-0.214,-0.775,-0.711,19.8
$BARO,52609.435,70043.61,21.95
$IMU,52609.459,3.540,-15.686,7.141,-0.11279,0.35693,0.93505,21.29
$MAG,52609.488,-0.234,-0.787,-0.700,19.9
$IMU,52609.534,8.544,-9.399,1.892,-0.13525,0.38134,1.09619,21.30
$BARO,52609.537,70050.58,21.95
$MAG,52609.589,-0.226,-0.783,-0.700,19.8
$IMU,52609.609,1.464,-4.455,-3.784,-0.01611,0.20117,1.02978,21.30
$BARO,52609.638,70049.19,21.95
$IMU,52609.684,7.080,6.408,8.850,0.09814,0.16992,0.83300,21.26
$MAG,52609.689,-0.226,-0.778,-0.685,19.9
$TIME,52609.715,440783.000,2364
$BARO,52609.740,70048.58,21.96
$VBAT,52609.752,3.929
$IMU,52609.759,17.089,10.009,11.230,0.05224,0.35595,1.02734,21.29
$MAG,52609.790,-0.231,-0.777,-0.684,19.9
$IMU,52609.834,1.281,-0.305,-1.403,-0.00488,0.34521,1.00683,21.33
$BARO,52609.841,70046.38,21.96
$MAG,52609.890,-0.235,-0.784,-0.688,19.9
$IMU,52609.909,-8.972,1.098,4.760,0.00585,0.28076,0.81640,21.27
$BARO,52609.943,70043.19,21.96
$HUM,52609.978,34.4,22.3
$IMU,52609.984,1.586,1.342,7.629,0.04589,0.32373,0.96386,21.36
$MAG,52609.991,-0.240,-0.777,-0.673,19.9
$BARO,52610.045,70041.80,21.96
$IMU,52610.059,-3.662,2.624,7.507,0.01123,0.37304,0.92138,21.35
$MAG,52610.091,-0.234,-0.778,-0.681,19.8
$IMU,52610.134,-4.638,2.685,10.498,0.01562,0.40771,0.91552,21.32
$BARO,52610.146,70050.55,21.96
$MAG,52610.191,-0.241,-0.777,-0.687,20.0
$IMU,52610.209,-2.136,7.873,7.873,0.01953,0.37939,0.92382,21.29
$BARO,52610.248,70039.22,21.96
$IMU,52610.284,-0.549,13.366,8.056,-0.00683,0.40625,0.95312,21.34
$MAG,52610.292,-0.244,-0.772,-0.685,19.9
$BARO,52610.349,70045.97,21.96
$IMU,52610.359,-7.690,16.601,12.329,-0.10888,0.34716,1.10693,21.36
$MAG,52610.392,-0.247,-0.765,-0.693,19.9
$IMU,52610.434,-10.559,12.084,14.343,-0.13330,0.22363,1.04394,21.33
$BARO,52610.451,70054.72,21.97
$MAG,52610.493,-0.253,-0.760,-0.691,19.9
$IMU,52610.510,-0.488,10.009,13.854,-0.10595,0.18359,0.90087,21.36
$BARO,52610.552,70042.58,21.97
$IMU,52610.585,3.112,17.150,16.357,-0.28417,0.26025,0.96191,21.33
$MAG,52610.593,-0.265,-0.768,-0.679,19.8
$BARO,52610.654,70045.17,21.97
$IMU,52610.660,-7.751,11.962,12.023,-0.19335,0.25341,0.97314,21.35
$MAG,52610.693,-0.265,-0.754,-0.685,20.0
$IMU,52610.735,-7.751,13.000,8.178,-0.20605,0.27685,0.84179,21.37
$VBAT,52610.752,3.932
$BARO,52610.756,70052.70,21.98
$MAG,52610.794,-0.265,-0.759,-0.682,19.8
$IMU,52610.810,-1.892,16.479,7.568,-0.24316,0.27490,0.92871,21.33
$BARO,52610.857,70047.53,21.97
$IMU,52610.885,0.671,17.028,9.033,-0.27929,0.32226,0.93017,21.38
$MAG,52610.894,-0.262,-0.759,-0.675,19.9
$BARO,52610.959,70043.14,21.98
$IMU,52610.960,2.258,7.324,7.141,-0.29980,0.36035,0.91992,21.38
$HUM,52610.992,34.5,22.3
$MAG,52610.995,-0.268,-0.763,-0.666,19.9
$IMU,52611.035,-1.098,-1.525,6.652,-0.20166,0.30712,0.86669,21.33
$BARO,52611.060,70044.56,21.98
$MAG,52611.095,-0.261,-0.762,-0.678,19.7
$IMU,52611.110,-1.464,1.525,1.953,-0.24804,0.37646,0.98486,21.36
$BARO,52611.162,70044.17,21.97
$IMU,52611.185,-3.845,-7.446,-8.666,-0.36083,0.37304,0.96484,21.36
$MAG,52611.196,-0.268,-0.756,-0.667,19.9
$IMU,52611.260,-0.427,-21.423,0.000,-0.27880,0.34423,1.03369,21.40
$BARO,52611.264,70050.70,21.98
$MAG,52611.296,-0.270,-0.763,-0.669,19.9
$IMU,52611.335,-5.187,-10.925,4.638,-0.23876,0.25341,0.99121,21.38
$BARO,52611.365,70043.34,21.99
$MAG,52611.397,-0.268,-0.759,-0.666,19.9
$IMU,52611.410,-0.976,-7.324,5.126,-0.05078,0.18750,0.87158,21.40
$BARO,52611.467,70045.92,21.99
$IMU,52611.485,13.427,-8.544,12.207,0.08398,0.23876,1.00439,21.41
$MAG,52611.497,-0.289,-0.777,-0.646,19.9
$IMU,52611.560,6.042,-4.211,12.695,-0.05175,0.31347,1.10986,21.37
$BARO,52611.568,70054.50,21.98
$MAG,52611.598,-0.289,-0.771,-0.663,19.8
$IMU,52611.635,-8.483,-4.760,7.934,-0.01513,0.26757,0.90673,21.41
$BARO,52611.670,70042.53,21.99
$MAG,52611.698,-0.292,-0.772,-0.661,19.8
$IMU,52611.710,-1.586,-2.624,10.009,0.00878,0.28710,0.93505,21.39
$TIME,52611.715,440785.000,2364
$VBAT,52611.752,3.937
$BARO,52611.771,70043.73,21.99
$IMU,52611.785,1.037,-2.014,3.662,-0.04492,0.35302,0.93554,21.40
$MAG,52611.798,-0.301,-0.781,-0.655,20.0
$IMU,52611.861,-5.920,-3.845,0.061,-0.01611,0.33398,0.90429,21.42
$BARO,52611.873,70048.29,22.00
$MAG,52611.899,-0.309,-0.771,-0.666,19.8
$IMU,52611.936,-8.544,8.361,9.521,-0.11425,0.34375,0.94775,21.37
$BARO,52611.974,70046.70,22.00
$MAG,52611.999,-0.309,-0.772,-0.666,19.9
$HUM,52612.006,34.5,22.3
$IMU,52612.011,-11.474,11.169,19.226,0.03027,0.32617,0.98925,21.40
$BARO,52612.076,70051.06,22.00
$IMU,52612.086,-6.958,19.226,24.047,-0.01220,0.40234,0.87988,21.41
$MAG,52612.100,-0.315,-0.771,-0.670,19.8
$IMU,52612.161,-1.220,17.944,13.061,-0.01318,0.35791,0.84423,21.37
$BARO,52612.178,70054.04,22.01
$MAG,52612.200,-0.324,-0.763,-0.676,19.8
$IMU,52612.236,-0.976,20.263,4.089,-0.15527,0.21533,1.14111,21.41
$BARO,52612.279,70049.87,22.01
$MAG,52612.301,-0.315,-0.762,-0.688,19.9
$IMU,52612.311,-7.751,14.526,4.333,-0.25585,0.18652,1.06835,21.41
$BARO,52612.381,70049.87,22.01
$IMU,52612.386,-18.493,-4.577,7.446,-0.24365,0.12402,1.00634,21.37
$MAG,52612.401,-0.333,-0.759,-0.693,19.8
$IMU,52612.461,-10.559,-5.310,11.596,-0.17236,0.13720,0.95947,21.41
$BARO,52612.482,70047.68,22.01
$MAG,52612.502,-0.343,-0.765,-0.697,19.8
$IMU,52612.536,0.976,-2.746,10.070,-0.27246,0.27880,0.97851,21.40
$BARO,52612.584,70051.84,22.01
$MAG,52612.602,-0.336,-0.769,-0.696,19.9
$IMU,52612.611,-0.610,-8.605,2.075,-0.15576,0.24267,0.95556,21.42
$BARO,52612.685,70052.84,22.01
$IMU,52612.686,5.187,2.136,6.286,-0.19824,0.27050,0.90917,21.40
$MAG,52612.702,-0.346,-0.763,-0.690,20.0
$TIME,52612.715,440786.000,2364
$VBAT,52612.752,3.929
$IMU,52612.761,6.774,0.122,7.141,-0.21875,0.30078,0.90527,21.42
$BARO,52612.787,70049.46,22.01
$MAG,52612.803,-0.355,-0.765,-0.699,19.8
$IMU,52612.836,2.868,-2.441,7.568,-0.23144,0.30957,0.92089,21.45
$BARO,52612.889,70055.43,22.01
$MAG,52612.903,-0.357,-0.768,-0.699,20.0
$IMU,52612.911,2.441,-1.464,6.713,-0.20410,0.31347,0.89648,21.43
$IMU,52612.986,6.713,-1.953,5.798,-0.19970,0.32763,0.94140,21.44
$BARO,52612.990,70041.68,22.02
$MAG,52613.004,-0.372,-0.771,-0.681,19.8
$HUM,52613.020,34.6,22.3
$IMU,52613.061,7.995,-10.498,4.455,-0.19384,0.36914,1.00097,21.38
$BARO,52613.092,70039.29,22.02
$MAG,52613.104,-0.369,-0.771,-0.682,19.9
$IMU,52613.136,8.117,-17.639,1.098,-0.11865,0.40722,0.97412,21.40
$BARO,52613.193,70050.04,22.02
$MAG,52613.205,-0.361,-0.789,-0.676,19.9
$IMU,52613.211,11.352,-13.366,-6.835,-0.07763,0.39794,1.11621,21.43
$IMU,52613.287,-0.183,-2.807,-10.986,0.00976,0.16259,1.03906,21.40
$BARO,52613.295,70052.82,22.02
$MAG,52613.305,-0.361,-0.796,-0.675,19.9
$IMU,52613.362,13.977,4.333,5.371,0.12597,0.23339,0.84814,21.43
$BARO,52613.396,70055.79,22.03
$MAG,52613.406,-0.375,-0.802,-0.661,20.0
$IMU,52613.437,21.484,-4.333,9.216,0.02001,0.42871,1.09277,21.42
$BARO,52613.498,70044.07,22.03
$MAG,52613.506,-0.379,-0.793,-0.669,19.9
$IMU,52613.512,-3.723,-3.051,4.821,0.04248,0.29003,0.82421,21.45
$IMU,52613.587,7.263,8.789,10.742,0.03906,0.34472,0.84130,21.45
$BARO,52613.600,70045.43,22.03
$MAG,52613.606,-0.379,-0.805,-0.657,20.0
$IMU,52613.662,8.178,9.765,9.155,0.03857,0.44628,0.90380,21.49
$BARO,52613.701,70044.26,22.03
$MAG,52613.707,-0.391,-0.792,-0.667,20.0
$TIME,52613.715,440787.000,2364
$IMU,52613.737,-6.835,5.554,5.432,0.05273,0.42675,0.86083,21.48
$VBAT,52613.753,3.937
$BARO,52613.803,70047.43,22.03
$MAG,52613.807,-0.382,-0.793,-0.667,19.8
$IMU,52613.812,-5.920,6.713,4.882,0.02148,0.45800,0.92529,21.51
$IMU,52613.887,-2.868,11.840,1.464,-0.01220,0.48193,0.94091,21.44
$BARO,52613.904,70062.13,22.04
$MAG,52613.908,-0.378,-0.798,-0.670,20.0
$IMU,52613.962,0.122,14.099,1.342,-0.05908,0.50048,1.00097,21.47
$BARO,52614.006,70050.80,22.04
$MAG,52614.008,-0.376,-0.795,-0.673,19.9
$HUM,52614.034,34.5,22.4
$IMU,52614.037,0.488,8.117,1.098,-0.06982,0.39990,1.10498,21.42
$BARO,52614.107,70041.46,22.04
$MAG,52614.109,-0.376,-0.804,-0.669,20.0
$IMU,52614.112,2.624,-0.122,-0.793,-0.11718,0.31298,0.97753,21.49
$IMU,52614.187,4.882,-3.601,4.882,-0.15380,0.29394,0.84179,21.46
$BARO,52614.209,70045.02,22.04
$MAG,52614.209,-0.376,-0.799,-0.661,19.9
$IMU,52614.262,3.234,-1.892,10.192,-0.13525,0.29833,0.96875,21.51
$MAG,52614.309,-0.385,-0.799,-0.670,19.8
$BARO,52614.310,70039.63,22.05
$IMU,52614.337,0.732,-1.831,1.281,-0.12353,0.38769,0.83935,21.50
$MAG,52614.410,-0.382,-0.796,-0.672,20.0
$BARO,52614.412,70042.44,22.05
$IMU,52614.412,-1.831,-6.225,-2.807,-0.13134,0.40332,0.91113,21.47
$IMU,52614.487,-2.685,-5.920,-4.760,-0.13378,0.37304,0.90136,21.49
$MAG,52614.510,-0.387,-0.801,-0.657,20.0
$BARO,52614.514,70047.99,22.05
$IMU,52614.562,6.835,-1.281,-0.793,-0.15820,0.42041,0.87304,21.47
$MAG,52614.611,-0.388,-0.807,-0.658,19.9
$BARO,52614.615,70049.58,22.05
$IMU,52614.638,9.399,-3.784,1.342,-0.13818,0.46191,0.91699,21.49
$MAG,52614.711,-0.391,-0.802,-0.664,19.8
$IMU,52614.713,2.563,-3.295,2.624,-0.17480,0.47753,0.94775,21.46
$TIME,52614.715,440788.000,2364
$BARO,52614.717,70047.99,22.05
$VBAT,52614.754,3.924
$IMU,52614.788,-0.610,-6.652,1.953,-0.08056,0.47998,0.91601,21.47
$MAG,52614.812,-0.396,-0.816,-0.639,20.0
$BARO,52614.818,70046.58,22.06
$IMU,52614.863,3.112,-6.652,2.624,-0.05273,0.50634,1.00585,21.49
$MAG,52614.912,-0.400,-0.805,-0.655,19.9
$BARO,52614.920,70043.61,22.06
$IMU,52614.938,-6.469,-5.676,-4.211,-0.08105,0.33154,1.07568,21.51
$MAG,52615.013,-0.400,-0.804,-0.661,19.8
$IMU,52615.013,-6.408,-3.662,-1.281,0.12695,0.24414,0.78564,21.54
$BARO,52615.021,70051.55,22.06
$HUM,52615.048,34.5,22.4
$IMU,52615.088,9.887,8.422,6.103,-0.00097,0.41162,1.06152,21.46
$MAG,52615.113,-0.388,-0.799,-0.648,20.0
$BARO,52615.123,70044.39,22.06
$IMU,52615.163,-6.652,2.075,-10.314,-0.06396,0.40234,0.92724,21.50
$MAG,52615.213,-0.402,-0.802,-0.666,19.8
$BARO,52615.225,70051.36,22.06
$IMU,52615.238,-16.967,-11.047,0.427,0.01757,0.33642,0.82324,21.47
$IMU,52615.313,-8.544,-13.427,11.352,-0.00488,0.42822,0.91162,21.49
$MAG,52615.314,-0.409,-0.798,-0.672,20.0
$BARO,52615.326,70037.61,22.07
$IMU,52615.388,-15.197,-21.484,7.019,-0.02148,0.48779,0.91503,21.50
$MAG,52615.414,-0.433,-0.783,-0.675,19.9
$BARO,52615.428,70050.94,22.07
$IMU,52615.463,-25.207,-36.071,4.394,0.13037,0.40478,0.97705,21.49
$MAG,52615.515,-0.454,-0.778,-0.688,20.0
$BARO,52615.529,70044.39,22.07
$IMU,52615.538,-21.667,-23.986,8.300,0.19921,0.36767,0.95800,21.53
$IMU,52615.613,-7.385,-0.305,23.620,0.19580,0.33593,1.06542,21.50
$MAG,52615.615,-0.472,-0.766,-0.688,19.9
$BARO,52615.631,70048.75,22.07
$IMU,52615.688,0.671,10.559,46.752,0.11865,0.45898,1.06347,21.49
$TIME,52615.715,440788.000,2364
$MAG,52615.716,-0.508,-0.733,-0.703,19.9
$BARO,52615.732,70056.11,22.08
$VBAT,52615.754,3.929
$IMU,52615.763,-11.962,0.549,65.673,0.14062,0.34667,0.96679,21.52
$MAG,52615.816,-0.574,-0.676,-0.702,20.0
$BARO,52615.834,70045.36,22.08
$IMU,52615.838,-16.357,-12.939,84.899,0.08056,0.05322,0.85644,21.51
$IMU,52615.913,-0.976,-37.292,89.721,0.25048,-0.09472,0.94238,21.52
$MAG,52615.916,-0.643,-0.616,-0.670,20.0
$BARO,52615.936,70042.56,22.08
$IMU,52615.989,3.540,-32.348,72.631,0.36914,-0.14257,0.96679,21.50
$MAG,52616.017,-0.670,-0.577,-0.660,20.0
$BARO,52616.037,70046.34,22.08
$HUM,52616.062,34.5,22.4
$IMU,52616.064,10.253,-12.023,37.292,0.35253,-0.18457,0.87646,21.48
$MAG,52616.117,-0.669,-0.597,-0.639,19.9
$BARO,52616.139,70041.97,22.08
$IMU,52616.139,57.617,0.915,9.033,0.40722,0.06250,0.94531,21.54
$IMU,52616.214,82.092,30.212,1.464,0.33642,0.27148,0.83203,21.51
$MAG,52616.218,-0.654,-0.612,-0.640,20.0
$BARO,52616.240,70049.72,22.09
$IMU,52616.289,87.707,48.767,-4.882,0.15332,0.47167,0.70507,21.55
$MAG,52616.318,-0.645,-0.657,-0.624,20.0
$BARO,52616.342,70050.11,22.09
$IMU,52616.364,92.041,37.658,-23.559,-0.06933,0.87988,0.69287,21.49
$MAG,52616.419,-0.615,-0.703,-0.585,20.0
$IMU,52616.439,56.091,-4.577,-44.311,-0.01904,1.33203,0.70361,21.53
$BARO,52616.443,70051.31,22.09
$IMU,52616.514,-38.940,-25.512,-11.169,0.07568,1.08593,0.64697,21.50
$MAG,52616.519,-0.622,-0.670,-0.622,20.0
$BARO,52616.545,70043.34,22.10
$IMU,52616.589,-124.511,-13.488,28.076,0.03417,0.45751,0.64111,21.52
$MAG,52616.619,-0.643,-0.601,-0.682,20.0
$BARO,52616.646,70044.73,22.09
$IMU,52616.664,-151.123,-18.554,23.864,0.35546,-0.11083,0.62353,21.50
$TIME,52616.715,440790.000,2364
$MAG,52616.720,-0.651,-0.517,-0.733,20.0
$IMU,52616.739,-142.150,-7.629,25.146,0.38378,-0.49218,0.58593,21.53
$BARO,52616.748,70045.12,22.10
$VBAT,52616.757,3.935
$IMU,52616.814,-88.134,-18.615,-5.981,0.48095,-0.72998,0.97851,21.55
$MAG,52616.820,-0.664,-0.508,-0.724,20.0
$BARO,52616.850,70048.11,22.10
$IMU,52616.889,-17.028,-24.475,-41.870,0.82128,-0.36865,1.19921,21.52
$MAG,52616.921,-0.643,-0.538,-0.730,19.8
$BARO,52616.951,70038.34,22.10
$IMU,52616.964,12.207,27.893,-26.855,0.59667,-0.08886,1.28955,21.58
$MAG,52617.021,-0.610,-0.561,-0.766,20.0
$IMU,52617.039,17.578,52.124,-11.840,0.05322,0.11132,0.88378,21.54
$BARO,52617.053,70047.70,22.10
$HUM,52617.076,34.5,22.4
$IMU,52617.114,4.699,1.586,-19.226,-0.00146,0.43408,0.91064,21.53
$MAG,52617.121,-0.606,-0.565,-0.754,20.0
$BARO,52617.154,70048.09,22.11
$IMU,52617.189,-36.743,-43.395,-35.705,-0.02783,0.00390,0.87597,21.56
$MAG,52617.222,-0.639,-0.568,-0.699,20.0
$BARO,52617.256,70051.26,22.11
$IMU,52617.264,-34.240,-81.787,-42.358,0.36523,-0.28808,0.89062,21.58
$MAG,52617.322,-0.658,-0.570,-0.654,20.0
$IMU,52617.340,-16.723,-78.613,-10.070,0.56591,-0.19140,0.97265,21.56
$BARO,52617.357,70049.28,22.11
$IMU,52617.415,-38.757,-49.560,15.869,0.85791,-0.27148,0.68164,21.56
$MAG,52617.423,-0.678,-0.543,-0.651,20.0
$BARO,52617.459,70042.09,22.11
$IMU,52617.490,-57.739,-0.244,31.188,0.57177,-0.16845,0.43994,21.59
$MAG,52617.523,-0.681,-0.529,-0.660,19.9
$BARO,52617.560,70050.06,22.12
$IMU,52617.565,-53.527,-11.779,-24.719,0.35449,-0.47119,0.57080,21.58
$MAG,52617.624,-0.693,-0.541,-0.607,19.9
$IMU,52617.640,-17.639,-72.692,-35.095,0.79345,-0.71337,0.52294,21.56
$BARO,52617.662,70046.29,22.12
$TIME,52617.715,440791.000,2364
$IMU,52617.715,45.288,-61.584,5.554,0.95898,-0.46289,0.61718,21.56
$MAG,52617.724,-0.708,-0.532,-0.561,19.9
$VBAT,52617.758,3.935
$BARO,52617.764,70051.04,22.12
$IMU,52617.790,46.325,-12.023,32.714,0.72509,-0.05126,0.78662,21.54
$MAG,52617.824,-0.715,-0.511,-0.549,19.9
$BARO,52617.865,70047.68,22.12
$IMU,52617.865,19.531,10.559,11.108,0.69335,-0.18701,0.71337,21.59
$MAG,52617.925,-0.702,-0.526,-0.544,20.0
$IMU,52617.940,9.765,-2.746,-5.126,0.66992,-0.11425,0.90673,21.60
$BARO,52617.967,70044.87,22.12
$IMU,52618.015,-5.859,-18.371,-20.385,0.74169,-0.12060,0.79785,21.56
$MAG,52618.025,-0.705,-0.540,-0.532,20.0
$BARO,52618.068,70048.85,22.13
$HUM,52618.090,34.5,22.5
$IMU,52618.090,-21.179,-29.235,-5.737,0.70458,-0.09765,0.65087,21.54
$MAG,52618.126,-0.712,-0.522,-0.505,20.0
$IMU,52618.165,-45.410,-42.846,13.061,0.75292,-0.39550,0.51855,21.56
$BARO,52618.170,70043.68,22.13
$MAG,52618.226,-0.712,-0.526,-0.466,20.0
$IMU,52618.240,-41.198,-48.278,2.319,0.92968,-0.48437,0.24316,21.58
$BARO,52618.271,70049.85,22.13
$IMU,52618.315,-26.062,-24.047,-35.888,1.04589,-0.44384,0.11328,21.62
$MAG,52618.326,-0.691,-0.568,-0.477,20.0
$BARO,52618.373,70048.85,22.13
$IMU,52618.390,6.408,21.484,-32.531,0.96142,-0.45166,0.27197,21.56
$MAG,52618.427,-0.685,-0.580,-0.495,19.9
$IMU,52618.465,24.230,39.062,-24.169,0.76318,-0.33203,0.35888,21.58
$BARO,52618.475,70049.04,22.13
$MAG,52618.527,-0.670,-0.601,-0.507,19.9
$IMU,52618.540,16.174,22.094,-34.606,0.70751,0.05224,0.63720,21.57
$BARO,52618.576,70054.40,22.14
$IMU,52618.615,-6.835,9.155,-11.047,0.66992,0.13916,0.50244,21.61
$MAG,52618.628,-0.666,-0.597,-0.519,19.8
$BARO,52618.678,70055.21,22.13
$IMU,52618.691,-41.748,11.291,13.366,0.93750,-0.10253,0.24658,21.60
$TIME,52618.715,440792.000,2364
$MAG,52618.728,-0.676,-0.549,-0.561,20.0
$IMU,52618.766,-28.259,54.687,57.800,1.13183,-0.23681,0.40039,21.59
$VBAT,52618.774,3.921
$BARO,52618.779,70038.46,22.14
$MAG,52618.829,-0.663,-0.465,-0.694,20.0
$IMU,52618.841,-4.333,128.112,110.412,0.76367,-0.37939,0.65869,21.63
$BARO,52618.881,70044.24,22.14
$IMU,52618.916,1.159,138.061,92.895,-0.00195,-0.39355,0.85449,21.56
$MAG,52618.929,-0.609,-0.421,-0.763,20.0
$BARO,52618.982,70049.02,22.14
$IMU,52618.991,-6.286,52.246,37.414,-0.02246,-0.54785,0.98388,21.58
$MAG,52619.029,-0.619,-0.399,-0.757,20.0
$IMU,52619.066,-18.554,-16.845,14.526,0.26025,-0.70019,0.80126,21.61
$BARO,52619.084,70052.40,22.14
$HUM,52619.104,34.4,22.5
$MAG,52619.130,-0.630,-0.379,-0.753,19.8
$IMU,52619.141,-2.014,-17.089,22.705,0.44873,-0.46142,0.85107,21.63
$BARO,52619.185,70052.77,22.15
$IMU,52619.216,-7.568,19.165,36.437,0.23144,-0.50537,0.79394,21.64
$MAG,52619.230,-0.612,-0.354,-0.759,19.9
$BARO,52619.287,70048.21,22.15
$IMU,52619.291,-11.596,22.338,21.179,0.09521,-0.60644,0.72460,21.64
$MAG,52619.331,-0.606,-0.342,-0.766,20.0
$IMU,52619.366,-2.990,8.483,4.333,0.17382,-0.50781,0.82275,21.58
$BARO,52619.388,70044.41,22.15
$MAG,52619.431,-0.610,-0.334,-0.774,19.9
$IMU,52619.441,-11.596,3.417,0.610,0.08886,-0.58398,0.80419,21.59
$BARO,52619.490,70055.96,22.15
$IMU,52619.516,-11.108,-9.460,-14.526,0.18212,-0.64697,0.79052,21.59
$MAG,52619.532,-0.612,-0.336,-0.765,20.0
$IMU,52619.591,-4.516,-5.065,-17.517,0.32373,-0.60742,0.79589,21.65
$BARO,52619.592,70045.60,22.16
$MAG,52619.632,-0.603,-0.343,-0.769,20.0
$IMU,52619.666,-0.610,19.226,-5.310,0.20654,-0.51757,0.81103,21.62
$BARO,52619.693,70048.77,22.16
$TIME,52619.715,440792.000,2364
$MAG,52619.732,-0.588,-0.346,-0.789,20.0
$IMU,52619.741,-3.051,25.512,-7.263,0.11279,-0.53076,0.79003,21.62
$VBAT,52619.776,3.922
$BARO,52619.795,70046.80,22.16
$IMU,52619.816,-4.211,12.573,-15.747,0.12207,-0.49023,0.83447,21.64
$MAG,52619.833,-0.583,-0.361,-0.792,20.0
$IMU,52619.891,-14.221,0.854,-22.216,0.23437,-0.61083,0.83105,21.65
$BARO,52619.896,70047.19,22.17
$MAG,52619.933,-0.594,-0.358,-0.787,20.0
$IMU,52619.966,-25.451,5.371,-20.263,0.30908,-0.70703,0.78808,21.61
$BARO,52619.998,70050.36,22.17
$MAG,52620.034,-0.579,-0.342,-0.811,19.9
$IMU,52620.041,-22.949,23.315,-15.563,0.30175,-0.85253,0.66992,21.63
$BARO,52620.099,70049.19,22.16
$IMU,52620.117,-4.516,34.057,-10.986,0.19238,-0.74414,0.71142,21.65
$HUM,52620.118,34.4,22.5
$MAG,52620.134,-0.546,-0.358,-0.820,20.0
$IMU,52620.192,-2.258,31.738,-14.160,0.18066,-0.71289,0.70947,21.61
$BARO,52620.201,70045.38,22.17
$MAG,52620.234,-0.534,-0.369,-0.831,20.0
$IMU,52620.267,10.925,19.409,-11.047,0.07812,-0.63183,0.73925,21.63
$BARO,52620.302,70055.74,22.17
$MAG,52620.335,-0.529,-0.387,-0.838,19.9
$IMU,52620.342,15.991,5.493,-19.165,0.20849,-0.58740,0.79345,21.65
$BARO,52620.404,70044.58,22.17
$IMU,52620.417,19.653,5.065,-11.230,0.20068,-0.54541,0.85253,21.58
$MAG,52620.435,-0.525,-0.414,-0.838,20.0
$IMU,52620.492,23.437,5.065,-6.286,0.18212,-0.52441,0.86474,21.61
$BARO,52620.506,70048.75,22.18
$MAG,52620.536,-0.531,-0.421,-0.834,19.9
$IMU,52620.567,22.644,-0.549,-2.258,0.19775,-0.55224,0.82080,21.61
$BARO,52620.607,70036.61,22.18
$MAG,52620.636,-0.519,-0.429,-0.837,20.0
$IMU,52620.642,25.573,2.136,0.915,0.27734,-0.50000,0.81152,21.63
$BARO,52620.709,70036.39,22.18
$TIME,52620.715,440794.000,2364
$IMU,52620.717,27.709,14.770,13.122,0.15380,-0.41113,0.82812,21.65
$MAG,52620.736,-0.517,-0.459,-0.838,20.0
$IMU,52620.792,21.301,14.709,16.967,0.07080,-0.38671,0.90087,21.64
$VBAT,52620.793,3.924
$BARO,52620.810,70048.14,22.18
$MAG,52620.837,-0.522,-0.441,-0.835,20.0
$IMU,52620.867,2.441,-2.685,19.714,-0.07861,-0.50439,0.85253,21.62
$BARO,52620.912,70054.50,22.18
$MAG,52620.937,-0.550,-0.427,-0.811,19.9
$IMU,52620.942,-0.976,-35.888,12.329,0.06640,-0.48046,0.87792,21.66
$BARO,52621.013,70046.14,22.18
$IMU,52621.017,-0.427,-46.813,11.596,0.15380,-0.48974,0.86035,21.64
$MAG,52621.038,-0.573,-0.421,-0.790,20.0
$IMU,52621.092,5.493,-32.226,6.164,0.31396,-0.40527,0.91503,21.64
$BARO,52621.115,70050.33,22.19
$HUM,52621.132,34.4,22.5
$MAG,52621.138,-0.577,-0.417,-0.783,20.0
$IMU,52621.167,-1.586,0.610,16.723,0.20996,-0.47509,0.86523,21.65
$BARO,52621.217,70051.92,22.19
$MAG,52621.239,-0.571,-0.415,-0.789,20.0
$IMU,52621.242,1.647,10.314,19.653,0.07763,-0.46289,0.84912,21.68
$IMU,52621.317,5.798,-2.136,7.934,0.12402,-0.38769,0.89501,21.62
$BARO,52621.318,70049.31,22.19
$MAG,52621.339,-0.577,-0.420,-0.792,20.2
$IMU,52621.392,-1.159,-5.737,4.455,0.15527,-0.42089,0.88378,21.63
$BARO,52621.420,70039.17,22.19
$MAG,52621.439,-0.582,-0.412,-0.787,20.0
$IMU,52621.468,-0.244,-5.310,5.981,0.15869,-0.40283,0.92529,21.66
$BARO,52621.521,70040.36,22.19
$MAG,52621.540,-0.577,-0.417,-0.793,20.0
$IMU,52621.543,1.586,-4.089,5.065,0.18505,-0.39160,0.92773,21.62
$IMU,52621.618,5.004,0.549,5.249,0.16210,-0.38476,0.93457,21.65
$BARO,52621.623,70051.50,22.20
$MAG,52621.640,-0.580,-0.405,-0.783,20.2
$IMU,52621.693,8.605,2.441,2.502,0.15771,-0.37597,0.94970,21.67
$TIME,52621.715,440795.000,2364
$BARO,52621.725,70054.87,22.20
$MAG,52621.741,-0.580,-0.420,-0.777,20.2
$IMU,52621.768,9.155,4.211,-0.427,0.15478,-0.38330,0.96728,21.68
$VBAT,52621.795,3.934
$BARO,52621.826,70045.12,22.20
$MAG,52621.841,-0.573,-0.418,-0.790,19.9
$IMU,52621.843,2.441,3.784,-3.479,0.17822,-0.44628,0.94726,21.64
$IMU,52621.918,-2.990,6.896,-3.601,0.20166,-0.46582,0.92578,21.68
$BARO,52621.928,70045.92,22.20
$MAG,52621.942,-0.574,-0.412,-0.793,19.9
$IMU,52621.993,-3.479,5.310,-2.563,0.10644,-0.57275,0.82861,21.67
$BARO,52622.029,70044.31,22.21
$MAG,52622.042,-0.565,-0.421,-0.778,20.0
$IMU,52622.068,1.403,-9.216,-13.305,0.19824,-0.51757,0.81298,21.71
$BARO,52622.131,70044.53,22.21
$MAG,52622.143,-0.573,-0.430,-0.777,20.0
$IMU,52622.143,-0.976,-8.483,-9.765,0.33349,-0.40039,0.84960,21.67
$HUM,52622.146,34.5,22.5
$IMU,52622.218,-7.141,12.023,6.225,0.29150,-0.41748,0.80029,21.69
$BARO,52622.232,70047.70,22.21
$MAG,52622.243,-0.558,-0.420,-0.796,20.2
$IMU,52622.293,-1.892,23.498,11.413,0.12988,-0.32519,0.86669,21.68
$BARO,52622.334,70042.92,22.21
$MAG,52622.343,-0.553,-0.417,-0.799,20.0
$IMU,52622.368,-10.559,8.483,0.854,0.10205,-0.40966,0.86474,21.67
$BARO,52622.436,70044.51,22.21
$IMU,52622.443,-8.361,-15.014,-6.530,0.21826,-0.42187,0.91015,21.64
$MAG,52622.444,-0.567,-0.414,-0.802,19.9
$IMU,52622.518,-3.173,-7.934,-3.967,0.35693,-0.44287,0.91162,21.68
$BARO,52622.537,70045.09,22.21
$MAG,52622.544,-0.565,-0.411,-0.796,20.0
$IMU,52622.593,2.014,15.502,14.587,0.14062,-0.43310,0.88916,21.70
$BARO,52622.639,70047.09,22.21
$MAG,52622.645,-0.559,-0.396,-0.808,20.0
$IMU,52622.668,6.774,3.173,10.925,0.09082,-0.38183,0.88330,21.68
$TIME,52622.715,440796.000,2364
$BARO,52622.740,70049.07,22.22
$IMU,52622.743,3.295,-15.319,7.507,0.22802,-0.33593,0.93603,21.67
$MAG,52622.745,-0.568,-0.403,-0.798,20.0
$VBAT,52622.812,3.919
$IMU,52622.819,-8.361,-13.610,19.165,0.22558,-0.45263,0.93847,21.71
$BARO,52622.842,70045.29,22.21
$MAG,52622.846,-0.570,-0.388,-0.783,20.0
$IMU,52622.894,-10.803,-9.460,18.005,0.21191,-0.58300,0.92285,21.67
$BARO,52622.943,70044.09,22.22
$MAG,52622.946,-0.588,-0.367,-0.771,20.0
$IMU,52622.969,-0.793,-13.854,15.502,0.16162,-0.61474,0.88232,21.68
$IMU,52623.044,8.422,-20.568,2.624,0.18994,-0.56689,0.83789,21.67
$BARO,52623.045,70050.45,22.23
$MAG,52623.047,-0.594,-0.375,-0.763,20.0
$IMU,52623.119,14.038,-14.038,-1.220,0.13916,-0.45117,0.81591,21.67
$BARO,52623.146,70055.43,22.22
$MAG,52623.147,-0.594,-0.385,-0.756,20.0
$HUM,52623.160,34.4,22.5
$IMU,52623.194,9.582,-6.286,-0.915,0.12109,-0.36425,0.85546,21.66
$MAG,52623.247,-0.598,-0.375,-0.747,20.2
$BARO,52623.248,70044.68,22.23
$IMU,52623.269,-4.211,-0.244,2.075,0.08691,-0.39404,0.81542,21.69
$IMU,52623.344,-7.629,-3.479,5.676,0.09082,-0.36816,0.84716,21.68
$MAG,52623.348,-0.601,-0.372,-0.748,19.9
$BARO,52623.350,70047.65,22.23
$IMU,52623.419,-14.526,-2.075,3.356,0.24414,-0.44824,0.83593,21.71
$MAG,52623.448,-0.580,-0.357,-0.754,20.0
$BARO,52623.451,70033.12,22.23
$IMU,52623.494,-19.409,17.028,10.864,0.19628,-0.51123,0.82666,21.69
$MAG,52623.549,-0.583,-0.343,-0.772,20.2
$BARO,52623.553,70042.68,22.24
$IMU,52623.569,-18.127,20.507,7.263,0.08935,-0.49755,0.84667,21.70
$IMU,52623.644,-12.817,4.516,-4.638,0.13623,-0.41308,0.91210,21.68
$MAG,52623.649,-0.589,-0.339,-0.769,20.0
$BARO,52623.654,70048.43,22.24
$TIME,52623.715,440798.000,2364
$IMU,52623.719,-15.686,-6.286,-11.657,0.19873,-0.48388,0.88623,21.70
$MAG,52623.750,-0.595,-0.342,-0.771,20.2
$BARO,52623.756,70052.82,22.24
$IMU,52623.794,-16.052,0.183,-16.662,0.27099,-0.52539,0.88037,21.72
$VBAT,52623.814,3.937
$MAG,52623.850,-0.576,-0.333,-0.774,20.0
$BARO,52623.857,70043.46,22.24
$IMU,52623.869,-17.272,14.526,-12.145,0.16162,-0.52880,0.89208,21.71
$IMU,52623.944,-23.132,13.854,-16.784,0.17236,-0.64599,0.83691,21.72
$MAG,52623.951,-0.586,-0.328,-0.771,19.9
$BARO,52623.959,70043.26,22.24
$IMU,52624.019,-20.385,11.901,-17.272,0.17236,-0.74365,0.78662,21.70
$MAG,52624.051,-0.586,-0.327,-0.781,20.0
$BARO,52624.061,70045.63,22.25
$IMU,52624.094,-11.718,13.427,-16.906,0.19580,-0.81250,0.71728,21.69
$MAG,52624.152,-0.570,-0.342,-0.789,19.9
$BARO,52624.162,70051.60,22.24
$IMU,52624.170,1.464,16.540,-12.207,0.22363,-0.73046,0.72900,21.73
$HUM,52624.174,34.3,22.5
$IMU,52624.245,4.150,22.155,-3.234,0.20507,-0.65283,0.72021,21.68
$MAG,52624.252,-0.556,-0.345,-0.810,20.0
$BARO,52624.264,70046.43,22.24
$IMU,52624.320,6.164,16.174,0.244,0.10351,-0.54492,0.77148,21.73
$MAG,52624.353,-0.556,-0.351,-0.817,20.0
$BARO,52624.365,70039.46,22.25
$IMU,52624.395,6.713,-3.662,-11.657,0.21337,-0.50390,0.83056,21.68
$MAG,52624.453,-0.552,-0.358,-0.799,20.0
$BARO,52624.467,70049.82,22.25
$IMU,52624.470,8.850,-8.544,-12.329,0.34863,-0.60742,0.87158,21.74
$IMU,52624.545,16.540,0.000,-1.831,0.24609,-0.67626,0.85205,21.71
$MAG,52624.553,-0.564,-0.375,-0.814,20.0
$BARO,52624.568,70041.27,22.25
$IMU,52624.620,30.883,-6.958,-8.239,0.25537,-0.55712,0.92675,21.73
$MAG,52624.654,-0.564,-0.402,-0.801,20.2
$BARO,52624.670,70045.43,22.25
$IMU,52624.695,35.034,-15.258,-13.488,0.29248,-0.51611,1.00683,21.72
$MAG,52624.754,-0.580,-0.429,-0.783,20.2
$IMU,52624.770,23.986,-12.939,-16.296,0.27197,-0.70166,0.88427,21.75
$BARO,52624.772,70043.82,22.26
$VBAT,52624.830,3.929
$IMU,52624.845,37.109,-12.817,-16.967,0.16308,-0.48437,0.92285,21.75
$MAG,52624.855,-0.583,-0.465,-0.765,20.0
$BARO,52624.873,70046.02,22.25
$IMU,52624.920,47.180,-21.362,-26.062,0.16210,-0.33056,0.91796,21.76
$MAG,52624.955,-0.588,-0.523,-0.742,20.0
$BARO,52624.975,70047.41,22.26
$IMU,52624.995,46.447,-24.414,-35.461,0.25390,-0.23974,0.91259,21.72
$MAG,52625.056,-0.585,-0.556,-0.699,20.2
$IMU,52625.070,41.809,-16.723,-32.043,0.30664,-0.16992,0.81542,21.71
$BARO,52625.076,70043.02,22.26
$IMU,52625.145,37.719,-3.112,-31.555,0.35253,0.09619,0.88037,21.72
$MAG,52625.156,-0.576,-0.589,-0.705,20.0
$BARO,52625.178,70036.24,22.26
$HUM,52625.188,34.5,22.5
$IMU,52625.220,19.165,4.516,-29.235,0.22656,-0.00097,0.81054,21.73
$MAG,52625.256,-0.550,-0.621,-0.688,20.2
$BARO,52625.279,70041.61,22.27
$IMU,52625.295,18.371,-4.394,-41.503,0.27099,-0.08593,0.81298,21.72
$MAG,52625.357,-0.555,-0.642,-0.663,20.0
$IMU,52625.370,26.489,-16.296,-36.132,0.29248,0.07519,0.95556,21.74
$BARO,52625.381,70041.61,22.26
$IMU,52625.445,18.310,-23.620,-34.484,0.56250,0.26318,0.98583,21.70
$MAG,52625.457,-0.537,-0.666,-0.652,20.0
$BARO,52625.483,70049.77,22.27
$IMU,52625.521,-1.892,-0.549,-22.949,0.79882,0.14208,1.02734,21.75
$MAG,52625.558,-0.510,-0.670,-0.673,20.0
$BARO,52625.584,70041.61,22.26
$IMU,52625.596,-12.695,23.559,-24.414,0.46923,0.03271,1.07128,21.73
$MAG,52625.658,-0.480,-0.685,-0.687,20.2
$IMU,52625.671,-10.742,8.728,-47.668,0.40673,-0.04638,0.95703,21.74
$BARO,52625.686,70038.63,22.27
$TIME,52625.715,440798.000,2364
$IMU,52625.746,-5.310,-3.601,-49.926,0.40917,-0.00390,0.85253,21.70
$MAG,52625.759,-0.450,-0.703,-0.678,20.0
$BARO,52625.787,70048.19,22.27
$IMU,52625.821,-1.525,-1.586,-30.822,0.34326,0.34326,0.66894,21.73
$VBAT,52625.832,3.932
$MAG,52625.859,-0.438,-0.712,-0.690,20.2
$BARO,52625.889,70042.39,22.28
$IMU,52625.896,-25.634,-3.112,-10.253,0.44775,0.13525,0.77197,21.75
$MAG,52625.960,-0.442,-0.676,-0.718,20.2
$IMU,52625.971,-38.757,9.704,4.455,0.62988,-0.18896,0.91894,21.76
$BARO,52625.990,70046.77,22.28
$IMU,52626.046,-22.827,26.062,15.441,0.40917,0.09130,0.97412,21.74
$MAG,52626.060,-0.438,-0.666,-0.738,20.2
$BARO,52626.092,70049.94,22.28
$IMU,52626.121,-23.376,20.751,13.244,0.36083,-0.05029,0.92871,21.74
$MAG,52626.161,-0.411,-0.666,-0.745,20.2
$BARO,52626.194,70046.55,22.28
$IMU,52626.196,-6.896,12.756,2.380,0.31396,-0.28369,0.95751,21.71
$HUM,52626.202,34.4,22.6
$MAG,52626.261,-0.415,-0.676,-0.712,20.0
$IMU,52626.271,34.545,2.380,-9.704,0.33300,-0.08837,0.92333,21.75
$BARO,52626.295,70047.16,22.28
$IMU,52626.346,59.143,2.502,-13.671,0.42968,0.11669,0.91357,21.76
$MAG,52626.362,-0.406,-0.717,-0.685,20.0
$BARO,52626.397,70045.77,22.29
$IMU,52626.421,69.030,18.127,1.586,0.21191,0.19921,0.94238,21.75
$MAG,52626.462,-0.399,-0.738,-0.627,20.0
$IMU,52626.496,75.378,-0.976,-11.169,0.19970,0.19824,0.80957,21.79
$BARO,52626.498,70052.72,22.29
$MAG,52626.562,-0.387,-0.766,-0.574,20.2
$IMU,52626.571,74.584,-5.432,-29.602,0.25341,0.29833,0.71533,21.77
$BARO,52626.600,70044.75,22.29
$IMU,52626.646,46.081,9.948,-43.884,0.13281,1.17089,0.65576,21.77
$MAG,52626.663,-0.351,-0.772,-0.573,20.2
$BARO,52626.702,70035.81,22.29
$TIME,52626.715,440800.000,2364
$IMU,52626.721,-25.085,16.784,-2.624,0.10937,0.42285,0.90234,21.74
$MAG,52626.763,-0.364,-0.771,-0.604,20.0
$IMU,52626.796,-22.094,14.465,5.493,0.08447,0.16992,0.97460,21.77
$BARO,52626.803,70047.53,22.29
$VBAT,52626.848,3.934
$MAG,52626.864,-0.334,-0.777,-0.573,20.0
$IMU,52626.872,18.676,1.525,-22.888,0.06250,0.46777,0.90380,21.78
$BARO,52626.905,70040.19,22.29
$IMU,52626.947,22.766,-1.831,-27.160,0.04589,0.78613,0.84912,21.77
$MAG,52626.964,-0.324,-0.777,-0.571,20.0
$BARO,52627.006,70046.14,22.29
$IMU,52627.022,13.427,2.014,-17.944,0.03320,0.48388,0.87646,21.78
$MAG,52627.065,-0.310,-0.789,-0.543,20.3
$IMU,52627.097,25.268,-2.136,-20.385,0.04785,0.73583,0.78662,21.78
$BARO,52627.108,70045.53,22.30
$MAG,52627.165,-0.306,-0.777,-0.555,20.0
$IMU,52627.172,-0.915,3.906,-14.709,0.26806,0.83349,0.77685,21.75
$BARO,52627.209,70047.31,22.30
$HUM,52627.216,34.4,22.6
$IMU,52627.247,-50.354,60.180,-2.990,-0.03076,0.55859,0.73535,21.75
$MAG,52627.266,-0.280,-0.769,-0.610,20.0
$BARO,52627.311,70040.95,22.30
$IMU,52627.322,-72.998,45.837,-11.047,-0.33886,0.55273,0.81689,21.75
$MAG,52627.366,-0.274,-0.735,-0.681,20.0
$IMU,52627.397,-99.853,5.371,-1.037,-0.06494,0.13720,0.74316,21.81
$BARO,52627.412,70057.26,22.30
$MAG,52627.467,-0.262,-0.714,-0.711,20.2
$IMU,52627.472,-65.246,16.418,-0.244,-0.30810,0.17187,0.99414,21.81
$BARO,52627.514,70036.37,22.30
$IMU,52627.547,-40.466,-14.587,-24.597,-0.18164,0.13281,1.07177,21.77
$MAG,52627.567,-0.244,-0.700,-0.742,20.0
$BARO,52627.616,70047.92,22.30
$IMU,52627.622,-25.024,-31.127,-39.306,-0.03710,-0.03222,1.08691,21.76
$MAG,52627.668,-0.246,-0.694,-0.744,20.0
$IMU,52627.697,0.732,-8.850,-9.216,-0.08593,0.08496,1.00048,21.78
$TIME,52627.715,440801.000,2364
$BARO,52627.717,70052.89,22.31
$MAG,52627.768,-0.261,-0.699,-0.742,20.0
$IMU,52627.772,2.807,-13.977,-8.850,-0.02734,0.10888,1.00390,21.81
$BARO,52627.819,70046.90,22.31
$IMU,52627.847,2.258,-24.230,-9.765,0.19335,0.08886,1.03417,21.79
$VBAT,52627.850,3.935
$MAG,52627.869,-0.264,-0.699,-0.739,20.2
$BARO,52627.920,70046.73,22.31
$IMU,52627.922,0.549,0.488,-0.549,0.05566,0.07617,0.95996,21.81
$MAG,52627.969,-0.258,-0.696,-0.738,20.2
$IMU,52627.997,0.671,-4.394,0.061,0.13525,0.20263,0.94042,21.79
$BARO,52628.022,70035.56,22.32
$MAG,52628.070,-0.258,-0.696,-0.739,20.2
$IMU,52628.072,-12.451,-11.779,-6.286,0.23583,0.07373,1.03173,21.81
$BARO,52628.123,70043.53,22.32
$IMU,52628.147,-10.070,-4.211,0.061,0.20898,0.08691,1.03417,21.75
$MAG,52628.170,-0.265,-0.685,-0.751,20.0
$IMU,52628.223,-9.216,3.540,0.366,0.13671,0.12939,0.97851,21.82
$BARO,52628.225,70052.67,22.32
$HUM,52628.230,34.4,22.6
$MAG,52628.270,-0.261,-0.685,-0.754,20.2
$IMU,52628.298,-7.751,0.427,-3.723,0.23876,0.06152,1.06005,21.81
$BARO,52628.326,70043.31,22.32
$MAG,52628.371,-0.256,-0.687,-0.744,20.2
$IMU,52628.373,4.699,18.432,1.281,0.05468,0.14697,0.95361,21.79
$BARO,52628.428,70042.70,22.32
$IMU,52628.448,-4.882,6.835,-1.831,0.04345,0.03955,1.04638,21.78
$MAG,52628.471,-0.249,-0.684,-0.750,20.3
$IMU,52628.523,1.342,-8.178,-16.540,0.18945,0.01806,1.02929,21.81
$BARO,52628.530,70040.34,22.32
$MAG,52628.572,-0.237,-0.691,-0.747,20.2
$IMU,52628.598,11.474,10.620,-3.540,0.10498,0.17187,0.96582,21.80
$BARO,52628.631,70048.68,22.33
$MAG,52628.672,-0.228,-0.685,-0.736,20.2
$IMU,52628.673,0.427,14.526,3.723,-0.02392,0.12792,1.10986,21.81
$BARO,52628.733,70038.12,22.32
$IMU,52628.748,10.070,8.789,7.019,-0.00292,-0.04150,1.08105,21.78
$MAG,52628.773,-0.235,-0.700,-0.714,20.0
$IMU,52628.823,30.578,13.488,12.573,-0.02929,0.01611,1.10107,21.77
$BARO,52628.834,70039.12,22.33
$VBAT,52628.868,3.926
$MAG,52628.873,-0.232,-0.715,-0.696,20.2
$IMU,52628.898,39.611,18.371,12.207,-0.02636,-0.03222,1.01513,21.79
$BARO,52628.936,70049.87,22.33
$IMU,52628.973,66.284,27.343,10.559,-0.20312,0.17822,0.89550,21.82
$MAG,52628.974,-0.240,-0.733,-0.640,20.2
$BARO,52629.037,70037.32,22.33
$IMU,52629.048,76.660,16.235,1.525,-0.19580,0.34179,0.92919,21.81
$MAG,52629.074,-0.238,-0.765,-0.589,20.0
$IMU,52629.123,76.416,10.192,-4.821,-0.29443,0.49462,0.62304,21.79
$BARO,52629.139,70048.65,22.33
$MAG,52629.174,-0.222,-0.775,-0.541,20.2
$IMU,52629.198,58.288,-5.126,-13.183,-0.31103,0.83789,0.68212,21.77
$BARO,52629.240,70033.54,22.33
$HUM,52629.244,34.4,22.6
$IMU,52629.273,-9.582,-9.094,-3.479,-0.17919,0.62304,0.74755,21.81
$MAG,52629.275,-0.229,-0.768,-0.556,20.0
$BARO,52629.342,70043.68,22.33
$IMU,52629.348,-37.658,2.319,15.014,-0.26855,0.54101,0.83496,21.80
$MAG,52629.375,-0.240,-0.759,-0.591,20.0
$IMU,52629.423,-47.119,-6.713,24.291,-0.21484,0.54541,0.81152,21.84
$BARO,52629.444,70047.46,22.34
$MAG,52629.476,-0.270,-0.747,-0.643,20.2
$IMU,52629.498,-65.917,-20.751,25.939,-0.09472,0.40380,0.83837,21.85
$BARO,52629.545,70051.82,22.34
$IMU,52629.574,-67.016,-30.395,3.295,0.01220,0.20507,0.95751,21.78
$MAG,52629.576,-0.270,-0.723,-0.682,20.0
$BARO,52629.647,70035.71,22.34
$IMU,52629.649,-40.466,-23.376,-18.249,0.00781,0.17871,1.03955,21.82
$MAG,52629.677,-0.267,-0.715,-0.696,20.2
$TIME,52629.715,440803.000,2364
$IMU,52629.724,-23.620,-15.136,-18.920,0.00683,0.16552,1.03417,21.83
$BARO,52629.748,70045.65,22.34
$MAG,52629.777,-0.252,-0.712,-0.705,20.0
$IMU,52629.799,-8.056,-13.366,-25.268,-0.02197,0.20312,1.00927,21.84
$BARO,52629.850,70042.26,22.34
$IMU,52629.874,-3.967,-17.944,-26.794,0.05908,0.14550,1.01708,21.82
$MAG,52629.878,-0.244,-0.703,-0.694,20.2
$VBAT,52629.887,3.937
$IMU,52629.949,0.976,-11.901,-16.845,0.15087,0.08447,1.15478,21.84
$BARO,52629.951,70041.85,22.34
$MAG,52629.978,-0.244,-0.706,-0.690,20.2
$IMU,52630.024,19.836,-4.394,-13.000,0.12646,0.20751,1.09375,21.81
$BARO,52630.053,70041.46,22.34
$MAG,52630.079,-0.238,-0.721,-0.675,20.2
$IMU,52630.099,23.254,-4.089,-12.878,0.15966,0.14013,1.04052,21.86
$BARO,52630.154,70040.46,22.34
$IMU,52630.174,39.550,3.601,-8.117,0.10302,0.22607,0.96484,21.85
$MAG,52630.179,-0.238,-0.726,-0.640,20.3
$IMU,52630.249,56.457,1.831,-10.253,0.06689,0.33642,0.85498,21.86
$BARO,52630.256,70040.66,22.35
$HUM,52630.259,34.5,22.7
$MAG,52630.279,-0.222,-0.748,-0.591,20.2
$IMU,52630.324,76.110,-4.150,-13.366,0.08691,0.37255,0.78515,21.80
$BARO,52630.357,70044.43,22.35
$MAG,52630.380,-0.225,-0.765,-0.537,20.2
$IMU,52630.399,86.608,-6.530,-4.882,0.12060,0.62207,0.74462,21.85
$BARO,52630.459,70043.85,22.35
$IMU,52630.474,67.016,-4.150,4.333,0.16406,0.72851,0.64306,21.81
$MAG,52630.480,-0.231,-0.771,-0.493,20.0
$IMU,52630.549,42.480,-6.225,-5.249,0.12792,0.94726,0.62597,21.83
$BARO,52630.561,70045.41,22.36
$MAG,52630.581,-0.204,-0.769,-0.493,20.0
$IMU,52630.624,-16.296,-13.732,-19.165,0.11230,0.85546,0.62304,21.84
$BARO,52630.662,70044.63,22.36
$MAG,52630.681,-0.190,-0.765,-0.537,20.2
$IMU,52630.699,-55.236,-18.310,-12.084,0.15039,0.62255,0.73486,21.83
$TIME,52630.715,440803.000,2364
$BARO,52630.764,70040.83,22.36
$IMU,52630.774,-54.016,-17.395,-7.080,0.19091,0.58056,0.80957,21.82
$MAG,52630.782,-0.190,-0.757,-0.567,20.3
$IMU,52630.849,-55.297,-7.324,-19.165,0.25292,0.55615,0.82177,21.87
$BARO,52630.865,70048.80,22.36
$MAG,52630.882,-0.178,-0.726,-0.624,20.0
$VBAT,52630.901,3.922
$IMU,52630.925,-64.636,-2.136,-34.301,0.06787,0.47607,0.83740,21.83
$BARO,52630.967,70040.63,22.36
$MAG,52630.983,-0.145,-0.699,-0.663,20.2
$IMU,52631.000,-67.443,-23.559,-44.616,-0.01855,0.30419,0.86181,21.84
$BARO,52631.068,70039.63,22.37
$IMU,52631.075,-54.565,-55.297,-44.860,0.16552,0.31640,0.90087,21.87
$MAG,52631.083,-0.151,-0.676,-0.709,20.3
$IMU,52631.150,-50.354,-63.720,-31.555,0.31054,0.20068,0.94335,21.86
$BARO,52631.170,70049.99,22.37
$MAG,52631.183,-0.160,-0.660,-0.742,20.0
$IMU,52631.225,-37.536,-53.588,-19.714,0.42041,0.13476,0.98535,21.82
$BARO,52631.271,70044.82,22.37
$HUM,52631.273,34.5,22.7
$MAG,52631.284,-0.166,-0.640,-0.763,20.2
$IMU,52631.300,-24.719,-35.095,-12.268,0.49072,0.13427,0.97070,21.85
$BARO,52631.373,70045.80,22.37
$IMU,52631.375,-16.906,-17.211,-1.220,0.36035,0.09814,0.92187,21.83
$MAG,52631.384,-0.186,-0.634,-0.765,20.2
$IMU,52631.450,-9.460,-20.080,3.479,0.54248,0.12939,0.93017,21.86
$BARO,52631.474,70042.02,22.37
$MAG,52631.485,-0.198,-0.639,-0.769,20.2
$IMU,52631.525,-7.202,-5.615,16.723,0.39990,0.04980,0.95019,21.81
$BARO,52631.576,70042.22,22.37
$MAG,52631.585,-0.207,-0.636,-0.766,20.2
$IMU,52631.600,6.958,-4.943,21.728,0.53320,0.11816,0.89697,21.89
$IMU,52631.675,7.568,-2.258,24.291,0.47949,0.16259,0.89355,21.83
$BARO,52631.678,70040.80,22.37
$MAG,52631.686,-0.225,-0.639,-0.760,20.2
$TIME,52631.715,440804.000,2364
$IMU,52631.750,-4.516,-3.967,19.958,0.45117,0.04052,0.92480,21.83
$BARO,52631.779,70035.63,22.38
$MAG,52631.786,-0.228,-0.634,-0.771,20.2
$IMU,52631.825,-5.920,-2.441,10.620,0.40087,0.00537,0.96240,21.86
$BARO,52631.881,70041.41,22.37
$MAG,52631.887,-0.232,-0.642,-0.766,20.3
$IMU,52631.900,-0.427,-0.610,10.498,0.45947,0.05468,0.93457,21.87
$VBAT,52631.905,3.932
$IMU,52631.975,-3.234,5.004,6.164,0.33056,0.06103,0.90185,21.90
$BARO,52631.982,70042.22,22.38
$MAG,52631.987,-0.234,-0.646,-0.766,20.2
$IMU,52632.050,-10.620,1.647,0.976,0.37841,0.05322,0.90771,21.88
$BARO,52632.084,70045.38,22.38
$MAG,52632.087,-0.235,-0.633,-0.780,20.0
$IMU,52632.125,-18.127,7.751,7.263,0.37792,-0.01123,0.94042,21.87
$BARO,52632.185,70045.19,22.38
$MAG,52632.188,-0.225,-0.619,-0.786,20.5
$IMU,52632.200,-21.423,12.939,-1.037,0.31787,-0.03417,0.94042,21.87
$IMU,52632.276,-21.484,16.052,-2.563,0.32128,-0.11816,0.93750,21.86
$BARO,52632.287,70043.39,22.38
$HUM,52632.287,34.5,22.7
$MAG,52632.288,-0.220,-0.603,-0.796,20.2
$IMU,52632.351,-16.357,28.442,9.643,0.24755,-0.12841,1.02685,21.84
$BARO,52632.388,70046.58,22.38
$MAG,52632.389,-0.193,-0.603,-0.795,20.2
$IMU,52632.426,-12.451,31.555,7.873,0.26464,-0.08544,0.93359,21.88
$MAG,52632.489,-0.178,-0.597,-0.804,20.2
$BARO,52632.490,70043.39,22.39
$IMU,52632.501,-15.930,38.024,10.192,0.07031,-0.12939,0.94824,21.86
$IMU,52632.576,-21.606,27.832,5.554,0.11474,-0.12695,1.02343,21.87
$MAG,52632.590,-0.159,-0.586,-0.801,20.2
$BARO,52632.591,70039.80,22.39
$IMU,52632.651,-22.155,14.160,-0.244,0.12353,-0.33496,1.08837,21.89
$MAG,52632.690,-0.157,-0.579,-0.807,20.2
$BARO,52632.693,70042.78,22.38
$TIME,52632.715,440805.000,2364
$IMU,52632.726,-1.464,8.239,-8.178,0.14160,-0.22705,1.01171,21.88
$MAG,52632.791,-0.145,-0.580,-0.795,20.2
$BARO,52632.795,70040.39,22.39
$IMU,52632.801,4.333,6.591,-16.784,0.17871,-0.19677,0.95361,21.90
$IMU,52632.876,-0.305,15.930,-1.525,0.13964,-0.20507,0.94873,21.87
$MAG,52632.891,-0.142,-0.573,-0.790,20.4
$BARO,52632.896,70036.61,22.39
$VBAT,52632.919,3.930
$IMU,52632.951,-2.197,24.291,4.699,0.22558,-0.19531,0.97412,21.87
$MAG,52632.992,-0.115,-0.585,-0.784,20.2
$BARO,52632.998,70047.33,22.40
$IMU,52633.026,-2.868,39.428,5.554,0.05957,-0.25683,1.00683,21.85
$MAG,52633.092,-0.088,-0.588,-0.780,20.2
$BARO,52633.099,70045.56,22.40
$IMU,52633.101,3.601,39.733,2.624,-0.07861,-0.24414,1.00976,21.88
$IMU,52633.176,8.422,23.803,-3.051,-0.11523,-0.25244,0.96289,21.93
$MAG,52633.192,-0.076,-0.588,-0.768,20.2
$BARO,52633.201,70038.58,22.40
$IMU,52633.251,11.352,5.249,-5.981,-0.13330,-0.12451,0.94482,21.88
$MAG,52633.293,-0.087,-0.585,-0.768,20.3
$HUM,52633.301,34.5,22.7
$BARO,52633.302,70042.17,22.40
$IMU,52633.326,2.075,-8.605,-13.122,0.04101,-0.18994,1.00585,21.92
$MAG,52633.393,-0.066,-0.574,-0.757,20.2
$IMU,52633.401,5.737,-0.183,-12.573,-0.01513,-0.17480,1.02587,21.88
$BARO,52633.404,70048.33,22.40
$IMU,52633.476,9.338,-0.671,-16.174,-0.02246,-0.10253,0.97802,21.92
$MAG,52633.494,-0.066,-0.591,-0.769,20.2
$BARO,52633.505,70042.56,22.40
$IMU,52633.551,5.004,0.915,-12.390,-0.04785,-0.11767,0.99560,21.90
$MAG,52633.594,-0.069,-0.574,-0.771,20.3
$BARO,52633.607,70045.14,22.40
$IMU,52633.627,4.089,1.464,-8.789,0.00390,-0.09277,0.99853,21.90
$MAG,52633.695,-0.057,-0.582,-0.757,20.2
$IMU,52633.702,3.295,5.126,-6.408,-0.06347,-0.13085,1.01220,21.84
$BARO,52633.708,70049.53,22.40
$TIME,52633.715,440807.000,2364
$IMU,52633.777,5.187,1.525,-7.446,-0.07421,-0.08642,0.98388,21.92
$MAG,52633.795,-0.051,-0.582,-0.759,20.5
$BARO,52633.810,70051.11,22.41
$IMU,52633.852,1.953,-2.929,-5.065,-0.05615,-0.09570,0.98876,21.93
$MAG,52633.896,-0.058,-0.579,-0.754,20.2
$BARO,52633.911,70050.50,22.41
$VBAT,52633.923,3.922
$IMU,52633.927,-0.366,-3.173,0.671,-0.06250,-0.10546,0.99121,21.87
$MAG,52633.996,-0.058,-0.574,-0.766,20.2
$IMU,52634.002,-1.831,-5.676,1.953,-0.04199,-0.11621,1.00976,21.88
$BARO,52634.013,70038.56,22.41
$IMU,52634.077,-1.220,-6.408,1.037,-0.01757,-0.14062,1.01611,21.88
$MAG,52634.097,-0.073,-0.579,-0.759,20.2
$BARO,52634.115,70046.53,22.41
$IMU,52634.152,2.319,-5.065,1.953,-0.02050,-0.09912,0.99218,21.91
$MAG,52634.197,-0.072,-0.588,-0.763,20.2
$BARO,52634.216,70045.31,22.42
$IMU,52634.227,0.671,-6.591,0.122,-0.02392,-0.12939,1.00976,21.90
$MAG,52634.297,-0.072,-0.580,-0.771,20.2
$IMU,52634.302,1.037,-7.019,0.488,0.01904,-0.11474,0.99902,21.89
$HUM,52634.315,34.5,22.7
$BARO,52634.318,70046.92,22.41
$IMU,52634.377,2.990,-1.647,2.807,0.04882,-0.13281,1.02148,21.91
$MAG,52634.398,-0.067,-0.588,-0.768,20.0
$BARO,52634.419,70043.73,22.42
$IMU,52634.452,6.347,1.770,0.793,-0.02636,-0.08056,1.00732,21.93
$MAG,52634.498,-0.082,-0.594,-0.766,20.4
$BARO,52634.521,70048.29,22.42
$IMU,52634.527,5.920,-3.662,1.037,-0.02392,-0.06005,0.98583,21.91
$MAG,52634.599,-0.084,-0.592,-0.769,20.4
$IMU,52634.602,4.699,-7.690,-0.732,0.00000,-0.05761,1.00927,21.90
$BARO,52634.622,70038.15,22.42
$IMU,52634.677,3.723,-11.352,-2.380,0.02490,-0.02587,0.98925,21.93
$MAG,52634.699,-0.094,-0.586,-0.765,20.2
$TIME,52634.715,440808.000,2364
$BARO,52634.724,70045.90,22.42
$IMU,52634.752,-0.244,-14.831,2.075,0.04101,-0.06103,1.01318,21.90
$MAG,52634.800,-0.102,-0.595,-0.778,20.5
$BARO,52634.825,70043.09,22.42
$IMU,52634.827,0.000,-17.089,8.300,0.10839,-0.08544,1.03076,21.90
$MAG,52634.900,-0.114,-0.594,-0.784,20.2
$IMU,52634.902,4.089,-18.310,4.455,0.14404,-0.01953,0.97412,21.89
$BARO,52634.927,70044.51,22.42
$VBAT,52634.937,3.911
$IMU,52634.978,-2.868,-17.150,0.305,0.17041,-0.08203,0.97705,21.93
$MAG,52635.001,-0.126,-0.591,-0.781,20.3
$BARO,52635.028,70040.92,22.42
$IMU,52635.053,-1.281,-13.793,-2.075,0.16650,-0.07958,0.99755,21.92
$MAG,52635.101,-0.136,-0.589,-0.790,20.4
$IMU,52635.128,0.854,-14.221,-6.225,0.16992,-0.06347,1.01074,21.92
$BARO,52635.130,70048.87,22.43
$MAG,52635.202,-0.142,-0.600,-0.784,20.2
$IMU,52635.203,1.586,-10.925,-1.159,0.24902,-0.09033,1.00488,21.92
$BARO,52635.232,70044.68,22.43
$IMU,52635.278,4.760,-0.183,3.112,0.26513,-0.02832,0.96972,21.94
$MAG,52635.302,-0.141,-0.598,-0.775,20.3
$HUM,52635.329,34.5,22.7
$BARO,52635.333,70042.90,22.43
$IMU,52635.353,-0.183,8.178,8.728,0.20410,-0.02294,0.96093,21.92
$MAG,52635.402,-0.132,-0.595,-0.792,20.3
$IMU,52635.428,-6.530,8.544,5.249,0.17041,-0.12792,1.01464,21.89
$BARO,52635.435,70045.09,22.43
$MAG,52635.503,-0.132,-0.588,-0.783,20.3
$IMU,52635.503,1.647,5.432,0.488,0.15673,-0.11035,1.00488,21.91
$BARO,52635.536,70046.68,22.43
$IMU,52635.578,6.530,2.990,0.793,0.17089,-0.00976,0.95849,21.93
$MAG,52635.603,-0.129,-0.601,-0.786,20.3
$BARO,52635.638,70052.45,22.44
$IMU,52635.653,-1.342,4.638,-0.122,0.24072,-0.00146,0.96630,21.96
$MAG,52635.704,-0.124,-0.598,-0.789,20.4
$TIME,52635.715,440809.000,2364
$IMU,52635.728,-8.056,12.512,-3.356,0.10498,-0.08740,1.01757,21.94
$BARO,52635.739,70043.68,22.43
$IMU,52635.803,-5.187,6.652,-1.281,0.08837,-0.09765,1.00927,21.94
$MAG,52635.804,-0.127,-0.592,-0.784,20.2
$BARO,52635.841,70056.04,22.44
$IMU,52635.878,-0.671,1.892,2.258,0.16308,-0.11230,1.03515,21.94
$MAG,52635.905,-0.124,-0.592,-0.775,20.4
$VBAT,52635.938,3.932
$BARO,52635.942,70044.48,22.44
$IMU,52635.953,2.441,3.967,0.427,0.10302,-0.04687,0.96533,21.93
$MAG,52636.005,-0.120,-0.600,-0.778,20.4
$IMU,52636.028,-1.098,-0.305,-2.258,0.08056,-0.08984,1.02685,21.89
$BARO,52636.044,70046.07,22.44
$IMU,52636.103,2.441,-3.967,0.854,0.13916,-0.04443,1.01416,21.92
$MAG,52636.105,-0.121,-0.595,-0.783,20.2
$BARO,52636.145,70038.29,22.44
$IMU,52636.178,1.831,-2.014,4.699,0.21142,-0.00927,0.94482,21.93
$MAG,52636.206,-0.123,-0.598,-0.778,20.2
$BARO,52636.247,70042.48,22.44
$IMU,52636.253,-5.126,8.666,6.958,0.20703,-0.08496,0.99267,21.95
$MAG,52636.306,-0.112,-0.598,-0.777,20.0
$IMU,52636.329,-5.126,11.657,-6.225,0.07128,-0.09375,1.00976,21.93
$HUM,52636.343,34.6,22.8
$BARO,52636.348,70028.93,22.45
$IMU,52636.404,-5.371,7.507,-3.356,0.00195,-0.10839,1.02197,21.93
$MAG,52636.407,-0.106,-0.591,-0.786,20.2
$BARO,52636.450,70039.49,22.45
$IMU,52636.479,-1.708,2.929,5.859,0.09619,-0.08007,0.99267,21.94
$MAG,52636.507,-0.106,-0.592,-0.780,20.2
$BARO,52636.552,70042.07,22.45
$IMU,52636.554,-4.089,5.554,7.080,0.07031,-0.08203,0.98925,21.92
$MAG,52636.608,-0.108,-0.592,-0.772,20.0
$IMU,52636.629,-7.141,5.676,5.554,0.12597,-0.09716,1.01855,21.94
$BARO,52636.653,70043.46,22.45
$IMU,52636.704,-8.117,18.310,6.469,0.11181,-0.13330,1.01562,21.94
$MAG,52636.708,-0.097,-0.588,-0.778,20.2
$TIME,52636.715,440810.000,2364
$BARO,52636.755,70039.68,22.45
$IMU,52636.779,-3.051,24.658,3.234,-0.14843,-0.15332,0.99609,21.90
$MAG,52636.808,-0.088,-0.597,-0.768,20.5
$IMU,52636.854,0.976,4.882,0.122,-0.12695,-0.09375,0.95263,21.95
$BARO,52636.856,70034.68,22.45
$MAG,52636.909,-0.103,-0.585,-0.784,20.3
$IMU,52636.929,-4.638,-10.314,7.873,-0.07617,-0.13476,1.00097,21.95
$VBAT,52636.939,3.922
$BARO,52636.958,70038.27,22.45
$IMU,52637.004,-4.577,-17.944,10.803,0.07519,-0.16992,1.03320,21.97
$MAG,52637.009,-0.108,-0.592,-0.780,20.2
$BARO,52637.059,70031.71,22.45
$IMU,52637.079,0.793,-12.817,1.953,0.08447,-0.13232,0.99267,21.94
$MAG,52637.110,-0.115,-0.594,-0.784,20.3
$IMU,52637.154,-0.366,-12.084,-6.652,-0.01171,-0.11181,0.97167,21.93
$BARO,52637.161,70053.18,22.46
$MAG,52637.210,-0.124,-0.589,-0.790,20.2
$IMU,52637.229,-3.540,-20.996,-6.286,0.11865,-0.15625,1.01904,21.95
$BARO,52637.262,70043.43,22.46
$IMU,52637.304,0.244,-14.587,6.347,0.19140,-0.15136,1.00244,21.94
$MAG,52637.311,-0.129,-0.595,-0.802,20.2
$HUM,52637.357,34.6,22.8
$BARO,52637.364,70047.02,22.46
$IMU,52637.379,2.258,-4.333,6.042,0.15429,-0.13916,0.98339,21.93
$MAG,52637.411,-0.136,-0.592,-0.787,20.5
$IMU,52637.454,2.136,3.845,13.366,0.21923,-0.15185,1.01074,21.95
$BARO,52637.466,70048.21,22.46
$MAG,52637.512,-0.144,-0.604,-0.777,20.3
$IMU,52637.529,5.249,19.836,29.602,0.13330,-0.17285,1.04589,21.94
$BARO,52637.567,70044.63,22.46
$IMU,52637.604,12.939,21.545,24.353,0.08789,-0.15771,1.02978,21.96
$MAG,52637.612,-0.141,-0.621,-0.772,20.3
$BARO,52637.669,70039.44,22.47
$IMU,52637.680,19.958,23.803,22.644,0.15185,-0.10107,1.01318,21.94
$MAG,52637.713,-0.127,-0.637,-0.751,20.3
$TIME,52637.715,440811.000,2364
$IMU,52637.755,23.254,38.696,27.160,-0.01855,-0.02490,1.00292,21.95
$BARO,52637.770,70046.21,22.47
$MAG,52637.813,-0.126,-0.648,-0.730,20.3
$IMU,52637.830,23.620,33.752,19.348,-0.10107,0.02636,0.96826,21.95
$BARO,52637.872,70046.21,22.46
$IMU,52637.905,21.850,30.334,7.507,-0.20800,0.08007,0.92333,21.95
$MAG,52637.914,-0.111,-0.672,-0.724,20.4
$VBAT,52637.939,3.935
$BARO,52637.973,70049.19,22.47
$IMU,52637.980,10.437,20.446,5.798,-0.30371,0.09814,0.91210,21.94
$MAG,52638.014,-0.117,-0.666,-0.711,20.3
$IMU,52638.055,-5.859,6.286,16.418,-0.23437,0.09472,0.94140,21.96
$BARO,52638.075,70046.19,22.48
$MAG,52638.114,-0.126,-0.652,-0.723,20.2
$IMU,52638.130,-20.202,-1.037,19.592,-0.16650,0.01904,0.99853,21.94
$BARO,52638.177,70044.41,22.47
$IMU,52638.205,-13.183,-10.009,-5.554,-0.24462,-0.09179,1.05175,21.95
$MAG,52638.215,-0.121,-0.654,-0.735,20.5
$BARO,52638.278,70043.82,22.47
$IMU,52638.280,10.803,-22.399,-30.822,-0.08789,-0.00927,1.01806,21.99
$MAG,52638.315,-0.118,-0.655,-0.723,20.2
$IMU,52638.355,21.362,-3.723,-23.559,-0.10937,0.02929,0.99658,21.97
$HUM,52638.372,34.7,22.7
$BARO,52638.380,70053.57,22.47
$MAG,52638.416,-0.115,-0.670,-0.703,20.4
$IMU,52638.430,27.832,11.047,-3.479,-0.22460,0.04443,0.98388,21.97
$BARO,52638.481,70039.02,22.47
$IMU,52638.505,33.996,5.004,-4.821,-0.18115,0.09814,0.98730,21.99
$MAG,52638.516,-0.103,-0.685,-0.678,20.3
$IMU,52638.580,38.757,0.183,-21.179,-0.18750,0.25537,0.91894,21.96
$BARO,52638.583,70045.80,22.48
$MAG,52638.617,-0.082,-0.690,-0.669,20.5
$IMU,52638.655,22.949,-4.272,-35.339,-0.12597,0.30224,0.94091,21.94
$BARO,52638.684,70038.63,22.48
$TIME,52638.715,440812.000,2364
$MAG,52638.717,-0.079,-0.655,-0.664,20.4
$IMU,52638.730,-1.708,-1.525,-25.390,-0.20263,0.10644,0.99902,21.95
$BARO,52638.786,70039.41,22.48
$IMU,52638.805,4.943,-3.540,-25.939,-0.15429,0.23388,0.99511,21.98
$MAG,52638.818,-0.063,-0.663,-0.672,20.5
$IMU,52638.880,2.075,-2.197,-17.883,-0.14013,0.20947,0.99511,21.98
$BARO,52638.888,70048.19,22.48
$MAG,52638.918,-0.054,-0.657,-0.675,20.2
$VBAT,52638.940,3.921
$IMU,52638.956,-5.676,-2.075,-17.211,-0.16162,0.18896,0.99707,21.96
$BARO,52638.989,70052.36,22.48
$MAG,52639.018,-0.048,-0.658,-0.670,20.5
$IMU,52639.031,-3.112,-1.953,-10.253,-0.20117,0.10156,0.99951,21.97
$BARO,52639.091,70046.38,22.49
$IMU,52639.106,9.338,2.563,-3.479,-0.24755,0.17724,0.99169,21.97
$MAG,52639.119,-0.046,-0.654,-0.667,20.3
$IMU,52639.181,13.244,0.000,-1.647,-0.09716,0.20751,0.96875,21.95
$BARO,52639.192,70043.58,22.49
$MAG,52639.219,-0.042,-0.666,-0.655,20.3
$IMU,52639.256,14.587,7.385,6.774,-0.15625,0.21337,0.96386,21.99
$BARO,52639.294,70043.58,22.49
$MAG,52639.320,-0.049,-0.675,-0.631,20.4
$IMU,52639.331,23.437,13.549,17.150,-0.20507,0.24121,0.98242,21.97
$HUM,52639.386,34.7,22.8
$BARO,52639.395,70040.39,22.49
$IMU,52639.406,22.094,4.394,8.239,-0.05322,0.36865,0.97460,21.97
$MAG,52639.420,-0.060,-0.676,-0.615,20.2
$IMU,52639.481,7.019,-1.159,-16.296,-0.13378,0.39990,0.96728,21.97
$BARO,52639.497,70041.78,22.50
$MAG,52639.521,-0.039,-0.667,-0.625,20.5
$IMU,52639.556,1.525,-7.446,-18.127,0.02832,0.28710,0.89843,22.00
$BARO,52639.598,70034.61,22.49
$MAG,52639.621,-0.019,-0.660,-0.628,20.3
$IMU,52639.631,5.981,6.286,-29.846,-0.06152,0.37158,0.90917,21.95
$BARO,52639.700,70043.36,22.50
$IMU,52639.706,3.662,18.127,-24.597,-0.20068,0.26220,0.93408,21.96
$TIME,52639.715,440813.000,2364
$MAG,52639.721,-0.007,-0.660,-0.606,20.2
$IMU,52639.781,11.169,17.700,-14.770,-0.25195,0.35058,0.95263,21.97
$BARO,52639.801,70047.55,22.49
$MAG,52639.822,0.000,-0.661,-0.598,20.5
$IMU,52639.856,17.456,17.639,-1.464,-0.30175,0.40429,0.97167,21.98
$BARO,52639.903,70042.56,22.50
$MAG,52639.922,0.001,-0.661,-0.577,20.4
$IMU,52639.931,15.625,9.155,-4.272,-0.43017,0.46679,0.96630,21.97
$VBAT,52639.940,3.914
$BARO,52640.005,70047.55,22.50
$IMU,52640.006,0.061,-1.464,-1.770,-0.37011,0.31494,0.92333,21.96
$MAG,52640.023,-0.007,-0.664,-0.577,20.4
$IMU,52640.081,10.681,4.272,28.442,-0.32226,0.16308,0.85498,21.97
$BARO,52640.106,70040.56,22.50
$MAG,52640.123,-0.018,-0.678,-0.552,20.5
$IMU,52640.156,33.264,9.704,29.235,-0.29150,0.40625,0.83593,21.97
$BARO,52640.208,70049.53,22.50
$MAG,52640.224,-0.027,-0.691,-0.540,20.3
$IMU,52640.231,23.254,13.488,15.625,-0.35449,0.52099,0.83203,22.00
$IMU,52640.307,9.887,12.145,0.366,-0.39501,0.41552,0.75292,21.99
$BARO,52640.309,70047.53,22.51
$MAG,52640.324,-0.021,-0.682,-0.526,20.4
$IMU,52640.382,15.258,6.713,-9.216,-0.41064,0.43457,0.75585,21.99
$HUM,52640.400,34.7,22.8
$BARO,52640.411,70043.14,22.51
$MAG,52640.425,-0.007,-0.682,-0.531,20.4
$IMU,52640.457,20.141,-1.403,-19.104,-0.50634,0.54003,0.77978,21.99
$BARO,52640.512,70041.75,22.51
$MAG,52640.525,-0.006,-0.678,-0.511,20.4
$IMU,52640.532,15.075,-11.901,-12.573,-0.40966,0.56982,0.76220,21.99
$IMU,52640.607,3.662,-11.169,-15.014,-0.38964,0.50146,0.76806,22.02
$BARO,52640.614,70045.95,22.51
$MAG,52640.626,0.000,-0.661,-0.520,20.2
$IMU,52640.682,1.098,-8.422,-15.563,-0.42041,0.53710,0.77490,21.99
$BARO,52640.715,70045.14,22.51
$TIME,52640.715,440814.000,2364
$MAG,52640.726,-0.006,-0.675,-0.523,20.5
$IMU,52640.757,8.361,-1.464,-2.197,-0.45166,0.53173,0.71191,21.96
$BARO,52640.817,70041.73,22.52
$MAG,52640.826,-0.003,-0.667,-0.511,20.3
$IMU,52640.832,15.075,-3.479,4.211,-0.51855,0.55419,0.73828,21.97
$IMU,52640.907,22.521,-9.460,15.625,-0.46289,0.67333,0.80273,21.97
$BARO,52640.918,70045.53,22.51
$MAG,52640.927,-0.009,-0.679,-0.502,20.5
$VBAT,52640.941,3.926
$IMU,52640.982,12.207,-25.451,28.747,-0.16308,0.50585,0.75390,21.99
$BARO,52641.020,70044.12,22.52
$MAG,52641.027,-0.033,-0.679,-0.511,20.5
$IMU,52641.057,14.587,-14.648,20.263,-0.20166,0.61328,0.74414,22.01
$BARO,52641.121,70050.70,22.51
$MAG,52641.128,-0.030,-0.684,-0.507,20.5
$IMU,52641.132,11.108,-14.343,5.615,-0.16552,0.67578,0.75000,21.99
$IMU,52641.207,0.976,-14.038,2.380,-0.11132,0.64453,0.75537,21.99
$BARO,52641.223,70044.73,22.52
$MAG,52641.228,-0.040,-0.687,-0.504,20.4
$IMU,52641.282,-2.075,-7.568,-9.094,-0.11523,0.61181,0.79003,21.98
$BARO,52641.325,70044.92,22.52
$MAG,52641.329,-0.027,-0.672,-0.510,20.2
$IMU,52641.357,-3.601,-5.920,-18.859,-0.22265,0.63574,0.78759,22.00
$HUM,52641.414,34.6,22.8
$BARO,52641.426,70048.70,22.52
$MAG,52641.429,-0.007,-0.660,-0.519,20.5
$IMU,52641.432,-4.577,-11.230,-22.033,-0.09667,0.65966,0.78662,22.01
$IMU,52641.507,-7.873,-6.042,-18.371,-0.08593,0.55664,0.81152,22.01
$BARO,52641.528,70045.73,22.51
$MAG,52641.530,-0.004,-0.663,-0.523,20.4
$IMU,52641.582,-12.268,-2.075,-7.995,-0.40087,0.62304,0.84179,22.01
$BARO,52641.629,70039.92,22.52
$MAG,52641.630,-0.007,-0.661,-0.523,20.5
$IMU,52641.658,0.427,-4.150,3.295,-0.09179,0.41992,0.74072,21.98
$TIME,52641.715,440814.000,2364
$MAG,52641.730,-0.018,-0.663,-0.511,20.5
$BARO,52641.731,70041.73,22.52
$IMU,52641.733,26.062,12.512,14.953,-0.36718,0.72705,0.77734,21.99
$IMU,52641.808,9.277,-11.169,26.245,-0.19335,0.77880,0.78906,21.98
$MAG,52641.831,-0.028,-0.673,-0.516,20.5
$BARO,52641.832,70042.12,22.52
$IMU,52641.883,-7.507,-22.399,27.587,0.21582,0.49707,0.76367,22.01
$MAG,52641.931,-0.036,-0.676,-0.510,20.5
$BARO,52641.934,70049.28,22.52
$VBAT,52641.953,3.927
$IMU,52641.958,2.014,0.854,-0.366,0.08203,0.67089,0.78369,21.99
$MAG,52642.032,-0.033,-0.681,-0.507,20.5
$IMU,52642.033,-2.136,11.657,-8.239,-0.00927,0.67578,0.80273,22.04
$BARO,52642.035,70043.70,22.53
$IMU,52642.108,-12.512,7.263,-15.747,-0.14697,0.52294,0.79150,21.99
$MAG,52642.132,-0.027,-0.670,-0.520,20.2
$BARO,52642.137,70050.87,22.53
$IMU,52642.183,-2.014,5.554,-10.742,-0.10937,0.67773,0.82470,21.99
$MAG,52642.233,-0.010,-0.660,-0.514,20.4
$BARO,52642.239,70039.51,22.53
$IMU,52642.258,-4.760,-0.732,-9.887,-0.16455,0.68750,0.80517,21.99
$MAG,52642.333,-0.028,-0.670,-0.522,20.5
$IMU,52642.333,-5.310,-3.234,1.770,-0.18457,0.63037,0.73974,22.01
$BARO,52642.340,70041.12,22.53
$IMU,52642.408,7.324,17.150,7.019,-0.29296,0.73730,0.74902,21.99
$HUM,52642.428,34.6,22.8
$MAG,52642.434,-0.022,-0.669,-0.514,20.5
$BARO,52642.442,70044.68,22.53
$IMU,52642.483,-1.770,5.859,6.164,-0.45996,0.55517,0.86425,22.00
$MAG,52642.534,-0.036,-0.681,-0.517,20.5
$BARO,52642.543,70050.28,22.53
$IMU,52642.558,17.395,-27.282,25.451,0.12646,0.43457,0.76074,22.03
$IMU,52642.633,10.925,-4.760,0.488,-0.02148,0.92382,0.68408,22.05
$MAG,52642.634,-0.022,-0.670,-0.522,20.4
$BARO,52642.645,70040.90,22.53
$IMU,52642.708,-42.419,3.112,-50.903,-0.15576,0.38623,0.68847,22.00
$TIME,52642.715,440816.000,2364
$MAG,52642.735,0.012,-0.642,-0.543,20.5
$BARO,52642.746,70044.09,22.54
$IMU,52642.783,-18.859,-4.211,-53.833,-0.35693,0.69677,0.86376,22.02
$MAG,52642.835,0.034,-0.613,-0.561,20.2
$BARO,52642.848,70051.26,22.54
$IMU,52642.858,-29.541,-6.652,-46.386,-0.24267,0.49169,0.76220,22.04
$IMU,52642.933,-24.902,9.155,-30.578,-0.44140,0.49169,0.79248,22.00
$MAG,52642.936,0.060,-0.598,-0.570,20.5
$BARO,52642.949,70044.90,22.54
$VBAT,52642.954,3.921
$IMU,52643.009,-16.235,3.112,-16.906,-0.49023,0.42431,0.80615,22.04
$MAG,52643.036,0.057,-0.591,-0.576,20.4
$BARO,52643.051,70047.68,22.54
$IMU,52643.084,-2.075,-4.882,-9.216,-0.54052,0.48828,0.83105,21.99
$MAG,52643.137,0.052,-0.585,-0.583,20.2
$BARO,52643.152,70041.29,22.54
$IMU,52643.159,2.136,-19.226,-0.244,-0.64453,0.52392,0.85546,22.03
$IMU,52643.234,-8.117,-62.255,-16.723,-0.06250,0.39404,0.96289,22.04
$MAG,52643.237,0.034,-0.580,-0.625,20.5
$BARO,52643.254,70045.87,22.54
$IMU,52643.309,-1.831,-51.269,-24.719,0.13476,0.29150,0.98046,22.00
$MAG,52643.338,0.052,-0.550,-0.636,20.7
$BARO,52643.355,70042.29,22.54
$IMU,52643.384,5.249,-21.118,-47.241,-0.04492,0.44873,0.95605,22.03
$MAG,52643.438,0.061,-0.517,-0.646,20.4
$HUM,52643.442,34.6,22.8
$BARO,52643.457,70039.29,22.54
$IMU,52643.459,0.000,-12.145,-45.959,-0.22851,0.34130,0.85156,22.07
$IMU,52643.534,10.314,-25.573,-32.409,-0.01904,0.52539,0.87207,22.02
$MAG,52643.538,0.064,-0.504,-0.654,20.5
$BARO,52643.558,70053.23,22.54
$IMU,52643.609,8.239,-8.117,-25.939,-0.14404,0.18310,0.83984,22.07
$MAG,52643.639,0.076,-0.501,-0.651,20.5
$BARO,52643.660,70043.87,22.54
$IMU,52643.684,63.720,-4.943,-31.921,-0.18066,0.30517,0.79052,22.03
$TIME,52643.715,440817.000,2364
$MAG,52643.739,0.078,-0.505,-0.627,20.5
$IMU,52643.759,90.270,-6.896,-15.258,-0.05175,0.74707,0.89599,22.04
$BARO,52643.762,70043.46,22.55
$IMU,52643.834,52.490,3.906,20.629,-0.00488,0.65917,0.85302,22.04
$MAG,52643.840,0.070,-0.540,-0.618,20.4
$BARO,52643.863,70041.68,22.55
$IMU,52643.909,40.832,16.296,7.568,-0.10058,0.77880,0.75683,22.04
$MAG,52643.940,0.073,-0.544,-0.603,20.2
$VBAT,52643.954,3.929
$BARO,52643.965,70038.68,22.55
$IMU,52643.984,21.728,15.808,7.812,-0.28417,0.77441,0.66308,22.04
$MAG,52644.041,0.073,-0.561,-0.598,20.4
$IMU,52644.059,-0.671,5.493,28.381,-0.16308,0.64794,0.70117,22.02
$BARO,52644.066,70043.87,22.55
$IMU,52644.134,1.831,7.019,29.113,-0.10888,0.73095,0.68750,22.02
$MAG,52644.141,0.061,-0.573,-0.589,20.4
$BARO,52644.168,70036.29,22.56
$IMU,52644.209,-3.173,13.793,17.211,-0.21289,0.73876,0.68457,22.04
$MAG,52644.242,0.060,-0.582,-0.591,20.5
$BARO,52644.269,70045.63,22.56
$IMU,52644.284,-5.249,2.380,13.427,-0.21972,0.71533,0.63671,22.07
$MAG,52644.342,0.055,-0.604,-0.598,20.5
$IMU,52644.360,-9.582,-10.314,25.268,-0.13281,0.73535,0.65771,22.02
$BARO,52644.371,70046.26,22.55
$IMU,52644.435,-20.629,-7.568,28.015,-0.02783,0.75488,0.72607,22.04
$MAG,52644.443,0.051,-0.607,-0.607,20.4
$HUM,52644.456,34.6,22.9
$BARO,52644.472,70047.04,22.56
$IMU,52644.510,-29.357,1.953,14.831,-0.00732,0.70019,0.78320,22.03
$MAG,52644.543,0.058,-0.600,-0.613,20.5
$BARO,52644.574,70039.66,22.56
$IMU,52644.585,-27.893,4.211,5.371,-0.07861,0.64062,0.77783,22.06
$MAG,52644.643,0.064,-0.607,-0.609,20.5
$IMU,52644.660,-22.583,-4.577,1.281,-0.04052,0.52490,0.74560,22.01
$BARO,52644.675,70048.02,22.56
$TIME,52644.715,440818.000,2364
$IMU,52644.735,-10.009,-20.141,-2.746,-0.01269,0.77001,0.84228,22.06
$MAG,52644.744,0.069,-0.601,-0.631,20.4
$BARO,52644.777,70041.46,22.56
$IMU,52644.810,-25.634,-11.169,-9.033,-0.13916,0.56689,0.83056,22.06
$MAG,52644.844,0.076,-0.598,-0.646,20.3
$BARO,52644.879,70047.43,22.56
$IMU,52644.885,-21.545,-11.413,-0.183,0.06835,0.55371,0.91308,22.07
$MAG,52644.945,0.087,-0.594,-0.648,20.5
$VBAT,52644.955,3.927
$IMU,52644.960,-21.789,-13.061,-1.159,-0.00830,0.48486,0.93945,22.04
$BARO,52644.980,70038.66,22.56
$IMU,52645.035,-10.803,-25.085,-14.099,0.12695,0.36669,0.86572,22.02
$MAG,52645.045,0.066,-0.600,-0.663,20.5
$BARO,52645.082,70048.41,22.57
$IMU,52645.110,-7.019,-15.136,-1.892,0.28759,0.63427,0.83300,22.03
$MAG,52645.146,0.079,-0.586,-0.666,20.5
$BARO,52645.183,70046.43,22.56
$IMU,52645.185,-33.996,2.746,-10.437,0.19140,0.54248,0.87597,22.00
$MAG,52645.246,0.079,-0.571,-0.687,20.3
$IMU,52645.260,-44.372,0.549,-6.103,0.13330,0.31250,0.90673,22.05
$BARO,52645.285,70047.63,22.57
$IMU,52645.335,-31.066,-4.882,-2.197,0.16503,0.20996,0.89453,22.04
$MAG,52645.346,0.079,-0.576,-0.685,20.4
$BARO,52645.386,70046.24,22.57
$IMU,52645.410,-5.065,-7.995,0.427,0.14843,0.22851,0.89013,22.05
$MAG,52645.447,0.075,-0.568,-0.693,20.5
$HUM,52645.470,34.5,22.9
$IMU,52645.485,17.150,-18.249,-1.342,0.31982,0.47998,0.98339,22.02
$BARO,52645.488,70046.41,22.57
$MAG,52645.547,0.073,-0.582,-0.697,20.4
$IMU,52645.560,-3.784,12.329,12.390,0.22900,0.28076,0.86474,22.04
$BARO,52645.589,70039.05,22.57
$IMU,52645.635,-8.178,40.893,23.132,0.11083,0.25244,0.88769,22.08
$MAG,52645.648,0.088,-0.606,-0.663,20.5
$BARO,52645.691,70045.99,22.58
$IMU,52645.711,0.244,51.879,34.301,-0.04150,0.35595,0.78320,22.03
$TIME,52645.715,440819.000,2364
$MAG,52645.748,0.087,-0.630,-0.631,20.5
$IMU,52645.786,9.826,39.367,30.395,0.06201,0.50390,0.82910,22.05
$BARO,52645.792,70045.19,22.58
$MAG,52645.849,0.085,-0.649,-0.604,20.5
$IMU,52645.861,2.075,35.888,27.587,0.12304,0.55419,0.95166,21.99
$BARO,52645.894,70046.99,22.57
$IMU,52645.936,-10.009,29.113,16.967,-0.08544,0.65869,1.17675,22.04
$MAG,52645.949,0.090,-0.678,-0.616,20.3
$VBAT,52645.956,3.926
$BARO,52645.995,70044.41,22.58
$IMU,52646.011,-18.920,10.009,17.211,-0.27050,0.00146,1.13232,22.06
$MAG,52646.050,0.093,-0.687,-0.585,20.5
$IMU,52646.086,42.602,10.742,-1.403,-0.21630,0.62548,0.76757,22.07
$BARO,52646.097,70040.02,22.58
$MAG,52646.150,0.087,-0.693,-0.574,20.5
$IMU,52646.161,13.488,7.324,-3.479,-0.27441,0.34960,0.71289,22.02
$BARO,52646.199,70040.83,22.58
$IMU,52646.236,18.737,-9.521,-26.855,-0.27148,0.30810,0.97460,22.04
$MAG,52646.251,0.109,-0.679,-0.595,20.5
$BARO,52646.300,70050.97,22.58
$IMU,52646.311,-8.483,-17.089,-6.774,-0.12500,0.63671,0.93457,22.07
$MAG,52646.351,0.091,-0.690,-0.610,20.7
$IMU,52646.386,-38.818,-7.873,14.953,-0.18847,0.35595,0.98388,22.07
$BARO,52646.402,70040.83,22.58
$MAG,52646.451,0.078,-0.700,-0.621,20.5
$IMU,52646.461,-27.954,-4.211,15.014,-0.14501,0.00439,1.02246,22.03
$HUM,52646.484,34.5,22.9
$BARO,52646.503,70045.19,22.58
$IMU,52646.536,31.616,3.967,13.183,-0.21484,0.41894,0.88964,22.09
$MAG,52646.552,0.075,-0.711,-0.603,20.5
$BARO,52646.605,70048.58,22.59
$IMU,52646.611,22.460,-11.718,2.197,-0.17773,0.41650,0.84472,22.05
$MAG,52646.652,0.079,-0.706,-0.612,20.5
$IMU,52646.686,12.695,-13.793,-7.751,-0.13134,0.25878,0.87841,22.08
$BARO,52646.706,70037.63,22.58
$TIME,52646.715,440820.000,2364
$MAG,52646.753,0.078,-0.699,-0.588,20.5
$IMU,52646.761,36.132,-18.798,-11.657,-0.04589,0.13964,0.77636,22.07
$BARO,52646.808,70050.75,22.59
$IMU,52646.836,55.603,-9.826,4.516,0.07324,0.73486,0.80908,22.08
$MAG,52646.853,0.067,-0.712,-0.568,20.5
$BARO,52646.909,70053.36,22.59
$IMU,52646.911,19.836,3.784,18.432,0.09716,1.02587,0.98193,22.04
$MAG,52646.954,0.060,-0.718,-0.574,20.5
$VBAT,52646.956,3.921
$IMU,52646.986,-18.188,-9.948,18.798,0.25390,0.71972,0.93359,22.09
$BARO,52647.011,70046.97,22.59
$MAG,52647.054,0.051,-0.717,-0.586,20.5
$IMU,52647.062,-15.869,7.934,8.056,0.15527,0.55126,0.77539,22.13
$BARO,52647.112,70048.55,22.59
$IMU,52647.137,-23.620,18.554,-7.507,0.10302,0.36279,0.73046,22.06
$MAG,52647.155,0.063,-0.703,-0.598,20.4
$IMU,52647.212,-13.427,17.639,-14.526,-0.00683,0.25341,0.84472,22.03
$BARO,52647.214,70044.39,22.59
$MAG,52647.255,0.069,-0.708,-0.579,20.5
$IMU,52647.287,28.686,11.047,-1.464,0.04833,0.48876,0.89111,22.09
$BARO,52647.315,70042.78,22.60
$MAG,52647.355,0.072,-0.732,-0.546,20.5
$IMU,52647.362,45.898,2.380,2.624,0.04248,0.69970,0.75634,22.09
$BARO,52647.417,70041.78,22.60
$IMU,52647.437,40.527,3.173,-13.427,0.05908,0.65087,0.78466,22.06
$MAG,52647.456,0.090,-0.724,-0.528,20.2
$HUM,52647.498,34.6,22.9
$IMU,52647.512,47.058,4.882,-14.282,-0.09277,0.95361,0.83056,22.09
$BARO,52647.519,70051.75,22.59
$MAG,52647.556,0.091,-0.720,-0.501,20.5
$IMU,52647.587,17.333,-3.417,-27.832,-0.21923,0.75146,0.90722,22.12
$BARO,52647.620,70057.11,22.60
$MAG,52647.657,0.114,-0.715,-0.502,20.5
$IMU,52647.662,3.845,-1.281,-21.423,-0.16796,0.65087,0.82910,22.06
$TIME,52647.715,440821.000,2364
$BARO,52647.722,70053.11,22.60
$IMU,52647.737,14.648,-4.577,-4.211,-0.17675,0.71142,0.70019,22.10
$MAG,52647.757,0.106,-0.712,-0.502,20.5
$IMU,52647.812,11.779,-6.164,-6.042,-0.09570,0.67968,0.63085,22.09
$BARO,52647.823,70053.11,22.61
$MAG,52647.858,0.097,-0.705,-0.492,20.4
$IMU,52647.887,3.784,10.375,-4.516,-0.17041,0.70117,0.65722,22.09
$BARO,52647.925,70046.36,22.60
$VBAT,52647.956,3.937
$MAG,52647.958,0.109,-0.712,-0.489,20.7
$IMU,52647.962,-3.173,15.380,-6.469,-0.32421,0.61230,0.67431,22.09
$BARO,52648.026,70044.75,22.60
$IMU,52648.037,5.371,1.342,9.521,-0.24658,0.65185,0.70605,22.14
$MAG,52648.059,0.094,-0.724,-0.477,20.5
$IMU,52648.112,27.893,8.056,25.634,-0.31152,0.60400,0.62646,22.09
$BARO,52648.128,70052.92,22.60
$MAG,52648.159,0.067,-0.741,-0.444,20.5
$IMU,52648.187,47.790,2.197,31.860,-0.24609,0.97509,0.52343,22.07
$BARO,52648.229,70052.50,22.61
$MAG,52648.260,0.046,-0.744,-0.441,20.4
$IMU,52648.262,21.362,-2.868,33.325,-0.25683,0.84521,0.33154,22.09
$BARO,52648.331,70047.53,22.61
$IMU,52648.338,-18.066,-41.992,1.220,0.06494,0.77001,0.41210,22.11
$MAG,52648.360,0.057,-0.744,-0.484,20.5
$IMU,52648.413,-21.423,-46.936,2.746,-0.22265,0.64599,0.61328,22.08
$BARO,52648.433,70056.09,22.61
$MAG,52648.461,0.043,-0.757,-0.538,20.4
$IMU,52648.488,-1.403,-60.974,24.841,0.18408,0.88720,0.51074,22.11
$HUM,52648.513,34.6,22.9
$BARO,52648.534,70050.53,22.60
$MAG,52648.561,0.000,-0.766,-0.559,20.5
$IMU,52648.563,-8.361,-40.283,27.587,0.46679,1.20214,0.69775,22.13
$BARO,52648.636,70044.95,22.61
$IMU,52648.638,-42.175,-7.019,27.160,0.41796,0.78369,0.75244,22.09
$MAG,52648.662,0.001,-0.762,-0.600,20.4
$IMU,52648.713,-45.043,8.178,13.183,0.28222,0.69335,0.67089,22.08
$TIME,52648.715,440822.000,2364
$BARO,52648.737,70050.89,22.62
$MAG,52648.762,-0.018,-0.751,-0.616,20.5
$IMU,52648.788,-50.476,19.714,16.601,0.22021,0.44384,0.65820,22.09
$BARO,52648.839,70050.11,22.61
$MAG,52648.863,-0.022,-0.754,-0.646,20.5
$IMU,52648.863,-34.301,15.075,14.892,0.24560,0.47070,0.72070,22.10
$IMU,52648.938,-30.151,16.723,12.023,0.33105,0.37988,0.77490,22.09
$BARO,52648.940,70047.12,22.61
$VBAT,52648.956,3.929
$MAG,52648.963,-0.027,-0.753,-0.643,20.5
$IMU,52649.013,-16.723,28.137,5.615,0.17431,0.46972,0.81201,22.11
$BARO,52649.042,70044.34,22.61
$MAG,52649.064,-0.010,-0.756,-0.642,20.7
$IMU,52649.088,-7.385,15.258,4.333,0.27246,0.49316,0.85058,22.10
$BARO,52649.143,70051.11,22.61
$IMU,52649.163,-1.525,14.526,6.042,0.32470,0.46826,0.84765,22.12
$MAG,52649.164,-0.012,-0.759,-0.631,20.3
$IMU,52649.238,4.699,18.310,-6.896,0.13134,0.80273,0.92138,22.09
$BARO,52649.245,70043.92,22.62
$MAG,52649.264,-0.001,-0.753,-0.643,20.5
$IMU,52649.313,-18.981,8.850,-22.033,-0.02197,0.70507,1.05175,22.10
$BARO,52649.346,70055.67,22.62
$MAG,52649.365,0.012,-0.726,-0.670,20.5
$IMU,52649.388,-30.944,3.540,-26.245,-0.03466,0.36669,0.90283,22.13
$BARO,52649.448,70055.09,22.62
$IMU,52649.463,-24.475,-1.892,-5.676,0.02636,0.44287,1.01123,22.09
$MAG,52649.465,0.016,-0.700,-0.694,20.5
$HUM,52649.527,34.0,22.9
$IMU,52649.538,-30.273,5.676,-14.038,0.03369,0.27099,0.96435,22.09
$BARO,52649.550,70055.28,22.62
$MAG,52649.566,0.036,-0.705,-0.702,20.5
$IMU,52649.613,-19.409,15.075,-9.643,-0.06982,0.36035,0.94873,22.11
$BARO,52649.651,70050.09,22.62
$MAG,52649.666,0.042,-0.682,-0.712,20.5
$IMU,52649.689,-24.658,11.169,-7.568,-0.08837,0.24414,0.98681,22.11
$TIME,52649.715,440823.000,2364
$BARO,52649.753,70055.87,22.63
$IMU,52649.764,-15.930,-2.990,-8.972,-0.16064,0.31738,0.96679,22.12
$MAG,52649.767,0.040,-0.667,-0.723,20.5
$IMU,52649.839,-13.244,-10.375,-0.183,-0.04833,0.16943,0.89794,22.12
$BARO,52649.854,70049.09,22.63
$MAG,52649.867,0.039,-0.663,-0.727,20.7
$IMU,52649.914,-2.807,5.798,2.685,-0.07763,0.22558,0.94775,22.11
$BARO,52649.956,70047.70,22.63
$VBAT,52649.957,3.919
$MAG,52649.968,0.037,-0.670,-0.717,20.4
$IMU,52649.989,3.234,7.568,8.483,-0.10839,0.20703,0.92041,22.11
$BARO,52650.057,70050.45,22.64
$IMU,52650.064,17.211,7.080,9.033,-0.00732,0.31787,0.78857,22.17
$MAG,52650.068,0.040,-0.696,-0.696,20.7
$IMU,52650.139,16.540,18.981,15.930,0.07568,0.71875,1.02099,22.11
$BARO,52650.159,70045.68,22.65
$MAG,52650.169,0.028,-0.712,-0.694,20.5
$IMU,52650.214,-17.517,20.935,30.395,0.04052,0.32031,1.05566,22.09
$BARO,52650.261,70047.46,22.65
$MAG,52650.269,0.030,-0.703,-0.697,20.7
$IMU,52650.289,-0.854,1.281,7.934,0.02587,0.37646,1.00292,22.10
$BARO,52650.362,70056.96,22.67
$IMU,52650.364,-7.019,-13.916,-16.113,0.02294,0.25195,0.98144,22.11
$MAG,52650.370,0.019,-0.693,-0.714,20.5
$IMU,52650.439,-4.882,-18.859,-27.954,0.01416,0.16406,0.92089,22.13
$BARO,52650.464,70046.21,22.66
$MAG,52650.470,0.037,-0.673,-0.717,20.5
$IMU,52650.514,9.216,-17.517,-25.329,0.03613,0.25048,0.88867,22.11
$HUM,52650.541,32.4,23.0
$BARO,52650.565,70051.80,22.67
$MAG,52650.570,0.034,-0.673,-0.726,20.5
$IMU,52650.589,13.000,-17.333,-16.174,0.09130,0.33398,0.85400,22.12
$IMU,52650.664,11.291,-21.728,-11.840,0.19042,0.42382,0.84960,22.10
$BARO,52650.667,70045.21,22.68
$MAG,52650.671,0.034,-0.663,-0.732,20.5
$TIME,52650.715,440824.000,2364
$IMU,52650.739,6.225,-13.000,-13.732,0.25927,0.44189,0.86425,22.14
$BARO,52650.768,70040.63,22.68
$MAG,52650.771,0.057,-0.660,-0.738,20.7
$IMU,52650.814,-0.732,-0.915,-21.545,0.00585,0.56591,0.97705,22.12
$BARO,52650.870,70054.55,22.68
$MAG,52650.872,0.067,-0.624,-0.756,20.5
$IMU,52650.889,-22.399,-3.845,-32.775,-0.01416,0.50439,1.19091,22.13
$VBAT,52650.957,3.929
$IMU,52650.964,-34.973,-7.385,-25.695,-0.03515,0.10156,1.12060,22.09
$BARO,52650.971,70049.38,22.68
$MAG,52650.972,0.063,-0.607,-0.777,20.5
$IMU,52651.040,-2.868,-17.700,-22.033,0.14160,0.16455,0.92675,22.15
$BARO,52651.073,70049.38,22.68
$MAG,52651.073,0.067,-0.589,-0.783,20.7
$IMU,52651.115,-0.671,-15.869,-32.287,0.09423,0.17431,0.94775,22.13
$MAG,52651.173,0.078,-0.576,-0.807,20.5
$BARO,52651.174,70051.97,22.68
$IMU,52651.190,2.746,-14.587,-38.513,-0.03417,0.10400,0.95410,22.12
$IMU,52651.265,19.775,-12.145,-43.579,-0.17480,0.25048,0.91845,22.13
$MAG,52651.273,0.084,-0.558,-0.796,20.5
$BARO,52651.276,70057.35,22.68
$IMU,52651.340,23.071,-11.779,-29.846,-0.10742,0.25292,0.94531,22.09
$MAG,52651.374,0.070,-0.562,-0.798,20.5
$BARO,52651.377,70052.16,22.69
$IMU,52651.415,32.531,-16.113,-5.310,0.02050,0.43750,0.92871,22.15
$MAG,52651.474,0.063,-0.583,-0.801,20.7
$BARO,52651.479,70055.74,22.69
$IMU,52651.490,27.648,-15.808,8.239,0.25292,0.53417,1.01074,22.10
$HUM,52651.555,31.7,23.0
$IMU,52651.565,21.423,-13.366,6.896,0.07666,0.53564,0.99511,22.15
$MAG,52651.575,0.054,-0.594,-0.804,20.7
$BARO,52651.580,70050.33,22.70
$IMU,52651.640,30.029,-34.851,-9.094,0.21386,0.42187,0.88232,22.14
$MAG,52651.675,0.016,-0.616,-0.814,20.5
$BARO,52651.682,70122.04,22.71
$TIME,52651.715,440825.000,2364
$IMU,52651.715,50.903,-42.053,-15.869,0.39892,0.50195,0.74511,22.11
$MAG,52651.776,0.000,-0.648,-0.798,20.5
$BARO,52651.784,70147.32,22.72
$IMU,52651.790,56.152,-29.113,-4.943,0.45263,0.64062,0.58837,22.12
$IMU,52651.865,41.503,-21.362,-8.789,0.43994,0.66796,0.44335,22.09
$MAG,52651.876,0.007,-0.657,-0.787,20.5
$BARO,52651.885,70068.42,22.72
$IMU,52651.940,34.545,-10.375,-19.104,0.41357,0.87500,0.42626,22.13
$VBAT,52651.957,3.929
$MAG,52651.977,0.013,-0.666,-0.769,20.5
$BARO,52651.987,70058.67,22.72
$IMU,52652.015,26.794,5.065,-16.357,0.20019,0.91650,0.36425,22.11
$MAG,52652.077,0.018,-0.682,-0.753,20.5
$BARO,52652.088,70054.11,22.72
$IMU,52652.090,15.930,3.234,-1.647,0.10937,1.01611,0.43261,22.15
$IMU,52652.165,2.563,-8.056,4.943,0.05371,1.19140,0.68603,22.16
$MAG,52652.177,0.009,-0.679,-0.768,20.5
$BARO,52652.190,70054.92,22.71
$IMU,52652.240,-31.555,-24.047,7.568,0.16748,0.81054,0.94335,22.14
$MAG,52652.278,-0.015,-0.676,-0.798,20.4
$BARO,52652.291,70061.47,22.71
$IMU,52652.315,-25.329,-18.249,12.023,0.31005,0.48535,0.77099,22.13
$MAG,52652.378,-0.027,-0.678,-0.795,20.5
$IMU,52652.391,7.385,-14.587,6.652,0.32128,0.65869,0.61816,22.12
$BARO,52652.393,70056.89,22.71
$IMU,52652.466,1.159,-6.835,-8.728,0.24951,0.70751,0.68750,22.16
$MAG,52652.479,-0.022,-0.666,-0.801,20.5
$BARO,52652.494,70062.28,22.71
$IMU,52652.541,-8.361,-0.610,-2.258,0.21875,0.69531,0.70703,22.14
$HUM,52652.569,28.5,23.0
$MAG,52652.579,-0.030,-0.655,-0.799,20.5
$BARO,52652.596,70072.22,22.72
$IMU,52652.616,-12.023,0.671,3.173,0.17773,0.86865,0.68798,22.15
$MAG,52652.679,-0.022,-0.640,-0.814,20.7
$IMU,52652.691,-34.606,10.192,2.746,0.27734,0.76318,0.66162,22.14
$BARO,52652.697,70107.66,22.72
$TIME,52652.715,440826.000,2364
$IMU,52652.766,-44.189,16.418,32.287,0.42089,0.60205,0.72949,22.15
$MAG,52652.780,-0.043,-0.630,-0.835,20.5
$BARO,52652.799,70063.84,22.73
$IMU,52652.841,-50.354,11.108,36.254,0.65283,0.48681,0.74707,22.11
$MAG,52652.880,-0.039,-0.601,-0.849,20.5
$BARO,52652.900,70037.54,22.73
$IMU,52652.916,-53.833,29.602,13.061,0.56542,0.38378,0.78759,22.14
$VBAT,52652.962,3.922
$MAG,52652.981,-0.012,-0.553,-0.853,20.5
$IMU,52652.991,-54.016,29.724,-6.225,0.41845,0.25488,0.80615,22.16
$BARO,52653.002,70060.45,22.72
$IMU,52653.066,-45.104,22.033,-18.920,0.44287,0.30908,0.87841,22.17
$MAG,52653.081,0.004,-0.508,-0.853,20.5
$BARO,52653.103,70054.87,22.72
$IMU,52653.141,-41.320,24.475,-19.775,0.35546,0.22998,0.87890,22.11
$MAG,52653.182,0.031,-0.474,-0.852,20.7
$BARO,52653.205,70056.67,22.72
$IMU,52653.216,-34.423,16.479,-25.939,0.37646,0.20703,0.90283,22.15
$MAG,52653.282,0.039,-0.439,-0.849,20.7
$IMU,52653.291,-32.470,19.226,-33.325,0.33154,0.20556,0.99169,22.14
$BARO,52653.307,70054.50,22.72
$IMU,52653.366,-18.615,36.621,-24.841,0.18115,0.33544,1.00634,22.16
$MAG,52653.382,0.075,-0.414,-0.828,20.7
$BARO,52653.408,70058.28,22.72
$IMU,52653.441,-14.038,35.278,-14.038,0.06738,0.24560,0.97949,22.13
$MAG,52653.483,0.088,-0.385,-0.813,20.7
$BARO,52653.510,70055.89,22.71
$IMU,52653.516,-18.737,26.977,-22.644,-0.11621,0.16601,0.99804,22.17
$HUM,52653.583,33.9,23.1
$MAG,52653.583,0.103,-0.354,-0.795,20.7
$IMU,52653.591,-23.986,25.085,-31.372,-0.16601,-0.14404,1.00097,22.14
$BARO,52653.611,70058.30,22.71
$IMU,52653.667,-10.925,24.475,-18.737,-0.31298,-0.00537,0.98632,22.11
$MAG,52653.684,0.109,-0.333,-0.772,20.5
$BARO,52653.713,70060.69,22.70
$TIME,52653.715,440826.000,2364
$IMU,52653.742,-16.174,16.540,-27.709,-0.29785,-0.14013,0.95312,22.16
$MAG,52653.784,0.105,-0.312,-0.772,20.5
$BARO,52653.814,70054.92,22.71
$IMU,52653.817,-9.643,11.169,-21.484,-0.35693,-0.14941,0.99365,22.18
$MAG,52653.884,0.108,-0.289,-0.762,20.7
$IMU,52653.892,-4.821,7.690,-21.850,-0.45507,-0.12207,1.03222,22.14
$BARO,52653.916,70067.08,22.71
$IMU,52653.967,-0.305,-3.234,-7.385,-0.44384,-0.12255,1.06494,22.16
$VBAT,52653.975,3.924
$MAG,52653.985,0.108,-0.304,-0.766,20.7
$BARO,52654.017,70060.11,22.70
$IMU,52654.042,6.286,-8.117,15.625,-0.37158,-0.06884,1.04443,22.20
$MAG,52654.085,0.091,-0.328,-0.786,20.4
$IMU,52654.117,18.859,-8.789,26.916,-0.29101,0.00781,0.95751,22.17
$BARO,52654.119,70051.75,22.70
$MAG,52654.186,0.100,-0.357,-0.792,20.5
$IMU,52654.192,24.414,-5.310,22.094,-0.32763,0.09326,0.92333,22.17
$BARO,52654.221,70058.69,22.70
$IMU,52654.267,25.451,-16.418,19.409,-0.35058,0.22558,0.90576,22.17
$MAG,52654.286,0.081,-0.381,-0.814,20.5
$BARO,52654.322,70055.72,22.71
$IMU,52654.342,21.789,-32.348,16.906,-0.04785,0.25292,0.89892,22.20
$MAG,52654.386,0.070,-0.402,-0.828,20.5
$IMU,52654.417,13.793,-24.597,39.733,0.30664,0.40087,0.88574,22.20
$BARO,52654.424,70051.33,22.70
$MAG,52654.487,0.073,-0.420,-0.826,20.5
$IMU,52654.492,-15.136,2.563,51.879,0.30908,0.22119,0.98388,22.21
$BARO,52654.525,70062.50,22.71
$IMU,52654.567,-46.325,20.019,37.841,0.24462,-0.03759,1.11718,22.19
$MAG,52654.587,0.082,-0.412,-0.811,20.5
$HUM,52654.597,33.7,23.0
$BARO,52654.627,70062.69,22.71
$IMU,52654.642,-31.616,25.756,16.967,0.03906,-0.12890,1.06298,22.17
$MAG,52654.688,0.096,-0.420,-0.801,20.5
$TIME,52654.715,440828.000,2364
$IMU,52654.717,-2.380,12.207,-4.089,-0.00683,0.06152,0.98974,22.14
$BARO,52654.728,70054.11,22.71
$MAG,52654.788,0.105,-0.396,-0.799,20.5
$IMU,52654.792,-6.530,8.239,-10.620,-0.02636,0.04003,1.00439,22.18
$BARO,52654.830,70056.11,22.71
$IMU,52654.867,-10.620,8.666,-5.371,0.02929,-0.02539,1.07226,22.18
$MAG,52654.889,0.109,-0.388,-0.796,20.5
$BARO,52654.931,70053.31,22.71
$IMU,52654.942,-0.793,12.939,-3.173,0.00439,-0.02197,1.05273,22.22
$VBAT,52654.980,3.924
$MAG,52654.989,0.115,-0.388,-0.784,20.5
$IMU,52655.018,15.075,15.563,-5.310,-0.03808,0.09716,0.98583,22.20
$BARO,52655.033,70047.33,22.71
$MAG,52655.089,0.138,-0.417,-0.759,20.5
$IMU,52655.093,18.005,23.986,0.793,0.00097,0.18554,0.93847,22.18
$BARO,52655.134,70062.08,22.71
$IMU,52655.168,15.075,43.029,14.221,-0.10937,0.22167,0.87646,22.20
$MAG,52655.190,0.156,-0.432,-0.712,20.5
$BARO,52655.236,70058.50,22.71
$IMU,52655.243,15.014,53.771,22.338,-0.28466,0.33007,0.82226,22.20
$MAG,52655.290,0.168,-0.448,-0.690,20.7
$IMU,52655.318,10.498,32.836,14.160,-0.35888,0.39550,0.95751,22.22
$BARO,52655.337,70061.08,22.71
$MAG,52655.391,0.174,-0.447,-0.682,20.5
$IMU,52655.393,-4.638,13.366,4.150,-0.40576,0.27978,1.01464,22.20
$BARO,52655.439,70058.30,22.71
$IMU,52655.468,-3.356,12.084,-6.347,-0.55761,0.08496,0.92333,22.20
$MAG,52655.491,0.178,-0.438,-0.669,20.5
$BARO,52655.540,70059.47,22.72
$IMU,52655.543,3.662,4.699,-0.854,-0.52636,0.02539,0.87792,22.22
$MAG,52655.592,0.180,-0.451,-0.678,20.5
$HUM,52655.611,33.8,23.0
$IMU,52655.618,4.455,-3.417,6.835,-0.49121,0.13964,0.92187,22.20
$BARO,52655.642,70058.11,22.71
$MAG,52655.692,0.165,-0.439,-0.693,20.5
$IMU,52655.693,5.798,-10.986,-4.821,-0.44726,0.08300,0.89941,22.17
$TIME,52655.715,440828.000,2364
$BARO,52655.744,70059.50,22.71
$IMU,52655.768,11.779,-14.282,-15.136,-0.44482,0.15478,0.86914,22.18
$MAG,52655.793,0.174,-0.435,-0.705,20.8
$IMU,52655.843,11.779,-15.747,-11.840,-0.41894,0.25146,0.88964,22.22
$BARO,52655.845,70047.53,22.72
$MAG,52655.893,0.160,-0.429,-0.718,20.5
$IMU,52655.918,4.150,-17.211,-8.483,-0.40039,0.20654,0.90771,22.22
$BARO,52655.947,70054.70,22.71
$IMU,52655.993,3.234,-21.118,-7.934,-0.34277,0.23486,0.91308,22.20
$VBAT,52655.993,3.930
$MAG,52655.994,0.151,-0.417,-0.735,20.8
$BARO,52656.048,70056.09,22.72
$IMU,52656.068,1.037,-19.592,-9.277,-0.27001,0.22802,0.92431,22.20
$MAG,52656.094,0.148,-0.411,-0.754,20.7
$IMU,52656.143,4.577,-14.831,-19.042,-0.39160,0.30126,0.91601,22.20
$BARO,52656.150,70056.28,22.72
$MAG,52656.194,0.138,-0.390,-0.768,20.5
$IMU,52656.218,2.014,-23.925,-28.198,-0.43261,0.37597,0.95507,22.17
$BARO,52656.251,70060.28,22.72
$IMU,52656.293,-7.263,-35.217,-16.967,-0.12207,0.19921,1.00390,22.20
$MAG,52656.295,0.115,-0.379,-0.795,20.8
$BARO,52656.353,70055.70,22.72
$IMU,52656.369,-6.896,-22.094,-3.356,-0.13183,0.03466,0.98681,22.15
$MAG,52656.395,0.105,-0.372,-0.813,20.5
$IMU,52656.444,5.065,-20.141,-11.535,-0.03320,0.10693,0.97412,22.22
$BARO,52656.454,70053.70,22.72
$MAG,52656.496,0.088,-0.372,-0.826,20.7
$IMU,52656.519,0.976,-23.437,-10.559,0.05517,0.18310,1.03710,22.18
$BARO,52656.556,70063.45,22.73
$IMU,52656.594,-2.746,-18.859,-19.348,0.01660,0.06640,1.02685,22.20
$MAG,52656.596,0.078,-0.354,-0.837,20.5
$HUM,52656.625,33.8,23.1
$BARO,52656.657,70063.64,22.73
$IMU,52656.669,7.934,-17.456,-29.174,0.00048,0.16845,0.96240,22.23
$MAG,52656.697,0.057,-0.333,-0.861,20.7
$TIME,52656.715,440829.000,2364
$IMU,52656.744,5.065,-24.597,-28.991,0.06005,0.17480,0.96728,22.15
$BARO,52656.759,70049.09,22.73
$MAG,52656.797,0.033,-0.316,-0.874,20.7
$IMU,52656.819,0.549,-29.724,-32.653,0.15917,0.17578,0.96875,22.19
$BARO,52656.861,70056.67,22.73
$IMU,52656.894,1.953,-27.038,-29.663,0.21044,0.19628,0.95410,22.20
$MAG,52656.897,0.007,-0.306,-0.895,20.7
$BARO,52656.962,70050.28,22.73
$IMU,52656.969,3.540,-19.958,-35.705,0.18847,0.25048,0.94384,22.19
$MAG,52656.998,-0.019,-0.295,-0.904,20.7
$VBAT,52656.998,3.932
$IMU,52657.044,5.004,-17.761,-40.527,0.15429,0.32080,0.90039,22.19
$BARO,52657.064,70052.48,22.73
$MAG,52657.098,-0.045,-0.276,-0.907,20.7
$IMU,52657.119,0.488,-13.244,-39.916,0.16162,0.38525,0.95361,22.20
$BARO,52657.165,70061.03,22.73
$IMU,52657.194,-4.089,-3.356,-28.442,0.06005,0.41455,0.94482,22.25
$MAG,52657.199,-0.045,-0.258,-0.910,20.5
$BARO,52657.267,70057.45,22.73
$IMU,52657.269,-11.657,-5.615,-21.606,0.07324,0.37500,0.96972,22.24
$MAG,52657.299,-0.052,-0.234,-0.910,20.7
$IMU,52657.344,-22.705,-5.920,-12.084,0.10791,0.27880,1.06103,22.24
$BARO,52657.368,70057.65,22.74
$MAG,52657.400,-0.067,-0.202,-0.910,20.7
$IMU,52657.419,-27.343,-7.995,-8.666,0.08447,-0.03369,1.10742,22.19
$BARO,52657.470,70059.25,22.73
$IMU,52657.494,-2.380,-25.146,-24.902,0.08447,-0.07275,0.99462,22.18
$MAG,52657.500,-0.100,-0.196,-0.913,20.5
$IMU,52657.569,12.939,-28.381,-31.677,0.08105,0.13037,0.99316,22.23
$BARO,52657.571,70059.42,22.74
$MAG,52657.601,-0.139,-0.193,-0.925,20.5
$HUM,52657.639,32.7,23.0
$IMU,52657.644,-0.671,-23.010,-21.240,0.16503,0.00927,1.01464,22.22
$BARO,52657.673,70062.62,22.74
$MAG,52657.701,-0.153,-0.195,-0.933,20.7
$TIME,52657.715,440830.000,2364
$IMU,52657.720,6.042,-20.690,-10.620,0.24121,0.05468,0.96142,22.24
$BARO,52657.774,70065.01,22.74
$IMU,52657.795,15.136,-14.770,-10.375,0.30419,0.22607,0.91601,22.20
$MAG,52657.801,-0.172,-0.211,-0.936,20.7
$IMU,52657.870,7.995,-10.314,-12.512,0.29736,0.25000,0.97265,22.23
$BARO,52657.876,70054.84,22.75
$MAG,52657.902,-0.184,-0.202,-0.943,20.5
$IMU,52657.945,-0.549,-0.183,-16.235,0.24169,0.17089,0.96875,22.24
$BARO,52657.978,70050.65,22.75
$MAG,52658.002,-0.189,-0.213,-0.946,20.7
$VBAT,52658.011,3.913
$IMU,52658.020,10.192,0.793,-15.930,0.10839,0.24853,0.92919,22.19
$BARO,52658.079,70051.26,22.75
$IMU,52658.095,7.873,-10.803,-18.554,0.16113,0.28369,0.99951,22.19
$MAG,52658.103,-0.223,-0.217,-0.939,20.7
$IMU,52658.170,3.356,-11.291,-16.052,0.12207,0.34912,1.05419,22.22
$BARO,52658.181,70049.85,22.75
$MAG,52658.203,-0.231,-0.226,-0.951,20.7
$IMU,52658.245,9.887,-16.357,-31.066,0.18164,0.35839,0.98193,22.26
$BARO,52658.282,70058.62,22.75
$MAG,52658.304,-0.250,-0.229,-0.957,20.8
$IMU,52658.320,9.216,-14.343,-9.826,0.40283,0.30419,0.86767,22.23
$BARO,52658.384,70065.20,22.75
$IMU,52658.395,4.516,-5.737,6.774,0.42431,0.38427,0.78564,22.24
$MAG,52658.404,-0.253,-0.229,-0.952,20.5
$IMU,52658.470,-8.483,-3.662,-2.868,0.46142,0.41210,0.80126,22.24
$BARO,52658.485,70055.62,22.75
$MAG,52658.505,-0.249,-0.207,-0.957,20.5
$IMU,52658.545,-21.728,2.319,-2.441,0.46289,0.28466,0.83056,22.22
$BARO,52658.587,70052.84,22.75
$MAG,52658.605,-0.244,-0.193,-0.946,20.5
$IMU,52658.620,-27.160,7.507,4.333,0.41992,0.20068,0.87988,22.25
$HUM,52658.653,32.9,23.1
$BARO,52658.688,70046.85,22.75
$IMU,52658.695,-21.911,10.314,1.342,0.44921,0.20166,0.87597,22.19
$MAG,52658.706,-0.238,-0.175,-0.936,20.7
$TIME,52658.715,440832.000,2364
$IMU,52658.770,-13.732,22.949,3.662,0.33398,0.25683,0.87402,22.24
$BARO,52658.790,70057.43,22.75
$MAG,52658.806,-0.205,-0.162,-0.930,20.5
$IMU,52658.845,-17.639,21.423,5.554,0.21923,0.19531,0.94482,22.23
$BARO,52658.891,70055.62,22.75
$MAG,52658.907,-0.196,-0.156,-0.931,20.7
$IMU,52658.920,-11.901,16.540,2.197,0.27978,0.24169,0.99365,22.21
$BARO,52658.993,70054.04,22.76
$IMU,52658.996,-9.338,19.531,10.498,0.24609,0.28710,0.99511,22.22
$MAG,52659.007,-0.172,-0.144,-0.915,20.7
$VBAT,52659.017,3.919
$IMU,52659.071,-13.732,17.578,-2.441,0.13916,0.20556,0.97851,22.28
$BARO,52659.094,70052.43,22.76
$MAG,52659.108,-0.168,-0.133,-0.906,20.7
$IMU,52659.146,-25.146,13.977,-6.958,0.10693,-0.10839,0.98632,22.29
$BARO,52659.196,70058.01,22.76
$MAG,52659.208,-0.151,-0.109,-0.898,20.5
$IMU,52659.221,-18.981,14.099,1.037,0.06542,-0.09179,1.01464,22.24
$IMU,52659.296,-26.428,11.779,-2.075,0.07714,-0.21142,1.08935,22.24
$BARO,52659.298,70056.01,22.75
$MAG,52659.309,-0.147,-0.106,-0.879,20.7
$IMU,52659.371,-14.465,17.272,-4.089,-0.04736,-0.08349,1.04638,22.23
$BARO,52659.399,70061.20,22.76
$MAG,52659.409,-0.138,-0.097,-0.867,20.7
$IMU,52659.446,-8.239,8.178,-5.737,-0.07470,-0.03759,0.99121,22.23
$BARO,52659.501,70057.01,22.76
$MAG,52659.510,-0.139,-0.082,-0.856,20.7
$IMU,52659.521,-12.268,-0.732,-5.126,-0.04003,-0.10449,0.97753,22.25
$IMU,52659.596,-13.488,3.112,1.464,0.00488,-0.06542,1.02929,22.26
$BARO,52659.602,70063.37,22.76
$MAG,52659.610,-0.144,-0.073,-0.853,20.7
$HUM,52659.667,33.4,23.1
$IMU,52659.671,-14.892,15.747,5.859,-0.06250,-0.14306,1.02685,22.26
$BARO,52659.704,70063.18,22.76
$MAG,52659.710,-0.127,-0.066,-0.846,20.8
$TIME,52659.715,440833.000,2364
$IMU,52659.746,-8.422,11.596,6.164,-0.10058,-0.13769,1.06542,22.22
$BARO,52659.805,70055.40,22.76
$MAG,52659.811,-0.120,-0.060,-0.843,20.7
$IMU,52659.821,-8.728,0.732,4.211,-0.15966,-0.20898,1.13769,22.22
$IMU,52659.896,-1.525,-5.371,-4.211,-0.02880,-0.21191,1.08544,22.26
$BARO,52659.907,70048.02,22.77
$MAG,52659.911,-0.123,-0.064,-0.850,20.5
$IMU,52659.971,12.634,-3.845,7.141,-0.09521,-0.09667,1.04541,22.29
$BARO,52660.008,70056.21,22.76
$MAG,52660.012,-0.135,-0.088,-0.864,20.8
$VBAT,52660.029,3.916
$IMU,52660.046,18.371,-15.441,3.295,-0.04638,-0.06542,1.01708,22.26
$BARO,52660.110,70057.99,22.77
$MAG,52660.112,-0.144,-0.099,-0.879,20.7
$IMU,52660.121,23.925,-20.874,-1.098,0.08007,-0.02978,1.04980,22.25
$IMU,52660.196,21.972,-14.038,9.399,0.28271,-0.11035,1.03125,22.26
$BARO,52660.211,70046.82,22.77
$MAG,52660.213,-0.141,-0.120,-0.892,20.5
$IMU,52660.271,30.578,-3.295,10.681,0.32910,0.07275,0.93994,22.25
$BARO,52660.313,70053.60,22.77
$MAG,52660.313,-0.132,-0.145,-0.909,20.7
$IMU,52660.347,33.691,0.854,4.150,0.27783,0.17236,0.92529,22.26
$BARO,52660.414,70060.96,22.77
$MAG,52660.414,-0.135,-0.165,-0.924,20.7
$IMU,52660.422,23.071,5.981,-1.770,0.20996,0.15673,0.91503,22.28
$IMU,52660.497,24.108,6.469,-4.272,0.23681,0.19726,0.92919,22.25
$MAG,52660.514,-0.126,-0.187,-0.931,20.7
$BARO,52660.516,70054.38,22.77
$IMU,52660.572,26.733,11.108,0.671,0.18750,0.23144,0.91015,22.27
$MAG,52660.614,-0.121,-0.211,-0.930,20.5
$BARO,52660.617,70060.16,22.78
$IMU,52660.647,29.174,13.366,3.234,0.11425,0.28271,0.90429,22.25
$HUM,52660.681,32.1,23.3
$MAG,52660.715,-0.100,-0.243,-0.939,20.5
$TIME,52660.715,440834.000,2364
$BARO,52660.719,70055.35,22.79
$IMU,52660.722,25.024,13.244,10.498,0.09472,0.37695,0.94628,22.30
$IMU,52660.797,19.470,12.939,7.263,-0.03613,0.48583,1.01904,22.25
$MAG,52660.815,-0.096,-0.250,-0.934,20.5
$BARO,52660.820,70055.96,22.78
$IMU,52660.872,-1.159,3.906,-3.601,-0.03906,0.25537,1.02734,22.27
$MAG,52660.916,-0.093,-0.246,-0.937,20.7
$BARO,52660.922,70059.94,22.79
$IMU,52660.947,14.526,4.760,0.244,0.03271,0.29150,0.87792,22.24
$MAG,52661.016,-0.067,-0.273,-0.933,20.7
$IMU,52661.022,22.644,18.981,3.906,-0.11962,0.49804,0.80859,22.27
$BARO,52661.024,70052.97,22.79
$VBAT,52661.035,3.930
$IMU,52661.097,0.488,17.883,2.807,-0.26416,0.42871,0.87890,22.27
$MAG,52661.117,-0.058,-0.268,-0.936,20.7
$BARO,52661.125,70039.22,22.79
$IMU,52661.172,-13.854,6.652,0.854,-0.26562,0.30859,0.93994,22.24
$MAG,52661.217,-0.060,-0.265,-0.927,20.7
$BARO,52661.227,70045.17,22.80
$IMU,52661.247,-8.544,4.394,12.268,-0.25439,0.32617,0.93847,22.27
$MAG,52661.318,-0.048,-0.268,-0.927,20.5
$IMU,52661.322,-1.831,0.244,17.578,-0.24902,0.33984,0.86181,22.24
$BARO,52661.328,70049.16,22.80
$IMU,52661.397,-10.009,-11.108,15.747,-0.12792,0.34228,0.89550,22.30
$MAG,52661.418,-0.049,-0.256,-0.931,20.7
$BARO,52661.430,70056.91,22.80
$IMU,52661.472,-13.122,-7.751,10.620,-0.10839,0.37841,0.84912,22.28
$MAG,52661.519,-0.058,-0.259,-0.934,20.5
$BARO,52661.531,70062.69,22.81
$IMU,52661.547,-8.300,-8.239,6.042,-0.03027,0.56591,0.79345,22.27
$MAG,52661.619,-0.070,-0.226,-0.934,20.7
$IMU,52661.622,-21.240,-10.375,-0.305,0.04492,0.51025,0.81494,22.33
$BARO,52661.633,70056.52,22.80
$HUM,52661.695,32.8,23.2
$IMU,52661.698,-36.132,-12.023,-1.037,0.21777,0.22363,0.82470,22.27
$TIME,52661.715,440835.000,2364
$MAG,52661.720,-0.081,-0.199,-0.918,20.7
$BARO,52661.734,70052.72,22.81
$IMU,52661.773,-50.415,-4.455,4.455,0.21044,0.11962,0.96484,22.29
$MAG,52661.820,-0.085,-0.159,-0.892,20.5
$BARO,52661.836,70050.33,22.81
$IMU,52661.848,-58.410,-1.281,-3.845,0.15527,-0.11718,1.01074,22.31
$MAG,52661.920,-0.094,-0.120,-0.874,20.8
$IMU,52661.923,-44.982,2.136,-8.666,0.17089,-0.14697,0.98535,22.29
$BARO,52661.938,70058.11,22.81
$IMU,52661.998,-36.071,6.408,-4.150,0.06298,-0.16601,1.05273,22.31
$MAG,52662.021,-0.087,-0.088,-0.849,20.5
$BARO,52662.039,70056.72,22.81
$VBAT,52662.048,3.916
$IMU,52662.073,-44.860,-3.662,-7.019,0.04638,-0.21875,1.16992,22.25
$MAG,52662.121,-0.105,-0.078,-0.829,20.8
$BARO,52662.141,70058.50,22.80
$IMU,52662.148,-35.278,-10.681,-5.981,0.18847,-0.26904,1.21435,22.27
$MAG,52662.222,-0.103,-0.051,-0.819,20.7
$IMU,52662.223,-24.780,2.136,-1.892,0.16552,-0.41259,1.24609,22.27
$BARO,52662.242,70059.69,22.81
$IMU,52662.298,-2.685,6.042,2.868,0.15332,-0.40087,1.12597,22.27
$MAG,52662.322,-0.096,-0.063,-0.829,20.7
$BARO,52662.344,70062.89,22.81
$IMU,52662.373,22.949,2.746,-6.103,0.10742,-0.14160,0.97900,22.30
$MAG,52662.423,-0.106,-0.075,-0.843,20.7
$BARO,52662.445,70059.30,22.81
$IMU,52662.448,21.484,2.990,-14.343,0.09570,-0.02050,0.91845,22.29
$MAG,52662.523,-0.106,-0.076,-0.843,20.7
$IMU,52662.523,15.625,5.310,-5.676,0.06201,0.05419,0.93750,22.30
$BARO,52662.547,70065.08,22.81
$IMU,52662.598,6.591,7.507,3.540,0.08935,-0.04882,0.96484,22.27
$MAG,52662.624,-0.091,-0.090,-0.846,20.7
$BARO,52662.648,70058.69,22.81
$IMU,52662.673,6.286,11.352,7.263,-0.00341,-0.04296,0.99560,22.32
$HUM,52662.709,33.3,23.2
$TIME,52662.715,440836.000,2364
$MAG,52662.724,-0.084,-0.093,-0.838,20.8
$IMU,52662.748,2.746,10.009,2.380,-0.09765,-0.14208,0.98339,22.31
$BARO,52662.750,70061.89,22.81
$IMU,52662.823,-0.976,8.789,1.220,-0.10351,-0.08496,0.98242,22.26
$MAG,52662.824,-0.072,-0.088,-0.838,20.5
$BARO,52662.852,70054.11,22.81
$IMU,52662.898,-8.178,6.164,1.831,-0.13427,-0.19628,1.02099,22.31
$MAG,52662.925,-0.076,-0.087,-0.841,20.7
$BARO,52662.953,70060.69,22.81
$IMU,52662.974,-4.211,6.286,0.854,-0.20019,-0.17626,1.02539,22.31
$MAG,52663.025,-0.064,-0.090,-0.834,20.8
$IMU,52663.049,-1.586,2.258,7.812,-0.21093,-0.14355,0.97900,22.31
$VBAT,52663.053,3.929
$BARO,52663.055,70061.08,22.81
$IMU,52663.124,-0.183,-6.164,2.441,-0.16357,-0.05273,0.98974,22.32
$MAG,52663.126,-0.073,-0.084,-0.829,20.7
$BARO,52663.156,70050.33,22.81
$IMU,52663.199,-3.234,-6.713,4.455,-0.12060,-0.18554,1.01269,22.29
$MAG,52663.226,-0.070,-0.099,-0.834,20.7
$BARO,52663.258,70059.50,22.81
$IMU,52663.274,7.446,-5.676,0.244,-0.18115,-0.08837,0.99023,22.31
$MAG,52663.327,-0.084,-0.102,-0.849,20.5
$IMU,52663.349,5.493,-13.549,-2.624,-0.06445,-0.07421,1.12255,22.33
$BARO,52663.359,70056.50,22.81
$IMU,52663.424,3.356,-18.066,2.929,0.14501,-0.23779,1.04003,22.29
$MAG,52663.427,-0.088,-0.099,-0.865,20.7
$BARO,52663.461,70055.50,22.82
$IMU,52663.499,12.023,-11.962,4.394,0.13916,-0.14794,0.96875,22.29
$MAG,52663.528,-0.093,-0.109,-0.870,20.7
$BARO,52663.563,70064.67,22.82
$IMU,52663.574,7.202,-9.216,3.784,0.14941,-0.15380,1.00634,22.33
$MAG,52663.628,-0.102,-0.118,-0.874,20.8
$IMU,52663.649,10.742,-5.676,-0.183,0.15673,-0.04931,0.96044,22.30
$BARO,52663.664,70051.09,22.82
$TIME,52663.715,440837.000,2364
$HUM,52663.723,33.3,23.2
$IMU,52663.724,9.460,-4.272,-0.305,0.12451,-0.03613,0.95263,22.30
$MAG,52663.729,-0.099,-0.126,-0.880,20.7
$BARO,52663.766,70062.06,22.82
$IMU,52663.799,4.760,-5.859,4.821,0.23535,-0.02197,1.00537,22.33
$MAG,52663.829,-0.108,-0.115,-0.877,20.7
$BARO,52663.867,70052.70,22.83
$IMU,52663.874,4.150,1.037,1.708,0.20654,-0.06738,1.00195,22.33
$MAG,52663.930,-0.097,-0.132,-0.886,20.7
$IMU,52663.949,11.962,4.516,-2.563,0.18701,-0.02099,0.99755,22.33
$BARO,52663.969,70064.84,22.83
$IMU,52664.024,15.869,7.324,-0.610,0.13427,-0.04003,1.04980,22.33
$MAG,52664.030,-0.096,-0.148,-0.885,20.5
$VBAT,52664.065,3.922
$BARO,52664.070,70065.06,22.83
$IMU,52664.099,27.282,2.502,-2.685,0.14160,-0.03173,1.04492,22.31
$MAG,52664.131,-0.093,-0.178,-0.909,20.5
$BARO,52664.172,70060.25,22.83
$IMU,52664.174,45.227,-2.014,-7.629,0.19335,0.20166,1.03369,22.33
$MAG,52664.231,-0.090,-0.205,-0.933,20.7
$IMU,52664.249,45.593,7.934,-5.859,0.07470,0.33105,1.02929,22.32
$BARO,52664.273,70055.06,22.83
$IMU,52664.325,33.386,10.253,-3.662,0.03759,0.19726,0.99853,22.31
$MAG,52664.332,-0.090,-0.238,-0.927,20.7
$BARO,52664.375,70056.06,22.83
$IMU,52664.400,34.729,15.258,4.760,0.00878,0.15917,0.86865,22.30
$MAG,52664.432,-0.069,-0.279,-0.939,20.7
$IMU,52664.475,43.884,16.113,2.563,-0.08544,0.46533,0.80859,22.35
$BARO,52664.477,70054.06,22.84
$MAG,52664.532,-0.055,-0.294,-0.940,20.8
$IMU,52664.550,19.531,10.314,-12.512,-0.18701,0.50048,0.80322,22.36
$BARO,52664.578,70057.45,22.84
$IMU,52664.625,-3.906,3.967,-8.666,-0.14941,0.42431,0.83984,22.32
$MAG,52664.633,-0.060,-0.276,-0.936,20.7
$BARO,52664.680,70040.70,22.84
$IMU,52664.700,-10.803,6.164,9.460,-0.10839,0.43994,0.89697,22.33
$TIME,52664.715,440838.000,2364
$MAG,52664.733,-0.055,-0.273,-0.937,20.5
$HUM,52664.737,31.1,23.2
$IMU,52664.775,-13.427,8.972,13.244,-0.13085,0.34472,0.92382,22.37
$BARO,52664.781,70051.23,22.85
$MAG,52664.834,-0.042,-0.271,-0.924,20.7
$IMU,52664.850,-2.685,7.751,10.009,-0.09179,0.30517,0.95654,22.33
$BARO,52664.883,70009.19,22.85
$IMU,52664.925,18.981,13.122,9.094,-0.12207,0.25878,0.98242,22.32
$MAG,52664.934,-0.022,-0.309,-0.919,20.7
$BARO,52664.984,70059.60,22.87
$IMU,52665.000,52.490,18.493,7.507,-0.18066,0.38525,0.96093,22.33
$MAG,52665.035,-0.015,-0.373,-0.928,20.8
$VBAT,52665.072,3.913
$IMU,52665.075,78.735,13.000,8.361,-0.17724,0.61230,0.78320,22.34
$BARO,52665.086,70093.04,22.87
$MAG,52665.135,-0.001,-0.433,-0.927,20.8
$IMU,52665.150,76.843,3.234,4.211,-0.15283,0.91455,0.74951,22.33
$BARO,52665.187,70064.54,22.87
$IMU,52665.225,42.846,1.098,3.173,-0.07177,0.76611,0.79541,22.34
$MAG,52665.236,-0.001,-0.468,-0.913,20.8
$BARO,52665.289,70058.57,22.87
$IMU,52665.300,21.606,1.708,12.634,0.01660,0.55224,0.75976,22.29
$MAG,52665.336,-0.007,-0.495,-0.912,20.8
$IMU,52665.375,35.461,-1.159,10.559,0.08398,0.74316,0.66503,22.37
$BARO,52665.390,70050.41,22.87
$MAG,52665.437,-0.015,-0.522,-0.897,20.8
$IMU,52665.450,36.132,-4.150,6.652,-0.00878,0.76708,0.59228,22.37
$BARO,52665.492,70046.04,22.87
$IMU,52665.525,23.010,-6.042,1.831,0.08593,0.76953,0.61083,22.34
$MAG,52665.537,-0.015,-0.537,-0.895,20.5
$BARO,52665.593,70054.18,22.87
$IMU,52665.600,7.629,7.995,6.469,0.13476,0.80371,0.61328,22.34
$MAG,52665.638,-0.012,-0.546,-0.895,20.7
$IMU,52665.676,8.239,5.371,3.234,0.17871,0.85644,0.57812,22.39
$BARO,52665.695,70054.79,22.87
$TIME,52665.715,440839.000,2364
$MAG,52665.738,-0.015,-0.553,-0.886,20.7
$HUM,52665.751,32.4,23.3
$IMU,52665.751,6.835,5.310,-13.122,0.12744,0.81298,0.50781,22.34
$BARO,52665.797,70058.38,22.87
$IMU,52665.826,3.234,9.277,-15.136,0.10400,0.96875,0.52978,22.36
$MAG,52665.838,0.001,-0.535,-0.882,20.8
$BARO,52665.898,70055.18,22.87
$IMU,52665.901,-5.249,13.488,-9.826,0.04199,1.16796,0.54199,22.32
$MAG,52665.939,0.019,-0.514,-0.870,20.7
$IMU,52665.976,-25.146,11.718,-17.944,-0.25292,0.82373,0.49511,22.30
$BARO,52666.000,70053.21,22.87
$MAG,52666.039,0.027,-0.463,-0.886,20.7
$IMU,52666.051,-48.645,-3.234,-41.015,-0.29931,0.69189,0.51123,22.35
$VBAT,52666.084,3.921
$BARO,52666.101,70047.80,22.88
$IMU,52666.126,-64.086,-7.019,-31.250,-0.43750,0.61865,0.67529,22.35
$MAG,52666.140,0.016,-0.394,-0.904,20.8
$IMU,52666.201,-60.729,-8.728,-18.371,-0.41259,0.45458,0.82177,22.39
$BARO,52666.203,70099.81,22.88
$MAG,52666.240,0.007,-0.349,-0.903,20.7
$IMU,52666.276,-45.288,-9.033,-0.122,-0.39208,0.39697,0.82763,22.29
$BARO,52666.304,70069.10,22.89
$MAG,52666.341,0.006,-0.330,-0.904,20.7
$IMU,52666.351,-40.893,-13.366,8.605,-0.45556,0.40820,0.82910,22.38
$BARO,52666.406,70063.11,22.91
$IMU,52666.426,-44.494,-26.184,24.780,-0.21533,0.39843,0.88427,22.36
$MAG,52666.441,-0.013,-0.309,-0.909,20.5
$IMU,52666.501,-46.569,-22.705,23.132,-0.22705,0.35595,0.96533,22.38
$BARO,52666.507,70023.84,22.91
$MAG,52666.542,-0.036,-0.283,-0.921,20.5
$IMU,52666.576,-34.667,-33.569,13.977,-0.08837,0.36181,1.03613,22.35
$BARO,52666.609,70055.52,22.90
$MAG,52666.642,-0.043,-0.273,-0.934,20.7
$IMU,52666.651,-15.502,-23.498,20.751,0.09472,0.23876,1.09667,22.36
$BARO,52666.710,70059.72,22.91
$TIME,52666.715,440840.000,2364
$IMU,52666.726,4.394,4.577,15.625,0.09277,0.16552,1.04541,22.40
$MAG,52666.743,-0.031,-0.310,-0.933,20.8
$HUM,52666.766,30.1,23.3
$IMU,52666.801,22.033,29.846,26.550,0.21435,0.29394,1.00488,22.41
$BARO,52666.812,70041.36,22.91
$MAG,52666.843,0.021,-0.346,-0.891,20.8
$IMU,52666.876,20.996,61.340,49.011,-0.00097,0.36621,1.00830,22.37
$BARO,52666.914,70053.92,22.91
$MAG,52666.944,0.079,-0.393,-0.871,20.9
$IMU,52666.952,24.841,57.189,43.212,-0.17138,0.28906,0.90966,22.38
$BARO,52667.015,70052.33,22.91
$IMU,52667.027,40.710,34.790,28.503,-0.04736,0.49853,0.77197,22.38
$MAG,52667.044,0.087,-0.436,-0.843,20.7
$VBAT,52667.091,3.929
$IMU,52667.102,34.179,46.875,43.334,0.04833,0.64648,0.73046,22.38
$BARO,52667.117,70056.89,22.92
$MAG,52667.145,0.127,-0.493,-0.796,20.7
$IMU,52667.177,18.737,63.659,55.175,-0.23095,0.63867,0.78466,22.37
$BARO,52667.218,70009.85,22.93
$MAG,52667.245,0.135,-0.520,-0.769,20.8
$IMU,52667.252,8.422,27.404,34.912,-0.14941,0.58544,0.80664,22.36
$BARO,52667.320,70014.82,22.94
$IMU,52667.327,13.183,7.873,18.066,-0.07617,0.58105,0.78759,22.36
$MAG,52667.346,0.130,-0.537,-0.751,20.7
$IMU,52667.402,25.451,3.723,15.258,-0.09179,0.74414,0.76513,22.44
$BARO,52667.421,70079.58,22.94
$MAG,52667.446,0.123,-0.574,-0.747,20.7
$IMU,52667.477,22.766,0.610,17.639,-0.12060,0.95605,0.79150,22.38
$BARO,52667.523,70070.39,22.95
$MAG,52667.546,0.124,-0.567,-0.741,20.7
$IMU,52667.552,5.310,0.183,3.295,-0.32421,0.69238,0.74658,22.34
$BARO,52667.624,70055.84,22.95
$IMU,52667.627,6.286,-2.502,0.122,-0.19189,0.54345,0.60058,22.37
$MAG,52667.647,0.120,-0.585,-0.735,20.8
$IMU,52667.702,13.732,2.868,14.648,-0.25048,0.80419,0.63916,22.40
$TIME,52667.715,440841.000,2364
$BARO,52667.726,70054.45,22.95
$MAG,52667.747,0.118,-0.580,-0.735,20.7
$IMU,52667.777,2.807,1.525,-0.671,-0.24511,0.64990,0.60888,22.41
$HUM,52667.780,26.6,23.3
$BARO,52667.827,70063.40,22.95
$MAG,52667.848,0.117,-0.595,-0.724,20.8
$IMU,52667.852,10.803,1.281,0.671,-0.23046,0.72119,0.58789,22.32
$IMU,52667.927,10.314,3.723,8.483,-0.23437,0.82031,0.59033,22.41
$BARO,52667.929,70058.23,22.95
$MAG,52667.948,0.114,-0.598,-0.720,20.7
$IMU,52668.002,4.638,5.859,9.277,-0.28808,0.84619,0.62841,22.38
$BARO,52668.030,70056.65,22.94
$MAG,52668.049,0.115,-0.616,-0.723,20.7
$IMU,52668.077,-2.075,0.183,9.582,-0.30273,0.78417,0.66455,22.40
$VBAT,52668.102,3.916
$BARO,52668.132,70063.42,22.94
$MAG,52668.149,0.097,-0.637,-0.726,20.9
$IMU,52668.152,5.615,-8.544,14.404,-0.25781,0.73095,0.64306,22.39
$IMU,52668.227,17.211,-11.352,26.611,-0.20751,0.77392,0.62402,22.42
$BARO,52668.233,70055.45,22.94
$MAG,52668.250,0.087,-0.654,-0.718,20.7
$IMU,52668.303,18.310,-16.784,37.597,-0.03710,0.94824,0.67822,22.37
$BARO,52668.335,70056.06,22.94
$MAG,52668.350,0.046,-0.676,-0.729,20.8
$IMU,52668.378,0.000,-18.493,36.560,0.25634,0.65722,0.63183,22.39
$BARO,52668.436,70063.23,22.94
$MAG,52668.451,0.045,-0.687,-0.732,20.7
$IMU,52668.453,-0.549,-1.770,20.996,0.25976,0.76806,0.60449,22.42
$IMU,52668.528,0.732,11.962,12.695,0.10009,0.84863,0.60986,22.42
$BARO,52668.538,70053.48,22.94
$MAG,52668.551,0.034,-0.694,-0.720,20.7
$IMU,52668.603,-11.657,11.962,6.835,0.14990,0.77734,0.63134,22.43
$BARO,52668.640,70064.45,22.93
$MAG,52668.652,0.046,-0.696,-0.727,20.7
$IMU,52668.678,-16.418,15.930,1.647,0.09130,0.68994,0.67675,22.41
$TIME,52668.715,440842.000,2364
$BARO,52668.741,70055.48,22.94
$MAG,52668.752,0.051,-0.682,-0.723,20.8
$IMU,52668.753,-14.282,12.451,0.183,0.13134,0.69091,0.72314,22.44
$HUM,52668.794,31.1,23.4
$IMU,52668.828,-5.371,13.183,3.540,0.13232,0.72656,0.71728,22.43
$BARO,52668.843,70058.06,22.94
$MAG,52668.853,0.054,-0.690,-0.711,20.8
$IMU,52668.903,1.525,11.718,0.427,0.11230,0.75634,0.69335,22.40
$BARO,52668.944,70061.03,22.95
$MAG,52668.953,0.066,-0.684,-0.706,20.9
$IMU,52668.978,1.831,7.934,-3.051,0.10009,0.68603,0.70117,22.39
$BARO,52669.046,70065.01,22.95
$IMU,52669.053,5.310,5.126,-5.065,0.09521,0.77929,0.72705,22.44
$MAG,52669.054,0.057,-0.690,-0.699,20.8
$VBAT,52669.102,3.927
$IMU,52669.128,10.681,0.793,-10.437,0.03076,0.72900,0.64697,22.42
$BARO,52669.147,70062.62,22.95
$MAG,52669.154,0.078,-0.685,-0.699,20.8
$IMU,52669.203,15.014,-3.784,-15.441,-0.04882,0.87011,0.65869,22.39
$BARO,52669.249,70052.65,22.96
$MAG,52669.255,0.073,-0.672,-0.694,20.8
$IMU,52669.278,5.554,-8.056,-17.883,-0.12011,0.82373,0.66259,22.39
$BARO,52669.350,70054.65,22.95
$IMU,52669.353,8.483,-10.009,-15.380,-0.08837,0.70751,0.55273,22.43
$MAG,52669.355,0.078,-0.670,-0.699,20.8
$IMU,52669.428,14.343,-6.103,-6.103,-0.08789,0.92431,0.57177,22.40
$BARO,52669.452,70061.03,22.95
$MAG,52669.455,0.091,-0.672,-0.688,20.8
$IMU,52669.503,2.136,-3.601,-12.268,-0.15039,0.85205,0.57128,22.40
$BARO,52669.554,70065.59,22.95
$MAG,52669.556,0.097,-0.660,-0.691,20.8
$IMU,52669.579,2.685,-7.629,-14.892,-0.12744,0.81591,0.53027,22.42
$IMU,52669.654,3.479,-6.286,-8.728,-0.12500,0.84521,0.52734,22.42
$BARO,52669.655,70050.26,22.95
$MAG,52669.656,0.087,-0.654,-0.703,20.8
$TIME,52669.715,440843.000,2364
$IMU,52669.729,2.502,-7.751,-6.286,-0.10595,0.85791,0.50634,22.42
$BARO,52669.757,70060.81,22.95
$MAG,52669.757,0.093,-0.660,-0.708,20.7
$IMU,52669.804,0.854,-8.850,-9.216,-0.11523,0.88769,0.53222,22.43
$HUM,52669.808,32.3,23.4
$MAG,52669.857,0.096,-0.646,-0.717,20.7
$BARO,52669.858,70060.81,22.95
$IMU,52669.879,-4.699,-7.202,-7.446,-0.09277,0.83691,0.53369,22.42
$IMU,52669.954,-2.624,-1.892,3.173,-0.10058,0.85302,0.54785,22.42
$MAG,52669.958,0.094,-0.652,-0.712,20.9
$BARO,52669.960,70064.01,22.95
$IMU,52670.029,-3.479,-1.464,8.911,-0.06689,0.84375,0.58691,22.44
$MAG,52670.058,0.078,-0.648,-0.717,20.9
$BARO,52670.061,70070.39,22.95
$VBAT,52670.103,3.932
$IMU,52670.104,-0.610,-3.540,10.559,-0.06494,0.88232,0.61914,22.40
$MAG,52670.159,0.075,-0.658,-0.720,20.9
$BARO,52670.163,70052.45,22.95
$IMU,52670.179,5.065,-9.582,6.774,-0.04248,0.85693,0.58154,22.44
$IMU,52670.254,10.253,-19.165,2.990,-0.03369,0.90771,0.59130,22.41
$MAG,52670.259,0.063,-0.658,-0.738,20.8
$BARO,52670.264,70048.65,22.95
$IMU,52670.329,8.605,-27.221,-5.065,0.09179,0.76171,0.57861,22.41
$MAG,52670.360,0.061,-0.669,-0.741,20.8
$BARO,52670.366,70057.23,22.96
$IMU,52670.404,16.601,-18.005,-8.728,0.04394,0.83837,0.50878,22.41
$MAG,52670.460,0.049,-0.661,-0.751,20.7
$BARO,52670.467,70058.82,22.95
$IMU,52670.479,7.324,-17.700,-9.033,0.12695,0.96679,0.56494,22.45
$IMU,52670.554,-10.620,-7.446,-5.615,0.06884,0.77734,0.59326,22.45
$MAG,52670.561,0.055,-0.666,-0.750,20.7
$BARO,52670.569,70056.62,22.96
$IMU,52670.629,-1.281,1.831,-8.056,0.06640,0.74267,0.55371,22.47
$MAG,52670.661,0.057,-0.658,-0.744,20.8
$BARO,52670.671,70056.43,22.96
$IMU,52670.704,15.625,1.892,-10.742,0.03173,0.84179,0.52294,22.41
$TIME,52670.715,440844.000,2364
$MAG,52670.762,0.067,-0.661,-0.741,20.8
$BARO,52670.772,70056.62,22.96
$IMU,52670.779,20.996,-6.469,-14.465,0.08837,0.90087,0.47070,22.43
$HUM,52670.822,32.5,23.3
$IMU,52670.854,14.770,-1.708,-6.469,0.17675,0.94970,0.40869,22.44
$MAG,52670.862,0.070,-0.654,-0.733,20.8
$BARO,52670.874,70054.40,22.96
$IMU,52670.930,-10.437,28.137,15.258,0.23486,0.93798,0.38769,22.45
$MAG,52670.963,0.078,-0.670,-0.712,20.9
$BARO,52670.975,70057.40,22.96
$IMU,52671.005,-35.400,68.908,40.222,0.13037,0.98828,0.48046,22.43
$MAG,52671.063,0.087,-0.682,-0.687,20.8
$BARO,52671.077,70058.60,22.97
$IMU,52671.080,-52.368,86.425,50.476,-0.07080,0.99658,0.63671,22.45
$VBAT,52671.103,3.932
$IMU,52671.155,-51.696,76.843,33.874,-0.14599,0.78173,0.71093,22.43
$MAG,52671.164,0.090,-0.688,-0.657,20.9
$BARO,52671.178,70057.99,22.97
$IMU,52671.230,-33.325,61.889,26.062,-0.18652,0.57373,0.62841,22.44
$MAG,52671.264,0.093,-0.693,-0.634,20.5
$BARO,52671.280,70063.37,22.97
$IMU,52671.305,-11.840,40.771,17.272,-0.24511,0.62597,0.64843,22.45
$MAG,52671.365,0.102,-0.688,-0.627,20.8
$IMU,52671.380,3.417,9.521,-8.239,-0.27978,0.73437,0.69335,22.41
$BARO,52671.381,70057.57,22.97
$IMU,52671.455,15.747,-9.582,-28.808,-0.29541,0.73046,0.68750,22.43
$MAG,52671.465,0.112,-0.684,-0.630,20.7
$BARO,52671.483,70056.99,22.98
$IMU,52671.530,24.414,-25.878,-29.541,-0.42431,0.69433,0.57714,22.47
$MAG,52671.566,0.120,-0.661,-0.652,20.7
$BARO,52671.585,70058.57,22.99
$IMU,52671.605,37.353,-72.998,-45.104,-0.32617,0.80810,0.50439,22.48
$MAG,52671.666,0.123,-0.640,-0.717,20.8
$IMU,52671.680,41.137,-97.167,-55.603,-0.15185,0.88720,0.46533,22.46
$BARO,52671.686,70059.55,22.98
$TIME,52671.715,440844.000,2364
$IMU,52671.755,35.827,-75.073,-46.508,-0.11523,0.92773,0.44189,22.41
$MAG,52671.767,0.108,-0.627,-0.748,20.7
$BARO,52671.788,70052.19,22.99
$IMU,52671.830,24.963,-49.194,-25.451,-0.11328,0.91064,0.40478,22.44
$HUM,52671.836,32.3,23.4
$MAG,52671.867,0.088,-0.613,-0.759,20.9
$BARO,52671.889,70057.38,22.98
$IMU,52671.905,18.066,-38.146,-9.277,-0.15283,0.93554,0.37207,22.47
$MAG,52671.968,0.063,-0.627,-0.781,20.9
$IMU,52671.980,10.742,-40.161,-6.835,-0.08642,1.01806,0.42089,22.48
$BARO,52671.991,70064.15,22.99
$IMU,52672.055,3.234,-36.865,-0.732,-0.03515,0.99072,0.45800,22.47
$MAG,52672.068,0.057,-0.622,-0.805,20.7
$BARO,52672.092,70058.77,22.99
$VBAT,52672.103,3.921
$IMU,52672.130,9.765,-28.808,-0.366,0.00732,1.07421,0.55224,22.50
$MAG,52672.169,0.027,-0.625,-0.813,20.7
$BARO,52672.194,70055.77,22.98
$IMU,52672.206,3.112,-25.939,6.591,0.10351,0.86181,0.58837,22.47
$MAG,52672.269,0.021,-0.631,-0.822,20.8
$IMU,52672.281,-2.929,-16.479,1.220,0.14697,0.75097,0.56250,22.47
$BARO,52672.295,70047.41,22.99
$IMU,52672.356,0.793,-7.019,-4.760,0.07763,0.85546,0.58886,22.47
$MAG,52672.370,0.016,-0.630,-0.823,20.8
$BARO,52672.397,70062.54,22.99
$IMU,52672.431,-2.990,-1.831,-10.009,0.04833,0.74511,0.53076,22.45
$MAG,52672.470,0.021,-0.627,-0.823,20.7
$BARO,52672.499,70050.60,22.99
$IMU,52672.506,5.310,2.563,-7.019,0.02832,0.83007,0.46728,22.49
$MAG,52672.571,0.033,-0.622,-0.817,20.8
$IMU,52672.581,3.845,2.990,-6.530,0.04101,0.85986,0.43017,22.49
$BARO,52672.600,70055.16,23.00
$IMU,52672.656,0.122,3.967,-0.915,0.04687,0.86572,0.43798,22.49
$MAG,52672.671,0.025,-0.628,-0.819,20.8
$BARO,52672.702,70049.58,22.99
$TIME,52672.715,440846.000,2364
$IMU,52672.731,1.770,2.258,3.662,0.10937,0.89160,0.42773,22.45
$MAG,52672.772,0.031,-0.637,-0.808,20.7
$BARO,52672.803,70050.36,23.00
$IMU,52672.806,7.446,4.821,5.004,0.15576,0.99804,0.47119,22.49
$HUM,52672.850,32.4,23.4
$MAG,52672.872,0.034,-0.637,-0.801,20.7
$IMU,52672.881,7.568,14.099,3.662,0.12255,1.06689,0.45507,22.45
$BARO,52672.905,70057.74,23.00
$IMU,52672.956,11.779,16.906,-4.272,-0.10693,1.05566,0.42626,22.48
$MAG,52672.973,0.046,-0.643,-0.787,20.7
$BARO,52673.006,70057.52,23.00
$IMU,52673.031,4.455,5.493,-16.418,-0.29931,0.92626,0.42138,22.51
$MAG,52673.073,0.057,-0.621,-0.798,20.7
$VBAT,52673.104,3.932
$IMU,52673.106,-24.780,-8.605,-20.568,-0.26855,0.97265,0.44873,22.47
$BARO,52673.108,70061.52,23.00
$MAG,52673.174,0.034,-0.561,-0.855,20.9
$IMU,52673.181,-61.645,-30.822,-12.573,-0.22216,0.94384,0.45458,22.54
$BARO,52673.209,70058.94,23.00
$IMU,52673.256,-95.214,-61.523,-18.371,-0.06689,0.61718,0.47802,22.50
$MAG,52673.274,-0.006,-0.492,-0.918,20.7
$BARO,52673.311,70048.36,23.01
$IMU,52673.331,-87.158,-74.340,-19.104,0.01025,0.57128,0.64892,22.48
$MAG,52673.375,-0.066,-0.414,-0.966,20.8
$IMU,52673.406,-71.289,-70.068,-19.592,0.14013,0.51123,0.83251,22.45
$BARO,52673.413,70054.33,23.01
$MAG,52673.475,-0.103,-0.367,-0.961,20.8
$IMU,52673.481,-50.476,-42.785,-12.084,0.13183,0.42578,0.93457,22.50
$BARO,52673.514,70058.30,23.01
$IMU,52673.557,-25.756,-15.502,-6.652,0.02539,0.39990,0.93310,22.54
$MAG,52673.576,-0.117,-0.346,-0.975,20.9
$BARO,52673.616,70064.69,23.01
$IMU,52673.632,-4.638,-7.568,-8.666,-0.05664,0.56201,0.89697,22.49
$MAG,52673.676,-0.130,-0.352,-0.981,20.8
$IMU,52673.707,-5.798,-15.075,0.732,0.24853,0.71142,0.96582,22.52
$TIME,52673.715,440847.000,2364
$BARO,52673.717,70061.69,23.02
$MAG,52673.777,-0.106,-0.331,-0.967,20.9
$IMU,52673.782,-17.944,9.948,20.690,0.41894,0.40966,0.90576,22.49
$BARO,52673.819,70058.91,23.02
$IMU,52673.857,-26.245,45.776,36.010,0.34326,0.28662,0.91455,22.50
$HUM,52673.864,31.5,23.6
$MAG,52673.877,-0.055,-0.325,-0.952,20.9
$BARO,52673.921,70056.69,23.02
$IMU,52673.932,-27.954,56.274,21.911,0.19091,0.29589,0.96728,22.51
$MAG,52673.978,-0.007,-0.301,-0.921,20.8
$IMU,52674.007,-27.954,44.433,3.234,0.08544,0.16650,0.93310,22.55
$BARO,52674.022,70047.53,23.03
$MAG,52674.078,0.015,-0.294,-0.912,20.9
$IMU,52674.082,-14.953,32.653,-8.361,-0.02441,0.24365,0.94482,22.49
$VBAT,52674.104,3.922
$BARO,52674.124,70059.08,23.03
$IMU,52674.157,-11.169,19.104,-12.939,-0.09228,0.26611,0.94970,22.52
$MAG,52674.179,0.007,-0.273,-0.912,20.8
$BARO,52674.225,70054.28,23.04
$IMU,52674.232,-8.789,8.117,-9.094,-0.04638,0.25927,0.91845,22.47
$MAG,52674.279,0.024,-0.271,-0.901,20.8
$IMU,52674.307,-9.338,5.920,6.164,-0.06298,0.26513,0.91259,22.52
$BARO,52674.327,70054.87,23.04
$MAG,52674.380,0.036,-0.273,-0.894,20.8
$IMU,52674.382,-11.596,6.347,12.695,-0.05664,0.29736,1.00097,22.50
$BARO,52674.428,70054.45,23.04
$IMU,52674.457,-18.798,7.934,25.390,-0.08496,0.28808,1.09619,22.53
$MAG,52674.480,0.039,-0.276,-0.880,20.8
$BARO,52674.530,70062.42,23.04
$IMU,52674.532,-12.084,7.507,25.085,-0.13378,0.28759,1.02734,22.54
$MAG,52674.581,0.057,-0.274,-0.879,20.8
$IMU,52674.607,-16.784,9.643,13.732,-0.18457,0.01708,0.95166,22.52
$BARO,52674.631,70065.62,23.05
$MAG,52674.681,0.067,-0.271,-0.862,20.9
$IMU,52674.682,-15.075,21.423,13.000,-0.29833,0.16162,0.99023,22.52
$TIME,52674.715,440848.000,2364
$BARO,52674.733,70072.39,23.05
$IMU,52674.757,-17.700,22.460,17.517,-0.34277,0.05908,0.97167,22.50
$MAG,52674.782,0.105,-0.274,-0.841,20.8
$IMU,52674.832,-3.784,16.235,19.653,-0.30419,0.14355,0.89404,22.51
$BARO,52674.835,70060.03,23.05
$HUM,52674.878,33.3,23.5
$MAG,52674.882,0.109,-0.288,-0.843,20.9
$IMU,52674.908,2.380,9.277,10.437,-0.31835,0.22802,0.79833,22.52
$BARO,52674.936,70063.23,23.05
$MAG,52674.983,0.091,-0.276,-0.838,20.8
$IMU,52674.983,-0.915,-2.258,-0.671,-0.29833,0.23730,0.78906,22.45
$BARO,52675.038,70055.65,23.05
$IMU,52675.058,-11.352,-11.962,-15.136,-0.32324,0.27490,0.88671,22.49
$MAG,52675.083,0.079,-0.243,-0.861,20.8
$VBAT,52675.105,3.919
$IMU,52675.133,-23.559,-26.123,-31.616,-0.29199,0.14697,0.93652,22.49
$BARO,52675.139,70059.81,23.05
$MAG,52675.184,0.039,-0.192,-0.865,20.9
$IMU,52675.208,-30.517,-41.748,-44.799,-0.12353,0.08056,1.02392,22.58
$BARO,52675.241,70057.62,23.05
$IMU,52675.283,-30.090,-38.391,-43.334,0.02001,-0.04296,1.02490,22.54
$MAG,52675.284,-0.013,-0.154,-0.877,20.9
$BARO,52675.342,70060.84,23.05
$IMU,52675.358,-33.630,-22.705,-35.644,0.05761,-0.16455,1.06542,22.51
$MAG,52675.385,-0.030,-0.115,-0.870,20.9
$IMU,52675.433,-39.550,-12.451,-17.333,0.10693,-0.34375,1.12988,22.52
$BARO,52675.444,70056.45,23.05
$MAG,52675.485,-0.046,-0.096,-0.849,20.9
$IMU,52675.508,-25.390,-6.164,-16.174,0.06835,-0.33203,1.12792,22.57
$BARO,52675.546,70052.65,23.05
$IMU,52675.583,-11.108,-7.812,-19.653,0.02734,-0.31933,1.05908,22.55
$MAG,52675.585,-0.069,-0.078,-0.855,20.9
$BARO,52675.647,70058.45,23.05
$IMU,52675.658,-3.540,-13.244,-10.131,0.09228,-0.29638,1.02392,22.53
$MAG,52675.686,-0.085,-0.078,-0.856,20.8
$TIME,52675.715,440849.000,2364
$IMU,52675.733,2.990,-12.451,-7.690,0.11425,-0.24365,0.97119,22.52
$BARO,52675.749,70055.26,23.05
$MAG,52675.786,-0.097,-0.075,-0.870,20.9
$IMU,52675.808,1.525,-11.352,-5.859,0.10400,-0.22509,1.02001,22.52
$BARO,52675.850,70055.65,23.05
$IMU,52675.883,-0.122,-9.155,3.479,0.08837,-0.26171,1.04101,22.53
$MAG,52675.887,-0.103,-0.079,-0.870,20.9
$HUM,52675.893,33.3,23.5
$BARO,52675.952,70060.42,23.05
$IMU,52675.958,7.873,-10.742,8.850,0.10253,-0.26269,1.03027,22.55
$MAG,52675.987,-0.094,-0.102,-0.883,20.8
$IMU,52676.033,15.441,-12.390,11.657,0.16357,-0.19580,0.98437,22.55
$BARO,52676.053,70057.84,23.05
$MAG,52676.088,-0.105,-0.108,-0.898,20.9
$VBAT,52676.105,3.916
$IMU,52676.108,17.822,-7.934,12.268,0.16015,-0.15625,0.97167,22.57
$BARO,52676.155,70057.43,23.06
$IMU,52676.184,16.418,-4.699,10.742,0.14453,-0.11962,0.94873,22.56
$MAG,52676.188,-0.093,-0.127,-0.915,20.9
$BARO,52676.256,70060.81,23.05
$IMU,52676.259,15.930,-2.746,14.404,0.18798,-0.04199,0.93994,22.55
$MAG,52676.289,-0.085,-0.142,-0.909,20.9
$IMU,52676.334,9.887,0.366,24.353,0.16650,-0.03417,0.94335,22.54
$BARO,52676.358,70059.23,23.06
$MAG,52676.389,-0.070,-0.163,-0.924,20.9
$IMU,52676.409,7.324,-3.295,25.268,0.21777,-0.05029,0.96972,22.56
$BARO,52676.460,70055.84,23.06
$IMU,52676.484,8.178,-6.164,25.634,0.26220,-0.02929,0.98828,22.53
$MAG,52676.490,-0.060,-0.168,-0.921,20.9
$IMU,52676.559,10.864,-7.751,17.700,0.26513,0.04248,0.93896,22.56
$BARO,52676.561,70057.21,23.06
$MAG,52676.590,-0.067,-0.168,-0.928,20.9
$IMU,52676.634,4.943,-4.333,7.263,0.14062,0.05078,0.87744,22.57
$BARO,52676.663,70048.85,23.06
$MAG,52676.691,-0.075,-0.190,-0.928,20.9
$IMU,52676.709,-2.624,-11.718,2.075,0.21142,0.07324,0.97656,22.54
$TIME,52676.715,440850.000,2364
$BARO,52676.764,70052.04,23.06
$IMU,52676.784,-15.441,-14.221,22.827,0.32666,-0.16015,1.06005,22.57
$MAG,52676.791,-0.070,-0.189,-0.928,20.9
$IMU,52676.859,-8.544,-6.652,22.766,0.47167,-0.19140,1.07568,22.56
$BARO,52676.866,70055.40,23.07
$MAG,52676.892,-0.061,-0.187,-0.927,21.0
$HUM,52676.907,32.8,23.5
$IMU,52676.934,11.169,7.934,9.155,0.32031,-0.08349,0.99462,22.58
$BARO,52676.967,70050.41,23.07
$MAG,52676.992,-0.057,-0.207,-0.939,20.9
$IMU,52677.009,21.606,13.732,4.211,0.37939,-0.02880,0.97021,22.57
$BARO,52677.069,70056.60,23.07
$IMU,52677.084,20.690,18.676,17.700,0.34277,-0.04980,1.03271,22.54
$MAG,52677.093,-0.027,-0.228,-0.930,20.8
$VBAT,52677.105,3.930
$IMU,52677.159,34.118,22.216,6.896,0.35498,0.21630,0.93603,22.58
$BARO,52677.170,70060.38,23.07
$MAG,52677.193,0.004,-0.273,-0.927,20.9
$IMU,52677.234,35.156,33.325,8.911,0.18750,0.26562,0.94726,22.59
$BARO,52677.272,70060.59,23.07
$MAG,52677.294,0.037,-0.295,-0.909,20.8
$IMU,52677.309,23.498,44.433,0.000,-0.06494,-0.03222,1.04443,22.57
$BARO,52677.374,70051.02,23.08
$IMU,52677.384,42.907,55.358,4.150,-0.32519,0.12890,1.00878,22.56
$MAG,52677.394,0.087,-0.339,-0.877,20.9
$IMU,52677.459,48.400,47.302,14.709,-0.35351,0.25048,0.90771,22.56
$BARO,52677.475,70057.57,23.08
$MAG,52677.495,0.108,-0.387,-0.850,20.9
$IMU,52677.535,51.208,35.461,19.165,-0.32910,0.33544,0.79443,22.56
$BARO,52677.577,70057.35,23.09
$MAG,52677.595,0.132,-0.424,-0.829,20.9
$IMU,52677.610,49.926,26.672,14.404,-0.37939,0.45361,0.79003,22.58
$BARO,52677.678,70035.81,23.10
$IMU,52677.685,41.137,20.019,1.586,-0.44433,0.46044,0.79931,22.58
$MAG,52677.695,0.136,-0.465,-0.817,20.9
$TIME,52677.715,440851.000,2364
$IMU,52677.760,38.879,10.986,5.798,-0.54541,0.48730,0.76269,22.63
$BARO,52677.780,70021.23,23.11
$MAG,52677.796,0.135,-0.489,-0.811,20.9
$IMU,52677.835,40.527,-6.652,10.864,-0.50390,0.58837,0.77783,22.63
$BARO,52677.881,70051.70,23.13
$MAG,52677.896,0.117,-0.523,-0.816,20.8
$IMU,52677.910,37.719,-17.150,17.822,-0.37207,0.68554,0.74365,22.57
$HUM,52677.921,6543.3,23.5
$BARO,52677.983,70047.92,23.13
$IMU,52677.985,41.320,-21.789,27.465,-0.12109,0.77929,0.67724,22.56
$MAG,52677.997,0.109,-0.568,-0.816,20.9
$IMU,52678.060,22.277,-13.854,37.048,0.01025,0.79345,0.74804,22.59
$BARO,52678.084,70055.28,23.14
$MAG,52678.097,0.082,-0.595,-0.819,20.9
$VBAT,52678.106,3.927
$IMU,52678.135,8.972,-7.324,30.639,0.14160,0.56250,0.72558,22.60
$BARO,52678.186,70057.65,23.14
$MAG,52678.198,0.070,-0.627,-0.792,20.9
$IMU,52678.210,22.460,1.220,27.709,0.10839,0.69531,0.66113,22.61
$IMU,52678.285,17.700,-0.427,25.756,0.16259,0.81689,0.59228,22.60
$BARO,52678.288,70057.26,23.14
$MAG,52678.298,0.046,-0.655,-0.798,20.9
$IMU,52678.360,-1.220,0.122,25.329,0.34716,0.83886,0.66552,22.58
$BARO,52678.389,70059.45,23.14
$MAG,52678.399,0.042,-0.657,-0.804,20.9
$IMU,52678.435,-26.794,14.343,23.559,0.30029,0.61523,0.55712,22.61
$BARO,52678.491,70061.84,23.15
$MAG,52678.499,0.058,-0.627,-0.823,20.8
$IMU,52678.510,-29.541,10.803,-5.187,0.12792,0.83984,0.38623,22.61
$IMU,52678.585,-73.425,-6.042,-15.258,0.09814,0.77099,0.38378,22.62
$BARO,52678.592,70058.43,23.16
$MAG,52678.600,0.061,-0.555,-0.865,21.0
$IMU,52678.660,-120.788,-13.793,-4.150,0.15478,0.36425,0.53173,22.63
$BARO,52678.694,70059.42,23.16
$MAG,52678.700,0.049,-0.477,-0.912,20.9
$TIME,52678.715,440852.000,2364
$IMU,52678.735,-117.858,-4.577,11.596,0.15380,0.19238,0.65820,22.59
$BARO,52678.795,70068.98,23.16
$MAG,52678.801,0.048,-0.399,-0.916,20.9
$IMU,52678.811,-95.397,4.638,26.184,0.13964,0.15332,0.70800,22.63
$IMU,52678.886,-88.256,8.422,18.249,0.00781,-0.04833,0.77001,22.65
$BARO,52678.897,70052.65,23.15
$MAG,52678.901,0.054,-0.331,-0.907,20.8
$HUM,52678.935,32.8,23.6
$IMU,52678.961,-91.979,1.403,-2.990,0.01464,-0.33496,0.92187,22.63
$BARO,52678.998,70050.45,23.15
$MAG,52679.002,0.057,-0.252,-0.906,20.9
$IMU,52679.036,-90.576,0.793,-7.690,-0.07470,-0.59228,1.03515,22.62
$BARO,52679.100,70063.42,23.15
$MAG,52679.102,0.051,-0.210,-0.888,20.9
$VBAT,52679.106,3.924
$IMU,52679.111,-66.162,-1.403,-7.751,-0.06689,-0.59667,1.01904,22.62
$IMU,52679.186,-56.030,-1.464,-1.953,-0.06835,-0.65332,1.06835,22.60
$BARO,52679.202,70069.42,23.15
$MAG,52679.203,0.030,-0.178,-0.856,20.8
$IMU,52679.261,-45.471,-5.798,-1.831,-0.02246,-0.68505,1.04541,22.63
$BARO,52679.303,70060.86,23.14
$MAG,52679.303,0.033,-0.147,-0.852,21.2
$IMU,52679.336,-32.653,-3.906,-1.770,0.01367,-0.68896,1.05957,22.64
$MAG,52679.404,0.025,-0.136,-0.856,20.8
$BARO,52679.405,70060.06,23.14
$IMU,52679.411,-13.549,-6.774,-3.479,0.04248,-0.71142,0.96533,22.65
$IMU,52679.486,-3.479,-16.357,-11.291,0.13574,-0.61279,0.97949,22.59
$MAG,52679.504,0.009,-0.130,-0.855,20.9
$BARO,52679.506,70068.42,23.14
$IMU,52679.561,-25.085,-14.892,-17.761,0.20898,-0.64306,1.04589,22.62
$MAG,52679.605,-0.004,-0.088,-0.849,21.0
$BARO,52679.608,70067.83,23.14
$IMU,52679.636,-32.714,-10.375,-18.310,0.20751,-0.75878,1.02636,22.63
$MAG,52679.705,-0.046,-0.078,-0.846,20.9
$BARO,52679.709,70062.84,23.14
$IMU,52679.711,-14.892,-16.906,-26.733,0.26513,-0.70117,0.89404,22.67
$TIME,52679.715,440853.000,2364
$IMU,52679.786,-6.225,-22.033,-27.893,0.36865,-0.57421,0.79785,22.65
$MAG,52679.806,-0.072,-0.063,-0.844,20.9
$BARO,52679.811,70063.06,23.14
$IMU,52679.861,-12.512,-23.925,-27.099,0.38085,-0.55908,0.74169,22.64
$MAG,52679.906,-0.135,-0.033,-0.852,20.9
$BARO,52679.912,70075.83,23.13
$IMU,52679.936,-17.517,-27.770,-39.489,0.42089,-0.57568,0.70458,22.65
$HUM,52679.949,33.9,23.6
$MAG,52680.006,-0.162,-0.024,-0.843,20.9
$IMU,52680.011,-12.756,-11.779,-33.325,0.44580,-0.61279,0.64257,22.65
$BARO,52680.014,70060.67,23.14
$IMU,52680.087,-4.821,4.455,-17.333,0.44726,-0.52929,0.65429,22.65
$VBAT,52680.106,3.926
$MAG,52680.107,-0.165,-0.012,-0.832,20.9
$BARO,52680.116,70067.22,23.14
$IMU,52680.162,-5.126,9.704,-5.920,0.49902,-0.57910,0.63037,22.66
$MAG,52680.207,-0.154,-0.013,-0.826,20.9
$BARO,52680.217,70067.64,23.13
$IMU,52680.237,-4.699,10.986,-6.652,0.39111,-0.54833,0.63476,22.66
$MAG,52680.308,-0.178,0.003,-0.819,20.9
$IMU,52680.312,-13.061,-0.732,-18.493,0.48388,-0.57763,0.67480,22.65
$BARO,52680.319,70063.25,23.14
$IMU,52680.387,-14.587,6.591,-18.066,0.41650,-0.62255,0.68261,22.62
$MAG,52680.408,-0.178,0.006,-0.802,20.9
$BARO,52680.420,70059.06,23.14
$IMU,52680.462,-10.681,7.446,-10.864,0.40966,-0.61572,0.65527,22.64
$MAG,52680.509,-0.180,0.004,-0.802,20.9
$BARO,52680.522,70066.83,23.14
$IMU,52680.537,-9.094,6.835,-3.112,0.47265,-0.60449,0.67968,22.62
$MAG,52680.609,-0.166,0.013,-0.798,20.9
$IMU,52680.612,-2.746,16.418,-1.220,0.43847,-0.60498,0.63720,22.65
$BARO,52680.623,70064.03,23.14
$IMU,52680.687,-1.342,20.324,-2.746,0.33154,-0.60400,0.69775,22.64
$MAG,52680.710,-0.168,0.016,-0.792,20.9
$BARO,52680.725,70063.84,23.14
$IMU,52680.762,-2.136,14.526,-1.953,0.34033,-0.62841,0.69287,22.67
$MAG,52680.810,-0.157,0.006,-0.790,21.0
$BARO,52680.826,70070.00,23.15
$IMU,52680.837,0.976,12.817,6.225,0.33837,-0.61083,0.69970,22.64
$MAG,52680.911,-0.139,0.007,-0.792,21.0
$IMU,52680.912,2.807,9.460,6.408,0.36376,-0.60302,0.68798,22.66
$BARO,52680.928,70060.23,23.15
$HUM,52680.963,34.0,23.6
$IMU,52680.987,0.854,12.084,12.390,0.36865,-0.60351,0.75781,22.62
$MAG,52681.011,-0.123,0.000,-0.784,20.9
$BARO,52681.030,70063.20,23.15
$IMU,52681.062,-0.915,16.418,15.869,0.32861,-0.67675,0.77539,22.64
$VBAT,52681.107,3.937
$MAG,52681.112,-0.097,-0.004,-0.786,20.8
$BARO,52681.131,70066.23,23.15
$IMU,52681.137,7.812,15.930,15.502,0.30664,-0.60937,0.69628,22.61
$MAG,52681.212,-0.066,-0.016,-0.784,20.9
$IMU,52681.212,8.728,21.301,15.014,0.31103,-0.51171,0.67822,22.66
$BARO,52681.233,70063.62,23.15
$IMU,52681.287,-1.708,25.695,19.897,0.13623,-0.56347,0.81152,22.66
$MAG,52681.313,-0.051,-0.018,-0.775,20.9
$BARO,52681.334,70066.59,23.16
$IMU,52681.362,-1.403,11.962,9.887,0.22216,-0.62353,0.78564,22.64
$MAG,52681.413,-0.031,-0.025,-0.768,20.9
$BARO,52681.436,70066.01,23.16
$IMU,52681.438,-3.295,10.375,14.648,0.22412,-0.62744,0.82080,22.65
$IMU,52681.513,-10.742,15.930,10.742,0.13671,-0.75878,0.80908,22.65
$MAG,52681.514,-0.021,-0.024,-0.753,20.9
$BARO,52681.537,70067.20,23.16
$IMU,52681.588,2.929,12.634,2.380,0.08740,-0.71093,0.76660,22.72
$MAG,52681.614,-0.021,-0.031,-0.753,20.9
$BARO,52681.639,70060.62,23.16
$IMU,52681.663,9.704,11.718,-4.577,-0.00585,-0.65917,0.73046,22.66
$MAG,52681.715,-0.022,-0.030,-0.765,20.9
$TIME,52681.715,440854.000,2364
$IMU,52681.738,10.742,6.408,-7.141,-0.03710,-0.59472,0.73974,22.65
$BARO,52681.741,70056.43,23.16
$IMU,52681.813,5.859,1.464,-4.455,0.01660,-0.68359,0.74316,22.67
$MAG,52681.815,-0.031,-0.040,-0.771,20.9
$BARO,52681.842,70057.21,23.16
$IMU,52681.888,12.145,0.244,-2.075,0.09033,-0.57421,0.75292,22.67
$MAG,52681.916,-0.022,-0.042,-0.781,20.9
$BARO,52681.944,70063.79,23.17
$IMU,52681.963,12.817,-1.892,0.915,0.09765,-0.51806,0.73291,22.67
$HUM,52681.977,33.9,23.6
$MAG,52682.016,-0.030,-0.039,-0.795,20.9
$IMU,52682.038,9.826,-7.385,-1.892,0.14355,-0.55175,0.72558,22.65
$BARO,52682.045,70063.40,23.17
$VBAT,52682.107,3.926
$IMU,52682.113,11.169,-4.394,-3.906,0.14160,-0.42333,0.73144,22.73
$MAG,52682.117,-0.030,-0.046,-0.790,21.0
$BARO,52682.147,70053.01,23.17
$IMU,52682.188,10.192,-1.159,4.394,0.12402,-0.38964,0.75976,22.68
$MAG,52682.217,-0.027,-0.058,-0.805,20.8
$BARO,52682.249,70070.54,23.18
$IMU,52682.263,5.615,-7.080,0.671,0.20458,-0.45410,0.80126,22.67
$MAG,52682.318,-0.030,-0.057,-0.802,21.0
$IMU,52682.338,-6.225,-9.338,4.333,0.23876,-0.51562,0.94921,22.67
$BARO,52682.350,70069.95,23.17
$IMU,52682.413,-8.239,-7.263,-1.403,0.25878,-0.63085,0.94775,22.72
$MAG,52682.418,-0.030,-0.042,-0.805,20.9
$BARO,52682.452,70056.21,23.18
$IMU,52682.488,-0.366,-2.746,-3.295,0.20458,-0.58447,0.91699,22.68
$MAG,52682.519,-0.039,-0.045,-0.807,20.9
$BARO,52682.553,70058.99,23.18
$IMU,52682.563,-1.464,5.310,-8.483,0.16992,-0.55078,0.87207,22.70
$MAG,52682.619,-0.045,-0.037,-0.795,20.9
$IMU,52682.638,-11.291,10.620,-6.835,0.12646,-0.58251,0.92822,22.71
$BARO,52682.655,70063.57,23.18
$IMU,52682.714,-11.779,10.925,-9.765,0.10888,-0.66259,0.91650,22.68
$TIME,52682.715,440855.000,2364
$MAG,52682.720,-0.036,-0.024,-0.787,21.2
$BARO,52682.756,70065.35,23.19
$IMU,52682.789,0.488,4.089,-8.239,0.11181,-0.58007,0.87402,22.70
$MAG,52682.820,-0.060,-0.030,-0.799,20.9
$BARO,52682.858,70063.74,23.19
$IMU,52682.864,-2.258,4.150,-11.840,0.16308,-0.58007,0.90136,22.66
$MAG,52682.921,-0.052,-0.025,-0.775,20.9
$IMU,52682.939,-3.479,10.437,-3.173,0.13037,-0.61572,0.91162,22.71
$BARO,52682.959,70073.10,23.19
$HUM,52682.992,33.9,23.7
$IMU,52683.014,0.000,10.803,-6.286,0.17480,-0.60009,0.88964,22.69
$MAG,52683.021,-0.054,-0.016,-0.775,20.9
$BARO,52683.061,70061.55,23.19
$IMU,52683.089,0.000,14.648,-8.972,0.11865,-0.58007,0.85009,22.71
$VBAT,52683.108,3.939
$MAG,52683.121,-0.046,-0.013,-0.775,20.9
$BARO,52683.163,70060.74,23.19
$IMU,52683.164,0.671,14.343,-9.338,0.12353,-0.57080,0.80761,22.71
$MAG,52683.222,-0.045,-0.013,-0.775,21.0
$IMU,52683.239,3.967,17.028,-8.728,0.09716,-0.53222,0.77001,22.75
$BARO,52683.264,70064.93,23.20
$IMU,52683.314,3.662,17.761,-5.859,0.05664,-0.51953,0.77636,22.70
$MAG,52683.322,-0.043,-0.015,-0.765,21.0
$BARO,52683.366,70062.33,23.20
$IMU,52683.389,5.493,14.221,0.732,0.02929,-0.50732,0.77050,22.72
$MAG,52683.423,-0.031,-0.018,-0.763,21.0
$IMU,52683.464,6.408,5.615,-4.394,0.03222,-0.46240,0.76220,22.72
$BARO,52683.467,70054.35,23.20
$MAG,52683.523,-0.040,-0.019,-0.759,21.0
$IMU,52683.539,-4.516,4.089,-3.967,0.06103,-0.50488,0.81298,22.74
$BARO,52683.569,70059.94,23.20
$IMU,52683.614,-9.338,5.554,-1.464,0.03125,-0.56640,0.84619,22.72
$MAG,52683.624,-0.046,0.000,-0.745,21.2
$BARO,52683.670,70068.88,23.21
$IMU,52683.689,-3.356,0.854,-4.028,0.00488,-0.56640,0.84228,22.69
$TIME,52683.715,440857.000,2364
$MAG,52683.724,-0.040,-0.006,-0.750,21.2
$IMU,52683.764,0.061,-5.676,-3.051,0.05957,-0.55078,0.83789,22.72
$BARO,52683.772,70061.33,23.21
$MAG,52683.825,-0.054,0.000,-0.751,21.0
$IMU,52683.839,-3.417,-1.159,-4.089,0.03808,-0.53320,0.83251,22.73
$BARO,52683.873,70064.10,23.21
$IMU,52683.914,-11.230,2.441,-0.244,0.02050,-0.63378,0.84814,22.73
$MAG,52683.925,-0.042,0.003,-0.741,21.0
$BARO,52683.975,70057.50,23.22
$IMU,52683.989,-5.371,-1.281,-0.854,0.03857,-0.57812,0.85302,22.71
$HUM,52684.006,33.9,23.7
$MAG,52684.026,-0.058,0.000,-0.745,20.9
$IMU,52684.065,-1.586,-6.469,-1.464,0.03906,-0.59033,0.82373,22.72
$BARO,52684.077,70073.27,23.21
$VBAT,52684.108,3.918
$MAG,52684.126,-0.064,-0.004,-0.751,21.0
$IMU,52684.140,2.746,-13.732,-3.601,0.09082,-0.53320,0.83105,22.78
$BARO,52684.178,70060.11,23.22
$IMU,52684.215,-7.385,-10.375,2.441,0.14990,-0.63525,0.87890,22.74
$MAG,52684.227,-0.054,0.006,-0.747,21.0
$BARO,52684.280,70060.89,23.22
$IMU,52684.290,-7.751,0.366,7.629,0.12646,-0.63574,0.86572,22.74
$MAG,52684.327,-0.060,0.000,-0.744,20.9
$IMU,52684.365,-0.732,2.929,-0.183,0.07861,-0.61279,0.79736,22.74
$BARO,52684.381,70064.08,23.22
$MAG,52684.428,-0.049,0.000,-0.745,21.2
$IMU,52684.440,3.845,5.737,-0.488,0.02929,-0.57421,0.76367,22.74
$BARO,52684.483,70062.89,23.22
$IMU,52684.515,5.859,2.746,6.774,0.05419,-0.55712,0.72119,22.75
$MAG,52684.528,-0.034,-0.003,-0.747,20.9
$BARO,52684.584,70066.66,23.23
$IMU,52684.590,8.178,2.197,12.817,0.04785,-0.47998,0.70458,22.76
$MAG,52684.629,-0.034,-0.012,-0.754,20.9
$IMU,52684.665,-2.197,1.708,10.070,0.04980,-0.50732,0.76806,22.74
$BARO,52684.686,70064.08,23.23
$TIME,52684.715,440858.000,2364
$MAG,52684.729,-0.025,-0.015,-0.741,20.9
$IMU,52684.740,-12.878,-3.295,11.657,0.01074,-0.56835,0.79687,22.68
$BARO,52684.787,70070.05,23.22
$IMU,52684.815,-18.737,-10.681,10.803,0.08154,-0.64257,0.85400,22.76
$MAG,52684.830,-0.016,-0.004,-0.741,21.0
$BARO,52684.889,70064.67,23.23
$IMU,52684.890,-15.014,-12.268,5.920,0.13769,-0.68945,0.84033,22.76
$MAG,52684.930,-0.021,0.000,-0.733,21.0
$IMU,52684.965,-5.126,-5.065,3.051,0.06445,-0.65625,0.81103,22.76
$BARO,52684.990,70061.28,23.23
$HUM,52685.019,33.9,23.7
$MAG,52685.031,-0.027,-0.006,-0.730,21.0
$IMU,52685.040,-3.601,-4.333,1.586,0.13525,-0.62011,0.78125,22.76
$BARO,52685.092,70062.64,23.23
$VBAT,52685.109,3.921
$IMU,52685.115,-3.967,-0.915,1.586,0.08349,-0.64697,0.77294,22.81
$MAG,52685.131,-0.027,-0.003,-0.732,21.3
$IMU,52685.190,-6.042,-5.554,-3.234,0.10009,-0.66943,0.81787,22.77
$BARO,52685.193,70057.47,23.24
$MAG,52685.231,-0.030,-0.003,-0.726,21.3
$IMU,52685.265,-3.845,-8.056,-3.540,0.11328,-0.69824,0.81103,22.76
$BARO,52685.295,70064.45,23.24
$MAG,52685.332,-0.039,0.003,-0.738,20.9
$IMU,52685.341,1.892,-6.042,-8.056,0.15625,-0.66748,0.78271,22.79
$BARO,52685.397,70064.84,23.24
$IMU,52685.416,0.854,0.244,-4.577,0.12060,-0.65185,0.77783,22.76
$MAG,52685.432,-0.046,0.006,-0.730,20.9
$IMU,52685.491,-0.610,1.831,-4.943,0.15673,-0.66308,0.76757,22.77
$BARO,52685.498,70070.22,23.25
$MAG,52685.533,-0.040,0.004,-0.735,21.2
$IMU,52685.566,1.403,6.469,-8.422,0.09814,-0.63964,0.73339,22.79
$BARO,52685.600,70062.03,23.25
$MAG,52685.633,-0.055,0.010,-0.732,20.9
$IMU,52685.641,-0.305,4.638,-9.826,0.09667,-0.58740,0.75195,22.77
$BARO,52685.701,70061.25,23.25
$TIME,52685.715,440859.000,2364
$IMU,52685.716,-2.075,1.159,-5.371,0.10546,-0.69873,0.73339,22.82
$MAG,52685.734,-0.064,0.015,-0.718,21.0
$IMU,52685.791,0.000,2.624,-13.793,0.11767,-0.63330,0.76416,22.80
$BARO,52685.803,70062.84,23.25
$MAG,52685.834,-0.057,0.024,-0.720,21.0
$IMU,52685.866,-5.615,12.084,-0.915,0.12695,-0.69335,0.80712,22.80
$BARO,52685.904,70054.84,23.26
$MAG,52685.935,-0.060,0.021,-0.717,21.0
$IMU,52685.941,0.793,13.305,-1.098,0.08593,-0.69726,0.81591,22.79
$BARO,52686.006,70069.59,23.26
$IMU,52686.016,5.126,5.554,-8.850,0.10986,-0.67236,0.80859,22.75
$HUM,52686.033,33.9,23.8
$MAG,52686.035,-0.069,0.025,-0.718,20.9
$IMU,52686.091,7.202,10.986,-3.906,0.07568,-0.61328,0.78564,22.79
$BARO,52686.107,70063.81,23.26
$VBAT,52686.116,3.921
$MAG,52686.136,-0.052,0.024,-0.720,21.2
$IMU,52686.166,3.051,11.169,0.061,0.08447,-0.65283,0.81005,22.81
$BARO,52686.209,70059.42,23.26
$MAG,52686.236,-0.052,0.012,-0.723,21.0
$IMU,52686.241,4.333,9.338,-0.915,0.05224,-0.64794,0.83789,22.81
$BARO,52686.310,70056.82,23.26
$IMU,52686.316,5.493,2.624,-3.234,0.04199,-0.65185,0.85791,22.78
$MAG,52686.337,-0.052,0.012,-0.732,21.0
$IMU,52686.391,12.084,-8.422,-2.502,0.10302,-0.62402,0.80859,22.75
$BARO,52686.412,70065.20,23.27
$MAG,52686.437,-0.072,0.010,-0.741,21.2
$IMU,52686.466,17.211,-9.582,-11.901,0.12792,-0.52929,0.75195,22.80
$BARO,52686.514,70064.40,23.27
$MAG,52686.538,-0.075,0.006,-0.763,21.0
$IMU,52686.541,14.404,-3.967,-10.375,0.05126,-0.51464,0.72949,22.77
$BARO,52686.615,70062.98,23.27
$IMU,52686.617,10.070,-13.671,-2.563,0.14599,-0.50292,0.81005,22.81
$MAG,52686.638,-0.087,0.004,-0.772,20.9
$IMU,52686.692,6.591,-11.596,-3.906,0.19628,-0.55664,0.89404,22.79
$TIME,52686.715,440859.000,2364
$BARO,52686.717,70064.18,23.27
$MAG,52686.739,-0.090,0.000,-0.780,21.0
$IMU,52686.767,10.620,-7.141,-1.708,0.20800,-0.55761,0.88427,22.84
$BARO,52686.818,70064.98,23.27
$MAG,52686.839,-0.087,0.001,-0.783,21.2
$IMU,52686.842,8.544,-0.366,-6.225,0.28027,-0.47656,0.93261,22.83
$IMU,52686.917,-3.906,16.418,5.615,0.16210,-0.68261,1.02734,22.77
$BARO,52686.920,70061.76,23.28
$MAG,52686.940,-0.082,0.006,-0.778,21.2
$IMU,52686.992,6.896,15.258,-3.112,0.13281,-0.67480,1.06396,22.80
$BARO,52687.021,70057.79,23.28
$MAG,52687.040,-0.078,-0.007,-0.783,21.0
$HUM,52687.048,33.8,23.8
$IMU,52687.067,20.629,11.291,-3.173,0.13378,-0.62597,1.02099,22.81
$BARO,52687.123,70064.15,23.28
$VBAT,52687.127,3.916
$MAG,52687.141,-0.069,-0.027,-0.795,21.2
$IMU,52687.142,29.235,13.793,-4.150,0.10595,-0.56396,0.99169,22.81
$IMU,52687.217,33.813,17.578,-3.295,0.06933,-0.51513,0.96679,22.84
$BARO,52687.224,70055.18,23.29
$MAG,52687.241,-0.057,-0.052,-0.822,21.3
$IMU,52687.292,37.841,17.211,-0.854,0.01074,-0.45849,0.94873,22.84
$BARO,52687.326,70061.16,23.29
$MAG,52687.342,-0.048,-0.064,-0.843,20.9
$IMU,52687.367,37.475,12.878,4.638,-0.03515,-0.38916,0.95849,22.82
$BARO,52687.427,70058.16,23.29
$MAG,52687.442,-0.024,-0.109,-0.862,21.2
$IMU,52687.442,35.583,7.751,16.723,-0.03027,-0.39404,0.93408,22.81
$IMU,52687.517,39.306,3.295,23.193,-0.08154,-0.28759,0.91015,22.81
$BARO,52687.529,70045.19,23.29
$MAG,52687.543,-0.010,-0.133,-0.882,21.2
$IMU,52687.592,38.879,-4.211,26.245,-0.07910,-0.22558,0.84277,22.83
$BARO,52687.630,70061.74,23.30
$MAG,52687.643,-0.013,-0.192,-0.901,21.0
$IMU,52687.667,47.973,-8.544,34.912,0.01074,0.03613,0.74560,22.83
$TIME,52687.715,440860.000,2364
$BARO,52687.732,70059.55,23.30
$IMU,52687.742,44.189,-9.826,46.936,0.10205,0.18896,0.76318,22.85
$MAG,52687.744,0.015,-0.250,-0.919,21.2
$IMU,52687.817,28.625,-9.704,59.326,0.23535,0.18945,0.85351,22.82
$BARO,52687.833,70060.33,23.30
$MAG,52687.844,0.028,-0.297,-0.919,20.9
$IMU,52687.892,20.385,2.990,56.762,0.19775,0.10888,0.93994,22.82
$BARO,52687.935,70049.97,23.30
$MAG,52687.945,0.040,-0.357,-0.918,21.0
$IMU,52687.968,33.874,6.042,51.696,0.27148,0.14013,0.94140,22.82
$BARO,52688.037,70055.74,23.31
$IMU,52688.043,49.255,10.986,52.246,0.21289,0.33398,0.89453,22.83
$MAG,52688.045,0.052,-0.424,-0.921,21.0
$HUM,52688.062,33.0,23.8
$IMU,52688.118,32.836,10.192,54.565,0.23779,0.27685,0.92822,22.83
$VBAT,52688.135,3.926
$BARO,52688.138,70059.33,23.31
$MAG,52688.146,0.054,-0.468,-0.903,21.2
$IMU,52688.193,26.367,14.709,35.583,0.09375,0.33447,0.89404,22.88
$BARO,52688.240,70066.88,23.31
$MAG,52688.246,0.066,-0.501,-0.885,20.9
$IMU,52688.268,23.010,12.023,17.211,0.04394,0.43017,0.87695,22.86
$BARO,52688.341,70058.30,23.32
$IMU,52688.343,5.737,14.160,12.023,-0.04638,0.37792,0.93798,22.84
$MAG,52688.347,0.078,-0.510,-0.877,21.3
$IMU,52688.418,1.159,15.747,8.850,-0.05957,0.31591,1.00244,22.82
$BARO,52688.443,70060.28,23.33
$MAG,52688.447,0.084,-0.519,-0.862,21.2
$IMU,52688.493,8.544,19.287,1.770,-0.14404,0.26416,0.99755,22.88
$BARO,52688.544,70056.28,23.34
$MAG,52688.548,0.093,-0.543,-0.838,21.4
$IMU,52688.568,18.737,18.432,2.563,-0.30126,0.27734,0.97753,22.90
$IMU,52688.643,30.029,6.347,1.159,-0.37695,0.36425,0.95019,22.86
$BARO,52688.646,70022.74,23.35
$MAG,52688.648,0.099,-0.558,-0.837,21.4
$TIME,52688.715,440862.000,2364
$IMU,52688.718,28.747,-6.408,13.488,-0.12402,0.36572,0.86572,22.86
$BARO,52688.747,69965.26,23.37
$MAG,52688.749,0.079,-0.592,-0.832,21.2
$IMU,52688.793,21.972,-4.638,37.475,0.16015,0.52343,0.89599,22.89
$BARO,52688.849,70019.47,23.38
$MAG,52688.849,0.067,-0.622,-0.813,21.2
$IMU,52688.868,11.779,10.070,34.545,-0.02685,0.46240,0.87548,22.85
$IMU,52688.943,11.535,4.333,9.033,-0.03076,0.51171,0.88525,22.85
$BARO,52688.950,70025.45,23.40
$MAG,52688.950,0.067,-0.627,-0.810,21.4
$IMU,52689.018,8.728,0.366,8.789,-0.00097,0.51025,0.84082,22.88
$MAG,52689.050,0.058,-0.648,-0.808,21.0
$BARO,52689.052,70034.42,23.40
$HUM,52689.076,15.6,23.6
$IMU,52689.093,9.338,-0.976,10.620,0.08300,0.58984,0.80273,22.86
$VBAT,52689.146,3.926
$MAG,52689.150,0.067,-0.643,-0.796,21.0
$BARO,52689.153,70043.97,23.41
$IMU,52689.168,-3.112,4.394,9.399,0.02099,0.66699,0.82470,22.83
$IMU,52689.244,-14.465,8.117,5.187,0.04882,0.62841,0.75292,22.87
$MAG,52689.251,0.064,-0.649,-0.796,21.0
$BARO,52689.255,70086.46,23.41
$IMU,52689.319,-19.775,9.460,27.648,0.21435,0.56738,0.62451,22.92
$MAG,52689.351,0.052,-0.646,-0.811,21.0
$BARO,52689.356,70060.30,23.42
$IMU,52689.394,-47.302,23.437,40.466,0.23925,0.56542,0.67919,22.88
$MAG,52689.452,0.055,-0.612,-0.835,21.0
$BARO,52689.458,70047.55,23.41
$IMU,52689.469,-76.904,27.038,22.094,0.10400,0.54541,0.89355,22.86
$IMU,52689.544,-86.059,15.930,-26.977,-0.19677,0.04980,0.92480,22.88
$MAG,52689.552,0.079,-0.529,-0.864,20.9
$BARO,52689.559,70060.13,23.41
$IMU,52689.619,-66.894,2.685,-21.240,-0.09667,-0.03906,1.04150,22.90
$MAG,52689.653,0.075,-0.487,-0.882,21.3
$BARO,52689.661,70055.55,23.40
$IMU,52689.694,-57.312,-1.281,6.103,-0.10839,-0.21435,1.08496,22.90
$TIME,52689.715,440863.000,2364
$MAG,52689.753,0.075,-0.483,-0.883,21.0
$BARO,52689.762,70053.36,23.40
$IMU,52689.769,-34.423,-9.216,16.296,0.13232,-0.14599,1.15283,22.85
$IMU,52689.844,-20.385,5.737,6.591,-0.00927,-0.21484,1.18310,22.89
$MAG,52689.854,0.078,-0.460,-0.891,21.4
$BARO,52689.864,70055.55,23.40
$IMU,52689.919,3.479,-0.427,-19.348,-0.11914,-0.12353,1.08740,22.87
$MAG,52689.954,0.076,-0.472,-0.889,21.2
$BARO,52689.965,70066.93,23.39
$IMU,52689.994,10.070,-1.586,-6.713,-0.03222,0.00341,1.04248,22.89
$MAG,52690.055,0.082,-0.463,-0.879,21.0
$BARO,52690.067,70059.35,23.39
$IMU,52690.069,4.516,8.544,-2.502,-0.06445,-0.01269,1.04931,22.85
$HUM,52690.090,32.8,23.9
$IMU,52690.144,6.958,7.873,-10.498,-0.11181,-0.10693,1.10302,22.90
$VBAT,52690.154,3.926
$MAG,52690.155,0.081,-0.463,-0.877,21.0
$BARO,52690.169,70054.77,23.39
$IMU,52690.219,9.277,2.624,-6.530,-0.10546,-0.17968,1.08691,22.87
$MAG,52690.256,0.090,-0.471,-0.868,21.2
$BARO,52690.270,70059.38,23.38
$IMU,52690.294,24.963,-2.380,-7.568,-0.08984,-0.07128,0.94628,22.91
$MAG,52690.356,0.081,-0.493,-0.879,21.0
$IMU,52690.369,30.273,-9.155,-8.178,-0.04150,0.09960,0.87500,22.92
$BARO,52690.372,70071.12,23.39
$IMU,52690.444,15.930,-7.263,-10.070,0.01855,0.24121,0.87402,22.91
$MAG,52690.457,0.078,-0.490,-0.877,21.3
$BARO,52690.473,70065.96,23.39
$IMU,52690.520,0.000,-4.638,-10.009,-0.04003,0.25244,0.88378,22.94
$MAG,52690.557,0.082,-0.480,-0.870,21.3
$BARO,52690.575,70045.99,23.39
$IMU,52690.595,-8.361,-4.272,-14.526,-0.03906,0.21386,0.88378,22.92
$MAG,52690.658,0.070,-0.460,-0.895,20.9
$IMU,52690.670,-14.953,-5.187,-4.150,-0.01904,0.19482,0.92626,22.89
$BARO,52690.676,70058.57,23.39
$TIME,52690.715,440864.000,2364
$IMU,52690.745,-24.963,-7.019,-0.549,0.06884,0.00976,1.04638,22.89
$MAG,52690.758,0.058,-0.445,-0.898,21.3
$BARO,52690.778,70064.15,23.39
$IMU,52690.820,-25.939,-0.976,0.183,0.02929,-0.17529,1.12744,22.86
$MAG,52690.859,0.072,-0.417,-0.895,21.2
$BARO,52690.879,70060.57,23.39
$IMU,52690.895,-17.150,1.708,-10.009,-0.02441,-0.27832,1.16162,22.90
$MAG,52690.959,0.081,-0.421,-0.900,21.3
$IMU,52690.970,-2.563,0.305,-6.225,0.03466,-0.33642,1.17724,22.86
$BARO,52690.981,70056.38,23.39
$IMU,52691.045,24.414,6.225,-9.521,-0.02001,-0.22412,1.11328,22.86
$MAG,52691.060,0.084,-0.447,-0.895,21.0
$BARO,52691.082,70059.74,23.40
$HUM,52691.104,32.7,23.9
$IMU,52691.120,45.288,6.835,-10.742,-0.08105,-0.06542,1.07031,22.89
$MAG,52691.160,0.090,-0.480,-0.879,21.5
$VBAT,52691.161,3.921
$BARO,52691.184,70058.57,23.39
$IMU,52691.195,58.776,3.662,-5.798,0.01220,0.12451,0.96289,22.90
$MAG,52691.261,0.088,-0.526,-0.859,21.3
$IMU,52691.270,68.176,5.249,0.976,0.09082,0.30224,0.88769,22.89
$BARO,52691.285,70059.74,23.40
$IMU,52691.345,64.819,10.314,6.347,0.09912,0.42236,0.88085,22.88
$MAG,52691.361,0.088,-0.571,-0.822,21.2
$BARO,52691.387,70052.55,23.41
$IMU,52691.420,51.635,7.995,5.798,0.00976,0.44726,0.87500,22.94
$MAG,52691.461,0.093,-0.609,-0.802,21.3
$BARO,52691.488,70070.69,23.42
$IMU,52691.495,51.330,2.502,-10.559,-0.03857,0.46923,0.81445,22.91
$MAG,52691.562,0.111,-0.619,-0.777,20.9
$IMU,52691.570,51.574,7.385,-16.845,-0.17822,0.58886,0.84472,22.95
$BARO,52691.590,70087.80,23.44
$IMU,52691.645,35.888,9.338,-3.051,-0.21728,0.67187,0.83154,22.88
$MAG,52691.662,0.103,-0.639,-0.760,21.4
$BARO,52691.692,70133.26,23.45
$TIME,52691.715,440865.000,2364
$IMU,52691.720,28.320,9.826,1.953,-0.16943,0.57714,0.78027,22.90
$MAG,52691.763,0.114,-0.658,-0.724,21.5
$BARO,52691.793,70160.36,23.45
$IMU,52691.795,31.372,11.596,4.882,-0.24072,0.57470,0.70068,22.95
$MAG,52691.863,0.120,-0.676,-0.706,20.9
$IMU,52691.871,37.292,4.516,-1.525,-0.22656,0.74658,0.69775,22.97
$BARO,52691.895,70059.03,23.45
$IMU,52691.946,31.555,6.958,0.732,-0.26513,0.71386,0.69775,22.93
$MAG,52691.964,0.109,-0.688,-0.687,21.3
$BARO,52691.996,70053.45,23.46
$IMU,52692.021,31.066,4.211,8.605,-0.28222,0.75146,0.64355,22.94
$MAG,52692.064,0.106,-0.693,-0.664,21.5
$IMU,52692.096,34.667,-8.056,6.774,-0.14843,0.89355,0.64550,22.95
$BARO,52692.098,70059.84,23.44
$HUM,52692.118,32.2,23.9
$MAG,52692.165,0.094,-0.723,-0.658,21.3
$VBAT,52692.169,3.924
$IMU,52692.171,24.902,-7.690,9.826,-0.07080,0.75976,0.59765,22.94
$BARO,52692.199,70055.67,23.45
$IMU,52692.246,30.883,-2.441,8.789,-0.01660,0.77539,0.51171,22.95
$MAG,52692.265,0.090,-0.747,-0.622,21.5
$BARO,52692.301,70061.23,23.45
$IMU,52692.321,35.888,1.953,16.357,0.02490,0.95214,0.53027,22.92
$MAG,52692.366,0.082,-0.744,-0.604,21.2
$IMU,52692.396,24.536,5.432,10.498,-0.08349,0.83349,0.43408,22.99
$BARO,52692.402,70060.25,23.45
$MAG,52692.467,0.076,-0.745,-0.607,21.3
$IMU,52692.471,22.644,-22.949,-5.249,-0.24511,1.01123,0.37255,22.96
$BARO,52692.504,70061.06,23.45
$IMU,52692.546,0.244,-81.481,-25.634,0.15039,0.86181,0.34179,22.94
$MAG,52692.567,0.072,-0.736,-0.685,21.4
$BARO,52692.605,70067.03,23.44
$IMU,52692.621,-1.159,-90.148,-26.611,0.17578,1.01025,0.38037,22.90
$MAG,52692.668,0.045,-0.709,-0.748,21.4
$IMU,52692.696,-7.690,-82.397,-28.808,0.38085,0.87890,0.35937,22.95
$BARO,52692.707,70065.45,23.45
$TIME,52692.715,440866.000,2364
$MAG,52692.768,0.048,-0.699,-0.766,21.3
$IMU,52692.771,-1.403,-42.724,-13.427,0.20507,0.97363,0.42041,22.98
$BARO,52692.808,70052.87,23.45
$IMU,52692.846,2.014,-20.385,-12.451,0.10546,0.95214,0.47656,22.97
$MAG,52692.868,0.039,-0.691,-0.771,21.4
$BARO,52692.910,70058.86,23.45
$IMU,52692.921,4.821,-9.338,-9.033,0.06835,0.88476,0.47900,22.95
$MAG,52692.969,0.051,-0.691,-0.766,21.5
$IMU,52692.996,10.375,-0.854,-8.666,0.06494,0.92871,0.42333,22.93
$BARO,52693.012,70060.84,23.45
$MAG,52693.070,0.058,-0.697,-0.753,21.3
$IMU,52693.071,2.746,7.995,-7.446,0.06201,0.99511,0.38427,22.96
$BARO,52693.113,70062.45,23.45
$HUM,52693.132,32.0,24.0
$IMU,52693.147,-16.723,29.541,-2.624,0.06542,0.91943,0.38916,22.93
$MAG,52693.170,0.075,-0.693,-0.747,21.3
$VBAT,52693.179,3.934
$BARO,52693.215,70054.04,23.45
$IMU,52693.222,-29.663,61.218,15.808,-0.05224,0.95898,0.43652,22.96
$MAG,52693.271,0.100,-0.687,-0.708,21.5
$IMU,52693.297,-40.954,81.115,26.062,0.02978,0.85205,0.44042,22.97
$BARO,52693.316,70054.65,23.45
$MAG,52693.371,0.111,-0.708,-0.651,21.5
$IMU,52693.372,-35.705,102.844,43.579,-0.13330,0.74072,0.44140,22.98
$BARO,52693.418,70059.03,23.45
$IMU,52693.447,-27.587,101.135,43.884,-0.27294,0.86572,0.52441,22.99
$MAG,52693.472,0.109,-0.720,-0.610,21.3
$BARO,52693.519,70058.82,23.46
$IMU,52693.522,-43.029,90.209,28.747,-0.35302,0.81835,0.60986,22.95
$MAG,52693.572,0.109,-0.735,-0.577,21.2
$IMU,52693.597,-48.156,83.129,20.324,-0.60253,0.65625,0.67089,23.00
$BARO,52693.621,70060.40,23.47
$IMU,52693.672,-23.803,43.762,22.338,-0.52587,0.67285,0.68115,22.94
$MAG,52693.673,0.099,-0.748,-0.565,21.4
$TIME,52693.715,440866.000,2364
$BARO,52693.722,70056.43,23.47
$IMU,52693.747,-4.028,17.761,18.981,-0.42138,0.74365,0.63671,23.00
$MAG,52693.773,0.091,-0.759,-0.553,21.5
$IMU,52693.822,1.098,10.498,21.728,-0.40087,0.77587,0.61621,22.93
$BARO,52693.824,70063.20,23.46
$MAG,52693.874,0.066,-0.774,-0.549,21.4
$IMU,52693.897,2.075,1.647,27.099,-0.33593,0.79443,0.61572,22.97
$BARO,52693.925,70059.01,23.46
$IMU,52693.972,4.760,-6.347,30.151,-0.24414,0.76611,0.55273,22.99
$MAG,52693.974,0.042,-0.793,-0.544,21.2
$BARO,52694.027,70058.40,23.47
$IMU,52694.047,7.080,-16.418,24.841,-0.16552,0.81933,0.60839,23.01
$MAG,52694.074,0.019,-0.816,-0.556,21.3
$IMU,52694.122,1.831,-20.751,20.690,-0.02636,0.73632,0.63574,23.01
$BARO,52694.128,70061.81,23.47
$HUM,52694.146,32.9,24.0
$MAG,52694.175,0.013,-0.810,-0.562,21.5
$VBAT,52694.188,3.913
$IMU,52694.197,8.300,-20.446,4.516,0.02099,0.79931,0.58105,23.00
$BARO,52694.230,70059.01,23.47
$IMU,52694.272,-1.281,-20.385,-9.155,-0.04394,0.83251,0.63378,22.99
$MAG,52694.275,0.019,-0.802,-0.580,21.5
$BARO,52694.331,70053.01,23.47
$IMU,52694.347,-11.352,-23.620,-13.366,0.03076,0.77539,0.63427,23.01
$MAG,52694.376,0.024,-0.789,-0.594,21.4
$IMU,52694.423,-4.943,-21.423,-8.850,0.00390,0.79443,0.59082,23.01
$BARO,52694.433,70063.98,23.48
$MAG,52694.476,0.016,-0.795,-0.610,21.3
$IMU,52694.498,2.868,-21.972,-7.141,0.05859,0.85644,0.53369,23.00
$BARO,52694.534,70052.21,23.48
$IMU,52694.573,-20.080,-31.982,-5.859,0.08447,0.98632,0.60546,23.02
$MAG,52694.577,0.028,-0.780,-0.651,21.5
$BARO,52694.636,70064.37,23.48
$IMU,52694.648,-60.302,-41.625,-18.188,0.21289,0.70507,0.68359,23.00
$MAG,52694.677,0.039,-0.739,-0.732,21.5
$TIME,52694.715,440868.000,2364
$IMU,52694.723,-58.105,-36.132,-30.883,0.16796,0.54492,0.82226,22.99
$BARO,52694.737,70182.06,23.49
$MAG,52694.778,0.048,-0.702,-0.763,21.5
$IMU,52694.798,-31.433,-27.160,-36.682,0.08740,0.53271,0.84619,22.98
$BARO,52694.839,70083.29,23.51
$IMU,52694.873,-10.925,-25.329,-22.033,0.10498,0.54882,0.78808,23.01
$MAG,52694.878,0.042,-0.679,-0.784,21.5
$BARO,52694.940,70021.59,23.52
$IMU,52694.948,-2.136,-25.390,-6.164,0.17285,0.65136,0.75634,23.01
$MAG,52694.979,0.031,-0.678,-0.801,21.5
$IMU,52695.023,-9.765,-18.981,-3.601,0.22167,0.73144,0.84716,23.04
$BARO,52695.042,69990.44,23.54
$MAG,52695.079,0.019,-0.672,-0.814,21.4
$IMU,52695.098,-18.554,-10.559,-7.446,0.15820,0.53466,0.82958,23.02
$BARO,52695.143,69994.81,23.55
$HUM,52695.160,6540.6,23.8
$IMU,52695.173,-2.990,-4.760,-18.188,0.09277,0.62207,0.78222,23.02
$MAG,52695.180,0.040,-0.652,-0.816,21.3
$VBAT,52695.198,3.916
$BARO,52695.245,70002.78,23.56
$IMU,52695.248,-6.286,-3.173,-10.375,0.13769,0.60888,0.82714,23.05
$MAG,52695.280,0.031,-0.649,-0.822,21.5
$IMU,52695.323,-14.221,4.211,0.122,0.11718,0.51562,0.85449,23.01
$BARO,52695.346,69987.20,23.56
$MAG,52695.381,0.048,-0.645,-0.822,21.4
$IMU,52695.398,-12.207,9.826,-0.305,0.07861,0.51416,0.90332,23.02
$BARO,52695.448,69991.15,23.57
$IMU,52695.473,-11.596,12.695,-4.455,0.02490,0.44531,0.93554,23.01
$MAG,52695.481,0.048,-0.630,-0.823,21.5
$IMU,52695.548,-2.929,11.901,-1.831,-0.01708,0.46337,0.93212,23.01
$BARO,52695.549,70013.09,23.58
$MAG,52695.582,0.048,-0.633,-0.810,21.5
$IMU,52695.623,5.065,14.465,7.568,-0.01074,0.50488,0.84716,23.01
$BARO,52695.651,70071.37,23.58
$MAG,52695.682,0.057,-0.652,-0.804,21.5
$IMU,52695.699,7.263,21.789,16.723,-0.01855,0.59521,0.79492,23.06
$TIME,52695.715,440870.000,2364
$BARO,52695.753,70090.09,23.59
$IMU,52695.774,-5.371,21.301,21.423,0.00390,0.55957,0.84814,23.03
$MAG,52695.783,0.067,-0.655,-0.792,21.5
$IMU,52695.849,-11.596,19.592,17.578,-0.04687,0.46240,0.92138,23.04
$BARO,52695.854,70115.66,23.58
$MAG,52695.883,0.061,-0.658,-0.772,21.5
$IMU,52695.924,0.000,16.601,15.197,-0.04833,0.46679,0.90625,23.04
$BARO,52695.956,70151.15,23.59
$MAG,52695.984,0.063,-0.685,-0.759,21.5
$IMU,52695.999,9.643,18.188,19.165,-0.02587,0.47656,0.92529,23.05
$BARO,52696.057,70075.32,23.59
$IMU,52696.074,19.042,23.559,22.399,-0.01757,0.44335,0.94580,23.08
$MAG,52696.084,0.060,-0.721,-0.724,21.0
$IMU,52696.149,38.452,29.479,25.573,-0.09814,0.56201,0.86181,23.06
$BARO,52696.159,70055.40,23.58
$HUM,52696.175,32.6,24.1
$MAG,52696.185,0.051,-0.742,-0.675,21.5
$VBAT,52696.207,3.924
$IMU,52696.224,42.297,20.263,21.850,-0.06787,0.62500,0.77343,23.01
$BARO,52696.260,70059.38,23.58
$MAG,52696.285,0.045,-0.768,-0.630,21.5
$IMU,52696.299,41.015,15.869,18.432,-0.04589,0.71240,0.69335,23.03
$BARO,52696.362,70054.60,23.58
$IMU,52696.374,35.461,15.563,13.732,-0.06640,0.79199,0.66259,23.08
$MAG,52696.386,0.030,-0.784,-0.601,21.5
$IMU,52696.449,25.817,10.681,9.521,-0.06445,0.81298,0.62402,23.04
$BARO,52696.463,70059.42,23.57
$MAG,52696.486,0.030,-0.798,-0.586,21.4
$IMU,52696.524,17.700,3.967,5.615,-0.08593,0.80810,0.61279,23.01
$BARO,52696.565,70058.82,23.56
$MAG,52696.587,0.031,-0.798,-0.580,21.5
$IMU,52696.599,12.390,-5.310,-1.770,-0.07226,0.81835,0.61035,23.05
$BARO,52696.666,70059.84,23.56
$IMU,52696.674,11.962,-13.427,-8.544,-0.05761,0.83544,0.60302,23.02
$MAG,52696.687,0.040,-0.796,-0.570,21.4
$IMU,52696.749,9.033,-15.930,-10.314,-0.01708,0.82226,0.58691,23.08
$BARO,52696.768,70048.46,23.56
$MAG,52696.788,0.034,-0.790,-0.589,21.5
$IMU,52696.824,9.033,-10.742,-8.300,-0.04296,0.83300,0.57666,23.04
$BARO,52696.869,70057.43,23.56
$MAG,52696.888,0.046,-0.783,-0.577,21.4
$IMU,52696.899,8.544,-11.901,-8.239,-0.10058,0.83349,0.58349,23.03
$BARO,52696.971,70063.81,23.56
$IMU,52696.974,10.253,-34.484,-17.883,-0.25048,0.82031,0.55224,23.05
$MAG,52696.989,0.060,-0.763,-0.606,21.4
$IMU,52697.050,19.409,-86.853,-42.724,-0.11767,0.84814,0.49316,23.07
$BARO,52697.072,70056.04,23.56
$MAG,52697.089,0.076,-0.738,-0.670,21.3
$IMU,52697.125,27.404,-112.548,-54.626,0.01220,0.90039,0.45312,23.07
$BARO,52697.174,70058.43,23.56
$HUM,52697.189,31.9,24.1
$MAG,52697.190,0.066,-0.723,-0.712,21.5
$IMU,52697.200,26.611,-102.172,-46.875,0.14208,0.94970,0.45703,23.08
$VBAT,52697.216,3.919
$IMU,52697.275,16.601,-71.044,-31.066,0.07714,0.92138,0.43212,23.07
$BARO,52697.276,70055.23,23.56
$MAG,52697.290,0.058,-0.705,-0.741,21.5
$IMU,52697.350,12.573,-49.865,-25.695,0.06445,0.93408,0.46386,23.07
$BARO,52697.377,70060.20,23.57
$MAG,52697.391,0.043,-0.691,-0.756,21.4
$IMU,52697.425,10.192,-36.071,-17.272,0.04980,0.90039,0.43701,23.08
$BARO,52697.479,70069.39,23.56
$MAG,52697.491,0.042,-0.696,-0.765,21.5
$IMU,52697.500,12.756,-24.719,-13.183,0.01123,0.93652,0.40771,23.09
$IMU,52697.575,11.657,-20.385,-8.056,0.03759,0.96093,0.39599,23.06
$BARO,52697.580,70042.65,23.56
$MAG,52697.592,0.042,-0.705,-0.772,21.5
$IMU,52697.650,6.835,-13.183,-5.371,0.01220,0.95312,0.38037,23.08
$BARO,52697.682,70055.62,23.56
$MAG,52697.692,0.036,-0.693,-0.778,21.5
$TIME,52697.715,440871.000,2364
$IMU,52697.725,2.868,-7.324,-6.225,0.04150,0.95849,0.38427,23.05
$BARO,52697.783,70049.43,23.57
$MAG,52697.793,0.043,-0.711,-0.769,21.5
$IMU,52697.800,1.159,-2.075,-0.732,-0.00048,0.93701,0.37109,23.07
$IMU,52697.875,0.671,-3.662,-0.244,0.03076,0.97167,0.37255,23.11
$BARO,52697.885,70059.81,23.57
$MAG,52697.893,0.036,-0.697,-0.771,21.7
$IMU,52697.950,-4.455,-4.577,-0.671,0.04248,0.94238,0.37353,23.08
$BARO,52697.986,70055.01,23.57
$MAG,52697.994,0.033,-0.699,-0.777,21.5
$IMU,52698.025,-4.699,-4.211,-2.990,0.03857,0.94580,0.38916,23.08
$BARO,52698.088,70055.62,23.57
$MAG,52698.094,0.043,-0.694,-0.784,21.5
$IMU,52698.100,-4.821,-2.685,-3.723,0.02929,0.93408,0.39843,23.12
$IMU,52698.175,-3.295,-0.915,-3.723,0.00146,0.93457,0.40039,23.10
$BARO,52698.189,70061.59,23.57
$MAG,52698.195,0.036,-0.690,-0.793,21.5
$HUM,52698.203,31.9,24.1
$VBAT,52698.226,3.919
$IMU,52698.250,-4.333,-4.455,-3.417,0.01025,0.93017,0.42041,23.09
$BARO,52698.291,70062.76,23.58
$MAG,52698.295,0.040,-0.685,-0.802,21.2
$IMU,52698.326,-4.638,-7.446,-0.793,0.02490,0.91601,0.42675,23.09
$BARO,52698.392,70055.99,23.58
$MAG,52698.396,0.025,-0.690,-0.801,21.5
$IMU,52698.401,-3.051,-8.300,0.549,0.01660,0.92822,0.43457,23.09
$IMU,52698.476,-1.403,-12.573,-0.793,0.07617,0.92968,0.43408,23.09
$BARO,52698.494,70059.79,23.58
$MAG,52698.496,0.015,-0.690,-0.805,21.5
$IMU,52698.551,-0.732,-9.155,-4.577,0.05615,0.89550,0.42529,23.10
$BARO,52698.595,70067.37,23.58
$MAG,52698.597,0.016,-0.679,-0.811,21.5
$IMU,52698.626,1.586,-7.568,-7.934,0.00048,0.92626,0.42333,23.09
$BARO,52698.697,70056.57,23.59
$MAG,52698.698,0.009,-0.672,-0.811,21.5
$IMU,52698.701,0.793,-10.314,-5.676,0.02490,0.94482,0.42724,23.09
$IMU,52698.776,-5.615,-8.117,-3.662,0.02880,0.91259,0.43505,23.09
$BARO,52698.798,70057.77,23.59
$MAG,52698.798,0.016,-0.669,-0.820,21.4
$IMU,52698.851,-6.408,-3.845,0.366,0.01074,0.91503,0.44580,23.15
$MAG,52698.899,0.009,-0.670,-0.825,21.5
$BARO,52698.900,70062.15,23.59
$IMU,52698.926,-4.943,-0.854,5.065,0.04785,0.91552,0.46142,23.09
$MAG,52698.999,0.013,-0.676,-0.823,21.5
$BARO,52699.001,70051.97,23.59
$IMU,52699.001,-1.281,3.601,3.112,0.06396,0.89697,0.46191,23.11
$IMU,52699.076,7.019,7.690,-0.793,0.04248,0.87988,0.47216,23.12
$MAG,52699.100,0.015,-0.681,-0.813,21.5
$BARO,52699.103,70055.96,23.60
$IMU,52699.151,18.188,10.070,-10.375,0.04150,0.91699,0.46679,23.09
$MAG,52699.200,0.040,-0.682,-0.801,21.5
$BARO,52699.204,70055.35,23.60
$HUM,52699.218,31.9,24.1
$IMU,52699.226,25.573,10.131,-21.301,-0.04687,0.96044,0.37744,23.12
$VBAT,52699.235,3.922
$MAG,52699.300,0.051,-0.682,-0.780,21.5
$IMU,52699.301,20.080,3.845,-19.836,-0.14501,0.99658,0.28906,23.13
$BARO,52699.306,70051.77,23.60
$IMU,52699.376,7.873,-3.540,-6.835,-0.15966,1.02392,0.26513,23.11
$MAG,52699.401,0.040,-0.678,-0.789,21.4
$BARO,52699.407,70062.13,23.60
$IMU,52699.451,-16.357,-8.178,8.483,-0.11230,0.90820,0.28808,23.11
$MAG,52699.502,0.024,-0.682,-0.808,21.4
$BARO,52699.509,70051.36,23.60
$IMU,52699.526,-20.202,-5.371,22.338,0.04980,0.90478,0.43505,23.14
$MAG,52699.602,0.022,-0.694,-0.789,21.5
$IMU,52699.602,2.807,3.601,18.615,0.12402,0.83105,0.44873,23.14
$BARO,52699.610,70069.71,23.60
$IMU,52699.677,36.682,5.737,-18.188,-0.08007,0.97949,0.28613,23.12
$MAG,52699.703,0.040,-0.693,-0.774,21.7
$BARO,52699.712,70061.33,23.61
$TIME,52699.715,440873.000,2364
$IMU,52699.752,17.883,-7.202,-29.052,-0.28222,1.16162,0.19384,23.16
$MAG,52699.803,0.018,-0.672,-0.814,21.5
$BARO,52699.813,70057.74,23.61
$IMU,52699.827,-31.799,-36.254,-1.647,-0.20361,0.99365,0.18017,23.15
$IMU,52699.902,-50.048,-50.537,27.587,0.20312,0.85839,0.47021,23.13
$MAG,52699.904,-0.025,-0.652,-0.855,21.5
$BARO,52699.915,70055.55,23.60
$IMU,52699.977,-23.803,-20.507,14.892,0.27685,0.74121,0.59472,23.17
$MAG,52700.004,-0.013,-0.660,-0.849,21.5
$BARO,52700.017,70054.53,23.62
$IMU,52700.052,23.254,9.155,-13.671,0.13574,0.85595,0.45605,23.18
$MAG,52700.105,0.007,-0.679,-0.823,21.5
$BARO,52700.118,70061.50,23.62
$IMU,52700.127,32.714,23.437,-24.047,-0.04199,1.08300,0.29638,23.14
$IMU,52700.202,-8.483,28.991,-2.441,-0.09277,1.11035,0.24365,23.16
$MAG,52700.205,0.022,-0.669,-0.820,21.7
$BARO,52700.220,70060.72,23.62
$HUM,52700.232,31.7,24.1
$VBAT,52700.244,3.926
$IMU,52700.277,-50.781,41.870,35.522,0.11181,0.90673,0.43164,23.17
$MAG,52700.306,0.037,-0.658,-0.814,21.5
$BARO,52700.321,70065.27,23.63
$IMU,52700.352,-46.447,81.359,55.541,-0.00146,0.79199,0.55761,23.14
$MAG,52700.406,0.055,-0.684,-0.772,21.5
$BARO,52700.423,70066.30,23.62
$IMU,52700.427,-20.385,86.242,56.213,-0.09033,0.85791,0.51367,23.16
$IMU,52700.502,-11.352,60.729,47.241,-0.00878,0.84570,0.50830,23.17
$MAG,52700.506,0.066,-0.703,-0.738,21.5
$BARO,52700.524,70057.30,23.63
$IMU,52700.577,-4.516,46.813,30.578,0.01464,0.90234,0.50830,23.17
$MAG,52700.607,0.070,-0.711,-0.717,21.5
$BARO,52700.626,70061.08,23.64
$IMU,52700.652,-13.183,41.687,23.986,-0.02490,0.86572,0.55957,23.20
$MAG,52700.707,0.072,-0.727,-0.709,21.5
$TIME,52700.715,440875.000,2364
$BARO,52700.727,70060.69,23.63
$IMU,52700.727,-20.690,32.836,20.263,-0.01318,0.81396,0.64453,23.16
$IMU,52700.802,-17.517,23.803,14.160,-0.00927,0.77783,0.65478,23.18
$MAG,52700.808,0.078,-0.724,-0.700,21.5
$BARO,52700.829,70064.47,23.64
$IMU,52700.878,-13.366,21.362,8.422,-0.04052,0.78076,0.63867,23.17
$MAG,52700.908,0.069,-0.726,-0.696,21.5
$BARO,52700.930,70054.28,23.64
$IMU,52700.953,-10.864,17.456,7.995,-0.03759,0.81103,0.63330,23.19
$MAG,52701.009,0.058,-0.730,-0.691,21.5
$IMU,52701.028,-13.977,15.197,15.625,0.00195,0.81396,0.62744,23.19
$BARO,52701.032,70057.06,23.65
$IMU,52701.103,-22.949,16.662,20.141,0.00683,0.78369,0.63818,23.18
$MAG,52701.110,0.060,-0.738,-0.709,21.5
$BARO,52701.133,70051.67,23.65
$IMU,52701.178,-31.616,13.061,17.639,-0.00537,0.74560,0.69287,23.17
$MAG,52701.210,0.049,-0.733,-0.720,21.5
$BARO,52701.235,70068.61,23.66
$HUM,52701.246,31.6,24.1
$IMU,52701.253,-34.179,8.300,11.596,0.01367,0.67626,0.74365,23.17
$VBAT,52701.253,3.914
$MAG,52701.311,0.055,-0.715,-0.736,21.7
$IMU,52701.328,-29.541,7.690,9.460,0.00830,0.61816,0.80029,23.16
$BARO,52701.336,70146.03,23.67
$IMU,52701.403,-21.545,6.530,10.559,0.01757,0.63916,0.78710,23.16
$MAG,52701.411,0.052,-0.709,-0.741,21.5
$BARO,52701.438,70175.55,23.68
$IMU,52701.478,-23.681,7.629,12.207,0.00195,0.59960,0.81933,23.18
$MAG,52701.512,0.039,-0.711,-0.757,21.7
$BARO,52701.539,70172.13,23.69
$IMU,52701.553,-20.629,5.310,9.216,0.01513,0.54687,0.85839,23.18
$MAG,52701.612,0.055,-0.711,-0.766,21.5
$IMU,52701.628,-15.380,4.760,7.568,0.02490,0.53173,0.86474,23.15
$BARO,52701.641,70170.92,23.70
$IMU,52701.703,-9.643,7.263,7.873,0.01953,0.53222,0.86767,23.17
$MAG,52701.713,0.042,-0.711,-0.759,21.5
$BARO,52701.742,70153.34,23.71
$IMU,52701.778,-7.568,10.437,10.253,-0.00683,0.52343,0.87744,23.20
$MAG,52701.813,0.037,-0.711,-0.762,21.5
$BARO,52701.844,70124.38,23.71
$IMU,52701.853,-6.774,9.338,12.756,0.01562,0.51318,0.89794,23.18
$MAG,52701.914,0.030,-0.724,-0.739,21.5
$IMU,52701.928,-0.122,14.648,14.648,0.13916,0.48144,0.90820,23.25
$BARO,52701.945,70057.13,23.71
$IMU,52702.003,16.784,49.560,30.456,0.09033,0.45410,0.88574,23.19
$MAG,52702.014,0.043,-0.759,-0.691,21.7
$BARO,52702.047,70057.72,23.72
$IMU,52702.078,37.902,83.618,53.100,-0.08496,0.57031,0.81103,23.22
$MAG,52702.115,0.013,-0.807,-0.601,21.7
$BARO,52702.149,70052.94,23.71
$IMU,52702.154,44.555,83.984,54.626,-0.18212,0.68945,0.72949,23.18
$MAG,52702.215,-0.028,-0.823,-0.526,21.5
$IMU,52702.229,39.367,67.016,45.959,-0.19580,0.72607,0.66601,23.24
$BARO,52702.250,70059.33,23.70
$HUM,52702.261,33.4,24.2
$VBAT,52702.263,3.930
$IMU,52702.304,36.926,52.307,40.039,-0.21337,0.80468,0.62158,23.23
$MAG,52702.316,-0.051,-0.847,-0.478,21.7
$BARO,52702.352,70065.93,23.70
$IMU,52702.379,30.578,39.428,31.127,-0.19970,0.85253,0.55615,23.18
$MAG,52702.416,-0.087,-0.855,-0.444,21.7
$BARO,52702.453,70063.13,23.70
$IMU,52702.454,17.761,32.958,30.212,-0.14306,0.88330,0.52197,23.21
$MAG,52702.517,-0.126,-0.861,-0.420,21.7
$IMU,52702.529,2.685,38.024,33.203,-0.15087,0.88134,0.53857,23.20
$BARO,52702.555,70057.16,23.70
$IMU,52702.604,-4.882,37.963,28.869,-0.18652,0.83154,0.55566,23.20
$MAG,52702.617,-0.151,-0.870,-0.423,21.5
$BARO,52702.656,70058.74,23.70
$IMU,52702.679,-2.746,25.512,22.827,-0.12890,0.82812,0.56054,23.25
$TIME,52702.715,440876.000,2364
$MAG,52702.718,-0.177,-0.865,-0.411,21.5
$IMU,52702.754,2.868,22.644,16.479,-0.12548,0.85156,0.54003,23.22
$BARO,52702.758,70047.19,23.69
$MAG,52702.818,-0.192,-0.873,-0.408,21.5
$IMU,52702.829,3.417,21.484,12.084,-0.15283,0.87255,0.51562,23.21
$BARO,52702.859,70051.80,23.69
$IMU,52702.904,-1.708,14.526,6.652,-0.14794,0.88623,0.51269,23.18
$MAG,52702.919,-0.196,-0.876,-0.420,21.7
$BARO,52702.961,70052.38,23.69
$IMU,52702.979,-7.568,8.789,4.821,-0.14453,0.87890,0.51416,23.15
$MAG,52703.019,-0.204,-0.882,-0.426,21.5
$IMU,52703.054,-10.437,4.028,2.868,-0.12841,0.86328,0.51757,23.24
$BARO,52703.062,70056.96,23.69
$MAG,52703.120,-0.198,-0.871,-0.433,21.7
$IMU,52703.129,-14.526,1.831,-2.014,-0.14550,0.89404,0.51953,23.20
$BARO,52703.164,70059.18,23.69
$IMU,52703.204,-30.395,-1.220,-5.554,-0.12109,0.88378,0.55175,23.22
$MAG,52703.221,-0.192,-0.873,-0.480,21.5
$BARO,52703.265,70060.57,23.69
$VBAT,52703.272,3.911
$HUM,52703.275,33.5,24.2
$IMU,52703.279,-42.968,1.464,-5.859,-0.15380,0.71044,0.65039,23.25
$MAG,52703.321,-0.187,-0.885,-0.505,21.5
$IMU,52703.354,-26.062,3.417,-6.408,-0.19238,0.64843,0.73388,23.24
$BARO,52703.367,70052.58,23.69
$MAG,52703.422,-0.183,-0.886,-0.516,21.7
$IMU,52703.430,-5.615,0.793,-2.319,-0.15527,0.80322,0.62695,23.19
$BARO,52703.468,70050.38,23.70
$IMU,52703.505,-26.428,-0.976,-8.544,-0.12011,0.84228,0.58740,23.25
$MAG,52703.522,-0.171,-0.871,-0.556,21.5
$BARO,52703.570,70054.77,23.70
$IMU,52703.580,-50.109,0.732,-17.456,-0.24511,0.51660,0.85058,23.23
$MAG,52703.623,-0.154,-0.877,-0.583,21.7
$IMU,52703.655,-16.662,-3.112,-12.695,-0.24560,0.52148,0.87988,23.27
$BARO,52703.671,70063.54,23.70
$MAG,52703.723,-0.156,-0.867,-0.568,21.5
$IMU,52703.730,5.249,-2.868,-0.854,-0.18359,0.67919,0.69824,23.26
$BARO,52703.773,70057.55,23.70
$IMU,52703.805,-5.126,-4.333,-2.136,-0.25781,0.57568,0.86230,23.25
$MAG,52703.824,-0.150,-0.871,-0.582,21.5
$BARO,52703.875,70059.55,23.70
$IMU,52703.880,10.253,-22.338,-11.718,-0.21435,0.49072,0.87695,23.22
$MAG,52703.924,-0.144,-0.876,-0.552,21.5
$IMU,52703.955,35.888,-32.165,-10.864,-0.12158,0.65869,0.72167,23.25
$BARO,52703.976,70063.32,23.70
$MAG,52704.025,-0.136,-0.871,-0.523,21.5
$IMU,52704.030,31.066,-26.733,-6.469,-0.12695,0.76904,0.70117,23.24
$BARO,52704.078,70050.94,23.71
$IMU,52704.105,17.272,-23.254,-6.958,-0.10400,0.70849,0.70605,23.25
$MAG,52704.125,-0.132,-0.864,-0.520,21.5
$BARO,52704.179,70064.52,23.71
$IMU,52704.180,21.240,-16.845,-7.507,-0.12060,0.67529,0.71337,23.27
$MAG,52704.226,-0.124,-0.862,-0.502,21.7
$IMU,52704.255,34.912,-14.587,-5.615,-0.14160,0.77539,0.64453,23.22
$VBAT,52704.274,3.916
$BARO,52704.281,70051.75,23.71
$HUM,52704.289,33.5,24.2
$MAG,52704.327,-0.132,-0.874,-0.465,21.7
$IMU,52704.330,32.714,-15.075,-1.892,-0.08496,0.85107,0.57666,23.28
$BARO,52704.382,70062.52,23.71
$IMU,52704.405,19.653,-11.352,-0.427,-0.08691,0.86279,0.57080,23.25
$MAG,52704.427,-0.127,-0.870,-0.463,21.7
$IMU,52704.480,10.559,-8.911,-1.525,-0.07568,0.83447,0.56835,23.32
$BARO,52704.484,70054.55,23.71
$MAG,52704.528,-0.129,-0.865,-0.450,21.7
$IMU,52704.555,9.399,-6.835,-1.770,-0.08056,0.84277,0.56445,23.24
$BARO,52704.585,70058.33,23.71
$MAG,52704.628,-0.121,-0.867,-0.442,21.5
$IMU,52704.630,8.850,-6.713,-1.098,-0.06054,0.85937,0.55664,23.27
$BARO,52704.687,70049.11,23.72
$IMU,52704.706,5.004,-6.408,-0.732,-0.06347,0.86083,0.56152,23.26
$TIME,52704.715,440878.000,2364
$MAG,52704.729,-0.123,-0.864,-0.444,21.7
$IMU,52704.781,4.150,-7.446,-2.075,-0.04931,0.84667,0.55664,23.26
$BARO,52704.788,70052.53,23.73
$MAG,52704.829,-0.114,-0.865,-0.441,21.8
$IMU,52704.856,4.577,-9.582,-3.601,-0.02978,0.86767,0.54052,23.31
$BARO,52704.890,70060.89,23.73
$MAG,52704.930,-0.111,-0.865,-0.435,21.7
$IMU,52704.931,1.831,-9.460,-4.699,-0.02246,0.85888,0.53906,23.27
$BARO,52704.991,70058.08,23.73
$IMU,52705.006,1.831,-6.408,-5.065,-0.03466,0.86328,0.54833,23.30
$MAG,52705.030,-0.109,-0.870,-0.450,21.5
$IMU,52705.081,3.723,-4.882,-4.028,-0.04931,0.85400,0.54003,23.25
$BARO,52705.093,70056.72,23.73
$MAG,52705.131,-0.096,-0.862,-0.438,21.7
$IMU,52705.156,5.432,-4.089,-1.953,-0.04345,0.88867,0.52880,23.31
$BARO,52705.194,70050.31,23.73
$MAG,52705.231,-0.105,-0.858,-0.433,21.7
$IMU,52705.231,1.831,-2.258,-0.061,-0.04980,0.87548,0.52490,23.31
$VBAT,52705.274,3.924
$BARO,52705.296,70050.50,23.74
$HUM,52705.303,33.5,24.2
$IMU,52705.306,-1.098,-2.197,0.122,-0.04443,0.85937,0.52734,23.30
$MAG,52705.332,-0.103,-0.858,-0.435,21.7
$IMU,52705.381,-0.671,-2.197,-2.441,-0.04589,0.87500,0.52929,23.31
$BARO,52705.397,70055.48,23.74
$MAG,52705.432,-0.096,-0.859,-0.435,21.7
$IMU,52705.456,-0.732,-0.549,-3.356,-0.05957,0.86962,0.53320,23.29
$BARO,52705.499,70056.87,23.74
$IMU,52705.531,-0.244,-1.098,-1.098,-0.05859,0.86230,0.52978,23.29
$MAG,52705.533,-0.105,-0.855,-0.429,21.5
$BARO,52705.600,70062.67,23.74
$IMU,52705.606,1.342,-2.929,-1.464,-0.05078,0.87695,0.53417,23.29
$MAG,52705.633,-0.105,-0.853,-0.432,21.5
$IMU,52705.681,0.366,-3.295,-3.051,-0.06542,0.86914,0.52441,23.29
$BARO,52705.702,70059.06,23.74
$TIME,52705.715,440879.000,2364
$MAG,52705.734,-0.093,-0.853,-0.436,21.5
$IMU,52705.756,-0.732,-4.760,-2.807,-0.05908,0.87011,0.53906,23.35
$BARO,52705.803,70054.87,23.75
$IMU,52705.831,-1.098,-4.882,-2.258,-0.03955,0.85888,0.53222,23.32
$MAG,52705.834,-0.091,-0.843,-0.439,21.5
$BARO,52705.905,70054.26,23.75
$IMU,52705.906,-0.244,-3.356,-1.403,-0.04882,0.87646,0.53710,23.31
$MAG,52705.935,-0.096,-0.853,-0.441,21.5
$IMU,52705.982,-0.854,-4.272,-3.845,-0.05859,0.86718,0.53369,23.27
$BARO,52706.007,70060.06,23.75
$MAG,52706.035,-0.093,-0.847,-0.444,21.5
$IMU,52706.057,-1.586,-7.019,-5.310,-0.05371,0.86230,0.54541,23.34
$BARO,52706.108,70064.62,23.76
$IMU,52706.132,-0.854,-7.934,-6.896,-0.06445,0.86279,0.53515,23.38
$MAG,52706.136,-0.075,-0.846,-0.454,21.5
$IMU,52706.207,0.061,-12.329,-8.666,-0.08691,0.88281,0.52294,23.34
$BARO,52706.210,70052.45,23.76
$MAG,52706.236,-0.061,-0.847,-0.453,21.5
$VBAT,52706.275,3.922
$IMU,52706.282,-2.807,-22.033,-13.427,-0.07763,0.88525,0.52490,23.36
$BARO,52706.311,70053.04,23.76
$HUM,52706.318,33.4,24.3
$MAG,52706.337,-0.045,-0.841,-0.477,21.5
$IMU,52706.357,-7.080,-27.404,-16.357,-0.03271,0.85498,0.54736,23.35
$BARO,52706.413,70056.43,23.77
$IMU,52706.432,-6.286,-24.841,-15.808,-0.04101,0.84033,0.56542,23.33
$MAG,52706.437,-0.033,-0.837,-0.501,21.7
$IMU,52706.507,-2.807,-24.108,-16.113,-0.08349,0.84570,0.56201,23.33
$BARO,52706.514,70056.23,23.77
$MAG,52706.538,-0.015,-0.820,-0.505,21.7
$IMU,52706.582,-2.075,-28.320,-17.578,-0.03906,0.84667,0.57031,23.33
$BARO,52706.616,70057.21,23.77
$MAG,52706.638,-0.001,-0.813,-0.523,21.7
$IMU,52706.657,-2.075,-24.536,-15.563,-0.03515,0.82910,0.57373,23.36
$TIME,52706.715,440879.000,2364
$BARO,52706.717,70059.60,23.77
$IMU,52706.732,0.854,-18.371,-12.145,-0.04541,0.83398,0.58349,23.34
$MAG,52706.739,0.018,-0.802,-0.532,21.7
$IMU,52706.807,2.868,-13.977,-9.948,-0.04150,0.83105,0.57958,23.38
$BARO,52706.819,70061.18,23.78
$MAG,52706.839,0.016,-0.805,-0.535,21.7
$IMU,52706.882,2.319,-10.253,-6.591,-0.04345,0.85546,0.57373,23.33
$BARO,52706.920,70050.60,23.78
$MAG,52706.940,0.015,-0.802,-0.543,21.7
$IMU,52706.957,-0.427,-5.859,-4.150,-0.04052,0.83349,0.57519,23.37
$BARO,52707.022,70057.79,23.78
$IMU,52707.032,0.488,-0.061,0.549,-0.04345,0.83349,0.57958,23.37
$MAG,52707.040,0.019,-0.810,-0.532,21.7
$IMU,52707.107,2.563,4.089,3.906,-0.05468,0.83496,0.57568,23.38
$BARO,52707.123,70053.79,23.78
$MAG,52707.141,0.007,-0.811,-0.526,21.7
$IMU,52707.182,3.906,5.065,5.004,-0.03125,0.85546,0.55957,23.38
$BARO,52707.225,70054.99,23.79
$MAG,52707.241,0.006,-0.819,-0.526,21.5
$IMU,52707.258,1.464,7.446,5.859,-0.03759,0.86181,0.55810,23.35
$VBAT,52707.275,3.924
$BARO,52707.327,70064.96,23.79
$HUM,52707.332,33.1,24.3
$IMU,52707.333,-1.342,8.239,6.042,-0.03320,0.84619,0.56494,23.38
$MAG,52707.342,-0.007,-0.808,-0.526,21.7
$IMU,52707.408,-1.892,8.728,6.530,-0.02539,0.84326,0.57519,23.35
$BARO,52707.428,70055.77,23.80
$MAG,52707.442,-0.003,-0.813,-0.517,21.7
$IMU,52707.483,-1.953,10.131,6.042,-0.02294,0.83740,0.58203,23.36
$BARO,52707.530,70054.55,23.80
$MAG,52707.543,-0.010,-0.823,-0.501,21.7
$IMU,52707.558,0.488,13.427,6.469,-0.00683,0.82812,0.57226,23.35
$BARO,52707.631,70055.57,23.80
$IMU,52707.633,4.699,18.127,8.544,-0.08105,0.85595,0.55273,23.36
$MAG,52707.643,-0.015,-0.826,-0.496,21.7
$IMU,52707.708,4.821,10.986,7.507,-0.04638,0.87597,0.53564,23.36
$TIME,52707.715,440881.000,2364
$BARO,52707.733,70051.16,23.81
$MAG,52707.744,-0.028,-0.837,-0.483,21.7
$IMU,52707.783,0.915,8.605,4.821,-0.04248,0.87158,0.54101,23.39
$BARO,52707.834,70056.94,23.81
$MAG,52707.845,-0.021,-0.835,-0.490,21.7
$IMU,52707.858,-1.892,11.840,4.943,-0.03662,0.85546,0.54736,23.40
$IMU,52707.933,-1.464,15.930,8.117,-0.06640,0.85302,0.55419,23.36
$BARO,52707.936,70058.94,23.80
$MAG,52707.945,-0.042,-0.834,-0.487,21.7
$IMU,52708.008,0.122,13.122,8.361,-0.06884,0.85546,0.55029,23.39
$BARO,52708.037,70052.33,23.81
$MAG,52708.046,-0.040,-0.834,-0.466,21.5
$IMU,52708.083,0.061,10.192,6.469,-0.04931,0.85839,0.54980,23.43
$BARO,52708.139,70046.73,23.82
$MAG,52708.146,-0.036,-0.846,-0.468,21.8
$IMU,52708.158,-0.671,10.070,4.028,-0.06347,0.85693,0.55224,23.37
$IMU,52708.233,0.000,8.728,3.723,-0.05712,0.85351,0.55078,23.43
$BARO,52708.240,70060.91,23.82
$MAG,52708.247,-0.052,-0.844,-0.462,21.9
$VBAT,52708.276,3.919
$IMU,52708.308,1.647,10.131,4.699,-0.06298,0.85693,0.54101,23.40
$BARO,52708.342,70057.11,23.82
$HUM,52708.346,33.4,24.3
$MAG,52708.347,-0.055,-0.843,-0.460,21.7
$IMU,52708.383,2.319,10.375,6.164,-0.05908,0.87402,0.52929,23.39
$BARO,52708.443,70052.72,23.82
$MAG,52708.448,-0.060,-0.844,-0.456,21.7
$IMU,52708.458,0.610,9.338,5.371,-0.06396,0.87597,0.52734,23.40
$IMU,52708.534,-0.732,8.117,3.784,-0.06591,0.87353,0.52685,23.39
$BARO,52708.545,70057.69,23.83
$MAG,52708.548,-0.064,-0.838,-0.451,21.9
$IMU,52708.609,-1.281,7.141,4.089,-0.05468,0.86865,0.53027,23.38
$BARO,52708.647,70060.30,23.83
$MAG,52708.649,-0.058,-0.852,-0.451,21.7
$IMU,52708.684,-1.403,6.958,3.662,-0.06103,0.87304,0.53027,23.42
$TIME,52708.715,440882.000,2364
$BARO,52708.748,70058.89,23.83
$MAG,52708.749,-0.084,-0.847,-0.454,21.8
$IMU,52708.759,-2.197,5.554,2.929,-0.06298,0.87255,0.53076,23.40
$IMU,52708.834,-2.990,3.540,0.122,-0.06738,0.86669,0.53710,23.42
$BARO,52708.850,70065.25,23.84
$MAG,52708.850,-0.075,-0.856,-0.454,21.9
$IMU,52708.909,-3.845,2.624,0.427,-0.06250,0.86083,0.53906,23.41
$MAG,52708.950,-0.079,-0.856,-0.447,21.8
$BARO,52708.951,70066.05,23.83
$IMU,52708.984,-3.723,3.479,0.610,-0.06005,0.85791,0.54541,23.44
$MAG,52709.051,-0.078,-0.847,-0.456,21.7
$BARO,52709.053,70060.86,23.83
$IMU,52709.059,-3.479,4.943,0.915,-0.07861,0.86083,0.54394,23.42
$IMU,52709.134,-4.577,4.272,1.098,-0.09033,0.86621,0.55078,23.41
$MAG,52709.151,-0.075,-0.855,-0.457,21.8
$BARO,52709.154,70048.48,23.84
$IMU,52709.209,-7.751,1.647,0.244,-0.07080,0.85986,0.54785,23.43
$MAG,52709.252,-0.081,-0.858,-0.466,21.8
$BARO,52709.256,70059.86,23.84
$VBAT,52709.276,3.916
$IMU,52709.284,-11.657,2.929,1.831,-0.06152,0.85205,0.56787,23.46
$MAG,52709.352,-0.087,-0.856,-0.474,21.9
$BARO,52709.357,70060.45,23.85
$IMU,52709.359,-13.366,6.591,3.784,-0.08203,0.81542,0.58642,23.38
$HUM,52709.361,33.5,24.4
$IMU,52709.434,-12.207,7.446,5.432,-0.05957,0.80712,0.61035,23.44
$MAG,52709.453,-0.091,-0.859,-0.489,21.8
$BARO,52709.459,70057.45,23.85
$IMU,52709.509,-10.009,10.375,5.615,-0.06787,0.79638,0.62109,23.47
$MAG,52709.554,-0.093,-0.862,-0.492,21.8
$BARO,52709.560,70060.03,23.85
$IMU,52709.584,-7.263,14.953,7.629,-0.05615,0.79296,0.62402,23.45
$MAG,52709.654,-0.114,-0.874,-0.478,21.7
$IMU,52709.659,-4.943,25.756,13.916,-0.01074,0.79638,0.61572,23.43
$BARO,52709.662,70061.03,23.85
$TIME,52709.715,440883.000,2364
$IMU,52709.734,-4.455,44.128,21.362,-0.13330,0.81396,0.60400,23.43
$MAG,52709.755,-0.142,-0.873,-0.468,21.9
$BARO,52709.764,70051.84,23.86
$IMU,52709.810,-5.065,41.625,21.423,-0.17626,0.80761,0.61132,23.46
$MAG,52709.855,-0.165,-0.871,-0.474,21.7
$BARO,52709.865,70062.03,23.86
$IMU,52709.885,-4.760,34.729,22.033,-0.10351,0.80664,0.60205,23.43
$MAG,52709.956,-0.192,-0.886,-0.462,21.8
$IMU,52709.960,-4.821,40.649,26.489,-0.11865,0.79101,0.61474,23.46
$BARO,52709.967,70054.01,23.86
$IMU,52710.035,-0.671,45.959,27.770,-0.10156,0.79687,0.60205,23.45
$MAG,52710.056,-0.229,-0.882,-0.447,21.5
$BARO,52710.068,70053.43,23.87
$IMU,52710.110,2.563,48.706,24.719,-0.23535,0.83935,0.59228,23.46
$MAG,52710.157,-0.255,-0.883,-0.453,21.7
$BARO,52710.170,70056.43,23.87
$IMU,52710.185,-2.502,26.794,15.869,-0.18164,0.81250,0.60156,23.45
$MAG,52710.257,-0.261,-0.891,-0.454,21.9
$IMU,52710.260,-2.624,15.686,9.887,-0.13183,0.80908,0.59765,23.43
$BARO,52710.271,70056.40,23.88
$VBAT,52710.277,3.929
$IMU,52710.335,-1.464,15.014,5.859,-0.17626,0.82031,0.59130,23.44
$MAG,52710.358,-0.261,-0.877,-0.448,21.8
$BARO,52710.373,70057.82,23.87
$HUM,52710.375,33.7,24.4
$IMU,52710.410,-2.136,8.178,3.417,-0.16064,0.81738,0.59521,23.46
$MAG,52710.458,-0.261,-0.889,-0.456,21.8
$BARO,52710.474,70059.40,23.88
$IMU,52710.485,-0.549,4.272,1.953,-0.16308,0.80371,0.59082,23.44
$MAG,52710.559,-0.259,-0.891,-0.456,21.9
$IMU,52710.560,4.821,-0.488,-0.915,-0.18017,0.81982,0.57470,23.44
$BARO,52710.576,70056.79,23.88
$IMU,52710.635,8.239,-9.094,-4.516,-0.17041,0.83691,0.55908,23.47
$MAG,52710.659,-0.258,-0.886,-0.441,21.9
$BARO,52710.677,70056.60,23.88
$IMU,52710.710,10.009,-16.418,-8.483,-0.16796,0.84619,0.55664,23.43
$TIME,52710.715,440884.000,2364
$MAG,52710.760,-0.250,-0.885,-0.438,21.7
$BARO,52710.779,70058.79,23.88
$IMU,52710.785,10.375,-20.446,-8.239,-0.14306,0.85839,0.53027,23.48
$MAG,52710.860,-0.232,-0.880,-0.427,21.9
$IMU,52710.860,7.202,-19.592,-8.422,-0.16992,0.86669,0.54345,23.48
$BARO,52710.880,70055.57,23.88
$IMU,52710.935,3.356,-22.705,-10.620,-0.22656,0.84716,0.54882,23.46
$MAG,52710.961,-0.213,-0.882,-0.423,21.9
$BARO,52710.982,70052.58,23.88
$IMU,52711.010,3.845,-43.945,-16.845,-0.27734,0.85937,0.53320,23.50
$MAG,52711.062,-0.174,-0.880,-0.441,21.7
$BARO,52711.084,70048.97,23.89
$IMU,52711.086,2.563,-79.650,-26.794,-0.14160,0.88134,0.51416,23.43
$IMU,52711.161,-2.441,-93.383,-29.357,-0.01464,0.87792,0.52783,23.50
$MAG,52711.162,-0.126,-0.864,-0.460,21.9
$BARO,52711.185,70055.16,23.89
$IMU,52711.236,-6.652,-83.007,-31.799,0.03857,0.81542,0.56494,23.47
$MAG,52711.263,-0.099,-0.855,-0.487,21.7
$VBAT,52711.277,3.922
$BARO,52711.287,70051.36,23.90
$IMU,52711.311,-2.319,-67.321,-33.630,0.01562,0.82128,0.59130,23.46
$MAG,52711.363,-0.067,-0.843,-0.517,21.8
$IMU,52711.386,0.061,-61.828,-32.836,-0.01513,0.85107,0.56982,23.43
$BARO,52711.388,70061.74,23.90
$HUM,52711.389,33.1,24.4
$IMU,52711.461,-3.479,-60.913,-34.973,0.05078,0.84130,0.56738,23.50
$MAG,52711.464,-0.045,-0.837,-0.547,21.9
$BARO,52711.490,70053.14,23.90
$IMU,52711.536,-6.530,-48.400,-25.146,0.07714,0.81494,0.59130,23.47
$MAG,52711.564,-0.028,-0.820,-0.562,21.9
$BARO,52711.591,70057.72,23.91
$IMU,52711.611,-4.272,-31.677,-17.089,0.05810,0.80419,0.60595,23.49
$MAG,52711.665,-0.015,-0.817,-0.582,21.9
$IMU,52711.686,-1.220,-20.629,-11.779,0.02880,0.80761,0.60986,23.52
$BARO,52711.693,70058.91,23.91
$TIME,52711.715,440885.000,2364
$IMU,52711.761,0.976,-17.211,-10.314,0.04638,0.82617,0.61083,23.50
$MAG,52711.765,-0.001,-0.817,-0.586,21.8
$BARO,52711.794,70058.30,23.92
$IMU,52711.836,1.220,-19.409,-11.962,0.04101,0.81347,0.59423,23.49
$MAG,52711.866,0.000,-0.819,-0.598,21.8
$BARO,52711.896,70057.30,23.92
$IMU,52711.911,0.000,-22.094,-14.160,0.08447,0.82958,0.61523,23.52
$MAG,52711.966,0.004,-0.801,-0.604,21.9
$IMU,52711.986,-1.342,-17.211,-12.451,0.06396,0.80664,0.60839,23.52
$BARO,52711.997,70056.89,23.92
$IMU,52712.061,0.244,-16.113,-8.972,0.06445,0.80957,0.61035,23.54
$MAG,52712.067,0.006,-0.807,-0.615,21.8
$BARO,52712.099,70052.89,23.93
$IMU,52712.136,1.220,-15.380,-8.911,0.08007,0.82373,0.60546,23.52
$MAG,52712.167,0.012,-0.801,-0.621,21.8
$BARO,52712.201,70056.28,23.93
$IMU,52712.211,1.831,-12.390,-6.652,0.06738,0.82568,0.60009,23.48
$MAG,52712.268,0.013,-0.793,-0.630,21.7
$VBAT,52712.277,3.926
$IMU,52712.286,1.098,-9.765,-4.516,0.05322,0.83544,0.58740,23.49
$BARO,52712.302,70057.47,23.94
$IMU,52712.362,0.671,-12.817,-6.408,0.05419,0.82861,0.57324,23.50
$MAG,52712.368,0.027,-0.790,-0.633,21.9
$HUM,52712.403,32.1,24.4
$BARO,52712.404,70049.09,23.94
$IMU,52712.437,0.000,-17.761,-11.108,0.07421,0.83447,0.56445,23.54
$MAG,52712.469,0.018,-0.781,-0.639,21.9
$BARO,52712.505,70062.47,23.94
$IMU,52712.512,-1.464,-19.592,-12.084,0.10986,0.86083,0.59326,23.50
$MAG,52712.569,0.025,-0.775,-0.661,21.8
$IMU,52712.587,-5.187,-16.784,-10.192,0.12988,0.81738,0.60693,23.56
$BARO,52712.607,70057.26,23.95
$IMU,52712.662,-6.713,-11.474,-10.742,0.11572,0.83642,0.60693,23.50
$MAG,52712.670,0.034,-0.765,-0.676,21.9
$BARO,52712.708,70054.45,23.95
$TIME,52712.715,440886.000,2364
$IMU,52712.737,-6.347,-8.239,-11.108,0.09667,0.82666,0.61425,23.52
$MAG,52712.770,0.039,-0.762,-0.679,21.9
$BARO,52712.810,70066.23,23.96
$IMU,52712.812,-5.249,-6.713,-10.314,0.08593,0.79394,0.59179,23.52
$MAG,52712.871,0.043,-0.748,-0.690,21.9
$IMU,52712.887,-4.882,-7.019,-8.483,0.07470,0.84960,0.59326,23.54
$BARO,52712.911,70059.42,23.96
$IMU,52712.962,-11.352,-7.873,-6.652,0.11279,0.84228,0.61376,23.52
$MAG,52712.971,0.048,-0.747,-0.706,21.8
$BARO,52713.013,70055.82,23.96
$IMU,52713.037,-19.348,-5.859,-6.164,0.05224,0.87646,0.57177,23.56
$MAG,52713.072,0.046,-0.726,-0.730,21.8
$IMU,52713.112,-38.635,-10.498,-5.310,0.06835,0.82373,0.56250,23.53
$BARO,52713.114,70052.01,23.97
$MAG,52713.172,0.042,-0.703,-0.772,21.9
$IMU,52713.187,-57.922,-9.948,2.319,0.09521,0.75195,0.62695,23.57
$BARO,52713.216,70017.43,23.99
$IMU,52713.262,-74.645,-6.652,13.000,0.09375,0.70996,0.68017,23.54
$MAG,52713.273,0.025,-0.664,-0.837,21.7
$VBAT,52713.278,3.914
$BARO,52713.317,69971.67,24.00
$IMU,52713.337,-94.055,-5.676,21.850,0.13916,0.47021,0.79394,23.51
$MAG,52713.373,0.007,-0.610,-0.877,21.8
$IMU,52713.412,-86.181,0.732,23.498,0.17675,0.24951,0.94287,23.54
$HUM,52713.418,24.1,24.5
$BARO,52713.419,70056.52,24.01
$MAG,52713.474,0.019,-0.583,-0.898,21.8
$IMU,52713.487,-61.828,5.615,18.981,0.16259,0.21289,1.00781,23.56
$BARO,52713.520,70060.55,24.00
$IMU,52713.562,-44.982,7.812,14.160,0.15429,0.19042,1.01904,23.55
$MAG,52713.574,0.013,-0.556,-0.910,21.8
$BARO,52713.622,70062.33,24.00
$IMU,52713.638,-33.752,11.230,14.343,0.12744,0.15722,0.98876,23.56
$MAG,52713.675,0.018,-0.535,-0.915,21.9
$IMU,52713.713,-29.418,12.145,9.460,0.08935,0.15771,0.93359,23.54
$TIME,52713.715,440887.000,2364
$BARO,52713.723,70057.74,24.01
$MAG,52713.776,0.036,-0.510,-0.918,21.9
$IMU,52713.788,-36.376,11.108,12.390,0.07568,0.10498,0.92089,23.56
$BARO,52713.825,70049.94,24.01
$IMU,52713.863,-44.433,13.305,16.723,0.04101,-0.01367,0.94091,23.55
$MAG,52713.876,0.043,-0.487,-0.924,21.8
$BARO,52713.926,70066.52,24.01
$IMU,52713.938,-44.372,14.587,17.944,-0.03466,-0.14746,0.96630,23.56
$MAG,52713.977,0.046,-0.456,-0.927,21.8
$IMU,52714.013,-41.442,10.742,12.451,-0.08544,-0.19824,1.04736,23.56
$BARO,52714.028,70060.52,24.01
$MAG,52714.077,0.060,-0.439,-0.922,21.9
$IMU,52714.088,-39.367,7.690,10.559,-0.06396,-0.32031,1.06103,23.60
$BARO,52714.129,70066.10,24.01
$IMU,52714.163,-24.475,10.192,16.662,-0.07080,-0.32568,1.02343,23.57
$MAG,52714.178,0.061,-0.438,-0.918,21.8
$BARO,52714.231,70052.55,24.01
$IMU,52714.238,-16.113,15.380,17.150,-0.07763,-0.29980,0.99267,23.52
$MAG,52714.278,0.081,-0.433,-0.907,21.9
$VBAT,52714.278,3.916
$IMU,52714.313,-15.747,18.615,10.070,-0.23046,-0.29492,0.99658,23.58
$BARO,52714.333,70053.33,24.01
$MAG,52714.379,0.073,-0.417,-0.903,21.9
$IMU,52714.388,-14.709,4.577,-1.953,-0.18750,-0.36962,0.99316,23.59
$HUM,52714.432,33.1,24.5
$BARO,52714.434,70052.75,24.00
$IMU,52714.463,-6.408,-3.906,-7.568,-0.19921,-0.33349,0.98535,23.53
$MAG,52714.479,0.073,-0.403,-0.916,21.9
$BARO,52714.536,70059.52,24.01
$IMU,52714.538,-2.624,-10.498,-15.686,-0.10302,-0.31591,0.97753,23.58
$MAG,52714.580,0.061,-0.403,-0.912,21.9
$IMU,52714.613,3.417,-8.483,-12.390,-0.03076,-0.33935,0.96093,23.58
$BARO,52714.637,70057.94,24.01
$MAG,52714.680,0.066,-0.409,-0.930,21.9
$IMU,52714.688,11.352,-1.708,1.403,0.06103,-0.30859,0.95166,23.58
$TIME,52714.715,440888.000,2364
$BARO,52714.739,70063.52,24.01
$IMU,52714.763,8.850,7.568,20.751,0.12207,-0.28320,0.94091,23.59
$MAG,52714.781,0.076,-0.433,-0.918,21.9
$IMU,52714.838,1.342,17.761,21.240,-0.03173,-0.29541,0.93310,23.64
$BARO,52714.840,70069.30,24.01
$MAG,52714.881,0.094,-0.420,-0.904,21.9
$IMU,52714.914,-1.098,14.953,-8.300,-0.22656,-0.29931,0.97314,23.56
$BARO,52714.942,70057.30,24.01
$MAG,52714.982,0.094,-0.415,-0.909,21.9
$IMU,52714.989,-2.380,-2.685,-21.362,-0.25390,-0.30175,1.00585,23.59
$BARO,52715.043,70051.92,24.01
$IMU,52715.064,2.136,-15.258,-26.916,-0.10009,-0.35498,1.03857,23.59
$MAG,52715.082,0.072,-0.405,-0.913,21.9
$IMU,52715.139,9.948,-15.380,-27.954,-0.14208,-0.34716,1.01464,23.60
$BARO,52715.145,70055.91,24.02
$MAG,52715.183,0.055,-0.390,-0.934,21.9
$IMU,52715.214,17.578,-27.587,-28.747,0.01123,-0.29638,1.00683,23.54
$BARO,52715.246,70053.11,24.02
$VBAT,52715.278,3.927
$MAG,52715.284,0.027,-0.396,-0.937,21.9
$IMU,52715.289,22.033,-23.376,-24.414,0.11962,-0.30224,1.01220,23.59
$BARO,52715.348,70061.30,24.02
$IMU,52715.364,30.334,-11.352,-13.549,0.10449,-0.21972,0.99316,23.57
$MAG,52715.384,0.028,-0.429,-0.946,22.0
$IMU,52715.439,33.813,-7.141,-5.249,0.14306,-0.14013,0.98339,23.57
$HUM,52715.446,32.2,24.5
$BARO,52715.449,70056.09,24.03
$MAG,52715.485,0.025,-0.456,-0.939,21.8
$IMU,52715.514,36.010,-3.173,1.647,0.15820,-0.03759,0.97412,23.60
$BARO,52715.551,70057.69,24.03
$MAG,52715.585,0.027,-0.471,-0.940,21.9
$IMU,52715.589,32.592,0.549,-1.831,0.10351,0.03271,0.96630,23.60
$BARO,52715.653,70055.89,24.03
$IMU,52715.664,29.541,0.915,-7.507,0.07275,0.08398,0.94384,23.61
$MAG,52715.686,0.022,-0.498,-0.928,22.0
$TIME,52715.715,440889.000,2364
$IMU,52715.739,23.437,-0.915,-14.282,-0.01806,0.11572,0.94775,23.60
$BARO,52715.754,70055.09,24.03
$MAG,52715.786,0.022,-0.510,-0.934,21.9
$IMU,52715.814,17.883,-8.300,-12.329,0.12695,0.11816,0.95605,23.62
$BARO,52715.856,70058.45,24.04
$MAG,52715.887,0.013,-0.520,-0.916,21.9
$IMU,52715.889,14.892,-2.807,1.708,0.17919,0.17041,0.98730,23.63
$BARO,52715.957,70058.67,24.03
$IMU,52715.964,9.094,0.671,12.390,0.23828,0.14453,1.00439,23.61
$MAG,52715.987,0.013,-0.531,-0.930,21.9
$IMU,52716.039,7.873,6.103,14.221,0.23535,0.15625,0.98828,23.63
$BARO,52716.059,70058.45,24.04
$MAG,52716.088,0.025,-0.547,-0.909,21.9
$IMU,52716.114,4.455,10.559,8.605,0.16992,0.15771,1.00683,23.63
$BARO,52716.160,70055.84,24.04
$MAG,52716.188,0.037,-0.547,-0.897,21.9
$IMU,52716.190,3.295,12.390,2.990,0.12304,0.11523,1.02490,23.62
$BARO,52716.262,70061.42,24.05
$IMU,52716.265,11.413,13.916,-1.159,0.07812,0.12500,1.03564,23.61
$VBAT,52716.279,3.919
$MAG,52716.289,0.048,-0.564,-0.888,22.0
$IMU,52716.340,22.399,13.977,-4.272,0.05371,0.09423,1.04003,23.59
$BARO,52716.363,70056.23,24.06
$MAG,52716.389,0.064,-0.583,-0.862,21.9
$IMU,52716.415,43.762,15.563,-6.835,-0.01806,0.17675,0.98925,23.61
$HUM,52716.461,23.2,24.6
$BARO,52716.465,70068.00,24.06
$MAG,52716.490,0.069,-0.624,-0.837,22.0
$IMU,52716.490,55.358,11.657,-7.751,-0.08935,0.34472,0.88818,23.65
$IMU,52716.565,43.640,0.976,-9.033,-0.08300,0.42578,0.87841,23.64
$BARO,52716.566,70049.63,24.07
$MAG,52716.590,0.070,-0.639,-0.813,21.9
$IMU,52716.640,25.756,-2.868,-6.103,-0.08398,0.49658,0.88476,23.62
$BARO,52716.668,70066.96,24.09
$MAG,52716.691,0.070,-0.642,-0.820,21.9
$TIME,52716.715,440890.000,2364
$IMU,52716.715,2.319,-1.403,4.699,-0.02392,0.50146,0.88085,23.65
$BARO,52716.770,70054.16,24.10
$IMU,52716.790,-12.695,1.708,13.183,0.00634,0.38427,0.96044,23.61
$MAG,52716.791,0.058,-0.645,-0.826,21.9
$IMU,52716.865,0.000,1.892,7.446,0.00634,0.37792,0.96337,23.61
$BARO,52716.871,70069.52,24.11
$MAG,52716.892,0.058,-0.661,-0.820,21.9
$IMU,52716.940,14.953,-1.220,2.746,0.02099,0.38183,0.95996,23.67
$BARO,52716.973,70075.88,24.12
$MAG,52716.993,0.055,-0.675,-0.804,22.0
$IMU,52717.015,31.188,-2.258,-1.708,0.01904,0.44970,0.91699,23.65
$BARO,52717.074,70100.03,24.12
$IMU,52717.090,39.855,-3.479,0.122,0.04736,0.58691,0.85546,23.65
$MAG,52717.093,0.049,-0.679,-0.777,22.0
$IMU,52717.165,32.592,-3.601,-2.502,0.07080,0.57470,0.80615,23.63
$BARO,52717.176,70169.72,24.13
$MAG,52717.194,0.055,-0.693,-0.766,22.0
$IMU,52717.240,29.418,-2.014,-11.230,0.01562,0.66162,0.80175,23.66
$BARO,52717.277,70179.11,24.13
$VBAT,52717.290,3.919
$MAG,52717.294,0.064,-0.708,-0.748,21.9
$IMU,52717.315,27.709,-2.380,-17.150,0.01562,0.64599,0.76171,23.67
$BARO,52717.379,70063.86,24.14
$IMU,52717.390,29.296,3.662,-13.610,-0.05419,0.70556,0.73095,23.64
$MAG,52717.395,0.078,-0.706,-0.727,21.9
$IMU,52717.466,23.193,1.220,-8.850,-0.01953,0.71875,0.72119,23.65
$HUM,52717.475,31.6,24.7
$BARO,52717.480,70065.64,24.14
$MAG,52717.495,0.076,-0.715,-0.714,21.9
$IMU,52717.541,18.859,0.671,-4.821,-0.03173,0.72460,0.70214,23.66
$BARO,52717.582,70056.87,24.13
$MAG,52717.596,0.087,-0.715,-0.705,21.9
$IMU,52717.616,16.967,2.563,-5.676,-0.05908,0.77001,0.67089,23.65
$BARO,52717.683,70064.86,24.13
$IMU,52717.691,10.070,1.525,-4.333,-0.05419,0.78320,0.65283,23.67
$MAG,52717.696,0.084,-0.714,-0.696,21.9
$TIME,52717.715,440891.000,2364
$IMU,52717.766,4.638,4.150,-0.732,-0.03515,0.76513,0.66308,23.66
$BARO,52717.785,70064.67,24.13
$MAG,52717.797,0.085,-0.723,-0.681,21.9
$IMU,52717.841,1.037,11.230,6.835,-0.06787,0.76757,0.67578,23.69
$BARO,52717.886,70054.87,24.13
$MAG,52717.898,0.085,-0.727,-0.673,21.9
$IMU,52717.916,0.061,12.390,9.948,-0.09765,0.78417,0.65185,23.63
$BARO,52717.988,70051.28,24.13
$IMU,52717.991,-4.394,7.385,9.155,-0.09765,0.77685,0.65527,23.66
$MAG,52717.998,0.079,-0.730,-0.676,21.9
$IMU,52718.066,-8.544,1.342,6.530,-0.09423,0.75830,0.67529,23.68
$BARO,52718.089,70061.08,24.13
$MAG,52718.099,0.069,-0.732,-0.682,21.9
$IMU,52718.141,-9.399,-3.784,1.892,-0.09716,0.75390,0.68164,23.66
$BARO,52718.191,70054.06,24.13
$MAG,52718.199,0.073,-0.718,-0.696,21.9
$IMU,52718.216,-14.282,-8.789,-2.441,-0.09082,0.75781,0.69580,23.68
$IMU,52718.291,-22.399,-13.244,-5.615,-0.08105,0.69726,0.72167,23.68
$BARO,52718.292,70061.45,24.14
$VBAT,52718.298,3.921
$MAG,52718.300,0.075,-0.705,-0.727,22.0
$IMU,52718.366,-23.254,-15.502,-5.615,-0.04101,0.64794,0.76904,23.67
$BARO,52718.394,70138.35,24.15
$MAG,52718.400,0.066,-0.700,-0.748,21.9
$IMU,52718.441,-17.150,-13.610,-3.173,-0.03906,0.64306,0.77978,23.69
$HUM,52718.490,29.6,24.7
$BARO,52718.496,70166.09,24.16
$MAG,52718.501,0.060,-0.687,-0.762,22.0
$IMU,52718.516,-12.573,-12.756,-2.746,-0.02050,0.64453,0.77197,23.70
$IMU,52718.591,-12.695,-11.718,-2.685,0.01464,0.64013,0.78564,23.70
$BARO,52718.597,70114.54,24.17
$MAG,52718.601,0.066,-0.685,-0.775,21.9
$IMU,52718.666,-13.671,-10.253,-1.953,0.03564,0.62792,0.81005,23.65
$BARO,52718.699,70045.80,24.18
$MAG,52718.702,0.055,-0.672,-0.792,21.9
$TIME,52718.715,440892.000,2364
$IMU,52718.742,-13.000,-9.948,-1.892,0.09863,0.61621,0.81494,23.71
$BARO,52718.800,70015.82,24.19
$MAG,52718.802,0.052,-0.673,-0.808,21.9
$IMU,52718.817,-12.451,-8.544,-0.305,0.12353,0.60498,0.83544,23.65
$IMU,52718.892,-12.695,-9.338,-0.793,0.14794,0.56835,0.85839,23.68
$BARO,52718.902,69992.22,24.19
$MAG,52718.903,0.049,-0.660,-0.813,21.9
$IMU,52718.967,-8.178,-7.751,-2.746,0.15820,0.54833,0.84326,23.71
$BARO,52719.003,69978.23,24.20
$MAG,52719.003,0.037,-0.655,-0.816,21.9
$IMU,52719.042,-2.136,-3.356,-5.065,0.14013,0.59619,0.82958,23.65
$MAG,52719.104,0.045,-0.646,-0.823,22.0
$BARO,52719.105,69979.40,24.21
$IMU,52719.117,-0.183,-2.990,-5.554,0.13916,0.60449,0.81591,23.69
$IMU,52719.192,0.244,-4.455,-6.652,0.15332,0.59521,0.80419,23.73
$MAG,52719.205,0.043,-0.642,-0.819,22.0
$BARO,52719.206,69993.20,24.20
$IMU,52719.267,0.305,-3.540,-6.713,0.20507,0.58593,0.82177,23.68
$MAG,52719.305,0.046,-0.645,-0.813,22.0
$BARO,52719.308,69987.79,24.22
$VBAT,52719.309,3.926
$IMU,52719.342,3.540,1.770,-3.723,0.24169,0.56787,0.84326,23.70
$MAG,52719.406,0.058,-0.651,-0.807,21.9
$BARO,52719.410,69987.57,24.22
$IMU,52719.417,10.864,8.605,-3.601,0.23730,0.58447,0.81005,23.68
$IMU,52719.492,17.150,13.488,-3.845,0.20019,0.64355,0.79687,23.72
$HUM,52719.504,16.1,24.7
$MAG,52719.506,0.070,-0.651,-0.787,21.9
$BARO,52719.511,70032.51,24.23
$IMU,52719.567,18.432,20.141,-3.601,0.09716,0.75781,0.82226,23.73
$MAG,52719.607,0.076,-0.670,-0.763,22.0
$BARO,52719.613,70143.40,24.23
$IMU,52719.642,14.221,22.644,-3.479,-0.06933,0.58105,0.76904,23.70
$MAG,52719.707,0.097,-0.658,-0.745,22.0
$BARO,52719.714,70162.75,24.23
$TIME,52719.715,440893.000,2364
$IMU,52719.717,13.366,18.737,-11.413,-0.18457,0.68115,0.77392,23.70
$IMU,52719.792,3.906,13.854,-11.901,-0.21435,0.64697,0.76660,23.70
$MAG,52719.808,0.106,-0.657,-0.738,21.9
$BARO,52719.816,70166.77,24.23
$IMU,52719.867,-3.662,10.009,-7.812,-0.20849,0.58105,0.75195,23.68
$MAG,52719.908,0.117,-0.651,-0.739,22.0
$BARO,52719.917,70170.16,24.23
$IMU,52719.943,-3.417,9.460,-9.582,-0.25292,0.62988,0.79003,23.72
$MAG,52720.009,0.126,-0.639,-0.727,21.9
$IMU,52720.018,-6.591,7.568,-11.352,-0.26562,0.58203,0.78417,23.74
$BARO,52720.019,70172.16,24.23
$IMU,52720.093,-4.089,5.065,-10.253,-0.28662,0.59619,0.79052,23.72
$MAG,52720.109,0.130,-0.625,-0.730,21.9
$BARO,52720.120,70161.56,24.23
$IMU,52720.168,-2.563,1.403,-9.948,-0.31054,0.57666,0.79150,23.74
$MAG,52720.210,0.147,-0.622,-0.742,21.9
$BARO,52720.222,70171.14,24.23
$IMU,52720.243,0.305,-4.211,-7.019,-0.30810,0.60302,0.77783,23.69
$MAG,52720.310,0.124,-0.619,-0.748,21.9
$VBAT,52720.317,3.927
$IMU,52720.318,-1.037,-8.178,-1.586,-0.29101,0.60400,0.79052,23.70
$BARO,52720.323,70171.55,24.24
$IMU,52720.393,-1.953,-11.901,6.042,-0.23242,0.62890,0.80908,23.74
$MAG,52720.411,0.118,-0.631,-0.741,22.0
$BARO,52720.425,70136.55,24.24
$IMU,52720.468,0.122,-13.183,10.559,-0.16748,0.61523,0.77441,23.72
$MAG,52720.511,0.108,-0.648,-0.763,22.2
$HUM,52720.519,28.7,24.7
$BARO,52720.526,70109.59,24.25
$IMU,52720.543,0.549,-11.901,12.451,-0.10742,0.63769,0.77050,23.71
$MAG,52720.612,0.096,-0.654,-0.775,22.0
$IMU,52720.618,-1.708,-8.728,15.319,-0.10107,0.63378,0.79003,23.76
$BARO,52720.628,70090.60,24.25
$IMU,52720.693,-1.586,-8.666,15.197,-0.06542,0.61572,0.78222,23.74
$MAG,52720.713,0.085,-0.649,-0.783,21.9
$TIME,52720.715,440893.000,2364
$BARO,52720.730,70092.99,24.25
$IMU,52720.768,-2.380,-9.094,14.587,-0.03955,0.64160,0.78759,23.74
$MAG,52720.813,0.070,-0.669,-0.783,21.9
$BARO,52720.831,70046.46,24.25
$IMU,52720.843,-5.859,-11.474,12.451,0.02539,0.58105,0.78125,23.72
$MAG,52720.914,0.039,-0.673,-0.784,21.9
$IMU,52720.918,-1.953,-11.901,12.207,0.11572,0.71435,0.80468,23.72
$BARO,52720.933,70032.64,24.26
$IMU,52720.993,-7.690,-9.887,18.859,0.22802,0.65332,0.83935,23.74
$MAG,52721.014,0.031,-0.681,-0.801,21.9
$BARO,52721.034,70039.63,24.26
$IMU,52721.068,-1.098,1.281,13.183,0.17968,0.58886,0.76562,23.74
$MAG,52721.115,0.042,-0.684,-0.795,22.0
$BARO,52721.136,70058.60,24.27
$IMU,52721.143,5.676,6.347,4.455,0.14306,0.66748,0.75195,23.75
$MAG,52721.215,0.042,-0.693,-0.787,21.9
$IMU,52721.219,-1.647,5.554,7.873,0.18115,0.62890,0.79345,23.73
$BARO,52721.237,70080.56,24.27
$IMU,52721.294,-0.549,8.605,9.033,0.19140,0.60009,0.81835,23.75
$MAG,52721.316,0.043,-0.699,-0.778,22.0
$VBAT,52721.328,3.919
$BARO,52721.339,70136.72,24.27
$IMU,52721.369,9.826,11.596,5.920,0.18066,0.61230,0.78125,23.79
$MAG,52721.416,0.042,-0.703,-0.760,22.0
$BARO,52721.440,70132.53,24.27
$IMU,52721.444,17.089,12.512,4.882,0.17919,0.70458,0.75732,23.75
$MAG,52721.517,0.048,-0.708,-0.747,22.0
$IMU,52721.519,12.512,16.296,6.408,0.12207,0.73779,0.78173,23.76
$HUM,52721.533,30.9,24.8
$BARO,52721.542,70091.75,24.27
$IMU,52721.594,6.530,20.690,3.051,0.08349,0.59277,0.76708,23.77
$MAG,52721.617,0.054,-0.723,-0.721,21.9
$BARO,52721.643,70045.80,24.27
$IMU,52721.669,16.357,33.020,4.821,-0.03320,0.74707,0.75048,23.81
$TIME,52721.715,440896.000,2364
$MAG,52721.718,0.070,-0.733,-0.685,22.0
$IMU,52721.744,8.544,42.602,12.573,-0.06005,0.68359,0.71679,23.72
$BARO,52721.745,70058.79,24.27
$MAG,52721.818,0.058,-0.757,-0.640,22.0
$IMU,52721.819,11.474,51.391,22.888,-0.06640,0.65234,0.69238,23.74
$BARO,52721.847,70059.23,24.26
$IMU,52721.894,22.460,59.020,19.287,-0.23339,0.82324,0.65234,23.77
$MAG,52721.919,0.069,-0.772,-0.601,22.0
$BARO,52721.948,70066.83,24.25
$IMU,52721.969,10.925,46.752,8.666,-0.25097,0.79931,0.55322,23.78
$MAG,52722.020,0.073,-0.766,-0.576,22.0
$IMU,52722.044,-7.751,37.963,0.427,-0.38085,0.93066,0.49072,23.77
$BARO,52722.050,70057.04,24.25
$IMU,52722.119,-41.931,14.526,-14.038,-0.53271,0.75830,0.56787,23.77
$MAG,52722.120,0.085,-0.741,-0.618,22.3
$BARO,52722.151,70064.64,24.24
$IMU,52722.194,-40.222,-25.878,-22.094,-0.47216,0.39990,0.79736,23.76
$MAG,52722.221,0.084,-0.741,-0.652,22.0
$BARO,52722.253,70063.23,24.25
$IMU,52722.269,13.977,-37.353,-11.413,-0.33300,0.64453,0.78466,23.79
$MAG,52722.321,0.082,-0.738,-0.661,22.3
$VBAT,52722.336,3.930
$IMU,52722.344,7.202,-35.400,-0.061,-0.21972,0.95703,0.55517,23.78
$BARO,52722.354,70053.62,24.25
$IMU,52722.419,-41.870,-39.489,-5.554,0.02246,0.59082,0.70214,23.79
$MAG,52722.422,0.069,-0.718,-0.715,22.0
$BARO,52722.456,70055.43,24.25
$IMU,52722.495,-39.672,-20.568,6.042,0.02197,0.56787,0.91943,23.77
$MAG,52722.522,0.051,-0.711,-0.751,22.0
$HUM,52722.548,32.2,24.8
$BARO,52722.557,70067.40,24.26
$IMU,52722.570,-34.240,-6.286,12.756,0.00097,0.35791,0.91015,23.83
$MAG,52722.623,0.045,-0.717,-0.765,22.0
$IMU,52722.645,-6.713,-6.713,13.305,0.01269,0.67138,0.86328,23.80
$BARO,52722.659,70055.18,24.27
$IMU,52722.720,-15.380,-7.751,12.145,0.08105,0.58447,0.83105,23.79
$MAG,52722.723,0.039,-0.706,-0.777,22.0
$BARO,52722.760,70060.16,24.28
$IMU,52722.795,-19.531,0.183,16.723,0.13427,0.49658,0.86425,23.82
$MAG,52722.824,0.034,-0.712,-0.790,22.0
$BARO,52722.862,70056.55,24.29
$IMU,52722.870,-16.113,10.986,19.348,0.05810,0.37744,0.91064,23.80
$MAG,52722.925,0.027,-0.723,-0.786,22.0
$IMU,52722.945,-10.986,9.948,16.967,0.04833,0.37158,0.93212,23.79
$BARO,52722.963,70053.36,24.29
$IMU,52723.020,-2.502,12.329,24.536,0.02880,0.41552,0.92675,23.79
$MAG,52723.025,0.024,-0.729,-0.787,22.0
$BARO,52723.065,70054.94,24.30
$IMU,52723.095,-0.366,19.042,19.592,-0.15917,0.61621,0.95117,23.80
$MAG,52723.126,0.025,-0.723,-0.790,22.0
$BARO,52723.166,70040.12,24.31
$IMU,52723.170,-14.282,14.709,5.249,-0.14355,0.45849,0.97705,23.82
$MAG,52723.226,0.030,-0.730,-0.784,22.0
$IMU,52723.245,0.305,14.160,11.657,-0.12109,0.37353,0.87695,23.82
$BARO,52723.268,70021.96,24.31
$IMU,52723.320,16.296,19.165,19.165,-0.16357,0.41943,0.86767,23.86
$MAG,52723.327,0.019,-0.751,-0.756,22.0
$VBAT,52723.337,3.918
$BARO,52723.369,70090.67,24.31
$IMU,52723.395,20.507,20.629,9.948,-0.28955,0.43847,0.91308,23.81
$MAG,52723.427,0.025,-0.774,-0.739,22.0
$IMU,52723.470,14.099,10.375,10.253,-0.20654,0.38916,0.91064,23.82
$BARO,52723.471,70060.91,24.31
$MAG,52723.528,0.018,-0.784,-0.729,22.0
$IMU,52723.545,19.714,0.427,14.953,-0.16357,0.54833,0.88085,23.79
$HUM,52723.563,32.7,24.8
$BARO,52723.572,70053.75,24.30
$IMU,52723.620,10.009,-6.713,18.188,0.02099,0.58691,0.91845,23.79
$MAG,52723.629,-0.004,-0.799,-0.727,22.2
$BARO,52723.674,70055.94,24.30
$IMU,52723.695,-0.183,2.136,21.606,-0.05664,0.59716,0.84814,23.81
$TIME,52723.715,440897.000,2364
$MAG,52723.729,-0.015,-0.811,-0.730,22.0
$IMU,52723.771,-0.549,0.061,13.488,-0.04296,0.63574,0.81396,23.86
$BARO,52723.776,70062.74,24.29
$MAG,52723.830,-0.036,-0.811,-0.732,22.0
$IMU,52723.846,-13.122,0.854,18.493,-0.04785,0.46386,0.80322,23.89
$BARO,52723.877,70057.55,24.29
$IMU,52723.921,-4.943,4.943,26.794,0.00390,0.52734,0.81835,23.83
$MAG,52723.930,-0.060,-0.823,-0.732,22.3
$BARO,52723.979,70059.55,24.29
$IMU,52723.996,-1.220,12.756,40.710,0.04541,0.54296,0.82958,23.80
$MAG,52724.031,-0.096,-0.852,-0.733,22.0
$IMU,52724.071,-0.366,19.470,52.734,0.07031,0.57861,0.85546,23.84
$BARO,52724.080,70054.96,24.29
$MAG,52724.131,-0.130,-0.871,-0.727,22.3
$IMU,52724.146,3.112,20.996,48.461,0.06933,0.62451,0.85644,23.83
$BARO,52724.182,70054.18,24.28
$IMU,52724.221,0.549,22.888,40.710,0.01855,0.65625,0.87353,23.80
$MAG,52724.232,-0.160,-0.870,-0.720,22.0
$BARO,52724.283,70066.54,24.29
$IMU,52724.296,-13.549,27.526,38.146,-0.00585,0.47851,0.83642,23.85
$MAG,52724.332,-0.183,-0.888,-0.751,22.0
$VBAT,52724.337,3.919
$IMU,52724.371,-23.010,33.081,37.414,-0.13769,0.52880,0.90429,23.88
$BARO,52724.385,70057.57,24.28
$MAG,52724.433,-0.204,-0.891,-0.769,22.0
$IMU,52724.446,-32.531,30.212,40.039,-0.15380,0.33154,0.88330,23.84
$BARO,52724.486,70056.16,24.29
$IMU,52724.521,-24.414,25.451,43.945,-0.19189,0.34521,0.92089,23.86
$MAG,52724.534,-0.234,-0.873,-0.787,22.4
$HUM,52724.577,33.0,24.8
$BARO,52724.588,70051.77,24.28
$IMU,52724.596,-26.245,16.052,44.006,-0.21386,0.29003,1.01660,23.85
$MAG,52724.634,-0.276,-0.855,-0.823,22.3
$IMU,52724.671,-26.367,6.530,52.490,-0.13623,0.16601,1.01660,23.82
$BARO,52724.689,70065.96,24.28
$TIME,52724.715,440898.000,2364
$MAG,52724.735,-0.337,-0.846,-0.805,22.0
$IMU,52724.746,-7.263,-2.624,53.283,-0.04248,0.19921,0.99169,23.87
$BARO,52724.791,70052.97,24.28
$IMU,52724.821,1.586,-9.277,37.597,0.03027,0.28808,1.00390,23.84
$MAG,52724.835,-0.360,-0.838,-0.793,22.2
$BARO,52724.892,70057.74,24.29
$IMU,52724.896,2.685,-10.620,39.001,0.19042,0.39990,0.96337,23.87
$MAG,52724.936,-0.402,-0.828,-0.792,22.0
$IMU,52724.972,-8.056,-6.591,40.222,0.16308,0.35351,0.95166,23.84
$BARO,52724.994,70056.35,24.29
$MAG,52725.036,-0.448,-0.805,-0.805,22.0
$IMU,52725.047,-13.793,-6.530,33.691,0.27636,0.28564,0.95751,23.86
$BARO,52725.095,70060.94,24.29
$IMU,52725.122,-16.540,0.915,33.691,0.26953,0.14648,0.90478,23.89
$MAG,52725.137,-0.474,-0.781,-0.802,22.4
$BARO,52725.197,70058.35,24.29
$IMU,52725.197,-7.873,1.831,29.541,0.34228,0.27343,0.87011,23.87
$MAG,52725.237,-0.490,-0.759,-0.819,22.0
$IMU,52725.272,-24.780,-0.915,13.916,0.30566,0.19189,0.99755,23.92
$BARO,52725.298,70053.16,24.29
$MAG,52725.338,-0.475,-0.762,-0.831,22.2
$IMU,52725.347,-28.076,-4.150,-12.512,0.32080,0.11523,1.01855,23.87
$VBAT,52725.348,3.926
$BARO,52725.400,70062.74,24.29
$IMU,52725.422,-14.282,-6.042,-27.893,0.32080,0.13867,0.95117,23.88
$MAG,52725.438,-0.466,-0.774,-0.847,22.4
$IMU,52725.497,-14.526,-5.554,-42.724,0.32470,0.21533,0.95458,23.88
$BARO,52725.501,70069.71,24.30
$MAG,52725.539,-0.435,-0.774,-0.861,22.2
$IMU,52725.572,-25.024,-1.220,-42.602,0.30517,0.06494,0.96142,23.88
$HUM,52725.592,32.4,24.8
$BARO,52725.603,70067.93,24.30
$MAG,52725.639,-0.399,-0.768,-0.889,22.3
$IMU,52725.647,-24.780,3.662,-48.828,0.21875,0.04296,0.96435,23.86
$BARO,52725.704,70059.33,24.30
$TIME,52725.715,440899.000,2364
$IMU,52725.722,-28.198,2.014,-61.035,0.17041,-0.00439,0.98339,23.88
$MAG,52725.740,-0.348,-0.769,-0.904,22.0
$IMU,52725.797,-24.902,-3.479,-73.669,0.05712,-0.01367,0.98046,23.90
$BARO,52725.806,70056.91,24.31
$MAG,52725.840,-0.310,-0.775,-0.927,22.0
$IMU,52725.872,-26.672,-12.145,-62.805,0.14599,-0.04492,1.06787,23.89
$BARO,52725.908,70056.91,24.31
$MAG,52725.941,-0.294,-0.748,-0.949,22.3
$IMU,52725.947,-25.329,-4.516,-39.062,0.21972,-0.14453,1.05664,23.92
$BARO,52726.009,70054.48,24.33
$IMU,52726.022,-9.277,10.559,-25.207,0.15673,-0.00097,0.96044,23.88
$MAG,52726.042,-0.264,-0.756,-0.957,22.2
$IMU,52726.097,-15.563,12.451,-26.977,0.15771,-0.06640,0.96240,23.92
$BARO,52726.111,70065.66,24.34
$MAG,52726.142,-0.226,-0.736,-0.970,22.0
$IMU,52726.172,-18.493,7.995,-47.363,0.13378,-0.05126,1.04296,23.91
$BARO,52726.212,70062.84,24.34
$MAG,52726.243,-0.187,-0.726,-0.981,22.4
$IMU,52726.248,-18.005,1.342,-46.569,0.25585,-0.11914,1.08056,23.88
$BARO,52726.314,70057.60,24.36
$IMU,52726.323,-3.356,11.474,-40.466,0.24218,-0.13085,1.01953,23.88
$MAG,52726.343,-0.147,-0.723,-0.978,22.2
$VBAT,52726.355,3.919
$IMU,52726.398,1.159,18.188,-47.119,0.14208,-0.10839,1.02343,23.93
$BARO,52726.415,70063.20,24.36
$MAG,52726.444,-0.112,-0.706,-0.969,22.0
$IMU,52726.473,-0.183,15.197,-60.363,0.01708,-0.17822,1.01806,23.88
$BARO,52726.517,70055.82,24.36
$MAG,52726.544,-0.055,-0.706,-0.973,22.0
$IMU,52726.548,5.554,9.643,-68.847,-0.05859,-0.10107,1.06103,23.90
$HUM,52726.606,32.2,24.9
$BARO,52726.618,70050.80,24.36
$IMU,52726.623,7.141,4.577,-56.762,-0.00390,-0.11376,1.05419,23.92
$MAG,52726.645,-0.030,-0.691,-0.963,22.2
$IMU,52726.698,17.639,5.981,-38.330,0.05957,-0.03857,1.02246,23.89
$TIME,52726.715,440900.000,2364
$BARO,52726.720,70059.21,24.36
$MAG,52726.746,-0.001,-0.696,-0.945,21.9
$IMU,52726.773,25.878,8.972,-36.682,0.05175,0.13867,0.97705,23.93
$BARO,52726.821,70060.79,24.36
$MAG,52726.846,0.027,-0.687,-0.931,22.4
$IMU,52726.848,19.042,8.117,-44.616,0.07080,0.16503,0.96386,23.93
$BARO,52726.923,70060.98,24.37
$IMU,52726.923,14.160,11.047,-52.551,-0.03662,0.11621,0.92187,23.89
$MAG,52726.947,0.073,-0.667,-0.921,22.4
$IMU,52726.998,10.559,6.103,-64.025,-0.15527,0.14208,0.92138,23.94
$BARO,52727.024,70056.60,24.37
$MAG,52727.047,0.103,-0.616,-0.927,22.3
$IMU,52727.073,1.831,-5.065,-76.171,-0.22949,0.11669,0.96289,23.93
$BARO,52727.126,70042.80,24.37
$MAG,52727.148,0.126,-0.559,-0.942,22.0
$IMU,52727.148,2.380,-17.272,-85.327,-0.28564,0.10839,0.98242,23.95
$IMU,52727.223,3.479,-31.677,-80.932,-0.18945,0.14208,1.06640,23.93
$BARO,52727.227,70054.79,24.37
$MAG,52727.248,0.106,-0.510,-0.960,22.4
$IMU,52727.298,-5.493,-37.475,-58.532,0.06298,0.14453,1.16162,23.92
$BARO,52727.329,70062.20,24.36
$MAG,52727.349,0.084,-0.478,-0.972,22.4
$VBAT,52727.367,3.924
$IMU,52727.373,-5.126,-28.564,-25.207,0.22119,-0.07080,1.04150,23.93
$BARO,52727.430,70056.99,24.37
$IMU,52727.448,19.592,-15.808,-21.118,0.22412,0.17285,0.95898,23.97
$MAG,52727.449,0.069,-0.486,-0.973,22.4
$IMU,52727.524,21.423,-14.953,-17.211,0.28515,0.31591,0.99609,23.99
$BARO,52727.532,70065.59,24.37
$MAG,52727.550,0.066,-0.490,-0.970,22.4
$IMU,52727.599,20.751,-3.662,-17.150,0.32226,0.19726,0.96728,23.94
$HUM,52727.621,32.5,24.9
$BARO,52727.633,70056.79,24.37
$MAG,52727.651,0.067,-0.517,-0.955,22.3
$IMU,52727.674,34.667,10.498,-6.347,0.36181,0.32177,0.86767,24.00
$TIME,52727.715,440901.000,2364
$BARO,52727.735,70058.79,24.37
$IMU,52727.749,31.311,14.770,-2.441,0.30175,0.41992,0.85888,23.93
$MAG,52727.751,0.084,-0.535,-0.934,22.0
$IMU,52727.824,24.291,14.709,-15.869,0.23535,0.49169,0.88720,23.95
$BARO,52727.836,70057.18,24.38
$MAG,52727.852,0.102,-0.540,-0.918,22.0
$IMU,52727.899,14.404,20.507,-15.075,0.09814,0.42578,0.83203,23.98
$BARO,52727.938,70051.97,24.38
$MAG,52727.952,0.124,-0.547,-0.897,22.3
$IMU,52727.974,19.653,28.930,-14.343,0.03076,0.49951,0.77880,23.99
$BARO,52728.039,70045.95,24.40
$IMU,52728.049,18.005,34.484,3.845,0.00976,0.60302,0.78271,23.95
$MAG,52728.053,0.151,-0.570,-0.859,22.0
$IMU,52728.124,9.826,42.297,19.409,-0.00439,0.59130,0.80712,23.97
$BARO,52728.141,70018.94,24.40
$MAG,52728.154,0.178,-0.591,-0.819,22.3
$IMU,52728.199,-11.108,47.912,19.165,-0.18896,0.46240,0.93505,23.95
$BARO,52728.242,70060.11,24.41
$MAG,52728.254,0.195,-0.588,-0.798,22.3
$IMU,52728.274,-27.343,40.588,12.512,-0.35058,0.25390,1.01220,23.98
$BARO,52728.344,70058.28,24.42
$IMU,52728.349,-18.188,24.841,10.375,-0.38574,0.21777,0.99169,23.98
$MAG,52728.355,0.202,-0.597,-0.778,22.3
$VBAT,52728.373,3.905
$IMU,52728.424,4.699,21.179,19.958,-0.31591,0.34033,0.88671,23.97
$BARO,52728.446,70054.70,24.42
$MAG,52728.455,0.210,-0.625,-0.753,22.0
$IMU,52728.499,1.403,19.592,26.489,-0.35253,0.38525,0.98974,24.00
$BARO,52728.547,70055.67,24.42
$MAG,52728.556,0.196,-0.655,-0.745,22.0
$IMU,52728.574,8.239,8.483,24.169,-0.34960,0.28466,0.94091,23.97
$HUM,52728.636,32.1,25.0
$BARO,52728.649,70061.06,24.43
$IMU,52728.649,27.893,-1.647,15.014,-0.33105,0.44091,0.87402,24.00
$MAG,52728.657,0.187,-0.669,-0.732,22.2
$TIME,52728.715,440901.000,2364
$IMU,52728.725,28.686,-7.812,5.554,-0.29785,0.49267,0.86132,24.00
$BARO,52728.750,70068.83,24.44
$MAG,52728.757,0.175,-0.682,-0.727,22.3
$IMU,52728.800,22.583,-15.808,10.864,-0.24169,0.55419,0.84228,23.97
$BARO,52728.852,70121.19,24.45
$MAG,52728.858,0.153,-0.708,-0.735,22.0
$IMU,52728.875,19.348,-23.681,12.878,-0.08593,0.56787,0.80078,23.99
$IMU,52728.950,18.493,-24.536,8.483,-0.01416,0.62060,0.77685,24.00
$BARO,52728.953,70143.57,24.45
$MAG,52728.958,0.138,-0.714,-0.738,22.4
$IMU,52729.025,10.192,-13.244,6.591,0.10009,0.69482,0.76562,24.00
$BARO,52729.055,70142.76,24.46
$MAG,52729.059,0.133,-0.727,-0.733,22.4
$IMU,52729.100,-5.615,16.540,19.165,-0.05029,0.61083,0.74707,24.00
$BARO,52729.156,70115.56,24.46
$MAG,52729.159,0.130,-0.738,-0.727,22.0
$IMU,52729.175,-9.887,17.456,14.892,-0.04833,0.59521,0.78466,23.99
$IMU,52729.250,-10.437,15.319,6.713,-0.01855,0.62939,0.81298,23.97
$BARO,52729.258,70065.01,24.46
$MAG,52729.260,0.135,-0.738,-0.721,22.4
$IMU,52729.325,-18.005,30.151,10.375,0.15527,0.61230,0.84814,24.03
$BARO,52729.359,70030.22,24.46
$MAG,52729.361,0.150,-0.748,-0.661,22.4
$VBAT,52729.385,3.919
$IMU,52729.400,-25.085,108.337,38.940,0.26513,0.58398,0.67431,24.01
$BARO,52729.461,70055.79,24.46
$MAG,52729.461,0.124,-0.810,-0.493,22.4
$IMU,52729.475,-21.301,221.984,65.734,-0.57177,0.57470,0.40771,24.02
$IMU,52729.550,-4.394,185.180,43.884,-1.11767,0.68359,0.51074,24.02
$BARO,52729.562,70062.81,24.45
$MAG,52729.562,0.079,-0.816,-0.402,22.0
$IMU,52729.625,-7.385,60.180,7.080,-0.85253,0.64404,0.53662,23.97
$HUM,52729.650,33.3,25.0
$MAG,52729.662,0.069,-0.826,-0.406,22.3
$BARO,52729.664,70059.62,24.45
$IMU,52729.700,-10.925,5.798,2.319,-0.60644,0.58642,0.50976,23.98
$TIME,52729.715,440902.000,2364
$MAG,52729.763,0.064,-0.826,-0.400,22.4
$BARO,52729.766,70061.42,24.44
$IMU,52729.775,-7.690,7.568,6.164,-0.61962,0.61425,0.50439,24.02
$IMU,52729.850,-10.314,4.577,3.295,-0.64746,0.62353,0.55615,24.00
$MAG,52729.864,0.070,-0.831,-0.424,22.4
$BARO,52729.867,70061.03,24.44
$IMU,52729.925,-10.681,-3.295,1.464,-0.67675,0.54052,0.58251,24.02
$MAG,52729.964,0.069,-0.826,-0.426,22.0
$BARO,52729.969,70053.04,24.44
$IMU,52730.001,0.915,-19.958,-2.319,-0.79052,0.61767,0.56347,24.01
$MAG,52730.065,0.099,-0.813,-0.489,22.2
$BARO,52730.070,70059.03,24.44
$IMU,52730.076,0.061,-66.650,-22.949,-0.73828,0.61718,0.57568,24.03
$IMU,52730.151,-15.319,-114.013,-47.058,-0.52978,0.60498,0.59277,24.04
$MAG,52730.165,0.147,-0.774,-0.609,22.4
$BARO,52730.172,70055.23,24.44
$IMU,52730.226,-28.503,-120.727,-52.612,-0.33349,0.46337,0.70849,24.02
$MAG,52730.266,0.133,-0.727,-0.720,22.2
$BARO,52730.273,70060.06,24.44
$IMU,52730.301,-29.846,-100.219,-38.635,-0.15917,0.33105,0.82910,24.02
$MAG,52730.366,0.121,-0.712,-0.778,22.4
$BARO,52730.375,70063.23,24.44
$IMU,52730.376,-19.653,-68.908,-16.723,-0.03515,0.33496,0.94628,24.02
$VBAT,52730.391,3.935
$IMU,52730.451,-15.197,-38.085,-8.544,-0.06152,0.30615,0.96826,24.05
$MAG,52730.467,0.115,-0.691,-0.804,22.3
$BARO,52730.476,70056.43,24.45
$IMU,52730.526,-11.230,-21.545,-7.995,-0.09570,0.29931,0.97460,24.04
$MAG,52730.567,0.106,-0.685,-0.814,22.4
$BARO,52730.578,70051.41,24.45
$IMU,52730.601,-12.329,-16.723,-3.784,-0.11572,0.31933,0.93945,24.02
$HUM,52730.665,32.2,25.0
$MAG,52730.668,0.093,-0.667,-0.853,22.3
$IMU,52730.676,-23.132,-18.859,-4.394,-0.00927,0.26464,0.94042,24.08
$BARO,52730.679,70057.82,24.46
$TIME,52730.715,440903.000,2364
$IMU,52730.751,-30.944,-14.892,-10.742,-0.06787,0.20263,0.97802,24.06
$MAG,52730.769,0.094,-0.630,-0.876,22.4
$BARO,52730.781,70058.60,24.46
$IMU,52730.826,-31.921,-16.723,-16.235,0.00097,0.12500,1.00976,24.04
$MAG,52730.869,0.085,-0.601,-0.889,22.4
$BARO,52730.882,70047.41,24.46
$IMU,52730.901,-23.559,-9.948,-7.141,-0.02001,0.12109,1.03125,24.06
$MAG,52730.970,0.090,-0.591,-0.904,22.4
$IMU,52730.976,-13.244,-7.263,-3.417,-0.04296,0.13183,1.00097,24.04
$BARO,52730.984,70058.18,24.47
$IMU,52731.051,-12.145,-12.084,-6.835,-0.04248,0.11621,0.99316,24.05
$MAG,52731.070,0.070,-0.570,-0.919,22.4
$BARO,52731.085,70052.38,24.47
$IMU,52731.126,-14.770,-16.723,-10.620,-0.00292,0.05078,1.02246,24.09
$MAG,52731.171,0.067,-0.556,-0.936,22.4
$BARO,52731.187,70057.38,24.47
$IMU,52731.201,-10.986,-11.718,-8.911,0.00683,0.02294,1.03076,24.01
$MAG,52731.271,0.061,-0.543,-0.936,22.3
$IMU,52731.277,-7.263,-9.155,-1.831,0.02539,-0.03906,1.04003,24.09
$BARO,52731.288,70061.59,24.46
$IMU,52731.352,-1.525,-7.934,6.286,0.07275,-0.03027,1.04052,24.03
$MAG,52731.372,0.052,-0.561,-0.943,22.5
$BARO,52731.390,70059.79,24.47
$VBAT,52731.404,3.926
$IMU,52731.427,2.868,-3.112,7.385,0.02392,0.00195,1.02685,24.04
$MAG,52731.473,0.042,-0.562,-0.943,22.4
$BARO,52731.491,70065.76,24.48
$IMU,52731.502,5.615,-7.019,1.098,0.04394,0.01269,1.02685,24.07
$MAG,52731.573,0.037,-0.568,-0.946,22.4
$IMU,52731.577,7.385,-11.962,-3.845,0.08105,0.00292,1.02197,24.07
$BARO,52731.593,70056.16,24.47
$IMU,52731.652,10.864,-12.512,-8.361,0.14013,0.03417,1.02392,24.08
$MAG,52731.674,0.022,-0.565,-0.948,22.3
$HUM,52731.679,32.3,25.0
$BARO,52731.695,70053.38,24.47
$TIME,52731.715,440905.000,2364
$IMU,52731.727,13.183,-9.704,-8.117,0.13818,0.06054,1.01025,24.08
$MAG,52731.774,0.016,-0.579,-0.940,22.4
$BARO,52731.796,70055.77,24.47
$IMU,52731.802,18.554,-9.216,-6.103,0.15771,0.15429,0.98046,24.09
$MAG,52731.875,0.015,-0.594,-0.942,22.4
$IMU,52731.877,16.784,-9.521,-6.774,0.17236,0.15234,0.93701,24.06
$BARO,52731.898,70061.55,24.48
$IMU,52731.952,13.793,-10.009,-4.394,0.24609,0.22119,0.92236,24.08
$MAG,52731.975,-0.004,-0.600,-0.934,22.4
$BARO,52731.999,70056.35,24.48
$IMU,52732.027,5.920,-8.117,2.624,0.28125,0.27441,0.92187,24.07
$MAG,52732.076,-0.003,-0.597,-0.937,22.4
$BARO,52732.101,70054.92,24.50
$IMU,52732.102,-3.295,-5.676,6.042,0.36425,0.23925,0.94384,24.13
$MAG,52732.176,-0.007,-0.595,-0.949,22.2
$IMU,52732.177,-6.835,-0.183,7.995,0.40429,0.22021,0.96484,24.09
$BARO,52732.202,70063.93,24.49
$IMU,52732.252,-4.638,5.187,2.624,0.37744,0.25195,0.96630,24.08
$MAG,52732.277,0.000,-0.597,-0.937,22.5
$BARO,52732.304,70055.91,24.50
$IMU,52732.327,-7.019,10.803,1.098,0.37451,0.25000,0.95703,24.08
$MAG,52732.378,0.024,-0.592,-0.940,22.4
$IMU,52732.402,-10.498,17.822,-1.220,0.26123,0.17968,0.94677,24.06
$BARO,52732.405,70052.53,24.50
$VBAT,52732.409,3.921
$MAG,52732.478,0.040,-0.570,-0.937,22.4
$IMU,52732.478,-14.404,17.333,-5.554,0.19726,0.15722,0.95312,24.11
$BARO,52732.507,70057.72,24.51
$IMU,52732.553,-17.883,18.798,-5.798,0.15380,0.09375,0.96875,24.10
$MAG,52732.579,0.055,-0.559,-0.937,22.4
$BARO,52732.608,70053.72,24.50
$IMU,52732.628,-14.526,25.146,-0.488,0.10888,0.03906,0.94677,24.13
$MAG,52732.679,0.087,-0.552,-0.924,22.4
$HUM,52732.694,32.3,25.0
$IMU,52732.703,-10.620,29.663,3.112,-0.01708,0.03515,0.93554,24.13
$BARO,52732.710,70058.50,24.51
$TIME,52732.715,440906.000,2364
$IMU,52732.778,-11.840,32.531,2.197,-0.14013,0.04052,0.96777,24.09
$MAG,52732.780,0.109,-0.540,-0.895,22.4
$BARO,52732.811,70050.50,24.50
$IMU,52732.853,-19.165,30.822,-3.662,-0.35791,0.00048,1.05859,24.07
$MAG,52732.880,0.130,-0.528,-0.897,22.4
$BARO,52732.913,70057.08,24.51
$IMU,52732.928,-23.254,12.207,-10.314,-0.42724,-0.14453,1.04687,24.10
$MAG,52732.981,0.129,-0.520,-0.898,22.4
$IMU,52733.003,-13.305,-9.521,1.525,-0.30419,-0.11767,1.02050,24.11
$BARO,52733.015,70055.89,24.52
$IMU,52733.078,-8.117,-17.211,11.352,-0.05908,-0.06738,1.01806,24.09
$MAG,52733.081,0.106,-0.523,-0.918,22.4
$BARO,52733.116,70057.08,24.52
$IMU,52733.153,-8.666,-6.896,3.967,-0.12988,-0.12451,1.03955,24.12
$MAG,52733.182,0.103,-0.513,-0.916,22.4
$BARO,52733.218,70052.89,24.52
$IMU,52733.228,-6.774,-6.103,-6.958,0.00439,-0.14990,1.07128,24.13
$MAG,52733.283,0.100,-0.499,-0.918,22.4
$IMU,52733.303,-6.652,3.356,-8.239,-0.10058,-0.20507,1.09521,24.07
$BARO,52733.319,70054.48,24.52
$IMU,52733.378,3.662,0.976,-5.859,-0.07080,-0.23046,1.06982,24.12
$MAG,52733.383,0.115,-0.499,-0.916,22.4
$BARO,52733.421,70055.67,24.52
$VBAT,52733.422,3.927
$IMU,52733.453,19.409,-3.601,6.713,-0.00976,-0.09326,1.00878,24.15
$MAG,52733.484,0.097,-0.529,-0.918,22.4
$BARO,52733.522,70059.25,24.52
$IMU,52733.528,19.348,-9.277,9.704,0.11865,-0.12158,1.04589,24.13
$MAG,52733.584,0.099,-0.547,-0.913,22.4
$IMU,52733.603,26.245,-3.295,5.859,0.06201,-0.05078,1.04931,24.12
$BARO,52733.624,70060.25,24.53
$IMU,52733.678,40.283,-3.479,-2.380,0.04541,0.06005,1.00195,24.11
$MAG,52733.685,0.084,-0.574,-0.907,22.4
$HUM,52733.708,32.0,25.1
$TIME,52733.715,440907.000,2364
$BARO,52733.725,70052.45,24.53
$IMU,52733.754,47.180,-3.295,-6.286,0.02539,0.12158,0.92724,24.11
$MAG,52733.785,0.094,-0.598,-0.879,22.4
$BARO,52733.827,70059.84,24.53
$IMU,52733.829,46.020,-1.586,-10.498,-0.00439,0.26171,0.93505,24.10
$MAG,52733.886,0.093,-0.637,-0.865,22.4
$IMU,52733.904,41.320,-2.014,-0.244,0.01660,0.31054,0.93457,24.15
$BARO,52733.928,70057.84,24.54
$IMU,52733.979,39.733,-1.037,16.479,0.18750,0.43212,0.95458,24.15
$MAG,52733.987,0.078,-0.670,-0.840,22.4
$BARO,52734.030,70046.63,24.54
$IMU,52734.054,41.137,10.559,6.835,0.05957,0.35498,0.89160,24.11
$MAG,52734.087,0.087,-0.676,-0.814,22.5
$IMU,52734.129,46.020,2.502,-32.226,-0.22900,0.52392,0.86230,24.15
$BARO,52734.131,70049.60,24.56
$MAG,52734.188,0.105,-0.666,-0.805,22.5
$IMU,52734.204,30.273,-17.761,-39.062,-0.05761,0.54931,0.81005,24.14
$BARO,52734.233,70084.53,24.58
$IMU,52734.279,17.333,-12.451,-8.483,-0.03564,0.59570,0.78320,24.15
$MAG,52734.288,0.100,-0.679,-0.808,22.4
$BARO,52734.334,70050.94,24.59
$IMU,52734.354,-2.929,-11.474,-0.122,0.00341,0.54003,0.86523,24.13
$MAG,52734.389,0.096,-0.667,-0.816,22.5
$IMU,52734.429,-1.708,-11.169,-8.666,-0.06542,0.47949,0.89794,24.13
$BARO,52734.436,70017.52,24.60
$VBAT,52734.441,3.922
$MAG,52734.489,0.090,-0.661,-0.838,22.4
$IMU,52734.504,4.394,-17.822,-12.512,0.00341,0.49072,0.89208,24.15
$BARO,52734.537,69990.30,24.61
$IMU,52734.579,5.676,-25.085,-12.207,0.03417,0.49658,0.87744,24.15
$MAG,52734.590,0.099,-0.654,-0.838,22.5
$BARO,52734.639,70053.48,24.62
$IMU,52734.654,4.882,-34.912,-21.789,0.08886,0.52246,0.86328,24.15
$MAG,52734.691,0.072,-0.648,-0.865,22.4
$TIME,52734.715,440908.000,2364
$HUM,52734.723,14.9,25.1
$IMU,52734.729,6.774,-37.963,-24.841,0.05664,0.55761,0.79638,24.15
$BARO,52734.740,70065.27,24.62
$MAG,52734.791,0.043,-0.624,-0.898,22.4
$IMU,52734.804,3.234,-46.691,-25.695,0.11621,0.63964,0.79687,24.15
$BARO,52734.842,70120.63,24.63
$IMU,52734.879,-13.244,-53.649,-24.230,0.10937,0.52001,0.79003,24.13
$MAG,52734.892,0.013,-0.604,-0.937,22.4
$BARO,52734.943,70055.84,24.64
$IMU,52734.955,-9.643,-59.509,-26.550,0.19482,0.58056,0.78173,24.17
$MAG,52734.992,-0.028,-0.577,-0.970,22.4
$IMU,52735.030,-23.376,-48.156,-7.141,0.39941,0.49072,0.90234,24.15
$BARO,52735.045,69970.82,24.65
$MAG,52735.093,-0.033,-0.570,-0.984,22.5
$IMU,52735.105,-22.583,-16.418,4.211,0.37695,0.39306,0.92431,24.18
$BARO,52735.146,70006.63,24.64
$IMU,52735.180,-14.099,5.615,12.573,0.33056,0.32958,0.90673,24.16
$MAG,52735.193,-0.037,-0.562,-0.987,22.4
$BARO,52735.248,70043.41,24.65
$IMU,52735.255,-6.408,17.944,19.958,0.28271,0.40185,0.90478,24.18
$MAG,52735.294,-0.027,-0.565,-0.967,22.4
$IMU,52735.330,-8.422,21.728,25.390,0.28271,0.44970,0.88330,24.18
$BARO,52735.349,70051.41,24.65
$MAG,52735.395,-0.016,-0.568,-0.957,22.5
$IMU,52735.405,-9.826,22.705,26.184,0.27197,0.44873,0.91552,24.20
$BARO,52735.451,70059.21,24.65
$VBAT,52735.458,3.939
$IMU,52735.480,-10.314,20.935,18.676,0.29589,0.38427,0.92431,24.19
$MAG,52735.495,-0.004,-0.565,-0.952,22.4
$BARO,52735.552,70060.59,24.65
$IMU,52735.555,-5.554,20.385,12.634,0.24462,0.42236,0.93798,24.13
$MAG,52735.596,0.007,-0.571,-0.958,22.4
$IMU,52735.630,-4.089,12.695,1.342,0.27099,0.37207,0.89892,24.18
$BARO,52735.654,70063.40,24.65
$MAG,52735.696,0.033,-0.568,-0.939,22.4
$IMU,52735.705,-1.586,14.221,-4.943,0.21289,0.39013,0.87988,24.17
$TIME,52735.715,440909.000,2364
$HUM,52735.737,31.8,25.2
$BARO,52735.756,70061.20,24.65
$IMU,52735.780,-1.220,10.009,-6.042,0.23095,0.41894,0.90136,24.21
$MAG,52735.797,0.036,-0.567,-0.939,22.4
$IMU,52735.855,-6.530,4.882,-1.953,0.26025,0.36523,0.88769,24.22
$BARO,52735.857,70060.81,24.65
$MAG,52735.897,0.033,-0.556,-0.937,22.4
$IMU,52735.930,-9.277,0.976,1.831,0.25878,0.37158,0.81396,24.19
$BARO,52735.959,70052.01,24.65
$MAG,52735.998,0.028,-0.549,-0.957,22.4
$IMU,52736.005,-20.446,-4.821,3.173,0.28222,0.44531,0.76220,24.22
$BARO,52736.060,70062.01,24.65
$IMU,52736.080,-38.574,-6.530,7.995,0.31201,0.47949,0.72705,24.21
$MAG,52736.099,0.022,-0.499,-0.961,22.4
$IMU,52736.155,-62.500,2.136,17.333,0.26025,0.41796,0.68505,24.20
$BARO,52736.162,70059.60,24.65
$MAG,52736.199,0.042,-0.433,-0.979,22.4
$IMU,52736.231,-85.205,9.948,17.639,0.22412,0.14794,0.65527,24.25
$BARO,52736.263,70058.21,24.65
$MAG,52736.300,0.055,-0.349,-0.970,22.4
$IMU,52736.306,-106.994,16.662,12.084,0.17578,-0.25976,0.91162,24.21
$BARO,52736.365,70060.59,24.65
$IMU,52736.381,-100.402,26.184,-5.981,0.04638,-0.67919,1.15527,24.20
$MAG,52736.400,0.073,-0.282,-0.961,22.5
$IMU,52736.456,-58.776,19.897,-14.526,0.05908,-0.70800,1.16845,24.22
$VBAT,52736.463,3.924
$BARO,52736.466,70049.82,24.64
$MAG,52736.501,0.093,-0.255,-0.940,22.5
$IMU,52736.531,-27.343,18.249,-18.066,-0.02197,-0.59667,1.05810,24.23
$BARO,52736.568,70063.03,24.64
$MAG,52736.601,0.091,-0.237,-0.933,22.3
$IMU,52736.606,-11.596,11.291,-12.023,0.00048,-0.53027,1.01757,24.20
$BARO,52736.669,70056.01,24.64
$IMU,52736.681,-4.394,3.112,-6.774,0.04101,-0.49365,0.96826,24.17
$MAG,52736.702,0.096,-0.229,-0.939,22.4
$TIME,52736.715,440910.000,2364
$HUM,52736.752,33.0,25.2
$IMU,52736.756,1.037,2.746,-4.699,0.06250,-0.40527,0.87304,24.24
$BARO,52736.771,70060.03,24.64
$MAG,52736.803,0.097,-0.225,-0.928,22.5
$IMU,52736.831,-8.239,2.502,-1.831,0.11816,-0.43457,0.88769,24.23
$BARO,52736.872,70063.62,24.64
$MAG,52736.903,0.106,-0.225,-0.909,22.4
$IMU,52736.906,-10.559,14.709,-0.488,-0.02636,-0.56542,1.01367,24.22
$BARO,52736.974,70054.04,24.64
$IMU,52736.981,8.544,7.568,3.906,0.02246,-0.54638,1.00390,24.24
$MAG,52737.004,0.115,-0.238,-0.916,22.4
$IMU,52737.056,25.817,12.329,9.948,0.05029,-0.54980,1.04150,24.25
$BARO,52737.075,70067.22,24.64
$MAG,52737.104,0.138,-0.279,-0.906,22.5
$IMU,52737.131,35.766,15.930,19.775,-0.05224,-0.55664,1.10595,24.26
$BARO,52737.177,70050.63,24.64
$MAG,52737.205,0.142,-0.345,-0.904,22.4
$IMU,52737.206,57.128,10.314,19.226,-0.06933,-0.41552,1.04833,24.21
$BARO,52737.278,70060.03,24.63
$IMU,52737.281,67.749,4.272,27.770,-0.08984,-0.24511,0.97900,24.22
$MAG,52737.306,0.147,-0.409,-0.913,22.4
$IMU,52737.356,67.626,-2.380,29.479,-0.05810,-0.05078,0.92041,24.23
$BARO,52737.380,70055.04,24.64
$MAG,52737.406,0.148,-0.486,-0.900,22.5
$IMU,52737.432,61.401,0.244,33.630,-0.05615,0.05517,0.89257,24.25
$VBAT,52737.464,3.919
$BARO,52737.481,70055.23,24.64
$MAG,52737.507,0.135,-0.550,-0.888,22.5
$IMU,52737.507,54.077,3.662,36.437,-0.12597,0.20458,0.87060,24.25
$IMU,52737.582,44.006,0.915,37.231,-0.08593,0.34082,0.87402,24.28
$BARO,52737.583,70054.01,24.64
$MAG,52737.607,0.115,-0.600,-0.865,22.5
$IMU,52737.657,28.015,2.807,43.945,-0.05908,0.31250,0.86621,24.24
$BARO,52737.684,70053.43,24.64
$MAG,52737.708,0.099,-0.657,-0.855,22.4
$TIME,52737.715,440910.000,2364
$IMU,52737.732,21.667,3.601,43.701,-0.05712,0.34863,0.87597,24.29
$HUM,52737.766,30.4,25.2
$BARO,52737.786,70059.01,24.65
$IMU,52737.807,12.512,2.502,35.583,-0.09228,0.33496,0.91259,24.25
$MAG,52737.808,0.075,-0.672,-0.846,22.5
$IMU,52737.882,6.286,-1.770,26.794,-0.11914,0.30078,0.96484,24.26
$BARO,52737.887,70060.98,24.66
$MAG,52737.909,0.045,-0.687,-0.843,22.5
$IMU,52737.957,7.019,-6.713,24.230,-0.07666,0.27392,0.97851,24.27
$BARO,52737.989,70052.16,24.67
$MAG,52738.010,0.030,-0.714,-0.840,22.5
$IMU,52738.032,14.160,-8.361,25.756,-0.00537,0.33789,0.97265,24.30
$BARO,52738.090,70061.94,24.68
$IMU,52738.107,18.005,-6.713,25.695,0.07226,0.36376,0.92187,24.28
$MAG,52738.110,0.006,-0.736,-0.820,22.7
$IMU,52738.182,15.441,-5.371,23.864,0.15771,0.49560,0.90576,24.27
$BARO,52738.192,70083.92,24.69
$MAG,52738.211,-0.009,-0.757,-0.823,22.5
$IMU,52738.257,-1.403,-3.845,23.925,0.23437,0.29199,0.90429,24.27
$BARO,52738.293,70094.89,24.71
$MAG,52738.311,-0.022,-0.757,-0.807,22.5
$IMU,52738.332,2.685,-0.427,13.488,0.21240,0.50439,0.88378,24.28
$BARO,52738.395,70091.45,24.72
$IMU,52738.407,-5.676,-4.394,12.756,0.27294,0.37646,0.88134,24.31
$MAG,52738.412,-0.040,-0.760,-0.832,22.5
$VBAT,52738.464,3.939
$IMU,52738.482,-7.324,2.014,3.906,0.20898,0.36474,0.87060,24.33
$BARO,52738.496,70082.04,24.72
$MAG,52738.512,-0.033,-0.754,-0.823,22.5
$IMU,52738.557,-8.056,3.173,1.586,0.23681,0.37792,0.91113,24.32
$BARO,52738.598,70080.66,24.72
$MAG,52738.613,-0.037,-0.744,-0.826,22.5
$IMU,52738.632,-9.277,6.164,7.019,0.23388,0.34277,0.93212,24.27
$BARO,52738.699,70082.65,24.73
$IMU,52738.708,-3.173,8.972,3.112,0.21630,0.36621,0.93164,24.31
$MAG,52738.714,-0.033,-0.742,-0.826,22.5
$TIME,52738.715,440912.000,2364
$HUM,52738.781,31.1,25.2
$IMU,52738.783,2.197,13.305,3.784,0.18505,0.34472,0.88427,24.31
$BARO,52738.801,70069.83,24.74
$MAG,52738.814,-0.036,-0.762,-0.811,22.7
$IMU,52738.858,13.244,15.380,1.098,0.10693,0.55468,0.88183,24.27
$BARO,52738.902,70058.04,24.73
$MAG,52738.915,-0.012,-0.759,-0.804,22.5
$IMU,52738.933,-4.638,12.878,-6.652,0.08642,0.51269,0.95117,24.30
$BARO,52739.004,70062.62,24.74
$IMU,52739.008,-28.442,15.808,-9.582,0.00878,0.24755,0.99609,24.31
$MAG,52739.015,-0.003,-0.738,-0.819,22.4
$IMU,52739.083,-23.254,13.732,-8.850,-0.05029,0.14453,1.03710,24.32
$BARO,52739.106,70053.60,24.74
$MAG,52739.116,0.010,-0.730,-0.835,22.5
$IMU,52739.158,-11.962,8.483,-6.896,-0.04394,0.12890,1.01220,24.33
$BARO,52739.207,70055.43,24.74
$MAG,52739.217,0.021,-0.712,-0.828,22.7
$IMU,52739.233,-8.178,5.310,-9.216,-0.05517,0.14453,1.00244,24.30
$IMU,52739.308,-10.375,4.882,-8.483,-0.07470,0.14453,1.01171,24.34
$BARO,52739.309,70052.62,24.74
$MAG,52739.317,0.028,-0.699,-0.834,22.5
$IMU,52739.383,-12.573,5.676,-6.530,-0.06640,0.07177,1.01220,24.32
$BARO,52739.410,70060.81,24.74
$MAG,52739.418,0.030,-0.690,-0.837,22.5
$IMU,52739.458,-8.789,4.943,-6.225,-0.10839,0.14892,1.03710,24.32
$VBAT,52739.465,3.919
$BARO,52739.512,70061.23,24.74
$MAG,52739.518,0.040,-0.685,-0.843,22.7
$IMU,52739.533,-10.498,-0.854,-7.812,-0.09570,0.09667,1.03271,24.34
$IMU,52739.608,-5.249,-6.225,-12.207,-0.12109,0.11474,1.02978,24.32
$BARO,52739.613,70060.81,24.74
$MAG,52739.619,0.040,-0.673,-0.855,22.5
$IMU,52739.683,-2.746,-12.145,-12.451,-0.01806,0.12255,1.02392,24.31
$BARO,52739.715,70058.82,24.74
$TIME,52739.715,440913.000,2364
$MAG,52739.720,0.033,-0.681,-0.855,22.5
$IMU,52739.758,-1.159,-7.080,-4.943,-0.01660,0.14062,1.00781,24.32
$HUM,52739.795,32.0,25.3
$BARO,52739.816,70055.82,24.74
$MAG,52739.820,0.039,-0.670,-0.856,22.5
$IMU,52739.833,1.403,-4.394,-8.850,-0.02392,0.16455,1.00683,24.31
$IMU,52739.909,0.366,-5.737,-6.591,0.00097,0.18408,0.99316,24.33
$BARO,52739.918,70064.81,24.74
$MAG,52739.921,0.045,-0.663,-0.864,22.7
$IMU,52739.984,-3.051,-3.845,-5.126,-0.01513,0.16503,1.00097,24.39
$BARO,52740.019,70061.20,24.74
$MAG,52740.022,0.043,-0.660,-0.862,22.5
$IMU,52740.059,-3.479,-3.845,-4.638,0.00878,0.14062,1.01220,24.33
$BARO,52740.121,70052.79,24.74
$MAG,52740.122,0.046,-0.651,-0.879,22.7
$IMU,52740.134,-1.770,-2.563,-5.859,-0.00781,0.14160,1.02441,24.35
$IMU,52740.209,0.122,-2.685,-5.065,0.00927,0.14111,1.01611,24.35
$BARO,52740.222,70054.82,24.74
$MAG,52740.223,0.040,-0.648,-0.865,22.5
$IMU,52740.284,1.525,-0.610,-3.845,-0.01074,0.13964,1.00732,24.33
$MAG,52740.323,0.046,-0.643,-0.858,22.7
$BARO,52740.324,70062.01,24.74
$IMU,52740.359,2.319,-0.610,-5.249,-0.00927,0.15771,1.00732,24.34
$MAG,52740.424,0.049,-0.646,-0.867,22.5
$BARO,52740.425,70054.82,24.74
$IMU,52740.434,2.380,-1.403,-3.845,0.00244,0.16113,0.99658,24.36
$VBAT,52740.465,3.921
$IMU,52740.509,2.380,-1.586,-3.479,0.00244,0.17285,1.00244,24.38
$MAG,52740.525,0.049,-0.640,-0.861,22.5
$BARO,52740.527,70054.62,24.74
$IMU,52740.584,2.380,-1.708,-3.662,0.01025,0.14257,1.02636,24.36
$MAG,52740.625,0.051,-0.655,-0.858,22.5
$BARO,52740.628,70058.60,24.74
$IMU,52740.659,5.554,-1.892,-3.540,0.02001,0.12890,1.04248,24.33
$TIME,52740.715,440914.000,2364
$MAG,52740.726,0.045,-0.658,-0.865,22.5
$BARO,52740.730,70054.60,24.75
$IMU,52740.734,10.620,-3.173,-5.187,0.01904,0.11621,1.06396,24.40
$IMU,52740.809,18.615,-6.469,-8.666,0.02539,0.10937,1.07763,24.36
$HUM,52740.810,31.8,25.2
$MAG,52740.826,0.043,-0.664,-0.856,22.7
$BARO,52740.831,70056.18,24.75
$IMU,52740.884,30.944,-9.460,-14.282,0.04248,0.18701,1.04150,24.30
$MAG,52740.927,0.048,-0.682,-0.835,22.7
$BARO,52740.933,70056.99,24.75
$IMU,52740.959,36.132,-10.070,-15.869,0.05029,0.25244,0.99267,24.35
$MAG,52741.028,0.057,-0.688,-0.820,22.8
$BARO,52741.034,70039.75,24.77
$IMU,52741.034,36.987,-8.666,-15.930,0.02392,0.26171,0.96289,24.36
$IMU,52741.109,36.193,-12.329,-20.019,-0.01025,0.29882,0.97167,24.39
$MAG,52741.128,0.052,-0.694,-0.808,22.7
$BARO,52741.136,70063.93,24.78
$IMU,52741.185,34.545,-15.380,-24.108,0.05224,0.29199,0.95751,24.37
$MAG,52741.229,0.061,-0.711,-0.802,22.7
$BARO,52741.237,70032.30,24.79
$IMU,52741.260,31.799,-10.803,-18.981,0.01708,0.35546,0.91845,24.38
$MAG,52741.329,0.063,-0.711,-0.792,22.5
$IMU,52741.335,31.250,-12.939,-18.432,0.01806,0.48193,0.85107,24.42
$BARO,52741.339,70013.31,24.80
$IMU,52741.410,31.127,-12.817,-25.512,-0.03955,0.65771,0.77783,24.38
$MAG,52741.430,0.073,-0.711,-0.781,22.8
$BARO,52741.440,70025.67,24.81
$VBAT,52741.466,3.921
$IMU,52741.485,26.367,-13.305,-24.841,-0.03857,0.86816,0.72753,24.39
$MAG,52741.531,0.078,-0.699,-0.777,22.7
$BARO,52741.542,70051.87,24.81
$IMU,52741.560,18.432,-13.122,-15.930,-0.00146,0.84863,0.69384,24.43
$MAG,52741.631,0.079,-0.708,-0.784,22.7
$IMU,52741.635,8.239,-12.329,-6.164,0.06542,0.71386,0.65283,24.37
$BARO,52741.643,70060.86,24.81
$IMU,52741.710,5.432,-13.305,-2.929,0.08154,0.71728,0.66210,24.37
$TIME,52741.715,440914.000,2364
$MAG,52741.732,0.079,-0.697,-0.789,22.5
$BARO,52741.745,70051.06,24.81
$IMU,52741.785,1.098,-15.563,-10.559,0.09033,0.73974,0.68554,24.38
$HUM,52741.825,6549.9,25.3
$MAG,52741.832,0.070,-0.694,-0.811,22.7
$BARO,52741.846,70057.45,24.82
$IMU,52741.860,-4.089,-21.545,-18.127,0.06884,0.73925,0.64990,24.36
$MAG,52741.933,0.055,-0.670,-0.837,22.7
$IMU,52741.935,-10.009,-33.691,-22.094,0.12011,0.72460,0.67822,24.42
$BARO,52741.947,70066.64,24.82
$IMU,52742.010,-9.521,-36.865,-19.409,0.17773,0.67236,0.69189,24.41
$MAG,52742.034,0.060,-0.657,-0.862,22.5
$BARO,52742.049,70093.43,24.83
$IMU,52742.085,2.014,-32.348,-20.202,0.18164,0.69775,0.65380,24.40
$MAG,52742.134,0.034,-0.642,-0.886,22.5
$BARO,52742.150,70149.81,24.84
$IMU,52742.160,3.112,-39.001,-13.793,0.26660,0.72949,0.66552,24.40
$MAG,52742.235,0.001,-0.630,-0.913,22.7
$IMU,52742.235,0.122,-48.278,-17.211,0.38867,0.84570,0.70849,24.46
$BARO,52742.252,70113.81,24.84
$IMU,52742.310,-10.070,-43.273,-30.700,0.41455,0.76611,0.76806,24.42
$MAG,52742.335,-0.003,-0.601,-0.937,22.7
$BARO,52742.354,70064.40,24.84
$IMU,52742.386,-10.864,-24.047,-45.471,0.25732,0.66113,0.73339,24.41
$MAG,52742.436,0.007,-0.580,-0.952,22.7
$BARO,52742.455,70058.79,24.84
$IMU,52742.461,-0.061,-16.479,-42.053,0.13769,0.68261,0.69140,24.42
$VBAT,52742.466,3.921
$IMU,52742.536,-1.770,-13.916,-31.555,0.14355,0.63671,0.70166,24.41
$MAG,52742.537,-0.001,-0.565,-0.954,22.7
$BARO,52742.557,70058.01,24.84
$IMU,52742.611,-2.624,-3.723,-20.568,0.11083,0.55664,0.68164,24.43
$MAG,52742.637,0.004,-0.556,-0.955,22.7
$BARO,52742.658,70058.01,24.84
$IMU,52742.686,-1.586,2.624,-13.732,0.07421,0.71484,0.80517,24.41
$TIME,52742.715,440916.000,2364
$MAG,52742.738,0.015,-0.540,-0.964,22.8
$BARO,52742.759,70057.01,24.84
$IMU,52742.761,-20.141,1.281,-10.559,0.08056,0.52197,0.91113,24.44
$IMU,52742.836,-17.333,1.892,-13.427,0.04296,0.44482,0.94970,24.45
$HUM,52742.839,6548.9,25.4
$MAG,52742.839,0.027,-0.522,-0.972,22.5
$BARO,52742.861,70059.21,24.84
$IMU,52742.911,-0.427,0.671,-16.540,-0.00439,0.54003,0.91308,24.41
$MAG,52742.939,0.028,-0.517,-0.978,22.8
$BARO,52742.963,70062.01,24.84
$IMU,52742.986,7.751,-6.896,-27.709,-0.10107,0.62011,0.89697,24.44
$MAG,52743.040,0.024,-0.495,-0.984,22.7
$IMU,52743.061,6.042,-14.831,-43.273,-0.20214,0.65136,0.87841,24.42
$BARO,52743.064,70057.21,24.84
$IMU,52743.136,1.342,-18.127,-40.954,-0.12402,0.56933,0.85156,24.41
$MAG,52743.140,0.016,-0.481,-0.987,22.7
$BARO,52743.166,70057.40,24.84
$IMU,52743.211,7.934,-19.653,-16.540,-0.06347,0.64794,0.80371,24.43
$MAG,52743.241,-0.009,-0.487,-1.009,22.8
$BARO,52743.267,70061.42,24.83
$IMU,52743.286,12.451,-20.874,-8.605,0.04736,0.70556,0.69042,24.43
$MAG,52743.342,-0.025,-0.489,-1.009,22.8
$IMU,52743.361,7.446,-22.216,-8.239,0.09472,0.74951,0.66259,24.44
$BARO,52743.369,70056.21,24.83
$IMU,52743.436,6.347,-20.874,-8.972,0.11718,0.80517,0.65527,24.44
$MAG,52743.442,-0.054,-0.490,-1.011,22.7
$VBAT,52743.467,3.926
$BARO,52743.470,70062.81,24.84
$IMU,52743.511,6.408,-17.089,-12.512,0.09765,0.80078,0.63476,24.45
$MAG,52743.543,-0.057,-0.487,-1.012,22.5
$BARO,52743.572,70051.41,24.83
$IMU,52743.586,5.981,-13.793,-11.718,0.14013,0.81884,0.62060,24.41
$MAG,52743.644,-0.070,-0.499,-1.011,22.7
$IMU,52743.662,0.976,-6.958,-1.647,0.15576,0.75439,0.56542,24.47
$BARO,52743.673,70051.82,24.83
$TIME,52743.715,440917.000,2364
$IMU,52743.737,5.310,-4.638,3.234,0.20751,0.90185,0.56298,24.48
$MAG,52743.744,-0.072,-0.498,-1.015,22.7
$BARO,52743.775,70059.62,24.83
$IMU,52743.812,-2.868,4.455,2.868,0.23095,0.75390,0.55029,24.46
$MAG,52743.845,-0.054,-0.498,-1.015,22.7
$HUM,52743.854,31.0,25.4
$BARO,52743.876,70058.62,24.83
$IMU,52743.887,7.446,20.629,-3.662,0.04931,0.90771,0.55273,24.46
$MAG,52743.946,-0.033,-0.513,-1.011,22.8
$IMU,52743.962,9.155,9.887,-4.943,0.04589,0.91845,0.59570,24.45
$BARO,52743.978,70064.81,24.84
$IMU,52744.037,-0.183,3.112,-14.648,0.00683,0.76025,0.64794,24.45
$MAG,52744.046,-0.031,-0.495,-1.005,22.7
$BARO,52744.079,70053.01,24.83
$IMU,52744.112,3.906,5.554,-21.057,-0.11083,0.75878,0.64599,24.47
$MAG,52744.147,-0.031,-0.489,-1.008,22.5
$BARO,52744.181,70057.79,24.84
$IMU,52744.187,-2.624,0.488,-9.887,-0.03613,0.72265,0.71630,24.47
$MAG,52744.247,-0.025,-0.489,-1.018,22.7
$IMU,52744.262,-10.375,3.784,-0.427,-0.05419,0.66992,0.74951,24.44
$BARO,52744.282,70047.41,24.84
$IMU,52744.337,-11.962,1.403,-2.868,-0.01367,0.65429,0.77343,24.52
$MAG,52744.348,-0.019,-0.463,-1.018,22.5
$BARO,52744.384,70054.40,24.84
$IMU,52744.412,-14.038,4.333,-8.056,-0.02929,0.59814,0.78173,24.51
$MAG,52744.449,-0.012,-0.462,-1.012,22.7
$VBAT,52744.468,3.926
$BARO,52744.485,70051.21,24.84
$IMU,52744.487,-12.512,6.958,-16.113,-0.10351,0.68505,0.82373,24.47
$MAG,52744.549,-0.001,-0.427,-1.023,22.8
$IMU,52744.562,-10.559,3.845,-23.193,-0.10595,0.59667,0.87402,24.44
$BARO,52744.587,70063.79,24.85
$IMU,52744.637,5.126,1.281,-30.273,-0.14550,0.62988,0.83935,24.45
$MAG,52744.650,0.003,-0.423,-1.018,22.8
$BARO,52744.688,70056.99,24.85
$IMU,52744.712,13.854,4.150,-24.169,-0.19580,0.72705,0.72021,24.48
$TIME,52744.715,440918.000,2364
$MAG,52744.751,0.006,-0.439,-1.011,22.8
$IMU,52744.787,5.371,4.638,-1.708,-0.17871,0.72070,0.68212,24.52
$BARO,52744.790,70048.19,24.85
$MAG,52744.851,0.006,-0.439,-1.015,22.5
$IMU,52744.863,-1.770,3.723,5.126,-0.16015,0.67382,0.72412,24.46
$HUM,52744.868,31.1,25.4
$BARO,52744.891,70049.58,24.85
$IMU,52744.938,6.042,-0.427,-7.019,-0.20312,0.71875,0.69775,24.50
$MAG,52744.952,0.006,-0.435,-1.021,22.7
$BARO,52744.993,70062.76,24.85
$IMU,52745.013,4.638,-8.605,-11.474,-0.13232,0.74951,0.71875,24.49
$MAG,52745.052,0.006,-0.435,-1.011,22.8
$IMU,52745.088,0.122,-1.464,-3.234,-0.12646,0.66845,0.74072,24.49
$BARO,52745.094,70064.37,24.86
$MAG,52745.153,0.013,-0.447,-1.011,22.8
$IMU,52745.163,11.108,11.291,3.173,-0.21728,0.70654,0.69335,24.54
$BARO,52745.196,70055.74,24.87
$IMU,52745.238,13.610,2.624,-1.159,-0.23193,0.77441,0.62939,24.53
$MAG,52745.254,0.003,-0.457,-1.009,22.7
$BARO,52745.297,70055.57,24.86
$IMU,52745.313,5.737,-11.047,-3.601,-0.17333,0.78515,0.63623,24.55
$MAG,52745.354,0.001,-0.457,-1.018,22.7
$IMU,52745.388,-3.173,-12.512,-4.699,-0.19482,0.77392,0.65527,24.51
$BARO,52745.399,70061.35,24.87
$MAG,52745.455,-0.034,-0.450,-1.023,22.8
$IMU,52745.463,-6.774,-22.033,-11.779,-0.16455,0.70263,0.67529,24.53
$VBAT,52745.468,3.905
$BARO,52745.500,70057.74,24.87
$IMU,52745.538,5.126,-25.390,-21.362,-0.07763,0.76660,0.71728,24.53
$MAG,52745.556,-0.042,-0.436,-1.041,22.8
$BARO,52745.602,70064.15,24.87
$IMU,52745.613,2.380,-6.774,-5.737,-0.12548,0.76904,0.66796,24.54
$MAG,52745.656,-0.031,-0.439,-1.035,22.7
$IMU,52745.688,-8.850,6.591,9.399,-0.14892,0.74853,0.68359,24.54
$BARO,52745.703,70054.53,24.88
$TIME,52745.715,440919.000,2364
$MAG,52745.757,-0.039,-0.429,-1.035,22.7
$IMU,52745.763,-16.723,8.056,8.666,-0.14599,0.70800,0.71826,24.60
$BARO,52745.805,70062.54,24.87
$IMU,52745.838,-15.197,5.371,4.455,-0.18261,0.70410,0.72265,24.52
$MAG,52745.858,-0.030,-0.411,-1.035,22.8
$HUM,52745.883,31.3,25.4
$BARO,52745.906,70055.91,24.88
$IMU,52745.913,-17.089,-0.915,4.272,-0.14746,0.68066,0.72900,24.51
$MAG,52745.958,-0.025,-0.402,-1.036,22.8
$IMU,52745.988,-15.991,-1.220,5.859,-0.12500,0.63427,0.76806,24.54
$BARO,52746.008,70058.11,24.88
$MAG,52746.059,-0.024,-0.393,-1.036,22.8
$IMU,52746.064,-7.995,0.793,3.356,-0.12646,0.63330,0.79687,24.54
$BARO,52746.109,70058.91,24.89
$IMU,52746.139,-2.502,4.089,5.004,-0.15722,0.61914,0.81933,24.56
$MAG,52746.159,-0.024,-0.399,-1.039,22.8
$BARO,52746.211,70064.10,24.89
$IMU,52746.214,5.493,8.544,14.282,-0.15625,0.70605,0.77343,24.56
$MAG,52746.260,-0.021,-0.412,-1.041,22.7
$IMU,52746.289,2.990,3.051,11.413,-0.08789,0.66210,0.69824,24.54
$BARO,52746.312,70061.50,24.89
$MAG,52746.361,-0.019,-0.402,-1.035,22.8
$IMU,52746.364,-3.234,-0.549,-0.854,-0.10205,0.66796,0.74023,24.53
$BARO,52746.414,70059.28,24.90
$IMU,52746.439,-5.615,-4.821,-4.638,-0.11425,0.67285,0.80126,24.55
$MAG,52746.461,-0.018,-0.394,-1.029,22.8
$VBAT,52746.469,3.945
$IMU,52746.514,-0.122,-3.173,-2.746,-0.11132,0.64453,0.75927,24.57
$BARO,52746.515,70058.89,24.90
$MAG,52746.562,-0.024,-0.402,-1.033,22.8
$IMU,52746.589,2.014,-1.281,-0.793,-0.12695,0.69775,0.73632,24.56
$BARO,52746.617,70059.08,24.90
$MAG,52746.663,-0.024,-0.394,-1.036,22.7
$IMU,52746.664,-7.568,-3.295,2.075,-0.07861,0.66064,0.78125,24.55
$TIME,52746.715,440920.000,2364
$BARO,52746.718,70065.27,24.90
$IMU,52746.739,-5.676,1.708,-1.098,-0.08837,0.58593,0.81982,24.58
$MAG,52746.763,-0.024,-0.397,-1.038,22.8
$IMU,52746.814,7.385,6.469,-4.455,-0.12695,0.62744,0.78906,24.53
$BARO,52746.820,70059.25,24.91
$MAG,52746.864,-0.010,-0.399,-1.026,22.8
$IMU,52746.889,12.634,8.422,-4.028,-0.11865,0.66455,0.78320,24.55
$HUM,52746.898,31.1,25.5
$BARO,52746.921,70071.44,24.92
$IMU,52746.964,17.028,13.977,-3.356,-0.13867,0.61962,0.76269,24.59
$MAG,52746.965,0.010,-0.430,-1.018,22.8
$BARO,52747.023,70057.06,24.91
$IMU,52747.039,28.015,15.441,-8.056,-0.23828,0.72900,0.67578,24.58
$MAG,52747.065,0.012,-0.445,-1.006,22.8
$IMU,52747.114,19.714,2.136,-7.080,-0.29248,0.89648,0.58691,24.59
$BARO,52747.124,70059.84,24.92
$MAG,52747.166,-0.001,-0.427,-1.027,22.8
$IMU,52747.189,-23.925,-16.723,8.361,-0.18652,0.87548,0.58447,24.54
$BARO,52747.226,70065.84,24.92
$IMU,52747.264,-46.752,-3.417,26.977,0.08203,0.23681,0.95068,24.58
$MAG,52747.267,0.003,-0.417,-1.024,22.8
$BARO,52747.327,70058.23,24.93
$IMU,52747.340,37.902,25.146,-3.540,-0.28417,0.83349,0.69238,24.55
$MAG,52747.367,0.007,-0.433,-1.018,22.8
$IMU,52747.415,15.197,-3.479,-8.728,-0.13232,0.88232,0.60107,24.53
$BARO,52747.429,70059.01,24.93
$MAG,52747.468,0.016,-0.436,-1.014,22.7
$VBAT,52747.469,3.924
$IMU,52747.490,-9.338,7.141,4.577,-0.19677,0.56542,0.70654,24.57
$BARO,52747.530,70059.03,24.93
$IMU,52747.565,2.746,2.929,0.976,-0.22314,0.88330,0.68603,24.55
$MAG,52747.568,0.016,-0.432,-1.012,22.8
$BARO,52747.632,70059.01,24.94
$IMU,52747.640,-12.084,-4.699,6.469,-0.15087,0.55810,0.71972,24.59
$MAG,52747.669,0.004,-0.444,-1.012,22.8
$TIME,52747.715,440920.000,2364
$IMU,52747.715,6.713,-2.014,4.455,-0.18261,0.83837,0.70800,24.55
$BARO,52747.733,70056.01,24.93
$MAG,52747.770,0.006,-0.427,-1.020,22.8
$IMU,52747.790,-11.047,-8.422,0.854,-0.11962,0.65039,0.69580,24.61
$BARO,52747.835,70065.20,24.94
$IMU,52747.865,-3.662,-2.014,-4.394,-0.15771,0.70898,0.74072,24.59
$MAG,52747.870,0.003,-0.424,-1.021,22.8
$HUM,52747.913,31.1,25.5
$BARO,52747.936,70053.60,24.94
$IMU,52747.940,-2.685,-1.342,-0.671,-0.14794,0.68847,0.73486,24.61
$MAG,52747.971,-0.001,-0.421,-1.020,22.8
$IMU,52748.015,-1.464,-0.610,-1.098,-0.16650,0.69042,0.73144,24.56
$BARO,52748.038,70061.57,24.95
$MAG,52748.072,0.007,-0.423,-1.023,22.8
$IMU,52748.090,0.549,-2.502,-2.868,-0.15136,0.70068,0.72314,24.58
$BARO,52748.139,70057.38,24.94
$IMU,52748.165,-1.037,-1.220,-2.197,-0.15917,0.70410,0.72021,24.56
$MAG,52748.172,-0.009,-0.429,-1.029,22.8
$IMU,52748.240,-2.868,-1.098,-0.488,-0.16064,0.69482,0.73388,24.62
$BARO,52748.241,70057.77,24.95
$MAG,52748.273,0.000,-0.414,-1.030,22.8
$IMU,52748.315,-2.258,-1.342,0.183,-0.14453,0.69531,0.74023,24.61
$BARO,52748.342,70056.16,24.95
$MAG,52748.374,-0.004,-0.418,-1.026,22.8
$IMU,52748.390,-1.892,0.061,-0.610,-0.16455,0.67773,0.74218,24.61
$BARO,52748.444,70052.97,24.96
$IMU,52748.465,-0.976,-1.831,-1.220,-0.16406,0.68847,0.73730,24.61
$VBAT,52748.470,3.927
$MAG,52748.474,-0.007,-0.411,-1.026,22.8
$IMU,52748.541,-2.075,-3.479,-0.671,-0.14257,0.67529,0.74365,24.65
$BARO,52748.546,70060.35,24.96
$MAG,52748.575,-0.012,-0.417,-1.029,22.8
$IMU,52748.616,-1.586,-1.403,0.976,-0.14648,0.67773,0.75878,24.59
$BARO,52748.647,70054.96,24.95
$MAG,52748.675,-0.009,-0.415,-1.033,22.8
$IMU,52748.691,0.061,-1.953,0.549,-0.13330,0.68261,0.74218,24.60
$TIME,52748.715,440922.000,2364
$BARO,52748.749,70059.74,24.97
$IMU,52748.766,1.159,-2.014,-0.305,-0.12353,0.69433,0.73339,24.59
$MAG,52748.776,-0.009,-0.414,-1.032,22.7
$IMU,52748.841,0.122,1.098,0.366,-0.13818,0.69580,0.73388,24.63
$BARO,52748.850,70059.94,24.97
$MAG,52748.877,-0.010,-0.414,-1.029,22.8
$IMU,52748.916,-0.549,1.953,2.136,-0.14208,0.69287,0.73339,24.61
$HUM,52748.927,31.2,25.5
$BARO,52748.952,70048.92,24.98
$MAG,52748.977,-0.001,-0.417,-1.030,22.9
$IMU,52748.991,-0.427,0.915,2.319,-0.12548,0.69873,0.73437,24.63
$BARO,52749.053,70051.92,24.97
$IMU,52749.066,-1.525,1.770,1.892,-0.12744,0.69335,0.73779,24.62
$MAG,52749.078,-0.001,-0.412,-1.029,22.8
$IMU,52749.141,-2.380,2.319,0.915,-0.14306,0.67968,0.74658,24.63
$BARO,52749.155,70045.92,24.97
$MAG,52749.178,-0.006,-0.415,-1.027,22.9
$IMU,52749.216,-1.525,1.037,1.037,-0.12988,0.68066,0.74023,24.64
$BARO,52749.256,70056.72,24.97
$MAG,52749.279,-0.001,-0.415,-1.026,22.8
$IMU,52749.291,-1.098,1.220,0.732,-0.14501,0.69628,0.74755,24.63
$BARO,52749.358,70057.11,24.98
$IMU,52749.366,-3.173,-0.183,1.037,-0.15917,0.68994,0.73046,24.61
$MAG,52749.380,-0.010,-0.409,-1.026,22.8
$IMU,52749.441,-7.324,-4.577,3.112,-0.17187,0.70507,0.71972,24.65
$BARO,52749.459,70059.89,24.99
$VBAT,52749.470,3.929
$MAG,52749.480,-0.015,-0.403,-1.030,22.9
$IMU,52749.516,-15.441,-8.789,8.056,-0.06054,0.64013,0.79980,24.69
$BARO,52749.561,70051.09,24.99
$MAG,52749.581,-0.006,-0.400,-1.027,22.7
$IMU,52749.591,-5.187,7.629,9.399,0.05224,0.50292,0.96337,24.65
$BARO,52749.662,70065.88,24.99
$IMU,52749.666,38.391,36.804,0.183,-0.09667,0.51757,0.82861,24.67
$MAG,52749.682,0.037,-0.460,-0.999,22.8
$TIME,52749.715,440923.000,2364
$IMU,52749.742,71.044,36.926,-6.713,-0.35400,0.80468,0.49072,24.69
$BARO,52749.764,70050.06,24.99
$MAG,52749.782,0.040,-0.502,-0.975,22.8
$IMU,52749.817,39.611,3.051,-4.882,-0.32226,1.04638,0.35693,24.66
$BARO,52749.865,70058.47,25.00
$MAG,52749.883,0.019,-0.474,-1.000,22.8
$IMU,52749.892,-31.616,-21.423,9.765,-0.23046,0.92968,0.50097,24.67
$HUM,52749.942,31.1,25.5
$BARO,52749.967,70053.06,25.00
$IMU,52749.967,-68.420,-27.221,22.033,-0.03613,0.60205,0.76904,24.67
$MAG,52749.984,0.000,-0.426,-1.024,22.8
$IMU,52750.042,-32.653,-9.948,13.000,0.03662,0.47656,0.93505,24.63
$BARO,52750.068,70054.06,25.00
$MAG,52750.084,0.004,-0.441,-1.012,22.9
$IMU,52750.117,24.597,10.681,-7.629,-0.09228,0.63476,0.77246,24.67
$BARO,52750.170,70053.26,25.01
$MAG,52750.185,0.024,-0.472,-1.002,22.8
$IMU,52750.192,39.855,12.390,-15.808,-0.20458,0.79833,0.57958,24.69
$IMU,52750.267,14.648,-0.183,-9.033,-0.27734,0.91796,0.54980,24.66
$BARO,52750.271,70064.25,25.01
$MAG,52750.285,0.010,-0.462,-1.008,22.9
$IMU,52750.342,-27.770,-19.775,5.859,-0.11572,0.69335,0.73242,24.70
$BARO,52750.373,70062.62,25.02
$MAG,52750.386,-0.001,-0.453,-1.032,22.8
$IMU,52750.417,-14.343,-16.662,3.784,-0.05224,0.52148,0.85156,24.70
$VBAT,52750.470,3.929
$BARO,52750.474,70050.02,25.02
$MAG,52750.487,-0.022,-0.474,-1.024,22.8
$IMU,52750.492,32.287,-12.390,-15.258,-0.12011,0.68505,0.70068,24.68
$IMU,52750.567,42.236,-17.089,-16.784,-0.18017,0.87500,0.54785,24.68
$BARO,52750.576,70056.21,25.02
$MAG,52750.587,-0.036,-0.495,-1.024,22.9
$IMU,52750.642,14.648,-23.986,-2.807,-0.09570,0.88134,0.58984,24.65
$BARO,52750.677,70054.62,25.02
$MAG,52750.688,-0.061,-0.499,-1.026,22.8
$TIME,52750.715,440924.000,2364
$IMU,52750.717,3.662,-17.822,4.943,0.04882,0.74609,0.66845,24.67
$BARO,52750.779,70062.62,25.02
$MAG,52750.788,-0.058,-0.522,-1.017,22.9
$IMU,52750.792,25.146,3.479,-4.333,-0.07373,0.89648,0.54736,24.68
$IMU,52750.867,17.639,5.249,-3.173,-0.14111,0.94775,0.45507,24.72
$BARO,52750.880,70058.21,25.03
$MAG,52750.889,-0.060,-0.528,-1.017,22.9
$IMU,52750.942,-9.643,-8.300,-2.014,-0.14843,0.92480,0.52246,24.68
$HUM,52750.956,31.4,25.6
$BARO,52750.982,70053.79,25.03
$MAG,52750.990,-0.075,-0.499,-1.038,23.0
$IMU,52751.018,-27.343,-26.550,-10.986,-0.00585,0.74951,0.66162,24.73
$BARO,52751.083,70061.20,25.03
$MAG,52751.090,-0.100,-0.474,-1.048,22.8
$IMU,52751.093,-20.935,-24.230,-11.535,-0.03906,0.68896,0.72753,24.70
$IMU,52751.168,-13.183,-25.634,-12.023,0.00000,0.70507,0.75927,24.68
$BARO,52751.185,70054.18,25.04
$MAG,52751.191,-0.124,-0.465,-1.060,23.0
$IMU,52751.243,-8.178,-21.362,-11.657,0.02783,0.67822,0.77148,24.72
$BARO,52751.286,70052.77,25.04
$MAG,52751.292,-0.144,-0.457,-1.060,23.0
$IMU,52751.318,-0.366,-13.427,-18.310,-0.05126,0.69677,0.75341,24.73
$BARO,52751.388,70057.38,25.04
$MAG,52751.392,-0.150,-0.453,-1.056,22.9
$IMU,52751.393,5.004,-14.648,-21.728,-0.10400,0.69921,0.70898,24.68
$IMU,52751.468,5.737,-17.883,-18.676,-0.09130,0.73046,0.70019,24.71
$VBAT,52751.470,3.922
$BARO,52751.489,70056.57,25.04
$MAG,52751.493,-0.177,-0.457,-1.068,22.9
$IMU,52751.543,0.549,-17.639,-13.305,-0.08349,0.75292,0.73486,24.73
$BARO,52751.591,70067.76,25.05
$MAG,52751.593,-0.190,-0.451,-1.068,22.9
$IMU,52751.618,0.244,-17.578,-9.704,-0.06835,0.70166,0.72021,24.74
$BARO,52751.692,70057.77,25.05
$IMU,52751.693,7.934,-17.822,-10.986,-0.06005,0.72656,0.66406,24.72
$MAG,52751.694,-0.204,-0.460,-1.062,22.9
$TIME,52751.715,440924.000,2364
$IMU,52751.768,7.812,-14.099,-5.310,-0.06933,0.78271,0.65380,24.69
$BARO,52751.794,70053.57,25.05
$MAG,52751.795,-0.231,-0.463,-1.065,22.9
$IMU,52751.843,0.915,-13.305,2.563,-0.04199,0.76904,0.67578,24.76
$BARO,52751.895,70058.55,25.05
$MAG,52751.895,-0.229,-0.475,-1.056,22.9
$IMU,52751.918,1.525,-9.826,4.028,-0.00927,0.73681,0.65917,24.72
$HUM,52751.971,32.2,25.6
$IMU,52751.993,6.103,-4.211,9.582,-0.00048,0.79296,0.63769,24.74
$MAG,52751.996,-0.231,-0.471,-1.053,22.9
$BARO,52751.997,70048.36,25.05
$IMU,52752.068,6.164,-7.019,11.962,0.01367,0.82714,0.60986,24.71
$MAG,52752.097,-0.255,-0.483,-1.059,22.9
$BARO,52752.098,70059.55,25.06
$IMU,52752.143,6.103,-11.474,4.455,0.02246,0.87304,0.60693,24.75
$MAG,52752.197,-0.271,-0.489,-1.048,23.0
$BARO,52752.200,70067.74,25.06
$IMU,52752.219,5.432,-12.573,1.220,0.03222,0.86279,0.57421,24.72
$IMU,52752.294,6.652,-12.390,0.000,0.03515,0.87841,0.54589,24.74
$MAG,52752.298,-0.282,-0.495,-1.048,23.0
$BARO,52752.301,70050.72,25.07
$IMU,52752.369,1.220,-11.291,6.408,0.07128,0.90917,0.50585,24.73
$MAG,52752.398,-0.294,-0.490,-1.050,23.0
$BARO,52752.403,70049.31,25.07
$IMU,52752.444,-12.817,-10.009,13.549,0.10644,0.87011,0.52880,24.76
$VBAT,52752.470,3.924
$MAG,52752.499,-0.303,-0.460,-1.053,22.9
$BARO,52752.504,70057.52,25.07
$IMU,52752.519,-17.822,-10.314,14.587,0.22900,0.80664,0.61572,24.72
$IMU,52752.594,-4.577,5.310,6.835,0.32568,0.70849,0.68652,24.71
$MAG,52752.600,-0.301,-0.474,-1.048,22.8
$BARO,52752.606,70063.50,25.08
$IMU,52752.669,31.616,31.494,-13.000,0.15917,0.75439,0.61816,24.75
$MAG,52752.700,-0.252,-0.528,-1.042,22.9
$BARO,52752.707,70061.69,25.08
$TIME,52752.715,440925.000,2364
$IMU,52752.744,57.189,33.142,-29.357,-0.05419,0.93261,0.46386,24.77
$MAG,52752.801,-0.226,-0.567,-1.033,22.9
$BARO,52752.809,70055.89,25.08
$IMU,52752.819,29.785,13.061,-30.456,-0.20361,1.03271,0.32519,24.80
$IMU,52752.894,-35.522,-9.277,-9.582,-0.14941,0.99804,0.46142,24.73
$MAG,52752.902,-0.247,-0.499,-1.053,22.9
$BARO,52752.910,70049.89,25.08
$IMU,52752.969,-67.932,-16.052,23.986,0.16699,0.56103,0.75000,24.76
$HUM,52752.986,32.1,25.6
$MAG,52753.002,-0.246,-0.463,-1.056,23.0
$BARO,52753.012,70059.69,25.08
$IMU,52753.044,-6.042,13.244,1.892,0.12304,0.49755,0.84814,24.74
$MAG,52753.103,-0.208,-0.528,-1.035,22.8
$BARO,52753.113,70051.28,25.09
$IMU,52753.119,62.683,28.625,-23.193,-0.13427,0.82812,0.52001,24.76
$IMU,52753.194,41.931,14.221,-17.822,-0.24511,1.19873,0.34765,24.77
$MAG,52753.204,-0.201,-0.537,-1.030,22.9
$BARO,52753.215,70058.47,25.09
$IMU,52753.269,-44.738,-7.873,11.047,-0.18212,0.92871,0.44287,24.75
$MAG,52753.304,-0.228,-0.472,-1.060,22.9
$BARO,52753.316,70054.48,25.09
$IMU,52753.344,-73.730,-17.272,30.212,0.05957,0.45996,0.77685,24.78
$MAG,52753.405,-0.226,-0.463,-1.057,22.8
$BARO,52753.418,70060.08,25.09
$IMU,52753.420,-9.277,-1.831,7.934,0.10839,0.58056,0.90820,24.76
$VBAT,52753.471,3.918
$IMU,52753.495,38.818,10.559,-3.662,-0.00439,0.80322,0.61230,24.80
$MAG,52753.505,-0.210,-0.502,-1.044,23.3
$BARO,52753.519,70059.25,25.10
$IMU,52753.570,34.301,9.765,-5.798,-0.12500,1.02148,0.43457,24.75
$MAG,52753.606,-0.223,-0.499,-1.047,23.0
$BARO,52753.621,70062.47,25.10
$IMU,52753.645,-13.244,-8.666,-4.638,-0.10644,0.90771,0.51953,24.77
$MAG,52753.706,-0.228,-0.484,-1.056,23.2
$TIME,52753.715,440926.000,2364
$IMU,52753.720,-31.372,-11.718,-0.854,0.07568,0.57568,0.77636,24.81
$BARO,52753.722,70056.23,25.11
$IMU,52753.795,18.859,8.422,-1.281,-0.02392,0.72363,0.68261,24.78
$MAG,52753.807,-0.213,-0.523,-1.044,23.2
$BARO,52753.824,70056.26,25.10
$IMU,52753.870,34.851,5.004,0.915,-0.07812,1.01123,0.46582,24.78
$MAG,52753.908,-0.220,-0.525,-1.047,22.9
$BARO,52753.925,70058.84,25.11
$IMU,52753.945,-8.117,-4.577,5.065,-0.03417,0.89746,0.51855,24.77
$HUM,52754.000,32.1,25.7
$MAG,52754.008,-0.216,-0.495,-1.054,23.0
$IMU,52754.020,-27.954,-0.427,12.207,-0.01220,0.77392,0.66455,24.78
$BARO,52754.027,70060.84,25.11
$IMU,52754.095,-15.380,3.540,15.197,0.00683,0.70361,0.68017,24.81
$MAG,52754.109,-0.222,-0.481,-1.048,23.3
$BARO,52754.128,70052.62,25.11
$IMU,52754.170,2.685,2.258,3.906,0.00048,0.80712,0.65087,24.82
$MAG,52754.209,-0.217,-0.496,-1.060,23.2
$BARO,52754.230,70060.20,25.12
$IMU,52754.245,3.967,-1.647,-2.929,-0.02343,0.78515,0.62597,24.81
$MAG,52754.310,-0.228,-0.492,-1.051,23.2
$IMU,52754.320,4.577,-4.821,-1.281,0.01123,0.83496,0.61132,24.80
$BARO,52754.331,70055.40,25.12
$IMU,52754.395,-3.234,0.915,12.451,0.04980,0.85351,0.59716,24.82
$MAG,52754.411,-0.229,-0.483,-1.051,22.8
$BARO,52754.433,70053.01,25.12
$IMU,52754.470,-12.329,7.141,20.324,0.02783,0.76855,0.63916,24.81
$VBAT,52754.485,3.922
$MAG,52754.511,-0.229,-0.489,-1.060,23.3
$BARO,52754.534,70057.01,25.12
$IMU,52754.545,-6.103,-1.831,8.056,0.08007,0.76318,0.67578,24.80
$MAG,52754.612,-0.226,-0.480,-1.056,23.4
$IMU,52754.621,2.197,-4.882,-3.417,0.07177,0.76708,0.63183,24.79
$BARO,52754.636,70061.98,25.13
$IMU,52754.696,5.004,-4.577,-1.586,0.06396,0.84082,0.61474,24.83
$MAG,52754.712,-0.237,-0.490,-1.053,23.0
$TIME,52754.715,440929.000,2364
$BARO,52754.737,70055.99,25.14
$IMU,52754.771,-3.295,-7.446,-0.305,0.10058,0.80126,0.62597,24.83
$MAG,52754.813,-0.241,-0.475,-1.054,22.9
$BARO,52754.839,70060.96,25.14
$IMU,52754.846,-5.371,-5.432,-3.723,0.09472,0.77392,0.66503,24.80
$MAG,52754.914,-0.234,-0.481,-1.056,23.0
$IMU,52754.921,-0.122,-2.197,-6.530,0.05517,0.78271,0.64648,24.82
$BARO,52754.940,70059.38,25.14
$IMU,52754.996,2.685,-2.685,-6.469,0.03173,0.81054,0.62695,24.84
$MAG,52755.014,-0.253,-0.474,-1.051,23.0
$HUM,52755.015,32.0,25.7
$BARO,52755.042,70053.55,25.15
$IMU,52755.071,-1.708,-5.310,-4.150,0.04345,0.80761,0.63623,24.84
$MAG,52755.115,-0.255,-0.477,-1.057,23.0
$BARO,52755.143,70051.75,25.15
$IMU,52755.146,-3.295,-5.004,-2.563,0.06591,0.76269,0.66064,24.84
$MAG,52755.215,-0.250,-0.477,-1.060,23.3
$IMU,52755.221,2.136,-1.831,-4.272,0.05517,0.79980,0.65234,24.83
$BARO,52755.245,70061.74,25.15
$IMU,52755.296,1.159,-1.586,-4.272,0.04541,0.79541,0.63623,24.83
$MAG,52755.316,-0.256,-0.474,-1.053,23.3
$BARO,52755.346,70060.16,25.15
$IMU,52755.371,-0.061,-1.342,-3.479,0.04345,0.80175,0.63232,24.84
$MAG,52755.417,-0.271,-0.474,-1.057,22.9
$IMU,52755.446,-2.136,-0.915,-1.220,0.06201,0.79736,0.64355,24.83
$BARO,52755.448,70053.53,25.15
$VBAT,52755.489,3.916
$MAG,52755.517,-0.252,-0.475,-1.051,22.8
$IMU,52755.521,-2.624,2.319,0.854,0.05712,0.78173,0.65478,24.86
$BARO,52755.549,70052.72,25.16
$IMU,52755.596,-0.122,6.164,1.647,0.09033,0.75878,0.66796,24.90
$MAG,52755.618,-0.238,-0.468,-1.059,22.9
$BARO,52755.651,70058.52,25.17
$IMU,52755.671,8.422,14.404,2.441,0.13378,0.74951,0.69384,24.85
$MAG,52755.718,-0.217,-0.501,-1.047,22.9
$IMU,52755.746,25.024,27.465,-2.990,0.07177,0.76171,0.63720,24.87
$BARO,52755.752,70052.31,25.17
$MAG,52755.819,-0.175,-0.547,-1.038,23.4
$IMU,52755.821,39.062,30.578,-13.549,-0.06933,0.85546,0.52001,24.86
$BARO,52755.854,70056.30,25.17
$IMU,52755.897,29.602,17.456,-15.380,-0.19091,1.00732,0.37451,24.86
$MAG,52755.920,-0.169,-0.544,-1.027,23.3
$BARO,52755.955,70061.11,25.17
$IMU,52755.972,-14.587,-3.723,5.737,-0.25732,0.95996,0.38818,24.89
$MAG,52756.020,-0.211,-0.505,-1.050,22.9
$HUM,52756.029,32.0,25.7
$IMU,52756.047,-48.583,-27.770,28.808,0.10888,0.82763,0.58203,24.88
$BARO,52756.057,70056.50,25.17
$IMU,52756.122,-49.011,6.347,39.978,0.53076,0.61669,0.90966,24.86
$MAG,52756.121,-0.192,-0.465,-1.053,23.0
$BARO,52756.158,70060.30,25.18
$IMU,52756.197,6.835,88.500,19.226,-0.04101,0.68066,0.61669,24.89
$MAG,52756.221,-0.081,-0.493,-1.026,23.4
$BARO,52756.260,70051.48,25.18
$IMU,52756.272,21.606,87.036,23.376,-0.35009,1.12060,0.31347,24.89
$MAG,52756.322,-0.040,-0.477,-1.017,23.2
$IMU,52756.347,-53.894,50.720,57.922,-0.19580,1.04638,0.33251,24.87
$BARO,52756.361,70061.67,25.18
$IMU,52756.422,-124.572,42.297,92.224,-0.11132,0.58251,0.60937,24.92
$MAG,52756.423,-0.001,-0.399,-1.009,23.3
$BARO,52756.463,70032.03,25.20
$IMU,52756.497,-117.248,39.672,86.975,-0.07958,0.29052,0.96386,24.91
$VBAT,52756.503,3.924
$MAG,52756.523,0.024,-0.363,-0.993,23.2
$BARO,52756.564,70052.43,25.20
$IMU,52756.572,-67.199,28.686,66.223,-0.01513,0.28369,1.05761,24.87
$MAG,52756.624,0.064,-0.358,-0.979,22.9
$IMU,52756.647,-33.020,25.207,53.039,-0.01708,0.24462,1.03857,24.88
$BARO,52756.666,70052.62,25.20
$TIME,52756.715,440930.000,2364
$IMU,52756.722,-11.047,21.423,42.541,-0.02685,0.31884,0.99267,24.89
$MAG,52756.725,0.084,-0.381,-0.969,23.2
$BARO,52756.767,70061.01,25.21
$IMU,52756.797,-7.751,16.479,34.729,-0.04199,0.36328,0.90087,24.86
$MAG,52756.825,0.099,-0.394,-0.952,23.0
$BARO,52756.869,70059.21,25.21
$IMU,52756.872,-16.845,12.512,31.799,-0.07226,0.35791,0.92773,24.89
$MAG,52756.926,0.106,-0.394,-0.961,23.3
$IMU,52756.947,-24.108,3.479,30.151,-0.04687,0.24121,1.00439,24.90
$BARO,52756.970,70053.38,25.23
$IMU,52757.022,-15.319,-3.051,27.526,0.00732,0.22705,1.00927,24.84
$MAG,52757.027,0.096,-0.408,-0.958,23.4
$HUM,52757.044,31.7,25.8
$BARO,52757.072,70063.59,25.22
$IMU,52757.098,-8.422,-0.305,22.949,0.00781,0.20166,0.98486,24.93
$MAG,52757.127,0.091,-0.415,-0.957,22.9
$BARO,52757.173,70057.18,25.23
$IMU,52757.173,-6.713,1.586,22.766,-0.00341,0.24462,0.97314,24.91
$MAG,52757.228,0.096,-0.420,-0.948,23.3
$IMU,52757.248,-11.901,0.976,23.010,0.00976,0.21435,0.97998,24.89
$BARO,52757.275,70050.77,25.23
$IMU,52757.323,-15.075,1.342,21.301,-0.01171,0.16748,1.03125,24.90
$MAG,52757.328,0.090,-0.418,-0.955,23.3
$BARO,52757.376,70062.37,25.23
$IMU,52757.398,-10.742,-1.586,19.897,-0.01904,0.10644,1.04589,24.92
$MAG,52757.429,0.094,-0.435,-0.949,23.3
$IMU,52757.473,-3.051,-5.004,17.089,0.00488,0.10546,1.01611,24.94
$BARO,52757.478,70064.76,25.24
$VBAT,52757.508,3.921
$MAG,52757.530,0.075,-0.442,-0.961,23.2
$IMU,52757.548,-2.136,-5.737,18.798,0.06152,0.14355,0.98486,24.94
$BARO,52757.579,70053.36,25.23
$IMU,52757.623,-5.798,-6.286,20.202,0.13476,0.14599,0.99755,24.92
$MAG,52757.630,0.066,-0.456,-0.955,23.2
$BARO,52757.681,70054.96,25.24
$IMU,52757.698,-0.183,-6.408,20.446,0.18603,0.15283,1.00488,24.93
$TIME,52757.715,440931.000,2364
$MAG,52757.731,0.064,-0.465,-0.955,23.0
$IMU,52757.773,1.770,-4.211,15.136,0.20654,0.16357,1.05615,24.92
$BARO,52757.782,70057.16,25.24
$MAG,52757.832,0.060,-0.475,-0.963,23.0
$IMU,52757.848,3.112,-6.042,17.395,0.18505,0.18798,0.95458,24.90
$BARO,52757.884,70066.57,25.24
$IMU,52757.923,0.305,-3.417,17.761,0.17529,0.15136,0.92089,24.95
$MAG,52757.932,0.061,-0.492,-0.960,23.4
$BARO,52757.985,70061.55,25.24
$IMU,52757.998,0.854,-0.976,28.991,0.39648,0.16748,1.01123,24.93
$MAG,52758.033,0.048,-0.513,-0.952,23.3
$HUM,52758.058,31.9,25.8
$IMU,52758.073,-2.014,17.272,35.949,0.38623,0.18603,1.03222,24.91
$BARO,52758.087,70062.35,25.25
$MAG,52758.134,0.076,-0.526,-0.931,23.0
$IMU,52758.148,-1.098,30.639,24.291,0.18261,0.11328,0.96679,24.91
$BARO,52758.188,70055.13,25.25
$IMU,52758.223,0.427,33.691,21.911,0.04150,0.16748,0.97119,24.96
$MAG,52758.234,0.096,-0.544,-0.916,22.9
$BARO,52758.290,70056.91,25.26
$IMU,52758.299,1.586,32.653,28.137,-0.02001,0.12500,0.98828,24.96
$MAG,52758.335,0.114,-0.570,-0.889,23.4
$IMU,52758.374,1.892,30.334,22.033,-0.07714,0.16113,1.02978,24.96
$BARO,52758.391,70063.93,25.26
$MAG,52758.435,0.136,-0.567,-0.873,23.2
$IMU,52758.449,1.892,24.047,7.263,-0.11279,0.08007,0.98876,24.96
$BARO,52758.493,70059.30,25.26
$VBAT,52758.522,3.921
$IMU,52758.524,9.399,22.949,-13.610,-0.29003,0.15039,0.95898,24.91
$MAG,52758.536,0.153,-0.565,-0.861,23.2
$BARO,52758.594,70051.28,25.27
$IMU,52758.599,8.972,15.808,-16.845,-0.38525,0.14648,0.95898,24.92
$MAG,52758.637,0.157,-0.561,-0.852,23.3
$IMU,52758.674,1.525,1.953,-0.366,-0.37402,0.12304,0.99853,24.96
$BARO,52758.696,70055.09,25.27
$TIME,52758.715,440931.000,2364
$MAG,52758.737,0.141,-0.588,-0.847,23.4
$IMU,52758.749,1.403,-8.789,23.437,-0.21191,0.16406,1.00976,24.98
$BARO,52758.797,70054.28,25.27
$IMU,52758.824,0.549,-3.662,25.817,-0.14013,0.23339,0.98339,24.92
$MAG,52758.838,0.129,-0.601,-0.849,23.4
$BARO,52758.899,70062.50,25.27
$IMU,52758.899,-2.075,8.422,6.408,-0.30371,0.19287,0.95166,24.95
$MAG,52758.939,0.136,-0.601,-0.855,23.0
$IMU,52758.974,-7.385,1.708,-0.122,-0.35156,0.17578,1.00927,24.98
$BARO,52759.000,70060.50,25.27
$MAG,52759.039,0.127,-0.597,-0.853,23.4
$IMU,52759.049,-6.591,-7.507,6.286,-0.26416,0.09619,0.99658,24.95
$HUM,52759.073,31.9,25.8
$BARO,52759.101,70049.28,25.27
$IMU,52759.124,1.464,-15.563,14.282,-0.17919,0.10205,1.00244,24.92
$MAG,52759.140,0.099,-0.610,-0.865,23.0
$IMU,52759.199,6.164,-20.690,15.563,-0.07177,0.12939,1.00976,25.00
$BARO,52759.203,70060.25,25.28
$MAG,52759.241,0.076,-0.625,-0.870,23.4
$IMU,52759.274,13.061,-19.042,12.145,-0.00488,0.16552,0.96728,24.95
$BARO,52759.304,70052.26,25.28
$MAG,52759.341,0.061,-0.637,-0.876,23.4
$IMU,52759.349,13.977,-17.333,9.643,0.05371,0.27294,0.95898,24.95
$BARO,52759.406,70051.23,25.29
$IMU,52759.424,5.126,-15.563,3.417,0.10498,0.26904,0.95214,24.99
$MAG,52759.442,0.052,-0.640,-0.882,23.4
$IMU,52759.500,-0.549,-14.160,-1.098,0.12548,0.31152,0.98535,24.96
$BARO,52759.508,70061.64,25.30
$VBAT,52759.526,3.905
$MAG,52759.542,0.042,-0.630,-0.898,23.4
$IMU,52759.575,-2.380,-16.662,-7.934,0.14453,0.21826,0.96435,24.96
$BARO,52759.609,70062.64,25.30
$MAG,52759.643,0.033,-0.633,-0.903,23.2
$IMU,52759.650,4.577,-19.592,-13.854,0.14648,0.24658,0.96044,25.00
$BARO,52759.710,70058.04,25.30
$TIME,52759.715,440933.000,2364
$IMU,52759.725,6.652,-39.245,-23.986,0.08984,0.21240,0.99023,25.00
$MAG,52759.744,-0.007,-0.613,-0.928,23.4
$IMU,52759.800,20.141,-85.754,-52.917,0.28564,0.24902,0.87304,24.99
$BARO,52759.812,70056.40,25.31
$MAG,52759.844,-0.067,-0.616,-0.967,23.3
$IMU,52759.875,37.597,-107.788,-79.711,0.51367,0.46337,0.77441,24.99
$BARO,52759.913,70003.92,25.32
$MAG,52759.945,-0.118,-0.607,-0.984,23.4
$IMU,52759.950,34.973,-90.698,-76.049,0.65917,0.58740,0.72460,24.95
$BARO,52760.015,70059.57,25.33
$IMU,52760.025,20.751,-48.095,-51.147,0.57421,0.58251,0.65917,24.99
$MAG,52760.045,-0.109,-0.618,-0.972,23.4
$HUM,52760.088,11.9,25.8
$IMU,52760.100,13.488,-19.409,-36.682,0.49267,0.61962,0.66015,24.99
$BARO,52760.116,70062.15,25.33
$MAG,52760.146,-0.112,-0.615,-0.982,23.5
$IMU,52760.175,5.371,-10.192,-24.780,0.49414,0.64208,0.70263,25.00
$BARO,52760.218,70049.75,25.33
$MAG,52760.247,-0.111,-0.619,-0.978,23.4
$IMU,52760.250,3.479,-0.183,-16.845,0.41308,0.56298,0.69482,25.01
$BARO,52760.319,70061.96,25.34
$IMU,52760.325,11.535,1.586,-14.160,0.41601,0.64257,0.69335,25.02
$MAG,52760.347,-0.096,-0.624,-0.969,23.2
$IMU,52760.400,10.559,5.249,-14.343,0.36767,0.68994,0.71240,25.01
$BARO,52760.421,70053.55,25.34
$MAG,52760.448,-0.084,-0.612,-0.966,23.3
$IMU,52760.475,-4.516,7.263,-22.216,0.27587,0.64208,0.74218,24.97
$BARO,52760.522,70052.72,25.34
$VBAT,52760.541,3.924
$MAG,52760.549,-0.055,-0.592,-0.975,23.4
$IMU,52760.550,-12.817,11.352,-24.230,0.24267,0.59472,0.77685,25.00
$BARO,52760.624,70033.68,25.35
$IMU,52760.625,-10.437,15.441,-12.512,0.24023,0.57763,0.77294,25.00
$MAG,52760.649,-0.034,-0.585,-0.972,23.4
$IMU,52760.701,-4.760,22.216,1.037,0.24511,0.62939,0.78710,25.00
$TIME,52760.715,440934.000,2364
$BARO,52760.725,70010.85,25.36
$MAG,52760.750,-0.010,-0.589,-0.949,23.4
$IMU,52760.776,-5.920,39.245,16.235,0.31298,0.65820,0.74804,25.00
$BARO,52760.827,70114.34,25.37
$IMU,52760.851,-16.662,79.162,49.499,0.21972,0.59228,0.79589,25.03
$MAG,52760.850,0.046,-0.612,-0.907,23.4
$IMU,52760.926,-17.272,108.032,73.669,0.00781,0.52001,0.84912,25.00
$BARO,52760.928,70063.28,25.37
$MAG,52760.951,0.082,-0.651,-0.849,23.4
$IMU,52761.001,-8.911,96.252,75.988,-0.15283,0.43847,0.88183,25.02
$BARO,52761.030,70056.65,25.38
$MAG,52761.052,0.087,-0.697,-0.802,23.4
$IMU,52761.076,-4.272,68.176,60.791,-0.09765,0.45263,0.92041,25.02
$HUM,52761.102,18.7,25.9
$BARO,52761.131,70148.52,25.40
$IMU,52761.151,-0.427,55.236,47.302,-0.14599,0.51513,0.89355,25.02
$MAG,52761.152,0.090,-0.721,-0.762,23.4
$IMU,52761.226,2.929,43.579,35.034,-0.18408,0.52343,0.84082,25.02
$BARO,52761.233,70065.03,25.40
$MAG,52761.253,0.079,-0.747,-0.736,23.2
$IMU,52761.301,0.610,32.104,36.743,-0.04296,0.61865,0.81835,25.01
$BARO,52761.334,70057.01,25.40
$MAG,52761.354,0.060,-0.774,-0.705,23.4
$IMU,52761.376,-13.977,53.222,49.804,0.05761,0.59570,0.80566,25.00
$BARO,52761.436,70083.63,25.41
$IMU,52761.451,-26.062,92.163,73.791,-0.24316,0.53027,0.80078,25.05
$MAG,52761.454,0.028,-0.802,-0.661,23.0
$IMU,52761.526,-23.132,78.430,62.194,-0.35351,0.50292,0.91259,25.05
$BARO,52761.537,70056.01,25.40
$VBAT,52761.545,3.921
$MAG,52761.555,-0.003,-0.832,-0.658,23.3
$IMU,52761.601,-17.333,43.273,45.227,-0.21972,0.46972,0.89404,25.04
$BARO,52761.639,70055.23,25.39
$MAG,52761.656,-0.015,-0.835,-0.648,23.4
$IMU,52761.676,-11.962,28.320,29.724,-0.28515,0.47509,0.94970,25.05
$TIME,52761.715,440935.000,2364
$BARO,52761.740,70062.64,25.39
$IMU,52761.751,-2.868,6.652,-5.798,-0.36816,0.31884,0.93261,25.07
$MAG,52761.756,-0.004,-0.831,-0.652,23.4
$IMU,52761.826,23.010,-24.963,-34.790,-0.43652,0.42871,0.84130,25.06
$BARO,52761.842,70056.04,25.39
$MAG,52761.857,0.021,-0.826,-0.636,23.3
$IMU,52761.902,35.888,-47.790,-33.386,-0.42041,0.69091,0.70751,25.04
$BARO,52761.943,70060.64,25.39
$MAG,52761.958,0.006,-0.823,-0.676,23.4
$IMU,52761.977,8.056,-57.800,-0.854,-0.01513,0.63183,0.66601,25.01
$BARO,52762.045,70061.23,25.39
$IMU,52762.052,-23.010,-45.288,22.399,0.16015,0.52050,0.82714,25.06
$MAG,52762.058,-0.021,-0.820,-0.712,23.3
$HUM,52762.117,31.7,25.9
$IMU,52762.127,-29.174,-32.226,4.211,0.30273,0.47070,0.96630,25.03
$BARO,52762.146,70055.21,25.40
$MAG,52762.159,-0.019,-0.804,-0.744,23.4
$IMU,52762.202,-18.371,-16.296,-23.925,0.09765,0.41455,0.93310,25.04
$BARO,52762.248,70054.99,25.41
$MAG,52762.260,0.016,-0.766,-0.759,23.5
$IMU,52762.277,-8.483,-12.573,-55.419,-0.16748,0.41113,0.91259,25.03
$BARO,52762.349,70056.77,25.41
$IMU,52762.352,-4.577,-21.606,-50.598,-0.06201,0.39257,0.97705,25.08
$MAG,52762.360,0.037,-0.753,-0.760,23.4
$IMU,52762.427,8.666,-10.742,-24.047,-0.09130,0.42138,0.93164,25.03
$BARO,52762.451,70062.57,25.43
$MAG,52762.461,0.057,-0.745,-0.760,23.4
$IMU,52762.502,12.817,-6.225,-18.188,-0.17529,0.49707,0.87548,25.03
$BARO,52762.552,70059.55,25.44
$VBAT,52762.560,3.926
$MAG,52762.562,0.061,-0.732,-0.775,23.4
$IMU,52762.577,5.737,-17.211,-19.592,-0.12792,0.46582,0.88671,25.02
$IMU,52762.652,2.685,-22.277,-10.375,-0.02734,0.46875,0.88623,25.07
$BARO,52762.654,70130.60,25.44
$MAG,52762.662,0.052,-0.738,-0.784,23.4
$TIME,52762.715,440936.000,2364
$IMU,52762.727,-2.441,-19.409,-1.403,0.07177,0.47705,0.88232,25.08
$BARO,52762.755,70111.17,25.45
$MAG,52762.763,0.043,-0.721,-0.799,23.5
$IMU,52762.802,-11.535,-13.305,-2.990,0.03076,0.43750,0.89794,25.08
$BARO,52762.857,70069.71,25.46
$MAG,52762.864,0.039,-0.721,-0.816,23.4
$IMU,52762.877,-14.282,-13.366,-10.070,0.03271,0.42236,0.92138,25.07
$IMU,52762.952,-14.648,-10.070,-10.864,0.05029,0.43798,0.94433,25.06
$BARO,52762.958,70047.29,25.45
$MAG,52762.964,0.042,-0.697,-0.835,23.4
$IMU,52763.027,-13.793,-4.699,-6.958,0.04785,0.41503,0.93701,25.07
$BARO,52763.060,70028.83,25.46
$MAG,52763.065,0.045,-0.694,-0.844,23.4
$IMU,52763.103,-13.000,-4.211,-2.929,0.05908,0.40869,0.91064,25.05
$HUM,52763.132,17.5,25.9
$BARO,52763.161,70051.48,25.46
$MAG,52763.166,0.048,-0.681,-0.855,23.4
$IMU,52763.178,-13.488,-3.479,-5.554,0.05859,0.44287,0.87158,25.02
$IMU,52763.253,-23.986,-2.746,-12.145,0.00537,0.41992,0.87451,25.10
$BARO,52763.263,70067.47,25.47
$MAG,52763.266,0.049,-0.646,-0.874,23.4
$IMU,52763.328,-27.832,-6.225,-10.498,0.04150,0.39990,0.88085,25.06
$BARO,52763.364,70054.67,25.46
$MAG,52763.367,0.048,-0.630,-0.897,23.5
$IMU,52763.403,-35.278,-4.333,-2.807,0.12304,0.18505,0.92285,25.07
$BARO,52763.466,70057.67,25.46
$MAG,52763.467,0.054,-0.618,-0.897,23.3
$IMU,52763.478,-18.798,1.525,2.380,0.03125,0.32177,0.78613,25.11
$IMU,52763.553,-30.273,-2.319,-2.441,0.07568,0.26855,0.90966,25.13
$VBAT,52763.564,3.910
$BARO,52763.567,70055.48,25.46
$MAG,52763.568,0.042,-0.591,-0.919,23.4
$IMU,52763.628,-49.194,3.967,-3.173,0.01855,0.02441,1.06884,25.10
$BARO,52763.669,70052.45,25.46
$MAG,52763.669,0.061,-0.549,-0.933,23.4
$IMU,52763.703,-51.269,5.310,1.770,-0.01123,-0.13818,1.14648,25.05
$TIME,52763.715,440937.000,2364
$MAG,52763.769,0.052,-0.507,-0.940,23.4
$BARO,52763.770,70064.30,25.45
$IMU,52763.778,-49.194,1.403,7.141,0.05810,-0.33496,1.18750,25.11
$IMU,52763.853,-32.592,1.953,8.056,0.05859,-0.31396,1.15576,25.05
$MAG,52763.870,0.054,-0.501,-0.954,23.4
$BARO,52763.872,70056.11,25.45
$IMU,52763.928,-14.282,3.662,3.173,0.02880,-0.25488,1.09521,25.13
$MAG,52763.971,0.060,-0.493,-0.948,23.4
$BARO,52763.973,70063.89,25.45
$IMU,52764.003,-1.098,3.234,5.004,-0.00244,-0.18310,1.02734,25.10
$MAG,52764.071,0.060,-0.511,-0.943,23.3
$BARO,52764.075,70049.50,25.45
$IMU,52764.078,8.728,0.488,6.164,-0.02050,-0.07714,0.97119,25.10
$HUM,52764.147,31.5,25.9
$IMU,52764.153,6.042,-2.868,5.920,0.04345,-0.05908,0.96923,25.12
$MAG,52764.172,0.061,-0.516,-0.949,23.4
$BARO,52764.176,70061.52,25.45
$IMU,52764.228,1.159,1.647,6.225,0.04492,-0.08984,0.97900,25.08
$MAG,52764.273,0.048,-0.520,-0.939,23.4
$BARO,52764.278,70061.11,25.45
$IMU,52764.304,-0.610,3.540,5.737,0.01269,-0.08740,0.99804,25.11
$MAG,52764.373,0.054,-0.519,-0.949,23.4
$BARO,52764.379,70058.72,25.44
$IMU,52764.379,-2.868,1.403,4.943,0.00000,-0.08105,0.98437,25.08
$IMU,52764.454,-2.929,-0.549,2.624,0.01416,-0.07617,0.98486,25.13
$MAG,52764.474,0.052,-0.514,-0.948,23.4
$BARO,52764.481,70051.28,25.45
$IMU,52764.529,-5.249,1.586,0.610,-0.00732,-0.10791,0.99121,25.12
$MAG,52764.575,0.055,-0.511,-0.951,23.4
$VBAT,52764.580,3.916
$BARO,52764.582,70060.50,25.45
$IMU,52764.604,-7.202,0.915,2.868,-0.04003,-0.13134,1.00732,25.14
$MAG,52764.675,0.052,-0.519,-0.949,23.4
$IMU,52764.679,-6.347,-3.417,5.187,0.00195,-0.14599,1.01757,25.11
$BARO,52764.684,70063.11,25.45
$TIME,52764.715,440938.000,2364
$IMU,52764.754,-5.981,-3.723,3.112,0.00146,-0.17529,1.02539,25.15
$MAG,52764.776,0.051,-0.511,-0.957,23.5
$BARO,52764.785,70054.31,25.45
$IMU,52764.829,-1.464,-4.211,-0.183,0.00830,-0.14404,1.00146,25.11
$MAG,52764.877,0.046,-0.508,-0.958,23.5
$BARO,52764.887,70053.28,25.46
$IMU,52764.904,-2.990,-5.981,-1.647,0.01611,-0.16113,1.00048,25.13
$MAG,52764.977,0.040,-0.507,-0.963,23.4
$IMU,52764.979,-4.455,-9.277,-6.896,0.02832,-0.17724,1.00244,25.12
$BARO,52764.988,70059.69,25.46
$IMU,52765.054,-2.624,-9.399,-6.164,0.08007,-0.17871,1.01513,25.10
$MAG,52765.078,0.025,-0.498,-0.972,23.4
$BARO,52765.090,70063.11,25.45
$IMU,52765.129,-1.342,-2.319,-0.122,0.07568,-0.19531,1.01171,25.14
$HUM,52765.161,31.7,26.0
$MAG,52765.179,0.036,-0.498,-0.969,23.5
$BARO,52765.191,70051.48,25.46
$IMU,52765.204,3.356,0.061,3.784,0.08837,-0.16748,1.00976,25.14
$MAG,52765.279,0.039,-0.508,-0.955,23.4
$IMU,52765.279,5.371,1.525,0.976,0.07763,-0.16259,1.01025,25.13
$BARO,52765.293,70057.06,25.47
$IMU,52765.354,7.019,2.502,-1.342,0.04833,-0.14257,0.99462,25.12
$MAG,52765.380,0.034,-0.505,-0.957,23.5
$BARO,52765.394,70057.45,25.47
$IMU,52765.429,6.408,0.122,-5.004,0.05078,-0.12353,0.98193,25.16
$MAG,52765.481,0.031,-0.519,-0.957,23.4
$BARO,52765.496,70060.67,25.46
$IMU,52765.505,5.432,-0.061,-4.333,0.06103,-0.10546,1.00146,25.15
$IMU,52765.580,4.089,-1.708,-6.652,0.01708,-0.18310,1.05224,25.11
$MAG,52765.581,0.039,-0.513,-0.961,23.4
$VBAT,52765.583,3.924
$BARO,52765.597,70057.26,25.47
$IMU,52765.655,16.113,-12.451,-18.981,0.12109,-0.13525,1.04492,25.14
$MAG,52765.682,0.031,-0.520,-0.970,23.4
$BARO,52765.699,70057.26,25.47
$TIME,52765.715,440939.000,2364
$IMU,52765.730,21.545,-13.000,-24.230,0.01806,-0.12060,1.05468,25.16
$MAG,52765.782,0.003,-0.520,-0.978,23.5
$BARO,52765.800,70054.84,25.47
$IMU,52765.805,33.569,-39.489,-41.259,-0.01953,-0.05615,1.01318,25.15
$IMU,52765.880,48.889,-93.627,-82.946,0.19238,0.09326,0.90380,25.15
$MAG,52765.883,-0.066,-0.537,-1.009,23.5
$BARO,52765.902,70057.84,25.48
$IMU,52765.955,52.307,-111.511,-109.130,0.58203,0.27050,0.85839,25.14
$MAG,52765.984,-0.126,-0.535,-1.012,23.5
$BARO,52766.003,70056.65,25.48
$IMU,52766.030,38.940,-64.086,-91.003,0.60791,0.33837,0.80566,25.14
$MAG,52766.084,-0.121,-0.553,-1.021,23.5
$BARO,52766.105,70064.03,25.49
$IMU,52766.105,25.146,-17.639,-47.790,0.43359,0.40625,0.76708,25.13
$HUM,52766.176,30.4,26.0
$IMU,52766.180,14.465,-5.798,-25.146,0.43310,0.45361,0.79052,25.16
$MAG,52766.185,-0.126,-0.556,-1.014,23.4
$BARO,52766.206,70061.23,25.49
$IMU,52766.255,15.319,-1.403,-15.625,0.40429,0.50634,0.76416,25.17
$MAG,52766.286,-0.120,-0.574,-1.008,23.4
$BARO,52766.308,70064.20,25.50
$IMU,52766.330,13.000,0.976,-13.916,0.44091,0.54003,0.75976,25.19
$MAG,52766.386,-0.112,-0.568,-0.999,23.5
$IMU,52766.405,9.399,8.789,-6.835,0.43652,0.50732,0.75781,25.16
$BARO,52766.409,70059.21,25.50
$IMU,52766.480,10.070,15.686,-0.061,0.42724,0.54492,0.75781,25.17
$MAG,52766.487,-0.100,-0.583,-0.994,23.4
$BARO,52766.511,70060.59,25.50
$IMU,52766.555,9.338,18.920,-3.479,0.39794,0.56103,0.78173,25.17
$MAG,52766.587,-0.081,-0.591,-0.979,23.5
$VBAT,52766.599,3.918
$BARO,52766.612,70014.31,25.52
$IMU,52766.630,7.019,21.179,-1.708,0.35839,0.52294,0.77343,25.18
$MAG,52766.688,-0.048,-0.597,-0.969,23.5
$IMU,52766.706,7.751,29.357,4.211,0.37060,0.57177,0.79248,25.19
$BARO,52766.714,70040.90,25.53
$TIME,52766.715,440940.000,2364
$IMU,52766.781,1.708,54.809,25.146,0.36425,0.57275,0.79785,25.19
$MAG,52766.789,-0.003,-0.609,-0.937,23.4
$BARO,52766.815,70085.14,25.54
$IMU,52766.856,-1.281,82.275,45.227,0.18847,0.54687,0.82177,25.21
$MAG,52766.889,0.036,-0.648,-0.894,23.5
$BARO,52766.916,70046.90,25.55
$IMU,52766.931,2.197,77.453,50.781,0.16552,0.54736,0.82470,25.21
$MAG,52766.990,0.042,-0.681,-0.859,23.5
$IMU,52767.006,4.577,60.546,57.617,0.29199,0.52343,0.84326,25.19
$BARO,52767.018,69992.17,25.56
$IMU,52767.081,6.469,61.035,51.025,0.26611,0.52539,0.84082,25.20
$MAG,52767.091,0.057,-0.709,-0.808,23.4
$BARO,52767.119,70073.07,25.57
$IMU,52767.156,7.080,67.565,27.893,-0.06054,0.54101,0.85791,25.25
$HUM,52767.191,29.7,26.1
$MAG,52767.191,0.087,-0.724,-0.768,23.5
$BARO,52767.221,70118.12,25.58
$IMU,52767.231,6.530,49.377,6.469,-0.10742,0.49609,0.80761,25.21
$MAG,52767.292,0.094,-0.735,-0.739,23.5
$IMU,52767.306,7.141,40.222,14.770,-0.15136,0.57080,0.79687,25.24
$BARO,52767.322,70051.62,25.58
$IMU,52767.381,-1.892,47.790,27.465,-0.23291,0.60546,0.80273,25.21
$MAG,52767.393,0.088,-0.754,-0.700,23.5
$BARO,52767.424,70039.58,25.59
$IMU,52767.456,-6.530,46.691,28.686,-0.35498,0.57519,0.78076,25.24
$MAG,52767.493,0.081,-0.775,-0.678,23.5
$BARO,52767.525,70063.01,25.59
$IMU,52767.531,-4.699,26.611,21.301,-0.41943,0.59570,0.79541,25.25
$MAG,52767.594,0.072,-0.777,-0.685,23.5
$VBAT,52767.601,3.929
$IMU,52767.606,-6.530,10.131,15.258,-0.33544,0.53027,0.79492,25.23
$BARO,52767.627,70069.03,25.58
$IMU,52767.681,-2.319,1.098,12.207,-0.31933,0.53076,0.80468,25.21
$MAG,52767.695,0.058,-0.787,-0.685,23.5
$TIME,52767.715,440941.000,2364
$BARO,52767.728,70044.19,25.59
$IMU,52767.756,-0.061,-11.291,6.347,-0.29003,0.52636,0.77148,25.21
$MAG,52767.795,0.054,-0.789,-0.694,23.4
$BARO,52767.830,70061.81,25.58
$IMU,52767.831,-3.601,-24.475,3.540,-0.09326,0.66308,0.79541,25.21
$MAG,52767.896,0.046,-0.769,-0.730,23.5
$IMU,52767.907,-19.653,-25.268,-9.094,-0.11816,0.58398,0.82763,25.23
$BARO,52767.931,70056.79,25.59
$IMU,52767.982,-28.381,-34.484,-19.592,-0.00732,0.57373,0.77539,25.24
$MAG,52767.997,0.051,-0.742,-0.784,23.5
$BARO,52768.033,70054.18,25.60
$IMU,52768.057,-44.860,-37.841,-30.334,0.09619,0.51904,0.75537,25.25
$MAG,52768.097,0.043,-0.681,-0.847,23.5
$IMU,52768.132,-61.401,-37.231,-37.475,0.15185,0.44335,0.83544,25.24
$BARO,52768.134,70054.38,25.60
$MAG,52768.198,0.048,-0.615,-0.903,23.4
$HUM,52768.206,31.7,26.1
$IMU,52768.207,-75.927,-31.127,-29.418,0.21972,0.26611,0.88378,25.24
$BARO,52768.236,70061.79,25.59
$IMU,52768.282,-83.129,-18.371,-20.874,0.19970,0.08740,0.89306,25.24
$MAG,52768.299,0.040,-0.544,-0.943,23.8
$BARO,52768.337,70058.79,25.59
$IMU,52768.357,-85.266,-10.864,-16.174,0.22021,-0.01464,0.85400,25.22
$MAG,52768.399,0.034,-0.457,-0.969,23.5
$IMU,52768.432,-91.125,-2.868,-3.051,0.28320,-0.15429,0.82421,25.23
$BARO,52768.439,70061.01,25.59
$MAG,52768.500,0.048,-0.385,-0.981,23.5
$IMU,52768.507,-97.839,9.399,-0.305,0.22216,-0.37158,0.81298,25.22
$BARO,52768.540,70055.21,25.59
$IMU,52768.582,-93.994,15.869,-7.995,0.21240,-0.50439,0.86376,25.23
$MAG,52768.601,0.070,-0.295,-0.955,23.5
$VBAT,52768.617,3.911
$BARO,52768.642,70059.01,25.58
$IMU,52768.657,-85.266,26.611,-15.930,0.10107,-0.58691,0.80175,25.21
$MAG,52768.701,0.085,-0.222,-0.924,23.5
$TIME,52768.715,440941.000,2364
$IMU,52768.732,-80.200,30.883,-21.362,-0.01171,-0.76025,0.73974,25.22
$BARO,52768.743,70053.82,25.58
$MAG,52768.802,0.087,-0.169,-0.880,23.5
$IMU,52768.807,-68.420,24.536,-22.521,-0.08740,-1.00097,0.78662,25.24
$BARO,52768.845,70062.03,25.58
$IMU,52768.882,-42.419,12.634,-17.150,-0.10693,-1.11474,0.82177,25.29
$MAG,52768.903,0.093,-0.148,-0.864,23.5
$BARO,52768.946,70067.44,25.58
$IMU,52768.957,-11.779,13.122,-4.455,0.06201,-0.96435,0.72802,25.26
$MAG,52769.003,0.115,-0.139,-0.852,23.5
$IMU,52769.032,0.549,23.010,-2.563,-0.10742,-0.87646,0.68652,25.25
$BARO,52769.048,70059.23,25.58
$MAG,52769.104,0.112,-0.142,-0.859,23.5
$IMU,52769.108,4.211,12.145,-9.765,-0.16113,-0.84130,0.67431,25.27
$BARO,52769.149,70060.42,25.58
$IMU,52769.183,7.873,-2.380,-3.051,0.03173,-0.78955,0.62890,25.25
$MAG,52769.205,0.102,-0.142,-0.853,23.5
$HUM,52769.221,32.7,26.1
$BARO,52769.251,70068.64,25.58
$IMU,52769.258,7.995,0.122,-1.647,-0.03027,-0.81738,0.68701,25.30
$MAG,52769.305,0.115,-0.163,-0.864,23.4
$IMU,52769.333,14.404,5.004,3.234,-0.05566,-0.79882,0.68408,25.26
$BARO,52769.352,70068.64,25.58
$MAG,52769.406,0.108,-0.171,-0.868,23.5
$IMU,52769.408,17.395,-1.525,0.061,-0.01123,-0.71191,0.67187,25.22
$BARO,52769.454,70063.03,25.58
$IMU,52769.483,13.610,-2.868,-3.601,-0.02148,-0.70800,0.67675,25.26
$MAG,52769.507,0.102,-0.165,-0.877,23.5
$BARO,52769.555,70071.64,25.58
$IMU,52769.558,8.605,-6.347,-10.559,-0.01220,-0.64257,0.69726,25.23
$MAG,52769.607,0.108,-0.168,-0.877,23.5
$VBAT,52769.619,3.926
$IMU,52769.633,0.122,-2.014,-1.525,0.00097,-0.65429,0.71240,25.29
$BARO,52769.657,70059.42,25.58
$MAG,52769.708,0.103,-0.160,-0.874,23.5
$IMU,52769.708,-1.892,0.244,0.366,0.04150,-0.68115,0.72021,25.28
$TIME,52769.715,440943.000,2364
$BARO,52769.758,70069.44,25.58
$IMU,52769.783,-2.746,5.249,0.854,-0.05419,-0.71826,0.73779,25.26
$MAG,52769.809,0.105,-0.163,-0.877,23.5
$IMU,52769.858,4.516,0.610,2.929,0.01416,-0.69677,0.73144,25.29
$BARO,52769.860,70064.84,25.58
$MAG,52769.909,0.099,-0.160,-0.876,23.5
$IMU,52769.933,2.441,-1.708,-2.380,0.02050,-0.68994,0.72265,25.31
$BARO,52769.961,70062.40,25.59
$IMU,52770.008,0.976,2.136,1.647,-0.03515,-0.70849,0.74414,25.31
$MAG,52770.010,0.105,-0.172,-0.865,23.5
$BARO,52770.063,70061.20,25.59
$IMU,52770.083,-0.305,-2.014,1.159,0.01855,-0.69824,0.73535,25.27
$MAG,52770.111,0.102,-0.172,-0.886,23.5
$IMU,52770.158,1.525,0.671,4.211,-0.01708,-0.69824,0.75000,25.30
$BARO,52770.164,70065.59,25.60
$MAG,52770.211,0.103,-0.174,-0.883,23.4
$IMU,52770.233,2.685,-1.525,-0.305,-0.00195,-0.66406,0.73339,25.30
$HUM,52770.236,32.6,26.1
$BARO,52770.266,70061.40,25.59
$IMU,52770.309,3.479,-3.173,-0.915,-0.01513,-0.69335,0.75781,25.26
$MAG,52770.312,0.099,-0.177,-0.891,23.5
$BARO,52770.367,70057.38,25.60
$IMU,52770.384,6.835,-4.028,-0.183,-0.01220,-0.67822,0.76318,25.30
$MAG,52770.413,0.097,-0.180,-0.892,23.7
$IMU,52770.459,8.422,-9.033,-5.187,-0.02978,-0.71093,0.73242,25.27
$BARO,52770.469,70059.60,25.60
$MAG,52770.513,0.096,-0.192,-0.901,23.5
$IMU,52770.534,16.845,-6.835,-0.915,-0.02636,-0.81640,0.81250,25.35
$BARO,52770.570,70055.18,25.60
$IMU,52770.609,29.602,-8.422,10.620,-0.00292,-0.79101,0.87500,25.28
$MAG,52770.614,0.084,-0.223,-0.925,23.7
$VBAT,52770.635,3.911
$BARO,52770.672,70065.18,25.60
$IMU,52770.684,36.926,-7.995,17.761,0.01269,-0.70166,0.90576,25.29
$MAG,52770.715,0.088,-0.271,-0.937,23.7
$TIME,52770.715,440944.000,2364
$IMU,52770.759,47.424,-7.019,18.554,-0.00292,-0.63330,0.91943,25.30
$BARO,52770.773,70063.18,25.61
$MAG,52770.815,0.093,-0.324,-0.955,23.7
$IMU,52770.834,52.246,-9.094,15.991,-0.01269,-0.63574,0.97460,25.33
$BARO,52770.875,70061.37,25.61
$IMU,52770.909,63.598,-8.972,14.709,0.00146,-0.55029,0.97998,25.34
$MAG,52770.916,0.078,-0.385,-0.955,23.5
$BARO,52770.976,70058.55,25.61
$IMU,52770.984,80.200,-7.385,18.859,0.03222,-0.38378,0.96240,25.34
$MAG,52771.017,0.069,-0.471,-0.945,23.7
$IMU,52771.059,86.364,-3.479,22.277,0.07226,-0.19970,0.93017,25.31
$BARO,52771.078,70054.94,25.62
$MAG,52771.117,0.066,-0.555,-0.918,23.8
$IMU,52771.134,87.402,0.305,27.709,0.09375,-0.00732,0.88574,25.30
$BARO,52771.179,70054.33,25.62
$IMU,52771.209,81.848,0.671,26.855,0.17138,0.15136,0.88085,25.34
$MAG,52771.218,0.054,-0.628,-0.891,23.7
$HUM,52771.250,31.3,26.2
$BARO,52771.281,70057.33,25.63
$IMU,52771.284,79.895,4.394,20.141,0.16503,0.32421,0.84960,25.35
$MAG,52771.319,0.045,-0.684,-0.832,23.7
$IMU,52771.359,70.373,4.882,13.061,0.14794,0.41650,0.83789,25.36
$BARO,52771.382,70071.12,25.63
$MAG,52771.419,0.037,-0.714,-0.807,23.5
$IMU,52771.434,58.166,0.549,3.906,0.11914,0.43261,0.80566,25.32
$BARO,52771.484,70104.74,25.66
$IMU,52771.510,52.246,-0.427,-2.624,0.14794,0.57519,0.75000,25.32
$MAG,52771.520,0.057,-0.742,-0.766,23.5
$BARO,52771.585,70144.18,25.66
$IMU,52771.585,40.710,1.953,0.610,0.12109,0.64648,0.72949,25.30
$MAG,52771.621,0.051,-0.763,-0.750,23.7
$VBAT,52771.637,3.919
$IMU,52771.660,31.921,1.647,-0.732,-0.00830,0.65869,0.65917,25.34
$BARO,52771.687,70098.69,25.67
$TIME,52771.715,440945.000,2364
$MAG,52771.721,0.051,-0.768,-0.724,23.5
$IMU,52771.735,24.291,-2.807,-3.234,-0.05078,0.74414,0.68505,25.37
$BARO,52771.788,70082.26,25.67
$IMU,52771.810,8.300,-2.807,-0.488,-0.08398,0.75195,0.74316,25.41
$MAG,52771.822,0.058,-0.774,-0.724,23.8
$IMU,52771.885,-4.455,-1.342,-3.417,-0.08935,0.68310,0.77880,25.35
$BARO,52771.890,70119.31,25.68
$MAG,52771.923,0.054,-0.771,-0.738,23.5
$IMU,52771.960,-12.268,-3.845,-3.845,-0.05712,0.47656,0.75927,25.33
$BARO,52771.991,70135.11,25.69
$MAG,52772.023,0.061,-0.756,-0.744,23.8
$IMU,52772.035,-1.586,-4.699,-4.455,0.01660,0.65136,0.81591,25.36
$BARO,52772.093,70131.72,25.69
$IMU,52772.110,-2.868,1.831,-0.915,0.05712,0.69580,0.81445,25.39
$MAG,52772.124,0.057,-0.768,-0.741,23.7
$IMU,52772.185,-7.202,7.812,-4.638,-0.01025,0.66601,0.80078,25.38
$BARO,52772.194,70134.89,25.70
$MAG,52772.225,0.078,-0.756,-0.747,23.5
$IMU,52772.260,-15.380,8.544,-6.347,-0.13769,0.58642,0.83251,25.33
$HUM,52772.265,30.6,26.2
$BARO,52772.296,70142.30,25.70
$MAG,52772.325,0.064,-0.745,-0.747,23.5
$IMU,52772.335,-15.136,3.479,-1.281,-0.09472,0.55029,0.79785,25.37
$BARO,52772.397,70132.67,25.71
$IMU,52772.410,-14.892,-3.601,13.854,0.03173,0.63818,0.82470,25.36
$MAG,52772.426,0.048,-0.742,-0.768,23.5
$IMU,52772.485,-31.677,-5.187,9.887,0.09863,0.51708,0.85205,25.33
$BARO,52772.499,70094.60,25.71
$MAG,52772.527,0.070,-0.714,-0.799,23.8
$IMU,52772.560,-38.757,3.295,-18.432,-0.07617,0.47509,0.85791,25.38
$BARO,52772.600,70046.70,25.71
$MAG,52772.627,0.081,-0.673,-0.834,23.7
$IMU,52772.635,-41.503,-3.845,-23.071,-0.13867,0.37890,0.94921,25.40
$VBAT,52772.637,3.910
$BARO,52772.702,70058.72,25.72
$IMU,52772.711,-33.569,-9.460,-7.812,-0.02929,0.28564,0.97167,25.39
$TIME,52772.715,440946.000,2364
$MAG,52772.728,0.069,-0.663,-0.852,23.7
$IMU,52772.786,-20.751,-8.117,9.033,0.04833,0.36572,0.96875,25.41
$BARO,52772.803,70048.50,25.72
$MAG,52772.829,0.061,-0.655,-0.868,23.5
$IMU,52772.861,-19.348,-6.408,15.502,0.12402,0.28173,0.99755,25.40
$BARO,52772.905,70049.11,25.72
$MAG,52772.930,0.055,-0.654,-0.868,23.4
$IMU,52772.936,-14.221,3.845,3.601,0.03613,0.20947,1.00439,25.41
$BARO,52773.006,70051.72,25.72
$IMU,52773.011,-8.544,2.685,-7.263,-0.01904,0.24316,1.01855,25.39
$MAG,52773.030,0.063,-0.639,-0.876,23.5
$IMU,52773.086,-5.920,-5.126,-3.784,0.03417,0.23046,1.02392,25.42
$BARO,52773.107,70061.52,25.73
$MAG,52773.131,0.054,-0.652,-0.876,23.7
$IMU,52773.161,-0.305,-4.516,4.333,0.07421,0.30419,0.96337,25.40
$BARO,52773.209,70058.52,25.72
$MAG,52773.232,0.040,-0.640,-0.877,23.7
$IMU,52773.236,-8.544,-1.953,9.765,0.11279,0.28320,0.94824,25.39
$HUM,52773.280,31.5,26.2
$BARO,52773.310,70055.70,25.73
$IMU,52773.311,-14.831,1.525,7.019,0.01367,0.27392,0.94189,25.41
$MAG,52773.332,0.048,-0.633,-0.891,23.5
$IMU,52773.386,-15.625,-2.136,-0.549,0.08886,0.22021,0.98486,25.43
$BARO,52773.412,70057.11,25.72
$MAG,52773.433,0.046,-0.621,-0.900,23.7
$IMU,52773.461,-15.991,3.845,0.305,0.00048,0.13232,1.02099,25.39
$BARO,52773.513,70056.89,25.73
$MAG,52773.534,0.043,-0.624,-0.897,23.7
$IMU,52773.536,-9.582,0.061,0.183,0.01611,0.17871,0.95507,25.42
$IMU,52773.611,-14.892,-4.211,5.920,0.05859,0.17041,0.97167,25.39
$BARO,52773.615,70058.89,25.73
$MAG,52773.634,0.046,-0.609,-0.918,23.8
$VBAT,52773.638,3.924
$IMU,52773.686,-14.709,-1.892,5.310,0.07275,0.27246,0.96386,25.45
$TIME,52773.715,440947.000,2364
$BARO,52773.716,70054.89,25.73
$MAG,52773.735,0.045,-0.603,-0.922,23.8
$IMU,52773.761,-17.639,1.770,5.187,0.05419,0.20361,0.91943,25.44
$BARO,52773.818,70058.50,25.73
$MAG,52773.836,0.040,-0.579,-0.930,23.8
$IMU,52773.836,-23.193,1.220,4.028,0.01464,0.13964,0.95556,25.44
$IMU,52773.912,-36.987,-2.319,1.525,0.05957,-0.08740,1.02978,25.41
$BARO,52773.919,70054.67,25.74
$MAG,52773.937,0.042,-0.555,-0.946,23.8
$IMU,52773.987,-35.583,0.183,5.065,0.08740,-0.16503,1.07470,25.44
$BARO,52774.021,70061.11,25.73
$MAG,52774.037,0.042,-0.534,-0.945,23.5
$IMU,52774.062,-23.620,1.098,-3.967,0.03564,-0.17089,1.06982,25.41
$BARO,52774.122,70053.09,25.73
$IMU,52774.137,-17.211,-1.037,-11.596,0.04296,-0.19824,1.05810,25.41
$MAG,52774.138,0.040,-0.516,-0.955,23.8
$IMU,52774.212,-10.864,-1.586,-11.352,0.05810,-0.20507,1.04785,25.42
$BARO,52774.224,70061.50,25.73
$MAG,52774.238,0.051,-0.495,-0.966,23.8
$IMU,52774.287,-5.920,-0.854,-12.878,0.01416,-0.16992,1.03662,25.44
$HUM,52774.294,31.7,26.2
$BARO,52774.325,70060.69,25.73
$MAG,52774.339,0.043,-0.489,-0.966,23.5
$IMU,52774.362,-1.098,-2.563,-12.573,0.04980,-0.09326,0.99511,25.45
$BARO,52774.427,70063.50,25.74
$IMU,52774.437,-0.610,-1.770,-3.906,0.05224,-0.02539,0.96630,25.43
$MAG,52774.440,0.043,-0.492,-0.966,23.7
$IMU,52774.512,-2.685,-0.244,-1.281,0.01855,0.02343,0.97900,25.49
$BARO,52774.528,70051.87,25.74
$MAG,52774.541,0.052,-0.478,-0.966,23.7
$IMU,52774.587,-7.385,0.671,7.202,0.04589,-0.05175,0.98974,25.46
$BARO,52774.630,70055.87,25.74
$VBAT,52774.638,3.919
$MAG,52774.641,0.042,-0.483,-0.963,23.8
$IMU,52774.662,-8.117,0.000,10.192,0.07812,-0.09228,1.00097,25.45
$TIME,52774.715,440947.000,2364
$BARO,52774.731,70060.89,25.74
$IMU,52774.737,-12.390,-0.061,4.211,0.09960,-0.21093,1.02343,25.42
$MAG,52774.742,0.040,-0.478,-0.967,23.7
$IMU,52774.812,-11.108,4.516,0.122,0.05810,-0.32128,1.02392,25.50
$BARO,52774.833,70052.65,25.75
$MAG,52774.843,0.051,-0.481,-0.970,23.7
$IMU,52774.887,-7.568,3.662,-0.305,0.06250,-0.31396,1.03857,25.46
$BARO,52774.934,70052.45,25.75
$MAG,52774.943,0.055,-0.468,-0.967,23.8
$IMU,52774.962,-0.366,4.089,-3.112,0.01562,-0.25683,1.03710,25.47
$BARO,52775.036,70060.06,25.75
$IMU,52775.037,4.394,1.464,-1.525,0.02587,-0.23974,1.03076,25.46
$MAG,52775.044,0.049,-0.480,-0.966,23.5
$IMU,52775.113,12.756,1.831,2.624,0.02050,-0.12158,0.96142,25.49
$BARO,52775.137,70050.65,25.75
$MAG,52775.145,0.052,-0.483,-0.955,23.5
$IMU,52775.188,10.375,-0.244,3.662,0.04296,-0.08105,0.95361,25.50
$BARO,52775.239,70059.23,25.75
$MAG,52775.245,0.052,-0.502,-0.961,23.8
$IMU,52775.263,1.953,0.305,3.417,0.04345,-0.12841,0.99316,25.51
$HUM,52775.309,31.9,26.3
$IMU,52775.338,0.915,0.854,3.295,0.04150,-0.15771,1.00537,25.48
$BARO,52775.340,70061.25,25.76
$MAG,52775.346,0.057,-0.498,-0.961,23.5
$IMU,52775.413,3.295,-0.244,0.976,0.02832,-0.15087,1.02343,25.45
$BARO,52775.442,70059.03,25.76
$MAG,52775.447,0.051,-0.496,-0.957,23.8
$IMU,52775.488,5.004,-1.708,-0.915,0.05664,-0.18408,1.06347,25.47
$BARO,52775.543,70057.82,25.76
$MAG,52775.547,0.057,-0.513,-0.952,23.5
$IMU,52775.563,15.747,1.525,-2.075,0.04541,-0.30175,1.15722,25.47
$IMU,52775.638,45.715,5.554,-2.197,0.02587,-0.22851,1.08642,25.46
$VBAT,52775.638,3.914
$BARO,52775.645,70058.43,25.76
$MAG,52775.648,0.051,-0.564,-0.934,23.8
$IMU,52775.713,67.810,6.530,3.479,0.01953,-0.00976,0.98828,25.44
$TIME,52775.715,440949.000,2364
$BARO,52775.746,70065.03,25.76
$MAG,52775.749,0.054,-0.616,-0.898,23.8
$IMU,52775.788,65.979,7.385,4.150,-0.00976,0.14208,0.95800,25.51
$BARO,52775.848,70059.60,25.78
$MAG,52775.849,0.058,-0.660,-0.861,23.8
$IMU,52775.863,59.936,5.187,5.310,-0.01562,0.23632,0.94287,25.50
$IMU,52775.938,58.593,-0.610,1.403,-0.00781,0.34326,0.89794,25.53
$BARO,52775.949,70048.36,25.78
$MAG,52775.950,0.057,-0.688,-0.823,23.8
$IMU,52776.013,53.405,-0.549,-1.220,-0.00878,0.41748,0.88232,25.52
$BARO,52776.051,70091.21,25.79
$MAG,52776.051,0.061,-0.720,-0.798,23.7
$IMU,52776.088,46.325,-0.732,-1.647,-0.00488,0.50683,0.86767,25.50
$MAG,52776.151,0.064,-0.726,-0.777,23.7
$BARO,52776.152,70114.05,25.80
$IMU,52776.163,36.132,-3.234,-2.929,0.01074,0.52392,0.85253,25.51
$IMU,52776.238,29.418,-1.647,-2.075,0.07080,0.57031,0.83642,25.49
$MAG,52776.252,0.060,-0.738,-0.753,23.8
$BARO,52776.254,70122.43,25.81
$IMU,52776.314,21.606,6.042,1.831,0.07812,0.59570,0.80957,25.52
$HUM,52776.324,30.7,26.3
$MAG,52776.353,0.066,-0.759,-0.735,23.7
$BARO,52776.355,70114.83,25.81
$IMU,52776.389,16.540,12.634,6.042,0.01513,0.62792,0.79345,25.53
$MAG,52776.453,0.073,-0.759,-0.720,23.8
$BARO,52776.457,70061.08,25.82
$IMU,52776.464,10.131,10.498,1.464,-0.02832,0.62646,0.81542,25.52
$IMU,52776.539,8.117,9.704,-1.098,-0.14208,0.61767,0.78564,25.48
$MAG,52776.554,0.063,-0.768,-0.711,23.7
$BARO,52776.558,70063.08,25.83
$IMU,52776.614,9.033,0.610,1.281,-0.09521,0.64404,0.69970,25.57
$VBAT,52776.639,3.916
$MAG,52776.655,0.046,-0.774,-0.706,23.8
$BARO,52776.660,70059.67,25.84
$IMU,52776.689,0.366,-0.610,20.874,0.20800,0.72753,0.77343,25.49
$TIME,52776.715,440949.000,2364
$MAG,52776.755,0.040,-0.787,-0.703,23.9
$BARO,52776.761,70067.49,25.83
$IMU,52776.764,-6.713,19.348,34.606,0.09423,0.64843,0.76562,25.56
$IMU,52776.839,-7.324,17.639,-2.807,-0.18896,0.69970,0.70361,25.57
$MAG,52776.856,0.058,-0.772,-0.708,23.8
$BARO,52776.863,70060.06,25.84
$IMU,52776.914,-23.681,-8.666,-29.052,-0.20019,0.64062,0.78222,25.54
$MAG,52776.957,0.063,-0.754,-0.748,23.8
$BARO,52776.964,70086.09,25.84
$IMU,52776.989,-23.925,-17.395,-13.916,-0.02343,0.55419,0.84912,25.52
$MAG,52777.057,0.054,-0.754,-0.762,23.9
$IMU,52777.064,-15.075,-10.437,3.540,0.07421,0.54443,0.86669,25.58
$BARO,52777.066,70111.34,25.85
$IMU,52777.139,-6.591,-7.263,-4.760,0.06005,0.57275,0.83398,25.51
$MAG,52777.158,0.064,-0.736,-0.769,23.8
$BARO,52777.167,70123.75,25.86
$IMU,52777.214,-8.178,-4.699,-9.460,0.02929,0.48925,0.86425,25.57
$MAG,52777.259,0.069,-0.732,-0.783,23.8
$BARO,52777.269,70119.14,25.86
$IMU,52777.289,-9.094,-2.685,-7.629,0.00390,0.46679,0.93212,25.54
$HUM,52777.339,29.8,26.4
$MAG,52777.359,0.063,-0.727,-0.780,23.8
$IMU,52777.364,-9.338,-0.915,-0.244,0.04785,0.45947,0.91796,25.54
$BARO,52777.370,70119.92,25.87
$IMU,52777.439,-7.995,1.525,3.845,0.02587,0.49951,0.89013,25.56
$MAG,52777.460,0.064,-0.717,-0.789,23.8
$BARO,52777.471,70092.87,25.87
$IMU,52777.515,-9.094,0.488,-0.427,0.03857,0.53564,0.88427,25.59
$MAG,52777.561,0.069,-0.723,-0.799,23.8
$BARO,52777.573,70091.04,25.87
$IMU,52777.590,-12.023,1.831,-2.563,-0.00292,0.50585,0.88720,25.57
$VBAT,52777.640,3.924
$MAG,52777.661,0.078,-0.709,-0.813,23.8
$IMU,52777.665,-13.549,0.366,-1.770,-0.03076,0.49560,0.89892,25.59
$BARO,52777.674,70082.43,25.87
$TIME,52777.715,440951.000,2364
$IMU,52777.740,-12.329,-2.685,0.610,-0.02246,0.46240,0.86669,25.60
$MAG,52777.762,0.067,-0.702,-0.816,23.8
$BARO,52777.776,70061.16,25.88
$IMU,52777.815,-12.756,0.976,3.295,-0.04736,0.47216,0.90576,25.57
$MAG,52777.863,0.055,-0.694,-0.822,23.8
$BARO,52777.877,70061.37,25.88
$IMU,52777.890,-17.761,5.737,1.586,-0.13037,0.42822,0.93115,25.57
$MAG,52777.963,0.072,-0.679,-0.832,23.8
$IMU,52777.965,-21.728,3.662,2.136,-0.12109,0.35205,0.98339,25.57
$BARO,52777.979,70058.16,25.88
$IMU,52778.040,-18.188,3.051,7.690,-0.10693,0.33349,0.93359,25.59
$MAG,52778.064,0.061,-0.687,-0.837,23.8
$BARO,52778.080,70065.57,25.89
$IMU,52778.115,-13.305,-0.427,6.042,-0.12207,0.38867,0.92382,25.59
$MAG,52778.165,0.058,-0.675,-0.846,23.8
$BARO,52778.182,70060.16,25.88
$IMU,52778.190,-20.996,-2.868,2.624,-0.13281,0.27734,0.95800,25.57
$IMU,52778.265,-16.540,-3.540,3.295,-0.13818,0.26269,1.00000,25.58
$MAG,52778.266,0.048,-0.664,-0.855,23.8
$BARO,52778.283,70058.94,25.89
$IMU,52778.340,-9.033,-5.249,6.286,-0.13134,0.24267,1.01904,25.58
$HUM,52778.354,31.1,26.4
$MAG,52778.366,0.040,-0.666,-0.867,23.9
$BARO,52778.385,70062.93,25.90
$IMU,52778.415,0.671,-9.704,6.347,-0.08837,0.28564,1.02294,25.61
$MAG,52778.467,0.033,-0.676,-0.871,23.8
$BARO,52778.486,70061.52,25.90
$IMU,52778.490,4.028,-12.512,6.469,0.01660,0.23388,0.98388,25.58
$IMU,52778.565,3.234,-8.850,11.535,0.10058,0.26660,1.03320,25.58
$MAG,52778.568,0.015,-0.678,-0.879,23.8
$BARO,52778.588,70053.92,25.89
$VBAT,52778.640,3.924
$IMU,52778.641,-2.075,-5.615,6.469,0.11328,0.15136,0.96337,25.57
$MAG,52778.668,0.006,-0.684,-0.876,23.8
$BARO,52778.689,70062.13,25.90
$IMU,52778.716,3.723,-9.277,-1.281,0.14208,0.26513,0.96484,25.55
$MAG,52778.769,0.006,-0.681,-0.885,23.8
$BARO,52778.791,70059.91,25.91
$IMU,52778.791,-5.310,-12.268,-2.441,0.17871,0.26464,1.01708,25.56
$IMU,52778.866,-5.126,-9.948,-1.464,0.17431,0.20410,0.97705,25.65
$MAG,52778.870,-0.010,-0.676,-0.892,23.9
$BARO,52778.892,70056.11,25.91
$IMU,52778.941,1.586,-8.056,-0.610,0.19970,0.23876,0.92675,25.59
$MAG,52778.970,-0.010,-0.681,-0.894,23.8
$BARO,52778.994,70053.89,25.91
$IMU,52779.016,-1.403,-5.065,2.563,0.23828,0.24414,0.96728,25.58
$MAG,52779.071,-0.015,-0.684,-0.898,23.9
$IMU,52779.091,-4.394,-2.136,4.699,0.28076,0.21142,0.99560,25.59
$BARO,52779.095,70053.09,25.91
$IMU,52779.166,0.244,3.479,2.624,0.25292,0.23486,0.97460,25.60
$MAG,52779.172,-0.009,-0.679,-0.886,23.9
$BARO,52779.197,70059.67,25.92
$IMU,52779.241,4.333,7.141,-1.708,0.22802,0.28027,0.94531,25.63
$MAG,52779.272,-0.013,-0.681,-0.885,23.9
$BARO,52779.298,70056.87,25.93
$IMU,52779.316,2.197,9.460,-1.708,0.19433,0.31005,0.97412,25.61
$HUM,52779.369,26.7,26.4
$MAG,52779.373,0.012,-0.685,-0.882,23.8
$IMU,52779.391,0.061,11.901,-3.967,0.12695,0.29345,0.98535,25.67
$BARO,52779.400,70065.69,25.93
$IMU,52779.466,0.366,10.925,-9.277,0.06640,0.23144,0.96289,25.63
$MAG,52779.474,0.022,-0.679,-0.871,24.0
$BARO,52779.501,70059.86,25.93
$IMU,52779.541,1.464,9.033,-10.314,0.03222,0.22412,0.95947,25.66
$MAG,52779.574,0.030,-0.670,-0.870,23.8
$BARO,52779.603,70064.06,25.93
$IMU,52779.616,0.183,8.422,-6.835,0.01269,0.24414,0.98437,25.62
$VBAT,52779.641,3.927
$MAG,52779.675,0.031,-0.672,-0.865,23.8
$IMU,52779.691,-1.770,8.239,-7.934,-0.02929,0.21728,0.99755,25.65
$BARO,52779.704,70056.65,25.94
$TIME,52779.715,440952.000,2364
$IMU,52779.766,-1.831,4.089,-9.033,-0.04345,0.22802,1.02636,25.62
$MAG,52779.775,0.042,-0.663,-0.864,23.9
$BARO,52779.806,70059.62,25.94
$IMU,52779.842,-3.723,1.953,-6.530,-0.05224,0.16845,1.00878,25.71
$MAG,52779.876,0.051,-0.661,-0.861,23.9
$BARO,52779.907,70065.25,25.94
$IMU,52779.917,1.098,2.868,-3.234,-0.10107,0.19970,0.96533,25.62
$MAG,52779.977,0.052,-0.663,-0.867,23.8
$IMU,52779.992,-2.441,0.671,2.441,-0.05468,0.25488,0.98779,25.65
$BARO,52780.009,70052.82,25.94
$IMU,52780.067,-6.835,3.967,8.056,-0.04785,0.25292,1.01416,25.64
$MAG,52780.077,0.051,-0.658,-0.855,23.8
$BARO,52780.110,70056.62,25.94
$IMU,52780.142,-3.906,5.554,9.033,-0.06152,0.23681,0.98486,25.64
$MAG,52780.178,0.058,-0.669,-0.862,23.9
$BARO,52780.211,70060.20,25.95
$IMU,52780.217,-0.976,2.502,3.662,-0.04882,0.23339,0.97070,25.67
$MAG,52780.279,0.046,-0.663,-0.864,23.9
$IMU,52780.292,-2.929,0.122,1.647,-0.05712,0.24853,1.00097,25.66
$BARO,52780.313,70061.42,25.95
$IMU,52780.367,-1.403,-0.183,-2.990,-0.09716,0.22412,0.99023,25.69
$MAG,52780.379,0.049,-0.664,-0.861,23.8
$HUM,52780.383,31.1,26.4
$BARO,52780.414,70060.20,25.95
$IMU,52780.442,0.732,-2.990,-4.516,-0.09375,0.26269,0.99023,25.66
$MAG,52780.480,0.049,-0.660,-0.865,23.8
$BARO,52780.516,70058.82,25.95
$IMU,52780.517,0.122,-5.187,-4.028,-0.05908,0.25488,0.97460,25.64
$MAG,52780.581,0.046,-0.655,-0.864,23.9
$IMU,52780.592,0.976,-5.004,-2.136,-0.02636,0.22558,0.96923,25.65
$BARO,52780.617,70059.18,25.96
$VBAT,52780.641,3.926
$IMU,52780.667,-1.464,-4.455,-0.732,-0.01367,0.25976,1.01074,25.64
$MAG,52780.681,0.042,-0.658,-0.871,23.9
$TIME,52780.715,440954.000,2364
$BARO,52780.719,70064.62,25.96
$IMU,52780.742,-4.333,-5.310,-3.112,0.00976,0.16845,1.00292,25.66
$MAG,52780.782,0.039,-0.658,-0.871,23.9
$IMU,52780.817,2.685,-6.347,-2.685,0.04492,0.25439,0.98876,25.69
$BARO,52780.820,70054.18,25.96
$MAG,52780.883,0.034,-0.661,-0.880,24.0
$IMU,52780.892,-1.831,-4.882,-1.037,0.03271,0.17968,0.97753,25.73
$BARO,52780.922,70046.75,25.97
$IMU,52780.967,0.183,-5.615,2.258,0.08837,0.23486,0.99316,25.70
$MAG,52780.983,0.030,-0.649,-0.885,24.0
$BARO,52781.023,70052.36,25.97
$IMU,52781.043,-1.403,-1.831,1.586,0.05371,0.21972,0.99462,25.66
$MAG,52781.084,0.027,-0.657,-0.879,23.9
$IMU,52781.118,-1.220,-2.258,2.014,0.06640,0.23339,1.00927,25.70
$BARO,52781.125,70051.55,25.97
$MAG,52781.184,0.028,-0.654,-0.877,23.9
$IMU,52781.193,1.220,-2.197,1.525,0.05126,0.21142,0.95996,25.68
$BARO,52781.226,70060.16,25.97
$IMU,52781.268,1.342,-3.417,2.746,0.08251,0.25878,0.98486,25.68
$MAG,52781.285,0.019,-0.666,-0.877,24.0
$BARO,52781.328,70058.35,25.98
$IMU,52781.343,-4.089,-1.953,2.868,0.06738,0.20458,0.99121,25.67
$MAG,52781.386,0.009,-0.657,-0.883,24.2
$HUM,52781.398,30.9,26.5
$IMU,52781.418,-0.732,-2.319,2.990,0.06689,0.20849,0.99316,25.66
$BARO,52781.429,70059.55,25.98
$MAG,52781.486,0.024,-0.666,-0.877,23.8
$IMU,52781.493,1.159,-4.028,-0.061,0.05712,0.22949,1.01074,25.64
$BARO,52781.531,70055.33,25.99
$IMU,52781.568,1.098,-4.577,-1.037,0.06933,0.22607,1.00390,25.69
$MAG,52781.587,0.015,-0.658,-0.882,23.9
$BARO,52781.632,70055.11,25.99
$VBAT,52781.642,3.919
$IMU,52781.643,3.845,-3.967,-0.244,0.09130,0.23339,0.98193,25.65
$MAG,52781.688,0.016,-0.666,-0.880,23.9
$TIME,52781.715,440954.000,2364
$IMU,52781.718,6.103,-2.258,-0.244,0.13232,0.21435,0.95166,25.68
$BARO,52781.734,70053.50,26.00
$MAG,52781.788,0.012,-0.661,-0.880,23.9
$IMU,52781.793,3.112,-2.075,-3.784,0.15185,0.25781,0.98095,25.66
$BARO,52781.835,70056.11,26.00
$IMU,52781.868,-3.112,-4.821,-4.150,0.15527,0.23193,1.02246,25.67
$MAG,52781.889,0.006,-0.651,-0.885,23.9
$BARO,52781.937,70059.69,26.00
$IMU,52781.943,-0.732,-3.417,-6.530,0.16650,0.21240,1.03613,25.66
$MAG,52781.990,0.015,-0.657,-0.883,23.9
$IMU,52782.018,5.065,1.098,-2.990,0.16357,0.21044,0.98486,25.69
$BARO,52782.038,70052.06,26.01
$MAG,52782.090,0.021,-0.666,-0.871,23.9
$IMU,52782.093,8.361,3.540,-0.976,0.16601,0.19433,0.97998,25.69
$BARO,52782.140,70057.86,26.01
$IMU,52782.168,11.535,6.958,0.610,0.12353,0.31250,0.98779,25.69
$MAG,52782.191,0.019,-0.684,-0.870,24.3
$BARO,52782.241,70052.65,26.02
$IMU,52782.244,11.535,9.033,-0.061,0.03515,0.31787,0.96826,25.69
$MAG,52782.292,0.030,-0.682,-0.852,23.9
$IMU,52782.319,14.038,7.141,-2.990,0.01123,0.32275,0.91845,25.70
$BARO,52782.343,70059.84,26.03
$MAG,52782.392,0.022,-0.700,-0.844,23.9
$IMU,52782.394,9.033,5.065,9.765,0.10400,0.38964,0.92285,25.72
$HUM,52782.413,24.4,26.5
$BARO,52782.444,70059.06,26.03
$IMU,52782.469,-5.187,10.314,12.634,0.06103,0.29003,0.97607,25.71
$MAG,52782.493,0.036,-0.691,-0.841,23.9
$IMU,52782.544,-0.122,7.812,-4.516,-0.00390,0.35107,0.94287,25.73
$BARO,52782.546,70056.82,26.03
$MAG,52782.594,0.034,-0.688,-0.850,23.9
$IMU,52782.619,-5.554,2.685,-11.474,-0.00292,0.36035,0.93017,25.74
$VBAT,52782.642,3.924
$BARO,52782.647,70057.23,26.03
$IMU,52782.694,-14.282,0.488,-5.249,0.01806,0.34179,0.95556,25.72
$MAG,52782.694,0.045,-0.675,-0.855,24.0
$TIME,52782.715,440956.000,2364
$BARO,52782.749,70057.40,26.04
$IMU,52782.769,-14.709,2.319,-2.502,0.01953,0.26953,0.98095,25.75
$MAG,52782.795,0.051,-0.663,-0.856,23.9
$IMU,52782.844,-10.009,4.760,-0.976,-0.02343,0.23828,0.99414,25.69
$BARO,52782.850,70067.05,26.04
$MAG,52782.895,0.054,-0.664,-0.852,24.2
$IMU,52782.919,-7.019,3.601,-0.366,-0.04833,0.25244,0.98730,25.72
$BARO,52782.952,70055.60,26.04
$IMU,52782.994,-7.873,0.915,-0.854,-0.04687,0.22509,0.98779,25.72
$MAG,52782.996,0.055,-0.657,-0.861,24.3
$BARO,52783.053,70058.82,26.04
$IMU,52783.069,-7.080,-1.586,-0.915,-0.03613,0.21289,1.00830,25.72
$MAG,52783.097,0.040,-0.660,-0.867,23.9
$IMU,52783.144,-5.249,-1.953,0.854,-0.01904,0.20166,0.99511,25.73
$BARO,52783.155,70057.43,26.04
$MAG,52783.197,0.046,-0.661,-0.870,23.9
$IMU,52783.219,-1.831,-0.549,1.892,-0.02441,0.21289,0.98925,25.75
$BARO,52783.256,70055.18,26.05
$IMU,52783.294,-4.211,-0.366,4.577,0.00146,0.18798,1.00830,25.70
$MAG,52783.298,0.045,-0.660,-0.873,24.2
$BARO,52783.358,70056.40,26.04
$IMU,52783.370,-1.953,0.610,5.615,-0.00781,0.17187,1.00097,25.68
$MAG,52783.399,0.046,-0.649,-0.868,23.9
$HUM,52783.428,30.9,26.6
$IMU,52783.445,5.737,0.610,-0.122,-0.01953,0.27050,0.97412,25.74
$BARO,52783.459,70060.81,26.05
$MAG,52783.499,0.040,-0.657,-0.868,24.0
$IMU,52783.520,0.366,-3.295,-2.441,0.02978,0.23681,0.99365,25.73
$BARO,52783.561,70060.01,26.05
$IMU,52783.595,-0.854,-1.647,-1.708,0.07080,0.20507,1.00488,25.70
$MAG,52783.600,0.040,-0.661,-0.865,23.9
$VBAT,52783.643,3.937
$BARO,52783.662,70058.99,26.05
$IMU,52783.670,5.371,2.014,-1.403,0.04785,0.23632,1.00146,25.73
$MAG,52783.701,0.039,-0.661,-0.864,23.9
$IMU,52783.745,5.126,0.671,-3.112,0.03271,0.20996,0.98535,25.76
$BARO,52783.764,70055.77,26.05
$MAG,52783.801,0.051,-0.657,-0.861,23.9
$IMU,52783.820,4.943,-0.305,-3.601,0.04296,0.27050,0.97802,25.74
$BARO,52783.865,70059.18,26.06
$IMU,52783.895,0.000,2.685,-2.258,-0.01757,0.26708,0.96337,25.73
$MAG,52783.902,0.049,-0.661,-0.859,24.0
$BARO,52783.967,70052.36,26.06
$IMU,52783.970,-3.906,0.976,0.793,0.01464,0.26904,0.99023,25.76
$MAG,52784.002,0.054,-0.664,-0.862,24.2
$IMU,52784.045,-4.577,2.929,1.892,-0.03173,0.23144,0.97705,25.70
$BARO,52784.068,70060.18,26.06
$MAG,52784.103,0.055,-0.654,-0.871,23.9
$IMU,52784.120,-3.173,1.220,-1.220,-0.08593,0.29980,1.00732,25.76
$BARO,52784.169,70055.55,26.06
$IMU,52784.195,-7.934,-0.366,-2.746,-0.06835,0.24707,0.97265,25.74
$MAG,52784.204,0.051,-0.654,-0.864,23.9
$IMU,52784.270,-7.629,0.610,0.915,-0.08007,0.20410,0.99707,25.78
$BARO,52784.271,70055.96,26.07
$MAG,52784.304,0.057,-0.646,-0.870,24.0
$IMU,52784.345,-3.295,-0.793,0.305,-0.07177,0.15771,0.99414,25.75
$BARO,52784.372,70054.14,26.07
$MAG,52784.405,0.049,-0.633,-0.874,23.9
$IMU,52784.420,1.403,-2.136,-7.324,-0.13134,0.18359,1.01269,25.76
$HUM,52784.443,31.0,26.6
$BARO,52784.474,70063.98,26.07
$IMU,52784.495,-0.488,-6.286,-0.793,-0.00048,0.12890,1.00927,25.77
$MAG,52784.506,0.042,-0.643,-0.864,23.9
$IMU,52784.571,3.112,-0.671,7.568,-0.00146,0.19384,0.99462,25.77
$BARO,52784.575,70057.35,26.07
$MAG,52784.606,0.037,-0.651,-0.871,24.0
$VBAT,52784.643,3.921
$IMU,52784.646,-0.244,-1.831,1.220,-0.06445,0.19873,0.98535,25.75
$BARO,52784.677,70062.74,26.07
$MAG,52784.707,0.036,-0.648,-0.874,24.2
$TIME,52784.715,440958.000,2364
$IMU,52784.721,1.403,-7.385,-2.136,0.01708,0.24121,0.99658,25.76
$BARO,52784.778,70054.11,26.08
$IMU,52784.796,-1.586,-5.249,1.770,0.04833,0.21582,0.95507,25.78
$MAG,52784.808,0.043,-0.658,-0.877,24.0
$IMU,52784.871,1.281,-5.737,4.638,0.13916,0.28125,0.94580,25.77
$BARO,52784.880,70052.92,26.08
$MAG,52784.908,0.030,-0.645,-0.880,23.9
$IMU,52784.946,-8.361,-4.699,8.056,0.17578,0.23632,1.01464,25.75
$BARO,52784.981,70059.52,26.09
$MAG,52785.009,0.024,-0.645,-0.891,23.9
$IMU,52785.021,-12.756,-1.281,3.906,0.12500,0.09521,1.03271,25.78
$BARO,52785.083,70053.11,26.09
$IMU,52785.096,-4.028,-0.610,-0.732,0.12353,0.12988,1.02929,25.79
$MAG,52785.110,0.025,-0.654,-0.901,24.3
$IMU,52785.171,0.915,2.197,-0.915,0.08886,0.20849,0.98828,25.78
$BARO,52785.184,70059.33,26.09
$MAG,52785.210,0.025,-0.640,-0.894,23.9
$IMU,52785.246,-1.098,1.159,-0.488,0.07421,0.16943,0.98779,25.78
$BARO,52785.286,70053.70,26.09
$MAG,52785.311,0.025,-0.648,-0.894,23.9
$IMU,52785.321,1.342,-1.159,1.037,0.08447,0.20898,0.98974,25.81
$BARO,52785.387,70056.89,26.10
$IMU,52785.396,-1.525,0.671,0.061,0.08935,0.22460,0.99462,25.79
$MAG,52785.411,0.034,-0.648,-0.900,24.0
$HUM,52785.458,30.9,26.6
$IMU,52785.471,-3.479,3.173,-2.197,0.04589,0.18554,0.99316,25.81
$BARO,52785.489,70069.52,26.10
$MAG,52785.512,0.034,-0.634,-0.892,24.2
$IMU,52785.546,0.061,2.929,-3.784,0.03515,0.21875,0.97705,25.81
$BARO,52785.590,70059.30,26.10
$MAG,52785.613,0.031,-0.637,-0.886,24.3
$IMU,52785.621,-2.258,2.990,-0.427,0.01855,0.19384,0.96533,25.82
$VBAT,52785.643,3.924
$BARO,52785.691,70056.69,26.10
$IMU,52785.696,0.366,2.807,1.464,-0.03076,0.20703,0.93066,25.79
$MAG,52785.713,0.027,-0.639,-0.895,23.9
$TIME,52785.715,440959.000,2364
$IMU,52785.772,-0.305,1.647,0.366,-0.04882,0.22412,0.89648,25.76
$BARO,52785.793,70054.87,26.10
$MAG,52785.814,0.034,-0.631,-0.886,23.9
$IMU,52785.847,-8.544,4.699,0.183,-0.10449,0.21044,0.98095,25.78
$BARO,52785.894,70061.08,26.10
$MAG,52785.915,0.048,-0.634,-0.901,23.9
$IMU,52785.922,-14.343,1.586,-0.183,-0.09863,0.10400,1.00781,25.77
$BARO,52785.996,70051.06,26.10
$IMU,52785.997,-11.108,-1.770,1.770,-0.04882,0.10449,0.97753,25.79
$MAG,52786.015,0.037,-0.627,-0.906,24.2
$IMU,52786.072,-11.596,-4.516,1.831,0.01611,0.12255,0.96191,25.75
$BARO,52786.097,70059.67,26.11
$MAG,52786.116,0.027,-0.613,-0.910,23.9
$IMU,52786.147,-10.253,-4.882,0.671,0.11230,0.04736,0.84228,25.84
$BARO,52786.199,70061.47,26.11
$MAG,52786.217,0.027,-0.612,-0.912,23.9
$IMU,52786.222,-4.821,-2.136,1.647,0.14355,0.21484,0.87304,25.82
$IMU,52786.297,-22.583,-0.366,-1.220,0.07910,0.09765,0.98632,25.79
$BARO,52786.300,70058.47,26.10
$MAG,52786.317,0.030,-0.600,-0.927,24.0
$IMU,52786.372,-12.023,0.854,0.305,0.09082,0.04345,0.84326,25.82
$BARO,52786.402,70074.10,26.12
$MAG,52786.418,0.027,-0.588,-0.924,24.2
$IMU,52786.447,-9.887,2.319,2.197,0.02441,0.02001,0.90283,25.82
$HUM,52786.473,31.0,26.6
$BARO,52786.503,70063.86,26.12
$MAG,52786.519,0.031,-0.585,-0.927,24.2
$IMU,52786.522,-13.305,3.967,-1.159,-0.01171,0.00097,0.90380,25.81
$IMU,52786.597,-10.314,2.075,-2.197,-0.04052,-0.04199,0.86035,25.83
$BARO,52786.605,70062.64,26.12
$MAG,52786.619,0.030,-0.582,-0.933,24.3
$VBAT,52786.643,3.937
$IMU,52786.672,-9.094,-2.380,-1.647,-0.03271,-0.00537,0.90820,25.82
$BARO,52786.706,70061.45,26.12
$TIME,52786.715,440961.000,2364
$MAG,52786.720,0.034,-0.567,-0.946,24.3
$IMU,52786.747,-18.432,-4.028,0.610,0.03808,-0.04150,0.99414,25.82
$BARO,52786.808,70060.64,26.12
$MAG,52786.820,0.025,-0.555,-0.943,23.9
$IMU,52786.822,-19.409,-1.037,0.366,0.02685,-0.06347,0.98974,25.82
$IMU,52786.898,-17.333,-1.770,0.610,0.03027,-0.02441,1.01123,25.81
$BARO,52786.909,70061.03,26.13
$MAG,52786.921,0.027,-0.546,-0.952,24.0
$IMU,52786.973,-21.545,-1.403,0.976,0.01708,-0.11718,0.98437,25.82
$BARO,52787.010,70060.23,26.13
$MAG,52787.022,0.022,-0.541,-0.961,24.3
$IMU,52787.048,-13.916,-2.502,1.525,0.03320,-0.12500,0.81152,25.87
$BARO,52787.112,70061.45,26.12
$MAG,52787.122,0.019,-0.535,-0.966,24.0
$IMU,52787.123,-12.756,-2.319,1.159,0.04980,-0.09033,0.82519,25.87
$IMU,52787.198,-15.930,-2.258,-1.586,-0.00976,-0.02441,0.96728,25.82
$BARO,52787.213,70069.64,26.13
$MAG,52787.223,0.019,-0.535,-0.972,24.2
$IMU,52787.273,-23.010,-6.225,1.525,0.05371,0.13916,1.14843,25.84
$BARO,52787.315,70070.47,26.13
$MAG,52787.324,0.019,-0.502,-0.976,24.2
$IMU,52787.348,-31.494,-0.244,0.427,0.05078,0.27441,1.37011,25.85
$BARO,52787.416,70070.86,26.12
$IMU,52787.423,-20.385,3.662,4.516,0.10986,0.39941,1.53759,25.84
$MAG,52787.424,0.016,-0.495,-0.958,24.0
$HUM,52787.487,31.7,26.7
$IMU,52787.498,7.934,9.399,0.183,0.04882,0.85205,1.43750,25.86
$BARO,52787.518,70070.05,26.13
$MAG,52787.525,0.040,-0.510,-0.949,24.3
$IMU,52787.573,26.672,4.577,-12.390,-0.01513,1.25781,1.52539,25.86
$BARO,52787.619,70061.81,26.13
$MAG,52787.626,0.043,-0.514,-0.916,24.3
$VBAT,52787.644,3.911
$IMU,52787.648,41.320,-0.427,-11.413,0.04443,0.92675,0.71044,25.83
$BARO,52787.721,70065.64,26.13
$IMU,52787.723,-21.972,-4.089,-5.737,0.20019,-1.50732,-0.72900,25.87
$MAG,52787.726,0.045,-0.499,-0.916,24.0
$IMU,52787.798,66.101,18.188,-10.681,-0.16210,0.40234,-0.28710,25.87
$BARO,52787.822,70051.19,26.13
$MAG,52787.827,0.052,-0.525,-0.897,24.3
$IMU,52787.873,17.211,1.708,-3.417,-0.01855,-0.13818,-0.20947,25.83
$BARO,52787.924,70047.58,26.13
$MAG,52787.928,0.054,-0.531,-0.891,24.3
$IMU,52787.948,12.573,1.586,9.765,-0.11962,0.09082,-0.06298,25.89
$IMU,52788.023,3.723,-8.361,12.573,-0.01904,-0.01367,-0.00341,25.85
$BARO,52788.025,70049.60,26.13
$MAG,52788.028,0.040,-0.523,-0.897,24.3
$IMU,52788.099,-7.263,-16.479,13.244,0.02978,-0.02685,0.13085,25.85
$BARO,52788.127,70057.99,26.14
$MAG,52788.129,0.022,-0.528,-0.907,24.3
$IMU,52788.174,-2.624,-15.747,5.493,0.05810,0.04101,0.11083,25.89
$BARO,52788.228,70040.36,26.14
$MAG,52788.230,0.021,-0.511,-0.916,24.3
$IMU,52788.249,-5.981,-13.671,-2.075,0.13916,-0.04833,0.10009,25.86
$IMU,52788.324,-0.671,8.666,-13.977,0.11816,0.04833,0.04931,25.88
$BARO,52788.330,70071.64,26.14
$MAG,52788.330,0.033,-0.499,-0.919,24.3
$IMU,52788.399,-6.164,18.920,-14.709,-0.05908,-0.00439,0.06298,25.88
$BARO,52788.431,70060.79,26.14
$MAG,52788.431,0.036,-0.486,-0.916,24.3
$IMU,52788.474,-4.638,-5.493,-12.329,-0.16162,0.03906,0.10937,25.91
$HUM,52788.502,30.8,26.7
$MAG,52788.531,0.025,-0.484,-0.928,24.3
$BARO,52788.533,70076.85,26.14
$IMU,52788.549,-5.615,-9.460,0.915,-0.05761,0.01074,0.10302,25.88
$IMU,52788.624,-6.652,-1.831,16.540,0.08740,0.01660,0.15917,25.91
$MAG,52788.632,0.034,-0.484,-0.939,24.2
$BARO,52788.634,70064.01,26.14
$VBAT,52788.644,3.919
$IMU,52788.699,-1.953,7.019,0.610,0.00927,0.05957,0.12109,25.88
$TIME,52788.715,440961.000,2364
$MAG,52788.733,0.039,-0.483,-0.934,24.3
$BARO,52788.735,70093.89,26.14
$IMU,52788.774,-4.150,5.065,-6.286,0.01367,0.02490,0.16259,25.88
$MAG,52788.833,0.046,-0.475,-0.927,24.2
$BARO,52788.837,70104.71,26.14
$IMU,52788.849,-3.356,9.399,-5.249,-0.00585,0.13720,0.13330,25.88
$IMU,52788.924,-14.221,-0.183,-8.178,-0.00390,0.09716,0.17675,25.90
$MAG,52788.934,0.051,-0.463,-0.934,24.3
$BARO,52788.938,70091.09,26.14
$IMU,52788.999,-16.418,0.488,-10.803,-0.14013,0.10449,0.19482,25.91
$MAG,52789.035,0.042,-0.454,-0.934,24.3
$BARO,52789.040,70125.16,26.14
$IMU,52789.074,-12.695,-7.446,2.929,0.00097,0.08496,0.19970,25.91
$MAG,52789.135,0.051,-0.444,-0.937,24.2
$BARO,52789.141,70130.60,26.13
$IMU,52789.149,-9.948,-2.380,4.821,0.01953,0.12402,0.21582,25.87
$IMU,52789.224,-9.704,1.831,3.601,0.04101,0.10986,0.21435,25.88
$MAG,52789.236,0.045,-0.438,-0.939,24.3
$BARO,52789.243,70125.38,26.13
$IMU,52789.300,-9.643,1.525,0.610,-0.00195,0.18017,0.16503,25.90
$MAG,52789.337,0.045,-0.429,-0.939,24.4
$BARO,52789.344,70147.03,26.14
$IMU,52789.375,-15.808,3.234,0.610,-0.00292,0.09814,0.24316,25.91
$MAG,52789.437,0.057,-0.417,-0.940,24.3
$BARO,52789.446,70168.11,26.13
$IMU,52789.450,-10.803,5.859,-2.136,-0.00927,0.20751,0.25341,25.92
$HUM,52789.517,31.5,26.7
$IMU,52789.525,-10.437,3.601,-2.685,0.04150,0.08105,0.22851,25.88
$MAG,52789.538,0.060,-0.414,-0.942,24.3
$BARO,52789.547,70160.90,26.12
$IMU,52789.600,-4.028,1.464,-5.310,-0.00439,0.17773,0.13720,25.91
$MAG,52789.638,0.064,-0.402,-0.936,24.4
$VBAT,52789.644,3.930
$BARO,52789.649,70142.03,26.12
$IMU,52789.675,-13.244,5.371,-4.333,-0.03466,0.10693,0.26855,25.92
$TIME,52789.715,440963.000,2364
$MAG,52789.739,0.058,-0.408,-0.939,24.3
$BARO,52789.750,70195.19,26.11
$IMU,52789.750,-6.835,5.432,5.493,-0.01464,0.13476,0.25292,25.92
$IMU,52789.825,1.159,1.464,3.540,0.04199,0.20898,0.31689,25.96
$MAG,52789.840,0.073,-0.408,-0.936,24.3
$BARO,52789.852,70192.80,26.10
$IMU,52789.900,-4.272,2.136,2.197,0.03564,0.26318,0.46191,25.90
$MAG,52789.940,0.066,-0.415,-0.934,24.3
$BARO,52789.953,70194.24,26.09
$IMU,52789.975,2.380,2.807,3.662,-0.03027,0.21923,0.46142,25.91
$MAG,52790.041,0.070,-0.411,-0.924,24.3
$IMU,52790.050,12.207,-4.882,-3.356,0.01464,0.31542,0.40966,25.93
$BARO,52790.055,70135.69,26.09
$IMU,52790.125,2.929,-1.586,3.356,0.05273,0.34472,0.46728,25.93
$MAG,52790.142,0.063,-0.423,-0.936,24.3
$BARO,52790.156,70192.66,26.08
$IMU,52790.200,0.610,1.037,1.708,0.01269,0.25244,0.53222,25.92
$MAG,52790.242,0.069,-0.421,-0.925,24.3
$BARO,52790.257,70149.98,26.07
$IMU,52790.275,7.934,1.647,-3.662,-0.02734,0.36035,0.56494,25.93
$MAG,52790.343,0.066,-0.436,-0.933,24.3
$IMU,52790.350,6.347,-0.610,6.042,-0.04003,0.38378,0.61767,25.95
$BARO,52790.359,70122.31,26.06
$IMU,52790.426,6.103,-8.911,3.723,0.03906,0.41406,0.71337,25.94
$MAG,52790.444,0.066,-0.441,-0.931,24.3
$BARO,52790.460,70077.85,26.05
$IMU,52790.501,9.460,-1.281,6.408,-0.00439,0.43066,0.75830,25.94
$HUM,52790.532,31.4,26.6
$MAG,52790.544,0.055,-0.454,-0.924,24.3
$BARO,52790.562,70206.77,26.04
$IMU,52790.576,11.169,-4.333,5.859,0.01757,0.52050,0.78662,25.91
$MAG,52790.645,0.055,-0.472,-0.934,24.3
$VBAT,52790.645,3.918
$IMU,52790.651,10.192,-1.403,5.371,0.01318,0.42675,0.75927,25.94
$BARO,52790.663,70180.13,26.03
$TIME,52790.715,440964.000,2364
$IMU,52790.726,13.916,1.159,6.713,0.03466,0.54785,0.65673,25.95
$MAG,52790.746,0.064,-0.481,-0.928,24.3
$BARO,52790.765,70162.70,26.02
$IMU,52790.801,2.197,2.868,1.831,0.03222,0.49755,0.79052,25.92
$MAG,52790.846,0.058,-0.477,-0.925,24.3
$BARO,52790.866,70137.67,26.00
$IMU,52790.876,-1.342,3.662,-1.281,-0.01757,0.61035,0.94091,25.92
$MAG,52790.947,0.058,-0.471,-0.918,24.3
$IMU,52790.951,-3.540,-0.915,1.831,0.06640,0.50683,0.99902,25.97
$BARO,52790.968,70183.40,26.00
$IMU,52791.026,6.408,5.371,-11.108,0.04248,0.49804,0.92724,25.94
$MAG,52791.047,0.073,-0.471,-0.918,24.3
$BARO,52791.069,70151.37,25.98
$IMU,52791.101,12.695,14.770,-6.713,-0.07324,0.54931,0.87255,25.97
$MAG,52791.148,0.084,-0.486,-0.909,24.3
$BARO,52791.171,70217.11,25.97
$IMU,52791.176,11.047,5.126,-5.310,-0.06591,0.54833,0.88671,25.95
$MAG,52791.249,0.066,-0.484,-0.904,24.3
$IMU,52791.251,9.582,-0.976,-1.159,-0.00830,0.57324,0.93066,25.92
$BARO,52791.272,70215.96,25.96
$IMU,52791.326,10.681,-0.549,-3.356,-0.03759,0.58105,0.98876,26.01
$MAG,52791.349,0.085,-0.495,-0.901,24.3
$BARO,52791.374,70335.62,25.95
$IMU,52791.401,13.977,-3.356,-3.417,0.02392,0.64453,0.91552,25.97
$MAG,52791.450,0.079,-0.498,-0.903,24.3
$BARO,52791.475,70297.54,25.94
$IMU,52791.476,6.103,2.136,-7.934,-0.02832,0.60205,1.01611,25.95
$HUM,52791.547,30.3,26.5
$MAG,52791.551,0.085,-0.499,-0.895,24.4
$IMU,52791.551,9.887,4.211,-8.300,-0.01123,0.64111,1.06884,25.94
$BARO,52791.577,70330.84,25.93
$IMU,52791.627,12.939,2.685,-8.178,-0.00292,0.64501,1.04199,25.98
$VBAT,52791.645,3.927
$MAG,52791.651,0.090,-0.504,-0.889,24.3
$BARO,52791.678,70300.96,25.94
$IMU,52791.702,12.023,3.723,-5.981,-0.04736,0.69677,1.07177,25.95
$TIME,52791.715,440965.000,2364
$MAG,52791.752,0.097,-0.499,-0.877,24.3
$IMU,52791.777,11.291,2.014,-6.042,0.00097,0.71679,1.12988,25.98
$BARO,52791.780,70348.49,25.92
$MAG,52791.852,0.090,-0.516,-0.885,24.3
$IMU,52791.852,9.399,2.380,-5.920,-0.00097,0.68408,1.15917,26.00
$BARO,52791.881,70311.61,25.93
$IMU,52791.927,9.704,1.403,-6.103,-0.01611,0.76806,1.16650,25.99
$MAG,52791.953,0.099,-0.508,-0.877,24.3
$BARO,52791.983,70389.97,25.92
$IMU,52792.002,5.187,2.075,-6.896,-0.04541,0.75097,1.20214,25.98
$MAG,52792.054,0.103,-0.514,-0.885,24.4
$IMU,52792.077,2.929,0.793,-6.164,-0.01220,0.74267,1.20703,25.99
$BARO,52792.084,70361.75,25.91
$IMU,52792.152,1.220,1.342,-4.150,0.02148,0.75976,1.22802,25.97
$MAG,52792.154,0.093,-0.504,-0.876,24.3
$BARO,52792.186,70374.37,25.90
$IMU,52792.227,0.671,5.310,-5.554,0.04052,0.66162,1.23486,25.99
$MAG,52792.255,0.109,-0.501,-0.871,24.3
$BARO,52792.287,70380.61,25.90
$IMU,52792.302,6.408,7.080,-9.155,0.00244,0.73730,1.12500,25.95
$MAG,52792.356,0.111,-0.493,-0.880,24.3
$IMU,52792.377,2.258,1.281,-8.239,0.03759,0.69238,1.12500,25.94
$BARO,52792.388,70467.22,25.88
$IMU,52792.452,-0.976,3.540,-7.141,0.05273,0.64648,1.16503,25.97
$MAG,52792.456,0.121,-0.496,-0.865,24.3
$BARO,52792.490,70530.13,25.88
$IMU,52792.527,2.624,7.995,-8.300,0.06054,0.66894,1.14599,25.98
$MAG,52792.557,0.129,-0.495,-0.852,24.3
$HUM,52792.562,30.0,26.4
$BARO,52792.591,70391.46,25.87
$IMU,52792.602,2.075,13.000,-7.446,0.00097,0.66552,1.17187,25.98
$VBAT,52792.650,3.914
$MAG,52792.658,0.141,-0.489,-0.855,24.3
$IMU,52792.677,-0.183,8.056,-4.455,-0.00830,0.62548,1.22753,26.01
$BARO,52792.693,70433.56,25.86
$IMU,52792.753,3.662,-1.281,-2.990,0.04003,0.69628,1.22509,26.02
$MAG,52792.758,0.132,-0.483,-0.856,24.3
$BARO,52792.794,70441.19,25.86
$IMU,52792.828,0.915,-0.427,-3.051,0.01464,0.63525,1.29345,25.99
$MAG,52792.859,0.138,-0.483,-0.852,24.4
$BARO,52792.896,70667.85,25.85
$IMU,52792.903,3.906,0.610,-0.305,0.00292,0.67968,1.32031,25.97
$MAG,52792.960,0.133,-0.484,-0.856,24.3
$IMU,52792.978,2.014,-1.220,-0.549,0.01220,0.66503,1.34130,26.00
$BARO,52792.997,70520.38,25.83
$IMU,52793.053,2.075,-5.065,-0.610,0.05175,0.63085,1.27294,25.98
$MAG,52793.060,0.130,-0.481,-0.859,24.3
$BARO,52793.099,70575.10,25.82
$IMU,52793.128,0.488,-2.807,-3.662,0.01367,0.67138,1.29345,25.98
$MAG,52793.161,0.126,-0.484,-0.855,24.3
$BARO,52793.200,70643.84,25.82
$IMU,52793.203,-4.821,-1.464,-1.159,0.00830,0.60058,1.33398,26.00
$MAG,52793.262,0.127,-0.475,-0.856,24.3
$IMU,52793.278,-0.976,-3.356,-1.892,0.01708,0.58544,1.29150,25.99
$BARO,52793.302,70612.98,25.80
$IMU,52793.353,-1.037,-0.671,-1.464,0.01123,0.57080,1.26318,25.98
$MAG,52793.362,0.129,-0.481,-0.862,24.3
$BARO,52793.403,70644.06,25.80
$IMU,52793.428,0.366,-2.990,-1.770,-0.02294,0.55175,1.27099,26.01
$MAG,52793.463,0.120,-0.469,-0.859,24.3
$IMU,52793.503,1.770,-2.807,-2.075,-0.00683,0.52783,1.30615,26.00
$BARO,52793.505,70629.63,25.80
$MAG,52793.564,0.132,-0.489,-0.861,24.4
$HUM,52793.577,29.7,26.4
$IMU,52793.578,8.483,1.098,-0.488,-0.00195,0.55078,1.25732,25.95
$BARO,52793.606,70827.41,25.80
$IMU,52793.653,9.033,3.356,-0.488,-0.01757,0.49023,1.22607,25.97
$VBAT,52793.660,3.929
$MAG,52793.664,0.135,-0.486,-0.853,24.4
$BARO,52793.707,70742.46,25.79
$TIME,52793.715,440967.000,2364
$IMU,52793.728,8.911,2.929,-2.319,-0.05078,0.56152,1.23779,26.01
$MAG,52793.765,0.127,-0.489,-0.849,24.3
$IMU,52793.803,3.601,-2.319,0.244,-0.01708,0.60302,1.32031,25.98
$BARO,52793.809,70719.60,25.78
$MAG,52793.866,0.120,-0.490,-0.849,24.3
$IMU,52793.878,-0.183,-1.525,0.122,-0.01611,0.52734,1.35888,26.01
$BARO,52793.910,70794.75,25.78
$IMU,52793.954,5.920,-1.892,-1.037,-0.03417,0.53710,1.24609,25.96
$MAG,52793.966,0.123,-0.495,-0.853,24.3
$BARO,52794.012,70810.59,25.78
$IMU,52794.029,2.807,-2.929,-1.098,0.00244,0.48828,1.17822,25.98
$MAG,52794.067,0.121,-0.496,-0.850,24.3
$IMU,52794.104,-3.540,-1.831,1.953,0.02490,0.50000,1.23095,25.98
$BARO,52794.113,70861.68,25.78
$MAG,52794.168,0.127,-0.490,-0.867,24.3
$IMU,52794.179,-4.577,-1.403,-2.258,-0.02832,0.47607,1.26513,25.98
$BARO,52794.215,70916.79,25.78
$IMU,52794.254,1.403,-0.854,-3.540,-0.05908,0.40820,1.22021,26.00
$MAG,52794.268,0.115,-0.493,-0.859,24.3
$BARO,52794.316,70930.61,25.78
$IMU,52794.329,6.530,-3.540,5.126,0.06445,0.41992,1.14697,26.01
$MAG,52794.369,0.130,-0.499,-0.855,24.4
$IMU,52794.404,8.605,5.004,0.427,-0.00390,0.46142,1.13916,26.02
$BARO,52794.418,70909.97,25.78
$MAG,52794.470,0.136,-0.495,-0.846,24.4
$IMU,52794.479,1.953,5.859,-0.671,0.00341,0.49511,1.26416,25.98
$BARO,52794.519,71085.49,25.77
$IMU,52794.554,1.953,0.793,0.244,0.01708,0.44726,1.28417,25.98
$MAG,52794.570,0.126,-0.498,-0.841,24.3
$HUM,52794.592,29.5,26.3
$BARO,52794.621,71145.40,25.77
$IMU,52794.629,8.850,-2.685,-3.479,-0.02099,0.48291,1.21289,25.99
$VBAT,52794.667,3.927
$MAG,52794.671,0.130,-0.498,-0.852,24.3
$IMU,52794.704,4.699,-3.417,-1.037,-0.00488,0.48583,1.23681,26.00
$TIME,52794.715,440968.000,2364
$BARO,52794.722,71032.01,25.77
$MAG,52794.772,0.132,-0.499,-0.853,24.3
$IMU,52794.779,2.807,-2.746,4.638,0.00537,0.46044,1.22509,25.99
$BARO,52794.824,71049.83,25.77
$IMU,52794.854,0.915,-4.394,-0.671,-0.01074,0.48291,1.26513,26.00
$MAG,52794.872,0.115,-0.511,-0.850,24.4
$BARO,52794.925,71018.78,25.76
$IMU,52794.929,2.136,-2.136,1.953,-0.05273,0.42041,1.24414,26.01
$MAG,52794.973,0.117,-0.517,-0.846,24.3
$IMU,52795.004,7.629,-3.112,2.563,-0.05957,0.45117,1.20361,26.01
$BARO,52795.027,71134.58,25.77
$MAG,52795.074,0.115,-0.528,-0.858,24.4
$IMU,52795.079,5.065,-5.493,4.150,-0.03222,0.47949,1.20654,26.01
$BARO,52795.128,70916.99,25.76
$IMU,52795.155,3.479,-5.859,-0.488,-0.02197,0.51806,1.27246,26.00
$MAG,52795.174,0.120,-0.529,-0.855,24.3
$BARO,52795.230,71145.21,25.75
$IMU,52795.230,0.976,-1.770,-2.136,-0.07763,0.40869,1.27343,26.03
$MAG,52795.275,0.109,-0.519,-0.850,24.4
$IMU,52795.305,9.155,-0.427,2.746,-0.05029,0.42675,1.22607,26.05
$BARO,52795.331,71055.66,25.75
$MAG,52795.376,0.121,-0.532,-0.855,24.3
$IMU,52795.380,12.390,0.915,0.610,-0.02783,0.58105,1.22949,26.07
$BARO,52795.433,71052.63,25.76
$IMU,52795.455,1.831,2.868,1.098,-0.05078,0.49414,1.29638,26.02
$MAG,52795.476,0.111,-0.532,-0.847,24.3
$IMU,52795.530,2.319,0.976,-2.380,-0.07617,0.44384,1.30322,26.01
$BARO,52795.534,71117.76,25.76
$MAG,52795.577,0.112,-0.540,-0.843,24.3
$IMU,52795.605,9.643,0.000,2.136,-0.06103,0.55029,1.27490,26.05
$HUM,52795.607,29.6,26.3
$BARO,52795.636,70994.55,25.75
$VBAT,52795.670,3.919
$MAG,52795.678,0.115,-0.547,-0.852,24.3
$IMU,52795.680,6.164,-1.159,5.676,-0.00146,0.52880,1.31396,25.99
$TIME,52795.715,440969.000,2364
$BARO,52795.737,71000.76,25.75
$IMU,52795.755,8.850,2.624,1.525,-0.02880,0.44287,1.26269,26.02
$MAG,52795.778,0.109,-0.556,-0.831,24.3
$IMU,52795.830,17.272,3.112,0.000,-0.08203,0.58056,1.19433,26.01
$BARO,52795.839,71055.24,25.74
$MAG,52795.879,0.109,-0.570,-0.832,24.4
$IMU,52795.905,11.962,-2.502,1.037,-0.07714,0.50488,1.23632,26.02
$BARO,52795.940,71161.03,25.75
$MAG,52795.980,0.100,-0.580,-0.832,24.3
$IMU,52795.980,21.728,-5.065,1.953,-0.03613,0.58105,1.17382,26.05
$BARO,52796.041,71246.80,25.75
$IMU,52796.055,15.686,-1.831,-0.549,-0.09960,0.63916,1.13964,26.05
$MAG,52796.080,0.108,-0.588,-0.826,24.3
$IMU,52796.130,5.310,-3.234,4.028,-0.07568,0.60351,1.16650,26.05
$BARO,52796.143,71181.67,25.77
$MAG,52796.181,0.102,-0.580,-0.822,24.3
$IMU,52796.205,1.342,-5.126,3.112,-0.04345,0.69921,1.23925,26.07
$BARO,52796.244,71194.30,25.77
$IMU,52796.281,-3.417,-3.417,1.525,-0.09521,0.56689,1.26220,26.05
$MAG,52796.282,0.099,-0.583,-0.823,24.4
$BARO,52796.346,71166.85,25.77
$IMU,52796.356,4.699,-3.112,3.051,-0.04345,0.59179,1.15380,26.00
$MAG,52796.382,0.108,-0.585,-0.823,24.4
$IMU,52796.431,1.098,1.281,-0.549,-0.07128,0.58740,1.15869,26.01
$BARO,52796.447,71351.59,25.78
$MAG,52796.483,0.099,-0.592,-0.825,24.4
$IMU,52796.506,0.000,1.098,-0.244,-0.03564,0.60302,1.18164,26.02
$BARO,52796.549,71271.64,25.78
$IMU,52796.581,-4.150,6.652,-2.746,-0.10400,0.54394,1.15429,26.06
$MAG,52796.584,0.105,-0.591,-0.823,24.3
$HUM,52796.622,21.9,26.3
$BARO,52796.650,71221.75,25.79
$IMU,52796.656,-2.502,1.586,-0.915,-0.04638,0.50585,1.12451,26.04
$VBAT,52796.672,3.937
$MAG,52796.684,0.096,-0.580,-0.826,24.5
$TIME,52796.715,440970.000,2364
$IMU,52796.731,1.098,0.549,-0.915,-0.06250,0.53857,1.09667,26.01
$BARO,52796.752,71254.80,25.79
$MAG,52796.785,0.108,-0.583,-0.820,24.4
$IMU,52796.806,-0.854,0.366,-1.770,-0.09960,0.49902,1.12109,26.05
$BARO,52796.853,71308.91,25.79
$IMU,52796.881,1.586,0.000,1.647,-0.03710,0.51367,1.07031,26.03
$MAG,52796.886,0.114,-0.591,-0.835,24.3
$BARO,52796.955,71345.77,25.78
$IMU,52796.956,1.403,3.906,0.793,-0.06005,0.50732,1.02001,26.03
$MAG,52796.986,0.109,-0.583,-0.817,24.3
$IMU,52797.031,-1.281,2.929,-3.723,-0.08544,0.48144,1.00878,26.06
$BARO,52797.056,71292.48,25.79
$MAG,52797.087,0.105,-0.577,-0.820,24.3
$IMU,52797.106,-0.915,0.488,-0.915,-0.06396,0.46777,1.02099,26.01
$BARO,52797.158,71350.40,25.80
$IMU,52797.181,3.051,-1.220,-2.563,-0.08300,0.50927,1.02294,26.05
$MAG,52797.188,0.115,-0.589,-0.820,24.3
$IMU,52797.256,5.737,-2.075,-3.723,-0.06640,0.38720,0.96142,26.04
$BARO,52797.259,71362.22,25.80
$MAG,52797.288,0.117,-0.591,-0.813,24.4
$IMU,52797.331,11.413,6.713,2.197,0.00878,0.44921,0.88476,26.05
$BARO,52797.361,71334.16,25.80
$MAG,52797.389,0.115,-0.591,-0.795,24.3
$IMU,52797.406,9.155,10.681,-5.920,-0.03613,0.52490,0.91308,26.03
$BARO,52797.462,71362.41,25.80
$IMU,52797.482,-0.610,4.455,-9.826,-0.14746,0.46240,1.04736,26.03
$MAG,52797.490,0.126,-0.580,-0.807,24.5
$IMU,52797.557,5.554,-6.835,-2.624,-0.06396,0.48828,1.02929,26.07
$BARO,52797.564,71280.66,25.80
$MAG,52797.590,0.112,-0.583,-0.793,24.3
$IMU,52797.632,10.375,-2.929,2.502,0.00000,0.51171,0.92773,26.08
$HUM,52797.636,17.9,26.3
$BARO,52797.665,71494.26,25.80
$VBAT,52797.680,3.919
$MAG,52797.691,0.121,-0.589,-0.801,24.3
$IMU,52797.707,1.525,2.563,-0.793,-0.02783,0.48535,0.93310,26.03
$TIME,52797.715,440971.000,2364
$BARO,52797.767,71518.51,25.80
$IMU,52797.782,-2.746,1.892,-5.249,-0.09570,0.50537,0.95214,26.07
$MAG,52797.792,0.123,-0.594,-0.799,24.3
$IMU,52797.857,-5.920,-0.427,1.708,-0.02197,0.44921,1.05224,26.09
$BARO,52797.868,71525.73,25.81
$MAG,52797.892,0.118,-0.591,-0.796,24.4
$IMU,52797.932,1.159,-0.122,-1.892,-0.01416,0.41406,1.01806,26.03
$BARO,52797.970,71523.73,25.81
$MAG,52797.993,0.120,-0.582,-0.786,24.4
$IMU,52798.007,7.812,2.990,-6.835,-0.06884,0.52197,0.91015,26.04
$BARO,52798.071,71564.61,25.81
$IMU,52798.082,1.464,3.784,-1.831,-0.03808,0.43701,0.88574,26.06
$MAG,52798.094,0.124,-0.576,-0.792,24.4
$IMU,52798.157,-2.014,3.234,-2.502,-0.03955,0.47558,0.92187,26.05
$BARO,52798.173,71638.56,25.82
$MAG,52798.194,0.124,-0.577,-0.787,24.4
$IMU,52798.232,-2.929,4.882,-2.136,-0.02246,0.44970,0.98095,26.07
$BARO,52798.274,71674.02,25.82
$MAG,52798.295,0.135,-0.580,-0.784,24.3
$IMU,52798.307,2.929,4.577,-5.126,-0.04101,0.45263,0.94677,26.05
$BARO,52798.376,71626.74,25.83
$IMU,52798.382,5.249,3.479,-2.136,-0.07568,0.45654,0.86816,26.00
$MAG,52798.396,0.129,-0.577,-0.780,24.4
$IMU,52798.457,2.136,0.793,-1.647,-0.02392,0.49023,0.86376,26.05
$BARO,52798.477,71555.81,25.82
$MAG,52798.496,0.136,-0.577,-0.781,24.3
$IMU,52798.532,-4.089,2.868,-3.417,-0.03222,0.44482,0.94677,26.09
$BARO,52798.579,71589.86,25.83
$MAG,52798.597,0.145,-0.580,-0.774,24.4
$IMU,52798.608,0.122,5.310,-3.540,-0.02148,0.47070,0.97949,26.07
$HUM,52798.651,19.0,26.3
$BARO,52798.680,71636.76,25.83
$VBAT,52798.681,3.926
$IMU,52798.683,5.065,9.155,-2.441,-0.04687,0.50439,0.92675,26.06
$MAG,52798.698,0.141,-0.577,-0.772,24.3
$TIME,52798.715,440972.000,2364
$IMU,52798.758,2.319,5.126,-4.943,-0.04980,0.43701,0.88867,26.07
$BARO,52798.782,71695.86,25.82
$MAG,52798.798,0.148,-0.567,-0.766,24.4
$IMU,52798.833,-0.793,2.502,-2.685,-0.03027,0.49365,0.90576,26.02
$BARO,52798.883,71609.89,25.82
$MAG,52798.899,0.148,-0.576,-0.765,24.4
$IMU,52798.908,-5.249,4.577,-0.244,-0.04492,0.49951,0.98437,26.05
$IMU,52798.983,-3.845,0.427,-2.258,-0.06005,0.38867,0.99414,26.04
$BARO,52798.985,71556.20,25.82
$MAG,52799.000,0.153,-0.568,-0.763,24.4
$IMU,52799.058,6.774,0.793,1.586,-0.06835,0.44873,0.83789,26.07
$BARO,52799.086,71655.18,25.83
$MAG,52799.100,0.148,-0.576,-0.769,24.4
$IMU,52799.133,-0.427,-4.211,3.601,-0.06835,0.47509,0.87402,26.03
$BARO,52799.188,71573.23,25.82
$MAG,52799.201,0.145,-0.571,-0.780,24.3
$IMU,52799.208,-7.385,-12.268,1.342,-0.07226,0.39160,0.98388,26.05
$IMU,52799.283,3.234,-13.427,6.042,-0.04785,0.42089,0.93017,26.03
$BARO,52799.289,71636.34,25.82
$MAG,52799.302,0.138,-0.585,-0.790,24.3
$IMU,52799.358,6.042,-13.244,4.943,-0.05029,0.45605,0.85546,26.03
$BARO,52799.391,71643.75,25.81
$MAG,52799.402,0.126,-0.586,-0.792,24.4
$IMU,52799.433,0.427,-11.596,5.004,-0.02587,0.42675,0.87402,26.05
$BARO,52799.492,71734.74,25.82
$MAG,52799.503,0.124,-0.586,-0.799,24.4
$IMU,52799.508,-1.220,-9.216,1.464,-0.05615,0.44189,0.91308,26.05
$IMU,52799.583,-0.854,-7.263,1.525,-0.04345,0.39648,0.91210,26.05
$BARO,52799.594,71691.65,25.82
$MAG,52799.604,0.120,-0.592,-0.799,24.4
$IMU,52799.658,4.272,-4.333,2.014,-0.01171,0.44482,0.86523,26.01
$HUM,52799.666,10.9,26.3
$VBAT,52799.684,3.926
$BARO,52799.695,71730.72,25.82
$MAG,52799.704,0.120,-0.583,-0.807,24.4
$TIME,52799.715,440973.000,2364
$IMU,52799.733,1.464,0.183,-0.854,-0.03710,0.45507,0.86816,26.04
$BARO,52799.797,71677.63,25.82
$MAG,52799.805,0.117,-0.583,-0.799,24.4
$IMU,52799.809,-1.770,1.098,-1.892,-0.03125,0.41601,0.89746,26.05
$IMU,52799.884,0.122,2.868,-2.380,-0.04833,0.46582,0.89990,26.06
$BARO,52799.898,71710.68,25.82
$MAG,52799.906,0.121,-0.582,-0.808,24.3
$IMU,52799.959,-0.732,6.042,-1.953,-0.04443,0.44726,0.91992,26.05
$BARO,52800.000,71740.35,25.82
$MAG,52800.007,0.129,-0.585,-0.793,24.3
$IMU,52800.034,1.098,6.469,-0.854,-0.02978,0.44970,0.91259,26.03
$BARO,52800.101,71786.05,25.83
$MAG,52800.107,0.130,-0.583,-0.781,24.4
$IMU,52800.109,1.403,5.981,-2.685,-0.04345,0.45214,0.87744,26.08
$IMU,52800.184,-2.075,4.943,-1.525,-0.05273,0.45312,0.89697,26.07
$BARO,52800.203,71784.64,25.82
$MAG,52800.208,0.129,-0.577,-0.784,24.3
$IMU,52800.259,-2.929,2.807,-0.915,-0.07275,0.46044,0.90966,26.01
$BARO,52800.304,71745.57,25.83
$MAG,52800.309,0.135,-0.574,-0.787,24.3
$IMU,52800.334,-4.333,-0.427,0.061,-0.04785,0.40527,0.94726,26.05
$BARO,52800.406,71721.12,25.82
$MAG,52800.409,0.127,-0.582,-0.790,24.4
$IMU,52800.409,0.610,0.061,0.549,-0.06152,0.45166,0.92626,26.06
$IMU,52800.484,2.563,-2.075,0.732,-0.04394,0.46142,0.87011,26.06
$BARO,52800.507,71894.86,25.82
$MAG,52800.510,0.127,-0.588,-0.792,24.3
$IMU,52800.559,-2.624,-2.197,0.488,-0.06250,0.41894,0.87255,26.01
$BARO,52800.609,71702.69,25.83
$MAG,52800.611,0.133,-0.580,-0.786,24.4
$IMU,52800.634,-3.356,-5.432,0.610,-0.05419,0.41796,0.90771,26.03
$HUM,52800.681,14.5,26.3
$VBAT,52800.685,3.921
$IMU,52800.709,-0.671,-3.845,0.732,-0.05859,0.42285,0.92675,26.06
$BARO,52800.710,71969.40,25.82
$MAG,52800.711,0.124,-0.579,-0.799,24.4
$IMU,52800.784,1.403,-3.295,2.746,-0.00488,0.40673,0.87646,26.08
$BARO,52800.812,71763.41,25.83
$MAG,52800.812,0.127,-0.586,-0.798,24.4
$IMU,52800.859,1.831,1.831,-2.807,-0.03662,0.44384,0.86523,26.07
$BARO,52800.913,71817.30,25.83
$MAG,52800.913,0.121,-0.582,-0.798,24.4
$IMU,52800.935,-0.244,3.479,0.732,-0.01513,0.41308,0.87792,26.05
$IMU,52801.010,-0.610,4.882,-3.601,-0.04785,0.37011,0.86669,26.06
$MAG,52801.013,0.132,-0.574,-0.777,24.4
$BARO,52801.015,71846.16,25.82
$IMU,52801.085,2.380,2.624,-3.112,-0.05566,0.36816,0.82812,26.05
$MAG,52801.114,0.127,-0.580,-0.789,24.3
$BARO,52801.116,71935.52,25.82
$IMU,52801.160,3.417,0.549,0.305,-0.04248,0.41894,0.81054,26.03
$MAG,52801.215,0.133,-0.577,-0.786,24.5
$BARO,52801.218,71903.69,25.83
$IMU,52801.235,-0.122,0.427,2.441,-0.03662,0.37597,0.82958,26.06
$IMU,52801.310,1.159,1.159,1.098,-0.05419,0.36865,0.81884,26.03
$MAG,52801.315,0.129,-0.588,-0.780,24.3
$BARO,52801.319,71935.54,25.83
$IMU,52801.385,2.441,-4.943,0.976,-0.08642,0.35107,0.80078,26.05
$MAG,52801.416,0.120,-0.591,-0.781,24.4
$BARO,52801.421,71962.21,25.84
$IMU,52801.460,4.394,-8.300,5.737,-0.04101,0.40722,0.75976,26.04
$MAG,52801.517,0.120,-0.588,-0.798,24.3
$BARO,52801.522,71940.96,25.84
$IMU,52801.535,-0.122,-5.981,4.821,-0.01416,0.39111,0.83544,26.02
$IMU,52801.610,0.000,-5.310,-2.502,-0.05468,0.44238,0.88623,26.07
$MAG,52801.617,0.112,-0.594,-0.799,24.3
$BARO,52801.624,71925.75,25.85
$IMU,52801.685,3.295,-2.624,0.366,-0.03955,0.41748,0.84814,26.01
$VBAT,52801.686,3.914
$HUM,52801.696,9.8,26.3
$TIME,52801.715,440974.000,2364
$MAG,52801.718,0.115,-0.583,-0.798,24.4
$BARO,52801.725,71938.57,25.85
$IMU,52801.760,3.662,0.122,2.136,-0.00976,0.41992,0.83447,25.99
$MAG,52801.819,0.115,-0.591,-0.793,24.3
$BARO,52801.827,72056.42,25.85
$IMU,52801.835,-0.488,2.075,-4.577,0.01123,0.48681,0.90039,26.03
$IMU,52801.910,-2.929,10.375,-7.141,-0.04687,0.44287,1.01953,26.04
$MAG,52801.919,0.129,-0.592,-0.778,24.4
$BARO,52801.928,72015.13,25.85
$IMU,52801.985,6.713,13.305,-5.310,-0.03222,0.53027,0.97656,26.06
$MAG,52802.020,0.132,-0.588,-0.766,24.3
$BARO,52802.030,72018.35,25.86
$IMU,52802.060,5.004,14.526,-5.371,-0.05859,0.52734,0.94287,26.05
$MAG,52802.121,0.141,-0.576,-0.766,24.3
$BARO,52802.131,71998.07,25.84
$IMU,52802.136,0.244,8.728,-5.249,-0.05908,0.55712,0.96630,26.07
$IMU,52802.211,-3.967,6.896,-2.441,-0.07031,0.52832,1.02441,26.03
$MAG,52802.222,0.139,-0.576,-0.759,24.4
$BARO,52802.232,71992.26,25.83
$IMU,52802.286,-1.892,3.173,-1.159,-0.07666,0.49414,1.00146,26.07
$MAG,52802.322,0.141,-0.583,-0.763,24.4
$BARO,52802.334,71999.04,25.82
$IMU,52802.361,2.929,-3.051,1.953,-0.07324,0.53515,0.95507,26.07
$MAG,52802.423,0.144,-0.585,-0.768,24.4
$BARO,52802.435,72070.00,25.82
$IMU,52802.436,-0.915,-6.896,3.479,-0.09130,0.51611,0.99169,26.10
$IMU,52802.511,0.427,-9.887,7.263,-0.02587,0.53466,1.01464,26.04
$MAG,52802.524,0.129,-0.583,-0.777,24.4
$BARO,52802.537,72090.25,25.83
$IMU,52802.586,2.990,-6.774,3.540,-0.07177,0.52099,0.95458,26.01
$MAG,52802.624,0.115,-0.588,-0.774,24.3
$BARO,52802.638,72084.65,25.84
$IMU,52802.661,1.892,-9.521,3.784,-0.07519,0.51220,0.90136,26.02
$VBAT,52802.696,3.922
$HUM,52802.711,9.5,26.3
$TIME,52802.715,440975.000,2364
$MAG,52802.725,0.123,-0.597,-0.790,24.4
$IMU,52802.736,-2.075,-8.911,5.859,-0.02734,0.49072,0.89697,26.05
$BARO,52802.740,72074.82,25.84
$IMU,52802.811,-4.211,-4.699,3.234,-0.02880,0.46191,0.91699,26.05
$MAG,52802.826,0.120,-0.591,-0.793,24.4
$BARO,52802.841,72099.10,25.85
$IMU,52802.886,-2.136,-2.258,-2.014,-0.04882,0.44433,0.86816,26.02
$MAG,52802.926,0.124,-0.600,-0.777,24.3
$BARO,52802.943,72148.80,25.85
$IMU,52802.961,-2.441,-0.671,0.183,-0.04345,0.43017,0.84423,26.00
$MAG,52803.027,0.123,-0.595,-0.795,24.4
$IMU,52803.036,-2.319,0.427,1.037,-0.00927,0.43505,0.82275,26.04
$BARO,52803.044,72173.27,25.86
$IMU,52803.111,-4.455,1.586,-2.136,-0.02343,0.39648,0.83447,26.03
$MAG,52803.128,0.115,-0.586,-0.789,24.4
$BARO,52803.146,72192.72,25.88
$IMU,52803.186,-1.586,4.577,-3.295,-0.02929,0.39453,0.81591,26.01
$MAG,52803.228,0.124,-0.586,-0.778,24.3
$BARO,52803.247,72228.41,25.88
$IMU,52803.262,-0.122,6.225,-2.380,-0.06152,0.41455,0.80712,26.00
$MAG,52803.329,0.124,-0.589,-0.783,24.3
$IMU,52803.337,-0.427,2.746,-0.793,-0.02294,0.40576,0.79980,26.03
$BARO,52803.348,72150.04,25.88
$IMU,52803.412,-0.671,4.150,-2.258,-0.02294,0.40771,0.80322,26.04
$MAG,52803.430,0.136,-0.580,-0.783,24.4
$BARO,52803.450,72209.57,25.88
$IMU,52803.487,-1.708,3.234,-3.784,-0.05371,0.43896,0.85791,26.03
$MAG,52803.530,0.133,-0.577,-0.774,24.4
$BARO,52803.551,72221.80,25.89
$IMU,52803.562,-1.037,3.051,-2.380,-0.06054,0.45263,0.89062,26.02
$MAG,52803.631,0.135,-0.576,-0.775,24.4
$IMU,52803.637,1.037,2.746,-3.662,-0.03662,0.43652,0.83154,26.01
$BARO,52803.653,72205.79,25.89
$VBAT,52803.706,3.914
$IMU,52803.712,-0.366,-0.366,-2.685,0.00341,0.42724,0.78955,26.03
$TIME,52803.715,440976.000,2364
$HUM,52803.726,14.1,26.4
$MAG,52803.732,0.130,-0.570,-0.783,24.3
$BARO,52803.754,72200.74,25.88
$IMU,52803.787,-3.845,1.953,-5.310,-0.06738,0.40234,0.86132,26.03
$MAG,52803.832,0.136,-0.571,-0.772,24.4
$BARO,52803.856,72279.94,25.89
$IMU,52803.862,-2.502,2.319,-5.737,-0.04101,0.42480,0.92480,26.03
$MAG,52803.933,0.148,-0.568,-0.771,24.3
$IMU,52803.937,4.028,5.187,-3.479,-0.02343,0.36669,0.80712,26.03
$BARO,52803.957,72267.92,25.89
$IMU,52804.012,6.958,4.699,-1.525,-0.05517,0.41455,0.71484,26.09
$MAG,52804.034,0.150,-0.565,-0.771,24.4
$BARO,52804.059,72246.06,25.89
$IMU,52804.087,-4.028,-0.488,-1.953,-0.05078,0.43701,0.84667,26.05
$MAG,52804.135,0.142,-0.559,-0.777,24.3
$BARO,52804.160,72353.26,25.88
$IMU,52804.162,-4.455,-2.624,-3.845,-0.05419,0.40527,0.95605,25.96
$MAG,52804.235,0.144,-0.568,-0.772,24.4
$IMU,52804.237,7.202,-3.295,0.671,-0.04052,0.41650,0.87939,25.98
$BARO,52804.262,72288.13,25.88
$IMU,52804.312,9.704,0.366,-1.403,-0.04687,0.51562,0.78808,26.02
$MAG,52804.336,0.150,-0.562,-0.769,24.4
$BARO,52804.363,72279.89,25.88
$IMU,52804.387,-2.624,0.610,0.122,-0.06250,0.49804,0.94628,26.04
$MAG,52804.437,0.142,-0.567,-0.775,24.4
$IMU,52804.463,-0.061,-1.708,0.305,-0.01904,0.46093,0.95263,26.05
$BARO,52804.465,72204.55,25.88
$MAG,52804.537,0.141,-0.574,-0.771,24.3
$IMU,52804.538,8.056,-1.403,-4.272,-0.04443,0.50488,0.81396,26.04
$BARO,52804.566,72239.62,25.87
$IMU,52804.613,-0.854,0.915,-3.906,-0.04003,0.51367,0.86572,26.00
$MAG,52804.638,0.147,-0.559,-0.772,24.5
$BARO,52804.668,72274.45,25.85
$IMU,52804.688,-5.310,4.028,-3.234,-0.01953,0.47509,1.00000,26.03
$VBAT,52804.706,3.922
$TIME,52804.715,440977.000,2364
$MAG,52804.739,0.147,-0.562,-0.759,24.4
$HUM,52804.741,15.5,26.4
$IMU,52804.763,1.586,7.873,-4.577,-0.03320,0.49951,0.98095,26.01
$BARO,52804.769,72315.14,25.86
$IMU,52804.838,5.371,6.225,-7.080,-0.08496,0.51757,0.92236,26.03
$MAG,52804.839,0.153,-0.558,-0.765,24.4
$BARO,52804.870,72320.33,25.84
$IMU,52804.913,0.915,1.586,-2.685,-0.03173,0.54736,0.95898,26.01
$MAG,52804.940,0.165,-0.559,-0.763,24.3
$BARO,52804.972,72369.00,25.84
$IMU,52804.988,-2.624,3.234,-2.563,-0.02978,0.52490,1.00390,26.01
$MAG,52805.041,0.150,-0.550,-0.747,24.3
$IMU,52805.063,-1.464,5.310,-5.615,-0.04101,0.49316,0.97949,26.00
$BARO,52805.073,72353.40,25.85
$IMU,52805.138,-1.525,7.019,-2.258,-0.02246,0.48828,0.96337,26.01
$MAG,52805.141,0.168,-0.553,-0.754,24.4
$BARO,52805.175,72419.95,25.85
$IMU,52805.213,-0.732,5.065,-6.286,-0.08105,0.50927,0.95507,25.99
$MAG,52805.242,0.169,-0.546,-0.748,24.4
$BARO,52805.276,72330.98,25.86
$IMU,52805.288,-1.037,-1.647,-3.051,-0.04199,0.47216,0.96679,26.03
$MAG,52805.343,0.166,-0.543,-0.753,24.4
$IMU,52805.363,-2.136,-1.159,-2.502,-0.07080,0.56445,1.00537,26.01
$BARO,52805.378,72507.53,25.87
$IMU,52805.438,-1.770,-4.150,-2.685,-0.08935,0.43212,1.02392,26.03
$MAG,52805.443,0.159,-0.549,-0.756,24.3
$BARO,52805.479,72473.06,25.86
$IMU,52805.513,8.789,-4.638,5.065,-0.02685,0.52880,0.91259,26.00
$MAG,52805.544,0.157,-0.552,-0.753,24.4
$BARO,52805.581,72295.10,25.85
$IMU,52805.588,0.427,-5.493,1.403,-0.08056,0.55273,0.95849,25.98
$MAG,52805.645,0.150,-0.553,-0.762,24.3
$IMU,52805.664,-4.699,-12.145,5.737,-0.04833,0.48876,1.04394,26.07
$BARO,52805.682,72458.22,25.85
$VBAT,52805.714,3.921
$TIME,52805.715,440979.000,2364
$IMU,52805.739,2.624,-7.324,3.112,-0.03564,0.52246,0.99755,26.02
$MAG,52805.745,0.154,-0.553,-0.771,24.4
$HUM,52805.755,13.6,26.4
$BARO,52805.784,72536.97,25.85
$IMU,52805.814,1.708,-8.117,1.098,-0.05566,0.57910,0.95605,26.02
$MAG,52805.846,0.144,-0.558,-0.772,24.3
$BARO,52805.885,72352.65,25.87
$IMU,52805.889,-8.117,-6.347,1.220,-0.03173,0.52441,0.99804,26.03
$MAG,52805.947,0.147,-0.546,-0.778,24.3
$IMU,52805.964,-11.840,0.793,1.098,0.00146,0.52734,0.99902,26.03
$BARO,52805.986,72463.07,25.87
$IMU,52806.039,-18.310,5.615,-3.601,-0.02343,0.52294,1.00439,26.02
$MAG,52806.047,0.159,-0.535,-0.786,24.4
$BARO,52806.088,72537.41,25.87
$IMU,52806.114,-27.648,6.347,-2.319,-0.07421,0.48144,1.08984,26.05
$MAG,52806.148,0.162,-0.519,-0.792,24.3
$BARO,52806.189,72504.12,25.85
$IMU,52806.189,-27.282,0.610,0.366,-0.05029,0.35595,1.08740,26.03
$MAG,52806.249,0.150,-0.511,-0.799,24.3
$IMU,52806.264,-17.822,-2.868,-0.305,-0.00732,0.32958,1.08593,26.02
$BARO,52806.291,72472.99,25.83
$IMU,52806.339,-10.864,0.305,-0.305,-0.08398,0.31982,1.07470,26.04
$MAG,52806.349,0.153,-0.511,-0.801,24.4
$BARO,52806.392,72373.56,25.81
$IMU,52806.414,-1.647,-2.014,1.953,-0.07812,0.34375,1.06347,26.04
$MAG,52806.450,0.150,-0.514,-0.804,24.4
$IMU,52806.489,-0.061,-4.089,5.432,0.01025,0.31445,1.08740,25.99
$BARO,52806.494,72588.72,25.80
$MAG,52806.551,0.148,-0.517,-0.796,24.3
$IMU,52806.564,5.065,-2.685,0.915,-0.06982,0.41113,0.99951,25.99
$BARO,52806.595,72646.42,25.78
$IMU,52806.639,-5.981,-8.972,-4.333,-0.07763,0.33056,0.95947,26.00
$MAG,52806.651,0.142,-0.504,-0.822,24.3
$BARO,52806.697,72689.63,25.77
$IMU,52806.714,-15.502,-9.704,1.403,-0.02148,0.31884,1.04296,26.00
$TIME,52806.715,440980.000,2364
$VBAT,52806.718,3.930
$MAG,52806.752,0.132,-0.493,-0.829,24.4
$HUM,52806.770,27.9,26.3
$IMU,52806.790,-15.930,-4.272,5.798,0.03662,0.26757,1.01757,26.05
$BARO,52806.798,72649.93,25.75
$MAG,52806.853,0.130,-0.490,-0.820,24.4
$IMU,52806.865,-16.357,4.150,1.037,0.03662,0.15429,0.89453,25.98
$BARO,52806.900,72548.92,25.75
$IMU,52806.940,-7.202,10.742,-3.356,-0.01562,0.21875,0.92333,26.01
$MAG,52806.953,0.153,-0.495,-0.814,24.4
$BARO,52807.001,72471.16,25.73
$IMU,52807.015,-6.469,10.620,-4.211,0.00146,0.24316,1.10302,26.01
$MAG,52807.054,0.154,-0.489,-0.816,24.3
$IMU,52807.090,-2.380,10.498,-4.943,-0.08740,0.18457,1.09277,26.00
$BARO,52807.102,72445.86,25.71
$MAG,52807.155,0.157,-0.487,-0.799,24.4
$IMU,52807.165,11.596,0.976,-2.075,-0.11376,0.28173,0.96484,26.02
$BARO,52807.204,72593.89,25.69
$IMU,52807.240,5.371,-7.873,4.821,-0.00537,0.32958,1.03613,26.03
$MAG,52807.256,0.138,-0.496,-0.811,24.4
$BARO,52807.305,72556.98,25.68
$IMU,52807.315,-1.525,-2.990,6.652,-0.00585,0.18408,1.09082,26.03
$MAG,52807.356,0.153,-0.495,-0.805,24.4
$IMU,52807.390,6.774,-1.953,-0.793,-0.05566,0.40625,1.07275,25.99
$BARO,52807.407,72617.68,25.68
$MAG,52807.457,0.141,-0.495,-0.819,24.4
$IMU,52807.465,-5.187,-4.699,1.831,-0.08642,0.23535,1.05322,26.00
$BARO,52807.508,72765.71,25.68
$IMU,52807.540,0.793,-14.465,3.173,-0.00292,0.24414,0.98144,26.02
$MAG,52807.558,0.138,-0.504,-0.828,24.3
$BARO,52807.610,72692.75,25.67
$IMU,52807.615,4.089,-8.239,2.685,-0.04492,0.32763,0.99609,25.97
$MAG,52807.658,0.126,-0.504,-0.828,24.4
$IMU,52807.690,-2.685,-5.065,1.892,-0.00439,0.22363,1.00732,25.97
$BARO,52807.711,72603.98,25.65
$TIME,52807.715,440980.000,2364
$VBAT,52807.731,3.911
$MAG,52807.759,0.127,-0.501,-0.820,24.4
$IMU,52807.765,3.967,0.305,-0.549,-0.04443,0.26611,0.97998,25.97
$HUM,52807.785,27.8,26.2
$BARO,52807.813,72631.65,25.66
$IMU,52807.840,7.629,0.305,0.061,-0.04443,0.24707,0.91259,26.03
$MAG,52807.860,0.133,-0.514,-0.822,24.4
$BARO,52807.914,72618.60,25.65
$IMU,52807.915,11.779,-4.211,4.211,-0.03759,0.25537,0.90429,25.99
$MAG,52807.960,0.136,-0.525,-0.829,24.4
$IMU,52807.991,12.573,-7.324,1.525,-0.11914,0.37255,0.89208,25.99
$BARO,52808.015,72867.45,25.67
$MAG,52808.061,0.117,-0.523,-0.828,24.4
$IMU,52808.066,0.244,-10.375,3.906,-0.10302,0.23388,0.96630,25.98
$BARO,52808.117,72661.36,25.69
$IMU,52808.141,9.460,-11.779,9.948,-0.05712,0.32568,0.96630,25.98
$MAG,52808.162,0.108,-0.535,-0.841,24.3
$IMU,52808.216,11.474,-15.136,4.943,-0.11669,0.41064,0.97851,26.00
$BARO,52808.218,72792.62,25.70
$MAG,52808.262,0.102,-0.535,-0.847,24.3
$IMU,52808.291,4.882,-20.202,5.249,-0.09521,0.34130,0.97265,25.94
$BARO,52808.320,72846.73,25.70
$MAG,52808.363,0.082,-0.561,-0.858,24.3
$IMU,52808.366,6.652,-18.005,10.009,-0.00830,0.37597,0.93164,25.98
$BARO,52808.421,72791.45,25.71
$IMU,52808.441,2.685,-9.094,2.319,-0.04833,0.40722,0.92578,26.01
$MAG,52808.464,0.076,-0.544,-0.862,24.3
$IMU,52808.516,-3.601,-4.272,-0.427,-0.08642,0.33691,0.98925,26.01
$BARO,52808.523,72809.90,25.71
$MAG,52808.564,0.079,-0.561,-0.862,24.4
$IMU,52808.591,2.868,-2.136,2.014,-0.06298,0.38281,0.96728,25.96
$BARO,52808.624,72859.55,25.71
$MAG,52808.665,0.078,-0.547,-0.862,24.4
$IMU,52808.666,2.075,0.488,0.183,-0.06884,0.34960,0.94238,25.94
$TIME,52808.715,440982.000,2364
$BARO,52808.726,72831.91,25.70
$VBAT,52808.737,3.922
$IMU,52808.741,2.746,3.601,-0.183,-0.06201,0.35498,0.91845,25.97
$MAG,52808.766,0.090,-0.561,-0.856,24.3
$HUM,52808.799,23.0,26.2
$IMU,52808.816,1.586,7.080,1.098,-0.07421,0.40869,0.93701,26.00
$BARO,52808.827,72872.96,25.70
$MAG,52808.866,0.081,-0.556,-0.855,24.3
$IMU,52808.891,-4.028,5.676,0.549,-0.07128,0.35546,1.00830,26.01
$BARO,52808.928,72838.52,25.70
$IMU,52808.966,3.051,3.540,-1.159,-0.07421,0.39160,0.99267,25.99
$MAG,52808.967,0.082,-0.558,-0.846,24.3
$BARO,52809.030,72798.08,25.72
$IMU,52809.041,3.417,3.417,-2.014,-0.12500,0.41357,0.95166,25.94
$MAG,52809.068,0.088,-0.559,-0.849,24.4
$IMU,52809.117,-2.685,0.244,0.488,-0.06933,0.38671,1.00000,25.94
$BARO,52809.131,72835.57,25.72
$MAG,52809.168,0.090,-0.556,-0.849,24.3
$IMU,52809.192,-3.295,1.159,0.305,-0.10644,0.39550,1.02099,25.97
$BARO,52809.233,72899.31,25.73
$IMU,52809.267,-0.305,-4.394,0.244,-0.09423,0.33691,0.95458,25.97
$MAG,52809.269,0.085,-0.553,-0.853,24.4
$BARO,52809.334,72935.16,25.73
$IMU,52809.342,2.258,-7.263,2.380,-0.09472,0.37646,0.89697,25.92
$MAG,52809.370,0.085,-0.558,-0.852,24.4
$IMU,52809.417,-4.577,-7.202,1.159,-0.07666,0.34765,0.93359,25.97
$BARO,52809.436,73043.17,25.73
$MAG,52809.471,0.078,-0.561,-0.865,24.3
$IMU,52809.492,-2.929,-3.356,0.915,-0.04052,0.28662,0.92724,25.95
$BARO,52809.537,73054.19,25.74
$IMU,52809.567,3.295,4.455,-2.502,-0.08007,0.34472,0.87158,25.93
$MAG,52809.571,0.079,-0.558,-0.858,24.3
$BARO,52809.639,73071.22,25.74
$IMU,52809.642,1.281,6.713,-0.427,-0.04150,0.34619,0.90332,25.94
$MAG,52809.672,0.085,-0.558,-0.852,24.4
$TIME,52809.715,440984.000,2364
$IMU,52809.717,0.610,7.873,-2.014,-0.06347,0.35595,0.90625,25.95
$VBAT,52809.737,3.918
$BARO,52809.740,73078.05,25.74
$MAG,52809.773,0.097,-0.561,-0.847,24.3
$IMU,52809.792,0.793,9.887,-4.150,-0.08349,0.32910,0.89746,25.96
$HUM,52809.814,18.2,26.2
$BARO,52809.842,73029.76,25.74
$IMU,52809.867,2.258,10.498,-1.037,-0.06250,0.34228,0.91699,25.92
$MAG,52809.873,0.099,-0.559,-0.837,24.4
$IMU,52809.942,2.319,10.681,-3.417,-0.06054,0.39599,0.92187,25.91
$BARO,52809.943,72978.45,25.74
$MAG,52809.974,0.105,-0.561,-0.826,24.3
$IMU,52810.017,-0.732,7.690,-6.164,-0.13183,0.34521,0.93212,25.91
$BARO,52810.045,72978.67,25.74
$MAG,52810.074,0.115,-0.552,-0.822,24.4
$IMU,52810.092,1.647,1.281,-0.488,-0.06933,0.39941,0.95117,25.92
$BARO,52810.146,73098.09,25.74
$IMU,52810.167,-1.464,4.760,-0.366,-0.06445,0.35595,0.94531,25.93
$MAG,52810.175,0.118,-0.558,-0.829,24.3
$IMU,52810.242,-0.122,3.234,-3.173,-0.12402,0.36816,0.89306,25.95
$BARO,52810.247,73063.06,25.74
$MAG,52810.276,0.112,-0.550,-0.826,24.4
$IMU,52810.318,-4.760,-0.427,-1.647,-0.09082,0.39453,0.94091,25.95
$BARO,52810.349,72970.65,25.74
$MAG,52810.376,0.112,-0.541,-0.823,24.3
$IMU,52810.393,-7.141,0.610,-0.122,-0.05810,0.29345,0.95849,25.92
$BARO,52810.450,73061.77,25.72
$IMU,52810.468,-1.159,1.953,-3.356,-0.09814,0.34228,0.90673,25.96
$MAG,52810.477,0.117,-0.540,-0.832,24.3
$IMU,52810.543,-1.831,-0.915,-3.845,-0.10498,0.32421,0.92236,25.94
$BARO,52810.552,73074.95,25.71
$MAG,52810.578,0.118,-0.543,-0.829,24.3
$IMU,52810.618,-2.929,0.915,0.732,-0.07519,0.35156,0.92236,25.94
$BARO,52810.653,73065.96,25.72
$MAG,52810.678,0.126,-0.532,-0.832,24.4
$IMU,52810.693,-4.943,4.394,-0.488,-0.05126,0.27832,0.93359,25.96
$VBAT,52810.738,3.921
$BARO,52810.755,73172.67,25.70
$IMU,52810.768,1.037,3.906,-3.295,-0.07666,0.35058,0.85595,25.92
$MAG,52810.779,0.124,-0.541,-0.831,24.3
$HUM,52810.829,23.3,26.2
$IMU,52810.843,-4.882,3.479,-5.249,-0.12792,0.28857,0.88427,25.91
$BARO,52810.856,73029.45,25.70
$MAG,52810.880,0.129,-0.538,-0.820,24.4
$IMU,52810.918,-4.455,1.159,-2.441,-0.08447,0.28222,0.93310,25.90
$BARO,52810.958,73103.11,25.69
$MAG,52810.980,0.121,-0.534,-0.823,24.4
$IMU,52810.993,2.319,2.807,-1.220,-0.07177,0.25488,0.87939,25.92
$BARO,52811.059,73052.82,25.69
$IMU,52811.068,6.958,2.075,0.793,-0.05712,0.33642,0.85595,25.94
$MAG,52811.081,0.127,-0.534,-0.822,24.4
$IMU,52811.143,0.244,5.615,-6.408,-0.07275,0.36914,0.94189,25.90
$BARO,52811.161,73150.22,25.69
$MAG,52811.182,0.139,-0.528,-0.819,24.4
$IMU,52811.218,-3.173,9.826,-3.906,-0.04052,0.27832,0.97558,25.92
$BARO,52811.262,73169.85,25.69
$MAG,52811.282,0.142,-0.534,-0.792,24.3
$IMU,52811.293,5.493,15.136,-6.713,-0.03125,0.38623,0.94873,25.92
$BARO,52811.364,73207.29,25.69
$IMU,52811.368,0.244,21.118,-11.169,-0.09570,0.37744,0.97265,25.91
$MAG,52811.383,0.151,-0.511,-0.783,24.3
$IMU,52811.444,-0.915,15.747,-10.009,-0.09716,0.33642,0.96826,25.91
$BARO,52811.465,73103.08,25.68
$MAG,52811.484,0.172,-0.507,-0.778,24.2
$IMU,52811.519,0.122,14.160,-7.629,-0.10058,0.39062,0.97509,25.93
$BARO,52811.567,73182.20,25.68
$MAG,52811.584,0.171,-0.510,-0.763,24.3
$IMU,52811.594,-0.915,14.404,-2.319,-0.08691,0.36669,0.99169,25.90
$BARO,52811.668,73126.14,25.69
$IMU,52811.669,0.183,8.789,-5.615,-0.11523,0.36328,0.95361,25.91
$MAG,52811.685,0.169,-0.502,-0.760,24.3
$TIME,52811.715,440985.000,2364
$IMU,52811.744,-1.892,-0.549,-7.324,-0.15185,0.40136,0.97021,25.93
$VBAT,52811.746,3.927
$BARO,52811.769,73213.06,25.68
$MAG,52811.786,0.174,-0.502,-0.763,24.4
$IMU,52811.819,-3.906,-6.042,1.098,-0.12548,0.35644,0.99902,25.93
$HUM,52811.843,27.0,26.2
$BARO,52811.871,73225.71,25.69
$MAG,52811.886,0.168,-0.498,-0.766,24.4
$IMU,52811.894,-0.244,-10.986,4.394,-0.05175,0.36083,0.94921,25.94
$IMU,52811.969,-1.220,-10.437,-3.845,-0.16992,0.35742,0.94189,25.92
$BARO,52811.972,73302.66,25.69
$MAG,52811.987,0.166,-0.499,-0.774,24.3
$IMU,52812.044,-2.075,-15.136,2.685,-0.09765,0.33203,0.94482,25.93
$BARO,52812.074,73226.13,25.69
$MAG,52812.087,0.150,-0.501,-0.796,24.3
$IMU,52812.119,-0.671,-15.686,5.432,-0.08984,0.34082,0.90234,25.91
$BARO,52812.175,73212.45,25.68
$MAG,52812.188,0.138,-0.501,-0.804,24.3
$IMU,52812.194,-2.868,-11.901,2.685,-0.04443,0.33300,0.91210,25.89
$IMU,52812.269,-3.356,-6.164,-0.488,-0.08886,0.29541,0.89843,25.89
$BARO,52812.277,73337.86,25.68
$MAG,52812.289,0.139,-0.501,-0.811,24.3
$IMU,52812.344,-1.281,-7.263,-0.671,-0.05322,0.32958,0.89990,25.85
$BARO,52812.378,73376.69,25.67
$MAG,52812.389,0.144,-0.501,-0.814,24.3
$IMU,52812.419,-3.112,-1.708,-0.244,-0.08007,0.29150,0.91210,25.91
$BARO,52812.480,73357.26,25.67
$MAG,52812.490,0.147,-0.499,-0.808,24.2
$IMU,52812.494,-0.244,-1.098,0.061,-0.05468,0.28710,0.92041,25.91
$IMU,52812.569,2.502,6.164,-1.159,-0.08154,0.31250,0.89648,25.85
$BARO,52812.581,73343.42,25.66
$MAG,52812.591,0.144,-0.495,-0.805,24.3
$IMU,52812.645,-0.427,6.774,-2.380,-0.05273,0.31152,0.92333,25.89
$BARO,52812.683,73256.50,25.66
$MAG,52812.691,0.163,-0.496,-0.804,24.3
$TIME,52812.715,440986.000,2364
$IMU,52812.720,-0.061,10.864,-4.943,-0.10693,0.29638,0.92138,25.86
$VBAT,52812.747,3.919
$BARO,52812.784,73351.10,25.68
$MAG,52812.792,0.154,-0.496,-0.787,24.3
$IMU,52812.795,2.868,8.850,-1.708,-0.07421,0.32861,0.92871,25.86
$HUM,52812.858,27.1,26.2
$IMU,52812.870,0.976,5.798,-3.295,-0.10449,0.31298,0.92822,25.87
$BARO,52812.886,73297.96,25.67
$MAG,52812.893,0.168,-0.501,-0.789,24.3
$IMU,52812.945,2.136,4.577,-0.488,-0.13037,0.32958,0.92968,25.87
$BARO,52812.987,73348.81,25.66
$MAG,52812.993,0.156,-0.499,-0.786,24.3
$IMU,52813.020,3.479,-0.488,2.380,-0.09326,0.34570,0.90087,25.87
$BARO,52813.089,73327.80,25.66
$MAG,52813.094,0.151,-0.495,-0.786,24.3
$IMU,52813.095,-0.305,-3.295,-1.037,-0.10302,0.37646,0.97949,25.88
$IMU,52813.170,-0.671,-3.723,2.136,-0.11572,0.32421,0.99365,25.85
$BARO,52813.190,73374.28,25.67
$MAG,52813.195,0.166,-0.513,-0.795,24.3
$IMU,52813.245,4.821,-6.591,3.967,-0.08544,0.35546,0.91113,25.83
$BARO,52813.292,73347.20,25.66
$MAG,52813.295,0.156,-0.508,-0.799,24.3
$IMU,52813.320,2.258,-3.234,-0.366,-0.07714,0.40869,0.91796,25.85
$BARO,52813.393,73501.44,25.66
$IMU,52813.395,-3.601,1.281,-0.793,-0.10058,0.33007,0.96826,25.85
$MAG,52813.396,0.150,-0.501,-0.786,24.3
$IMU,52813.470,0.793,-2.319,1.281,-0.12646,0.33203,0.94189,25.87
$BARO,52813.495,73497.45,25.66
$MAG,52813.497,0.145,-0.508,-0.804,24.3
$IMU,52813.545,2.319,-5.126,1.281,-0.07226,0.38671,0.91748,25.86
$BARO,52813.596,73499.08,25.67
$MAG,52813.597,0.159,-0.499,-0.798,24.2
$IMU,52813.620,-3.479,-1.831,-0.610,-0.10156,0.36914,0.94042,25.84
$IMU,52813.695,-4.882,-2.807,-2.258,-0.10595,0.30566,0.96435,25.86
$BARO,52813.698,73473.63,25.66
$MAG,52813.698,0.145,-0.501,-0.795,24.4
$TIME,52813.715,440986.000,2364
$VBAT,52813.748,3.924
$IMU,52813.770,1.342,-3.051,2.624,-0.11425,0.36132,0.94189,25.83
$BARO,52813.799,73528.33,25.67
$MAG,52813.799,0.144,-0.504,-0.804,24.3
$IMU,52813.846,0.793,-3.234,4.333,-0.08300,0.34667,0.93212,25.88
$HUM,52813.873,25.9,26.1
$MAG,52813.899,0.142,-0.508,-0.810,24.3
$BARO,52813.901,73529.35,25.67
$IMU,52813.921,-1.342,-2.258,3.967,-0.08984,0.33740,0.94775,25.84
$IMU,52813.996,0.427,-2.685,0.488,-0.08593,0.34814,0.94775,25.86
$MAG,52814.000,0.138,-0.514,-0.810,24.3
$BARO,52814.002,73489.67,25.67
$IMU,52814.071,1.281,-2.990,-1.037,-0.12890,0.36718,0.95654,25.82
$MAG,52814.101,0.145,-0.508,-0.817,24.3
$BARO,52814.104,73475.39,25.65
$IMU,52814.146,1.098,-5.432,2.868,-0.05761,0.34570,0.94287,25.78
$MAG,52814.201,0.139,-0.516,-0.814,24.3
$BARO,52814.205,73540.88,25.65
$IMU,52814.221,0.915,-1.037,-0.366,-0.12060,0.35693,0.92187,25.89
$IMU,52814.296,-0.427,-2.136,0.366,-0.11181,0.35937,0.95996,25.88
$MAG,52814.302,0.133,-0.508,-0.811,24.3
$BARO,52814.307,73608.79,25.65
$IMU,52814.371,2.624,-2.624,5.065,-0.09667,0.35449,0.95556,25.85
$MAG,52814.403,0.144,-0.523,-0.817,24.3
$BARO,52814.408,73485.18,25.65
$IMU,52814.446,5.371,-4.394,3.967,-0.08593,0.39990,0.90087,25.78
$MAG,52814.503,0.127,-0.519,-0.816,24.3
$BARO,52814.510,73739.98,25.64
$IMU,52814.521,-0.793,-5.859,-0.976,-0.11718,0.36181,0.93457,25.80
$IMU,52814.596,0.061,-3.784,4.272,-0.08056,0.35644,0.94921,25.81
$MAG,52814.604,0.127,-0.523,-0.826,24.4
$BARO,52814.611,73556.70,25.65
$IMU,52814.671,3.540,-1.831,0.854,-0.05468,0.39941,0.90820,25.80
$MAG,52814.705,0.130,-0.528,-0.819,24.3
$BARO,52814.713,73562.70,25.65
$TIME,52814.715,440988.000,2364
$IMU,52814.746,-0.854,3.540,-0.366,-0.11035,0.37353,0.92285,25.84
$VBAT,52814.758,3.914
$MAG,52814.805,0.127,-0.525,-0.822,24.3
$BARO,52814.814,73661.85,25.65
$IMU,52814.821,0.183,-0.854,-0.732,-0.08154,0.36914,0.91162,25.85
$HUM,52814.888,20.8,26.1
$IMU,52814.896,-2.258,-0.122,-1.464,-0.12060,0.37841,0.93505,25.82
$MAG,52814.906,0.130,-0.516,-0.813,24.3
$BARO,52814.916,73619.39,25.65
$IMU,52814.972,-1.770,-1.403,1.953,-0.09326,0.36523,0.92773,25.80
$MAG,52815.006,0.130,-0.525,-0.819,23.9
$BARO,52815.017,73637.46,25.65
$IMU,52815.047,-1.770,1.159,0.183,-0.11914,0.34716,0.92968,25.80
$MAG,52815.107,0.133,-0.517,-0.819,24.3
$BARO,52815.119,73653.91,25.66
$IMU,52815.122,-0.427,-0.305,3.234,-0.09375,0.37109,0.93798,25.83
$IMU,52815.197,-1.708,-4.394,0.122,-0.10351,0.40625,0.97070,25.79
$MAG,52815.208,0.124,-0.516,-0.820,24.3
$BARO,52815.220,73618.05,25.66
$IMU,52815.272,-2.868,-5.920,0.610,-0.13232,0.37158,0.99169,25.83
$MAG,52815.308,0.123,-0.514,-0.837,24.3
$BARO,52815.321,73617.64,25.66
$IMU,52815.347,-1.159,-8.789,4.516,-0.11474,0.37939,0.98046,25.82
$MAG,52815.409,0.114,-0.526,-0.832,24.3
$IMU,52815.422,-0.244,-8.422,2.868,-0.09716,0.36035,0.94384,25.84
$BARO,52815.423,73535.32,25.66
$IMU,52815.497,-0.488,-6.530,2.990,-0.10791,0.38867,0.96679,25.83
$MAG,52815.510,0.106,-0.535,-0.835,24.3
$BARO,52815.524,73744.02,25.65
$IMU,52815.572,-2.075,-4.455,7.080,-0.08691,0.33886,0.98583,25.80
$MAG,52815.610,0.109,-0.529,-0.844,24.3
$BARO,52815.626,73772.08,25.66
$IMU,52815.647,1.831,-2.441,1.708,-0.08007,0.36669,0.94775,25.79
$MAG,52815.711,0.105,-0.532,-0.846,24.3
$TIME,52815.715,440989.000,2364
$IMU,52815.722,2.441,-0.915,-0.244,-0.08935,0.38574,0.90576,25.81
$BARO,52815.727,73756.45,25.66
$VBAT,52815.769,3.919
$IMU,52815.797,-1.647,2.746,-1.586,-0.10351,0.33300,0.92187,25.79
$MAG,52815.812,0.111,-0.528,-0.841,24.3
$BARO,52815.829,73744.41,25.65
$IMU,52815.872,-1.159,1.525,0.000,-0.10937,0.35839,0.95214,25.80
$HUM,52815.902,22.9,26.1
$MAG,52815.912,0.111,-0.540,-0.841,24.4
$BARO,52815.930,73864.85,25.66
$IMU,52815.947,1.464,1.159,0.915,-0.09619,0.35058,0.93652,25.78
$MAG,52816.013,0.117,-0.537,-0.840,24.2
$IMU,52816.022,3.479,1.708,-0.671,-0.09570,0.33251,0.87939,25.77
$BARO,52816.032,73856.42,25.66
$IMU,52816.097,1.708,2.136,0.671,-0.09326,0.39843,0.89208,25.78
$MAG,52816.114,0.111,-0.526,-0.838,24.2
$BARO,52816.133,73780.66,25.65
$IMU,52816.173,-3.845,0.122,-1.831,-0.11083,0.32861,0.95263,25.77
$MAG,52816.214,0.117,-0.541,-0.832,24.3
$BARO,52816.235,73921.08,25.65
$IMU,52816.248,2.197,1.220,1.281,-0.10644,0.36083,0.90380,25.78
$MAG,52816.315,0.112,-0.532,-0.838,24.3
$IMU,52816.323,1.586,1.281,3.112,-0.04687,0.35449,0.86474,25.77
$BARO,52816.336,73836.75,25.65
$IMU,52816.398,-2.258,2.258,-2.197,-0.08154,0.29150,0.87939,25.83
$MAG,52816.416,0.108,-0.537,-0.829,24.3
$BARO,52816.438,73811.86,25.64
$IMU,52816.473,0.366,1.159,-2.746,-0.11181,0.37646,0.87939,25.76
$MAG,52816.516,0.112,-0.537,-0.840,24.3
$BARO,52816.539,73797.09,25.65
$IMU,52816.548,-3.601,0.793,0.610,-0.09912,0.34326,0.92919,25.78
$MAG,52816.617,0.117,-0.526,-0.837,24.3
$IMU,52816.623,-2.258,5.310,1.586,-0.06347,0.33447,0.94580,25.78
$BARO,52816.641,73866.85,25.66
$IMU,52816.698,2.075,4.760,-4.455,-0.10156,0.41210,0.94824,25.81
$TIME,52816.715,440990.000,2364
$MAG,52816.718,0.118,-0.523,-0.831,24.3
$BARO,52816.742,73880.62,25.65
$VBAT,52816.769,3.924
$IMU,52816.773,-1.220,3.112,-3.417,-0.10253,0.39404,0.95410,25.80
$MAG,52816.818,0.117,-0.537,-0.823,23.9
$BARO,52816.844,73740.34,25.64
$IMU,52816.848,-1.586,4.089,-0.244,-0.09423,0.34130,0.96093,25.78
$HUM,52816.917,21.3,26.1
$MAG,52816.919,0.126,-0.526,-0.820,24.3
$IMU,52816.923,1.403,3.601,-1.342,-0.06884,0.39062,0.94433,25.83
$BARO,52816.945,73703.44,25.63
$IMU,52816.998,-2.441,4.394,-3.723,-0.13134,0.39453,0.98632,25.77
$MAG,52817.020,0.129,-0.523,-0.814,24.2
$BARO,52817.047,73691.57,25.62
$IMU,52817.073,-0.427,2.990,-0.793,-0.08007,0.33740,0.98535,25.80
$MAG,52817.120,0.126,-0.535,-0.822,24.2
$BARO,52817.148,73914.21,25.60
$IMU,52817.148,4.577,4.516,-1.159,-0.08837,0.40429,0.92333,25.77
$MAG,52817.221,0.130,-0.523,-0.813,24.3
$IMU,52817.223,-0.488,1.037,-1.403,-0.08593,0.37060,0.95556,25.78
$BARO,52817.250,73973.37,25.61
$IMU,52817.298,2.380,0.000,-3.295,-0.10644,0.37988,0.93847,25.76
$MAG,52817.322,0.130,-0.516,-0.811,24.3
$BARO,52817.351,74005.25,25.62
$IMU,52817.374,0.793,-0.061,-0.549,-0.09228,0.38085,0.95849,25.83
$MAG,52817.422,0.138,-0.532,-0.810,24.2
$IMU,52817.449,2.136,4.211,1.098,-0.04931,0.40185,0.95361,25.74
$BARO,52817.452,73942.17,25.62
$MAG,52817.523,0.138,-0.525,-0.802,24.3
$IMU,52817.524,2.441,7.812,-4.638,-0.07568,0.37402,0.92626,25.74
$BARO,52817.554,73975.24,25.62
$IMU,52817.599,3.051,3.601,-4.089,-0.07226,0.42724,0.91552,25.82
$MAG,52817.624,0.141,-0.526,-0.807,24.3
$BARO,52817.655,74016.27,25.62
$IMU,52817.674,-1.586,3.662,-4.638,-0.08740,0.41064,0.95312,25.71
$TIME,52817.715,440991.000,2364
$MAG,52817.724,0.150,-0.522,-0.798,24.3
$IMU,52817.749,-2.502,6.591,-2.014,-0.05908,0.36181,0.95654,25.75
$BARO,52817.757,73906.60,25.60
$VBAT,52817.770,3.921
$IMU,52817.824,2.075,5.249,-5.126,-0.09277,0.42285,0.94873,25.73
$MAG,52817.825,0.147,-0.517,-0.790,24.3
$BARO,52817.858,74017.73,25.59
$IMU,52817.899,-1.342,1.647,-0.732,-0.07812,0.40869,0.97021,25.70
$MAG,52817.926,0.153,-0.513,-0.795,24.2
$HUM,52817.932,22.4,26.1
$BARO,52817.960,73993.89,25.59
$IMU,52817.974,-0.366,0.732,-2.380,-0.06445,0.37792,0.95019,25.75
$MAG,52818.026,0.154,-0.522,-0.799,24.3
$IMU,52818.049,0.305,0.732,-2.990,-0.07373,0.43505,0.97802,25.75
$BARO,52818.061,73997.50,25.59
$IMU,52818.124,-2.319,0.915,-1.708,-0.10595,0.41015,1.00341,25.73
$MAG,52818.127,0.153,-0.517,-0.795,24.3
$BARO,52818.163,74089.47,25.59
$IMU,52818.199,-0.549,-2.929,0.793,-0.07763,0.39843,0.99462,25.73
$MAG,52818.227,0.144,-0.516,-0.796,24.3
$BARO,52818.264,73993.87,25.59
$IMU,52818.274,2.014,-3.601,0.366,-0.09130,0.42333,0.95898,25.73
$MAG,52818.328,0.151,-0.511,-0.811,24.0
$IMU,52818.349,-0.427,-3.906,0.976,-0.08007,0.41845,0.98681,25.73
$BARO,52818.366,74104.87,25.59
$IMU,52818.424,-1.464,-1.098,0.305,-0.08300,0.37060,0.98828,25.74
$MAG,52818.429,0.148,-0.525,-0.804,24.3
$BARO,52818.467,74058.46,25.60
$IMU,52818.500,3.234,1.953,0.427,-0.03955,0.39501,0.94775,25.73
$MAG,52818.529,0.148,-0.516,-0.793,24.0
$BARO,52818.569,74058.24,25.60
$IMU,52818.575,2.014,5.676,-0.671,-0.07080,0.40576,0.92626,25.75
$MAG,52818.630,0.148,-0.516,-0.798,24.3
$IMU,52818.650,-1.708,3.723,-3.662,-0.07275,0.36914,0.96337,25.73
$BARO,52818.670,74021.56,25.59
$TIME,52818.715,440991.000,2364
$IMU,52818.725,0.732,5.310,-2.685,-0.09667,0.38818,0.94042,25.75
$MAG,52818.731,0.154,-0.514,-0.790,24.3
$VBAT,52818.770,3.906
$BARO,52818.772,74188.45,25.60
$IMU,52818.800,-0.061,4.272,0.183,-0.08056,0.40429,0.95654,25.69
$MAG,52818.831,0.154,-0.510,-0.778,24.2
$BARO,52818.873,74100.75,25.61
$IMU,52818.875,-1.953,4.028,-1.831,-0.11767,0.35107,0.97216,25.70
$MAG,52818.932,0.162,-0.523,-0.789,24.2
$HUM,52818.946,21.4,26.1
$IMU,52818.950,3.479,-2.807,0.854,-0.11572,0.42773,0.94726,25.74
$BARO,52818.975,74046.61,25.60
$IMU,52819.025,0.122,-8.850,4.638,-0.11376,0.39746,0.96728,25.71
$MAG,52819.033,0.147,-0.519,-0.789,24.2
$BARO,52819.076,74047.86,25.60
$IMU,52819.100,0.915,-12.084,5.249,-0.09228,0.38427,0.95849,25.73
$MAG,52819.133,0.135,-0.526,-0.804,24.3
$IMU,52819.175,1.953,-11.901,5.920,-0.08789,0.44384,0.94775,25.72
$BARO,52819.178,74113.65,25.58
$MAG,52819.234,0.135,-0.529,-0.808,24.2
$IMU,52819.250,-3.662,-10.620,7.324,-0.10498,0.41455,1.02050,25.69
$BARO,52819.279,74251.71,25.59
$IMU,52819.325,-0.122,-11.352,6.225,-0.09814,0.38574,0.99365,25.74
$MAG,52819.335,0.127,-0.534,-0.823,24.3
$BARO,52819.381,74291.56,25.59
$IMU,52819.400,3.784,-12.268,8.056,-0.05419,0.42041,0.95410,25.69
$MAG,52819.435,0.109,-0.544,-0.823,24.3
$IMU,52819.475,0.854,-9.521,4.699,-0.03955,0.43847,0.94580,25.68
$BARO,52819.482,74192.16,25.59
$MAG,52819.536,0.108,-0.532,-0.832,24.2
$IMU,52819.550,-4.760,-2.990,-0.854,-0.10009,0.38427,1.02783,25.67
$BARO,52819.584,74176.90,25.58
$IMU,52819.625,-0.183,-0.183,2.319,-0.06298,0.41406,1.00634,25.66
$MAG,52819.636,0.111,-0.541,-0.832,24.2
$BARO,52819.685,74253.22,25.58
$IMU,52819.701,1.770,2.807,0.793,-0.06835,0.42871,0.98144,25.67
$TIME,52819.715,440993.000,2364
$MAG,52819.737,0.118,-0.538,-0.819,24.0
$VBAT,52819.772,3.924
$IMU,52819.776,-1.647,4.577,-1.953,-0.08398,0.41748,0.99560,25.70
$BARO,52819.787,74158.08,25.58
$MAG,52819.838,0.118,-0.531,-0.822,24.3
$IMU,52819.851,-2.563,3.479,-1.525,-0.07910,0.40136,1.03417,25.69
$BARO,52819.888,74181.09,25.57
$IMU,52819.926,0.915,5.676,-2.624,-0.12646,0.38964,1.02441,25.63
$MAG,52819.938,0.124,-0.543,-0.819,24.0
$HUM,52819.961,16.1,26.1
$BARO,52819.989,74236.54,25.57
$IMU,52820.001,5.432,-1.403,0.854,-0.11474,0.42431,0.98828,25.66
$MAG,52820.039,0.112,-0.537,-0.819,24.4
$IMU,52820.076,4.272,-5.371,0.793,-0.11718,0.40966,0.94628,25.69
$BARO,52820.091,74288.46,25.58
$MAG,52820.140,0.118,-0.543,-0.831,24.2
$IMU,52820.151,-0.183,-7.507,3.295,-0.10400,0.41748,0.97314,25.72
$BARO,52820.192,74273.79,25.57
$IMU,52820.226,-0.610,-10.742,3.845,-0.08447,0.36523,0.96044,25.69
$MAG,52820.240,0.103,-0.547,-0.838,24.3
$BARO,52820.294,74315.03,25.56
$IMU,52820.301,0.793,-10.681,2.685,-0.11279,0.39550,0.94287,25.69
$MAG,52820.341,0.099,-0.544,-0.844,24.3
$IMU,52820.376,-0.427,-10.620,7.751,-0.05566,0.37646,0.94580,25.69
$BARO,52820.395,74270.60,25.57
$MAG,52820.441,0.093,-0.549,-0.835,24.2
$IMU,52820.451,0.305,-7.141,3.051,-0.03759,0.39355,0.94335,25.69
$BARO,52820.497,74337.12,25.58
$IMU,52820.526,-2.075,-0.671,-0.671,-0.08007,0.37255,0.95507,25.67
$MAG,52820.542,0.096,-0.550,-0.840,23.9
$BARO,52820.598,74353.50,25.57
$IMU,52820.601,-1.220,4.943,0.183,-0.04638,0.36914,0.95898,25.69
$MAG,52820.643,0.099,-0.559,-0.840,24.2
$IMU,52820.676,0.122,8.544,-1.831,-0.02929,0.38964,0.92480,25.70
$BARO,52820.700,74277.10,25.55
$TIME,52820.715,440994.000,2364
$MAG,52820.743,0.099,-0.544,-0.826,24.2
$IMU,52820.751,-3.356,11.413,-7.141,-0.08837,0.38818,0.96142,25.67
$VBAT,52820.772,3.911
$BARO,52820.801,74382.26,25.55
$IMU,52820.826,-3.845,12.207,-2.746,-0.08886,0.37988,1.00390,25.66
$MAG,52820.844,0.118,-0.547,-0.826,24.0
$IMU,52820.902,1.464,11.962,-3.662,-0.08691,0.34667,0.95507,25.64
$BARO,52820.903,74326.41,25.56
$MAG,52820.945,0.129,-0.543,-0.814,24.2
$HUM,52820.976,16.2,26.0
$IMU,52820.977,1.708,11.291,-3.784,-0.08203,0.41308,0.96875,25.64
$BARO,52821.004,74358.59,25.55
$MAG,52821.045,0.115,-0.540,-0.792,23.9
$IMU,52821.052,-1.098,7.324,-1.953,-0.09570,0.38134,0.98583,25.67
$BARO,52821.106,74316.71,25.54
$IMU,52821.127,-0.793,0.671,-4.455,-0.14355,0.38183,0.97119,25.65
$MAG,52821.146,0.123,-0.544,-0.811,23.9
$IMU,52821.202,-1.220,-6.469,2.441,-0.16210,0.34082,0.98144,25.64
$BARO,52821.207,74489.07,25.53
$MAG,52821.246,0.118,-0.549,-0.816,24.3
$IMU,52821.277,2.685,-15.441,6.408,-0.08593,0.39013,0.94091,25.64
$BARO,52821.309,74332.85,25.53
$MAG,52821.347,0.109,-0.546,-0.825,23.9
$IMU,52821.352,0.610,-13.732,6.958,-0.10791,0.32910,0.93798,25.67
$BARO,52821.410,74508.72,25.53
$IMU,52821.427,3.234,-16.967,9.643,-0.08007,0.34863,0.92041,25.67
$MAG,52821.448,0.088,-0.561,-0.841,24.2
$IMU,52821.502,3.051,-15.319,9.826,-0.05126,0.38671,0.93945,25.62
$BARO,52821.512,74533.14,25.53
$MAG,52821.548,0.085,-0.555,-0.844,24.3
$IMU,52821.577,0.488,-8.056,3.906,-0.04882,0.37695,0.94189,25.63
$BARO,52821.613,74530.75,25.53
$MAG,52821.649,0.091,-0.565,-0.844,23.9
$IMU,52821.652,1.159,-1.953,3.906,-0.01708,0.36474,0.94042,25.60
$BARO,52821.715,74519.54,25.54
$TIME,52821.715,440995.000,2364
$IMU,52821.727,2.319,6.652,-2.685,-0.01904,0.40722,0.95263,25.62
$MAG,52821.750,0.087,-0.556,-0.823,23.9
$VBAT,52821.786,3.930
$IMU,52821.802,-0.549,17.089,-6.286,-0.06835,0.37500,0.96435,25.62
$BARO,52821.816,74460.31,25.54
$MAG,52821.850,0.109,-0.561,-0.826,24.2
$IMU,52821.877,1.281,18.432,-6.286,-0.05712,0.40087,0.97705,25.60
$BARO,52821.918,74474.47,25.53
$MAG,52821.951,0.115,-0.556,-0.817,23.9
$IMU,52821.952,1.831,19.897,-7.507,-0.11132,0.41894,0.95703,25.64
$HUM,52821.991,13.7,26.0
$BARO,52822.019,74433.98,25.53
$IMU,52822.027,-2.441,14.465,-7.202,-0.10595,0.38964,0.99658,25.62
$MAG,52822.051,0.126,-0.544,-0.792,24.3
$IMU,52822.103,-1.586,9.277,-5.187,-0.15087,0.37744,1.04150,25.61
$BARO,52822.121,74499.04,25.53
$MAG,52822.152,0.126,-0.547,-0.804,24.2
$IMU,52822.178,3.601,2.258,-0.305,-0.11279,0.39648,0.99218,25.60
$BARO,52822.222,74466.74,25.52
$MAG,52822.253,0.129,-0.555,-0.804,24.2
$IMU,52822.253,3.723,-4.150,0.854,-0.13281,0.38964,0.95849,25.62
$BARO,52822.323,74614.77,25.52
$IMU,52822.328,1.159,-11.779,1.647,-0.14794,0.39062,0.99462,25.61
$MAG,52822.353,0.111,-0.552,-0.817,24.0
$IMU,52822.403,0.549,-17.517,5.126,-0.09228,0.38330,1.01757,25.57
$BARO,52822.425,74496.58,25.51
$MAG,52822.454,0.114,-0.567,-0.817,24.3
$IMU,52822.478,2.441,-14.404,5.065,-0.13281,0.41308,1.01611,25.61
$BARO,52822.526,74527.39,25.51
$IMU,52822.553,1.770,-15.136,6.652,-0.08447,0.41992,1.00732,25.57
$MAG,52822.555,0.090,-0.562,-0.832,24.2
$BARO,52822.628,74403.83,25.51
$IMU,52822.628,0.976,-11.047,3.723,-0.03906,0.36816,1.01269,25.59
$MAG,52822.655,0.094,-0.573,-0.840,24.3
$IMU,52822.703,3.967,-3.540,0.183,-0.06640,0.41992,0.97314,25.58
$TIME,52822.715,440995.000,2364
$BARO,52822.729,74472.32,25.51
$MAG,52822.756,0.099,-0.570,-0.835,24.3
$IMU,52822.778,0.183,1.953,-1.770,-0.02734,0.41699,1.01220,25.57
$VBAT,52822.786,3.916
$BARO,52822.831,74499.99,25.51
$IMU,52822.853,0.549,12.390,-6.469,-0.05810,0.38818,1.01806,25.58
$MAG,52822.856,0.103,-0.568,-0.829,23.9
$IMU,52822.928,4.272,16.235,-6.896,-0.06738,0.45849,0.98583,25.57
$BARO,52822.932,74627.18,25.52
$MAG,52822.957,0.117,-0.558,-0.811,24.2
$IMU,52823.003,-1.892,20.568,-9.887,-0.09375,0.43505,0.99707,25.58
$HUM,52823.006,10.5,26.0
$BARO,52823.034,74589.15,25.53
$MAG,52823.058,0.130,-0.549,-0.789,23.8
$IMU,52823.078,-3.417,20.935,-9.582,-0.09570,0.41064,1.04248,25.54
$BARO,52823.135,74616.57,25.52
$IMU,52823.153,0.061,14.831,-9.948,-0.12597,0.42822,1.00195,25.59
$MAG,52823.158,0.144,-0.535,-0.795,23.9
$IMU,52823.229,-0.427,7.019,-7.690,-0.14990,0.43505,1.00292,25.57
$BARO,52823.237,74533.02,25.51
$MAG,52823.259,0.151,-0.537,-0.786,23.9
$IMU,52823.304,-3.356,0.976,-0.671,-0.13378,0.39013,1.00341,25.56
$BARO,52823.338,74627.32,25.51
$MAG,52823.360,0.139,-0.537,-0.780,23.9
$IMU,52823.379,-2.441,-6.225,1.281,-0.11816,0.41650,1.00048,25.54
$BARO,52823.440,74611.07,25.50
$IMU,52823.454,-3.417,-10.986,2.746,-0.14013,0.40771,1.06884,25.57
$MAG,52823.460,0.139,-0.549,-0.801,23.9
$IMU,52823.529,-1.098,-13.854,4.089,-0.10058,0.39062,1.08349,25.55
$BARO,52823.541,74613.02,25.50
$MAG,52823.561,0.132,-0.540,-0.808,24.0
$IMU,52823.604,3.967,-9.826,1.098,-0.07714,0.42822,1.02539,25.59
$BARO,52823.643,74512.62,25.48
$MAG,52823.661,0.126,-0.543,-0.801,24.0
$IMU,52823.679,0.366,-2.441,-0.976,-0.06689,0.35302,0.96484,25.57
$TIME,52823.715,440998.000,2364
$BARO,52823.744,74695.45,25.49
$IMU,52823.754,-2.563,3.540,-1.525,-0.04931,0.39355,1.03027,25.60
$MAG,52823.762,0.127,-0.534,-0.802,24.0
$VBAT,52823.790,3.913
$IMU,52823.829,-2.807,7.690,-6.286,-0.06445,0.38037,1.11767,25.57
$BARO,52823.846,74606.73,25.48
$MAG,52823.863,0.136,-0.540,-0.792,24.0
$IMU,52823.904,5.859,14.526,-7.690,-0.05761,0.39160,1.09179,25.61
$BARO,52823.947,74654.09,25.47
$MAG,52823.963,0.148,-0.538,-0.768,24.3
$IMU,52823.979,10.742,21.972,-9.216,-0.06982,0.42089,1.02441,25.59
$HUM,52824.020,14.8,25.9
$BARO,52824.049,74625.13,25.45
$IMU,52824.054,5.920,20.996,-8.605,-0.09326,0.44824,1.05859,25.55
$MAG,52824.064,0.160,-0.531,-0.756,23.9
$IMU,52824.129,2.502,14.099,-12.817,-0.13476,0.49707,1.08251,25.53
$BARO,52824.150,74681.68,25.46
$MAG,52824.165,0.166,-0.514,-0.753,24.0
$IMU,52824.204,-4.455,5.249,-11.596,-0.19775,0.34814,1.13818,25.53
$BARO,52824.252,74641.58,25.45
$MAG,52824.265,0.168,-0.519,-0.757,23.8
$IMU,52824.279,4.760,-6.347,1.831,-0.11083,0.57421,1.18115,25.57
$BARO,52824.353,74695.40,25.44
$IMU,52824.354,-1.892,0.488,2.380,-0.09423,0.52685,1.22412,25.55
$MAG,52824.366,0.166,-0.522,-0.762,23.9
$IMU,52824.430,-1.037,-4.333,-3.967,-0.10742,0.49316,1.19531,25.52
$BARO,52824.455,74723.00,25.44
$MAG,52824.467,0.171,-0.511,-0.760,23.9
$IMU,52824.505,-2.136,-9.277,-2.868,-0.11767,0.49951,1.16845,25.52
$BARO,52824.556,74706.37,25.44
$MAG,52824.567,0.160,-0.508,-0.769,23.9
$IMU,52824.580,-5.493,-7.873,0.000,-0.06835,0.42285,1.17333,25.53
$IMU,52824.655,-0.366,-2.258,-1.586,-0.04345,0.46923,1.07714,25.53
$BARO,52824.658,74811.43,25.43
$MAG,52824.668,0.165,-0.513,-0.772,23.9
$TIME,52824.715,440998.000,2364
$IMU,52824.730,-7.080,5.371,0.793,-0.00781,0.37841,1.09521,25.51
$BARO,52824.759,74709.91,25.43
$MAG,52824.768,0.163,-0.507,-0.771,23.9
$VBAT,52824.798,3.924
$IMU,52824.805,-4.943,10.925,-5.554,-0.02001,0.43652,1.10742,25.50
$BARO,52824.861,74814.21,25.43
$MAG,52824.869,0.181,-0.495,-0.762,23.8
$IMU,52824.880,-4.760,10.437,-1.342,-0.02246,0.43066,1.13183,25.48
$IMU,52824.955,-2.319,7.324,-10.009,-0.04589,0.34472,1.11816,25.51
$BARO,52824.962,74836.19,25.42
$MAG,52824.970,0.178,-0.498,-0.757,24.0
$IMU,52825.030,5.554,9.399,-6.896,-0.07470,0.46289,1.06494,25.50
$HUM,52825.035,24.4,25.9
$BARO,52825.064,74785.91,25.42
$MAG,52825.070,0.178,-0.493,-0.742,24.0
$IMU,52825.105,-1.403,5.798,-3.295,-0.03076,0.32177,1.08789,25.49
$BARO,52825.165,74907.78,25.41
$MAG,52825.171,0.177,-0.493,-0.739,23.9
$IMU,52825.180,6.530,5.004,-4.882,-0.11865,0.33789,0.97314,25.51
$IMU,52825.255,6.225,-5.920,-1.281,-0.04052,0.37207,0.89794,25.51
$BARO,52825.267,74830.68,25.41
$MAG,52825.272,0.186,-0.489,-0.753,23.8
$IMU,52825.330,-0.610,-11.779,-3.906,-0.12255,0.29882,0.91357,25.53
$BARO,52825.368,74767.99,25.40
$MAG,52825.372,0.175,-0.492,-0.766,23.9
$IMU,52825.405,1.098,-17.211,5.310,-0.05859,0.31542,0.91748,25.50
$BARO,52825.470,74849.06,25.40
$MAG,52825.473,0.157,-0.495,-0.769,23.9
$IMU,52825.480,3.906,-18.981,3.295,-0.05517,0.30224,0.89062,25.53
$IMU,52825.555,4.333,-23.010,1.647,-0.05029,0.38134,0.88085,25.54
$BARO,52825.571,74855.45,25.40
$MAG,52825.574,0.157,-0.504,-0.795,23.8
$IMU,52825.631,-2.136,-18.615,2.746,-0.03613,0.31445,0.92529,25.55
$BARO,52825.673,74846.48,25.40
$MAG,52825.674,0.147,-0.508,-0.805,23.9
$IMU,52825.706,-1.281,-10.681,6.652,0.01708,0.39111,0.92871,25.49
$TIME,52825.715,440999.000,2364
$BARO,52825.774,74894.77,25.41
$MAG,52825.775,0.147,-0.504,-0.798,23.9
$IMU,52825.781,-6.469,-1.159,2.014,0.00292,0.37548,0.99121,25.49
$VBAT,52825.813,3.918
$IMU,52825.856,-3.295,6.774,-1.342,0.08105,0.35498,1.08007,25.45
$BARO,52825.875,74849.38,25.42
$MAG,52825.875,0.154,-0.499,-0.793,23.9
$IMU,52825.931,2.258,20.385,-12.451,-0.06542,0.44775,1.07617,25.48
$MAG,52825.976,0.168,-0.489,-0.775,23.8
$BARO,52825.977,74847.21,25.42
$IMU,52826.006,0.793,18.371,-7.080,-0.02099,0.39746,1.03662,25.48
$HUM,52826.050,17.2,25.9
$MAG,52826.077,0.166,-0.483,-0.754,23.8
$BARO,52826.078,74819.74,25.41
$IMU,52826.081,1.220,22.460,-3.173,-0.06884,0.39501,0.94531,25.44
$IMU,52826.156,-5.554,7.873,-3.601,-0.09521,0.40673,1.01171,25.46
$MAG,52826.177,0.171,-0.480,-0.769,23.8
$BARO,52826.180,74929.21,25.41
$IMU,52826.231,-7.446,-2.746,-1.586,-0.08447,0.31542,1.03320,25.44
$MAG,52826.278,0.169,-0.490,-0.771,24.0
$BARO,52826.281,74848.67,25.40
$IMU,52826.306,0.671,-5.310,5.187,-0.06396,0.31201,0.96582,25.46
$MAG,52826.379,0.162,-0.502,-0.775,23.9
$IMU,52826.381,6.347,-11.779,7.873,-0.05322,0.39208,0.89160,25.48
$BARO,52826.383,74886.24,25.39
$IMU,52826.456,-1.098,-16.906,2.990,-0.07226,0.32763,0.92285,25.47
$MAG,52826.479,0.159,-0.493,-0.792,23.8
$BARO,52826.484,74992.71,25.38
$IMU,52826.531,-0.854,-19.226,5.920,-0.03125,0.34375,0.97167,25.47
$MAG,52826.580,0.142,-0.513,-0.810,23.8
$BARO,52826.586,74905.81,25.38
$IMU,52826.606,4.028,-14.038,6.652,-0.06835,0.38964,0.96484,25.45
$MAG,52826.680,0.138,-0.508,-0.811,23.8
$IMU,52826.681,2.075,-12.878,4.882,-0.03857,0.36425,0.93896,25.45
$BARO,52826.687,74932.89,25.39
$IMU,52826.756,0.854,-10.925,6.408,-0.09863,0.38720,0.94384,25.45
$MAG,52826.781,0.129,-0.516,-0.825,23.9
$BARO,52826.789,74966.77,25.40
$VBAT,52826.814,3.924
$IMU,52826.832,-0.610,-15.747,4.882,-0.05175,0.40429,0.96533,25.45
$MAG,52826.882,0.123,-0.522,-0.826,23.9
$BARO,52826.890,74910.71,25.40
$IMU,52826.907,-4.089,-5.371,7.324,-0.05859,0.39648,0.97363,25.48
$MAG,52826.982,0.117,-0.514,-0.825,23.8
$IMU,52826.982,-4.760,-3.784,10.070,-0.00097,0.33691,0.94726,25.50
$BARO,52826.992,75065.07,25.40
$IMU,52827.057,-0.549,-1.647,0.183,-0.04492,0.33398,0.90087,25.44
$HUM,52827.065,16.9,25.9
$MAG,52827.083,0.114,-0.520,-0.835,23.9
$BARO,52827.093,75150.31,25.39
$IMU,52827.132,-1.831,-7.995,-1.403,-0.06250,0.28710,0.86718,25.43
$MAG,52827.184,0.112,-0.523,-0.841,23.8
$BARO,52827.195,75078.70,25.40
$IMU,52827.207,-1.281,-7.568,1.892,-0.02392,0.31250,0.87597,25.45
$IMU,52827.282,-4.089,1.953,1.770,-0.05029,0.31689,0.90869,25.37
$MAG,52827.284,0.115,-0.516,-0.838,23.8
$BARO,52827.296,74972.04,25.38
$IMU,52827.357,-2.014,2.502,-0.061,-0.05371,0.26855,0.92285,25.44
$MAG,52827.385,0.108,-0.519,-0.831,23.8
$BARO,52827.398,74946.20,25.38
$IMU,52827.432,5.126,0.366,1.892,-0.04296,0.37792,0.87060,25.43
$MAG,52827.486,0.117,-0.523,-0.840,23.8
$BARO,52827.499,74972.13,25.36
$IMU,52827.507,-1.586,-0.915,-1.281,-0.03759,0.30712,0.89941,25.44
$IMU,52827.582,0.244,0.915,-1.647,-0.06640,0.30078,0.89648,25.43
$MAG,52827.586,0.112,-0.520,-0.838,23.9
$BARO,52827.601,75035.04,25.37
$IMU,52827.657,2.563,1.953,-1.403,-0.04638,0.31542,0.85156,25.42
$MAG,52827.687,0.123,-0.523,-0.835,23.9
$BARO,52827.702,75101.27,25.36
$TIME,52827.715,441000.000,2364
$IMU,52827.732,-0.244,4.272,1.892,-0.03955,0.35009,0.85693,25.43
$MAG,52827.787,0.114,-0.523,-0.837,23.8
$BARO,52827.804,75090.86,25.36
$IMU,52827.807,-3.417,2.685,-0.732,-0.04589,0.28515,0.87841,25.45
$VBAT,52827.814,3.921
$IMU,52827.882,1.464,1.831,-0.366,-0.06005,0.32275,0.85595,25.41
$MAG,52827.888,0.121,-0.517,-0.838,23.8
$BARO,52827.905,75007.96,25.36
$IMU,52827.957,-0.732,0.183,0.305,-0.05615,0.35253,0.87207,25.45
$MAG,52827.989,0.123,-0.517,-0.834,23.9
$BARO,52828.006,75169.30,25.36
$IMU,52828.033,-3.295,0.183,1.220,-0.07275,0.29150,0.87255,25.41
$HUM,52828.079,17.0,25.8
$MAG,52828.089,0.115,-0.528,-0.834,23.8
$BARO,52828.108,75080.04,25.36
$IMU,52828.108,1.037,-1.647,3.723,-0.02929,0.30371,0.84082,25.39
$IMU,52828.183,0.915,-1.586,-1.281,-0.09033,0.36962,0.81835,25.41
$MAG,52828.190,0.121,-0.529,-0.834,23.8
$BARO,52828.209,75180.95,25.36
$IMU,52828.258,-5.310,-6.164,4.516,-0.04980,0.24414,0.83789,25.39
$MAG,52828.291,0.111,-0.522,-0.843,23.8
$BARO,52828.311,75057.25,25.37
$IMU,52828.333,0.549,-4.638,4.882,-0.04394,0.34472,0.80957,25.43
$MAG,52828.391,0.106,-0.523,-0.840,23.9
$IMU,52828.408,-6.286,-5.187,3.906,-0.05761,0.30419,0.85009,25.40
$BARO,52828.412,75152.29,25.36
$IMU,52828.483,-6.835,-6.591,4.455,-0.06494,0.25439,0.87695,25.43
$MAG,52828.492,0.109,-0.523,-0.850,23.8
$BARO,52828.514,75118.04,25.36
$IMU,52828.558,-0.610,-7.385,5.859,-0.01708,0.33349,0.87695,25.38
$MAG,52828.593,0.090,-0.514,-0.844,23.8
$BARO,52828.615,75109.19,25.35
$IMU,52828.633,-1.464,-4.150,2.380,-0.06787,0.29980,0.88232,25.37
$MAG,52828.693,0.088,-0.531,-0.852,23.8
$IMU,52828.708,-0.122,-2.990,5.554,-0.03271,0.31884,0.87109,25.38
$TIME,52828.715,441001.000,2364
$BARO,52828.717,75133.84,25.35
$IMU,52828.783,-2.197,0.549,3.906,-0.05273,0.31835,0.88769,25.39
$MAG,52828.794,0.093,-0.535,-0.855,23.8
$BARO,52828.818,75204.11,25.35
$VBAT,52828.824,3.910
$IMU,52828.858,-1.281,0.305,5.004,-0.03222,0.26171,0.86328,25.40
$MAG,52828.894,0.091,-0.538,-0.856,23.8
$BARO,52828.920,75187.41,25.34
$IMU,52828.933,0.976,-0.854,3.417,-0.05517,0.33642,0.84667,25.37
$MAG,52828.995,0.090,-0.540,-0.849,23.8
$IMU,52829.008,-3.784,-1.525,1.342,-0.06884,0.26953,0.85400,25.38
$BARO,52829.021,75154.75,25.34
$IMU,52829.083,0.244,-2.075,6.042,-0.03369,0.26855,0.82568,25.35
$HUM,52829.094,25.3,25.8
$MAG,52829.096,0.084,-0.549,-0.862,23.8
$BARO,52829.123,75212.96,25.33
$IMU,52829.158,1.525,0.732,4.760,-0.06591,0.34277,0.82763,25.40
$MAG,52829.196,0.084,-0.549,-0.855,23.8
$BARO,52829.224,75175.69,25.33
$IMU,52829.234,-2.746,-0.732,8.300,-0.05126,0.33398,0.88476,25.37
$MAG,52829.297,0.084,-0.550,-0.864,23.8
$IMU,52829.309,-2.563,-2.502,4.211,-0.04882,0.26220,0.86523,25.39
$BARO,52829.326,75144.85,25.33
$IMU,52829.384,4.394,-2.075,4.943,-0.05468,0.33447,0.83984,25.35
$MAG,52829.397,0.076,-0.555,-0.858,23.8
$BARO,52829.427,75206.08,25.32
$IMU,52829.459,-0.305,-2.197,7.629,-0.08544,0.33593,0.89160,25.35
$MAG,52829.498,0.073,-0.556,-0.859,23.8
$BARO,52829.529,75235.11,25.32
$IMU,52829.534,-1.892,-8.605,4.211,-0.10009,0.33398,0.92871,25.37
$MAG,52829.599,0.061,-0.568,-0.868,23.8
$IMU,52829.609,0.854,-10.314,2.807,-0.16308,0.30859,0.87158,25.36
$BARO,52829.630,75196.04,25.32
$IMU,52829.684,1.098,-18.493,15.869,-0.11035,0.39990,0.91015,25.39
$MAG,52829.699,0.048,-0.565,-0.873,23.8
$TIME,52829.715,441003.000,2364
$BARO,52829.732,75254.30,25.32
$IMU,52829.759,-6.530,-18.249,15.136,-0.09228,0.33642,0.96289,25.39
$MAG,52829.800,0.013,-0.583,-0.892,23.7
$BARO,52829.833,75173.32,25.31
$IMU,52829.834,-1.464,-17.028,14.953,-0.08007,0.34033,0.94140,25.35
$VBAT,52829.834,3.922
$MAG,52829.900,0.000,-0.580,-0.889,23.8
$IMU,52829.909,2.624,-15.686,13.488,-0.08886,0.35253,0.88085,25.37
$BARO,52829.935,75359.35,25.31
$IMU,52829.984,-0.305,-13.427,8.728,-0.05712,0.34716,0.83251,25.37
$MAG,52830.001,-0.003,-0.586,-0.909,23.8
$BARO,52830.036,75268.90,25.32
$IMU,52830.059,-6.591,-2.990,9.033,-0.04980,0.27001,0.87597,25.38
$MAG,52830.102,0.001,-0.585,-0.901,23.8
$HUM,52830.109,25.9,25.8
$IMU,52830.134,-2.685,2.746,4.455,-0.04150,0.30859,0.86035,25.36
$BARO,52830.138,75300.12,25.32
$MAG,52830.202,0.001,-0.576,-0.900,23.8
$IMU,52830.209,-1.403,8.361,1.220,-0.05957,0.29833,0.87939,25.34
$BARO,52830.239,75359.60,25.32
$IMU,52830.284,-0.122,10.986,0.793,-0.04589,0.28222,0.87646,25.33
$MAG,52830.303,0.012,-0.586,-0.886,23.8
$BARO,52830.341,75347.14,25.31
$IMU,52830.359,2.990,13.427,-0.549,-0.08935,0.32177,0.87841,25.35
$MAG,52830.404,0.015,-0.586,-0.889,23.8
$IMU,52830.435,2.014,11.291,-0.427,-0.06738,0.32080,0.90039,25.34
$BARO,52830.442,75355.50,25.31
$MAG,52830.504,0.030,-0.586,-0.876,23.8
$IMU,52830.510,3.967,11.169,-2.380,-0.08886,0.31005,0.87939,25.30
$BARO,52830.544,75325.33,25.31
$IMU,52830.585,3.295,8.422,-3.784,-0.11523,0.32910,0.86132,25.34
$MAG,52830.605,0.025,-0.591,-0.864,23.7
$BARO,52830.645,75286.45,25.31
$IMU,52830.660,0.366,4.699,1.464,-0.13964,0.35351,0.92041,25.33
$MAG,52830.705,0.030,-0.585,-0.874,23.9
$TIME,52830.715,441004.000,2364
$IMU,52830.735,-1.220,-0.854,1.403,-0.11083,0.30224,0.92041,25.31
$BARO,52830.747,75281.13,25.30
$MAG,52830.806,0.034,-0.589,-0.874,23.8
$IMU,52830.810,4.211,-7.385,1.098,-0.08203,0.33789,0.90185,25.32
$VBAT,52830.834,3.921
$BARO,52830.848,75388.99,25.29
$IMU,52830.885,1.892,-6.347,0.122,-0.12744,0.37841,0.89648,25.34
$MAG,52830.907,0.015,-0.591,-0.876,23.8
$BARO,52830.950,75338.66,25.30
$IMU,52830.960,-3.234,-7.507,3.234,-0.09667,0.31884,0.89453,25.32
$MAG,52831.007,0.007,-0.597,-0.874,23.8
$IMU,52831.035,-3.356,-5.004,4.211,-0.08056,0.32324,0.89746,25.33
$BARO,52831.051,75427.51,25.30
$MAG,52831.108,0.019,-0.606,-0.879,23.8
$IMU,52831.110,-1.892,-0.671,2.197,-0.06933,0.32373,0.88623,25.35
$HUM,52831.124,25.4,25.8
$BARO,52831.153,75456.42,25.31
$IMU,52831.185,-4.028,0.793,0.976,-0.05078,0.29296,0.87841,25.33
$MAG,52831.208,0.022,-0.592,-0.883,23.8
$BARO,52831.254,75426.51,25.30
$IMU,52831.260,-2.929,1.159,0.244,-0.09765,0.30664,0.86523,25.30
$MAG,52831.309,0.013,-0.591,-0.885,23.8
$IMU,52831.335,-2.624,0.305,2.136,-0.05419,0.28271,0.86669,25.30
$BARO,52831.356,75438.23,25.29
$MAG,52831.410,0.019,-0.580,-0.882,23.9
$IMU,52831.410,-3.112,1.220,-1.892,-0.08593,0.33984,0.89941,25.31
$BARO,52831.457,75444.15,25.28
$IMU,52831.485,-2.868,1.342,-0.549,-0.04882,0.25537,0.92333,25.27
$MAG,52831.510,0.024,-0.586,-0.879,23.8
$BARO,52831.559,75330.23,25.28
$IMU,52831.560,3.540,5.615,1.403,-0.08837,0.33984,0.90527,25.31
$MAG,52831.611,0.015,-0.589,-0.883,23.7
$IMU,52831.636,0.305,2.258,-0.976,-0.02587,0.31884,0.92138,25.27
$BARO,52831.660,75639.74,25.28
$IMU,52831.711,0.183,7.141,-3.295,-0.08105,0.32031,0.91601,25.32
$MAG,52831.712,0.030,-0.591,-0.870,23.5
$TIME,52831.715,441004.000,2364
$BARO,52831.762,75562.15,25.29
$IMU,52831.786,-0.061,7.080,-1.586,-0.08007,0.31591,0.89697,25.30
$MAG,52831.812,0.033,-0.588,-0.873,23.8
$VBAT,52831.843,3.922
$IMU,52831.861,-1.098,7.629,1.464,-0.03320,0.32177,0.88378,25.25
$BARO,52831.863,75543.48,25.28
$MAG,52831.913,0.042,-0.588,-0.867,23.9
$IMU,52831.936,-2.075,10.681,-1.159,-0.03955,0.31347,0.88769,25.31
$BARO,52831.965,75529.32,25.29
$IMU,52832.011,-1.098,13.671,-2.502,-0.02832,0.31689,0.91406,25.32
$MAG,52832.013,0.052,-0.591,-0.864,23.8
$BARO,52832.066,75575.39,25.29
$IMU,52832.086,0.915,14.953,-3.601,-0.09619,0.31982,0.92285,25.30
$MAG,52832.114,0.063,-0.582,-0.855,23.8
$HUM,52832.139,17.9,25.8
$IMU,52832.161,1.892,10.253,-5.187,-0.07617,0.34228,0.90087,25.27
$BARO,52832.168,75549.38,25.29
$MAG,52832.215,0.066,-0.583,-0.843,23.8
$IMU,52832.236,-0.976,10.131,-2.319,-0.06103,0.35546,0.87500,25.29
$BARO,52832.269,75488.08,25.29
$IMU,52832.311,-7.019,8.117,-1.159,-0.09814,0.34277,0.93115,25.25
$MAG,52832.315,0.078,-0.577,-0.838,23.8
$BARO,52832.371,75543.46,25.28
$IMU,52832.386,-7.690,1.342,0.061,-0.07470,0.27978,0.97363,25.32
$MAG,52832.416,0.070,-0.582,-0.849,23.7
$IMU,52832.461,0.854,-0.061,2.746,-0.07177,0.33105,0.93359,25.25
$BARO,52832.472,75538.17,25.27
$MAG,52832.516,0.078,-0.582,-0.849,23.8
$IMU,52832.536,0.915,-2.868,-0.183,-0.06884,0.33496,0.91650,25.27
$BARO,52832.574,75552.31,25.26
$IMU,52832.611,-2.258,-5.981,-1.525,-0.10595,0.34423,0.91601,25.26
$MAG,52832.617,0.064,-0.577,-0.853,23.8
$BARO,52832.675,75677.76,25.26
$IMU,52832.686,-6.042,-9.399,4.882,-0.04687,0.30078,0.95507,25.34
$TIME,52832.715,441006.000,2364
$MAG,52832.718,0.061,-0.573,-0.861,23.8
$IMU,52832.762,-3.601,-6.469,2.563,-0.03906,0.30908,0.95507,25.23
$BARO,52832.777,75611.51,25.25
$MAG,52832.818,0.054,-0.571,-0.855,23.8
$IMU,52832.837,-1.464,-2.014,3.112,-0.01220,0.29199,0.92822,25.26
$VBAT,52832.846,3.910
$BARO,52832.878,75517.86,25.26
$IMU,52832.912,0.183,2.319,1.403,-0.07568,0.32568,0.94042,25.26
$MAG,52832.919,0.057,-0.573,-0.856,23.8
$BARO,52832.980,75602.13,25.26
$IMU,52832.987,0.366,-1.342,-0.366,-0.05029,0.28808,0.91748,25.31
$MAG,52833.020,0.058,-0.579,-0.865,23.8
$IMU,52833.062,1.831,2.807,2.990,-0.03173,0.31445,0.91503,25.24
$BARO,52833.081,75671.11,25.25
$MAG,52833.120,0.057,-0.576,-0.861,23.8
$IMU,52833.137,0.305,5.065,2.746,-0.05029,0.32421,0.93017,25.27
$HUM,52833.153,21.5,25.7
$BARO,52833.183,75772.02,25.23
$IMU,52833.212,0.488,-2.136,1.037,-0.02880,0.28662,0.92675,25.25
$MAG,52833.221,0.060,-0.585,-0.862,23.7
$BARO,52833.284,75644.37,25.23
$IMU,52833.287,3.295,-0.366,0.305,-0.09521,0.37646,0.95410,25.21
$MAG,52833.321,0.051,-0.586,-0.849,23.8
$IMU,52833.362,0.061,-4.028,3.112,-0.01464,0.36621,1.03173,25.24
$BARO,52833.386,75710.55,25.23
$MAG,52833.422,0.046,-0.588,-0.856,23.5
$IMU,52833.437,2.075,-1.586,-0.305,-0.05859,0.36962,1.02783,25.23
$BARO,52833.487,75644.32,25.23
$IMU,52833.512,2.807,-3.967,1.098,-0.04882,0.43994,0.99902,25.28
$MAG,52833.523,0.054,-0.592,-0.858,23.8
$IMU,52833.587,-6.408,-1.464,3.112,-0.04541,0.35205,1.03173,25.26
$BARO,52833.589,75721.74,25.23
$MAG,52833.623,0.048,-0.576,-0.858,23.8
$IMU,52833.662,-5.554,0.061,3.051,-0.03515,0.36425,1.07373,25.23
$BARO,52833.690,75703.70,25.22
$TIME,52833.715,441007.000,2364
$MAG,52833.724,0.045,-0.583,-0.868,23.8
$IMU,52833.737,-1.708,-3.173,1.464,-0.07226,0.34179,1.05029,25.20
$BARO,52833.792,75707.82,25.21
$IMU,52833.812,0.793,-12.329,3.173,-0.09863,0.37646,1.02246,25.22
$MAG,52833.825,0.034,-0.589,-0.877,23.5
$VBAT,52833.849,3.935
$IMU,52833.887,-2.075,-16.723,6.469,-0.02783,0.33398,1.03466,25.25
$BARO,52833.893,75683.40,25.21
$MAG,52833.925,0.016,-0.583,-0.882,23.8
$IMU,52833.963,-0.427,-10.986,5.615,-0.03076,0.33203,1.03515,25.21
$BARO,52833.994,75686.39,25.21
$MAG,52834.026,0.004,-0.594,-0.880,23.8
$IMU,52834.038,0.305,-11.352,3.845,-0.00195,0.35302,1.03613,25.23
$BARO,52834.096,75759.32,25.22
$IMU,52834.113,-0.488,-7.751,2.624,-0.02490,0.31054,1.02880,25.24
$MAG,52834.126,0.006,-0.592,-0.882,23.7
$HUM,52834.168,25.8,25.7
$IMU,52834.188,2.380,-4.638,-2.380,-0.00537,0.32177,1.02392,25.21
$BARO,52834.197,75789.77,25.22
$MAG,52834.227,0.006,-0.595,-0.886,23.7
$IMU,52834.263,3.601,1.220,0.244,0.00585,0.32373,1.03173,25.23
$BARO,52834.299,75734.70,25.22
$MAG,52834.328,0.009,-0.595,-0.885,23.8
$IMU,52834.338,2.441,7.019,-2.197,0.02197,0.38476,1.02685,25.25
$BARO,52834.400,75828.43,25.23
$IMU,52834.413,-1.831,14.648,-5.371,-0.02294,0.28564,1.02392,25.26
$MAG,52834.428,0.024,-0.594,-0.871,23.7
$IMU,52834.488,2.807,15.197,-3.417,-0.01806,0.35498,1.02832,25.17
$BARO,52834.502,75910.72,25.23
$MAG,52834.529,0.039,-0.600,-0.864,23.7
$IMU,52834.563,2.319,13.366,-4.760,-0.00537,0.36376,1.02832,25.20
$BARO,52834.604,75845.44,25.23
$MAG,52834.630,0.051,-0.600,-0.856,23.7
$IMU,52834.638,2.441,11.474,-4.333,-0.02392,0.34375,1.04638,25.21
$BARO,52834.705,75790.65,25.23
$IMU,52834.713,4.211,11.535,-5.126,-0.04394,0.37744,0.99365,25.17
$MAG,52834.730,0.055,-0.595,-0.846,23.7
$IMU,52834.788,-1.403,8.361,-3.234,-0.04931,0.39550,1.04101,25.22
$BARO,52834.807,75739.36,25.22
$MAG,52834.831,0.058,-0.586,-0.844,23.8
$VBAT,52834.858,3.924
$IMU,52834.863,-4.150,3.601,-4.089,-0.04003,0.35107,1.08886,25.18
$BARO,52834.908,75881.44,25.23
$MAG,52834.932,0.064,-0.588,-0.847,23.8
$IMU,52834.938,1.953,0.549,-4.638,-0.03613,0.35009,1.05419,25.19
$BARO,52835.010,75891.51,25.23
$IMU,52835.013,2.136,-5.126,-6.591,-0.01416,0.40283,1.06103,25.20
$MAG,52835.032,0.057,-0.580,-0.856,23.7
$IMU,52835.088,-2.807,-1.953,-7.202,-0.02734,0.33789,1.11962,25.22
$BARO,52835.111,75852.46,25.23
$MAG,52835.133,0.072,-0.579,-0.847,23.7
$IMU,52835.164,1.037,-2.136,-4.882,0.01416,0.36816,1.10693,25.16
$HUM,52835.183,19.3,25.7
$BARO,52835.213,75900.31,25.23
$MAG,52835.233,0.069,-0.573,-0.849,23.7
$IMU,52835.239,0.732,0.183,-7.080,0.01464,0.35400,1.10888,25.23
$BARO,52835.314,75806.61,25.23
$IMU,52835.314,0.366,-0.244,-11.474,0.03369,0.38720,1.11083,25.21
$MAG,52835.334,0.072,-0.570,-0.843,23.5
$IMU,52835.389,-2.807,5.737,-10.681,0.02197,0.34375,1.10107,25.21
$BARO,52835.416,75851.05,25.23
$MAG,52835.435,0.093,-0.561,-0.843,23.7
$IMU,52835.464,-1.831,12.329,-11.230,0.01953,0.34130,1.11767,25.17
$BARO,52835.517,75855.92,25.21
$MAG,52835.535,0.094,-0.550,-0.838,23.7
$IMU,52835.539,-0.061,11.901,-14.099,0.06054,0.38085,1.13427,25.18
$IMU,52835.614,-1.770,15.136,-17.578,0.04541,0.36621,1.08789,25.18
$BARO,52835.619,75949.69,25.20
$MAG,52835.636,0.109,-0.535,-0.832,23.8
$IMU,52835.689,-2.990,12.634,-21.850,0.02587,0.33496,1.10156,25.17
$TIME,52835.715,441009.000,2364
$BARO,52835.720,75997.32,25.20
$MAG,52835.737,0.124,-0.513,-0.819,23.8
$IMU,52835.764,0.122,13.488,-25.451,-0.00927,0.38671,1.05761,25.22
$BARO,52835.822,75966.66,25.20
$MAG,52835.837,0.144,-0.502,-0.813,23.8
$IMU,52835.839,-4.089,11.596,-18.981,0.06103,0.31494,1.05273,25.15
$VBAT,52835.862,3.924
$IMU,52835.914,-0.122,10.620,-22.338,0.04052,0.37207,1.02636,25.15
$BARO,52835.923,76099.87,25.19
$MAG,52835.938,0.153,-0.480,-0.808,23.5
$IMU,52835.989,-1.281,10.742,-27.587,0.05761,0.33935,0.99121,25.14
$BARO,52836.025,75957.96,25.18
$MAG,52836.039,0.169,-0.456,-0.798,23.7
$IMU,52836.064,-3.540,13.854,-28.015,0.02880,0.34814,0.97705,25.22
$BARO,52836.126,76010.07,25.17
$MAG,52836.139,0.169,-0.427,-0.784,23.7
$IMU,52836.139,-6.103,11.657,-29.846,0.05810,0.36914,0.97021,25.13
$HUM,52836.198,26.8,25.6
$IMU,52836.214,-8.666,9.155,-29.541,0.11767,0.33935,1.00000,25.14
$BARO,52836.228,76114.83,25.16
$MAG,52836.240,0.178,-0.403,-0.792,23.5
$IMU,52836.289,-7.934,12.512,-32.897,0.08544,0.37451,1.00878,25.12
$BARO,52836.329,76026.94,25.16
$MAG,52836.340,0.177,-0.361,-0.772,23.7
$IMU,52836.365,-7.873,10.803,-34.790,0.12402,0.34033,1.02539,25.13
$BARO,52836.431,76094.77,25.15
$IMU,52836.440,-4.455,13.183,-36.560,0.10009,0.41552,1.00439,25.17
$MAG,52836.441,0.181,-0.333,-0.765,23.5
$IMU,52836.515,-7.751,9.704,-36.010,0.18212,0.39062,1.02294,25.16
$BARO,52836.532,76004.68,25.15
$MAG,52836.542,0.180,-0.294,-0.760,23.5
$IMU,52836.590,-7.080,10.620,-40.832,0.21533,0.40283,1.02929,25.12
$BARO,52836.634,75822.94,25.15
$MAG,52836.642,0.178,-0.267,-0.745,23.7
$IMU,52836.665,-5.737,15.319,-40.405,0.17236,0.45410,1.03710,25.09
$TIME,52836.715,441010.000,2364
$BARO,52836.735,76101.60,25.14
$IMU,52836.740,-5.554,14.526,-33.325,0.21728,0.44482,1.02832,25.15
$MAG,52836.743,0.159,-0.226,-0.733,23.7
$IMU,52836.815,-4.211,11.718,-35.339,0.17382,0.45898,1.05029,25.14
$BARO,52836.837,75950.42,25.13
$MAG,52836.844,0.165,-0.196,-0.729,23.5
$VBAT,52836.863,3.918
$IMU,52836.890,-0.854,5.798,-36.315,0.19775,0.50732,1.00048,25.16
$BARO,52836.938,75969.83,25.13
$MAG,52836.944,0.153,-0.180,-0.736,23.8
$IMU,52836.965,-1.892,-0.732,-29.296,0.28710,0.52392,1.01562,25.11
$BARO,52837.040,76052.70,25.11
$IMU,52837.040,-0.610,2.990,-30.700,0.30517,0.53613,0.97998,25.15
$MAG,52837.045,0.130,-0.154,-0.729,23.7
$IMU,52837.115,-0.366,1.647,-31.127,0.31005,0.61474,1.00146,25.12
$BARO,52837.141,75850.97,25.10
$MAG,52837.145,0.117,-0.117,-0.717,23.5
$IMU,52837.190,-6.042,5.676,-31.555,0.31152,0.53662,0.97265,25.11
$HUM,52837.213,26.3,25.5
$BARO,52837.243,75998.88,25.09
$MAG,52837.246,0.102,-0.099,-0.709,23.5
$IMU,52837.265,-5.187,7.019,-31.799,0.31982,0.58593,0.93310,25.12
$IMU,52837.340,-9.948,10.253,-29.418,0.27490,0.53613,0.91894,25.12
$BARO,52837.344,75996.30,25.07
$MAG,52837.347,0.093,-0.079,-0.706,23.5
$IMU,52837.415,-9.399,6.347,-24.353,0.34472,0.52880,0.95019,25.06
$BARO,52837.446,75924.68,25.05
$MAG,52837.447,0.063,-0.049,-0.697,23.7
$IMU,52837.490,-6.835,5.737,-29.907,0.36718,0.54101,0.93115,25.10
$BARO,52837.547,75873.08,25.02
$MAG,52837.548,0.051,-0.030,-0.688,23.5
$IMU,52837.566,-8.483,10.192,-33.569,0.33349,0.55371,0.92675,25.09
$IMU,52837.641,-10.131,13.793,-31.311,0.34423,0.57812,0.95263,25.10
$MAG,52837.648,0.025,-0.013,-0.661,23.5
$BARO,52837.649,75891.41,25.02
$TIME,52837.715,441011.000,2364
$IMU,52837.716,-11.840,15.686,-28.503,0.39013,0.56689,0.96630,25.06
$MAG,52837.749,-0.001,0.003,-0.649,23.7
$BARO,52837.750,76149.45,24.99
$IMU,52837.791,-8.728,18.066,-32.958,0.41796,0.56542,0.93701,25.14
$MAG,52837.850,-0.016,0.025,-0.633,23.5
$BARO,52837.852,76011.00,24.99
$IMU,52837.866,-8.666,26.000,-35.400,0.32519,0.58642,0.92041,25.11
$VBAT,52837.868,3.903
$IMU,52837.941,-8.422,19.714,-31.677,0.41406,0.59228,0.97119,25.08
$MAG,52837.950,-0.034,0.042,-0.615,23.7
$BARO,52837.953,76082.93,24.98
$IMU,52838.016,-2.258,20.568,-34.301,0.42968,0.62353,0.92236,25.06
$MAG,52838.051,-0.073,0.057,-0.607,23.5
$BARO,52838.055,76072.03,24.97
$IMU,52838.091,-2.075,23.803,-36.437,0.29589,0.65234,0.87451,25.12
$MAG,52838.151,-0.103,0.070,-0.600,23.5
$BARO,52838.156,76303.37,24.95
$IMU,52838.166,-2.807,9.948,-26.123,0.45410,0.64111,0.91308,25.08
$HUM,52838.228,26.3,25.4
$IMU,52838.241,0.976,13.000,-28.747,0.38867,0.65380,0.91113,25.06
$MAG,52838.252,-0.124,0.072,-0.604,23.7
$BARO,52838.258,76295.16,24.94
$IMU,52838.316,4.943,8.850,-30.517,0.40283,0.64404,0.87988,25.09
$MAG,52838.353,-0.139,0.085,-0.603,23.5
$BARO,52838.359,76039.49,24.91
$IMU,52838.391,5.554,7.751,-26.123,0.36181,0.71679,0.87255,25.09
$MAG,52838.453,-0.166,0.088,-0.610,23.5
$BARO,52838.461,76113.20,24.90
$IMU,52838.466,3.295,3.051,-23.498,0.40039,0.66455,0.89160,25.09
$IMU,52838.541,5.554,2.990,-22.827,0.38378,0.66845,0.86865,25.05
$MAG,52838.554,-0.193,0.090,-0.603,23.8
$BARO,52838.562,76377.79,24.90
$IMU,52838.616,4.943,0.671,-23.193,0.39843,0.67236,0.86865,25.06
$MAG,52838.655,-0.217,0.099,-0.618,23.8
$BARO,52838.664,76186.59,24.88
$IMU,52838.691,3.417,1.403,-21.606,0.42626,0.68457,0.88916,25.07
$TIME,52838.715,441011.000,2364
$MAG,52838.755,-0.235,0.088,-0.615,23.5
$BARO,52838.765,76279.80,24.85
$IMU,52838.767,1.586,5.187,-21.362,0.40039,0.67333,0.86328,25.09
$IMU,52838.842,0.244,5.187,-22.766,0.38769,0.66552,0.85449,25.05
$MAG,52838.856,-0.256,0.099,-0.612,23.5
$BARO,52838.867,76280.95,24.85
$VBAT,52838.873,3.918
$IMU,52838.917,-3.173,8.117,-18.798,0.41113,0.67187,0.89160,25.06
$MAG,52838.957,-0.271,0.105,-0.613,23.4
$BARO,52838.968,76201.80,24.84
$IMU,52838.992,-2.502,11.169,-20.874,0.43261,0.59912,0.89013,25.11
$MAG,52839.057,-0.289,0.097,-0.610,23.7
$IMU,52839.067,3.479,11.962,-21.301,0.37890,0.68359,0.82812,25.06
$BARO,52839.070,76254.62,24.84
$IMU,52839.142,-1.098,6.713,-19.409,0.37646,0.58740,0.90136,25.07
$MAG,52839.158,-0.312,0.091,-0.615,23.4
$BARO,52839.171,76379.01,24.84
$IMU,52839.217,4.638,5.065,-19.775,0.38134,0.67333,0.88525,25.05
$HUM,52839.243,26.4,25.2
$MAG,52839.259,-0.339,0.088,-0.621,23.4
$BARO,52839.273,76427.13,24.83
$IMU,52839.292,5.859,6.530,-15.747,0.33984,0.61669,0.88427,25.08
$MAG,52839.359,-0.342,0.097,-0.636,23.4
$IMU,52839.367,8.911,0.061,-14.648,0.40869,0.63623,0.91162,25.06
$BARO,52839.374,76378.03,24.82
$IMU,52839.442,12.390,-1.586,-15.136,0.32226,0.64892,0.84375,25.06
$MAG,52839.460,-0.361,0.084,-0.637,23.4
$BARO,52839.476,76393.12,24.81
$IMU,52839.517,8.544,-12.023,-12.268,0.35009,0.66455,0.89208,25.05
$MAG,52839.561,-0.370,0.078,-0.642,23.5
$BARO,52839.578,76454.47,24.81
$IMU,52839.592,4.943,-12.207,-12.817,0.38525,0.63671,0.95166,25.03
$MAG,52839.661,-0.385,0.085,-0.643,23.4
$IMU,52839.667,9.338,-8.239,-9.826,0.40966,0.65966,0.90820,25.04
$BARO,52839.679,76668.73,24.81
$TIME,52839.715,441013.000,2364
$IMU,52839.742,8.911,-5.737,-14.587,0.38330,0.66601,0.87792,25.07
$MAG,52839.762,-0.406,0.087,-0.649,23.4
$BARO,52839.781,76472.39,24.80
$IMU,52839.817,2.929,-6.164,-13.854,0.46289,0.66503,0.94042,25.07
$MAG,52839.863,-0.424,0.078,-0.658,23.7
$VBAT,52839.878,3.922
$BARO,52839.882,76426.17,24.79
$IMU,52839.892,1.953,2.746,-18.615,0.39746,0.60888,0.96484,25.04
$MAG,52839.963,-0.430,0.070,-0.660,23.5
$IMU,52839.967,6.835,6.347,-15.563,0.42724,0.69091,0.91992,25.05
$BARO,52839.984,76831.24,24.80
$IMU,52840.043,1.708,7.507,-16.357,0.46679,0.66015,0.97949,25.05
$MAG,52840.064,-0.444,0.057,-0.663,23.4
$BARO,52840.085,76393.44,24.80
$IMU,52840.118,4.699,10.314,-21.972,0.42089,0.70654,0.94433,25.02
$MAG,52840.164,-0.457,0.042,-0.673,23.4
$BARO,52840.187,76602.04,24.80
$IMU,52840.193,0.793,11.169,-19.714,0.43798,0.64794,0.97509,25.02
$HUM,52840.257,25.7,25.2
$MAG,52840.265,-0.472,0.043,-0.672,23.5
$IMU,52840.268,1.586,13.061,-21.301,0.40673,0.67333,0.94482,25.02
$BARO,52840.288,76668.78,24.79
$IMU,52840.343,0.427,10.253,-20.996,0.38623,0.65917,0.93408,25.06
$MAG,52840.366,-0.486,0.025,-0.676,23.5
$BARO,52840.390,76703.17,24.80
$IMU,52840.418,-0.305,3.295,-17.944,0.41357,0.62548,0.93408,25.02
$MAG,52840.466,-0.508,0.018,-0.667,23.4
$BARO,52840.491,76563.14,24.79
$IMU,52840.493,-1.342,4.089,-20.996,0.40087,0.62792,0.93115,25.05
$MAG,52840.567,-0.523,0.010,-0.682,23.5
$IMU,52840.568,-0.671,4.394,-20.568,0.41308,0.64257,0.91552,25.00
$BARO,52840.593,76794.97,24.79
$IMU,52840.643,-3.051,6.286,-27.404,0.35791,0.61328,0.91894,25.03
$MAG,52840.667,-0.543,0.009,-0.679,23.4
$BARO,52840.694,76973.98,24.80
$TIME,52840.715,441014.000,2364
$IMU,52840.718,-2.502,3.356,-20.935,0.46044,0.64990,0.96972,25.01
$MAG,52840.768,-0.553,-0.007,-0.670,23.4
$IMU,52840.793,-5.004,13.000,-25.512,0.41308,0.66992,0.97558,25.01
$BARO,52840.796,76700.98,24.79
$IMU,52840.868,-3.417,13.549,-27.709,0.50878,0.60888,0.94775,25.02
$MAG,52840.869,-0.574,-0.031,-0.679,23.5
$VBAT,52840.881,3.914
$BARO,52840.897,76962.42,24.80
$IMU,52840.943,-2.685,19.775,-33.813,0.42236,0.67333,0.89892,25.00
$MAG,52840.969,-0.601,-0.048,-0.693,23.4
$BARO,52840.999,76763.60,24.81
$IMU,52841.018,-9.704,23.742,-31.616,0.41015,0.61669,0.98974,25.03
$MAG,52841.070,-0.612,-0.060,-0.697,23.7
$IMU,52841.093,-7.263,25.634,-31.250,0.44482,0.67382,0.96435,25.01
$BARO,52841.100,76954.38,24.81
$IMU,52841.168,-8.178,23.864,-33.447,0.47265,0.64599,1.02294,25.02
$MAG,52841.171,-0.627,-0.073,-0.718,23.4
$BARO,52841.202,76734.88,24.82
$IMU,52841.244,-5.981,28.259,-37.353,0.39794,0.63232,0.97119,24.97
$MAG,52841.271,-0.631,-0.112,-0.729,23.4
$HUM,52841.272,4.6,25.3
$BARO,52841.303,77118.16,24.83
$IMU,52841.319,-6.713,26.672,-35.766,0.47558,0.69824,0.99804,24.97
$MAG,52841.372,-0.643,-0.127,-0.741,23.5
$IMU,52841.394,-8.361,33.813,-34.667,0.47802,0.61962,1.06103,24.99
$BARO,52841.405,76924.06,24.84
$IMU,52841.469,2.075,31.433,-38.085,0.45117,0.75830,1.02685,25.00
$MAG,52841.472,-0.639,-0.160,-0.766,23.4
$BARO,52841.506,77129.39,24.85
$IMU,52841.544,-1.525,35.278,-35.827,0.40625,0.70947,1.03662,25.00
$MAG,52841.573,-0.640,-0.172,-0.793,23.5
$BARO,52841.608,77376.92,24.86
$IMU,52841.619,0.671,30.883,-30.822,0.45361,0.76660,1.08935,24.99
$MAG,52841.674,-0.636,-0.199,-0.822,23.4
$IMU,52841.694,4.943,28.991,-34.545,0.39306,0.77099,1.04199,24.98
$BARO,52841.709,77469.81,24.85
$TIME,52841.715,441015.000,2364
$IMU,52841.769,2.502,23.498,-27.587,0.43066,0.81640,1.09960,25.02
$MAG,52841.774,-0.625,-0.214,-0.829,23.4
$BARO,52841.811,77387.01,24.85
$IMU,52841.844,2.380,21.728,-26.977,0.40234,0.82177,1.11181,24.99
$MAG,52841.875,-0.625,-0.247,-0.846,23.4
$VBAT,52841.886,3.918
$BARO,52841.912,77392.01,24.85
$IMU,52841.919,3.723,19.470,-24.902,0.40820,0.80664,1.09326,24.98
$MAG,52841.976,-0.619,-0.259,-0.853,23.4
$IMU,52841.994,3.723,17.456,-20.812,0.40722,0.83447,1.14648,24.95
$BARO,52842.014,77584.96,24.84
$IMU,52842.069,5.310,15.502,-17.822,0.42382,0.78564,1.13525,25.03
$MAG,52842.076,-0.610,-0.277,-0.862,23.4
$BARO,52842.115,77621.55,24.86
$IMU,52842.144,7.629,13.732,-21.301,0.40429,0.81054,1.09375,24.99
$MAG,52842.177,-0.603,-0.297,-0.868,23.5
$BARO,52842.217,77610.21,24.85
$IMU,52842.219,5.187,15.930,-18.249,0.36865,0.82324,1.08544,25.00
$MAG,52842.277,-0.601,-0.303,-0.889,23.5
$HUM,52842.287,6536.5,25.2
$IMU,52842.294,1.525,12.573,-15.502,0.44531,0.77197,1.15820,25.00
$BARO,52842.318,77846.31,24.85
$IMU,52842.369,6.713,12.512,-22.460,0.39111,0.80224,1.14160,25.03
$MAG,52842.378,-0.582,-0.330,-0.894,23.7
$BARO,52842.420,77302.85,24.85
$IMU,52842.445,7.385,14.770,-21.850,0.39208,0.80712,1.13037,24.96
$MAG,52842.478,-0.588,-0.346,-0.906,23.4
$IMU,52842.520,6.591,17.333,-17.456,0.38330,0.79736,1.14208,25.00
$BARO,52842.521,77460.72,24.86
$MAG,52842.579,-0.573,-0.361,-0.912,23.4
$IMU,52842.595,6.225,15.991,-15.380,0.38427,0.84277,1.17382,25.00
$BARO,52842.623,77425.11,24.87
$IMU,52842.670,7.385,12.939,-19.042,0.38574,0.79638,1.13525,24.95
$MAG,52842.680,-0.564,-0.378,-0.928,23.4
$TIME,52842.715,441017.000,2364
$BARO,52842.724,77736.62,24.86
$IMU,52842.745,5.859,15.563,-18.432,0.32617,0.81445,1.12792,24.99
$MAG,52842.780,-0.552,-0.387,-0.921,23.4
$IMU,52842.820,6.164,14.892,-11.169,0.39599,0.75488,1.17968,24.99
$BARO,52842.826,77806.70,24.87
$MAG,52842.881,-0.540,-0.402,-0.930,23.5
$VBAT,52842.893,3.914
$IMU,52842.895,13.610,13.305,-17.272,0.33789,0.82812,1.08593,24.98
$BARO,52842.927,77654.24,24.85
$IMU,52842.970,10.742,10.803,-13.427,0.34960,0.83105,1.09326,24.98
$MAG,52842.981,-0.528,-0.424,-0.937,23.4
$BARO,52843.029,77970.87,24.83
$IMU,52843.045,8.728,9.460,-16.967,0.37109,0.77636,1.19091,24.99
$MAG,52843.082,-0.514,-0.441,-0.936,23.5
$IMU,52843.120,14.892,12.451,-19.348,0.29394,0.87939,1.13867,24.93
$BARO,52843.130,78128.74,24.82
$MAG,52843.183,-0.502,-0.456,-0.946,23.5
$IMU,52843.195,11.352,9.948,-14.648,0.33007,0.91015,1.16308,24.98
$BARO,52843.232,78057.74,24.82
$IMU,52843.270,7.019,7.263,-15.258,0.36816,0.90527,1.25927,24.93
$MAG,52843.283,-0.501,-0.478,-0.951,23.5
$HUM,52843.301,25.3,25.1
$BARO,52843.333,77846.80,24.82
$IMU,52843.345,9.826,6.530,-16.418,0.33984,0.98388,1.23095,24.96
$MAG,52843.384,-0.493,-0.484,-0.945,23.4
$IMU,52843.420,6.408,5.432,-15.869,0.34814,0.94140,1.31005,24.94
$BARO,52843.435,78300.83,24.81
$MAG,52843.484,-0.474,-0.495,-0.951,23.4
$IMU,52843.495,8.056,9.948,-12.634,0.37060,1.05664,1.29687,24.90
$BARO,52843.536,78163.36,24.81
$IMU,52843.570,6.164,8.361,-13.549,0.41455,1.00048,1.32226,24.90
$MAG,52843.585,-0.471,-0.508,-0.954,23.4
$BARO,52843.638,78084.63,24.80
$IMU,52843.646,4.394,8.789,-20.629,0.36132,1.03222,1.33496,24.98
$MAG,52843.685,-0.450,-0.520,-0.952,23.4
$IMU,52843.721,3.356,10.925,-19.165,0.36328,1.02587,1.35400,24.96
$BARO,52843.739,78028.34,24.81
$MAG,52843.786,-0.439,-0.529,-0.952,23.2
$IMU,52843.796,2.685,9.033,-20.996,0.40234,0.96826,1.29833,24.96
$BARO,52843.841,78584.36,24.80
$IMU,52843.871,0.427,11.718,-27.465,0.34960,0.91601,1.27197,24.93
$MAG,52843.887,-0.415,-0.540,-0.958,23.4
$VBAT,52843.897,3.924
$BARO,52843.942,78247.28,24.79
$IMU,52843.946,-0.061,18.676,-26.794,0.36425,0.81884,1.35205,24.93
$MAG,52843.987,-0.390,-0.555,-0.961,23.4
$IMU,52844.021,9.643,19.653,-24.353,0.37011,0.95068,1.17724,24.95
$BARO,52844.044,78516.36,24.78
$MAG,52844.088,-0.354,-0.556,-0.963,23.5
$IMU,52844.096,-0.244,23.254,-26.977,0.31396,0.83691,1.26416,24.93
$BARO,52844.145,78463.56,24.78
$IMU,52844.171,1.647,21.301,-27.465,0.35791,0.86523,1.35302,24.97
$MAG,52844.188,-0.327,-0.573,-0.966,23.4
$IMU,52844.246,9.948,24.658,-30.700,0.28710,0.87744,1.32031,24.95
$BARO,52844.247,78443.74,24.78
$MAG,52844.289,-0.294,-0.586,-0.964,23.4
$HUM,52844.316,26.9,25.1
$IMU,52844.321,11.352,25.573,-20.874,0.30224,0.92187,1.28857,24.96
$BARO,52844.348,78371.76,24.78
$MAG,52844.390,-0.279,-0.595,-0.958,23.4
$IMU,52844.396,7.873,26.306,-12.023,0.22607,0.86962,1.32177,24.95
$BARO,52844.450,78619.34,24.76
$IMU,52844.471,10.253,21.362,-9.338,0.20068,0.90869,1.27246,24.95
$MAG,52844.490,-0.247,-0.603,-0.960,23.5
$IMU,52844.546,7.019,17.517,-11.474,0.14550,0.86132,1.28710,24.93
$BARO,52844.551,78629.26,24.76
$MAG,52844.591,-0.223,-0.604,-0.954,23.5
$IMU,52844.621,7.202,12.023,-6.958,0.16699,0.87109,1.33642,24.92
$BARO,52844.653,78485.81,24.75
$MAG,52844.691,-0.231,-0.609,-0.951,23.4
$IMU,52844.696,12.634,5.920,-6.958,0.14892,0.85839,1.23974,24.90
$TIME,52844.715,441017.000,2364
$BARO,52844.754,78592.45,24.75
$IMU,52844.771,6.164,4.943,-2.807,0.12890,0.87304,1.29980,24.94
$MAG,52844.792,-0.225,-0.622,-0.946,23.4
$IMU,52844.847,3.662,3.173,3.967,0.16894,0.90185,1.39697,24.95
$BARO,52844.856,78517.40,24.74
$MAG,52844.893,-0.219,-0.624,-0.942,23.4
$VBAT,52844.898,3.913
$IMU,52844.922,7.812,-1.647,-0.366,0.12255,0.87841,1.30273,24.94
$BARO,52844.957,78416.08,24.74
$MAG,52844.993,-0.231,-0.624,-0.939,23.4
$IMU,52844.997,2.868,-4.577,0.427,0.09716,0.87255,1.42773,24.96
$BARO,52845.059,78757.96,24.74
$IMU,52845.072,10.864,-6.958,7.629,0.17919,0.86718,1.36767,24.92
$MAG,52845.094,-0.238,-0.634,-0.939,23.2
$IMU,52845.147,10.192,-10.009,5.859,0.24218,0.95117,1.37988,24.90
$BARO,52845.160,78564.91,24.74
$MAG,52845.194,-0.250,-0.639,-0.925,23.4
$IMU,52845.222,6.896,0.549,1.892,0.06933,0.93359,1.54980,24.92
$BARO,52845.262,78747.24,24.73
$MAG,52845.295,-0.253,-0.652,-0.918,23.4
$IMU,52845.297,15.258,-1.281,1.586,0.11523,1.06542,1.49902,24.91
$HUM,52845.331,27.3,25.0
$BARO,52845.363,78620.63,24.72
$IMU,52845.372,10.681,-1.403,6.042,0.14306,1.04736,1.48339,24.89
$MAG,52845.396,-0.255,-0.663,-0.916,23.5
$IMU,52845.447,3.906,-5.004,7.263,0.09716,1.06152,1.60986,24.88
$BARO,52845.465,78644.96,24.71
$MAG,52845.496,-0.271,-0.664,-0.913,23.5
$IMU,52845.522,4.028,-8.361,5.920,0.07763,1.10009,1.58740,24.88
$BARO,52845.566,79107.57,24.71
$MAG,52845.597,-0.279,-0.667,-0.910,23.4
$IMU,52845.597,-1.037,-8.544,10.559,0.02880,1.01806,1.70800,24.89
$BARO,52845.667,78800.32,24.70
$IMU,52845.672,1.708,-11.047,16.601,0.11083,1.04003,1.71826,24.86
$MAG,52845.698,-0.303,-0.667,-0.916,23.4
$TIME,52845.715,441019.000,2364
$IMU,52845.747,6.774,-15.625,14.221,0.10058,1.02490,1.68945,24.91
$BARO,52845.769,78789.06,24.69
$MAG,52845.798,-0.324,-0.669,-0.903,23.4
$IMU,52845.822,7.934,-13.977,17.517,0.06689,0.96875,1.69482,24.88
$BARO,52845.870,78805.52,24.68
$IMU,52845.897,10.009,-15.869,8.544,0.09960,1.01269,1.63183,24.86
$MAG,52845.899,-0.343,-0.679,-0.892,23.4
$VBAT,52845.903,3.910
$BARO,52845.972,78911.47,24.67
$IMU,52845.972,6.652,-7.690,4.333,0.07324,1.01855,1.77050,24.86
$MAG,52845.999,-0.349,-0.685,-0.888,23.4
$IMU,52846.048,10.131,-6.713,1.586,0.14990,1.07617,1.82617,24.90
$BARO,52846.073,78894.87,24.67
$MAG,52846.100,-0.346,-0.697,-0.886,23.4
$IMU,52846.123,10.986,1.770,-5.798,0.09472,1.11035,1.77880,24.87
$BARO,52846.175,78975.65,24.67
$IMU,52846.198,3.112,8.300,-9.033,0.08593,1.08642,1.84375,24.87
$MAG,52846.201,-0.322,-0.688,-0.880,23.4
$IMU,52846.273,3.723,12.573,-6.469,0.05664,1.06787,1.93017,24.89
$BARO,52846.276,78773.97,24.67
$MAG,52846.301,-0.321,-0.705,-0.877,23.4
$HUM,52846.346,27.5,25.0
$IMU,52846.348,11.474,3.417,-2.502,0.09521,1.07519,1.82812,24.88
$BARO,52846.378,79251.12,24.66
$MAG,52846.402,-0.318,-0.711,-0.867,23.4
$IMU,52846.423,7.202,0.183,-5.065,0.12060,1.08203,1.77050,24.87
$BARO,52846.479,79457.38,24.66
$IMU,52846.498,-2.319,5.310,-4.699,0.01074,1.00878,1.93408,24.87
$MAG,52846.502,-0.313,-0.709,-0.876,23.4
$IMU,52846.573,8.605,1.525,4.394,0.06982,0.95947,1.90869,24.87
$BARO,52846.581,79508.69,24.65
$MAG,52846.603,-0.315,-0.724,-0.861,23.4
$IMU,52846.648,15.686,-4.760,9.521,0.07031,1.02929,1.78173,24.84
$BARO,52846.682,79123.66,24.66
$MAG,52846.704,-0.324,-0.715,-0.865,23.4
$TIME,52846.715,441020.000,2364
$IMU,52846.723,4.516,-6.347,4.333,0.04736,0.98388,1.87597,24.85
$BARO,52846.784,79259.55,24.65
$IMU,52846.798,5.187,-2.197,8.117,0.00439,0.91064,1.81884,24.82
$MAG,52846.804,-0.339,-0.721,-0.849,23.3
$IMU,52846.873,8.422,-7.812,10.375,0.08740,0.84179,1.64648,24.87
$BARO,52846.885,79228.01,24.64
$MAG,52846.905,-0.357,-0.723,-0.849,23.4
$VBAT,52846.910,3.922
$IMU,52846.948,0.488,-9.094,6.591,0.11279,0.77880,1.56494,24.81
$BARO,52846.987,79930.91,24.64
$MAG,52847.005,-0.352,-0.726,-0.849,23.3
$IMU,52847.023,-3.173,-1.586,0.854,0.04833,0.64941,1.61376,24.82
$BARO,52847.088,79841.82,24.62
$IMU,52847.098,6.347,-0.915,1.037,0.12353,0.68603,1.43750,24.81
$MAG,52847.106,-0.358,-0.729,-0.840,23.3
$IMU,52847.173,5.126,3.356,-5.798,0.00781,0.60644,1.45019,24.87
$BARO,52847.190,79952.26,24.62
$MAG,52847.207,-0.345,-0.736,-0.843,23.3
$IMU,52847.249,6.713,2.807,-3.234,0.11718,0.59326,1.32714,24.81
$BARO,52847.291,79674.19,24.61
$MAG,52847.307,-0.336,-0.733,-0.847,23.4
$IMU,52847.324,-0.122,8.239,-4.089,0.03955,0.60058,1.35986,24.83
$HUM,52847.360,27.7,25.0
$BARO,52847.393,79840.55,24.61
$IMU,52847.399,-1.037,-2.990,-4.211,0.11328,0.56689,1.49511,24.83
$MAG,52847.408,-0.345,-0.738,-0.832,23.4
$IMU,52847.474,8.728,-0.427,-8.056,0.00000,0.51904,1.36718,24.81
$BARO,52847.494,79203.41,24.60
$MAG,52847.508,-0.346,-0.747,-0.829,23.4
$IMU,52847.549,9.887,-3.662,0.366,0.07910,0.56689,1.24951,24.83
$BARO,52847.596,80334.07,24.61
$MAG,52847.609,-0.340,-0.745,-0.832,23.4
$IMU,52847.624,1.525,-2.319,3.784,0.03613,0.43408,1.34619,24.82
$BARO,52847.697,79905.02,24.61
$IMU,52847.699,9.155,-5.065,9.277,0.04199,0.53125,1.28710,24.83
$MAG,52847.710,-0.357,-0.750,-0.825,23.4
$TIME,52847.715,441021.000,2364
$IMU,52847.774,7.751,-6.835,13.122,0.05371,0.65039,1.40869,24.79
$BARO,52847.799,80102.27,24.60
$MAG,52847.810,-0.373,-0.742,-0.816,23.4
$IMU,52847.849,8.666,-8.056,14.343,0.03857,0.58935,1.49316,24.84
$BARO,52847.900,80161.18,24.60
$MAG,52847.911,-0.385,-0.760,-0.804,23.4
$VBAT,52847.918,3.924
$IMU,52847.924,12.512,-10.803,16.540,0.04785,0.93261,1.53955,24.83
$IMU,52847.999,-4.699,-3.723,11.474,-0.11718,0.72363,1.88378,24.80
$BARO,52848.002,79406.26,24.60
$MAG,52848.012,-0.409,-0.751,-0.801,23.3
$IMU,52848.074,13.488,-11.230,21.850,0.00341,0.88281,1.61962,24.80
$BARO,52848.103,79820.22,24.59
$MAG,52848.112,-0.430,-0.756,-0.789,23.4
$IMU,52848.149,1.770,-10.131,17.150,-0.07226,0.78027,1.59179,24.79
$BARO,52848.205,80053.93,24.60
$MAG,52848.213,-0.450,-0.744,-0.783,23.2
$IMU,52848.224,-1.220,-13.000,17.761,0.01708,0.63183,1.67236,24.80
$IMU,52848.299,7.385,-7.873,8.422,-0.13037,0.67773,1.42724,24.81
$BARO,52848.306,79861.00,24.59
$MAG,52848.313,-0.462,-0.748,-0.780,23.4
$IMU,52848.374,-2.014,-10.925,11.413,-0.02880,0.64550,1.42675,24.79
$HUM,52848.375,27.6,25.0
$BARO,52848.408,80529.93,24.60
$MAG,52848.414,-0.463,-0.738,-0.777,23.3
$IMU,52848.450,-4.211,-7.568,7.629,0.01708,0.51904,1.49755,24.80
$BARO,52848.509,80491.12,24.60
$MAG,52848.515,-0.468,-0.736,-0.775,23.3
$IMU,52848.525,2.685,0.183,-1.831,-0.08251,0.65820,1.41894,24.78
$IMU,52848.600,-3.356,1.647,-1.464,-0.10498,0.46582,1.56884,24.79
$BARO,52848.611,80802.68,24.62
$MAG,52848.615,-0.474,-0.736,-0.774,23.4
$IMU,52848.675,10.253,-1.770,1.708,0.03662,0.66992,1.40283,24.83
$BARO,52848.712,80752.79,24.62
$TIME,52848.715,441021.000,2364
$MAG,52848.716,-0.466,-0.745,-0.774,23.2
$IMU,52848.750,-2.868,0.610,-8.544,-0.03515,0.52441,1.53662,24.74
$BARO,52848.814,80412.78,24.63
$MAG,52848.816,-0.451,-0.747,-0.778,23.4
$IMU,52848.825,3.601,4.821,-7.873,-0.02685,0.59375,1.51171,24.81
$IMU,52848.900,4.943,6.591,-9.399,-0.07275,0.58251,1.52636,24.78
$BARO,52848.915,80752.59,24.62
$MAG,52848.917,-0.447,-0.754,-0.772,23.4
$VBAT,52848.923,3.924
$IMU,52848.975,0.793,7.568,-3.967,-0.06982,0.58300,1.58886,24.82
$BARO,52849.017,80585.94,24.63
$MAG,52849.018,-0.457,-0.753,-0.772,23.4
$IMU,52849.050,2.014,-0.915,0.671,0.02587,0.66015,1.59863,24.79
$MAG,52849.118,-0.436,-0.763,-0.786,23.4
$BARO,52849.119,80658.41,24.63
$IMU,52849.125,-4.394,10.437,-10.314,-0.14648,0.59130,1.69873,24.79
$IMU,52849.200,4.211,4.943,2.746,0.00976,0.59472,1.56787,24.77
$MAG,52849.219,-0.436,-0.753,-0.766,23.4
$BARO,52849.220,80455.58,24.63
$IMU,52849.275,-0.488,5.859,-2.624,-0.05468,0.57861,1.54199,24.79
$MAG,52849.320,-0.435,-0.751,-0.786,23.2
$BARO,52849.322,80792.98,24.62
$IMU,52849.350,-4.577,-1.892,-1.708,0.01464,0.55957,1.69335,24.79
$HUM,52849.390,28.2,25.0
$MAG,52849.420,-0.421,-0.765,-0.774,23.3
$BARO,52849.423,81036.90,24.62
$IMU,52849.425,3.723,1.037,-12.145,-0.04345,0.53222,1.67919,24.79
$IMU,52849.500,5.920,7.812,-7.934,-0.13378,0.69091,1.58349,24.79
$MAG,52849.521,-0.420,-0.762,-0.771,23.3
$BARO,52849.525,80973.43,24.61
$IMU,52849.575,-6.652,1.403,2.136,0.06787,0.44140,1.81054,24.77
$MAG,52849.621,-0.414,-0.762,-0.766,23.3
$BARO,52849.626,81180.74,24.61
$IMU,52849.650,14.587,9.216,-11.413,-0.06396,0.58349,1.57226,24.74
$TIME,52849.715,441023.000,2364
$MAG,52849.722,-0.397,-0.775,-0.768,23.3
$IMU,52849.726,5.126,3.662,-9.704,0.03808,0.52246,1.52246,24.70
$BARO,52849.728,80877.24,24.62
$IMU,52849.801,0.244,13.732,-9.582,-0.01708,0.42236,1.51660,24.78
$MAG,52849.823,-0.379,-0.772,-0.759,23.3
$BARO,52849.829,81268.02,24.62
$IMU,52849.876,6.347,10.314,-5.493,0.08105,0.37988,1.27246,24.77
$MAG,52849.923,-0.370,-0.787,-0.765,23.3
$VBAT,52849.929,3.911
$BARO,52849.931,81417.25,24.63
$IMU,52849.951,0.854,13.854,-7.690,0.02880,0.31689,1.24804,24.75
$MAG,52850.024,-0.360,-0.775,-0.768,23.3
$IMU,52850.026,2.807,13.671,-7.934,0.05957,0.39355,1.29150,24.77
$BARO,52850.032,81189.12,24.64
$IMU,52850.101,4.882,13.427,-8.056,0.07324,0.36523,1.28369,24.78
$MAG,52850.125,-0.343,-0.792,-0.754,23.3
$BARO,52850.134,81267.00,24.64
$IMU,52850.176,6.164,10.070,-11.596,0.00341,0.43457,1.21630,24.71
$MAG,52850.225,-0.336,-0.786,-0.766,23.3
$BARO,52850.235,81286.87,24.65
$IMU,52850.251,-1.586,3.662,-4.089,0.08691,0.41796,1.37500,24.72
$MAG,52850.326,-0.336,-0.789,-0.765,23.4
$IMU,52850.326,-3.479,-0.366,-7.202,0.00781,0.40869,1.52197,24.80
$BARO,52850.337,81423.44,24.64
$IMU,52850.401,9.582,-1.892,-0.732,-0.00390,0.48730,1.34130,24.74
$HUM,52850.405,28.4,25.1
$MAG,52850.426,-0.336,-0.789,-0.754,23.3
$BARO,52850.438,81169.31,24.65
$IMU,52850.476,2.868,-8.911,8.972,0.08349,0.39941,1.26269,24.72
$MAG,52850.527,-0.351,-0.789,-0.762,23.2
$BARO,52850.540,81557.70,24.64
$IMU,52850.551,-2.685,-17.395,-3.540,0.12500,0.32275,1.25927,24.79
$IMU,52850.626,1.892,-6.225,-8.361,-0.01025,0.24902,1.20654,24.81
$MAG,52850.628,-0.340,-0.792,-0.766,23.2
$BARO,52850.641,81440.94,24.64
$IMU,52850.701,8.666,2.990,1.403,0.11767,0.26708,1.01660,24.75
$TIME,52850.715,441024.000,2364
$MAG,52850.728,-0.337,-0.795,-0.748,23.4
$BARO,52850.743,81475.11,24.65
$IMU,52850.776,3.417,11.291,-7.324,0.03369,0.18310,1.03906,24.77
$MAG,52850.829,-0.333,-0.802,-0.744,23.0
$BARO,52850.844,81401.94,24.65
$IMU,52850.851,9.399,8.300,-1.403,0.19775,0.23144,0.97900,24.76
$IMU,52850.927,5.249,16.357,-14.343,0.05029,0.24267,0.95849,24.76
$MAG,52850.929,-0.313,-0.807,-0.744,23.4
$VBAT,52850.930,3.919
$BARO,52850.946,81192.71,24.65
$IMU,52851.002,1.831,15.197,-7.812,0.07617,0.20410,0.92285,24.72
$MAG,52851.030,-0.300,-0.811,-0.735,23.3
$BARO,52851.047,81162.12,24.65
$IMU,52851.077,1.159,11.169,-7.202,0.05419,0.26757,0.99462,24.66
$MAG,52851.131,-0.291,-0.807,-0.736,23.0
$BARO,52851.149,80788.54,24.64
$IMU,52851.152,2.441,5.004,-7.507,0.07714,0.28857,1.12353,24.72
$IMU,52851.227,10.620,-1.953,-5.004,0.10156,0.45654,1.08203,24.75
$MAG,52851.231,-0.285,-0.811,-0.733,23.4
$BARO,52851.250,81621.78,24.63
$IMU,52851.302,6.774,-3.906,-2.502,0.00976,0.44775,1.29833,24.69
$MAG,52851.332,-0.292,-0.822,-0.712,22.9
$BARO,52851.352,81001.51,24.62
$IMU,52851.377,7.446,-17.028,-2.868,0.03662,0.74267,1.53515,24.73
$HUM,52851.419,28.6,25.0
$MAG,52851.432,-0.295,-0.819,-0.715,23.4
$IMU,52851.452,3.295,-17.578,1.831,0.02685,0.65429,1.63525,24.72
$BARO,52851.453,81210.84,24.61
$IMU,52851.527,10.925,-11.657,7.141,0.06005,0.79882,1.61474,24.76
$MAG,52851.533,-0.313,-0.822,-0.712,22.9
$BARO,52851.555,81146.17,24.61
$IMU,52851.602,-0.183,-8.239,3.784,0.06201,0.76464,1.66845,24.72
$MAG,52851.634,-0.319,-0.816,-0.705,22.9
$BARO,52851.656,81272.75,24.60
$IMU,52851.677,-4.272,-5.737,2.319,0.11035,0.67626,1.70263,24.70
$MAG,52851.734,-0.318,-0.819,-0.714,23.0
$IMU,52851.752,-3.112,5.126,-1.220,0.00927,0.63818,1.65478,24.72
$BARO,52851.758,81158.58,24.59
$IMU,52851.827,-3.723,6.225,1.953,0.04980,0.62646,1.65087,24.75
$MAG,52851.835,-0.310,-0.813,-0.723,23.2
$BARO,52851.859,81355.43,24.57
$IMU,52851.902,-3.234,9.338,1.403,0.00488,0.59667,1.60302,24.72
$VBAT,52851.930,3.918
$MAG,52851.935,-0.318,-0.807,-0.720,23.2
$BARO,52851.961,81622.51,24.57
$IMU,52851.977,-1.953,0.549,0.732,0.03955,0.52001,1.57275,24.72
$MAG,52852.036,-0.315,-0.811,-0.714,22.8
$IMU,52852.052,3.906,-3.540,-2.929,0.00537,0.53662,1.44970,24.72
$BARO,52852.062,81551.65,24.57
$IMU,52852.128,-2.014,-3.723,0.061,-0.03710,0.34375,1.40869,24.71
$MAG,52852.137,-0.319,-0.817,-0.724,23.4
$BARO,52852.164,81754.16,24.57
$IMU,52852.203,4.638,-7.995,2.380,0.04345,0.49707,1.31738,24.73
$MAG,52852.237,-0.319,-0.814,-0.706,23.0
$BARO,52852.265,81787.94,24.57
$IMU,52852.278,-0.488,-5.859,-1.770,-0.01708,0.33984,1.23974,24.74
$MAG,52852.338,-0.325,-0.808,-0.723,22.9
$IMU,52852.353,-2.807,-7.263,3.112,0.08056,0.34814,1.24755,24.74
$BARO,52852.367,82088.32,24.57
$IMU,52852.428,-4.333,0.793,-2.136,0.01171,0.30957,1.25146,24.70
$HUM,52852.434,28.4,25.0
$MAG,52852.438,-0.321,-0.816,-0.720,23.4
$BARO,52852.468,81974.46,24.58
$IMU,52852.503,-2.807,2.929,-2.014,0.01025,0.29736,1.21679,24.74
$MAG,52852.539,-0.324,-0.810,-0.720,22.9
$BARO,52852.570,82044.03,24.59
$IMU,52852.578,-1.464,1.586,0.854,0.04492,0.24511,1.20068,24.71
$MAG,52852.640,-0.321,-0.822,-0.723,23.3
$IMU,52852.653,5.676,-0.061,0.244,-0.00927,0.23632,1.12353,24.68
$BARO,52852.671,81998.35,24.59
$TIME,52852.715,441025.000,2364
$IMU,52852.728,5.920,-5.004,1.037,0.12890,0.30517,1.04443,24.71
$MAG,52852.740,-0.318,-0.814,-0.720,23.3
$BARO,52852.773,82092.22,24.60
$IMU,52852.803,1.342,2.868,-10.681,0.03320,0.20166,1.09960,24.67
$MAG,52852.841,-0.306,-0.808,-0.703,23.0
$BARO,52852.874,82112.11,24.60
$IMU,52852.878,3.784,6.408,-12.268,0.08593,0.31005,1.16748,24.66
$VBAT,52852.931,3.918
$MAG,52852.941,-0.301,-0.822,-0.711,23.3
$IMU,52852.953,1.586,9.033,-9.338,-0.04003,0.32812,1.18505,24.70
$BARO,52852.976,81958.67,24.61
$IMU,52853.028,3.601,0.061,-1.586,0.00976,0.38525,1.15429,24.68
$MAG,52853.042,-0.292,-0.823,-0.715,23.2
$BARO,52853.077,81914.60,24.61
$IMU,52853.103,-3.295,-7.690,-0.610,0.10546,0.38330,1.26806,24.65
$MAG,52853.143,-0.289,-0.813,-0.709,23.3
$IMU,52853.178,-0.244,-4.211,-4.211,0.03564,0.35498,1.27197,24.74
$BARO,52853.179,82294.07,24.61
$MAG,52853.243,-0.298,-0.823,-0.705,22.9
$IMU,52853.253,3.723,-2.502,-3.295,0.04296,0.37109,1.17578,24.65
$BARO,52853.280,82131.31,24.61
$IMU,52853.329,-1.159,-4.333,0.183,0.04492,0.34667,1.15722,24.70
$MAG,52853.344,-0.297,-0.826,-0.712,23.4
$BARO,52853.382,82080.54,24.61
$IMU,52853.404,-4.394,-9.948,4.821,0.11181,0.28417,1.23193,24.69
$MAG,52853.444,-0.313,-0.828,-0.703,23.0
$HUM,52853.449,28.6,25.1
$IMU,52853.479,3.967,-5.737,-5.004,0.01806,0.28369,1.12353,24.69
$BARO,52853.483,82241.59,24.61
$MAG,52853.545,-0.303,-0.822,-0.706,23.0
$IMU,52853.554,-0.915,-0.854,1.220,0.07226,0.30957,1.05224,24.71
$BARO,52853.585,82055.95,24.61
$IMU,52853.629,-11.474,4.272,5.432,0.08544,0.24902,1.17138,24.62
$MAG,52853.646,-0.291,-0.814,-0.715,22.9
$BARO,52853.686,82349.64,24.62
$IMU,52853.704,-2.075,3.112,-2.075,0.05175,0.18750,1.14892,24.66
$TIME,52853.715,441026.000,2364
$MAG,52853.746,-0.304,-0.817,-0.709,23.3
$IMU,52853.779,5.310,2.319,2.258,0.06201,0.30761,1.00634,24.68
$BARO,52853.788,82239.88,24.62
$MAG,52853.847,-0.304,-0.822,-0.717,22.8
$IMU,52853.854,-7.629,1.953,-1.098,0.08105,0.23632,1.14990,24.66
$BARO,52853.889,82575.67,24.62
$IMU,52853.929,-4.699,7.507,-4.821,-0.03857,0.20068,1.19531,24.68
$VBAT,52853.931,3.922
$MAG,52853.947,-0.294,-0.811,-0.726,23.2
$BARO,52853.991,82430.61,24.62
$IMU,52854.004,5.493,-6.347,4.638,0.15332,0.25634,1.06005,24.69
$MAG,52854.048,-0.304,-0.813,-0.709,22.9
$IMU,52854.079,-0.610,-2.258,-3.784,-0.03125,0.23535,1.04931,24.66
$BARO,52854.092,82263.09,24.62
$MAG,52854.149,-0.303,-0.811,-0.718,23.0
$IMU,52854.154,-2.685,-8.728,7.812,0.04833,0.15722,1.06298,24.65
$BARO,52854.194,82611.57,24.63
$IMU,52854.229,1.403,-4.089,1.770,0.08886,0.24169,0.96533,24.61
$MAG,52854.249,-0.301,-0.813,-0.717,22.9
$BARO,52854.295,82715.63,24.63
$IMU,52854.304,-5.981,-0.610,-1.342,0.04443,0.11181,0.97900,24.67
$MAG,52854.350,-0.312,-0.808,-0.724,23.3
$IMU,52854.379,-2.380,-6.835,-1.708,0.03369,0.20068,0.98730,24.66
$BARO,52854.397,82516.20,24.63
$MAG,52854.450,-0.316,-0.816,-0.726,23.2
$IMU,52854.454,-2.807,-0.976,3.723,0.01171,0.06787,1.02246,24.63
$HUM,52854.463,28.4,25.1
$BARO,52854.499,82539.79,24.63
$IMU,52854.530,6.896,2.563,6.469,0.04541,0.24755,0.92773,24.64
$MAG,52854.551,-0.319,-0.816,-0.718,23.0
$BARO,52854.600,82528.80,24.64
$IMU,52854.605,-2.319,-0.427,5.493,0.00390,0.11083,0.95947,24.68
$MAG,52854.652,-0.325,-0.810,-0.715,23.0
$IMU,52854.680,-3.845,-10.620,6.164,0.03027,0.24755,1.07324,24.64
$BARO,52854.702,82866.10,24.64
$TIME,52854.715,441027.000,2364
$MAG,52854.752,-0.343,-0.813,-0.717,23.0
$IMU,52854.755,1.281,-11.779,4.943,-0.04150,0.18164,1.10449,24.64
$BARO,52854.803,82595.19,24.64
$IMU,52854.830,6.042,-19.897,9.277,0.03955,0.23779,1.02148,24.64
$MAG,52854.853,-0.361,-0.819,-0.708,23.0
$IMU,52854.905,1.281,-22.460,9.643,0.05273,0.27001,1.02685,24.64
$BARO,52854.905,82541.50,24.64
$VBAT,52854.939,3.911
$MAG,52854.953,-0.379,-0.805,-0.703,23.2
$IMU,52854.980,-4.028,-23.559,5.065,0.08300,0.20898,1.14160,24.63
$BARO,52855.006,82628.88,24.65
$MAG,52855.054,-0.372,-0.808,-0.702,23.2
$IMU,52855.055,3.112,-17.822,-3.112,0.08154,0.20849,1.06933,24.65
$BARO,52855.108,82278.78,24.65
$IMU,52855.130,2.441,-2.990,0.061,0.10937,0.26318,0.99365,24.62
$MAG,52855.154,-0.375,-0.813,-0.702,23.3
$IMU,52855.205,-3.051,6.652,-6.042,0.23486,0.18603,1.06689,24.66
$BARO,52855.209,82442.44,24.65
$MAG,52855.255,-0.352,-0.813,-0.700,23.2
$IMU,52855.280,-0.488,21.850,-26.367,0.08056,0.20117,1.06152,24.63
$BARO,52855.311,82499.52,24.64
$IMU,52855.355,0.793,30.883,-25.878,0.14892,0.30224,1.03417,24.61
$MAG,52855.356,-0.310,-0.823,-0.709,22.9
$BARO,52855.412,82556.00,24.63
$IMU,52855.430,-0.976,31.738,-39.978,0.15087,0.28271,1.11474,24.69
$MAG,52855.456,-0.255,-0.826,-0.711,23.2
$HUM,52855.478,28.7,25.1
$IMU,52855.505,4.089,38.635,-35.827,0.08300,0.24902,1.13037,24.66
$BARO,52855.514,82749.90,24.62
$MAG,52855.557,-0.210,-0.820,-0.699,23.0
$IMU,52855.580,6.835,39.062,-31.372,0.19140,0.50732,1.06103,24.62
$BARO,52855.615,82563.26,24.62
$IMU,52855.655,-7.385,45.410,-33.874,0.07666,0.40185,1.22998,24.63
$MAG,52855.657,-0.168,-0.816,-0.708,23.2
$TIME,52855.715,441029.000,2364
$BARO,52855.717,82577.25,24.61
$IMU,52855.730,-3.967,28.137,-32.226,0.19091,0.43554,1.34960,24.65
$MAG,52855.758,-0.114,-0.810,-0.690,23.2
$IMU,52855.806,4.577,31.127,-35.827,0.01806,0.51855,1.33349,24.60
$BARO,52855.818,82441.90,24.61
$MAG,52855.858,-0.087,-0.798,-0.685,22.9
$IMU,52855.881,4.516,20.568,-22.521,0.08886,0.54052,1.40429,24.63
$BARO,52855.920,82317.05,24.61
$VBAT,52855.939,3.922
$IMU,52855.956,6.530,11.474,-20.568,0.15136,0.54687,1.45996,24.63
$MAG,52855.959,-0.070,-0.801,-0.672,22.9
$BARO,52856.021,82254.58,24.62
$IMU,52856.031,7.507,3.906,-21.850,0.04101,0.69775,1.43896,24.65
$MAG,52856.060,-0.058,-0.789,-0.684,23.0
$IMU,52856.106,0.183,-4.516,-17.944,0.09033,0.61572,1.57421,24.63
$BARO,52856.123,82302.87,24.61
$MAG,52856.160,-0.048,-0.790,-0.672,23.3
$IMU,52856.181,5.615,-1.953,-15.380,0.21679,0.63916,1.60156,24.60
$BARO,52856.224,82268.86,24.61
$IMU,52856.256,9.643,8.483,-23.376,0.08007,0.67089,1.41943,24.59
$MAG,52856.261,-0.021,-0.780,-0.664,22.8
$BARO,52856.326,82638.44,24.61
$IMU,52856.331,-1.098,10.864,-18.310,0.16601,0.62304,1.48242,24.60
$MAG,52856.361,0.006,-0.759,-0.657,22.9
$IMU,52856.406,1.098,14.587,-19.958,0.17773,0.56591,1.51855,24.68
$BARO,52856.427,82390.20,24.60
$MAG,52856.462,0.013,-0.750,-0.637,23.0
$IMU,52856.481,10.253,14.648,-21.240,0.22509,0.64648,1.31494,24.59
$HUM,52856.493,28.8,25.1
$BARO,52856.529,82584.84,24.61
$IMU,52856.556,-1.220,22.949,-32.470,0.18896,0.61181,1.26708,24.62
$MAG,52856.562,0.048,-0.741,-0.631,22.8
$BARO,52856.630,82499.67,24.60
$IMU,52856.631,-5.859,31.921,-26.672,0.12792,0.49462,1.33789,24.60
$MAG,52856.663,0.070,-0.714,-0.619,23.0
$IMU,52856.706,3.967,25.268,-23.071,0.07275,0.54492,1.32324,24.60
$TIME,52856.715,441030.000,2364
$BARO,52856.732,82639.39,24.59
$MAG,52856.764,0.084,-0.717,-0.606,23.2
$IMU,52856.781,7.812,10.253,-17.639,0.06005,0.53515,1.28320,24.65
$BARO,52856.833,82756.92,24.58
$IMU,52856.856,6.164,-4.882,-9.033,0.18457,0.60058,1.25830,24.62
$MAG,52856.864,0.091,-0.714,-0.606,22.9
$IMU,52856.931,-0.854,-1.525,-10.131,0.03222,0.56445,1.43066,24.59
$BARO,52856.935,82551.42,24.57
$VBAT,52856.945,3.914
$MAG,52856.965,0.088,-0.706,-0.609,23.0
$IMU,52857.007,6.286,-10.314,-1.953,0.06738,0.57373,1.36816,24.60
$BARO,52857.036,82390.98,24.58
$MAG,52857.065,0.084,-0.711,-0.618,23.0
$IMU,52857.082,5.432,-18.005,4.150,0.12109,0.57812,1.26855,24.59
$BARO,52857.138,82697.35,24.58
$IMU,52857.157,0.244,-28.015,0.915,0.19921,0.42724,1.23632,24.63
$MAG,52857.166,0.085,-0.699,-0.640,23.0
$IMU,52857.232,2.502,-19.409,-7.751,0.16601,0.42382,1.17285,24.59
$BARO,52857.239,82329.51,24.57
$MAG,52857.266,0.079,-0.696,-0.630,22.8
$IMU,52857.307,1.159,-2.807,-6.896,0.16064,0.42529,1.16308,24.59
$BARO,52857.341,83011.69,24.57
$MAG,52857.367,0.088,-0.699,-0.625,23.3
$IMU,52857.382,1.892,4.577,-9.704,0.12744,0.36962,1.11376,24.57
$BARO,52857.442,82835.17,24.56
$IMU,52857.457,4.455,7.202,-8.911,0.19238,0.48681,1.10400,24.63
$MAG,52857.468,0.099,-0.688,-0.630,22.8
$HUM,52857.508,29.2,25.0
$IMU,52857.532,-1.770,10.375,-14.648,0.21972,0.41992,1.23193,24.58
$BARO,52857.544,82891.55,24.56
$MAG,52857.568,0.115,-0.673,-0.616,22.9
$IMU,52857.607,5.737,15.319,-21.972,0.07373,0.38623,1.22021,24.60
$BARO,52857.645,82568.80,24.56
$MAG,52857.669,0.121,-0.661,-0.595,22.9
$IMU,52857.682,14.160,14.587,-13.549,0.11181,0.52539,1.06396,24.62
$BARO,52857.747,82397.17,24.55
$IMU,52857.757,2.380,14.709,-9.582,0.11328,0.46679,1.21923,24.60
$MAG,52857.769,0.127,-0.660,-0.592,22.8
$IMU,52857.832,5.371,4.699,-8.850,0.10009,0.48193,1.17285,24.60
$BARO,52857.849,82989.87,24.55
$MAG,52857.870,0.135,-0.655,-0.591,22.8
$IMU,52857.907,6.713,-4.699,-9.643,0.09423,0.43603,1.10400,24.57
$VBAT,52857.946,3.911
$BARO,52857.950,83214.47,24.55
$MAG,52857.970,0.139,-0.654,-0.583,22.9
$IMU,52857.982,5.798,-9.887,-3.967,0.07373,0.45361,1.15234,24.64
$BARO,52858.052,82716.92,24.56
$IMU,52858.057,3.234,-11.596,-3.906,0.06103,0.52539,1.21191,24.59
$MAG,52858.071,0.132,-0.655,-0.597,22.9
$IMU,52858.132,4.089,-9.765,4.882,0.13476,0.48779,1.23242,24.59
$BARO,52858.153,82987.56,24.55
$MAG,52858.172,0.130,-0.654,-0.597,22.8
$IMU,52858.208,9.216,-12.329,1.525,0.13769,0.52539,1.18798,24.55
$BARO,52858.255,82962.77,24.55
$MAG,52858.272,0.124,-0.654,-0.601,22.8
$IMU,52858.283,6.225,-12.939,1.403,0.13378,0.52880,1.19873,24.60
$BARO,52858.356,82797.58,24.55
$IMU,52858.358,3.784,-11.718,-0.183,0.16796,0.50585,1.23779,24.61
$MAG,52858.373,0.127,-0.651,-0.612,22.8
$IMU,52858.433,8.544,-6.164,-2.075,0.03564,0.51904,1.16455,24.62
$BARO,52858.458,83237.13,24.54
$MAG,52858.473,0.127,-0.658,-0.615,22.8
$IMU,52858.508,5.432,-11.657,-0.366,0.10058,0.45117,1.13427,24.54
$HUM,52858.523,29.6,25.1
$BARO,52858.559,82765.77,24.55
$MAG,52858.574,0.115,-0.666,-0.624,22.8
$IMU,52858.583,4.455,-6.103,6.286,0.13134,0.55175,1.20947,24.58
$IMU,52858.658,6.042,-14.404,-0.915,0.14697,0.46679,1.20703,24.55
$BARO,52858.661,82985.07,24.55
$MAG,52858.674,0.123,-0.670,-0.639,23.3
$TIME,52858.715,441032.000,2364
$IMU,52858.733,10.009,-11.779,-5.187,0.07617,0.48828,1.13427,24.59
$BARO,52858.762,83147.09,24.55
$MAG,52858.775,0.117,-0.660,-0.625,23.2
$IMU,52858.808,10.009,-4.699,0.854,0.19384,0.56103,1.06005,24.57
$BARO,52858.864,83155.89,24.55
$MAG,52858.875,0.130,-0.655,-0.631,22.9
$IMU,52858.883,-3.906,2.685,-8.056,0.13574,0.45458,1.19042,24.61
$VBAT,52858.953,3.921
$IMU,52858.958,3.845,2.746,-10.986,0.14208,0.49511,1.13525,24.58
$BARO,52858.965,82916.09,24.55
$MAG,52858.976,0.127,-0.652,-0.624,22.9
$IMU,52859.033,4.821,5.676,-12.329,0.13476,0.47949,1.11035,24.53
$BARO,52859.067,82989.17,24.55
$MAG,52859.077,0.141,-0.645,-0.619,22.9
$IMU,52859.108,1.586,12.390,-8.850,0.06640,0.49121,1.15087,24.55
$BARO,52859.168,83014.96,24.55
$MAG,52859.177,0.142,-0.639,-0.601,22.8
$IMU,52859.183,4.211,8.300,-6.469,0.10449,0.46972,1.15087,24.58
$IMU,52859.258,5.065,1.831,-1.464,0.05810,0.48779,1.15283,24.54
$BARO,52859.270,82961.06,24.55
$MAG,52859.278,0.150,-0.639,-0.604,22.8
$IMU,52859.333,5.310,-14.587,-3.662,0.08496,0.51757,1.23388,24.56
$BARO,52859.371,83070.85,24.55
$MAG,52859.378,0.141,-0.634,-0.619,22.8
$IMU,52859.408,7.873,-11.291,-0.366,0.00830,0.56250,1.21044,24.52
$BARO,52859.473,83025.66,24.55
$MAG,52859.479,0.141,-0.648,-0.616,23.0
$IMU,52859.484,5.798,-15.258,11.352,0.15380,0.50439,1.23974,24.53
$HUM,52859.537,29.7,25.0
$IMU,52859.559,10.437,-11.962,4.211,0.07470,0.54492,1.15136,24.59
$BARO,52859.574,83023.46,24.55
$MAG,52859.580,0.127,-0.658,-0.633,22.8
$IMU,52859.634,2.502,-11.108,4.150,0.12500,0.55126,1.14550,24.54
$BARO,52859.676,83197.79,24.55
$MAG,52859.680,0.126,-0.658,-0.639,22.9
$IMU,52859.709,-2.441,-8.728,6.469,0.15527,0.46435,1.23095,24.56
$TIME,52859.715,441032.000,2364
$BARO,52859.777,82892.81,24.55
$MAG,52859.781,0.129,-0.649,-0.640,22.9
$IMU,52859.784,7.202,-9.033,-3.662,0.08789,0.48925,1.15039,24.51
$IMU,52859.859,8.056,-9.033,2.258,0.13427,0.44726,1.08789,24.54
$BARO,52859.879,83321.72,24.55
$MAG,52859.881,0.132,-0.658,-0.637,22.9
$IMU,52859.934,8.483,-6.774,-2.990,0.14453,0.45312,1.05078,24.54
$VBAT,52859.961,3.916
$BARO,52859.981,83185.97,24.54
$MAG,52859.982,0.126,-0.655,-0.639,22.9
$IMU,52860.009,5.493,-3.540,-6.042,0.12646,0.48486,1.07617,24.55
$BARO,52860.082,83035.24,24.55
$MAG,52860.082,0.132,-0.640,-0.631,22.9
$IMU,52860.084,2.197,-1.342,-8.422,0.09082,0.50488,1.11083,24.55
$IMU,52860.159,-0.244,-1.220,-3.601,0.07080,0.46044,1.16308,24.55
$BARO,52860.183,83157.89,24.55
$MAG,52860.183,0.132,-0.646,-0.631,22.9
$IMU,52860.234,4.821,-3.112,-0.854,0.12304,0.47363,1.12255,24.52
$MAG,52860.283,0.138,-0.649,-0.636,22.8
$BARO,52860.285,83212.27,24.55
$IMU,52860.309,2.746,0.244,-1.647,0.11083,0.55957,1.12890,24.53
$MAG,52860.384,0.123,-0.643,-0.639,22.8
$IMU,52860.384,-4.150,1.281,-2.319,0.07617,0.41455,1.18017,24.52
$BARO,52860.387,83426.67,24.55
$IMU,52860.459,5.798,-5.004,-6.347,0.10302,0.50390,1.05712,24.55
$MAG,52860.485,0.132,-0.646,-0.640,22.8
$BARO,52860.488,83400.81,24.56
$IMU,52860.534,-3.173,2.136,-4.516,0.04248,0.40478,1.10400,24.55
$HUM,52860.552,29.9,25.1
$MAG,52860.585,0.135,-0.651,-0.643,22.9
$BARO,52860.590,83246.98,24.56
$IMU,52860.609,-0.122,-2.807,-3.234,0.12939,0.50341,1.14941,24.56
$IMU,52860.685,3.540,0.061,-4.455,0.07617,0.41406,1.10205,24.55
$MAG,52860.686,0.133,-0.633,-0.645,22.8
$BARO,52860.691,83181.24,24.57
$TIME,52860.715,441034.000,2364
$IMU,52860.760,6.530,-2.929,-9.033,0.10888,0.45751,1.01757,24.53
$MAG,52860.786,0.136,-0.631,-0.633,22.9
$BARO,52860.793,83537.58,24.57
$IMU,52860.835,2.136,1.708,-9.704,0.11914,0.36230,1.04150,24.52
$MAG,52860.887,0.153,-0.628,-0.625,23.0
$BARO,52860.894,83441.59,24.56
$IMU,52860.910,5.615,14.343,-8.728,0.07763,0.45117,1.08300,24.56
$VBAT,52860.966,3.916
$IMU,52860.985,5.676,7.507,-7.812,0.15869,0.48144,1.06152,24.49
$MAG,52860.987,0.150,-0.619,-0.619,22.9
$BARO,52860.996,83244.28,24.56
$IMU,52861.060,4.333,6.591,-12.390,0.07421,0.39550,1.05761,24.51
$MAG,52861.088,0.160,-0.618,-0.609,22.9
$BARO,52861.097,83668.28,24.56
$IMU,52861.135,3.662,4.455,-10.375,0.09960,0.54687,1.05664,24.52
$MAG,52861.188,0.169,-0.597,-0.604,22.8
$BARO,52861.199,83474.86,24.55
$IMU,52861.210,-5.493,12.573,-9.033,-0.00585,0.43994,1.15869,24.52
$IMU,52861.285,2.502,1.403,1.281,0.06054,0.42236,1.05273,24.52
$MAG,52861.289,0.177,-0.610,-0.601,22.8
$BARO,52861.300,83498.04,24.55
$IMU,52861.360,-0.915,-5.065,7.324,0.02343,0.41748,1.09277,24.50
$MAG,52861.390,0.154,-0.613,-0.615,23.0
$BARO,52861.402,83378.97,24.55
$IMU,52861.435,0.061,-14.526,13.488,0.07080,0.45410,1.08935,24.51
$MAG,52861.490,0.148,-0.628,-0.636,22.8
$BARO,52861.503,83414.49,24.55
$IMU,52861.510,-2.380,-16.357,13.000,0.03369,0.38574,1.06445,24.53
$HUM,52861.566,30.2,25.0
$IMU,52861.585,-1.892,-19.287,15.258,0.06542,0.40380,1.05810,24.51
$MAG,52861.591,0.130,-0.643,-0.648,22.8
$BARO,52861.605,83565.59,24.54
$IMU,52861.660,-2.014,-16.113,19.042,0.03857,0.35546,1.07177,24.50
$MAG,52861.691,0.124,-0.648,-0.663,22.8
$BARO,52861.706,83524.81,24.55
$TIME,52861.715,441035.000,2364
$IMU,52861.735,-0.061,-19.470,16.967,0.09033,0.34619,1.03808,24.56
$MAG,52861.792,0.112,-0.658,-0.667,22.8
$BARO,52861.808,83766.95,24.54
$IMU,52861.810,0.244,-18.432,14.221,0.06054,0.37939,1.02929,24.49
$IMU,52861.886,-0.427,-17.578,14.526,0.03369,0.31201,1.03173,24.49
$MAG,52861.892,0.093,-0.678,-0.681,22.8
$BARO,52861.909,83454.12,24.54
$IMU,52861.961,2.868,-21.545,15.014,0.12011,0.33007,0.96630,24.53
$VBAT,52861.968,3.908
$MAG,52861.993,0.088,-0.687,-0.697,22.8
$BARO,52862.011,83378.75,24.54
$IMU,52862.036,1.892,-15.869,9.887,0.01025,0.35888,0.97460,24.56
$MAG,52862.093,0.066,-0.694,-0.700,22.8
$IMU,52862.111,0.488,-17.822,12.573,0.06396,0.30371,0.97998,24.53
$BARO,52862.112,83441.23,24.54
$IMU,52862.186,1.464,-16.479,14.282,0.03271,0.35009,0.97216,24.50
$MAG,52862.194,0.040,-0.694,-0.711,22.9
$BARO,52862.214,82974.79,24.55
$IMU,52862.261,0.915,-16.174,15.747,0.07666,0.32519,0.94335,24.49
$MAG,52862.295,0.037,-0.703,-0.718,22.8
$BARO,52862.315,83711.42,24.55
$IMU,52862.336,-2.502,-14.831,14.404,0.01513,0.32519,0.94335,24.54
$MAG,52862.395,0.015,-0.708,-0.729,22.8
$IMU,52862.411,-6.042,-18.615,13.732,0.03662,0.33154,0.97607,24.54
$BARO,52862.417,83808.29,24.55
$IMU,52862.486,-2.807,-14.526,20.080,0.03906,0.25000,0.92236,24.47
$MAG,52862.496,-0.004,-0.721,-0.744,22.8
$BARO,52862.518,83484.44,24.55
$IMU,52862.561,-2.197,-13.244,21.972,0.06298,0.30322,0.86132,24.50
$HUM,52862.581,29.6,25.0
$MAG,52862.596,-0.025,-0.729,-0.745,22.8
$BARO,52862.620,84088.09,24.56
$IMU,52862.636,-11.840,-10.314,13.244,0.01611,0.31982,0.95654,24.51
$MAG,52862.697,-0.043,-0.736,-0.763,22.8
$IMU,52862.711,-11.718,-4.028,21.118,-0.05029,0.23974,1.01660,24.50
$TIME,52862.715,441035.000,2364
$BARO,52862.721,84009.55,24.57
$IMU,52862.786,-2.014,-7.202,24.780,-0.04150,0.31689,0.89599,24.49
$MAG,52862.797,-0.052,-0.753,-0.765,22.8
$BARO,52862.823,83885.85,24.58
$IMU,52862.861,-8.300,-8.789,21.789,-0.00195,0.20458,0.96728,24.48
$MAG,52862.898,-0.079,-0.748,-0.765,22.9
$BARO,52862.924,83897.60,24.57
$IMU,52862.936,-2.197,-5.737,18.676,-0.05810,0.26562,0.91064,24.50
$VBAT,52862.970,3.911
$MAG,52862.999,-0.088,-0.756,-0.775,22.9
$IMU,52863.011,-5.065,0.488,16.723,-0.13476,0.22656,0.89550,24.48
$BARO,52863.026,83903.08,24.59
$IMU,52863.086,-1.708,-6.164,23.681,-0.04003,0.17626,0.82714,24.46
$MAG,52863.099,-0.115,-0.757,-0.775,22.9
$BARO,52863.128,83909.79,24.59
$IMU,52863.162,-2.685,-0.549,17.639,-0.07958,0.20556,0.83007,24.51
$MAG,52863.200,-0.118,-0.762,-0.777,22.8
$BARO,52863.229,84009.97,24.59
$IMU,52863.237,-4.455,9.033,16.296,-0.17041,0.21923,0.84423,24.51
$MAG,52863.300,-0.124,-0.768,-0.778,22.8
$IMU,52863.312,-1.525,13.183,25.817,-0.22460,0.26708,0.82324,24.49
$BARO,52863.331,84295.64,24.59
$IMU,52863.387,-4.272,7.934,28.198,-0.20751,0.21826,0.83398,24.50
$MAG,52863.401,-0.150,-0.775,-0.772,22.9
$BARO,52863.432,84301.44,24.60
$IMU,52863.462,-2.319,4.150,24.658,-0.25585,0.28173,0.82958,24.49
$MAG,52863.501,-0.171,-0.774,-0.778,22.8
$BARO,52863.534,84242.68,24.59
$IMU,52863.537,-4.333,1.525,19.714,-0.32177,0.28955,0.84863,24.49
$HUM,52863.596,29.8,25.0
$MAG,52863.602,-0.183,-0.777,-0.775,22.8
$IMU,52863.612,-0.671,7.934,24.719,-0.39746,0.31298,0.80224,24.49
$BARO,52863.635,83820.55,24.60
$IMU,52863.687,-6.286,-1.647,29.907,-0.38085,0.28320,0.80029,24.47
$MAG,52863.702,-0.220,-0.787,-0.786,22.9
$TIME,52863.715,441037.000,2364
$BARO,52863.737,83929.38,24.59
$IMU,52863.762,-5.981,-11.901,29.479,-0.35351,0.34375,0.77001,24.48
$MAG,52863.803,-0.238,-0.778,-0.787,22.8
$IMU,52863.837,-12.512,-11.718,24.963,-0.42187,0.29833,0.79345,24.49
$BARO,52863.838,83992.83,24.59
$MAG,52863.904,-0.271,-0.768,-0.795,22.8
$IMU,52863.912,-9.826,-17.700,19.836,-0.45019,0.37109,0.80810,24.46
$BARO,52863.940,84124.12,24.59
$VBAT,52863.970,3.913
$IMU,52863.987,-10.314,-23.803,20.507,-0.38916,0.29687,0.83349,24.45
$MAG,52864.004,-0.300,-0.765,-0.805,22.7
$BARO,52864.041,83799.39,24.58
$IMU,52864.062,-5.126,-17.883,20.507,-0.42871,0.36230,0.79394,24.47
$MAG,52864.105,-0.331,-0.763,-0.802,22.8
$IMU,52864.137,-6.347,-16.784,20.629,-0.40429,0.28710,0.81982,24.48
$BARO,52864.143,84084.48,24.58
$MAG,52864.205,-0.354,-0.756,-0.801,22.7
$IMU,52864.212,-3.540,-17.761,19.836,-0.34423,0.36425,0.81347,24.50
$BARO,52864.244,84117.58,24.59
$IMU,52864.287,-3.051,-12.695,14.099,-0.43603,0.28857,0.79980,24.49
$MAG,52864.306,-0.367,-0.757,-0.799,22.9
$BARO,52864.346,84416.67,24.59
$IMU,52864.363,1.892,-14.770,14.099,-0.35498,0.41455,0.77832,24.49
$MAG,52864.406,-0.382,-0.750,-0.799,22.8
$IMU,52864.438,-2.319,-9.948,8.117,-0.41748,0.29687,0.83447,24.49
$BARO,52864.447,84324.63,24.59
$MAG,52864.507,-0.399,-0.751,-0.793,22.8
$IMU,52864.513,4.028,-12.390,7.080,-0.33593,0.36621,0.80322,24.47
$BARO,52864.549,84575.47,24.60
$IMU,52864.588,3.784,-12.512,-3.540,-0.30322,0.35156,0.83642,24.45
$MAG,52864.608,-0.394,-0.753,-0.781,22.8
$HUM,52864.610,28.6,25.0
$BARO,52864.650,84492.62,24.60
$IMU,52864.663,4.821,-6.164,-9.277,-0.33496,0.42333,0.84033,24.45
$MAG,52864.708,-0.394,-0.756,-0.787,22.8
$TIME,52864.715,441038.000,2364
$IMU,52864.738,1.831,-4.333,-9.765,-0.30078,0.32177,0.91943,24.48
$BARO,52864.752,84312.93,24.61
$MAG,52864.809,-0.384,-0.778,-0.783,22.8
$IMU,52864.813,9.887,-0.854,-12.512,-0.34179,0.45361,0.94921,24.46
$BARO,52864.853,84107.81,24.61
$IMU,52864.888,8.789,-4.638,-18.554,-0.27001,0.47998,1.02343,24.44
$MAG,52864.909,-0.364,-0.784,-0.772,22.8
$BARO,52864.955,84284.21,24.61
$IMU,52864.963,12.268,1.159,-19.348,-0.27197,0.43457,0.99072,24.44
$VBAT,52864.977,3.919
$MAG,52865.010,-0.348,-0.790,-0.756,22.8
$IMU,52865.038,11.230,6.591,-16.357,-0.29492,0.53466,0.99755,24.45
$BARO,52865.056,84208.77,24.61
$MAG,52865.110,-0.324,-0.796,-0.771,23.0
$IMU,52865.113,-2.319,10.742,-15.197,-0.32617,0.55615,1.26269,24.45
$BARO,52865.158,83959.34,24.61
$IMU,52865.188,5.737,10.742,-13.183,-0.20898,0.55810,1.24755,24.45
$MAG,52865.211,-0.316,-0.795,-0.756,22.8
$BARO,52865.259,84107.49,24.61
$IMU,52865.263,13.000,12.695,-20.874,-0.19287,0.58203,1.03955,24.44
$MAG,52865.312,-0.289,-0.799,-0.750,22.8
$IMU,52865.338,1.098,21.057,-19.104,-0.24560,0.52294,1.10986,24.46
$BARO,52865.361,84083.29,24.61
$MAG,52865.412,-0.246,-0.801,-0.756,22.8
$IMU,52865.413,-0.122,23.498,-25.756,-0.20507,0.50097,1.21533,24.42
$BARO,52865.462,84425.29,24.61
$IMU,52865.488,7.019,29.724,-26.123,-0.18798,0.56542,1.18798,24.47
$MAG,52865.513,-0.205,-0.801,-0.736,22.9
$IMU,52865.564,5.187,27.404,-22.949,-0.15478,0.53955,1.15478,24.48
$BARO,52865.564,83897.67,24.61
$MAG,52865.613,-0.184,-0.799,-0.732,22.8
$HUM,52865.625,30.2,25.0
$IMU,52865.639,2.746,24.353,-19.775,-0.07568,0.54736,1.11181,24.45
$BARO,52865.665,84346.47,24.60
$IMU,52865.714,-1.647,33.691,-24.719,-0.23339,0.46337,1.12597,24.44
$MAG,52865.714,-0.154,-0.789,-0.730,22.8
$TIME,52865.715,441039.000,2364
$BARO,52865.767,84252.67,24.60
$IMU,52865.789,-0.610,23.864,-17.150,-0.17480,0.53125,1.16796,24.46
$MAG,52865.814,-0.127,-0.787,-0.730,22.8
$IMU,52865.864,-1.708,18.615,-9.155,-0.21191,0.44238,1.12304,24.52
$BARO,52865.868,84055.62,24.59
$MAG,52865.915,-0.123,-0.784,-0.721,22.9
$IMU,52865.939,-1.098,1.403,-6.286,-0.12109,0.45312,1.01757,24.45
$BARO,52865.970,84528.11,24.58
$VBAT,52865.977,3.913
$IMU,52866.014,-10.192,-3.479,-2.563,-0.11816,0.43750,1.09472,24.45
$MAG,52866.016,-0.121,-0.790,-0.742,22.9
$BARO,52866.071,84663.15,24.56
$IMU,52866.089,-7.080,-7.385,-6.164,-0.10595,0.31103,1.11816,24.43
$MAG,52866.116,-0.118,-0.783,-0.733,22.8
$IMU,52866.164,2.624,-1.953,-2.197,-0.06738,0.43994,0.99121,24.46
$BARO,52866.173,84552.31,24.57
$MAG,52866.217,-0.117,-0.775,-0.732,22.8
$IMU,52866.239,-2.929,-0.976,-2.685,-0.03222,0.32226,1.01757,24.47
$BARO,52866.275,84631.09,24.57
$IMU,52866.314,-0.732,3.662,-5.920,-0.09033,0.36035,1.05712,24.48
$MAG,52866.317,-0.117,-0.786,-0.739,22.8
$BARO,52866.376,84614.69,24.57
$IMU,52866.389,4.272,5.187,-3.845,-0.02978,0.38330,1.01074,24.43
$MAG,52866.418,-0.111,-0.783,-0.730,22.8
$IMU,52866.464,3.234,7.202,-7.446,-0.03613,0.34570,0.99951,24.47
$BARO,52866.478,84527.33,24.57
$MAG,52866.518,-0.093,-0.778,-0.729,22.8
$IMU,52866.539,1.220,11.413,-8.666,-0.08300,0.35009,1.02099,24.44
$BARO,52866.579,84280.04,24.57
$IMU,52866.614,3.479,7.690,-6.713,-0.06445,0.37158,1.00146,24.43
$MAG,52866.619,-0.088,-0.784,-0.726,22.8
$HUM,52866.640,30.7,25.0
$BARO,52866.681,84575.18,24.56
$IMU,52866.689,2.197,8.422,-3.845,-0.09228,0.38720,1.05761,24.43
$TIME,52866.715,441040.000,2364
$MAG,52866.719,-0.084,-0.781,-0.708,22.8
$IMU,52866.764,5.371,5.493,-2.685,-0.04394,0.42285,1.06640,24.45
$BARO,52866.782,84800.82,24.57
$MAG,52866.820,-0.072,-0.783,-0.708,22.8
$IMU,52866.840,5.187,5.310,-4.394,-0.11572,0.41455,1.04833,24.42
$BARO,52866.884,84520.82,24.57
$IMU,52866.915,2.319,-2.502,-1.525,-0.06494,0.43115,1.08300,24.44
$MAG,52866.920,-0.075,-0.787,-0.711,22.8
$VBAT,52866.982,3.913
$BARO,52866.985,84783.90,24.56
$IMU,52866.990,4.943,-1.220,-1.708,-0.09814,0.42773,1.11914,24.45
$MAG,52867.021,-0.073,-0.781,-0.709,22.8
$IMU,52867.065,3.051,-5.859,-1.159,-0.09277,0.48730,1.01708,24.42
$BARO,52867.086,84779.37,24.56
$MAG,52867.122,-0.085,-0.784,-0.723,22.8
$IMU,52867.140,-7.385,-12.695,1.586,-0.03613,0.36669,1.02929,24.39
$BARO,52867.188,84732.39,24.56
$IMU,52867.215,-6.958,-12.023,-0.793,-0.03906,0.41357,1.10888,24.46
$MAG,52867.222,-0.088,-0.778,-0.727,22.7
$BARO,52867.289,84587.07,24.55
$IMU,52867.290,-2.563,-10.681,-5.004,0.01953,0.28955,1.06201,24.41
$MAG,52867.323,-0.084,-0.780,-0.720,22.5
$IMU,52867.365,5.981,0.793,-2.624,-0.03466,0.42333,0.92871,24.41
$BARO,52867.391,84950.09,24.54
$MAG,52867.423,-0.073,-0.763,-0.729,22.8
$IMU,52867.440,-5.981,0.854,-6.225,0.08007,0.32128,1.07128,24.42
$BARO,52867.492,84718.70,24.54
$IMU,52867.515,0.183,11.230,-10.803,0.03515,0.31884,1.07177,24.41
$MAG,52867.524,-0.063,-0.775,-0.717,22.7
$IMU,52867.590,4.150,14.465,-17.578,-0.07714,0.40283,0.98291,24.39
$BARO,52867.594,84776.85,24.54
$MAG,52867.624,-0.037,-0.760,-0.717,22.9
$HUM,52867.654,31.0,25.0
$IMU,52867.665,-2.807,9.338,-9.277,0.02832,0.33105,1.09716,24.46
$BARO,52867.695,85112.69,24.54
$TIME,52867.715,441040.000,2364
$MAG,52867.725,-0.031,-0.763,-0.708,22.8
$IMU,52867.740,1.770,17.578,-13.061,0.03369,0.41748,1.10351,24.43
$BARO,52867.797,85077.91,24.54
$IMU,52867.815,0.610,23.071,-14.343,-0.08691,0.38085,1.06787,24.43
$MAG,52867.826,-0.010,-0.750,-0.694,22.8
$IMU,52867.890,2.868,10.437,-8.789,-0.01220,0.35888,1.07031,24.42
$BARO,52867.898,85148.13,24.54
$MAG,52867.926,-0.003,-0.754,-0.688,23.2
$IMU,52867.965,4.028,7.568,-5.554,-0.02294,0.40527,1.01318,24.42
$VBAT,52867.983,3.910
$BARO,52868.000,85005.66,24.54
$MAG,52868.027,-0.003,-0.756,-0.685,22.9
$IMU,52868.041,-0.610,4.577,-6.652,-0.02832,0.34082,1.04003,24.39
$BARO,52868.101,84728.20,24.54
$IMU,52868.116,2.197,4.882,-4.333,-0.02539,0.41943,1.07177,24.42
$MAG,52868.127,0.009,-0.757,-0.690,22.7
$IMU,52868.191,-1.464,8.056,0.915,-0.13330,0.39355,1.05664,24.45
$BARO,52868.203,85043.66,24.54
$MAG,52868.228,-0.003,-0.759,-0.687,22.7
$IMU,52868.266,-2.685,-6.713,9.582,-0.00537,0.32324,1.05615,24.44
$BARO,52868.305,84833.23,24.54
$MAG,52868.328,-0.003,-0.753,-0.690,22.9
$IMU,52868.341,1.892,-9.094,3.906,-0.00732,0.39892,1.03417,24.40
$BARO,52868.406,85050.44,24.54
$IMU,52868.416,-2.685,-11.169,-4.211,-0.04345,0.35595,1.09863,24.41
$MAG,52868.429,-0.003,-0.751,-0.694,22.8
$IMU,52868.491,0.732,-11.352,2.136,-0.05029,0.34423,1.09912,24.42
$BARO,52868.508,85076.30,24.54
$MAG,52868.529,-0.018,-0.759,-0.703,22.9
$IMU,52868.566,6.652,-12.756,1.464,0.02880,0.37353,1.01611,24.40
$BARO,52868.609,84977.14,24.54
$MAG,52868.630,-0.019,-0.763,-0.703,22.8
$IMU,52868.641,1.586,-7.934,-0.366,-0.01464,0.38964,1.01416,24.40
$HUM,52868.669,31.1,25.0
$BARO,52868.711,84845.23,24.54
$TIME,52868.715,441042.000,2364
$IMU,52868.716,-4.272,-8.850,0.427,-0.02929,0.31591,1.10839,24.41
$MAG,52868.730,-0.016,-0.759,-0.711,22.9
$IMU,52868.791,4.455,-11.108,0.549,0.06689,0.35400,1.02441,24.43
$BARO,52868.812,85201.98,24.54
$MAG,52868.831,-0.013,-0.759,-0.711,22.8
$IMU,52868.866,2.197,-5.981,-2.807,-0.00683,0.37646,1.03662,24.41
$BARO,52868.914,85398.22,24.54
$MAG,52868.931,-0.022,-0.759,-0.708,22.8
$IMU,52868.941,-0.793,-6.042,-2.929,0.00634,0.29980,1.08447,24.40
$VBAT,52868.983,3.913
$BARO,52869.015,85041.13,24.54
$IMU,52869.016,5.676,-2.380,0.915,0.02490,0.38134,1.00292,24.41
$MAG,52869.032,-0.031,-0.754,-0.709,22.8
$IMU,52869.091,1.525,-0.366,1.953,0.05078,0.37011,1.00439,24.42
$BARO,52869.117,85474.30,24.54
$MAG,52869.132,-0.019,-0.760,-0.702,22.8
$IMU,52869.166,-0.244,-0.183,2.014,0.06152,0.30712,1.03076,24.43
$BARO,52869.218,85102.70,24.54
$MAG,52869.233,-0.028,-0.754,-0.712,22.8
$IMU,52869.241,4.333,2.868,-4.455,0.00195,0.41894,1.01611,24.39
$IMU,52869.317,-2.563,5.859,1.525,-0.02929,0.37109,1.07910,24.38
$BARO,52869.320,85149.13,24.53
$MAG,52869.334,-0.030,-0.763,-0.705,22.8
$IMU,52869.392,0.549,2.807,5.004,0.02246,0.39941,1.08447,24.43
$BARO,52869.421,85416.94,24.54
$MAG,52869.434,-0.027,-0.763,-0.700,22.7
$IMU,52869.467,0.732,2.624,2.014,-0.02880,0.42138,1.07910,24.43
$BARO,52869.523,85325.66,24.53
$MAG,52869.535,-0.034,-0.769,-0.699,22.8
$IMU,52869.542,-0.732,-2.868,6.652,-0.01513,0.38134,1.07910,24.39
$IMU,52869.617,-2.319,-4.394,3.173,-0.02246,0.37597,1.07617,24.43
$BARO,52869.624,85272.93,24.53
$MAG,52869.635,-0.034,-0.768,-0.703,22.7
$HUM,52869.683,31.1,25.0
$IMU,52869.692,-2.929,-7.141,5.737,-0.05224,0.35693,1.03320,24.42
$TIME,52869.715,441043.000,2364
$BARO,52869.726,85143.02,24.53
$MAG,52869.736,-0.054,-0.765,-0.723,22.8
$IMU,52869.767,-5.187,-11.596,7.812,0.01855,0.37988,1.05419,24.39
$BARO,52869.827,85390.89,24.53
$MAG,52869.836,-0.061,-0.777,-0.724,22.7
$IMU,52869.842,-7.629,-12.634,7.385,-0.00781,0.30419,1.07910,24.36
$IMU,52869.917,0.000,-12.634,6.469,-0.00537,0.34472,0.99462,24.40
$BARO,52869.929,85381.35,24.52
$MAG,52869.937,-0.069,-0.771,-0.739,22.8
$VBAT,52869.983,3.897
$IMU,52869.992,-3.112,-7.690,6.469,-0.00537,0.26269,0.98193,24.40
$BARO,52870.030,85138.29,24.53
$MAG,52870.037,-0.084,-0.780,-0.735,22.8
$IMU,52870.067,-1.647,-5.310,8.178,0.00341,0.31591,1.00195,24.42
$BARO,52870.131,85465.06,24.53
$MAG,52870.138,-0.078,-0.778,-0.736,22.8
$IMU,52870.142,0.427,-5.004,3.173,-0.01269,0.26513,0.96630,24.40
$IMU,52870.217,2.075,-4.150,1.037,0.00634,0.29150,0.94042,24.38
$BARO,52870.233,85253.29,24.53
$MAG,52870.238,-0.082,-0.778,-0.739,22.8
$IMU,52870.292,0.122,0.000,2.685,-0.00683,0.31005,0.95263,24.37
$BARO,52870.334,85617.69,24.53
$MAG,52870.339,-0.090,-0.778,-0.732,22.8
$IMU,52870.367,-1.403,-0.732,1.037,-0.03076,0.26562,0.96972,24.40
$BARO,52870.436,85682.41,24.54
$MAG,52870.440,-0.082,-0.778,-0.732,22.7
$IMU,52870.442,2.746,-2.929,1.647,0.02539,0.34765,0.94140,24.42
$IMU,52870.518,-2.807,2.075,-1.770,-0.06103,0.30810,0.97460,24.40
$BARO,52870.537,85483.78,24.55
$MAG,52870.540,-0.088,-0.781,-0.727,22.7
$IMU,52870.593,-2.624,-2.075,1.159,0.01904,0.26171,0.98730,24.40
$BARO,52870.639,85711.59,24.54
$MAG,52870.641,-0.084,-0.780,-0.729,22.8
$IMU,52870.668,1.159,5.004,2.319,-0.06591,0.31982,0.92675,24.40
$HUM,52870.698,31.0,25.0
$TIME,52870.715,441044.000,2364
$BARO,52870.740,85662.01,24.54
$MAG,52870.741,-0.096,-0.771,-0.730,22.8
$IMU,52870.743,-4.333,-0.793,3.723,0.04150,0.28369,0.93554,24.36
$IMU,52870.818,-5.920,4.394,0.305,-0.07080,0.25048,0.95117,24.36
$BARO,52870.842,85627.76,24.55
$MAG,52870.842,-0.094,-0.775,-0.736,22.8
$IMU,52870.893,-3.173,-1.770,4.882,0.03759,0.28369,0.92529,24.37
$MAG,52870.942,-0.093,-0.772,-0.736,22.8
$BARO,52870.943,85666.15,24.55
$IMU,52870.968,-5.859,4.150,2.014,-0.06787,0.22607,0.92919,24.41
$VBAT,52870.984,3.916
$MAG,52871.043,-0.091,-0.766,-0.739,22.8
$IMU,52871.043,-2.441,1.037,2.014,-0.00537,0.28369,0.94042,24.39
$BARO,52871.045,85662.47,24.55
$IMU,52871.118,-3.784,1.770,-1.281,-0.03613,0.18212,0.95214,24.34
$MAG,52871.144,-0.090,-0.771,-0.747,22.8
$BARO,52871.146,85905.90,24.55
$IMU,52871.193,2.685,0.671,-2.502,-0.06152,0.30273,0.90332,24.39
$MAG,52871.244,-0.096,-0.774,-0.751,22.8
$BARO,52871.248,85785.71,24.56
$IMU,52871.268,-3.601,-1.831,4.699,-0.03759,0.18310,0.91894,24.40
$IMU,52871.343,2.197,-5.676,0.305,0.06054,0.22558,0.91796,24.37
$MAG,52871.345,-0.094,-0.768,-0.742,22.7
$BARO,52871.349,85991.61,24.56
$IMU,52871.418,5.065,-3.295,-7.690,-0.02343,0.25292,0.90234,24.40
$MAG,52871.445,-0.093,-0.774,-0.736,22.8
$BARO,52871.451,85723.60,24.57
$IMU,52871.493,2.807,-4.699,-3.234,-0.03955,0.21777,0.90136,24.38
$MAG,52871.546,-0.100,-0.775,-0.741,22.8
$BARO,52871.552,86029.73,24.57
$IMU,52871.568,4.638,-2.990,-2.258,-0.01611,0.26708,0.86376,24.37
$IMU,52871.643,1.464,2.136,1.586,-0.00878,0.24121,0.88720,24.35
$MAG,52871.647,-0.096,-0.775,-0.744,22.8
$BARO,52871.654,85880.38,24.57
$HUM,52871.713,31.1,25.0
$TIME,52871.715,441044.000,2364
$IMU,52871.719,1.037,-0.244,-2.014,0.03857,0.30273,0.95947,24.36
$MAG,52871.747,-0.096,-0.771,-0.733,22.7
$BARO,52871.755,85582.25,24.57
$IMU,52871.794,3.295,2.685,-3.723,-0.05273,0.23535,0.94189,24.36
$MAG,52871.848,-0.085,-0.775,-0.726,22.8
$BARO,52871.857,85950.71,24.57
$IMU,52871.869,6.958,1.403,-2.441,-0.00146,0.32861,0.90722,24.36
$IMU,52871.944,-1.708,4.272,5.920,-0.08593,0.42529,1.00634,24.38
$MAG,52871.948,-0.096,-0.778,-0.738,22.8
$BARO,52871.958,85805.97,24.57
$VBAT,52871.995,3.922
$IMU,52872.019,-9.216,-7.629,2.685,0.02099,0.37353,1.20019,24.33
$MAG,52872.049,-0.084,-0.778,-0.733,22.8
$BARO,52872.060,85744.86,24.56
$IMU,52872.094,-0.366,-0.671,-2.990,-0.10449,0.47314,1.07568,24.40
$MAG,52872.149,-0.103,-0.774,-0.733,22.7
$BARO,52872.161,85931.04,24.56
$IMU,52872.169,-1.342,-3.601,7.446,-0.01953,0.28027,1.05273,24.38
$IMU,52872.244,4.699,-0.610,5.432,0.01074,0.42333,1.05126,24.37
$MAG,52872.250,-0.102,-0.780,-0.738,22.5
$BARO,52872.263,85760.51,24.56
$IMU,52872.319,-2.868,-1.892,2.197,-0.08203,0.36914,1.11376,24.35
$MAG,52872.350,-0.100,-0.783,-0.744,22.7
$BARO,52872.364,85701.13,24.56
$IMU,52872.394,4.272,-5.920,0.793,-0.04931,0.40478,1.01513,24.36
$MAG,52872.451,-0.114,-0.784,-0.733,22.8
$BARO,52872.466,85874.53,24.55
$IMU,52872.469,0.427,-0.732,4.699,-0.05566,0.37451,1.01513,24.37
$IMU,52872.544,-1.037,-0.610,4.028,-0.06103,0.31201,1.10888,24.38
$MAG,52872.552,-0.114,-0.795,-0.735,22.8
$BARO,52872.567,85863.13,24.55
$IMU,52872.619,2.990,-4.943,3.234,-0.04638,0.37304,1.04248,24.36
$MAG,52872.652,-0.123,-0.790,-0.733,22.7
$BARO,52872.669,85776.81,24.55
$IMU,52872.694,2.380,-9.826,5.187,0.02832,0.44433,1.08398,24.34
$TIME,52872.715,441046.000,2364
$HUM,52872.727,31.3,25.0
$MAG,52872.753,-0.123,-0.792,-0.738,22.7
$IMU,52872.769,1.586,-5.920,-7.141,-0.06103,0.30175,1.10937,24.40
$BARO,52872.770,86169.50,24.55
$IMU,52872.844,8.544,0.915,-2.563,-0.02929,0.39648,1.05371,24.33
$MAG,52872.853,-0.121,-0.795,-0.736,22.8
$BARO,52872.872,85917.63,24.54
$IMU,52872.919,8.056,5.981,-1.464,0.02392,0.44824,1.07861,24.32
$MAG,52872.954,-0.112,-0.798,-0.723,22.7
$BARO,52872.973,86151.90,24.55
$IMU,52872.995,4.577,6.774,-6.347,-0.05273,0.39599,1.09814,24.35
$VBAT,52873.001,3.910
$MAG,52873.055,-0.102,-0.790,-0.720,22.8
$IMU,52873.070,3.540,1.525,-6.225,0.01806,0.52978,1.10644,24.32
$BARO,52873.075,85927.89,24.54
$IMU,52873.145,-7.080,7.568,-7.446,-0.03857,0.47363,1.28515,24.33
$MAG,52873.155,-0.094,-0.778,-0.724,22.8
$BARO,52873.177,85778.42,24.54
$IMU,52873.220,-1.403,5.432,-11.535,-0.08886,0.33105,1.24218,24.39
$MAG,52873.256,-0.085,-0.786,-0.709,22.8
$BARO,52873.278,85884.31,24.54
$IMU,52873.295,10.498,4.638,-5.859,-0.04785,0.52539,1.10253,24.36
$MAG,52873.356,-0.070,-0.784,-0.717,22.8
$IMU,52873.370,-4.455,3.906,-3.356,-0.03613,0.44824,1.15185,24.37
$BARO,52873.380,86022.56,24.53
$IMU,52873.445,-4.943,-0.305,-2.685,0.00390,0.37158,1.16552,24.34
$MAG,52873.457,-0.087,-0.775,-0.724,22.7
$BARO,52873.481,86194.68,24.53
$IMU,52873.520,1.220,-0.061,-4.150,0.04199,0.45361,1.18408,24.41
$MAG,52873.557,-0.069,-0.777,-0.717,22.8
$BARO,52873.583,86087.99,24.53
$IMU,52873.595,0.976,7.019,-12.023,0.01416,0.40332,1.18994,24.36
$MAG,52873.658,-0.049,-0.775,-0.700,22.7
$IMU,52873.670,3.784,17.089,-11.230,0.00488,0.43652,1.13964,24.37
$BARO,52873.684,86346.19,24.53
$TIME,52873.715,441047.000,2364
$HUM,52873.742,31.8,25.0
$IMU,52873.745,-0.061,23.437,-8.605,-0.03613,0.40917,1.21630,24.33
$MAG,52873.759,-0.037,-0.774,-0.697,22.8
$BARO,52873.786,86443.08,24.53
$IMU,52873.820,1.892,17.700,-7.934,-0.03662,0.47607,1.29833,24.37
$MAG,52873.859,-0.033,-0.774,-0.684,22.8
$BARO,52873.887,86016.88,24.53
$IMU,52873.895,6.530,9.948,-5.615,-0.10937,0.44824,1.25439,24.37
$MAG,52873.960,-0.034,-0.780,-0.679,22.7
$IMU,52873.970,7.629,0.549,-2.319,-0.09863,0.49755,1.20996,24.35
$BARO,52873.989,86357.48,24.54
$VBAT,52874.001,3.908
$IMU,52874.045,1.831,-2.502,3.845,-0.07373,0.50341,1.24072,24.36
$MAG,52874.060,-0.042,-0.774,-0.685,22.7
$BARO,52874.090,86374.66,24.54
$IMU,52874.120,0.061,-10.986,6.225,0.00830,0.37500,1.20654,24.38
$MAG,52874.161,-0.045,-0.780,-0.684,22.8
$BARO,52874.192,86186.34,24.54
$IMU,52874.196,3.662,-8.361,2.868,-0.06396,0.51025,1.14648,24.33
$MAG,52874.261,-0.049,-0.783,-0.693,22.8
$IMU,52874.271,-4.577,-11.901,0.915,-0.02343,0.44189,1.22167,24.38
$BARO,52874.293,86514.28,24.55
$IMU,52874.346,-1.464,-5.249,4.516,-0.14648,0.41992,1.30078,24.38
$MAG,52874.362,-0.055,-0.777,-0.694,22.7
$BARO,52874.395,86009.30,24.55
$IMU,52874.421,8.239,-14.282,9.948,0.01660,0.54394,1.21093,24.33
$MAG,52874.463,-0.064,-0.780,-0.697,22.8
$BARO,52874.496,86569.81,24.55
$IMU,52874.496,-0.183,-6.958,5.371,-0.07275,0.46923,1.23632,24.34
$MAG,52874.563,-0.072,-0.784,-0.699,22.8
$IMU,52874.571,-2.502,-8.728,4.211,-0.00976,0.45996,1.26757,24.34
$BARO,52874.598,86460.90,24.55
$IMU,52874.646,-0.366,-0.244,6.225,-0.11718,0.43847,1.25830,24.39
$MAG,52874.664,-0.079,-0.790,-0.703,22.8
$BARO,52874.699,86398.99,24.54
$TIME,52874.715,441047.000,2364
$IMU,52874.721,0.061,-5.126,9.216,-0.03125,0.44140,1.16503,24.36
$HUM,52874.757,31.8,25.0
$MAG,52874.764,-0.088,-0.787,-0.706,22.7
$IMU,52874.796,-3.173,-4.333,10.009,-0.05224,0.41845,1.10693,24.35
$BARO,52874.801,86639.01,24.55
$MAG,52874.865,-0.094,-0.795,-0.709,22.8
$IMU,52874.871,-7.202,-6.774,5.554,0.00292,0.29589,1.10595,24.36
$BARO,52874.903,86688.44,24.54
$IMU,52874.946,-5.065,-0.854,2.868,-0.05957,0.37158,1.09179,24.34
$MAG,52874.965,-0.096,-0.792,-0.712,22.8
$BARO,52875.004,86602.83,24.55
$VBAT,52875.005,3.919
$IMU,52875.021,-7.507,3.723,6.896,-0.09277,0.24755,1.07177,24.41
$MAG,52875.066,-0.112,-0.789,-0.705,22.7
$IMU,52875.096,1.831,-2.807,5.187,0.07275,0.29833,1.03271,24.33
$BARO,52875.105,86614.63,24.55
$MAG,52875.167,-0.105,-0.796,-0.712,22.7
$IMU,52875.171,0.854,1.403,1.953,-0.11328,0.29101,1.04736,24.34
$BARO,52875.207,86554.26,24.55
$IMU,52875.246,2.258,-9.094,3.479,-0.05126,0.35888,1.06250,24.37
$MAG,52875.267,-0.115,-0.790,-0.709,22.7
$BARO,52875.308,86549.60,24.55
$IMU,52875.321,0.000,-6.530,6.835,-0.08789,0.27636,1.06884,24.38
$MAG,52875.368,-0.123,-0.801,-0.705,22.8
$IMU,52875.396,4.638,-6.713,11.413,-0.04882,0.39794,1.00390,24.37
$BARO,52875.410,86526.47,24.55
$MAG,52875.469,-0.145,-0.804,-0.715,22.7
$IMU,52875.472,-4.394,-6.896,8.361,-0.02246,0.33154,1.06640,24.37
$BARO,52875.511,86691.95,24.55
$IMU,52875.547,-5.065,-6.774,7.446,-0.10400,0.31298,1.09033,24.32
$MAG,52875.569,-0.145,-0.807,-0.718,22.8
$BARO,52875.613,86802.98,24.55
$IMU,52875.622,-2.502,-9.216,6.896,-0.05908,0.29443,1.02880,24.35
$MAG,52875.670,-0.168,-0.805,-0.730,22.5
$IMU,52875.697,-3.051,-3.967,7.812,-0.10205,0.33789,1.01757,24.34
$BARO,52875.714,86720.37,24.55
$TIME,52875.715,441049.000,2364
$MAG,52875.770,-0.172,-0.805,-0.729,22.5
$HUM,52875.771,31.7,25.0
$IMU,52875.772,-9.155,-8.239,8.239,-0.02783,0.27099,1.04150,24.36
$BARO,52875.816,86636.72,24.56
$IMU,52875.847,-7.385,-2.990,11.718,-0.08593,0.32714,1.07275,24.39
$MAG,52875.871,-0.177,-0.799,-0.748,22.8
$BARO,52875.917,86731.14,24.57
$IMU,52875.922,-8.178,-6.530,5.004,-0.01708,0.22949,1.04248,24.36
$MAG,52875.972,-0.189,-0.799,-0.750,22.5
$IMU,52875.997,0.671,-0.488,3.967,-0.15673,0.19775,0.95507,24.37
$VBAT,52876.005,3.911
$BARO,52876.019,86898.63,24.57
$MAG,52876.072,-0.193,-0.798,-0.745,22.8
$IMU,52876.072,2.197,-9.216,7.873,-0.05957,0.25292,0.86523,24.38
$BARO,52876.120,86722.91,24.57
$IMU,52876.147,-8.422,-6.591,4.455,-0.07666,0.16064,0.89453,24.37
$MAG,52876.173,-0.208,-0.799,-0.736,22.7
$BARO,52876.222,86705.45,24.58
$IMU,52876.222,-6.225,-4.760,9.948,-0.02587,0.14111,0.89013,24.37
$MAG,52876.273,-0.205,-0.798,-0.756,22.8
$IMU,52876.297,0.305,-3.234,6.347,-0.01904,0.14697,0.78808,24.34
$BARO,52876.323,86858.72,24.58
$IMU,52876.372,-1.647,-2.868,1.831,-0.02392,0.14404,0.79931,24.34
$MAG,52876.374,-0.208,-0.801,-0.760,22.8
$BARO,52876.425,86784.92,24.59
$IMU,52876.447,-2.441,1.403,-1.403,-0.04785,0.15185,0.80078,24.36
$MAG,52876.475,-0.207,-0.789,-0.747,22.8
$IMU,52876.522,-0.793,7.019,-1.892,-0.05273,0.10742,0.82910,24.37
$BARO,52876.526,86924.05,24.59
$MAG,52876.575,-0.196,-0.795,-0.748,22.7
$IMU,52876.597,3.967,11.413,0.488,0.00585,0.19433,0.79052,24.39
$BARO,52876.628,86888.51,24.58
$IMU,52876.673,-2.258,12.817,-6.896,-0.06396,0.11572,0.82177,24.34
$MAG,52876.676,-0.184,-0.804,-0.753,22.8
$TIME,52876.715,441050.000,2364
$BARO,52876.729,86800.69,24.59
$IMU,52876.748,2.685,9.826,-3.479,-0.10400,0.15966,0.77880,24.32
$MAG,52876.776,-0.187,-0.798,-0.738,22.8
$HUM,52876.786,31.9,25.0
$IMU,52876.823,0.488,5.065,-1.464,-0.00976,0.18554,0.79785,24.35
$BARO,52876.831,86927.00,24.59
$MAG,52876.877,-0.175,-0.801,-0.747,22.4
$IMU,52876.898,-3.479,8.239,-3.601,-0.05322,0.13867,0.80273,24.36
$BARO,52876.932,86960.03,24.59
$IMU,52876.973,-2.929,6.347,-3.967,-0.05957,0.16503,0.78369,24.37
$MAG,52876.978,-0.159,-0.792,-0.751,22.7
$VBAT,52877.014,3.921
$BARO,52877.034,86975.38,24.59
$IMU,52877.048,-3.967,5.798,-4.821,-0.03662,0.16503,0.76953,24.37
$MAG,52877.078,-0.174,-0.801,-0.744,22.8
$IMU,52877.123,-6.408,5.249,-2.380,-0.01611,0.14355,0.85449,24.37
$BARO,52877.135,86799.86,24.60
$MAG,52877.179,-0.156,-0.789,-0.750,22.7
$IMU,52877.198,-0.732,6.774,-4.760,-0.04150,0.15722,0.87255,24.38
$BARO,52877.237,86889.17,24.60
$IMU,52877.273,3.356,6.774,-4.333,-0.04003,0.22460,0.89794,24.35
$MAG,52877.279,-0.148,-0.793,-0.750,22.7
$BARO,52877.338,86944.74,24.60
$IMU,52877.348,2.807,5.310,-6.164,-0.08740,0.19433,0.94042,24.35
$MAG,52877.380,-0.154,-0.790,-0.736,22.7
$IMU,52877.423,5.249,3.356,-0.915,-0.04150,0.28759,1.03076,24.36
$BARO,52877.440,86862.18,24.60
$MAG,52877.480,-0.151,-0.792,-0.739,22.8
$IMU,52877.498,5.187,1.403,-1.892,-0.09765,0.27294,1.04052,24.34
$BARO,52877.541,86994.93,24.60
$IMU,52877.573,5.187,-1.647,1.098,-0.07812,0.32324,1.11474,24.36
$MAG,52877.581,-0.147,-0.792,-0.733,22.5
$BARO,52877.643,86874.96,24.60
$IMU,52877.648,6.896,-1.098,0.427,-0.09863,0.34716,1.13623,24.35
$MAG,52877.682,-0.150,-0.799,-0.729,22.8
$IMU,52877.723,6.164,-6.591,1.708,-0.07177,0.37695,1.17138,24.33
$BARO,52877.744,86940.75,24.60
$MAG,52877.782,-0.162,-0.804,-0.726,22.8
$IMU,52877.798,1.770,-3.784,1.342,-0.07861,0.35009,1.20703,24.35
$HUM,52877.801,32.2,25.0
$BARO,52877.846,86926.61,24.59
$IMU,52877.874,5.249,-5.493,0.732,-0.09326,0.40039,1.20654,24.34
$MAG,52877.883,-0.165,-0.801,-0.727,22.8
$BARO,52877.947,86961.54,24.60
$IMU,52877.949,2.441,-4.760,2.990,-0.12646,0.36865,1.18847,24.34
$MAG,52877.984,-0.166,-0.805,-0.723,22.8
$VBAT,52878.018,3.914
$IMU,52878.024,1.220,-3.173,5.310,-0.06201,0.39746,1.20947,24.36
$BARO,52878.049,87026.96,24.59
$MAG,52878.084,-0.166,-0.807,-0.726,22.8
$IMU,52878.099,-1.403,-3.540,4.760,-0.04687,0.35058,1.20751,24.34
$BARO,52878.150,87151.32,24.59
$IMU,52878.174,-0.732,-3.051,0.366,-0.09667,0.33105,1.19042,24.35
$MAG,52878.185,-0.171,-0.801,-0.730,22.8
$IMU,52878.249,2.136,-2.319,1.220,-0.07031,0.38867,1.16162,24.36
$BARO,52878.252,87084.53,24.60
$MAG,52878.285,-0.178,-0.810,-0.724,22.7
$IMU,52878.324,-2.746,0.549,2.685,-0.07666,0.32617,1.21923,24.34
$BARO,52878.353,87034.66,24.60
$MAG,52878.386,-0.171,-0.805,-0.730,22.7
$IMU,52878.399,0.061,-3.295,2.685,-0.02197,0.35986,1.22412,24.34
$BARO,52878.455,87266.22,24.60
$IMU,52878.474,0.671,0.854,-1.342,-0.08691,0.32373,1.27587,24.36
$MAG,52878.487,-0.172,-0.799,-0.726,22.7
$IMU,52878.549,6.347,-2.868,-1.831,-0.01708,0.30908,1.20361,24.39
$BARO,52878.556,87040.05,24.60
$MAG,52878.587,-0.177,-0.813,-0.714,22.8
$IMU,52878.624,5.920,2.868,-5.187,-0.09179,0.41210,1.21435,24.29
$BARO,52878.658,87097.23,24.60
$MAG,52878.688,-0.166,-0.817,-0.715,22.7
$IMU,52878.699,-3.051,3.540,-2.868,-0.05126,0.37304,1.35693,24.41
$TIME,52878.715,441051.000,2364
$BARO,52878.759,87117.42,24.60
$IMU,52878.774,0.488,10.009,-4.699,-0.02832,0.36376,1.37060,24.36
$MAG,52878.788,-0.157,-0.801,-0.714,22.5
$HUM,52878.816,32.4,25.1
$IMU,52878.849,3.784,12.451,-4.455,-0.04248,0.41894,1.39062,24.37
$BARO,52878.861,87192.05,24.60
$MAG,52878.889,-0.144,-0.810,-0.705,22.5
$IMU,52878.924,3.723,11.901,-4.638,-0.05761,0.37158,1.41406,24.34
$BARO,52878.962,87015.87,24.60
$MAG,52878.990,-0.147,-0.810,-0.703,22.8
$IMU,52878.999,5.737,9.155,-3.051,-0.06005,0.39746,1.46191,24.36
$VBAT,52879.032,3.913
$BARO,52879.064,86985.52,24.60
$IMU,52879.074,7.812,11.352,-3.540,-0.07812,0.41015,1.44628,24.34
$MAG,52879.090,-0.130,-0.813,-0.687,22.5
$IMU,52879.150,7.202,8.544,-4.577,-0.05078,0.47167,1.48437,24.30
$BARO,52879.165,87094.48,24.60
$MAG,52879.191,-0.126,-0.814,-0.672,22.7
$IMU,52879.225,1.770,7.019,-7.141,-0.14648,0.43310,1.51269,24.39
$BARO,52879.267,87144.11,24.60
$MAG,52879.292,-0.126,-0.820,-0.678,22.7
$IMU,52879.300,2.990,0.549,-1.342,-0.09814,0.37597,1.49609,24.33
$BARO,52879.368,87200.10,24.59
$IMU,52879.375,6.713,-4.211,0.854,-0.03759,0.50878,1.50927,24.33
$MAG,52879.392,-0.123,-0.813,-0.678,22.5
$IMU,52879.450,-4.211,-3.112,-2.014,-0.10009,0.36962,1.53271,24.37
$BARO,52879.470,87100.33,24.59
$MAG,52879.493,-0.118,-0.811,-0.670,22.7
$IMU,52879.525,3.112,-4.943,-2.319,-0.03759,0.38525,1.48291,24.35
$BARO,52879.571,87216.28,24.59
$MAG,52879.593,-0.127,-0.817,-0.672,22.7
$IMU,52879.600,2.685,2.075,0.610,-0.05859,0.40283,1.48730,24.38
$BARO,52879.673,87278.36,24.58
$IMU,52879.675,0.000,4.211,-1.403,-0.04736,0.33007,1.51318,24.32
$MAG,52879.694,-0.121,-0.819,-0.681,22.7
$TIME,52879.715,441053.000,2364
$IMU,52879.750,6.164,1.892,-1.892,-0.04541,0.37060,1.48486,24.32
$BARO,52879.774,87201.53,24.59
$MAG,52879.795,-0.120,-0.814,-0.667,22.8
$IMU,52879.825,6.713,2.624,-2.990,-0.02246,0.36523,1.45361,24.34
$HUM,52879.830,32.7,25.0
$BARO,52879.876,87153.42,24.58
$MAG,52879.895,-0.117,-0.826,-0.661,22.8
$IMU,52879.900,2.441,9.765,-4.211,-0.06152,0.37500,1.50146,24.33
$IMU,52879.975,2.014,6.591,-1.281,-0.06347,0.36669,1.53564,24.36
$BARO,52879.977,87004.12,24.58
$MAG,52879.996,-0.103,-0.823,-0.663,22.5
$VBAT,52880.037,3.919
$IMU,52880.050,3.845,7.324,-2.197,-0.09375,0.35253,1.54052,24.39
$BARO,52880.079,87134.48,24.58
$MAG,52880.096,-0.106,-0.811,-0.654,22.8
$IMU,52880.125,2.868,2.868,0.244,-0.09472,0.42187,1.57031,24.33
$BARO,52880.180,87049.31,24.58
$MAG,52880.197,-0.105,-0.820,-0.655,22.7
$IMU,52880.200,-5.004,-1.892,1.464,0.00878,0.36767,1.63281,24.29
$IMU,52880.275,-5.798,-7.141,-13.916,-0.05029,0.34960,1.66650,24.33
$BARO,52880.282,86942.16,24.58
$MAG,52880.298,-0.093,-0.813,-0.675,22.8
$IMU,52880.351,-10.070,-14.282,-29.174,-0.05810,0.23974,1.67822,24.34
$BARO,52880.383,86986.52,24.58
$MAG,52880.398,-0.075,-0.793,-0.688,22.7
$IMU,52880.426,-8.850,-9.704,-17.333,-0.17089,0.17382,1.75000,24.34
$BARO,52880.485,86927.05,24.59
$MAG,52880.499,-0.094,-0.792,-0.690,22.7
$IMU,52880.501,-6.103,-14.343,5.798,-0.03613,0.11425,1.79248,24.32
$IMU,52880.576,-0.732,-16.052,12.512,0.12255,0.08886,1.70947,24.34
$BARO,52880.587,87041.05,24.58
$MAG,52880.599,-0.103,-0.801,-0.694,22.7
$IMU,52880.651,2.685,-7.690,-0.732,0.10742,0.13134,1.70312,24.36
$BARO,52880.688,86988.23,24.59
$MAG,52880.700,-0.081,-0.790,-0.699,22.7
$TIME,52880.715,441054.000,2364
$IMU,52880.726,-1.647,1.037,-18.554,0.09521,0.09179,1.69433,24.34
$BARO,52880.790,87030.96,24.59
$MAG,52880.800,-0.039,-0.771,-0.696,22.8
$IMU,52880.801,-7.873,7.812,-43.762,0.17578,0.05126,1.63574,24.34
$HUM,52880.845,32.4,25.1
$IMU,52880.876,-14.465,14.953,-80.017,-0.08496,-0.03808,1.60449,24.34
$BARO,52880.891,86834.64,24.60
$MAG,52880.901,0.007,-0.735,-0.712,22.5
$IMU,52880.951,-18.371,11.718,-30.456,-0.15039,-0.15185,1.65478,24.33
$BARO,52880.993,86807.27,24.57
$MAG,52881.002,0.006,-0.732,-0.717,22.8
$IMU,52881.026,-10.192,4.577,2.197,-0.05615,-0.20068,1.59472,24.30
$VBAT,52881.043,3.910
$BARO,52881.094,86758.59,24.57
$IMU,52881.101,3.845,-3.417,-2.258,0.09228,-0.03417,1.49707,24.33
$MAG,52881.102,0.015,-0.733,-0.711,22.8
$IMU,52881.176,-4.638,10.925,-9.887,-0.09521,-0.12548,1.44140,24.29
$BARO,52881.196,86832.13,24.55
$MAG,52881.203,0.024,-0.727,-0.706,22.7
$IMU,52881.251,-4.760,5.371,14.770,-0.32275,-0.19921,1.46240,24.32
$BARO,52881.297,87109.30,24.56
$MAG,52881.303,-0.034,-0.756,-0.714,22.8
$IMU,52881.326,8.728,-23.193,57.983,0.10644,-0.14892,1.39892,24.36
$BARO,52881.399,87103.89,24.56
$IMU,52881.401,15.747,-11.535,63.659,0.14160,-0.08154,1.42626,24.31
$MAG,52881.404,-0.093,-0.796,-0.702,22.7
$IMU,52881.476,17.333,-5.981,69.763,0.22265,-0.04443,1.35449,24.33
$BARO,52881.500,87020.33,24.56
$MAG,52881.504,-0.148,-0.814,-0.675,22.7
$IMU,52881.551,16.906,-0.854,46.630,0.39599,0.08398,1.27783,24.31
$BARO,52881.602,86870.16,24.56
$MAG,52881.605,-0.138,-0.817,-0.676,22.8
$IMU,52881.627,-0.671,12.084,5.493,0.21533,-0.02783,1.28125,24.33
$IMU,52881.702,-3.295,17.089,-8.300,0.14062,-0.01416,1.32812,24.31
$BARO,52881.703,86869.89,24.57
$MAG,52881.706,-0.130,-0.817,-0.681,22.7
$TIME,52881.715,441055.000,2364
$IMU,52881.777,-6.408,15.502,-20.324,0.17919,-0.06933,1.36328,24.34
$BARO,52881.805,86909.67,24.57
$MAG,52881.806,-0.096,-0.808,-0.681,22.8
$IMU,52881.852,-11.230,23.376,-26.367,0.02050,-0.13085,1.28808,24.30
$HUM,52881.860,32.9,25.0
$BARO,52881.906,86865.65,24.57
$MAG,52881.907,-0.073,-0.796,-0.684,22.7
$IMU,52881.927,-6.896,12.329,-22.277,-0.13916,-0.15429,1.26757,24.35
$IMU,52882.002,-1.525,-7.568,-9.887,-0.10156,-0.11376,1.18115,24.34
$MAG,52882.007,-0.076,-0.792,-0.691,22.7
$BARO,52882.008,86971.14,24.58
$VBAT,52882.055,3.937
$IMU,52882.077,-5.615,-17.944,3.051,-0.07421,-0.15429,1.20361,24.31
$MAG,52882.108,-0.085,-0.790,-0.711,22.8
$BARO,52882.109,86939.40,24.57
$IMU,52882.152,-2.319,-26.123,8.850,-0.04052,-0.25683,1.25585,24.33
$MAG,52882.209,-0.114,-0.804,-0.688,22.5
$BARO,52882.211,86981.13,24.58
$IMU,52882.227,16.174,-24.719,16.357,0.00585,-0.22167,1.15234,24.34
$IMU,52882.302,26.855,-24.597,9.948,0.16894,0.12695,0.92480,24.37
$MAG,52882.309,-0.129,-0.811,-0.688,22.5
$BARO,52882.312,87023.11,24.58
$IMU,52882.377,-4.943,-2.441,9.033,0.21923,-0.03417,0.94482,24.33
$MAG,52882.410,-0.124,-0.811,-0.694,22.5
$BARO,52882.414,87003.51,24.58
$IMU,52882.452,-9.704,19.287,3.967,0.00537,-0.01416,0.94531,24.35
$MAG,52882.510,-0.129,-0.811,-0.702,22.5
$BARO,52882.515,87068.18,24.59
$IMU,52882.527,-16.784,14.831,5.065,0.09863,-0.02148,0.97021,24.34
$IMU,52882.602,-20.568,18.737,6.042,0.12646,-0.17919,0.97460,24.33
$MAG,52882.611,-0.127,-0.798,-0.709,22.5
$BARO,52882.617,87136.40,24.58
$IMU,52882.677,-14.038,17.822,4.272,0.12841,-0.15917,0.93847,24.30
$MAG,52882.712,-0.111,-0.793,-0.717,22.7
$TIME,52882.715,441055.000,2364
$BARO,52882.718,87118.98,24.59
$IMU,52882.752,-9.460,12.023,-1.403,0.04785,-0.19775,0.90527,24.40
$MAG,52882.812,-0.123,-0.792,-0.723,22.5
$BARO,52882.820,87170.11,24.59
$IMU,52882.828,-12.268,1.220,-2.990,0.03906,-0.02929,0.95800,24.31
$HUM,52882.874,32.8,25.1
$IMU,52882.903,-23.254,-11.596,-0.976,0.14355,-0.29736,0.96777,24.34
$MAG,52882.913,-0.109,-0.780,-0.751,22.5
$BARO,52882.921,87199.24,24.60
$IMU,52882.978,-16.662,-5.676,-3.295,0.14208,-0.33056,0.87890,24.33
$MAG,52883.013,-0.115,-0.774,-0.754,22.5
$BARO,52883.023,87321.60,24.60
$IMU,52883.053,-6.408,-1.647,-5.798,0.13818,-0.32861,0.81738,24.36
$VBAT,52883.062,3.916
$MAG,52883.114,-0.109,-0.780,-0.748,22.5
$BARO,52883.124,87357.73,24.60
$IMU,52883.128,8.300,-4.394,-7.080,-0.00097,-0.30761,0.74511,24.31
$IMU,52883.203,14.160,-10.864,-3.051,0.08740,-0.14062,0.70068,24.31
$MAG,52883.215,-0.123,-0.783,-0.744,22.7
$BARO,52883.226,87308.39,24.61
$IMU,52883.278,5.493,-4.333,0.122,0.00878,-0.17578,0.58496,24.35
$MAG,52883.315,-0.114,-0.781,-0.733,22.5
$BARO,52883.327,87350.68,24.63
$IMU,52883.353,-0.549,2.746,-6.286,0.16064,-0.16845,0.40478,24.33
$MAG,52883.416,-0.079,-0.780,-0.738,22.5
$IMU,52883.428,-1.037,25.024,-19.042,-0.25000,-0.05078,0.34277,24.35
$BARO,52883.429,87399.24,24.63
$IMU,52883.503,10.559,14.953,-2.990,-0.15185,-0.10302,0.06835,24.35
$MAG,52883.516,-0.081,-0.783,-0.717,22.5
$BARO,52883.530,87383.93,24.64
$IMU,52883.578,2.197,11.291,-1.525,-0.08740,0.06884,0.22265,24.33
$MAG,52883.617,-0.082,-0.774,-0.729,22.7
$BARO,52883.632,87273.12,24.64
$IMU,52883.653,-20.263,24.658,12.695,-0.01220,-0.14794,0.49755,24.31
$TIME,52883.715,441057.000,2364
$MAG,52883.718,-0.070,-0.777,-0.720,22.5
$IMU,52883.728,-1.464,17.150,1.831,-0.08398,0.07128,0.73339,24.37
$BARO,52883.733,87326.14,24.64
$IMU,52883.803,-32.592,4.943,-3.784,0.68115,-0.38427,0.94189,24.35
$MAG,52883.818,-0.045,-0.762,-0.732,22.5
$BARO,52883.835,87273.27,24.63
$IMU,52883.878,5.371,50.476,-34.606,0.00830,-0.22314,0.43652,24.33
$HUM,52883.889,33.5,25.1
$MAG,52883.919,0.004,-0.753,-0.693,22.7
$BARO,52883.936,87212.53,24.63
$IMU,52883.953,46.203,22.949,-53.833,0.01953,-0.03271,0.40380,24.35
$MAG,52884.019,0.054,-0.721,-0.660,22.8
$IMU,52884.028,32.531,22.766,-64.636,-0.42480,-0.06591,0.27246,24.29
$BARO,52884.038,87274.32,24.63
$VBAT,52884.073,3.924
$IMU,52884.104,12.939,-16.845,-20.385,-0.29101,0.04492,0.40332,24.35
$MAG,52884.120,0.049,-0.721,-0.678,22.5
$BARO,52884.139,87251.97,24.62
$IMU,52884.179,1.586,-25.939,3.906,0.02001,0.10937,0.40966,24.36
$MAG,52884.221,0.040,-0.724,-0.687,22.5
$BARO,52884.241,87327.94,24.62
$IMU,52884.254,-3.112,-17.761,4.333,0.07666,0.15283,0.52490,24.34
$MAG,52884.321,0.033,-0.720,-0.706,22.7
$IMU,52884.329,-27.587,-13.549,-1.770,0.01220,-0.13281,0.66552,24.31
$BARO,52884.342,87359.85,24.63
$IMU,52884.404,-6.591,-9.094,14.648,-0.06982,-0.10742,0.55419,24.34
$MAG,52884.422,0.021,-0.732,-0.717,22.5
$BARO,52884.444,87380.18,24.64
$IMU,52884.479,15.319,-25.573,18.127,0.02246,0.17724,0.64697,24.33
$MAG,52884.522,0.003,-0.730,-0.727,22.7
$BARO,52884.545,87324.94,24.64
$IMU,52884.554,-7.507,-17.700,2.319,0.09033,-0.07080,0.55859,24.32
$MAG,52884.623,-0.001,-0.739,-0.723,22.7
$IMU,52884.629,15.014,2.075,4.211,0.02148,0.22558,0.45703,24.35
$BARO,52884.647,87395.34,24.64
$IMU,52884.704,-5.249,-8.056,19.958,0.17529,0.18066,0.65771,24.34
$TIME,52884.715,441057.000,2364
$MAG,52884.723,-0.018,-0.741,-0.729,22.7
$BARO,52884.748,87417.52,24.64
$IMU,52884.779,-16.601,-3.906,-11.596,0.03076,0.02392,0.83056,24.31
$MAG,52884.824,-0.009,-0.736,-0.730,22.7
$BARO,52884.850,87376.13,24.64
$IMU,52884.854,4.821,0.305,-1.037,-0.06103,-0.03808,0.80517,24.31
$HUM,52884.904,33.2,25.1
$MAG,52884.925,-0.015,-0.744,-0.724,22.5
$IMU,52884.929,18.981,-12.207,2.075,0.12695,-0.09814,0.98730,24.32
$BARO,52884.951,87384.32,24.64
$IMU,52885.004,40.832,-8.483,-3.662,0.05371,-0.12695,1.05322,24.32
$MAG,52885.025,-0.013,-0.748,-0.732,22.7
$BARO,52885.053,87318.29,24.65
$IMU,52885.079,-54.443,-9.887,-6.469,-0.06787,-1.66064,1.59130,24.32
$VBAT,52885.080,3.918
$MAG,52885.126,-0.021,-0.762,-0.700,22.8
$BARO,52885.154,87430.02,24.65
$IMU,52885.154,71.044,-27.954,-5.981,0.25048,0.01513,0.14697,24.32
$MAG,52885.226,0.001,-0.748,-0.676,22.7
$IMU,52885.229,41.442,-3.356,-19.653,0.31347,-0.96044,1.04296,24.33
$BARO,52885.256,87459.20,24.65
$IMU,52885.305,21.667,46.447,-10.192,0.04492,-1.56835,1.19433,24.32
$MAG,52885.327,0.013,-0.768,-0.631,22.7
$BARO,52885.357,87503.10,24.64
$IMU,52885.380,61.340,33.020,2.441,0.15478,-1.66259,0.62353,24.32
$MAG,52885.428,-0.006,-0.781,-0.544,22.8
$IMU,52885.455,95.642,22.888,26.000,0.26171,-1.87500,0.67724,24.30
$BARO,52885.459,87445.41,24.65
$MAG,52885.528,-0.036,-0.766,-0.319,22.7
$IMU,52885.530,229.492,20.568,34.484,0.11181,-0.55468,-0.64550,24.32
$BARO,52885.560,87622.37,24.65
$IMU,52885.605,274.902,-7.507,-2.990,0.40185,-0.42138,-0.69091,24.33
$MAG,52885.629,-0.021,-0.597,-0.171,22.8
$BARO,52885.661,87613.18,24.65
$IMU,52885.680,274.536,25.390,-44.494,0.15869,-0.53271,-0.96923,24.34
$TIME,52885.715,441059.000,2364
$MAG,52885.729,-0.079,-0.357,-0.093,22.7
$IMU,52885.755,291.015,64.514,-18.432,-0.10546,-0.05517,-1.34912,24.33
$BARO,52885.763,87545.54,24.65
$MAG,52885.830,-0.117,-0.180,-0.141,22.7
$IMU,52885.830,233.642,41.076,-4.699,-0.02929,0.69970,-1.68554,24.30
$BARO,52885.864,87561.33,24.66
$IMU,52885.905,168.151,11.901,-3.601,-0.18554,1.45898,-2.70947,24.33
$HUM,52885.919,34.0,25.1
$MAG,52885.931,-0.099,-0.084,-0.216,22.5
$BARO,52885.966,87634.70,24.65
$IMU,52885.980,79.406,-2.563,-0.793,0.03515,1.87353,-2.55468,24.31
$MAG,52886.031,-0.130,-0.084,-0.202,22.7
$IMU,52886.055,-2.441,47.607,2.624,-0.66015,1.68212,-1.90332,24.31
$BARO,52886.067,87648.86,24.66
$VBAT,52886.090,3.913
$IMU,52886.130,41.809,14.465,21.850,-0.62011,2.50341,-2.46679,24.32
$MAG,52886.132,-0.109,-0.073,-0.225,22.5
$BARO,52886.169,87627.27,24.66
$IMU,52886.205,-29.663,-59.204,40.649,-0.03027,1.90087,-2.08593,24.32
$MAG,52886.232,-0.010,-0.126,-0.225,22.5
$BARO,52886.270,87625.02,24.67
$IMU,52886.280,-74.951,-127.929,21.179,0.05566,1.31640,-1.91894,24.33
$MAG,52886.333,0.091,-0.174,-0.289,22.8
$IMU,52886.355,-59.631,-160.827,14.404,-0.24365,1.58398,-2.13037,24.28
$BARO,52886.372,87649.57,24.67
$IMU,52886.430,-86.669,-145.751,52.185,-0.51171,1.18066,-1.74560,24.33
$MAG,52886.434,0.175,-0.274,-0.361,22.5
$BARO,52886.473,87702.76,24.67
$IMU,52886.505,-75.622,-82.580,125.793,-0.45898,1.50976,-1.30224,24.30
$MAG,52886.534,0.204,-0.408,-0.426,22.7
$BARO,52886.575,87724.60,24.67
$IMU,52886.581,-66.162,-79.650,127.868,-0.06787,1.53906,-1.21044,24.32
$MAG,52886.635,0.199,-0.540,-0.478,22.7
$IMU,52886.656,-99.365,-46.264,120.178,0.31787,1.44726,-0.53076,24.32
$BARO,52886.676,87721.31,24.67
$TIME,52886.715,441059.000,2364
$IMU,52886.731,-101.196,25.329,93.261,0.33300,1.63037,-0.05957,24.30
$MAG,52886.735,0.157,-0.624,-0.462,22.7
$BARO,52886.778,87734.40,24.67
$IMU,52886.806,-110.778,72.509,48.095,-0.11865,1.52197,-0.08251,24.34
$MAG,52886.836,0.127,-0.663,-0.471,22.5
$BARO,52886.879,87741.95,24.67
$IMU,52886.881,-156.250,71.350,48.706,-0.14843,1.06933,0.05273,24.33
$HUM,52886.933,33.2,25.2
$MAG,52886.936,0.105,-0.709,-0.532,22.7
$IMU,52886.956,-180.725,60.852,44.738,-0.22949,0.63623,0.24218,24.34
$BARO,52886.981,87736.39,24.67
$IMU,52887.031,-150.451,44.982,21.362,-0.22216,0.34277,0.40429,24.31
$MAG,52887.037,0.088,-0.723,-0.583,22.7
$BARO,52887.082,87738.78,24.67
$VBAT,52887.098,3.910
$IMU,52887.106,-91.430,14.099,46.508,-0.16503,0.62060,0.42138,24.27
$MAG,52887.138,0.064,-0.724,-0.655,22.8
$IMU,52887.181,-90.576,-10.559,25.268,-0.00146,0.50048,0.55615,24.32
$BARO,52887.184,87749.70,24.68
$MAG,52887.238,0.049,-0.706,-0.700,22.8
$IMU,52887.256,-81.726,3.845,23.498,-0.21826,0.56494,0.69287,24.29
$BARO,52887.285,87757.36,24.69
$IMU,52887.331,-69.946,8.789,47.180,-0.28466,0.58642,0.82226,24.31
$MAG,52887.339,0.013,-0.715,-0.736,22.7
$BARO,52887.387,87756.67,24.70
$IMU,52887.406,-52.856,-6.225,37.475,-0.11328,0.70703,0.93750,24.31
$MAG,52887.439,0.000,-0.705,-0.780,22.8
$IMU,52887.481,-52.001,-3.112,27.832,-0.07275,0.43212,1.07275,24.31
$BARO,52887.488,87769.08,24.70
$MAG,52887.540,-0.021,-0.702,-0.790,22.5
$IMU,52887.556,-20.507,5.065,28.198,-0.23583,0.44189,0.94921,24.28
$BARO,52887.589,87775.22,24.70
$IMU,52887.631,-24.597,-2.563,16.601,-0.28662,0.50097,1.16162,24.29
$MAG,52887.640,-0.034,-0.697,-0.805,22.7
$BARO,52887.691,87798.82,24.71
$IMU,52887.706,-32.775,-1.586,16.479,-0.41259,0.21923,1.18603,24.32
$TIME,52887.715,441060.000,2364
$MAG,52887.741,-0.045,-0.693,-0.825,22.7
$IMU,52887.782,-11.901,-15.258,9.033,-0.19921,0.35986,1.21142,24.31
$BARO,52887.792,87802.18,24.71
$MAG,52887.842,-0.057,-0.697,-0.826,22.7
$IMU,52887.857,-9.338,-4.211,4.394,-0.22216,0.24121,1.13671,24.32
$BARO,52887.894,87818.12,24.72
$IMU,52887.932,1.892,-0.976,3.051,-0.28076,0.37011,1.02685,24.30
$MAG,52887.942,-0.055,-0.687,-0.822,22.7
$HUM,52887.948,33.5,25.2
$BARO,52887.995,87821.22,24.71
$IMU,52888.007,-18.127,-8.483,1.708,-0.14404,0.27587,1.19628,24.30
$MAG,52888.043,-0.057,-0.669,-0.846,22.7
$IMU,52888.082,-21.179,2.380,-3.234,-0.21044,0.08154,1.20458,24.32
$BARO,52888.097,87834.87,24.70
$VBAT,52888.098,3.914
$MAG,52888.144,-0.052,-0.670,-0.838,22.7
$IMU,52888.157,-2.502,7.568,-3.051,-0.33789,0.15576,1.12988,24.32
$BARO,52888.198,87847.45,24.70
$IMU,52888.232,0.854,-2.807,2.868,-0.28857,0.18457,1.14599,24.32
$MAG,52888.244,-0.064,-0.669,-0.849,22.7
$BARO,52888.300,87861.46,24.70
$IMU,52888.307,-0.427,-7.873,5.981,-0.12939,0.16210,1.20703,24.36
$MAG,52888.345,-0.069,-0.679,-0.841,22.7
$IMU,52888.382,8.605,-7.080,6.591,-0.08154,0.22167,1.13085,24.29
$BARO,52888.401,87861.46,24.70
$MAG,52888.445,-0.078,-0.700,-0.838,22.5
$IMU,52888.457,13.488,-3.662,6.042,-0.04882,0.25683,1.06835,24.35
$BARO,52888.503,87867.65,24.70
$IMU,52888.532,15.075,1.647,5.310,-0.08300,0.28906,1.03369,24.30
$MAG,52888.546,-0.075,-0.705,-0.820,22.7
$BARO,52888.604,87860.71,24.70
$IMU,52888.607,14.099,2.380,-1.403,-0.06298,0.34326,1.00976,24.32
$MAG,52888.647,-0.070,-0.711,-0.811,22.5
$IMU,52888.682,12.756,2.807,-6.652,-0.11767,0.39062,1.01611,24.27
$BARO,52888.706,87859.15,24.69
$TIME,52888.715,441062.000,2364
$MAG,52888.747,-0.058,-0.705,-0.817,22.8
$IMU,52888.757,-0.793,6.164,-7.446,-0.11425,0.33105,1.09863,24.34
$BARO,52888.807,87865.00,24.69
$IMU,52888.832,-3.356,20.202,7.080,-0.21728,0.35888,1.09619,24.31
$MAG,52888.848,-0.048,-0.715,-0.796,22.8
$IMU,52888.907,-5.554,23.376,17.333,-0.32373,0.32470,1.11230,24.30
$BARO,52888.909,87865.14,24.69
$MAG,52888.948,-0.052,-0.718,-0.804,22.7
$HUM,52888.963,33.9,25.2
$IMU,52888.982,-6.958,12.084,20.812,-0.28564,0.22412,1.16210,24.29
$BARO,52889.010,87867.02,24.68
$MAG,52889.049,-0.067,-0.727,-0.801,22.5
$IMU,52889.058,-1.647,7.507,22.888,-0.18066,0.22949,1.16796,24.30
$VBAT,52889.098,3.906
$BARO,52889.111,87868.99,24.69
$IMU,52889.133,7.812,10.131,23.925,-0.13427,0.25634,1.09179,24.32
$MAG,52889.150,-0.079,-0.735,-0.783,22.7
$IMU,52889.208,3.662,17.639,30.883,-0.23437,0.24462,1.08642,24.30
$BARO,52889.213,87873.43,24.68
$MAG,52889.250,-0.093,-0.756,-0.789,22.5
$IMU,52889.283,-3.784,9.033,27.160,-0.11621,0.19091,1.09765,24.33
$BARO,52889.314,87893.08,24.68
$MAG,52889.351,-0.094,-0.753,-0.781,22.7
$IMU,52889.358,-4.150,5.554,14.404,-0.08251,0.14941,1.09521,24.34
$BARO,52889.416,87901.63,24.68
$IMU,52889.433,0.915,4.943,7.995,-0.06445,0.13867,1.19140,24.33
$MAG,52889.451,-0.109,-0.748,-0.787,22.7
$IMU,52889.508,2.929,7.324,5.187,-0.06005,0.05029,1.24072,24.32
$BARO,52889.517,87905.51,24.67
$MAG,52889.552,-0.108,-0.768,-0.763,22.5
$IMU,52889.583,29.479,12.084,7.873,-0.10400,0.27783,1.08154,24.34
$BARO,52889.619,87907.46,24.67
$MAG,52889.653,-0.103,-0.790,-0.723,22.8
$IMU,52889.658,31.677,14.770,17.211,-0.20214,0.37646,0.97460,24.33
$TIME,52889.715,441063.000,2364
$BARO,52889.720,87907.46,24.68
$IMU,52889.733,24.169,7.507,20.263,-0.19189,0.48046,0.91748,24.33
$MAG,52889.753,-0.127,-0.790,-0.718,22.8
$IMU,52889.808,-0.305,5.249,14.831,-0.14697,0.43554,1.01708,24.33
$BARO,52889.822,87920.06,24.68
$MAG,52889.854,-0.157,-0.807,-0.720,22.5
$IMU,52889.883,-5.371,-7.324,23.437,-0.05126,0.48730,0.94580,24.31
$BARO,52889.923,87931.42,24.68
$MAG,52889.954,-0.165,-0.802,-0.741,22.7
$IMU,52889.958,-14.282,-15.258,18.127,0.17822,0.42773,0.98730,24.29
$HUM,52889.978,33.7,25.1
$BARO,52890.025,87915.43,24.68
$IMU,52890.033,-29.052,-0.244,17.333,0.12597,0.21582,1.14062,24.32
$MAG,52890.055,-0.183,-0.790,-0.751,22.5
$VBAT,52890.098,3.918
$IMU,52890.108,-14.526,7.385,15.563,0.08740,0.22314,1.12988,24.32
$BARO,52890.126,87923.81,24.68
$MAG,52890.156,-0.181,-0.789,-0.765,22.4
$IMU,52890.183,-12.207,9.948,10.559,-0.01318,0.11279,1.12744,24.30
$BARO,52890.228,87945.02,24.68
$MAG,52890.256,-0.172,-0.786,-0.774,22.5
$IMU,52890.259,-14.404,12.390,2.929,-0.02880,0.02734,1.14648,24.25
$BARO,52890.329,87931.81,24.68
$IMU,52890.334,-4.394,21.972,-2.929,-0.23779,0.14160,1.07177,24.33
$MAG,52890.357,-0.163,-0.775,-0.766,22.7
$IMU,52890.409,-5.981,9.033,-5.065,-0.16406,0.12500,1.08056,24.36
$BARO,52890.431,87936.05,24.68
$MAG,52890.457,-0.154,-0.777,-0.775,22.5
$IMU,52890.484,-10.009,6.469,-9.704,-0.20800,0.09521,1.08789,24.33
$BARO,52890.532,87950.50,24.67
$MAG,52890.558,-0.142,-0.765,-0.777,22.7
$IMU,52890.559,-7.080,4.272,-10.986,-0.17626,0.07763,1.07666,24.35
$BARO,52890.634,87935.90,24.67
$IMU,52890.634,-7.202,5.493,-15.625,-0.18359,0.01660,1.09375,24.36
$MAG,52890.659,-0.127,-0.759,-0.781,22.8
$IMU,52890.709,-0.244,7.568,-16.845,-0.20556,0.01904,1.09082,24.36
$TIME,52890.715,441064.000,2364
$BARO,52890.735,87950.09,24.67
$MAG,52890.759,-0.108,-0.759,-0.772,22.5
$IMU,52890.784,8.850,9.399,-11.840,-0.24609,0.10742,1.03759,24.33
$BARO,52890.837,87949.50,24.67
$IMU,52890.859,8.544,1.586,-14.221,-0.25683,0.10009,1.01708,24.31
$MAG,52890.860,-0.099,-0.765,-0.771,22.4
$IMU,52890.934,5.126,-7.446,-18.310,-0.24316,0.09082,1.03027,24.35
$BARO,52890.938,87972.10,24.67
$MAG,52890.961,-0.097,-0.753,-0.775,22.5
$HUM,52890.992,34.0,25.2
$IMU,52891.009,2.502,-11.535,-12.512,-0.17041,0.08300,1.04541,24.31
$BARO,52891.040,87978.10,24.67
$MAG,52891.061,-0.091,-0.751,-0.777,22.8
$IMU,52891.084,2.014,-8.850,-8.911,-0.19677,0.09033,1.06103,24.32
$VBAT,52891.098,3.906
$BARO,52891.141,87969.66,24.68
$IMU,52891.159,0.610,-5.798,2.319,-0.19921,0.06054,1.05273,24.34
$MAG,52891.162,-0.102,-0.759,-0.771,22.5
$IMU,52891.234,2.563,-2.746,17.395,-0.19335,0.10937,1.03759,24.28
$BARO,52891.243,87978.24,24.68
$MAG,52891.262,-0.111,-0.762,-0.765,22.8
$IMU,52891.309,4.211,-5.126,19.714,-0.10986,0.14794,0.98583,24.31
$BARO,52891.344,87959.64,24.68
$MAG,52891.363,-0.127,-0.769,-0.772,22.4
$IMU,52891.384,-0.976,1.342,18.798,-0.13574,0.12158,1.00000,24.32
$BARO,52891.445,87996.65,24.67
$IMU,52891.459,-5.310,5.737,13.732,-0.20263,0.09570,1.01708,24.31
$MAG,52891.464,-0.133,-0.762,-0.771,22.4
$IMU,52891.535,-2.990,3.540,12.695,-0.21386,0.08300,1.02001,24.35
$BARO,52891.547,87992.04,24.68
$MAG,52891.564,-0.156,-0.769,-0.766,22.7
$IMU,52891.610,-0.122,1.037,8.544,-0.22363,0.12597,1.01171,24.29
$BARO,52891.648,87984.29,24.67
$MAG,52891.665,-0.150,-0.772,-0.774,22.7
$IMU,52891.685,-1.098,-1.159,8.544,-0.17480,0.11914,1.01318,24.31
$TIME,52891.715,441065.000,2364
$BARO,52891.750,87984.46,24.67
$IMU,52891.760,2.075,-0.854,5.126,-0.13916,0.13525,0.97509,24.33
$MAG,52891.765,-0.156,-0.783,-0.766,22.7
$IMU,52891.835,-0.732,3.601,-1.220,-0.16357,0.13134,0.99462,24.35
$BARO,52891.851,87996.09,24.67
$MAG,52891.866,-0.154,-0.775,-0.762,22.8
$IMU,52891.910,-3.417,6.958,0.061,-0.23828,0.09033,1.00878,24.30
$BARO,52891.953,87990.70,24.67
$MAG,52891.967,-0.162,-0.778,-0.768,22.7
$IMU,52891.985,-1.159,0.122,4.455,-0.18115,0.06542,1.02050,24.31
$HUM,52892.007,34.0,25.2
$BARO,52892.054,88006.64,24.67
$IMU,52892.060,0.061,-1.281,-2.624,-0.15332,0.02587,1.01953,24.34
$MAG,52892.067,-0.151,-0.775,-0.765,22.7
$VBAT,52892.099,3.913
$IMU,52892.135,5.371,-2.563,0.610,-0.10888,0.11230,0.99609,24.31
$BARO,52892.156,87993.89,24.67
$MAG,52892.168,-0.147,-0.771,-0.766,22.7
$IMU,52892.210,1.586,-4.150,-14.831,-0.11083,0.00341,1.03466,24.34
$BARO,52892.257,88011.49,24.67
$MAG,52892.268,-0.135,-0.777,-0.759,22.5
$IMU,52892.285,11.230,-8.056,-30.639,-0.01220,0.05957,1.00488,24.34
$BARO,52892.359,88013.29,24.67
$IMU,52892.360,22.705,-16.113,-48.339,-0.08593,0.25537,0.83398,24.33
$MAG,52892.369,-0.097,-0.762,-0.759,22.7
$IMU,52892.435,5.798,-42.419,-77.636,0.02148,0.20605,0.78125,24.36
$BARO,52892.460,88039.89,24.67
$MAG,52892.470,-0.051,-0.741,-0.783,22.8
$IMU,52892.510,-2.624,-47.485,-80.444,0.11328,0.27685,0.73193,24.31
$BARO,52892.562,88022.19,24.68
$MAG,52892.570,-0.033,-0.684,-0.823,22.7
$IMU,52892.585,-33.142,-31.921,-62.011,0.08691,0.03027,0.87207,24.34
$IMU,52892.660,-40.527,-15.625,-34.423,-0.00195,-0.07373,0.96093,24.31
$BARO,52892.663,88038.18,24.68
$MAG,52892.671,-0.027,-0.648,-0.859,22.7
$TIME,52892.715,441065.000,2364
$IMU,52892.736,-52.795,-12.268,-1.220,0.06445,-0.29345,1.09667,24.35
$BARO,52892.765,88035.04,24.68
$MAG,52892.771,-0.043,-0.610,-0.874,22.5
$IMU,52892.811,-51.269,-6.591,7.751,0.08593,-0.45117,1.19824,24.34
$BARO,52892.866,88042.30,24.69
$MAG,52892.872,-0.048,-0.598,-0.895,22.7
$IMU,52892.886,-13.671,-16.967,-13.305,0.16064,-0.38818,1.10009,24.37
$IMU,52892.961,20.874,-17.700,-27.526,0.22998,-0.24072,0.99169,24.38
$BARO,52892.968,88047.18,24.68
$MAG,52892.973,-0.037,-0.613,-0.885,22.5
$HUM,52893.022,33.2,25.2
$IMU,52893.036,47.180,-3.845,-38.696,0.03955,0.17529,0.84570,24.31
$BARO,52893.069,88071.75,24.69
$MAG,52893.073,-0.024,-0.628,-0.868,22.8
$VBAT,52893.099,3.919
$IMU,52893.111,41.931,1.098,-36.071,-0.03466,0.32226,0.85058,24.34
$BARO,52893.171,88062.99,24.68
$MAG,52893.174,-0.015,-0.639,-0.849,22.7
$IMU,52893.186,27.526,-1.098,-14.526,-0.00292,0.30419,0.86621,24.34
$IMU,52893.261,26.672,-0.183,6.408,0.11328,0.33105,0.78271,24.34
$BARO,52893.272,88058.51,24.69
$MAG,52893.274,-0.025,-0.655,-0.837,22.5
$IMU,52893.336,13.732,-1.892,15.380,0.21142,0.27587,0.89306,24.36
$BARO,52893.374,88057.46,24.69
$MAG,52893.375,-0.034,-0.673,-0.841,22.5
$IMU,52893.411,-2.441,-1.770,19.348,0.19824,0.17626,0.96386,24.34
$BARO,52893.475,88068.77,24.70
$MAG,52893.476,-0.048,-0.673,-0.838,22.5
$IMU,52893.486,-12.390,0.671,17.517,0.26708,0.00781,0.94140,24.34
$IMU,52893.561,-14.831,3.479,23.681,0.29736,0.01171,1.05273,24.31
$MAG,52893.576,-0.060,-0.666,-0.847,22.4
$BARO,52893.577,88056.05,24.70
$IMU,52893.636,-16.357,7.019,17.150,0.24658,0.00195,1.11230,24.34
$MAG,52893.677,-0.061,-0.669,-0.864,22.7
$BARO,52893.678,88070.01,24.70
$IMU,52893.711,-12.207,7.507,9.887,0.22753,-0.05957,1.11376,24.33
$TIME,52893.715,441067.000,2364
$MAG,52893.777,-0.048,-0.660,-0.852,22.5
$BARO,52893.780,88068.65,24.70
$IMU,52893.786,-11.779,11.962,2.014,0.08642,-0.06689,1.13085,24.35
$IMU,52893.861,-1.281,7.873,-1.525,0.06689,0.08642,0.97265,24.35
$MAG,52893.878,-0.045,-0.655,-0.844,22.7
$BARO,52893.881,88071.77,24.70
$IMU,52893.937,-2.319,5.126,8.300,0.17529,-0.04492,0.98535,24.34
$MAG,52893.979,-0.040,-0.664,-0.846,22.5
$BARO,52893.983,88092.76,24.71
$IMU,52894.012,0.549,12.573,3.845,0.20947,-0.26708,0.99755,24.32
$HUM,52894.037,33.9,25.2
$MAG,52894.079,-0.025,-0.681,-0.826,22.5
$BARO,52894.084,88101.56,24.70
$IMU,52894.087,26.733,18.798,1.037,0.06591,0.13427,0.91308,24.34
$VBAT,52894.100,3.910
$IMU,52894.162,11.718,14.648,-2.746,-0.04003,0.09179,1.00048,24.31
$MAG,52894.180,-0.028,-0.684,-0.810,22.5
$BARO,52894.186,88102.75,24.71
$IMU,52894.237,20.141,9.521,-5.493,-0.14111,0.30566,0.80761,24.33
$MAG,52894.280,-0.021,-0.700,-0.796,22.7
$BARO,52894.287,88102.53,24.71
$IMU,52894.312,8.239,4.455,6.286,-0.09521,0.35839,0.86816,24.35
$MAG,52894.381,-0.033,-0.696,-0.808,22.5
$IMU,52894.387,-15.319,-7.629,16.174,0.05664,0.18408,0.97802,24.36
$BARO,52894.388,88108.04,24.72
$IMU,52894.462,-26.611,-6.591,18.676,0.03369,0.16992,0.97070,24.31
$MAG,52894.482,-0.057,-0.679,-0.832,22.7
$BARO,52894.490,88099.34,24.71
$IMU,52894.537,-40.466,-8.972,13.061,0.09326,0.09472,1.01708,24.36
$MAG,52894.582,-0.060,-0.649,-0.867,22.5
$BARO,52894.591,88097.34,24.71
$IMU,52894.612,-41.564,-8.117,5.065,0.00146,-0.02832,1.05859,24.37
$MAG,52894.683,-0.067,-0.630,-0.891,22.5
$IMU,52894.687,-36.743,-13.916,0.610,0.16748,-0.04980,0.99902,24.35
$BARO,52894.693,88098.29,24.71
$TIME,52894.715,441068.000,2364
$IMU,52894.762,-34.362,2.075,7.141,0.06689,-0.21191,0.95166,24.36
$MAG,52894.783,-0.063,-0.601,-0.910,22.7
$BARO,52894.794,88110.53,24.71
$IMU,52894.837,-34.973,0.976,-8.300,0.12060,-0.43945,0.99218,24.34
$MAG,52894.884,-0.052,-0.577,-0.912,22.7
$BARO,52894.896,88114.60,24.70
$IMU,52894.912,-21.118,0.366,-8.117,-0.03271,-0.57128,1.02880,24.32
$MAG,52894.984,-0.060,-0.573,-0.921,22.7
$IMU,52894.987,-3.295,-6.408,-5.798,0.11230,-0.37500,0.93164,24.33
$BARO,52894.997,88124.61,24.70
$HUM,52895.052,34.0,25.2
$IMU,52895.062,-2.868,2.868,6.958,0.01123,-0.33544,0.92626,24.33
$MAG,52895.085,-0.072,-0.585,-0.919,22.5
$BARO,52895.099,88109.65,24.70
$VBAT,52895.100,3.913
$IMU,52895.137,3.356,-1.953,7.995,0.04687,-0.28759,1.02294,24.35
$MAG,52895.186,-0.072,-0.594,-0.912,22.8
$BARO,52895.200,88122.01,24.70
$IMU,52895.213,14.648,-1.159,7.324,0.11621,-0.14111,0.97412,24.35
$MAG,52895.286,-0.073,-0.619,-0.904,22.8
$IMU,52895.288,17.578,5.065,5.310,-0.03173,-0.08496,1.05029,24.33
$BARO,52895.301,88114.13,24.69
$IMU,52895.363,32.897,-10.070,-5.737,0.04003,-0.09716,1.10888,24.36
$MAG,52895.387,-0.078,-0.640,-0.889,22.7
$BARO,52895.403,88135.05,24.70
$IMU,52895.438,38.513,-13.916,-12.145,0.19433,0.10742,1.01562,24.37
$MAG,52895.487,-0.067,-0.651,-0.867,22.7
$BARO,52895.504,88156.45,24.70
$IMU,52895.513,26.245,9.399,-6.958,0.05664,0.01074,1.15185,24.34
$MAG,52895.588,-0.069,-0.675,-0.843,22.7
$IMU,52895.588,28.076,11.657,-5.004,-0.08496,-0.14111,1.24951,24.34
$BARO,52895.606,88151.21,24.70
$IMU,52895.663,52.551,-4.699,-3.112,0.23828,-0.36669,1.21679,24.33
$MAG,52895.689,-0.067,-0.727,-0.787,22.5
$BARO,52895.707,88152.43,24.70
$TIME,52895.715,441068.000,2364
$IMU,52895.738,116.271,4.211,-11.840,0.07714,0.19482,0.83251,24.34
$MAG,52895.789,-0.034,-0.765,-0.708,22.7
$BARO,52895.809,88158.20,24.70
$IMU,52895.813,104.370,-2.014,-30.517,0.03857,0.56933,0.73193,24.36
$IMU,52895.888,64.880,3.417,-26.184,-0.02539,0.73291,0.76513,24.38
$MAG,52895.890,-0.019,-0.771,-0.667,22.8
$BARO,52895.910,88172.63,24.70
$IMU,52895.963,24.475,3.234,-15.747,-0.01025,0.58837,0.84667,24.33
$MAG,52895.990,-0.003,-0.772,-0.657,22.7
$BARO,52896.012,88171.80,24.70
$IMU,52896.038,8.666,-1.647,-15.136,-0.04101,0.57470,0.84130,24.34
$HUM,52896.067,34.2,25.2
$MAG,52896.091,-0.004,-0.765,-0.666,22.7
$VBAT,52896.101,3.918
$BARO,52896.113,88167.03,24.70
$IMU,52896.113,-14.892,-6.408,-11.047,-0.06640,0.32861,1.04003,24.37
$IMU,52896.188,-0.244,-6.042,2.624,0.03417,0.30810,1.00927,24.36
$MAG,52896.191,-0.010,-0.763,-0.666,22.5
$BARO,52896.215,88183.82,24.70
$IMU,52896.263,22.705,3.723,9.582,0.01269,0.48876,0.86523,24.36
$MAG,52896.292,-0.016,-0.786,-0.648,22.7
$BARO,52896.316,88177.05,24.70
$IMU,52896.338,19.775,6.713,12.268,-0.06201,0.54492,0.81298,24.39
$MAG,52896.393,-0.019,-0.784,-0.622,22.7
$IMU,52896.414,17.944,2.868,9.277,0.05664,0.56738,0.78710,24.39
$BARO,52896.418,88180.82,24.70
$IMU,52896.489,13.122,7.263,9.216,0.01611,0.55664,0.82373,24.39
$MAG,52896.493,-0.040,-0.807,-0.616,22.5
$BARO,52896.519,88185.19,24.70
$IMU,52896.564,23.864,13.305,15.625,-0.03857,0.68603,0.74804,24.34
$MAG,52896.594,-0.045,-0.810,-0.586,22.7
$BARO,52896.621,88191.23,24.69
$IMU,52896.639,21.545,5.493,2.441,0.00146,0.58886,0.74267,24.36
$MAG,52896.694,-0.039,-0.811,-0.567,22.7
$IMU,52896.714,25.085,2.319,6.042,0.06884,0.71093,0.70800,24.37
$TIME,52896.715,441070.000,2364
$BARO,52896.722,88196.16,24.71
$IMU,52896.789,28.198,-2.014,-7.934,-0.03710,0.81445,0.65771,24.36
$MAG,52896.795,-0.030,-0.805,-0.547,22.7
$BARO,52896.824,88192.43,24.70
$IMU,52896.864,18.493,-4.394,-8.789,0.15429,0.90527,0.62597,24.37
$MAG,52896.896,-0.028,-0.814,-0.534,22.7
$BARO,52896.925,88206.47,24.69
$IMU,52896.939,3.967,14.160,-3.051,-0.02929,0.95898,0.65917,24.35
$MAG,52896.996,-0.027,-0.805,-0.517,22.7
$IMU,52897.014,12.451,10.742,-5.249,0.05908,0.97460,0.50195,24.33
$BARO,52897.026,88212.83,24.70
$HUM,52897.081,34.4,25.2
$IMU,52897.089,-3.234,28.625,13.793,-0.06250,0.74804,0.56298,24.36
$MAG,52897.097,-0.034,-0.808,-0.511,22.5
$VBAT,52897.101,3.905
$BARO,52897.128,88219.77,24.70
$IMU,52897.164,-12.512,31.188,0.305,-0.02783,0.52636,0.52978,24.38
$MAG,52897.197,-0.055,-0.819,-0.492,22.8
$BARO,52897.229,88212.58,24.70
$IMU,52897.239,6.103,26.611,21.057,-0.07421,0.46484,0.48925,24.37
$MAG,52897.298,-0.075,-0.825,-0.508,22.5
$IMU,52897.314,-17.822,16.845,17.456,0.04003,0.90673,0.62060,24.38
$BARO,52897.331,88219.07,24.69
$IMU,52897.389,-69.030,35.339,9.033,-0.08447,0.46191,0.54589,24.34
$MAG,52897.398,-0.070,-0.825,-0.550,22.7
$BARO,52897.432,88221.58,24.70
$IMU,52897.464,-59.875,35.400,11.352,-0.12792,0.48242,0.70751,24.34
$MAG,52897.499,-0.085,-0.825,-0.586,22.8
$BARO,52897.534,88231.18,24.70
$IMU,52897.539,-45.654,22.155,6.042,-0.00390,0.52832,0.73583,24.35
$MAG,52897.600,-0.069,-0.814,-0.595,22.7
$IMU,52897.614,-38.635,28.381,-5.065,-0.13867,0.54833,0.71289,24.38
$BARO,52897.635,88233.55,24.70
$IMU,52897.690,-37.841,25.451,0.427,-0.14941,0.37109,0.72851,24.35
$MAG,52897.700,-0.067,-0.814,-0.628,22.7
$TIME,52897.715,441070.000,2364
$BARO,52897.737,88249.17,24.70
$IMU,52897.765,-26.550,23.742,9.216,-0.21875,-0.22070,0.50537,24.39
$MAG,52897.801,-0.070,-0.810,-0.622,22.5
$BARO,52897.838,88251.97,24.70
$IMU,52897.840,-7.080,16.418,5.493,-0.20458,0.48193,0.78173,24.35
$MAG,52897.901,-0.054,-0.798,-0.642,22.8
$IMU,52897.915,-29.968,18.615,-2.441,-0.16943,0.51953,0.89062,24.40
$BARO,52897.940,88254.78,24.70
$IMU,52897.990,-19.653,19.836,8.972,-0.23632,0.44335,0.76708,24.36
$MAG,52898.002,-0.057,-0.804,-0.655,22.8
$BARO,52898.041,88253.73,24.71
$IMU,52898.065,-19.958,15.258,2.319,-0.28564,0.15087,0.64697,24.36
$HUM,52898.096,34.4,25.2
$MAG,52898.102,-0.063,-0.799,-0.645,22.8
$VBAT,52898.102,3.916
$IMU,52898.140,-3.967,10.681,8.178,-0.32568,0.20507,0.67480,24.37
$BARO,52898.143,88261.09,24.71
$MAG,52898.203,-0.072,-0.802,-0.651,22.8
$IMU,52898.215,-0.610,-4.760,3.967,-0.24316,0.43750,0.80859,24.38
$BARO,52898.244,88262.50,24.71
$IMU,52898.290,3.479,-18.371,-2.502,-0.19433,0.62597,0.82666,24.40
$MAG,52898.303,-0.070,-0.808,-0.660,22.8
$BARO,52898.346,88264.94,24.71
$IMU,52898.365,-9.521,-18.310,13.244,-0.12841,0.39355,0.77783,24.37
$MAG,52898.404,-0.102,-0.807,-0.673,22.8
$IMU,52898.440,-8.117,-8.422,14.770,-0.13476,0.37500,0.86328,24.33
$BARO,52898.447,88276.11,24.71
$MAG,52898.505,-0.097,-0.807,-0.679,22.5
$IMU,52898.515,-11.108,0.732,11.474,-0.21240,0.38281,0.98046,24.39
$BARO,52898.549,88258.73,24.71
$IMU,52898.590,-10.925,-0.183,12.084,-0.16894,0.37988,1.11083,24.36
$MAG,52898.605,-0.115,-0.808,-0.685,22.8
$BARO,52898.650,88282.74,24.71
$IMU,52898.665,7.873,0.488,23.132,-0.21679,0.45361,1.08496,24.33
$MAG,52898.706,-0.135,-0.823,-0.667,22.7
$TIME,52898.715,441072.000,2364
$IMU,52898.740,22.827,-11.779,19.775,-0.32421,0.48583,1.03515,24.34
$BARO,52898.752,88287.73,24.70
$MAG,52898.806,-0.156,-0.838,-0.652,22.7
$IMU,52898.815,30.029,-43.823,6.530,-0.38281,0.58154,1.04980,24.37
$BARO,52898.853,88302.58,24.70
$IMU,52898.891,36.621,-91.308,-4.699,-0.13964,0.56591,0.97558,24.38
$MAG,52898.907,-0.184,-0.846,-0.636,22.8
$BARO,52898.954,88304.33,24.70
$IMU,52898.966,43.823,-103.210,-3.784,0.15087,0.75634,0.94775,24.37
$MAG,52899.007,-0.198,-0.837,-0.610,22.7
$IMU,52899.041,32.836,-72.692,-3.356,0.26464,0.82861,0.93945,24.39
$BARO,52899.056,88324.12,24.71
$VBAT,52899.102,3.913
$MAG,52899.108,-0.225,-0.853,-0.592,22.8
$HUM,52899.111,34.2,25.2
$IMU,52899.116,28.625,-41.870,2.563,0.20312,0.84619,0.87011,24.36
$BARO,52899.157,88326.49,24.71
$IMU,52899.191,17.883,-25.878,17.578,0.24267,0.83837,0.93359,24.37
$MAG,52899.209,-0.247,-0.855,-0.583,22.7
$BARO,52899.259,88329.29,24.71
$IMU,52899.266,12.023,-19.104,30.761,0.39697,0.73583,0.89990,24.34
$MAG,52899.309,-0.276,-0.867,-0.558,22.8
$IMU,52899.341,22.766,-12.084,26.000,0.43359,0.87890,0.85937,24.38
$BARO,52899.360,88327.93,24.70
$MAG,52899.410,-0.291,-0.867,-0.553,22.7
$IMU,52899.416,15.258,0.305,17.150,0.37500,0.92626,0.89160,24.38
$BARO,52899.462,88342.92,24.70
$IMU,52899.491,0.366,0.610,8.117,0.34570,0.86914,0.92041,24.39
$MAG,52899.510,-0.295,-0.870,-0.544,22.7
$BARO,52899.563,88339.29,24.71
$IMU,52899.566,0.305,-2.868,1.647,0.33789,0.82421,0.96337,24.33
$MAG,52899.611,-0.294,-0.862,-0.540,22.5
$IMU,52899.641,6.103,-0.854,-0.854,0.23974,0.86279,0.94726,24.38
$BARO,52899.665,88342.28,24.71
$MAG,52899.711,-0.288,-0.868,-0.541,22.8
$TIME,52899.715,441072.000,2364
$IMU,52899.716,7.568,0.854,-5.981,0.09716,0.88476,0.89648,24.42
$BARO,52899.766,88357.32,24.71
$IMU,52899.791,4.943,-2.929,-14.160,0.10888,0.87695,0.94726,24.40
$MAG,52899.812,-0.277,-0.867,-0.540,22.5
$IMU,52899.866,3.356,2.014,-8.728,0.03125,0.81689,0.89306,24.37
$BARO,52899.868,88361.49,24.71
$MAG,52899.913,-0.279,-0.873,-0.519,22.7
$IMU,52899.941,10.803,3.906,-2.563,-0.03173,0.80175,0.83203,24.38
$BARO,52899.969,88356.84,24.71
$MAG,52900.013,-0.265,-0.867,-0.513,22.8
$IMU,52900.016,15.075,7.934,-6.103,-0.11083,0.85742,0.87255,24.39
$BARO,52900.071,88348.65,24.71
$IMU,52900.091,8.850,11.657,-3.967,-0.17822,0.77148,0.81640,24.38
$VBAT,52900.102,3.910
$MAG,52900.114,-0.270,-0.870,-0.499,22.7
$HUM,52900.126,34.8,25.2
$IMU,52900.167,10.375,8.300,-0.549,-0.20996,0.75585,0.78027,24.36
$BARO,52900.172,88368.88,24.71
$MAG,52900.214,-0.277,-0.864,-0.490,22.7
$IMU,52900.242,7.446,3.845,-0.488,-0.18505,0.77441,0.81591,24.38
$BARO,52900.274,88367.63,24.71
$MAG,52900.315,-0.274,-0.870,-0.481,22.7
$IMU,52900.317,7.751,6.713,6.713,-0.25585,0.69189,0.74804,24.43
$BARO,52900.375,88371.63,24.72
$IMU,52900.392,15.563,1.831,5.310,-0.24755,0.71679,0.72802,24.38
$MAG,52900.415,-0.282,-0.865,-0.471,22.8
$IMU,52900.467,14.465,0.732,6.835,-0.22949,0.66406,0.68701,24.36
$BARO,52900.477,88377.85,24.71
$MAG,52900.516,-0.285,-0.867,-0.454,22.8
$IMU,52900.542,16.906,6.469,5.493,-0.23388,0.68554,0.66357,24.36
$BARO,52900.579,88374.43,24.71
$MAG,52900.616,-0.297,-0.859,-0.441,22.8
$IMU,52900.617,16.601,10.803,8.728,-0.25683,0.67968,0.61767,24.37
$BARO,52900.680,88381.23,24.71
$IMU,52900.692,14.892,7.507,10.375,-0.23486,0.68505,0.58593,24.38
$TIME,52900.715,441074.000,2364
$MAG,52900.717,-0.301,-0.859,-0.426,22.8
$IMU,52900.767,10.253,10.131,7.202,-0.21826,0.67822,0.61718,24.38
$BARO,52900.782,88380.48,24.71
$MAG,52900.817,-0.313,-0.850,-0.424,22.8
$IMU,52900.842,5.371,13.732,6.713,-0.28955,0.64160,0.57763,24.39
$BARO,52900.883,88374.09,24.71
$IMU,52900.917,8.422,8.544,4.272,-0.30957,0.67822,0.56250,24.37
$MAG,52900.918,-0.322,-0.849,-0.409,22.5
$BARO,52900.985,88376.43,24.72
$IMU,52900.992,8.117,0.122,8.728,-0.21923,0.74121,0.60302,24.36
$MAG,52901.019,-0.340,-0.856,-0.406,22.8
$IMU,52901.067,5.126,0.854,13.854,-0.16699,0.75830,0.62207,24.38
$BARO,52901.086,88398.47,24.71
$VBAT,52901.103,3.913
$MAG,52901.119,-0.354,-0.853,-0.394,22.7
$HUM,52901.141,34.8,25.2
$IMU,52901.142,6.286,7.202,14.709,-0.14355,0.75976,0.59130,24.37
$BARO,52901.188,88396.47,24.71
$IMU,52901.217,7.568,15.625,15.686,-0.11425,0.85839,0.56835,24.40
$MAG,52901.220,-0.379,-0.844,-0.396,22.5
$BARO,52901.289,88416.43,24.71
$IMU,52901.292,1.037,23.132,21.484,-0.11083,0.86914,0.58349,24.33
$MAG,52901.320,-0.411,-0.844,-0.399,22.8
$IMU,52901.368,-8.422,36.560,37.780,0.15625,0.99462,0.60644,24.39
$BARO,52901.391,88409.44,24.72
$MAG,52901.421,-0.522,-0.801,-0.474,22.8
$IMU,52901.443,-32.226,111.816,100.769,0.14355,1.05273,0.47070,24.39
$BARO,52901.492,88419.04,24.71
$IMU,52901.518,-66.284,189.819,144.165,-0.12060,0.95263,0.47607,24.40
$MAG,52901.521,-0.607,-0.714,-0.643,22.8
$BARO,52901.593,88380.87,24.71
$IMU,52901.593,-72.814,193.908,120.544,-0.45166,0.66601,0.70458,24.43
$MAG,52901.622,-0.589,-0.648,-0.777,22.8
$IMU,52901.668,-40.283,129.089,65.551,-0.51074,0.64843,0.83691,24.40
$BARO,52901.695,88399.64,24.72
$TIME,52901.715,441074.000,2364
$MAG,52901.722,-0.574,-0.610,-0.826,22.8
$IMU,52901.743,-14.709,75.378,50.109,-0.41650,0.68847,0.84130,24.36
$BARO,52901.796,88411.48,24.71
$IMU,52901.818,-10.131,58.044,43.579,-0.50878,0.77197,0.82031,24.38
$MAG,52901.823,-0.549,-0.582,-0.867,22.8
$IMU,52901.893,-14.587,33.142,31.066,-0.49169,0.71386,0.82226,24.45
$BARO,52901.898,88419.43,24.71
$MAG,52901.924,-0.553,-0.558,-0.880,22.8
$IMU,52901.968,-14.404,9.887,28.991,-0.37597,0.66894,0.87353,24.42
$BARO,52901.999,88378.68,24.71
$MAG,52902.024,-0.556,-0.537,-0.888,22.7
$IMU,52902.043,-14.465,2.014,14.282,-0.37548,0.65283,0.91113,24.38
$BARO,52902.101,88403.68,24.71
$VBAT,52902.103,3.911
$IMU,52902.118,-15.625,-2.563,7.324,-0.35498,0.55859,0.95898,24.37
$MAG,52902.125,-0.558,-0.525,-0.891,22.7
$HUM,52902.155,34.2,25.2
$IMU,52902.193,-8.056,-2.380,10.009,-0.36718,0.56787,0.97656,24.40
$BARO,52902.202,88423.67,24.71
$MAG,52902.225,-0.573,-0.513,-0.894,22.8
$IMU,52902.268,-5.615,-2.197,10.314,-0.34423,0.55078,0.98437,24.38
$BARO,52902.304,88439.30,24.70
$MAG,52902.326,-0.565,-0.505,-0.888,22.7
$IMU,52902.343,-5.065,-0.305,12.084,-0.35498,0.51220,0.97802,24.42
$BARO,52902.405,88445.66,24.71
$IMU,52902.418,-0.183,-2.075,10.864,-0.32714,0.54248,0.95898,24.40
$MAG,52902.426,-0.574,-0.498,-0.888,22.8
$IMU,52902.493,-2.258,1.647,9.399,-0.39501,0.52294,0.95849,24.41
$BARO,52902.507,88435.08,24.71
$MAG,52902.527,-0.567,-0.493,-0.891,22.8
$IMU,52902.569,1.464,-1.525,11.474,-0.32763,0.57128,0.92138,24.40
$BARO,52902.608,88452.07,24.71
$MAG,52902.628,-0.573,-0.481,-0.891,22.5
$IMU,52902.644,-2.807,7.141,14.892,-0.42431,0.60058,0.93261,24.39
$BARO,52902.710,88463.43,24.72
$TIME,52902.715,441076.000,2364
$IMU,52902.719,-8.728,6.225,18.188,-0.42968,0.56347,0.94335,24.41
$MAG,52902.728,-0.571,-0.462,-0.900,22.8
$IMU,52902.794,-9.094,6.286,27.465,-0.45556,0.58593,0.94482,24.42
$BARO,52902.811,88470.23,24.72
$MAG,52902.829,-0.570,-0.432,-0.910,22.5
$IMU,52902.869,-11.108,1.770,30.944,-0.41845,0.52636,0.93408,24.43
$BARO,52902.913,88450.87,24.71
$MAG,52902.929,-0.570,-0.411,-0.907,22.8
$IMU,52902.944,-9.582,1.647,33.325,-0.43066,0.55175,0.90380,24.38
$BARO,52903.014,88453.68,24.71
$IMU,52903.019,-15.197,1.770,34.423,-0.45947,0.54150,0.92431,24.43
$MAG,52903.030,-0.576,-0.379,-0.912,22.5
$IMU,52903.094,-18.676,-3.173,40.893,-0.41259,0.45507,0.93750,24.42
$VBAT,52903.103,3.914
$BARO,52903.116,88473.37,24.72
$MAG,52903.131,-0.568,-0.349,-0.915,22.8
$IMU,52903.169,-9.033,-7.385,42.480,-0.32568,0.47851,0.91943,24.43
$HUM,52903.170,33.8,25.2
$BARO,52903.217,88465.04,24.72
$MAG,52903.231,-0.576,-0.327,-0.903,22.8
$IMU,52903.244,-5.798,-3.540,34.667,-0.33544,0.53369,0.91015,24.45
$BARO,52903.319,88445.63,24.71
$IMU,52903.319,-8.239,-2.014,28.747,-0.37744,0.55615,0.92333,24.39
$MAG,52903.332,-0.576,-0.292,-0.904,22.5
$IMU,52903.394,-9.094,-6.835,28.686,-0.34814,0.49462,0.90917,24.41
$BARO,52903.420,88489.39,24.72
$MAG,52903.432,-0.568,-0.279,-0.904,22.7
$IMU,52903.469,-4.089,-8.911,26.672,-0.31005,0.54003,0.90039,24.41
$BARO,52903.522,88483.98,24.72
$MAG,52903.533,-0.577,-0.265,-0.895,22.8
$IMU,52903.544,-0.549,-5.432,25.085,-0.30029,0.62792,0.88867,24.41
$IMU,52903.619,-5.615,-3.967,23.986,-0.34179,0.59619,0.88134,24.40
$BARO,52903.624,88479.59,24.72
$MAG,52903.633,-0.579,-0.243,-0.889,22.5
$IMU,52903.694,-6.042,-7.934,23.315,-0.27734,0.60595,0.87548,24.38
$TIME,52903.715,441077.000,2364
$BARO,52903.725,88483.37,24.72
$MAG,52903.734,-0.567,-0.228,-0.892,22.7
$IMU,52903.769,-5.187,-3.662,22.766,-0.32812,0.63037,0.87597,24.39
$BARO,52903.827,88495.58,24.72
$MAG,52903.835,-0.570,-0.219,-0.886,22.8
$IMU,52903.845,-5.554,-5.493,21.057,-0.30419,0.56933,0.86181,24.39
$IMU,52903.920,-4.272,-1.525,23.376,-0.30712,0.59423,0.87207,24.42
$BARO,52903.928,88517.73,24.72
$MAG,52903.935,-0.552,-0.193,-0.886,22.5
$IMU,52903.995,-6.530,-0.976,20.751,-0.31054,0.56250,0.87841,24.42
$BARO,52904.030,88531.53,24.72
$MAG,52904.036,-0.544,-0.180,-0.885,22.7
$IMU,52904.070,-4.211,-1.525,23.437,-0.28027,0.59033,0.87792,24.46
$VBAT,52904.104,3.906
$BARO,52904.131,88534.72,24.73
$MAG,52904.136,-0.534,-0.163,-0.885,22.7
$IMU,52904.145,-3.784,2.136,24.230,-0.27929,0.57275,0.85986,24.38
$HUM,52904.185,33.6,25.2
$IMU,52904.220,-4.516,3.051,25.817,-0.27490,0.54833,0.85205,24.40
$BARO,52904.232,88523.17,24.72
$MAG,52904.237,-0.523,-0.160,-0.891,22.7
$IMU,52904.295,-3.417,4.760,24.780,-0.27197,0.57812,0.84375,24.42
$BARO,52904.334,88535.89,24.73
$MAG,52904.338,-0.504,-0.135,-0.888,22.5
$IMU,52904.370,-7.751,8.056,24.353,-0.31835,0.53710,0.85205,24.40
$BARO,52904.435,88528.73,24.73
$MAG,52904.438,-0.487,-0.127,-0.883,22.5
$IMU,52904.445,-8.117,3.112,23.437,-0.33349,0.50976,0.86669,24.43
$IMU,52904.520,-6.530,-2.441,21.301,-0.31054,0.50927,0.88574,24.43
$BARO,52904.537,88528.34,24.73
$MAG,52904.539,-0.475,-0.112,-0.888,22.5
$IMU,52904.595,-2.929,1.159,25.390,-0.31982,0.51953,0.87109,24.38
$BARO,52904.638,88525.90,24.73
$MAG,52904.639,-0.453,-0.090,-0.888,22.7
$IMU,52904.670,0.244,0.854,32.043,-0.30273,0.54785,0.88378,24.39
$TIME,52904.715,441077.000,2364
$BARO,52904.740,88548.06,24.74
$MAG,52904.740,-0.439,-0.085,-0.889,22.8
$IMU,52904.745,1.953,-4.943,29.846,-0.24218,0.49951,0.88818,24.38
$IMU,52904.820,5.859,-4.150,29.663,-0.23974,0.56396,0.88623,24.41
$MAG,52904.841,-0.426,-0.085,-0.897,22.7
$BARO,52904.842,88554.05,24.74
$IMU,52904.895,3.601,-2.197,22.705,-0.24853,0.56347,0.89062,24.36
$MAG,52904.941,-0.415,-0.079,-0.888,22.8
$BARO,52904.943,88549.11,24.73
$IMU,52904.970,3.112,-2.624,21.606,-0.26416,0.55712,0.93359,24.39
$MAG,52905.042,-0.408,-0.090,-0.898,22.7
$BARO,52905.045,88566.46,24.74
$IMU,52905.046,2.319,-4.638,17.211,-0.24951,0.52441,0.95214,24.38
$VBAT,52905.104,3.908
$IMU,52905.121,5.981,-0.854,11.352,-0.27246,0.57275,0.95605,24.42
$MAG,52905.142,-0.402,-0.085,-0.897,22.8
$BARO,52905.146,88561.85,24.74
$IMU,52905.196,5.187,1.770,8.666,-0.33056,0.55810,0.96191,24.39
$HUM,52905.200,32.3,25.3
$MAG,52905.243,-0.408,-0.084,-0.904,22.7
$BARO,52905.248,88578.01,24.74
$IMU,52905.271,4.638,-1.037,6.103,-0.33105,0.56982,0.99365,24.42
$MAG,52905.344,-0.394,-0.091,-0.897,22.8
$IMU,52905.346,0.305,0.366,5.493,-0.37695,0.51806,1.01757,24.42
$BARO,52905.349,88581.01,24.74
$IMU,52905.421,4.516,-2.502,6.530,-0.35644,0.56445,1.02294,24.45
$MAG,52905.444,-0.390,-0.084,-0.909,22.7
$BARO,52905.451,88587.62,24.74
$IMU,52905.496,1.647,-1.647,9.338,-0.37500,0.48681,1.00439,24.42
$MAG,52905.545,-0.394,-0.076,-0.906,22.5
$BARO,52905.552,88599.98,24.74
$IMU,52905.571,4.455,-4.150,12.451,-0.29882,0.51269,1.00781,24.43
$MAG,52905.645,-0.378,-0.091,-0.910,22.7
$IMU,52905.646,1.647,-0.061,10.375,-0.31152,0.47851,1.02001,24.41
$BARO,52905.654,88619.50,24.75
$TIME,52905.715,441079.000,2364
$IMU,52905.721,0.854,4.089,6.164,-0.33300,0.49707,1.01318,24.41
$MAG,52905.746,-0.376,-0.084,-0.916,22.7
$BARO,52905.755,88616.16,24.74
$IMU,52905.796,1.892,5.126,-0.793,-0.38134,0.50488,1.02294,24.47
$MAG,52905.847,-0.370,-0.093,-0.916,22.7
$BARO,52905.856,88612.53,24.75
$IMU,52905.871,2.441,5.187,1.098,-0.45068,0.51318,0.99755,24.42
$IMU,52905.946,0.854,2.685,4.638,-0.39355,0.50634,0.97656,24.42
$MAG,52905.947,-0.361,-0.090,-0.916,22.7
$BARO,52905.958,88627.30,24.75
$IMU,52906.021,-3.356,4.028,6.103,-0.42480,0.47167,0.99121,24.41
$MAG,52906.048,-0.363,-0.075,-0.915,22.5
$BARO,52906.059,88637.93,24.75
$IMU,52906.096,-5.187,4.211,6.652,-0.45800,0.39257,0.97509,24.43
$VBAT,52906.111,3.903
$MAG,52906.148,-0.349,-0.076,-0.916,22.7
$BARO,52906.161,88643.34,24.75
$IMU,52906.171,1.037,2.197,7.873,-0.43994,0.45068,0.95507,24.43
$HUM,52906.215,30.3,25.3
$IMU,52906.246,-5.004,0.488,8.117,-0.44677,0.37939,0.98437,24.39
$MAG,52906.249,-0.348,-0.070,-0.909,22.8
$BARO,52906.262,88639.71,24.75
$IMU,52906.322,-6.408,-1.037,8.850,-0.42871,0.33447,0.99072,24.45
$MAG,52906.350,-0.346,-0.075,-0.901,22.8
$BARO,52906.364,88649.90,24.75
$IMU,52906.397,-3.967,-3.967,10.925,-0.37060,0.31542,0.99804,24.40
$MAG,52906.450,-0.331,-0.064,-0.897,22.7
$BARO,52906.465,88650.07,24.76
$IMU,52906.472,-3.234,-1.098,9.704,-0.35253,0.30078,0.98535,24.41
$IMU,52906.547,-4.150,1.342,5.432,-0.37402,0.31787,1.00488,24.44
$MAG,52906.551,-0.336,-0.060,-0.894,22.8
$BARO,52906.567,88663.33,24.75
$IMU,52906.622,-6.652,0.610,8.239,-0.33886,0.25878,1.00781,24.41
$MAG,52906.651,-0.333,-0.061,-0.898,22.7
$BARO,52906.668,88681.85,24.76
$IMU,52906.697,-3.540,1.525,5.249,-0.31591,0.27978,1.00878,24.38
$TIME,52906.715,441080.000,2364
$MAG,52906.752,-0.318,-0.054,-0.888,22.7
$BARO,52906.770,88683.46,24.76
$IMU,52906.772,-7.263,2.685,2.624,-0.36376,0.22802,1.04492,24.42
$IMU,52906.847,-5.249,-0.915,2.746,-0.32080,0.15087,1.06250,24.44
$MAG,52906.852,-0.324,-0.057,-0.900,22.5
$BARO,52906.871,88688.65,24.76
$IMU,52906.922,-0.793,0.305,0.549,-0.34033,0.19287,1.09472,24.45
$MAG,52906.953,-0.321,-0.052,-0.892,22.7
$BARO,52906.973,88687.02,24.77
$IMU,52906.997,-2.197,3.601,3.479,-0.36132,0.15039,1.14599,24.43
$MAG,52907.054,-0.313,-0.052,-0.888,22.5
$IMU,52907.072,5.981,1.770,7.751,-0.34082,0.15917,1.10253,24.43
$BARO,52907.074,88693.26,24.76
$VBAT,52907.121,3.919
$IMU,52907.147,4.638,-0.549,8.728,-0.30712,0.18017,1.13037,24.40
$MAG,52907.154,-0.312,-0.055,-0.897,22.8
$BARO,52907.176,88691.99,24.77
$IMU,52907.222,-0.183,1.342,8.422,-0.31542,0.09619,1.17431,24.45
$HUM,52907.229,25.1,25.3
$MAG,52907.255,-0.297,-0.058,-0.906,22.8
$BARO,52907.277,88695.57,24.77
$IMU,52907.297,7.568,0.610,8.544,-0.31152,0.15039,1.13427,24.44
$MAG,52907.355,-0.291,-0.057,-0.906,22.7
$IMU,52907.372,5.920,-0.610,10.986,-0.28222,0.15673,1.14111,24.43
$BARO,52907.379,88703.64,24.76
$IMU,52907.447,2.258,-2.258,11.596,-0.23974,0.10253,1.14648,24.45
$MAG,52907.456,-0.276,-0.058,-0.912,22.8
$BARO,52907.480,88707.42,24.77
$IMU,52907.523,4.272,-0.549,9.277,-0.22607,0.10302,1.14306,24.42
$MAG,52907.557,-0.279,-0.073,-0.919,22.7
$BARO,52907.582,88715.98,24.77
$IMU,52907.598,6.774,0.732,4.150,-0.28564,0.13867,1.12597,24.43
$MAG,52907.657,-0.285,-0.073,-0.919,22.8
$IMU,52907.673,3.112,-3.234,1.464,-0.20800,0.09326,1.15234,24.43
$BARO,52907.683,88713.39,24.77
$TIME,52907.715,441080.000,2364
$IMU,52907.748,5.493,1.831,5.554,-0.21728,0.13525,1.12695,24.43
$MAG,52907.758,-0.285,-0.075,-0.912,22.7
$BARO,52907.785,88731.21,24.77
$IMU,52907.823,4.760,2.075,2.014,-0.23144,0.15136,1.11279,24.43
$MAG,52907.858,-0.276,-0.082,-0.924,22.8
$BARO,52907.886,88742.18,24.77
$IMU,52907.898,-1.708,1.342,-4.638,-0.25732,0.08789,1.14453,24.47
$MAG,52907.959,-0.274,-0.069,-0.915,22.7
$IMU,52907.973,-0.732,0.061,-3.723,-0.26416,0.06201,1.14892,24.42
$BARO,52907.988,88736.99,24.77
$IMU,52908.048,1.647,-2.685,0.915,-0.24365,0.06884,1.14208,24.40
$MAG,52908.059,-0.283,-0.078,-0.919,22.7
$BARO,52908.089,88741.55,24.77
$IMU,52908.123,1.098,-2.929,3.051,-0.18945,0.05224,1.13720,24.47
$VBAT,52908.129,3.922
$MAG,52908.160,-0.280,-0.079,-0.915,22.8
$BARO,52908.191,88747.35,24.77
$IMU,52908.198,1.342,-0.366,2.380,-0.20410,0.04296,1.12792,24.42
$HUM,52908.244,25.3,25.3
$MAG,52908.261,-0.277,-0.079,-0.922,22.7
$IMU,52908.273,0.976,-0.976,2.258,-0.19091,0.04589,1.12792,24.45
$BARO,52908.292,88757.10,24.78
$IMU,52908.348,0.671,-1.464,3.723,-0.17822,0.00195,1.13134,24.42
$MAG,52908.361,-0.279,-0.078,-0.924,22.7
$BARO,52908.394,88747.54,24.77
$IMU,52908.423,3.051,-1.647,1.708,-0.17529,0.00244,1.12744,24.44
$MAG,52908.462,-0.291,-0.087,-0.922,22.8
$BARO,52908.495,88766.94,24.77
$IMU,52908.498,4.882,-3.234,0.061,-0.16503,0.01708,1.13037,24.44
$MAG,52908.562,-0.276,-0.084,-0.931,22.7
$IMU,52908.573,2.136,-2.502,2.380,-0.13525,-0.01904,1.15429,24.42
$BARO,52908.597,88774.11,24.78
$IMU,52908.648,8.056,0.427,4.028,-0.15673,0.01562,1.11572,24.49
$MAG,52908.663,-0.280,-0.090,-0.942,22.7
$BARO,52908.698,88768.11,24.78
$TIME,52908.715,441082.000,2364
$IMU,52908.724,7.873,-2.197,1.342,-0.12646,0.03662,1.13281,24.43
$MAG,52908.763,-0.270,-0.099,-0.937,22.8
$IMU,52908.799,7.934,-0.427,0.976,-0.13330,0.03222,1.11718,24.42
$BARO,52908.800,88766.75,24.78
$MAG,52908.864,-0.286,-0.112,-0.946,22.7
$IMU,52908.874,13.183,-1.770,-3.234,-0.14062,0.11865,1.06054,24.46
$BARO,52908.901,88777.72,24.78
$IMU,52908.949,6.408,-4.089,-7.568,-0.13964,0.08935,1.08154,24.46
$MAG,52908.964,-0.283,-0.112,-0.933,22.8
$BARO,52909.003,88785.13,24.78
$IMU,52909.024,2.441,-1.464,-5.554,-0.12988,0.05859,1.09179,24.42
$MAG,52909.065,-0.285,-0.126,-0.949,22.8
$IMU,52909.099,6.408,1.159,-0.549,-0.14941,0.09130,1.05322,24.48
$BARO,52909.104,88784.71,24.78
$VBAT,52909.139,3.922
$MAG,52909.166,-0.291,-0.123,-0.948,22.7
$IMU,52909.174,3.967,-0.671,1.220,-0.11962,0.07275,1.05517,24.42
$BARO,52909.206,88794.46,24.78
$IMU,52909.249,2.746,0.732,3.051,-0.11669,0.07226,1.04150,24.41
$HUM,52909.259,29.6,25.3
$MAG,52909.266,-0.285,-0.120,-0.942,22.8
$BARO,52909.307,88788.86,24.78
$IMU,52909.324,3.662,1.831,3.845,-0.13525,0.08203,1.00927,24.38
$MAG,52909.367,-0.280,-0.126,-0.951,22.5
$IMU,52909.399,0.366,2.014,8.361,-0.12597,0.07128,1.02001,24.47
$BARO,52909.409,88790.08,24.78
$MAG,52909.467,-0.267,-0.127,-0.949,22.8
$IMU,52909.474,-0.854,2.197,9.033,-0.15185,0.04443,1.01074,24.43
$BARO,52909.510,88787.10,24.78
$IMU,52909.549,0.854,-0.244,12.268,-0.10449,0.07763,0.99462,24.45
$MAG,52909.568,-0.273,-0.126,-0.948,22.8
$BARO,52909.612,88796.66,24.78
$IMU,52909.624,-1.159,2.868,17.272,-0.09521,0.08251,0.98535,24.45
$MAG,52909.669,-0.250,-0.126,-0.951,22.8
$IMU,52909.699,-0.915,2.868,13.122,-0.11376,0.08203,0.97021,24.40
$BARO,52909.714,88793.29,24.78
$TIME,52909.715,441083.000,2364
$MAG,52909.769,-0.249,-0.133,-0.946,22.8
$IMU,52909.774,-1.831,0.427,10.437,-0.08837,0.07421,0.96728,24.43
$BARO,52909.815,88802.07,24.78
$IMU,52909.849,-1.586,1.953,10.864,-0.08886,0.09960,0.96533,24.43
$MAG,52909.870,-0.238,-0.124,-0.951,22.7
$BARO,52909.916,88804.07,24.78
$IMU,52909.924,-3.662,0.671,9.643,-0.09667,0.09765,0.97412,24.46
$MAG,52909.970,-0.241,-0.117,-0.945,22.8
$IMU,52910.000,-6.530,1.403,7.019,-0.09521,0.05566,1.00244,24.43
$BARO,52910.018,88819.86,24.78
$MAG,52910.071,-0.226,-0.114,-0.946,22.8
$IMU,52910.075,-4.394,2.929,9.155,-0.11376,0.07177,0.99169,24.43
$BARO,52910.120,88819.86,24.78
$VBAT,52910.140,3.927
$IMU,52910.150,-3.417,1.220,10.375,-0.07910,0.04833,0.98291,24.44
$MAG,52910.171,-0.222,-0.111,-0.940,22.7
$BARO,52910.221,88817.62,24.79
$IMU,52910.225,-0.305,1.464,6.225,-0.09570,0.07666,0.96337,24.45
$MAG,52910.272,-0.214,-0.111,-0.946,22.5
$HUM,52910.274,24.3,25.4
$IMU,52910.300,-2.014,0.671,4.211,-0.07568,0.05078,0.95898,24.45
$BARO,52910.322,88820.67,24.78
$MAG,52910.373,-0.211,-0.120,-0.943,22.5
$IMU,52910.375,-3.784,1.770,3.601,-0.08251,0.01660,0.98730,24.43
$BARO,52910.424,88830.47,24.78
$IMU,52910.450,1.525,-0.915,1.586,-0.10009,0.06054,0.98535,24.44
$MAG,52910.473,-0.208,-0.114,-0.940,22.8
$BARO,52910.525,88827.27,24.78
$IMU,52910.525,2.685,-0.305,8.544,-0.01464,0.06201,0.98339,24.46
$MAG,52910.574,-0.198,-0.118,-0.952,22.8
$IMU,52910.600,3.601,7.141,10.925,-0.05078,0.07226,0.96435,24.43
$BARO,52910.627,88844.04,24.79
$MAG,52910.674,-0.181,-0.133,-0.952,22.8
$IMU,52910.675,10.131,9.338,19.104,-0.06933,0.14062,0.88574,24.47
$TIME,52910.715,441084.000,2364
$BARO,52910.728,88838.63,24.79
$IMU,52910.750,6.896,5.676,14.282,-0.10644,0.17724,0.88232,24.46
$MAG,52910.775,-0.175,-0.136,-0.945,22.8
$IMU,52910.825,3.295,5.310,5.554,-0.17187,0.19970,0.87255,24.49
$BARO,52910.830,88838.88,24.78
$MAG,52910.875,-0.177,-0.147,-0.957,22.7
$IMU,52910.900,0.793,-1.586,1.647,-0.12011,0.23437,0.88769,24.45
$BARO,52910.931,88855.43,24.79
$IMU,52910.975,-2.075,-5.371,-4.577,-0.08984,0.18847,0.89453,24.44
$MAG,52910.976,-0.187,-0.139,-0.946,22.7
$BARO,52911.033,88845.63,24.79
$IMU,52911.050,-1.586,-10.070,-13.977,-0.04589,0.16992,0.91943,24.45
$MAG,52911.077,-0.196,-0.138,-0.949,22.8
$IMU,52911.125,-7.141,-9.643,-10.681,-0.01513,0.13330,0.98828,24.44
$BARO,52911.134,88851.21,24.80
$VBAT,52911.140,3.919
$MAG,52911.177,-0.217,-0.130,-0.948,22.5
$IMU,52911.201,-4.760,-7.568,-15.502,-0.07031,0.07910,0.99072,24.47
$BARO,52911.236,88850.21,24.80
$IMU,52911.276,6.713,-16.479,-16.052,-0.06201,0.13720,0.96093,24.42
$MAG,52911.278,-0.232,-0.126,-0.957,22.7
$HUM,52911.289,30.6,25.4
$BARO,52911.337,88856.99,24.79
$IMU,52911.351,9.704,-25.634,-17.028,0.04052,0.18945,0.96484,24.47
$MAG,52911.378,-0.267,-0.145,-0.957,22.8
$IMU,52911.426,10.681,-24.841,-14.282,0.12597,0.24267,0.92871,24.45
$BARO,52911.439,88850.23,24.79
$MAG,52911.479,-0.297,-0.144,-0.960,22.7
$IMU,52911.501,9.521,-22.766,-12.084,0.16894,0.27685,0.91210,24.44
$BARO,52911.540,88872.37,24.80
$IMU,52911.576,3.906,-17.028,-12.634,0.20898,0.28320,0.91552,24.45
$MAG,52911.580,-0.310,-0.145,-0.961,22.7
$BARO,52911.642,88873.00,24.79
$IMU,52911.651,2.990,-5.371,-4.150,0.21386,0.33496,0.91162,24.45
$MAG,52911.680,-0.315,-0.145,-0.957,22.8
$TIME,52911.715,441084.000,2364
$IMU,52911.726,-3.540,-2.746,-2.136,0.25732,0.36865,0.94726,24.48
$BARO,52911.743,88862.79,24.80
$MAG,52911.781,-0.322,-0.141,-0.955,22.8
$IMU,52911.801,-6.408,-1.464,-7.385,0.26318,0.34033,0.95800,24.45
$BARO,52911.845,88861.01,24.79
$IMU,52911.876,-0.976,1.342,-9.399,0.27246,0.41699,0.91748,24.47
$MAG,52911.881,-0.325,-0.148,-0.958,22.7
$BARO,52911.946,88871.56,24.80
$IMU,52911.951,-8.483,-0.915,-10.498,0.33935,0.44970,0.94091,24.47
$MAG,52911.982,-0.340,-0.129,-0.946,22.8
$IMU,52912.026,-18.981,2.563,-15.319,0.33056,0.38867,0.98583,24.47
$BARO,52912.048,88880.36,24.80
$MAG,52912.082,-0.339,-0.121,-0.933,22.7
$IMU,52912.101,-21.057,4.211,-17.700,0.37109,0.34179,1.02099,24.46
$VBAT,52912.148,3.919
$BARO,52912.149,88874.44,24.79
$IMU,52912.176,-15.319,8.850,-21.667,0.33007,0.35693,1.01416,24.47
$MAG,52912.183,-0.340,-0.108,-0.933,22.7
$BARO,52912.251,88883.41,24.79
$IMU,52912.251,-15.136,7.629,-18.615,0.33007,0.33203,1.03027,24.45
$MAG,52912.284,-0.346,-0.105,-0.922,22.8
$HUM,52912.304,34.8,25.3
$IMU,52912.326,-13.549,1.647,-18.127,0.39599,0.32128,1.03808,24.47
$BARO,52912.352,88885.75,24.80
$MAG,52912.384,-0.364,-0.105,-0.921,22.7
$IMU,52912.401,-8.728,1.037,-21.179,0.38525,0.35253,0.99023,24.48
$BARO,52912.454,88911.20,24.79
$IMU,52912.477,-5.187,-0.915,-21.911,0.38134,0.43212,0.95361,24.45
$MAG,52912.485,-0.372,-0.100,-0.919,22.7
$IMU,52912.552,-11.291,-3.234,-18.127,0.42333,0.38916,0.94873,24.48
$BARO,52912.555,88897.20,24.80
$MAG,52912.585,-0.390,-0.097,-0.915,22.8
$IMU,52912.627,-9.216,0.244,-20.874,0.39208,0.40820,0.92138,24.47
$BARO,52912.657,88900.35,24.80
$MAG,52912.686,-0.402,-0.084,-0.903,22.7
$IMU,52912.702,-6.164,-2.807,-19.409,0.41992,0.46484,0.90771,24.47
$TIME,52912.715,441086.000,2364
$BARO,52912.758,88880.61,24.80
$IMU,52912.777,-7.324,-4.394,-18.371,0.45214,0.43603,0.88232,24.52
$MAG,52912.786,-0.415,-0.088,-0.900,22.7
$IMU,52912.852,-2.380,-0.366,-23.925,0.41064,0.46093,0.84472,24.45
$BARO,52912.860,88885.99,24.80
$MAG,52912.887,-0.427,-0.106,-0.901,22.5
$IMU,52912.927,-2.197,-1.037,-19.348,0.42822,0.48632,0.82128,24.49
$BARO,52912.961,88904.40,24.79
$MAG,52912.987,-0.441,-0.096,-0.900,22.5
$IMU,52913.002,-2.746,-2.990,-20.629,0.47119,0.42187,0.80517,24.46
$BARO,52913.063,88909.00,24.79
$IMU,52913.077,3.662,0.732,-24.902,0.41406,0.50683,0.76953,24.45
$MAG,52913.088,-0.462,-0.117,-0.891,22.8
$IMU,52913.152,2.563,-1.953,-29.541,0.38867,0.50537,0.72705,24.47
$VBAT,52913.159,3.910
$BARO,52913.164,88917.44,24.79
$MAG,52913.189,-0.481,-0.126,-0.895,22.8
$IMU,52913.227,-1.220,-4.272,-27.709,0.38720,0.50048,0.73583,24.44
$BARO,52913.266,88905.83,24.79
$MAG,52913.289,-0.496,-0.132,-0.894,22.8
$IMU,52913.302,-1.403,-6.835,-24.902,0.41552,0.54785,0.73339,24.46
$HUM,52913.318,35.4,25.3
$BARO,52913.367,88911.85,24.78
$IMU,52913.377,-4.089,-10.986,-24.658,0.44531,0.57568,0.74121,24.50
$MAG,52913.390,-0.522,-0.142,-0.883,22.8
$IMU,52913.452,-6.896,-11.535,-31.677,0.46777,0.61962,0.76660,24.46
$BARO,52913.469,88929.23,24.79
$MAG,52913.490,-0.540,-0.159,-0.870,22.8
$IMU,52913.527,-8.117,-7.629,-38.940,0.44189,0.58007,0.78564,24.47
$BARO,52913.570,88928.26,24.78
$MAG,52913.591,-0.571,-0.186,-0.870,22.8
$IMU,52913.602,-3.356,-6.286,-43.395,0.38964,0.59814,0.77246,24.48
$BARO,52913.672,88929.67,24.78
$IMU,52913.678,-1.892,-8.361,-44.921,0.38916,0.64306,0.77783,24.49
$MAG,52913.691,-0.591,-0.207,-0.858,22.8
$TIME,52913.715,441087.000,2364
$IMU,52913.753,-4.089,-9.887,-44.982,0.36425,0.65429,0.78173,24.44
$BARO,52913.773,88924.02,24.79
$MAG,52913.792,-0.618,-0.225,-0.852,22.5
$IMU,52913.828,-3.601,-9.582,-41.076,0.32373,0.65966,0.77001,24.45
$BARO,52913.875,88946.81,24.79
$MAG,52913.893,-0.622,-0.249,-0.840,22.7
$IMU,52913.903,-1.831,-8.239,-34.973,0.34179,0.68652,0.78857,24.45
$BARO,52913.976,88956.19,24.79
$IMU,52913.978,-2.258,-6.042,-27.587,0.31689,0.68212,0.77832,24.47
$MAG,52913.993,-0.651,-0.258,-0.828,22.7
$IMU,52914.053,-3.234,-9.582,-24.169,0.37841,0.73046,0.81396,24.44
$BARO,52914.078,88949.76,24.80
$MAG,52914.094,-0.651,-0.289,-0.829,22.8
$IMU,52914.128,-2.624,-8.972,-25.207,0.41503,0.73095,0.80322,24.45
$VBAT,52914.168,3.914
$BARO,52914.179,88950.66,24.78
$MAG,52914.194,-0.664,-0.297,-0.823,22.7
$IMU,52914.203,0.610,-5.249,-27.343,0.42285,0.74169,0.79199,24.47
$IMU,52914.278,2.441,-3.051,-30.883,0.41259,0.77392,0.77880,24.47
$BARO,52914.281,88957.26,24.78
$MAG,52914.295,-0.675,-0.318,-0.819,22.8
$HUM,52914.333,35.8,25.3
$IMU,52914.353,1.586,-1.953,-31.311,0.40527,0.78466,0.76660,24.47
$BARO,52914.382,88962.63,24.79
$MAG,52914.396,-0.673,-0.352,-0.819,22.8
$IMU,52914.428,0.793,-2.258,-33.996,0.39990,0.79492,0.76025,24.50
$BARO,52914.484,88976.23,24.79
$MAG,52914.496,-0.675,-0.382,-0.808,22.8
$IMU,52914.503,0.061,-2.502,-35.400,0.40234,0.79296,0.73535,24.45
$IMU,52914.578,-0.793,-3.417,-35.644,0.38964,0.81591,0.72216,24.45
$BARO,52914.585,88982.25,24.78
$MAG,52914.597,-0.676,-0.405,-0.804,22.7
$IMU,52914.653,-2.258,-6.103,-39.001,0.40234,0.83056,0.71777,24.49
$BARO,52914.687,88985.91,24.78
$MAG,52914.697,-0.681,-0.447,-0.807,22.8
$TIME,52914.715,441088.000,2364
$IMU,52914.728,-2.380,-4.943,-43.701,0.40283,0.86572,0.70214,24.48
$BARO,52914.788,88985.54,24.78
$MAG,52914.798,-0.667,-0.471,-0.793,22.8
$IMU,52914.803,-4.211,-5.615,-47.607,0.38427,0.90380,0.71044,24.48
$IMU,52914.879,-5.615,-5.981,-56.335,0.42333,0.86914,0.70068,24.46
$BARO,52914.890,88984.74,24.77
$MAG,52914.899,-0.663,-0.514,-0.789,22.8
$IMU,52914.954,-1.647,2.380,-68.786,0.29199,0.95605,0.70605,24.49
$BARO,52914.991,89006.92,24.77
$MAG,52914.999,-0.642,-0.562,-0.784,22.8
$IMU,52915.029,-0.366,-1.770,-73.181,0.26855,0.95410,0.68457,24.49
$BARO,52915.093,88994.34,24.78
$MAG,52915.100,-0.592,-0.628,-0.786,22.8
$IMU,52915.104,6.286,2.990,-79.772,0.17431,0.94042,0.63574,24.47
$VBAT,52915.178,3.914
$IMU,52915.179,10.131,9.399,-76.416,0.04931,0.95410,0.58984,24.45
$BARO,52915.194,89010.52,24.77
$MAG,52915.200,-0.555,-0.681,-0.778,22.8
$IMU,52915.254,10.620,4.699,-68.420,0.00878,0.95605,0.56640,24.45
$BARO,52915.296,89018.74,24.77
$MAG,52915.301,-0.514,-0.711,-0.777,22.7
$IMU,52915.329,13.122,0.061,-64.147,-0.07031,1.00341,0.51562,24.48
$HUM,52915.348,35.8,25.3
$BARO,52915.397,89029.05,24.78
$MAG,52915.402,-0.478,-0.745,-0.766,22.7
$IMU,52915.404,10.009,-3.356,-55.297,-0.05468,1.01220,0.49511,24.49
$IMU,52915.479,5.432,-1.586,-48.217,-0.10742,1.05224,0.48291,24.48
$BARO,52915.499,89044.43,24.79
$MAG,52915.502,-0.442,-0.759,-0.765,22.8
$IMU,52915.554,0.061,-8.056,-41.076,-0.10888,1.01611,0.47265,24.47
$BARO,52915.600,89050.23,24.79
$MAG,52915.603,-0.426,-0.768,-0.759,22.5
$IMU,52915.629,0.610,-13.793,-37.353,-0.03955,1.03369,0.47949,24.47
$BARO,52915.702,89064.83,24.79
$MAG,52915.703,-0.400,-0.778,-0.763,22.8
$IMU,52915.704,-0.122,-10.131,-35.461,-0.08593,1.04248,0.44091,24.44
$TIME,52915.715,441088.000,2364
$IMU,52915.779,-4.821,-12.329,-34.545,0.01855,1.05859,0.50195,24.46
$BARO,52915.803,89063.20,24.80
$MAG,52915.804,-0.373,-0.781,-0.753,22.8
$IMU,52915.854,-6.774,-4.516,-40.466,-0.01220,1.02197,0.49414,24.45
$BARO,52915.905,89075.02,24.79
$MAG,52915.905,-0.327,-0.787,-0.763,22.8
$IMU,52915.929,-4.150,1.464,-52.368,-0.05957,1.02685,0.52685,24.47
$IMU,52916.004,0.061,1.770,-53.771,-0.10595,1.03466,0.53515,24.46
$MAG,52916.005,-0.288,-0.799,-0.760,22.7
$BARO,52916.006,89074.61,24.80
$IMU,52916.079,2.929,-0.671,-50.781,-0.10693,1.06591,0.52490,24.49
$MAG,52916.106,-0.234,-0.790,-0.760,22.7
$BARO,52916.108,89094.98,24.80
$IMU,52916.155,3.051,-1.708,-50.537,-0.10986,1.05224,0.52539,24.46
$VBAT,52916.187,3.911
$MAG,52916.206,-0.205,-0.799,-0.766,22.7
$BARO,52916.209,89103.76,24.80
$IMU,52916.230,-0.488,-1.037,-45.898,-0.11425,1.05859,0.58642,24.46
$IMU,52916.305,3.356,-1.953,-41.870,-0.11083,1.04492,0.55615,24.50
$MAG,52916.307,-0.150,-0.793,-0.765,22.8
$BARO,52916.310,89099.52,24.80
$HUM,52916.363,35.7,25.3
$IMU,52916.380,6.530,-0.915,-44.433,-0.10839,1.13916,0.60839,24.44
$MAG,52916.408,-0.126,-0.777,-0.757,22.8
$BARO,52916.412,89115.73,24.80
$IMU,52916.455,4.272,-1.770,-44.250,-0.07714,1.08837,0.63183,24.49
$MAG,52916.508,-0.088,-0.766,-0.757,22.8
$BARO,52916.513,89120.53,24.80
$IMU,52916.530,12.817,-2.075,-47.607,-0.03955,1.17822,0.62792,24.45
$IMU,52916.605,13.854,-3.479,-51.757,-0.09228,1.27734,0.69921,24.48
$MAG,52916.609,-0.052,-0.756,-0.754,22.8
$BARO,52916.615,89118.72,24.80
$IMU,52916.680,11.474,-10.559,-60.302,0.00488,1.11572,0.62500,24.47
$MAG,52916.710,-0.013,-0.724,-0.730,22.8
$TIME,52916.715,441090.000,2364
$BARO,52916.716,89128.16,24.80
$IMU,52916.755,24.536,-0.427,-66.101,-0.16503,1.29638,0.58691,24.45
$MAG,52916.810,0.033,-0.708,-0.730,22.8
$BARO,52916.818,89110.49,24.81
$IMU,52916.830,13.244,-9.338,-59.326,-0.11767,1.08593,0.66259,24.47
$IMU,52916.905,33.508,-16.723,-74.401,-0.18408,1.16845,0.59277,24.47
$MAG,52916.911,0.060,-0.670,-0.726,22.7
$BARO,52916.919,89165.09,24.81
$IMU,52916.980,47.180,-22.827,-82.702,-0.17187,1.27197,0.50781,24.49
$MAG,52917.011,0.097,-0.636,-0.721,22.8
$BARO,52917.021,89167.06,24.81
$IMU,52917.055,34.423,-17.517,-62.805,-0.15283,1.24560,0.47802,24.47
$MAG,52917.112,0.127,-0.613,-0.715,22.5
$BARO,52917.122,89167.50,24.81
$IMU,52917.130,29.846,-16.357,-51.391,-0.13525,1.29199,0.45898,24.48
$VBAT,52917.197,3.919
$IMU,52917.205,23.315,-20.629,-49.133,-0.05566,1.21875,0.46728,24.47
$MAG,52917.213,0.130,-0.582,-0.723,22.8
$BARO,52917.224,89172.06,24.81
$IMU,52917.280,34.790,-11.840,-51.391,-0.06884,1.31542,0.36474,24.46
$MAG,52917.313,0.147,-0.564,-0.721,22.8
$BARO,52917.325,89172.06,24.81
$IMU,52917.356,39.550,-10.925,-55.480,-0.08203,1.39453,0.35498,24.48
$HUM,52917.377,34.9,25.3
$MAG,52917.414,0.159,-0.535,-0.723,22.7
$BARO,52917.427,89164.40,24.82
$IMU,52917.431,32.592,-13.305,-49.255,-0.06445,1.43457,0.31103,24.45
$IMU,52917.506,25.085,-10.864,-43.457,-0.05322,1.52246,0.33691,24.48
$MAG,52917.515,0.168,-0.505,-0.732,22.8
$BARO,52917.528,89196.77,24.83
$IMU,52917.581,21.057,-12.878,-38.940,0.03369,1.49169,0.38623,24.49
$MAG,52917.615,0.180,-0.472,-0.733,22.8
$BARO,52917.630,89213.35,24.83
$IMU,52917.656,26.245,-10.742,-44.433,0.05761,1.49023,0.34375,24.50
$TIME,52917.715,441090.000,2364
$MAG,52917.716,0.178,-0.453,-0.738,22.8
$BARO,52917.731,89219.30,24.84
$IMU,52917.731,35.156,-11.169,-48.950,-0.01416,1.56005,0.29736,24.50
$IMU,52917.806,23.132,-11.962,-46.386,-0.01660,1.62939,0.37109,24.44
$MAG,52917.816,0.177,-0.421,-0.754,22.8
$BARO,52917.833,89246.11,24.84
$IMU,52917.881,17.822,-3.173,-29.846,0.12158,1.51611,0.29931,24.47
$MAG,52917.917,0.178,-0.423,-0.753,22.8
$BARO,52917.934,89217.44,24.85
$IMU,52917.956,27.343,5.126,-20.202,0.19824,1.65917,0.31787,24.47
$MAG,52918.018,0.186,-0.408,-0.742,22.8
$IMU,52918.031,14.953,5.249,-25.085,0.20410,1.52148,0.39208,24.52
$BARO,52918.036,89237.19,24.86
$IMU,52918.106,14.160,2.807,-30.456,0.18017,1.62890,0.44091,24.47
$MAG,52918.118,0.177,-0.382,-0.751,22.7
$BARO,52918.137,89231.75,24.86
$IMU,52918.181,-0.122,-6.164,-36.499,0.17919,1.48193,0.52490,24.47
$VBAT,52918.207,3.908
$MAG,52918.219,0.174,-0.351,-0.763,22.8
$BARO,52918.239,89257.13,24.87
$IMU,52918.256,6.591,-17.761,-42.724,0.03027,1.75976,0.50097,24.55
$MAG,52918.319,0.099,-0.244,-0.826,22.8
$IMU,52918.331,-21.911,-78.735,-97.717,-0.06591,1.79443,0.46337,24.51
$BARO,52918.340,89293.13,24.87
$HUM,52918.392,33.1,25.4
$IMU,52918.406,-49.011,-153.930,-156.555,0.20849,1.64111,0.65234,24.48
$MAG,52918.420,-0.082,-0.120,-0.904,22.8
$BARO,52918.442,89290.52,24.87
$IMU,52918.481,-43.212,-154.052,-140.441,0.50097,1.47314,0.93310,24.50
$MAG,52918.521,-0.210,-0.072,-0.912,22.8
$BARO,52918.543,89315.94,24.86
$IMU,52918.556,-23.315,-81.542,-88.989,0.27197,1.42089,1.05371,24.53
$MAG,52918.621,-0.283,-0.060,-0.900,22.8
$IMU,52918.632,-14.404,-48.095,-62.683,0.25585,1.43408,1.06982,24.50
$BARO,52918.645,89316.53,24.87
$IMU,52918.707,-19.897,-40.527,-53.344,0.45166,1.48437,1.13720,24.51
$TIME,52918.715,441092.000,2364
$MAG,52918.722,-0.345,-0.045,-0.880,22.8
$BARO,52918.746,89293.18,24.86
$IMU,52918.782,-21.362,-20.141,-55.358,0.34423,1.40869,1.14501,24.49
$MAG,52918.822,-0.399,-0.043,-0.864,22.8
$BARO,52918.848,89308.22,24.85
$IMU,52918.857,-20.385,-16.113,-55.908,0.42626,1.41552,1.21826,24.51
$MAG,52918.923,-0.441,-0.046,-0.859,22.7
$IMU,52918.932,-20.080,-1.098,-47.790,0.29638,1.26855,1.26318,24.53
$BARO,52918.949,89307.66,24.85
$IMU,52919.007,-10.864,-5.004,-41.076,0.45751,1.31689,1.37109,24.49
$MAG,52919.024,-0.466,-0.054,-0.847,22.8
$BARO,52919.051,89375.49,24.84
$IMU,52919.082,-8.056,0.183,-36.560,0.43652,1.22900,1.36718,24.51
$MAG,52919.124,-0.489,-0.063,-0.838,22.8
$BARO,52919.152,89331.15,24.83
$IMU,52919.157,-2.685,-3.723,-33.447,0.49267,1.24511,1.35351,24.56
$VBAT,52919.211,3.911
$MAG,52919.225,-0.519,-0.081,-0.831,22.8
$IMU,52919.232,-3.295,-9.826,-31.127,0.65576,1.22509,1.38525,24.54
$BARO,52919.254,89361.57,24.83
$IMU,52919.307,-1.281,0.549,-39.367,0.57226,1.16406,1.34130,24.47
$MAG,52919.325,-0.544,-0.100,-0.840,22.8
$BARO,52919.355,89368.40,24.82
$IMU,52919.382,7.995,4.272,-39.489,0.50732,1.16699,1.21191,24.51
$HUM,52919.407,35.8,25.3
$MAG,52919.426,-0.555,-0.127,-0.838,22.5
$BARO,52919.457,89400.84,24.82
$IMU,52919.457,8.728,0.366,-37.292,0.53076,1.13671,1.16064,24.50
$MAG,52919.527,-0.582,-0.147,-0.847,22.7
$IMU,52919.532,8.605,2.502,-35.705,0.45214,1.15917,1.11035,24.53
$BARO,52919.558,89399.84,24.82
$IMU,52919.607,12.512,-7.751,-34.729,0.53662,1.20654,1.04638,24.49
$MAG,52919.627,-0.594,-0.175,-0.840,22.8
$BARO,52919.660,89395.23,24.82
$IMU,52919.682,11.108,-8.911,-30.334,0.60839,1.27734,1.01171,24.49
$TIME,52919.715,441092.000,2364
$MAG,52919.728,-0.615,-0.199,-0.843,22.8
$IMU,52919.757,8.483,-3.173,-31.982,0.60058,1.20751,0.94482,24.52
$BARO,52919.761,89399.26,24.81
$MAG,52919.828,-0.624,-0.223,-0.834,22.8
$IMU,52919.833,5.920,2.014,-27.709,0.60937,1.28076,0.94042,24.48
$BARO,52919.863,89421.56,24.80
$IMU,52919.908,-1.159,-9.338,-23.254,0.73779,1.26123,0.95410,24.48
$MAG,52919.929,-0.637,-0.249,-0.832,22.8
$BARO,52919.964,89423.73,24.80
$IMU,52919.983,0.549,-12.023,-36.254,0.75439,1.32910,0.91650,24.50
$MAG,52920.030,-0.652,-0.265,-0.817,22.8
$IMU,52920.058,-4.211,-7.934,-34.240,0.73193,1.24707,0.88378,24.48
$BARO,52920.066,89446.54,24.80
$MAG,52920.130,-0.676,-0.288,-0.801,22.8
$IMU,52920.133,-8.850,-11.962,-37.719,0.79443,1.17480,0.90917,24.49
$BARO,52920.167,89465.75,24.80
$IMU,52920.208,-7.446,-8.483,-43.151,0.74072,1.14843,0.88378,24.48
$VBAT,52920.212,3.914
$MAG,52920.231,-0.685,-0.316,-0.799,22.8
$BARO,52920.269,89452.42,24.79
$IMU,52920.283,-3.051,-7.202,-46.813,0.67089,1.13134,0.83789,24.46
$MAG,52920.332,-0.687,-0.355,-0.796,22.8
$IMU,52920.358,-5.187,-5.981,-43.090,0.65185,1.10205,0.85400,24.51
$BARO,52920.370,89481.99,24.79
$HUM,52920.422,36.0,25.3
$MAG,52920.432,-0.699,-0.388,-0.783,22.7
$IMU,52920.433,-2.563,-0.244,-43.823,0.57568,1.08056,0.84912,24.50
$BARO,52920.472,89479.38,24.79
$IMU,52920.508,4.455,1.831,-40.039,0.52197,1.13671,0.81054,24.51
$MAG,52920.533,-0.691,-0.424,-0.795,22.8
$BARO,52920.573,89484.01,24.79
$IMU,52920.583,8.911,-0.122,-38.635,0.49511,1.12939,0.75732,24.49
$MAG,52920.633,-0.690,-0.453,-0.792,22.7
$IMU,52920.658,9.033,-2.563,-37.475,0.53564,1.14111,0.74609,24.47
$BARO,52920.674,89501.61,24.79
$TIME,52920.715,441094.000,2364
$IMU,52920.733,11.779,-1.586,-38.085,0.51220,1.20361,0.72216,24.51
$MAG,52920.734,-0.685,-0.496,-0.774,22.8
$BARO,52920.776,89510.41,24.79
$IMU,52920.808,13.122,-1.586,-44.982,0.48535,1.16796,0.67480,24.50
$MAG,52920.835,-0.667,-0.537,-0.775,22.8
$BARO,52920.877,89505.00,24.80
$IMU,52920.883,18.371,2.563,-47.302,0.43212,1.23535,0.60253,24.52
$MAG,52920.935,-0.649,-0.589,-0.765,22.9
$IMU,52920.958,18.310,-4.516,-55.053,0.44384,1.23193,0.59082,24.54
$BARO,52920.979,89498.76,24.80
$IMU,52921.034,18.188,-9.521,-65.490,0.37304,1.27441,0.53710,24.49
$MAG,52921.036,-0.625,-0.636,-0.741,22.8
$BARO,52921.080,89471.58,24.80
$IMU,52921.109,14.770,-10.559,-75.988,0.25244,1.31005,0.52880,24.52
$MAG,52921.136,-0.583,-0.703,-0.720,22.7
$BARO,52921.182,89512.55,24.80
$IMU,52921.184,12.084,-13.732,-79.223,0.13964,1.26953,0.51318,24.52
$VBAT,52921.213,3.919
$MAG,52921.237,-0.529,-0.754,-0.690,22.8
$IMU,52921.259,18.066,-23.559,-80.200,0.06054,1.28027,0.43847,24.52
$BARO,52921.283,89541.95,24.80
$IMU,52921.334,16.723,-29.846,-81.420,-0.01123,1.30664,0.42333,24.55
$MAG,52921.338,-0.486,-0.790,-0.670,22.8
$BARO,52921.385,89579.73,24.80
$IMU,52921.409,11.291,-30.456,-74.462,-0.10400,1.28710,0.39208,24.51
$HUM,52921.437,36.0,25.3
$MAG,52921.438,-0.433,-0.819,-0.660,22.8
$IMU,52921.484,8.911,-27.648,-64.392,-0.15478,1.27783,0.34960,24.50
$BARO,52921.486,89566.47,24.81
$MAG,52921.539,-0.391,-0.840,-0.639,22.8
$IMU,52921.559,7.202,-21.789,-55.114,-0.22705,1.26123,0.30908,24.54
$BARO,52921.588,89566.47,24.81
$IMU,52921.634,4.333,-21.484,-43.945,-0.21875,1.27099,0.26171,24.50
$MAG,52921.639,-0.358,-0.846,-0.643,22.8
$BARO,52921.689,89580.05,24.82
$IMU,52921.709,0.366,-25.390,-39.978,-0.19580,1.24755,0.27197,24.52
$TIME,52921.715,441096.000,2364
$MAG,52921.740,-0.334,-0.849,-0.646,22.8
$IMU,52921.784,-1.098,-25.085,-32.775,-0.17236,1.19970,0.22314,24.48
$BARO,52921.791,89591.84,24.82
$MAG,52921.841,-0.306,-0.850,-0.643,22.8
$IMU,52921.859,-4.455,-27.709,-24.353,-0.06787,1.24414,0.26318,24.52
$BARO,52921.892,89590.82,24.82
$IMU,52921.934,-8.972,-22.705,-27.038,0.01025,1.18066,0.25781,24.51
$MAG,52921.941,-0.288,-0.841,-0.639,22.8
$BARO,52921.994,89602.62,24.82
$IMU,52922.009,-4.028,-7.629,-33.203,0.02490,1.15185,0.23144,24.49
$MAG,52922.042,-0.249,-0.850,-0.654,22.8
$IMU,52922.084,-4.699,10.864,-36.499,0.09863,1.11132,0.21142,24.49
$BARO,52922.095,89594.18,24.83
$MAG,52922.142,-0.207,-0.847,-0.654,22.8
$IMU,52922.159,-5.920,44.677,-30.517,-0.06152,0.97363,0.22460,24.48
$BARO,52922.197,89622.80,24.83
$VBAT,52922.222,3.916
$IMU,52922.234,6.469,50.109,-31.738,-0.30322,1.05273,0.25341,24.52
$MAG,52922.243,-0.166,-0.841,-0.636,22.8
$BARO,52922.298,89616.93,24.84
$IMU,52922.310,12.207,13.366,-27.221,-0.10351,0.95800,0.15234,24.52
$MAG,52922.344,-0.145,-0.846,-0.615,22.8
$IMU,52922.385,18.005,5.432,-23.620,-0.09179,1.15234,0.20507,24.50
$BARO,52922.400,89629.33,24.84
$MAG,52922.444,-0.136,-0.838,-0.612,22.8
$HUM,52922.452,36.0,25.3
$IMU,52922.460,4.272,-4.089,-14.892,-0.03662,0.99218,0.17431,24.52
$BARO,52922.501,89640.13,24.84
$IMU,52922.535,11.962,-9.460,-24.536,0.03955,1.06884,0.16748,24.55
$MAG,52922.545,-0.108,-0.835,-0.606,22.8
$BARO,52922.602,89640.93,24.84
$IMU,52922.610,5.493,-5.065,-23.437,0.02050,1.00439,0.18212,24.54
$MAG,52922.646,-0.087,-0.820,-0.610,22.8
$IMU,52922.685,6.713,-3.540,-24.169,0.03271,1.04492,0.19580,24.56
$BARO,52922.704,89644.96,24.83
$MAG,52922.746,-0.070,-0.822,-0.603,22.7
$IMU,52922.760,10.375,-11.474,-22.949,-0.01464,1.10644,0.23095,24.53
$BARO,52922.805,89657.51,24.84
$IMU,52922.835,3.601,-27.648,-29.357,0.10986,1.07763,0.26855,24.52
$MAG,52922.847,-0.051,-0.814,-0.624,22.8
$BARO,52922.907,89664.70,24.84
$IMU,52922.910,13.122,-35.705,-40.100,0.15234,1.05761,0.24560,24.55
$MAG,52922.947,-0.018,-0.783,-0.622,22.9
$IMU,52922.985,22.338,-29.113,-49.316,0.21630,1.07324,0.19433,24.50
$BARO,52923.008,89668.09,24.85
$MAG,52923.048,0.013,-0.772,-0.612,22.8
$IMU,52923.060,29.479,-20.507,-40.039,0.12744,1.28955,0.23974,24.55
$BARO,52923.110,89675.08,24.85
$IMU,52923.135,15.197,-22.705,-38.024,0.18945,1.13037,0.28173,24.54
$MAG,52923.149,0.028,-0.759,-0.609,22.8
$IMU,52923.210,15.563,-16.113,-30.151,0.27636,1.13964,0.22998,24.55
$BARO,52923.211,89687.69,24.85
$VBAT,52923.231,3.924
$MAG,52923.249,0.055,-0.745,-0.603,22.8
$IMU,52923.285,24.230,-4.943,-18.920,0.29492,1.30859,0.28759,24.55
$BARO,52923.313,89694.85,24.85
$MAG,52923.350,0.063,-0.729,-0.598,22.8
$IMU,52923.360,9.643,-3.112,-22.949,0.29199,1.24267,0.41601,24.53
$BARO,52923.414,89708.48,24.85
$IMU,52923.435,-9.399,-3.112,-15.808,0.24658,1.23144,0.55029,24.51
$MAG,52923.450,0.087,-0.726,-0.604,22.8
$HUM,52923.467,36.0,25.3
$IMU,52923.511,-6.958,-4.943,-17.822,0.39990,1.15185,0.60498,24.55
$BARO,52923.516,89715.08,24.85
$MAG,52923.551,0.085,-0.715,-0.612,22.8
$IMU,52923.586,11.840,-5.554,-4.699,0.43994,1.37646,0.67919,24.55
$BARO,52923.617,89731.02,24.85
$MAG,52923.652,0.099,-0.697,-0.622,22.8
$IMU,52923.661,-1.159,-14.160,-21.789,0.58691,1.14697,0.80419,24.56
$TIME,52923.715,441097.000,2364
$BARO,52923.719,89727.27,24.85
$IMU,52923.736,-3.601,-9.704,-27.099,0.54345,1.08447,0.90917,24.52
$MAG,52923.752,0.108,-0.678,-0.630,22.7
$IMU,52923.811,11.413,-3.112,-28.564,0.33447,1.12304,0.90576,24.50
$BARO,52923.820,89759.06,24.85
$MAG,52923.853,0.121,-0.666,-0.612,22.8
$IMU,52923.886,17.761,-3.784,-16.906,0.36181,1.17187,0.90185,24.54
$BARO,52923.922,89773.27,24.85
$MAG,52923.953,0.138,-0.669,-0.618,22.8
$IMU,52923.961,15.014,-12.695,-15.869,0.37011,1.13623,0.95263,24.52
$BARO,52924.023,89775.07,24.85
$IMU,52924.036,13.061,-13.793,-15.380,0.35400,1.20898,1.01660,24.50
$MAG,52924.054,0.147,-0.649,-0.625,22.7
$IMU,52924.111,-1.464,-7.446,-10.681,0.27539,1.10693,1.15429,24.49
$BARO,52924.125,89802.86,24.85
$MAG,52924.155,0.138,-0.645,-0.633,22.8
$IMU,52924.186,-1.708,-9.216,-5.615,0.33251,1.06347,1.25537,24.52
$BARO,52924.226,89805.64,24.85
$VBAT,52924.237,3.916
$MAG,52924.255,0.121,-0.655,-0.628,22.8
$IMU,52924.261,3.112,1.464,10.437,0.29150,1.10156,1.33105,24.53
$BARO,52924.328,89829.01,24.86
$IMU,52924.336,3.906,10.559,28.564,0.23681,1.11083,1.43505,24.51
$MAG,52924.356,0.111,-0.684,-0.613,22.8
$IMU,52924.411,4.760,13.488,35.888,0.14941,1.10156,1.49609,24.55
$BARO,52924.429,89817.02,24.86
$MAG,52924.457,0.093,-0.705,-0.600,22.8
$HUM,52924.482,35.7,25.4
$IMU,52924.486,-0.061,8.300,33.386,0.02490,1.05224,1.55029,24.55
$BARO,52924.531,89817.43,24.86
$MAG,52924.557,0.064,-0.732,-0.603,22.8
$IMU,52924.561,-4.455,-0.976,29.113,-0.06787,0.97705,1.59912,24.52
$BARO,52924.632,89834.45,24.86
$IMU,52924.636,-3.540,-3.479,31.860,-0.13378,0.95898,1.63574,24.51
$MAG,52924.658,0.039,-0.747,-0.610,22.8
$IMU,52924.712,-2.136,-0.488,39.001,-0.16210,0.96484,1.62158,24.55
$TIME,52924.715,441098.000,2364
$BARO,52924.733,89828.01,24.86
$MAG,52924.758,0.003,-0.781,-0.606,22.8
$IMU,52924.787,-0.244,11.413,44.311,-0.43408,0.98632,1.59179,24.49
$BARO,52924.835,89846.61,24.86
$MAG,52924.859,-0.024,-0.792,-0.601,22.9
$IMU,52924.862,-3.662,7.751,47.851,-0.38623,0.99316,1.49511,24.51
$BARO,52924.936,89829.40,24.86
$IMU,52924.937,-6.042,20.507,47.912,-0.47753,0.98046,1.40722,24.56
$MAG,52924.959,-0.063,-0.813,-0.580,22.8
$IMU,52925.012,-2.807,19.226,46.203,-0.62255,0.95214,1.20751,24.54
$BARO,52925.038,89846.39,24.87
$MAG,52925.060,-0.099,-0.832,-0.585,22.8
$IMU,52925.087,-2.136,3.662,38.696,-0.51855,1.02734,1.14550,24.56
$BARO,52925.139,89828.82,24.86
$MAG,52925.161,-0.148,-0.841,-0.588,22.8
$IMU,52925.162,-7.873,2.014,46.142,-0.42529,0.88671,0.99951,24.55
$IMU,52925.237,9.216,22.644,55.847,-0.46240,1.04345,0.79687,24.56
$VBAT,52925.239,3.922
$BARO,52925.241,89818.19,24.87
$MAG,52925.261,-0.192,-0.852,-0.571,22.8
$IMU,52925.312,5.676,35.705,46.020,-0.68798,1.08251,0.65380,24.56
$BARO,52925.342,89793.81,24.86
$MAG,52925.362,-0.234,-0.864,-0.574,22.9
$IMU,52925.387,-13.488,20.690,47.607,-0.57031,0.99072,0.66113,24.57
$BARO,52925.444,89807.20,24.86
$MAG,52925.462,-0.279,-0.850,-0.580,22.8
$IMU,52925.462,-18.676,18.371,49.011,-0.46191,0.89257,0.63769,24.58
$HUM,52925.496,36.0,25.4
$IMU,52925.537,-10.742,19.653,42.297,-0.45361,0.91210,0.52636,24.54
$BARO,52925.545,89810.00,24.86
$MAG,52925.563,-0.327,-0.852,-0.601,22.8
$IMU,52925.612,-14.160,20.080,44.921,-0.33740,0.82617,0.56298,24.55
$BARO,52925.647,89817.19,24.87
$MAG,52925.664,-0.364,-0.844,-0.601,22.8
$IMU,52925.687,0.427,16.967,46.386,-0.25927,0.79785,0.42236,24.57
$BARO,52925.748,89858.60,24.86
$IMU,52925.762,8.789,11.596,38.146,-0.22656,0.83886,0.38916,24.54
$MAG,52925.764,-0.393,-0.849,-0.592,22.8
$IMU,52925.837,10.437,4.821,23.132,-0.20703,0.85400,0.31396,24.54
$BARO,52925.850,89909.82,24.86
$MAG,52925.865,-0.405,-0.852,-0.592,22.8
$IMU,52925.912,-2.380,5.676,4.150,-0.29345,0.87353,0.39501,24.53
$BARO,52925.951,89925.00,24.87
$MAG,52925.965,-0.405,-0.840,-0.600,22.8
$IMU,52925.988,-9.033,0.061,1.037,-0.24169,0.90917,0.45117,24.56
$BARO,52926.053,89930.61,24.87
$IMU,52926.063,-13.916,1.770,4.638,-0.27636,0.84179,0.45117,24.58
$MAG,52926.066,-0.406,-0.832,-0.612,22.8
$IMU,52926.138,-14.892,-13.977,-5.859,-0.29394,0.75537,0.50488,24.57
$BARO,52926.154,89931.97,24.87
$MAG,52926.167,-0.402,-0.834,-0.615,22.8
$IMU,52926.213,-12.634,-24.291,-10.253,-0.20898,0.76220,0.61621,24.58
$VBAT,52926.239,3.926
$BARO,52926.256,89935.97,24.87
$MAG,52926.267,-0.399,-0.838,-0.624,22.9
$IMU,52926.288,-5.798,-14.709,-1.953,-0.14404,0.71777,0.49951,24.57
$BARO,52926.357,89936.97,24.87
$IMU,52926.363,23.254,-10.131,-1.342,-0.11132,1.03222,0.52001,24.53
$MAG,52926.368,-0.393,-0.846,-0.598,22.8
$IMU,52926.438,-4.638,8.361,-6.774,-0.38916,0.90087,0.69091,24.59
$BARO,52926.459,89906.38,24.87
$MAG,52926.468,-0.402,-0.841,-0.616,22.9
$HUM,52926.511,36.3,25.4
$IMU,52926.513,-4.089,-0.244,1.647,-0.21337,0.89697,0.79101,24.56
$BARO,52926.560,89919.76,24.88
$MAG,52926.569,-0.400,-0.841,-0.613,22.8
$IMU,52926.588,0.976,15.930,3.295,-0.34667,0.82177,0.81298,24.57
$BARO,52926.662,89914.81,24.87
$IMU,52926.663,18.310,18.188,-2.136,-0.42187,0.99023,0.68505,24.54
$MAG,52926.669,-0.399,-0.832,-0.588,22.8
$TIME,52926.715,441099.000,2364
$IMU,52926.738,19.165,17.578,12.512,-0.41406,1.02490,0.60546,24.57
$BARO,52926.763,89917.57,24.87
$MAG,52926.770,-0.418,-0.838,-0.586,22.8
$IMU,52926.813,10.620,16.540,24.108,-0.34765,0.92578,0.63818,24.57
$BARO,52926.865,89931.78,24.87
$MAG,52926.871,-0.429,-0.838,-0.580,22.8
$IMU,52926.888,13.000,15.686,23.498,-0.27246,1.05029,0.60156,24.59
$IMU,52926.963,5.737,25.085,21.911,-0.31494,1.07812,0.56884,24.56
$BARO,52926.966,89926.95,24.88
$MAG,52926.971,-0.451,-0.825,-0.591,22.8
$IMU,52927.038,-6.835,35.705,30.090,-0.43457,0.97998,0.61669,24.58
$BARO,52927.068,89938.38,24.87
$MAG,52927.072,-0.475,-0.810,-0.606,22.8
$IMU,52927.113,-5.798,25.817,33.020,-0.40429,0.98193,0.63037,24.56
$BARO,52927.169,89928.56,24.88
$MAG,52927.172,-0.499,-0.793,-0.624,22.8
$IMU,52927.189,-10.375,20.935,28.503,-0.36083,0.97070,0.62792,24.55
$VBAT,52927.239,3.924
$IMU,52927.264,-12.939,26.855,24.963,-0.45849,1.01464,0.62158,24.59
$BARO,52927.271,89968.00,24.87
$MAG,52927.273,-0.516,-0.781,-0.645,22.8
$IMU,52927.339,-19.042,22.399,26.123,-0.46337,0.96875,0.59619,24.56
$BARO,52927.373,89940.75,24.88
$MAG,52927.374,-0.528,-0.768,-0.672,22.8
$IMU,52927.414,-21.179,22.338,27.954,-0.53808,0.92333,0.59960,24.57
$BARO,52927.474,89985.35,24.87
$MAG,52927.474,-0.544,-0.738,-0.709,22.9
$IMU,52927.489,-21.789,21.423,35.705,-0.60449,0.93945,0.59960,24.56
$HUM,52927.526,36.3,25.4
$IMU,52927.564,-19.958,11.047,46.020,-0.43505,0.85986,0.60742,24.57
$BARO,52927.575,89981.40,24.87
$MAG,52927.575,-0.576,-0.705,-0.715,22.8
$IMU,52927.639,-5.737,15.258,47.180,-0.47070,0.90136,0.59765,24.59
$MAG,52927.675,-0.610,-0.685,-0.730,22.8
$BARO,52927.677,89967.80,24.87
$IMU,52927.714,13.244,13.061,51.696,-0.42822,0.83642,0.55175,24.57
$TIME,52927.715,441100.000,2364
$MAG,52927.776,-0.634,-0.664,-0.708,22.9
$BARO,52927.778,89988.21,24.87
$IMU,52927.789,41.992,11.535,61.340,-0.33447,0.91162,0.41406,24.59
$IMU,52927.864,55.358,9.643,59.631,-0.26855,1.03320,0.27050,24.58
$MAG,52927.877,-0.660,-0.636,-0.684,22.8
$BARO,52927.880,90009.39,24.87
$IMU,52927.939,48.278,11.962,54.321,-0.14453,1.01855,0.14697,24.56
$MAG,52927.977,-0.681,-0.613,-0.673,22.9
$BARO,52927.981,90037.35,24.88
$IMU,52928.014,47.058,24.108,48.950,-0.17773,1.11572,-0.01953,24.56
$MAG,52928.078,-0.688,-0.580,-0.681,22.8
$BARO,52928.083,90045.97,24.88
$IMU,52928.089,29.418,26.489,45.288,-0.11425,0.98974,-0.05859,24.59
$IMU,52928.164,21.850,25.085,35.949,-0.20019,0.93017,-0.02099,24.60
$MAG,52928.178,-0.702,-0.568,-0.693,22.8
$BARO,52928.184,90050.95,24.88
$IMU,52928.239,26.733,20.019,26.855,-0.15722,0.85791,-0.03076,24.54
$VBAT,52928.240,3.922
$MAG,52928.279,-0.697,-0.565,-0.702,22.8
$BARO,52928.286,90056.14,24.88
$IMU,52928.314,41.137,22.949,28.442,-0.11669,0.88330,-0.06933,24.61
$MAG,52928.380,-0.693,-0.555,-0.714,22.8
$BARO,52928.387,90070.15,24.88
$IMU,52928.390,41.381,30.151,32.836,0.02099,0.87744,-0.21533,24.59
$IMU,52928.465,25.085,46.203,38.146,-0.01708,0.77099,-0.35742,24.53
$MAG,52928.480,-0.688,-0.522,-0.745,22.8
$BARO,52928.489,90071.13,24.89
$IMU,52928.540,8.117,30.761,31.494,0.10839,0.84570,-0.39550,24.61
$HUM,52928.541,36.2,25.4
$MAG,52928.581,-0.682,-0.520,-0.765,22.8
$BARO,52928.590,90072.52,24.89
$IMU,52928.615,-11.779,19.714,2.319,-0.00244,0.88818,-0.48535,24.57
$MAG,52928.682,-0.672,-0.495,-0.783,22.8
$IMU,52928.690,-58.837,2.807,-15.258,0.01074,0.99169,-0.44873,24.54
$BARO,52928.692,90075.32,24.88
$TIME,52928.715,441102.000,2364
$IMU,52928.765,-113.159,-23.254,-21.972,-0.05273,0.75976,-0.15576,24.52
$MAG,52928.782,-0.697,-0.453,-0.775,22.8
$BARO,52928.793,90079.73,24.89
$IMU,52928.840,-108.398,-29.357,-21.362,0.02099,0.48193,0.11718,24.55
$MAG,52928.883,-0.693,-0.429,-0.786,22.8
$BARO,52928.895,90087.31,24.89
$IMU,52928.915,-66.040,-2.868,-14.892,-0.16601,0.74853,0.27050,24.56
$MAG,52928.984,-0.696,-0.429,-0.792,22.8
$IMU,52928.990,-48.583,-0.854,-13.610,-0.15478,0.66552,0.29785,24.57
$BARO,52928.996,90096.67,24.90
$IMU,52929.065,-26.062,4.211,-11.108,-0.21044,0.72119,0.32177,24.58
$MAG,52929.084,-0.690,-0.409,-0.795,22.8
$BARO,52929.098,90117.10,24.89
$IMU,52929.140,-18.432,5.676,-9.155,-0.25390,0.73242,0.46875,24.59
$MAG,52929.185,-0.693,-0.412,-0.801,22.8
$BARO,52929.199,90117.88,24.90
$IMU,52929.215,-15.075,1.159,-8.117,-0.25048,0.90185,0.49267,24.59
$VBAT,52929.240,3.919
$MAG,52929.285,-0.682,-0.412,-0.801,22.8
$IMU,52929.290,-14.282,3.540,-2.563,-0.32666,0.85546,0.41748,24.59
$BARO,52929.301,90131.48,24.90
$IMU,52929.365,-9.216,0.244,6.530,-0.25195,0.84423,0.61914,24.55
$MAG,52929.386,-0.693,-0.394,-0.804,22.9
$BARO,52929.402,90137.70,24.90
$IMU,52929.440,-3.784,-1.403,10.925,-0.07861,0.63671,0.63134,24.56
$MAG,52929.487,-0.685,-0.403,-0.804,22.8
$BARO,52929.504,90153.66,24.90
$IMU,52929.515,15.136,-3.173,1.098,-0.09521,0.80810,0.57421,24.60
$HUM,52929.556,36.3,25.4
$MAG,52929.587,-0.675,-0.408,-0.808,22.8
$IMU,52929.590,11.291,3.906,-11.230,-0.18798,0.91748,0.72070,24.58
$BARO,52929.605,90163.49,24.90
$IMU,52929.666,17.456,6.286,-5.859,-0.29541,0.98193,0.69433,24.59
$MAG,52929.688,-0.672,-0.421,-0.808,22.8
$BARO,52929.707,90172.89,24.90
$TIME,52929.715,441103.000,2364
$IMU,52929.741,25.207,5.554,0.549,-0.25439,1.05175,0.67675,24.56
$MAG,52929.788,-0.678,-0.448,-0.807,22.8
$BARO,52929.808,90172.07,24.90
$IMU,52929.816,30.517,5.615,1.892,-0.19287,1.05419,0.57519,24.58
$MAG,52929.889,-0.682,-0.448,-0.810,22.8
$IMU,52929.891,22.766,3.479,9.643,-0.16699,1.12890,0.68554,24.56
$BARO,52929.910,90174.48,24.90
$IMU,52929.966,7.324,5.798,3.479,-0.11035,1.06787,0.71435,24.54
$MAG,52929.990,-0.663,-0.445,-0.813,23.0
$BARO,52930.011,90213.31,24.90
$IMU,52930.041,25.451,13.732,1.281,-0.26269,1.07861,0.50000,24.56
$MAG,52930.090,-0.675,-0.469,-0.808,22.8
$BARO,52930.113,90205.48,24.90
$IMU,52930.116,24.353,-1.770,-1.464,-0.15380,1.22705,0.55224,24.59
$MAG,52930.191,-0.670,-0.471,-0.807,22.8
$IMU,52930.191,7.507,1.708,0.183,-0.21240,1.11572,0.65478,24.59
$BARO,52930.214,90199.49,24.90
$VBAT,52930.244,3.911
$IMU,52930.266,3.234,4.760,8.483,-0.19775,1.04980,0.67968,24.56
$MAG,52930.291,-0.667,-0.471,-0.802,22.8
$BARO,52930.316,90204.07,24.91
$IMU,52930.341,10.070,-14.343,6.164,-0.02587,1.87011,1.00585,24.58
$MAG,52930.392,-0.675,-0.477,-0.804,22.8
$IMU,52930.416,16.296,1.098,3.479,-0.30078,1.13671,0.64306,24.56
$BARO,52930.417,90249.29,24.90
$IMU,52930.491,37.475,23.681,-12.756,-0.32128,1.23242,0.95996,24.59
$MAG,52930.492,-0.661,-0.480,-0.810,22.8
$BARO,52930.519,90236.66,24.91
$IMU,52930.566,-2.258,12.023,30.334,-0.09033,1.29980,1.25585,24.58
$HUM,52930.571,36.5,25.4
$MAG,52930.593,-0.657,-0.460,-0.817,22.8
$BARO,52930.620,90257.48,24.91
$IMU,52930.641,-2.380,6.469,6.286,-0.20166,1.16650,0.93505,24.61
$MAG,52930.694,-0.651,-0.487,-0.822,22.8
$TIME,52930.715,441103.000,2364
$IMU,52930.716,20.629,16.235,-10.009,-0.31738,1.38232,0.69091,24.61
$BARO,52930.722,90259.08,24.90
$IMU,52930.791,25.024,1.220,11.291,-0.40820,1.36572,0.83300,24.58
$MAG,52930.794,-0.652,-0.492,-0.811,22.8
$BARO,52930.823,90255.87,24.91
$IMU,52930.867,-2.746,2.441,-16.601,-0.32421,1.16992,0.97167,24.58
$MAG,52930.895,-0.654,-0.493,-0.826,22.9
$BARO,52930.925,90255.70,24.90
$IMU,52930.942,-1.953,10.742,13.916,-0.35791,1.41259,0.91259,24.59
$MAG,52930.995,-0.657,-0.484,-0.819,22.8
$IMU,52931.017,15.075,-10.986,12.390,-0.01318,1.35937,1.05224,24.61
$BARO,52931.026,90275.88,24.91
$IMU,52931.092,-13.427,-1.342,4.638,-0.05664,1.15429,1.20654,24.59
$MAG,52931.096,-0.651,-0.487,-0.829,22.8
$BARO,52931.128,90280.49,24.91
$IMU,52931.167,6.835,9.094,-3.540,-0.22216,1.27539,1.22314,24.62
$MAG,52931.197,-0.657,-0.489,-0.819,22.8
$BARO,52931.229,90299.25,24.91
$IMU,52931.242,20.812,-0.244,14.587,-0.06933,1.30078,1.14257,24.56
$VBAT,52931.247,3.914
$MAG,52931.297,-0.649,-0.493,-0.819,22.7
$IMU,52931.317,18.371,1.281,11.474,-0.04150,1.12841,1.15332,24.61
$BARO,52931.331,90303.45,24.91
$IMU,52931.392,16.113,10.253,8.972,-0.14990,1.40625,1.28271,24.59
$MAG,52931.398,-0.649,-0.501,-0.820,22.9
$BARO,52931.432,90301.89,24.91
$IMU,52931.467,23.010,10.864,8.422,-0.19189,1.25000,1.18847,24.58
$MAG,52931.498,-0.646,-0.504,-0.822,22.8
$BARO,52931.534,90327.46,24.91
$IMU,52931.542,14.465,7.324,1.586,-0.04541,1.28759,1.34228,24.60
$HUM,52931.586,36.4,25.4
$MAG,52931.599,-0.642,-0.517,-0.828,22.8
$IMU,52931.617,18.005,13.671,2.807,-0.11962,1.16406,1.23681,24.61
$BARO,52931.635,90338.47,24.91
$IMU,52931.692,25.207,6.835,4.638,-0.04492,1.24218,1.16601,24.57
$MAG,52931.700,-0.634,-0.525,-0.825,22.9
$TIME,52931.715,441105.000,2364
$BARO,52931.737,90329.65,24.91
$IMU,52931.767,3.051,9.460,-4.943,-0.02441,1.13183,1.28466,24.63
$MAG,52931.800,-0.627,-0.525,-0.831,22.9
$BARO,52931.838,90354.44,24.91
$IMU,52931.842,13.122,8.789,11.352,-0.03320,1.27099,1.19384,24.60
$MAG,52931.901,-0.625,-0.543,-0.820,22.8
$IMU,52931.917,11.535,-7.263,-1.159,0.14501,1.04541,1.09667,24.53
$BARO,52931.940,90353.46,24.91
$IMU,52931.992,7.873,4.760,9.399,0.02832,1.11816,1.21582,24.57
$MAG,52932.001,-0.630,-0.529,-0.829,22.8
$BARO,52932.041,90357.27,24.91
$IMU,52932.068,-9.094,-4.882,-2.807,0.09326,0.81103,1.14599,24.60
$MAG,52932.102,-0.633,-0.517,-0.820,22.8
$BARO,52932.143,90368.46,24.92
$IMU,52932.143,-0.366,1.464,8.605,0.10546,0.90771,1.05908,24.56
$MAG,52932.203,-0.639,-0.520,-0.831,22.8
$IMU,52932.218,-8.300,1.159,1.220,0.13085,0.76464,1.03906,24.59
$BARO,52932.244,90358.63,24.92
$VBAT,52932.247,3.914
$IMU,52932.293,-19.531,4.638,-3.173,0.17333,0.72412,1.10888,24.59
$MAG,52932.303,-0.633,-0.507,-0.835,22.8
$BARO,52932.346,90372.62,24.92
$IMU,52932.368,-32.470,2.136,-5.493,0.19824,0.46728,1.13134,24.61
$MAG,52932.404,-0.627,-0.487,-0.849,23.0
$IMU,52932.443,-28.930,4.333,-10.925,0.15576,0.36621,1.14013,24.63
$BARO,52932.447,90369.43,24.92
$MAG,52932.504,-0.625,-0.499,-0.853,22.8
$IMU,52932.518,-13.061,-1.647,-15.869,0.24218,0.36621,1.04882,24.59
$BARO,52932.549,90381.01,24.92
$IMU,52932.593,0.183,-0.488,-25.024,0.19726,0.37060,0.93847,24.62
$HUM,52932.600,36.2,25.4
$MAG,52932.605,-0.618,-0.517,-0.843,22.8
$BARO,52932.650,90382.45,24.92
$IMU,52932.668,16.784,-3.417,-35.644,0.13378,0.97167,0.96679,24.63
$MAG,52932.705,-0.609,-0.540,-0.846,22.8
$TIME,52932.715,441106.000,2364
$IMU,52932.743,-23.193,-9.704,-44.860,0.13574,0.63330,1.19580,24.61
$BARO,52932.752,90374.01,24.92
$MAG,52932.806,-0.594,-0.561,-0.840,22.9
$IMU,52932.818,-22.216,-15.014,-61.035,0.10937,0.57714,1.33691,24.62
$BARO,52932.853,90371.82,24.92
$IMU,52932.893,-46.386,-28.442,-77.392,0.29394,0.61328,1.54150,24.62
$MAG,52932.907,-0.588,-0.568,-0.841,23.0
$BARO,52932.955,90373.60,24.93
$IMU,52932.968,-82.458,-55.236,-89.172,0.78173,0.18457,1.52734,24.58
$MAG,52933.007,-0.595,-0.552,-0.838,22.8
$IMU,52933.043,-130.493,-65.979,-104.858,0.83056,-0.12841,1.64941,24.57
$BARO,52933.056,90370.21,24.92
$MAG,52933.108,-0.594,-0.552,-0.858,22.8
$IMU,52933.118,-128.784,-48.095,-116.821,0.29394,-0.68261,0.95312,24.61
$BARO,52933.158,90366.58,24.93
$IMU,52933.193,-84.106,-48.034,-105.590,0.20996,-0.68750,0.37451,24.63
$MAG,52933.208,-0.577,-0.573,-0.843,22.9
$VBAT,52933.248,3.919
$BARO,52933.259,90373.18,24.93
$IMU,52933.268,-26.611,-44.250,-88.439,0.14990,-0.44775,0.39013,24.59
$MAG,52933.309,-0.588,-0.631,-0.799,22.8
$IMU,52933.344,30.822,-58.837,-89.599,0.26464,-0.52392,0.57177,24.59
$BARO,52933.361,90373.79,24.93
$MAG,52933.410,-0.520,-0.775,-0.673,22.8
$IMU,52933.419,122.375,-54.626,-136.108,0.76806,-0.48828,0.51806,24.62
$BARO,52933.462,90376.79,24.93
$IMU,52933.494,205.688,6.713,-169.982,-0.03613,1.37500,0.65869,24.60
$MAG,52933.510,-0.348,-0.858,-0.508,22.9
$BARO,52933.564,90366.38,24.93
$IMU,52933.569,117.919,-49.377,-176.574,-0.24951,2.18750,1.33984,24.63
$MAG,52933.611,-0.253,-0.864,-0.552,22.9
$HUM,52933.615,36.4,25.5
$IMU,52933.644,-49.865,-154.907,-88.867,0.52832,0.40234,0.70019,24.59
$BARO,52933.665,90372.55,24.94
$MAG,52933.711,-0.135,-0.841,-0.570,22.8
$TIME,52933.715,441107.000,2364
$IMU,52933.719,7.263,-180.908,-128.967,0.78857,0.37402,0.52148,24.63
$BARO,52933.767,90373.18,24.93
$IMU,52933.794,39.489,-136.352,-178.161,0.38330,0.42529,0.38037,24.61
$MAG,52933.812,0.021,-0.774,-0.600,22.9
$BARO,52933.868,90374.96,24.94
$IMU,52933.869,15.991,-82.153,-162.231,0.06738,-0.05712,0.29589,24.59
$MAG,52933.912,0.106,-0.694,-0.625,22.9
$IMU,52933.944,17.639,-44.433,-123.779,-0.20800,0.74365,0.52587,24.60
$BARO,52933.970,90374.55,24.94
$MAG,52934.013,0.141,-0.642,-0.621,22.9
$IMU,52934.019,12.268,-17.639,-81.848,-0.22216,1.69677,0.93798,24.61
$BARO,52934.071,90372.11,24.94
$IMU,52934.094,22.949,18.066,-35.644,-0.51660,1.14355,0.46923,24.59
$MAG,52934.114,0.145,-0.637,-0.613,22.8
$IMU,52934.169,40.100,-7.873,-0.549,0.01074,0.75878,0.21435,24.63
$BARO,52934.173,90373.92,24.94
$MAG,52934.214,0.160,-0.628,-0.604,22.8
$IMU,52934.244,18.371,-6.958,-22.033,-0.53222,0.77734,-0.02636,24.66
$VBAT,52934.248,3.921
$BARO,52934.274,90369.31,24.95
$MAG,52934.315,0.139,-0.637,-0.643,22.8
$IMU,52934.319,-30.273,-27.465,0.610,-0.43115,0.86132,0.21777,24.62
$BARO,52934.376,90382.28,24.95
$IMU,52934.394,-53.039,-31.860,60.729,-0.35693,0.90429,0.33984,24.63
$MAG,52934.415,0.091,-0.673,-0.694,22.7
$IMU,52934.469,-51.879,-60.668,70.495,-0.45849,1.12304,0.34667,24.67
$BARO,52934.477,90365.87,24.96
$MAG,52934.516,-0.004,-0.679,-0.805,22.8
$IMU,52934.545,-89.843,-96.801,90.209,0.12304,0.43310,0.43994,24.61
$BARO,52934.579,90381.25,24.97
$MAG,52934.617,-0.100,-0.663,-0.889,22.8
$IMU,52934.620,-114.868,-45.410,125.793,0.13427,0.37060,0.85644,24.60
$HUM,52934.630,36.4,25.5
$BARO,52934.680,90381.25,24.97
$IMU,52934.695,-123.535,-18.310,148.132,0.14794,-0.25292,1.01220,24.63
$TIME,52934.715,441108.000,2364
$MAG,52934.717,-0.186,-0.621,-0.939,22.8
$IMU,52934.770,-72.021,-23.925,124.389,0.40087,-0.31982,1.04492,24.63
$BARO,52934.782,90379.08,24.96
$MAG,52934.818,-0.256,-0.604,-0.949,22.8
$IMU,52934.845,-29.235,-24.902,85.937,0.68603,-0.38916,1.01513,24.61
$BARO,52934.883,90373.23,24.97
$MAG,52934.918,-0.261,-0.621,-0.948,22.9
$IMU,52934.920,11.779,-14.404,25.390,0.95751,-0.43652,1.00341,24.61
$BARO,52934.985,90375.06,24.96
$IMU,52934.995,54.748,11.901,-33.203,0.79394,-0.25537,1.02880,24.66
$MAG,52935.019,-0.210,-0.681,-0.901,22.8
$IMU,52935.070,100.341,29.052,-112.243,0.81396,-0.45263,1.10595,24.62
$BARO,52935.086,90380.45,24.97
$MAG,52935.120,-0.033,-0.732,-0.759,22.9
$IMU,52935.145,184.692,66.162,-198.181,0.20507,0.06201,0.65087,24.58
$BARO,52935.188,90368.43,24.97
$MAG,52935.220,0.069,-0.729,-0.576,22.8
$IMU,52935.220,187.683,115.173,-147.888,-0.20605,1.44970,0.72558,24.63
$VBAT,52935.248,3.916
$BARO,52935.289,90369.65,24.96
$IMU,52935.295,73.242,80.566,-21.240,-0.33398,0.85302,0.59179,24.59
$MAG,52935.321,0.079,-0.741,-0.523,22.8
$IMU,52935.370,29.418,29.235,0.915,-0.19921,0.51806,0.44824,24.61
$BARO,52935.391,90385.64,24.97
$MAG,52935.421,0.075,-0.727,-0.502,22.8
$IMU,52935.445,16.906,14.953,-8.361,-0.16992,0.30224,0.24023,24.62
$BARO,52935.492,90369.89,24.96
$IMU,52935.520,18.737,16.723,0.244,-0.15136,0.55517,0.26269,24.65
$MAG,52935.522,0.073,-0.730,-0.480,22.8
$BARO,52935.594,90379.64,24.97
$IMU,52935.595,22.827,14.343,7.568,-0.20898,1.11035,0.34521,24.63
$MAG,52935.623,0.069,-0.727,-0.465,22.9
$HUM,52935.645,36.3,25.4
$IMU,52935.670,14.709,13.610,8.239,-0.07519,0.98388,0.31689,24.63
$BARO,52935.695,90373.65,24.96
$TIME,52935.715,441109.000,2364
$MAG,52935.723,0.042,-0.751,-0.435,22.9
$IMU,52935.746,4.943,18.188,32.958,0.04541,0.71386,0.28906,24.66
$BARO,52935.797,90378.84,24.96
$IMU,52935.821,24.169,29.418,23.010,-0.14208,1.87060,0.66357,24.62
$MAG,52935.824,0.019,-0.769,-0.414,22.9
$IMU,52935.896,-10.192,29.235,18.005,-0.35546,0.94238,0.50390,24.64
$BARO,52935.898,90369.65,24.96
$MAG,52935.924,0.025,-0.763,-0.400,22.8
$IMU,52935.971,-18.127,25.512,-11.352,-0.13085,0.60595,0.52001,24.67
$BARO,52936.000,90373.65,24.97
$MAG,52936.025,-0.001,-0.774,-0.402,22.8
$IMU,52936.046,-19.348,24.963,16.540,-0.03369,0.56884,0.54589,24.61
$BARO,52936.101,90376.45,24.96
$IMU,52936.121,-9.521,49.133,-5.371,-0.29980,0.92236,0.69189,24.62
$MAG,52936.125,-0.007,-0.775,-0.378,22.8
$IMU,52936.196,-10.681,51.330,-8.361,-0.47607,0.89843,0.57128,24.65
$BARO,52936.203,90372.26,24.96
$MAG,52936.226,-0.018,-0.775,-0.367,22.8
$VBAT,52936.248,3.908
$IMU,52936.271,-11.474,22.399,12.756,-0.27832,0.76953,0.51171,24.63
$BARO,52936.304,90373.84,24.97
$MAG,52936.327,-0.037,-0.787,-0.378,22.8
$IMU,52936.346,-15.930,18.127,13.305,-0.32763,0.75439,0.56445,24.66
$BARO,52936.405,90371.23,24.97
$IMU,52936.421,-12.817,19.775,9.582,-0.38378,0.75488,0.63964,24.62
$MAG,52936.427,-0.055,-0.805,-0.373,22.8
$IMU,52936.496,-7.568,16.845,25.634,-0.32910,0.80566,0.63525,24.62
$BARO,52936.507,90383.84,24.97
$MAG,52936.528,-0.076,-0.805,-0.376,22.8
$IMU,52936.571,-2.075,0.732,20.874,-0.19921,0.76464,0.57226,24.63
$BARO,52936.608,90377.04,24.97
$MAG,52936.629,-0.084,-0.805,-0.367,22.8
$IMU,52936.646,5.371,-1.831,3.906,-0.20312,0.85302,0.53417,24.65
$HUM,52936.660,36.5,25.5
$BARO,52936.710,90368.21,24.97
$TIME,52936.715,441110.000,2364
$IMU,52936.721,6.896,2.197,-0.854,-0.30761,0.85839,0.51220,24.67
$MAG,52936.729,-0.087,-0.811,-0.361,22.8
$IMU,52936.796,5.859,-1.098,-0.549,-0.33593,0.82519,0.53222,24.68
$BARO,52936.811,90373.84,24.97
$MAG,52936.830,-0.088,-0.799,-0.366,22.8
$IMU,52936.871,2.197,-10.864,-0.183,-0.31689,0.82177,0.53515,24.67
$BARO,52936.913,90373.79,24.97
$MAG,52936.930,-0.088,-0.811,-0.357,22.8
$IMU,52936.947,-2.441,-13.549,8.239,-0.26220,0.76123,0.56298,24.66
$BARO,52937.014,90375.60,24.97
$IMU,52937.022,-6.164,-16.967,16.662,-0.28515,0.95263,0.62011,24.67
$MAG,52937.031,-0.094,-0.826,-0.393,22.8
$IMU,52937.097,-16.906,-31.921,25.939,-0.07470,1.10791,0.55810,24.67
$BARO,52937.116,90374.79,24.98
$MAG,52937.131,-0.108,-0.832,-0.412,22.9
$IMU,52937.172,-10.803,-38.574,25.207,0.10986,1.14062,0.48339,24.66
$BARO,52937.217,90383.81,24.97
$MAG,52937.232,-0.124,-0.835,-0.420,23.0
$IMU,52937.247,0.671,-34.912,26.550,0.27929,0.80468,0.32617,24.66
$VBAT,52937.249,3.937
$BARO,52937.319,90371.77,24.98
$IMU,52937.322,3.356,-13.610,17.639,0.21142,0.43115,0.19482,24.64
$MAG,52937.333,-0.133,-0.846,-0.420,22.8
$IMU,52937.397,10.986,4.699,5.371,0.22460,0.80712,0.34130,24.67
$BARO,52937.420,90375.77,24.98
$MAG,52937.433,-0.166,-0.846,-0.402,22.9
$IMU,52937.472,-3.173,22.583,38.391,0.53710,1.16259,0.56152,24.65
$BARO,52937.522,90374.60,24.98
$MAG,52937.534,-0.280,-0.858,-0.406,22.9
$IMU,52937.547,-17.944,90.881,90.698,0.71240,1.12695,0.35644,24.68
$IMU,52937.622,-35.400,193.603,131.591,0.18310,0.75976,0.12597,24.68
$BARO,52937.623,90375.55,24.99
$MAG,52937.634,-0.441,-0.835,-0.493,22.8
$HUM,52937.675,36.6,25.5
$IMU,52937.697,-40.222,181.091,112.182,-0.04052,0.72753,0.53662,24.73
$TIME,52937.715,441111.000,2364
$BARO,52937.725,90378.18,24.98
$MAG,52937.735,-0.508,-0.808,-0.561,22.9
$IMU,52937.772,-40.283,99.670,60.913,0.08691,0.78906,0.91357,24.63
$BARO,52937.826,90367.36,24.98
$MAG,52937.836,-0.513,-0.787,-0.613,22.8
$IMU,52937.847,-51.818,36.621,15.197,0.12841,0.93066,0.73632,24.64
$IMU,52937.922,-75.378,8.422,-7.446,0.17724,0.38720,0.55712,24.65
$BARO,52937.928,90370.16,24.98
$MAG,52937.936,-0.496,-0.778,-0.678,22.8
$IMU,52937.997,-55.725,9.216,-13.305,0.08740,0.42285,0.76904,24.65
$BARO,52938.029,90371.94,24.99
$MAG,52938.037,-0.474,-0.775,-0.723,22.9
$IMU,52938.072,-48.889,-0.793,-29.907,0.01953,0.44531,1.18359,24.67
$BARO,52938.131,90372.75,24.99
$MAG,52938.137,-0.421,-0.781,-0.726,22.9
$IMU,52938.147,-29.846,-33.813,-71.960,-0.24218,-0.01855,1.36328,24.65
$IMU,52938.223,54.992,-115.661,-158.081,-0.19433,0.09130,0.90820,24.68
$BARO,52938.232,90369.53,24.99
$MAG,52938.238,-0.309,-0.849,-0.613,22.8
$VBAT,52938.249,3.910
$IMU,52938.298,114.257,-173.217,-187.072,0.22656,0.45117,0.57568,24.67
$BARO,52938.334,90373.92,25.00
$MAG,52938.339,-0.154,-0.856,-0.520,22.8
$IMU,52938.373,107.604,-130.371,-172.302,0.28662,0.69482,0.58300,24.69
$BARO,52938.435,90375.74,24.99
$MAG,52938.439,-0.075,-0.829,-0.487,22.8
$IMU,52938.448,64.880,-48.095,-99.792,0.16699,1.22705,0.83886,24.68
$IMU,52938.523,13.183,-9.643,-31.677,0.04589,0.82275,0.61376,24.64
$BARO,52938.536,90373.14,24.99
$MAG,52938.540,-0.051,-0.813,-0.481,22.8
$IMU,52938.598,16.967,-3.662,-33.813,0.05859,0.73828,0.54101,24.70
$BARO,52938.638,90380.11,24.99
$MAG,52938.640,-0.015,-0.796,-0.469,22.8
$IMU,52938.673,19.409,-0.732,-43.945,-0.08154,0.67285,0.50048,24.68
$HUM,52938.690,36.4,25.5
$TIME,52938.715,441112.000,2364
$BARO,52938.739,90370.70,24.99
$MAG,52938.741,0.021,-0.775,-0.451,22.9
$IMU,52938.748,20.507,-5.676,-35.888,-0.16992,0.87792,0.53857,24.67
$IMU,52938.823,16.174,-13.427,-22.521,-0.12939,0.95556,0.57812,24.66
$BARO,52938.841,90387.69,25.00
$MAG,52938.842,0.037,-0.754,-0.457,23.0
$IMU,52938.898,3.967,-18.493,-20.080,-0.14990,0.89941,0.63330,24.67
$BARO,52938.942,90372.06,25.00
$MAG,52938.942,0.049,-0.757,-0.459,22.9
$IMU,52938.973,3.601,-19.042,-14.892,-0.13037,0.85449,0.55615,24.68
$MAG,52939.043,0.058,-0.754,-0.483,22.8
$BARO,52939.044,90380.50,25.00
$IMU,52939.048,3.540,-20.385,-5.249,-0.12695,0.75244,0.48681,24.68
$IMU,52939.123,9.399,-23.437,2.807,-0.08398,0.83300,0.41650,24.70
$MAG,52939.144,0.061,-0.748,-0.486,22.9
$BARO,52939.145,90379.86,25.00
$IMU,52939.198,13.549,-21.179,-2.502,-0.02392,0.91357,0.39160,24.71
$MAG,52939.244,0.054,-0.742,-0.489,23.0
$BARO,52939.247,90377.67,25.01
$VBAT,52939.250,3.918
$IMU,52939.273,5.615,-15.502,-1.953,-0.00927,1.01855,0.47705,24.67
$MAG,52939.345,0.061,-0.747,-0.508,22.8
$IMU,52939.348,-4.760,-15.258,1.342,0.03222,0.86767,0.45800,24.70
$BARO,52939.348,90380.45,25.01
$IMU,52939.424,0.732,-12.573,1.892,0.08300,0.94433,0.45458,24.69
$MAG,52939.445,0.063,-0.751,-0.516,22.9
$BARO,52939.450,90378.25,25.01
$IMU,52939.499,-1.647,-6.103,3.234,0.10937,0.95458,0.40771,24.67
$MAG,52939.546,0.049,-0.753,-0.505,22.9
$BARO,52939.551,90375.82,25.01
$IMU,52939.574,1.098,2.746,0.854,0.02050,0.98046,0.37353,24.72
$MAG,52939.647,0.052,-0.754,-0.519,23.0
$IMU,52939.649,-4.760,4.211,0.488,0.05126,0.92138,0.36669,24.69
$BARO,52939.653,90367.65,25.01
$HUM,52939.704,36.3,25.5
$TIME,52939.715,441112.000,2364
$IMU,52939.724,-6.408,7.019,-2.990,-0.02587,0.94873,0.43310,24.69
$MAG,52939.747,0.060,-0.747,-0.517,23.0
$BARO,52939.754,90383.40,25.02
$IMU,52939.799,-0.915,-1.586,-4.150,0.04785,0.80175,0.35498,24.67
$MAG,52939.848,0.057,-0.747,-0.505,23.0
$BARO,52939.856,90368.02,25.01
$IMU,52939.874,7.934,2.990,-0.915,0.04443,0.87988,0.36816,24.72
$MAG,52939.948,0.055,-0.753,-0.501,22.9
$IMU,52939.949,7.995,3.112,-0.366,0.02880,1.01171,0.44482,24.67
$BARO,52939.957,90366.63,25.02
$IMU,52940.024,6.774,1.464,-1.342,0.02832,0.94970,0.40185,24.72
$MAG,52940.049,0.052,-0.748,-0.501,22.9
$BARO,52940.059,90378.42,25.01
$IMU,52940.099,4.455,7.324,-7.751,-0.05810,0.98876,0.38085,24.71
$MAG,52940.150,0.072,-0.739,-0.480,22.9
$BARO,52940.160,90374.79,25.02
$IMU,52940.174,2.868,9.704,-13.427,-0.10595,0.97998,0.38916,24.75
$IMU,52940.249,3.295,9.582,-10.009,-0.11083,0.94580,0.36572,24.72
$MAG,52940.250,0.069,-0.730,-0.478,22.8
$VBAT,52940.251,3.930
$BARO,52940.262,90377.18,25.02
$IMU,52940.324,-0.732,8.972,-14.038,-0.13037,0.96435,0.42773,24.72
$MAG,52940.351,0.084,-0.717,-0.472,23.0
$BARO,52940.363,90373.99,25.02
$IMU,52940.399,-1.159,9.582,-19.165,-0.18603,0.80761,0.36083,24.73
$MAG,52940.451,0.100,-0.697,-0.459,23.0
$BARO,52940.465,90368.99,25.03
$IMU,52940.474,8.666,10.620,-24.963,-0.17968,0.89501,0.41015,24.74
$IMU,52940.549,-3.723,14.709,-26.977,-0.34179,0.85400,0.44287,24.72
$MAG,52940.552,0.123,-0.672,-0.453,23.3
$BARO,52940.566,90377.18,25.03
$IMU,52940.625,-1.037,13.061,-31.677,-0.43408,0.78906,0.42187,24.75
$MAG,52940.653,0.130,-0.654,-0.441,23.0
$BARO,52940.668,90378.57,25.03
$IMU,52940.700,5.493,13.122,-29.052,-0.48095,0.83300,0.40917,24.70
$TIME,52940.715,441114.000,2364
$HUM,52940.719,36.5,25.5
$MAG,52940.753,0.145,-0.640,-0.441,22.8
$BARO,52940.769,90373.74,25.03
$IMU,52940.775,-7.385,10.253,-19.897,-0.54589,0.91015,0.43505,24.73
$IMU,52940.850,-25.207,-4.333,-7.690,-0.55126,0.76269,0.52929,24.68
$MAG,52940.854,0.150,-0.640,-0.456,22.9
$BARO,52940.871,90379.16,25.04
$IMU,52940.925,-15.136,-21.179,3.540,-0.57128,0.66650,0.55859,24.69
$MAG,52940.954,0.153,-0.648,-0.484,23.2
$BARO,52940.972,90378.16,25.03
$IMU,52941.000,10.070,-32.653,1.892,-0.58447,0.72705,0.45312,24.74
$MAG,52941.055,0.154,-0.648,-0.493,22.8
$BARO,52941.074,90373.14,25.03
$IMU,52941.075,30.639,-33.325,5.187,-0.57128,0.83398,0.35156,24.71
$IMU,52941.150,30.456,-30.456,23.193,-0.50585,0.86914,0.30371,24.74
$MAG,52941.155,0.135,-0.670,-0.504,23.0
$BARO,52941.175,90378.74,25.03
$IMU,52941.225,16.540,-48.034,33.020,-0.32177,0.91943,0.34277,24.73
$MAG,52941.256,0.115,-0.690,-0.546,22.8
$VBAT,52941.261,3.922
$BARO,52941.277,90370.92,25.04
$IMU,52941.300,12.512,-63.232,31.250,0.02197,0.78613,0.29052,24.73
$MAG,52941.357,0.087,-0.709,-0.567,22.9
$IMU,52941.375,17.150,-54.443,28.320,0.17480,0.91210,0.30517,24.72
$BARO,52941.378,90371.72,25.04
$IMU,52941.450,20.324,-50.292,29.296,0.21289,1.06201,0.34179,24.68
$MAG,52941.457,0.067,-0.735,-0.603,23.2
$BARO,52941.479,90367.72,25.04
$IMU,52941.525,14.099,-44.555,21.667,0.37646,0.82763,0.36035,24.75
$MAG,52941.558,0.051,-0.751,-0.595,23.0
$BARO,52941.581,90370.53,25.04
$IMU,52941.600,30.822,-18.554,16.967,0.35009,0.94384,0.24658,24.73
$MAG,52941.658,0.037,-0.760,-0.567,22.9
$IMU,52941.675,30.151,-3.662,10.437,0.31835,1.00781,0.14355,24.74
$BARO,52941.682,90385.49,25.04
$TIME,52941.715,441114.000,2364
$HUM,52941.734,36.2,25.6
$IMU,52941.750,31.311,8.789,-0.976,0.22753,1.03515,0.09228,24.77
$MAG,52941.759,0.043,-0.759,-0.541,23.0
$BARO,52941.784,90380.50,25.04
$IMU,52941.826,34.423,17.761,-5.554,0.33105,0.99853,0.04589,24.75
$MAG,52941.860,0.030,-0.765,-0.484,22.9
$BARO,52941.885,90376.45,25.05
$IMU,52941.901,28.869,68.420,2.746,0.60644,0.96044,-0.00292,24.78
$MAG,52941.960,-0.001,-0.756,-0.352,23.0
$IMU,52941.976,33.447,169.006,7.385,0.31005,1.03906,-0.12255,24.72
$BARO,52941.987,90375.50,25.04
$IMU,52942.051,24.597,185.058,-17.150,0.04931,1.01416,-0.16552,24.74
$MAG,52942.061,-0.066,-0.741,-0.262,22.9
$BARO,52942.088,90367.68,25.05
$IMU,52942.126,3.540,133.178,-18.249,-0.03222,1.12597,-0.04589,24.77
$MAG,52942.161,-0.111,-0.738,-0.232,22.8
$BARO,52942.190,90372.48,25.05
$IMU,52942.201,-11.108,84.716,-11.962,0.09521,0.91748,0.02392,24.72
$MAG,52942.262,-0.166,-0.736,-0.198,22.9
$VBAT,52942.270,3.903
$IMU,52942.276,-7.934,95.947,-6.103,0.26074,0.97656,-0.06103,24.76
$BARO,52942.291,90382.25,25.05
$IMU,52942.351,-4.882,138.793,-10.498,-0.03417,1.28173,-0.09912,24.77
$MAG,52942.363,-0.250,-0.754,-0.198,22.8
$BARO,52942.393,90379.45,25.05
$IMU,52942.426,-28.015,156.066,-18.066,0.06103,0.85107,-0.18750,24.75
$MAG,52942.463,-0.369,-0.765,-0.225,22.9
$BARO,52942.494,90382.03,25.06
$IMU,52942.501,-29.785,219.421,-16.418,-0.41357,1.08398,-0.33154,24.75
$MAG,52942.564,-0.465,-0.777,-0.300,22.9
$IMU,52942.576,-40.893,203.186,-13.732,-0.59912,0.90478,-0.24414,24.77
$BARO,52942.596,90377.67,25.05
$IMU,52942.651,-33.508,148.315,9.338,-0.49658,0.99121,-0.10546,24.74
$MAG,52942.665,-0.523,-0.781,-0.375,22.9
$BARO,52942.697,90383.03,25.06
$TIME,52942.715,441116.000,2364
$IMU,52942.726,-32.287,101.989,12.573,-0.36914,0.94921,-0.04443,24.76
$HUM,52942.749,36.6,25.6
$MAG,52942.765,-0.561,-0.775,-0.444,22.8
$BARO,52942.799,90371.84,25.06
$IMU,52942.801,-30.761,82.702,24.841,-0.24755,1.05517,-0.01806,24.72
$MAG,52942.866,-0.568,-0.772,-0.520,23.2
$IMU,52942.876,-37.414,87.463,13.488,-0.11865,0.98974,0.17675,24.74
$BARO,52942.900,90379.23,25.06
$IMU,52942.951,-26.306,103.759,-4.882,-0.34375,0.76074,0.12109,24.76
$MAG,52942.966,-0.561,-0.774,-0.579,22.9
$BARO,52943.002,90385.03,25.07
$IMU,52943.026,0.671,60.302,-2.075,-0.36132,1.08447,0.20166,24.77
$MAG,52943.067,-0.541,-0.781,-0.598,23.0
$IMU,52943.102,-7.995,21.850,-14.038,-0.30664,0.89501,0.19091,24.79
$BARO,52943.103,90373.79,25.07
$MAG,52943.168,-0.529,-0.790,-0.594,23.0
$IMU,52943.177,-1.037,1.342,-10.131,-0.41113,1.00634,0.21972,24.77
$BARO,52943.205,90371.19,25.07
$IMU,52943.252,0.366,-53.771,-26.367,-0.81982,0.98486,0.16064,24.76
$MAG,52943.268,-0.507,-0.813,-0.532,23.0
$VBAT,52943.279,3.913
$BARO,52943.306,90374.40,25.07
$IMU,52943.327,6.042,-187.744,-73.425,-0.90820,0.97265,-0.07958,24.77
$MAG,52943.369,-0.400,-0.837,-0.412,23.3
$IMU,52943.402,21.667,-329.711,-86.608,-0.54882,1.00146,-0.38916,24.77
$BARO,52943.407,90373.18,25.07
$MAG,52943.469,-0.231,-0.837,-0.372,23.3
$IMU,52943.477,34.118,-388.977,-78.308,-0.07519,1.07470,-0.37988,24.76
$BARO,52943.509,90373.38,25.07
$IMU,52943.552,27.282,-353.454,-62.438,0.41894,1.05859,-0.10009,24.76
$MAG,52943.570,-0.100,-0.820,-0.421,22.9
$BARO,52943.610,90375.77,25.07
$IMU,52943.627,11.047,-235.961,-46.813,0.64355,1.01513,0.22070,24.72
$MAG,52943.671,-0.048,-0.813,-0.481,22.9
$IMU,52943.702,-7.812,-102.783,-32.470,0.41113,0.95166,0.40429,24.78
$BARO,52943.712,90377.38,25.07
$TIME,52943.715,441116.000,2364
$HUM,52943.764,36.5,25.6
$MAG,52943.771,-0.022,-0.793,-0.507,23.2
$IMU,52943.777,-12.573,-37.536,-28.076,0.20654,0.91406,0.46240,24.78
$BARO,52943.813,90381.79,25.07
$IMU,52943.852,-12.329,-18.920,-18.615,0.20166,0.86914,0.45263,24.77
$MAG,52943.872,-0.010,-0.795,-0.531,23.4
$BARO,52943.915,90380.35,25.08
$IMU,52943.927,-11.840,-5.249,-15.930,0.10498,0.92626,0.48095,24.79
$MAG,52943.973,0.003,-0.787,-0.532,22.9
$IMU,52944.002,-16.174,-4.089,-9.765,0.12451,0.88330,0.48583,24.76
$BARO,52944.016,90376.52,25.08
$MAG,52944.073,0.000,-0.789,-0.559,22.9
$IMU,52944.077,-19.165,-4.272,-7.507,0.14697,0.89013,0.50585,24.77
$BARO,52944.118,90377.74,25.08
$IMU,52944.152,-14.892,-4.028,-3.295,0.19628,0.85791,0.52832,24.81
$MAG,52944.174,0.006,-0.780,-0.565,22.9
$BARO,52944.219,90376.30,25.09
$IMU,52944.227,-13.916,6.774,3.784,0.12841,0.82226,0.47167,24.81
$MAG,52944.274,-0.001,-0.790,-0.576,23.4
$VBAT,52944.287,3.918
$IMU,52944.303,-19.042,9.216,10.864,0.08935,0.97070,0.43701,24.79
$BARO,52944.321,90377.91,25.09
$MAG,52944.375,-0.010,-0.790,-0.616,23.2
$IMU,52944.378,-49.926,13.488,18.188,0.17724,0.90380,0.34863,24.77
$BARO,52944.422,90364.48,25.09
$IMU,52944.453,-79.772,26.672,14.099,0.01025,0.73291,0.65283,24.78
$MAG,52944.475,-0.010,-0.769,-0.672,23.4
$BARO,52944.524,90399.51,25.09
$IMU,52944.528,-97.045,2.441,-2.685,0.01318,0.61767,0.55322,24.79
$MAG,52944.576,0.006,-0.733,-0.739,23.0
$IMU,52944.603,-69.763,-3.723,-12.390,0.16943,0.16503,0.76806,24.82
$BARO,52944.625,90394.02,25.11
$MAG,52944.677,-0.004,-0.747,-0.708,22.8
$IMU,52944.678,8.239,24.536,4.760,-0.15966,0.45703,0.92919,24.79
$TIME,52944.715,441117.000,2364
$BARO,52944.727,90385.37,25.12
$IMU,52944.753,13.244,11.474,23.071,0.24902,0.52685,1.08056,24.77
$MAG,52944.777,-0.003,-0.763,-0.675,23.3
$HUM,52944.779,35.6,25.6
$BARO,52944.828,90365.55,25.12
$IMU,52944.828,38.269,35.522,0.183,-0.06787,0.56005,1.12939,24.78
$MAG,52944.878,0.009,-0.774,-0.619,23.4
$IMU,52944.903,45.898,36.376,-7.568,0.04687,1.03222,0.94140,24.80
$BARO,52944.930,90379.62,25.11
$MAG,52944.978,-0.001,-0.777,-0.642,23.0
$IMU,52944.978,-33.142,49.499,29.113,-0.03564,1.20751,0.53564,24.81
$BARO,52945.031,90396.15,25.13
$IMU,52945.053,-139.160,76.599,61.950,-0.06835,0.51562,0.22998,24.80
$MAG,52945.079,-0.025,-0.750,-0.730,22.9
$IMU,52945.128,-184.143,103.332,62.500,-0.09423,0.11865,0.20410,24.81
$BARO,52945.133,90381.18,25.12
$MAG,52945.180,0.006,-0.691,-0.790,23.3
$IMU,52945.203,-187.255,131.896,55.419,-0.14501,-0.25195,0.15917,24.80
$BARO,52945.234,90376.38,25.12
$IMU,52945.278,-155.517,177.307,95.336,-0.45947,-0.51611,0.02001,24.78
$MAG,52945.280,0.049,-0.688,-0.759,23.2
$VBAT,52945.298,3.903
$BARO,52945.336,90378.99,25.12
$IMU,52945.353,-100.280,218.933,110.778,-1.03027,-0.57666,-0.11621,24.80
$MAG,52945.381,0.082,-0.708,-0.655,23.4
$IMU,52945.428,-50.964,195.861,50.292,-1.60156,-0.53759,-0.02246,24.83
$BARO,52945.437,90380.81,25.11
$MAG,52945.481,0.097,-0.709,-0.583,23.3
$IMU,52945.504,-19.042,117.492,9.216,-1.35058,-0.18457,0.01513,24.80
$BARO,52945.539,90379.98,25.12
$IMU,52945.579,-19.165,102.294,51.757,-1.54736,0.13427,-0.04492,24.84
$MAG,52945.582,0.055,-0.757,-0.519,23.0
$BARO,52945.640,90386.22,25.11
$IMU,52945.654,-8.972,74.645,76.660,-1.25146,0.25341,-0.27050,24.83
$MAG,52945.683,-0.016,-0.811,-0.477,23.2
$TIME,52945.715,441119.000,2364
$IMU,52945.729,2.563,64.880,84.350,-1.25244,0.43359,-0.39843,24.83
$BARO,52945.742,90383.98,25.12
$MAG,52945.783,-0.082,-0.820,-0.463,23.3
$HUM,52945.794,36.9,25.6
$IMU,52945.804,-15.197,35.217,67.199,-0.88525,0.59570,-0.42236,24.77
$BARO,52945.843,90388.00,25.12
$IMU,52945.879,-45.166,18.188,72.265,-0.75000,0.56933,-0.55322,24.81
$MAG,52945.884,-0.153,-0.849,-0.501,23.2
$BARO,52945.944,90383.79,25.12
$IMU,52945.954,-50.231,23.193,57.739,-0.95605,0.58642,-0.34375,24.76
$MAG,52945.984,-0.172,-0.858,-0.537,23.4
$IMU,52946.029,-37.902,-11.352,12.451,-0.78759,0.65380,-0.25488,24.84
$BARO,52946.046,90376.60,25.12
$MAG,52946.085,-0.217,-0.858,-0.597,23.4
$IMU,52946.104,-58.776,-10.314,39.550,-0.61376,0.59179,-0.44580,24.84
$BARO,52946.147,90382.98,25.12
$IMU,52946.179,-71.044,11.230,41.259,-0.76904,0.68310,-0.26708,24.78
$MAG,52946.185,-0.243,-0.841,-0.661,22.9
$BARO,52946.249,90382.57,25.12
$IMU,52946.254,-76.293,3.906,13.244,-0.59570,0.71533,-0.24609,24.84
$MAG,52946.286,-0.241,-0.817,-0.727,23.3
$VBAT,52946.306,3.893
$IMU,52946.329,-56.823,3.234,7.141,-0.43945,0.86523,-0.15771,24.82
$BARO,52946.350,90376.96,25.12
$MAG,52946.387,-0.258,-0.792,-0.762,23.2
$IMU,52946.404,-47.668,23.071,26.184,-0.59082,0.91308,0.00048,24.80
$BARO,52946.452,90386.18,25.12
$IMU,52946.479,-43.273,16.967,29.479,-0.58251,0.84912,0.08886,24.85
$MAG,52946.487,-0.271,-0.766,-0.799,22.9
$BARO,52946.553,90379.57,25.12
$IMU,52946.554,-33.935,16.662,30.883,-0.53759,0.75390,0.00976,24.79
$MAG,52946.588,-0.280,-0.760,-0.813,22.9
$IMU,52946.629,-19.714,16.723,22.521,-0.47119,0.78857,0.04443,24.80
$BARO,52946.655,90390.56,25.13
$MAG,52946.688,-0.282,-0.747,-0.825,23.0
$IMU,52946.705,-13.244,12.145,5.676,-0.51513,0.84570,0.07812,24.80
$TIME,52946.715,441119.000,2364
$BARO,52946.756,90378.35,25.13
$IMU,52946.780,-2.197,2.014,10.986,-0.57080,0.84423,0.11132,24.82
$MAG,52946.789,-0.295,-0.751,-0.814,22.8
$HUM,52946.809,37.1,25.6
$IMU,52946.855,1.159,-4.211,14.038,-0.37841,0.97998,0.00830,24.81
$BARO,52946.858,90385.76,25.13
$MAG,52946.890,-0.298,-0.745,-0.831,22.9
$IMU,52946.930,-11.779,3.906,17.578,-0.42089,0.96972,0.09326,24.84
$BARO,52946.959,90382.13,25.13
$MAG,52946.990,-0.301,-0.741,-0.840,23.2
$IMU,52947.005,-14.099,4.760,14.648,-0.33251,0.95654,0.09228,24.83
$BARO,52947.061,90378.72,25.13
$IMU,52947.080,-13.061,11.047,24.780,-0.28271,1.01806,0.09375,24.81
$MAG,52947.091,-0.315,-0.735,-0.856,23.2
$IMU,52947.155,-10.314,19.592,44.128,-0.11474,0.97949,0.10742,24.84
$BARO,52947.162,90390.34,25.13
$MAG,52947.191,-0.325,-0.730,-0.852,23.3
$IMU,52947.230,6.103,36.987,63.354,-0.09082,1.12402,0.06005,24.81
$BARO,52947.264,90378.52,25.13
$MAG,52947.292,-0.355,-0.715,-0.850,23.2
$IMU,52947.305,6.713,47.363,81.054,-0.14208,0.97070,-0.02001,24.80
$VBAT,52947.316,3.916
$BARO,52947.365,90385.13,25.13
$IMU,52947.380,18.859,18.615,57.678,-0.07861,0.66113,-0.01318,24.81
$MAG,52947.392,-0.370,-0.730,-0.828,23.4
$IMU,52947.455,46.691,15.380,20.996,0.09423,1.12109,0.04931,24.82
$BARO,52947.467,90389.30,25.14
$MAG,52947.493,-0.352,-0.735,-0.831,23.4
$IMU,52947.530,5.432,74.768,11.413,0.07373,1.22509,0.01904,24.83
$BARO,52947.568,90381.11,25.14
$MAG,52947.594,-0.282,-0.717,-0.856,23.0
$IMU,52947.605,-35.278,96.496,0.488,-0.03076,0.93164,-0.08398,24.85
$BARO,52947.670,90385.91,25.14
$IMU,52947.680,-35.461,75.805,8.666,-0.13720,0.93505,-0.12011,24.86
$MAG,52947.694,-0.240,-0.705,-0.891,23.2
$TIME,52947.715,441120.000,2364
$IMU,52947.755,-32.653,38.635,8.544,-0.13623,0.90625,-0.05517,24.80
$BARO,52947.771,90382.28,25.14
$MAG,52947.795,-0.238,-0.693,-0.897,23.0
$HUM,52947.824,37.1,25.6
$IMU,52947.830,-14.099,6.835,10.192,0.02246,0.98583,0.02685,24.82
$BARO,52947.873,90382.69,25.14
$MAG,52947.895,-0.244,-0.681,-0.900,23.0
$IMU,52947.906,-0.671,5.432,8.850,0.04589,1.07763,0.08544,24.82
$BARO,52947.974,90392.68,25.14
$IMU,52947.981,-1.037,11.535,-4.638,0.08105,1.02099,0.10205,24.84
$MAG,52947.996,-0.217,-0.679,-0.897,22.9
$IMU,52948.056,3.417,20.446,-5.798,0.11572,1.01464,0.08349,24.82
$BARO,52948.076,90382.47,25.14
$MAG,52948.097,-0.196,-0.679,-0.889,23.0
$IMU,52948.131,6.469,28.381,-0.610,0.05029,1.04052,0.11328,24.86
$BARO,52948.177,90386.47,25.15
$MAG,52948.197,-0.180,-0.694,-0.885,23.3
$IMU,52948.206,5.249,25.695,4.699,0.06787,1.01367,0.11621,24.87
$BARO,52948.279,90378.06,25.15
$IMU,52948.281,1.770,23.010,13.549,0.05957,1.04003,0.10595,24.86
$MAG,52948.298,-0.175,-0.691,-0.880,23.2
$VBAT,52948.323,3.918
$IMU,52948.356,-7.995,16.540,17.578,0.06982,1.08984,0.12744,24.83
$BARO,52948.380,90377.64,25.15
$MAG,52948.399,-0.174,-0.687,-0.897,23.3
$IMU,52948.431,-19.165,8.666,5.187,0.04492,1.04638,0.15332,24.83
$BARO,52948.482,90391.05,25.15
$MAG,52948.499,-0.166,-0.667,-0.898,23.0
$IMU,52948.506,-20.629,-3.967,-17.761,0.07812,0.98144,0.14013,24.89
$IMU,52948.581,-13.305,-12.634,-24.597,0.13378,0.99902,0.16552,24.84
$BARO,52948.583,90383.25,25.15
$MAG,52948.600,-0.156,-0.649,-0.922,23.0
$IMU,52948.656,-11.230,-17.700,-31.066,0.15283,0.98730,0.17431,24.87
$BARO,52948.685,90390.25,25.15
$MAG,52948.700,-0.160,-0.640,-0.936,23.4
$TIME,52948.715,441121.000,2364
$IMU,52948.731,-11.230,-16.967,-24.597,0.09619,0.90429,0.21093,24.83
$BARO,52948.786,90381.42,25.15
$MAG,52948.801,-0.187,-0.631,-0.927,23.2
$IMU,52948.806,-4.089,-19.104,-10.925,0.06494,0.92382,0.22607,24.84
$HUM,52948.838,37.1,25.7
$IMU,52948.881,-4.699,-14.282,0.793,0.10449,0.96093,0.21484,24.84
$BARO,52948.888,90388.03,25.16
$MAG,52948.901,-0.190,-0.634,-0.930,22.9
$IMU,52948.956,-7.324,-3.723,16.540,0.01806,0.97314,0.23974,24.85
$BARO,52948.989,90370.99,25.16
$MAG,52949.002,-0.195,-0.630,-0.940,23.3
$IMU,52949.031,-4.943,-4.943,19.836,0.01025,1.01269,0.24511,24.84
$BARO,52949.091,90385.62,25.16
$MAG,52949.103,-0.213,-0.637,-0.940,23.4
$IMU,52949.106,0.915,-9.887,13.183,0.04052,1.04345,0.24267,24.86
$IMU,52949.182,8.361,-9.460,-3.295,0.07519,1.03662,0.22851,24.84
$BARO,52949.192,90381.59,25.16
$MAG,52949.203,-0.211,-0.643,-0.934,23.0
$IMU,52949.257,19.165,1.708,-10.131,0.02832,1.03173,0.20117,24.87
$BARO,52949.294,90377.18,25.17
$MAG,52949.304,-0.198,-0.669,-0.907,23.3
$IMU,52949.332,27.587,7.873,-9.643,-0.04882,1.05224,0.17431,24.86
$VBAT,52949.334,3.914
$BARO,52949.395,90381.57,25.17
$MAG,52949.404,-0.198,-0.682,-0.895,23.2
$IMU,52949.407,30.822,2.868,-14.221,-0.00048,1.04345,0.11328,24.86
$IMU,52949.482,26.123,9.521,-11.230,-0.02392,1.09228,0.23095,24.88
$BARO,52949.497,90385.98,25.17
$MAG,52949.505,-0.181,-0.693,-0.898,23.3
$IMU,52949.557,-1.403,4.516,-9.094,0.01269,0.89550,0.06787,24.91
$BARO,52949.598,90382.15,25.17
$MAG,52949.605,-0.160,-0.694,-0.873,23.4
$IMU,52949.632,16.723,14.831,-12.451,-0.01269,0.83935,-0.09716,24.88
$BARO,52949.700,90377.74,25.17
$MAG,52949.706,-0.133,-0.735,-0.832,23.3
$IMU,52949.707,52.795,21.728,-16.418,-0.02490,0.92675,-0.12255,24.87
$TIME,52949.715,441122.000,2364
$IMU,52949.782,65.185,23.498,-10.925,0.03710,1.04492,-0.05419,24.92
$BARO,52949.801,90384.13,25.17
$MAG,52949.807,-0.120,-0.777,-0.787,23.4
$HUM,52949.853,37.2,25.7
$IMU,52949.857,55.603,29.296,1.831,-0.00585,1.01220,-0.11425,24.87
$BARO,52949.903,90379.52,25.18
$MAG,52949.907,-0.109,-0.792,-0.745,23.3
$IMU,52949.932,40.954,34.790,5.554,-0.05908,0.96630,-0.30419,24.87
$BARO,52950.004,90383.13,25.17
$IMU,52950.007,43.579,34.973,3.051,-0.17382,1.10595,-0.25585,24.84
$MAG,52950.008,-0.096,-0.807,-0.699,23.4
$IMU,52950.082,16.113,4.150,-8.972,-0.06103,0.98681,-0.37109,24.88
$BARO,52950.106,90388.52,25.18
$MAG,52950.108,-0.090,-0.811,-0.690,23.2
$IMU,52950.157,2.624,7.019,-4.638,0.00585,0.90136,-0.31445,24.90
$BARO,52950.207,90382.74,25.18
$MAG,52950.209,-0.082,-0.814,-0.681,23.4
$IMU,52950.232,8.544,11.291,-4.943,-0.03125,0.93457,-0.36181,24.91
$IMU,52950.307,9.765,5.371,-10.070,-0.05908,0.97119,-0.34423,24.89
$BARO,52950.309,90381.69,25.18
$MAG,52950.310,-0.075,-0.805,-0.675,23.4
$VBAT,52950.342,3.911
$IMU,52950.383,7.873,0.061,-5.493,0.01025,0.92236,-0.38183,24.86
$BARO,52950.410,90382.91,25.18
$MAG,52950.410,-0.075,-0.811,-0.664,23.0
$IMU,52950.458,11.474,7.080,3.906,-0.02050,0.91015,-0.39257,24.88
$BARO,52950.511,90381.89,25.19
$MAG,52950.511,-0.075,-0.819,-0.649,23.3
$IMU,52950.533,12.390,7.873,7.751,-0.04833,0.92333,-0.42431,24.86
$IMU,52950.608,14.831,1.403,6.225,-0.00292,0.93945,-0.44824,24.90
$MAG,52950.611,-0.088,-0.817,-0.633,23.3
$BARO,52950.613,90378.08,25.19
$IMU,52950.683,17.028,1.708,6.408,0.02539,0.85693,-0.45556,24.93
$MAG,52950.712,-0.102,-0.834,-0.613,23.3
$BARO,52950.714,90390.51,25.19
$TIME,52950.715,441123.000,2364
$IMU,52950.758,14.892,7.019,12.023,0.09570,0.88378,-0.49560,24.92
$MAG,52950.813,-0.118,-0.835,-0.594,23.4
$BARO,52950.816,90394.49,25.19
$IMU,52950.833,7.446,19.470,15.930,-0.03564,0.92919,-0.51367,24.91
$HUM,52950.868,37.0,25.7
$IMU,52950.908,3.479,12.756,9.277,0.15039,0.95068,-0.53222,24.86
$MAG,52950.913,-0.111,-0.847,-0.594,23.4
$BARO,52950.917,90388.25,25.19
$IMU,52950.983,-3.234,16.662,6.164,-0.02490,0.89013,-0.47363,24.90
$MAG,52951.014,-0.118,-0.835,-0.595,23.3
$BARO,52951.019,90385.23,25.20
$IMU,52951.058,-2.685,8.666,1.525,0.19921,0.87792,-0.53906,24.90
$MAG,52951.114,-0.108,-0.838,-0.597,23.3
$BARO,52951.120,90385.47,25.19
$IMU,52951.133,-5.676,10.498,4.211,0.03808,0.86132,-0.48974,24.89
$IMU,52951.208,-3.173,4.272,-0.488,0.20507,0.84960,-0.47851,24.93
$MAG,52951.215,-0.114,-0.844,-0.595,23.4
$BARO,52951.222,90394.24,25.20
$IMU,52951.283,-1.342,11.657,7.690,0.10400,0.89257,-0.46533,24.90
$MAG,52951.316,-0.120,-0.847,-0.594,22.9
$BARO,52951.323,90383.84,25.20
$VBAT,52951.353,3.913
$IMU,52951.358,2.990,11.718,12.207,0.29296,0.91308,-0.44433,24.91
$MAG,52951.416,-0.150,-0.852,-0.580,23.3
$BARO,52951.425,90382.59,25.20
$IMU,52951.433,2.258,15.319,28.259,0.25195,0.89648,-0.48535,24.91
$IMU,52951.508,-0.061,19.653,39.733,0.19726,0.90576,-0.45263,24.91
$MAG,52951.517,-0.183,-0.865,-0.576,23.4
$BARO,52951.526,90386.03,25.20
$IMU,52951.584,-0.488,0.793,17.639,0.25000,0.77441,-0.40966,24.89
$MAG,52951.618,-0.186,-0.861,-0.585,22.9
$BARO,52951.628,90382.20,25.21
$IMU,52951.659,8.666,-17.883,-6.347,0.44873,0.66210,-0.49951,24.94
$TIME,52951.715,441124.000,2364
$MAG,52951.718,-0.201,-0.855,-0.531,23.2
$BARO,52951.729,90381.59,25.21
$IMU,52951.734,40.222,4.089,19.775,0.32275,0.70703,-0.49511,24.91
$IMU,52951.809,70.678,-13.671,22.277,0.22802,0.63476,-0.72949,24.87
$MAG,52951.819,-0.219,-0.861,-0.456,23.4
$BARO,52951.831,90381.76,25.22
$HUM,52951.883,37.2,25.7
$IMU,52951.884,85.754,-37.231,-12.817,0.17382,0.44189,-0.78076,24.91
$MAG,52951.920,-0.184,-0.850,-0.406,23.4
$BARO,52951.932,90383.57,25.21
$IMU,52951.959,58.837,-39.062,-17.333,0.29443,0.47021,-0.75830,24.91
$MAG,52952.020,-0.195,-0.841,-0.372,22.9
$BARO,52952.034,90400.58,25.21
$IMU,52952.034,40.710,-0.244,5.187,0.26464,0.54638,-0.88183,24.91
$IMU,52952.109,49.682,20.996,15.075,0.16259,0.63427,-0.87646,24.94
$MAG,52952.121,-0.214,-0.823,-0.312,23.4
$BARO,52952.135,90385.76,25.22
$IMU,52952.184,41.442,9.582,2.990,0.39404,0.58203,-0.87060,24.92
$MAG,52952.221,-0.222,-0.813,-0.304,23.3
$BARO,52952.236,90389.15,25.22
$IMU,52952.259,15.991,19.531,-6.835,0.34326,0.46191,-0.88037,24.95
$MAG,52952.322,-0.193,-0.807,-0.288,23.3
$IMU,52952.334,14.526,20.935,-28.808,0.23925,0.48388,-0.78857,24.92
$BARO,52952.338,90385.35,25.22
$VBAT,52952.360,3.926
$IMU,52952.409,20.080,15.502,-34.667,0.27880,0.40283,-0.85888,24.94
$MAG,52952.423,-0.189,-0.798,-0.253,23.4
$BARO,52952.439,90387.32,25.23
$IMU,52952.484,19.836,19.592,-8.911,0.08447,0.47460,-0.80859,24.96
$MAG,52952.523,-0.198,-0.786,-0.244,23.0
$BARO,52952.541,90378.33,25.23
$IMU,52952.559,25.939,12.023,-1.220,0.12744,0.53955,-0.81591,24.95
$MAG,52952.624,-0.210,-0.771,-0.238,23.2
$IMU,52952.634,14.099,4.272,7.019,0.14599,0.67919,-0.83984,24.98
$BARO,52952.642,90392.12,25.22
$IMU,52952.709,-0.732,-9.826,9.216,0.42871,0.19189,-1.08105,24.97
$TIME,52952.715,441125.000,2364
$MAG,52952.725,-0.216,-0.778,-0.238,23.4
$BARO,52952.744,90382.93,25.23
$IMU,52952.785,1.037,-11.962,16.174,0.51318,0.17626,-1.05371,24.93
$MAG,52952.825,-0.225,-0.774,-0.232,23.4
$BARO,52952.845,90368.89,25.23
$IMU,52952.860,17.150,1.525,15.686,0.40576,0.19091,-1.03076,24.92
$HUM,52952.898,37.3,25.7
$MAG,52952.926,-0.214,-0.763,-0.220,23.0
$IMU,52952.935,13.000,-5.065,-7.751,0.32470,0.15429,-0.86279,24.92
$BARO,52952.947,90387.88,25.24
$IMU,52953.010,5.310,-9.033,-20.568,0.35107,0.09716,-0.87011,24.95
$MAG,52953.026,-0.184,-0.756,-0.210,23.4
$BARO,52953.048,90393.12,25.23
$IMU,52953.085,13.732,-3.845,-31.372,0.33447,0.08251,-0.86816,24.93
$MAG,52953.127,-0.169,-0.744,-0.208,23.4
$BARO,52953.150,90392.66,25.24
$IMU,52953.160,15.869,1.220,-25.512,0.35156,0.08984,-0.92089,24.94
$MAG,52953.228,-0.166,-0.726,-0.186,23.4
$IMU,52953.235,18.432,11.535,-13.427,0.27343,0.11230,-0.96240,24.95
$BARO,52953.251,90381.08,25.24
$IMU,52953.310,10.986,5.126,-6.042,0.25292,0.09814,-1.00683,24.94
$MAG,52953.328,-0.171,-0.729,-0.189,23.4
$BARO,52953.353,90376.84,25.24
$VBAT,52953.372,3.918
$IMU,52953.385,2.685,-7.812,-0.793,0.24365,0.12353,-0.95166,24.97
$MAG,52953.429,-0.154,-0.724,-0.189,23.4
$BARO,52953.454,90386.05,25.24
$IMU,52953.460,-3.356,-13.977,7.812,0.33740,0.08593,-0.99853,24.92
$MAG,52953.529,-0.153,-0.732,-0.205,23.0
$IMU,52953.535,-11.352,-15.258,20.141,0.36083,0.08349,-0.91503,24.90
$BARO,52953.556,90377.43,25.24
$IMU,52953.610,-2.441,-0.427,19.897,0.26318,0.17480,-0.91748,24.96
$MAG,52953.630,-0.178,-0.741,-0.204,23.4
$BARO,52953.657,90380.20,25.25
$IMU,52953.685,-9.277,4.150,19.653,0.28662,0.13964,-0.97949,24.93
$TIME,52953.715,441126.000,2364
$MAG,52953.731,-0.195,-0.756,-0.211,23.4
$BARO,52953.758,90390.03,25.25
$IMU,52953.760,-13.793,7.629,20.263,0.24902,0.10742,-1.00488,24.95
$MAG,52953.831,-0.217,-0.771,-0.223,23.0
$IMU,52953.835,-19.775,-1.953,24.291,0.27246,0.13964,-0.93408,24.94
$BARO,52953.860,90382.18,25.26
$IMU,52953.910,-20.935,-4.516,24.719,0.31250,0.13476,-0.93652,24.94
$HUM,52953.913,37.3,25.7
$MAG,52953.932,-0.234,-0.786,-0.229,23.4
$BARO,52953.961,90383.79,25.26
$IMU,52953.986,-11.962,0.061,25.817,0.31835,0.20214,-0.96484,24.95
$MAG,52954.033,-0.250,-0.795,-0.240,23.4
$IMU,52954.061,-10.192,-2.929,23.986,0.31494,0.24365,-0.90722,24.94
$BARO,52954.063,90381.79,25.26
$MAG,52954.133,-0.271,-0.795,-0.253,23.4
$IMU,52954.136,-17.639,-3.662,25.512,0.35302,0.16015,-0.87597,24.97
$BARO,52954.164,90380.98,25.26
$IMU,52954.211,-12.939,3.051,30.883,0.37695,0.12988,-0.90234,24.96
$MAG,52954.234,-0.306,-0.793,-0.261,23.3
$BARO,52954.266,90389.39,25.25
$IMU,52954.286,-4.516,8.300,35.156,0.39062,0.18701,-0.87158,25.00
$MAG,52954.335,-0.343,-0.798,-0.262,23.4
$IMU,52954.361,-2.197,10.009,33.447,0.43408,0.18798,-0.86669,24.98
$BARO,52954.367,90385.40,25.26
$VBAT,52954.379,3.919
$MAG,52954.435,-0.391,-0.789,-0.267,23.4
$IMU,52954.436,-0.610,11.535,34.790,0.55175,0.20068,-0.89599,24.97
$BARO,52954.469,90383.57,25.27
$IMU,52954.511,0.915,16.906,33.386,0.51757,0.25292,-0.85693,24.99
$MAG,52954.536,-0.414,-0.783,-0.274,23.4
$BARO,52954.570,90382.76,25.26
$IMU,52954.586,1.342,18.127,22.583,0.58398,0.23095,-0.84814,24.99
$MAG,52954.636,-0.435,-0.775,-0.273,23.4
$IMU,52954.661,0.305,24.841,12.207,0.57080,0.26025,-0.80615,25.00
$BARO,52954.672,90387.54,25.27
$TIME,52954.715,441128.000,2364
$IMU,52954.736,-2.319,25.329,-0.183,0.47558,0.18701,-0.78710,24.97
$MAG,52954.737,-0.445,-0.778,-0.280,23.4
$BARO,52954.773,90382.13,25.27
$IMU,52954.811,-0.915,17.150,-1.098,0.55810,0.16992,-0.73632,24.93
$MAG,52954.838,-0.463,-0.769,-0.289,23.4
$BARO,52954.875,90388.13,25.27
$IMU,52954.886,-0.915,25.634,9.887,0.64697,0.13183,-0.72949,25.00
$HUM,52954.928,37.1,25.8
$MAG,52954.938,-0.496,-0.768,-0.310,23.4
$IMU,52954.961,7.629,50.354,18.310,0.65966,0.16259,-0.72509,24.94
$BARO,52954.976,90388.32,25.27
$IMU,52955.036,14.160,65.979,8.239,0.88623,0.15429,-0.68261,25.00
$MAG,52955.039,-0.532,-0.751,-0.318,23.3
$BARO,52955.078,90381.93,25.27
$IMU,52955.111,17.150,83.801,5.859,0.85302,0.11328,-0.59814,24.99
$MAG,52955.140,-0.571,-0.742,-0.370,23.2
$BARO,52955.179,90379.72,25.27
$IMU,52955.187,15.563,110.351,9.704,1.04003,0.01416,-0.50195,24.97
$MAG,52955.240,-0.622,-0.723,-0.454,23.4
$IMU,52955.262,2.990,140.563,28.930,1.02099,-0.01367,-0.44628,24.99
$BARO,52955.281,90373.09,25.28
$IMU,52955.337,-4.760,125.000,20.507,0.81298,0.11718,-0.08007,24.98
$MAG,52955.341,-0.631,-0.717,-0.529,23.4
$BARO,52955.382,90390.08,25.28
$VBAT,52955.390,3.908
$IMU,52955.412,-16.662,76.416,-25.268,1.14843,-0.05908,-0.06689,25.00
$MAG,52955.441,-0.609,-0.732,-0.579,23.3
$BARO,52955.484,90381.50,25.28
$IMU,52955.487,3.479,72.998,-21.972,1.27197,-0.23242,0.12646,24.94
$MAG,52955.542,-0.567,-0.753,-0.634,23.4
$IMU,52955.562,20.385,108.093,-22.583,0.77050,0.10888,0.13330,24.98
$BARO,52955.585,90387.66,25.29
$IMU,52955.637,28.930,110.473,-46.203,0.70898,0.08007,0.33300,25.02
$MAG,52955.643,-0.496,-0.787,-0.666,23.4
$BARO,52955.687,90383.06,25.29
$IMU,52955.712,20.629,103.515,-64.880,0.75878,0.12890,0.58886,24.99
$TIME,52955.715,441128.000,2364
$MAG,52955.743,-0.411,-0.825,-0.679,23.4
$IMU,52955.787,13.854,55.419,-57.678,0.54052,0.41308,0.67773,24.97
$BARO,52955.788,90387.44,25.29
$MAG,52955.844,-0.372,-0.835,-0.672,23.4
$IMU,52955.862,21.972,23.437,-33.081,0.63769,0.39648,0.62646,25.00
$BARO,52955.890,90386.64,25.29
$IMU,52955.937,15.747,46.264,-21.545,0.77294,0.34228,0.65527,25.01
$HUM,52955.943,36.4,25.8
$MAG,52955.945,-0.343,-0.850,-0.673,23.4
$BARO,52955.991,90383.42,25.30
$IMU,52956.012,1.464,84.045,-7.385,0.68359,0.35107,0.62841,25.00
$MAG,52956.045,-0.301,-0.849,-0.688,23.4
$IMU,52956.087,-10.742,109.985,-0.244,0.26513,0.49755,0.89843,24.96
$BARO,52956.093,90386.59,25.30
$MAG,52956.146,-0.273,-0.850,-0.694,23.3
$IMU,52956.162,-2.929,57.434,-13.854,-0.02197,0.48095,0.87011,25.00
$BARO,52956.194,90384.20,25.30
$IMU,52956.237,33.386,-10.864,-22.766,0.33837,0.47167,0.88818,24.97
$MAG,52956.246,-0.252,-0.855,-0.660,23.4
$BARO,52956.296,90387.20,25.30
$IMU,52956.312,19.348,9.582,-16.479,0.36865,0.51708,0.79199,25.01
$MAG,52956.347,-0.243,-0.856,-0.669,23.3
$IMU,52956.388,3.479,16.479,-5.859,0.22216,0.51904,0.82275,25.00
$VBAT,52956.391,3.919
$BARO,52956.397,90383.20,25.30
$MAG,52956.448,-0.234,-0.853,-0.652,23.4
$IMU,52956.463,6.103,10.864,-2.197,0.20654,0.49072,0.86425,25.00
$BARO,52956.499,90378.18,25.30
$IMU,52956.538,9.521,8.483,-7.568,0.27197,0.47412,0.85498,24.99
$MAG,52956.548,-0.231,-0.853,-0.636,23.4
$BARO,52956.600,90376.16,25.31
$IMU,52956.613,6.774,-1.220,-9.460,0.20751,0.54101,0.81201,25.01
$MAG,52956.649,-0.225,-0.852,-0.636,23.3
$IMU,52956.688,7.263,-2.136,-5.432,0.27001,0.52099,0.88085,24.99
$BARO,52956.701,90378.74,25.31
$TIME,52956.715,441130.000,2364
$MAG,52956.749,-0.220,-0.855,-0.633,23.4
$IMU,52956.763,-2.441,14.221,0.427,0.24023,0.50244,0.84375,25.00
$BARO,52956.803,90375.35,25.31
$IMU,52956.838,-4.455,27.099,5.432,0.14306,0.56640,0.83935,24.98
$MAG,52956.850,-0.220,-0.853,-0.631,23.4
$BARO,52956.904,90379.72,25.32
$IMU,52956.913,4.943,36.926,10.681,0.19580,0.49853,0.89111,24.98
$MAG,52956.951,-0.210,-0.859,-0.609,23.4
$HUM,52956.958,37.0,25.8
$IMU,52956.988,22.033,65.368,3.662,0.05712,0.59326,0.73242,25.01
$BARO,52957.006,90379.91,25.32
$MAG,52957.051,-0.186,-0.859,-0.570,23.4
$IMU,52957.063,32.287,67.626,-15.563,-0.01269,0.57031,0.83935,24.99
$BARO,52957.107,90382.13,25.32
$IMU,52957.138,26.367,49.255,-17.211,-0.21679,0.65234,0.80566,25.00
$MAG,52957.152,-0.174,-0.867,-0.546,23.4
$BARO,52957.209,90388.52,25.32
$IMU,52957.213,13.610,5.554,-4.699,-0.21093,0.66308,0.77832,25.03
$MAG,52957.252,-0.162,-0.864,-0.555,23.4
$IMU,52957.288,2.136,-32.104,-0.305,-0.09472,0.63525,0.79248,24.98
$BARO,52957.310,90385.52,25.32
$MAG,52957.353,-0.168,-0.861,-0.547,23.4
$IMU,52957.363,1.953,-31.188,-5.249,-0.05810,0.61328,0.74658,25.02
$VBAT,52957.403,3.911
$BARO,52957.412,90384.08,25.33
$IMU,52957.438,-0.183,-13.793,-14.221,-0.08349,0.62841,0.83349,25.00
$MAG,52957.454,-0.151,-0.855,-0.556,23.4
$BARO,52957.513,90384.69,25.33
$IMU,52957.513,-4.089,-0.488,-13.061,-0.08837,0.61669,0.78173,25.02
$MAG,52957.554,-0.139,-0.858,-0.559,23.4
$IMU,52957.588,1.464,-0.915,-13.427,-0.04296,0.62597,0.81835,25.00
$BARO,52957.615,90378.67,25.33
$MAG,52957.655,-0.115,-0.856,-0.559,23.5
$IMU,52957.664,1.159,0.915,-19.470,-0.06542,0.63281,0.82226,25.03
$BARO,52957.716,90387.88,25.33
$IMU,52957.739,-4.882,-5.859,-28.381,-0.11474,0.64746,0.80957,25.01
$MAG,52957.756,-0.093,-0.849,-0.559,23.4
$IMU,52957.814,-7.446,-17.639,-23.498,-0.15380,0.59960,0.81884,25.04
$BARO,52957.818,90387.49,25.33
$MAG,52957.856,-0.081,-0.840,-0.576,23.4
$IMU,52957.889,-2.563,-17.089,-11.291,-0.12890,0.61328,0.80273,25.01
$BARO,52957.919,90384.27,25.33
$MAG,52957.957,-0.079,-0.831,-0.582,23.4
$IMU,52957.964,-7.019,3.051,-4.333,-0.13623,0.60839,0.81738,24.99
$HUM,52957.973,37.7,25.8
$BARO,52958.021,90374.84,25.33
$IMU,52958.039,-3.723,12.084,8.361,-0.15966,0.52978,0.79199,25.01
$MAG,52958.057,-0.102,-0.843,-0.574,23.4
$IMU,52958.114,13.916,9.277,26.733,-0.14746,0.54052,0.81298,25.01
$BARO,52958.122,90382.86,25.33
$MAG,52958.158,-0.133,-0.859,-0.546,23.4
$IMU,52958.189,25.451,-3.906,41.320,-0.09130,0.56396,0.82031,25.03
$BARO,52958.224,90378.45,25.33
$MAG,52958.259,-0.187,-0.874,-0.511,23.4
$IMU,52958.264,37.292,-10.803,51.574,0.08105,0.65429,0.78564,25.00
$BARO,52958.325,90378.84,25.34
$IMU,52958.339,39.245,3.234,54.504,0.07373,0.69238,0.79541,25.05
$MAG,52958.359,-0.247,-0.865,-0.466,23.4
$VBAT,52958.408,3.913
$IMU,52958.414,42.968,18.493,55.114,0.23730,0.73242,0.75585,25.03
$BARO,52958.427,90383.25,25.34
$MAG,52958.460,-0.333,-0.852,-0.421,23.2
$IMU,52958.489,48.156,61.218,73.669,0.27587,0.85498,0.69921,25.00
$BARO,52958.528,90390.61,25.34
$MAG,52958.561,-0.435,-0.829,-0.391,23.4
$IMU,52958.564,54.626,101.745,80.932,0.24316,0.84130,0.45410,25.08
$BARO,52958.629,90377.77,25.35
$IMU,52958.639,48.522,107.666,61.279,0.03466,0.92773,0.33154,25.03
$MAG,52958.661,-0.511,-0.798,-0.391,23.5
$IMU,52958.714,28.625,86.181,48.156,0.02978,0.95898,0.50634,25.04
$TIME,52958.715,441131.000,2364
$BARO,52958.731,90380.20,25.35
$MAG,52958.762,-0.544,-0.778,-0.399,23.4
$IMU,52958.789,17.822,41.809,24.475,0.12939,0.95849,0.45556,25.07
$BARO,52958.832,90377.77,25.35
$MAG,52958.862,-0.537,-0.786,-0.412,23.4
$IMU,52958.865,-0.549,10.009,2.807,0.17138,0.83544,0.38330,25.04
$BARO,52958.934,90381.37,25.35
$IMU,52958.940,-19.165,-2.502,-1.708,0.09912,0.78076,0.34423,25.05
$MAG,52958.963,-0.528,-0.780,-0.427,23.4
$HUM,52958.988,36.2,25.8
$IMU,52959.015,-29.479,-20.324,-7.080,0.01074,0.79492,0.43310,25.05
$BARO,52959.035,90381.96,25.36
$MAG,52959.064,-0.517,-0.798,-0.414,23.4
$IMU,52959.090,-31.372,-51.513,-1.220,0.13232,0.89160,0.45166,25.06
$BARO,52959.137,90374.16,25.35
$MAG,52959.164,-0.508,-0.799,-0.415,23.4
$IMU,52959.165,-35.705,-70.800,6.469,0.25830,0.87939,0.47656,25.06
$BARO,52959.238,90381.54,25.36
$IMU,52959.240,-32.592,-77.514,2.685,0.36035,0.87695,0.49755,25.08
$MAG,52959.265,-0.486,-0.807,-0.408,23.4
$IMU,52959.315,-23.437,-75.317,-12.390,0.43457,0.89306,0.54687,25.06
$BARO,52959.340,90385.74,25.36
$MAG,52959.365,-0.448,-0.825,-0.387,23.4
$IMU,52959.390,-10.131,-70.068,-36.682,0.48925,0.92041,0.53027,25.04
$VBAT,52959.409,3.919
$BARO,52959.441,90389.91,25.37
$IMU,52959.465,-2.807,-58.044,-56.945,0.48291,0.93115,0.49853,25.06
$MAG,52959.466,-0.372,-0.829,-0.379,23.4
$IMU,52959.540,-2.990,-41.320,-65.612,0.39355,0.81445,0.45361,25.05
$BARO,52959.543,90383.52,25.37
$MAG,52959.567,-0.295,-0.841,-0.376,23.4
$IMU,52959.615,-3.479,-30.273,-65.063,0.32128,0.74169,0.42919,25.03
$BARO,52959.644,90378.30,25.37
$MAG,52959.667,-0.234,-0.850,-0.382,23.4
$IMU,52959.690,0.671,-28.137,-56.396,0.29443,0.73681,0.43164,25.03
$TIME,52959.715,441132.000,2364
$BARO,52959.746,90389.88,25.37
$IMU,52959.765,6.225,-27.893,-44.372,0.36669,0.83203,0.44677,25.05
$MAG,52959.768,-0.190,-0.844,-0.379,23.4
$IMU,52959.840,1.403,-19.897,-28.625,0.34375,0.88037,0.42431,25.06
$BARO,52959.847,90392.29,25.37
$MAG,52959.869,-0.174,-0.853,-0.382,23.4
$IMU,52959.915,-15.136,-8.056,-2.929,0.35302,0.92773,0.44824,25.05
$BARO,52959.949,90392.10,25.37
$MAG,52959.969,-0.196,-0.853,-0.414,23.3
$IMU,52959.990,-29.907,-3.051,22.705,0.17871,0.87500,0.48193,25.08
$HUM,52960.002,36.9,25.9
$BARO,52960.050,90382.69,25.37
$IMU,52960.066,-26.611,-20.812,51.452,0.17431,0.77392,0.51318,25.07
$MAG,52960.070,-0.250,-0.856,-0.433,23.4
$IMU,52960.141,-5.615,-40.466,64.147,0.25292,0.70458,0.49169,25.09
$BARO,52960.151,90378.67,25.38
$MAG,52960.170,-0.306,-0.859,-0.412,23.4
$IMU,52960.216,18.859,-36.682,45.654,0.36230,0.74804,0.48144,25.07
$BARO,52960.253,90381.69,25.37
$MAG,52960.271,-0.306,-0.846,-0.379,23.4
$IMU,52960.291,38.452,-9.765,8.666,0.51269,0.90234,0.50439,25.08
$BARO,52960.354,90382.86,25.38
$IMU,52960.366,37.475,20.996,-18.188,0.51220,1.05273,0.49707,25.05
$MAG,52960.372,-0.288,-0.835,-0.352,23.4
$VBAT,52960.409,3.910
$IMU,52960.441,16.357,42.968,-24.414,0.35253,1.00048,0.48388,25.08
$BARO,52960.456,90388.47,25.38
$MAG,52960.472,-0.286,-0.843,-0.348,23.4
$IMU,52960.516,-0.671,43.518,-24.291,0.20068,0.90673,0.48339,25.10
$BARO,52960.557,90377.25,25.38
$MAG,52960.573,-0.276,-0.855,-0.354,23.4
$IMU,52960.591,-5.371,26.672,-26.794,0.18505,0.88281,0.49755,25.08
$BARO,52960.659,90374.01,25.39
$IMU,52960.666,-7.385,10.437,-26.916,0.08642,0.89111,0.49804,25.08
$MAG,52960.674,-0.243,-0.856,-0.381,23.4
$TIME,52960.715,441134.000,2364
$IMU,52960.741,-12.756,-7.934,-20.385,0.12500,0.91064,0.46289,25.07
$BARO,52960.760,90383.03,25.39
$MAG,52960.774,-0.231,-0.855,-0.387,23.4
$IMU,52960.816,-24.108,-13.000,-16.418,0.06787,0.93945,0.51562,25.04
$BARO,52960.862,90381.84,25.39
$MAG,52960.875,-0.207,-0.859,-0.421,23.4
$IMU,52960.891,-26.977,-15.930,-14.648,0.08105,0.84082,0.52294,25.06
$BARO,52960.963,90377.38,25.40
$IMU,52960.966,-11.535,-7.202,-18.554,0.14257,0.87744,0.55175,25.06
$MAG,52960.976,-0.181,-0.855,-0.427,23.4
$HUM,52961.017,37.2,25.9
$IMU,52961.041,-4.211,0.122,-20.141,0.10644,0.92285,0.51757,25.09
$BARO,52961.065,90388.39,25.40
$MAG,52961.076,-0.171,-0.853,-0.436,23.5
$IMU,52961.116,-18.676,-22.827,-23.010,-0.01025,0.89599,0.36230,25.08
$BARO,52961.166,90378.57,25.40
$MAG,52961.177,-0.123,-0.853,-0.493,23.4
$IMU,52961.191,-38.391,-36.682,-35.461,0.36816,0.96044,0.75537,25.08
$IMU,52961.267,-97.167,-12.451,-19.104,0.24804,0.71679,0.60546,25.12
$BARO,52961.268,90382.98,25.40
$MAG,52961.277,-0.100,-0.837,-0.606,23.4
$IMU,52961.342,-118.652,3.479,-17.395,0.36425,0.47558,0.70996,25.08
$BARO,52961.369,90378.77,25.40
$MAG,52961.378,-0.094,-0.811,-0.678,23.7
$VBAT,52961.410,3.919
$IMU,52961.417,-94.665,23.925,6.469,0.06689,0.24609,0.69238,25.09
$BARO,52961.471,90375.16,25.40
$MAG,52961.479,-0.093,-0.804,-0.718,23.4
$IMU,52961.492,-48.278,7.751,11.779,-0.00683,0.34716,0.87011,25.10
$IMU,52961.567,-30.761,3.479,15.869,0.05859,0.35498,0.91650,25.08
$BARO,52961.572,90373.89,25.41
$MAG,52961.579,-0.114,-0.786,-0.739,23.5
$IMU,52961.642,-17.883,14.282,17.761,0.14599,0.34179,0.91064,25.09
$BARO,52961.674,90390.08,25.42
$MAG,52961.680,-0.117,-0.796,-0.727,23.4
$TIME,52961.715,441135.000,2364
$IMU,52961.717,-7.995,30.517,15.930,0.13476,0.32519,0.96337,25.11
$BARO,52961.775,90375.06,25.43
$MAG,52961.780,-0.106,-0.793,-0.720,23.4
$IMU,52961.792,-3.417,40.466,13.671,-0.07519,0.25927,1.01318,25.12
$IMU,52961.867,-1.525,23.010,4.089,-0.11767,0.33837,1.04199,25.10
$BARO,52961.876,90384.47,25.43
$MAG,52961.881,-0.097,-0.796,-0.727,23.4
$IMU,52961.942,-12.023,20.874,-3.601,-0.03320,0.34326,0.92822,25.13
$BARO,52961.978,90370.02,25.43
$MAG,52961.982,-0.087,-0.790,-0.724,23.5
$IMU,52962.017,-19.470,36.010,-4.333,-0.11962,0.43505,1.03857,25.09
$HUM,52962.032,37.2,25.9
$BARO,52962.079,90376.45,25.43
$MAG,52962.082,-0.060,-0.760,-0.768,23.5
$IMU,52962.092,-55.786,37.353,-0.793,-0.31201,0.27734,0.92871,25.12
$IMU,52962.167,-86.364,7.080,-5.371,-0.28662,0.06835,0.93750,25.08
$BARO,52962.181,90381.84,25.43
$MAG,52962.183,-0.058,-0.711,-0.837,23.5
$IMU,52962.242,-99.243,-20.446,-2.990,-0.21435,-0.19677,0.84423,25.12
$BARO,52962.282,90374.01,25.43
$MAG,52962.284,-0.075,-0.649,-0.892,23.4
$IMU,52962.317,-70.129,-24.230,-5.249,-0.12744,-0.29101,0.88867,25.13
$BARO,52962.384,90383.23,25.43
$MAG,52962.384,-0.069,-0.622,-0.916,23.4
$IMU,52962.392,-34.362,2.441,-15.991,-0.15234,-0.28564,0.95898,25.10
$VBAT,52962.411,3.910
$IMU,52962.468,-17.822,17.517,-11.291,-0.33496,-0.21875,0.91943,25.10
$BARO,52962.485,90373.65,25.43
$MAG,52962.485,-0.052,-0.606,-0.915,23.5
$IMU,52962.543,-14.587,9.094,-3.784,-0.24560,-0.32714,1.06347,25.10
$MAG,52962.585,-0.036,-0.592,-0.916,23.5
$BARO,52962.587,90384.23,25.43
$IMU,52962.618,-16.357,7.568,-5.737,-0.29785,-0.36425,0.92724,25.12
$MAG,52962.686,-0.043,-0.594,-0.916,23.4
$BARO,52962.688,90382.01,25.44
$IMU,52962.693,0.183,-1.770,-8.605,-0.22314,-0.28271,0.91406,25.12
$TIME,52962.715,441136.000,2364
$IMU,52962.768,3.173,9.399,-14.099,-0.20947,-0.29443,0.91064,25.11
$MAG,52962.787,-0.018,-0.588,-0.909,23.5
$BARO,52962.790,90378.81,25.44
$IMU,52962.843,-3.845,15.441,-20.568,-0.30419,-0.35351,0.90673,25.10
$MAG,52962.887,-0.004,-0.567,-0.909,23.5
$BARO,52962.891,90377.99,25.44
$IMU,52962.918,-8.483,2.685,-21.545,-0.21728,-0.35351,0.93750,25.15
$MAG,52962.988,0.004,-0.570,-0.903,23.5
$BARO,52962.993,90380.40,25.44
$IMU,52962.993,-2.075,5.859,-13.916,-0.13085,-0.29736,0.86767,25.13
$HUM,52963.047,37.5,26.0
$IMU,52963.068,4.028,9.521,-3.112,-0.23681,-0.35058,1.05224,25.14
$MAG,52963.089,0.016,-0.559,-0.907,23.4
$BARO,52963.094,90384.37,25.44
$IMU,52963.143,-6.042,6.652,-7.202,-0.18457,-0.41308,0.96484,25.11
$MAG,52963.189,0.009,-0.562,-0.901,23.4
$BARO,52963.195,90378.81,25.44
$IMU,52963.218,7.141,-2.319,-5.249,-0.16943,-0.34228,0.90722,25.17
$MAG,52963.290,0.027,-0.561,-0.901,23.4
$IMU,52963.293,11.413,0.183,-11.169,-0.09765,-0.28662,0.90380,25.14
$BARO,52963.297,90381.18,25.44
$IMU,52963.368,3.051,11.230,-12.451,-0.17382,-0.31787,0.97558,25.15
$MAG,52963.391,0.036,-0.568,-0.894,23.4
$BARO,52963.398,90378.38,25.45
$VBAT,52963.416,3.900
$IMU,52963.443,0.061,11.474,-13.061,-0.24902,-0.40771,0.92822,25.13
$MAG,52963.491,0.036,-0.558,-0.889,23.4
$BARO,52963.500,90380.35,25.45
$IMU,52963.518,17.028,3.051,-18.127,-0.26367,-0.36474,0.99218,25.14
$MAG,52963.592,0.049,-0.559,-0.883,23.5
$IMU,52963.593,25.512,1.892,-21.789,-0.20605,-0.34326,0.96435,25.14
$BARO,52963.601,90383.15,25.45
$IMU,52963.669,32.653,8.850,-16.662,-0.25146,-0.25488,0.93408,25.15
$MAG,52963.692,0.060,-0.577,-0.859,23.5
$BARO,52963.703,90382.96,25.45
$TIME,52963.715,441137.000,2364
$IMU,52963.744,30.395,4.760,-6.469,-0.37353,-0.10644,0.87548,25.13
$MAG,52963.793,0.051,-0.589,-0.861,23.4
$BARO,52963.804,90381.74,25.45
$IMU,52963.819,11.169,-12.451,6.286,-0.22216,-0.11523,0.92675,25.16
$MAG,52963.894,0.042,-0.592,-0.870,23.5
$IMU,52963.894,-5.798,-6.591,9.582,-0.21826,-0.18554,0.93457,25.14
$BARO,52963.906,90381.13,25.46
$IMU,52963.969,-6.347,-0.305,11.169,-0.26318,-0.20019,0.95703,25.10
$MAG,52963.994,0.034,-0.607,-0.868,23.5
$BARO,52964.007,90385.93,25.45
$IMU,52964.044,-5.798,-7.019,15.197,-0.15332,-0.17626,0.96289,25.16
$HUM,52964.062,37.4,26.0
$MAG,52964.095,0.034,-0.601,-0.873,23.5
$BARO,52964.109,90383.71,25.46
$IMU,52964.119,-9.216,-0.976,14.160,-0.23437,-0.20263,0.99316,25.14
$IMU,52964.194,-8.666,-0.610,9.277,-0.18017,-0.20800,0.99121,25.16
$MAG,52964.195,0.021,-0.609,-0.873,23.5
$BARO,52964.210,90376.11,25.46
$IMU,52964.269,-3.417,-0.549,9.216,-0.24316,-0.23583,0.97558,25.14
$MAG,52964.296,0.018,-0.601,-0.879,23.4
$BARO,52964.312,90386.71,25.46
$IMU,52964.344,2.014,-2.746,10.192,-0.19482,-0.22851,0.97558,25.17
$MAG,52964.397,0.013,-0.612,-0.874,23.4
$BARO,52964.413,90387.10,25.46
$IMU,52964.419,2.319,-3.234,6.408,-0.23730,-0.20703,0.94677,25.16
$VBAT,52964.421,3.918
$IMU,52964.494,4.394,-6.225,5.615,-0.19628,-0.20947,0.95312,25.12
$MAG,52964.497,0.004,-0.612,-0.867,23.5
$BARO,52964.515,90379.69,25.46
$IMU,52964.569,5.310,-2.624,7.995,-0.19775,-0.19238,0.96826,25.18
$MAG,52964.598,0.001,-0.625,-0.874,23.5
$BARO,52964.616,90379.89,25.47
$IMU,52964.644,5.676,-2.136,5.126,-0.22363,-0.17578,0.97802,25.14
$MAG,52964.699,-0.001,-0.637,-0.874,23.5
$BARO,52964.718,90389.30,25.47
$IMU,52964.719,4.211,-5.798,2.380,-0.18457,-0.16064,0.97607,25.17
$IMU,52964.794,2.014,-1.403,2.929,-0.17480,-0.16845,0.97949,25.19
$MAG,52964.799,-0.012,-0.634,-0.867,23.4
$BARO,52964.819,90383.45,25.47
$IMU,52964.870,-0.549,-0.610,2.807,-0.19238,-0.18408,0.96142,25.12
$MAG,52964.900,-0.006,-0.636,-0.871,23.5
$BARO,52964.920,90384.64,25.47
$IMU,52964.945,-0.305,-2.807,1.159,-0.19482,-0.16894,0.97753,25.15
$MAG,52965.001,-0.010,-0.631,-0.873,23.5
$IMU,52965.020,-1.281,-3.601,-0.305,-0.18017,-0.16894,0.97949,25.14
$BARO,52965.022,90380.64,25.48
$HUM,52965.077,37.5,26.0
$IMU,52965.095,-0.671,-3.356,-0.183,-0.18652,-0.20166,0.97998,25.16
$MAG,52965.101,-0.007,-0.634,-0.876,23.5
$BARO,52965.123,90373.99,25.48
$IMU,52965.170,3.479,-5.615,-3.723,-0.15039,-0.17333,0.98730,25.20
$MAG,52965.202,-0.016,-0.633,-0.879,23.5
$BARO,52965.225,90379.42,25.48
$IMU,52965.245,3.906,-5.004,-4.699,-0.15136,-0.16455,0.97363,25.17
$MAG,52965.303,-0.019,-0.628,-0.874,23.4
$IMU,52965.320,3.601,-3.479,-2.990,-0.15527,-0.14453,0.98291,25.17
$BARO,52965.326,90374.18,25.49
$IMU,52965.395,0.915,-3.784,-3.784,-0.14257,-0.16064,0.97753,25.16
$MAG,52965.403,-0.016,-0.642,-0.885,23.4
$VBAT,52965.422,3.926
$BARO,52965.428,90381.57,25.49
$IMU,52965.470,-0.854,-3.723,-2.136,-0.14208,-0.13964,0.99609,25.21
$MAG,52965.504,-0.019,-0.633,-0.888,23.4
$BARO,52965.529,90382.35,25.49
$IMU,52965.545,-2.624,-1.342,0.610,-0.14550,-0.16162,0.99267,25.17
$MAG,52965.605,-0.016,-0.624,-0.885,23.4
$IMU,52965.620,-0.183,-0.915,0.183,-0.13916,-0.16455,0.99755,25.16
$BARO,52965.631,90383.79,25.49
$IMU,52965.695,2.197,-0.305,1.525,-0.15917,-0.13671,0.99121,25.18
$MAG,52965.705,-0.016,-0.637,-0.885,23.5
$TIME,52965.715,441138.000,2364
$BARO,52965.732,90385.98,25.49
$IMU,52965.770,0.793,-1.464,1.525,-0.13574,-0.15869,0.99609,25.17
$MAG,52965.806,-0.021,-0.642,-0.885,23.5
$BARO,52965.834,90375.13,25.50
$IMU,52965.845,1.159,-1.342,2.258,-0.13574,-0.14062,0.98339,25.19
$MAG,52965.907,-0.019,-0.630,-0.883,23.5
$IMU,52965.920,1.220,-1.770,1.647,-0.13525,-0.15380,0.98535,25.14
$BARO,52965.935,90380.13,25.50
$IMU,52965.995,0.854,-2.441,1.892,-0.13085,-0.14697,0.99462,25.23
$MAG,52966.007,-0.028,-0.643,-0.886,23.7
$BARO,52966.037,90375.74,25.50
$IMU,52966.071,1.525,-1.892,2.868,-0.13818,-0.13769,0.99414,25.19
$HUM,52966.092,37.6,26.0
$MAG,52966.108,-0.033,-0.646,-0.886,23.5
$BARO,52966.138,90382.74,25.50
$IMU,52966.146,1.586,-4.150,3.662,-0.12158,-0.14208,0.99267,25.21
$MAG,52966.209,-0.037,-0.637,-0.880,23.7
$IMU,52966.221,0.854,-3.723,5.126,-0.11962,-0.13085,0.99218,25.14
$BARO,52966.240,90384.52,25.50
$IMU,52966.296,0.061,-2.868,6.347,-0.10693,-0.13476,0.99902,25.16
$MAG,52966.309,-0.043,-0.643,-0.879,23.5
$BARO,52966.341,90374.70,25.51
$IMU,52966.371,0.915,-2.380,7.263,-0.11914,-0.14013,0.99365,25.20
$MAG,52966.410,-0.049,-0.648,-0.879,23.5
$VBAT,52966.422,3.911
$BARO,52966.442,90379.69,25.51
$IMU,52966.446,1.892,-7.385,5.981,-0.10742,-0.11181,1.01318,25.19
$MAG,52966.510,-0.060,-0.652,-0.888,23.5
$IMU,52966.521,1.098,-13.000,0.488,-0.06103,-0.12402,0.98583,25.19
$BARO,52966.544,90380.28,25.52
$IMU,52966.596,2.685,-4.699,4.150,-0.04736,-0.11669,0.99511,25.19
$MAG,52966.611,-0.058,-0.658,-0.888,23.5
$BARO,52966.645,90375.04,25.52
$IMU,52966.671,1.220,2.258,5.798,-0.08789,-0.10986,0.99316,25.17
$MAG,52966.712,-0.064,-0.658,-0.892,23.8
$TIME,52966.715,441139.000,2364
$IMU,52966.746,-1.403,-1.647,-0.183,-0.07714,-0.12255,0.99804,25.21
$BARO,52966.747,90378.45,25.52
$MAG,52966.812,-0.067,-0.663,-0.891,23.5
$IMU,52966.821,-1.586,-1.831,0.000,-0.06542,-0.11376,0.99707,25.25
$BARO,52966.848,90379.23,25.53
$IMU,52966.896,-0.183,-0.244,-1.708,-0.07714,-0.12060,1.01367,25.23
$MAG,52966.913,-0.076,-0.652,-0.895,23.5
$BARO,52966.950,90379.59,25.53
$IMU,52966.971,-0.549,-0.366,-0.488,-0.08056,-0.11328,0.99707,25.20
$MAG,52967.014,-0.063,-0.660,-0.901,23.5
$IMU,52967.046,-0.427,-0.610,-1.220,-0.06591,-0.11621,1.00878,25.21
$BARO,52967.051,90382.40,25.53
$HUM,52967.107,37.6,26.0
$MAG,52967.114,-0.070,-0.648,-0.894,23.5
$IMU,52967.121,-1.342,-0.244,-1.831,-0.08496,-0.13232,0.99462,25.23
$BARO,52967.153,90384.76,25.54
$IMU,52967.196,-0.427,-1.281,-1.281,-0.08105,-0.12060,1.00537,25.25
$MAG,52967.215,-0.067,-0.648,-0.894,23.5
