$FLYS,1
$VAR,FIRMWARE_VER,v2024.06.09.starter_pistol
$VAR,DEVICE_ID,0017003b3253501720373657
$VAR,SESSION_ID,a1997456d69dd17124414fa9
$COL,GNSS,time,lat,lon,hMSL,velN,velE,velD,hAcc,vAcc,sAcc,numSV
$UNIT,GNSS,,deg,deg,m,m/s,m/s,m/s,m,m,m/s,
$DATA
$GNSS,2025-07-29T15:20:45.300Z,40.2710996,-111.6169747,2394.323,-0.523,-0.057,0.466,0.397,0.708,0.179,16
$GNSS,2025-07-29T15:20:45.350Z,40.2710994,-111.6169747,2394.279,-0.483,0.001,0.670,0.397,0.707,0.204,16
$GNSS,2025-07-29T15:20:45.400Z,40.2710991,-111.6169748,2394.225,-0.611,-0.095,0.879,0.397,0.707,0.209,16
$GNSS,2025-07-29T15:20:45.450Z,40.2710987,-111.6169750,2394.167,-0.630,-0.201,1.203,0.397,0.707,0.216,16
$GNSS,2025-07-29T15:20:45.500Z,40.2710985,-111.6169750,2394.084,-0.529,-0.016,1.538,0.397,0.707,0.219,16
$GNSS,2025-07-29T15:20:45.550Z,40.2710983,-111.6169750,2393.981,-0.402,0.077,1.860,0.397,0.706,0.237,16
$GNSS,2025-07-29T15:20:45.600Z,40.2710980,-111.6169750,2393.866,-0.522,-0.014,2.098,0.397,0.706,0.242,16
$GNSS,2025-07-29T15:20:45.650Z,40.2710977,-111.6169750,2393.729,-0.733,-0.074,2.261,0.397,0.706,0.242,16
$GNSS,2025-07-29T15:20:45.700Z,40.2710973,-111.6169750,2393.594,-0.953,-0.205,2.296,0.397,0.705,0.241,16
$GNSS,2025-07-29T15:20:45.750Z,40.2710965,-111.6169753,2393.526,-1.720,-0.377,1.910,0.396,0.705,0.228,16
$GNSS,2025-07-29T15:20:45.800Z,40.2710951,-111.6169757,2393.459,-2.862,-0.662,1.575,0.397,0.705,0.211,16
$GNSS,2025-07-29T15:20:45.850Z,40.2710934,-111.6169762,2393.416,-3.817,-0.900,1.147,0.397,0.704,0.196,16
$GNSS,2025-07-29T15:20:45.900Z,40.2710912,-111.6169769,2393.387,-4.832,-1.266,0.742,0.397,0.704,0.185,16
$GNSS,2025-07-29T15:20:45.950Z,40.2710888,-111.6169778,2393.361,-5.443,-1.566,0.506,0.397,0.704,0.186,16
$GNSS,2025-07-29T15:20:46.000Z,40.2710863,-111.6169787,2393.331,-5.425,-1.496,0.676,0.397,0.704,0.187,16
$GNSS,2025-07-29T15:20:46.050Z,40.2710843,-111.6169794,2393.306,-4.005,-0.892,1.142,0.397,0.703,0.186,16
$GNSS,2025-07-29T15:20:46.100Z,40.2710816,-111.6169806,2393.247,-4.639,-1.097,2.178,0.397,0.702,0.216,16
$GNSS,2025-07-29T15:20:46.150Z,40.2710792,-111.6169814,2393.091,-5.229,-1.261,2.746,0.397,0.701,0.210,16
$GNSS,2025-07-29T15:20:46.200Z,40.2710769,-111.6169821,2392.896,-5.299,-1.313,3.212,0.397,0.700,0.210,16
$GNSS,2025-07-29T15:20:46.250Z,40.2710749,-111.6169826,2392.616,-4.778,-1.149,4.195,0.396,0.699,0.277,16
$GNSS,2025-07-29T15:20:46.300Z,40.2710730,-111.6169830,2392.336,-4.336,-0.911,4.788,0.396,0.699,0.273,16
$GNSS,2025-07-29T15:20:46.350Z,40.2710712,-111.6169835,2392.027,-4.206,-0.926,5.462,0.396,0.698,0.269,16
$GNSS,2025-07-29T15:20:46.400Z,40.2710694,-111.6169839,2391.695,-4.131,-0.746,6.033,0.395,0.698,0.262,16
$GNSS,2025-07-29T15:20:46.450Z,40.2710675,-111.6169844,2391.351,-4.186,-0.933,6.430,0.395,0.698,0.242,16
$GNSS,2025-07-29T15:20:46.500Z,40.2710656,-111.6169853,2390.994,-4.229,-1.494,6.767,0.395,0.698,0.249,16
$GNSS,2025-07-29T15:20:46.550Z,40.2710637,-111.6169862,2390.628,-4.225,-1.449,7.036,0.395,0.698,0.253,16
$GNSS,2025-07-29T15:20:46.600Z,40.2710619,-111.6169866,2390.236,-4.261,-0.944,7.371,0.395,0.698,0.256,16
$GNSS,2025-07-29T15:20:46.650Z,40.2710600,-111.6169870,2389.808,-4.273,-0.705,7.851,0.395,0.697,0.248,16
$GNSS,2025-07-29T15:20:46.700Z,40.2710580,-111.6169874,2389.367,-4.465,-0.805,8.262,0.395,0.697,0.252,16
$GNSS,2025-07-29T15:20:46.750Z,40.2710560,-111.6169879,2388.885,-4.504,-0.822,8.867,0.395,0.697,0.251,16
$GNSS,2025-07-29T15:20:46.800Z,40.2710540,-111.6169883,2388.378,-4.438,-0.817,9.442,0.395,0.697,0.236,16
$GNSS,2025-07-29T15:20:46.850Z,40.2710521,-111.6169887,2387.857,-4.448,-0.676,9.874,0.395,0.696,0.241,16
$GNSS,2025-07-29T15:20:46.900Z,40.2710502,-111.6169892,2387.319,-4.194,-0.869,10.234,0.395,0.696,0.244,16
$GNSS,2025-07-29T15:20:46.950Z,40.2710482,-111.6169898,2386.760,-4.408,-1.108,10.688,0.395,0.696,0.243,16
$GNSS,2025-07-29T15:20:47.000Z,40.2710462,-111.6169904,2386.180,-4.513,-0.995,11.102,0.396,0.696,0.244,16
$GNSS,2025-07-29T15:20:47.050Z,40.2710442,-111.6169908,2385.577,-4.505,-0.828,11.489,0.395,0.695,0.265,16
$GNSS,2025-07-29T15:20:47.100Z,40.2710423,-111.6169913,2384.956,-4.409,-0.942,11.918,0.395,0.695,0.259,16
$GNSS,2025-07-29T15:20:47.150Z,40.2710403,-111.6169918,2384.309,-4.367,-0.931,12.384,0.395,0.695,0.263,16
$GNSS,2025-07-29T15:20:47.200Z,40.2710383,-111.6169924,2383.626,-4.455,-0.962,12.959,0.395,0.694,0.261,16
$GNSS,2025-07-29T15:20:47.250Z,40.2710363,-111.6169928,2382.929,-4.548,-0.848,13.391,0.395,0.694,0.261,16
$GNSS,2025-07-29T15:20:47.300Z,40.2710342,-111.6169934,2382.214,-4.647,-0.933,13.842,0.395,0.694,0.259,16
$GNSS,2025-07-29T15:20:47.350Z,40.2710322,-111.6169939,2381.466,-4.518,-0.899,14.363,0.395,0.693,0.257,16
$GNSS,2025-07-29T15:20:47.400Z,40.2710301,-111.6169944,2380.718,-4.592,-0.857,14.652,0.395,0.693,0.256,16
$GNSS,2025-07-29T15:20:47.450Z,40.2710280,-111.6169949,2379.938,-4.590,-0.795,15.101,0.395,0.693,0.258,16
$GNSS,2025-07-29T15:20:47.500Z,40.2710259,-111.6169954,2379.132,-4.636,-0.885,15.604,0.395,0.693,0.259,16
$GNSS,2025-07-29T15:20:47.550Z,40.2710238,-111.6169960,2378.298,-4.626,-1.046,16.124,0.395,0.692,0.258,16
$GNSS,2025-07-29T15:20:47.600Z,40.2710217,-111.6169966,2377.457,-4.738,-1.105,16.467,0.395,0.692,0.258,16
$GNSS,2025-07-29T15:20:47.650Z,40.2710194,-111.6169973,2376.609,-4.901,-1.139,16.718,0.396,0.692,0.257,16
$GNSS,2025-07-29T15:20:47.700Z,40.2710171,-111.6169979,2375.725,-5.008,-1.034,17.186,0.396,0.692,0.254,16
$GNSS,2025-07-29T15:20:47.750Z,40.2710149,-111.6169985,2374.825,-4.934,-1.026,17.574,0.396,0.692,0.253,16
$GNSS,2025-07-29T15:20:47.800Z,40.2710127,-111.6169991,2373.894,-4.956,-1.044,18.083,0.396,0.691,0.252,16
$GNSS,2025-07-29T15:20:47.850Z,40.2710103,-111.6169997,2372.942,-5.135,-1.062,18.539,0.396,0.691,0.253,16
$GNSS,2025-07-29T15:20:47.900Z,40.2710079,-111.6170004,2371.969,-5.313,-1.160,19.006,0.396,0.691,0.253,16
$GNSS,2025-07-29T15:20:47.950Z,40.2710054,-111.6170011,2370.982,-5.471,-1.138,19.401,0.396,0.690,0.247,16
$GNSS,2025-07-29T15:20:48.000Z,40.2710030,-111.6170017,2369.959,-5.448,-1.048,19.860,0.396,0.690,0.247,16
$GNSS,2025-07-29T15:20:48.050Z,40.2710006,-111.6170024,2368.943,-5.414,-1.217,20.049,0.396,0.690,0.247,16
$GNSS,2025-07-29T15:20:48.100Z,40.2709979,-111.6170032,2367.907,-5.742,-1.336,20.453,0.397,0.689,0.246,16
$GNSS,2025-07-29T15:20:48.150Z,40.2709952,-111.6170042,2366.856,-6.067,-1.646,20.675,0.397,0.689,0.246,16
$GNSS,2025-07-29T15:20:48.200Z,40.2709922,-111.6170051,2365.800,-6.438,-1.568,20.915,0.397,0.689,0.247,16
$GNSS,2025-07-29T15:20:48.250Z,40.2709893,-111.6170061,2364.715,-6.532,-1.635,21.290,0.397,0.689,0.247,16
$GNSS,2025-07-29T15:20:48.300Z,40.2709863,-111.6170070,2363.641,-6.593,-1.647,21.382,0.397,0.688,0.246,16
$GNSS,2025-07-29T15:20:48.350Z,40.2709832,-111.6170082,2362.540,-6.820,-1.889,21.702,0.397,0.688,0.248,16
$GNSS,2025-07-29T15:20:48.400Z,40.2709799,-111.6170094,2361.428,-7.087,-2.061,22.001,0.397,0.688,0.248,16
$GNSS,2025-07-29T15:20:48.450Z,40.2709767,-111.6170106,2360.278,-7.197,-2.047,22.410,0.397,0.688,0.247,16
$GNSS,2025-07-29T15:20:48.500Z,40.2709733,-111.6170118,2359.130,-7.471,-2.106,22.700,0.397,0.687,0.247,16
$GNSS,2025-07-29T15:20:48.550Z,40.2709698,-111.6170131,2357.983,-7.633,-2.149,22.819,0.397,0.687,0.243,16
$GNSS,2025-07-29T15:20:48.600Z,40.2709663,-111.6170144,2356.797,-7.866,-2.298,23.192,0.397,0.687,0.242,16
$GNSS,2025-07-29T15:20:48.650Z,40.2709626,-111.6170159,2355.615,-8.151,-2.519,23.508,0.397,0.687,0.246,16
$GNSS,2025-07-29T15:20:48.700Z,40.2709588,-111.6170174,2354.412,-8.338,-2.495,23.807,0.397,0.686,0.221,16
$GNSS,2025-07-29T15:20:48.800Z,40.2709510,-111.6170207,2351.964,-8.726,-2.877,24.514,0.399,0.687,0.246,16
$GNSS,2025-07-29T15:20:48.850Z,40.2709468,-111.6170224,2350.723,-9.149,-2.963,24.660,0.399,0.687,0.226,16
$GNSS,2025-07-29T15:20:48.900Z,40.2709425,-111.6170243,2349.469,-9.411,-3.152,24.833,0.399,0.687,0.222,16
$GNSS,2025-07-29T15:20:48.950Z,40.2709383,-111.6170262,2348.198,-9.535,-3.434,24.999,0.399,0.687,0.220,16
$GNSS,2025-07-29T15:20:49.000Z,40.2709339,-111.6170284,2346.926,-9.688,-3.696,25.153,0.399,0.686,0.217,16
$GNSS,2025-07-29T15:20:49.050Z,40.2709293,-111.6170306,2345.658,-10.128,-3.764,25.325,0.399,0.686,0.216,16
$GNSS,2025-07-29T15:20:49.100Z,40.2709246,-111.6170328,2344.364,-10.374,-3.758,25.597,0.400,0.686,0.217,16
$GNSS,2025-07-29T15:20:49.150Z,40.2709198,-111.6170352,2343.068,-10.677,-3.987,25.736,0.400,0.686,0.220,16
$GNSS,2025-07-29T15:20:49.200Z,40.2709149,-111.6170377,2341.758,-10.890,-4.289,25.934,0.400,0.685,0.219,16
$GNSS,2025-07-29T15:20:49.250Z,40.2709099,-111.6170403,2340.443,-11.159,-4.539,26.004,0.400,0.685,0.222,16
$GNSS,2025-07-29T15:20:49.300Z,40.2709047,-111.6170430,2339.141,-11.411,-4.552,26.065,0.400,0.685,0.252,16
$GNSS,2025-07-29T15:20:49.350Z,40.2708994,-111.6170458,2337.821,-11.676,-4.666,26.286,0.400,0.685,0.225,16
$GNSS,2025-07-29T15:20:49.400Z,40.2708940,-111.6170488,2336.490,-11.847,-5.090,26.507,0.400,0.685,0.221,16
$GNSS,2025-07-29T15:20:49.450Z,40.2708885,-111.6170518,2335.146,-12.298,-5.081,26.665,0.400,0.686,0.220,16
$GNSS,2025-07-29T15:20:49.500Z,40.2708828,-111.6170549,2333.803,-12.540,-5.289,26.719,0.400,0.685,0.198,16
$GNSS,2025-07-29T15:20:49.550Z,40.2708772,-111.6170582,2332.446,-12.588,-5.726,26.630,0.400,0.684,0.193,16
$GNSS,2025-07-29T15:20:49.600Z,40.2708715,-111.6170617,2331.082,-12.953,-5.901,26.807,0.400,0.684,0.194,16
$GNSS,2025-07-29T15:20:49.650Z,40.2708654,-111.6170653,2329.724,-13.334,-6.209,27.057,0.401,0.683,0.190,16
$GNSS,2025-07-29T15:20:49.700Z,40.2708593,-111.6170691,2328.375,-13.526,-6.365,27.027,0.401,0.682,0.184,16
$GNSS,2025-07-29T15:20:49.750Z,40.2708531,-111.6170730,2327.003,-13.851,-6.712,27.129,0.401,0.682,0.184,16
$GNSS,2025-07-29T15:20:49.800Z,40.2708468,-111.6170771,2325.646,-13.954,-6.964,26.979,0.401,0.681,0.193,16
$GNSS,2025-07-29T15:20:49.850Z,40.2708404,-111.6170815,2324.276,-14.256,-7.357,27.158,0.401,0.681,0.192,16
$GNSS,2025-07-29T15:20:49.900Z,40.2708339,-111.6170859,2322.893,-14.482,-7.575,27.274,0.402,0.680,0.181,16
$GNSS,2025-07-29T15:20:49.950Z,40.2708272,-111.6170906,2321.541,-14.637,-7.983,27.184,0.402,0.680,0.181,16
$GNSS,2025-07-29T15:20:50.000Z,40.2708206,-111.6170955,2320.198,-14.674,-8.271,26.890,0.402,0.680,0.177,16
$GNSS,2025-07-29T15:20:50.050Z,40.2708139,-111.6171006,2318.807,-15.153,-8.561,27.111,0.403,0.679,0.184,16
$GNSS,2025-07-29T15:20:50.100Z,40.2708070,-111.6171059,2317.437,-15.140,-8.982,27.231,0.403,0.679,0.185,16
$GNSS,2025-07-29T15:20:50.150Z,40.2708001,-111.6171114,2316.072,-15.288,-9.300,27.377,0.403,0.679,0.191,15
$GNSS,2025-07-29T15:20:50.200Z,40.2707930,-111.6171170,2314.725,-15.542,-9.615,27.089,0.404,0.679,0.195,15
$GNSS,2025-07-29T15:20:50.250Z,40.2707859,-111.6171230,2313.380,-15.786,-10.103,26.939,0.404,0.679,0.187,15
$GNSS,2025-07-29T15:20:50.300Z,40.2707788,-111.6171293,2312.029,-15.811,-10.628,26.757,0.405,0.679,0.187,15
$GNSS,2025-07-29T15:20:50.350Z,40.2707716,-111.6171356,2310.709,-15.940,-10.749,26.505,0.405,0.679,0.181,16
$GNSS,2025-07-29T15:20:50.400Z,40.2707643,-111.6171422,2309.336,-16.264,-11.199,26.974,0.406,0.679,0.178,16
$GNSS,2025-07-29T15:20:50.450Z,40.2707570,-111.6171491,2308.006,-16.194,-11.668,26.828,0.406,0.679,0.182,16
$GNSS,2025-07-29T15:20:50.500Z,40.2707496,-111.6171561,2306.661,-16.488,-11.945,26.782,0.407,0.679,0.176,16
$GNSS,2025-07-29T15:20:50.550Z,40.2707421,-111.6171633,2305.355,-16.499,-12.300,26.363,0.408,0.679,0.178,16
$GNSS,2025-07-29T15:20:50.600Z,40.2707346,-111.6171709,2304.042,-16.630,-12.768,26.146,0.408,0.679,0.176,16
$GNSS,2025-07-29T15:20:50.650Z,40.2707271,-111.6171786,2302.730,-16.662,-13.155,26.156,0.409,0.679,0.187,16
$GNSS,2025-07-29T15:20:50.700Z,40.2707197,-111.6171866,2301.408,-16.696,-13.575,26.179,0.409,0.680,0.178,16
$GNSS,2025-07-29T15:20:50.750Z,40.2707120,-111.6171948,2300.113,-16.955,-13.992,26.064,0.410,0.680,0.175,16
$GNSS,2025-07-29T15:20:50.800Z,40.2707044,-111.6172031,2298.809,-16.974,-14.127,25.998,0.410,0.680,0.175,16
$GNSS,2025-07-29T15:20:50.850Z,40.2706966,-111.6172118,2297.535,-17.102,-14.648,25.850,0.410,0.680,0.171,16
$GNSS,2025-07-29T15:20:50.900Z,40.2706889,-111.6172207,2296.259,-17.094,-15.152,25.611,0.411,0.681,0.173,16
$GNSS,2025-07-29T15:20:50.950Z,40.2706809,-111.6172297,2295.006,-17.403,-15.283,25.499,0.411,0.681,0.171,16
$GNSS,2025-07-29T15:20:51.000Z,40.2706733,-111.6172390,2293.731,-17.197,-15.639,25.243,0.411,0.682,0.183,16
$GNSS,2025-07-29T15:20:51.050Z,40.2706655,-111.6172484,2292.480,-17.269,-16.030,25.000,0.412,0.682,0.173,16
$GNSS,2025-07-29T15:20:51.100Z,40.2706577,-111.6172582,2291.226,-17.359,-16.543,24.908,0.412,0.682,0.173,16
$GNSS,2025-07-29T15:20:51.150Z,40.2706499,-111.6172681,2289.996,-17.197,-16.801,24.649,0.412,0.683,0.174,16
$GNSS,2025-07-29T15:20:51.200Z,40.2706421,-111.6172781,2288.760,-17.434,-16.945,24.594,0.412,0.683,0.170,16
$GNSS,2025-07-29T15:20:51.250Z,40.2706341,-111.6172883,2287.534,-17.573,-17.315,24.636,0.413,0.683,0.171,16
$GNSS,2025-07-29T15:20:51.300Z,40.2706261,-111.6172987,2286.309,-17.821,-17.631,24.545,0.413,0.683,0.175,16
$GNSS,2025-07-29T15:20:51.350Z,40.2706180,-111.6173093,2285.123,-17.744,-18.053,24.317,0.413,0.684,0.170,16
$GNSS,2025-07-29T15:20:51.400Z,40.2706101,-111.6173202,2283.900,-17.620,-18.367,24.157,0.413,0.684,0.171,16
$GNSS,2025-07-29T15:20:51.450Z,40.2706022,-111.6173311,2282.699,-17.557,-18.580,23.862,0.414,0.684,0.169,16
$GNSS,2025-07-29T15:20:51.500Z,40.2705943,-111.6173422,2281.504,-17.628,-18.738,23.883,0.414,0.684,0.176,16
$GNSS,2025-07-29T15:20:51.550Z,40.2705863,-111.6173535,2280.319,-17.624,-19.177,23.679,0.415,0.685,0.180,16
$GNSS,2025-07-29T15:20:51.600Z,40.2705783,-111.6173650,2279.154,-17.763,-19.462,23.454,0.415,0.685,0.180,16
$GNSS,2025-07-29T15:20:51.650Z,40.2705705,-111.6173766,2277.956,-17.542,-19.742,23.401,0.415,0.686,0.186,16
$GNSS,2025-07-29T15:20:51.700Z,40.2705625,-111.6173884,2276.823,-17.643,-20.071,23.088,0.416,0.687,0.188,16
$GNSS,2025-07-29T15:20:51.750Z,40.2705545,-111.6174006,2275.679,-17.477,-20.547,23.164,0.416,0.688,0.196,15
$GNSS,2025-07-29T15:20:51.800Z,40.2705465,-111.6174129,2274.555,-17.495,-20.892,23.016,0.417,0.689,0.199,15
$GNSS,2025-07-29T15:20:51.850Z,40.2705386,-111.6174255,2273.428,-17.364,-21.274,22.850,0.417,0.689,0.183,15
$GNSS,2025-07-29T15:20:51.900Z,40.2705308,-111.6174382,2272.305,-17.321,-21.458,22.457,0.418,0.690,0.180,15
$GNSS,2025-07-29T15:20:51.950Z,40.2705229,-111.6174509,2271.197,-17.437,-21.592,22.476,0.418,0.690,0.173,16
$GNSS,2025-07-29T15:20:52.000Z,40.2705154,-111.6174638,2270.053,-16.977,-21.863,22.351,0.419,0.691,0.180,16
$GNSS,2025-07-29T15:20:52.050Z,40.2705075,-111.6174771,2268.995,-17.033,-22.413,22.148,0.419,0.691,0.177,16
$GNSS,2025-07-29T15:20:52.100Z,40.2704997,-111.6174903,2267.936,-17.002,-22.561,21.892,0.419,0.692,0.189,15
$GNSS,2025-07-29T15:20:52.150Z,40.2704921,-111.6175037,2266.838,-16.913,-22.622,21.927,0.420,0.693,0.190,16
$GNSS,2025-07-29T15:20:52.200Z,40.2704847,-111.6175175,2265.747,-16.523,-23.339,21.746,0.420,0.694,0.204,16
$GNSS,2025-07-29T15:20:52.250Z,40.2704773,-111.6175312,2264.668,-16.498,-23.267,21.587,0.420,0.695,0.199,16
$GNSS,2025-07-29T15:20:52.300Z,40.2704698,-111.6175452,2263.639,-16.314,-23.678,21.227,0.420,0.695,0.204,16
$GNSS,2025-07-29T15:20:52.350Z,40.2704626,-111.6175594,2262.569,-16.181,-24.078,21.305,0.421,0.696,0.209,16
$GNSS,2025-07-29T15:20:52.400Z,40.2704555,-111.6175738,2261.520,-15.831,-24.428,21.031,0.421,0.697,0.191,16
$GNSS,2025-07-29T15:20:52.450Z,40.2704485,-111.6175884,2260.489,-15.455,-24.642,20.809,0.421,0.697,0.197,16
$GNSS,2025-07-29T15:20:52.500Z,40.2704416,-111.6176032,2259.496,-15.211,-25.084,20.526,0.421,0.697,0.204,16
$GNSS,2025-07-29T15:20:52.550Z,40.2704349,-111.6176179,2258.439,-15.082,-24.973,20.624,0.422,0.698,0.204,16
$GNSS,2025-07-29T15:20:52.600Z,40.2704282,-111.6176328,2257.418,-14.796,-25.312,20.412,0.422,0.698,0.200,16
$GNSS,2025-07-29T15:20:52.650Z,40.2704216,-111.6176481,2256.441,-14.578,-25.868,20.161,0.422,0.699,0.201,16
$GNSS,2025-07-29T15:20:52.700Z,40.2704151,-111.6176635,2255.460,-14.359,-26.295,20.156,0.422,0.700,0.204,16
$GNSS,2025-07-29T15:20:52.750Z,40.2704089,-111.6176790,2254.419,-14.030,-26.238,20.211,0.423,0.701,0.208,16
$GNSS,2025-07-29T15:20:52.800Z,40.2704028,-111.6176946,2253.397,-13.704,-26.457,20.120,0.423,0.701,0.192,16
$GNSS,2025-07-29T15:20:52.850Z,40.2703969,-111.6177103,2252.406,-13.241,-26.822,19.932,0.422,0.701,0.191,16
$GNSS,2025-07-29T15:20:52.900Z,40.2703910,-111.6177262,2251.441,-13.059,-27.075,19.808,0.422,0.701,0.189,16
$GNSS,2025-07-29T15:20:52.950Z,40.2703853,-111.6177424,2250.477,-12.648,-27.496,19.740,0.422,0.701,0.187,16
$GNSS,2025-07-29T15:20:53.000Z,40.2703799,-111.6177586,2249.461,-12.222,-27.523,19.769,0.421,0.701,0.185,16
$GNSS,2025-07-29T15:20:53.050Z,40.2703746,-111.6177749,2248.488,-11.847,-27.777,19.561,0.421,0.700,0.186,16
$GNSS,2025-07-29T15:20:53.100Z,40.2703694,-111.6177914,2247.514,-11.641,-28.066,19.563,0.420,0.700,0.185,16
$GNSS,2025-07-29T15:20:53.150Z,40.2703645,-111.6178081,2246.546,-11.068,-28.324,19.502,0.420,0.700,0.190,15
$GNSS,2025-07-29T15:20:53.200Z,40.2703598,-111.6178248,2245.559,-10.518,-28.460,19.528,0.420,0.700,0.194,14
$GNSS,2025-07-29T15:20:53.250Z,40.2703551,-111.6178416,2244.579,-10.431,-28.482,19.525,0.420,0.700,0.195,14
$GNSS,2025-07-29T15:20:53.300Z,40.2703508,-111.6178585,2243.611,-9.747,-28.773,19.441,0.420,0.699,0.194,14
$GNSS,2025-07-29T15:20:53.350Z,40.2703466,-111.6178756,2242.666,-9.428,-28.989,19.239,0.420,0.699,0.192,14
$GNSS,2025-07-29T15:20:53.400Z,40.2703425,-111.6178928,2241.722,-9.096,-29.237,19.167,0.420,0.699,0.191,15
$GNSS,2025-07-29T15:20:53.450Z,40.2703387,-111.6179101,2240.759,-8.569,-29.393,19.173,0.420,0.699,0.200,15
$GNSS,2025-07-29T15:20:53.500Z,40.2703351,-111.6179275,2239.812,-8.142,-29.662,19.086,0.420,0.699,0.203,15
$GNSS,2025-07-29T15:20:53.550Z,40.2703317,-111.6179449,2238.888,-7.596,-29.659,18.910,0.420,0.698,0.190,15
$GNSS,2025-07-29T15:20:53.600Z,40.2703286,-111.6179625,2237.932,-7.176,-29.873,18.957,0.420,0.698,0.185,16
$GNSS,2025-07-29T15:20:53.650Z,40.2703254,-111.6179802,2236.983,-7.014,-30.058,18.935,0.421,0.698,0.183,16
$GNSS,2025-07-29T15:20:53.700Z,40.2703225,-111.6179980,2236.016,-6.623,-30.147,19.066,0.421,0.697,0.183,16
$GNSS,2025-07-29T15:20:53.750Z,40.2703198,-111.6180158,2235.063,-6.061,-30.313,19.089,0.421,0.697,0.184,16
$GNSS,2025-07-29T15:20:53.800Z,40.2703173,-111.6180337,2234.145,-5.592,-30.450,18.850,0.421,0.697,0.184,16
$GNSS,2025-07-29T15:20:53.850Z,40.2703149,-111.6180518,2233.226,-5.138,-30.686,18.749,0.421,0.696,0.182,16
$GNSS,2025-07-29T15:20:53.900Z,40.2703127,-111.6180698,2232.291,-4.963,-30.578,18.712,0.421,0.696,0.183,16
$GNSS,2025-07-29T15:20:53.950Z,40.2703107,-111.6180879,2231.353,-4.454,-30.815,18.697,0.421,0.696,0.182,16
$GNSS,2025-07-29T15:20:54.000Z,40.2703090,-111.6181062,2230.426,-3.941,-30.987,18.601,0.422,0.696,0.183,16
$GNSS,2025-07-29T15:20:54.050Z,40.2703073,-111.6181244,2229.504,-3.648,-31.064,18.568,0.422,0.696,0.184,16
$GNSS,2025-07-29T15:20:54.100Z,40.2703060,-111.6181427,2228.576,-3.116,-31.078,18.616,0.422,0.696,0.189,16
$GNSS,2025-07-29T15:20:54.150Z,40.2703048,-111.6181610,2227.655,-2.741,-31.105,18.498,0.422,0.696,0.192,15
$GNSS,2025-07-29T15:20:54.200Z,40.2703037,-111.6181795,2226.738,-2.422,-31.321,18.414,0.422,0.696,0.188,15
$GNSS,2025-07-29T15:20:54.250Z,40.2703028,-111.6181979,2225.829,-1.978,-31.395,18.329,0.423,0.696,0.189,15
$GNSS,2025-07-29T15:20:54.300Z,40.2703021,-111.6182164,2224.925,-1.539,-31.418,18.230,0.423,0.695,0.186,16
$GNSS,2025-07-29T15:20:54.350Z,40.2703016,-111.6182351,2224.024,-1.292,-31.604,18.159,0.423,0.695,0.187,16
$GNSS,2025-07-29T15:20:54.400Z,40.2703012,-111.6182536,2223.108,-0.969,-31.556,18.085,0.423,0.695,0.191,16
$GNSS,2025-07-29T15:20:54.450Z,40.2703010,-111.6182722,2222.206,-0.547,-31.658,18.017,0.423,0.695,0.189,15
$GNSS,2025-07-29T15:20:54.500Z,40.2703010,-111.6182909,2221.320,0.060,-31.722,17.943,0.423,0.695,0.187,15
$GNSS,2025-07-29T15:20:54.550Z,40.2703012,-111.6183096,2220.419,0.402,-31.819,17.971,0.423,0.695,0.189,15
$GNSS,2025-07-29T15:20:54.600Z,40.2703014,-111.6183283,2219.528,0.355,-31.848,17.861,0.424,0.695,0.188,15
$GNSS,2025-07-29T15:20:54.650Z,40.2703019,-111.6183472,2218.652,0.996,-32.046,17.653,0.424,0.694,0.189,15
$GNSS,2025-07-29T15:20:54.700Z,40.2703025,-111.6183660,2217.777,1.266,-32.044,17.567,0.424,0.694,0.191,15
$GNSS,2025-07-29T15:20:54.750Z,40.2703032,-111.6183848,2216.904,1.646,-31.972,17.490,0.424,0.694,0.191,15
$GNSS,2025-07-29T15:20:54.800Z,40.2703041,-111.6184037,2216.038,1.864,-32.030,17.409,0.424,0.694,0.190,15
$GNSS,2025-07-29T15:20:54.850Z,40.2703051,-111.6184226,2215.169,2.307,-32.184,17.376,0.425,0.694,0.197,16
$GNSS,2025-07-29T15:20:54.900Z,40.2703062,-111.6184416,2214.327,2.394,-32.344,17.167,0.425,0.694,0.197,16
$GNSS,2025-07-29T15:20:54.950Z,40.2703074,-111.6184606,2213.475,2.729,-32.336,17.045,0.425,0.694,0.190,16
$GNSS,2025-07-29T15:20:55.000Z,40.2703088,-111.6184797,2212.637,2.906,-32.408,16.852,0.425,0.694,0.190,16
$GNSS,2025-07-29T15:20:55.050Z,40.2703102,-111.6184988,2211.795,3.124,-32.499,16.813,0.426,0.694,0.203,16
$GNSS,2025-07-29T15:20:55.100Z,40.2703116,-111.6185179,2210.956,3.187,-32.494,16.771,0.426,0.695,0.203,16
$GNSS,2025-07-29T15:20:55.150Z,40.2703133,-111.6185371,2210.109,3.570,-32.596,16.832,0.427,0.695,0.206,16
$GNSS,2025-07-29T15:20:55.200Z,40.2703149,-111.6185562,2209.267,3.650,-32.541,16.740,0.427,0.696,0.204,16
$GNSS,2025-07-29T15:20:55.250Z,40.2703167,-111.6185754,2208.438,3.777,-32.700,16.567,0.428,0.697,0.204,16
$GNSS,2025-07-29T15:20:55.300Z,40.2703185,-111.6185947,2207.607,3.979,-32.850,16.486,0.429,0.698,0.203,16
$GNSS,2025-07-29T15:20:55.350Z,40.2703203,-111.6186140,2206.798,4.007,-32.835,16.296,0.430,0.698,0.203,16
$GNSS,2025-07-29T15:20:55.400Z,40.2703223,-111.6186334,2205.991,4.265,-32.781,16.307,0.430,0.699,0.198,15
$GNSS,2025-07-29T15:20:55.450Z,40.2703242,-111.6186526,2205.159,4.315,-32.750,16.448,0.431,0.700,0.197,15
$GNSS,2025-07-29T15:20:55.500Z,40.2703263,-111.6186719,2204.325,4.452,-32.883,16.397,0.432,0.701,0.204,16
$GNSS,2025-07-29T15:20:55.550Z,40.2703284,-111.6186913,2203.488,4.427,-33.219,16.324,0.433,0.702,0.204,16
$GNSS,2025-07-29T15:20:55.600Z,40.2703304,-111.6187108,2202.692,4.578,-33.175,16.100,0.433,0.703,0.202,16
$GNSS,2025-07-29T15:20:55.650Z,40.2703325,-111.6187302,2201.894,4.615,-32.912,16.084,0.434,0.703,0.202,16
$GNSS,2025-07-29T15:20:55.700Z,40.2703346,-111.6187498,2201.107,4.754,-33.107,16.127,0.435,0.704,0.196,16
$GNSS,2025-07-29T15:20:55.750Z,40.2703368,-111.6187693,2200.301,4.955,-33.345,16.075,0.435,0.705,0.208,16
$GNSS,2025-07-29T15:20:55.800Z,40.2703391,-111.6187888,2199.489,4.929,-33.338,16.033,0.436,0.706,0.209,16
$GNSS,2025-07-29T15:20:55.850Z,40.2703413,-111.6188084,2198.691,4.976,-33.448,16.013,0.437,0.707,0.206,16
$GNSS,2025-07-29T15:20:55.900Z,40.2703435,-111.6188281,2197.894,4.925,-33.407,16.012,0.437,0.707,0.214,16
$GNSS,2025-07-29T15:20:55.950Z,40.2703457,-111.6188477,2197.113,4.940,-33.430,15.888,0.437,0.707,0.211,16
$GNSS,2025-07-29T15:20:56.000Z,40.2703479,-111.6188677,2196.363,5.214,-33.657,15.836,0.437,0.707,0.194,16
$GNSS,2025-07-29T15:20:56.050Z,40.2703502,-111.6188877,2195.587,5.141,-33.842,15.806,0.437,0.707,0.194,16
$GNSS,2025-07-29T15:20:56.100Z,40.2703524,-111.6189078,2194.840,5.105,-33.974,15.600,0.438,0.708,0.201,15
$GNSS,2025-07-29T15:20:56.150Z,40.2703545,-111.6189279,2194.095,4.983,-34.044,15.437,0.438,0.708,0.192,16
$GNSS,2025-07-29T15:20:56.200Z,40.2703568,-111.6189478,2193.330,4.944,-34.008,15.338,0.438,0.708,0.185,16
$GNSS,2025-07-29T15:20:56.250Z,40.2703591,-111.6189678,2192.566,5.025,-34.033,15.354,0.439,0.709,0.196,16
$GNSS,2025-07-29T15:20:56.300Z,40.2703613,-111.6189877,2191.785,4.930,-34.008,15.385,0.439,0.709,0.193,16
$GNSS,2025-07-29T15:20:56.350Z,40.2703635,-111.6190078,2191.019,4.855,-34.116,15.265,0.439,0.709,0.193,16
$GNSS,2025-07-29T15:20:56.400Z,40.2703657,-111.6190279,2190.257,4.846,-34.225,15.249,0.439,0.709,0.192,16
$GNSS,2025-07-29T15:20:56.450Z,40.2703679,-111.6190479,2189.498,4.797,-34.208,15.224,0.439,0.709,0.192,16
$GNSS,2025-07-29T15:20:56.500Z,40.2703700,-111.6190681,2188.742,4.795,-34.252,15.219,0.439,0.709,0.184,16
$GNSS,2025-07-29T15:20:56.550Z,40.2703721,-111.6190882,2187.981,4.737,-34.316,15.164,0.439,0.709,0.184,16
$GNSS,2025-07-29T15:20:56.600Z,40.2703742,-111.6191084,2187.217,4.532,-34.428,15.157,0.439,0.709,0.184,16
$GNSS,2025-07-29T15:20:56.650Z,40.2703763,-111.6191285,2186.453,4.658,-34.358,15.161,0.439,0.709,0.183,16
$GNSS,2025-07-29T15:20:56.700Z,40.2703783,-111.6191488,2185.711,4.591,-34.468,15.083,0.439,0.710,0.192,16
$GNSS,2025-07-29T15:20:56.750Z,40.2703803,-111.6191690,2184.950,4.451,-34.516,14.966,0.439,0.710,0.192,16
$GNSS,2025-07-29T15:20:56.800Z,40.2703823,-111.6191892,2184.194,4.355,-34.486,14.933,0.439,0.710,0.192,16
$GNSS,2025-07-29T15:20:56.850Z,40.2703843,-111.6192096,2183.453,4.359,-34.632,14.930,0.439,0.710,0.192,16
$GNSS,2025-07-29T15:20:56.900Z,40.2703862,-111.6192300,2182.704,4.280,-34.706,14.842,0.439,0.710,0.191,16
$GNSS,2025-07-29T15:20:56.950Z,40.2703881,-111.6192503,2181.969,4.151,-34.719,14.701,0.439,0.711,0.195,16
$GNSS,2025-07-29T15:20:57.000Z,40.2703899,-111.6192707,2181.252,4.082,-34.762,14.548,0.439,0.711,0.199,15
$GNSS,2025-07-29T15:20:57.050Z,40.2703917,-111.6192912,2180.537,4.017,-34.795,14.437,0.439,0.711,0.195,15
$GNSS,2025-07-29T15:20:57.100Z,40.2703935,-111.6193117,2179.823,3.927,-34.864,14.384,0.439,0.711,0.194,15
$GNSS,2025-07-29T15:20:57.150Z,40.2703952,-111.6193323,2179.106,3.895,-35.011,14.320,0.439,0.711,0.193,15
$GNSS,2025-07-29T15:20:57.200Z,40.2703970,-111.6193527,2178.393,3.831,-34.888,14.217,0.439,0.712,0.183,16
$GNSS,2025-07-29T15:20:57.250Z,40.2703987,-111.6193731,2177.684,3.781,-34.741,14.178,0.439,0.713,0.223,15
$GNSS,2025-07-29T15:20:57.300Z,40.2704005,-111.6193937,2176.962,3.784,-35.097,14.172,0.440,0.714,0.205,15
$GNSS,2025-07-29T15:20:57.350Z,40.2704021,-111.6194143,2176.260,3.730,-35.017,14.098,0.441,0.714,0.200,16
$GNSS,2025-07-29T15:20:57.400Z,40.2704038,-111.6194349,2175.564,3.639,-35.021,13.943,0.441,0.715,0.187,16
$GNSS,2025-07-29T15:20:57.450Z,40.2704054,-111.6194555,2174.877,3.723,-35.125,13.917,0.442,0.716,0.188,16
$GNSS,2025-07-29T15:20:57.500Z,40.2704070,-111.6194762,2174.198,3.514,-35.086,13.878,0.442,0.716,0.187,16
$GNSS,2025-07-29T15:20:57.550Z,40.2704084,-111.6194968,2173.525,3.418,-35.079,13.772,0.443,0.717,0.193,16
$GNSS,2025-07-29T15:20:57.600Z,40.2704099,-111.6195174,2172.858,3.424,-35.066,13.658,0.443,0.718,0.187,16
$GNSS,2025-07-29T15:20:57.650Z,40.2704115,-111.6195381,2172.173,3.413,-35.182,13.613,0.444,0.718,0.202,16
$GNSS,2025-07-29T15:20:57.700Z,40.2704129,-111.6195589,2171.509,3.138,-35.299,13.426,0.444,0.719,0.202,16
$GNSS,2025-07-29T15:20:57.750Z,40.2704143,-111.6195795,2170.837,3.187,-35.186,13.352,0.444,0.719,0.201,16
$GNSS,2025-07-29T15:20:57.800Z,40.2704158,-111.6196001,2170.171,3.132,-35.158,13.307,0.445,0.720,0.201,16
$GNSS,2025-07-29T15:20:57.850Z,40.2704172,-111.6196208,2169.502,3.187,-35.233,13.323,0.445,0.720,0.199,16
$GNSS,2025-07-29T15:20:57.900Z,40.2704186,-111.6196416,2168.847,3.140,-35.265,13.183,0.446,0.721,0.199,16
$GNSS,2025-07-29T15:20:57.950Z,40.2704199,-111.6196624,2168.200,3.017,-35.322,13.127,0.446,0.721,0.199,16
$GNSS,2025-07-29T15:20:58.000Z,40.2704212,-111.6196831,2167.555,2.954,-35.232,13.058,0.446,0.722,0.196,16
$GNSS,2025-07-29T15:20:58.050Z,40.2704225,-111.6197038,2166.922,2.947,-35.277,12.960,0.447,0.722,0.193,16
$GNSS,2025-07-29T15:20:58.100Z,40.2704237,-111.6197246,2166.310,2.798,-35.312,12.795,0.447,0.723,0.192,16
$GNSS,2025-07-29T15:20:58.150Z,40.2704250,-111.6197453,2165.668,2.713,-35.296,12.703,0.447,0.723,0.193,16
$GNSS,2025-07-29T15:20:58.200Z,40.2704261,-111.6197662,2165.057,2.644,-35.452,12.645,0.447,0.723,0.194,16
$GNSS,2025-07-29T15:20:58.250Z,40.2704274,-111.6197870,2164.418,2.747,-35.403,12.623,0.447,0.724,0.194,16
$GNSS,2025-07-29T15:20:58.300Z,40.2704287,-111.6198077,2163.795,2.800,-35.301,12.481,0.448,0.724,0.194,16
$GNSS,2025-07-29T15:20:58.350Z,40.2704299,-111.6198285,2163.180,2.857,-35.375,12.454,0.448,0.724,0.184,16
$GNSS,2025-07-29T15:20:58.400Z,40.2704312,-111.6198493,2162.559,2.738,-35.395,12.463,0.448,0.725,0.184,16
$GNSS,2025-07-29T15:20:58.450Z,40.2704324,-111.6198701,2161.948,2.728,-35.346,12.317,0.448,0.725,0.184,16
$GNSS,2025-07-29T15:20:58.500Z,40.2704336,-111.6198908,2161.355,2.656,-35.261,12.127,0.448,0.725,0.185,16
$GNSS,2025-07-29T15:20:58.550Z,40.2704348,-111.6199115,2160.745,2.700,-35.276,12.085,0.448,0.726,0.186,16
$GNSS,2025-07-29T15:20:58.600Z,40.2704361,-111.6199323,2160.142,2.889,-35.368,12.050,0.449,0.726,0.194,16
$GNSS,2025-07-29T15:20:58.650Z,40.2704374,-111.6199531,2159.560,2.946,-35.396,11.929,0.449,0.726,0.194,16
$GNSS,2025-07-29T15:20:58.700Z,40.2704387,-111.6199739,2158.971,2.861,-35.387,11.800,0.449,0.727,0.194,16
$GNSS,2025-07-29T15:20:58.750Z,40.2704401,-111.6199946,2158.381,2.941,-35.204,11.704,0.449,0.727,0.195,16
$GNSS,2025-07-29T15:20:58.800Z,40.2704415,-111.6200153,2157.796,3.010,-35.308,11.626,0.450,0.728,0.195,16
$GNSS,2025-07-29T15:20:58.850Z,40.2704428,-111.6200361,2157.237,3.093,-35.308,11.522,0.450,0.728,0.195,16
$GNSS,2025-07-29T15:20:58.900Z,40.2704442,-111.6200569,2156.677,3.114,-35.357,11.450,0.450,0.728,0.195,16
$GNSS,2025-07-29T15:20:58.950Z,40.2704457,-111.6200777,2156.100,3.176,-35.323,11.369,0.450,0.729,0.195,16
$GNSS,2025-07-29T15:20:59.000Z,40.2704471,-111.6200984,2155.537,3.286,-35.339,11.340,0.450,0.729,0.195,16
$GNSS,2025-07-29T15:20:59.050Z,40.2704487,-111.6201192,2154.973,3.358,-35.302,11.264,0.451,0.730,0.196,16
$GNSS,2025-07-29T15:20:59.100Z,40.2704502,-111.6201399,2154.426,3.382,-35.252,11.072,0.451,0.730,0.196,16
$GNSS,2025-07-29T15:20:59.150Z,40.2704518,-111.6201607,2153.888,3.574,-35.238,10.995,0.451,0.730,0.196,16
$GNSS,2025-07-29T15:20:59.200Z,40.2704534,-111.6201814,2153.336,3.615,-35.332,10.929,0.451,0.731,0.199,16
$GNSS,2025-07-29T15:20:59.250Z,40.2704551,-111.6202023,2152.791,3.754,-35.466,10.971,0.451,0.731,0.199,16
$GNSS,2025-07-29T15:20:59.300Z,40.2704569,-111.6202230,2152.238,3.821,-35.248,10.914,0.451,0.731,0.199,16
$GNSS,2025-07-29T15:20:59.350Z,40.2704586,-111.6202436,2151.706,3.865,-35.089,10.674,0.451,0.731,0.198,16
$GNSS,2025-07-29T15:20:59.400Z,40.2704603,-111.6202643,2151.191,3.856,-35.135,10.490,0.451,0.732,0.198,16
$GNSS,2025-07-29T15:20:59.450Z,40.2704621,-111.6202850,2150.675,3.939,-35.265,10.372,0.451,0.732,0.198,16
$GNSS,2025-07-29T15:20:59.500Z,40.2704640,-111.6203057,2150.155,4.115,-35.187,10.322,0.451,0.732,0.198,16
$GNSS,2025-07-29T15:20:59.550Z,40.2704659,-111.6203262,2149.630,4.191,-34.970,10.304,0.451,0.732,0.198,16
$GNSS,2025-07-29T15:20:59.600Z,40.2704678,-111.6203468,2149.113,4.240,-35.020,10.271,0.451,0.733,0.198,16
$GNSS,2025-07-29T15:20:59.650Z,40.2704697,-111.6203674,2148.630,4.142,-35.057,10.070,0.452,0.733,0.198,16
$GNSS,2025-07-29T15:20:59.700Z,40.2704715,-111.6203880,2148.136,4.084,-35.043,9.982,0.452,0.733,0.195,16
$GNSS,2025-07-29T15:20:59.750Z,40.2704734,-111.6204086,2147.638,4.168,-34.992,9.867,0.452,0.734,0.195,16
$GNSS,2025-07-29T15:20:59.800Z,40.2704753,-111.6204290,2147.155,4.267,-34.824,9.727,0.452,0.734,0.191,16
$GNSS,2025-07-29T15:20:59.850Z,40.2704773,-111.6204496,2146.658,4.226,-35.030,9.740,0.452,0.734,0.191,16
$GNSS,2025-07-29T15:20:59.900Z,40.2704791,-111.6204701,2146.170,4.117,-34.917,9.623,0.452,0.735,0.191,16
$GNSS,2025-07-29T15:20:59.950Z,40.2704810,-111.6204905,2145.697,4.084,-34.774,9.525,0.452,0.735,0.192,16
$GNSS,2025-07-29T15:21:00.000Z,40.2704828,-111.6205110,2145.239,4.029,-34.796,9.346,0.452,0.735,0.192,16
$GNSS,2025-07-29T15:21:00.050Z,40.2704846,-111.6205313,2144.756,3.898,-34.687,9.321,0.452,0.736,0.193,16
$GNSS,2025-07-29T15:21:00.100Z,40.2704864,-111.6205518,2144.260,3.820,-34.900,9.344,0.452,0.736,0.193,16
$GNSS,2025-07-29T15:21:00.150Z,40.2704880,-111.6205723,2143.800,3.677,-34.861,9.391,0.452,0.736,0.193,16
$GNSS,2025-07-29T15:21:00.200Z,40.2704897,-111.6205928,2143.333,3.613,-34.817,9.412,0.452,0.736,0.194,16
$GNSS,2025-07-29T15:21:00.250Z,40.2704913,-111.6206131,2142.878,3.588,-34.663,9.282,0.452,0.737,0.194,16
$GNSS,2025-07-29T15:21:00.300Z,40.2704929,-111.6206335,2142.412,3.444,-34.674,9.070,0.452,0.737,0.194,16
$GNSS,2025-07-29T15:21:00.350Z,40.2704943,-111.6206539,2141.963,3.238,-34.691,9.002,0.452,0.737,0.194,16
$GNSS,2025-07-29T15:21:00.400Z,40.2704958,-111.6206742,2141.498,3.238,-34.638,9.034,0.452,0.737,0.194,16
$GNSS,2025-07-29T15:21:00.450Z,40.2704972,-111.6206945,2141.034,3.086,-34.612,9.094,0.452,0.738,0.194,16
$GNSS,2025-07-29T15:21:00.500Z,40.2704986,-111.6207148,2140.575,2.928,-34.625,9.108,0.453,0.738,0.194,16
$GNSS,2025-07-29T15:21:00.550Z,40.2704999,-111.6207351,2140.127,2.823,-34.535,8.903,0.453,0.738,0.202,16
$GNSS,2025-07-29T15:21:00.600Z,40.2705010,-111.6207554,2139.692,2.604,-34.490,8.771,0.453,0.738,0.202,16
$GNSS,2025-07-29T15:21:00.650Z,40.2705022,-111.6207757,2139.239,2.515,-34.571,8.823,0.453,0.738,0.203,16
$GNSS,2025-07-29T15:21:00.700Z,40.2705033,-111.6207960,2138.785,2.316,-34.532,8.824,0.453,0.738,0.202,16
$GNSS,2025-07-29T15:21:00.750Z,40.2705043,-111.6208163,2138.351,2.169,-34.459,8.727,0.453,0.738,0.203,16
$GNSS,2025-07-29T15:21:00.800Z,40.2705051,-111.6208364,2137.917,1.939,-34.278,8.682,0.454,0.738,0.203,16
$GNSS,2025-07-29T15:21:00.850Z,40.2705060,-111.6208565,2137.470,1.799,-34.258,8.754,0.454,0.738,0.203,16
$GNSS,2025-07-29T15:21:00.900Z,40.2705067,-111.6208768,2137.029,1.667,-34.443,8.692,0.454,0.738,0.206,16
$GNSS,2025-07-29T15:21:00.950Z,40.2705074,-111.6208969,2136.585,1.460,-34.308,8.720,0.454,0.738,0.206,16
$GNSS,2025-07-29T15:21:01.000Z,40.2705080,-111.6209170,2136.135,1.207,-34.170,8.832,0.454,0.738,0.206,16
$GNSS,2025-07-29T15:21:01.050Z,40.2705085,-111.6209372,2135.685,1.064,-34.232,8.877,0.455,0.738,0.206,16
$GNSS,2025-07-29T15:21:01.100Z,40.2705089,-111.6209573,2135.242,0.850,-34.253,8.806,0.455,0.738,0.207,16
$GNSS,2025-07-29T15:21:01.150Z,40.2705092,-111.6209774,2134.803,0.644,-34.239,8.708,0.455,0.739,0.206,16
$GNSS,2025-07-29T15:21:01.200Z,40.2705093,-111.6209975,2134.365,0.369,-34.108,8.717,0.455,0.739,0.206,16
$GNSS,2025-07-29T15:21:01.250Z,40.2705094,-111.6210174,2133.921,0.190,-34.005,8.821,0.455,0.739,0.206,16
$GNSS,2025-07-29T15:21:01.300Z,40.2705095,-111.6210374,2133.466,0.049,-34.018,8.952,0.456,0.739,0.205,16
$GNSS,2025-07-29T15:21:01.350Z,40.2705094,-111.6210575,2133.016,-0.271,-34.055,8.945,0.456,0.739,0.206,16
$GNSS,2025-07-29T15:21:01.400Z,40.2705092,-111.6210774,2132.556,-0.489,-33.898,8.898,0.456,0.739,0.206,16
$GNSS,2025-07-29T15:21:01.450Z,40.2705089,-111.6210973,2132.101,-0.648,-33.930,8.873,0.456,0.739,0.206,16
$GNSS,2025-07-29T15:21:01.500Z,40.2705086,-111.6211172,2131.655,-0.821,-33.853,8.852,0.456,0.739,0.206,16
$GNSS,2025-07-29T15:21:01.550Z,40.2705081,-111.6211370,2131.201,-1.081,-33.785,8.936,0.456,0.739,0.207,16
$GNSS,2025-07-29T15:21:01.600Z,40.2705075,-111.6211569,2130.742,-1.340,-33.707,9.004,0.457,0.739,0.207,16
$GNSS,2025-07-29T15:21:01.650Z,40.2705069,-111.6211767,2130.289,-1.486,-33.764,9.084,0.457,0.739,0.207,16
$GNSS,2025-07-29T15:21:01.700Z,40.2705061,-111.6211965,2129.831,-1.684,-33.641,9.178,0.457,0.739,0.207,16
$GNSS,2025-07-29T15:21:01.750Z,40.2705053,-111.6212163,2129.352,-1.906,-33.689,9.282,0.457,0.739,0.208,15
$GNSS,2025-07-29T15:21:01.800Z,40.2705045,-111.6212360,2128.880,-1.969,-33.562,9.240,0.458,0.739,0.194,15
$GNSS,2025-07-29T15:21:01.850Z,40.2705035,-111.6212557,2128.414,-2.208,-33.527,9.300,0.458,0.739,0.194,15
$GNSS,2025-07-29T15:21:01.900Z,40.2705024,-111.6212754,2127.945,-2.394,-33.505,9.381,0.458,0.739,0.191,16
$GNSS,2025-07-29T15:21:01.950Z,40.2705011,-111.6212951,2127.477,-2.718,-33.478,9.318,0.458,0.739,0.192,16
$GNSS,2025-07-29T15:21:02.000Z,40.2704999,-111.6213146,2126.997,-2.816,-33.274,9.261,0.459,0.739,0.182,16
$GNSS,2025-07-29T15:21:02.050Z,40.2704985,-111.6213342,2126.519,-3.107,-33.341,9.388,0.459,0.739,0.182,16
$GNSS,2025-07-29T15:21:02.100Z,40.2704971,-111.6213538,2126.034,-3.289,-33.229,9.488,0.459,0.739,0.182,16
$GNSS,2025-07-29T15:21:02.150Z,40.2704956,-111.6213733,2125.558,-3.374,-33.254,9.497,0.459,0.739,0.183,16
$GNSS,2025-07-29T15:21:02.200Z,40.2704940,-111.6213928,2125.073,-3.621,-33.166,9.495,0.459,0.738,0.182,16
$GNSS,2025-07-29T15:21:02.250Z,40.2704922,-111.6214123,2124.584,-3.919,-33.093,9.523,0.460,0.738,0.183,16
$GNSS,2025-07-29T15:21:02.300Z,40.2704904,-111.6214317,2124.104,-4.144,-32.979,9.486,0.460,0.738,0.183,16
$GNSS,2025-07-29T15:21:02.350Z,40.2704885,-111.6214510,2123.612,-4.200,-32.985,9.513,0.460,0.738,0.186,16
$GNSS,2025-07-29T15:21:02.400Z,40.2704866,-111.6214703,2123.116,-4.413,-32.845,9.561,0.460,0.738,0.174,16
$GNSS,2025-07-29T15:21:02.450Z,40.2704845,-111.6214897,2122.629,-4.658,-32.906,9.623,0.460,0.738,0.174,16
$GNSS,2025-07-29T15:21:02.500Z,40.2704823,-111.6215089,2122.139,-4.891,-32.750,9.686,0.460,0.737,0.174,16
$GNSS,2025-07-29T15:21:02.550Z,40.2704801,-111.6215282,2121.639,-5.039,-32.782,9.720,0.460,0.737,0.177,16
$GNSS,2025-07-29T15:21:02.600Z,40.2704778,-111.6215474,2121.148,-5.140,-32.725,9.649,0.461,0.737,0.177,16
$GNSS,2025-07-29T15:21:02.650Z,40.2704755,-111.6215666,2120.644,-5.264,-32.662,9.737,0.461,0.737,0.177,16
$GNSS,2025-07-29T15:21:02.700Z,40.2704730,-111.6215858,2120.134,-5.488,-32.595,9.895,0.461,0.736,0.184,16
$GNSS,2025-07-29T15:21:02.750Z,40.2704705,-111.6216049,2119.615,-5.762,-32.580,9.980,0.461,0.736,0.185,16
$GNSS,2025-07-29T15:21:02.800Z,40.2704679,-111.6216241,2119.103,-5.733,-32.553,9.989,0.461,0.736,0.185,16
$GNSS,2025-07-29T15:21:02.850Z,40.2704653,-111.6216432,2118.591,-5.937,-32.498,10.040,0.461,0.736,0.185,16
$GNSS,2025-07-29T15:21:02.900Z,40.2704625,-111.6216622,2118.074,-6.140,-32.461,10.092,0.461,0.736,0.185,16
$GNSS,2025-07-29T15:21:02.950Z,40.2704597,-111.6216813,2117.553,-6.298,-32.396,10.138,0.461,0.735,0.186,16
$GNSS,2025-07-29T15:21:03.000Z,40.2704570,-111.6217002,2117.010,-6.321,-32.306,10.219,0.461,0.735,0.185,16
$GNSS,2025-07-29T15:21:03.050Z,40.2704541,-111.6217193,2116.492,-6.531,-32.361,10.239,0.461,0.735,0.172,16
$GNSS,2025-07-29T15:21:03.100Z,40.2704510,-111.6217383,2115.964,-6.758,-32.339,10.267,0.461,0.735,0.186,16
$GNSS,2025-07-29T15:21:03.150Z,40.2704480,-111.6217572,2115.433,-6.882,-32.248,10.281,0.461,0.734,0.188,16
$GNSS,2025-07-29T15:21:03.200Z,40.2704449,-111.6217761,2114.891,-7.051,-32.242,10.385,0.461,0.734,0.188,16
$GNSS,2025-07-29T15:21:03.250Z,40.2704417,-111.6217950,2114.353,-7.080,-32.201,10.454,0.461,0.734,0.188,16
$GNSS,2025-07-29T15:21:03.300Z,40.2704386,-111.6218139,2113.821,-7.019,-32.132,10.466,0.462,0.734,0.188,16
$GNSS,2025-07-29T15:21:03.350Z,40.2704353,-111.6218328,2113.287,-7.303,-32.087,10.523,0.462,0.733,0.189,16
$GNSS,2025-07-29T15:21:03.400Z,40.2704320,-111.6218517,2112.742,-7.559,-32.101,10.678,0.462,0.733,0.189,16
$GNSS,2025-07-29T15:21:03.450Z,40.2704286,-111.6218705,2112.184,-7.540,-31.983,10.820,0.462,0.733,0.189,16
$GNSS,2025-07-29T15:21:03.500Z,40.2704253,-111.6218893,2111.637,-7.453,-32.025,10.769,0.462,0.733,0.189,16
$GNSS,2025-07-29T15:21:03.550Z,40.2704219,-111.6219081,2111.084,-7.584,-32.041,10.816,0.462,0.733,0.189,16
$GNSS,2025-07-29T15:21:03.600Z,40.2704185,-111.6219270,2110.533,-7.697,-32.031,10.879,0.462,0.732,0.189,16
$GNSS,2025-07-29T15:21:03.650Z,40.2704150,-111.6219459,2109.971,-7.791,-32.071,11.036,0.462,0.732,0.189,16
$GNSS,2025-07-29T15:21:03.700Z,40.2704115,-111.6219647,2109.404,-7.790,-32.018,11.105,0.462,0.732,0.177,16
$GNSS,2025-07-29T15:21:03.750Z,40.2704080,-111.6219835,2108.840,-7.929,-31.972,11.088,0.462,0.732,0.176,16
$GNSS,2025-07-29T15:21:03.800Z,40.2704044,-111.6220022,2108.281,-7.933,-31.953,11.064,0.462,0.731,0.176,16
$GNSS,2025-07-29T15:21:03.850Z,40.2704008,-111.6220210,2107.711,-8.041,-31.951,11.074,0.462,0.731,0.176,16
$GNSS,2025-07-29T15:21:03.900Z,40.2703972,-111.6220398,2107.140,-8.143,-31.934,11.120,0.462,0.731,0.190,16
$GNSS,2025-07-29T15:21:03.950Z,40.2703936,-111.6220585,2106.570,-8.167,-31.824,11.225,0.462,0.731,0.190,16
$GNSS,2025-07-29T15:21:04.000Z,40.2703899,-111.6220772,2105.995,-8.241,-31.854,11.323,0.462,0.730,0.190,16
$GNSS,2025-07-29T15:21:04.050Z,40.2703861,-111.6220959,2105.412,-8.415,-31.859,11.339,0.462,0.730,0.190,16
$GNSS,2025-07-29T15:21:04.100Z,40.2703823,-111.6221147,2104.836,-8.450,-31.880,11.324,0.462,0.730,0.190,16
$GNSS,2025-07-29T15:21:04.150Z,40.2703785,-111.6221334,2104.258,-8.505,-31.798,11.370,0.463,0.730,0.190,16
$GNSS,2025-07-29T15:21:04.200Z,40.2703747,-111.6221521,2103.675,-8.660,-31.853,11.437,0.463,0.729,0.191,16
$GNSS,2025-07-29T15:21:04.250Z,40.2703707,-111.6221708,2103.099,-8.793,-31.753,11.424,0.463,0.729,0.191,16
$GNSS,2025-07-29T15:21:04.300Z,40.2703668,-111.6221894,2102.510,-8.705,-31.721,11.497,0.463,0.729,0.191,16
$GNSS,2025-07-29T15:21:04.350Z,40.2703629,-111.6222080,2101.910,-8.795,-31.717,11.671,0.463,0.729,0.191,16
$GNSS,2025-07-29T15:21:04.400Z,40.2703589,-111.6222267,2101.320,-8.924,-31.714,11.728,0.463,0.728,0.192,16
$GNSS,2025-07-29T15:21:04.450Z,40.2703548,-111.6222454,2100.727,-9.068,-31.805,11.726,0.463,0.728,0.190,16
$GNSS,2025-07-29T15:21:04.500Z,40.2703508,-111.6222640,2100.129,-9.138,-31.719,11.711,0.463,0.728,0.190,16
$GNSS,2025-07-29T15:21:04.550Z,40.2703467,-111.6222826,2099.528,-9.105,-31.678,11.757,0.463,0.727,0.190,16
$GNSS,2025-07-29T15:21:04.600Z,40.2703426,-111.6223013,2098.945,-9.106,-31.726,11.792,0.463,0.727,0.190,16
$GNSS,2025-07-29T15:21:04.650Z,40.2703385,-111.6223200,2098.330,-9.210,-31.724,11.953,0.463,0.727,0.190,16
$GNSS,2025-07-29T15:21:04.700Z,40.2703344,-111.6223386,2097.712,-9.245,-31.693,11.975,0.463,0.726,0.192,16
$GNSS,2025-07-29T15:21:04.750Z,40.2703302,-111.6223573,2097.100,-9.334,-31.782,12.043,0.463,0.726,0.191,16
$GNSS,2025-07-29T15:21:04.800Z,40.2703261,-111.6223759,2096.480,-9.311,-31.695,12.094,0.463,0.726,0.190,16
$GNSS,2025-07-29T15:21:04.850Z,40.2703218,-111.6223946,2095.871,-9.357,-31.781,12.136,0.463,0.726,0.190,16
$GNSS,2025-07-29T15:21:04.900Z,40.2703176,-111.6224133,2095.258,-9.383,-31.804,12.190,0.464,0.725,0.207,16
$GNSS,2025-07-29T15:21:04.950Z,40.2703134,-111.6224320,2094.637,-9.387,-31.761,12.303,0.464,0.725,0.209,16
$GNSS,2025-07-29T15:21:05.000Z,40.2703092,-111.6224506,2094.011,-9.434,-31.734,12.357,0.464,0.725,0.209,16
$GNSS,2025-07-29T15:21:05.050Z,40.2703050,-111.6224693,2093.376,-9.395,-31.768,12.453,0.464,0.725,0.207,16
$GNSS,2025-07-29T15:21:05.100Z,40.2703008,-111.6224881,2092.752,-9.433,-31.900,12.458,0.464,0.725,0.207,16
$GNSS,2025-07-29T15:21:05.150Z,40.2702965,-111.6225068,2092.128,-9.535,-31.805,12.409,0.465,0.724,0.208,16
$GNSS,2025-07-29T15:21:05.200Z,40.2702923,-111.6225255,2091.496,-9.483,-31.912,12.438,0.465,0.725,0.218,16
$GNSS,2025-07-29T15:21:05.250Z,40.2702880,-111.6225443,2090.874,-9.545,-31.824,12.463,0.465,0.725,0.219,16
$GNSS,2025-07-29T15:21:05.300Z,40.2702837,-111.6225630,2090.240,-9.436,-31.764,12.580,0.466,0.725,0.219,16
$GNSS,2025-07-29T15:21:05.350Z,40.2702795,-111.6225817,2089.609,-9.539,-31.885,12.577,0.466,0.725,0.219,16
$GNSS,2025-07-29T15:21:05.400Z,40.2702751,-111.6226005,2088.978,-9.770,-31.993,12.515,0.466,0.725,0.221,16
$GNSS,2025-07-29T15:21:05.450Z,40.2702708,-111.6226193,2088.335,-9.659,-31.991,12.609,0.466,0.726,0.218,16
$GNSS,2025-07-29T15:21:05.500Z,40.2702664,-111.6226381,2087.707,-9.648,-31.938,12.651,0.467,0.726,0.216,16
$GNSS,2025-07-29T15:21:05.550Z,40.2702621,-111.6226570,2087.065,-9.655,-31.972,12.745,0.467,0.726,0.216,16
$GNSS,2025-07-29T15:21:05.600Z,40.2702578,-111.6226757,2086.415,-9.666,-31.946,12.814,0.467,0.726,0.218,16
$GNSS,2025-07-29T15:21:05.650Z,40.2702534,-111.6226945,2085.763,-9.793,-32.019,12.860,0.468,0.726,0.219,16
$GNSS,2025-07-29T15:21:05.700Z,40.2702490,-111.6227134,2085.112,-9.804,-32.081,12.839,0.468,0.726,0.219,16
$GNSS,2025-07-29T15:21:05.750Z,40.2702446,-111.6227323,2084.475,-9.730,-32.066,12.836,0.469,0.726,0.219,16
$GNSS,2025-07-29T15:21:05.800Z,40.2702402,-111.6227511,2083.820,-9.924,-32.110,12.854,0.469,0.726,0.219,16
$GNSS,2025-07-29T15:21:05.850Z,40.2702358,-111.6227700,2083.162,-9.876,-32.087,12.946,0.469,0.726,0.219,16
$GNSS,2025-07-29T15:21:05.900Z,40.2702314,-111.6227889,2082.511,-9.800,-32.082,13.038,0.470,0.726,0.218,16
$GNSS,2025-07-29T15:21:05.950Z,40.2702270,-111.6228078,2081.849,-9.809,-32.212,13.065,0.470,0.726,0.218,16
$GNSS,2025-07-29T15:21:06.000Z,40.2702226,-111.6228267,2081.181,-9.830,-32.113,13.119,0.470,0.726,0.219,16
$GNSS,2025-07-29T15:21:06.050Z,40.2702181,-111.6228456,2080.527,-9.952,-32.212,13.120,0.471,0.727,0.219,16
$GNSS,2025-07-29T15:21:06.100Z,40.2702137,-111.6228646,2079.862,-9.890,-32.318,13.144,0.471,0.727,0.218,16
$GNSS,2025-07-29T15:21:06.150Z,40.2702093,-111.6228837,2079.203,-9.891,-32.347,13.095,0.472,0.727,0.218,16
$GNSS,2025-07-29T15:21:06.200Z,40.2702049,-111.6229026,2078.542,-9.891,-32.242,13.060,0.472,0.727,0.217,16
$GNSS,2025-07-29T15:21:06.250Z,40.2702005,-111.6229215,2077.869,-9.732,-32.320,13.125,0.472,0.727,0.217,16
$GNSS,2025-07-29T15:21:06.300Z,40.2701962,-111.6229406,2077.200,-9.780,-32.368,13.207,0.473,0.727,0.217,16
$GNSS,2025-07-29T15:21:06.350Z,40.2701917,-111.6229596,2076.535,-9.883,-32.396,13.205,0.473,0.727,0.218,16
$GNSS,2025-07-29T15:21:06.400Z,40.2701873,-111.6229787,2075.869,-10.000,-32.515,13.167,0.473,0.727,0.217,16
$GNSS,2025-07-29T15:21:06.450Z,40.2701828,-111.6229978,2075.210,-9.941,-32.502,13.110,0.474,0.727,0.217,16
$GNSS,2025-07-29T15:21:06.500Z,40.2701784,-111.6230169,2074.540,-9.854,-32.474,13.139,0.474,0.727,0.217,16
$GNSS,2025-07-29T15:21:06.550Z,40.2701740,-111.6230359,2073.868,-9.844,-32.480,13.190,0.474,0.727,0.216,16
$GNSS,2025-07-29T15:21:06.600Z,40.2701696,-111.6230551,2073.201,-9.979,-32.602,13.225,0.475,0.727,0.216,16
$GNSS,2025-07-29T15:21:06.650Z,40.2701652,-111.6230743,2072.534,-9.887,-32.641,13.188,0.475,0.727,0.215,16
$GNSS,2025-07-29T15:21:06.700Z,40.2701608,-111.6230934,2071.867,-9.898,-32.638,13.157,0.475,0.727,0.216,16
$GNSS,2025-07-29T15:21:06.750Z,40.2701563,-111.6231126,2071.199,-9.981,-32.674,13.204,0.476,0.727,0.216,16
$GNSS,2025-07-29T15:21:06.800Z,40.2701519,-111.6231318,2070.526,-9.952,-32.685,13.220,0.476,0.727,0.216,16
$GNSS,2025-07-29T15:21:06.850Z,40.2701474,-111.6231510,2069.861,-9.875,-32.658,13.291,0.476,0.727,0.216,16
$GNSS,2025-07-29T15:21:06.900Z,40.2701429,-111.6231702,2069.186,-9.972,-32.617,13.359,0.477,0.727,0.215,16
$GNSS,2025-07-29T15:21:06.950Z,40.2701385,-111.6231894,2068.505,-9.989,-32.707,13.362,0.477,0.727,0.216,16
$GNSS,2025-07-29T15:21:07.000Z,40.2701340,-111.6232087,2067.823,-10.093,-32.878,13.461,0.477,0.727,0.215,16
$GNSS,2025-07-29T15:21:07.050Z,40.2701295,-111.6232280,2067.141,-9.942,-32.770,13.522,0.478,0.727,0.215,16
$GNSS,2025-07-29T15:21:07.100Z,40.2701250,-111.6232472,2066.458,-9.996,-32.717,13.603,0.478,0.727,0.214,16
$GNSS,2025-07-29T15:21:07.150Z,40.2701205,-111.6232665,2065.776,-10.086,-32.747,13.595,0.478,0.727,0.214,16
$GNSS,2025-07-29T15:21:07.200Z,40.2701160,-111.6232857,2065.065,-10.107,-32.846,13.705,0.479,0.727,0.214,16
$GNSS,2025-07-29T15:21:07.250Z,40.2701115,-111.6233050,2064.367,-10.135,-32.914,13.759,0.479,0.727,0.214,16
$GNSS,2025-07-29T15:21:07.300Z,40.2701069,-111.6233244,2063.664,-10.178,-32.976,13.927,0.479,0.727,0.214,16
$GNSS,2025-07-29T15:21:07.350Z,40.2701023,-111.6233438,2062.964,-10.197,-32.826,13.987,0.479,0.727,0.214,16
$GNSS,2025-07-29T15:21:07.400Z,40.2700978,-111.6233630,2062.260,-10.152,-32.773,14.022,0.480,0.727,0.214,16
$GNSS,2025-07-29T15:21:07.450Z,40.2700932,-111.6233823,2061.548,-10.288,-32.857,14.075,0.480,0.727,0.214,16
$GNSS,2025-07-29T15:21:07.500Z,40.2700886,-111.6234017,2060.832,-10.293,-32.960,14.156,0.480,0.727,0.214,16
$GNSS,2025-07-29T15:21:07.550Z,40.2700840,-111.6234211,2060.112,-10.249,-32.899,14.281,0.481,0.727,0.214,16
$GNSS,2025-07-29T15:21:07.600Z,40.2700794,-111.6234404,2059.388,-10.231,-32.825,14.418,0.481,0.727,0.214,16
$GNSS,2025-07-29T15:21:07.650Z,40.2700747,-111.6234598,2058.664,-10.268,-32.990,14.496,0.481,0.727,0.214,16
$GNSS,2025-07-29T15:21:07.700Z,40.2700701,-111.6234793,2057.931,-10.359,-33.102,14.462,0.481,0.727,0.214,16
$GNSS,2025-07-29T15:21:07.750Z,40.2700654,-111.6234987,2057.197,-10.508,-33.080,14.492,0.482,0.727,0.214,16
$GNSS,2025-07-29T15:21:07.800Z,40.2700607,-111.6235181,2056.465,-10.436,-33.001,14.553,0.482,0.727,0.214,16
$GNSS,2025-07-29T15:21:07.850Z,40.2700560,-111.6235375,2055.729,-10.470,-33.027,14.574,0.482,0.727,0.213,16
$GNSS,2025-07-29T15:21:07.900Z,40.2700513,-111.6235570,2055.003,-10.457,-33.153,14.563,0.483,0.727,0.213,16
$GNSS,2025-07-29T15:21:07.950Z,40.2700466,-111.6235765,2054.271,-10.452,-33.154,14.657,0.483,0.727,0.213,16
$GNSS,2025-07-29T15:21:08.000Z,40.2700419,-111.6235961,2053.535,-10.490,-33.202,14.642,0.483,0.727,0.213,16
$GNSS,2025-07-29T15:21:08.050Z,40.2700372,-111.6236156,2052.793,-10.487,-33.279,14.577,0.483,0.727,0.213,16
$GNSS,2025-07-29T15:21:08.100Z,40.2700325,-111.6236352,2052.063,-10.616,-33.329,14.573,0.484,0.727,0.213,16
$GNSS,2025-07-29T15:21:08.150Z,40.2700277,-111.6236548,2051.331,-10.535,-33.320,14.619,0.484,0.727,0.213,16
$GNSS,2025-07-29T15:21:08.200Z,40.2700230,-111.6236744,2050.602,-10.507,-33.307,14.537,0.484,0.727,0.213,16
$GNSS,2025-07-29T15:21:08.250Z,40.2700183,-111.6236940,2049.866,-10.624,-33.445,14.521,0.484,0.727,0.214,16
$GNSS,2025-07-29T15:21:08.300Z,40.2700135,-111.6237137,2049.135,-10.545,-33.424,14.597,0.485,0.727,0.212,16
$GNSS,2025-07-29T15:21:08.350Z,40.2700088,-111.6237334,2048.399,-10.598,-33.488,14.711,0.485,0.727,0.214,16
$GNSS,2025-07-29T15:21:08.400Z,40.2700040,-111.6237530,2047.664,-10.544,-33.437,14.636,0.485,0.727,0.214,16
$GNSS,2025-07-29T15:21:08.450Z,40.2699993,-111.6237728,2046.941,-10.613,-33.583,14.539,0.485,0.727,0.214,16
$GNSS,2025-07-29T15:21:08.500Z,40.2699945,-111.6237926,2046.219,-10.615,-33.625,14.513,0.486,0.727,0.214,16
$GNSS,2025-07-29T15:21:08.550Z,40.2699897,-111.6238123,2045.478,-10.625,-33.582,14.593,0.486,0.727,0.214,16
$GNSS,2025-07-29T15:21:08.600Z,40.2699849,-111.6238321,2044.754,-10.670,-33.688,14.496,0.486,0.727,0.214,16
$GNSS,2025-07-29T15:21:08.650Z,40.2699802,-111.6238520,2044.027,-10.590,-33.789,14.469,0.486,0.727,0.214,16
$GNSS,2025-07-29T15:21:08.700Z,40.2699754,-111.6238718,2043.295,-10.696,-33.769,14.477,0.487,0.727,0.214,16
$GNSS,2025-07-29T15:21:08.750Z,40.2699706,-111.6238917,2042.569,-10.680,-33.781,14.442,0.487,0.727,0.214,16
$GNSS,2025-07-29T15:21:08.800Z,40.2699658,-111.6239116,2041.854,-10.685,-33.883,14.378,0.487,0.727,0.214,16
$GNSS,2025-07-29T15:21:08.850Z,40.2699610,-111.6239315,2041.134,-10.715,-33.881,14.361,0.487,0.727,0.214,16
$GNSS,2025-07-29T15:21:08.900Z,40.2699562,-111.6239514,2040.402,-10.679,-33.906,14.311,0.488,0.727,0.214,16
$GNSS,2025-07-29T15:21:08.950Z,40.2699514,-111.6239714,2039.688,-10.681,-33.986,14.245,0.488,0.727,0.214,16
$GNSS,2025-07-29T15:21:09.000Z,40.2699466,-111.6239913,2038.971,-10.779,-34.037,14.204,0.488,0.727,0.214,16
$GNSS,2025-07-29T15:21:09.050Z,40.2699417,-111.6240114,2038.275,-10.772,-34.078,14.130,0.488,0.727,0.214,16
$GNSS,2025-07-29T15:21:09.100Z,40.2699369,-111.6240315,2037.570,-10.781,-34.060,14.120,0.488,0.727,0.214,16
$GNSS,2025-07-29T15:21:09.150Z,40.2699321,-111.6240515,2036.853,-10.743,-34.075,14.184,0.489,0.727,0.214,16
$GNSS,2025-07-29T15:21:09.200Z,40.2699273,-111.6240715,2036.129,-10.759,-34.159,14.243,0.489,0.727,0.214,16
$GNSS,2025-07-29T15:21:09.250Z,40.2699224,-111.6240916,2035.424,-10.722,-34.191,14.166,0.489,0.727,0.214,16
$GNSS,2025-07-29T15:21:09.300Z,40.2699177,-111.6241117,2034.713,-10.711,-34.150,14.115,0.489,0.726,0.214,16
$GNSS,2025-07-29T15:21:09.350Z,40.2699128,-111.6241318,2034.003,-10.787,-34.286,14.133,0.490,0.726,0.214,16
$GNSS,2025-07-29T15:21:09.400Z,40.2699080,-111.6241521,2033.307,-10.741,-34.399,14.043,0.490,0.726,0.214,16
$GNSS,2025-07-29T15:21:09.450Z,40.2699031,-111.6241722,2032.613,-10.753,-34.305,13.909,0.490,0.726,0.214,16
$GNSS,2025-07-29T15:21:09.500Z,40.2698984,-111.6241923,2031.911,-10.643,-34.215,13.931,0.490,0.726,0.214,16
$GNSS,2025-07-29T15:21:09.550Z,40.2698936,-111.6242125,2031.207,-10.720,-34.374,13.970,0.491,0.726,0.214,16
$GNSS,2025-07-29T15:21:09.600Z,40.2698888,-111.6242328,2030.498,-10.688,-34.483,14.034,0.491,0.726,0.214,16
$GNSS,2025-07-29T15:21:09.650Z,40.2698839,-111.6242531,2029.807,-10.741,-34.526,13.956,0.491,0.726,0.214,16
$GNSS,2025-07-29T15:21:09.700Z,40.2698791,-111.6242734,2029.111,-10.759,-34.526,13.791,0.491,0.726,0.214,16
$GNSS,2025-07-29T15:21:09.750Z,40.2698743,-111.6242937,2028.409,-10.684,-34.544,13.831,0.491,0.726,0.214,16
$GNSS,2025-07-29T15:21:09.800Z,40.2698696,-111.6243139,2027.703,-10.693,-34.565,13.857,0.492,0.726,0.214,16
$GNSS,2025-07-29T15:21:09.850Z,40.2698648,-111.6243342,2026.996,-10.783,-34.567,13.911,0.492,0.726,0.214,16
$GNSS,2025-07-29T15:21:09.900Z,40.2698600,-111.6243546,2026.291,-10.750,-34.713,13.931,0.492,0.726,0.214,16
$GNSS,2025-07-29T15:21:09.950Z,40.2698552,-111.6243750,2025.585,-10.782,-34.718,13.896,0.493,0.726,0.214,16
$GNSS,2025-07-29T15:21:10.000Z,40.2698504,-111.6243953,2024.891,-10.705,-34.679,13.871,0.493,0.726,0.214,16
$GNSS,2025-07-29T15:21:10.050Z,40.2698456,-111.6244157,2024.189,-10.714,-34.662,13.881,0.493,0.726,0.214,16
$GNSS,2025-07-29T15:21:10.100Z,40.2698408,-111.6244361,2023.491,-10.660,-34.637,13.941,0.493,0.726,0.214,16
$GNSS,2025-07-29T15:21:10.150Z,40.2698360,-111.6244565,2022.784,-10.629,-34.742,14.007,0.494,0.726,0.214,16
$GNSS,2025-07-29T15:21:10.200Z,40.2698312,-111.6244769,2022.073,-10.703,-34.801,14.018,0.494,0.726,0.214,16
$GNSS,2025-07-29T15:21:10.250Z,40.2698264,-111.6244973,2021.375,-10.770,-34.806,13.920,0.494,0.726,0.214,16
$GNSS,2025-07-29T15:21:10.300Z,40.2698215,-111.6245179,2020.683,-10.798,-34.876,13.882,0.494,0.726,0.214,16
$GNSS,2025-07-29T15:21:10.350Z,40.2698167,-111.6245383,2019.980,-10.743,-34.810,13.980,0.495,0.726,0.214,16
$GNSS,2025-07-29T15:21:10.400Z,40.2698119,-111.6245588,2019.284,-10.657,-34.857,13.963,0.495,0.726,0.214,16
$GNSS,2025-07-29T15:21:10.450Z,40.2698072,-111.6245794,2018.574,-10.617,-34.942,14.011,0.495,0.726,0.214,16
$GNSS,2025-07-29T15:21:10.500Z,40.2698024,-111.6245998,2017.866,-10.655,-34.936,13.915,0.495,0.726,0.214,16
$GNSS,2025-07-29T15:21:10.550Z,40.2697976,-111.6246204,2017.173,-10.674,-35.043,13.811,0.496,0.726,0.214,16
$GNSS,2025-07-29T15:21:10.600Z,40.2697928,-111.6246410,2016.478,-10.727,-34.945,13.833,0.496,0.727,0.214,16
$GNSS,2025-07-29T15:21:10.650Z,40.2697880,-111.6246615,2015.782,-10.769,-34.954,13.891,0.496,0.727,0.214,16
$GNSS,2025-07-29T15:21:10.700Z,40.2697832,-111.6246820,2015.085,-10.710,-34.882,13.922,0.497,0.727,0.214,16
$GNSS,2025-07-29T15:21:10.750Z,40.2697784,-111.6247026,2014.391,-10.679,-35.030,13.855,0.497,0.727,0.214,16
$GNSS,2025-07-29T15:21:10.800Z,40.2697736,-111.6247233,2013.696,-10.690,-35.108,13.796,0.497,0.727,0.213,16
$GNSS,2025-07-29T15:21:10.850Z,40.2697688,-111.6247439,2013.006,-10.692,-35.094,13.714,0.497,0.727,0.212,16
$GNSS,2025-07-29T15:21:10.900Z,40.2697639,-111.6247646,2012.334,-10.771,-35.156,13.614,0.498,0.727,0.213,16
$GNSS,2025-07-29T15:21:10.950Z,40.2697591,-111.6247851,2011.639,-10.694,-35.044,13.699,0.498,0.727,0.212,16
$GNSS,2025-07-29T15:21:11.000Z,40.2697544,-111.6248057,2010.950,-10.693,-35.100,13.633,0.498,0.727,0.214,16
$GNSS,2025-07-29T15:21:11.050Z,40.2697495,-111.6248264,2010.267,-10.752,-35.144,13.631,0.498,0.727,0.213,16
$GNSS,2025-07-29T15:21:11.100Z,40.2697447,-111.6248472,2009.595,-10.694,-35.275,13.566,0.499,0.727,0.214,16
$GNSS,2025-07-29T15:21:11.150Z,40.2697399,-111.6248679,2008.922,-10.722,-35.245,13.516,0.499,0.727,0.213,16
$GNSS,2025-07-29T15:21:11.200Z,40.2697351,-111.6248885,2008.240,-10.716,-35.110,13.505,0.499,0.727,0.213,16
$GNSS,2025-07-29T15:21:11.250Z,40.2697303,-111.6249092,2007.563,-10.732,-35.221,13.508,0.499,0.727,0.213,16
$GNSS,2025-07-29T15:21:11.300Z,40.2697254,-111.6249299,2006.888,-10.749,-35.216,13.468,0.500,0.727,0.213,16
$GNSS,2025-07-29T15:21:11.350Z,40.2697206,-111.6249507,2006.221,-10.735,-35.295,13.397,0.500,0.727,0.213,16
$GNSS,2025-07-29T15:21:11.400Z,40.2697157,-111.6249714,2005.553,-10.822,-35.300,13.340,0.500,0.727,0.213,16
$GNSS,2025-07-29T15:21:11.450Z,40.2697109,-111.6249922,2004.881,-10.816,-35.407,13.338,0.500,0.727,0.213,16
$GNSS,2025-07-29T15:21:11.500Z,40.2697061,-111.6250130,2004.213,-10.741,-35.340,13.334,0.501,0.727,0.214,16
$GNSS,2025-07-29T15:21:11.550Z,40.2697012,-111.6250337,2003.547,-10.843,-35.329,13.251,0.501,0.727,0.213,16
$GNSS,2025-07-29T15:21:11.600Z,40.2696964,-111.6250545,2002.880,-10.778,-35.407,13.255,0.501,0.727,0.213,16
$GNSS,2025-07-29T15:21:11.650Z,40.2696916,-111.6250753,2002.210,-10.751,-35.390,13.242,0.501,0.727,0.212,16
$GNSS,2025-07-29T15:21:11.700Z,40.2696867,-111.6250961,2001.552,-10.815,-35.398,13.162,0.502,0.727,0.213,16
$GNSS,2025-07-29T15:21:11.750Z,40.2696818,-111.6251169,2000.907,-10.885,-35.387,13.095,0.502,0.727,0.214,16
$GNSS,2025-07-29T15:21:11.800Z,40.2696769,-111.6251378,2000.240,-10.856,-35.429,13.225,0.502,0.727,0.214,16
$GNSS,2025-07-29T15:21:11.850Z,40.2696720,-111.6251586,1999.575,-10.850,-35.400,13.225,0.503,0.727,0.214,16
$GNSS,2025-07-29T15:21:11.900Z,40.2696671,-111.6251794,1998.919,-10.865,-35.455,13.155,0.503,0.727,0.214,16
$GNSS,2025-07-29T15:21:11.950Z,40.2696623,-111.6252002,1998.258,-10.837,-35.416,13.086,0.503,0.727,0.216,16
$GNSS,2025-07-29T15:21:12.000Z,40.2696574,-111.6252211,1997.603,-10.859,-35.497,13.080,0.503,0.728,0.214,16
$GNSS,2025-07-29T15:21:12.050Z,40.2696525,-111.6252419,1996.950,-10.902,-35.477,13.072,0.504,0.728,0.214,16
$GNSS,2025-07-29T15:21:12.100Z,40.2696476,-111.6252628,1996.298,-10.890,-35.485,13.093,0.504,0.728,0.216,16
$GNSS,2025-07-29T15:21:12.150Z,40.2696427,-111.6252837,1995.643,-10.938,-35.465,13.104,0.504,0.728,0.216,16
$GNSS,2025-07-29T15:21:12.200Z,40.2696377,-111.6253046,1994.986,-10.888,-35.505,13.244,0.504,0.728,0.216,16
$GNSS,2025-07-29T15:21:12.250Z,40.2696329,-111.6253254,1994.320,-10.850,-35.467,13.200,0.505,0.728,0.216,16
$GNSS,2025-07-29T15:21:12.300Z,40.2696280,-111.6253463,1993.670,-10.868,-35.510,13.051,0.505,0.728,0.216,16
$GNSS,2025-07-29T15:21:12.350Z,40.2696231,-111.6253671,1993.008,-10.946,-35.519,13.077,0.505,0.728,0.216,16
$GNSS,2025-07-29T15:21:12.400Z,40.2696181,-111.6253880,1992.346,-10.980,-35.574,13.118,0.505,0.728,0.215,16
$GNSS,2025-07-29T15:21:12.450Z,40.2696132,-111.6254089,1991.678,-10.912,-35.526,13.230,0.506,0.728,0.216,16
$GNSS,2025-07-29T15:21:12.500Z,40.2696084,-111.6254298,1991.012,-10.841,-35.567,13.327,0.506,0.728,0.216,16
$GNSS,2025-07-29T15:21:12.550Z,40.2696035,-111.6254508,1990.337,-10.915,-35.593,13.389,0.506,0.728,0.214,16
$GNSS,2025-07-29T15:21:12.600Z,40.2695985,-111.6254717,1989.673,-10.917,-35.586,13.331,0.506,0.728,0.214,16
$GNSS,2025-07-29T15:21:12.650Z,40.2695937,-111.6254925,1988.999,-10.905,-35.542,13.306,0.507,0.728,0.216,16
$GNSS,2025-07-29T15:21:12.700Z,40.2695888,-111.6255134,1988.325,-10.912,-35.594,13.389,0.507,0.728,0.216,16
$GNSS,2025-07-29T15:21:12.750Z,40.2695838,-111.6255344,1987.643,-10.937,-35.590,13.519,0.507,0.728,0.216,16
$GNSS,2025-07-29T15:21:12.800Z,40.2695790,-111.6255553,1986.959,-10.795,-35.605,13.609,0.507,0.728,0.214,16
$GNSS,2025-07-29T15:21:12.850Z,40.2695742,-111.6255762,1986.275,-10.764,-35.594,13.581,0.508,0.729,0.214,16
$GNSS,2025-07-29T15:21:12.900Z,40.2695692,-111.6255972,1985.590,-10.972,-35.692,13.574,0.508,0.729,0.214,16
$GNSS,2025-07-29T15:21:12.950Z,40.2695644,-111.6256181,1984.892,-10.911,-35.692,13.664,0.508,0.729,0.214,16
$GNSS,2025-07-29T15:21:13.000Z,40.2695595,-111.6256390,1984.209,-10.896,-35.627,13.638,0.508,0.729,0.215,16
$GNSS,2025-07-29T15:21:13.050Z,40.2695546,-111.6256599,1983.520,-10.864,-35.629,13.708,0.509,0.729,0.215,16
$GNSS,2025-07-29T15:21:13.100Z,40.2695497,-111.6256809,1982.837,-10.813,-35.676,13.698,0.509,0.729,0.214,16
$GNSS,2025-07-29T15:21:13.150Z,40.2695449,-111.6257018,1982.135,-10.826,-35.651,13.784,0.509,0.729,0.214,16
$GNSS,2025-07-29T15:21:13.200Z,40.2695401,-111.6257228,1981.438,-10.741,-35.651,13.818,0.509,0.729,0.214,16
$GNSS,2025-07-29T15:21:13.250Z,40.2695352,-111.6257438,1980.748,-10.843,-35.793,13.750,0.510,0.729,0.214,16
$GNSS,2025-07-29T15:21:13.300Z,40.2695304,-111.6257647,1980.052,-10.785,-35.720,13.733,0.510,0.729,0.215,16
$GNSS,2025-07-29T15:21:13.350Z,40.2695255,-111.6257857,1979.368,-10.750,-35.704,13.623,0.510,0.729,0.215,16
$GNSS,2025-07-29T15:21:13.400Z,40.2695207,-111.6258066,1978.672,-10.723,-35.681,13.737,0.510,0.729,0.215,16
$GNSS,2025-07-29T15:21:13.450Z,40.2695159,-111.6258276,1977.978,-10.797,-35.737,13.750,0.511,0.729,0.215,16
$GNSS,2025-07-29T15:21:13.500Z,40.2695111,-111.6258487,1977.292,-10.726,-35.821,13.710,0.511,0.729,0.213,16
$GNSS,2025-07-29T15:21:13.550Z,40.2695063,-111.6258697,1976.609,-10.650,-35.854,13.615,0.511,0.729,0.213,16
$GNSS,2025-07-29T15:21:13.600Z,40.2695015,-111.6258907,1975.934,-10.675,-35.796,13.464,0.511,0.729,0.213,16
$GNSS,2025-07-29T15:21:13.650Z,40.2694967,-111.6259117,1975.244,-10.659,-35.749,13.463,0.512,0.729,0.215,16
$GNSS,2025-07-29T15:21:13.700Z,40.2694919,-111.6259327,1974.580,-10.660,-35.802,13.349,0.512,0.729,0.215,16
$GNSS,2025-07-29T15:21:13.750Z,40.2694872,-111.6259538,1973.909,-10.602,-35.912,13.314,0.512,0.729,0.215,16
$GNSS,2025-07-29T15:21:13.800Z,40.2694824,-111.6259749,1973.238,-10.584,-35.934,13.282,0.513,0.730,0.215,16
$GNSS,2025-07-29T15:21:13.850Z,40.2694777,-111.6259960,1972.569,-10.592,-35.965,13.280,0.513,0.730,0.215,16
$GNSS,2025-07-29T15:21:13.900Z,40.2694729,-111.6260171,1971.914,-10.565,-35.863,13.135,0.513,0.730,0.216,16
$GNSS,2025-07-29T15:21:13.950Z,40.2694682,-111.6260382,1971.259,-10.575,-35.910,13.064,0.513,0.730,0.216,16
$GNSS,2025-07-29T15:21:14.000Z,40.2694634,-111.6260593,1970.605,-10.542,-35.989,13.021,0.514,0.730,0.216,16
$GNSS,2025-07-29T15:21:14.050Z,40.2694587,-111.6260804,1969.944,-10.575,-36.010,13.047,0.514,0.730,0.216,16
$GNSS,2025-07-29T15:21:14.100Z,40.2694540,-111.6261015,1969.279,-10.453,-35.900,13.049,0.514,0.730,0.216,16
$GNSS,2025-07-29T15:21:14.150Z,40.2694493,-111.6261226,1968.626,-10.443,-35.914,13.011,0.514,0.730,0.216,16
$GNSS,2025-07-29T15:21:14.200Z,40.2694446,-111.6261437,1967.989,-10.463,-35.925,12.910,0.515,0.730,0.216,16
$GNSS,2025-07-29T15:21:14.250Z,40.2694399,-111.6261649,1967.339,-10.494,-36.030,12.873,0.515,0.730,0.215,16
$GNSS,2025-07-29T15:21:14.300Z,40.2694352,-111.6261861,1966.695,-10.497,-36.163,12.749,0.515,0.730,0.216,16
$GNSS,2025-07-29T15:21:14.350Z,40.2694305,-111.6262072,1966.037,-10.440,-36.044,12.783,0.515,0.730,0.215,16
$GNSS,2025-07-29T15:21:14.400Z,40.2694258,-111.6262284,1965.398,-10.446,-36.013,12.765,0.516,0.730,0.215,16
$GNSS,2025-07-29T15:21:14.450Z,40.2694211,-111.6262494,1964.756,-10.464,-35.933,12.721,0.516,0.730,0.215,16
$GNSS,2025-07-29T15:21:14.500Z,40.2694164,-111.6262707,1964.119,-10.494,-36.082,12.783,0.516,0.730,0.215,16
$GNSS,2025-07-29T15:21:14.550Z,40.2694117,-111.6262919,1963.473,-10.501,-36.073,12.796,0.516,0.730,0.215,16
$GNSS,2025-07-29T15:21:14.600Z,40.2694071,-111.6263130,1962.825,-10.312,-36.016,12.750,0.517,0.730,0.215,16
$GNSS,2025-07-29T15:21:14.650Z,40.2694024,-111.6263342,1962.184,-10.403,-36.163,12.607,0.517,0.730,0.214,16
$GNSS,2025-07-29T15:21:14.700Z,40.2693978,-111.6263554,1961.543,-10.432,-36.150,12.654,0.517,0.730,0.214,16
$GNSS,2025-07-29T15:21:14.750Z,40.2693931,-111.6263766,1960.893,-10.337,-36.020,12.858,0.517,0.731,0.216,16
$GNSS,2025-07-29T15:21:14.800Z,40.2693885,-111.6263978,1960.246,-10.293,-36.079,12.899,0.518,0.731,0.216,16
$GNSS,2025-07-29T15:21:14.850Z,40.2693839,-111.6264190,1959.603,-10.237,-36.116,12.852,0.518,0.731,0.216,16
$GNSS,2025-07-29T15:21:14.900Z,40.2693793,-111.6264402,1958.968,-10.250,-36.222,12.654,0.518,0.731,0.216,16
$GNSS,2025-07-29T15:21:14.950Z,40.2693747,-111.6264615,1958.328,-10.247,-36.276,12.516,0.518,0.731,0.216,16
$GNSS,2025-07-29T15:21:15.000Z,40.2693701,-111.6264827,1957.689,-10.276,-36.224,12.414,0.519,0.731,0.217,16
$GNSS,2025-07-29T15:21:15.050Z,40.2693656,-111.6265039,1957.054,-10.229,-36.170,12.533,0.519,0.731,0.217,16
$GNSS,2025-07-29T15:21:15.100Z,40.2693610,-111.6265251,1956.421,-10.042,-36.089,12.633,0.519,0.731,0.216,16
$GNSS,2025-07-29T15:21:15.150Z,40.2693565,-111.6265464,1955.778,-10.004,-36.241,12.699,0.520,0.731,0.216,16
$GNSS,2025-07-29T15:21:15.200Z,40.2693521,-111.6265677,1955.136,-10.033,-36.269,12.655,0.520,0.731,0.216,16
$GNSS,2025-07-29T15:21:15.250Z,40.2693476,-111.6265890,1954.510,-9.954,-36.282,12.453,0.520,0.732,0.216,16
$GNSS,2025-07-29T15:21:15.300Z,40.2693431,-111.6266103,1953.886,-9.948,-36.250,12.398,0.520,0.732,0.215,16
$GNSS,2025-07-29T15:21:15.350Z,40.2693386,-111.6266316,1953.260,-9.968,-36.282,12.411,0.521,0.732,0.215,16
$GNSS,2025-07-29T15:21:15.400Z,40.2693343,-111.6266528,1952.620,-9.819,-36.251,12.465,0.521,0.732,0.215,16
$GNSS,2025-07-29T15:21:15.450Z,40.2693299,-111.6266741,1951.988,-9.792,-36.319,12.420,0.521,0.732,0.215,16
$GNSS,2025-07-29T15:21:15.500Z,40.2693255,-111.6266954,1951.367,-9.768,-36.259,12.392,0.521,0.732,0.215,16
$GNSS,2025-07-29T15:21:15.550Z,40.2693211,-111.6267167,1950.755,-9.661,-36.154,12.352,0.522,0.732,0.215,16
$GNSS,2025-07-29T15:21:15.600Z,40.2693167,-111.6267380,1950.144,-9.708,-36.272,12.304,0.522,0.732,0.196,16
$GNSS,2025-07-29T15:21:15.650Z,40.2693124,-111.6267593,1949.513,-9.737,-36.384,12.283,0.522,0.732,0.213,16
$GNSS,2025-07-29T15:21:15.700Z,40.2693081,-111.6267806,1948.882,-9.649,-36.355,12.306,0.522,0.732,0.216,16
$GNSS,2025-07-29T15:21:15.750Z,40.2693038,-111.6268020,1948.266,-9.631,-36.346,12.334,0.522,0.732,0.217,16
$GNSS,2025-07-29T15:21:15.800Z,40.2692995,-111.6268233,1947.644,-9.567,-36.274,12.296,0.523,0.733,0.215,16
$GNSS,2025-07-29T15:21:15.850Z,40.2692951,-111.6268447,1947.031,-9.751,-36.371,12.176,0.523,0.733,0.217,16
$GNSS,2025-07-29T15:21:15.900Z,40.2692908,-111.6268660,1946.425,-9.563,-36.316,12.140,0.523,0.733,0.217,16
$GNSS,2025-07-29T15:21:15.950Z,40.2692865,-111.6268873,1945.805,-9.558,-36.305,12.122,0.524,0.733,0.217,16
$GNSS,2025-07-29T15:21:16.000Z,40.2692823,-111.6269085,1945.192,-9.484,-36.273,12.031,0.524,0.733,0.217,16
$GNSS,2025-07-29T15:21:16.050Z,40.2692780,-111.6269299,1944.584,-9.488,-36.321,12.025,0.524,0.733,0.217,16
$GNSS,2025-07-29T15:21:16.100Z,40.2692737,-111.6269512,1943.988,-9.594,-36.334,11.922,0.524,0.733,0.217,16
$GNSS,2025-07-29T15:21:16.150Z,40.2692694,-111.6269725,1943.380,-9.600,-36.288,11.957,0.525,0.733,0.217,16
$GNSS,2025-07-29T15:21:16.200Z,40.2692651,-111.6269939,1942.781,-9.585,-36.346,11.887,0.525,0.733,0.217,16
$GNSS,2025-07-29T15:21:16.250Z,40.2692609,-111.6270152,1942.184,-9.511,-36.260,11.846,0.525,0.734,0.217,16
$GNSS,2025-07-29T15:21:16.300Z,40.2692567,-111.6270365,1941.586,-9.421,-36.366,11.727,0.526,0.734,0.217,16
$GNSS,2025-07-29T15:21:16.350Z,40.2692524,-111.6270578,1940.997,-9.447,-36.352,11.643,0.526,0.734,0.217,16
$GNSS,2025-07-29T15:21:16.400Z,40.2692481,-111.6270791,1940.421,-9.506,-36.294,11.533,0.526,0.734,0.216,16
$GNSS,2025-07-29T15:21:16.450Z,40.2692438,-111.6271005,1939.836,-9.549,-36.284,11.593,0.526,0.734,0.216,16
$GNSS,2025-07-29T15:21:16.500Z,40.2692396,-111.6271218,1939.250,-9.555,-36.348,11.534,0.527,0.734,0.216,16
$GNSS,2025-07-29T15:21:16.550Z,40.2692353,-111.6271431,1938.686,-9.485,-36.265,11.363,0.527,0.734,0.216,16
$GNSS,2025-07-29T15:21:16.600Z,40.2692311,-111.6271644,1938.114,-9.442,-36.252,11.303,0.527,0.734,0.216,16
$GNSS,2025-07-29T15:21:16.650Z,40.2692268,-111.6271857,1937.551,-9.452,-36.310,11.295,0.527,0.734,0.216,16
$GNSS,2025-07-29T15:21:16.700Z,40.2692225,-111.6272070,1936.980,-9.533,-36.298,11.229,0.528,0.734,0.216,16
$GNSS,2025-07-29T15:21:16.750Z,40.2692183,-111.6272283,1936.414,-9.491,-36.259,11.095,0.528,0.734,0.216,16
$GNSS,2025-07-29T15:21:16.800Z,40.2692140,-111.6272496,1935.872,-9.446,-36.309,10.975,0.528,0.735,0.216,16
$GNSS,2025-07-29T15:21:16.850Z,40.2692098,-111.6272709,1935.324,-9.411,-36.241,10.930,0.528,0.735,0.202,16
$GNSS,2025-07-29T15:21:16.900Z,40.2692055,-111.6272922,1934.772,-9.478,-36.263,10.872,0.528,0.735,0.201,16
$GNSS,2025-07-29T15:21:16.950Z,40.2692013,-111.6273134,1934.224,-9.479,-36.218,10.860,0.528,0.735,0.214,16
$GNSS,2025-07-29T15:21:17.000Z,40.2691970,-111.6273347,1933.673,-9.447,-36.217,10.873,0.529,0.735,0.215,16
$GNSS,2025-07-29T15:21:17.050Z,40.2691928,-111.6273559,1933.119,-9.395,-36.159,10.877,0.529,0.735,0.215,16
$GNSS,2025-07-29T15:21:17.100Z,40.2691886,-111.6273773,1932.578,-9.483,-36.340,10.840,0.529,0.735,0.202,16
$GNSS,2025-07-29T15:21:17.150Z,40.2691843,-111.6273986,1932.042,-9.337,-36.245,10.770,0.529,0.735,0.214,16
$GNSS,2025-07-29T15:21:17.200Z,40.2691801,-111.6274198,1931.494,-9.434,-36.167,10.746,0.529,0.735,0.215,16
$GNSS,2025-07-29T15:21:17.250Z,40.2691759,-111.6274410,1930.948,-9.425,-36.152,10.749,0.529,0.735,0.215,16
$GNSS,2025-07-29T15:21:17.300Z,40.2691717,-111.6274622,1930.386,-9.422,-36.187,10.861,0.530,0.736,0.215,16
$GNSS,2025-07-29T15:21:17.350Z,40.2691675,-111.6274834,1929.843,-9.379,-36.091,10.805,0.530,0.736,0.215,16
$GNSS,2025-07-29T15:21:17.400Z,40.2691633,-111.6275046,1929.308,-9.336,-36.056,10.811,0.530,0.736,0.216,16
$GNSS,2025-07-29T15:21:17.450Z,40.2691591,-111.6275259,1928.762,-9.265,-36.107,10.851,0.530,0.736,0.216,16
$GNSS,2025-07-29T15:21:17.500Z,40.2691549,-111.6275470,1928.193,-9.311,-36.137,10.973,0.531,0.736,0.217,16
$GNSS,2025-07-29T15:21:17.550Z,40.2691507,-111.6275683,1927.647,-9.293,-36.041,11.006,0.531,0.736,0.196,16
$GNSS,2025-07-29T15:21:17.600Z,40.2691465,-111.6275895,1927.087,-9.346,-36.131,11.037,0.530,0.736,0.196,16
$GNSS,2025-07-29T15:21:17.650Z,40.2691424,-111.6276106,1926.518,-9.234,-36.016,11.091,0.530,0.736,0.195,16
$GNSS,2025-07-29T15:21:17.700Z,40.2691382,-111.6276318,1925.963,-9.286,-36.048,11.074,0.530,0.736,0.195,16
$GNSS,2025-07-29T15:21:17.750Z,40.2691341,-111.6276530,1925.405,-9.264,-36.064,11.144,0.530,0.736,0.195,16
$GNSS,2025-07-29T15:21:17.800Z,40.2691299,-111.6276742,1924.831,-9.247,-36.083,11.240,0.530,0.736,0.195,16
$GNSS,2025-07-29T15:21:17.850Z,40.2691258,-111.6276953,1924.252,-9.214,-36.032,11.362,0.530,0.736,0.196,16
$GNSS,2025-07-29T15:21:17.900Z,40.2691216,-111.6277165,1923.677,-9.286,-36.037,11.325,0.531,0.736,0.215,16
$GNSS,2025-07-29T15:21:17.950Z,40.2691175,-111.6277377,1923.102,-9.257,-36.115,11.310,0.531,0.736,0.217,16
$GNSS,2025-07-29T15:21:18.000Z,40.2691134,-111.6277588,1922.518,-9.277,-36.101,11.361,0.531,0.736,0.196,16
$GNSS,2025-07-29T15:21:18.050Z,40.2691093,-111.6277799,1921.937,-9.117,-35.938,11.385,0.531,0.736,0.215,16
$GNSS,2025-07-29T15:21:18.100Z,40.2691052,-111.6278011,1921.357,-9.127,-36.030,11.462,0.531,0.736,0.196,16
$GNSS,2025-07-29T15:21:18.150Z,40.2691010,-111.6278223,1920.774,-9.292,-36.073,11.545,0.531,0.737,0.196,16
$GNSS,2025-07-29T15:21:18.200Z,40.2690969,-111.6278434,1920.184,-9.265,-36.033,11.582,0.531,0.737,0.196,16
$GNSS,2025-07-29T15:21:18.250Z,40.2690927,-111.6278646,1919.592,-9.197,-36.052,11.652,0.531,0.737,0.196,16
$GNSS,2025-07-29T15:21:18.300Z,40.2690886,-111.6278857,1919.012,-9.155,-35.923,11.678,0.531,0.737,0.194,16
$GNSS,2025-07-29T15:21:18.350Z,40.2690845,-111.6279068,1918.421,-9.134,-35.953,11.669,0.531,0.737,0.197,16
$GNSS,2025-07-29T15:21:18.400Z,40.2690804,-111.6279280,1917.829,-9.190,-36.038,11.692,0.531,0.737,0.194,16
$GNSS,2025-07-29T15:21:18.450Z,40.2690763,-111.6279491,1917.226,-9.233,-36.026,11.741,0.531,0.737,0.195,16
$GNSS,2025-07-29T15:21:18.500Z,40.2690721,-111.6279702,1916.628,-9.244,-35.982,11.807,0.531,0.737,0.194,16
$GNSS,2025-07-29T15:21:18.550Z,40.2690680,-111.6279913,1916.022,-9.205,-35.942,11.898,0.531,0.737,0.194,16
$GNSS,2025-07-29T15:21:18.600Z,40.2690639,-111.6280124,1915.415,-9.205,-35.953,11.993,0.531,0.737,0.195,16
$GNSS,2025-07-29T15:21:18.650Z,40.2690597,-111.6280335,1914.808,-9.187,-35.846,12.035,0.531,0.737,0.196,16
$GNSS,2025-07-29T15:21:18.700Z,40.2690556,-111.6280545,1914.196,-9.261,-35.880,12.046,0.531,0.737,0.194,16
$GNSS,2025-07-29T15:21:18.750Z,40.2690514,-111.6280757,1913.588,-9.259,-35.968,12.084,0.531,0.737,0.200,16
$GNSS,2025-07-29T15:21:18.800Z,40.2690473,-111.6280967,1912.979,-9.202,-35.850,12.110,0.531,0.737,0.215,16
$GNSS,2025-07-29T15:21:18.850Z,40.2690431,-111.6281178,1912.363,-9.302,-35.887,12.136,0.531,0.737,0.216,16
$GNSS,2025-07-29T15:21:18.900Z,40.2690389,-111.6281389,1911.740,-9.303,-35.939,12.248,0.531,0.737,0.216,16
$GNSS,2025-07-29T15:21:18.950Z,40.2690347,-111.6281600,1911.121,-9.338,-35.888,12.299,0.532,0.737,0.216,16
$GNSS,2025-07-29T15:21:19.000Z,40.2690305,-111.6281810,1910.494,-9.353,-35.771,12.368,0.532,0.738,0.216,16
$GNSS,2025-07-29T15:21:19.050Z,40.2690263,-111.6282020,1909.870,-9.352,-35.840,12.390,0.532,0.738,0.216,16
$GNSS,2025-07-29T15:21:19.100Z,40.2690221,-111.6282232,1909.253,-9.358,-35.932,12.332,0.532,0.738,0.216,16
$GNSS,2025-07-29T15:21:19.150Z,40.2690179,-111.6282442,1908.619,-9.400,-35.922,12.398,0.532,0.738,0.216,16
$GNSS,2025-07-29T15:21:19.200Z,40.2690136,-111.6282653,1907.988,-9.496,-35.869,12.415,0.533,0.738,0.216,16
$GNSS,2025-07-29T15:21:19.250Z,40.2690094,-111.6282864,1907.370,-9.386,-35.895,12.402,0.533,0.738,0.216,16
$GNSS,2025-07-29T15:21:19.300Z,40.2690051,-111.6283074,1906.723,-9.591,-35.912,12.567,0.533,0.738,0.216,16
$GNSS,2025-07-29T15:21:19.350Z,40.2690008,-111.6283285,1906.088,-9.510,-35.911,12.584,0.533,0.738,0.216,16
$GNSS,2025-07-29T15:21:19.400Z,40.2689965,-111.6283496,1905.451,-9.519,-35.847,12.597,0.534,0.738,0.216,16
$GNSS,2025-07-29T15:21:19.450Z,40.2689923,-111.6283707,1904.820,-9.392,-35.855,12.665,0.534,0.738,0.216,16
$GNSS,2025-07-29T15:21:19.500Z,40.2689880,-111.6283917,1904.175,-9.517,-35.794,12.731,0.534,0.738,0.216,16
$GNSS,2025-07-29T15:21:19.550Z,40.2689837,-111.6284127,1903.535,-9.552,-35.894,12.687,0.534,0.738,0.216,16
$GNSS,2025-07-29T15:21:19.600Z,40.2689794,-111.6284339,1902.895,-9.666,-36.039,12.654,0.535,0.738,0.217,16
$GNSS,2025-07-29T15:21:19.650Z,40.2689751,-111.6284550,1902.254,-9.517,-35.930,12.748,0.535,0.738,0.216,16
$GNSS,2025-07-29T15:21:19.700Z,40.2689708,-111.6284760,1901.616,-9.529,-35.789,12.730,0.535,0.738,0.216,16
$GNSS,2025-07-29T15:21:19.750Z,40.2689665,-111.6284971,1900.974,-9.569,-35.887,12.714,0.535,0.738,0.215,16
$GNSS,2025-07-29T15:21:19.800Z,40.2689622,-111.6285182,1900.322,-9.649,-35.985,12.785,0.535,0.738,0.215,16
$GNSS,2025-07-29T15:21:19.850Z,40.2689579,-111.6285393,1899.669,-9.641,-36.049,12.804,0.536,0.739,0.215,16
$GNSS,2025-07-29T15:21:19.900Z,40.2689535,-111.6285605,1899.025,-9.689,-35.953,12.869,0.536,0.739,0.216,16
$GNSS,2025-07-29T15:21:19.950Z,40.2689492,-111.6285815,1898.375,-9.612,-35.844,12.919,0.536,0.739,0.216,16
$GNSS,2025-07-29T15:21:20.000Z,40.2689449,-111.6286026,1897.719,-9.532,-35.829,13.000,0.536,0.739,0.215,16
$GNSS,2025-07-29T15:21:20.050Z,40.2689406,-111.6286237,1897.062,-9.623,-35.956,12.985,0.536,0.739,0.215,16
$GNSS,2025-07-29T15:21:20.100Z,40.2689362,-111.6286448,1896.407,-9.743,-36.020,13.037,0.536,0.739,0.215,16
$GNSS,2025-07-29T15:21:20.150Z,40.2689318,-111.6286660,1895.735,-9.752,-35.977,13.255,0.537,0.739,0.215,16
$GNSS,2025-07-29T15:21:20.200Z,40.2689274,-111.6286871,1895.062,-9.772,-35.999,13.310,0.537,0.739,0.215,16
$GNSS,2025-07-29T15:21:20.250Z,40.2689230,-111.6287082,1894.388,-9.800,-35.927,13.221,0.537,0.739,0.215,16
$GNSS,2025-07-29T15:21:20.300Z,40.2689186,-111.6287293,1893.736,-9.699,-35.990,13.161,0.537,0.739,0.215,16
$GNSS,2025-07-29T15:21:20.350Z,40.2689143,-111.6287504,1893.068,-9.751,-35.944,13.238,0.537,0.739,0.215,16
$GNSS,2025-07-29T15:21:20.400Z,40.2689098,-111.6287716,1892.381,-9.886,-36.066,13.485,0.537,0.739,0.215,16
$GNSS,2025-07-29T15:21:20.450Z,40.2689054,-111.6287928,1891.693,-9.902,-36.036,13.549,0.538,0.739,0.215,16
$GNSS,2025-07-29T15:21:20.500Z,40.2689010,-111.6288138,1891.005,-9.839,-35.961,13.519,0.538,0.739,0.215,16
$GNSS,2025-07-29T15:21:20.550Z,40.2688965,-111.6288350,1890.327,-9.921,-36.010,13.527,0.538,0.739,0.215,16
$GNSS,2025-07-29T15:21:20.600Z,40.2688920,-111.6288562,1889.644,-9.896,-36.056,13.594,0.538,0.739,0.214,16
$GNSS,2025-07-29T15:21:20.650Z,40.2688876,-111.6288774,1888.960,-9.927,-36.095,13.662,0.538,0.739,0.214,16
$GNSS,2025-07-29T15:21:20.700Z,40.2688831,-111.6288986,1888.267,-9.952,-36.091,13.696,0.538,0.739,0.194,16
$GNSS,2025-07-29T15:21:20.750Z,40.2688786,-111.6289198,1887.568,-9.940,-36.059,13.729,0.538,0.739,0.194,16
$GNSS,2025-07-29T15:21:20.800Z,40.2688741,-111.6289410,1886.871,-10.035,-36.143,13.780,0.538,0.739,0.194,16
$GNSS,2025-07-29T15:21:20.850Z,40.2688697,-111.6289622,1886.168,-9.947,-36.165,13.868,0.538,0.739,0.194,16
$GNSS,2025-07-29T15:21:20.900Z,40.2688652,-111.6289834,1885.470,-9.939,-36.089,13.876,0.537,0.739,0.194,16
$GNSS,2025-07-29T15:21:20.950Z,40.2688607,-111.6290046,1884.768,-9.967,-36.111,13.967,0.537,0.739,0.194,16
$GNSS,2025-07-29T15:21:21.000Z,40.2688562,-111.6290259,1884.057,-10.055,-36.197,14.028,0.537,0.739,0.194,16
$GNSS,2025-07-29T15:21:21.050Z,40.2688517,-111.6290472,1883.358,-10.025,-36.215,14.027,0.537,0.739,0.194,16
$GNSS,2025-07-29T15:21:21.100Z,40.2688472,-111.6290685,1882.645,-10.020,-36.240,14.153,0.537,0.739,0.194,16
$GNSS,2025-07-29T15:21:21.150Z,40.2688426,-111.6290899,1881.941,-10.033,-36.362,14.128,0.537,0.739,0.194,16
$GNSS,2025-07-29T15:21:21.200Z,40.2688382,-111.6291111,1881.222,-9.998,-36.221,14.131,0.537,0.739,0.194,16
$GNSS,2025-07-29T15:21:21.250Z,40.2688337,-111.6291323,1880.499,-9.952,-36.193,14.235,0.537,0.739,0.194,16
$GNSS,2025-07-29T15:21:21.300Z,40.2688292,-111.6291537,1879.786,-9.945,-36.323,14.291,0.537,0.739,0.194,16
$GNSS,2025-07-29T15:21:21.350Z,40.2688247,-111.6291750,1879.068,-10.022,-36.324,14.285,0.537,0.739,0.194,16
$GNSS,2025-07-29T15:21:21.400Z,40.2688202,-111.6291964,1878.350,-10.027,-36.396,14.278,0.536,0.739,0.194,16
$GNSS,2025-07-29T15:21:21.450Z,40.2688156,-111.6292178,1877.625,-10.096,-36.407,14.291,0.537,0.739,0.212,16
$GNSS,2025-07-29T15:21:21.500Z,40.2688112,-111.6292392,1876.895,-10.027,-36.443,14.365,0.537,0.739,0.214,16
$GNSS,2025-07-29T15:21:21.550Z,40.2688066,-111.6292606,1876.176,-10.044,-36.419,14.420,0.537,0.739,0.195,16
$GNSS,2025-07-29T15:21:21.600Z,40.2688021,-111.6292820,1875.446,-10.070,-36.419,14.482,0.537,0.739,0.194,16
$GNSS,2025-07-29T15:21:21.650Z,40.2687976,-111.6293034,1874.713,-10.027,-36.480,14.592,0.537,0.739,0.194,16
$GNSS,2025-07-29T15:21:21.700Z,40.2687930,-111.6293248,1873.973,-10.120,-36.475,14.597,0.536,0.739,0.194,16
$GNSS,2025-07-29T15:21:21.750Z,40.2687885,-111.6293462,1873.236,-10.092,-36.513,14.639,0.537,0.739,0.212,16
$GNSS,2025-07-29T15:21:21.800Z,40.2687840,-111.6293677,1872.498,-10.105,-36.592,14.608,0.537,0.739,0.213,16
$GNSS,2025-07-29T15:21:21.850Z,40.2687794,-111.6293892,1871.756,-10.166,-36.578,14.691,0.537,0.739,0.215,16
$GNSS,2025-07-29T15:21:21.900Z,40.2687748,-111.6294107,1871.011,-10.134,-36.576,14.776,0.537,0.739,0.195,16
$GNSS,2025-07-29T15:21:21.950Z,40.2687702,-111.6294322,1870.269,-10.198,-36.639,14.765,0.536,0.739,0.194,16
$GNSS,2025-07-29T15:21:22.000Z,40.2687656,-111.6294537,1869.521,-10.240,-36.611,14.859,0.537,0.739,0.211,16
$GNSS,2025-07-29T15:21:22.050Z,40.2687611,-111.6294752,1868.761,-10.157,-36.612,15.005,0.537,0.739,0.211,16
$GNSS,2025-07-29T15:21:22.100Z,40.2687564,-111.6294968,1868.000,-10.236,-36.668,15.134,0.537,0.739,0.211,16
$GNSS,2025-07-29T15:21:22.150Z,40.2687517,-111.6295184,1867.250,-10.376,-36.670,15.105,0.537,0.739,0.211,16
$GNSS,2025-07-29T15:21:22.200Z,40.2687471,-111.6295399,1866.492,-10.302,-36.697,15.045,0.537,0.739,0.213,16
$GNSS,2025-07-29T15:21:22.250Z,40.2687425,-111.6295614,1865.727,-10.331,-36.624,15.119,0.537,0.739,0.213,16
$GNSS,2025-07-29T15:21:22.300Z,40.2687378,-111.6295830,1864.962,-10.428,-36.690,15.228,0.537,0.739,0.213,16
$GNSS,2025-07-29T15:21:22.350Z,40.2687330,-111.6296046,1864.203,-10.425,-36.758,15.295,0.537,0.739,0.213,16
$GNSS,2025-07-29T15:21:22.400Z,40.2687283,-111.6296261,1863.421,-10.576,-36.646,15.344,0.537,0.738,0.213,16
$GNSS,2025-07-29T15:21:22.450Z,40.2687236,-111.6296476,1862.644,-10.552,-36.689,15.409,0.537,0.738,0.213,16
$GNSS,2025-07-29T15:21:22.500Z,40.2687187,-111.6296692,1861.875,-10.659,-36.760,15.345,0.538,0.738,0.213,16
$GNSS,2025-07-29T15:21:22.550Z,40.2687139,-111.6296908,1861.112,-10.691,-36.724,15.316,0.538,0.739,0.226,16
$GNSS,2025-07-29T15:21:22.600Z,40.2687091,-111.6297123,1860.326,-10.776,-36.664,15.403,0.538,0.739,0.227,16
$GNSS,2025-07-29T15:21:22.650Z,40.2687042,-111.6297339,1859.543,-10.839,-36.796,15.473,0.538,0.739,0.214,16
$GNSS,2025-07-29T15:21:22.700Z,40.2686993,-111.6297555,1858.765,-10.914,-36.828,15.520,0.538,0.739,0.213,16
$GNSS,2025-07-29T15:21:22.750Z,40.2686944,-111.6297771,1857.985,-10.984,-36.733,15.526,0.538,0.739,0.226,16
$GNSS,2025-07-29T15:21:22.800Z,40.2686894,-111.6297986,1857.202,-11.014,-36.674,15.560,0.538,0.739,0.228,16
$GNSS,2025-07-29T15:21:22.850Z,40.2686844,-111.6298202,1856.426,-11.113,-36.660,15.617,0.538,0.740,0.227,16
$GNSS,2025-07-29T15:21:22.900Z,40.2686793,-111.6298418,1855.629,-11.258,-36.817,15.721,0.538,0.740,0.227,16
$GNSS,2025-07-29T15:21:22.950Z,40.2686742,-111.6298634,1854.835,-11.349,-36.774,15.696,0.538,0.740,0.227,16
$GNSS,2025-07-29T15:21:23.000Z,40.2686691,-111.6298849,1854.036,-11.390,-36.800,15.737,0.538,0.740,0.227,16
$GNSS,2025-07-29T15:21:23.050Z,40.2686640,-111.6299065,1853.239,-11.441,-36.730,15.744,0.538,0.741,0.228,16
$GNSS,2025-07-29T15:21:23.100Z,40.2686588,-111.6299282,1852.459,-11.494,-36.842,15.771,0.538,0.741,0.228,16
$GNSS,2025-07-29T15:21:23.150Z,40.2686535,-111.6299498,1851.675,-11.556,-36.732,15.752,0.538,0.741,0.228,16
$GNSS,2025-07-29T15:21:23.200Z,40.2686483,-111.6299713,1850.868,-11.724,-36.755,15.797,0.539,0.741,0.228,16
$GNSS,2025-07-29T15:21:23.250Z,40.2686430,-111.6299929,1850.077,-11.813,-36.762,15.799,0.539,0.742,0.228,16
$GNSS,2025-07-29T15:21:23.300Z,40.2686376,-111.6300145,1849.277,-11.913,-36.825,15.876,0.539,0.742,0.228,16
$GNSS,2025-07-29T15:21:23.350Z,40.2686322,-111.6300361,1848.491,-11.937,-36.762,15.820,0.539,0.742,0.228,16
$GNSS,2025-07-29T15:21:23.400Z,40.2686268,-111.6300577,1847.703,-12.038,-36.806,15.733,0.539,0.742,0.228,16
$GNSS,2025-07-29T15:21:23.450Z,40.2686214,-111.6300793,1846.903,-12.093,-36.757,15.743,0.539,0.743,0.222,16
$GNSS,2025-07-29T15:21:23.500Z,40.2686159,-111.6301009,1846.116,-12.189,-36.788,15.742,0.539,0.743,0.228,16
$GNSS,2025-07-29T15:21:23.550Z,40.2686104,-111.6301225,1845.309,-12.305,-36.873,15.850,0.539,0.743,0.228,16
$GNSS,2025-07-29T15:21:23.600Z,40.2686048,-111.6301442,1844.515,-12.326,-36.803,15.886,0.539,0.744,0.228,16
$GNSS,2025-07-29T15:21:23.650Z,40.2685992,-111.6301657,1843.728,-12.323,-36.697,15.864,0.539,0.744,0.228,16
$GNSS,2025-07-29T15:21:23.700Z,40.2685936,-111.6301873,1842.932,-12.500,-36.750,15.790,0.539,0.744,0.230,16
$GNSS,2025-07-29T15:21:23.750Z,40.2685880,-111.6302090,1842.143,-12.534,-36.836,15.773,0.539,0.744,0.230,16
$GNSS,2025-07-29T15:21:23.800Z,40.2685823,-111.6302305,1841.352,-12.647,-36.770,15.714,0.539,0.745,0.230,16
$GNSS,2025-07-29T15:21:23.850Z,40.2685766,-111.6302522,1840.560,-12.707,-36.841,15.770,0.540,0.745,0.230,16
$GNSS,2025-07-29T15:21:23.900Z,40.2685709,-111.6302738,1839.762,-12.674,-36.876,15.823,0.540,0.745,0.230,16
$GNSS,2025-07-29T15:21:23.950Z,40.2685651,-111.6302954,1838.968,-12.760,-36.822,15.792,0.540,0.745,0.230,16
$GNSS,2025-07-29T15:21:24.000Z,40.2685594,-111.6303170,1838.186,-12.762,-36.768,15.689,0.540,0.746,0.230,16
$GNSS,2025-07-29T15:21:24.050Z,40.2685536,-111.6303387,1837.399,-12.908,-36.795,15.729,0.540,0.746,0.217,16
$GNSS,2025-07-29T15:21:24.100Z,40.2685477,-111.6303603,1836.611,-13.035,-36.792,15.695,0.540,0.746,0.216,16
$GNSS,2025-07-29T15:21:24.150Z,40.2685418,-111.6303819,1835.822,-13.079,-36.891,15.681,0.540,0.746,0.216,16
$GNSS,2025-07-29T15:21:24.200Z,40.2685360,-111.6304036,1835.031,-13.008,-36.896,15.669,0.540,0.746,0.216,16
$GNSS,2025-07-29T15:21:24.250Z,40.2685301,-111.6304252,1834.229,-13.040,-36.864,15.742,0.541,0.746,0.216,16
$GNSS,2025-07-29T15:21:24.300Z,40.2685242,-111.6304469,1833.448,-13.139,-36.868,15.770,0.541,0.746,0.215,16
$GNSS,2025-07-29T15:21:24.350Z,40.2685182,-111.6304685,1832.670,-13.133,-36.795,15.717,0.541,0.746,0.214,16
$GNSS,2025-07-29T15:21:24.400Z,40.2685123,-111.6304902,1831.886,-13.195,-36.834,15.657,0.541,0.746,0.216,16
$GNSS,2025-07-29T15:21:24.450Z,40.2685063,-111.6305118,1831.093,-13.326,-36.875,15.586,0.541,0.746,0.216,16
$GNSS,2025-07-29T15:21:24.500Z,40.2685003,-111.6305335,1830.320,-13.322,-36.939,15.529,0.541,0.746,0.216,16
$GNSS,2025-07-29T15:21:24.550Z,40.2684943,-111.6305553,1829.543,-13.400,-37.011,15.608,0.542,0.746,0.217,16
$GNSS,2025-07-29T15:21:24.600Z,40.2684882,-111.6305770,1828.756,-13.430,-36.970,15.639,0.542,0.746,0.215,16
$GNSS,2025-07-29T15:21:24.650Z,40.2684822,-111.6305986,1827.966,-13.433,-36.916,15.611,0.542,0.746,0.217,16
$GNSS,2025-07-29T15:21:24.700Z,40.2684762,-111.6306203,1827.180,-13.439,-36.915,15.539,0.542,0.746,0.215,16
$GNSS,2025-07-29T15:21:24.750Z,40.2684701,-111.6306420,1826.410,-13.475,-36.959,15.472,0.542,0.746,0.215,16
$GNSS,2025-07-29T15:21:24.800Z,40.2684640,-111.6306637,1825.635,-13.531,-36.854,15.537,0.542,0.746,0.215,16
$GNSS,2025-07-29T15:21:24.850Z,40.2684579,-111.6306854,1824.854,-13.467,-36.888,15.590,0.543,0.746,0.215,16
$GNSS,2025-07-29T15:21:24.900Z,40.2684518,-111.6307072,1824.080,-13.599,-37.063,15.555,0.543,0.746,0.215,16
$GNSS,2025-07-29T15:21:24.950Z,40.2684456,-111.6307289,1823.302,-13.690,-37.037,15.503,0.543,0.746,0.215,16
$GNSS,2025-07-29T15:21:25.000Z,40.2684395,-111.6307506,1822.521,-13.577,-36.956,15.468,0.543,0.746,0.215,16
$GNSS,2025-07-29T15:21:25.050Z,40.2684335,-111.6307723,1821.736,-13.524,-36.983,15.542,0.543,0.746,0.215,16
$GNSS,2025-07-29T15:21:25.100Z,40.2684273,-111.6307940,1820.961,-13.601,-37.029,15.495,0.543,0.745,0.216,16
$GNSS,2025-07-29T15:21:25.150Z,40.2684212,-111.6308159,1820.196,-13.640,-37.072,15.449,0.543,0.745,0.215,16
$GNSS,2025-07-29T15:21:25.200Z,40.2684150,-111.6308377,1819.427,-13.621,-37.032,15.529,0.543,0.745,0.215,16
$GNSS,2025-07-29T15:21:25.250Z,40.2684089,-111.6308594,1818.639,-13.625,-37.023,15.610,0.544,0.745,0.217,16
$GNSS,2025-07-29T15:21:25.300Z,40.2684027,-111.6308811,1817.841,-13.752,-37.111,15.590,0.544,0.745,0.215,16
$GNSS,2025-07-29T15:21:25.350Z,40.2683966,-111.6309030,1817.085,-13.642,-37.207,15.419,0.544,0.745,0.217,16
$GNSS,2025-07-29T15:21:25.400Z,40.2683904,-111.6309249,1816.310,-13.614,-37.169,15.476,0.544,0.745,0.217,16
$GNSS,2025-07-29T15:21:25.450Z,40.2683843,-111.6309467,1815.529,-13.520,-37.163,15.544,0.544,0.745,0.217,16
$GNSS,2025-07-29T15:21:25.500Z,40.2683783,-111.6309685,1814.738,-13.607,-37.214,15.550,0.544,0.745,0.217,16
$GNSS,2025-07-29T15:21:25.550Z,40.2683722,-111.6309904,1813.960,-13.540,-37.256,15.507,0.544,0.745,0.219,16
$GNSS,2025-07-29T15:21:25.600Z,40.2683660,-111.6310123,1813.189,-13.636,-37.274,15.471,0.545,0.745,0.216,16
$GNSS,2025-07-29T15:21:25.650Z,40.2683599,-111.6310342,1812.411,-13.580,-37.317,15.536,0.545,0.745,0.217,16
$GNSS,2025-07-29T15:21:25.700Z,40.2683538,-111.6310562,1811.633,-13.552,-37.325,15.601,0.545,0.745,0.218,16
$GNSS,2025-07-29T15:21:25.750Z,40.2683478,-111.6310781,1810.843,-13.452,-37.314,15.583,0.545,0.745,0.216,16
$GNSS,2025-07-29T15:21:25.800Z,40.2683417,-111.6311000,1810.054,-13.441,-37.340,15.576,0.545,0.745,0.215,16
$GNSS,2025-07-29T15:21:25.850Z,40.2683357,-111.6311219,1809.277,-13.360,-37.391,15.595,0.546,0.745,0.216,16
$GNSS,2025-07-29T15:21:25.900Z,40.2683297,-111.6311439,1808.492,-13.317,-37.387,15.694,0.546,0.745,0.216,16
$GNSS,2025-07-29T15:21:25.950Z,40.2683237,-111.6311660,1807.695,-13.375,-37.517,15.791,0.546,0.745,0.216,16
$GNSS,2025-07-29T15:21:26.000Z,40.2683178,-111.6311879,1806.911,-13.228,-37.473,15.688,0.546,0.745,0.216,16
$GNSS,2025-07-29T15:21:26.050Z,40.2683118,-111.6312100,1806.130,-13.164,-37.505,15.711,0.546,0.745,0.216,16
$GNSS,2025-07-29T15:21:26.100Z,40.2683059,-111.6312322,1805.354,-13.117,-37.599,15.704,0.547,0.745,0.217,16
$GNSS,2025-07-29T15:21:26.150Z,40.2683000,-111.6312542,1804.554,-13.058,-37.620,15.699,0.546,0.745,0.198,16
$GNSS,2025-07-29T15:21:26.200Z,40.2682942,-111.6312763,1803.772,-13.008,-37.601,15.693,0.546,0.745,0.198,16
$GNSS,2025-07-29T15:21:26.250Z,40.2682884,-111.6312984,1802.978,-12.876,-37.652,15.666,0.546,0.745,0.198,16
$GNSS,2025-07-29T15:21:26.300Z,40.2682826,-111.6313206,1802.191,-12.846,-37.838,15.753,0.546,0.745,0.198,16
$GNSS,2025-07-29T15:21:26.350Z,40.2682769,-111.6313428,1801.392,-12.821,-37.850,15.797,0.546,0.745,0.198,16
$GNSS,2025-07-29T15:21:26.400Z,40.2682711,-111.6313650,1800.605,-12.765,-37.786,15.740,0.546,0.745,0.198,16
$GNSS,2025-07-29T15:21:26.450Z,40.2682655,-111.6313872,1799.814,-12.578,-37.785,15.738,0.546,0.745,0.197,16
$GNSS,2025-07-29T15:21:26.500Z,40.2682599,-111.6314095,1799.025,-12.514,-37.987,15.781,0.546,0.745,0.195,16
$GNSS,2025-07-29T15:21:26.550Z,40.2682542,-111.6314318,1798.250,-12.447,-37.914,15.681,0.546,0.745,0.217,16
$GNSS,2025-07-29T15:21:26.600Z,40.2682487,-111.6314541,1797.449,-12.420,-37.919,15.726,0.546,0.745,0.196,16
$GNSS,2025-07-29T15:21:26.650Z,40.2682431,-111.6314764,1796.662,-12.362,-37.997,15.811,0.546,0.745,0.195,16
$GNSS,2025-07-29T15:21:26.700Z,40.2682375,-111.6314988,1795.868,-12.352,-38.005,15.853,0.546,0.745,0.195,16
$GNSS,2025-07-29T15:21:26.750Z,40.2682321,-111.6315211,1795.065,-12.183,-38.126,15.817,0.546,0.745,0.196,16
$GNSS,2025-07-29T15:21:26.800Z,40.2682266,-111.6315435,1794.271,-12.161,-38.161,15.812,0.546,0.745,0.218,16
$GNSS,2025-07-29T15:21:26.850Z,40.2682212,-111.6315659,1793.481,-12.128,-38.095,15.802,0.546,0.745,0.218,16
$GNSS,2025-07-29T15:21:26.900Z,40.2682157,-111.6315883,1792.692,-12.071,-38.137,15.760,0.546,0.746,0.229,16
$GNSS,2025-07-29T15:21:26.950Z,40.2682103,-111.6316107,1791.899,-12.119,-38.151,15.836,0.546,0.746,0.219,16
$GNSS,2025-07-29T15:21:27.000Z,40.2682048,-111.6316333,1791.115,-12.032,-38.310,15.780,0.546,0.746,0.206,16
$GNSS,2025-07-29T15:21:27.050Z,40.2681995,-111.6316556,1790.302,-11.992,-38.245,15.792,0.546,0.746,0.206,16
$GNSS,2025-07-29T15:21:27.100Z,40.2681942,-111.6316781,1789.508,-11.936,-38.250,15.715,0.546,0.746,0.207,16
$GNSS,2025-07-29T15:21:27.150Z,40.2681888,-111.6317005,1788.710,-11.875,-38.328,15.761,0.546,0.746,0.206,16
$GNSS,2025-07-29T15:21:27.200Z,40.2681835,-111.6317231,1787.935,-11.761,-38.293,15.751,0.545,0.746,0.206,16
$GNSS,2025-07-29T15:21:27.250Z,40.2681782,-111.6317456,1787.145,-11.827,-38.287,15.778,0.545,0.746,0.208,16
$GNSS,2025-07-29T15:21:27.300Z,40.2681729,-111.6317682,1786.370,-11.795,-38.471,15.693,0.545,0.747,0.208,16
$GNSS,2025-07-29T15:21:27.350Z,40.2681676,-111.6317907,1785.579,-11.747,-38.419,15.620,0.545,0.747,0.206,16
$GNSS,2025-07-29T15:21:27.400Z,40.2681623,-111.6318133,1784.796,-11.723,-38.520,15.505,0.545,0.747,0.199,16
$GNSS,2025-07-29T15:21:27.450Z,40.2681571,-111.6318359,1784.018,-11.626,-38.468,15.485,0.545,0.747,0.207,16
$GNSS,2025-07-29T15:21:27.500Z,40.2681519,-111.6318585,1783.240,-11.562,-38.487,15.580,0.545,0.747,0.198,16
$GNSS,2025-07-29T15:21:27.550Z,40.2681467,-111.6318812,1782.458,-11.605,-38.597,15.568,0.545,0.747,0.197,16
$GNSS,2025-07-29T15:21:27.600Z,40.2681415,-111.6319039,1781.692,-11.475,-38.589,15.451,0.545,0.747,0.197,16
$GNSS,2025-07-29T15:21:27.650Z,40.2681364,-111.6319266,1780.931,-11.420,-38.640,15.254,0.545,0.747,0.198,16
$GNSS,2025-07-29T15:21:27.700Z,40.2681312,-111.6319492,1780.178,-11.439,-38.636,15.058,0.545,0.747,0.198,16
$GNSS,2025-07-29T15:21:27.750Z,40.2681261,-111.6319720,1779.429,-11.363,-38.726,14.931,0.544,0.747,0.198,16
$GNSS,2025-07-29T15:21:27.800Z,40.2681211,-111.6319947,1778.687,-11.286,-38.636,14.889,0.544,0.747,0.198,16
$GNSS,2025-07-29T15:21:27.850Z,40.2681160,-111.6320175,1777.961,-11.211,-38.723,14.781,0.544,0.747,0.199,16
$GNSS,2025-07-29T15:21:27.900Z,40.2681110,-111.6320403,1777.239,-11.130,-38.779,14.558,0.544,0.747,0.198,16
$GNSS,2025-07-29T15:21:27.950Z,40.2681060,-111.6320630,1776.536,-11.115,-38.822,14.139,0.544,0.747,0.198,16
$GNSS,2025-07-29T15:21:28.000Z,40.2681011,-111.6320858,1775.840,-10.928,-38.820,13.880,0.544,0.747,0.197,16
$GNSS,2025-07-29T15:21:28.050Z,40.2680962,-111.6321085,1775.159,-10.903,-38.700,13.701,0.544,0.747,0.197,16
$GNSS,2025-07-29T15:21:28.100Z,40.2680913,-111.6321313,1774.478,-10.949,-38.824,13.529,0.544,0.748,0.197,16
$GNSS,2025-07-29T15:21:28.150Z,40.2680864,-111.6321541,1773.829,-10.789,-38.788,13.213,0.544,0.748,0.197,16
$GNSS,2025-07-29T15:21:28.200Z,40.2680817,-111.6321768,1773.183,-10.601,-38.797,12.963,0.544,0.748,0.200,16
$GNSS,2025-07-29T15:21:28.250Z,40.2680769,-111.6321997,1772.553,-10.633,-38.835,12.707,0.544,0.748,0.200,16
$GNSS,2025-07-29T15:21:28.300Z,40.2680722,-111.6322224,1771.945,-10.361,-38.714,12.418,0.544,0.748,0.183,16
$GNSS,2025-07-29T15:21:28.350Z,40.2680676,-111.6322451,1771.351,-10.235,-38.664,12.118,0.544,0.748,0.183,16
$GNSS,2025-07-29T15:21:28.400Z,40.2680630,-111.6322679,1770.752,-10.232,-38.743,11.880,0.544,0.748,0.183,16
$GNSS,2025-07-29T15:21:28.450Z,40.2680584,-111.6322906,1770.171,-10.189,-38.676,11.702,0.544,0.748,0.183,16
$GNSS,2025-07-29T15:21:28.500Z,40.2680539,-111.6323133,1769.598,-9.999,-38.636,11.598,0.544,0.748,0.182,16
$GNSS,2025-07-29T15:21:28.550Z,40.2680494,-111.6323361,1769.049,-9.867,-38.676,11.336,0.544,0.748,0.182,16
$GNSS,2025-07-29T15:21:28.600Z,40.2680451,-111.6323587,1768.500,-9.706,-38.522,11.117,0.543,0.749,0.183,16
$GNSS,2025-07-29T15:21:28.650Z,40.2680407,-111.6323814,1767.965,-9.618,-38.546,10.805,0.543,0.749,0.183,16
$GNSS,2025-07-29T15:21:28.700Z,40.2680364,-111.6324041,1767.438,-9.648,-38.599,10.578,0.543,0.749,0.183,16
$GNSS,2025-07-29T15:21:28.750Z,40.2680321,-111.6324268,1766.916,-9.532,-38.582,10.596,0.543,0.749,0.171,16
$GNSS,2025-07-29T15:21:28.800Z,40.2680278,-111.6324494,1766.402,-9.386,-38.464,10.463,0.543,0.749,0.172,16
$GNSS,2025-07-29T15:21:28.850Z,40.2680236,-111.6324720,1765.897,-9.291,-38.478,10.307,0.543,0.749,0.172,16
$GNSS,2025-07-29T15:21:28.900Z,40.2680196,-111.6324946,1765.385,-9.088,-38.426,10.173,0.543,0.749,0.171,16
$GNSS,2025-07-29T15:21:28.950Z,40.2680154,-111.6325172,1764.885,-9.109,-38.405,10.044,0.542,0.749,0.171,16
$GNSS,2025-07-29T15:21:29.000Z,40.2680114,-111.6325398,1764.420,-8.896,-38.321,9.796,0.542,0.749,0.171,16
$GNSS,2025-07-29T15:21:29.050Z,40.2680074,-111.6325623,1763.942,-8.882,-38.351,9.695,0.542,0.749,0.171,16
$GNSS,2025-07-29T15:21:29.100Z,40.2680035,-111.6325848,1763.458,-8.721,-38.287,9.576,0.542,0.749,0.171,16
$GNSS,2025-07-29T15:21:29.150Z,40.2679996,-111.6326072,1762.985,-8.600,-38.195,9.473,0.542,0.749,0.171,16
$GNSS,2025-07-29T15:21:29.200Z,40.2679957,-111.6326297,1762.533,-8.526,-38.157,9.283,0.541,0.749,0.170,16
$GNSS,2025-07-29T15:21:29.250Z,40.2679920,-111.6326521,1762.078,-8.338,-38.134,9.141,0.541,0.749,0.171,16
$GNSS,2025-07-29T15:21:29.300Z,40.2679882,-111.6326745,1761.647,-8.292,-38.012,8.858,0.541,0.750,0.161,16
$GNSS,2025-07-29T15:21:29.350Z,40.2679846,-111.6326968,1761.214,-8.103,-37.946,8.720,0.540,0.750,0.161,16
$GNSS,2025-07-29T15:21:29.400Z,40.2679810,-111.6327190,1760.801,-7.900,-37.837,8.536,0.540,0.751,0.161,16
$GNSS,2025-07-29T15:21:29.450Z,40.2679775,-111.6327413,1760.396,-7.782,-37.808,8.166,0.539,0.751,0.161,16
$GNSS,2025-07-29T15:21:29.500Z,40.2679740,-111.6327634,1759.998,-7.588,-37.719,7.953,0.539,0.751,0.161,16
$GNSS,2025-07-29T15:21:29.550Z,40.2679706,-111.6327855,1759.624,-7.484,-37.607,7.690,0.538,0.752,0.160,16
$GNSS,2025-07-29T15:21:29.600Z,40.2679673,-111.6328076,1759.275,-7.240,-37.488,7.444,0.538,0.752,0.166,16
$GNSS,2025-07-29T15:21:29.650Z,40.2679641,-111.6328296,1758.934,-7.078,-37.306,7.155,0.537,0.751,0.166,16
$GNSS,2025-07-29T15:21:29.700Z,40.2679609,-111.6328515,1758.609,-6.982,-37.174,6.825,0.536,0.751,0.168,16
$GNSS,2025-07-29T15:21:29.750Z,40.2679579,-111.6328732,1758.292,-6.779,-36.907,6.497,0.536,0.751,0.169,16
$GNSS,2025-07-29T15:21:29.800Z,40.2679549,-111.6328949,1757.996,-6.587,-36.855,6.137,0.535,0.751,0.169,16
$GNSS,2025-07-29T15:21:29.850Z,40.2679519,-111.6329165,1757.724,-6.403,-36.639,5.741,0.534,0.751,0.169,16
$GNSS,2025-07-29T15:21:29.900Z,40.2679491,-111.6329380,1757.458,-6.254,-36.546,5.444,0.534,0.751,0.165,16
$GNSS,2025-07-29T15:21:29.950Z,40.2679463,-111.6329594,1757.217,-6.173,-36.334,5.118,0.533,0.750,0.175,16
$GNSS,2025-07-29T15:21:30.000Z,40.2679436,-111.6329806,1757.001,-5.945,-36.024,4.791,0.532,0.750,0.185,16
$GNSS,2025-07-29T15:21:30.050Z,40.2679410,-111.6330017,1756.787,-5.753,-35.858,4.414,0.532,0.750,0.186,16
$GNSS,2025-07-29T15:21:30.100Z,40.2679384,-111.6330226,1756.588,-5.681,-35.601,4.046,0.531,0.750,0.181,16
$GNSS,2025-07-29T15:21:30.150Z,40.2679359,-111.6330434,1756.410,-5.543,-35.391,3.788,0.530,0.749,0.182,16
$GNSS,2025-07-29T15:21:30.200Z,40.2679335,-111.6330640,1756.251,-5.229,-35.008,3.458,0.529,0.749,0.182,16
$GNSS,2025-07-29T15:21:30.250Z,40.2679312,-111.6330845,1756.106,-5.145,-34.785,3.119,0.529,0.749,0.176,16
$GNSS,2025-07-29T15:21:30.300Z,40.2679289,-111.6331047,1755.967,-4.928,-34.434,2.821,0.528,0.748,0.177,16
$GNSS,2025-07-29T15:21:30.350Z,40.2679268,-111.6331248,1755.847,-4.643,-34.174,2.557,0.528,0.748,0.178,16
$GNSS,2025-07-29T15:21:30.400Z,40.2679248,-111.6331448,1755.739,-4.428,-34.087,2.448,0.527,0.748,0.177,16
$GNSS,2025-07-29T15:21:30.450Z,40.2679228,-111.6331647,1755.643,-4.337,-33.850,2.187,0.526,0.747,0.178,16
$GNSS,2025-07-29T15:21:30.500Z,40.2679209,-111.6331844,1755.561,-4.165,-33.451,1.848,0.526,0.747,0.179,16
$GNSS,2025-07-29T15:21:30.550Z,40.2679192,-111.6332038,1755.496,-3.878,-33.042,1.556,0.525,0.747,0.179,16
$GNSS,2025-07-29T15:21:30.600Z,40.2679174,-111.6332231,1755.445,-3.811,-32.717,1.237,0.525,0.747,0.187,16
$GNSS,2025-07-29T15:21:30.650Z,40.2679157,-111.6332422,1755.405,-3.790,-32.518,1.081,0.525,0.747,0.187,16
$GNSS,2025-07-29T15:21:30.700Z,40.2679140,-111.6332611,1755.383,-3.711,-32.123,0.875,0.524,0.747,0.188,16
$GNSS,2025-07-29T15:21:30.750Z,40.2679124,-111.6332798,1755.360,-3.545,-31.906,0.703,0.524,0.746,0.188,16
$GNSS,2025-07-29T15:21:30.800Z,40.2679108,-111.6332984,1755.346,-3.394,-31.607,0.443,0.523,0.746,0.188,16
$GNSS,2025-07-29T15:21:30.850Z,40.2679094,-111.6333167,1755.337,-3.209,-31.188,0.230,0.523,0.746,0.189,16
$GNSS,2025-07-29T15:21:30.900Z,40.2679079,-111.6333349,1755.338,-3.201,-30.831,0.099,0.523,0.746,0.194,16
$GNSS,2025-07-29T15:21:30.950Z,40.2679065,-111.6333529,1755.354,-3.051,-30.578,-0.047,0.522,0.746,0.204,16
$GNSS,2025-07-29T15:21:31.000Z,40.2679052,-111.6333706,1755.393,-2.963,-30.176,-0.354,0.522,0.746,0.205,16
$GNSS,2025-07-29T15:21:31.050Z,40.2679038,-111.6333882,1755.424,-2.910,-29.918,-0.584,0.522,0.746,0.225,16
$GNSS,2025-07-29T15:21:31.100Z,40.2679026,-111.6334056,1755.463,-2.717,-29.512,-0.734,0.521,0.746,0.215,16
$GNSS,2025-07-29T15:21:31.150Z,40.2679014,-111.6334226,1755.514,-2.693,-29.033,-0.957,0.521,0.746,0.215,16
$GNSS,2025-07-29T15:21:31.200Z,40.2679002,-111.6334395,1755.568,-2.691,-28.717,-1.067,0.521,0.745,0.215,16
$GNSS,2025-07-29T15:21:31.250Z,40.2678990,-111.6334562,1755.633,-2.644,-28.485,-1.028,0.520,0.745,0.198,16
$GNSS,2025-07-29T15:21:31.300Z,40.2678978,-111.6334728,1755.685,-2.459,-28.225,-1.003,0.520,0.745,0.196,16
$GNSS,2025-07-29T15:21:31.350Z,40.2678968,-111.6334892,1755.757,-2.276,-27.876,-1.263,0.520,0.745,0.196,16
$GNSS,2025-07-29T15:21:31.400Z,40.2678959,-111.6335053,1755.835,-1.995,-27.521,-1.345,0.519,0.745,0.196,16
$GNSS,2025-07-29T15:21:31.450Z,40.2678951,-111.6335213,1755.909,-1.883,-27.216,-1.418,0.519,0.745,0.196,16
$GNSS,2025-07-29T15:21:31.500Z,40.2678942,-111.6335371,1755.967,-1.880,-26.895,-1.347,0.518,0.745,0.195,16
$GNSS,2025-07-29T15:21:31.550Z,40.2678934,-111.6335527,1756.035,-1.814,-26.605,-1.325,0.518,0.745,0.197,16
$GNSS,2025-07-29T15:21:31.600Z,40.2678927,-111.6335681,1756.111,-1.593,-26.233,-1.459,0.518,0.745,0.190,16
$GNSS,2025-07-29T15:21:31.650Z,40.2678920,-111.6335833,1756.182,-1.589,-25.940,-1.522,0.517,0.745,0.193,16
$GNSS,2025-07-29T15:21:31.700Z,40.2678914,-111.6335985,1756.247,-1.390,-25.841,-1.420,0.517,0.745,0.194,16
$GNSS,2025-07-29T15:21:31.750Z,40.2678908,-111.6336135,1756.308,-1.352,-25.522,-1.328,0.517,0.744,0.195,16
$GNSS,2025-07-29T15:21:31.800Z,40.2678902,-111.6336283,1756.350,-1.307,-25.280,-1.143,0.517,0.744,0.194,16
$GNSS,2025-07-29T15:21:31.850Z,40.2678897,-111.6336430,1756.401,-1.248,-25.075,-1.054,0.517,0.744,0.194,16
$GNSS,2025-07-29T15:21:31.900Z,40.2678891,-111.6336577,1756.458,-1.139,-24.998,-1.035,0.516,0.744,0.193,16
$GNSS,2025-07-29T15:21:31.950Z,40.2678887,-111.6336722,1756.493,-0.989,-24.649,-0.902,0.516,0.744,0.193,16
$GNSS,2025-07-29T15:21:32.000Z,40.2678883,-111.6336865,1756.517,-0.928,-24.359,-0.851,0.516,0.744,0.189,16
$GNSS,2025-07-29T15:21:32.050Z,40.2678880,-111.6337005,1756.549,-0.730,-23.965,-0.801,0.516,0.744,0.190,16
$GNSS,2025-07-29T15:21:32.100Z,40.2678877,-111.6337144,1756.592,-0.771,-23.694,-0.790,0.515,0.744,0.179,16
$GNSS,2025-07-29T15:21:32.150Z,40.2678873,-111.6337281,1756.607,-0.886,-23.412,-0.673,0.515,0.745,0.179,16
$GNSS,2025-07-29T15:21:32.200Z,40.2678869,-111.6337418,1756.645,-0.743,-23.311,-0.616,0.515,0.745,0.179,16
$GNSS,2025-07-29T15:21:32.250Z,40.2678867,-111.6337554,1756.660,-0.659,-23.112,-0.492,0.515,0.745,0.179,16
$GNSS,2025-07-29T15:21:32.300Z,40.2678864,-111.6337689,1756.669,-0.545,-23.033,-0.297,0.514,0.746,0.179,16
$GNSS,2025-07-29T15:21:32.350Z,40.2678862,-111.6337823,1756.667,-0.504,-22.788,-0.173,0.514,0.746,0.182,16
$GNSS,2025-07-29T15:21:32.400Z,40.2678861,-111.6337955,1756.660,-0.295,-22.506,0.020,0.514,0.746,0.181,16
$GNSS,2025-07-29T15:21:32.450Z,40.2678861,-111.6338086,1756.632,-0.200,-22.275,0.247,0.514,0.746,0.182,16
$GNSS,2025-07-29T15:21:32.500Z,40.2678860,-111.6338216,1756.599,-0.200,-22.123,0.527,0.513,0.746,0.182,16
$GNSS,2025-07-29T15:21:32.550Z,40.2678859,-111.6338345,1756.553,-0.234,-21.989,0.883,0.513,0.746,0.179,16
$GNSS,2025-07-29T15:21:32.600Z,40.2678858,-111.6338474,1756.485,-0.195,-22.049,1.154,0.513,0.746,0.179,16
$GNSS,2025-07-29T15:21:32.650Z,40.2678857,-111.6338603,1756.404,-0.269,-21.851,1.290,0.513,0.746,0.179,16
$GNSS,2025-07-29T15:21:32.700Z,40.2678856,-111.6338729,1756.313,-0.282,-21.637,1.485,0.512,0.746,0.179,16
$GNSS,2025-07-29T15:21:32.750Z,40.2678854,-111.6338856,1756.213,-0.377,-21.500,1.808,0.512,0.746,0.179,16
$GNSS,2025-07-29T15:21:32.800Z,40.2678853,-111.6338981,1756.085,-0.409,-21.405,2.383,0.512,0.746,0.178,16
$GNSS,2025-07-29T15:21:32.850Z,40.2678851,-111.6339108,1755.925,-0.450,-21.556,2.939,0.512,0.746,0.179,16
$GNSS,2025-07-29T15:21:32.900Z,40.2678849,-111.6339235,1755.746,-0.484,-21.627,3.328,0.511,0.747,0.178,16
$GNSS,2025-07-29T15:21:32.950Z,40.2678847,-111.6339361,1755.564,-0.390,-21.480,3.487,0.511,0.747,0.179,16
$GNSS,2025-07-29T15:21:33.000Z,40.2678845,-111.6339487,1755.370,-0.532,-21.340,3.590,0.511,0.747,0.178,16
$GNSS,2025-07-29T15:21:33.050Z,40.2678843,-111.6339611,1755.154,-0.549,-21.246,3.946,0.510,0.747,0.174,16
$GNSS,2025-07-29T15:21:33.100Z,40.2678841,-111.6339736,1754.930,-0.555,-21.275,4.226,0.510,0.747,0.179,16
$GNSS,2025-07-29T15:21:33.150Z,40.2678839,-111.6339861,1754.716,-0.432,-21.205,4.428,0.510,0.747,0.174,16
$GNSS,2025-07-29T15:21:33.200Z,40.2678839,-111.6339982,1754.465,-0.041,-20.663,4.650,0.510,0.747,0.187,16
$GNSS,2025-07-29T15:21:33.250Z,40.2678839,-111.6340102,1754.218,-0.038,-20.435,4.731,0.510,0.748,0.189,16
$GNSS,2025-07-29T15:21:33.300Z,40.2678838,-111.6340223,1753.945,-0.156,-20.552,5.110,0.510,0.748,0.190,16
$GNSS,2025-07-29T15:21:33.350Z,40.2678838,-111.6340343,1753.649,-0.111,-20.527,5.487,0.510,0.749,0.178,16
$GNSS,2025-07-29T15:21:33.400Z,40.2678836,-111.6340464,1753.327,-0.405,-20.548,5.926,0.510,0.750,0.179,16
$GNSS,2025-07-29T15:21:33.450Z,40.2678834,-111.6340584,1752.999,-0.607,-20.491,6.220,0.510,0.750,0.176,16
$GNSS,2025-07-29T15:21:33.500Z,40.2678832,-111.6340705,1752.671,-0.481,-20.470,6.525,0.510,0.751,0.168,16
$GNSS,2025-07-29T15:21:33.550Z,40.2678831,-111.6340824,1752.331,-0.145,-20.333,6.683,0.509,0.751,0.168,16
$GNSS,2025-07-29T15:21:33.600Z,40.2678833,-111.6340941,1751.962,0.282,-20.046,6.811,0.509,0.751,0.168,16
$GNSS,2025-07-29T15:21:33.650Z,40.2678836,-111.6341059,1751.601,0.457,-20.096,7.063,0.509,0.751,0.168,16
$GNSS,2025-07-29T15:21:33.700Z,40.2678837,-111.6341177,1751.242,0.326,-19.987,7.210,0.509,0.751,0.169,16
$GNSS,2025-07-29T15:21:33.750Z,40.2678838,-111.6341294,1750.853,0.145,-19.929,7.449,0.509,0.752,0.172,16
$GNSS,2025-07-29T15:21:33.800Z,40.2678840,-111.6341409,1750.431,0.338,-19.799,7.700,0.509,0.752,0.170,16
$GNSS,2025-07-29T15:21:33.850Z,40.2678842,-111.6341525,1750.024,0.434,-19.756,7.920,0.509,0.752,0.179,16
$GNSS,2025-07-29T15:21:33.900Z,40.2678846,-111.6341641,1749.594,0.631,-19.674,8.326,0.508,0.752,0.180,16
$GNSS,2025-07-29T15:21:33.950Z,40.2678848,-111.6341756,1749.146,0.502,-19.682,8.604,0.508,0.752,0.180,16
$GNSS,2025-07-29T15:21:34.000Z,40.2678851,-111.6341872,1748.703,0.635,-19.650,8.742,0.508,0.752,0.178,16
$GNSS,2025-07-29T15:21:34.050Z,40.2678855,-111.6341987,1748.240,0.711,-19.623,8.863,0.508,0.752,0.178,16
$GNSS,2025-07-29T15:21:34.100Z,40.2678858,-111.6342102,1747.785,0.688,-19.571,8.964,0.508,0.752,0.178,16
$GNSS,2025-07-29T15:21:34.150Z,40.2678861,-111.6342216,1747.322,0.605,-19.496,9.063,0.508,0.752,0.178,16
$GNSS,2025-07-29T15:21:34.200Z,40.2678864,-111.6342330,1746.839,0.573,-19.480,9.373,0.508,0.753,0.184,16
$GNSS,2025-07-29T15:21:34.250Z,40.2678868,-111.6342443,1746.345,0.816,-19.215,9.688,0.508,0.754,0.186,16
$GNSS,2025-07-29T15:21:34.300Z,40.2678872,-111.6342556,1745.833,0.826,-19.212,9.950,0.507,0.754,0.187,16
$GNSS,2025-07-29T15:21:34.350Z,40.2678874,-111.6342664,1745.383,0.611,-18.486,9.224,0.507,0.755,0.186,16
$GNSS,2025-07-29T15:21:34.400Z,40.2678875,-111.6342764,1744.921,0.256,-17.228,9.100,0.507,0.756,0.185,16
$GNSS,2025-07-29T15:21:34.450Z,40.2678876,-111.6342863,1744.428,0.212,-16.736,9.733,0.507,0.757,0.188,16
$GNSS,2025-07-29T15:21:34.500Z,40.2678877,-111.6342964,1743.942,0.305,-17.075,9.980,0.507,0.757,0.190,16
$GNSS,2025-07-29T15:21:34.550Z,40.2678878,-111.6343060,1743.446,0.165,-16.415,10.014,0.507,0.757,0.184,16
$GNSS,2025-07-29T15:21:34.600Z,40.2678877,-111.6343150,1742.889,-0.308,-15.468,10.207,0.506,0.757,0.192,16
$GNSS,2025-07-29T15:21:34.650Z,40.2678874,-111.6343232,1742.350,-0.490,-14.246,10.604,0.506,0.758,0.196,16
$GNSS,2025-07-29T15:21:34.700Z,40.2678874,-111.6343310,1741.776,-0.242,-13.325,11.244,0.506,0.758,0.201,16
$GNSS,2025-07-29T15:21:34.750Z,40.2678873,-111.6343383,1741.163,-0.135,-12.472,11.989,0.506,0.758,0.216,16
$GNSS,2025-07-29T15:21:34.800Z,40.2678874,-111.6343457,1740.487,0.108,-12.560,12.788,0.505,0.757,0.226,16
$GNSS,2025-07-29T15:21:34.850Z,40.2678876,-111.6343530,1739.770,0.326,-12.557,13.437,0.504,0.757,0.232,16
$GNSS,2025-07-29T15:21:34.900Z,40.2678879,-111.6343601,1739.023,0.437,-12.292,14.106,0.504,0.756,0.242,16
$GNSS,2025-07-29T15:21:34.950Z,40.2678879,-111.6343674,1738.252,0.034,-12.432,14.516,0.503,0.756,0.253,16
$GNSS,2025-07-29T15:21:35.000Z,40.2678880,-111.6343746,1737.457,0.061,-12.429,15.110,0.503,0.756,0.272,16
$GNSS,2025-07-29T15:21:35.050Z,40.2678882,-111.6343818,1736.640,0.304,-12.550,15.662,0.503,0.756,0.287,16
$GNSS,2025-07-29T15:21:35.100Z,40.2678884,-111.6343893,1735.805,0.334,-12.848,16.001,0.503,0.756,0.309,16
$GNSS,2025-07-29T15:21:35.150Z,40.2678887,-111.6343968,1735.048,0.600,-12.720,15.583,0.504,0.756,0.314,16
$GNSS,2025-07-29T15:21:35.200Z,40.2678889,-111.6344041,1734.310,0.223,-12.137,14.807,0.504,0.756,0.308,16
$GNSS,2025-07-29T15:21:35.250Z,40.2678889,-111.6344113,1733.604,-0.062,-11.978,14.198,0.505,0.757,0.319,16
$GNSS,2025-07-29T15:21:35.300Z,40.2678890,-111.6344184,1732.926,0.138,-11.894,13.858,0.506,0.758,0.326,16
$GNSS,2025-07-29T15:21:35.350Z,40.2678892,-111.6344249,1732.242,0.333,-11.250,13.703,0.505,0.759,0.317,16
$GNSS,2025-07-29T15:21:35.400Z,40.2678893,-111.6344311,1731.603,0.287,-10.620,13.335,0.505,0.759,0.346,16
$GNSS,2025-07-29T15:21:35.450Z,40.2678894,-111.6344369,1730.964,0.186,-9.899,13.032,0.505,0.760,0.322,16
$GNSS,2025-07-29T15:21:35.500Z,40.2678893,-111.6344422,1730.436,0.048,-9.168,12.272,0.506,0.761,0.327,16
$GNSS,2025-07-29T15:21:35.550Z,40.2678892,-111.6344474,1729.977,-0.115,-8.846,11.408,0.506,0.762,0.356,16
$GNSS,2025-07-29T15:21:35.600Z,40.2678889,-111.6344526,1729.616,-0.270,-8.720,10.228,0.505,0.761,0.419,16
$GNSS,2025-07-29T15:21:35.650Z,40.2678887,-111.6344573,1729.180,-0.304,-8.319,9.737,0.505,0.760,0.407,16
$GNSS,2025-07-29T15:21:35.700Z,40.2678886,-111.6344621,1728.693,-0.363,-8.266,9.610,0.504,0.759,0.386,16
$GNSS,2025-07-29T15:21:35.750Z,40.2678887,-111.6344668,1728.227,0.142,-8.094,9.231,0.503,0.757,0.369,15
$GNSS,2025-07-29T15:21:35.800Z,40.2678891,-111.6344712,1727.824,0.734,-7.808,8.585,0.501,0.754,0.327,15
$GNSS,2025-07-29T15:21:35.850Z,40.2678894,-111.6344750,1727.477,1.043,-7.070,7.963,0.498,0.750,0.304,15
$GNSS,2025-07-29T15:21:35.900Z,40.2678901,-111.6344791,1727.069,1.557,-7.061,7.738,0.495,0.746,0.346,15
$GNSS,2025-07-29T15:21:35.950Z,40.2678910,-111.6344830,1726.696,1.915,-6.757,7.310,0.492,0.743,0.386,15
$GNSS,2025-07-29T15:21:36.000Z,40.2678918,-111.6344862,1726.287,1.833,-5.754,7.449,0.489,0.740,0.377,15
$GNSS,2025-07-29T15:21:36.050Z,40.2678925,-111.6344892,1725.950,1.592,-5.556,7.142,0.485,0.737,0.325,14
$GNSS,2025-07-29T15:21:36.100Z,40.2678932,-111.6344924,1725.598,1.614,-5.719,6.835,0.482,0.734,0.321,15
$GNSS,2025-07-29T15:21:36.150Z,40.2678936,-111.6344951,1725.288,1.239,-5.193,6.397,0.478,0.731,0.317,15
$GNSS,2025-07-29T15:21:36.200Z,40.2678941,-111.6344980,1724.983,1.137,-5.083,6.192,0.476,0.729,0.320,15
$GNSS,2025-07-29T15:21:36.250Z,40.2678946,-111.6345007,1724.665,1.189,-4.792,6.125,0.474,0.726,0.315,16
$GNSS,2025-07-29T15:21:36.300Z,40.2678952,-111.6345037,1724.326,1.406,-5.054,6.116,0.472,0.725,0.312,16
$GNSS,2025-07-29T15:21:36.350Z,40.2678959,-111.6345067,1723.992,1.374,-5.019,6.112,0.470,0.723,0.296,16
$GNSS,2025-07-29T15:21:36.400Z,40.2678966,-111.6345096,1723.660,1.435,-4.989,6.204,0.469,0.721,0.294,16
$GNSS,2025-07-29T15:21:36.450Z,40.2678972,-111.6345126,1723.355,1.492,-4.936,6.141,0.467,0.720,0.282,16
$GNSS,2025-07-29T15:21:36.500Z,40.2678980,-111.6345155,1723.033,1.559,-4.790,6.207,0.465,0.719,0.274,16
$GNSS,2025-07-29T15:21:36.550Z,40.2678988,-111.6345184,1722.713,1.776,-4.795,6.255,0.464,0.718,0.264,16
$GNSS,2025-07-29T15:21:36.600Z,40.2678998,-111.6345213,1722.387,2.104,-4.907,6.361,0.463,0.717,0.274,16
$GNSS,2025-07-29T15:21:36.650Z,40.2679009,-111.6345243,1722.063,2.344,-5.034,6.323,0.461,0.716,0.261,16
$GNSS,2025-07-29T15:21:36.700Z,40.2679019,-111.6345272,1721.732,2.384,-5.016,6.347,0.460,0.715,0.263,16
$GNSS,2025-07-29T15:21:36.750Z,40.2679031,-111.6345303,1721.385,2.522,-5.144,6.503,0.459,0.714,0.272,16
$GNSS,2025-07-29T15:21:36.800Z,40.2679044,-111.6345335,1721.023,2.687,-5.416,6.715,0.458,0.714,0.256,16
$GNSS,2025-07-29T15:21:36.850Z,40.2679057,-111.6345368,1720.661,2.994,-5.535,6.852,0.457,0.714,0.254,16
$GNSS,2025-07-29T15:21:36.900Z,40.2679073,-111.6345399,1720.280,3.250,-5.424,6.875,0.456,0.711,0.236,16
$GNSS,2025-07-29T15:21:36.950Z,40.2679089,-111.6345429,1719.905,3.492,-5.179,6.897,0.454,0.708,0.227,16
$GNSS,2025-07-29T15:21:37.000Z,40.2679106,-111.6345457,1719.513,3.657,-5.015,6.909,0.453,0.705,0.223,16
$GNSS,2025-07-29T15:21:37.050Z,40.2679123,-111.6345485,1719.157,3.764,-4.832,6.949,0.452,0.702,0.219,16
$GNSS,2025-07-29T15:21:37.100Z,40.2679141,-111.6345512,1718.804,4.008,-4.699,6.979,0.450,0.699,0.220,16
$GNSS,2025-07-29T15:21:37.150Z,40.2679161,-111.6345539,1718.445,4.259,-4.656,7.068,0.449,0.696,0.221,16
$GNSS,2025-07-29T15:21:37.200Z,40.2679181,-111.6345566,1718.084,4.526,-4.677,7.122,0.448,0.693,0.204,16
$GNSS,2025-07-29T15:21:37.250Z,40.2679203,-111.6345592,1717.718,4.767,-4.644,7.201,0.446,0.690,0.216,16
$GNSS,2025-07-29T15:21:37.300Z,40.2679225,-111.6345619,1717.359,4.885,-4.649,7.224,0.445,0.690,0.229,16
$GNSS,2025-07-29T15:21:37.350Z,40.2679247,-111.6345646,1716.993,4.859,-4.704,7.250,0.444,0.690,0.234,16
$GNSS,2025-07-29T15:21:37.400Z,40.2679269,-111.6345674,1716.627,4.957,-4.781,7.150,0.444,0.687,0.222,16
$GNSS,2025-07-29T15:21:37.450Z,40.2679292,-111.6345702,1716.253,5.020,-4.785,7.145,0.443,0.684,0.217,16
$GNSS,2025-07-29T15:21:37.500Z,40.2679316,-111.6345731,1715.897,5.343,-4.769,7.247,0.441,0.682,0.209,16
$GNSS,2025-07-29T15:21:37.550Z,40.2679340,-111.6345759,1715.554,5.537,-4.747,7.279,0.440,0.679,0.209,16
$GNSS,2025-07-29T15:21:37.600Z,40.2679365,-111.6345789,1715.202,5.739,-4.853,7.287,0.439,0.677,0.206,16
$GNSS,2025-07-29T15:21:37.650Z,40.2679392,-111.6345817,1714.817,5.840,-4.931,7.283,0.438,0.675,0.214,16
$GNSS,2025-07-29T15:21:37.700Z,40.2679418,-111.6345846,1714.460,5.962,-4.996,7.238,0.437,0.673,0.212,16
$GNSS,2025-07-29T15:21:37.750Z,40.2679446,-111.6345876,1714.103,6.098,-5.001,7.253,0.436,0.670,0.204,16
$GNSS,2025-07-29T15:21:37.800Z,40.2679473,-111.6345906,1713.768,6.220,-4.953,7.229,0.435,0.668,0.202,16
$GNSS,2025-07-29T15:21:37.850Z,40.2679501,-111.6345936,1713.438,6.318,-4.994,7.124,0.434,0.666,0.211,16
$GNSS,2025-07-29T15:21:37.900Z,40.2679530,-111.6345967,1713.086,6.565,-4.998,7.214,0.432,0.663,0.215,16
$GNSS,2025-07-29T15:21:37.950Z,40.2679561,-111.6345998,1712.706,6.806,-5.056,7.192,0.431,0.660,0.206,16
$GNSS,2025-07-29T15:21:38.000Z,40.2679593,-111.6346029,1712.346,7.124,-5.141,7.193,0.430,0.658,0.205,16
$GNSS,2025-07-29T15:21:38.050Z,40.2679626,-111.6346060,1711.998,7.212,-5.127,7.104,0.429,0.656,0.208,16
$GNSS,2025-07-29T15:21:38.100Z,40.2679658,-111.6346089,1711.648,7.272,-5.091,7.062,0.428,0.655,0.212,16
$GNSS,2025-07-29T15:21:38.150Z,40.2679692,-111.6346119,1711.298,7.341,-4.980,6.838,0.426,0.652,0.219,16
$GNSS,2025-07-29T15:21:38.200Z,40.2679726,-111.6346148,1710.958,7.484,-5.022,6.744,0.425,0.651,0.222,16
$GNSS,2025-07-29T15:21:38.250Z,40.2679761,-111.6346178,1710.636,7.813,-5.088,6.719,0.424,0.650,0.223,16
$GNSS,2025-07-29T15:21:38.300Z,40.2679796,-111.6346209,1710.303,7.770,-5.262,6.684,0.423,0.649,0.230,16
$GNSS,2025-07-29T15:21:38.350Z,40.2679831,-111.6346239,1709.968,7.780,-5.218,6.539,0.423,0.648,0.245,16
$GNSS,2025-07-29T15:21:38.400Z,40.2679866,-111.6346270,1709.647,7.698,-5.284,6.318,0.422,0.647,0.248,16
$GNSS,2025-07-29T15:21:38.450Z,40.2679902,-111.6346300,1709.338,7.906,-5.391,6.235,0.421,0.646,0.242,16
$GNSS,2025-07-29T15:21:38.500Z,40.2679938,-111.6346331,1709.032,7.875,-5.376,6.204,0.420,0.645,0.241,16
$GNSS,2025-07-29T15:21:38.550Z,40.2679973,-111.6346362,1708.749,7.944,-5.480,6.117,0.419,0.644,0.240,16
$GNSS,2025-07-29T15:21:38.600Z,40.2680009,-111.6346394,1708.477,7.892,-5.477,5.930,0.417,0.642,0.227,16
$GNSS,2025-07-29T15:21:38.650Z,40.2680044,-111.6346427,1708.205,7.828,-5.499,5.687,0.416,0.641,0.231,16
$GNSS,2025-07-29T15:21:38.700Z,40.2680080,-111.6346460,1707.935,7.952,-5.614,5.621,0.415,0.641,0.236,16
$GNSS,2025-07-29T15:21:38.800Z,40.2680152,-111.6346531,1707.382,7.936,-6.089,5.642,0.415,0.641,0.262,16
$GNSS,2025-07-29T15:21:38.850Z,40.2680187,-111.6346566,1707.118,8.065,-5.971,5.518,0.413,0.640,0.251,16
$GNSS,2025-07-29T15:21:38.900Z,40.2680224,-111.6346601,1706.856,8.089,-5.962,5.325,0.412,0.639,0.248,16
$GNSS,2025-07-29T15:21:38.950Z,40.2680261,-111.6346639,1706.578,8.073,-6.193,5.235,0.411,0.638,0.244,16
$GNSS,2025-07-29T15:21:39.000Z,40.2680297,-111.6346674,1706.360,8.174,-6.132,5.008,0.410,0.637,0.252,16
$GNSS,2025-07-29T15:21:39.050Z,40.2680333,-111.6346711,1706.124,8.095,-6.256,4.911,0.409,0.636,0.252,16
$GNSS,2025-07-29T15:21:39.100Z,40.2680370,-111.6346748,1705.883,8.238,-6.229,4.794,0.408,0.636,0.253,16
$GNSS,2025-07-29T15:21:39.150Z,40.2680408,-111.6346785,1705.657,8.518,-6.211,4.583,0.407,0.635,0.229,16
$GNSS,2025-07-29T15:21:39.200Z,40.2680447,-111.6346822,1705.434,8.588,-6.315,4.426,0.407,0.635,0.202,16
$GNSS,2025-07-29T15:21:39.250Z,40.2680485,-111.6346860,1705.185,8.297,-6.409,4.458,0.406,0.635,0.196,16
$GNSS,2025-07-29T15:21:39.300Z,40.2680520,-111.6346898,1704.978,8.037,-6.425,4.371,0.404,0.632,0.186,16
$GNSS,2025-07-29T15:21:39.350Z,40.2680556,-111.6346935,1704.764,7.939,-6.374,4.367,0.404,0.631,0.187,16
$GNSS,2025-07-29T15:21:39.400Z,40.2680591,-111.6346971,1704.549,7.898,-6.350,4.358,0.403,0.629,0.186,16
$GNSS,2025-07-29T15:21:39.450Z,40.2680628,-111.6347008,1704.331,8.053,-6.508,4.314,0.403,0.627,0.179,16
$GNSS,2025-07-29T15:21:39.500Z,40.2680664,-111.6347046,1704.127,7.964,-6.540,4.144,0.402,0.625,0.173,16
$GNSS,2025-07-29T15:21:39.550Z,40.2680699,-111.6347083,1703.935,7.827,-6.454,3.996,0.401,0.623,0.173,16
$GNSS,2025-07-29T15:21:39.600Z,40.2680733,-111.6347120,1703.745,7.676,-6.369,3.975,0.400,0.622,0.173,16
$GNSS,2025-07-29T15:21:39.650Z,40.2680766,-111.6347157,1703.561,7.485,-6.406,3.888,0.400,0.620,0.172,16
$GNSS,2025-07-29T15:21:39.700Z,40.2680799,-111.6347195,1703.394,7.440,-6.405,3.843,0.399,0.619,0.184,16
$GNSS,2025-07-29T15:21:39.750Z,40.2680831,-111.6347232,1703.254,7.516,-6.286,3.777,0.399,0.617,0.185,16
$GNSS,2025-07-29T15:21:39.800Z,40.2680862,-111.6347270,1703.127,7.360,-6.347,3.704,0.398,0.616,0.184,16
$GNSS,2025-07-29T15:21:39.850Z,40.2680894,-111.6347308,1702.965,7.282,-6.490,3.657,0.398,0.614,0.183,16
$GNSS,2025-07-29T15:21:39.900Z,40.2680925,-111.6347347,1702.808,7.123,-6.574,3.618,0.397,0.613,0.175,16
$GNSS,2025-07-29T15:21:39.950Z,40.2680957,-111.6347387,1702.655,7.097,-6.577,3.598,0.397,0.612,0.174,16
$GNSS,2025-07-29T15:21:40.000Z,40.2680988,-111.6347426,1702.488,7.070,-6.599,3.559,0.397,0.612,0.176,16
$GNSS,2025-07-29T15:21:40.050Z,40.2681019,-111.6347464,1702.316,6.974,-6.520,3.547,0.396,0.612,0.178,16
$GNSS,2025-07-29T15:21:40.100Z,40.2681049,-111.6347504,1702.154,7.001,-6.618,3.518,0.396,0.611,0.175,16
$GNSS,2025-07-29T15:21:40.150Z,40.2681079,-111.6347544,1701.994,6.814,-6.772,3.412,0.395,0.610,0.173,16
$GNSS,2025-07-29T15:21:40.200Z,40.2681109,-111.6347585,1701.849,6.777,-6.794,3.442,0.395,0.609,0.176,16
$GNSS,2025-07-29T15:21:40.250Z,40.2681138,-111.6347625,1701.714,6.850,-6.653,3.493,0.394,0.608,0.179,16
$GNSS,2025-07-29T15:21:40.300Z,40.2681167,-111.6347665,1701.573,6.692,-6.592,3.439,0.393,0.607,0.179,16
$GNSS,2025-07-29T15:21:40.350Z,40.2681195,-111.6347705,1701.433,6.519,-6.637,3.447,0.393,0.606,0.178,16
$GNSS,2025-07-29T15:21:40.400Z,40.2681223,-111.6347746,1701.270,6.316,-6.877,3.452,0.392,0.605,0.178,16
$GNSS,2025-07-29T15:21:40.450Z,40.2681250,-111.6347788,1701.092,6.081,-6.948,3.474,0.392,0.605,0.190,16
$GNSS,2025-07-29T15:21:40.500Z,40.2681276,-111.6347829,1700.932,6.003,-6.936,3.409,0.391,0.605,0.190,16
$GNSS,2025-07-29T15:21:40.550Z,40.2681302,-111.6347869,1700.786,5.831,-6.771,3.229,0.390,0.605,0.186,16
$GNSS,2025-07-29T15:21:40.600Z,40.2681328,-111.6347908,1700.635,5.759,-6.615,3.171,0.389,0.605,0.192,16
$GNSS,2025-07-29T15:21:40.650Z,40.2681353,-111.6347946,1700.490,5.659,-6.458,3.085,0.389,0.605,0.186,16
$GNSS,2025-07-29T15:21:40.700Z,40.2681378,-111.6347984,1700.358,5.782,-6.347,2.958,0.388,0.605,0.180,16
$GNSS,2025-07-29T15:21:40.750Z,40.2681404,-111.6348023,1700.206,5.843,-6.439,2.916,0.387,0.605,0.179,16
$GNSS,2025-07-29T15:21:40.800Z,40.2681430,-111.6348063,1700.048,5.754,-6.803,3.046,0.386,0.605,0.183,16
$GNSS,2025-07-29T15:21:40.850Z,40.2681455,-111.6348106,1699.887,5.651,-7.170,3.381,0.385,0.605,0.184,16
$GNSS,2025-07-29T15:21:40.900Z,40.2681480,-111.6348148,1699.730,5.713,-7.383,3.428,0.385,0.605,0.184,16
$GNSS,2025-07-29T15:21:40.950Z,40.2681505,-111.6348190,1699.575,5.661,-7.314,3.341,0.384,0.605,0.183,16
$GNSS,2025-07-29T15:21:41.000Z,40.2681530,-111.6348232,1699.427,5.575,-7.276,3.305,0.383,0.605,0.187,16
$GNSS,2025-07-29T15:21:41.050Z,40.2681554,-111.6348274,1699.275,5.592,-7.218,3.230,0.383,0.605,0.179,16
$GNSS,2025-07-29T15:21:41.100Z,40.2681578,-111.6348316,1699.099,5.337,-7.255,3.308,0.382,0.605,0.185,16
$GNSS,2025-07-29T15:21:41.150Z,40.2681602,-111.6348358,1698.936,5.258,-7.216,3.310,0.381,0.604,0.187,16
$GNSS,2025-07-29T15:21:41.200Z,40.2681625,-111.6348399,1698.781,5.260,-7.158,3.378,0.381,0.604,0.188,16
$GNSS,2025-07-29T15:21:41.250Z,40.2681648,-111.6348440,1698.639,5.274,-7.083,3.322,0.380,0.604,0.188,16
$GNSS,2025-07-29T15:21:41.300Z,40.2681671,-111.6348481,1698.469,5.163,-7.076,3.452,0.380,0.604,0.188,16
$GNSS,2025-07-29T15:21:41.350Z,40.2681694,-111.6348520,1698.293,5.112,-6.877,3.507,0.379,0.604,0.189,16
$GNSS,2025-07-29T15:21:41.400Z,40.2681716,-111.6348559,1698.132,5.058,-6.723,3.409,0.379,0.604,0.189,16
$GNSS,2025-07-29T15:21:41.450Z,40.2681738,-111.6348599,1697.973,4.996,-6.816,3.489,0.378,0.604,0.189,16
$GNSS,2025-07-29T15:21:41.500Z,40.2681760,-111.6348638,1697.806,4.920,-6.840,3.512,0.378,0.604,0.189,16
$GNSS,2025-07-29T15:21:41.550Z,40.2681781,-111.6348678,1697.633,4.815,-6.812,3.554,0.378,0.604,0.189,16
$GNSS,2025-07-29T15:21:41.600Z,40.2681803,-111.6348717,1697.478,4.912,-6.771,3.407,0.377,0.604,0.188,16
$GNSS,2025-07-29T15:21:41.650Z,40.2681825,-111.6348756,1697.314,4.844,-6.711,3.377,0.377,0.603,0.188,16
$GNSS,2025-07-29T15:21:41.700Z,40.2681847,-111.6348795,1697.147,4.965,-6.755,3.364,0.377,0.603,0.188,16
$GNSS,2025-07-29T15:21:41.750Z,40.2681869,-111.6348834,1696.999,5.034,-6.684,3.254,0.376,0.603,0.187,16
$GNSS,2025-07-29T15:21:41.800Z,40.2681891,-111.6348874,1696.842,4.958,-6.815,3.308,0.376,0.603,0.178,16
$GNSS,2025-07-29T15:21:41.850Z,40.2681912,-111.6348914,1696.669,4.724,-6.880,3.357,0.376,0.604,0.185,16
$GNSS,2025-07-29T15:21:41.900Z,40.2681933,-111.6348955,1696.496,4.697,-6.871,3.505,0.375,0.604,0.182,16
$GNSS,2025-07-29T15:21:41.950Z,40.2681954,-111.6348996,1696.310,4.669,-6.981,3.626,0.375,0.604,0.181,16
$GNSS,2025-07-29T15:21:42.000Z,40.2681975,-111.6349035,1696.142,4.832,-6.667,3.631,0.374,0.604,0.182,16
$GNSS,2025-07-29T15:21:42.050Z,40.2681997,-111.6349074,1695.960,4.794,-6.606,3.642,0.374,0.604,0.184,16
$GNSS,2025-07-29T15:21:42.100Z,40.2682018,-111.6349115,1695.754,4.669,-6.891,3.703,0.373,0.605,0.180,16
$GNSS,2025-07-29T15:21:42.150Z,40.2682037,-111.6349157,1695.577,4.522,-7.066,3.701,0.373,0.605,0.178,16
$GNSS,2025-07-29T15:21:42.200Z,40.2682057,-111.6349199,1695.390,4.439,-7.101,3.750,0.372,0.605,0.179,16
$GNSS,2025-07-29T15:21:42.250Z,40.2682076,-111.6349241,1695.206,4.402,-7.083,3.819,0.372,0.606,0.179,16
$GNSS,2025-07-29T15:21:42.300Z,40.2682095,-111.6349283,1695.016,4.253,-7.160,3.882,0.371,0.606,0.178,16
$GNSS,2025-07-29T15:21:42.350Z,40.2682113,-111.6349326,1694.809,4.106,-7.353,3.961,0.371,0.606,0.178,16
$GNSS,2025-07-29T15:21:42.400Z,40.2682132,-111.6349370,1694.614,4.173,-7.359,3.858,0.371,0.606,0.179,16
$GNSS,2025-07-29T15:21:42.450Z,40.2682150,-111.6349413,1694.408,4.110,-7.391,3.891,0.370,0.607,0.179,16
$GNSS,2025-07-29T15:21:42.500Z,40.2682169,-111.6349456,1694.218,4.190,-7.311,3.889,0.370,0.607,0.174,16
$GNSS,2025-07-29T15:21:42.550Z,40.2682187,-111.6349500,1694.029,4.212,-7.327,3.939,0.369,0.607,0.176,16
$GNSS,2025-07-29T15:21:42.600Z,40.2682206,-111.6349544,1693.834,4.207,-7.430,3.934,0.369,0.607,0.184,16
$GNSS,2025-07-29T15:21:42.650Z,40.2682225,-111.6349588,1693.619,4.115,-7.480,4.003,0.369,0.608,0.185,16
$GNSS,2025-07-29T15:21:42.700Z,40.2682243,-111.6349631,1693.403,4.141,-7.358,4.167,0.369,0.608,0.182,16
$GNSS,2025-07-29T15:21:42.750Z,40.2682262,-111.6349676,1693.199,4.091,-7.431,4.275,0.369,0.608,0.187,16
$GNSS,2025-07-29T15:21:42.800Z,40.2682279,-111.6349719,1692.977,3.862,-7.445,4.245,0.369,0.608,0.186,16
$GNSS,2025-07-29T15:21:42.850Z,40.2682296,-111.6349763,1692.783,3.959,-7.266,4.024,0.368,0.608,0.186,16
$GNSS,2025-07-29T15:21:42.900Z,40.2682314,-111.6349805,1692.585,3.898,-7.247,4.004,0.368,0.608,0.185,16
$GNSS,2025-07-29T15:21:42.950Z,40.2682331,-111.6349848,1692.388,3.778,-7.140,4.040,0.368,0.608,0.186,16
$GNSS,2025-07-29T15:21:43.000Z,40.2682347,-111.6349890,1692.159,3.529,-7.187,4.154,0.368,0.608,0.185,16
$GNSS,2025-07-29T15:21:43.050Z,40.2682363,-111.6349932,1691.967,3.731,-7.140,4.174,0.367,0.608,0.187,16
$GNSS,2025-07-29T15:21:43.100Z,40.2682379,-111.6349975,1691.751,3.535,-7.267,4.172,0.367,0.608,0.187,16
$GNSS,2025-07-29T15:21:43.150Z,40.2682396,-111.6350017,1691.539,3.744,-7.218,4.216,0.367,0.608,0.188,16
$GNSS,2025-07-29T15:21:43.200Z,40.2682413,-111.6350060,1691.316,3.683,-7.225,4.328,0.367,0.608,0.189,16
$GNSS,2025-07-29T15:21:43.250Z,40.2682430,-111.6350103,1691.113,3.818,-7.258,4.251,0.367,0.608,0.189,16
$GNSS,2025-07-29T15:21:43.300Z,40.2682447,-111.6350146,1690.897,3.704,-7.357,4.207,0.367,0.608,0.187,16
$GNSS,2025-07-29T15:21:43.350Z,40.2682464,-111.6350188,1690.689,3.750,-7.203,4.020,0.367,0.609,0.179,16
$GNSS,2025-07-29T15:21:43.400Z,40.2682480,-111.6350228,1690.479,3.710,-6.945,3.990,0.366,0.609,0.174,16
$GNSS,2025-07-29T15:21:43.450Z,40.2682496,-111.6350268,1690.250,3.527,-6.922,4.250,0.365,0.606,0.180,16
$GNSS,2025-07-29T15:21:43.500Z,40.2682511,-111.6350309,1690.041,3.506,-6.878,4.431,0.364,0.604,0.179,16
$GNSS,2025-07-29T15:21:43.550Z,40.2682526,-111.6350349,1689.798,3.492,-6.802,4.659,0.363,0.601,0.191,16
$GNSS,2025-07-29T15:21:43.600Z,40.2682542,-111.6350388,1689.540,3.522,-6.760,5.127,0.362,0.601,0.214,16
$GNSS,2025-07-29T15:21:43.650Z,40.2682558,-111.6350432,1689.247,3.566,-7.403,5.505,0.362,0.600,0.220,16
$GNSS,2025-07-29T15:21:43.700Z,40.2682573,-111.6350476,1688.960,3.607,-7.500,5.551,0.361,0.599,0.226,16
$GNSS,2025-07-29T15:21:43.750Z,40.2682589,-111.6350524,1688.732,3.481,-7.786,5.062,0.361,0.599,0.236,16
$GNSS,2025-07-29T15:21:43.800Z,40.2682603,-111.6350572,1688.539,3.323,-7.837,4.603,0.362,0.599,0.241,16
$GNSS,2025-07-29T15:21:43.850Z,40.2682618,-111.6350618,1688.320,3.366,-7.848,4.577,0.363,0.599,0.248,16
$GNSS,2025-07-29T15:21:43.900Z,40.2682633,-111.6350666,1688.095,3.308,-7.925,4.601,0.363,0.599,0.251,16
$GNSS,2025-07-29T15:21:43.950Z,40.2682646,-111.6350712,1687.885,3.156,-7.908,4.541,0.364,0.600,0.252,16
$GNSS,2025-07-29T15:21:44.000Z,40.2682661,-111.6350758,1687.665,3.402,-7.869,4.544,0.365,0.600,0.253,16
$GNSS,2025-07-29T15:21:44.050Z,40.2682678,-111.6350806,1687.453,3.689,-7.966,4.332,0.366,0.601,0.257,16
$GNSS,2025-07-29T15:21:44.100Z,40.2682693,-111.6350853,1687.241,3.355,-8.111,4.383,0.366,0.602,0.254,16
$GNSS,2025-07-29T15:21:44.150Z,40.2682706,-111.6350901,1687.061,3.210,-8.182,4.163,0.367,0.602,0.253,16
$GNSS,2025-07-29T15:21:44.200Z,40.2682719,-111.6350950,1686.871,3.080,-8.376,4.070,0.368,0.603,0.236,16
$GNSS,2025-07-29T15:21:44.250Z,40.2682732,-111.6351001,1686.694,3.052,-8.551,3.906,0.368,0.603,0.225,16
$GNSS,2025-07-29T15:21:44.300Z,40.2682746,-111.6351052,1686.504,3.191,-8.691,3.878,0.368,0.602,0.201,16
$GNSS,2025-07-29T15:21:44.350Z,40.2682760,-111.6351102,1686.351,3.293,-8.679,3.802,0.367,0.602,0.195,16
$GNSS,2025-07-29T15:21:44.400Z,40.2682774,-111.6351156,1686.146,3.206,-9.038,3.808,0.367,0.601,0.216,16
$GNSS,2025-07-29T15:21:44.450Z,40.2682789,-111.6351210,1685.946,3.313,-9.079,3.790,0.367,0.601,0.230,16
$GNSS,2025-07-29T15:21:44.500Z,40.2682803,-111.6351264,1685.753,3.320,-9.236,3.949,0.367,0.601,0.236,16
$GNSS,2025-07-29T15:21:44.550Z,40.2682817,-111.6351319,1685.552,3.227,-9.431,4.113,0.367,0.602,0.245,16
$GNSS,2025-07-29T15:21:44.600Z,40.2682831,-111.6351376,1685.335,3.178,-9.636,4.253,0.367,0.602,0.232,16
$GNSS,2025-07-29T15:21:44.650Z,40.2682846,-111.6351432,1685.096,3.314,-9.495,4.417,0.367,0.602,0.215,16
$GNSS,2025-07-29T15:21:44.700Z,40.2682861,-111.6351486,1684.861,3.247,-9.086,4.501,0.366,0.602,0.216,16
$GNSS,2025-07-29T15:21:44.750Z,40.2682876,-111.6351540,1684.574,3.143,-8.937,4.735,0.366,0.602,0.206,16
$GNSS,2025-07-29T15:21:44.800Z,40.2682890,-111.6351592,1684.334,3.104,-8.752,4.669,0.365,0.602,0.199,16
$GNSS,2025-07-29T15:21:44.850Z,40.2682904,-111.6351643,1684.124,3.285,-8.785,4.635,0.365,0.601,0.208,16
$GNSS,2025-07-29T15:21:44.900Z,40.2682918,-111.6351696,1683.893,3.285,-8.912,4.790,0.365,0.602,0.208,16
$GNSS,2025-07-29T15:21:44.950Z,40.2682931,-111.6351750,1683.669,3.163,-9.180,4.773,0.364,0.603,0.202,16
$GNSS,2025-07-29T15:21:45.000Z,40.2682946,-111.6351802,1683.467,3.271,-8.867,4.552,0.364,0.603,0.200,16
$GNSS,2025-07-29T15:21:45.050Z,40.2682960,-111.6351853,1683.255,3.317,-8.735,4.514,0.364,0.603,0.198,16
$GNSS,2025-07-29T15:21:45.100Z,40.2682975,-111.6351904,1683.021,3.259,-8.663,4.663,0.363,0.603,0.197,16
$GNSS,2025-07-29T15:21:45.150Z,40.2682990,-111.6351955,1682.758,3.201,-8.718,4.823,0.363,0.603,0.183,16
$GNSS,2025-07-29T15:21:45.200Z,40.2683005,-111.6352008,1682.513,3.190,-8.896,4.822,0.363,0.603,0.188,16
$GNSS,2025-07-29T15:21:45.250Z,40.2683019,-111.6352062,1682.274,3.192,-9.175,4.848,0.363,0.605,0.219,16
$GNSS,2025-07-29T15:21:45.300Z,40.2683033,-111.6352116,1682.019,3.093,-9.195,5.020,0.364,0.605,0.229,16
$GNSS,2025-07-29T15:21:45.350Z,40.2683048,-111.6352169,1681.770,3.234,-9.007,5.050,0.364,0.606,0.233,16
$GNSS,2025-07-29T15:21:45.400Z,40.2683063,-111.6352222,1681.494,3.293,-8.963,5.098,0.364,0.605,0.202,16
$GNSS,2025-07-29T15:21:45.450Z,40.2683078,-111.6352275,1681.176,3.159,-9.032,5.396,0.363,0.603,0.184,16
$GNSS,2025-07-29T15:21:45.500Z,40.2683092,-111.6352329,1680.902,3.137,-9.157,5.458,0.362,0.602,0.185,16
$GNSS,2025-07-29T15:21:45.550Z,40.2683107,-111.6352384,1680.607,3.260,-9.284,5.508,0.360,0.600,0.178,16
$GNSS,2025-07-29T15:21:45.600Z,40.2683122,-111.6352438,1680.329,3.223,-9.235,5.562,0.359,0.600,0.175,16
$GNSS,2025-07-29T15:21:45.650Z,40.2683137,-111.6352493,1680.059,3.277,-9.284,5.637,0.358,0.600,0.176,16
$GNSS,2025-07-29T15:21:45.700Z,40.2683151,-111.6352548,1679.780,3.167,-9.304,5.732,0.357,0.598,0.181,16
$GNSS,2025-07-29T15:21:45.750Z,40.2683166,-111.6352604,1679.483,3.179,-9.517,5.761,0.356,0.597,0.183,16
$GNSS,2025-07-29T15:21:45.800Z,40.2683180,-111.6352661,1679.171,3.188,-9.557,5.810,0.355,0.596,0.183,16
$GNSS,2025-07-29T15:21:45.850Z,40.2683196,-111.6352716,1678.834,3.283,-9.462,5.954,0.355,0.594,0.185,16
$GNSS,2025-07-29T15:21:45.900Z,40.2683211,-111.6352771,1678.516,3.287,-9.410,5.976,0.354,0.593,0.186,16
$GNSS,2025-07-29T15:21:45.950Z,40.2683227,-111.6352827,1678.185,3.380,-9.501,6.041,0.353,0.592,0.186,16
$GNSS,2025-07-29T15:21:46.000Z,40.2683244,-111.6352883,1677.852,3.491,-9.483,6.052,0.353,0.590,0.187,16
$GNSS,2025-07-29T15:21:46.050Z,40.2683261,-111.6352939,1677.514,3.579,-9.576,6.143,0.352,0.589,0.187,16
$GNSS,2025-07-29T15:21:46.100Z,40.2683277,-111.6352995,1677.165,3.460,-9.611,6.292,0.352,0.587,0.198,15
$GNSS,2025-07-29T15:21:46.150Z,40.2683293,-111.6353053,1676.841,3.469,-9.681,6.266,0.351,0.588,0.190,16
$GNSS,2025-07-29T15:21:46.200Z,40.2683308,-111.6353110,1676.516,3.534,-9.689,6.369,0.351,0.588,0.193,16
$GNSS,2025-07-29T15:21:46.250Z,40.2683325,-111.6353168,1676.199,3.626,-9.824,6.421,0.351,0.588,0.194,16
$GNSS,2025-07-29T15:21:46.300Z,40.2683340,-111.6353228,1675.884,3.620,-10.000,6.379,0.350,0.588,0.191,16
$GNSS,2025-07-29T15:21:46.350Z,40.2683357,-111.6353287,1675.547,3.559,-10.054,6.451,0.350,0.589,0.192,16
$GNSS,2025-07-29T15:21:46.400Z,40.2683373,-111.6353347,1675.223,3.582,-10.217,6.396,0.350,0.589,0.191,16
$GNSS,2025-07-29T15:21:46.450Z,40.2683389,-111.6353408,1674.891,3.568,-10.261,6.459,0.350,0.588,0.187,16
$GNSS,2025-07-29T15:21:46.500Z,40.2683405,-111.6353469,1674.562,3.642,-10.360,6.616,0.350,0.587,0.186,16
$GNSS,2025-07-29T15:21:46.550Z,40.2683421,-111.6353530,1674.221,3.643,-10.351,6.701,0.349,0.586,0.184,16
$GNSS,2025-07-29T15:21:46.600Z,40.2683437,-111.6353592,1673.886,3.603,-10.472,6.662,0.349,0.585,0.182,16
$GNSS,2025-07-29T15:21:46.650Z,40.2683454,-111.6353654,1673.532,3.656,-10.527,6.741,0.349,0.584,0.182,16
$GNSS,2025-07-29T15:21:46.700Z,40.2683471,-111.6353717,1673.188,3.781,-10.579,6.739,0.349,0.584,0.181,16
$GNSS,2025-07-29T15:21:46.750Z,40.2683488,-111.6353779,1672.837,3.762,-10.576,6.782,0.348,0.583,0.180,16
$GNSS,2025-07-29T15:21:46.800Z,40.2683505,-111.6353842,1672.494,3.700,-10.646,6.791,0.348,0.582,0.179,16
$GNSS,2025-07-29T15:21:46.850Z,40.2683521,-111.6353905,1672.149,3.581,-10.627,6.836,0.348,0.581,0.173,16
$GNSS,2025-07-29T15:21:46.900Z,40.2683538,-111.6353968,1671.803,3.745,-10.685,6.899,0.348,0.580,0.173,16
$GNSS,2025-07-29T15:21:46.950Z,40.2683555,-111.6354031,1671.453,3.708,-10.756,6.933,0.348,0.579,0.171,16
$GNSS,2025-07-29T15:21:47.000Z,40.2683571,-111.6354095,1671.093,3.702,-10.738,6.941,0.347,0.578,0.170,16
$GNSS,2025-07-29T15:21:47.050Z,40.2683589,-111.6354158,1670.734,3.782,-10.801,6.944,0.347,0.577,0.170,16
$GNSS,2025-07-29T15:21:47.100Z,40.2683605,-111.6354223,1670.378,3.633,-10.900,6.959,0.347,0.577,0.169,16
$GNSS,2025-07-29T15:21:47.150Z,40.2683622,-111.6354287,1670.012,3.645,-10.952,7.067,0.347,0.576,0.169,16
$GNSS,2025-07-29T15:21:47.200Z,40.2683638,-111.6354352,1669.665,3.664,-10.946,7.122,0.346,0.575,0.164,16
$GNSS,2025-07-29T15:21:47.250Z,40.2683653,-111.6354418,1669.329,3.475,-11.041,7.135,0.346,0.574,0.162,16
$GNSS,2025-07-29T15:21:47.300Z,40.2683668,-111.6354484,1669.007,3.538,-11.110,7.083,0.345,0.573,0.162,16
$GNSS,2025-07-29T15:21:47.350Z,40.2683682,-111.6354550,1668.672,3.291,-11.207,7.110,0.345,0.573,0.162,15
$GNSS,2025-07-29T15:21:47.400Z,40.2683696,-111.6354617,1668.342,3.266,-11.323,7.146,0.344,0.572,0.159,15
$GNSS,2025-07-29T15:21:47.450Z,40.2683709,-111.6354684,1668.004,3.048,-11.315,7.162,0.344,0.572,0.163,15
$GNSS,2025-07-29T15:21:47.500Z,40.2683722,-111.6354751,1667.641,2.848,-11.348,7.155,0.344,0.572,0.169,15
$GNSS,2025-07-29T15:21:47.550Z,40.2683734,-111.6354818,1667.270,2.811,-11.439,7.259,0.345,0.573,0.166,15
$GNSS,2025-07-29T15:21:47.600Z,40.2683746,-111.6354886,1666.910,2.694,-11.466,7.288,0.345,0.574,0.165,16
$GNSS,2025-07-29T15:21:47.650Z,40.2683757,-111.6354954,1666.540,2.482,-11.508,7.323,0.345,0.574,0.164,16
$GNSS,2025-07-29T15:21:47.700Z,40.2683768,-111.6355022,1666.167,2.336,-11.548,7.322,0.345,0.575,0.164,16
$GNSS,2025-07-29T15:21:47.750Z,40.2683778,-111.6355090,1665.792,2.189,-11.592,7.354,0.344,0.574,0.172,16
$GNSS,2025-07-29T15:21:47.800Z,40.2683786,-111.6355158,1665.420,2.001,-11.523,7.354,0.344,0.574,0.171,16
$GNSS,2025-07-29T15:21:47.850Z,40.2683794,-111.6355226,1665.037,1.878,-11.613,7.495,0.343,0.573,0.167,16
$GNSS,2025-07-29T15:21:47.900Z,40.2683801,-111.6355295,1664.658,1.672,-11.693,7.572,0.342,0.573,0.174,16
$GNSS,2025-07-29T15:21:47.950Z,40.2683808,-111.6355363,1664.263,1.580,-11.630,7.664,0.341,0.573,0.175,16
$GNSS,2025-07-29T15:21:48.000Z,40.2683813,-111.6355431,1663.880,1.300,-11.681,7.775,0.340,0.572,0.174,16
$GNSS,2025-07-29T15:21:48.050Z,40.2683817,-111.6355500,1663.481,1.146,-11.694,7.905,0.339,0.571,0.177,16
$GNSS,2025-07-29T15:21:48.100Z,40.2683821,-111.6355569,1663.082,1.001,-11.776,7.971,0.338,0.570,0.178,16
$GNSS,2025-07-29T15:21:48.150Z,40.2683824,-111.6355638,1662.693,0.813,-11.793,8.075,0.337,0.569,0.177,16
$GNSS,2025-07-29T15:21:48.200Z,40.2683825,-111.6355707,1662.302,0.633,-11.876,8.140,0.336,0.568,0.172,15
$GNSS,2025-07-29T15:21:48.250Z,40.2683826,-111.6355776,1661.884,0.362,-11.846,8.215,0.335,0.567,0.163,16
$GNSS,2025-07-29T15:21:48.300Z,40.2683826,-111.6355845,1661.457,0.123,-11.859,8.340,0.334,0.566,0.158,16
$GNSS,2025-07-29T15:21:48.350Z,40.2683825,-111.6355914,1661.022,-0.097,-11.918,8.531,0.333,0.564,0.157,16
$GNSS,2025-07-29T15:21:48.400Z,40.2683823,-111.6355983,1660.578,-0.359,-11.903,8.599,0.332,0.563,0.165,15
$GNSS,2025-07-29T15:21:48.450Z,40.2683820,-111.6356052,1660.128,-0.620,-11.822,8.584,0.332,0.561,0.160,16
$GNSS,2025-07-29T15:21:48.500Z,40.2683816,-111.6356120,1659.677,-0.852,-11.844,8.714,0.331,0.560,0.159,16
$GNSS,2025-07-29T15:21:48.550Z,40.2683811,-111.6356190,1659.219,-1.096,-11.921,8.851,0.330,0.559,0.161,16
$GNSS,2025-07-29T15:21:48.600Z,40.2683804,-111.6356258,1658.740,-1.459,-11.834,8.969,0.329,0.558,0.170,16
$GNSS,2025-07-29T15:21:48.650Z,40.2683796,-111.6356327,1658.262,-1.725,-11.797,9.052,0.329,0.557,0.171,16
$GNSS,2025-07-29T15:21:48.700Z,40.2683787,-111.6356396,1657.790,-2.000,-11.836,9.125,0.328,0.556,0.170,16
$GNSS,2025-07-29T15:21:48.800Z,40.2683764,-111.6356533,1656.849,-2.647,-11.685,9.273,0.329,0.556,0.180,16
$GNSS,2025-07-29T15:21:48.850Z,40.2683750,-111.6356602,1656.368,-2.958,-11.712,9.293,0.328,0.555,0.168,16
$GNSS,2025-07-29T15:21:48.900Z,40.2683736,-111.6356671,1655.885,-3.200,-11.656,9.421,0.328,0.554,0.167,16
$GNSS,2025-07-29T15:21:48.950Z,40.2683719,-111.6356738,1655.392,-3.557,-11.516,9.510,0.327,0.553,0.167,16
$GNSS,2025-07-29T15:21:49.000Z,40.2683701,-111.6356805,1654.890,-3.905,-11.468,9.651,0.327,0.552,0.167,16
$GNSS,2025-07-29T15:21:49.050Z,40.2683682,-111.6356873,1654.377,-4.207,-11.482,9.729,0.327,0.552,0.167,16
$GNSS,2025-07-29T15:21:49.100Z,40.2683662,-111.6356939,1653.863,-4.530,-11.317,9.795,0.326,0.551,0.167,16
$GNSS,2025-07-29T15:21:49.150Z,40.2683640,-111.6357005,1653.343,-4.861,-11.276,9.892,0.326,0.550,0.167,16
$GNSS,2025-07-29T15:21:49.200Z,40.2683617,-111.6357071,1652.825,-5.096,-11.157,9.934,0.325,0.549,0.168,16
$GNSS,2025-07-29T15:21:49.250Z,40.2683591,-111.6357136,1652.313,-5.495,-11.089,9.985,0.325,0.548,0.168,16
$GNSS,2025-07-29T15:21:49.300Z,40.2683564,-111.6357200,1651.791,-5.933,-10.984,10.119,0.325,0.547,0.168,16
$GNSS,2025-07-29T15:21:49.350Z,40.2683536,-111.6357264,1651.270,-6.202,-10.831,10.107,0.324,0.546,0.166,16
$GNSS,2025-07-29T15:21:49.400Z,40.2683507,-111.6357326,1650.738,-6.411,-10.698,10.146,0.324,0.545,0.167,16
$GNSS,2025-07-29T15:21:49.450Z,40.2683477,-111.6357389,1650.197,-6.736,-10.599,10.295,0.324,0.544,0.168,16
$GNSS,2025-07-29T15:21:49.500Z,40.2683445,-111.6357450,1649.666,-7.011,-10.492,10.451,0.324,0.543,0.167,16
$GNSS,2025-07-29T15:21:49.550Z,40.2683411,-111.6357511,1649.134,-7.352,-10.359,10.450,0.323,0.542,0.166,16
$GNSS,2025-07-29T15:21:49.600Z,40.2683377,-111.6357570,1648.600,-7.578,-10.099,10.436,0.323,0.541,0.167,16
$GNSS,2025-07-29T15:21:49.650Z,40.2683340,-111.6357629,1648.071,-7.933,-9.976,10.457,0.323,0.540,0.164,16
$GNSS,2025-07-29T15:21:49.700Z,40.2683303,-111.6357687,1647.531,-8.285,-9.843,10.556,0.322,0.539,0.163,16
$GNSS,2025-07-29T15:21:49.750Z,40.2683264,-111.6357744,1646.979,-8.612,-9.641,10.610,0.322,0.538,0.164,16
$GNSS,2025-07-29T15:21:49.800Z,40.2683224,-111.6357799,1646.436,-8.757,-9.460,10.647,0.322,0.537,0.164,16
$GNSS,2025-07-29T15:21:49.850Z,40.2683183,-111.6357853,1645.895,-9.049,-9.241,10.626,0.321,0.536,0.165,16
$GNSS,2025-07-29T15:21:49.900Z,40.2683140,-111.6357906,1645.348,-9.375,-8.969,10.625,0.321,0.535,0.168,16
$GNSS,2025-07-29T15:21:49.950Z,40.2683097,-111.6357958,1644.801,-9.672,-8.807,10.705,0.321,0.534,0.170,16
$GNSS,2025-07-29T15:21:50.000Z,40.2683051,-111.6358008,1644.264,-9.925,-8.591,10.662,0.320,0.533,0.171,16
$GNSS,2025-07-29T15:21:50.050Z,40.2683005,-111.6358058,1643.730,-10.230,-8.424,10.573,0.320,0.532,0.172,16
$GNSS,2025-07-29T15:21:50.100Z,40.2682957,-111.6358106,1643.190,-10.486,-8.219,10.582,0.320,0.531,0.172,16
$GNSS,2025-07-29T15:21:50.150Z,40.2682909,-111.6358152,1642.655,-10.675,-7.913,10.597,0.320,0.529,0.174,16
$GNSS,2025-07-29T15:21:50.200Z,40.2682860,-111.6358198,1642.116,-10.893,-7.715,10.635,0.319,0.528,0.175,16
$GNSS,2025-07-29T15:21:50.250Z,40.2682809,-111.6358242,1641.594,-11.135,-7.494,10.579,0.319,0.527,0.177,16
$GNSS,2025-07-29T15:21:50.300Z,40.2682757,-111.6358285,1641.070,-11.467,-7.313,10.557,0.319,0.526,0.174,16
$GNSS,2025-07-29T15:21:50.350Z,40.2682704,-111.6358326,1640.553,-11.714,-7.054,10.444,0.318,0.525,0.175,16
$GNSS,2025-07-29T15:21:50.400Z,40.2682651,-111.6358366,1640.039,-11.829,-6.738,10.348,0.318,0.524,0.178,16
$GNSS,2025-07-29T15:21:50.450Z,40.2682596,-111.6358404,1639.520,-12.002,-6.506,10.304,0.317,0.523,0.179,16
$GNSS,2025-07-29T15:21:50.500Z,40.2682540,-111.6358441,1639.013,-12.300,-6.376,10.204,0.317,0.522,0.182,16
$GNSS,2025-07-29T15:21:50.550Z,40.2682483,-111.6358476,1638.509,-12.642,-6.003,10.154,0.317,0.521,0.179,16
$GNSS,2025-07-29T15:21:50.600Z,40.2682424,-111.6358509,1638.018,-12.941,-5.704,10.026,0.317,0.520,0.190,16
$GNSS,2025-07-29T15:21:50.650Z,40.2682366,-111.6358541,1637.542,-13.021,-5.442,9.787,0.317,0.518,0.189,16
$GNSS,2025-07-29T15:21:50.700Z,40.2682306,-111.6358572,1637.080,-13.182,-5.254,9.538,0.317,0.517,0.190,16
$GNSS,2025-07-29T15:21:50.750Z,40.2682246,-111.6358600,1636.611,-13.318,-4.871,9.474,0.317,0.516,0.191,16
$GNSS,2025-07-29T15:21:50.800Z,40.2682184,-111.6358627,1636.153,-13.627,-4.628,9.391,0.317,0.515,0.190,16
$GNSS,2025-07-29T15:21:50.850Z,40.2682122,-111.6358652,1635.704,-13.743,-4.313,9.216,0.317,0.515,0.191,16
$GNSS,2025-07-29T15:21:50.900Z,40.2682059,-111.6358676,1635.261,-13.861,-4.033,8.981,0.317,0.514,0.173,16
$GNSS,2025-07-29T15:21:50.950Z,40.2681996,-111.6358698,1634.842,-13.976,-3.799,8.706,0.317,0.513,0.173,16
$GNSS,2025-07-29T15:21:51.000Z,40.2681932,-111.6358718,1634.431,-14.031,-3.476,8.510,0.317,0.513,0.166,16
$GNSS,2025-07-29T15:21:51.050Z,40.2681868,-111.6358737,1634.028,-14.185,-3.222,8.307,0.317,0.513,0.167,16
$GNSS,2025-07-29T15:21:51.100Z,40.2681803,-111.6358754,1633.622,-14.279,-2.965,8.188,0.317,0.513,0.158,16
$GNSS,2025-07-29T15:21:51.150Z,40.2681738,-111.6358770,1633.231,-14.366,-2.740,8.039,0.317,0.513,0.158,16
$GNSS,2025-07-29T15:21:51.200Z,40.2681673,-111.6358785,1632.853,-14.375,-2.599,7.825,0.317,0.513,0.168,16
$GNSS,2025-07-29T15:21:51.250Z,40.2681608,-111.6358799,1632.484,-14.417,-2.406,7.594,0.317,0.513,0.159,16
$GNSS,2025-07-29T15:21:51.300Z,40.2681542,-111.6358812,1632.129,-14.479,-2.267,7.364,0.316,0.513,0.159,16
$GNSS,2025-07-29T15:21:51.350Z,40.2681476,-111.6358824,1631.793,-14.539,-2.040,7.168,0.316,0.513,0.159,16
$GNSS,2025-07-29T15:21:51.400Z,40.2681410,-111.6358834,1631.460,-14.589,-1.848,6.962,0.316,0.512,0.161,16
$GNSS,2025-07-29T15:21:51.450Z,40.2681344,-111.6358845,1631.135,-14.565,-1.728,6.706,0.316,0.512,0.162,16
$GNSS,2025-07-29T15:21:51.500Z,40.2681278,-111.6358854,1630.818,-14.647,-1.597,6.457,0.316,0.512,0.162,16
$GNSS,2025-07-29T15:21:51.550Z,40.2681211,-111.6358862,1630.512,-14.654,-1.421,6.302,0.316,0.511,0.180,16
$GNSS,2025-07-29T15:21:51.600Z,40.2681145,-111.6358869,1630.223,-14.628,-1.309,6.174,0.316,0.510,0.184,16
$GNSS,2025-07-29T15:21:51.650Z,40.2681079,-111.6358876,1629.936,-14.666,-1.119,5.988,0.316,0.510,0.186,16
$GNSS,2025-07-29T15:21:51.700Z,40.2681012,-111.6358882,1629.654,-14.769,-1.059,5.762,0.316,0.509,0.187,16
$GNSS,2025-07-29T15:21:51.750Z,40.2680945,-111.6358887,1629.390,-14.773,-0.938,5.527,0.316,0.509,0.189,16
$GNSS,2025-07-29T15:21:51.800Z,40.2680879,-111.6358892,1629.124,-14.702,-0.905,5.382,0.316,0.509,0.191,16
$GNSS,2025-07-29T15:21:51.850Z,40.2680813,-111.6358896,1628.872,-14.591,-0.819,5.230,0.316,0.510,0.192,16
$GNSS,2025-07-29T15:21:51.900Z,40.2680748,-111.6358901,1628.632,-14.432,-0.784,5.065,0.316,0.509,0.197,16
$GNSS,2025-07-29T15:21:51.950Z,40.2680683,-111.6358906,1628.393,-14.391,-0.801,4.864,0.316,0.509,0.197,16
$GNSS,2025-07-29T15:21:52.000Z,40.2680618,-111.6358909,1628.163,-14.446,-0.646,4.696,0.316,0.508,0.201,16
$GNSS,2025-07-29T15:21:52.050Z,40.2680552,-111.6358912,1627.949,-14.521,-0.544,4.583,0.316,0.508,0.204,16
$GNSS,2025-07-29T15:21:52.100Z,40.2680487,-111.6358915,1627.730,-14.394,-0.456,4.547,0.317,0.507,0.234,16
$GNSS,2025-07-29T15:21:52.150Z,40.2680423,-111.6358918,1627.516,-14.280,-0.457,4.525,0.317,0.507,0.235,16
$GNSS,2025-07-29T15:21:52.200Z,40.2680359,-111.6358919,1627.309,-14.073,-0.345,4.314,0.317,0.506,0.236,16
$GNSS,2025-07-29T15:21:52.250Z,40.2680295,-111.6358921,1627.098,-14.134,-0.316,4.230,0.317,0.506,0.237,16
$GNSS,2025-07-29T15:21:52.300Z,40.2680232,-111.6358923,1626.904,-14.047,-0.291,4.167,0.317,0.505,0.236,16
$GNSS,2025-07-29T15:21:52.350Z,40.2680169,-111.6358924,1626.716,-13.975,-0.250,4.100,0.317,0.505,0.237,16
$GNSS,2025-07-29T15:21:52.400Z,40.2680106,-111.6358925,1626.532,-13.961,-0.172,3.907,0.317,0.504,0.238,16
$GNSS,2025-07-29T15:21:52.450Z,40.2680043,-111.6358925,1626.350,-13.954,-0.145,3.851,0.317,0.503,0.238,16
$GNSS,2025-07-29T15:21:52.500Z,40.2679980,-111.6358927,1626.176,-13.852,-0.270,3.778,0.317,0.503,0.238,16
$GNSS,2025-07-29T15:21:52.550Z,40.2679918,-111.6358928,1626.000,-13.681,-0.273,3.725,0.318,0.502,0.242,16
$GNSS,2025-07-29T15:21:52.600Z,40.2679857,-111.6358929,1625.818,-13.545,-0.278,3.684,0.318,0.502,0.211,16
$GNSS,2025-07-29T15:21:52.650Z,40.2679796,-111.6358931,1625.654,-13.508,-0.360,3.544,0.318,0.502,0.211,16
$GNSS,2025-07-29T15:21:52.700Z,40.2679736,-111.6358933,1625.487,-13.385,-0.376,3.531,0.318,0.503,0.212,16
$GNSS,2025-07-29T15:21:52.750Z,40.2679676,-111.6358936,1625.324,-13.288,-0.425,3.484,0.318,0.502,0.216,16
$GNSS,2025-07-29T15:21:52.800Z,40.2679616,-111.6358939,1625.163,-13.207,-0.538,3.443,0.318,0.502,0.217,16
$GNSS,2025-07-29T15:21:52.850Z,40.2679556,-111.6358942,1624.999,-13.244,-0.662,3.422,0.318,0.501,0.218,16
$GNSS,2025-07-29T15:21:52.900Z,40.2679498,-111.6358946,1624.831,-13.089,-0.713,3.431,0.318,0.501,0.218,16
$GNSS,2025-07-29T15:21:52.950Z,40.2679438,-111.6358951,1624.660,-13.168,-0.752,3.553,0.318,0.501,0.219,16
$GNSS,2025-07-29T15:21:53.000Z,40.2679379,-111.6358955,1624.487,-13.024,-0.701,3.624,0.318,0.500,0.218,16
$GNSS,2025-07-29T15:21:53.050Z,40.2679321,-111.6358960,1624.314,-12.875,-0.919,3.615,0.318,0.500,0.193,16
$GNSS,2025-07-29T15:21:53.100Z,40.2679265,-111.6358965,1624.139,-12.678,-0.952,3.563,0.318,0.499,0.194,16
$GNSS,2025-07-29T15:21:53.150Z,40.2679208,-111.6358971,1623.967,-12.632,-1.014,3.585,0.318,0.499,0.190,16
$GNSS,2025-07-29T15:21:53.200Z,40.2679151,-111.6358978,1623.788,-12.627,-1.259,3.621,0.318,0.498,0.214,16
$GNSS,2025-07-29T15:21:53.250Z,40.2679095,-111.6358985,1623.601,-12.416,-1.223,3.737,0.318,0.498,0.212,16
$GNSS,2025-07-29T15:21:53.300Z,40.2679039,-111.6358992,1623.421,-12.461,-1.319,3.783,0.318,0.497,0.213,16
$GNSS,2025-07-29T15:21:53.350Z,40.2678983,-111.6359000,1623.236,-12.292,-1.428,3.828,0.318,0.498,0.185,16
$GNSS,2025-07-29T15:21:53.400Z,40.2678928,-111.6359010,1623.043,-12.198,-1.659,3.844,0.318,0.498,0.185,16
$GNSS,2025-07-29T15:21:53.450Z,40.2678874,-111.6359020,1622.849,-12.051,-1.811,3.947,0.318,0.498,0.184,16
$GNSS,2025-07-29T15:21:53.500Z,40.2678820,-111.6359032,1622.653,-12.000,-1.948,4.005,0.317,0.497,0.184,16
$GNSS,2025-07-29T15:21:53.550Z,40.2678766,-111.6359043,1622.450,-11.880,-2.042,4.109,0.317,0.497,0.173,16
$GNSS,2025-07-29T15:21:53.600Z,40.2678713,-111.6359056,1622.246,-11.754,-2.237,4.220,0.317,0.496,0.173,16
$GNSS,2025-07-29T15:21:53.650Z,40.2678660,-111.6359071,1622.035,-11.628,-2.444,4.319,0.316,0.496,0.167,16
$GNSS,2025-07-29T15:21:53.700Z,40.2678608,-111.6359086,1621.830,-11.512,-2.606,4.336,0.316,0.496,0.162,16
$GNSS,2025-07-29T15:21:53.750Z,40.2678556,-111.6359102,1621.617,-11.482,-2.797,4.359,0.315,0.496,0.167,16
$GNSS,2025-07-29T15:21:53.800Z,40.2678504,-111.6359119,1621.389,-11.425,-2.962,4.458,0.315,0.495,0.165,16
$GNSS,2025-07-29T15:21:53.850Z,40.2678453,-111.6359137,1621.153,-11.308,-3.081,4.610,0.315,0.495,0.166,16
$GNSS,2025-07-29T15:21:53.900Z,40.2678403,-111.6359157,1620.910,-11.149,-3.344,4.838,0.314,0.495,0.166,16
$GNSS,2025-07-29T15:21:53.950Z,40.2678353,-111.6359177,1620.663,-11.011,-3.475,4.923,0.314,0.495,0.166,16
$GNSS,2025-07-29T15:21:54.000Z,40.2678304,-111.6359199,1620.409,-10.925,-3.702,5.065,0.314,0.495,0.164,16
$GNSS,2025-07-29T15:21:54.050Z,40.2678255,-111.6359222,1620.146,-10.766,-3.917,5.242,0.314,0.495,0.165,16
$GNSS,2025-07-29T15:21:54.100Z,40.2678207,-111.6359246,1619.883,-10.704,-4.105,5.253,0.313,0.496,0.151,16
$GNSS,2025-07-29T15:21:54.150Z,40.2678159,-111.6359271,1619.610,-10.634,-4.291,5.404,0.313,0.497,0.150,16
$GNSS,2025-07-29T15:21:54.200Z,40.2678111,-111.6359298,1619.342,-10.539,-4.505,5.548,0.313,0.497,0.149,16
$GNSS,2025-07-29T15:21:54.250Z,40.2678064,-111.6359326,1619.048,-10.476,-4.684,5.832,0.313,0.498,0.150,16
$GNSS,2025-07-29T15:21:54.300Z,40.2678018,-111.6359355,1618.744,-10.228,-4.872,5.954,0.313,0.499,0.154,16
$GNSS,2025-07-29T15:21:54.350Z,40.2677972,-111.6359384,1618.440,-10.139,-5.036,5.958,0.313,0.499,0.148,16
$GNSS,2025-07-29T15:21:54.400Z,40.2677927,-111.6359416,1618.125,-10.086,-5.326,6.083,0.313,0.500,0.146,16
$GNSS,2025-07-29T15:21:54.450Z,40.2677882,-111.6359448,1617.806,-10.008,-5.442,6.244,0.312,0.501,0.147,16
$GNSS,2025-07-29T15:21:54.500Z,40.2677837,-111.6359482,1617.479,-9.857,-5.684,6.491,0.312,0.501,0.146,16
$GNSS,2025-07-29T15:21:54.550Z,40.2677794,-111.6359517,1617.147,-9.652,-5.912,6.680,0.312,0.502,0.148,16
$GNSS,2025-07-29T15:21:54.600Z,40.2677751,-111.6359553,1616.801,-9.577,-6.137,6.868,0.312,0.503,0.154,16
$GNSS,2025-07-29T15:21:54.650Z,40.2677710,-111.6359590,1616.446,-9.236,-6.324,7.030,0.312,0.503,0.161,16
$GNSS,2025-07-29T15:21:54.700Z,40.2677669,-111.6359628,1616.083,-9.152,-6.535,7.179,0.313,0.504,0.162,16
$GNSS,2025-07-29T15:21:54.750Z,40.2677628,-111.6359669,1615.712,-9.011,-6.852,7.376,0.313,0.504,0.164,16
$GNSS,2025-07-29T15:21:54.800Z,40.2677589,-111.6359709,1615.321,-8.954,-6.893,7.557,0.313,0.504,0.165,16
$GNSS,2025-07-29T15:21:54.850Z,40.2677549,-111.6359749,1614.927,-8.835,-6.962,7.792,0.313,0.504,0.166,16
$GNSS,2025-07-29T15:21:54.900Z,40.2677511,-111.6359792,1614.519,-8.541,-7.212,8.058,0.314,0.504,0.176,16
$GNSS,2025-07-29T15:21:54.950Z,40.2677473,-111.6359836,1614.100,-8.443,-7.448,8.275,0.314,0.505,0.177,16
$GNSS,2025-07-29T15:21:55.000Z,40.2677436,-111.6359881,1613.669,-8.226,-7.723,8.521,0.315,0.505,0.178,16
$GNSS,2025-07-29T15:21:55.050Z,40.2677400,-111.6359928,1613.233,-7.898,-7.915,8.692,0.315,0.505,0.168,16
$GNSS,2025-07-29T15:21:55.100Z,40.2677365,-111.6359976,1612.803,-7.728,-8.060,8.814,0.316,0.505,0.169,16
$GNSS,2025-07-29T15:21:55.150Z,40.2677332,-111.6360024,1612.349,-7.507,-8.272,9.028,0.316,0.505,0.163,16
$GNSS,2025-07-29T15:21:55.200Z,40.2677299,-111.6360074,1611.873,-7.315,-8.532,9.178,0.317,0.505,0.165,16
$GNSS,2025-07-29T15:21:55.250Z,40.2677268,-111.6360125,1611.384,-7.100,-8.752,9.401,0.317,0.504,0.162,16
$GNSS,2025-07-29T15:21:55.300Z,40.2677238,-111.6360177,1610.906,-6.742,-8.880,9.587,0.316,0.504,0.156,16
$GNSS,2025-07-29T15:21:55.350Z,40.2677209,-111.6360230,1610.393,-6.574,-9.164,9.774,0.316,0.505,0.156,16
$GNSS,2025-07-29T15:21:55.400Z,40.2677181,-111.6360286,1609.909,-6.150,-9.375,9.875,0.316,0.505,0.159,16
$GNSS,2025-07-29T15:21:55.450Z,40.2677154,-111.6360342,1609.397,-5.956,-9.588,10.114,0.316,0.505,0.154,16
$GNSS,2025-07-29T15:21:55.500Z,40.2677130,-111.6360400,1608.872,-5.560,-9.868,10.277,0.316,0.506,0.159,16
$GNSS,2025-07-29T15:21:55.550Z,40.2677106,-111.6360459,1608.342,-5.282,-10.058,10.378,0.316,0.506,0.166,16
$GNSS,2025-07-29T15:21:55.600Z,40.2677085,-111.6360519,1607.815,-4.823,-10.156,10.503,0.317,0.507,0.192,16
$GNSS,2025-07-29T15:21:55.650Z,40.2677065,-111.6360580,1607.262,-4.535,-10.379,10.690,0.317,0.509,0.182,16
$GNSS,2025-07-29T15:21:55.700Z,40.2677047,-111.6360641,1606.704,-4.140,-10.469,10.858,0.317,0.510,0.172,16
$GNSS,2025-07-29T15:21:55.750Z,40.2677031,-111.6360705,1606.156,-3.629,-10.733,11.009,0.317,0.509,0.155,16
$GNSS,2025-07-29T15:21:55.800Z,40.2677015,-111.6360769,1605.575,-3.507,-10.827,11.171,0.316,0.510,0.164,16
$GNSS,2025-07-29T15:21:55.850Z,40.2677002,-111.6360833,1604.987,-2.992,-10.984,11.354,0.315,0.510,0.167,16
$GNSS,2025-07-29T15:21:55.900Z,40.2676992,-111.6360900,1604.403,-2.402,-11.184,11.597,0.315,0.510,0.167,16
$GNSS,2025-07-29T15:21:55.950Z,40.2676982,-111.6360966,1603.810,-2.037,-11.201,11.772,0.314,0.511,0.167,16
$GNSS,2025-07-29T15:21:56.000Z,40.2676975,-111.6361032,1603.193,-1.676,-11.262,11.946,0.313,0.511,0.168,16
$GNSS,2025-07-29T15:21:56.050Z,40.2676970,-111.6361100,1602.582,-1.185,-11.479,12.121,0.313,0.511,0.171,16
$GNSS,2025-07-29T15:21:56.100Z,40.2676967,-111.6361169,1601.960,-0.829,-11.575,12.323,0.313,0.512,0.169,16
$GNSS,2025-07-29T15:21:56.150Z,40.2676965,-111.6361238,1601.330,-0.485,-11.674,12.480,0.312,0.513,0.174,16
$GNSS,2025-07-29T15:21:56.200Z,40.2676966,-111.6361306,1600.682,0.065,-11.569,12.622,0.312,0.513,0.177,16
$GNSS,2025-07-29T15:21:56.250Z,40.2676969,-111.6361375,1600.025,0.495,-11.592,12.742,0.312,0.513,0.179,16
$GNSS,2025-07-29T15:21:56.300Z,40.2676973,-111.6361443,1599.378,0.836,-11.656,12.789,0.312,0.514,0.181,16
$GNSS,2025-07-29T15:21:56.350Z,40.2676980,-111.6361512,1598.719,1.298,-11.629,12.997,0.312,0.514,0.183,16
$GNSS,2025-07-29T15:21:56.400Z,40.2676988,-111.6361581,1598.044,1.759,-11.580,13.262,0.312,0.514,0.186,16
$GNSS,2025-07-29T15:21:56.450Z,40.2676999,-111.6361649,1597.356,2.170,-11.572,13.377,0.312,0.514,0.188,16
$GNSS,2025-07-29T15:21:56.500Z,40.2677012,-111.6361716,1596.678,2.651,-11.463,13.456,0.312,0.514,0.189,16
$GNSS,2025-07-29T15:21:56.550Z,40.2677027,-111.6361784,1595.978,3.108,-11.522,13.655,0.312,0.514,0.191,16
$GNSS,2025-07-29T15:21:56.600Z,40.2677044,-111.6361851,1595.265,3.553,-11.421,13.876,0.312,0.514,0.194,16
$GNSS,2025-07-29T15:21:56.650Z,40.2677063,-111.6361917,1594.558,4.087,-11.200,14.045,0.313,0.514,0.198,16
$GNSS,2025-07-29T15:21:56.700Z,40.2677084,-111.6361982,1593.839,4.446,-11.030,14.137,0.313,0.514,0.201,16
$GNSS,2025-07-29T15:21:56.750Z,40.2677108,-111.6362046,1593.094,5.118,-10.873,14.329,0.313,0.514,0.195,16
$GNSS,2025-07-29T15:21:56.800Z,40.2677133,-111.6362109,1592.361,5.448,-10.759,14.396,0.313,0.514,0.197,16
$GNSS,2025-07-29T15:21:56.850Z,40.2677160,-111.6362171,1591.617,5.901,-10.607,14.560,0.312,0.514,0.198,16
$GNSS,2025-07-29T15:21:56.900Z,40.2677190,-111.6362232,1590.872,6.457,-10.312,14.646,0.312,0.513,0.201,16
$GNSS,2025-07-29T15:21:56.950Z,40.2677222,-111.6362291,1590.108,6.984,-10.072,14.800,0.312,0.513,0.201,16
$GNSS,2025-07-29T15:21:57.000Z,40.2677257,-111.6362348,1589.334,7.522,-9.803,14.999,0.311,0.513,0.203,16
$GNSS,2025-07-29T15:21:57.050Z,40.2677293,-111.6362404,1588.570,7.943,-9.442,15.076,0.311,0.513,0.207,16
$GNSS,2025-07-29T15:21:57.100Z,40.2677331,-111.6362457,1587.797,8.355,-9.105,15.160,0.311,0.512,0.210,16
$GNSS,2025-07-29T15:21:57.150Z,40.2677370,-111.6362509,1587.023,8.710,-8.774,15.190,0.310,0.512,0.211,16
$GNSS,2025-07-29T15:21:57.200Z,40.2677411,-111.6362559,1586.237,9.038,-8.484,15.280,0.310,0.512,0.212,16
$GNSS,2025-07-29T15:21:57.250Z,40.2677453,-111.6362606,1585.446,9.391,-8.033,15.317,0.310,0.512,0.215,16
$GNSS,2025-07-29T15:21:57.300Z,40.2677497,-111.6362650,1584.666,9.798,-7.561,15.441,0.310,0.512,0.226,16
$GNSS,2025-07-29T15:21:57.350Z,40.2677543,-111.6362692,1583.872,10.228,-7.167,15.527,0.309,0.512,0.231,16
$GNSS,2025-07-29T15:21:57.400Z,40.2677590,-111.6362731,1583.075,10.514,-6.699,15.536,0.309,0.512,0.231,16
$GNSS,2025-07-29T15:21:57.450Z,40.2677639,-111.6362767,1582.268,10.926,-6.315,15.657,0.309,0.512,0.226,15
$GNSS,2025-07-29T15:21:57.500Z,40.2677689,-111.6362801,1581.466,11.220,-5.771,15.768,0.309,0.512,0.229,15
$GNSS,2025-07-29T15:21:57.550Z,40.2677740,-111.6362831,1580.662,11.474,-5.252,15.809,0.308,0.512,0.229,15
$GNSS,2025-07-29T15:21:57.600Z,40.2677792,-111.6362858,1579.860,11.665,-4.628,15.819,0.308,0.512,0.231,15
$GNSS,2025-07-29T15:21:57.650Z,40.2677845,-111.6362881,1579.038,11.831,-4.072,15.828,0.308,0.512,0.224,15
$GNSS,2025-07-29T15:21:57.700Z,40.2677899,-111.6362902,1578.219,12.076,-3.605,15.895,0.307,0.512,0.220,15
$GNSS,2025-07-29T15:21:57.750Z,40.2677954,-111.6362920,1577.410,12.288,-3.058,16.000,0.307,0.512,0.223,15
$GNSS,2025-07-29T15:21:57.800Z,40.2678010,-111.6362934,1576.595,12.450,-2.445,16.062,0.306,0.512,0.226,15
$GNSS,2025-07-29T15:21:57.850Z,40.2678065,-111.6362943,1575.784,12.417,-1.760,15.999,0.306,0.513,0.230,15
$GNSS,2025-07-29T15:21:57.900Z,40.2678120,-111.6362950,1574.963,12.401,-1.232,15.962,0.306,0.513,0.231,15
$GNSS,2025-07-29T15:21:57.950Z,40.2678176,-111.6362954,1574.137,12.569,-0.748,16.065,0.305,0.513,0.230,15
$GNSS,2025-07-29T15:21:58.000Z,40.2678232,-111.6362955,1573.310,12.647,-0.070,16.163,0.305,0.513,0.226,15
$GNSS,2025-07-29T15:21:58.050Z,40.2678287,-111.6362951,1572.495,12.508,0.527,16.180,0.305,0.513,0.230,15
$GNSS,2025-07-29T15:21:58.100Z,40.2678342,-111.6362943,1571.696,12.488,1.263,16.200,0.304,0.513,0.234,15
$GNSS,2025-07-29T15:21:58.150Z,40.2678397,-111.6362932,1570.878,12.336,1.797,16.158,0.304,0.513,0.229,15
$GNSS,2025-07-29T15:21:58.200Z,40.2678451,-111.6362918,1570.054,12.197,2.374,16.107,0.304,0.513,0.231,15
$GNSS,2025-07-29T15:21:58.250Z,40.2678505,-111.6362901,1569.233,12.072,2.952,16.137,0.303,0.514,0.233,15
$GNSS,2025-07-29T15:21:58.300Z,40.2678558,-111.6362880,1568.413,11.975,3.448,16.244,0.303,0.514,0.235,15
$GNSS,2025-07-29T15:21:58.350Z,40.2678610,-111.6362857,1567.588,11.848,3.973,16.270,0.303,0.515,0.239,15
$GNSS,2025-07-29T15:21:58.400Z,40.2678661,-111.6362829,1566.779,11.638,4.549,16.310,0.303,0.516,0.242,15
$GNSS,2025-07-29T15:21:58.450Z,40.2678709,-111.6362798,1565.960,11.217,5.179,16.289,0.302,0.516,0.244,15
$GNSS,2025-07-29T15:21:58.500Z,40.2678757,-111.6362765,1565.149,10.882,5.652,16.211,0.302,0.517,0.246,15
$GNSS,2025-07-29T15:21:58.550Z,40.2678804,-111.6362728,1564.337,10.543,6.135,16.204,0.302,0.518,0.248,15
$GNSS,2025-07-29T15:21:58.600Z,40.2678849,-111.6362689,1563.512,10.093,6.663,16.257,0.302,0.519,0.255,15
$GNSS,2025-07-29T15:21:58.650Z,40.2678891,-111.6362645,1562.708,9.744,7.209,16.253,0.301,0.520,0.267,15
$GNSS,2025-07-29T15:21:58.700Z,40.2678931,-111.6362600,1561.903,9.221,7.687,16.204,0.301,0.522,0.274,15
$GNSS,2025-07-29T15:21:58.800Z,40.2679006,-111.6362501,1560.285,8.241,8.560,16.104,0.302,0.527,0.313,15
$GNSS,2025-07-29T15:21:58.850Z,40.2679040,-111.6362448,1559.461,7.760,8.922,16.200,0.301,0.528,0.301,15
$GNSS,2025-07-29T15:21:58.900Z,40.2679072,-111.6362393,1558.645,7.274,9.301,16.201,0.301,0.530,0.298,15
$GNSS,2025-07-29T15:21:58.950Z,40.2679101,-111.6362336,1557.839,6.670,9.541,16.166,0.301,0.532,0.297,15
$GNSS,2025-07-29T15:21:59.000Z,40.2679126,-111.6362277,1557.033,5.981,9.889,16.208,0.300,0.532,0.269,15
$GNSS,2025-07-29T15:21:59.050Z,40.2679150,-111.6362218,1556.210,5.471,10.075,16.262,0.300,0.533,0.263,15
$GNSS,2025-07-29T15:21:59.100Z,40.2679172,-111.6362156,1555.382,4.850,10.350,16.292,0.300,0.534,0.257,15
$GNSS,2025-07-29T15:21:59.150Z,40.2679191,-111.6362094,1554.559,4.289,10.589,16.283,0.299,0.535,0.252,15
$GNSS,2025-07-29T15:21:59.200Z,40.2679207,-111.6362030,1553.731,3.653,10.665,16.320,0.299,0.535,0.234,15
$GNSS,2025-07-29T15:21:59.250Z,40.2679221,-111.6361966,1552.916,3.102,10.801,16.374,0.298,0.535,0.231,15
$GNSS,2025-07-29T15:21:59.300Z,40.2679232,-111.6361902,1552.092,2.528,10.855,16.500,0.298,0.535,0.231,15
$GNSS,2025-07-29T15:21:59.350Z,40.2679240,-111.6361837,1551.259,1.926,10.868,16.531,0.297,0.536,0.232,15
$GNSS,2025-07-29T15:21:59.400Z,40.2679245,-111.6361773,1550.429,1.216,10.866,16.461,0.297,0.536,0.232,15
$GNSS,2025-07-29T15:21:59.450Z,40.2679248,-111.6361708,1549.597,0.495,10.893,16.400,0.297,0.536,0.232,15
$GNSS,2025-07-29T15:21:59.500Z,40.2679248,-111.6361644,1548.768,-0.061,10.839,16.481,0.296,0.536,0.217,16
$GNSS,2025-07-29T15:21:59.550Z,40.2679244,-111.6361581,1547.929,-0.672,10.689,16.653,0.296,0.536,0.229,16
$GNSS,2025-07-29T15:21:59.600Z,40.2679239,-111.6361520,1547.100,-1.311,10.486,16.657,0.295,0.536,0.212,16
$GNSS,2025-07-29T15:21:59.650Z,40.2679230,-111.6361459,1546.260,-1.882,10.250,16.635,0.295,0.536,0.210,16
$GNSS,2025-07-29T15:21:59.700Z,40.2679219,-111.6361400,1545.441,-2.548,10.129,16.556,0.294,0.535,0.209,16
$GNSS,2025-07-29T15:21:59.750Z,40.2679204,-111.6361342,1544.624,-3.256,9.907,16.569,0.293,0.535,0.210,16
$GNSS,2025-07-29T15:21:59.800Z,40.2679186,-111.6361286,1543.796,-3.901,9.487,16.628,0.293,0.535,0.211,16
$GNSS,2025-07-29T15:21:59.850Z,40.2679166,-111.6361231,1542.970,-4.488,9.350,16.491,0.292,0.535,0.211,16
$GNSS,2025-07-29T15:21:59.900Z,40.2679143,-111.6361179,1542.147,-5.074,8.905,16.568,0.292,0.535,0.209,16
$GNSS,2025-07-29T15:21:59.950Z,40.2679117,-111.6361128,1541.337,-5.691,8.513,16.378,0.292,0.534,0.203,16
$GNSS,2025-07-29T15:22:00.000Z,40.2679089,-111.6361081,1540.523,-6.295,8.064,16.304,0.291,0.534,0.202,16
$GNSS,2025-07-29T15:22:00.050Z,40.2679059,-111.6361035,1539.703,-6.691,7.778,16.343,0.291,0.533,0.200,16
$GNSS,2025-07-29T15:22:00.100Z,40.2679025,-111.6360991,1538.890,-7.401,7.480,16.304,0.290,0.533,0.207,15
$GNSS,2025-07-29T15:22:00.150Z,40.2678989,-111.6360949,1538.059,-7.991,7.075,16.343,0.290,0.532,0.195,16
$GNSS,2025-07-29T15:22:00.200Z,40.2678951,-111.6360909,1537.231,-8.448,6.637,16.372,0.289,0.532,0.194,16
$GNSS,2025-07-29T15:22:00.250Z,40.2678911,-111.6360873,1536.419,-8.804,6.124,16.431,0.289,0.532,0.194,16
$GNSS,2025-07-29T15:22:00.300Z,40.2678870,-111.6360840,1535.622,-9.090,5.731,16.237,0.289,0.531,0.196,16
$GNSS,2025-07-29T15:22:00.350Z,40.2678827,-111.6360809,1534.819,-9.622,5.213,16.017,0.288,0.531,0.197,16
$GNSS,2025-07-29T15:22:00.400Z,40.2678783,-111.6360782,1534.032,-9.947,4.700,15.931,0.288,0.531,0.185,16
$GNSS,2025-07-29T15:22:00.450Z,40.2678737,-111.6360756,1533.239,-10.215,4.317,15.870,0.288,0.530,0.183,16
$GNSS,2025-07-29T15:22:00.500Z,40.2678688,-111.6360733,1532.476,-10.745,3.922,15.604,0.288,0.530,0.183,16
$GNSS,2025-07-29T15:22:00.550Z,40.2678637,-111.6360712,1531.711,-11.223,3.514,15.386,0.288,0.530,0.180,16
$GNSS,2025-07-29T15:22:00.600Z,40.2678585,-111.6360694,1530.958,-11.541,3.127,15.227,0.288,0.529,0.180,16
$GNSS,2025-07-29T15:22:00.650Z,40.2678531,-111.6360678,1530.211,-11.800,2.649,15.121,0.288,0.529,0.178,16
$GNSS,2025-07-29T15:22:00.700Z,40.2678476,-111.6360666,1529.477,-12.237,2.143,14.913,0.287,0.529,0.177,16
$GNSS,2025-07-29T15:22:00.750Z,40.2678419,-111.6360656,1528.758,-12.608,1.710,14.662,0.287,0.529,0.176,16
$GNSS,2025-07-29T15:22:00.800Z,40.2678360,-111.6360647,1528.056,-12.865,1.430,14.345,0.287,0.529,0.175,16
$GNSS,2025-07-29T15:22:00.850Z,40.2678301,-111.6360641,1527.355,-13.187,0.981,14.123,0.287,0.529,0.174,16
$GNSS,2025-07-29T15:22:00.900Z,40.2678241,-111.6360637,1526.666,-13.289,0.685,13.845,0.287,0.529,0.173,16
$GNSS,2025-07-29T15:22:00.950Z,40.2678180,-111.6360635,1526.005,-13.382,0.315,13.466,0.287,0.529,0.173,16
$GNSS,2025-07-29T15:22:01.000Z,40.2678118,-111.6360634,1525.355,-13.561,0.126,13.176,0.287,0.529,0.172,16
$GNSS,2025-07-29T15:22:01.050Z,40.2678056,-111.6360634,1524.717,-13.689,-0.076,12.923,0.288,0.529,0.173,16
$GNSS,2025-07-29T15:22:01.100Z,40.2677993,-111.6360636,1524.102,-13.899,-0.328,12.596,0.288,0.529,0.173,16
$GNSS,2025-07-29T15:22:01.150Z,40.2677929,-111.6360640,1523.499,-14.141,-0.561,12.334,0.288,0.527,0.184,16
$GNSS,2025-07-29T15:22:01.200Z,40.2677863,-111.6360644,1522.910,-14.409,-0.751,12.032,0.288,0.526,0.204,16
$GNSS,2025-07-29T15:22:01.250Z,40.2677797,-111.6360650,1522.347,-14.459,-0.993,11.536,0.288,0.525,0.210,16
$GNSS,2025-07-29T15:22:01.300Z,40.2677730,-111.6360655,1521.802,-14.752,-0.955,11.012,0.288,0.524,0.215,16
$GNSS,2025-07-29T15:22:01.350Z,40.2677662,-111.6360661,1521.284,-14.899,-0.880,10.699,0.289,0.522,0.217,16
$GNSS,2025-07-29T15:22:01.400Z,40.2677593,-111.6360666,1520.780,-15.238,-0.950,10.435,0.289,0.521,0.220,16
$GNSS,2025-07-29T15:22:01.450Z,40.2677523,-111.6360672,1520.290,-15.311,-1.027,10.146,0.289,0.520,0.224,16
$GNSS,2025-07-29T15:22:01.500Z,40.2677453,-111.6360679,1519.824,-15.405,-1.119,9.682,0.290,0.519,0.226,16
$GNSS,2025-07-29T15:22:01.550Z,40.2677382,-111.6360686,1519.388,-15.633,-1.154,9.155,0.290,0.518,0.231,16
$GNSS,2025-07-29T15:22:01.600Z,40.2677310,-111.6360692,1518.969,-15.692,-0.994,8.629,0.290,0.517,0.233,16
$GNSS,2025-07-29T15:22:01.650Z,40.2677239,-111.6360697,1518.568,-15.701,-0.879,8.285,0.291,0.517,0.235,16
$GNSS,2025-07-29T15:22:01.700Z,40.2677169,-111.6360702,1518.185,-15.650,-0.833,8.137,0.291,0.516,0.237,16
$GNSS,2025-07-29T15:22:01.750Z,40.2677099,-111.6360708,1517.853,-15.458,-0.973,7.588,0.291,0.515,0.201,16
$GNSS,2025-07-29T15:22:01.800Z,40.2677031,-111.6360715,1517.524,-15.192,-1.043,7.127,0.291,0.515,0.192,16
$GNSS,2025-07-29T15:22:01.850Z,40.2676959,-111.6360721,1517.194,-15.713,-1.127,6.653,0.291,0.516,0.175,16
$GNSS,2025-07-29T15:22:01.900Z,40.2676888,-111.6360727,1516.887,-15.631,-1.060,6.220,0.291,0.516,0.198,16
$GNSS,2025-07-29T15:22:01.950Z,40.2676818,-111.6360731,1516.592,-15.594,-0.673,6.022,0.292,0.516,0.201,16
$GNSS,2025-07-29T15:22:02.000Z,40.2676747,-111.6360734,1516.318,-15.610,-0.535,5.743,0.292,0.517,0.205,16
$GNSS,2025-07-29T15:22:02.050Z,40.2676678,-111.6360736,1516.056,-15.463,-0.414,5.438,0.292,0.517,0.206,16
$GNSS,2025-07-29T15:22:02.100Z,40.2676608,-111.6360737,1515.798,-15.509,-0.097,5.221,0.292,0.517,0.211,16
$GNSS,2025-07-29T15:22:02.150Z,40.2676540,-111.6360738,1515.569,-15.074,-0.094,4.966,0.293,0.517,0.211,16
$GNSS,2025-07-29T15:22:02.200Z,40.2676472,-111.6360739,1515.356,-14.993,-0.097,4.735,0.293,0.518,0.212,16
$GNSS,2025-07-29T15:22:02.250Z,40.2676405,-111.6360738,1515.145,-14.959,0.067,4.353,0.293,0.518,0.214,16
$GNSS,2025-07-29T15:22:02.300Z,40.2676338,-111.6360737,1514.945,-14.894,0.257,4.064,0.293,0.518,0.211,16
$GNSS,2025-07-29T15:22:02.350Z,40.2676271,-111.6360736,1514.784,-14.762,0.316,3.871,0.294,0.517,0.254,16
$GNSS,2025-07-29T15:22:02.400Z,40.2676205,-111.6360735,1514.657,-14.648,0.354,3.532,0.294,0.516,0.255,16
$GNSS,2025-07-29T15:22:02.450Z,40.2676138,-111.6360731,1514.463,-14.865,0.594,3.377,0.294,0.517,0.258,16
$GNSS,2025-07-29T15:22:02.500Z,40.2676071,-111.6360728,1514.306,-14.814,0.594,3.073,0.295,0.517,0.270,16
$GNSS,2025-07-29T15:22:02.550Z,40.2676007,-111.6360726,1514.160,-14.417,0.424,2.972,0.296,0.517,0.268,16
$GNSS,2025-07-29T15:22:02.600Z,40.2675944,-111.6360724,1514.054,-14.060,0.364,2.735,0.296,0.518,0.270,16
$GNSS,2025-07-29T15:22:02.650Z,40.2675879,-111.6360722,1513.908,-14.360,0.446,2.785,0.297,0.518,0.262,16
$GNSS,2025-07-29T15:22:02.700Z,40.2675816,-111.6360720,1513.796,-14.085,0.380,2.539,0.297,0.518,0.224,16
$GNSS,2025-07-29T15:22:02.750Z,40.2675752,-111.6360717,1513.707,-14.117,0.488,2.235,0.297,0.518,0.217,16
$GNSS,2025-07-29T15:22:02.800Z,40.2675689,-111.6360714,1513.628,-13.876,0.527,2.029,0.297,0.519,0.231,16
$GNSS,2025-07-29T15:22:02.850Z,40.2675627,-111.6360708,1513.518,-13.867,0.971,2.094,0.298,0.519,0.226,16
$GNSS,2025-07-29T15:22:02.900Z,40.2675567,-111.6360704,1513.454,-13.460,0.868,1.827,0.298,0.518,0.231,16
$GNSS,2025-07-29T15:22:02.950Z,40.2675506,-111.6360697,1513.363,-13.518,1.204,1.839,0.298,0.517,0.219,16
$GNSS,2025-07-29T15:22:03.000Z,40.2675446,-111.6360690,1513.283,-13.254,1.294,1.732,0.298,0.517,0.223,16
$GNSS,2025-07-29T15:22:03.050Z,40.2675389,-111.6360682,1513.213,-12.844,1.334,1.641,0.298,0.516,0.212,16
$GNSS,2025-07-29T15:22:03.100Z,40.2675331,-111.6360674,1513.147,-12.775,1.469,1.522,0.298,0.515,0.209,16
$GNSS,2025-07-29T15:22:03.150Z,40.2675273,-111.6360666,1513.083,-12.765,1.355,1.456,0.298,0.514,0.193,16
$GNSS,2025-07-29T15:22:03.200Z,40.2675216,-111.6360658,1513.008,-12.670,1.460,1.488,0.298,0.513,0.190,16
$GNSS,2025-07-29T15:22:03.250Z,40.2675160,-111.6360649,1512.950,-12.455,1.520,1.349,0.298,0.512,0.193,16
$GNSS,2025-07-29T15:22:03.300Z,40.2675105,-111.6360636,1512.878,-12.273,1.970,1.347,0.298,0.512,0.188,16
$GNSS,2025-07-29T15:22:03.350Z,40.2675051,-111.6360625,1512.819,-11.954,1.936,1.321,0.298,0.512,0.189,16
$GNSS,2025-07-29T15:22:03.400Z,40.2674999,-111.6360613,1512.777,-11.682,2.024,1.203,0.298,0.512,0.174,16
$GNSS,2025-07-29T15:22:03.450Z,40.2674947,-111.6360599,1512.719,-11.579,2.358,1.209,0.298,0.512,0.174,16
$GNSS,2025-07-29T15:22:03.500Z,40.2674894,-111.6360585,1512.683,-11.594,2.340,0.992,0.298,0.512,0.170,16
$GNSS,2025-07-29T15:22:03.550Z,40.2674842,-111.6360572,1512.646,-11.336,2.343,0.907,0.298,0.512,0.182,16
$GNSS,2025-07-29T15:22:03.600Z,40.2674793,-111.6360556,1512.577,-10.920,2.575,1.081,0.298,0.511,0.191,16
$GNSS,2025-07-29T15:22:03.650Z,40.2674746,-111.6360541,1512.541,-10.557,2.655,0.986,0.298,0.510,0.192,16
$GNSS,2025-07-29T15:22:03.700Z,40.2674698,-111.6360525,1512.511,-10.535,2.625,0.984,0.298,0.509,0.192,16
$GNSS,2025-07-29T15:22:03.750Z,40.2674650,-111.6360508,1512.460,-10.580,2.805,0.940,0.298,0.509,0.193,16
$GNSS,2025-07-29T15:22:03.800Z,40.2674604,-111.6360492,1512.417,-10.208,2.661,0.891,0.298,0.508,0.196,16
$GNSS,2025-07-29T15:22:03.850Z,40.2674559,-111.6360477,1512.408,-9.976,2.570,0.706,0.298,0.507,0.197,16
$GNSS,2025-07-29T15:22:03.900Z,40.2674515,-111.6360460,1512.380,-9.764,2.858,0.701,0.298,0.507,0.192,16
$GNSS,2025-07-29T15:22:03.950Z,40.2674472,-111.6360442,1512.335,-9.636,3.072,0.726,0.298,0.507,0.194,16
$GNSS,2025-07-29T15:22:04.000Z,40.2674430,-111.6360423,1512.292,-9.397,3.084,0.762,0.298,0.507,0.220,16
$GNSS,2025-07-29T15:22:04.050Z,40.2674388,-111.6360406,1512.274,-9.251,2.953,0.681,0.298,0.506,0.231,16
$GNSS,2025-07-29T15:22:04.100Z,40.2674347,-111.6360388,1512.256,-9.168,3.084,0.583,0.298,0.506,0.210,16
$GNSS,2025-07-29T15:22:04.150Z,40.2674307,-111.6360370,1512.232,-8.915,3.028,0.534,0.298,0.505,0.242,15
$GNSS,2025-07-29T15:22:04.200Z,40.2674269,-111.6360352,1512.186,-8.671,3.056,0.682,0.298,0.505,0.240,15
$GNSS,2025-07-29T15:22:04.250Z,40.2674231,-111.6360334,1512.140,-8.579,3.033,0.739,0.298,0.505,0.204,15
$GNSS,2025-07-29T15:22:04.300Z,40.2674193,-111.6360315,1512.100,-8.519,3.207,0.719,0.298,0.504,0.206,16
$GNSS,2025-07-29T15:22:04.350Z,40.2674156,-111.6360296,1512.067,-8.293,3.329,0.633,0.298,0.504,0.202,16
$GNSS,2025-07-29T15:22:04.400Z,40.2674120,-111.6360277,1512.050,-8.062,3.237,0.518,0.298,0.503,0.206,16
$GNSS,2025-07-29T15:22:04.450Z,40.2674085,-111.6360259,1512.020,-7.777,3.188,0.577,0.298,0.502,0.204,16
$GNSS,2025-07-29T15:22:04.500Z,40.2674052,-111.6360241,1511.977,-7.605,3.157,0.675,0.298,0.501,0.203,16
$GNSS,2025-07-29T15:22:04.550Z,40.2674018,-111.6360222,1511.939,-7.586,3.128,0.712,0.298,0.500,0.227,16
$GNSS,2025-07-29T15:22:04.600Z,40.2673984,-111.6360204,1511.908,-7.489,3.163,0.692,0.298,0.499,0.223,16
$GNSS,2025-07-29T15:22:04.650Z,40.2673952,-111.6360187,1511.899,-7.311,3.054,0.588,0.298,0.499,0.223,16
$GNSS,2025-07-29T15:22:04.700Z,40.2673921,-111.6360170,1511.875,-7.057,3.074,0.573,0.298,0.498,0.224,16
$GNSS,2025-07-29T15:22:04.750Z,40.2673890,-111.6360151,1511.831,-6.838,3.153,0.590,0.298,0.498,0.241,16
$GNSS,2025-07-29T15:22:04.800Z,40.2673861,-111.6360132,1511.790,-6.568,3.108,0.614,0.298,0.497,0.233,16
$GNSS,2025-07-29T15:22:04.850Z,40.2673833,-111.6360115,1511.749,-6.403,2.908,0.723,0.298,0.497,0.204,16
$GNSS,2025-07-29T15:22:04.900Z,40.2673805,-111.6360099,1511.713,-6.237,2.833,0.755,0.298,0.496,0.200,16
$GNSS,2025-07-29T15:22:04.950Z,40.2673777,-111.6360082,1511.684,-6.224,2.858,0.667,0.298,0.495,0.196,16
$GNSS,2025-07-29T15:22:05.000Z,40.2673749,-111.6360065,1511.651,-6.162,2.919,0.665,0.298,0.494,0.196,16
$GNSS,2025-07-29T15:22:05.050Z,40.2673722,-111.6360048,1511.614,-6.030,2.932,0.667,0.298,0.494,0.196,16
$GNSS,2025-07-29T15:22:05.100Z,40.2673696,-111.6360032,1511.572,-5.704,2.854,0.726,0.298,0.494,0.195,16
$GNSS,2025-07-29T15:22:05.150Z,40.2673671,-111.6360015,1511.532,-5.585,2.852,0.719,0.297,0.493,0.197,16
$GNSS,2025-07-29T15:22:05.200Z,40.2673646,-111.6359999,1511.501,-5.662,2.688,0.680,0.297,0.494,0.185,16
$GNSS,2025-07-29T15:22:05.250Z,40.2673623,-111.6359985,1511.439,-5.331,2.524,0.875,0.297,0.494,0.174,16
$GNSS,2025-07-29T15:22:05.300Z,40.2673599,-111.6359970,1511.404,-5.331,2.501,0.852,0.297,0.493,0.202,16
$GNSS,2025-07-29T15:22:05.350Z,40.2673578,-111.6359957,1511.343,-4.950,2.333,1.066,0.297,0.492,0.197,16
$GNSS,2025-07-29T15:22:05.400Z,40.2673554,-111.6359942,1511.267,-5.247,2.453,1.210,0.297,0.491,0.174,16
$GNSS,2025-07-29T15:22:05.450Z,40.2673532,-111.6359930,1511.203,-4.963,2.138,1.217,0.297,0.491,0.179,16
$GNSS,2025-07-29T15:22:05.500Z,40.2673511,-111.6359920,1511.148,-4.821,1.914,1.248,0.296,0.490,0.183,16
$GNSS,2025-07-29T15:22:05.550Z,40.2673492,-111.6359910,1511.059,-4.343,1.698,1.512,0.296,0.489,0.221,16
$GNSS,2025-07-29T15:22:05.600Z,40.2673473,-111.6359901,1510.960,-4.274,1.442,1.688,0.296,0.489,0.226,16
$GNSS,2025-07-29T15:22:05.650Z,40.2673452,-111.6359890,1510.905,-4.543,1.863,1.185,0.296,0.488,0.203,16
$GNSS,2025-07-29T15:22:05.700Z,40.2673433,-111.6359883,1510.932,-4.207,1.368,0.337,0.296,0.487,0.199,16
$GNSS,2025-07-29T15:22:05.750Z,40.2673415,-111.6359878,1510.931,-4.109,0.982,0.211,0.297,0.487,0.218,16
$GNSS,2025-07-29T15:22:05.800Z,40.2673395,-111.6359871,1510.933,-4.353,1.172,0.216,0.297,0.488,0.243,16
$GNSS,2025-07-29T15:22:05.850Z,40.2673377,-111.6359861,1510.938,-3.950,1.736,0.133,0.298,0.489,0.253,16
$GNSS,2025-07-29T15:22:05.900Z,40.2673361,-111.6359848,1510.949,-3.650,2.149,-0.139,0.299,0.490,0.231,16
$GNSS,2025-07-29T15:22:05.950Z,40.2673347,-111.6359835,1510.986,-3.177,2.198,-0.489,0.300,0.491,0.252,16
$GNSS,2025-07-29T15:22:06.000Z,40.2673332,-111.6359824,1511.038,-3.239,2.026,-0.652,0.301,0.492,0.231,16
$GNSS,2025-07-29T15:22:06.050Z,40.2673316,-111.6359815,1511.088,-3.300,1.706,-0.646,0.302,0.493,0.233,16
$GNSS,2025-07-29T15:22:06.100Z,40.2673303,-111.6359806,1511.105,-3.149,1.625,-0.467,0.302,0.494,0.225,16
$GNSS,2025-07-29T15:22:06.150Z,40.2673291,-111.6359795,1511.072,-2.854,1.606,-0.038,0.303,0.494,0.189,15
$GNSS,2025-07-29T15:22:06.200Z,40.2673281,-111.6359786,1510.990,-2.434,1.407,0.567,0.302,0.494,0.163,15
$GNSS,2025-07-29T15:22:06.250Z,40.2673273,-111.6359777,1510.938,-2.083,1.297,0.766,0.302,0.493,0.170,16
$GNSS,2025-07-29T15:22:06.300Z,40.2673264,-111.6359768,1510.931,-2.142,1.547,0.498,0.302,0.493,0.173,15
$GNSS,2025-07-29T15:22:06.350Z,40.2673252,-111.6359763,1510.985,-2.571,1.291,-0.098,0.302,0.492,0.154,15
$GNSS,2025-07-29T15:22:06.400Z,40.2673240,-111.6359756,1511.064,-2.641,1.375,-0.688,0.302,0.492,0.170,16
$GNSS,2025-07-29T15:22:06.450Z,40.2673229,-111.6359749,1511.104,-2.491,1.248,-0.676,0.301,0.491,0.164,16
$GNSS,2025-07-29T15:22:06.500Z,40.2673219,-111.6359743,1511.085,-2.346,1.060,-0.139,0.301,0.491,0.151,16
$GNSS,2025-07-29T15:22:06.550Z,40.2673210,-111.6359736,1511.066,-2.124,1.052,0.127,0.301,0.490,0.150,16
$GNSS,2025-07-29T15:22:06.600Z,40.2673202,-111.6359731,1511.048,-2.140,0.939,0.251,0.300,0.490,0.142,16
$GNSS,2025-07-29T15:22:06.650Z,40.2673194,-111.6359725,1511.005,-1.958,0.975,0.522,0.300,0.490,0.147,16
$GNSS,2025-07-29T15:22:06.700Z,40.2673186,-111.6359719,1511.002,-2.012,0.998,0.218,0.299,0.489,0.140,16
$GNSS,2025-07-29T15:22:06.750Z,40.2673178,-111.6359712,1511.036,-1.950,1.203,-0.275,0.299,0.489,0.150,16
$GNSS,2025-07-29T15:22:06.800Z,40.2673171,-111.6359703,1511.088,-1.611,1.535,-0.666,0.298,0.489,0.167,16
$GNSS,2025-07-29T15:22:06.850Z,40.2673165,-111.6359695,1511.135,-1.504,1.548,-0.781,0.298,0.488,0.164,16
$GNSS,2025-07-29T15:22:06.900Z,40.2673159,-111.6359688,1511.145,-1.640,1.265,-0.428,0.298,0.488,0.145,16
$GNSS,2025-07-29T15:22:06.950Z,40.2673152,-111.6359682,1511.136,-1.675,0.987,-0.057,0.297,0.488,0.128,16
$GNSS,2025-07-29T15:22:07.000Z,40.2673147,-111.6359676,1511.114,-1.437,0.962,0.185,0.296,0.488,0.133,16
$GNSS,2025-07-29T15:22:07.050Z,40.2673143,-111.6359670,1511.073,-1.179,0.938,0.462,0.296,0.488,0.164,16
$GNSS,2025-07-29T15:22:07.100Z,40.2673139,-111.6359663,1511.045,-1.005,0.975,0.515,0.295,0.487,0.189,16
$GNSS,2025-07-29T15:22:07.150Z,40.2673135,-111.6359657,1511.068,-0.875,1.229,0.073,0.295,0.487,0.186,16
$GNSS,2025-07-29T15:22:07.200Z,40.2673130,-111.6359652,1511.132,-1.122,1.238,-0.449,0.295,0.486,0.144,16
$GNSS,2025-07-29T15:22:07.250Z,40.2673124,-111.6359646,1511.207,-1.416,1.271,-0.796,0.294,0.486,0.152,16
$GNSS,2025-07-29T15:22:07.300Z,40.2673118,-111.6359641,1511.257,-1.345,1.132,-0.802,0.293,0.486,0.163,15
$GNSS,2025-07-29T15:22:07.350Z,40.2673116,-111.6359633,1511.259,-0.965,1.127,-0.426,0.293,0.486,0.151,16
$GNSS,2025-07-29T15:22:07.400Z,40.2673115,-111.6359626,1511.252,-0.638,1.145,-0.159,0.293,0.486,0.145,16
$GNSS,2025-07-29T15:22:07.450Z,40.2673114,-111.6359619,1511.245,-0.500,1.248,-0.016,0.293,0.486,0.164,16
$GNSS,2025-07-29T15:22:07.500Z,40.2673113,-111.6359612,1511.222,-0.457,1.189,0.249,0.292,0.486,0.181,16
$GNSS,2025-07-29T15:22:07.550Z,40.2673111,-111.6359607,1511.224,-0.651,1.069,0.208,0.292,0.486,0.173,16
$GNSS,2025-07-29T15:22:07.600Z,40.2673109,-111.6359601,1511.240,-0.637,1.109,0.032,0.292,0.486,0.180,16
$GNSS,2025-07-29T15:22:07.650Z,40.2673107,-111.6359596,1511.256,-0.482,1.023,-0.072,0.291,0.486,0.176,16
$GNSS,2025-07-29T15:22:07.700Z,40.2673107,-111.6359589,1511.242,-0.208,1.277,0.061,0.291,0.486,0.172,16
$GNSS,2025-07-29T15:22:07.750Z,40.2673107,-111.6359583,1511.265,-0.083,1.219,-0.109,0.291,0.486,0.151,16
$GNSS,2025-07-29T15:22:07.800Z,40.2673108,-111.6359578,1511.279,-0.005,0.846,-0.175,0.291,0.486,0.151,16
$GNSS,2025-07-29T15:22:07.850Z,40.2673108,-111.6359575,1511.303,-0.095,0.539,-0.207,0.290,0.486,0.171,15
$GNSS,2025-07-29T15:22:07.900Z,40.2673107,-111.6359573,1511.321,-0.346,0.175,-0.156,0.290,0.486,0.223,15
$GNSS,2025-07-29T15:22:07.950Z,40.2673105,-111.6359572,1511.306,-0.562,0.030,0.047,0.289,0.485,0.159,16
$GNSS,2025-07-29T15:22:08.000Z,40.2673102,-111.6359571,1511.291,-0.781,0.106,0.136,0.289,0.484,0.161,16
$GNSS,2025-07-29T15:22:08.050Z,40.2673099,-111.6359569,1511.298,-0.695,0.302,0.068,0.288,0.483,0.197,16
$GNSS,2025-07-29T15:22:08.100Z,40.2673096,-111.6359567,1511.307,-0.881,0.341,0.013,0.288,0.482,0.197,16
$GNSS,2025-07-29T15:22:08.150Z,40.2673092,-111.6359565,1511.327,-0.934,0.304,-0.079,0.288,0.481,0.208,16
$GNSS,2025-07-29T15:22:08.200Z,40.2673086,-111.6359564,1511.342,-1.307,0.232,-0.099,0.288,0.480,0.241,16
$GNSS,2025-07-29T15:22:08.250Z,40.2673080,-111.6359562,1511.350,-1.370,0.425,-0.042,0.288,0.479,0.247,16
$GNSS,2025-07-29T15:22:08.300Z,40.2673074,-111.6359559,1511.368,-1.306,0.559,-0.085,0.288,0.478,0.246,16
$GNSS,2025-07-29T15:22:08.350Z,40.2673068,-111.6359555,1511.384,-1.298,0.709,-0.072,0.288,0.477,0.217,16
$GNSS,2025-07-29T15:22:08.400Z,40.2673063,-111.6359551,1511.419,-1.189,0.770,-0.195,0.287,0.476,0.188,16
$GNSS,2025-07-29T15:22:08.450Z,40.2673058,-111.6359547,1511.458,-1.009,0.855,-0.258,0.287,0.475,0.182,16
$GNSS,2025-07-29T15:22:08.500Z,40.2673054,-111.6359540,1511.500,-0.853,1.059,-0.333,0.287,0.475,0.171,16
$GNSS,2025-07-29T15:22:08.550Z,40.2673051,-111.6359534,1511.508,-0.644,1.180,-0.104,0.287,0.475,0.160,15
$GNSS,2025-07-29T15:22:08.600Z,40.2673048,-111.6359526,1511.494,-0.629,1.229,0.126,0.287,0.475,0.163,15
$GNSS,2025-07-29T15:22:08.650Z,40.2673047,-111.6359519,1511.485,-0.278,1.221,0.173,0.287,0.475,0.168,15
$GNSS,2025-07-29T15:22:08.700Z,40.2673047,-111.6359512,1511.482,-0.006,1.157,0.081,0.287,0.474,0.148,15
$GNSS,2025-07-29T15:22:08.750Z,40.2673048,-111.6359506,1511.486,0.100,0.975,0.021,0.287,0.473,0.146,16
$GNSS,2025-07-29T15:22:08.800Z,40.2673049,-111.6359502,1511.495,0.185,0.852,-0.076,0.286,0.473,0.125,16
$GNSS,2025-07-29T15:22:08.850Z,40.2673049,-111.6359497,1511.506,0.071,0.829,-0.158,0.286,0.472,0.133,16
$GNSS,2025-07-29T15:22:08.900Z,40.2673049,-111.6359493,1511.516,-0.231,0.685,-0.150,0.286,0.471,0.168,16
$GNSS,2025-07-29T15:22:08.950Z,40.2673048,-111.6359489,1511.528,-0.248,0.544,-0.093,0.286,0.470,0.170,16
$GNSS,2025-07-29T15:22:09.000Z,40.2673049,-111.6359485,1511.527,0.035,0.709,-0.027,0.286,0.470,0.129,16
$GNSS,2025-07-29T15:22:09.050Z,40.2673049,-111.6359480,1511.537,-0.040,0.894,-0.097,0.286,0.470,0.129,16
$GNSS,2025-07-29T15:22:09.100Z,40.2673049,-111.6359475,1511.536,-0.295,0.775,-0.071,0.286,0.469,0.153,16
$GNSS,2025-07-29T15:22:09.150Z,40.2673047,-111.6359472,1511.531,-0.513,0.571,0.024,0.286,0.469,0.171,16
$GNSS,2025-07-29T15:22:09.200Z,40.2673045,-111.6359470,1511.537,-0.478,0.368,0.117,0.285,0.469,0.172,16
$GNSS,2025-07-29T15:22:09.250Z,40.2673043,-111.6359467,1511.533,-0.392,0.440,0.196,0.285,0.469,0.161,16
$GNSS,2025-07-29T15:22:09.300Z,40.2673041,-111.6359463,1511.537,-0.451,0.649,0.146,0.285,0.468,0.151,16
$GNSS,2025-07-29T15:22:09.350Z,40.2673039,-111.6359459,1511.543,-0.385,0.710,0.119,0.285,0.467,0.153,16
$GNSS,2025-07-29T15:22:09.400Z,40.2673038,-111.6359455,1511.549,-0.384,0.696,0.168,0.284,0.467,0.163,16
$GNSS,2025-07-29T15:22:09.450Z,40.2673036,-111.6359452,1511.551,-0.327,0.600,0.173,0.284,0.466,0.144,16
$GNSS,2025-07-29T15:22:09.500Z,40.2673035,-111.6359448,1511.561,-0.275,0.518,0.091,0.284,0.465,0.142,16
$GNSS,2025-07-29T15:22:09.550Z,40.2673033,-111.6359446,1511.566,-0.304,0.407,0.018,0.284,0.464,0.153,16
$GNSS,2025-07-29T15:22:09.600Z,40.2673031,-111.6359444,1511.579,-0.486,0.366,-0.124,0.284,0.464,0.197,16
$GNSS,2025-07-29T15:22:09.650Z,40.2673029,-111.6359442,1511.609,-0.395,0.386,-0.257,0.284,0.463,0.213,16
$GNSS,2025-07-29T15:22:09.700Z,40.2673028,-111.6359438,1511.634,-0.344,0.557,-0.165,0.283,0.463,0.180,16
$GNSS,2025-07-29T15:22:09.750Z,40.2673026,-111.6359433,1511.661,-0.337,0.790,-0.332,0.283,0.462,0.174,16
$GNSS,2025-07-29T15:22:09.800Z,40.2673025,-111.6359426,1511.678,-0.404,1.038,-0.484,0.283,0.462,0.173,16
$GNSS,2025-07-29T15:22:09.850Z,40.2673024,-111.6359419,1511.704,-0.448,1.164,-0.546,0.283,0.461,0.178,16
$GNSS,2025-07-29T15:22:09.900Z,40.2673022,-111.6359411,1511.708,-0.590,1.223,-0.257,0.283,0.461,0.179,15
$GNSS,2025-07-29T15:22:09.950Z,40.2673023,-111.6359404,1511.712,-0.249,1.187,-0.129,0.282,0.461,0.157,15
$GNSS,2025-07-29T15:22:10.000Z,40.2673024,-111.6359397,1511.712,-0.116,1.220,0.008,0.281,0.461,0.157,15
$GNSS,2025-07-29T15:22:10.050Z,40.2673026,-111.6359391,1511.701,0.141,1.009,0.107,0.281,0.461,0.158,15
$GNSS,2025-07-29T15:22:10.100Z,40.2673027,-111.6359385,1511.687,0.320,1.026,0.123,0.280,0.461,0.131,16
$GNSS,2025-07-29T15:22:10.150Z,40.2673030,-111.6359381,1511.687,0.408,0.823,0.015,0.279,0.460,0.112,16
$GNSS,2025-07-29T15:22:10.200Z,40.2673031,-111.6359375,1511.683,0.335,0.848,0.039,0.279,0.461,0.122,16
$GNSS,2025-07-29T15:22:10.250Z,40.2673033,-111.6359371,1511.688,0.381,0.713,-0.008,0.279,0.461,0.113,16
$GNSS,2025-07-29T15:22:10.300Z,40.2673035,-111.6359367,1511.698,0.532,0.561,-0.063,0.278,0.461,0.117,16
$GNSS,2025-07-29T15:22:10.350Z,40.2673037,-111.6359363,1511.695,0.601,0.584,-0.031,0.278,0.461,0.123,16
$GNSS,2025-07-29T15:22:10.400Z,40.2673040,-111.6359359,1511.696,0.550,0.607,-0.125,0.278,0.461,0.128,16
$GNSS,2025-07-29T15:22:10.450Z,40.2673041,-111.6359354,1511.696,0.533,0.612,-0.138,0.277,0.461,0.139,16
$GNSS,2025-07-29T15:22:10.500Z,40.2673044,-111.6359350,1511.685,0.692,0.622,-0.069,0.277,0.461,0.145,16
$GNSS,2025-07-29T15:22:10.550Z,40.2673046,-111.6359344,1511.674,0.770,0.740,-0.051,0.277,0.461,0.145,16
$GNSS,2025-07-29T15:22:10.600Z,40.2673048,-111.6359339,1511.666,0.771,0.732,0.024,0.276,0.461,0.154,16
$GNSS,2025-07-29T15:22:10.650Z,40.2673050,-111.6359332,1511.649,0.713,0.918,0.067,0.276,0.461,0.148,16
$GNSS,2025-07-29T15:22:10.700Z,40.2673052,-111.6359326,1511.633,0.728,0.893,0.130,0.276,0.461,0.150,16
$GNSS,2025-07-29T15:22:10.750Z,40.2673055,-111.6359320,1511.615,0.763,0.823,0.182,0.275,0.461,0.153,16
$GNSS,2025-07-29T15:22:10.800Z,40.2673058,-111.6359315,1511.606,0.792,0.735,0.207,0.275,0.461,0.150,16
$GNSS,2025-07-29T15:22:10.850Z,40.2673062,-111.6359311,1511.592,0.869,0.683,0.221,0.275,0.461,0.143,16
$GNSS,2025-07-29T15:22:10.900Z,40.2673066,-111.6359307,1511.589,0.879,0.730,0.220,0.275,0.461,0.140,15
$GNSS,2025-07-29T15:22:10.950Z,40.2673071,-111.6359302,1511.594,0.926,0.745,0.103,0.275,0.461,0.128,16
$GNSS,2025-07-29T15:22:11.000Z,40.2673074,-111.6359297,1511.607,0.938,0.885,0.079,0.275,0.461,0.124,16
$GNSS,2025-07-29T15:22:11.050Z,40.2673077,-111.6359291,1511.634,0.893,0.998,-0.015,0.275,0.461,0.124,16
$GNSS,2025-07-29T15:22:11.100Z,40.2673080,-111.6359285,1511.646,0.742,1.053,-0.106,0.275,0.461,0.122,16
$GNSS,2025-07-29T15:22:11.150Z,40.2673084,-111.6359279,1511.653,0.702,1.006,-0.242,0.275,0.461,0.119,16
$GNSS,2025-07-29T15:22:11.200Z,40.2673087,-111.6359274,1511.670,0.701,0.921,-0.298,0.274,0.461,0.119,16
$GNSS,2025-07-29T15:22:11.250Z,40.2673090,-111.6359269,1511.669,0.732,0.981,-0.136,0.274,0.461,0.113,16
$GNSS,2025-07-29T15:22:11.300Z,40.2673093,-111.6359262,1511.666,0.641,1.052,-0.034,0.274,0.461,0.113,16
$GNSS,2025-07-29T15:22:11.350Z,40.2673095,-111.6359256,1511.667,0.494,1.107,0.063,0.274,0.461,0.121,16
$GNSS,2025-07-29T15:22:11.400Z,40.2673098,-111.6359249,1511.659,0.416,1.129,0.154,0.274,0.460,0.127,16
$GNSS,2025-07-29T15:22:11.450Z,40.2673101,-111.6359243,1511.648,0.306,1.152,0.168,0.274,0.460,0.132,16
$GNSS,2025-07-29T15:22:11.500Z,40.2673104,-111.6359237,1511.642,0.309,1.177,0.165,0.274,0.460,0.138,16
$GNSS,2025-07-29T15:22:11.550Z,40.2673107,-111.6359229,1511.653,0.429,1.387,0.028,0.273,0.460,0.124,16
$GNSS,2025-07-29T15:22:11.600Z,40.2673111,-111.6359222,1511.678,0.688,1.293,-0.256,0.273,0.459,0.109,16
$GNSS,2025-07-29T15:22:11.650Z,40.2673116,-111.6359218,1511.709,0.817,0.958,-0.429,0.273,0.458,0.115,16
$GNSS,2025-07-29T15:22:11.700Z,40.2673121,-111.6359214,1511.728,0.811,0.664,-0.327,0.273,0.458,0.115,16
$GNSS,2025-07-29T15:22:11.750Z,40.2673124,-111.6359212,1511.730,0.787,0.433,-0.160,0.273,0.458,0.130,16
$GNSS,2025-07-29T15:22:11.800Z,40.2673129,-111.6359209,1511.720,0.888,0.554,0.021,0.272,0.458,0.125,16
$GNSS,2025-07-29T15:22:11.850Z,40.2673133,-111.6359205,1511.708,0.860,0.660,0.115,0.272,0.458,0.122,16
$GNSS,2025-07-29T15:22:11.900Z,40.2673137,-111.6359201,1511.688,0.808,0.667,0.101,0.272,0.458,0.129,16
$GNSS,2025-07-29T15:22:11.950Z,40.2673142,-111.6359198,1511.668,0.825,0.499,0.118,0.272,0.458,0.136,16
$GNSS,2025-07-29T15:22:12.000Z,40.2673147,-111.6359196,1511.652,0.814,0.222,0.093,0.272,0.458,0.165,16
$GNSS,2025-07-29T15:22:12.050Z,40.2673151,-111.6359196,1511.638,0.736,0.119,0.125,0.271,0.458,0.186,16
$GNSS,2025-07-29T15:22:12.100Z,40.2673155,-111.6359195,1511.627,0.784,0.153,0.177,0.271,0.458,0.211,16
$GNSS,2025-07-29T15:22:12.150Z,40.2673160,-111.6359194,1511.619,0.936,0.146,0.209,0.271,0.457,0.209,16
$GNSS,2025-07-29T15:22:12.200Z,40.2673164,-111.6359193,1511.610,0.890,0.065,0.159,0.271,0.458,0.188,16
$GNSS,2025-07-29T15:22:12.250Z,40.2673169,-111.6359193,1511.603,0.948,0.013,0.184,0.271,0.458,0.187,16
$GNSS,2025-07-29T15:22:12.300Z,40.2673175,-111.6359193,1511.590,1.010,0.032,0.223,0.271,0.457,0.197,16
$GNSS,2025-07-29T15:22:12.350Z,40.2673180,-111.6359194,1511.590,1.132,-0.011,0.113,0.270,0.457,0.170,16
$GNSS,2025-07-29T15:22:12.400Z,40.2673186,-111.6359195,1511.596,1.120,-0.061,0.006,0.270,0.457,0.170,16
$GNSS,2025-07-29T15:22:12.450Z,40.2673190,-111.6359195,1511.589,0.843,-0.100,0.041,0.270,0.456,0.170,16
$GNSS,2025-07-29T15:22:12.500Z,40.2673194,-111.6359196,1511.590,0.671,0.000,0.058,0.269,0.455,0.191,16
$GNSS,2025-07-29T15:22:12.550Z,40.2673197,-111.6359196,1511.587,0.558,0.020,0.006,0.269,0.454,0.188,16
$GNSS,2025-07-29T15:22:12.600Z,40.2673199,-111.6359196,1511.587,0.529,-0.023,-0.084,0.269,0.454,0.184,16
$GNSS,2025-07-29T15:22:12.650Z,40.2673202,-111.6359197,1511.580,0.539,-0.055,-0.039,0.269,0.453,0.190,16
$GNSS,2025-07-29T15:22:12.700Z,40.2673204,-111.6359198,1511.584,0.404,-0.123,-0.103,0.269,0.453,0.187,16
$GNSS,2025-07-29T15:22:12.750Z,40.2673206,-111.6359199,1511.585,0.315,-0.185,-0.112,0.268,0.452,0.166,16
$GNSS,2025-07-29T15:22:12.800Z,40.2673207,-111.6359200,1511.584,0.146,-0.136,-0.087,0.268,0.452,0.162,16
$GNSS,2025-07-29T15:22:12.850Z,40.2673208,-111.6359201,1511.581,0.148,-0.124,-0.026,0.268,0.452,0.169,16
$GNSS,2025-07-29T15:22:12.900Z,40.2673209,-111.6359202,1511.574,0.155,-0.126,-0.042,0.268,0.451,0.168,16
$GNSS,2025-07-29T15:22:12.950Z,40.2673211,-111.6359202,1511.565,0.180,-0.106,-0.033,0.267,0.451,0.169,16
$GNSS,2025-07-29T15:22:13.000Z,40.2673212,-111.6359203,1511.567,0.155,-0.043,-0.100,0.267,0.450,0.159,16
$GNSS,2025-07-29T15:22:13.050Z,40.2673213,-111.6359203,1511.557,0.096,-0.041,-0.017,0.267,0.450,0.169,16
$GNSS,2025-07-29T15:22:13.100Z,40.2673213,-111.6359203,1511.554,-0.009,0.091,0.004,0.267,0.449,0.133,16
$GNSS,2025-07-29T15:22:13.150Z,40.2673213,-111.6359202,1511.552,0.052,0.111,-0.041,0.267,0.449,0.104,16
$GNSS,2025-07-29T15:22:13.200Z,40.2673214,-111.6359201,1511.540,0.097,0.207,-0.027,0.267,0.449,0.105,16
$GNSS,2025-07-29T15:22:13.250Z,40.2673215,-111.6359199,1511.533,0.054,0.317,-0.093,0.266,0.448,0.114,16
$GNSS,2025-07-29T15:22:13.300Z,40.2673216,-111.6359196,1511.527,0.067,0.395,-0.115,0.266,0.448,0.114,16
$GNSS,2025-07-29T15:22:13.350Z,40.2673217,-111.6359193,1511.522,0.131,0.463,-0.039,0.266,0.447,0.110,16
$GNSS,2025-07-29T15:22:13.400Z,40.2673218,-111.6359191,1511.525,0.209,0.503,-0.021,0.266,0.447,0.108,16
$GNSS,2025-07-29T15:22:13.450Z,40.2673220,-111.6359187,1511.517,0.313,0.595,0.007,0.266,0.446,0.109,16
$GNSS,2025-07-29T15:22:13.500Z,40.2673222,-111.6359183,1511.507,0.333,0.725,-0.019,0.266,0.446,0.106,16
$GNSS,2025-07-29T15:22:13.550Z,40.2673224,-111.6359178,1511.500,0.415,0.854,-0.101,0.265,0.446,0.103,16
$GNSS,2025-07-29T15:22:13.600Z,40.2673227,-111.6359174,1511.513,0.610,0.684,-0.237,0.265,0.445,0.103,16
$GNSS,2025-07-29T15:22:13.650Z,40.2673230,-111.6359170,1511.521,0.571,0.645,-0.249,0.265,0.445,0.105,16
$GNSS,2025-07-29T15:22:13.700Z,40.2673232,-111.6359167,1511.524,0.390,0.589,-0.172,0.265,0.444,0.103,16
$GNSS,2025-07-29T15:22:13.750Z,40.2673233,-111.6359163,1511.519,0.236,0.539,-0.108,0.265,0.443,0.108,16
$GNSS,2025-07-29T15:22:13.800Z,40.2673234,-111.6359160,1511.510,0.254,0.529,0.032,0.265,0.443,0.116,16
$GNSS,2025-07-29T15:22:13.850Z,40.2673236,-111.6359158,1511.511,0.285,0.455,0.019,0.265,0.443,0.114,16
$GNSS,2025-07-29T15:22:13.900Z,40.2673237,-111.6359156,1511.515,0.242,0.406,-0.083,0.265,0.442,0.104,16
$GNSS,2025-07-29T15:22:13.950Z,40.2673238,-111.6359154,1511.523,0.204,0.371,-0.183,0.265,0.442,0.109,16
$GNSS,2025-07-29T15:22:14.000Z,40.2673239,-111.6359152,1511.524,0.117,0.269,-0.118,0.265,0.441,0.110,16
$GNSS,2025-07-29T15:22:14.050Z,40.2673240,-111.6359152,1511.516,0.013,0.180,-0.021,0.265,0.440,0.119,16
$GNSS,2025-07-29T15:22:14.100Z,40.2673240,-111.6359151,1511.513,-0.084,0.121,0.041,0.265,0.439,0.171,16
$GNSS,2025-07-29T15:22:14.150Z,40.2673239,-111.6359151,1511.509,-0.238,0.119,0.043,0.265,0.438,0.187,16
$GNSS,2025-07-29T15:22:14.200Z,40.2673239,-111.6359150,1511.505,-0.239,0.108,0.058,0.265,0.436,0.185,16
$GNSS,2025-07-29T15:22:14.250Z,40.2673237,-111.6359150,1511.509,-0.334,0.033,-0.079,0.265,0.435,0.196,16
$GNSS,2025-07-29T15:22:14.300Z,40.2673236,-111.6359151,1511.509,-0.357,-0.020,-0.144,0.265,0.434,0.179,16
$GNSS,2025-07-29T15:22:14.350Z,40.2673234,-111.6359151,1511.511,-0.394,-0.088,-0.071,0.264,0.434,0.165,16
$GNSS,2025-07-29T15:22:14.400Z,40.2673233,-111.6359153,1511.507,-0.415,-0.193,0.028,0.264,0.434,0.152,16
$GNSS,2025-07-29T15:22:14.450Z,40.2673231,-111.6359155,1511.506,-0.395,-0.245,0.003,0.264,0.433,0.143,16
$GNSS,2025-07-29T15:22:14.500Z,40.2673230,-111.6359157,1511.499,-0.387,-0.287,-0.005,0.264,0.434,0.138,16
$GNSS,2025-07-29T15:22:14.550Z,40.2673228,-111.6359160,1511.498,-0.290,-0.360,0.010,0.264,0.434,0.116,16
$GNSS,2025-07-29T15:22:14.600Z,40.2673226,-111.6359162,1511.488,-0.265,-0.347,0.126,0.263,0.434,0.121,16
$GNSS,2025-07-29T15:22:14.650Z,40.2673224,-111.6359164,1511.475,-0.225,-0.292,0.164,0.263,0.434,0.136,16
$GNSS,2025-07-29T15:22:14.700Z,40.2673224,-111.6359166,1511.466,-0.182,-0.272,0.112,0.263,0.434,0.127,16
$GNSS,2025-07-29T15:22:14.750Z,40.2673223,-111.6359169,1511.463,-0.128,-0.326,0.081,0.262,0.434,0.123,16
$GNSS,2025-07-29T15:22:14.800Z,40.2673223,-111.6359172,1511.455,-0.035,-0.423,0.085,0.261,0.434,0.119,16
$GNSS,2025-07-29T15:22:14.850Z,40.2673224,-111.6359175,1511.458,0.130,-0.545,0.095,0.261,0.434,0.120,16
$GNSS,2025-07-29T15:22:14.900Z,40.2673226,-111.6359179,1511.460,0.379,-0.513,0.056,0.260,0.434,0.123,16
$GNSS,2025-07-29T15:22:14.950Z,40.2673228,-111.6359181,1511.466,0.367,-0.358,-0.024,0.259,0.434,0.117,16
$GNSS,2025-07-29T15:22:15.000Z,40.2673229,-111.6359183,1511.461,0.269,-0.154,0.085,0.259,0.434,0.128,16
$GNSS,2025-07-29T15:22:15.050Z,40.2673229,-111.6359183,1511.465,0.161,-0.025,0.083,0.258,0.434,0.145,16
$GNSS,2025-07-29T15:22:15.100Z,40.2673229,-111.6359183,1511.469,0.140,0.057,-0.046,0.258,0.435,0.158,15
$GNSS,2025-07-29T15:22:15.150Z,40.2673230,-111.6359183,1511.482,0.067,0.041,-0.172,0.258,0.435,0.207,16
$GNSS,2025-07-29T15:22:15.200Z,40.2673230,-111.6359182,1511.479,0.052,-0.004,-0.096,0.258,0.435,0.180,16
$GNSS,2025-07-29T15:22:15.250Z,40.2673230,-111.6359182,1511.475,0.027,-0.010,-0.028,0.258,0.436,0.153,16
$GNSS,2025-07-29T15:22:15.300Z,40.2673230,-111.6359182,1511.468,-0.019,0.030,0.027,0.259,0.436,0.166,16
$GNSS,2025-07-29T15:22:15.350Z,40.2673230,-111.6359181,1511.462,-0.012,0.116,0.008,0.258,0.436,0.168,16
$GNSS,2025-07-29T15:22:15.400Z,40.2673229,-111.6359180,1511.466,-0.093,0.148,-0.074,0.258,0.436,0.181,16
$GNSS,2025-07-29T15:22:15.450Z,40.2673229,-111.6359180,1511.468,-0.084,0.122,-0.089,0.258,0.436,0.201,16
$GNSS,2025-07-29T15:22:15.500Z,40.2673228,-111.6359179,1511.459,-0.054,0.072,-0.061,0.258,0.435,0.204,16
$GNSS,2025-07-29T15:22:15.550Z,40.2673228,-111.6359179,1511.445,-0.065,-0.030,-0.043,0.257,0.435,0.156,16
$GNSS,2025-07-29T15:22:15.600Z,40.2673229,-111.6359178,1511.429,0.012,-0.031,0.010,0.257,0.435,0.189,16
$GNSS,2025-07-29T15:22:15.650Z,40.2673229,-111.6359178,1511.427,-0.018,0.021,-0.063,0.257,0.435,0.211,16
$GNSS,2025-07-29T15:22:15.700Z,40.2673228,-111.6359179,1511.422,-0.064,-0.088,-0.048,0.257,0.435,0.139,16
$GNSS,2025-07-29T15:22:15.750Z,40.2673228,-111.6359180,1511.410,-0.035,-0.275,-0.016,0.256,0.435,0.138,16
$GNSS,2025-07-29T15:22:15.800Z,40.2673229,-111.6359181,1511.397,0.032,-0.275,-0.018,0.256,0.434,0.143,16
$GNSS,2025-07-29T15:22:15.850Z,40.2673229,-111.6359182,1511.385,0.038,-0.246,-0.010,0.256,0.434,0.145,16
$GNSS,2025-07-29T15:22:15.900Z,40.2673229,-111.6359184,1511.379,0.028,-0.222,-0.024,0.255,0.434,0.155,16
$GNSS,2025-07-29T15:22:15.950Z,40.2673229,-111.6359185,1511.370,-0.013,-0.293,-0.010,0.255,0.434,0.158,16
$GNSS,2025-07-29T15:22:16.000Z,40.2673229,-111.6359186,1511.360,-0.114,-0.286,0.001,0.255,0.433,0.148,16
$GNSS,2025-07-29T15:22:16.050Z,40.2673228,-111.6359188,1511.353,-0.181,-0.277,0.044,0.255,0.433,0.146,16
$GNSS,2025-07-29T15:22:16.100Z,40.2673227,-111.6359189,1511.352,-0.245,-0.251,0.017,0.255,0.433,0.155,16
$GNSS,2025-07-29T15:22:16.150Z,40.2673225,-111.6359190,1511.352,-0.218,-0.281,-0.020,0.255,0.433,0.157,16
$GNSS,2025-07-29T15:22:16.200Z,40.2673224,-111.6359191,1511.358,-0.234,-0.234,-0.085,0.255,0.433,0.165,16
$GNSS,2025-07-29T15:22:16.250Z,40.2673223,-111.6359192,1511.357,-0.185,-0.086,-0.030,0.256,0.434,0.167,16
$GNSS,2025-07-29T15:22:16.300Z,40.2673223,-111.6359193,1511.352,-0.107,-0.115,0.033,0.257,0.435,0.216,16
$GNSS,2025-07-29T15:22:16.350Z,40.2673222,-111.6359193,1511.347,-0.087,-0.037,0.031,0.258,0.436,0.200,16
$GNSS,2025-07-29T15:22:16.400Z,40.2673222,-111.6359193,1511.345,-0.086,-0.072,0.013,0.259,0.437,0.207,16
$GNSS,2025-07-29T15:22:16.450Z,40.2673221,-111.6359193,1511.348,-0.141,0.011,0.007,0.260,0.438,0.156,16
$GNSS,2025-07-29T15:22:16.500Z,40.2673221,-111.6359193,1511.347,-0.082,-0.037,0.013,0.261,0.439,0.186,16
$GNSS,2025-07-29T15:22:16.550Z,40.2673221,-111.6359193,1511.342,-0.040,0.014,0.064,0.262,0.440,0.223,16
$GNSS,2025-07-29T15:22:16.600Z,40.2673221,-111.6359192,1511.341,-0.024,0.179,0.034,0.264,0.441,0.191,16
$GNSS,2025-07-29T15:22:16.650Z,40.2673221,-111.6359192,1511.346,-0.082,0.176,0.032,0.265,0.442,0.166,16
$GNSS,2025-07-29T15:22:16.700Z,40.2673221,-111.6359190,1511.346,-0.053,0.217,0.002,0.265,0.443,0.177,16
$GNSS,2025-07-29T15:22:16.750Z,40.2673221,-111.6359189,1511.346,-0.076,0.240,0.001,0.266,0.444,0.172,16
$GNSS,2025-07-29T15:22:16.800Z,40.2673221,-111.6359188,1511.347,-0.011,0.251,0.005,0.267,0.445,0.184,16
$GNSS,2025-07-29T15:22:16.850Z,40.2673222,-111.6359186,1511.354,0.048,0.353,-0.016,0.268,0.446,0.190,16
$GNSS,2025-07-29T15:22:16.900Z,40.2673223,-111.6359185,1511.359,0.150,0.410,0.048,0.269,0.447,0.192,16
$GNSS,2025-07-29T15:22:16.950Z,40.2673224,-111.6359183,1511.363,0.148,0.442,0.053,0.270,0.448,0.192,16
$GNSS,2025-07-29T15:22:17.000Z,40.2673225,-111.6359181,1511.366,0.199,0.430,-0.021,0.271,0.449,0.200,16
$GNSS,2025-07-29T15:22:17.050Z,40.2673226,-111.6359179,1511.371,0.160,0.429,-0.001,0.272,0.450,0.191,16
$GNSS,2025-07-29T15:22:17.100Z,40.2673228,-111.6359177,1511.371,0.205,0.474,-0.009,0.272,0.451,0.189,16
$GNSS,2025-07-29T15:22:17.150Z,40.2673229,-111.6359177,1511.386,0.276,0.422,0.025,0.273,0.452,0.192,16
$GNSS,2025-07-29T15:22:17.200Z,40.2673230,-111.6359176,1511.392,0.228,0.415,0.043,0.274,0.453,0.193,16
$GNSS,2025-07-29T15:22:17.250Z,40.2673231,-111.6359174,1511.393,0.273,0.445,0.032,0.275,0.454,0.198,16
$GNSS,2025-07-29T15:22:17.300Z,40.2673233,-111.6359173,1511.403,0.303,0.404,0.012,0.276,0.455,0.200,16
$GNSS,2025-07-29T15:22:17.350Z,40.2673234,-111.6359171,1511.404,0.265,0.460,0.077,0.276,0.456,0.183,16
$GNSS,2025-07-29T15:22:17.400Z,40.2673234,-111.6359171,1511.423,0.150,0.397,0.027,0.276,0.455,0.140,16
$GNSS,2025-07-29T15:22:17.450Z,40.2673233,-111.6359171,1511.461,0.093,0.441,-0.072,0.275,0.455,0.116,16
$GNSS,2025-07-29T15:22:17.500Z,40.2673234,-111.6359169,1511.470,0.146,0.434,-0.083,0.274,0.454,0.109,16
$GNSS,2025-07-29T15:22:17.550Z,40.2673234,-111.6359168,1511.467,0.133,0.255,-0.060,0.274,0.454,0.120,16
$GNSS,2025-07-29T15:22:17.600Z,40.2673235,-111.6359168,1511.459,0.180,0.104,-0.036,0.273,0.453,0.137,16
$GNSS,2025-07-29T15:22:17.650Z,40.2673236,-111.6359167,1511.468,0.100,0.128,-0.075,0.273,0.453,0.135,16
$GNSS,2025-07-29T15:22:17.700Z,40.2673235,-111.6359167,1511.469,0.053,0.067,-0.032,0.272,0.453,0.120,16
$GNSS,2025-07-29T15:22:17.750Z,40.2673235,-111.6359167,1511.477,0.044,0.084,-0.056,0.272,0.452,0.128,16
$GNSS,2025-07-29T15:22:17.800Z,40.2673235,-111.6359167,1511.486,0.052,0.072,-0.052,0.272,0.452,0.131,16
$GNSS,2025-07-29T15:22:17.850Z,40.2673234,-111.6359167,1511.496,0.087,0.029,-0.037,0.271,0.452,0.139,16
$GNSS,2025-07-29T15:22:17.900Z,40.2673234,-111.6359167,1511.498,0.026,0.075,0.051,0.271,0.451,0.162,16
$GNSS,2025-07-29T15:22:17.950Z,40.2673234,-111.6359167,1511.500,0.000,0.135,0.000,0.271,0.451,0.117,16
$GNSS,2025-07-29T15:22:18.000Z,40.2673235,-111.6359166,1511.508,0.095,0.214,-0.185,0.270,0.451,0.128,16
$GNSS,2025-07-29T15:22:18.050Z,40.2673235,-111.6359164,1511.521,0.132,0.309,-0.252,0.269,0.450,0.131,16
$GNSS,2025-07-29T15:22:18.100Z,40.2673236,-111.6359163,1511.529,0.143,0.245,-0.179,0.269,0.450,0.120,15
$GNSS,2025-07-29T15:22:18.150Z,40.2673236,-111.6359162,1511.527,0.066,0.154,-0.042,0.268,0.450,0.105,15
$GNSS,2025-07-29T15:22:18.200Z,40.2673236,-111.6359163,1511.527,0.039,-0.008,-0.104,0.267,0.449,0.197,16
$GNSS,2025-07-29T15:22:18.250Z,40.2673236,-111.6359162,1511.526,-0.002,0.068,-0.072,0.270,0.451,0.149,16
$GNSS,2025-07-29T15:22:18.300Z,40.2673236,-111.6359163,1511.523,-0.059,0.002,-0.130,0.270,0.451,0.194,16
$GNSS,2025-07-29T15:22:18.350Z,40.2673236,-111.6359163,1511.524,-0.068,0.062,-0.061,0.269,0.450,0.150,16
$GNSS,2025-07-29T15:22:18.400Z,40.2673235,-111.6359163,1511.535,-0.045,0.110,-0.094,0.269,0.450,0.144,16
$GNSS,2025-07-29T15:22:18.450Z,40.2673235,-111.6359164,1511.538,-0.003,0.019,-0.087,0.269,0.450,0.184,16
$GNSS,2025-07-29T15:22:18.500Z,40.2673235,-111.6359165,1511.534,0.026,-0.103,-0.089,0.268,0.449,0.204,16
$GNSS,2025-07-29T15:22:18.550Z,40.2673236,-111.6359165,1511.533,0.100,-0.041,-0.041,0.268,0.449,0.164,16
$GNSS,2025-07-29T15:22:18.600Z,40.2673236,-111.6359166,1511.544,0.061,-0.038,-0.110,0.268,0.449,0.203,16
$GNSS,2025-07-29T15:22:18.650Z,40.2673236,-111.6359166,1511.540,0.057,-0.015,0.018,0.268,0.448,0.137,16
$GNSS,2025-07-29T15:22:18.700Z,40.2673236,-111.6359166,1511.535,-0.036,0.005,-0.060,0.268,0.448,0.180,16
$GNSS,2025-07-29T15:22:18.750Z,40.2673237,-111.6359167,1511.539,0.012,-0.041,-0.161,0.267,0.448,0.211,16
$GNSS,2025-07-29T15:22:18.800Z,40.2673237,-111.6359167,1511.537,-0.021,-0.052,-0.079,0.267,0.447,0.199,16
$GNSS,2025-07-29T15:22:18.850Z,40.2673238,-111.6359168,1511.543,-0.090,-0.079,-0.047,0.267,0.447,0.150,16
$GNSS,2025-07-29T15:22:18.900Z,40.2673238,-111.6359169,1511.552,-0.046,-0.086,-0.014,0.267,0.446,0.152,16
$GNSS,2025-07-29T15:22:18.950Z,40.2673238,-111.6359170,1511.554,-0.094,-0.055,-0.008,0.267,0.446,0.122,16
$GNSS,2025-07-29T15:22:19.000Z,40.2673239,-111.6359170,1511.562,-0.111,-0.013,-0.125,0.267,0.445,0.168,16
$GNSS,2025-07-29T15:22:19.050Z,40.2673239,-111.6359172,1511.577,-0.100,-0.114,-0.071,0.267,0.445,0.165,16
$GNSS,2025-07-29T15:22:19.100Z,40.2673239,-111.6359173,1511.596,-0.124,-0.121,0.009,0.267,0.445,0.126,16
$GNSS,2025-07-29T15:22:19.150Z,40.2673240,-111.6359175,1511.620,-0.166,-0.144,0.022,0.268,0.445,0.122,16
$GNSS,2025-07-29T15:22:19.200Z,40.2673240,-111.6359177,1511.643,-0.224,-0.145,-0.016,0.268,0.444,0.126,16
$GNSS,2025-07-29T15:22:19.250Z,40.2673240,-111.6359179,1511.663,-0.195,-0.153,0.008,0.268,0.444,0.121,16
$GNSS,2025-07-29T15:22:19.300Z,40.2673240,-111.6359180,1511.687,-0.123,-0.124,0.010,0.267,0.444,0.118,16
$GNSS,2025-07-29T15:22:19.350Z,40.2673241,-111.6359182,1511.712,-0.039,-0.162,-0.014,0.267,0.443,0.150,16
$GNSS,2025-07-29T15:22:19.400Z,40.2673241,-111.6359184,1511.729,-0.014,-0.140,-0.025,0.267,0.443,0.159,16
$GNSS,2025-07-29T15:22:19.450Z,40.2673241,-111.6359186,1511.745,-0.009,-0.217,-0.023,0.267,0.443,0.154,16
$GNSS,2025-07-29T15:22:19.500Z,40.2673242,-111.6359188,1511.757,0.004,-0.232,-0.017,0.267,0.443,0.153,16
$GNSS,2025-07-29T15:22:19.550Z,40.2673243,-111.6359191,1511.775,0.079,-0.317,-0.013,0.266,0.443,0.157,16
$GNSS,2025-07-29T15:22:19.600Z,40.2673243,-111.6359193,1511.791,0.117,-0.282,0.028,0.266,0.442,0.143,16
$GNSS,2025-07-29T15:22:19.650Z,40.2673244,-111.6359194,1511.801,0.120,-0.037,0.078,0.266,0.442,0.155,16
$GNSS,2025-07-29T15:22:19.700Z,40.2673245,-111.6359195,1511.816,0.144,-0.042,0.026,0.266,0.442,0.146,16
$GNSS,2025-07-29T15:22:19.750Z,40.2673245,-111.6359196,1511.834,0.150,-0.005,-0.044,0.265,0.442,0.147,16
$GNSS,2025-07-29T15:22:19.800Z,40.2673246,-111.6359197,1511.848,0.111,-0.022,-0.072,0.265,0.442,0.165,16
$GNSS,2025-07-29T15:22:19.850Z,40.2673247,-111.6359198,1511.864,0.152,-0.141,-0.054,0.265,0.442,0.166,16
$GNSS,2025-07-29T15:22:19.900Z,40.2673249,-111.6359200,1511.877,0.205,-0.243,-0.044,0.265,0.442,0.159,16
$GNSS,2025-07-29T15:22:19.950Z,40.2673250,-111.6359202,1511.864,0.144,-0.262,0.076,0.265,0.442,0.148,16
$GNSS,2025-07-29T15:22:20.000Z,40.2673251,-111.6359203,1511.872,0.084,-0.206,0.053,0.265,0.442,0.142,16
$GNSS,2025-07-29T15:22:20.050Z,40.2673251,-111.6359205,1511.884,0.111,-0.203,0.043,0.265,0.442,0.147,16
$GNSS,2025-07-29T15:22:20.100Z,40.2673252,-111.6359205,1511.873,0.164,-0.132,0.110,0.265,0.443,0.185,16
$GNSS,2025-07-29T15:22:20.150Z,40.2673253,-111.6359206,1511.873,0.135,-0.083,0.087,0.265,0.443,0.199,16
$GNSS,2025-07-29T15:22:20.200Z,40.2673253,-111.6359206,1511.869,-0.011,-0.060,0.039,0.265,0.442,0.119,16
$GNSS,2025-07-29T15:22:20.250Z,40.2673253,-111.6359207,1511.860,-0.064,-0.087,0.021,0.265,0.441,0.112,16
$GNSS,2025-07-29T15:22:20.300Z,40.2673254,-111.6359208,1511.851,0.095,-0.131,0.054,0.265,0.440,0.175,16
$GNSS,2025-07-29T15:22:20.350Z,40.2673255,-111.6359208,1511.845,0.080,-0.142,0.030,0.266,0.439,0.164,16
$GNSS,2025-07-29T15:22:20.400Z,40.2673256,-111.6359209,1511.841,0.074,-0.105,-0.013,0.266,0.438,0.163,16
$GNSS,2025-07-29T15:22:20.450Z,40.2673256,-111.6359208,1511.826,-0.042,-0.044,0.012,0.266,0.437,0.124,16
$GNSS,2025-07-29T15:22:20.500Z,40.2673256,-111.6359209,1511.813,-0.025,-0.128,0.033,0.266,0.437,0.108,16
$GNSS,2025-07-29T15:22:20.550Z,40.2673256,-111.6359209,1511.812,-0.016,-0.204,0.043,0.266,0.436,0.107,16
$GNSS,2025-07-29T15:22:20.600Z,40.2673256,-111.6359210,1511.815,-0.058,-0.093,0.050,0.266,0.436,0.113,16
$GNSS,2025-07-29T15:22:20.650Z,40.2673255,-111.6359210,1511.807,-0.112,-0.063,0.018,0.266,0.435,0.168,16
$GNSS,2025-07-29T15:22:20.700Z,40.2673255,-111.6359209,1511.801,-0.179,-0.038,-0.022,0.266,0.434,0.215,16
$GNSS,2025-07-29T15:22:20.750Z,40.2673254,-111.6359209,1511.789,-0.280,-0.084,-0.087,0.267,0.433,0.221,16
$GNSS,2025-07-29T15:22:20.800Z,40.2673254,-111.6359209,1511.772,-0.198,-0.127,-0.062,0.267,0.433,0.200,16
$GNSS,2025-07-29T15:22:20.850Z,40.2673254,-111.6359209,1511.759,-0.085,-0.071,0.030,0.267,0.432,0.150,16
$GNSS,2025-07-29T15:22:20.900Z,40.2673254,-111.6359208,1511.753,0.006,-0.005,0.042,0.267,0.431,0.198,16
$GNSS,2025-07-29T15:22:20.950Z,40.2673254,-111.6359208,1511.746,-0.050,-0.007,-0.045,0.268,0.431,0.239,16
$GNSS,2025-07-29T15:22:21.000Z,40.2673255,-111.6359208,1511.738,-0.076,-0.064,-0.097,0.268,0.430,0.213,16
$GNSS,2025-07-29T15:22:21.050Z,40.2673255,-111.6359208,1511.720,0.001,-0.135,0.065,0.268,0.429,0.126,16
$GNSS,2025-07-29T15:22:21.100Z,40.2673256,-111.6359208,1511.706,-0.022,0.026,0.109,0.269,0.429,0.168,16
$GNSS,2025-07-29T15:22:21.150Z,40.2673255,-111.6359206,1511.702,-0.145,0.163,-0.014,0.269,0.428,0.189,16
$GNSS,2025-07-29T15:22:21.200Z,40.2673256,-111.6359205,1511.690,-0.045,0.118,-0.102,0.269,0.428,0.171,16
$GNSS,2025-07-29T15:22:21.250Z,40.2673257,-111.6359204,1511.682,0.114,0.095,-0.123,0.270,0.427,0.132,16
$GNSS,2025-07-29T15:22:21.300Z,40.2673258,-111.6359203,1511.672,0.124,0.034,-0.013,0.270,0.427,0.203,16
$GNSS,2025-07-29T15:22:21.350Z,40.2673259,-111.6359203,1511.654,0.089,-0.039,0.152,0.270,0.426,0.211,16
$GNSS,2025-07-29T15:22:21.400Z,40.2673260,-111.6359203,1511.643,0.109,-0.079,0.098,0.271,0.426,0.221,16
$GNSS,2025-07-29T15:22:21.450Z,40.2673260,-111.6359203,1511.631,-0.007,0.060,-0.035,0.271,0.425,0.140,16
$GNSS,2025-07-29T15:22:21.500Z,40.2673261,-111.6359202,1511.615,0.021,0.059,-0.098,0.271,0.425,0.143,16
$GNSS,2025-07-29T15:22:21.550Z,40.2673262,-111.6359201,1511.600,-0.002,0.063,-0.083,0.272,0.424,0.156,16
$GNSS,2025-07-29T15:22:21.600Z,40.2673263,-111.6359201,1511.590,0.111,-0.012,0.013,0.272,0.424,0.231,16
$GNSS,2025-07-29T15:22:21.650Z,40.2673264,-111.6359200,1511.573,0.086,-0.011,0.093,0.272,0.423,0.240,16
$GNSS,2025-07-29T15:22:21.700Z,40.2673264,-111.6359200,1511.560,-0.018,0.032,0.077,0.273,0.423,0.167,16
$GNSS,2025-07-29T15:22:21.750Z,40.2673265,-111.6359199,1511.549,0.056,0.041,0.061,0.273,0.422,0.221,16
$GNSS,2025-07-29T15:22:21.800Z,40.2673266,-111.6359199,1511.540,0.082,0.059,-0.003,0.273,0.422,0.182,16
$GNSS,2025-07-29T15:22:21.850Z,40.2673266,-111.6359198,1511.529,0.017,0.068,0.024,0.274,0.421,0.143,16
$GNSS,2025-07-29T15:22:21.900Z,40.2673267,-111.6359198,1511.519,-0.041,-0.035,-0.018,0.274,0.421,0.199,16
$GNSS,2025-07-29T15:22:21.950Z,40.2673267,-111.6359198,1511.513,0.014,-0.054,0.017,0.274,0.421,0.146,16
$GNSS,2025-07-29T15:22:22.000Z,40.2673268,-111.6359198,1511.498,0.024,-0.014,0.137,0.275,0.420,0.198,16
$GNSS,2025-07-29T15:22:22.050Z,40.2673268,-111.6359197,1511.485,0.037,0.032,0.086,0.275,0.420,0.213,16
$GNSS,2025-07-29T15:22:22.100Z,40.2673269,-111.6359197,1511.480,0.057,0.017,-0.006,0.275,0.420,0.205,16
$GNSS,2025-07-29T15:22:22.150Z,40.2673270,-111.6359197,1511.464,0.023,-0.007,-0.024,0.275,0.419,0.166,16
$GNSS,2025-07-29T15:22:22.200Z,40.2673271,-111.6359198,1511.449,0.035,-0.141,0.042,0.276,0.418,0.150,16
$GNSS,2025-07-29T15:22:22.250Z,40.2673271,-111.6359198,1511.445,-0.045,-0.077,0.080,0.276,0.418,0.121,16
$GNSS,2025-07-29T15:22:22.300Z,40.2673271,-111.6359198,1511.442,0.022,0.051,0.065,0.276,0.417,0.167,16
$GNSS,2025-07-29T15:22:22.350Z,40.2673271,-111.6359198,1511.442,0.023,0.018,0.055,0.276,0.417,0.201,16
$GNSS,2025-07-29T15:22:22.400Z,40.2673272,-111.6359198,1511.438,0.086,-0.007,0.006,0.276,0.416,0.192,16
$GNSS,2025-07-29T15:22:22.450Z,40.2673273,-111.6359198,1511.426,0.068,-0.002,-0.006,0.276,0.416,0.182,16
$GNSS,2025-07-29T15:22:22.500Z,40.2673273,-111.6359198,1511.419,-0.001,-0.056,-0.001,0.276,0.415,0.119,16
$GNSS,2025-07-29T15:22:22.550Z,40.2673273,-111.6359199,1511.412,-0.024,-0.124,0.053,0.276,0.415,0.111,16
$GNSS,2025-07-29T15:22:22.600Z,40.2673273,-111.6359198,1511.401,-0.062,0.043,0.006,0.276,0.414,0.175,16
$GNSS,2025-07-29T15:22:22.650Z,40.2673273,-111.6359198,1511.393,0.013,0.063,-0.073,0.276,0.413,0.137,16
$GNSS,2025-07-29T15:22:22.700Z,40.2673274,-111.6359197,1511.392,0.110,0.050,-0.105,0.276,0.413,0.143,16
$GNSS,2025-07-29T15:22:22.750Z,40.2673275,-111.6359198,1511.381,0.131,-0.127,-0.010,0.276,0.412,0.173,16
$GNSS,2025-07-29T15:22:22.800Z,40.2673276,-111.6359198,1511.370,-0.008,-0.133,0.070,0.276,0.411,0.123,16
$GNSS,2025-07-29T15:22:22.850Z,40.2673276,-111.6359199,1511.359,0.012,-0.136,0.116,0.276,0.411,0.141,16
$GNSS,2025-07-29T15:22:22.900Z,40.2673277,-111.6359199,1511.354,0.044,-0.051,0.088,0.276,0.410,0.182,16
$GNSS,2025-07-29T15:22:22.950Z,40.2673278,-111.6359198,1511.349,0.054,0.050,0.048,0.276,0.410,0.177,16
$GNSS,2025-07-29T15:22:23.000Z,40.2673279,-111.6359198,1511.340,0.229,0.037,0.016,0.276,0.409,0.186,16
$GNSS,2025-07-29T15:22:23.050Z,40.2673280,-111.6359197,1511.333,0.188,0.066,-0.046,0.276,0.408,0.162,16
$GNSS,2025-07-29T15:22:23.100Z,40.2673280,-111.6359197,1511.330,-0.071,0.047,-0.051,0.276,0.408,0.197,16
$GNSS,2025-07-29T15:22:23.150Z,40.2673280,-111.6359196,1511.325,-0.075,0.069,0.012,0.276,0.407,0.176,16
$GNSS,2025-07-29T15:22:23.200Z,40.2673281,-111.6359195,1511.315,0.002,0.198,0.060,0.276,0.407,0.137,16
$GNSS,2025-07-29T15:22:23.250Z,40.2673281,-111.6359193,1511.307,0.011,0.215,-0.032,0.276,0.406,0.120,16
$GNSS,2025-07-29T15:22:23.300Z,40.2673281,-111.6359192,1511.303,-0.193,0.178,-0.062,0.276,0.406,0.165,16
$GNSS,2025-07-29T15:22:23.350Z,40.2673280,-111.6359192,1511.306,-0.200,0.001,-0.004,0.276,0.406,0.159,16
$GNSS,2025-07-29T15:22:23.400Z,40.2673280,-111.6359192,1511.302,-0.132,-0.069,-0.003,0.276,0.406,0.132,16
$GNSS,2025-07-29T15:22:23.450Z,40.2673279,-111.6359192,1511.297,-0.176,0.032,0.068,0.276,0.405,0.156,16
$GNSS,2025-07-29T15:22:23.500Z,40.2673279,-111.6359191,1511.290,-0.225,0.107,0.066,0.276,0.405,0.177,16
$GNSS,2025-07-29T15:22:23.550Z,40.2673278,-111.6359190,1511.290,-0.287,0.118,-0.053,0.275,0.405,0.183,16
$GNSS,2025-07-29T15:22:23.600Z,40.2673277,-111.6359189,1511.290,-0.284,0.059,-0.137,0.275,0.405,0.181,16
$GNSS,2025-07-29T15:22:23.650Z,40.2673276,-111.6359189,1511.298,-0.179,-0.045,-0.053,0.275,0.405,0.157,16
$GNSS,2025-07-29T15:22:23.700Z,40.2673276,-111.6359189,1511.305,-0.141,-0.095,-0.011,0.275,0.405,0.128,16
$GNSS,2025-07-29T15:22:23.750Z,40.2673275,-111.6359188,1511.314,-0.159,-0.079,-0.053,0.274,0.405,0.145,16
$GNSS,2025-07-29T15:22:23.800Z,40.2673275,-111.6359188,1511.321,-0.210,-0.028,-0.063,0.274,0.405,0.157,16
$GNSS,2025-07-29T15:22:23.850Z,40.2673274,-111.6359187,1511.328,-0.248,-0.050,-0.011,0.273,0.406,0.145,16
$GNSS,2025-07-29T15:22:23.900Z,40.2673274,-111.6359187,1511.337,-0.196,-0.089,0.002,0.273,0.406,0.132,16
$GNSS,2025-07-29T15:22:23.950Z,40.2673273,-111.6359187,1511.345,-0.174,-0.136,0.042,0.273,0.406,0.119,16
$GNSS,2025-07-29T15:22:24.000Z,40.2673273,-111.6359188,1511.356,-0.036,-0.187,0.004,0.272,0.406,0.120,16
$GNSS,2025-07-29T15:22:24.050Z,40.2673273,-111.6359188,1511.368,-0.005,-0.101,-0.002,0.272,0.406,0.133,16
$GNSS,2025-07-29T15:22:24.100Z,40.2673273,-111.6359187,1511.376,-0.057,0.009,0.008,0.272,0.406,0.168,16
$GNSS,2025-07-29T15:22:24.150Z,40.2673272,-111.6359186,1511.382,-0.146,0.010,-0.018,0.271,0.407,0.155,16
$GNSS,2025-07-29T15:22:24.200Z,40.2673272,-111.6359185,1511.386,-0.156,-0.034,-0.088,0.271,0.407,0.155,16
$GNSS,2025-07-29T15:22:24.250Z,40.2673272,-111.6359186,1511.406,-0.073,-0.122,-0.162,0.271,0.407,0.191,16
$GNSS,2025-07-29T15:22:24.300Z,40.2673272,-111.6359186,1511.417,-0.005,-0.099,-0.161,0.271,0.407,0.214,16
$GNSS,2025-07-29T15:22:24.350Z,40.2673271,-111.6359186,1511.434,0.027,-0.107,-0.091,0.271,0.407,0.201,16
$GNSS,2025-07-29T15:22:24.400Z,40.2673271,-111.6359186,1511.443,0.002,-0.099,-0.072,0.271,0.407,0.191,16
$GNSS,2025-07-29T15:22:24.450Z,40.2673271,-111.6359186,1511.455,0.026,-0.089,-0.116,0.270,0.408,0.214,16
$GNSS,2025-07-29T15:22:24.500Z,40.2673271,-111.6359186,1511.473,0.221,-0.092,-0.126,0.270,0.408,0.188,16
$GNSS,2025-07-29T15:22:24.550Z,40.2673271,-111.6359187,1511.488,0.178,-0.061,-0.154,0.270,0.408,0.189,16
$GNSS,2025-07-29T15:22:24.600Z,40.2673271,-111.6359188,1511.480,0.014,-0.354,-0.012,0.270,0.409,0.138,16
$GNSS,2025-07-29T15:22:24.650Z,40.2673270,-111.6359191,1511.482,0.002,-0.422,0.143,0.270,0.409,0.126,16
$GNSS,2025-07-29T15:22:24.700Z,40.2673271,-111.6359192,1511.488,0.342,-0.193,0.191,0.270,0.410,0.176,16
$GNSS,2025-07-29T15:22:24.750Z,40.2673273,-111.6359191,1511.479,0.382,0.043,0.132,0.270,0.410,0.169,16
$GNSS,2025-07-29T15:22:24.800Z,40.2673274,-111.6359191,1511.464,0.114,-0.007,0.030,0.270,0.410,0.191,16
$GNSS,2025-07-29T15:22:24.850Z,40.2673275,-111.6359193,1511.439,0.144,-0.279,0.170,0.270,0.411,0.177,16
$GNSS,2025-07-29T15:22:24.900Z,40.2673275,-111.6359195,1511.408,0.128,-0.302,0.445,0.271,0.411,0.187,16
$GNSS,2025-07-29T15:22:24.950Z,40.2673277,-111.6359196,1511.388,0.249,-0.214,0.437,0.270,0.411,0.209,16
$GNSS,2025-07-29T15:22:25.000Z,40.2673279,-111.6359197,1511.373,0.321,-0.079,0.301,0.270,0.411,0.220,16
$GNSS,2025-07-29T15:22:25.050Z,40.2673279,-111.6359198,1511.390,0.114,0.110,0.011,0.270,0.411,0.121,16
$GNSS,2025-07-29T15:22:25.100Z,40.2673279,-111.6359198,1511.392,-0.103,0.032,-0.109,0.269,0.411,0.216,16
$GNSS,2025-07-29T15:22:25.150Z,40.2673281,-111.6359198,1511.398,0.080,0.058,-0.193,0.269,0.412,0.191,16
$GNSS,2025-07-29T15:22:25.200Z,40.2673286,-111.6359199,1511.401,0.932,0.022,-0.238,0.269,0.412,0.147,16
$GNSS,2025-07-29T15:22:25.250Z,40.2673294,-111.6359199,1511.419,1.560,-0.113,-0.338,0.269,0.412,0.151,16
$GNSS,2025-07-29T15:22:25.300Z,40.2673302,-111.6359199,1511.431,1.860,0.004,-0.086,0.269,0.413,0.144,16
$GNSS,2025-07-29T15:22:25.350Z,40.2673311,-111.6359198,1511.413,2.015,0.207,0.448,0.268,0.413,0.150,16
$GNSS,2025-07-29T15:22:25.400Z,40.2673320,-111.6359195,1511.266,1.630,0.192,1.391,0.268,0.413,0.207,16
$GNSS,2025-07-29T15:22:25.450Z,40.2673326,-111.6359200,1511.193,1.017,-0.736,0.907,0.269,0.414,0.381,16
$GNSS,2025-07-29T15:22:25.500Z,40.2673327,-111.6359201,1511.132,0.117,-0.522,0.836,0.268,0.414,0.474,16
$GNSS,2025-07-29T15:22:25.550Z,40.2673327,-111.6359199,1511.089,-0.298,0.302,0.771,0.268,0.414,0.553,16
$GNSS,2025-07-29T15:22:25.600Z,40.2673327,-111.6359196,1511.080,-0.051,0.411,0.627,0.268,0.415,0.563,16
$GNSS,2025-07-29T15:22:25.650Z,40.2673328,-111.6359197,1511.124,0.274,0.046,0.059,0.268,0.414,0.248,16
$GNSS,2025-07-29T15:22:25.700Z,40.2673330,-111.6359200,1511.155,0.269,-0.530,-0.210,0.267,0.415,0.318,15
$GNSS,2025-07-29T15:22:25.750Z,40.2673331,-111.6359200,1511.153,0.094,-0.167,-0.168,0.267,0.415,0.306,16
$GNSS,2025-07-29T15:22:25.800Z,40.2673331,-111.6359198,1511.143,-0.107,0.254,-0.048,0.267,0.415,0.173,16
$GNSS,2025-07-29T15:22:25.850Z,40.2673331,-111.6359196,1511.145,-0.126,0.263,-0.051,0.267,0.415,0.157,15
$GNSS,2025-07-29T15:22:25.900Z,40.2673330,-111.6359196,1511.165,-0.152,-0.034,-0.208,0.267,0.416,0.272,15
$GNSS,2025-07-29T15:22:25.950Z,40.2673330,-111.6359195,1511.161,-0.138,0.240,-0.108,0.266,0.416,0.165,16
$GNSS,2025-07-29T15:22:26.000Z,40.2673329,-111.6359194,1511.168,-0.071,0.090,-0.121,0.266,0.417,0.228,16
$GNSS,2025-07-29T15:22:26.050Z,40.2673329,-111.6359196,1511.196,-0.194,-0.383,-0.274,0.266,0.417,0.220,16
$GNSS,2025-07-29T15:22:26.100Z,40.2673328,-111.6359195,1511.216,-0.236,-0.021,-0.340,0.266,0.418,0.265,16
$GNSS,2025-07-29T15:22:26.150Z,40.2673328,-111.6359194,1511.211,-0.091,0.132,-0.173,0.266,0.418,0.224,16
$GNSS,2025-07-29T15:22:26.200Z,40.2673328,-111.6359192,1511.206,-0.090,0.138,-0.088,0.266,0.418,0.182,16
$GNSS,2025-07-29T15:22:26.250Z,40.2673328,-111.6359190,1511.205,-0.143,0.246,-0.067,0.266,0.419,0.158,16
$GNSS,2025-07-29T15:22:26.300Z,40.2673327,-111.6359189,1511.203,-0.331,0.099,0.006,0.266,0.420,0.140,16
$GNSS,2025-07-29T15:22:26.350Z,40.2673326,-111.6359189,1511.192,-0.344,-0.139,0.119,0.265,0.420,0.124,16
$GNSS,2025-07-29T15:22:26.400Z,40.2673326,-111.6359190,1511.189,-0.288,-0.214,0.040,0.265,0.421,0.117,16
$GNSS,2025-07-29T15:22:26.450Z,40.2673326,-111.6359191,1511.192,-0.179,-0.143,-0.085,0.265,0.421,0.156,16
$GNSS,2025-07-29T15:22:26.500Z,40.2673327,-111.6359191,1511.184,-0.093,-0.033,-0.028,0.264,0.421,0.143,16
$GNSS,2025-07-29T15:22:26.550Z,40.2673328,-111.6359190,1511.181,-0.056,0.012,-0.007,0.264,0.421,0.138,16
$GNSS,2025-07-29T15:22:26.600Z,40.2673328,-111.6359188,1511.189,-0.023,0.179,-0.065,0.264,0.420,0.149,16
$GNSS,2025-07-29T15:22:26.650Z,40.2673328,-111.6359187,1511.182,-0.022,0.201,0.000,0.263,0.420,0.131,16
$GNSS,2025-07-29T15:22:26.700Z,40.2673329,-111.6359185,1511.173,0.017,0.086,0.034,0.263,0.421,0.151,16
$GNSS,2025-07-29T15:22:26.750Z,40.2673329,-111.6359184,1511.158,0.037,0.090,0.073,0.263,0.421,0.187,16
$GNSS,2025-07-29T15:22:26.800Z,40.2673330,-111.6359182,1511.146,0.069,0.276,0.068,0.262,0.421,0.134,16
$GNSS,2025-07-29T15:22:26.850Z,40.2673330,-111.6359179,1511.137,0.074,0.380,0.053,0.262,0.421,0.127,16
$GNSS,2025-07-29T15:22:26.900Z,40.2673331,-111.6359176,1511.137,0.041,0.305,-0.041,0.262,0.421,0.125,16
$GNSS,2025-07-29T15:22:26.950Z,40.2673331,-111.6359174,1511.139,0.065,0.264,-0.076,0.262,0.421,0.131,16
$GNSS,2025-07-29T15:22:27.000Z,40.2673332,-111.6359171,1511.150,0.060,0.309,-0.168,0.261,0.420,0.155,16
$GNSS,2025-07-29T15:22:27.050Z,40.2673332,-111.6359169,1511.160,0.055,0.327,-0.154,0.261,0.420,0.142,16
$GNSS,2025-07-29T15:22:27.100Z,40.2673332,-111.6359166,1511.147,0.031,0.458,-0.078,0.262,0.421,0.130,16
$GNSS,2025-07-29T15:22:27.150Z,40.2673331,-111.6359162,1511.140,-0.198,0.595,-0.064,0.262,0.421,0.133,16
$GNSS,2025-07-29T15:22:27.200Z,40.2673329,-111.6359160,1511.130,-0.421,0.395,-0.006,0.262,0.421,0.165,16
$GNSS,2025-07-29T15:22:27.250Z,40.2673327,-111.6359158,1511.077,-0.433,0.172,0.514,0.262,0.421,0.204,16
$GNSS,2025-07-29T15:22:27.300Z,40.2673324,-111.6359158,1511.078,-0.516,0.172,0.246,0.262,0.421,0.195,16
$GNSS,2025-07-29T15:22:27.350Z,40.2673321,-111.6359159,1511.106,-0.700,-0.187,-0.055,0.263,0.421,0.210,16
$GNSS,2025-07-29T15:22:27.400Z,40.2673318,-111.6359160,1511.141,-0.758,-0.132,-0.348,0.263,0.421,0.215,15
$GNSS,2025-07-29T15:22:27.450Z,40.2673317,-111.6359160,1511.132,-0.444,-0.013,-0.107,0.263,0.421,0.206,15
$GNSS,2025-07-29T15:22:27.500Z,40.2673317,-111.6359161,1511.122,-0.133,-0.103,-0.053,0.264,0.422,0.191,16
$GNSS,2025-07-29T15:22:27.550Z,40.2673316,-111.6359160,1511.106,-0.217,-0.027,0.040,0.264,0.422,0.211,16
$GNSS,2025-07-29T15:22:27.600Z,40.2673314,-111.6359161,1511.077,-0.318,-0.142,0.208,0.264,0.422,0.183,16
$GNSS,2025-07-29T15:22:27.650Z,40.2673313,-111.6359162,1511.053,-0.360,-0.244,0.267,0.265,0.423,0.178,16
$GNSS,2025-07-29T15:22:27.700Z,40.2673312,-111.6359162,1511.053,-0.309,0.006,0.120,0.265,0.423,0.217,16
$GNSS,2025-07-29T15:22:27.750Z,40.2673310,-111.6359164,1511.068,-0.328,-0.236,-0.030,0.266,0.423,0.193,16
$GNSS,2025-07-29T15:22:27.800Z,40.2673311,-111.6359165,1511.030,0.081,-0.205,0.321,0.266,0.424,0.227,16
$GNSS,2025-07-29T15:22:27.850Z,40.2673311,-111.6359165,1511.001,0.006,-0.030,0.357,0.266,0.425,0.267,16
$GNSS,2025-07-29T15:22:27.900Z,40.2673311,-111.6359165,1510.986,-0.101,-0.064,0.228,0.266,0.425,0.234,16
$GNSS,2025-07-29T15:22:27.950Z,40.2673311,-111.6359166,1510.977,0.047,-0.017,0.131,0.267,0.425,0.254,16
$GNSS,2025-07-29T15:22:28.000Z,40.2673312,-111.6359166,1510.978,0.131,0.003,0.055,0.267,0.425,0.226,16
$GNSS,2025-07-29T15:22:28.050Z,40.2673312,-111.6359166,1510.966,-0.065,-0.026,0.100,0.267,0.426,0.232,16
$GNSS,2025-07-29T15:22:28.100Z,40.2673312,-111.6359166,1510.965,-0.078,-0.050,0.068,0.268,0.427,0.207,16
$GNSS,2025-07-29T15:22:28.150Z,40.2673312,-111.6359168,1510.954,-0.014,-0.232,0.086,0.269,0.428,0.163,16
$GNSS,2025-07-29T15:22:28.200Z,40.2673313,-111.6359168,1510.939,-0.003,-0.095,0.102,0.269,0.428,0.195,16
$GNSS,2025-07-29T15:22:28.250Z,40.2673313,-111.6359168,1510.940,0.051,0.016,-0.020,0.269,0.427,0.180,16
$GNSS,2025-07-29T15:22:28.300Z,40.2673314,-111.6359168,1510.927,0.028,0.029,0.028,0.269,0.427,0.189,16
$GNSS,2025-07-29T15:22:28.350Z,40.2673314,-111.6359168,1510.910,-0.086,0.079,0.079,0.269,0.427,0.210,16
$GNSS,2025-07-29T15:22:28.400Z,40.2673315,-111.6359169,1510.898,0.058,-0.108,0.051,0.270,0.427,0.188,16
$GNSS,2025-07-29T15:22:28.450Z,40.2673315,-111.6359169,1510.895,0.044,-0.040,0.007,0.270,0.427,0.202,16
$GNSS,2025-07-29T15:22:28.500Z,40.2673316,-111.6359169,1510.886,0.004,0.013,0.002,0.270,0.427,0.152,16
$GNSS,2025-07-29T15:22:28.550Z,40.2673316,-111.6359169,1510.875,-0.053,0.038,0.044,0.270,0.428,0.201,16
$GNSS,2025-07-29T15:22:28.600Z,40.2673316,-111.6359169,1510.864,-0.048,0.040,0.094,0.271,0.428,0.216,16
$GNSS,2025-07-29T15:22:28.650Z,40.2673317,-111.6359169,1510.855,-0.002,-0.064,0.049,0.271,0.428,0.165,16
$GNSS,2025-07-29T15:22:28.700Z,40.2673317,-111.6359169,1510.846,-0.029,-0.009,0.043,0.271,0.428,0.189,16
$GNSS,2025-07-29T15:22:28.800Z,40.2673317,-111.6359169,1510.833,-0.035,0.005,0.029,0.272,0.429,0.212,16
$GNSS,2025-07-29T15:22:28.850Z,40.2673318,-111.6359169,1510.828,0.051,-0.014,0.033,0.273,0.429,0.204,16
$GNSS,2025-07-29T15:22:28.900Z,40.2673318,-111.6359169,1510.813,-0.014,-0.008,0.009,0.273,0.429,0.149,16
$GNSS,2025-07-29T15:22:28.950Z,40.2673318,-111.6359169,1510.807,0.009,0.026,-0.059,0.273,0.429,0.190,16
$GNSS,2025-07-29T15:22:29.000Z,40.2673318,-111.6359169,1510.791,-0.071,0.018,0.063,0.273,0.429,0.194,16
$GNSS,2025-07-29T15:22:29.050Z,40.2673319,-111.6359169,1510.776,-0.060,0.050,0.087,0.273,0.429,0.211,16
$GNSS,2025-07-29T15:22:29.100Z,40.2673319,-111.6359170,1510.767,0.079,-0.104,-0.018,0.274,0.430,0.191,16
$GNSS,2025-07-29T15:22:29.150Z,40.2673320,-111.6359170,1510.758,0.015,0.008,-0.056,0.274,0.430,0.198,16
$GNSS,2025-07-29T15:22:29.200Z,40.2673320,-111.6359170,1510.752,-0.011,-0.014,-0.069,0.274,0.430,0.215,16
$GNSS,2025-07-29T15:22:29.250Z,40.2673321,-111.6359170,1510.734,0.006,-0.039,0.038,0.274,0.430,0.165,16
$GNSS,2025-07-29T15:22:29.300Z,40.2673321,-111.6359170,1510.722,-0.074,0.011,0.081,0.274,0.430,0.188,16
$GNSS,2025-07-29T15:22:29.350Z,40.2673321,-111.6359170,1510.709,0.013,-0.044,0.129,0.275,0.430,0.193,16
$GNSS,2025-07-29T15:22:29.400Z,40.2673322,-111.6359170,1510.704,0.056,0.022,0.022,0.275,0.430,0.174,16
$GNSS,2025-07-29T15:22:29.450Z,40.2673323,-111.6359170,1510.709,0.120,0.033,-0.087,0.275,0.430,0.168,16
$GNSS,2025-07-29T15:22:29.500Z,40.2673323,-111.6359170,1510.707,0.030,-0.012,-0.043,0.275,0.431,0.199,16
$GNSS,2025-07-29T15:22:29.550Z,40.2673323,-111.6359170,1510.690,-0.077,-0.007,0.050,0.276,0.431,0.173,16
$GNSS,2025-07-29T15:22:29.600Z,40.2673323,-111.6359170,1510.680,-0.003,-0.011,0.049,0.276,0.431,0.194,16
$GNSS,2025-07-29T15:22:29.650Z,40.2673324,-111.6359170,1510.679,0.035,0.014,0.052,0.276,0.431,0.205,16
$GNSS,2025-07-29T15:22:29.700Z,40.2673324,-111.6359170,1510.679,0.035,0.046,-0.033,0.277,0.431,0.135,16
$GNSS,2025-07-29T15:22:29.750Z,40.2673325,-111.6359171,1510.677,0.052,-0.050,-0.088,0.277,0.432,0.205,16
$GNSS,2025-07-29T15:22:29.800Z,40.2673325,-111.6359170,1510.665,0.029,0.016,-0.046,0.277,0.432,0.169,16
$GNSS,2025-07-29T15:22:29.850Z,40.2673326,-111.6359171,1510.650,-0.001,-0.077,-0.030,0.277,0.432,0.180,16
$GNSS,2025-07-29T15:22:29.900Z,40.2673326,-111.6359171,1510.653,-0.004,-0.017,-0.085,0.278,0.432,0.211,16
$GNSS,2025-07-29T15:22:29.950Z,40.2673326,-111.6359171,1510.645,-0.016,0.037,0.069,0.278,0.432,0.210,16
$GNSS,2025-07-29T15:22:30.000Z,40.2673326,-111.6359171,1510.636,-0.001,-0.034,0.040,0.278,0.433,0.161,16
$GNSS,2025-07-29T15:22:30.050Z,40.2673326,-111.6359171,1510.631,-0.072,0.054,-0.036,0.278,0.433,0.189,16
$GNSS,2025-07-29T15:22:30.100Z,40.2673326,-111.6359171,1510.626,-0.044,-0.056,-0.084,0.279,0.433,0.202,16
$GNSS,2025-07-29T15:22:30.150Z,40.2673327,-111.6359171,1510.621,0.082,-0.041,0.017,0.279,0.433,0.191,16
$GNSS,2025-07-29T15:22:30.200Z,40.2673327,-111.6359172,1510.612,-0.060,-0.067,0.035,0.279,0.434,0.130,16
$GNSS,2025-07-29T15:22:30.250Z,40.2673327,-111.6359171,1510.607,-0.010,0.037,-0.003,0.280,0.434,0.169,16
$GNSS,2025-07-29T15:22:30.300Z,40.2673327,-111.6359171,1510.601,0.000,0.041,-0.004,0.280,0.434,0.154,16
$GNSS,2025-07-29T15:22:30.350Z,40.2673328,-111.6359171,1510.598,0.035,-0.020,-0.002,0.280,0.434,0.192,16
$GNSS,2025-07-29T15:22:30.400Z,40.2673329,-111.6359172,1510.595,0.104,-0.083,-0.053,0.281,0.435,0.195,16
$GNSS,2025-07-29T15:22:30.450Z,40.2673328,-111.6359172,1510.584,-0.113,0.001,0.005,0.281,0.435,0.179,16
$GNSS,2025-07-29T15:22:30.500Z,40.2673329,-111.6359172,1510.576,-0.050,0.048,0.006,0.281,0.435,0.190,16
$GNSS,2025-07-29T15:22:30.550Z,40.2673329,-111.6359171,1510.571,0.023,0.047,0.031,0.282,0.435,0.186,16
$GNSS,2025-07-29T15:22:30.600Z,40.2673329,-111.6359172,1510.569,0.017,-0.012,-0.011,0.282,0.436,0.195,16
$GNSS,2025-07-29T15:22:30.650Z,40.2673330,-111.6359172,1510.567,0.019,-0.039,-0.010,0.282,0.436,0.185,16
$GNSS,2025-07-29T15:22:30.700Z,40.2673330,-111.6359172,1510.554,0.001,0.054,0.062,0.282,0.436,0.206,16
$GNSS,2025-07-29T15:22:30.750Z,40.2673331,-111.6359172,1510.548,0.020,-0.017,0.069,0.283,0.436,0.196,16
$GNSS,2025-07-29T15:22:30.800Z,40.2673331,-111.6359172,1510.541,-0.022,0.002,0.002,0.283,0.436,0.179,16
$GNSS,2025-07-29T15:22:30.850Z,40.2673332,-111.6359172,1510.534,0.016,0.052,-0.030,0.283,0.437,0.136,16
$GNSS,2025-07-29T15:22:30.900Z,40.2673332,-111.6359172,1510.531,-0.005,0.022,-0.063,0.284,0.437,0.185,16
$GNSS,2025-07-29T15:22:30.950Z,40.2673332,-111.6359172,1510.520,-0.038,-0.009,0.047,0.284,0.437,0.171,16
$GNSS,2025-07-29T15:22:31.000Z,40.2673332,-111.6359172,1510.517,-0.022,-0.021,-0.003,0.284,0.437,0.157,16
$GNSS,2025-07-29T15:22:31.050Z,40.2673333,-111.6359172,1510.506,0.067,-0.039,0.051,0.285,0.437,0.191,16
$GNSS,2025-07-29T15:22:31.100Z,40.2673334,-111.6359172,1510.504,0.057,0.046,0.022,0.285,0.438,0.168,16
$GNSS,2025-07-29T15:22:31.150Z,40.2673334,-111.6359172,1510.500,-0.043,0.027,-0.046,0.285,0.438,0.186,16
$GNSS,2025-07-29T15:22:31.200Z,40.2673334,-111.6359172,1510.481,-0.034,-0.016,0.030,0.285,0.438,0.153,16
$GNSS,2025-07-29T15:22:31.250Z,40.2673334,-111.6359172,1510.473,0.006,-0.027,-0.024,0.286,0.438,0.200,16
$GNSS,2025-07-29T15:22:31.300Z,40.2673335,-111.6359173,1510.469,0.048,-0.090,0.005,0.286,0.438,0.173,16
$GNSS,2025-07-29T15:22:31.350Z,40.2673335,-111.6359173,1510.464,0.022,-0.011,0.044,0.286,0.438,0.197,16
$GNSS,2025-07-29T15:22:31.400Z,40.2673336,-111.6359172,1510.460,0.018,0.084,0.041,0.286,0.439,0.182,16
$GNSS,2025-07-29T15:22:31.450Z,40.2673336,-111.6359172,1510.449,0.015,-0.043,-0.054,0.287,0.439,0.205,16
$GNSS,2025-07-29T15:22:31.500Z,40.2673336,-111.6359172,1510.441,0.035,0.075,-0.090,0.287,0.439,0.153,16
$GNSS,2025-07-29T15:22:31.550Z,40.2673337,-111.6359172,1510.432,0.073,0.019,-0.028,0.287,0.439,0.156,16
$GNSS,2025-07-29T15:22:31.600Z,40.2673337,-111.6359172,1510.426,-0.034,-0.041,-0.007,0.287,0.440,0.161,16
$GNSS,2025-07-29T15:22:31.650Z,40.2673337,-111.6359172,1510.425,-0.078,-0.026,0.040,0.288,0.440,0.154,16
$GNSS,2025-07-29T15:22:31.700Z,40.2673337,-111.6359172,1510.415,-0.047,0.029,0.022,0.288,0.440,0.191,16
$GNSS,2025-07-29T15:22:31.750Z,40.2673337,-111.6359172,1510.403,0.038,0.044,-0.027,0.288,0.440,0.137,16
$GNSS,2025-07-29T15:22:31.800Z,40.2673338,-111.6359172,1510.398,-0.017,-0.005,0.000,0.289,0.441,0.158,16
$GNSS,2025-07-29T15:22:31.850Z,40.2673338,-111.6359172,1510.397,0.008,-0.089,-0.022,0.289,0.441,0.185,16
$GNSS,2025-07-29T15:22:31.900Z,40.2673338,-111.6359172,1510.395,-0.084,0.049,-0.029,0.289,0.441,0.181,16
$GNSS,2025-07-29T15:22:31.950Z,40.2673338,-111.6359172,1510.385,0.035,0.003,0.061,0.290,0.442,0.208,16
$GNSS,2025-07-29T15:22:32.000Z,40.2673339,-111.6359172,1510.383,0.086,0.054,-0.006,0.290,0.442,0.148,16
$GNSS,2025-07-29T15:22:32.050Z,40.2673339,-111.6359172,1510.385,0.048,0.010,-0.078,0.290,0.442,0.184,16
$GNSS,2025-07-29T15:22:32.100Z,40.2673339,-111.6359172,1510.377,-0.019,-0.044,-0.057,0.290,0.443,0.213,16
$GNSS,2025-07-29T15:22:32.150Z,40.2673339,-111.6359172,1510.370,-0.033,-0.067,0.024,0.291,0.443,0.132,16
$GNSS,2025-07-29T15:22:32.200Z,40.2673339,-111.6359172,1510.361,-0.044,0.013,0.026,0.291,0.443,0.184,16
$GNSS,2025-07-29T15:22:32.250Z,40.2673339,-111.6359172,1510.359,0.031,0.012,-0.003,0.291,0.444,0.158,16
$GNSS,2025-07-29T15:22:32.300Z,40.2673339,-111.6359172,1510.359,0.003,0.001,-0.044,0.291,0.444,0.204,16
$GNSS,2025-07-29T15:22:32.350Z,40.2673340,-111.6359172,1510.353,0.036,0.063,-0.003,0.292,0.445,0.152,16
$GNSS,2025-07-29T15:22:32.400Z,40.2673340,-111.6359172,1510.350,0.004,-0.003,-0.012,0.292,0.445,0.190,16
$GNSS,2025-07-29T15:22:32.450Z,40.2673341,-111.6359172,1510.347,0.091,-0.018,-0.013,0.292,0.445,0.172,16
$GNSS,2025-07-29T15:22:32.500Z,40.2673341,-111.6359172,1510.345,0.005,0.021,-0.092,0.292,0.446,0.195,16
$GNSS,2025-07-29T15:22:32.550Z,40.2673341,-111.6359172,1510.337,-0.082,-0.065,-0.078,0.293,0.446,0.199,16
$GNSS,2025-07-29T15:22:32.600Z,40.2673341,-111.6359173,1510.328,-0.036,-0.048,0.029,0.293,0.446,0.139,16
$GNSS,2025-07-29T15:22:32.650Z,40.2673341,-111.6359173,1510.325,-0.001,-0.004,0.065,0.293,0.447,0.201,16
$GNSS,2025-07-29T15:22:32.700Z,40.2673341,-111.6359172,1510.319,0.043,0.060,0.092,0.293,0.447,0.211,16
$GNSS,2025-07-29T15:22:32.750Z,40.2673342,-111.6359172,1510.317,-0.011,0.003,0.068,0.294,0.447,0.205,16
$GNSS,2025-07-29T15:22:32.800Z,40.2673342,-111.6359172,1510.318,0.030,0.050,0.031,0.294,0.448,0.187,16
$GNSS,2025-07-29T15:22:32.850Z,40.2673342,-111.6359172,1510.311,-0.023,0.064,-0.007,0.294,0.448,0.158,16
$GNSS,2025-07-29T15:22:32.900Z,40.2673342,-111.6359172,1510.312,-0.064,0.037,-0.102,0.294,0.448,0.196,16
$GNSS,2025-07-29T15:22:32.950Z,40.2673342,-111.6359172,1510.304,0.001,-0.072,-0.040,0.295,0.448,0.184,16
$GNSS,2025-07-29T15:22:33.000Z,40.2673342,-111.6359173,1510.297,0.013,-0.085,0.045,0.295,0.449,0.150,16
$GNSS,2025-07-29T15:22:33.050Z,40.2673343,-111.6359173,1510.292,0.011,-0.069,0.035,0.295,0.449,0.151,16
$GNSS,2025-07-29T15:22:33.100Z,40.2673343,-111.6359172,1510.283,-0.016,0.093,0.088,0.295,0.449,0.194,16
$GNSS,2025-07-29T15:22:33.150Z,40.2673343,-111.6359172,1510.281,-0.037,0.067,-0.010,0.296,0.449,0.161,16
$GNSS,2025-07-29T15:22:33.200Z,40.2673343,-111.6359172,1510.274,-0.004,-0.015,0.001,0.296,0.449,0.153,16
$GNSS,2025-07-29T15:22:33.250Z,40.2673343,-111.6359172,1510.270,-0.031,-0.002,-0.012,0.296,0.450,0.184,16
$GNSS,2025-07-29T15:22:33.300Z,40.2673343,-111.6359173,1510.260,0.009,-0.038,0.023,0.296,0.450,0.154,16
$GNSS,2025-07-29T15:22:33.350Z,40.2673344,-111.6359173,1510.252,0.023,-0.048,0.050,0.297,0.450,0.166,16
$GNSS,2025-07-29T15:22:33.400Z,40.2673344,-111.6359173,1510.254,-0.031,0.027,-0.025,0.297,0.450,0.174,16
$GNSS,2025-07-29T15:22:33.450Z,40.2673344,-111.6359173,1510.247,-0.061,0.027,-0.001,0.297,0.450,0.177,16
$GNSS,2025-07-29T15:22:33.500Z,40.2673344,-111.6359172,1510.240,-0.033,0.027,0.014,0.297,0.450,0.193,16
$GNSS,2025-07-29T15:22:33.550Z,40.2673344,-111.6359173,1510.245,0.015,-0.006,-0.083,0.297,0.450,0.194,16
$GNSS,2025-07-29T15:22:33.600Z,40.2673344,-111.6359172,1510.248,-0.005,0.012,-0.051,0.298,0.450,0.182,16
$GNSS,2025-07-29T15:22:33.650Z,40.2673345,-111.6359173,1510.234,0.025,-0.040,0.051,0.298,0.450,0.172,16
$GNSS,2025-07-29T15:22:33.700Z,40.2673345,-111.6359173,1510.227,-0.020,-0.012,0.022,0.298,0.450,0.149,16
$GNSS,2025-07-29T15:22:33.750Z,40.2673344,-111.6359172,1510.229,-0.074,0.089,-0.029,0.298,0.451,0.174,16
$GNSS,2025-07-29T15:22:33.800Z,40.2673344,-111.6359172,1510.221,-0.026,0.048,-0.006,0.299,0.451,0.172,16
$GNSS,2025-07-29T15:22:33.850Z,40.2673344,-111.6359172,1510.216,0.007,-0.008,-0.031,0.299,0.451,0.195,16
$GNSS,2025-07-29T15:22:33.900Z,40.2673345,-111.6359172,1510.227,0.026,0.019,-0.040,0.299,0.451,0.154,16
$GNSS,2025-07-29T15:22:33.950Z,40.2673345,-111.6359172,1510.232,0.003,0.033,-0.076,0.299,0.451,0.170,16
$GNSS,2025-07-29T15:22:34.000Z,40.2673346,-111.6359171,1510.249,0.158,0.204,-0.203,0.300,0.452,0.137,16
$GNSS,2025-07-29T15:22:34.050Z,40.2673348,-111.6359167,1510.249,0.408,0.644,-0.196,0.300,0.452,0.143,16
$GNSS,2025-07-29T15:22:34.100Z,40.2673352,-111.6359162,1510.245,0.857,0.951,-0.218,0.300,0.452,0.149,16
$GNSS,2025-07-29T15:22:34.150Z,40.2673356,-111.6359160,1510.273,0.871,0.440,-0.180,0.300,0.452,0.177,16
$GNSS,2025-07-29T15:22:34.200Z,40.2673364,-111.6359162,1510.299,1.646,-0.182,-0.240,0.300,0.451,0.176,16
$GNSS,2025-07-29T15:22:34.250Z,40.2673368,-111.6359166,1510.330,1.374,-0.827,-0.425,0.300,0.451,0.155,16
$GNSS,2025-07-29T15:22:34.300Z,40.2673372,-111.6359171,1510.298,0.811,-0.807,-0.182,0.300,0.451,0.196,15
$GNSS,2025-07-29T15:22:34.350Z,40.2673370,-111.6359175,1510.299,-0.013,-0.733,-0.192,0.300,0.452,0.171,15
$GNSS,2025-07-29T15:22:34.400Z,40.2673366,-111.6359180,1510.323,-0.449,-0.754,-0.366,0.299,0.453,0.187,16
$GNSS,2025-07-29T15:22:34.450Z,40.2673363,-111.6359182,1510.323,-0.451,-0.384,-0.383,0.299,0.453,0.195,16
$GNSS,2025-07-29T15:22:34.500Z,40.2673362,-111.6359183,1510.313,-0.210,-0.193,-0.203,0.298,0.453,0.202,15
$GNSS,2025-07-29T15:22:34.550Z,40.2673362,-111.6359184,1510.310,-0.048,-0.179,-0.070,0.298,0.454,0.148,16
$GNSS,2025-07-29T15:22:34.600Z,40.2673361,-111.6359185,1510.310,-0.108,-0.209,-0.103,0.297,0.454,0.164,16
$GNSS,2025-07-29T15:22:34.650Z,40.2673360,-111.6359185,1510.316,-0.078,-0.117,-0.052,0.297,0.455,0.159,16
$GNSS,2025-07-29T15:22:34.700Z,40.2673360,-111.6359185,1510.331,-0.014,0.015,-0.048,0.297,0.455,0.262,16
$GNSS,2025-07-29T15:22:34.750Z,40.2673360,-111.6359184,1510.337,-0.088,0.006,-0.035,0.296,0.455,0.189,16
$GNSS,2025-07-29T15:22:34.800Z,40.2673359,-111.6359184,1510.329,-0.054,-0.027,0.021,0.296,0.456,0.157,16
$GNSS,2025-07-29T15:22:34.850Z,40.2673359,-111.6359184,1510.320,-0.050,-0.005,-0.013,0.296,0.456,0.177,16
$GNSS,2025-07-29T15:22:34.900Z,40.2673359,-111.6359183,1510.324,-0.037,-0.029,-0.067,0.295,0.456,0.238,16
$GNSS,2025-07-29T15:22:34.950Z,40.2673359,-111.6359183,1510.330,-0.016,0.028,-0.067,0.295,0.457,0.243,16
$GNSS,2025-07-29T15:22:35.000Z,40.2673359,-111.6359182,1510.334,0.044,0.070,-0.033,0.295,0.457,0.141,16
$GNSS,2025-07-29T15:22:35.050Z,40.2673360,-111.6359181,1510.327,0.034,0.034,0.057,0.294,0.457,0.227,16
$GNSS,2025-07-29T15:22:35.100Z,40.2673360,-111.6359180,1510.324,-0.024,0.043,0.020,0.294,0.458,0.154,16
$GNSS,2025-07-29T15:22:35.150Z,40.2673360,-111.6359180,1510.336,0.017,0.030,-0.078,0.293,0.458,0.233,16
$GNSS,2025-07-29T15:22:35.200Z,40.2673361,-111.6359179,1510.341,0.027,0.046,-0.093,0.293,0.458,0.222,16
$GNSS,2025-07-29T15:22:35.250Z,40.2673361,-111.6359177,1510.339,0.017,0.155,-0.048,0.293,0.458,0.128,16
$GNSS,2025-07-29T15:22:35.300Z,40.2673362,-111.6359175,1510.347,0.107,0.246,-0.043,0.292,0.459,0.124,16
$GNSS,2025-07-29T15:22:35.350Z,40.2673363,-111.6359173,1510.348,0.138,0.152,0.014,0.292,0.459,0.147,16
$GNSS,2025-07-29T15:22:35.400Z,40.2673364,-111.6359171,1510.355,0.079,0.186,-0.129,0.292,0.460,0.161,16
$GNSS,2025-07-29T15:22:35.450Z,40.2673365,-111.6359169,1510.356,0.123,0.268,-0.146,0.291,0.460,0.147,16
$GNSS,2025-07-29T15:22:35.500Z,40.2673366,-111.6359166,1510.366,0.193,0.500,-0.058,0.291,0.460,0.122,16
$GNSS,2025-07-29T15:22:35.550Z,40.2673367,-111.6359161,1510.388,0.280,0.702,-0.090,0.291,0.461,0.125,16
$GNSS,2025-07-29T15:22:35.600Z,40.2673368,-111.6359155,1510.374,0.231,0.886,-0.067,0.291,0.461,0.124,16
$GNSS,2025-07-29T15:22:35.650Z,40.2673370,-111.6359149,1510.325,0.290,0.902,0.323,0.292,0.461,0.161,16
$GNSS,2025-07-29T15:22:35.700Z,40.2673371,-111.6359146,1510.298,0.155,0.475,0.579,0.292,0.461,0.209,16
$GNSS,2025-07-29T15:22:35.750Z,40.2673374,-111.6359142,1510.300,0.536,0.660,0.406,0.292,0.461,0.195,16
$GNSS,2025-07-29T15:22:35.800Z,40.2673376,-111.6359133,1510.273,0.577,1.452,0.457,0.292,0.462,0.225,16
$GNSS,2025-07-29T15:22:35.850Z,40.2673379,-111.6359120,1510.230,0.676,2.106,0.372,0.293,0.462,0.222,16
$GNSS,2025-07-29T15:22:35.900Z,40.2673377,-111.6359113,1510.200,-0.362,1.204,0.399,0.293,0.463,0.257,16
$GNSS,2025-07-29T15:22:35.950Z,40.2673375,-111.6359110,1510.203,-0.436,0.535,0.256,0.293,0.463,0.235,15
$GNSS,2025-07-29T15:22:36.000Z,40.2673373,-111.6359106,1510.256,-0.399,0.817,-0.245,0.293,0.462,0.194,15
$GNSS,2025-07-29T15:22:36.050Z,40.2673372,-111.6359102,1510.278,-0.159,0.684,-0.269,0.293,0.463,0.220,15
$GNSS,2025-07-29T15:22:36.100Z,40.2673373,-111.6359098,1510.264,0.031,0.528,-0.030,0.293,0.463,0.248,16
$GNSS,2025-07-29T15:22:36.150Z,40.2673373,-111.6359097,1510.273,0.063,0.201,-0.097,0.294,0.464,0.295,15
$GNSS,2025-07-29T15:22:36.200Z,40.2673372,-111.6359099,1510.293,-0.111,-0.217,-0.180,0.295,0.464,0.342,16
$GNSS,2025-07-29T15:22:36.250Z,40.2673371,-111.6359100,1510.327,-0.251,-0.158,-0.424,0.295,0.465,0.391,16
$GNSS,2025-07-29T15:22:36.300Z,40.2673370,-111.6359103,1510.354,-0.018,-0.537,-0.431,0.295,0.466,0.303,16
$GNSS,2025-07-29T15:22:36.350Z,40.2673368,-111.6359107,1510.394,-0.379,-0.714,-0.491,0.296,0.465,0.266,16
$GNSS,2025-07-29T15:22:36.400Z,40.2673367,-111.6359112,1510.415,-0.345,-0.838,-0.422,0.296,0.465,0.227,16
$GNSS,2025-07-29T15:22:36.450Z,40.2673365,-111.6359117,1510.448,-0.415,-0.828,-0.513,0.296,0.466,0.227,15
$GNSS,2025-07-29T15:22:36.500Z,40.2673364,-111.6359119,1510.465,-0.251,-0.467,-0.512,0.296,0.467,0.246,15
$GNSS,2025-07-29T15:22:36.550Z,40.2673363,-111.6359122,1510.450,-0.235,-0.543,-0.240,0.296,0.467,0.190,15
$GNSS,2025-07-29T15:22:36.600Z,40.2673362,-111.6359124,1510.463,-0.179,-0.453,-0.273,0.296,0.468,0.211,15
$GNSS,2025-07-29T15:22:36.650Z,40.2673362,-111.6359127,1510.476,-0.124,-0.451,-0.223,0.297,0.469,0.211,16
$GNSS,2025-07-29T15:22:36.700Z,40.2673361,-111.6359128,1510.472,-0.098,-0.307,-0.154,0.297,0.470,0.216,16
$GNSS,2025-07-29T15:22:36.750Z,40.2673362,-111.6359128,1510.481,0.136,-0.128,-0.217,0.297,0.471,0.218,16
$GNSS,2025-07-29T15:22:36.800Z,40.2673363,-111.6359129,1510.482,0.163,-0.121,-0.120,0.297,0.471,0.162,16
$GNSS,2025-07-29T15:22:36.850Z,40.2673363,-111.6359130,1510.503,0.049,-0.221,-0.197,0.297,0.472,0.216,16
$GNSS,2025-07-29T15:22:36.900Z,40.2673363,-111.6359131,1510.511,-0.010,-0.294,-0.141,0.297,0.473,0.186,16
$GNSS,2025-07-29T15:22:36.950Z,40.2673363,-111.6359132,1510.509,-0.043,-0.218,-0.087,0.297,0.473,0.186,16
$GNSS,2025-07-29T15:22:37.000Z,40.2673363,-111.6359133,1510.515,-0.024,-0.193,-0.067,0.297,0.474,0.171,16
$GNSS,2025-07-29T15:22:37.050Z,40.2673362,-111.6359133,1510.499,-0.123,-0.167,0.090,0.297,0.475,0.142,16
$GNSS,2025-07-29T15:22:37.100Z,40.2673361,-111.6359134,1510.488,-0.185,-0.165,0.120,0.297,0.475,0.147,16
$GNSS,2025-07-29T15:22:37.150Z,40.2673360,-111.6359135,1510.500,-0.283,-0.195,0.027,0.297,0.476,0.144,16
$GNSS,2025-07-29T15:22:37.200Z,40.2673359,-111.6359135,1510.513,-0.101,-0.107,-0.096,0.297,0.476,0.213,16
$GNSS,2025-07-29T15:22:37.250Z,40.2673358,-111.6359135,1510.513,-0.050,-0.015,-0.065,0.297,0.477,0.258,16
$GNSS,2025-07-29T15:22:37.300Z,40.2673357,-111.6359135,1510.504,-0.111,0.035,-0.061,0.296,0.477,0.209,16
$GNSS,2025-07-29T15:22:37.350Z,40.2673357,-111.6359135,1510.498,-0.077,-0.033,-0.118,0.296,0.477,0.260,16
$GNSS,2025-07-29T15:22:37.400Z,40.2673357,-111.6359135,1510.492,0.009,0.033,-0.095,0.296,0.478,0.247,16
$GNSS,2025-07-29T15:22:37.450Z,40.2673357,-111.6359135,1510.468,0.210,0.035,0.081,0.296,0.478,0.199,16
$GNSS,2025-07-29T15:22:37.500Z,40.2673357,-111.6359135,1510.469,0.111,0.076,-0.016,0.295,0.478,0.140,16
$GNSS,2025-07-29T15:22:37.550Z,40.2673357,-111.6359134,1510.459,0.078,0.094,-0.003,0.295,0.478,0.134,16
$GNSS,2025-07-29T15:22:37.600Z,40.2673357,-111.6359133,1510.453,0.039,0.148,-0.014,0.295,0.478,0.117,16
$GNSS,2025-07-29T15:22:37.650Z,40.2673357,-111.6359132,1510.443,0.046,0.085,-0.028,0.295,0.479,0.124,16
$GNSS,2025-07-29T15:22:37.700Z,40.2673357,-111.6359131,1510.443,0.036,0.136,-0.060,0.295,0.479,0.133,16
$GNSS,2025-07-29T15:22:37.750Z,40.2673357,-111.6359131,1510.436,0.106,0.142,-0.038,0.295,0.479,0.132,16
$GNSS,2025-07-29T15:22:37.800Z,40.2673357,-111.6359130,1510.424,0.051,0.074,0.015,0.295,0.479,0.147,16
$GNSS,2025-07-29T15:22:37.850Z,40.2673357,-111.6359130,1510.408,-0.030,-0.004,-0.018,0.294,0.479,0.204,16
$GNSS,2025-07-29T15:22:37.900Z,40.2673357,-111.6359130,1510.392,-0.050,-0.109,-0.044,0.294,0.480,0.155,16
$GNSS,2025-07-29T15:22:37.950Z,40.2673357,-111.6359130,1510.376,-0.080,-0.051,0.001,0.294,0.480,0.152,16
$GNSS,2025-07-29T15:22:38.000Z,40.2673356,-111.6359130,1510.368,-0.124,-0.036,0.002,0.294,0.480,0.160,16
$GNSS,2025-07-29T15:22:38.050Z,40.2673356,-111.6359130,1510.362,-0.019,-0.034,0.007,0.294,0.480,0.129,16
$GNSS,2025-07-29T15:22:38.100Z,40.2673356,-111.6359130,1510.349,-0.052,-0.060,0.031,0.294,0.481,0.146,16
$GNSS,2025-07-29T15:22:38.150Z,40.2673355,-111.6359131,1510.344,-0.074,-0.122,0.029,0.294,0.481,0.129,16
$GNSS,2025-07-29T15:22:38.200Z,40.2673354,-111.6359131,1510.339,-0.121,-0.067,0.017,0.294,0.481,0.154,16
$GNSS,2025-07-29T15:22:38.250Z,40.2673354,-111.6359131,1510.330,-0.006,-0.028,-0.009,0.293,0.481,0.147,16
$GNSS,2025-07-29T15:22:38.300Z,40.2673354,-111.6359131,1510.333,-0.029,-0.030,0.009,0.293,0.481,0.144,16
$GNSS,2025-07-29T15:22:38.350Z,40.2673354,-111.6359131,1510.320,0.014,0.021,0.022,0.293,0.481,0.185,16
$GNSS,2025-07-29T15:22:38.400Z,40.2673354,-111.6359131,1510.310,-0.011,0.013,0.036,0.293,0.482,0.200,16
$GNSS,2025-07-29T15:22:38.450Z,40.2673353,-111.6359131,1510.299,-0.034,0.003,-0.017,0.294,0.482,0.182,16
$GNSS,2025-07-29T15:22:38.500Z,40.2673353,-111.6359130,1510.292,-0.025,0.005,-0.082,0.294,0.482,0.212,16
$GNSS,2025-07-29T15:22:38.550Z,40.2673353,-111.6359131,1510.287,-0.042,-0.074,-0.061,0.294,0.482,0.179,16
$GNSS,2025-07-29T15:22:38.600Z,40.2673353,-111.6359132,1510.283,-0.049,-0.089,-0.006,0.294,0.482,0.143,16
$GNSS,2025-07-29T15:22:38.650Z,40.2673353,-111.6359132,1510.279,0.012,-0.060,0.004,0.294,0.482,0.140,16
$GNSS,2025-07-29T15:22:38.700Z,40.2673353,-111.6359132,1510.269,0.047,-0.035,-0.095,0.294,0.482,0.184,16
$GNSS,2025-07-29T15:22:38.750Z,40.2673353,-111.6359133,1510.259,-0.097,-0.045,-0.105,0.294,0.482,0.194,16
$GNSS,2025-07-29T15:22:38.800Z,40.2673352,-111.6359134,1510.261,-0.066,-0.025,-0.025,0.294,0.481,0.171,16
$GNSS,2025-07-29T15:22:38.850Z,40.2673352,-111.6359134,1510.261,0.009,-0.018,0.039,0.294,0.481,0.195,16
$GNSS,2025-07-29T15:22:38.900Z,40.2673352,-111.6359134,1510.260,-0.015,0.026,0.002,0.294,0.481,0.143,16
$GNSS,2025-07-29T15:22:38.950Z,40.2673351,-111.6359135,1510.260,-0.013,-0.054,-0.026,0.294,0.480,0.149,16
$GNSS,2025-07-29T15:22:39.000Z,40.2673351,-111.6359136,1510.260,-0.042,-0.078,-0.046,0.294,0.480,0.158,16
$GNSS,2025-07-29T15:22:39.050Z,40.2673351,-111.6359136,1510.260,-0.048,-0.011,-0.024,0.293,0.480,0.176,16
$GNSS,2025-07-29T15:22:39.100Z,40.2673350,-111.6359136,1510.270,-0.074,0.008,-0.048,0.293,0.480,0.185,16
$GNSS,2025-07-29T15:22:39.150Z,40.2673350,-111.6359137,1510.276,0.009,-0.057,-0.006,0.293,0.480,0.137,16
$GNSS,2025-07-29T15:22:39.200Z,40.2673351,-111.6359137,1510.270,0.030,-0.027,-0.010,0.293,0.479,0.156,16
$GNSS,2025-07-29T15:22:39.250Z,40.2673350,-111.6359137,1510.270,-0.025,-0.023,-0.086,0.293,0.479,0.203,16
$GNSS,2025-07-29T15:22:39.300Z,40.2673350,-111.6359138,1510.256,-0.063,-0.056,0.019,0.293,0.478,0.139,16
$GNSS,2025-07-29T15:22:39.350Z,40.2673350,-111.6359138,1510.261,-0.037,-0.068,-0.046,0.293,0.478,0.156,16
$GNSS,2025-07-29T15:22:39.400Z,40.2673349,-111.6359139,1510.267,-0.018,-0.024,-0.047,0.293,0.478,0.195,16
$GNSS,2025-07-29T15:22:39.450Z,40.2673349,-111.6359138,1510.263,0.026,0.044,-0.008,0.292,0.477,0.126,16
$GNSS,2025-07-29T15:22:39.500Z,40.2673349,-111.6359139,1510.260,0.022,0.042,0.080,0.292,0.477,0.196,16
$GNSS,2025-07-29T15:22:39.550Z,40.2673349,-111.6359139,1510.259,0.037,0.041,0.031,0.292,0.477,0.153,16
$GNSS,2025-07-29T15:22:39.600Z,40.2673348,-111.6359139,1510.257,0.008,0.013,0.012,0.292,0.476,0.163,16
$GNSS,2025-07-29T15:22:39.650Z,40.2673347,-111.6359139,1510.259,-0.060,-0.010,-0.017,0.291,0.476,0.153,15
$GNSS,2025-07-29T15:22:39.700Z,40.2673347,-111.6359139,1510.263,-0.024,-0.006,0.018,0.291,0.476,0.169,16
$GNSS,2025-07-29T15:22:39.750Z,40.2673346,-111.6359139,1510.271,-0.009,0.043,-0.003,0.291,0.475,0.132,16
$GNSS,2025-07-29T15:22:39.800Z,40.2673346,-111.6359139,1510.273,0.007,-0.025,-0.046,0.291,0.475,0.199,16
$GNSS,2025-07-29T15:22:39.850Z,40.2673346,-111.6359139,1510.259,-0.040,-0.031,-0.023,0.290,0.475,0.149,16
$GNSS,2025-07-29T15:22:39.900Z,40.2673346,-111.6359139,1510.245,0.045,0.007,0.014,0.290,0.474,0.150,16
$GNSS,2025-07-29T15:22:39.950Z,40.2673346,-111.6359139,1510.234,0.034,-0.006,0.018,0.290,0.474,0.172,16
$GNSS,2025-07-29T15:22:40.000Z,40.2673346,-111.6359138,1510.227,-0.004,0.096,-0.033,0.289,0.473,0.152,16
$GNSS,2025-07-29T15:22:40.050Z,40.2673346,-111.6359138,1510.217,-0.014,0.038,-0.015,0.289,0.473,0.160,16
$GNSS,2025-07-29T15:22:40.100Z,40.2673346,-111.6359138,1510.210,-0.060,-0.056,-0.018,0.289,0.473,0.130,16
$GNSS,2025-07-29T15:22:40.150Z,40.2673346,-111.6359138,1510.199,-0.003,-0.007,-0.041,0.289,0.472,0.218,16
$GNSS,2025-07-29T15:22:40.200Z,40.2673346,-111.6359138,1510.181,0.080,0.024,-0.016,0.288,0.472,0.129,16
$GNSS,2025-07-29T15:22:40.250Z,40.2673347,-111.6359138,1510.158,0.072,-0.011,-0.021,0.288,0.472,0.142,16
$GNSS,2025-07-29T15:22:40.300Z,40.2673347,-111.6359138,1510.137,-0.007,-0.023,0.007,0.288,0.471,0.129,16
$GNSS,2025-07-29T15:22:40.350Z,40.2673347,-111.6359137,1510.121,0.027,0.108,0.002,0.288,0.471,0.118,16
$GNSS,2025-07-29T15:22:40.400Z,40.2673347,-111.6359137,1510.113,0.068,0.046,0.019,0.287,0.471,0.132,16
$GNSS,2025-07-29T15:22:40.450Z,40.2673348,-111.6359137,1510.096,0.036,0.084,0.081,0.287,0.470,0.159,16
$GNSS,2025-07-29T15:22:40.500Z,40.2673348,-111.6359137,1510.082,0.079,0.089,-0.008,0.287,0.470,0.123,16
$GNSS,2025-07-29T15:22:40.550Z,40.2673348,-111.6359136,1510.074,0.057,0.086,-0.062,0.287,0.470,0.138,16
$GNSS,2025-07-29T15:22:40.600Z,40.2673348,-111.6359136,1510.065,-0.029,0.085,0.054,0.287,0.470,0.144,16
$GNSS,2025-07-29T15:22:40.650Z,40.2673348,-111.6359136,1510.052,-0.049,0.117,0.094,0.287,0.469,0.151,16
$GNSS,2025-07-29T15:22:40.700Z,40.2673348,-111.6359135,1510.040,0.037,0.142,0.048,0.287,0.469,0.136,16
$GNSS,2025-07-29T15:22:40.750Z,40.2673348,-111.6359134,1510.030,0.038,0.193,0.060,0.287,0.469,0.136,16
$GNSS,2025-07-29T15:22:40.800Z,40.2673348,-111.6359134,1510.023,0.032,0.146,0.051,0.287,0.469,0.137,16
$GNSS,2025-07-29T15:22:40.850Z,40.2673348,-111.6359133,1510.008,0.018,0.107,0.120,0.287,0.469,0.172,16
$GNSS,2025-07-29T15:22:40.900Z,40.2673348,-111.6359132,1509.995,-0.085,0.199,0.200,0.288,0.469,0.157,15
$GNSS,2025-07-29T15:22:40.950Z,40.2673346,-111.6359129,1509.980,-0.083,0.190,0.194,0.288,0.470,0.163,15
$GNSS,2025-07-29T15:22:41.000Z,40.2673345,-111.6359127,1509.966,-0.047,0.213,0.072,0.287,0.471,0.117,14
$GNSS,2025-07-29T15:22:41.050Z,40.2673344,-111.6359124,1509.957,-0.203,0.178,0.170,0.287,0.472,0.158,15
$GNSS,2025-07-29T15:22:41.100Z,40.2673342,-111.6359122,1509.963,-0.343,0.201,0.075,0.287,0.473,0.170,15
$GNSS,2025-07-29T15:22:41.150Z,40.2673340,-111.6359122,1509.977,-0.291,0.158,0.054,0.288,0.474,0.214,15
$GNSS,2025-07-29T15:22:41.200Z,40.2673339,-111.6359121,1509.957,-0.359,0.041,0.232,0.288,0.475,0.212,16
$GNSS,2025-07-29T15:22:41.250Z,40.2673338,-111.6359120,1509.958,-0.029,0.094,-0.032,0.289,0.476,0.168,15
$GNSS,2025-07-29T15:22:41.300Z,40.2673339,-111.6359119,1509.883,0.087,0.029,0.269,0.288,0.475,0.236,14
$GNSS,2025-07-29T15:22:41.350Z,40.2673337,-111.6359119,1509.856,0.043,-0.047,0.248,0.288,0.474,0.234,15
$GNSS,2025-07-29T15:22:41.400Z,40.2673336,-111.6359120,1509.823,0.161,-0.067,0.251,0.287,0.474,0.224,15
$GNSS,2025-07-29T15:22:41.450Z,40.2673335,-111.6359120,1509.803,0.075,-0.058,0.211,0.287,0.474,0.229,15
$GNSS,2025-07-29T15:22:41.500Z,40.2673334,-111.6359120,1509.806,0.035,0.032,0.062,0.287,0.474,0.218,15
$GNSS,2025-07-29T15:22:41.550Z,40.2673333,-111.6359120,1509.805,-0.017,0.071,0.053,0.286,0.473,0.157,16
$GNSS,2025-07-29T15:22:41.600Z,40.2673332,-111.6359119,1509.793,-0.014,-0.001,0.083,0.285,0.473,0.205,16
$GNSS,2025-07-29T15:22:41.650Z,40.2673331,-111.6359118,1509.769,-0.082,0.029,0.075,0.285,0.472,0.156,16
$GNSS,2025-07-29T15:22:41.700Z,40.2673331,-111.6359117,1509.740,0.107,-0.058,0.028,0.285,0.472,0.160,16
$GNSS,2025-07-29T15:22:41.750Z,40.2673331,-111.6359117,1509.723,0.180,-0.122,-0.086,0.284,0.472,0.139,16
$GNSS,2025-07-29T15:22:41.800Z,40.2673332,-111.6359117,1509.710,0.261,-0.241,-0.108,0.284,0.471,0.126,16
$GNSS,2025-07-29T15:22:41.850Z,40.2673333,-111.6359118,1509.724,0.386,-0.360,-0.327,0.284,0.471,0.147,16
$GNSS,2025-07-29T15:22:41.900Z,40.2673333,-111.6359120,1509.732,0.059,-0.433,-0.146,0.284,0.472,0.131,15
$GNSS,2025-07-29T15:22:41.950Z,40.2673333,-111.6359121,1509.717,-0.091,-0.104,0.044,0.283,0.472,0.159,16
$GNSS,2025-07-29T15:22:42.000Z,40.2673332,-111.6359121,1509.716,-0.031,-0.098,-0.051,0.283,0.473,0.169,16
$GNSS,2025-07-29T15:22:42.050Z,40.2673332,-111.6359122,1509.717,0.022,-0.194,-0.147,0.283,0.474,0.171,16
$GNSS,2025-07-29T15:22:42.100Z,40.2673332,-111.6359123,1509.728,-0.040,-0.297,-0.126,0.283,0.474,0.149,16
$GNSS,2025-07-29T15:22:42.150Z,40.2673333,-111.6359124,1509.755,0.185,-0.173,-0.264,0.283,0.474,0.180,16
$GNSS,2025-07-29T15:22:42.200Z,40.2673334,-111.6359125,1509.789,0.113,-0.104,-0.540,0.283,0.474,0.215,16
$GNSS,2025-07-29T15:22:42.250Z,40.2673334,-111.6359125,1509.756,-0.066,-0.068,-0.248,0.283,0.474,0.216,16
$GNSS,2025-07-29T15:22:42.300Z,40.2673334,-111.6359125,1509.733,-0.034,-0.080,-0.200,0.283,0.474,0.211,16
$GNSS,2025-07-29T15:22:42.350Z,40.2673335,-111.6359125,1509.728,0.037,-0.167,-0.161,0.282,0.473,0.185,16
$GNSS,2025-07-29T15:22:42.400Z,40.2673334,-111.6359126,1509.727,-0.124,-0.179,-0.121,0.282,0.473,0.165,16
$GNSS,2025-07-29T15:22:42.450Z,40.2673333,-111.6359126,1509.742,-0.212,-0.088,-0.155,0.282,0.473,0.184,16
$GNSS,2025-07-29T15:22:42.500Z,40.2673331,-111.6359127,1509.755,-0.170,-0.087,-0.046,0.282,0.472,0.155,16
$GNSS,2025-07-29T15:22:42.550Z,40.2673331,-111.6359128,1509.752,-0.101,-0.041,0.033,0.282,0.472,0.128,16
$GNSS,2025-07-29T15:22:42.600Z,40.2673331,-111.6359128,1509.742,0.065,-0.040,0.045,0.282,0.472,0.180,16
$GNSS,2025-07-29T15:22:42.650Z,40.2673331,-111.6359128,1509.745,0.255,-0.034,-0.063,0.282,0.472,0.143,16
$GNSS,2025-07-29T15:22:42.700Z,40.2673332,-111.6359128,1509.744,0.266,-0.043,-0.062,0.282,0.472,0.148,16
$GNSS,2025-07-29T15:22:42.750Z,40.2673332,-111.6359128,1509.743,0.148,-0.077,-0.068,0.282,0.472,0.164,16
$GNSS,2025-07-29T15:22:42.800Z,40.2673332,-111.6359129,1509.737,-0.042,-0.057,0.048,0.281,0.472,0.151,16
$GNSS,2025-07-29T15:22:42.850Z,40.2673331,-111.6359129,1509.738,-0.033,-0.058,0.007,0.281,0.471,0.121,16
$GNSS,2025-07-29T15:22:42.900Z,40.2673330,-111.6359130,1509.740,0.037,-0.109,-0.041,0.281,0.471,0.167,16
$GNSS,2025-07-29T15:22:42.950Z,40.2673330,-111.6359130,1509.728,0.139,-0.054,-0.001,0.280,0.470,0.138,16
$GNSS,2025-07-29T15:22:43.000Z,40.2673331,-111.6359130,1509.708,0.262,0.002,0.113,0.280,0.470,0.151,16
$GNSS,2025-07-29T15:22:43.050Z,40.2673333,-111.6359130,1509.688,0.445,-0.029,0.193,0.279,0.470,0.152,16
$GNSS,2025-07-29T15:22:43.100Z,40.2673335,-111.6359129,1509.645,0.532,-0.005,0.321,0.279,0.469,0.180,16
$GNSS,2025-07-29T15:22:43.150Z,40.2673337,-111.6359127,1509.612,0.553,0.228,0.224,0.279,0.469,0.173,16
$GNSS,2025-07-29T15:22:43.200Z,40.2673340,-111.6359126,1509.587,0.689,0.207,0.176,0.279,0.469,0.174,16
$GNSS,2025-07-29T15:22:43.250Z,40.2673341,-111.6359123,1509.579,0.457,0.343,0.111,0.279,0.469,0.162,16
$GNSS,2025-07-29T15:22:43.300Z,40.2673342,-111.6359123,1509.580,0.196,0.258,0.098,0.279,0.469,0.154,16
$GNSS,2025-07-29T15:22:43.350Z,40.2673342,-111.6359120,1509.585,0.184,0.465,0.071,0.279,0.470,0.159,16
$GNSS,2025-07-29T15:22:43.400Z,40.2673344,-111.6359114,1509.565,0.303,0.790,0.063,0.279,0.470,0.166,15
$GNSS,2025-07-29T15:22:43.450Z,40.2673345,-111.6359110,1509.582,0.238,0.774,-0.006,0.279,0.469,0.149,16
$GNSS,2025-07-29T15:22:43.500Z,40.2673344,-111.6359106,1509.578,-0.003,0.789,0.149,0.279,0.468,0.162,16
$GNSS,2025-07-29T15:22:43.550Z,40.2673343,-111.6359102,1509.551,-0.295,0.697,0.268,0.279,0.469,0.167,16
$GNSS,2025-07-29T15:22:43.600Z,40.2673341,-111.6359100,1509.560,-0.420,0.502,0.096,0.279,0.470,0.157,16
$GNSS,2025-07-29T15:22:43.650Z,40.2673339,-111.6359098,1509.605,-0.327,0.315,-0.223,0.279,0.470,0.199,16
$GNSS,2025-07-29T15:22:43.700Z,40.2673338,-111.6359096,1509.606,-0.170,0.368,-0.151,0.279,0.470,0.177,16
$GNSS,2025-07-29T15:22:43.750Z,40.2673339,-111.6359093,1509.583,0.104,0.648,-0.006,0.278,0.471,0.145,16
$GNSS,2025-07-29T15:22:43.800Z,40.2673340,-111.6359089,1509.578,0.161,0.685,-0.064,0.278,0.471,0.139,16
$GNSS,2025-07-29T15:22:43.850Z,40.2673340,-111.6359086,1509.588,0.208,0.574,-0.158,0.278,0.472,0.144,16
$GNSS,2025-07-29T15:22:43.900Z,40.2673341,-111.6359084,1509.596,0.080,0.349,-0.164,0.278,0.472,0.147,16
$GNSS,2025-07-29T15:22:43.950Z,40.2673342,-111.6359083,1509.560,0.114,0.284,0.000,0.278,0.472,0.137,16
$GNSS,2025-07-29T15:22:44.000Z,40.2673343,-111.6359082,1509.498,0.132,0.182,0.344,0.278,0.473,0.255,16
$GNSS,2025-07-29T15:22:44.050Z,40.2673343,-111.6359082,1509.506,0.007,0.011,0.298,0.278,0.472,0.244,16
$GNSS,2025-07-29T15:22:44.100Z,40.2673344,-111.6359084,1509.492,0.274,-0.235,0.421,0.278,0.471,0.249,16
$GNSS,2025-07-29T15:22:44.150Z,40.2673345,-111.6359085,1509.477,0.134,-0.270,0.317,0.278,0.472,0.308,16
$GNSS,2025-07-29T15:22:44.200Z,40.2673345,-111.6359087,1509.419,0.046,-0.275,0.565,0.278,0.473,0.368,16
$GNSS,2025-07-29T15:22:44.250Z,40.2673346,-111.6359087,1509.368,0.053,-0.054,0.791,0.278,0.472,0.345,16
$GNSS,2025-07-29T15:22:44.300Z,40.2673347,-111.6359088,1509.332,0.290,-0.114,0.656,0.278,0.472,0.336,16
$GNSS,2025-07-29T15:22:44.350Z,40.2673351,-111.6359090,1509.257,0.612,-0.385,0.881,0.278,0.473,0.327,16
$GNSS,2025-07-29T15:22:44.400Z,40.2673353,-111.6359091,1509.205,0.420,-0.308,0.965,0.278,0.472,0.317,16
$GNSS,2025-07-29T15:22:44.450Z,40.2673354,-111.6359091,1509.199,0.069,0.023,0.533,0.278,0.473,0.399,16
$GNSS,2025-07-29T15:22:44.500Z,40.2673354,-111.6359090,1509.184,-0.043,0.018,0.346,0.278,0.473,0.405,16
$GNSS,2025-07-29T15:22:44.550Z,40.2673353,-111.6359090,1509.176,-0.118,-0.109,0.143,0.278,0.474,0.278,16
$GNSS,2025-07-29T15:22:44.600Z,40.2673352,-111.6359090,1509.168,-0.023,-0.142,0.014,0.277,0.475,0.162,16
$GNSS,2025-07-29T15:22:44.650Z,40.2673354,-111.6359090,1509.215,0.410,-0.033,-0.370,0.277,0.475,0.301,16
$GNSS,2025-07-29T15:22:44.700Z,40.2673355,-111.6359091,1509.231,0.119,-0.026,-0.363,0.277,0.475,0.369,16
$GNSS,2025-07-29T15:22:44.750Z,40.2673354,-111.6359092,1509.288,-0.072,-0.119,-0.673,0.277,0.476,0.366,16
$GNSS,2025-07-29T15:22:44.800Z,40.2673353,-111.6359092,1509.318,-0.180,-0.073,-0.669,0.277,0.476,0.323,16
$GNSS,2025-07-29T15:22:44.850Z,40.2673353,-111.6359093,1509.305,-0.119,-0.134,-0.317,0.277,0.476,0.300,16
$GNSS,2025-07-29T15:22:44.900Z,40.2673353,-111.6359094,1509.325,-0.004,-0.165,-0.341,0.276,0.476,0.296,16
$GNSS,2025-07-29T15:22:44.950Z,40.2673352,-111.6359094,1509.292,-0.293,-0.024,0.183,0.276,0.476,0.187,16
$GNSS,2025-07-29T15:22:45.000Z,40.2673350,-111.6359094,1509.254,-0.316,-0.007,0.530,0.277,0.475,0.238,16
$GNSS,2025-07-29T15:22:45.050Z,40.2673349,-111.6359095,1509.260,-0.302,-0.156,0.265,0.277,0.475,0.201,16
$GNSS,2025-07-29T15:22:45.100Z,40.2673349,-111.6359097,1509.264,-0.169,-0.175,0.017,0.277,0.475,0.163,16
$GNSS,2025-07-29T15:22:45.150Z,40.2673348,-111.6359098,1509.268,-0.070,-0.224,-0.043,0.277,0.476,0.141,16
$GNSS,2025-07-29T15:22:45.200Z,40.2673348,-111.6359100,1509.277,-0.135,-0.228,-0.110,0.277,0.476,0.169,16
$GNSS,2025-07-29T15:22:45.250Z,40.2673347,-111.6359101,1509.276,-0.206,-0.221,-0.032,0.277,0.476,0.156,16
$GNSS,2025-07-29T15:22:45.300Z,40.2673345,-111.6359102,1509.273,-0.202,-0.118,-0.022,0.277,0.476,0.173,16
$GNSS,2025-07-29T15:22:45.350Z,40.2673344,-111.6359103,1509.272,-0.195,-0.171,0.047,0.277,0.475,0.164,16
$GNSS,2025-07-29T15:22:45.400Z,40.2673343,-111.6359104,1509.280,-0.156,-0.175,-0.012,0.277,0.474,0.159,16
$GNSS,2025-07-29T15:22:45.450Z,40.2673342,-111.6359105,1509.298,-0.171,-0.152,-0.142,0.276,0.474,0.192,16
$GNSS,2025-07-29T15:22:45.500Z,40.2673340,-111.6359106,1509.309,-0.205,-0.208,-0.142,0.276,0.473,0.180,16
$GNSS,2025-07-29T15:22:45.550Z,40.2673339,-111.6359106,1509.308,-0.191,-0.087,-0.091,0.276,0.472,0.178,16
$GNSS,2025-07-29T15:22:45.600Z,40.2673338,-111.6359106,1509.303,-0.024,-0.009,-0.050,0.275,0.471,0.219,16
$GNSS,2025-07-29T15:22:45.650Z,40.2673338,-111.6359106,1509.299,0.180,-0.047,0.048,0.275,0.470,0.147,16
$GNSS,2025-07-29T15:22:45.700Z,40.2673338,-111.6359105,1509.299,0.152,-0.055,0.036,0.275,0.469,0.144,16
$GNSS,2025-07-29T15:22:45.750Z,40.2673338,-111.6359107,1509.295,-0.030,-0.154,0.006,0.274,0.469,0.135,16
$GNSS,2025-07-29T15:22:45.800Z,40.2673337,-111.6359107,1509.295,-0.131,-0.041,0.035,0.274,0.468,0.158,16
$GNSS,2025-07-29T15:22:45.850Z,40.2673336,-111.6359107,1509.295,-0.131,0.025,0.011,0.274,0.468,0.149,16
$GNSS,2025-07-29T15:22:45.900Z,40.2673335,-111.6359108,1509.299,-0.160,-0.054,-0.007,0.274,0.468,0.157,16
$GNSS,2025-07-29T15:22:45.950Z,40.2673334,-111.6359109,1509.296,-0.017,-0.042,0.046,0.274,0.468,0.183,16
$GNSS,2025-07-29T15:22:46.000Z,40.2673334,-111.6359109,1509.292,-0.055,0.021,0.090,0.274,0.468,0.211,16
$GNSS,2025-07-29T15:22:46.050Z,40.2673333,-111.6359109,1509.296,-0.042,0.068,0.057,0.274,0.468,0.193,16
$GNSS,2025-07-29T15:22:46.100Z,40.2673332,-111.6359109,1509.296,-0.209,0.079,0.032,0.273,0.468,0.169,16
$GNSS,2025-07-29T15:22:46.150Z,40.2673331,-111.6359109,1509.286,-0.142,0.016,-0.003,0.274,0.468,0.176,16
$GNSS,2025-07-29T15:22:46.200Z,40.2673331,-111.6359109,1509.276,-0.101,0.037,0.010,0.274,0.469,0.178,16
$GNSS,2025-07-29T15:22:46.250Z,40.2673330,-111.6359109,1509.276,-0.088,-0.009,0.067,0.274,0.468,0.204,16
$GNSS,2025-07-29T15:22:46.300Z,40.2673330,-111.6359109,1509.288,-0.082,0.034,0.047,0.274,0.468,0.194,16
$GNSS,2025-07-29T15:22:46.350Z,40.2673329,-111.6359109,1509.294,-0.190,0.079,0.046,0.274,0.467,0.175,16
$GNSS,2025-07-29T15:22:46.400Z,40.2673328,-111.6359109,1509.294,-0.237,-0.029,0.009,0.274,0.467,0.183,16
$GNSS,2025-07-29T15:22:46.450Z,40.2673327,-111.6359109,1509.295,-0.219,0.029,-0.049,0.274,0.466,0.189,16
$GNSS,2025-07-29T15:22:46.500Z,40.2673326,-111.6359109,1509.294,-0.117,-0.032,-0.036,0.274,0.465,0.194,16
$GNSS,2025-07-29T15:22:46.550Z,40.2673326,-111.6359109,1509.291,-0.108,-0.014,0.068,0.274,0.465,0.177,16
$GNSS,2025-07-29T15:22:46.600Z,40.2673325,-111.6359109,1509.280,-0.137,-0.033,0.080,0.275,0.464,0.179,16
$GNSS,2025-07-29T15:22:46.650Z,40.2673325,-111.6359110,1509.282,0.042,-0.038,0.063,0.275,0.464,0.191,16
$GNSS,2025-07-29T15:22:46.700Z,40.2673325,-111.6359110,1509.283,0.001,-0.049,0.039,0.275,0.464,0.145,16
$GNSS,2025-07-29T15:22:46.750Z,40.2673325,-111.6359111,1509.289,0.045,-0.049,-0.054,0.275,0.463,0.189,16
$GNSS,2025-07-29T15:22:46.800Z,40.2673325,-111.6359111,1509.287,-0.023,-0.053,-0.019,0.275,0.463,0.179,16
$GNSS,2025-07-29T15:22:46.850Z,40.2673324,-111.6359112,1509.277,-0.075,-0.107,-0.052,0.276,0.463,0.190,16
$GNSS,2025-07-29T15:22:46.900Z,40.2673324,-111.6359112,1509.261,-0.026,-0.104,0.015,0.276,0.462,0.140,16
$GNSS,2025-07-29T15:22:46.950Z,40.2673323,-111.6359113,1509.259,-0.114,-0.108,-0.024,0.276,0.463,0.188,16
$GNSS,2025-07-29T15:22:47.000Z,40.2673322,-111.6359113,1509.253,-0.173,-0.051,-0.012,0.276,0.463,0.206,16
$GNSS,2025-07-29T15:22:47.050Z,40.2673321,-111.6359113,1509.252,-0.075,-0.068,0.027,0.276,0.463,0.160,16
$GNSS,2025-07-29T15:22:47.100Z,40.2673321,-111.6359113,1509.249,-0.007,0.012,0.039,0.277,0.463,0.206,16
$GNSS,2025-07-29T15:22:47.150Z,40.2673320,-111.6359113,1509.243,-0.108,-0.002,0.003,0.277,0.463,0.189,16
$GNSS,2025-07-29T15:22:47.200Z,40.2673319,-111.6359113,1509.240,-0.096,-0.026,0.039,0.277,0.464,0.169,16
$GNSS,2025-07-29T15:22:47.250Z,40.2673318,-111.6359113,1509.245,-0.091,0.011,0.094,0.277,0.464,0.166,16
$GNSS,2025-07-29T15:22:47.300Z,40.2673317,-111.6359114,1509.249,-0.150,-0.061,0.052,0.277,0.464,0.170,16
$GNSS,2025-07-29T15:22:47.350Z,40.2673316,-111.6359114,1509.256,-0.154,-0.048,-0.010,0.278,0.464,0.193,16
$GNSS,2025-07-29T15:22:47.400Z,40.2673315,-111.6359114,1509.263,-0.193,0.037,-0.059,0.278,0.465,0.208,16
$GNSS,2025-07-29T15:22:47.450Z,40.2673314,-111.6359115,1509.265,-0.124,-0.008,-0.029,0.278,0.465,0.208,16
$GNSS,2025-07-29T15:22:47.500Z,40.2673314,-111.6359114,1509.259,0.028,0.082,-0.026,0.278,0.466,0.135,16
$GNSS,2025-07-29T15:22:47.550Z,40.2673313,-111.6359114,1509.255,-0.046,0.027,-0.038,0.279,0.466,0.212,16
$GNSS,2025-07-29T15:22:47.600Z,40.2673313,-111.6359114,1509.253,0.003,-0.008,0.006,0.279,0.466,0.198,16
$GNSS,2025-07-29T15:22:47.650Z,40.2673312,-111.6359115,1509.258,-0.042,-0.060,0.056,0.279,0.467,0.151,16
$GNSS,2025-07-29T15:22:47.700Z,40.2673312,-111.6359114,1509.257,-0.025,0.002,0.048,0.279,0.467,0.188,16
$GNSS,2025-07-29T15:22:47.750Z,40.2673311,-111.6359114,1509.264,-0.023,0.050,-0.090,0.280,0.468,0.203,16
$GNSS,2025-07-29T15:22:47.800Z,40.2673312,-111.6359114,1509.263,0.059,-0.006,-0.046,0.280,0.469,0.176,16
$GNSS,2025-07-29T15:22:47.850Z,40.2673312,-111.6359114,1509.269,0.027,-0.083,-0.027,0.280,0.469,0.142,16
$GNSS,2025-07-29T15:22:47.900Z,40.2673311,-111.6359114,1509.273,-0.048,0.025,0.020,0.280,0.470,0.179,16
$GNSS,2025-07-29T15:22:47.950Z,40.2673311,-111.6359113,1509.272,-0.022,0.000,0.045,0.281,0.470,0.188,16
$GNSS,2025-07-29T15:22:48.000Z,40.2673310,-111.6359113,1509.275,-0.091,-0.021,-0.021,0.281,0.471,0.215,16
$GNSS,2025-07-29T15:22:48.050Z,40.2673310,-111.6359114,1509.288,-0.003,-0.077,-0.086,0.281,0.472,0.192,16
$GNSS,2025-07-29T15:22:48.100Z,40.2673310,-111.6359114,1509.307,0.057,-0.116,-0.144,0.281,0.473,0.194,16
$GNSS,2025-07-29T15:22:48.150Z,40.2673310,-111.6359115,1509.322,-0.039,-0.099,-0.137,0.282,0.473,0.216,16
$GNSS,2025-07-29T15:22:48.200Z,40.2673309,-111.6359115,1509.334,-0.117,-0.109,-0.095,0.282,0.474,0.200,16
$GNSS,2025-07-29T15:22:48.250Z,40.2673308,-111.6359116,1509.355,-0.060,-0.166,-0.093,0.282,0.475,0.181,16
$GNSS,2025-07-29T15:22:48.300Z,40.2673308,-111.6359117,1509.362,-0.108,-0.085,-0.123,0.283,0.476,0.226,16
$GNSS,2025-07-29T15:22:48.350Z,40.2673308,-111.6359117,1509.366,0.005,-0.153,-0.182,0.283,0.477,0.220,16
$GNSS,2025-07-29T15:22:48.400Z,40.2673309,-111.6359117,1509.358,0.155,-0.068,-0.037,0.283,0.478,0.200,16
$GNSS,2025-07-29T15:22:48.450Z,40.2673309,-111.6359118,1509.358,0.101,-0.029,0.034,0.284,0.479,0.222,16
$GNSS,2025-07-29T15:22:48.500Z,40.2673310,-111.6359118,1509.348,0.147,-0.136,0.065,0.284,0.479,0.215,16
$GNSS,2025-07-29T15:22:48.550Z,40.2673311,-111.6359119,1509.348,0.177,-0.140,0.006,0.284,0.480,0.202,16
$GNSS,2025-07-29T15:22:48.600Z,40.2673312,-111.6359120,1509.343,0.184,-0.127,-0.005,0.284,0.480,0.199,16
$GNSS,2025-07-29T15:22:48.650Z,40.2673313,-111.6359120,1509.349,0.005,-0.076,-0.008,0.284,0.480,0.142,16
$GNSS,2025-07-29T15:22:48.700Z,40.2673312,-111.6359120,1509.345,-0.107,-0.014,0.094,0.284,0.480,0.155,16
$GNSS,2025-07-29T15:22:48.750Z,40.2673312,-111.6359120,1509.366,-0.054,0.084,0.081,0.284,0.480,0.182,16
$GNSS,2025-07-29T15:22:48.800Z,40.2673312,-111.6359119,1509.375,-0.028,0.156,0.127,0.284,0.480,0.180,16
$GNSS,2025-07-29T15:22:48.850Z,40.2673313,-111.6359119,1509.383,0.041,0.054,0.084,0.284,0.480,0.210,16
$GNSS,2025-07-29T15:22:48.900Z,40.2673313,-111.6359119,1509.383,0.039,-0.014,0.023,0.284,0.479,0.205,16
$GNSS,2025-07-29T15:22:48.950Z,40.2673313,-111.6359119,1509.393,-0.026,-0.030,-0.119,0.284,0.479,0.223,16
$GNSS,2025-07-29T15:22:49.000Z,40.2673313,-111.6359120,1509.405,-0.076,-0.064,-0.060,0.284,0.479,0.191,16
$GNSS,2025-07-29T15:22:49.050Z,40.2673313,-111.6359120,1509.407,-0.087,0.018,0.064,0.284,0.479,0.166,16
$GNSS,2025-07-29T15:22:49.100Z,40.2673313,-111.6359120,1509.407,-0.068,0.032,0.010,0.285,0.479,0.186,16
$GNSS,2025-07-29T15:22:49.150Z,40.2673313,-111.6359120,1509.408,-0.091,0.008,0.050,0.285,0.480,0.160,16
$GNSS,2025-07-29T15:22:49.200Z,40.2673313,-111.6359119,1509.416,-0.015,-0.005,0.040,0.285,0.480,0.186,16
$GNSS,2025-07-29T15:22:49.250Z,40.2673314,-111.6359120,1509.424,0.136,-0.048,0.020,0.285,0.480,0.201,16
$GNSS,2025-07-29T15:22:49.300Z,40.2673315,-111.6359120,1509.418,0.086,-0.122,-0.008,0.285,0.480,0.167,16
$GNSS,2025-07-29T15:22:49.350Z,40.2673315,-111.6359120,1509.417,0.058,-0.041,0.012,0.286,0.481,0.196,16
$GNSS,2025-07-29T15:22:49.400Z,40.2673315,-111.6359119,1509.430,-0.026,0.046,0.014,0.286,0.481,0.158,16
$GNSS,2025-07-29T15:22:49.450Z,40.2673314,-111.6359118,1509.435,-0.065,0.114,0.126,0.286,0.481,0.186,16
$GNSS,2025-07-29T15:22:49.500Z,40.2673315,-111.6359117,1509.436,0.073,0.171,0.172,0.287,0.482,0.209,16
$GNSS,2025-07-29T15:22:49.550Z,40.2673314,-111.6359116,1509.436,-0.031,0.147,0.133,0.287,0.482,0.188,16
$GNSS,2025-07-29T15:22:49.600Z,40.2673314,-111.6359116,1509.442,-0.025,-0.028,0.057,0.287,0.483,0.174,16
$GNSS,2025-07-29T15:22:49.650Z,40.2673313,-111.6359116,1509.437,-0.061,-0.095,-0.009,0.287,0.483,0.149,16
$GNSS,2025-07-29T15:22:49.700Z,40.2673314,-111.6359116,1509.427,0.026,-0.031,-0.001,0.288,0.483,0.162,16
$GNSS,2025-07-29T15:22:49.750Z,40.2673314,-111.6359114,1509.423,0.174,0.172,0.084,0.288,0.484,0.195,16
$GNSS,2025-07-29T15:22:49.800Z,40.2673314,-111.6359113,1509.424,0.002,0.072,0.009,0.288,0.484,0.129,16
$GNSS,2025-07-29T15:22:49.850Z,40.2673314,-111.6359113,1509.413,0.035,0.008,0.028,0.288,0.484,0.242,16
$GNSS,2025-07-29T15:22:49.900Z,40.2673314,-111.6359113,1509.405,0.016,0.018,0.043,0.288,0.484,0.233,16
$GNSS,2025-07-29T15:22:49.950Z,40.2673314,-111.6359112,1509.405,-0.013,0.016,0.007,0.289,0.484,0.158,16
$GNSS,2025-07-29T15:22:50.000Z,40.2673314,-111.6359112,1509.406,0.002,-0.003,-0.032,0.289,0.484,0.197,16
$GNSS,2025-07-29T15:22:50.050Z,40.2673314,-111.6359112,1509.399,-0.002,-0.013,0.006,0.289,0.484,0.120,16
$GNSS,2025-07-29T15:22:50.100Z,40.2673314,-111.6359112,1509.391,0.019,0.043,0.024,0.289,0.484,0.179,16
$GNSS,2025-07-29T15:22:50.150Z,40.2673314,-111.6359111,1509.387,-0.022,0.055,0.030,0.289,0.484,0.156,15
$GNSS,2025-07-29T15:22:50.200Z,40.2673315,-111.6359111,1509.389,0.005,0.051,0.014,0.289,0.484,0.143,15
$GNSS,2025-07-29T15:22:50.250Z,40.2673314,-111.6359111,1509.397,-0.027,0.022,-0.054,0.289,0.485,0.214,15
$GNSS,2025-07-29T15:22:50.300Z,40.2673314,-111.6359111,1509.404,-0.035,-0.002,-0.096,0.289,0.485,0.227,16
