{
  "version": 1,
  "inertial": [
    {
      "t": 671.32,
      "position": [
        -2.5074192363935013,
        0.8702613538322413,
        -4.166800996447868
      ],
      "zoom": 1
    }
  ],
  "body": [
    {
      "t": 0,
      "position": [
        -1.1772042947812933,
        1.9383351413696521,
        -2.4781084196222465
      ],
      "zoom": 1
    },
    {
      "t": 636.27,
      "position": [
        -1.1772042947812933,
        1.9383351413696521,
        -2.4781084196222465
      ],
      "zoom": 1
    }
  ],
  "captureStart": 629.92,
  "captureEnd": 671.32
}