{
  "version": 1,
  "createdAt": "2026-03-29T02:34:48.027Z",
  "hardIron": {
    "x": -0.3021,
    "y": -0.7731,
    "z": -0.5865
  },
  "softIronMatrix": [
    [
      0.9397296183893945,
      0.012157441073721633,
      0.04468753178086147
    ],
    [
      0.012157441073721633,
      0.9740035387065229,
      0.049481767049670465
    ],
    [
      0.044687531780861524,
      0.04948176704967052,
      1.0005300518890163
    ]
  ],
  "gyroBias": {
    "x": -0.1339,
    "y": -0.1801,
    "z": -0.239
  },
  "accelBias": {
    "x": -0.0118,
    "y": 0.0123,
    "z": 0.045
  },
  "magAxisRemap": {
    "bodyX": "-X",
    "bodyY": "+Y",
    "bodyZ": "-Z"
  }
}