$FLYS,1
$VAR,FIRMWARE_VER,v2024.06.09.starter_pistol
$VAR,DEVICE_ID,0017003b3253501720373657
$VAR,SESSION_ID,b596a1fc2a55ef4edde1453b
$COL,BARO,time,pressure,temperature
$UNIT,BARO,s,Pa,deg C
$COL,HUM,time,humidity,temperature
$UNIT,HUM,s,percent,deg C
$COL,MAG,time,x,y,z,temperature
$UNIT,MAG,s,gauss,gauss,gauss,deg C
$COL,IMU,time,wx,wy,wz,ax,ay,az,temperature
$UNIT,IMU,s,deg/s,deg/s,deg/s,g,g,g,deg C
$COL,TIME,time,tow,week
$UNIT,TIME,s,s,
$COL,VBAT,time,voltage
$UNIT,VBAT,s,volt
$DATA
$IMU,56626.593,3.417,-3.356,-2.685,0.02148,0.37402,0.89306,31.19
$BARO,56626.653,69369.30,32.06
$MAG,56626.659,-0.483,-0.846,-0.744,30.7
$IMU,56626.668,3.723,-2.990,-0.427,0.05859,0.39013,0.93847,31.24
$HUM,56626.698,12.9,32.4
$IMU,56626.743,1.586,7.934,2.563,-0.00244,0.38916,0.91845,31.18
$BARO,56626.754,69377.00,32.06
$MAG,56626.760,-0.499,-0.843,-0.751,30.3
$IMU,56626.818,-0.488,7.629,-0.549,0.02441,0.42724,0.94140,31.24
$BARO,56626.856,69386.09,32.07
$MAG,56626.861,-0.492,-0.838,-0.748,30.5
$IMU,56626.893,-8.300,8.666,1.831,0.00634,0.38085,0.94726,31.22
$BARO,56626.957,69371.29,32.07
$MAG,56626.962,-0.489,-0.837,-0.763,30.7
$IMU,56626.968,-8.728,4.211,4.516,-0.01025,0.37451,0.94677,31.25
$IMU,56627.044,-4.333,-1.831,0.427,0.03759,0.39941,0.95898,31.30
$BARO,56627.059,69377.14,32.08
$MAG,56627.063,-0.492,-0.832,-0.768,30.7
$IMU,56627.119,-10.437,7.263,1.953,0.01318,0.36328,0.95556,31.28
$BARO,56627.160,69375.12,32.08
$MAG,56627.164,-0.484,-0.829,-0.787,30.6
$IMU,56627.194,-12.084,8.972,0.000,-0.10546,0.28613,0.95947,31.32
$BARO,56627.262,69382.63,32.08
$MAG,56627.265,-0.475,-0.828,-0.798,30.5
$IMU,56627.269,-9.338,-7.507,-17.272,-0.11718,0.26855,0.91015,31.24
$IMU,56627.344,-12.512,-13.305,-30.212,0.07177,0.25781,0.92529,31.37
$BARO,56627.363,69369.03,32.08
$MAG,56627.365,-0.453,-0.831,-0.811,30.5
$IMU,56627.419,-23.742,21.484,-20.568,0.03955,0.23193,0.97851,31.33
$BARO,56627.464,69373.66,32.08
$MAG,56627.466,-0.412,-0.820,-0.844,30.6
$IMU,56627.494,-34.179,48.522,-12.695,-0.17431,0.20166,0.96142,31.32
$VBAT,56627.534,3.860
$BARO,56627.566,69374.49,32.08
$MAG,56627.567,-0.394,-0.811,-0.886,30.8
$IMU,56627.569,-34.912,33.874,-13.244,-0.25488,0.16748,1.00976,31.36
$IMU,56627.644,-31.616,4.333,-6.958,-0.20800,0.16162,1.01953,31.34
$BARO,56627.667,69384.38,32.09
$MAG,56627.668,-0.391,-0.789,-0.907,30.5
$HUM,56627.714,26.4,32.5
$IMU,56627.719,-29.907,-11.901,3.845,-0.16308,0.10156,1.00048,31.37
$BARO,56627.769,69377.90,32.09
$MAG,56627.769,-0.408,-0.766,-0.919,30.7
$IMU,56627.794,-26.184,-10.681,8.972,-0.14843,0.07177,0.99414,31.35
$IMU,56627.869,-20.324,-1.159,6.591,-0.13623,0.04296,0.99218,31.33
$BARO,56627.870,69380.75,32.09
$MAG,56627.870,-0.402,-0.753,-0.933,30.3
$IMU,56627.944,-15.563,6.591,2.197,-0.15429,0.02001,1.00439,31.40
$MAG,56627.971,-0.403,-0.741,-0.945,30.5
$BARO,56627.972,69382.56,32.09
$IMU,56628.019,-13.000,5.310,-3.601,-0.15917,-0.01123,1.00878,31.37
$MAG,56628.072,-0.393,-0.744,-0.946,30.6
$BARO,56628.073,69373.61,32.10
$IMU,56628.095,-7.690,-0.976,-11.474,-0.16259,-0.04736,1.00048,31.40
$IMU,56628.170,-2.868,-5.187,-22.766,-0.12158,-0.04638,0.99804,31.36
$MAG,56628.172,-0.384,-0.741,-0.952,30.7
$BARO,56628.175,69379.70,32.10
$IMU,56628.245,-2.502,-0.732,-30.273,-0.10839,-0.07714,1.00634,31.38
$MAG,56628.273,-0.358,-0.766,-0.952,30.6
$BARO,56628.276,69379.07,32.10
$IMU,56628.320,1.159,7.507,-32.409,-0.15283,-0.09326,1.01464,31.36
$MAG,56628.374,-0.324,-0.760,-0.951,30.6
$BARO,56628.377,69374.41,32.10
$IMU,56628.395,3.723,9.521,-37.719,-0.17382,-0.11230,0.99218,31.40
$IMU,56628.470,6.042,6.530,-42.053,-0.17773,-0.10302,0.98632,31.37
$MAG,56628.475,-0.291,-0.765,-0.945,30.8
$BARO,56628.479,69380.70,32.10
$IMU,56628.545,4.516,5.004,-42.358,-0.18750,-0.12939,1.00585,31.42
$VBAT,56628.552,3.850
$MAG,56628.576,-0.256,-0.768,-0.949,31.0
$BARO,56628.580,69372.39,32.10
$IMU,56628.620,4.638,4.943,-35.766,-0.19482,-0.11816,0.99511,31.35
$MAG,56628.677,-0.228,-0.775,-0.948,30.6
$BARO,56628.682,69373.17,32.11
$IMU,56628.695,5.004,3.479,-28.320,-0.20898,-0.09179,0.97363,31.41
$HUM,56628.731,27.6,32.5
$IMU,56628.770,1.647,-1.770,-24.047,-0.19335,-0.13037,0.98828,31.37
$MAG,56628.778,-0.214,-0.765,-0.943,30.7
$BARO,56628.783,69379.87,32.11
$IMU,56628.845,0.488,-3.051,-18.371,-0.17871,-0.12451,1.00341,31.41
$MAG,56628.879,-0.204,-0.762,-0.936,30.5
$BARO,56628.884,69376.19,32.11
$IMU,56628.920,1.953,-0.305,-10.925,-0.18408,-0.10253,0.99755,31.39
$MAG,56628.979,-0.204,-0.768,-0.946,30.7
$BARO,56628.986,69381.04,32.12
$IMU,56628.995,1.525,1.647,-6.591,-0.19140,-0.11279,0.97363,31.35
$IMU,56629.071,1.220,0.549,-1.403,-0.17382,-0.09130,0.97998,31.40
$MAG,56629.080,-0.205,-0.756,-0.942,30.7
$BARO,56629.087,69378.63,32.11
$IMU,56629.146,-1.098,-0.244,5.065,-0.16210,-0.09667,0.99560,31.42
$MAG,56629.181,-0.204,-0.759,-0.940,30.6
$BARO,56629.189,69373.56,32.11
$IMU,56629.221,-3.417,-0.122,10.314,-0.15966,-0.09863,1.01367,31.44
$MAG,56629.282,-0.222,-0.757,-0.942,30.7
$BARO,56629.290,69375.56,32.12
$IMU,56629.296,-5.371,0.061,10.681,-0.15039,-0.11816,1.02441,31.40
$IMU,56629.371,-7.385,1.831,6.591,-0.09716,-0.08984,0.97802,31.40
$MAG,56629.383,-0.223,-0.757,-0.949,30.7
$BARO,56629.391,69373.34,32.12
$IMU,56629.446,-6.469,7.080,6.286,-0.09130,-0.14355,0.99707,31.45
$MAG,56629.484,-0.214,-0.756,-0.943,30.6
$BARO,56629.493,69380.24,32.12
$IMU,56629.521,-5.859,11.413,5.920,-0.12939,-0.14062,0.99755,31.43
$VBAT,56629.570,3.850
$MAG,56629.585,-0.213,-0.742,-0.948,30.7
$BARO,56629.594,69376.75,32.12
$IMU,56629.596,-4.394,8.483,-0.732,-0.15722,-0.17773,0.99414,31.43
$IMU,56629.671,-1.159,3.601,-8.911,-0.16455,-0.13525,0.97998,31.46
$MAG,56629.685,-0.202,-0.753,-0.949,30.8
$BARO,56629.696,69372.88,32.13
$IMU,56629.746,-1.953,1.037,-17.272,-0.20849,-0.16064,0.98095,31.44
$HUM,56629.747,25.6,32.5
$MAG,56629.786,-0.190,-0.745,-0.958,30.7
$BARO,56629.797,69381.19,32.13
$IMU,56629.821,-3.601,-2.929,-20.446,-0.23046,-0.22998,1.01269,31.42
$MAG,56629.887,-0.172,-0.732,-0.960,30.7
$IMU,56629.896,-3.540,-7.568,-15.869,-0.26416,-0.15625,0.93603,31.48
$BARO,56629.899,69379.75,32.13
$IMU,56629.971,0.183,-10.681,-11.962,-0.23632,-0.17236,0.93554,31.41
$MAG,56629.988,-0.181,-0.736,-0.958,30.7
$BARO,56630.000,69373.05,32.14
$IMU,56630.047,4.394,-8.361,-2.319,-0.30322,-0.15722,0.98388,31.49
$MAG,56630.089,-0.189,-0.732,-0.969,30.6
$BARO,56630.101,69381.34,32.14
$IMU,56630.122,1.708,-10.498,1.098,-0.28710,-0.12304,0.97265,31.49
$MAG,56630.190,-0.193,-0.732,-0.961,31.0
$IMU,56630.197,-2.258,-5.798,0.061,-0.23339,-0.09814,0.90917,31.44
$BARO,56630.203,69379.53,32.14
$IMU,56630.272,0.183,4.394,0.732,-0.24658,-0.11376,0.98876,31.43
$MAG,56630.290,-0.186,-0.738,-0.961,30.7
$BARO,56630.304,69374.44,32.14
$IMU,56630.347,2.685,8.361,11.535,-0.29345,-0.15527,1.07470,31.46
$MAG,56630.391,-0.201,-0.741,-0.954,30.5
$BARO,56630.406,69374.22,32.15
$IMU,56630.422,9.460,2.136,29.418,-0.26904,-0.10986,1.04785,31.48
$MAG,56630.492,-0.249,-0.771,-0.936,31.0
$IMU,56630.497,24.475,-5.187,47.668,-0.21679,-0.09912,1.09277,31.48
$BARO,56630.507,69380.90,32.15
$IMU,56630.572,35.034,-5.798,63.232,-0.16162,-0.04199,1.11816,31.49
$VBAT,56630.588,3.863
$MAG,56630.593,-0.295,-0.799,-0.901,31.0
$BARO,56630.609,69377.46,32.15
$IMU,56630.647,35.888,1.464,67.382,-0.19921,-0.05810,1.01660,31.47
$MAG,56630.694,-0.337,-0.819,-0.868,31.0
$BARO,56630.710,69380.85,32.16
$IMU,56630.722,48.583,3.601,53.588,-0.25537,-0.05224,0.96337,31.50
$HUM,56630.764,25.7,32.5
$MAG,56630.795,-0.360,-0.846,-0.807,31.0
$IMU,56630.797,67.565,3.601,29.052,-0.14550,0.04931,0.96191,31.51
$BARO,56630.811,69374.80,32.16
$IMU,56630.872,77.819,27.648,17.761,0.02050,0.13818,0.82763,31.50
$MAG,56630.895,-0.360,-0.880,-0.718,31.0
$BARO,56630.913,69383.26,32.17
$IMU,56630.947,107.238,69.824,24.047,-0.33203,0.42382,0.82128,31.49
$MAG,56630.996,-0.370,-0.895,-0.624,30.8
$BARO,56631.014,69373.93,32.17
$IMU,56631.023,106.140,45.532,8.117,-0.37207,0.65087,0.68408,31.51
$MAG,56631.097,-0.385,-0.886,-0.547,31.0
$IMU,56631.098,90.698,18.005,-0.854,-0.17138,0.76367,0.50878,31.52
$BARO,56631.116,69373.49,32.18
$IMU,56631.173,80.322,28.564,9.765,-0.30029,0.73144,0.36279,31.47
$MAG,56631.198,-0.399,-0.870,-0.477,31.0
$BARO,56631.217,69384.24,32.17
$IMU,56631.248,90.515,15.136,2.441,-0.60546,0.88281,0.40820,31.50
$MAG,56631.299,-0.372,-0.847,-0.381,31.0
$BARO,56631.318,69377.12,32.18
$IMU,56631.323,86.914,-52.856,-16.174,-0.34960,0.90087,0.23486,31.55
$IMU,56631.398,74.951,-61.523,-16.052,-0.41308,0.99072,0.18554,31.49
$MAG,56631.400,-0.322,-0.823,-0.319,30.5
$BARO,56631.420,69373.68,32.18
$IMU,56631.473,42.358,-53.527,-11.596,-0.53173,1.09033,0.16455,31.53
$MAG,56631.501,-0.286,-0.822,-0.316,31.0
$BARO,56631.521,69373.46,32.19
$IMU,56631.548,-1.831,-63.232,-0.793,-0.43750,1.08007,0.07568,31.48
$MAG,56631.601,-0.252,-0.832,-0.348,31.0
$VBAT,56631.606,3.853
$BARO,56631.623,69378.73,32.19
$IMU,56631.623,-33.325,-70.312,15.502,-0.42822,0.92480,0.13867,31.50
$IMU,56631.698,-37.292,-96.191,23.803,-0.44335,0.83642,0.32861,31.52
$MAG,56631.702,-0.220,-0.861,-0.393,31.0
$BARO,56631.724,69377.70,32.19
$IMU,56631.773,-23.620,-140.991,25.817,0.09472,0.74609,0.37060,31.54
$HUM,56631.780,27.9,32.5
$MAG,56631.803,-0.208,-0.864,-0.435,31.0
$BARO,56631.825,69376.07,32.19
$IMU,56631.848,-19.958,-105.346,61.889,0.34912,0.83789,0.49072,31.54
$MAG,56631.904,-0.294,-0.891,-0.463,31.0
$IMU,56631.923,-39.794,-7.080,90.332,0.29687,0.60498,0.41455,31.54
$BARO,56631.927,69368.98,32.19
$IMU,56631.999,-8.239,51.513,65.185,-0.12011,0.97607,0.60498,31.55
$MAG,56632.005,-0.358,-0.882,-0.477,30.8
$BARO,56632.028,69372.81,32.20
$IMU,56632.074,-28.076,0.061,22.827,0.18554,0.85644,0.60742,31.52
$MAG,56632.106,-0.381,-0.891,-0.519,31.0
$BARO,56632.130,69371.56,32.21
$IMU,56632.149,-49.926,-0.549,33.142,0.25537,0.68066,0.72998,31.56
$MAG,56632.207,-0.420,-0.894,-0.562,31.0
$IMU,56632.224,-57.556,-8.361,42.846,0.29101,0.53906,0.61914,31.57
$BARO,56632.231,69375.83,32.21
$IMU,56632.299,-38.940,-20.874,15.136,0.56445,0.54101,0.65380,31.54
$MAG,56632.308,-0.430,-0.888,-0.598,31.0
$BARO,56632.332,69378.05,32.21
$IMU,56632.374,-23.986,-3.173,12.878,0.64208,0.42236,0.80664,31.60
$MAG,56632.408,-0.453,-0.882,-0.607,30.8
$BARO,56632.434,69382.90,32.21
$IMU,56632.449,-5.554,25.817,39.367,0.54736,0.45947,0.75927,31.62
$MAG,56632.509,-0.495,-0.864,-0.607,31.0
$IMU,56632.524,13.000,43.945,47.607,0.20361,0.55273,0.89013,31.61
$BARO,56632.535,69383.87,32.22
$IMU,56632.599,12.939,24.536,5.493,0.31103,0.59619,0.77880,31.56
$MAG,56632.610,-0.481,-0.865,-0.604,31.0
$VBAT,56632.623,3.860
$BARO,56632.637,69382.87,32.22
$IMU,56632.674,-10.620,18.188,-9.582,0.27050,0.61425,0.69921,31.57
$MAG,56632.711,-0.498,-0.861,-0.643,30.7
$BARO,56632.738,69377.58,32.22
$IMU,56632.749,-27.404,23.193,13.793,0.32519,0.46240,0.73876,31.58
$HUM,56632.797,27.2,32.5
$MAG,56632.812,-0.532,-0.825,-0.688,31.0
$IMU,56632.824,-33.264,41.320,44.982,0.16650,0.53613,0.80566,31.57
$BARO,56632.840,69370.88,32.22
$IMU,56632.899,-51.879,23.315,47.119,-0.08056,0.35693,0.88574,31.58
$MAG,56632.913,-0.559,-0.798,-0.738,30.8
$BARO,56632.941,69371.68,32.23
$IMU,56632.974,-57.922,-33.569,20.385,0.19140,0.31201,0.98779,31.60
$MAG,56633.014,-0.598,-0.777,-0.756,31.0
$BARO,56633.042,69372.66,32.24
$IMU,56633.050,-52.368,-61.096,13.061,0.63427,0.02783,0.99072,31.62
$MAG,56633.115,-0.622,-0.753,-0.775,31.0
$IMU,56633.125,-35.949,-14.892,30.761,0.75683,-0.26025,1.04638,31.55
$BARO,56633.144,69392.50,32.24
$IMU,56633.200,6.042,36.682,55.786,0.28222,0.14062,0.98876,31.62
$MAG,56633.215,-0.643,-0.721,-0.781,30.8
$BARO,56633.245,69378.68,32.25
$IMU,56633.275,13.244,-5.004,7.629,-0.00439,-0.00585,0.85107,31.60
$MAG,56633.316,-0.645,-0.756,-0.709,31.0
$BARO,56633.346,69370.22,32.24
$IMU,56633.350,28.442,-73.730,-34.790,0.60302,0.13183,0.92236,31.58
$MAG,56633.417,-0.657,-0.760,-0.676,31.1
$IMU,56633.425,24.475,-44.372,0.915,0.70654,0.22802,0.95605,31.58
$BARO,56633.448,69386.99,32.25
$IMU,56633.500,12.512,2.441,19.531,0.59228,0.02929,0.75488,31.61
$MAG,56633.518,-0.661,-0.757,-0.676,31.0
$BARO,56633.549,69382.51,32.26
$IMU,56633.575,25.085,12.878,7.080,0.48535,0.26855,0.79296,31.62
$MAG,56633.619,-0.661,-0.750,-0.654,31.0
$VBAT,56633.641,3.848
$IMU,56633.650,23.986,-4.699,-3.417,0.84179,0.18701,0.72949,31.66
$BARO,56633.651,69374.39,32.26
$MAG,56633.720,-0.648,-0.763,-0.646,31.0
$IMU,56633.725,34.912,14.221,-8.666,0.61962,0.11328,0.75195,31.61
$BARO,56633.752,69378.44,32.26
$IMU,56633.800,49.926,20.874,-28.320,0.50048,0.26904,0.81787,31.67
$HUM,56633.813,27.4,32.6
$MAG,56633.821,-0.627,-0.790,-0.609,31.0
$BARO,56633.853,69376.61,32.26
$IMU,56633.875,56.884,13.305,-31.677,0.32617,0.48144,0.81689,31.63
$MAG,56633.922,-0.609,-0.805,-0.559,31.0
$IMU,56633.950,53.161,3.173,-27.282,0.45556,0.62011,0.76123,31.66
$BARO,56633.955,69383.48,32.27
$MAG,56634.022,-0.594,-0.811,-0.541,31.0
$IMU,56634.026,44.006,16.235,-10.192,0.29150,0.69677,0.70410,31.64
$BARO,56634.056,69376.12,32.28
$IMU,56634.101,23.193,5.798,-6.958,0.29931,0.71582,0.67675,31.65
$MAG,56634.123,-0.589,-0.813,-0.541,31.0
$BARO,56634.158,69379.41,32.28
$IMU,56634.176,2.075,-5.249,-7.141,0.32128,0.65820,0.65917,31.67
$MAG,56634.224,-0.585,-0.813,-0.532,31.0
$IMU,56634.251,-5.859,-12.207,-1.586,0.30957,0.58251,0.72167,31.62
$BARO,56634.259,69384.21,32.29
$MAG,56634.325,-0.595,-0.805,-0.523,31.1
$IMU,56634.326,-0.671,-24.963,5.615,0.23925,0.63427,0.75537,31.69
$BARO,56634.360,69378.95,32.28
$IMU,56634.401,-4.943,-47.424,13.977,0.40625,0.77099,0.71289,31.67
$MAG,56634.426,-0.604,-0.796,-0.507,31.1
$BARO,56634.462,69377.31,32.29
$IMU,56634.476,-23.925,-51.025,43.823,0.33203,0.75634,0.69482,31.63
$MAG,56634.527,-0.651,-0.756,-0.487,31.0
$IMU,56634.551,-49.743,-70.556,70.373,0.48144,0.38378,0.46582,31.66
$BARO,56634.563,69384.14,32.30
$IMU,56634.626,-54.077,-97.595,82.153,0.64941,0.15283,0.38623,31.66
$MAG,56634.628,-0.673,-0.715,-0.463,31.0
$VBAT,56634.660,3.858
$BARO,56634.664,69389.06,32.30
$IMU,56634.701,-44.189,-120.849,49.865,1.01904,-0.06982,0.20019,31.70
$MAG,56634.728,-0.648,-0.717,-0.393,31.0
$BARO,56634.766,69382.31,32.31
$IMU,56634.776,-3.173,-87.097,19.592,1.34277,-0.02197,0.08789,31.69
$MAG,56634.829,-0.676,-0.664,-0.375,31.0
$HUM,56634.830,27.6,32.6
$IMU,56634.851,19.897,-9.460,47.912,0.96728,-0.11621,0.18603,31.69
$BARO,56634.867,69391.84,32.31
$IMU,56634.926,32.287,-11.413,32.348,0.92822,0.19335,0.51318,31.69
$MAG,56634.930,-0.670,-0.639,-0.331,31.1
$BARO,56634.969,69377.83,32.31
$IMU,56635.002,22.033,-23.986,2.685,1.15869,0.30957,0.33935,31.70
$MAG,56635.031,-0.690,-0.625,-0.343,31.0
$BARO,56635.070,69380.24,32.32
$IMU,56635.077,-12.634,15.441,21.362,0.91308,0.11181,0.15380,31.71
$MAG,56635.132,-0.702,-0.631,-0.366,31.1
$IMU,56635.152,-36.376,16.540,18.066,0.84960,-0.07421,0.11962,31.72
$BARO,56635.172,69384.48,32.32
$IMU,56635.227,-37.963,-20.507,14.465,0.97070,-0.11279,0.12207,31.69
$MAG,56635.233,-0.690,-0.633,-0.358,31.1
$BARO,56635.273,69380.02,32.32
$IMU,56635.302,-5.920,-14.099,10.742,1.12597,-0.13671,0.12597,31.69
$MAG,56635.334,-0.700,-0.619,-0.369,31.0
$BARO,56635.374,69380.00,32.33
$IMU,56635.377,22.460,22.705,3.417,0.95019,-0.15869,0.27246,31.71
$MAG,56635.434,-0.688,-0.613,-0.351,31.0
$IMU,56635.452,21.545,2.929,-10.070,0.91748,-0.00244,0.33154,31.74
$BARO,56635.476,69373.49,32.33
$IMU,56635.527,-3.845,-4.577,-9.155,0.91894,0.20019,0.35253,31.72
$MAG,56635.535,-0.696,-0.630,-0.375,31.2
$BARO,56635.577,69371.66,32.33
$IMU,56635.602,-34.423,-6.286,-6.164,0.86669,-0.08398,0.11962,31.75
$MAG,56635.636,-0.684,-0.654,-0.372,31.0
$IMU,56635.677,-18.859,-13.549,-15.930,0.93652,0.00634,0.07568,31.75
$BARO,56635.678,69381.17,32.34
$VBAT,56635.678,3.847
$MAG,56635.737,-0.687,-0.648,-0.372,31.0
$IMU,56635.752,-4.699,-0.183,3.540,0.74658,0.11132,0.41210,31.72
$BARO,56635.780,69376.71,32.34
$IMU,56635.827,-39.794,0.488,38.574,0.63281,-0.31738,0.26416,31.74
$MAG,56635.838,-0.694,-0.640,-0.387,31.0
$HUM,56635.847,27.6,32.6
$BARO,56635.881,69389.04,32.35
$IMU,56635.902,-20.385,-19.470,46.386,1.05322,-0.20263,0.08544,31.72
$MAG,56635.939,-0.711,-0.600,-0.378,31.1
$IMU,56635.978,-11.169,-20.874,60.058,0.99169,-0.26953,0.05175,31.75
$BARO,56635.983,69381.34,32.35
$MAG,56636.040,-0.726,-0.538,-0.364,31.1
$IMU,56636.053,-4.882,-18.859,66.833,0.92236,-0.37060,0.02832,31.73
$BARO,56636.084,69383.53,32.35
$IMU,56636.128,-4.516,-16.479,55.847,0.96582,-0.38037,0.10107,31.78
$MAG,56636.140,-0.723,-0.504,-0.351,30.8
$BARO,56636.185,69377.63,32.36
$IMU,56636.203,-15.991,-18.005,50.720,0.82568,-0.47802,0.05273,31.77
$MAG,56636.241,-0.712,-0.466,-0.327,31.1
$IMU,56636.278,-19.836,-30.456,58.105,0.74316,-0.55029,-0.06347,31.76
$BARO,56636.287,69389.77,32.37
$MAG,56636.342,-0.703,-0.444,-0.300,31.1
$IMU,56636.353,-16.723,-42.846,41.931,0.88867,-0.65527,-0.14648,31.76
$BARO,56636.388,69381.65,32.37
$IMU,56636.428,-1.159,-28.564,37.231,0.96923,-0.87890,-0.10937,31.76
$MAG,56636.443,-0.687,-0.414,-0.301,31.0
$BARO,56636.489,69381.82,32.38
$IMU,56636.503,34.240,17.517,46.936,0.83837,-0.77685,-0.09863,31.74
$MAG,56636.544,-0.709,-0.343,-0.336,31.1
$IMU,56636.578,39.123,40.954,48.645,0.67773,-0.79150,0.04541,31.80
$BARO,56636.591,69385.89,32.38
$MAG,56636.645,-0.709,-0.289,-0.352,31.0
$IMU,56636.653,45.227,12.451,37.902,0.64648,-0.81884,0.11083,31.73
$BARO,56636.692,69384.24,32.38
$VBAT,56636.696,3.860
$IMU,56636.728,28.625,-11.413,7.202,0.77343,-0.78808,0.21044,31.77
$MAG,56636.746,-0.703,-0.289,-0.349,31.0
$BARO,56636.794,69390.70,32.39
$IMU,56636.803,6.347,3.051,-13.793,0.78417,-0.76806,0.18359,31.79
$MAG,56636.846,-0.729,-0.316,-0.375,31.1
$HUM,56636.863,28.4,32.7
$IMU,56636.878,-1.586,29.663,-24.841,0.62939,-0.69921,0.25585,31.79
$BARO,56636.895,69393.72,32.39
$MAG,56636.947,-0.730,-0.322,-0.367,31.0
$IMU,56636.954,-6.408,3.051,-19.592,0.54589,-0.66552,0.18457,31.78
$BARO,56636.996,69378.31,32.39
$IMU,56637.029,-15.686,-20.751,-5.371,0.58789,-0.74658,0.05957,31.79
$MAG,56637.048,-0.700,-0.342,-0.342,31.0
$BARO,56637.098,69384.58,32.40
$IMU,56637.104,-11.352,-31.066,-9.643,0.67529,-0.77636,-0.04882,31.75
$MAG,56637.149,-0.697,-0.339,-0.339,31.3
$IMU,56637.179,13.000,-8.422,-7.995,0.77929,-0.84130,0.03125,31.78
$BARO,56637.199,69385.36,32.40
$MAG,56637.250,-0.711,-0.331,-0.340,31.0
$IMU,56637.254,21.545,12.329,2.746,0.59277,-0.72949,0.08886,31.84
$BARO,56637.301,69372.37,32.41
$IMU,56637.329,17.822,-7.080,2.685,0.70312,-0.68603,0.23144,31.81
$MAG,56637.351,-0.700,-0.315,-0.336,31.1
$BARO,56637.402,69378.05,32.41
$IMU,56637.404,4.333,-16.174,9.033,0.63330,-0.59228,0.23339,31.83
$MAG,56637.452,-0.676,-0.330,-0.307,31.1
$IMU,56637.479,-23.986,-30.151,2.563,0.63378,-0.71582,0.07080,31.82
$BARO,56637.503,69380.24,32.42
$MAG,56637.553,-0.651,-0.372,-0.264,31.1
$IMU,56637.554,-38.085,-49.194,-29.235,0.71972,-0.69580,-0.07324,31.77
$BARO,56637.605,69390.16,32.42
$IMU,56637.629,-28.869,-41.015,-41.320,0.90185,-0.76318,-0.19335,31.79
$MAG,56637.654,-0.643,-0.399,-0.256,31.1
$IMU,56637.704,7.690,7.263,-21.972,0.81494,-0.64697,-0.16552,31.81
$BARO,56637.706,69379.00,32.43
$VBAT,56637.715,3.845
$MAG,56637.754,-0.657,-0.385,-0.280,31.1
$IMU,56637.779,19.287,32.714,6.286,0.55224,-0.63623,-0.05322,31.80
$BARO,56637.807,69379.75,32.44
$IMU,56637.854,8.361,-4.089,5.187,0.81835,-0.63574,0.09228,31.82
$MAG,56637.855,-0.655,-0.375,-0.273,31.0
$HUM,56637.880,28.9,32.7
$BARO,56637.909,69373.07,32.44
$IMU,56637.930,-3.723,-10.375,12.939,0.72119,-0.68701,-0.01269,31.87
$MAG,56637.956,-0.654,-0.367,-0.261,31.1
$IMU,56638.005,-5.798,-3.295,-1.037,0.73095,-0.70654,-0.07861,31.82
$BARO,56638.010,69393.94,32.44
$MAG,56638.057,-0.648,-0.384,-0.264,31.1
$IMU,56638.080,-2.197,-0.854,-6.103,0.80957,-0.59179,-0.02587,31.84
$BARO,56638.112,69385.58,32.45
$IMU,56638.155,-2.075,13.671,-2.990,0.87011,-0.61279,-0.00146,31.78
$MAG,56638.158,-0.676,-0.393,-0.282,31.2
$BARO,56638.213,69384.97,32.45
$IMU,56638.230,-2.929,40.222,-8.605,0.81738,-0.61083,0.01904,31.81
$MAG,56638.259,-0.706,-0.384,-0.319,31.1
$IMU,56638.305,-4.760,41.625,-1.098,0.84228,-0.66259,0.05664,31.84
$BARO,56638.314,69377.44,32.46
$MAG,56638.360,-0.724,-0.394,-0.342,31.0
$IMU,56638.380,-5.249,31.616,-3.662,0.75195,-0.73095,-0.00732,31.85
$BARO,56638.416,69376.83,32.46
$IMU,56638.455,18.310,25.146,-20.507,0.81884,-0.67089,0.09960,31.83
$MAG,56638.461,-0.750,-0.394,-0.361,31.1
$BARO,56638.517,69377.41,32.46
$IMU,56638.530,32.775,36.376,-9.399,0.70996,-0.67089,0.19091,31.84
$MAG,56638.561,-0.760,-0.384,-0.399,31.2
$IMU,56638.605,28.930,27.832,3.967,0.56835,-0.43261,0.20751,31.86
$BARO,56638.619,69378.00,32.47
$MAG,56638.662,-0.760,-0.363,-0.385,31.1
$IMU,56638.680,10.620,0.915,0.854,0.65820,-0.39160,0.10791,31.87
$BARO,56638.720,69390.38,32.47
$VBAT,56638.733,3.852
$IMU,56638.755,4.211,-3.662,1.220,0.79199,-0.60058,0.25341,31.85
$MAG,56638.763,-0.756,-0.370,-0.397,31.2
$BARO,56638.822,69380.82,32.48
$IMU,56638.830,-1.525,0.915,11.230,0.70996,-0.65478,0.30859,31.86
$MAG,56638.864,-0.748,-0.360,-0.397,31.1
$HUM,56638.896,29.7,32.8
$IMU,56638.906,-12.573,-7.690,3.906,0.69335,-0.60205,0.28027,31.87
$BARO,56638.923,69381.80,32.48
$MAG,56638.965,-0.738,-0.384,-0.369,31.2
$IMU,56638.981,-33.081,-20.935,1.586,0.79980,-0.63818,0.22216,31.85
$BARO,56639.024,69378.34,32.49
$IMU,56639.056,-38.085,-23.010,15.014,0.89062,-0.66992,0.13818,31.87
$MAG,56639.066,-0.735,-0.382,-0.351,31.2
$BARO,56639.126,69375.27,32.49
$IMU,56639.131,-45.227,-17.150,14.526,0.84521,-0.63183,0.04003,31.89
$MAG,56639.167,-0.726,-0.409,-0.342,31.2
$IMU,56639.206,-29.235,-11.962,-12.451,0.72021,-0.50976,-0.04199,31.88
$BARO,56639.227,69387.45,32.49
$MAG,56639.268,-0.729,-0.438,-0.345,31.2
$IMU,56639.281,5.249,-0.305,-33.569,0.70800,-0.54785,0.01757,31.86
$BARO,56639.328,69383.97,32.50
$IMU,56639.356,15.136,24.169,-20.385,0.75878,-0.71972,0.10498,31.88
$MAG,56639.369,-0.745,-0.427,-0.376,31.1
$BARO,56639.430,69382.75,32.50
$IMU,56639.431,14.892,42.846,5.432,0.68115,-0.71191,0.20507,31.84
$MAG,56639.469,-0.762,-0.415,-0.400,31.3
$IMU,56639.506,0.976,25.207,14.038,0.63427,-0.64990,0.19580,31.88
$BARO,56639.531,69381.73,32.51
$MAG,56639.570,-0.757,-0.396,-0.405,31.2
$IMU,56639.581,-8.666,2.380,13.061,0.79589,-0.69287,0.15527,31.88
$BARO,56639.633,69389.21,32.51
$IMU,56639.656,-1.464,6.835,29.113,0.91210,-0.94775,0.30859,31.87
$MAG,56639.671,-0.751,-0.372,-0.408,31.2
$IMU,56639.731,-0.183,0.366,30.395,0.78906,-0.76953,0.28466,31.93
$BARO,56639.734,69388.36,32.52
$VBAT,56639.751,3.869
$MAG,56639.772,-0.747,-0.387,-0.391,31.1
$IMU,56639.806,-18.676,-29.846,-21.911,0.66503,-0.44238,0.03320,31.91
$BARO,56639.835,69384.92,32.52
$MAG,56639.873,-0.750,-0.429,-0.372,31.1
$IMU,56639.882,-0.732,-17.517,-57.067,0.81201,-0.46435,0.08154,31.90
$HUM,56639.913,30.4,32.9
$BARO,56639.937,69385.87,32.53
$IMU,56639.957,7.324,17.089,-29.785,0.72558,-0.69189,0.08789,31.91
$MAG,56639.974,-0.751,-0.451,-0.390,31.2
$IMU,56640.032,3.906,0.671,-6.896,0.80859,-0.70458,0.09716,31.88
$BARO,56640.038,69380.41,32.53
$MAG,56640.075,-0.736,-0.459,-0.381,31.3
$IMU,56640.107,0.427,-16.235,-8.178,0.87744,-0.48779,0.03808,31.88
$BARO,56640.140,69389.53,32.53
$MAG,56640.176,-0.739,-0.451,-0.387,31.1
$IMU,56640.182,5.126,1.586,-17.089,0.83935,-0.32958,0.08691,31.89
$BARO,56640.241,69381.39,32.54
$IMU,56640.257,19.470,26.000,9.826,0.67236,-0.43408,0.25781,31.92
$MAG,56640.276,-0.756,-0.429,-0.399,31.1
$IMU,56640.332,7.995,-2.136,43.029,0.77343,-0.56738,0.40917,31.93
$BARO,56640.342,69375.27,32.55
$MAG,56640.377,-0.729,-0.388,-0.367,31.2
$IMU,56640.407,-20.385,-38.330,48.339,0.79199,-0.77587,0.18505,31.89
$BARO,56640.444,69383.58,32.55
$MAG,56640.478,-0.732,-0.403,-0.343,31.2
$IMU,56640.482,-22.521,-25.634,4.638,0.80908,-0.75634,-0.13281,31.94
$BARO,56640.545,69382.97,32.55
$IMU,56640.557,-13.854,-15.441,-33.874,0.83837,-0.59228,-0.07373,31.93
$MAG,56640.579,-0.709,-0.450,-0.352,31.2
$IMU,56640.632,0.061,8.544,-38.635,0.97802,-0.47753,0.15087,31.93
$BARO,56640.647,69390.04,32.56
$MAG,56640.680,-0.744,-0.451,-0.373,31.1
$IMU,56640.707,3.662,38.269,-6.042,0.64062,-0.54345,0.29833,31.94
$BARO,56640.748,69388.41,32.56
$VBAT,56640.757,3.847
$MAG,56640.781,-0.732,-0.450,-0.367,31.2
$IMU,56640.782,-2.258,4.211,-1.708,0.73242,-0.70214,0.18798,31.89
$BARO,56640.849,69378.27,32.56
$IMU,56640.858,-7.385,-20.568,-0.854,0.78857,-0.66650,-0.12402,31.94
$MAG,56640.882,-0.732,-0.456,-0.349,31.3
$HUM,56640.930,31.3,32.9
$IMU,56640.933,5.493,-17.578,-18.920,0.85058,-0.43066,-0.06738,31.92
$BARO,56640.951,69386.75,32.56
$MAG,56640.983,-0.727,-0.465,-0.355,31.1
$IMU,56641.008,14.892,6.042,-11.779,0.92626,-0.29345,0.25537,31.93
$BARO,56641.052,69378.00,32.57
$IMU,56641.083,3.906,28.442,8.789,0.84863,-0.63281,0.30273,31.95
$MAG,56641.084,-0.751,-0.454,-0.375,31.1
$BARO,56641.153,69383.68,32.57
$IMU,56641.158,9.460,23.925,11.352,0.80175,-0.59472,0.30957,31.95
$MAG,56641.184,-0.753,-0.445,-0.388,31.3
$IMU,56641.233,15.136,9.521,-9.582,0.78857,-0.60351,0.11279,31.98
$BARO,56641.255,69378.17,32.58
$MAG,56641.285,-0.763,-0.451,-0.385,31.3
$IMU,56641.308,20.446,6.225,-18.432,0.80273,-0.51074,0.08642,31.91
$BARO,56641.356,69389.28,32.59
$IMU,56641.383,14.221,-1.770,-12.145,0.80468,-0.51611,0.03564,31.96
$MAG,56641.386,-0.744,-0.456,-0.387,31.3
$BARO,56641.458,69393.77,32.59
$IMU,56641.458,7.690,-12.329,3.234,0.81250,-0.49072,0.13525,31.96
$MAG,56641.487,-0.750,-0.442,-0.375,31.3
$IMU,56641.533,3.417,-11.779,9.521,0.82031,-0.48144,0.16113,31.90
$BARO,56641.559,69380.39,32.58
$MAG,56641.588,-0.744,-0.421,-0.372,31.2
$IMU,56641.608,0.122,-5.371,15.319,0.83300,-0.51660,0.14013,31.98
$BARO,56641.660,69381.78,32.59
$IMU,56641.683,2.441,-2.014,21.545,0.80957,-0.46582,0.19189,31.94
$MAG,56641.689,-0.744,-0.415,-0.370,31.2
$IMU,56641.758,-3.906,-1.892,30.578,0.81445,-0.61328,0.12939,32.00
$VBAT,56641.760,3.856
$BARO,56641.762,69381.53,32.60
$MAG,56641.790,-0.739,-0.372,-0.367,31.3
$IMU,56641.834,1.647,-2.258,30.090,0.81835,-0.62744,0.08789,31.98
$BARO,56641.863,69380.92,32.60
$MAG,56641.891,-0.742,-0.363,-0.364,31.3
$IMU,56641.909,4.394,2.502,12.268,0.84814,-0.61621,0.13085,31.96
$HUM,56641.946,32.2,32.9
$BARO,56641.965,69388.21,32.60
$IMU,56641.984,9.277,13.244,13.000,0.76513,-0.60986,0.10546,31.98
$MAG,56641.991,-0.750,-0.345,-0.376,31.2
$IMU,56642.059,6.835,18.493,13.122,0.72802,-0.61865,0.17626,31.97
$BARO,56642.066,69379.29,32.60
$MAG,56642.092,-0.757,-0.345,-0.397,31.1
$IMU,56642.134,3.967,16.845,11.718,0.68212,-0.65625,0.18212,31.99
$BARO,56642.167,69382.31,32.61
$MAG,56642.193,-0.750,-0.324,-0.418,31.2
$IMU,56642.209,1.892,15.258,12.939,0.67626,-0.64160,0.19531,31.99
$BARO,56642.269,69386.58,32.61
$IMU,56642.284,0.427,15.991,28.076,0.61132,-0.74267,0.28417,32.01
$MAG,56642.294,-0.759,-0.291,-0.429,31.3
$IMU,56642.359,-1.464,4.272,44.189,0.60058,-0.82080,0.33447,32.01
$BARO,56642.370,69379.22,32.62
$MAG,56642.395,-0.745,-0.252,-0.441,31.2
$IMU,56642.434,-7.751,-6.713,52.246,0.48095,-0.79101,0.36572,32.01
$BARO,56642.471,69393.04,32.62
$MAG,56642.496,-0.714,-0.216,-0.418,31.2
$IMU,56642.509,-14.770,-21.972,45.593,0.45507,-0.92333,0.27197,31.98
$BARO,56642.573,69394.62,32.62
$IMU,56642.584,-1.770,-33.447,39.672,0.43750,-0.93261,0.26660,31.97
$MAG,56642.597,-0.694,-0.193,-0.391,31.2
$IMU,56642.659,10.742,-31.982,25.634,0.43701,-0.93212,0.27539,32.00
$BARO,56642.674,69384.87,32.63
$MAG,56642.698,-0.675,-0.169,-0.384,31.2
$IMU,56642.734,19.226,-20.080,6.164,0.45068,-0.86035,0.27636,32.03
$VBAT,56642.775,3.848
$BARO,56642.776,69384.65,32.63
$MAG,56642.799,-0.672,-0.163,-0.403,31.3
$IMU,56642.810,23.742,-3.723,-4.333,0.45800,-0.81201,0.26757,32.05
$BARO,56642.877,69385.63,32.64
$IMU,56642.885,24.414,6.713,-3.906,0.44433,-0.83447,0.31689,32.00
$MAG,56642.899,-0.678,-0.156,-0.423,31.3
$IMU,56642.960,19.165,7.446,-2.929,0.44726,-0.78222,0.38085,31.99
$HUM,56642.963,32.8,32.9
$BARO,56642.979,69386.24,32.64
$MAG,56643.000,-0.681,-0.151,-0.427,31.2
$IMU,56643.035,5.187,-2.197,-0.061,0.44335,-0.75292,0.32226,32.02
$BARO,56643.080,69386.04,32.64
$TIME,56643.080,29725.000,2365
$MAG,56643.101,-0.682,-0.166,-0.417,31.3
$IMU,56643.110,-4.638,-8.117,0.305,0.45654,-0.81494,0.32226,32.03
$BARO,56643.181,69388.65,32.65
$IMU,56643.185,-6.713,-3.540,1.159,0.46630,-0.84667,0.33056,32.04
$MAG,56643.202,-0.676,-0.154,-0.412,31.3
$IMU,56643.260,-9.216,-2.624,-0.366,0.47851,-0.81640,0.32470,32.05
$BARO,56643.283,69376.66,32.65
$MAG,56643.303,-0.681,-0.165,-0.396,31.2
$IMU,56643.335,-15.319,-4.516,-5.249,0.51367,-0.84667,0.33837,32.04
$BARO,56643.384,69377.70,32.65
$MAG,56643.404,-0.687,-0.184,-0.393,31.1
$IMU,56643.410,-14.404,-2.136,-5.310,0.47412,-0.89941,0.32324,32.09
$IMU,56643.485,-8.850,-5.126,-5.981,0.45458,-0.87158,0.30273,32.03
$BARO,56643.486,69391.23,32.66
$MAG,56643.505,-0.675,-0.193,-0.391,31.1
$IMU,56643.560,-8.850,-11.230,-7.629,0.43994,-0.79248,0.26416,32.04
$BARO,56643.587,69387.19,32.66
$MAG,56643.606,-0.678,-0.202,-0.366,31.2
$IMU,56643.635,-11.962,-18.127,-5.798,0.45849,-0.83398,0.22216,32.07
$BARO,56643.688,69385.55,32.66
$MAG,56643.707,-0.685,-0.204,-0.355,31.2
$IMU,56643.710,-13.793,-8.605,0.244,0.44091,-0.88476,0.18017,32.07
$IMU,56643.786,-13.732,4.211,0.366,0.43505,-0.84179,0.12500,32.04
$VBAT,56643.788,3.853
$BARO,56643.790,69386.33,32.66
$MAG,56643.808,-0.684,-0.214,-0.354,31.2
$IMU,56643.861,-14.526,9.033,-0.244,0.45019,-0.88476,0.09863,32.05
$BARO,56643.891,69390.38,32.67
$MAG,56643.909,-0.687,-0.219,-0.354,31.3
$IMU,56643.936,-11.779,12.695,6.103,0.46240,-0.92675,0.10693,32.09
$HUM,56643.980,33.4,32.9
$BARO,56643.992,69384.29,32.67
$MAG,56644.009,-0.690,-0.216,-0.358,31.2
$IMU,56644.011,-7.080,14.038,8.666,0.39794,-0.92919,0.09960,32.05
$IMU,56644.086,-2.197,7.507,-4.272,0.44433,-0.90478,0.09375,32.01
$BARO,56644.094,69386.50,32.67
$MAG,56644.110,-0.700,-0.220,-0.364,31.2
$IMU,56644.161,0.793,7.019,-7.507,0.43847,-0.91259,0.11132,32.02
$BARO,56644.195,69390.75,32.68
$MAG,56644.211,-0.709,-0.234,-0.372,31.3
$IMU,56644.236,0.305,2.380,-6.469,0.47314,-0.89550,0.14160,32.05
$BARO,56644.297,69384.29,32.68
$IMU,56644.311,-4.821,0.549,0.671,0.45654,-0.90527,0.13232,32.07
$MAG,56644.312,-0.705,-0.226,-0.367,31.3
$IMU,56644.386,-2.136,-2.807,4.577,0.40820,-0.86328,0.12402,32.08
$BARO,56644.398,69394.60,32.69
$MAG,56644.413,-0.696,-0.226,-0.357,31.2
$IMU,56644.461,-0.366,-12.878,0.732,0.47802,-0.89648,0.09960,32.08
$BARO,56644.499,69382.82,32.69
$MAG,56644.514,-0.687,-0.213,-0.360,31.3
$IMU,56644.536,7.263,-14.099,9.704,0.45654,-0.87402,0.10937,32.08
$BARO,56644.601,69386.04,32.69
$IMU,56644.611,15.502,-17.272,9.887,0.49414,-0.91601,0.08154,32.05
$MAG,56644.615,-0.682,-0.202,-0.349,31.3
$IMU,56644.686,19.714,-14.160,5.126,0.50097,-0.89746,0.08398,32.11
$BARO,56644.702,69387.26,32.69
$MAG,56644.716,-0.682,-0.190,-0.355,31.2
$IMU,56644.762,22.521,-4.211,-6.286,0.50537,-0.91015,0.13623,32.07
$VBAT,56644.794,3.840
$BARO,56644.803,69381.14,32.70
$MAG,56644.817,-0.681,-0.196,-0.375,31.3
$IMU,56644.837,23.925,2.319,-13.183,0.49218,-0.79345,0.21044,32.10
$BARO,56644.905,69378.31,32.70
$IMU,56644.912,20.690,10.131,-19.226,0.51611,-0.86767,0.27783,32.09
$MAG,56644.918,-0.702,-0.202,-0.396,31.2
$IMU,56644.987,16.662,20.935,-24.597,0.48535,-0.86621,0.26953,32.08
$HUM,56644.996,34.1,33.0
$BARO,56645.006,69391.48,32.70
$MAG,56645.018,-0.732,-0.207,-0.414,31.2
$IMU,56645.062,15.197,22.216,-26.733,0.51806,-0.78808,0.30517,32.08
$TIME,56645.080,29727.000,2365
$BARO,56645.107,69395.91,32.71
$MAG,56645.119,-0.739,-0.223,-0.447,31.2
$IMU,56645.137,12.329,26.855,-25.329,0.51220,-0.72851,0.40234,32.08
$BARO,56645.209,69387.41,32.71
$IMU,56645.212,7.751,19.348,-22.949,0.53417,-0.78271,0.42382,32.12
$MAG,56645.220,-0.756,-0.249,-0.462,31.2
$IMU,56645.287,7.629,13.305,-20.874,0.51220,-0.67968,0.44726,32.09
$BARO,56645.310,69388.19,32.71
$MAG,56645.321,-0.760,-0.259,-0.465,31.2
$IMU,56645.362,0.183,1.342,-23.681,0.59082,-0.72119,0.43359,32.16
$BARO,56645.411,69381.29,32.71
$MAG,56645.422,-0.768,-0.292,-0.463,31.3
$IMU,56645.437,-5.432,-3.784,-27.343,0.66845,-0.72314,0.40673,32.11
$IMU,56645.512,2.380,-6.713,-36.560,0.74609,-0.61083,0.42431,32.12
$BARO,56645.513,69385.11,32.72
$MAG,56645.523,-0.768,-0.324,-0.466,31.3
$IMU,56645.587,12.634,-2.624,-46.875,0.81152,-0.53222,0.54736,32.10
$BARO,56645.614,69389.77,32.72
$MAG,56645.624,-0.790,-0.379,-0.454,31.3
$IMU,56645.662,17.578,12.878,-70.861,0.96142,-0.51562,0.58349,32.10
$BARO,56645.716,69389.55,32.73
$MAG,56645.725,-0.801,-0.441,-0.510,31.2
$IMU,56645.738,14.465,51.330,-72.448,0.75439,-0.49511,0.47607,32.14
$VBAT,56645.794,3.848
$IMU,56645.813,16.723,53.039,-54.626,0.81494,-0.44091,0.55224,32.14
$BARO,56645.817,69379.39,32.73
$MAG,56645.826,-0.802,-0.484,-0.556,31.5
$IMU,56645.888,18.737,49.621,-22.155,0.76269,-0.36523,0.58154,32.14
$BARO,56645.918,69388.72,32.73
$MAG,56645.926,-0.804,-0.496,-0.615,31.3
$IMU,56645.963,30.578,64.208,-20.690,0.70800,-0.29931,0.65429,32.13
$HUM,56646.013,34.8,33.0
$BARO,56646.020,69385.48,32.73
$MAG,56646.027,-0.795,-0.534,-0.684,31.3
$IMU,56646.038,38.208,81.115,-39.306,0.65869,-0.22949,0.80029,32.17
$TIME,56646.080,29728.000,2365
$IMU,56646.113,25.451,82.946,-55.297,0.61962,-0.08789,0.92626,32.14
$BARO,56646.121,69383.63,32.74
$MAG,56646.128,-0.751,-0.591,-0.768,31.3
$IMU,56646.188,16.113,85.205,-42.419,0.44873,-0.22558,0.70507,32.13
$BARO,56646.222,69376.10,32.74
$MAG,56646.229,-0.706,-0.609,-0.822,31.3
$IMU,56646.263,28.808,90.454,-4.333,0.23974,0.09667,0.78564,32.14
$BARO,56646.324,69375.49,32.74
$MAG,56646.330,-0.664,-0.600,-0.889,31.3
$IMU,56646.338,11.657,84.594,15.014,-0.17773,0.09814,0.82373,32.08
$IMU,56646.413,2.136,50.170,5.249,-0.19531,-0.01708,0.86230,32.12
$BARO,56646.425,69382.80,32.74
$MAG,56646.431,-0.652,-0.609,-0.906,31.3
$IMU,56646.488,4.211,11.169,-9.643,-0.28222,0.14843,0.99951,32.16
$BARO,56646.526,69382.34,32.75
$MAG,56646.532,-0.661,-0.615,-0.879,31.3
$IMU,56646.563,-4.455,-31.738,-34.729,-0.02636,0.14746,1.00244,32.13
$BARO,56646.628,69379.90,32.75
$MAG,56646.633,-0.663,-0.643,-0.859,31.2
$IMU,56646.638,-9.460,-46.508,-33.508,0.11914,0.08691,1.01611,32.15
$IMU,56646.714,-10.559,-43.212,-22.644,0.17138,-0.01806,0.95117,32.14
$BARO,56646.729,69382.12,32.76
$MAG,56646.734,-0.681,-0.643,-0.819,31.3
$IMU,56646.789,-6.774,-49.621,-24.841,0.23779,0.10351,0.89404,32.15
$VBAT,56646.795,3.856
$BARO,56646.831,69380.29,32.76
$MAG,56646.835,-0.691,-0.675,-0.789,31.3
$IMU,56646.864,-15.197,-59.509,-36.804,0.53808,0.06396,0.86425,32.15
$BARO,56646.932,69377.85,32.76
$MAG,56646.935,-0.693,-0.691,-0.757,31.3
$IMU,56646.939,-19.226,-52.429,-34.545,0.61669,0.00390,0.93457,32.12
$IMU,56647.014,-13.549,-31.433,-31.616,0.51464,-0.06494,0.88037,32.12
$HUM,56647.029,34.9,33.0
$BARO,56647.033,69381.68,32.76
$MAG,56647.036,-0.675,-0.715,-0.742,31.3
$IMU,56647.089,-3.540,-17.211,-41.381,0.68652,0.09814,0.90332,32.16
$BARO,56647.135,69380.87,32.76
$MAG,56647.137,-0.655,-0.733,-0.748,31.3
$IMU,56647.164,-3.417,7.873,-22.705,0.54296,0.02050,0.88671,32.13
$BARO,56647.236,69382.70,32.76
$MAG,56647.238,-0.633,-0.747,-0.750,31.3
$IMU,56647.239,6.713,23.498,-9.948,0.53076,-0.04931,0.86621,32.17
$IMU,56647.314,20.751,37.536,-7.019,0.38525,0.06933,0.95166,32.17
$BARO,56647.338,69372.76,32.76
$MAG,56647.339,-0.621,-0.747,-0.762,31.3
$IMU,56647.389,20.507,39.001,-11.779,0.42138,0.13476,0.94824,32.19
$BARO,56647.439,69384.51,32.77
$MAG,56647.440,-0.589,-0.760,-0.775,31.3
$IMU,56647.464,27.099,52.307,-14.892,0.35986,0.05224,0.88232,32.14
$IMU,56647.539,44.494,58.959,-2.441,0.07568,0.11083,0.91406,32.17
$BARO,56647.540,69382.07,32.77
$MAG,56647.541,-0.571,-0.793,-0.780,31.3
$IMU,56647.614,55.541,28.808,11.718,-0.01611,0.40966,0.93945,32.16
$BARO,56647.642,69372.93,32.77
$MAG,56647.642,-0.586,-0.793,-0.747,31.3
$IMU,56647.690,43.395,3.051,13.610,0.24316,0.46826,0.90185,32.17
$BARO,56647.743,69383.07,32.77
$MAG,56647.743,-0.595,-0.790,-0.723,31.3
$IMU,56647.765,33.386,22.033,22.705,0.25390,0.32275,0.88720,32.20
$VBAT,56647.808,3.847
$IMU,56647.840,36.193,27.648,27.160,-0.22753,0.52392,0.90332,32.16
$MAG,56647.843,-0.606,-0.795,-0.712,31.3
$BARO,56647.844,69387.11,32.78
$IMU,56647.915,32.836,-11.596,2.441,0.00488,0.54052,0.85693,32.19
$MAG,56647.944,-0.609,-0.778,-0.676,31.3
$BARO,56647.946,69383.04,32.78
$IMU,56647.990,24.841,-5.737,12.817,0.35253,0.58300,0.88867,32.21
$MAG,56648.045,-0.642,-0.748,-0.693,31.3
$HUM,56648.046,33.9,33.0
$BARO,56648.047,69387.09,32.78
$IMU,56648.065,13.183,40.893,40.344,0.07910,0.56689,0.80908,32.20
$TIME,56648.080,29729.000,2365
$IMU,56648.140,12.023,28.869,25.085,0.02246,0.56738,0.78466,32.17
$MAG,56648.146,-0.651,-0.750,-0.703,31.3
$BARO,56648.149,69378.97,32.78
$IMU,56648.215,13.305,-6.713,2.563,0.40722,0.61767,0.82470,32.18
$MAG,56648.247,-0.654,-0.747,-0.688,31.3
$BARO,56648.250,69371.83,32.79
$IMU,56648.290,10.253,1.708,5.126,0.14648,0.59033,0.81445,32.19
$MAG,56648.348,-0.655,-0.741,-0.679,31.2
$BARO,56648.351,69385.04,32.79
$IMU,56648.365,8.178,2.136,4.394,0.00878,0.60595,0.78173,32.22
$IMU,56648.440,3.295,-9.216,-7.019,0.29150,0.65283,0.76904,32.21
$MAG,56648.449,-0.651,-0.756,-0.673,31.3
$BARO,56648.453,69381.95,32.80
$IMU,56648.515,-3.051,8.972,1.342,0.14843,0.59326,0.82128,32.20
$MAG,56648.550,-0.648,-0.750,-0.693,31.3
$BARO,56648.554,69382.77,32.80
$IMU,56648.590,-3.662,15.380,2.807,0.02246,0.57324,0.82763,32.19
$MAG,56648.651,-0.639,-0.748,-0.699,31.3
$BARO,56648.655,69377.49,32.80
$IMU,56648.666,-0.427,6.042,-3.906,0.12548,0.59375,0.85156,32.23
$IMU,56648.741,1.281,6.408,-0.305,0.08740,0.60693,0.82568,32.25
$MAG,56648.751,-0.646,-0.745,-0.700,31.3
$BARO,56648.757,69390.06,32.81
$VBAT,56648.813,3.843
$IMU,56648.816,0.732,6.591,1.770,0.07910,0.60644,0.82080,32.22
$MAG,56648.852,-0.646,-0.751,-0.712,31.3
$BARO,56648.858,69381.31,32.81
$IMU,56648.891,-0.305,5.554,2.563,-0.00585,0.59033,0.81298,32.22
$MAG,56648.953,-0.651,-0.745,-0.702,31.3
$BARO,56648.959,69378.85,32.81
$IMU,56648.966,0.732,-4.333,-1.586,0.12207,0.58984,0.82910,32.21
$IMU,56649.041,2.746,-3.417,-2.197,0.04785,0.60302,0.81542,32.24
$MAG,56649.054,-0.643,-0.741,-0.699,31.3
$BARO,56649.061,69384.53,32.81
$HUM,56649.063,33.2,33.1
$TIME,56649.080,29730.000,2365
$IMU,56649.116,2.746,-4.943,-4.272,0.12890,0.62158,0.81250,32.21
$MAG,56649.155,-0.643,-0.754,-0.688,31.2
$BARO,56649.162,69388.60,32.82
$IMU,56649.191,0.793,0.061,0.610,0.11816,0.60205,0.81884,32.24
$MAG,56649.256,-0.648,-0.751,-0.699,31.5
$BARO,56649.264,69385.33,32.82
$IMU,56649.266,0.671,4.455,2.563,0.01806,0.58642,0.80175,32.26
$IMU,56649.341,3.295,-4.455,-0.854,0.16064,0.56494,0.85009,32.27
$MAG,56649.357,-0.643,-0.753,-0.690,31.3
$BARO,56649.365,69385.53,32.82
$IMU,56649.416,10.986,1.708,4.211,0.04492,0.57373,0.83984,32.27
$MAG,56649.458,-0.651,-0.753,-0.672,31.5
$BARO,56649.466,69376.36,32.82
$IMU,56649.491,14.770,0.305,1.281,0.10791,0.68554,0.77978,32.24
$MAG,56649.559,-0.660,-0.759,-0.675,31.3
$IMU,56649.566,10.803,-0.915,1.586,0.05126,0.67626,0.73681,32.18
$BARO,56649.568,69380.22,32.82
$IMU,56649.642,5.004,-11.413,4.638,0.13183,0.73242,0.75878,32.25
$MAG,56649.659,-0.667,-0.750,-0.664,31.3
$BARO,56649.669,69379.41,32.83
$IMU,56649.717,-1.098,-9.765,6.469,0.15136,0.60205,0.78857,32.21
$MAG,56649.760,-0.660,-0.739,-0.658,31.3
$BARO,56649.770,69380.00,32.83
$IMU,56649.792,0.488,0.671,11.474,0.12353,0.64111,0.78417,32.24
$VBAT,56649.826,3.850
$MAG,56649.861,-0.669,-0.738,-0.660,31.3
$IMU,56649.867,2.441,1.037,3.601,0.16699,0.66503,0.76367,32.25
$BARO,56649.872,69381.43,32.83
$IMU,56649.942,3.601,2.807,5.065,0.12548,0.64843,0.75292,32.24
$MAG,56649.962,-0.673,-0.736,-0.664,31.5
$BARO,56649.973,69400.06,32.84
$IMU,56650.017,1.892,1.281,9.521,0.11865,0.68603,0.75830,32.23
$MAG,56650.063,-0.690,-0.724,-0.666,31.5
$BARO,56650.075,69390.33,32.84
$HUM,56650.079,33.9,33.1
$TIME,56650.080,29731.000,2365
$IMU,56650.092,-1.892,-1.953,5.920,0.18701,0.63183,0.77392,32.25
$MAG,56650.164,-0.688,-0.723,-0.664,31.3
$IMU,56650.167,-1.647,2.075,5.310,0.14941,0.66113,0.76953,32.25
$BARO,56650.176,69382.17,32.84
$IMU,56650.242,-0.061,0.793,4.455,0.16552,0.65576,0.76806,32.28
$MAG,56650.265,-0.685,-0.723,-0.664,31.3
$BARO,56650.277,69381.00,32.84
$IMU,56650.317,1.770,0.000,3.051,0.17871,0.64550,0.74707,32.28
$MAG,56650.366,-0.687,-0.718,-0.663,31.3
$BARO,56650.379,69391.53,32.85
$IMU,56650.392,-2.807,3.723,-1.281,0.15917,0.66992,0.74804,32.26
$MAG,56650.467,-0.684,-0.720,-0.687,31.5
$IMU,56650.467,-10.131,5.249,-2.929,0.10644,0.60937,0.76562,32.29
$BARO,56650.480,69374.63,32.85
$IMU,56650.542,-8.300,-7.568,-8.666,0.05566,0.71875,0.74951,32.25
$MAG,56650.567,-0.685,-0.735,-0.673,31.3
$BARO,56650.582,69375.46,32.85
$IMU,56650.618,-13.244,-17.333,-12.512,0.23144,0.69384,0.76513,32.26
$MAG,56650.668,-0.670,-0.733,-0.685,31.5
$BARO,56650.683,69375.63,32.85
$IMU,56650.693,-24.841,-3.112,-4.882,0.35888,0.60742,0.80810,32.25
$IMU,56650.768,-26.367,16.052,1.525,-0.05322,0.52441,0.80859,32.24
$MAG,56650.769,-0.667,-0.727,-0.706,31.3
$BARO,56650.784,69376.24,32.85
$VBAT,56650.830,3.845
$IMU,56650.843,-19.409,-5.615,-9.765,0.13183,0.45458,0.85791,32.26
$MAG,56650.870,-0.664,-0.733,-0.706,31.3
$BARO,56650.886,69372.17,32.86
$IMU,56650.918,-11.962,-9.399,-3.723,0.20361,0.54638,0.89404,32.29
$MAG,56650.971,-0.664,-0.733,-0.714,31.3
$BARO,56650.987,69379.48,32.86
$IMU,56650.993,-13.427,-1.708,-1.586,0.16210,0.44433,0.92138,32.25
$IMU,56651.068,-5.004,0.427,-1.159,0.16162,0.47412,0.90527,32.27
$MAG,56651.072,-0.669,-0.726,-0.723,31.5
$TIME,56651.080,29733.000,2365
$BARO,56651.088,69380.87,32.86
$HUM,56651.096,34.4,33.1
$IMU,56651.143,0.854,-0.793,1.403,0.13232,0.50000,0.88769,32.26
$MAG,56651.173,-0.661,-0.733,-0.708,31.5
$BARO,56651.190,69390.82,32.87
$IMU,56651.218,2.197,-2.868,0.671,0.15576,0.49218,0.88476,32.30
$MAG,56651.273,-0.669,-0.727,-0.715,31.3
$BARO,56651.291,69382.29,32.87
$IMU,56651.293,1.953,-1.831,0.305,0.16064,0.49511,0.85449,32.30
$IMU,56651.368,1.098,-0.183,0.122,0.16601,0.51171,0.84960,32.26
$MAG,56651.374,-0.666,-0.729,-0.720,31.5
$BARO,56651.393,69379.63,32.87
$IMU,56651.443,-0.122,2.685,2.563,0.19238,0.53564,0.87353,32.26
$MAG,56651.475,-0.667,-0.721,-0.715,31.3
$BARO,56651.494,69383.07,32.87
$IMU,56651.518,-3.051,6.774,4.577,0.11865,0.51123,0.87451,32.28
$MAG,56651.576,-0.670,-0.729,-0.721,31.3
$IMU,56651.594,-3.906,3.417,2.807,0.12207,0.45947,0.88330,32.29
$BARO,56651.595,69381.21,32.88
$IMU,56651.669,-1.098,0.427,2.624,0.11279,0.48144,0.87744,32.26
$MAG,56651.677,-0.681,-0.723,-0.724,31.3
$BARO,56651.697,69379.61,32.87
$IMU,56651.744,0.122,-4.516,0.305,0.17871,0.50195,0.88330,32.35
$MAG,56651.778,-0.676,-0.715,-0.720,31.3
$BARO,56651.798,69379.80,32.88
$IMU,56651.819,-0.305,-0.976,0.976,0.16259,0.49755,0.88476,32.33
$VBAT,56651.844,3.853
$MAG,56651.879,-0.673,-0.718,-0.723,31.5
$IMU,56651.894,-0.915,2.319,1.037,0.14501,0.47656,0.87597,32.29
$BARO,56651.900,69382.02,32.88
$IMU,56651.969,0.549,0.854,0.915,0.13720,0.48876,0.88671,32.31
$MAG,56651.980,-0.679,-0.723,-0.727,31.3
$BARO,56652.001,69387.70,32.89
$IMU,56652.044,1.953,-1.342,-0.671,0.16113,0.49804,0.87597,32.32
$MAG,56652.080,-0.675,-0.718,-0.723,31.3
$TIME,56652.080,29734.000,2365
$BARO,56652.102,69384.43,32.89
$HUM,56652.113,34.3,33.2
$IMU,56652.119,1.953,0.183,0.854,0.15380,0.50781,0.86816,32.33
$MAG,56652.181,-0.679,-0.708,-0.720,31.3
$IMU,56652.194,0.366,0.488,1.647,0.14013,0.49951,0.87988,32.37
$BARO,56652.204,69389.31,32.89
$IMU,56652.269,0.183,-1.281,1.708,0.14892,0.49414,0.87304,32.32
$MAG,56652.282,-0.682,-0.709,-0.729,31.3
$BARO,56652.305,69373.85,32.89
$IMU,56652.344,1.098,-2.075,2.075,0.16064,0.50732,0.88037,32.38
$MAG,56652.383,-0.675,-0.711,-0.723,31.3
$BARO,56652.407,69384.19,32.90
$IMU,56652.419,0.427,-1.953,2.380,0.15917,0.50830,0.85937,32.32
$MAG,56652.484,-0.676,-0.705,-0.712,31.3
$IMU,56652.494,0.122,-2.319,0.854,0.17968,0.50732,0.87500,32.35
$BARO,56652.508,69375.07,32.90
$IMU,56652.570,-0.610,-0.854,0.488,0.16650,0.49267,0.85937,32.33
$MAG,56652.585,-0.681,-0.712,-0.708,31.3
$BARO,56652.609,69378.09,32.90
$IMU,56652.645,-0.488,-0.732,0.976,0.17578,0.50341,0.87695,32.32
$MAG,56652.686,-0.679,-0.715,-0.730,31.3
$BARO,56652.711,69379.31,32.90
$IMU,56652.720,-1.342,-0.610,2.136,0.16015,0.48095,0.86474,32.32
$MAG,56652.787,-0.678,-0.711,-0.718,31.7
$IMU,56652.795,0.122,-0.061,0.610,0.18457,0.51416,0.87402,32.39
$BARO,56652.812,69382.73,32.91
$VBAT,56652.849,3.860
$IMU,56652.870,-0.610,0.122,-0.183,0.17089,0.49267,0.86816,32.32
$MAG,56652.888,-0.684,-0.714,-0.727,31.5
$BARO,56652.913,69381.12,32.91
$IMU,56652.945,-0.305,-0.122,0.183,0.15673,0.50000,0.87353,32.36
$MAG,56652.989,-0.670,-0.711,-0.720,31.5
$BARO,56653.015,69383.12,32.91
$IMU,56653.020,-1.098,-0.976,-1.037,0.18115,0.49707,0.86425,32.32
$TIME,56653.080,29734.000,2365
$MAG,56653.090,-0.687,-0.721,-0.721,31.5
$IMU,56653.095,-1.525,0.122,-0.366,0.17138,0.49658,0.88183,32.35
$BARO,56653.116,69386.16,32.91
$HUM,56653.130,34.1,33.2
$IMU,56653.170,-1.403,-0.305,0.732,0.15527,0.48583,0.87744,32.35
$MAG,56653.190,-0.678,-0.715,-0.726,31.3
$BARO,56653.218,69392.23,32.92
$IMU,56653.245,-0.427,-2.746,1.586,0.16943,0.48925,0.87109,32.34
$MAG,56653.291,-0.687,-0.700,-0.712,31.5
$BARO,56653.319,69378.22,32.92
$IMU,56653.320,-1.037,-4.516,0.183,0.16699,0.47167,0.88134,32.30
$MAG,56653.392,-0.685,-0.718,-0.715,31.3
$IMU,56653.395,1.586,-5.981,-3.356,0.19775,0.46533,0.88183,32.35
$BARO,56653.420,69380.24,32.92
$IMU,56653.470,4.577,-3.662,-1.342,0.21923,0.54150,0.88232,32.40
$MAG,56653.493,-0.678,-0.708,-0.715,31.3
$BARO,56653.522,69387.53,32.93
$IMU,56653.546,-0.366,-0.488,-0.610,0.18847,0.56005,0.83740,32.37
$MAG,56653.594,-0.687,-0.703,-0.712,31.5
$IMU,56653.621,-8.483,-3.845,1.953,0.07861,0.61474,0.88818,32.35
$BARO,56653.623,69381.24,32.93
$MAG,56653.695,-0.693,-0.702,-0.715,31.3
$IMU,56653.696,-19.409,-19.104,5.554,0.02685,0.55175,0.79199,32.37
$BARO,56653.724,69390.57,32.93
$IMU,56653.771,-34.362,-31.799,8.728,0.17529,0.79052,1.04687,32.34
$MAG,56653.796,-0.723,-0.670,-0.717,31.3
$BARO,56653.826,69384.68,32.93
$IMU,56653.846,-76.782,-26.062,39.794,0.45605,0.30615,0.99267,32.40
$VBAT,56653.855,3.840
$MAG,56653.897,-0.753,-0.594,-0.759,31.6
$IMU,56653.921,-81.665,-3.051,67.749,0.13964,-0.17578,0.76611,32.38
$BARO,56653.927,69389.55,32.93
$IMU,56653.996,-32.104,-30.517,40.527,0.44238,-0.25878,0.72363,32.41
$MAG,56653.998,-0.783,-0.556,-0.736,31.5
$BARO,56654.029,69384.04,32.94
$IMU,56654.071,14.831,-24.536,29.724,0.61718,-0.05712,0.75146,32.37
$TIME,56654.080,29736.000,2365
$MAG,56654.099,-0.781,-0.537,-0.727,31.3
$BARO,56654.130,69381.78,32.94
$HUM,56654.146,34.3,33.2
$IMU,56654.146,33.081,9.704,24.291,0.50390,0.08544,0.81835,32.37
$MAG,56654.199,-0.792,-0.531,-0.738,31.7
$IMU,56654.221,38.818,32.714,12.329,0.35107,0.17578,0.87207,32.39
$BARO,56654.231,69375.51,32.94
$IMU,56654.296,28.747,29.174,-4.638,0.35742,0.29785,0.96435,32.39
$MAG,56654.300,-0.763,-0.555,-0.769,31.5
$BARO,56654.333,69382.36,32.95
$IMU,56654.371,2.380,31.188,-30.822,0.38330,0.21533,1.01367,32.39
$MAG,56654.401,-0.742,-0.576,-0.796,31.5
$BARO,56654.434,69381.17,32.94
$IMU,56654.446,5.554,29.418,-29.479,0.27880,0.17041,1.00830,32.41
$MAG,56654.502,-0.738,-0.601,-0.796,31.3
$IMU,56654.522,21.728,20.080,-9.521,0.17773,0.29443,0.96679,32.41
$BARO,56654.535,69378.70,32.95
$IMU,56654.597,26.367,11.779,1.708,0.17871,0.39208,0.94482,32.38
$MAG,56654.603,-0.729,-0.606,-0.798,31.3
$BARO,56654.637,69389.48,32.95
$IMU,56654.672,12.817,9.460,7.019,0.15820,0.38134,0.97265,32.39
$MAG,56654.704,-0.724,-0.594,-0.804,31.6
$BARO,56654.738,69380.31,32.95
$IMU,56654.747,3.723,2.563,14.343,0.20507,0.41552,0.93457,32.37
$MAG,56654.805,-0.741,-0.585,-0.805,31.5
$IMU,56654.822,-1.098,0.732,17.028,0.18554,0.26464,0.92626,32.41
$BARO,56654.840,69387.41,32.96
$VBAT,56654.856,3.848
$IMU,56654.897,-2.136,0.122,5.310,0.20068,0.25097,0.94921,32.42
$MAG,56654.906,-0.732,-0.573,-0.805,31.3
$BARO,56654.941,69380.70,32.96
$IMU,56654.972,0.488,4.333,-2.990,0.17333,0.34912,0.96093,32.41
$MAG,56655.006,-0.724,-0.579,-0.810,31.5
$BARO,56655.042,69387.41,32.96
$IMU,56655.047,1.525,4.638,-2.136,0.16992,0.38525,0.94384,32.42
$TIME,56655.080,29737.000,2365
$MAG,56655.107,-0.723,-0.585,-0.823,31.7
$IMU,56655.122,-3.784,5.493,-3.173,0.14794,0.27685,0.94042,32.40
$BARO,56655.144,69376.22,32.96
$HUM,56655.163,34.0,33.2
$IMU,56655.197,-3.417,5.676,-7.019,0.11621,0.27734,0.98388,32.44
$MAG,56655.208,-0.715,-0.595,-0.823,31.5
$BARO,56655.245,69380.26,32.97
$IMU,56655.272,-0.305,3.967,-10.498,0.08398,0.33251,0.98925,32.40
$MAG,56655.309,-0.712,-0.594,-0.825,31.3
$BARO,56655.347,69386.94,32.97
$IMU,56655.347,3.234,1.403,-5.493,0.10742,0.33642,0.94042,32.42
$MAG,56655.410,-0.708,-0.594,-0.814,31.6
$IMU,56655.423,-0.488,3.479,0.671,0.10253,0.33105,0.93994,32.42
$BARO,56655.448,69387.16,32.97
$IMU,56655.498,-4.455,4.516,6.286,0.11035,0.31933,0.97949,32.47
$MAG,56655.511,-0.712,-0.597,-0.831,31.5
$BARO,56655.549,69371.90,32.97
$IMU,56655.573,-3.173,1.647,4.882,0.10644,0.29443,0.96435,32.46
$MAG,56655.612,-0.708,-0.589,-0.835,31.6
$IMU,56655.648,-2.197,2.624,0.976,0.09277,0.30468,0.96191,32.41
$BARO,56655.651,69384.29,32.98
$MAG,56655.713,-0.709,-0.579,-0.837,31.5
$IMU,56655.723,-0.061,1.342,1.586,0.08789,0.28808,0.97851,32.44
$BARO,56655.752,69379.02,32.97
$IMU,56655.798,2.014,0.244,5.249,0.09619,0.30908,0.97216,32.43
$MAG,56655.814,-0.717,-0.574,-0.819,31.3
$BARO,56655.854,69384.90,32.98
$VBAT,56655.870,3.852
$IMU,56655.873,1.159,-1.464,5.310,0.15185,0.29443,0.94384,32.41
$MAG,56655.914,-0.717,-0.579,-0.837,31.6
$IMU,56655.948,0.549,0.854,0.610,0.12939,0.31982,0.96630,32.41
$BARO,56655.955,69370.22,32.99
$MAG,56656.015,-0.708,-0.582,-0.826,31.6
$IMU,56656.023,2.136,0.305,-3.295,0.10839,0.30371,0.95214,32.42
$BARO,56656.056,69386.48,32.98
$TIME,56656.080,29737.000,2365
$IMU,56656.098,2.807,-0.671,-3.234,0.11962,0.32910,0.94726,32.45
$MAG,56656.116,-0.712,-0.588,-0.834,31.8
$BARO,56656.158,69383.43,32.98
$IMU,56656.173,1.953,-0.610,0.122,0.11865,0.32666,0.96142,32.46
$HUM,56656.180,33.6,33.2
$MAG,56656.217,-0.711,-0.586,-0.832,31.5
$IMU,56656.248,0.915,-0.915,1.647,0.13330,0.30419,0.95654,32.40
$BARO,56656.259,69390.11,32.99
$MAG,56656.318,-0.714,-0.582,-0.829,31.5
$IMU,56656.323,-0.976,-0.244,-2.075,0.17285,0.30810,0.95068,32.45
$BARO,56656.360,69378.53,32.99
$IMU,56656.399,-2.075,2.441,-8.789,0.13232,0.27001,0.95019,32.44
$MAG,56656.419,-0.703,-0.586,-0.840,31.5
$BARO,56656.462,69381.97,33.00
$IMU,56656.474,3.662,3.173,-13.305,0.13671,0.30957,0.94628,32.46
$MAG,56656.520,-0.697,-0.606,-0.840,31.5
$IMU,56656.549,6.469,2.746,-12.756,0.05468,0.31201,0.99316,32.45
$BARO,56656.563,69378.92,32.99
$MAG,56656.621,-0.703,-0.616,-0.819,31.6
$IMU,56656.624,10.681,-9.704,-7.385,-0.00341,0.46093,0.98193,32.44
$BARO,56656.665,69386.02,33.00
$IMU,56656.699,3.784,-12.695,2.746,0.20703,0.52685,0.87695,32.45
$MAG,56656.721,-0.717,-0.606,-0.811,31.6
$BARO,56656.766,69385.41,33.00
$IMU,56656.774,-10.925,-5.737,18.310,0.00585,0.36376,0.96630,32.44
$MAG,56656.822,-0.729,-0.594,-0.795,31.6
$IMU,56656.849,-8.361,-28.320,5.859,0.12353,0.23388,1.02441,32.50
$BARO,56656.867,69391.70,33.00
$VBAT,56656.874,3.852
$MAG,56656.923,-0.739,-0.597,-0.765,31.6
$IMU,56656.924,0.122,-35.705,-3.051,0.24853,0.19824,0.92822,32.47
$BARO,56656.969,69377.07,33.00
$IMU,56656.999,3.295,-32.043,-6.408,0.38769,0.31298,0.83935,32.44
$MAG,56657.024,-0.744,-0.598,-0.742,31.3
$BARO,56657.070,69380.51,33.00
$IMU,56657.074,-3.234,-16.784,-5.126,0.35742,0.30468,0.83496,32.49
$TIME,56657.080,29739.000,2365
$MAG,56657.125,-0.738,-0.603,-0.750,31.5
$IMU,56657.149,-7.507,1.342,-6.164,0.31640,0.25000,0.89111,32.46
$BARO,56657.171,69379.65,33.01
$HUM,56657.196,33.4,33.3
$IMU,56657.224,6.652,10.498,-6.835,0.22509,0.41601,1.00439,32.44
$MAG,56657.226,-0.726,-0.604,-0.748,31.7
$BARO,56657.273,69374.41,33.01
$IMU,56657.299,10.192,0.671,-3.784,0.23925,0.38281,0.93847,32.44
$MAG,56657.327,-0.735,-0.619,-0.760,31.6
$BARO,56657.374,69381.70,33.01
$IMU,56657.375,9.948,0.305,-2.380,0.25537,0.39550,0.88671,32.46
$MAG,56657.428,-0.727,-0.618,-0.742,31.5
$IMU,56657.450,4.577,0.854,0.366,0.25830,0.38427,0.88330,32.47
$BARO,56657.476,69375.19,33.02
$IMU,56657.525,0.549,2.380,2.563,0.24414,0.36962,0.92041,32.48
$MAG,56657.529,-0.733,-0.615,-0.750,31.5
$BARO,56657.577,69376.19,33.02
$IMU,56657.600,0.061,0.671,3.845,0.26757,0.37988,0.91455,32.48
$MAG,56657.630,-0.736,-0.622,-0.753,31.5
$IMU,56657.675,0.488,0.549,2.624,0.24414,0.35498,0.91894,32.40
$BARO,56657.678,69377.80,33.02
$MAG,56657.730,-0.738,-0.615,-0.750,31.5
$IMU,56657.750,0.793,-0.183,0.000,0.27050,0.38671,0.90722,32.47
$BARO,56657.780,69380.02,33.02
$IMU,56657.825,-2.380,-0.488,-2.502,0.26416,0.35302,0.91650,32.50
$MAG,56657.831,-0.739,-0.613,-0.742,31.7
$BARO,56657.881,69377.36,33.03
$VBAT,56657.889,3.850
$IMU,56657.900,-3.112,-1.525,-7.812,0.25976,0.37353,0.91601,32.50
$MAG,56657.932,-0.730,-0.619,-0.750,31.6
$IMU,56657.975,-4.150,-2.990,-12.329,0.22412,0.34082,0.93066,32.49
$BARO,56657.983,69384.90,33.02
$MAG,56658.033,-0.723,-0.630,-0.744,31.7
$IMU,56658.050,-2.990,-6.896,-15.869,0.26220,0.36767,0.90087,32.49
$BARO,56658.084,69377.78,33.03
$IMU,56658.125,-6.225,-7.568,-19.653,0.24902,0.37500,0.90673,32.47
$MAG,56658.134,-0.714,-0.651,-0.735,31.8
$BARO,56658.185,69373.32,33.03
$IMU,56658.200,-7.080,-8.117,-18.249,0.25683,0.36376,0.92724,32.51
$HUM,56658.213,33.3,33.3
$MAG,56658.235,-0.706,-0.666,-0.741,31.6
$IMU,56658.275,-5.859,-6.530,-15.136,0.25830,0.36474,0.92529,32.51
$BARO,56658.287,69374.76,33.03
$MAG,56658.336,-0.696,-0.670,-0.733,31.5
$IMU,56658.351,-5.981,-6.225,-13.916,0.25146,0.35498,0.92431,32.49
$BARO,56658.388,69378.97,33.03
$IMU,56658.426,-4.638,-5.920,-17.883,0.21289,0.34863,0.92968,32.46
$MAG,56658.437,-0.697,-0.682,-0.727,31.6
$BARO,56658.489,69384.04,33.04
$IMU,56658.501,-0.793,-7.141,-16.601,0.22460,0.40136,0.91064,32.51
$MAG,56658.538,-0.690,-0.693,-0.729,31.5
$IMU,56658.576,-1.403,-3.601,-7.568,0.22851,0.35937,0.91650,32.54
$BARO,56658.591,69378.75,33.04
$MAG,56658.639,-0.688,-0.694,-0.729,31.8
$IMU,56658.651,-0.366,-2.624,-0.183,0.24804,0.35498,0.91699,32.47
$BARO,56658.692,69380.78,33.04
$IMU,56658.726,2.197,-2.380,2.075,0.24853,0.41357,0.90234,32.55
$MAG,56658.739,-0.705,-0.690,-0.721,31.8
$BARO,56658.794,69377.92,33.04
$IMU,56658.801,0.732,-0.732,9.582,0.27197,0.44091,0.89990,32.51
$MAG,56658.840,-0.705,-0.667,-0.724,31.5
$IMU,56658.876,0.000,4.333,21.362,0.26269,0.43701,0.90136,32.49
$VBAT,56658.892,3.845
$BARO,56658.895,69382.99,33.04
$MAG,56658.941,-0.708,-0.660,-0.742,31.5
$IMU,56658.951,0.244,4.455,25.085,0.27832,0.43847,0.91943,32.51
$BARO,56658.996,69381.36,33.04
$IMU,56659.026,4.577,6.347,18.371,0.15185,0.35986,0.87695,32.53
$MAG,56659.042,-0.724,-0.640,-0.730,31.5
$TIME,56659.080,29742.000,2365
$BARO,56659.098,69376.88,33.05
$IMU,56659.101,18.493,5.798,11.840,0.26513,0.37304,0.89794,32.54
$MAG,56659.143,-0.724,-0.640,-0.732,31.7
$IMU,56659.176,21.606,15.625,14.648,0.32470,0.39892,0.90576,32.51
$BARO,56659.199,69375.66,33.05
$HUM,56659.230,33.0,33.3
$MAG,56659.244,-0.736,-0.619,-0.748,31.5
$IMU,56659.251,12.268,23.864,23.071,0.23095,0.27539,0.90625,32.53
$BARO,56659.300,69383.58,33.05
$IMU,56659.327,7.995,10.131,16.723,0.21142,0.27685,0.95312,32.53
$MAG,56659.345,-0.742,-0.616,-0.741,31.6
$BARO,56659.402,69388.23,33.05
$IMU,56659.402,1.342,0.183,-4.943,0.35351,0.27441,0.92187,32.52
$MAG,56659.446,-0.735,-0.633,-0.739,31.6
$IMU,56659.477,1.708,0.976,-12.207,0.18408,0.30419,0.92529,32.58
$BARO,56659.503,69372.81,33.05
$MAG,56659.547,-0.718,-0.663,-0.729,31.8
$IMU,56659.552,17.333,-2.258,-25.756,0.22021,0.28564,0.82421,32.58
$BARO,56659.605,69373.17,33.06
$IMU,56659.627,56.640,-6.713,-28.442,0.02832,0.60644,0.96923,32.53
$MAG,56659.648,-0.712,-0.691,-0.685,31.6
$IMU,56659.702,30.700,-32.287,-35.217,0.27343,0.73486,0.93164,32.52
$BARO,56659.706,69377.63,33.07
$MAG,56659.748,-0.694,-0.717,-0.661,31.7
$IMU,56659.777,-2.868,-31.799,-27.832,0.13769,0.53710,0.72558,32.51
$BARO,56659.807,69373.78,33.07
$MAG,56659.849,-0.676,-0.736,-0.618,31.7
$IMU,56659.852,13.000,-42.907,-23.742,0.32519,0.63476,0.65039,32.54
$VBAT,56659.906,3.843
$BARO,56659.909,69382.48,33.07
$IMU,56659.927,15.136,-28.076,-23.681,0.15673,0.74853,0.70605,32.53
$MAG,56659.950,-0.664,-0.747,-0.591,31.7
$IMU,56660.002,-7.690,-31.188,-6.347,0.60009,0.72509,0.65527,32.49
$BARO,56660.010,69370.12,33.07
$MAG,56660.051,-0.685,-0.736,-0.631,31.6
$IMU,56660.077,-26.367,21.423,17.761,0.53906,0.51855,0.80566,32.50
$BARO,56660.112,69375.39,33.07
$MAG,56660.152,-0.682,-0.718,-0.688,31.7
$IMU,56660.152,-23.010,61.523,23.620,0.01269,0.59521,0.81787,32.57
$BARO,56660.213,69371.93,33.07
$IMU,56660.227,-15.075,27.343,-13.732,0.07324,0.51367,0.79736,32.50
$HUM,56660.247,32.8,33.3
$MAG,56660.253,-0.678,-0.724,-0.682,31.5
$IMU,56660.303,2.319,-4.150,-13.977,0.15625,0.45166,0.81298,32.53
$BARO,56660.314,69378.39,33.08
$MAG,56660.354,-0.672,-0.729,-0.657,31.5
$IMU,56660.378,17.944,-19.775,0.610,0.14453,0.51806,0.80371,32.53
$BARO,56660.416,69384.90,33.08
$IMU,56660.453,25.085,-53.039,-1.525,-0.10693,0.64013,0.68603,32.56
$MAG,56660.455,-0.679,-0.748,-0.586,31.6
$BARO,56660.517,69376.34,33.08
$IMU,56660.528,29.968,-118.286,-33.325,0.34667,0.62988,0.52685,32.53
$MAG,56660.556,-0.634,-0.753,-0.472,31.6
$IMU,56660.603,40.039,-131.103,-21.179,0.54296,0.64941,0.49902,32.49
$BARO,56660.619,69392.01,33.07
$MAG,56660.657,-0.592,-0.738,-0.379,31.6
$IMU,56660.678,46.508,-110.168,5.554,0.73046,0.72216,0.41503,32.54
$BARO,56660.720,69385.89,33.08
$IMU,56660.753,42.175,-78.002,1.281,0.72998,0.87939,0.33691,32.52
$MAG,56660.757,-0.568,-0.718,-0.318,31.8
$BARO,56660.821,69386.28,33.09
$IMU,56660.828,20.996,-52.429,-4.089,0.74023,0.80029,0.30273,32.56
$MAG,56660.858,-0.540,-0.717,-0.300,31.8
$IMU,56660.903,6.713,-29.418,-2.624,0.73144,0.77587,0.22363,32.54
$VBAT,56660.909,3.853
$BARO,56660.923,69382.19,33.09
$MAG,56660.959,-0.534,-0.721,-0.291,31.6
$IMU,56660.978,-1.220,-10.253,2.929,0.62158,0.77734,0.21972,32.58
$BARO,56661.024,69375.93,33.09
$IMU,56661.053,-1.220,-10.986,0.793,0.59277,0.73779,0.19140,32.56
$MAG,56661.060,-0.526,-0.712,-0.286,31.7
$TIME,56661.080,29743.000,2365
$BARO,56661.126,69380.17,33.09
$IMU,56661.128,3.906,-14.404,4.333,0.61572,0.73730,0.15820,32.56
$MAG,56661.161,-0.522,-0.708,-0.277,31.5
$IMU,56661.203,8.911,-11.230,9.216,0.66015,0.72900,0.16699,32.55
$BARO,56661.227,69385.46,33.09
$MAG,56661.262,-0.517,-0.694,-0.268,31.5
$HUM,56661.263,33.1,33.3
$IMU,56661.279,7.263,-7.751,3.784,0.73144,0.79687,0.14453,32.56
$BARO,56661.328,69381.17,33.10
$IMU,56661.354,-1.281,-0.488,5.126,0.69384,0.74902,0.16845,32.58
$MAG,56661.363,-0.526,-0.697,-0.277,31.6
$IMU,56661.429,-2.929,0.488,1.525,0.68798,0.74560,0.15087,32.56
$BARO,56661.430,69378.09,33.10
$MAG,56661.464,-0.520,-0.694,-0.277,31.5
$IMU,56661.504,-2.807,-0.183,-2.502,0.65673,0.74023,0.14208,32.57
$BARO,56661.531,69386.21,33.10
$MAG,56661.565,-0.517,-0.709,-0.273,31.7
$IMU,56661.579,-4.760,1.159,-3.845,0.66601,0.75537,0.16943,32.55
$BARO,56661.633,69375.05,33.10
$IMU,56661.654,-5.920,-1.586,-3.967,0.64599,0.76904,0.18652,32.54
$MAG,56661.665,-0.516,-0.706,-0.280,31.7
$IMU,56661.729,-4.699,-5.737,-4.333,0.68017,0.74218,0.16064,32.57
$BARO,56661.734,69381.73,33.11
$MAG,56661.766,-0.505,-0.712,-0.279,31.8
$IMU,56661.804,-2.563,-2.929,-6.713,0.65917,0.76708,0.17236,32.60
$BARO,56661.835,69385.21,33.10
$MAG,56661.867,-0.501,-0.714,-0.280,31.8
$IMU,56661.879,-2.075,-2.136,-6.103,0.62255,0.75244,0.18554,32.62
$VBAT,56661.925,3.848
$BARO,56661.937,69387.63,33.11
$IMU,56661.954,0.122,-4.211,-4.821,0.64453,0.75781,0.16455,32.60
$MAG,56661.968,-0.502,-0.729,-0.280,31.8
$IMU,56662.029,0.732,-1.464,-2.868,0.63183,0.74560,0.16748,32.56
$BARO,56662.038,69385.75,33.11
$MAG,56662.069,-0.499,-0.714,-0.286,31.7
$TIME,56662.080,29745.000,2365
$IMU,56662.104,-0.183,0.732,-0.427,0.65332,0.79541,0.16650,32.60
$BARO,56662.140,69383.14,33.11
$MAG,56662.170,-0.501,-0.718,-0.282,31.5
$IMU,56662.180,-2.990,4.455,1.098,0.62841,0.77783,0.17919,32.55
$BARO,56662.241,69380.29,33.11
$IMU,56662.255,-5.920,7.995,-0.122,0.70703,0.80712,0.16796,32.58
$MAG,56662.271,-0.516,-0.727,-0.294,31.6
$HUM,56662.280,32.8,33.4
$IMU,56662.330,-13.183,20.446,1.953,0.66064,0.75488,0.18164,32.60
$BARO,56662.342,69378.87,33.11
$MAG,56662.372,-0.540,-0.735,-0.315,31.8
$IMU,56662.405,-19.226,31.860,0.305,0.70703,0.80078,0.23242,32.58
$BARO,56662.444,69377.61,33.12
$MAG,56662.473,-0.568,-0.748,-0.358,31.7
$IMU,56662.480,-29.357,52.795,2.380,0.80566,0.81396,0.32421,32.60
$BARO,56662.545,69376.00,33.12
$IMU,56662.555,-39.489,79.162,1.098,0.58203,0.70898,0.43945,32.59
$MAG,56662.574,-0.604,-0.762,-0.436,31.6
$IMU,56662.630,-35.705,79.772,-1.953,0.42675,0.67529,0.52490,32.57
$BARO,56662.647,69377.19,33.12
$MAG,56662.674,-0.612,-0.787,-0.511,31.8
$IMU,56662.705,-26.489,73.669,-7.690,0.58837,0.60644,0.54882,32.57
$BARO,56662.748,69378.00,33.12
$MAG,56662.775,-0.627,-0.789,-0.579,31.8
$IMU,56662.780,-25.634,89.233,4.150,0.15625,0.76025,0.66259,32.60
$BARO,56662.849,69375.36,33.12
$IMU,56662.855,-35.278,45.654,-6.835,-0.08496,0.60498,0.64648,32.64
$MAG,56662.876,-0.612,-0.799,-0.606,31.5
$VBAT,56662.928,3.850
$IMU,56662.930,-26.977,-16.845,-26.672,0.35351,0.53320,0.71484,32.62
$BARO,56662.951,69377.39,33.12
$MAG,56662.977,-0.609,-0.801,-0.613,31.6
$IMU,56663.005,-22.644,-0.427,1.831,0.40869,0.51757,0.87939,32.56
$BARO,56663.052,69377.36,33.13
$MAG,56663.078,-0.607,-0.793,-0.660,31.8
$IMU,56663.080,-24.841,30.639,7.812,0.17431,0.42431,0.85498,32.60
$BARO,56663.154,69378.36,33.13
$IMU,56663.156,-13.000,19.470,-7.080,0.27294,0.45605,0.86621,32.64
$MAG,56663.179,-0.595,-0.798,-0.666,31.8
$IMU,56663.231,-2.258,10.681,-1.220,0.14746,0.52832,0.86962,32.61
$BARO,56663.255,69386.50,33.13
$MAG,56663.280,-0.603,-0.792,-0.672,31.6
$HUM,56663.297,32.1,33.4
$IMU,56663.306,-2.197,0.488,-2.441,0.14599,0.48828,0.86816,32.62
$BARO,56663.356,69379.41,33.13
$MAG,56663.381,-0.589,-0.808,-0.660,31.8
$IMU,56663.381,-0.366,-3.173,-4.699,0.23974,0.49267,0.84912,32.67
$IMU,56663.456,1.159,0.915,-4.150,0.19677,0.50585,0.85302,32.61
$BARO,56663.458,69388.50,33.14
$MAG,56663.481,-0.597,-0.799,-0.669,31.7
$IMU,56663.531,1.159,-0.488,-5.676,0.18750,0.52441,0.87451,32.63
$BARO,56663.559,69392.16,33.14
$MAG,56663.582,-0.588,-0.819,-0.675,31.7
$IMU,56663.606,1.220,0.000,-3.234,0.21240,0.49853,0.86181,32.61
$BARO,56663.661,69379.78,33.14
$IMU,56663.681,2.563,3.051,-1.159,0.15576,0.53222,0.85351,32.65
$MAG,56663.683,-0.585,-0.816,-0.670,31.7
$IMU,56663.756,1.770,0.549,-1.708,0.15478,0.52246,0.85449,32.64
$BARO,56663.762,69376.73,33.14
$MAG,56663.784,-0.582,-0.811,-0.663,31.8
$IMU,56663.831,2.014,-1.342,-0.915,0.20214,0.53320,0.86425,32.63
$BARO,56663.863,69385.65,33.14
$MAG,56663.885,-0.588,-0.811,-0.660,31.6
$IMU,56663.906,1.464,0.915,1.281,0.18164,0.53515,0.83544,32.60
$VBAT,56663.944,3.853
$BARO,56663.965,69387.65,33.15
$IMU,56663.981,-1.342,1.464,1.037,0.21533,0.56201,0.85498,32.64
$MAG,56663.986,-0.591,-0.811,-0.666,31.8
$IMU,56664.056,-4.028,1.586,2.197,0.10253,0.54492,0.85888,32.64
$BARO,56664.066,69380.53,33.15
$TIME,56664.080,29746.000,2365
$MAG,56664.087,-0.583,-0.811,-0.663,31.8
$IMU,56664.132,-2.502,-20.874,-1.464,0.09130,0.57812,0.88964,32.62
$BARO,56664.168,69380.12,33.15
$MAG,56664.188,-0.595,-0.807,-0.646,31.8
$IMU,56664.207,0.244,-26.550,1.770,0.31738,0.48486,0.85400,32.64
$BARO,56664.269,69380.31,33.15
$IMU,56664.282,0.549,-3.356,16.113,0.26318,0.48388,0.82617,32.63
$MAG,56664.289,-0.609,-0.805,-0.652,31.8
$HUM,56664.314,32.0,33.4
$IMU,56664.357,-0.671,7.324,9.277,0.23583,0.57958,0.87304,32.66
$BARO,56664.370,69377.27,33.15
$MAG,56664.390,-0.603,-0.793,-0.660,31.7
$IMU,56664.432,-16.540,-9.460,13.732,-0.00781,0.72753,0.74267,32.67
$BARO,56664.472,69373.20,33.16
$MAG,56664.491,-0.648,-0.751,-0.693,31.8
$IMU,56664.507,-59.692,-16.418,33.142,0.33984,0.70458,0.79492,32.67
$BARO,56664.573,69379.48,33.16
$IMU,56664.582,-108.642,16.235,45.593,0.10986,0.29199,0.84570,32.63
$MAG,56664.591,-0.666,-0.711,-0.787,31.8
$IMU,56664.657,-122.192,-10.314,10.559,0.28271,-0.06787,0.86132,32.63
$BARO,56664.675,69378.85,33.16
$MAG,56664.692,-0.685,-0.658,-0.838,31.8
$IMU,56664.732,-122.375,-40.039,22.888,0.49804,-0.41357,0.68212,32.65
$BARO,56664.776,69383.94,33.16
$MAG,56664.793,-0.711,-0.597,-0.844,31.8
$IMU,56664.807,-80.688,-33.325,35.400,0.59179,-0.48193,0.65039,32.63
$BARO,56664.877,69373.80,33.16
$IMU,56664.882,-38.818,3.051,28.564,0.53369,-0.38378,0.67822,32.62
$MAG,56664.894,-0.714,-0.570,-0.871,31.8
$VBAT,56664.947,3.850
$IMU,56664.957,-25.817,38.879,21.362,0.38867,-0.36816,0.82128,32.69
$BARO,56664.979,69385.16,33.16
$MAG,56664.995,-0.681,-0.528,-0.927,31.8
$IMU,56665.032,-38.696,51.635,20.019,0.23095,-0.43066,0.85498,32.66
$BARO,56665.080,69379.46,33.16
$MAG,56665.096,-0.663,-0.492,-0.958,31.8
$IMU,56665.108,-48.583,38.757,17.272,0.15039,-0.55859,0.85791,32.63
$BARO,56665.182,69383.34,33.16
$IMU,56665.183,-45.837,20.141,11.779,0.13281,-0.64355,0.89599,32.63
$MAG,56665.197,-0.661,-0.442,-0.985,31.8
$IMU,56665.258,-34.606,-0.854,12.145,0.09472,-0.62255,0.90283,32.62
$BARO,56665.283,69386.55,33.17
$MAG,56665.298,-0.669,-0.430,-0.969,31.8
$HUM,56665.331,32.3,33.4
$IMU,56665.333,-18.737,-17.028,8.300,0.15283,-0.65136,0.91113,32.66
$BARO,56665.385,69379.83,33.17
$MAG,56665.399,-0.676,-0.423,-0.955,31.8
$IMU,56665.408,-4.577,-11.596,5.737,0.19726,-0.68652,0.80664,32.63
$IMU,56665.483,3.112,-1.403,8.728,0.14794,-0.65087,0.73876,32.67
$BARO,56665.486,69379.05,33.17
$MAG,56665.500,-0.675,-0.411,-0.966,31.8
$IMU,56665.558,0.427,2.929,7.019,0.15380,-0.62207,0.74365,32.65
$BARO,56665.587,69382.90,33.17
$MAG,56665.601,-0.672,-0.408,-0.966,31.8
$IMU,56665.633,-8.300,2.624,8.422,0.12255,-0.61279,0.73535,32.64
$BARO,56665.689,69381.46,33.17
$MAG,56665.702,-0.672,-0.388,-0.973,31.8
$IMU,56665.708,-11.657,-1.281,7.751,0.10595,-0.64697,0.72656,32.65
$IMU,56665.783,-11.291,-3.173,5.432,0.13574,-0.62304,0.70849,32.70
$BARO,56665.790,69380.82,33.18
$MAG,56665.803,-0.672,-0.379,-0.967,31.6
$IMU,56665.858,-12.695,1.708,7.019,0.11132,-0.64990,0.69042,32.66
$BARO,56665.892,69386.89,33.18
$MAG,56665.904,-0.670,-0.360,-0.967,31.8
$IMU,56665.933,-8.728,7.446,3.662,0.11035,-0.69628,0.68066,32.67
$VBAT,56665.962,3.842
$BARO,56665.993,69379.36,33.19
$MAG,56666.004,-0.645,-0.372,-0.979,31.6
$IMU,56666.009,-1.831,13.000,3.234,0.08349,-0.70214,0.70556,32.66
$TIME,56666.080,29748.000,2365
$IMU,56666.084,0.732,13.977,3.845,0.06787,-0.68115,0.70654,32.71
$BARO,56666.094,69380.19,33.18
$MAG,56666.105,-0.648,-0.363,-0.987,31.8
$IMU,56666.159,1.464,10.498,2.380,0.04003,-0.71386,0.70703,32.66
$BARO,56666.196,69385.07,33.18
$MAG,56666.206,-0.633,-0.375,-0.997,31.7
$IMU,56666.234,4.455,6.469,-3.479,0.08056,-0.70019,0.73730,32.69
$BARO,56666.297,69391.16,33.19
$MAG,56666.307,-0.630,-0.369,-0.990,31.6
$IMU,56666.309,-0.183,8.911,-2.014,0.05126,-0.70410,0.75585,32.65
$HUM,56666.348,32.2,33.4
$IMU,56666.384,-5.798,7.507,-0.244,-0.00048,-0.71093,0.74707,32.67
$BARO,56666.399,69375.90,33.18
$MAG,56666.408,-0.627,-0.361,-0.991,31.8
$IMU,56666.459,-9.521,2.136,0.366,0.01318,-0.72314,0.76513,32.69
$BARO,56666.500,69379.56,33.19
$MAG,56666.509,-0.634,-0.355,-0.994,31.6
$IMU,56666.534,-12.573,-1.770,3.356,0.01367,-0.74365,0.74023,32.70
$BARO,56666.601,69381.21,33.18
$IMU,56666.609,-9.033,-5.126,3.723,0.03759,-0.77978,0.78808,32.69
$MAG,56666.610,-0.630,-0.343,-0.993,31.8
$IMU,56666.684,-0.549,-5.920,1.770,0.04345,-0.76611,0.74902,32.70
$BARO,56666.703,69382.41,33.18
$MAG,56666.711,-0.631,-0.349,-0.991,31.8
$IMU,56666.759,9.155,-0.366,-0.549,0.08251,-0.75830,0.73046,32.67
$BARO,56666.804,69387.87,33.19
$MAG,56666.812,-0.637,-0.366,-0.999,31.8
$IMU,56666.834,16.845,10.131,0.488,0.04199,-0.75976,0.76416,32.71
$BARO,56666.905,69382.36,33.20
$IMU,56666.909,23.132,14.709,-3.356,0.03515,-0.74755,0.82080,32.67
$MAG,56666.913,-0.618,-0.382,-1.006,31.8
$VBAT,56666.965,3.850
$IMU,56666.985,28.076,11.230,-6.896,-0.01708,-0.69677,0.86523,32.72
$BARO,56667.007,69391.53,33.19
$MAG,56667.014,-0.616,-0.411,-1.012,31.8
$IMU,56667.060,34.484,-3.845,-7.751,-0.00878,-0.60791,0.87304,32.67
$BARO,56667.108,69384.19,33.20
$MAG,56667.115,-0.640,-0.445,-0.994,31.8
$IMU,56667.135,36.254,-21.301,-8.666,0.01171,-0.51513,0.90722,32.66
$BARO,56667.210,69382.19,33.19
$IMU,56667.210,27.343,-33.996,-7.934,0.06933,-0.39208,0.87890,32.70
$MAG,56667.215,-0.663,-0.463,-0.969,31.8
$IMU,56667.285,15.625,-32.104,-1.770,0.23486,-0.44873,0.82958,32.69
$BARO,56667.311,69389.65,33.20
$MAG,56667.316,-0.672,-0.472,-0.955,31.8
$IMU,56667.360,19.348,-7.751,7.385,0.24072,-0.53710,0.90283,32.71
$HUM,56667.364,31.9,33.4
$BARO,56667.412,69383.77,33.20
$MAG,56667.417,-0.645,-0.495,-0.961,31.8
$IMU,56667.435,37.292,26.000,1.892,0.25488,-0.74267,0.91503,32.69
$IMU,56667.510,85.876,48.461,4.150,-0.01123,-0.54687,0.95263,32.74
$BARO,56667.514,69382.95,33.20
$MAG,56667.518,-0.618,-0.573,-0.976,32.0
$IMU,56667.585,126.525,27.770,5.859,-0.01074,-0.23535,1.01025,32.73
$BARO,56667.615,69382.12,33.21
$MAG,56667.619,-0.615,-0.643,-0.927,31.7
$IMU,56667.660,115.295,4.089,9.704,-0.07275,-0.09179,0.95898,32.74
$BARO,56667.717,69381.51,33.20
$MAG,56667.720,-0.618,-0.687,-0.871,31.8
$IMU,56667.735,74.401,-13.366,-14.587,0.04443,0.01855,0.79833,32.71
$IMU,56667.810,99.365,-3.051,-33.813,-0.16943,0.30761,0.90283,32.72
$BARO,56667.818,69381.90,33.21
$MAG,56667.821,-0.595,-0.765,-0.792,31.8
$IMU,56667.885,116.943,-24.414,-26.306,-0.00488,0.55468,0.79687,32.74
$BARO,56667.919,69377.61,33.22
$MAG,56667.922,-0.585,-0.808,-0.691,31.8
$IMU,56667.961,96.130,-34.851,-29.785,0.07666,0.57812,0.74365,32.75
$VBAT,56667.980,3.843
$BARO,56668.021,69377.83,33.21
$MAG,56668.023,-0.570,-0.826,-0.618,31.8
$IMU,56668.036,72.082,-28.564,-29.724,-0.03076,0.57519,0.66015,32.75
$TIME,56668.079,29749.000,2365
$IMU,56668.111,59.631,-31.188,-23.193,0.08349,0.73779,0.64306,32.72
$BARO,56668.122,69379.46,33.22
$MAG,56668.124,-0.546,-0.832,-0.567,31.8
$IMU,56668.186,41.931,-17.395,-8.728,-0.01611,0.85302,0.64111,32.74
$BARO,56668.224,69378.63,33.22
$MAG,56668.225,-0.553,-0.829,-0.543,31.8
$IMU,56668.261,19.592,-12.634,-2.441,-0.02880,0.85888,0.60107,32.69
$BARO,56668.325,69383.68,33.22
$MAG,56668.325,-0.550,-0.825,-0.514,31.8
$IMU,56668.336,5.615,-22.094,1.770,0.12060,0.81201,0.56982,32.73
$HUM,56668.381,31.7,33.5
$IMU,56668.411,-1.098,-17.211,5.920,0.12304,0.75878,0.55957,32.74
$BARO,56668.426,69382.85,33.23
$MAG,56668.426,-0.552,-0.828,-0.520,31.8
$IMU,56668.486,0.427,-10.437,0.671,0.18164,0.76855,0.61572,32.72
$MAG,56668.527,-0.546,-0.828,-0.514,31.8
$BARO,56668.528,69381.43,33.23
$IMU,56668.561,2.624,-3.295,-2.441,0.13769,0.74707,0.61914,32.76
$MAG,56668.628,-0.555,-0.825,-0.504,31.8
$BARO,56668.629,69388.97,33.22
$IMU,56668.636,8.605,-2.014,0.610,0.14599,0.81103,0.65380,32.73
$IMU,56668.711,7.446,1.281,-1.281,0.09667,0.85400,0.59130,32.76
$MAG,56668.729,-0.546,-0.829,-0.502,31.8
$BARO,56668.730,69380.63,33.23
$IMU,56668.786,0.854,1.831,-9.460,0.12744,0.81884,0.54931,32.73
$MAG,56668.830,-0.537,-0.829,-0.508,31.8
$BARO,56668.832,69383.43,33.23
$IMU,56668.861,-0.671,1.831,-8.850,0.08496,0.81640,0.59228,32.77
$MAG,56668.931,-0.534,-0.825,-0.499,31.8
$BARO,56668.933,69380.63,33.23
$IMU,56668.937,-0.549,-1.342,-4.455,0.09863,0.81347,0.60009,32.73
$VBAT,56668.983,3.847
$IMU,56669.012,-0.549,-0.183,-0.610,0.08544,0.82226,0.59423,32.76
$MAG,56669.032,-0.534,-0.835,-0.511,31.8
$BARO,56669.035,69376.95,33.23
$TIME,56669.079,29751.000,2365
$IMU,56669.087,-0.427,-1.953,-1.159,0.06396,0.82373,0.57666,32.77
$MAG,56669.133,-0.532,-0.829,-0.513,31.8
$BARO,56669.136,69380.78,33.24
$IMU,56669.162,-2.441,-15.075,5.065,-0.01660,0.92578,0.60498,32.69
$MAG,56669.234,-0.552,-0.820,-0.502,31.8
$IMU,56669.237,-20.935,-36.682,15.869,0.11816,0.86572,0.60888,32.74
$BARO,56669.238,69380.80,33.23
$IMU,56669.312,-32.104,-32.897,39.611,0.25488,0.64013,0.57275,32.73
$MAG,56669.335,-0.577,-0.805,-0.507,31.8
$BARO,56669.339,69386.48,33.24
$IMU,56669.387,-20.263,-28.625,32.226,0.34960,0.69042,0.71289,32.75
$HUM,56669.398,32.0,33.5
$MAG,56669.435,-0.589,-0.811,-0.504,31.8
$BARO,56669.440,69385.85,33.24
$IMU,56669.462,-5.615,-25.329,13.000,0.46826,0.64257,0.64453,32.76
$MAG,56669.536,-0.582,-0.798,-0.498,31.8
$IMU,56669.537,7.751,-5.859,0.122,0.42187,0.73339,0.61132,32.77
$BARO,56669.542,69377.12,33.24
$IMU,56669.612,6.225,13.488,-13.549,0.29833,0.78320,0.54443,32.76
$MAG,56669.637,-0.570,-0.811,-0.508,31.8
$BARO,56669.643,69373.05,33.24
$IMU,56669.687,-5.920,13.732,-15.197,0.14990,0.93212,0.61962,32.75
$MAG,56669.738,-0.565,-0.828,-0.529,31.8
$BARO,56669.745,69370.37,33.25
$IMU,56669.762,-32.714,2.807,-6.774,0.18310,0.75195,0.61767,32.73
$IMU,56669.837,-36.560,-6.103,4.943,0.14892,0.55908,0.65722,32.78
$MAG,56669.839,-0.568,-0.820,-0.558,31.8
$BARO,56669.846,69384.99,33.25
$IMU,56669.913,-26.977,-34.606,0.305,0.32910,0.52392,0.79052,32.77
$MAG,56669.940,-0.561,-0.828,-0.546,31.8
$BARO,56669.947,69381.12,33.25
$IMU,56669.988,-20.507,-34.606,5.310,0.51367,0.65625,0.69531,32.79
$VBAT,56670.000,3.840
$MAG,56670.041,-0.583,-0.814,-0.579,31.8
$BARO,56670.049,69383.77,33.25
$IMU,56670.063,-32.958,-4.394,26.611,0.36621,0.71533,0.65332,32.76
$TIME,56670.079,29752.000,2365
$IMU,56670.138,-55.786,-9.155,34.973,0.12597,0.55078,0.65039,32.79
$MAG,56670.142,-0.609,-0.796,-0.606,31.8
$BARO,56670.150,69389.04,33.25
$IMU,56670.213,-65.795,-45.715,38.818,0.52734,0.25488,0.66113,32.76
$MAG,56670.243,-0.658,-0.768,-0.621,31.8
$BARO,56670.252,69382.56,33.25
$IMU,56670.288,-46.508,-33.081,59.387,0.87548,0.03515,0.73974,32.79
$MAG,56670.344,-0.682,-0.742,-0.657,31.8
$BARO,56670.353,69379.87,33.26
$IMU,56670.363,-23.071,14.770,41.320,0.89404,-0.10205,0.90771,32.80
$HUM,56670.415,31.9,33.5
$IMU,56670.438,3.845,60.058,32.653,0.55419,0.14160,0.96191,32.75
$MAG,56670.445,-0.687,-0.720,-0.699,32.0
$BARO,56670.454,69381.95,33.26
$IMU,56670.513,20.324,70.800,8.300,0.44238,0.23632,0.96630,32.74
$MAG,56670.545,-0.667,-0.727,-0.735,31.8
$BARO,56670.556,69390.84,33.26
$IMU,56670.588,28.320,66.162,-0.976,0.37744,0.28857,0.91064,32.80
$MAG,56670.646,-0.646,-0.735,-0.766,31.6
$BARO,56670.657,69377.02,33.26
$IMU,56670.663,24.902,65.307,-5.371,0.13134,0.38916,0.93310,32.79
$IMU,56670.738,16.723,45.715,-14.160,0.07470,0.33837,0.94433,32.82
$MAG,56670.747,-0.633,-0.741,-0.781,31.8
$BARO,56670.758,69380.26,33.27
$IMU,56670.814,12.573,18.981,-12.939,0.06152,0.36816,0.93798,32.81
$MAG,56670.848,-0.619,-0.751,-0.780,31.8
$BARO,56670.860,69375.56,33.27
$IMU,56670.889,8.605,-1.037,-8.728,0.12011,0.37500,0.92480,32.80
$MAG,56670.949,-0.612,-0.756,-0.774,31.8
$BARO,56670.961,69368.66,33.27
$IMU,56670.964,3.784,-2.197,-6.103,0.13281,0.35107,0.94335,32.75
$VBAT,56671.001,3.850
$IMU,56671.039,0.915,3.967,-4.577,0.10107,0.34472,0.94091,32.81
$MAG,56671.050,-0.612,-0.756,-0.772,31.8
$BARO,56671.063,69372.93,33.27
$IMU,56671.114,1.647,2.441,-3.479,0.08447,0.36181,0.93994,32.79
$MAG,56671.151,-0.598,-0.768,-0.765,32.0
$BARO,56671.164,69383.70,33.27
$IMU,56671.189,2.807,-4.089,-4.272,0.11132,0.36718,0.93164,32.79
$MAG,56671.252,-0.609,-0.768,-0.760,31.8
$IMU,56671.264,1.037,-4.760,-3.845,0.09570,0.39648,0.92968,32.75
$BARO,56671.265,69376.78,33.27
$IMU,56671.339,-3.662,-5.981,-3.173,0.06445,0.40771,0.91845,32.79
$MAG,56671.353,-0.607,-0.765,-0.756,31.7
$BARO,56671.367,69381.87,33.27
$IMU,56671.414,-12.023,-26.184,-5.615,-0.19482,0.70214,0.91064,32.77
$HUM,56671.432,31.6,33.5
$MAG,56671.453,-0.618,-0.769,-0.736,31.8
$BARO,56671.468,69376.36,33.27
$IMU,56671.489,-42.053,-113.830,-20.141,-0.37255,0.82812,0.66601,32.84
$MAG,56671.554,-0.681,-0.739,-0.664,31.8
$IMU,56671.564,-95.825,-201.293,18.554,0.59179,0.24121,0.35351,32.81
$BARO,56671.570,69370.27,33.27
$IMU,56671.639,-121.643,-122.009,126.586,1.10644,-0.81347,0.34082,32.82
$MAG,56671.655,-0.772,-0.607,-0.697,31.8
$BARO,56671.671,69382.65,33.28
$IMU,56671.714,-78.063,-3.601,127.685,0.75976,-0.80566,0.57275,32.80
$MAG,56671.756,-0.786,-0.544,-0.718,31.8
$BARO,56671.772,69379.80,33.28
$IMU,56671.790,-29.235,9.216,40.527,0.63134,-0.51171,0.73730,32.81
$MAG,56671.857,-0.792,-0.564,-0.691,31.8
$IMU,56671.865,-9.582,-16.296,-4.028,0.61279,-0.50537,0.72509,32.77
$BARO,56671.874,69379.61,33.28
$IMU,56671.940,17.211,-55.664,-91.186,0.61621,-0.34375,0.63720,32.78
$MAG,56671.958,-0.736,-0.676,-0.598,32.0
$BARO,56671.975,69380.22,33.28
$IMU,56672.015,35.461,-98.083,-127.258,0.81787,-0.09716,0.47949,32.79
$VBAT,56672.018,3.848
$MAG,56672.059,-0.651,-0.757,-0.474,32.0
$BARO,56672.076,69382.41,33.29
$TIME,56672.079,29753.000,2365
$IMU,56672.090,48.034,-112.976,-116.821,0.83544,0.18896,0.24414,32.80
$MAG,56672.160,-0.490,-0.817,-0.367,31.8
$IMU,56672.165,43.884,-127.746,-129.333,1.16357,0.37646,-0.01269,32.79
$BARO,56672.178,69383.85,33.29
$IMU,56672.240,39.978,-94.970,-123.535,0.99023,0.46826,0.00878,32.83
$MAG,56672.261,-0.360,-0.823,-0.333,32.0
$BARO,56672.279,69384.63,33.29
$IMU,56672.315,28.564,-63.781,-110.351,0.77832,0.63281,-0.10986,32.78
$MAG,56672.362,-0.241,-0.810,-0.313,31.8
$BARO,56672.381,69374.05,33.29
$IMU,56672.390,19.653,-53.283,-90.576,0.75830,0.78515,-0.18164,32.83
$HUM,56672.448,32.4,33.5
$MAG,56672.462,-0.210,-0.804,-0.307,31.8
$IMU,56672.465,10.253,-21.118,-45.898,0.63769,0.80712,-0.26367,32.78
$BARO,56672.482,69381.19,33.29
$IMU,56672.540,1.953,5.371,-0.732,0.57910,0.79345,-0.23779,32.83
$MAG,56672.563,-0.229,-0.805,-0.313,31.8
$BARO,56672.584,69374.49,33.29
$IMU,56672.615,-9.765,18.371,19.958,0.81201,0.84814,-0.30029,32.81
$MAG,56672.664,-0.348,-0.835,-0.343,32.0
$BARO,56672.685,69380.95,33.29
$IMU,56672.690,-40.283,103.698,65.551,1.17089,1.07324,-0.33056,32.84
$MAG,56672.765,-0.640,-0.772,-0.532,31.8
$IMU,56672.766,-93.261,263.488,185.241,0.58105,0.77294,-0.20361,32.85
$BARO,56672.786,69384.82,33.29
$IMU,56672.841,-109.741,257.324,218.811,0.04687,-0.23339,0.49609,32.83
$MAG,56672.866,-0.717,-0.667,-0.747,31.8
$BARO,56672.888,69380.53,33.30
$IMU,56672.916,-79.711,169.555,94.787,0.47705,-0.12451,0.81054,32.85
$MAG,56672.967,-0.670,-0.594,-0.900,32.0
$BARO,56672.989,69376.88,33.30
$IMU,56672.991,-73.364,131.591,60.729,0.36230,0.03564,0.76855,32.87
$VBAT,56673.019,3.855
$IMU,56673.066,-99.670,116.394,60.668,-0.06250,-0.34619,0.71875,32.81
$MAG,56673.068,-0.607,-0.487,-1.009,32.0
$TIME,56673.079,29754.000,2365
$BARO,56673.091,69387.65,33.30
$IMU,56673.141,-102.905,80.261,32.165,-0.14404,-0.59277,0.66552,32.84
$MAG,56673.169,-0.555,-0.412,-1.059,32.0
$BARO,56673.192,69383.36,33.30
$IMU,56673.216,-88.378,61.889,18.798,0.08691,-0.66845,0.63916,32.85
$MAG,56673.270,-0.478,-0.328,-1.093,31.8
$IMU,56673.291,-82.458,78.735,33.142,-0.21533,-0.89990,0.55712,32.86
$BARO,56673.293,69373.39,33.30
$IMU,56673.366,-59.692,59.692,8.789,-0.49218,-0.93310,0.58300,32.86
$MAG,56673.371,-0.438,-0.279,-1.096,31.8
$BARO,56673.395,69381.31,33.30
$IMU,56673.441,-32.775,3.845,-30.090,-0.33935,-1.06396,0.56347,32.84
$HUM,56673.465,32.5,33.6
$MAG,56673.472,-0.472,-0.273,-1.084,31.8
$BARO,56673.496,69376.44,33.31
$IMU,56673.516,-5.493,-30.456,-35.827,-0.21484,-1.04199,0.59814,32.88
$MAG,56673.573,-0.522,-0.289,-1.071,31.8
$IMU,56673.591,7.873,-40.710,-25.390,-0.14208,-0.97412,0.62695,32.86
$BARO,56673.598,69381.53,33.30
$IMU,56673.667,20.690,-36.071,-14.282,-0.02148,-0.89990,0.59814,32.84
$MAG,56673.673,-0.547,-0.315,-1.050,31.8
$BARO,56673.699,69374.22,33.31
$IMU,56673.742,30.578,-22.033,2.014,-0.01074,-0.80273,0.60156,32.87
$MAG,56673.774,-0.550,-0.336,-1.056,32.0
$BARO,56673.800,69386.38,33.31
$IMU,56673.817,26.855,-15.563,12.695,-0.05566,-0.79882,0.59033,32.87
$MAG,56673.875,-0.564,-0.336,-1.042,31.8
$IMU,56673.892,25.512,-15.441,9.826,-0.08886,-0.71240,0.65429,32.82
$BARO,56673.902,69384.14,33.31
$IMU,56673.967,22.277,-20.385,6.286,-0.08398,-0.68652,0.70654,32.87
$MAG,56673.976,-0.589,-0.361,-1.030,31.8
$BARO,56674.003,69391.26,33.31
$VBAT,56674.036,3.842
$IMU,56674.042,23.559,-21.545,5.187,-0.10009,-0.58544,0.80078,32.84
$MAG,56674.077,-0.606,-0.363,-1.017,31.8
$TIME,56674.079,29755.000,2365
$BARO,56674.105,69368.88,33.31
$IMU,56674.117,20.874,-17.395,13.977,-0.02490,-0.57177,0.86816,32.85
$MAG,56674.178,-0.597,-0.367,-1.020,32.0
$IMU,56674.192,14.648,-2.258,29.602,-0.06250,-0.63037,0.88720,32.85
$BARO,56674.206,69382.90,33.31
$IMU,56674.267,19.531,3.906,33.142,-0.14013,-0.66210,0.85742,32.87
$MAG,56674.279,-0.594,-0.367,-1.023,31.8
$BARO,56674.307,69368.69,33.31
$IMU,56674.342,30.822,-2.502,21.240,-0.12402,-0.60693,0.87402,32.85
$MAG,56674.380,-0.598,-0.373,-1.011,32.0
$BARO,56674.409,69373.34,33.31
$IMU,56674.417,34.118,-7.141,10.253,-0.04687,-0.56494,0.93701,32.85
$MAG,56674.480,-0.597,-0.400,-1.023,31.8
$HUM,56674.482,32.4,33.6
$IMU,56674.492,30.395,4.455,15.258,-0.00146,-0.60302,0.95898,32.82
$BARO,56674.510,69378.83,33.31
$IMU,56674.567,28.991,18.615,19.775,-0.06835,-0.70068,0.89599,32.85
$MAG,56674.581,-0.570,-0.412,-1.039,31.8
$BARO,56674.612,69382.92,33.31
$IMU,56674.643,45.043,19.104,8.178,-0.30712,-0.50292,0.90478,32.86
$MAG,56674.682,-0.577,-0.459,-1.035,32.0
$BARO,56674.713,69372.34,33.32
$IMU,56674.718,56.640,-5.737,-15.808,-0.26953,-0.36669,0.90722,32.88
$MAG,56674.783,-0.585,-0.531,-1.009,31.8
$IMU,56674.793,59.082,-21.057,-34.179,-0.12011,-0.27441,0.94042,32.85
$BARO,56674.815,69379.44,33.32
$IMU,56674.868,60.546,-8.972,-31.311,0.02832,-0.26269,0.92187,32.85
$MAG,56674.884,-0.582,-0.589,-0.990,32.0
$BARO,56674.916,69373.51,33.33
$IMU,56674.943,60.424,15.686,-21.484,-0.01464,-0.01464,0.93310,32.87
$MAG,56674.985,-0.561,-0.619,-0.970,31.8
$BARO,56675.017,69382.26,33.33
$IMU,56675.018,46.447,21.179,-13.977,-0.22265,0.10791,0.78417,32.87
$VBAT,56675.037,3.852
$TIME,56675.079,29757.000,2365
$MAG,56675.086,-0.553,-0.658,-0.957,32.0
$IMU,56675.093,34.790,-5.920,-11.901,-0.25048,0.09082,0.74560,32.87
$BARO,56675.119,69376.53,33.33
$IMU,56675.168,20.324,-22.766,-21.972,-0.07080,0.01074,0.78955,32.82
$MAG,56675.187,-0.568,-0.679,-0.939,32.0
$BARO,56675.220,69366.42,33.32
$IMU,56675.243,12.878,-13.488,-15.808,-0.05175,0.10351,0.88720,32.86
$MAG,56675.288,-0.562,-0.687,-0.936,32.0
$IMU,56675.318,3.295,-8.728,-1.464,-0.13183,0.16455,0.94970,32.84
$BARO,56675.322,69387.53,33.33
$MAG,56675.388,-0.577,-0.675,-0.913,32.0
$IMU,56675.393,-0.244,-15.380,-1.770,-0.17333,0.17919,0.97998,32.85
$BARO,56675.423,69371.07,33.33
$IMU,56675.468,-4.577,-29.907,-11.047,-0.02636,0.12207,0.99511,32.89
$MAG,56675.489,-0.586,-0.679,-0.909,32.1
$HUM,56675.499,32.0,33.6
$BARO,56675.524,69366.59,33.33
$IMU,56675.543,-6.896,-25.939,-5.798,0.13134,0.05078,1.00341,32.88
$MAG,56675.590,-0.598,-0.679,-0.907,32.0
$IMU,56675.619,-8.056,-5.859,12.268,0.01171,0.08593,1.01318,32.86
$BARO,56675.626,69378.36,33.33
$MAG,56675.691,-0.619,-0.663,-0.903,32.0
$IMU,56675.694,-11.657,-10.192,10.925,0.06689,0.08105,1.01318,32.86
$BARO,56675.727,69384.46,33.33
$IMU,56675.769,-9.033,-14.770,6.469,0.14208,0.05615,1.00634,32.87
$MAG,56675.792,-0.630,-0.661,-0.904,32.0
$BARO,56675.829,69377.95,33.34
$IMU,56675.844,-9.094,-13.183,7.690,0.18310,0.04052,1.02783,32.91
$MAG,56675.893,-0.631,-0.642,-0.906,32.0
$IMU,56675.919,-10.559,-4.333,5.554,0.22412,0.00634,1.02294,32.86
$BARO,56675.930,69386.04,33.34
$MAG,56675.994,-0.625,-0.630,-0.928,32.0
$IMU,56675.994,-8.666,10.681,6.958,0.17871,-0.02587,1.01708,32.88
$BARO,56676.031,69381.36,33.34
$VBAT,56676.037,3.831
$IMU,56676.069,-5.615,20.446,6.225,0.06396,-0.03125,1.02490,32.87
$TIME,56676.079,29758.000,2365
$MAG,56676.095,-0.606,-0.627,-0.931,32.0
$BARO,56676.133,69372.22,33.34
$IMU,56676.144,-0.793,17.395,-0.427,-0.01953,-0.07617,1.01660,32.87
$MAG,56676.196,-0.597,-0.642,-0.931,31.8
$IMU,56676.219,4.882,2.075,-9.826,-0.05566,-0.07177,1.01171,32.86
$BARO,56676.234,69377.53,33.34
$IMU,56676.294,5.920,-9.033,-11.047,0.05761,-0.02783,1.01953,32.87
$MAG,56676.296,-0.606,-0.646,-0.918,31.8
$BARO,56676.336,69382.82,33.34
$IMU,56676.369,-1.831,-2.746,-1.159,0.10888,-0.06542,0.96093,32.88
$MAG,56676.397,-0.601,-0.651,-0.927,31.8
$BARO,56676.437,69367.95,33.34
$IMU,56676.444,0.854,8.178,3.356,-0.02294,0.01953,1.00390,32.84
$MAG,56676.498,-0.598,-0.646,-0.919,32.0
$HUM,56676.515,31.9,33.6
$IMU,56676.519,0.000,-0.671,-1.953,-0.06591,0.03027,1.00292,32.93
$BARO,56676.538,69379.75,33.34
$IMU,56676.595,-2.685,-15.380,-8.911,0.05664,-0.02636,1.00341,32.89
$MAG,56676.599,-0.615,-0.658,-0.912,32.0
$BARO,56676.640,69370.39,33.35
$IMU,56676.670,-1.647,-8.911,-5.493,0.14013,-0.01904,1.03955,32.92
$MAG,56676.700,-0.606,-0.642,-0.921,31.8
$BARO,56676.741,69372.61,33.35
$IMU,56676.745,-5.065,6.591,6.042,0.05908,-0.00781,1.02929,32.91
$MAG,56676.801,-0.607,-0.645,-0.937,32.0
$IMU,56676.820,-6.591,10.986,7.141,0.00927,0.00195,1.01171,32.90
$BARO,56676.843,69382.36,33.35
$IMU,56676.895,-7.019,6.469,4.943,0.00683,-0.05517,1.00048,32.87
$MAG,56676.902,-0.598,-0.628,-0.945,32.0
$BARO,56676.944,69377.27,33.35
$IMU,56676.970,-3.295,3.906,-0.427,0.00195,-0.06103,1.00732,32.93
$MAG,56677.003,-0.595,-0.628,-0.946,31.8
$VBAT,56677.038,3.848
$IMU,56677.045,-2.441,4.150,-1.220,0.06738,-0.08447,1.00732,32.90
$BARO,56677.046,69381.75,33.35
$TIME,56677.079,29760.000,2365
$MAG,56677.104,-0.595,-0.627,-0.957,31.8
$IMU,56677.120,-0.732,15.563,3.112,-0.03076,-0.00976,1.04101,32.90
$BARO,56677.147,69374.41,33.35
$IMU,56677.195,-6.591,14.404,5.187,-0.00537,-0.04980,1.03662,32.94
$MAG,56677.205,-0.571,-0.628,-0.969,32.0
$BARO,56677.248,69375.41,33.36
$IMU,56677.270,-8.422,11.962,4.089,-0.04736,-0.08544,1.02880,32.94
$MAG,56677.305,-0.573,-0.624,-0.979,32.0
$IMU,56677.345,-3.540,12.939,-1.647,-0.06298,-0.12011,1.03613,32.89
$BARO,56677.350,69376.85,33.36
$MAG,56677.406,-0.555,-0.631,-0.984,31.8
$IMU,56677.420,2.380,14.892,-7.263,-0.18896,-0.09277,1.06787,32.97
$BARO,56677.451,69378.09,33.35
$IMU,56677.496,4.150,5.554,-4.638,-0.16943,-0.20117,1.06445,32.91
$MAG,56677.507,-0.559,-0.630,-0.978,32.0
$HUM,56677.532,31.4,33.6
$BARO,56677.553,69371.56,33.35
$IMU,56677.571,12.634,-0.488,-4.272,-0.20507,-0.22265,1.05517,32.87
$MAG,56677.608,-0.558,-0.643,-0.963,32.0
$IMU,56677.646,22.521,-8.239,-9.521,-0.19335,-0.17724,1.10351,32.88
$BARO,56677.654,69377.46,33.36
$MAG,56677.709,-0.559,-0.676,-0.955,32.0
$IMU,56677.721,27.832,-12.756,-4.821,-0.00292,-0.15234,1.07373,32.91
$BARO,56677.755,69371.95,33.36
$IMU,56677.796,28.991,-2.502,15.197,0.10742,0.02636,1.01171,32.96
$MAG,56677.810,-0.568,-0.672,-0.937,31.8
$BARO,56677.857,69377.22,33.36
$IMU,56677.871,24.169,4.211,19.653,-0.39697,-0.03808,0.94580,32.87
$MAG,56677.911,-0.586,-0.696,-0.891,32.0
$IMU,56677.946,40.405,-44.250,-8.728,-0.00634,0.09130,0.89892,32.92
$BARO,56677.958,69379.29,33.36
$MAG,56678.012,-0.624,-0.717,-0.831,31.8
$IMU,56678.021,51.635,-40.405,6.713,0.20214,0.17675,0.89257,32.88
$VBAT,56678.044,3.840
$BARO,56678.060,69379.24,33.37
$TIME,56678.079,29761.000,2365
$IMU,56678.096,45.471,-15.625,14.404,0.12695,0.37353,0.88330,32.95
$MAG,56678.113,-0.643,-0.727,-0.807,32.0
$BARO,56678.161,69372.73,33.37
$IMU,56678.171,39.367,-3.845,6.591,0.05615,0.47900,0.89599,32.91
$MAG,56678.214,-0.645,-0.736,-0.778,32.0
$IMU,56678.246,38.635,-5.920,6.958,0.06103,0.56689,0.78320,32.92
$BARO,56678.262,69371.10,33.37
$MAG,56678.315,-0.646,-0.741,-0.756,32.0
$IMU,56678.321,31.433,-10.864,-1.525,0.28271,0.46533,0.79589,32.95
$BARO,56678.364,69381.65,33.37
$IMU,56678.396,28.076,1.403,-17.150,-0.03906,0.46044,0.84570,32.93
$MAG,56678.416,-0.619,-0.771,-0.723,32.0
$BARO,56678.465,69379.02,33.37
$IMU,56678.472,38.452,-21.118,-41.992,0.11621,0.49218,0.87011,32.96
$MAG,56678.517,-0.607,-0.790,-0.672,32.0
$IMU,56678.547,47.363,-24.353,-22.338,0.16601,0.61767,0.68359,32.93
$HUM,56678.549,30.6,33.6
$BARO,56678.567,69377.58,33.37
$MAG,56678.618,-0.618,-0.780,-0.651,31.8
$IMU,56678.622,32.287,-5.737,5.187,0.08056,0.90380,0.64697,32.94
$BARO,56678.668,69384.68,33.38
$IMU,56678.697,16.052,-2.197,19.653,0.17675,0.53857,0.86474,32.93
$MAG,56678.719,-0.640,-0.774,-0.633,31.8
$BARO,56678.769,69376.36,33.37
$IMU,56678.772,2.075,-5.737,28.320,0.17089,0.63720,0.72363,32.91
$MAG,56678.819,-0.655,-0.753,-0.625,31.8
$IMU,56678.847,14.770,-8.178,25.451,0.20947,0.51269,0.83691,32.89
$BARO,56678.871,69374.90,33.38
$MAG,56678.920,-0.664,-0.745,-0.598,31.8
$IMU,56678.922,34.851,-12.634,10.559,0.25683,0.91552,0.56835,32.95
$BARO,56678.972,69375.32,33.38
$IMU,56678.997,-11.047,-4.699,7.690,0.17871,0.80712,0.62011,32.93
$MAG,56679.021,-0.675,-0.724,-0.628,32.0
$VBAT,56679.046,3.853
$IMU,56679.072,-36.132,2.990,25.085,0.32861,0.58251,0.75439,32.94
$BARO,56679.074,69370.44,33.38
$MAG,56679.122,-0.681,-0.732,-0.618,32.0
$IMU,56679.147,-7.995,-5.798,0.244,0.25878,0.27099,0.83056,32.93
$BARO,56679.175,69376.34,33.38
$IMU,56679.222,40.405,-17.028,-46.081,0.32763,0.51904,0.76220,33.03
$MAG,56679.223,-0.645,-0.771,-0.585,31.8
$BARO,56679.276,69374.71,33.38
$IMU,56679.297,19.470,2.319,-52.734,0.15673,1.37255,0.52246,32.93
$MAG,56679.324,-0.639,-0.778,-0.616,32.1
$IMU,56679.372,-57.006,16.357,19.653,0.12011,0.46484,0.73437,32.95
$BARO,56679.378,69374.88,33.39
$MAG,56679.425,-0.651,-0.754,-0.655,31.8
$IMU,56679.448,-43.029,9.338,25.756,0.25439,0.57275,0.84033,32.95
$BARO,56679.479,69383.85,33.38
$IMU,56679.523,-18.432,5.859,-0.366,0.17871,0.55029,0.86523,32.93
$MAG,56679.526,-0.651,-0.759,-0.670,32.0
$HUM,56679.565,30.6,33.7
$BARO,56679.580,69382.17,33.40
$IMU,56679.598,-4.516,-5.554,-14.343,0.18896,0.51562,0.82763,32.96
$MAG,56679.627,-0.646,-0.765,-0.672,32.1
$IMU,56679.673,9.216,-3.601,-8.911,0.15283,0.57666,0.80126,32.93
$BARO,56679.682,69378.73,33.39
$MAG,56679.728,-0.639,-0.778,-0.646,32.0
$IMU,56679.748,14.404,-7.812,-8.544,0.20751,0.66357,0.79394,32.92
$BARO,56679.783,69383.19,33.40
$IMU,56679.823,15.136,-8.483,-13.427,0.20703,0.58398,0.80126,32.96
$MAG,56679.829,-0.628,-0.783,-0.628,31.8
$BARO,56679.885,69378.73,33.39
$IMU,56679.898,23.254,-10.437,-18.676,0.23681,0.69482,0.72705,33.00
$MAG,56679.930,-0.601,-0.805,-0.604,31.8
$IMU,56679.973,19.897,-6.286,-28.625,0.24316,0.79882,0.67138,32.95
$BARO,56679.986,69375.66,33.40
$MAG,56680.031,-0.580,-0.814,-0.610,32.0
$VBAT,56680.046,3.842
$IMU,56680.048,1.953,10.559,-27.221,0.04248,0.62207,0.79443,32.94
$TIME,56680.079,29762.000,2365
$BARO,56680.087,69378.51,33.40
$IMU,56680.123,8.178,7.568,-5.920,0.04882,0.85302,0.67724,32.92
$MAG,56680.132,-0.589,-0.813,-0.615,32.0
$BARO,56680.189,69375.63,33.40
$IMU,56680.198,-24.230,8.361,4.455,0.02832,0.68896,0.71093,32.93
$MAG,56680.233,-0.591,-0.811,-0.640,32.0
$IMU,56680.273,-19.165,-8.972,5.676,-0.00341,0.49902,0.82324,32.98
$BARO,56680.290,69384.19,33.40
$MAG,56680.334,-0.597,-0.801,-0.622,32.0
$IMU,56680.349,-2.197,-20.202,8.789,0.27734,0.72460,0.73095,32.95
$BARO,56680.392,69376.63,33.40
$IMU,56680.424,-9.094,-15.136,-13.000,0.16015,0.61132,0.81298,32.93
$MAG,56680.434,-0.586,-0.816,-0.621,32.0
$BARO,56680.493,69377.07,33.40
$IMU,56680.499,8.239,-17.822,-12.573,0.16650,0.69970,0.78222,32.99
$MAG,56680.535,-0.580,-0.820,-0.610,32.0
$IMU,56680.574,-4.028,-6.530,1.037,0.40136,0.80712,0.79736,32.95
$HUM,56680.582,30.6,33.6
$BARO,56680.594,69384.99,33.40
$MAG,56680.636,-0.589,-0.811,-0.669,31.8
$IMU,56680.649,-37.048,37.658,15.808,0.31396,0.57177,0.81738,32.96
$BARO,56680.696,69377.07,33.40
$IMU,56680.724,-34.912,63.476,6.591,0.00830,0.42822,0.82177,32.98
$MAG,56680.737,-0.576,-0.805,-0.717,32.0
$BARO,56680.797,69373.61,33.40
$IMU,56680.799,-15.380,41.015,-12.329,-0.09326,0.55371,0.81884,32.96
$MAG,56680.838,-0.555,-0.810,-0.733,31.8
$IMU,56680.874,-8.666,15.014,-17.272,-0.07421,0.52832,0.77099,33.00
$BARO,56680.899,69378.87,33.41
$MAG,56680.939,-0.541,-0.816,-0.738,32.1
$IMU,56680.949,-5.249,-1.892,-20.446,-0.10742,0.62500,0.81103,32.98
$BARO,56681.000,69375.05,33.40
$IMU,56681.024,-14.831,-15.563,-22.766,-0.06689,0.47705,0.86669,32.96
$MAG,56681.040,-0.528,-0.832,-0.741,32.0
$VBAT,56681.046,3.847
$TIME,56681.079,29763.000,2365
$IMU,56681.099,-7.324,-11.108,-4.760,0.04541,0.49951,0.89794,32.96
$BARO,56681.102,69378.05,33.41
$MAG,56681.141,-0.535,-0.819,-0.745,32.0
$IMU,56681.174,-3.051,6.347,9.399,-0.06445,0.51953,0.88134,32.96
$BARO,56681.203,69378.46,33.40
$MAG,56681.242,-0.529,-0.831,-0.747,31.8
$IMU,56681.249,-5.859,-4.699,-9.033,-0.01416,0.46484,0.87792,32.99
$BARO,56681.304,69377.05,33.41
$IMU,56681.325,-0.793,-6.713,-10.864,-0.07470,0.50927,0.90136,32.96
$MAG,56681.343,-0.525,-0.828,-0.753,32.0
$IMU,56681.400,-0.915,-4.760,-0.305,0.03515,0.47363,0.88769,32.99
$BARO,56681.406,69373.39,33.41
$MAG,56681.444,-0.523,-0.817,-0.747,32.1
$IMU,56681.475,1.403,6.958,7.995,-0.01757,0.47412,0.89697,32.98
$BARO,56681.507,69376.80,33.41
$MAG,56681.545,-0.526,-0.820,-0.750,32.0
$IMU,56681.550,2.380,12.145,1.220,-0.07958,0.50634,0.88916,32.96
$HUM,56681.599,29.7,33.7
$BARO,56681.609,69373.32,33.42
$IMU,56681.625,2.807,3.112,-10.803,-0.03076,0.52246,0.86181,33.01
$MAG,56681.646,-0.526,-0.837,-0.757,32.0
$IMU,56681.700,-4.333,8.422,2.807,-0.07470,0.52636,0.88330,32.95
$BARO,56681.710,69377.00,33.42
$MAG,56681.747,-0.522,-0.819,-0.765,32.1
$IMU,56681.775,-10.375,5.187,11.413,-0.04931,0.48925,0.90673,32.94
$BARO,56681.811,69381.07,33.42
$MAG,56681.848,-0.535,-0.813,-0.771,32.0
$IMU,56681.850,-11.230,-0.366,2.075,-0.09033,0.44970,0.89453,33.00
$BARO,56681.913,69377.58,33.42
$IMU,56681.925,-5.676,-2.929,0.061,-0.01660,0.42626,0.93212,32.98
$MAG,56681.949,-0.540,-0.817,-0.778,32.1
$IMU,56682.000,-1.098,4.699,6.835,-0.08837,0.43310,0.90380,32.95
$BARO,56682.014,69376.58,33.42
$VBAT,56682.047,3.848
$MAG,56682.050,-0.531,-0.807,-0.781,31.8
$IMU,56682.075,0.061,-0.854,0.854,-0.05029,0.49755,0.86865,33.01
$TIME,56682.079,29764.000,2365
$BARO,56682.116,69376.56,33.42
$MAG,56682.150,-0.526,-0.805,-0.774,32.1
$IMU,56682.150,-6.286,2.563,0.671,-0.06640,0.38916,0.95312,32.97
$BARO,56682.217,69375.97,33.42
$IMU,56682.225,3.295,4.394,0.732,-0.08837,0.48486,0.89697,32.98
$MAG,56682.251,-0.534,-0.796,-0.780,32.0
$IMU,56682.301,0.122,-1.953,2.319,-0.08691,0.42871,0.93164,33.03
$BARO,56682.318,69377.36,33.42
$MAG,56682.352,-0.529,-0.808,-0.775,32.0
$IMU,56682.376,8.483,-5.432,-2.868,-0.04492,0.45751,0.91796,33.02
$BARO,56682.420,69376.53,33.43
$IMU,56682.451,16.418,0.061,-6.347,-0.01367,0.48583,0.89160,32.98
$MAG,56682.453,-0.525,-0.825,-0.762,32.0
$BARO,56682.521,69372.90,33.42
$IMU,56682.526,21.301,12.756,2.502,-0.10302,0.42382,0.91650,32.99
$MAG,56682.554,-0.535,-0.820,-0.742,32.0
$IMU,56682.601,40.893,11.413,14.465,-0.15283,0.44287,0.87451,32.99
$HUM,56682.616,29.5,33.7
$BARO,56682.622,69370.44,33.43
$MAG,56682.655,-0.543,-0.829,-0.678,31.8
$IMU,56682.676,64.941,-8.972,7.019,-0.15820,0.51855,0.78955,32.99
$BARO,56682.724,69379.19,33.43
$IMU,56682.751,91.979,-42.297,-15.502,-0.20996,0.59130,0.64306,33.03
$MAG,56682.756,-0.514,-0.841,-0.559,31.8
$BARO,56682.825,69378.58,33.43
$IMU,56682.826,116.088,-81.359,-46.325,-0.08886,0.89746,0.39257,32.98
$MAG,56682.857,-0.453,-0.838,-0.432,32.0
$IMU,56682.901,98.022,-98.510,-56.823,-0.03125,1.06689,0.32470,32.99
$BARO,56682.927,69376.32,33.43
$MAG,56682.958,-0.366,-0.829,-0.358,32.0
$IMU,56682.976,57.189,-104.248,-35.766,-0.11962,1.08984,0.27685,33.00
$BARO,56683.028,69374.29,33.43
$VBAT,56683.047,3.842
$IMU,56683.051,22.766,-98.693,-21.423,0.17187,0.97509,0.24707,32.98
$MAG,56683.059,-0.304,-0.820,-0.355,31.8
$TIME,56683.079,29765.000,2365
$IMU,56683.126,20.202,-51.879,-21.423,0.09228,0.88378,0.19726,33.03
$BARO,56683.129,69375.51,33.43
$MAG,56683.160,-0.264,-0.807,-0.319,32.2
$IMU,56683.202,42.968,-45.166,-25.329,-0.09570,0.98437,0.24511,33.01
$BARO,56683.231,69372.46,33.43
$MAG,56683.261,-0.192,-0.772,-0.298,32.1
$IMU,56683.277,42.968,-59.814,-34.118,0.03417,1.13916,0.16845,33.03
$BARO,56683.332,69379.95,33.44
$IMU,56683.352,19.470,-32.348,-11.413,-0.04394,0.97119,0.14550,32.99
$MAG,56683.362,-0.190,-0.771,-0.291,32.1
$IMU,56683.427,17.028,-16.784,17.150,-0.01464,1.06005,0.14111,33.04
$BARO,56683.434,69377.12,33.44
$MAG,56683.462,-0.190,-0.762,-0.291,32.0
$IMU,56683.502,4.699,-13.122,9.765,0.04199,1.01757,0.09765,33.01
$BARO,56683.535,69377.92,33.44
$MAG,56683.563,-0.190,-0.762,-0.283,32.2
$IMU,56683.577,1.220,-1.220,4.943,0.00292,1.00927,0.11718,32.99
$HUM,56683.633,31.1,33.7
$BARO,56683.637,69373.63,33.44
$IMU,56683.652,0.122,4.028,2.014,0.05078,1.02246,0.10986,32.98
$MAG,56683.664,-0.190,-0.757,-0.288,32.1
$IMU,56683.727,3.540,4.333,-6.713,0.00390,1.03027,0.09472,33.00
$BARO,56683.738,69371.39,33.44
$MAG,56683.765,-0.192,-0.750,-0.283,32.0
$IMU,56683.802,2.990,2.258,-5.981,0.00097,1.03076,0.12744,33.07
$BARO,56683.839,69377.10,33.44
$MAG,56683.866,-0.204,-0.762,-0.276,32.0
$IMU,56683.877,-1.525,7.019,-4.089,0.17675,1.02636,0.10839,33.05
$BARO,56683.941,69377.70,33.44
$IMU,56683.952,-9.155,30.578,-1.403,0.12060,1.04980,0.09667,33.00
$MAG,56683.967,-0.225,-0.766,-0.276,31.8
$IMU,56684.027,-22.094,40.283,-3.173,-0.08496,1.01904,0.12792,33.03
$BARO,56684.042,69376.29,33.44
$VBAT,56684.047,3.842
$MAG,56684.068,-0.243,-0.789,-0.295,32.0
$TIME,56684.079,29766.000,2365
$IMU,56684.102,-27.282,38.391,-13.488,-0.12988,0.99609,0.21191,33.01
$BARO,56684.144,69381.56,33.44
$MAG,56684.169,-0.258,-0.787,-0.301,32.1
$IMU,56684.178,-22.888,31.799,-12.145,-0.05322,0.90185,0.22363,33.02
$BARO,56684.245,69386.24,33.44
$IMU,56684.253,-15.136,38.818,6.408,-0.18554,1.03759,0.21435,33.07
$MAG,56684.270,-0.285,-0.810,-0.309,32.0
$IMU,56684.328,-25.878,31.494,5.065,-0.10058,1.00097,0.24169,33.02
$BARO,56684.346,69381.75,33.45
$MAG,56684.371,-0.309,-0.817,-0.333,32.1
$IMU,56684.403,-27.160,31.982,3.601,-0.04345,0.94287,0.28759,33.05
$BARO,56684.448,69372.81,33.45
$MAG,56684.472,-0.327,-0.820,-0.355,32.0
$IMU,56684.478,-18.005,32.287,0.976,-0.19433,0.90673,0.29492,33.09
$BARO,56684.549,69375.24,33.45
$IMU,56684.553,-13.854,24.169,2.685,-0.15869,1.04394,0.32861,33.07
$MAG,56684.573,-0.345,-0.841,-0.381,32.1
$IMU,56684.628,-25.695,20.507,13.366,-0.22607,0.83203,0.27978,33.05
$HUM,56684.650,30.4,33.7
$BARO,56684.651,69378.87,33.45
$MAG,56684.674,-0.366,-0.846,-0.391,32.1
$IMU,56684.703,-12.145,8.483,18.310,-0.05224,0.98730,0.37841,33.05
$BARO,56684.752,69372.81,33.45
$MAG,56684.775,-0.387,-0.834,-0.403,32.1
$IMU,56684.778,-13.793,10.131,18.859,-0.22900,0.84765,0.34765,33.05
$BARO,56684.853,69377.66,33.45
$IMU,56684.853,4.211,-11.840,4.333,0.09179,1.02832,0.41894,33.07
$MAG,56684.876,-0.376,-0.846,-0.396,32.1
$IMU,56684.928,-5.249,6.042,-2.746,0.17626,0.99511,0.42675,33.07
$BARO,56684.955,69378.68,33.45
$MAG,56684.977,-0.367,-0.852,-0.408,32.1
$IMU,56685.003,-11.230,26.123,-27.038,-0.11523,0.87695,0.39404,33.03
$VBAT,56685.048,3.852
$BARO,56685.056,69379.26,33.46
$MAG,56685.078,-0.333,-0.856,-0.412,32.1
$IMU,56685.078,-4.943,22.644,-40.893,-0.24072,0.82666,0.42675,33.08
$TIME,56685.079,29766.000,2365
$IMU,56685.154,5.432,14.404,-37.109,-0.37988,0.84326,0.41992,33.07
$BARO,56685.158,69375.61,33.46
$MAG,56685.178,-0.324,-0.853,-0.400,32.1
$IMU,56685.229,13.244,2.990,-22.705,-0.42675,0.84375,0.35156,33.05
$BARO,56685.259,69383.51,33.46
$MAG,56685.279,-0.304,-0.849,-0.394,32.0
$IMU,56685.304,13.183,-3.601,-10.925,-0.36425,0.91308,0.33251,33.08
$BARO,56685.360,69382.12,33.46
$IMU,56685.379,6.958,-4.699,0.366,-0.28662,0.92822,0.35302,33.08
$MAG,56685.380,-0.298,-0.856,-0.396,32.1
$IMU,56685.454,-3.845,-3.601,-7.446,-0.28417,0.91210,0.36279,33.07
$BARO,56685.462,69378.24,33.46
$MAG,56685.481,-0.286,-0.849,-0.397,32.1
$IMU,56685.529,-7.202,-2.929,-14.526,-0.28564,0.90625,0.39208,33.10
$BARO,56685.563,69384.53,33.46
$MAG,56685.582,-0.300,-0.856,-0.399,32.1
$IMU,56685.604,-3.479,1.464,4.028,-0.36474,0.87890,0.34375,33.05
$BARO,56685.665,69377.41,33.47
$HUM,56685.667,30.3,33.7
$IMU,56685.679,-2.746,-1.831,11.474,-0.29150,0.92871,0.34960,33.05
$MAG,56685.683,-0.300,-0.856,-0.406,32.0
$IMU,56685.754,-7.812,-7.995,0.549,-0.30273,0.89794,0.38720,33.09
$BARO,56685.766,69378.44,33.46
$MAG,56685.784,-0.300,-0.861,-0.409,32.0
$IMU,56685.829,-10.620,-7.080,9.887,-0.25878,0.89160,0.37988,33.05
$BARO,56685.868,69373.56,33.46
$MAG,56685.885,-0.309,-0.873,-0.415,32.0
$IMU,56685.904,-5.859,-5.554,14.343,-0.34130,0.79589,0.38134,33.08
$BARO,56685.969,69381.26,33.47
$IMU,56685.979,5.859,-11.657,13.732,-0.08007,0.98193,0.47558,33.07
$MAG,56685.986,-0.324,-0.864,-0.412,32.1
$VBAT,56686.048,3.843
$IMU,56686.055,-3.662,6.103,21.240,-0.32812,0.85693,0.38574,33.05
$BARO,56686.070,69380.46,33.47
$TIME,56686.079,29768.000,2365
$MAG,56686.087,-0.327,-0.858,-0.408,32.0
$IMU,56686.130,3.601,-10.498,0.976,-0.16552,0.90429,0.43603,33.06
$BARO,56686.172,69378.80,33.47
$MAG,56686.188,-0.340,-0.856,-0.411,32.1
$IMU,56686.205,0.244,-3.906,17.883,-0.14013,0.93750,0.38671,33.04
$BARO,56686.273,69382.04,33.47
$IMU,56686.280,-7.690,5.615,16.296,-0.06982,0.97216,0.42089,33.07
$MAG,56686.289,-0.358,-0.853,-0.426,32.1
$IMU,56686.355,-12.390,14.831,9.155,0.03808,0.99218,0.42187,33.02
$BARO,56686.375,69370.25,33.48
$MAG,56686.390,-0.370,-0.856,-0.433,32.2
$IMU,56686.430,-19.470,36.376,-6.958,0.06787,0.91894,0.49511,33.11
$BARO,56686.476,69383.26,33.47
$MAG,56686.491,-0.391,-0.868,-0.459,32.2
$IMU,56686.505,-19.042,70.251,-10.498,-0.24853,0.77246,0.45800,33.08
$BARO,56686.577,69383.26,33.48
$IMU,56686.580,-5.737,93.200,12.268,-0.19189,0.80468,0.34179,33.06
$MAG,56686.591,-0.453,-0.864,-0.484,32.0
$IMU,56686.655,14.526,125.549,58.166,-0.34570,0.85400,0.22607,33.03
$BARO,56686.679,69374.71,33.48
$HUM,56686.683,29.5,33.7
$MAG,56686.692,-0.550,-0.819,-0.507,32.1
$IMU,56686.730,33.325,119.628,78.063,-0.41796,1.01123,0.14013,33.07
$BARO,56686.780,69376.12,33.48
$MAG,56686.793,-0.616,-0.775,-0.525,32.0
$IMU,56686.805,25.329,71.166,69.091,-0.24902,1.07714,0.15478,33.07
$IMU,56686.880,2.929,32.348,39.184,-0.09423,1.05224,0.13769,33.08
$BARO,56686.882,69380.00,33.48
$MAG,56686.894,-0.649,-0.760,-0.538,32.0
$IMU,56686.955,-13.122,28.442,17.333,0.13867,0.93603,0.11035,33.08
$BARO,56686.983,69373.46,33.48
$MAG,56686.995,-0.651,-0.753,-0.598,32.0
$IMU,56687.031,-8.178,64.331,9.948,-0.12939,0.98583,0.19531,33.08
$VBAT,56687.049,3.848
$TIME,56687.079,29770.000,2365
$BARO,56687.085,69383.24,33.48
$MAG,56687.096,-0.642,-0.760,-0.630,32.1
$IMU,56687.106,-9.765,47.790,-12.939,-0.20605,0.99804,0.18066,33.10
$IMU,56687.181,-5.615,16.601,-11.047,-0.21679,1.00097,0.26074,33.08
$BARO,56687.186,69376.14,33.48
$MAG,56687.197,-0.639,-0.769,-0.640,32.0
$IMU,56687.256,-2.502,9.887,-3.051,-0.14453,0.99902,0.21533,33.10
$BARO,56687.287,69386.87,33.49
$MAG,56687.298,-0.637,-0.777,-0.651,32.1
$IMU,56687.331,-2.990,16.418,-8.178,-0.22314,0.95751,0.22753,33.08
$BARO,56687.389,69377.92,33.49
$MAG,56687.399,-0.636,-0.769,-0.640,32.1
$IMU,56687.406,1.159,4.028,2.380,-0.16796,0.97656,0.20458,33.08
$IMU,56687.481,0.427,-5.249,4.028,-0.14306,0.99267,0.21728,33.08
$BARO,56687.490,69388.48,33.50
$MAG,56687.500,-0.640,-0.768,-0.652,32.1
$IMU,56687.556,-0.122,-9.155,3.784,-0.13574,0.98291,0.21191,33.10
$BARO,56687.592,69389.72,33.49
$MAG,56687.601,-0.645,-0.769,-0.636,32.1
$IMU,56687.631,0.854,-10.986,4.699,-0.15429,0.99511,0.20312,33.09
$BARO,56687.693,69380.78,33.49
$HUM,56687.700,29.5,33.7
$MAG,56687.702,-0.642,-0.763,-0.636,32.0
$IMU,56687.706,-4.150,-11.718,4.455,-0.15625,1.01855,0.19091,33.07
$IMU,56687.781,-11.840,-17.211,14.404,-0.14941,0.95263,0.24755,33.10
$BARO,56687.794,69379.31,33.49
$MAG,56687.802,-0.661,-0.756,-0.628,32.1
$IMU,56687.856,-5.920,-21.728,2.380,0.05371,0.93164,0.35205,33.14
$BARO,56687.896,69379.12,33.50
$MAG,56687.903,-0.651,-0.757,-0.612,31.8
$IMU,56687.931,11.535,-21.240,-10.864,-0.01171,0.96093,0.26269,33.10
$BARO,56687.997,69383.21,33.49
$MAG,56688.004,-0.645,-0.757,-0.580,32.2
$IMU,56688.007,14.709,-26.672,-11.352,-0.08593,0.99609,0.13818,33.09
$VBAT,56688.050,3.850
$IMU,56688.082,11.535,-17.517,-24.414,-0.11376,0.99902,0.17285,33.08
$BARO,56688.099,69373.05,33.49
$MAG,56688.105,-0.621,-0.789,-0.576,32.1
$IMU,56688.157,4.394,6.347,-21.057,-0.16357,0.99462,0.21484,33.11
$BARO,56688.200,69375.66,33.49
$MAG,56688.206,-0.618,-0.781,-0.567,32.2
$IMU,56688.232,1.403,13.671,-0.427,-0.20166,0.97119,0.19042,33.06
$BARO,56688.301,69380.56,33.50
$MAG,56688.307,-0.619,-0.780,-0.582,32.2
$IMU,56688.307,1.586,3.051,1.708,-0.11621,1.00927,0.21044,33.10
$IMU,56688.382,-2.380,1.098,3.356,-0.18359,0.97802,0.21875,33.08
$BARO,56688.403,69377.49,33.50
$MAG,56688.408,-0.625,-0.783,-0.585,32.2
$IMU,56688.457,1.770,-5.126,2.990,-0.10253,0.94433,0.15136,33.11
$BARO,56688.504,69379.09,33.50
$MAG,56688.509,-0.624,-0.780,-0.565,32.1
$IMU,56688.532,3.662,2.014,-5.493,-0.14746,1.04541,0.15869,33.06
$BARO,56688.606,69373.39,33.50
$IMU,56688.607,-8.911,0.671,-7.873,-0.26904,0.99560,0.19726,33.12
$MAG,56688.610,-0.619,-0.790,-0.579,32.1
$IMU,56688.682,-12.207,-14.709,6.408,-0.21240,0.98974,0.21826,33.10
$BARO,56688.707,69385.41,33.50
$MAG,56688.711,-0.628,-0.781,-0.567,32.1
$HUM,56688.717,29.4,33.8
$IMU,56688.757,-4.943,-23.498,6.347,-0.06005,0.87451,0.24218,33.13
$BARO,56688.808,69377.85,33.50
$MAG,56688.811,-0.609,-0.789,-0.550,32.2
$IMU,56688.832,13.977,-18.127,-10.314,-0.06982,1.02685,0.27587,33.10
$IMU,56688.908,14.526,-18.005,-13.610,-0.13427,0.92333,0.17871,33.10
$BARO,56688.910,69380.51,33.50
$MAG,56688.912,-0.600,-0.789,-0.529,32.2
$IMU,56688.983,19.653,-18.249,-12.329,-0.17285,1.03515,0.10595,33.14
$BARO,56689.011,69374.80,33.51
$MAG,56689.013,-0.591,-0.798,-0.514,32.1
$VBAT,56689.051,3.843
$IMU,56689.058,10.375,-4.089,-15.014,-0.16015,0.97851,0.13037,33.14
$TIME,56689.079,29771.000,2365
$BARO,56689.113,69382.97,33.50
$MAG,56689.114,-0.583,-0.802,-0.520,32.1
$IMU,56689.133,5.615,13.793,-2.258,-0.21337,1.02441,0.10839,33.08
$IMU,56689.208,-4.150,21.118,3.906,-0.15136,1.00292,0.13378,33.13
$BARO,56689.214,69375.80,33.51
$MAG,56689.215,-0.597,-0.796,-0.538,32.2
$IMU,56689.283,-10.681,25.817,5.798,-0.22021,0.99169,0.18359,33.08
$BARO,56689.315,69385.16,33.51
$MAG,56689.316,-0.610,-0.787,-0.561,32.0
$IMU,56689.358,-8.728,11.779,6.164,-0.23242,0.96093,0.17285,33.10
$BARO,56689.417,69372.76,33.51
$MAG,56689.417,-0.612,-0.786,-0.547,32.1
$IMU,56689.433,-1.953,-4.089,7.629,-0.15185,0.97509,0.14013,33.11
$IMU,56689.508,0.427,-4.699,-0.366,-0.18261,0.98779,0.18457,33.08
$BARO,56689.518,69386.38,33.51
$MAG,56689.518,-0.612,-0.790,-0.555,32.2
$IMU,56689.583,1.281,-6.225,-2.075,-0.07519,0.90673,0.12841,33.14
$MAG,56689.619,-0.618,-0.787,-0.546,32.2
$BARO,56689.620,69380.48,33.51
$IMU,56689.658,12.451,9.155,-3.479,-0.20947,1.06884,0.10839,33.16
$MAG,56689.720,-0.597,-0.792,-0.559,32.1
$BARO,56689.721,69381.90,33.51
$IMU,56689.733,-6.286,9.277,-8.789,-0.28222,1.04199,0.12304,33.12
$HUM,56689.734,29.4,33.7
$IMU,56689.808,-18.310,4.760,5.004,-0.20117,0.91308,0.15625,33.12
$MAG,56689.821,-0.615,-0.786,-0.564,32.2
$BARO,56689.823,69382.12,33.51
$IMU,56689.884,-0.183,-1.892,11.474,-0.19287,0.97558,0.29248,33.12
$MAG,56689.922,-0.622,-0.784,-0.549,32.0
$BARO,56689.924,69368.86,33.52
$IMU,56689.959,7.995,-17.089,3.723,-0.23388,1.00048,0.18017,33.10
$MAG,56690.022,-0.610,-0.793,-0.522,32.1
$BARO,56690.025,69374.78,33.52
$IMU,56690.034,5.065,-50.048,-4.577,-0.19726,1.02343,0.12792,33.10
$VBAT,56690.051,3.835
$TIME,56690.079,29772.000,2365
$IMU,56690.109,-2.807,-68.847,0.000,-0.10693,0.95214,0.15527,33.14
$MAG,56690.123,-0.582,-0.802,-0.475,32.1
$BARO,56690.127,69385.53,33.52
$IMU,56690.184,-1.647,-56.640,-5.310,-0.13134,1.03271,0.15527,33.13
$MAG,56690.224,-0.565,-0.802,-0.462,32.1
$BARO,56690.228,69379.85,33.51
$IMU,56690.259,-7.629,-48.828,-13.305,-0.13330,0.97119,0.14892,33.11
$MAG,56690.325,-0.540,-0.805,-0.459,32.0
$BARO,56690.330,69377.80,33.52
$IMU,56690.334,-11.413,-39.489,-2.380,-0.14013,1.00146,0.24462,33.14
$IMU,56690.409,-22.399,-25.207,16.662,-0.10498,0.98144,0.26367,33.13
$MAG,56690.426,-0.568,-0.802,-0.469,32.2
$BARO,56690.431,69371.71,33.52
$IMU,56690.484,-26.306,-14.343,29.663,0.04882,0.90625,0.37890,33.11
$MAG,56690.527,-0.577,-0.798,-0.480,32.2
$BARO,56690.532,69385.92,33.52
$IMU,56690.559,-19.042,-4.882,10.986,0.03710,0.95703,0.40917,33.18
$MAG,56690.628,-0.571,-0.807,-0.475,32.1
$BARO,56690.634,69392.01,33.52
$IMU,56690.634,-15.686,-13.671,-6.713,-0.00976,0.96582,0.31494,33.13
$IMU,56690.709,-29.113,-13.122,11.840,-0.05761,0.89941,0.38330,33.14
$MAG,56690.729,-0.582,-0.805,-0.495,32.1
$BARO,56690.735,69384.31,33.52
$HUM,56690.751,28.9,33.8
$IMU,56690.785,-27.343,-15.502,13.854,0.10937,0.90136,0.41015,33.16
$MAG,56690.830,-0.576,-0.808,-0.510,32.0
$BARO,56690.837,69391.60,33.52
$IMU,56690.860,-14.404,-7.080,-3.234,-0.06640,0.93896,0.45703,33.17
$MAG,56690.931,-0.583,-0.804,-0.501,32.1
$IMU,56690.935,-5.371,-17.822,1.342,0.13378,0.82226,0.52490,33.10
$BARO,56690.938,69382.65,33.53
$IMU,56691.010,5.920,3.967,1.525,-0.07910,0.90625,0.48339,33.13
$MAG,56691.032,-0.567,-0.805,-0.489,32.2
$BARO,56691.039,69384.46,33.53
$VBAT,56691.051,3.850
$TIME,56691.079,29772.000,2365
$IMU,56691.085,2.197,-21.179,-14.770,0.12402,0.99511,0.50488,33.16
$MAG,56691.133,-0.565,-0.810,-0.508,32.1
$BARO,56691.141,69381.04,33.52
$IMU,56691.160,-22.094,-7.446,-2.136,-0.01953,0.84277,0.43457,33.13
$MAG,56691.234,-0.552,-0.823,-0.511,32.1
$IMU,56691.235,-11.230,-11.047,-13.549,0.07470,0.87744,0.52050,33.17
$BARO,56691.242,69385.89,33.53
$IMU,56691.310,-8.605,-4.455,-1.220,0.03564,0.77978,0.51855,33.15
$MAG,56691.335,-0.550,-0.817,-0.498,32.2
$BARO,56691.344,69376.75,33.53
$IMU,56691.385,15.258,3.723,-12.634,-0.00927,0.99023,0.46435,33.15
$MAG,56691.436,-0.552,-0.831,-0.507,32.1
$BARO,56691.445,69385.26,33.53
$IMU,56691.460,-7.324,1.098,-0.732,-0.01464,0.75878,0.48974,33.11
$IMU,56691.535,2.563,-5.065,10.620,-0.02929,0.96142,0.53173,33.13
$MAG,56691.537,-0.543,-0.826,-0.501,32.0
$BARO,56691.546,69388.72,33.53
$IMU,56691.610,-7.995,-9.216,-0.793,-0.00097,0.83935,0.52294,33.17
$MAG,56691.637,-0.543,-0.835,-0.502,32.2
$BARO,56691.648,69382.85,33.53
$IMU,56691.685,-2.197,-13.671,-8.483,0.06347,0.95703,0.54736,33.13
$MAG,56691.738,-0.532,-0.835,-0.501,32.2
$BARO,56691.749,69383.43,33.54
$IMU,56691.761,-3.540,-5.554,-8.850,0.06005,0.85644,0.53466,33.16
$HUM,56691.768,28.9,33.8
$IMU,56691.836,-3.356,1.037,-14.526,-0.00683,0.83642,0.51220,33.12
$MAG,56691.839,-0.519,-0.841,-0.507,32.1
$BARO,56691.851,69376.34,33.53
$IMU,56691.911,-0.244,2.319,-28.320,0.17431,0.93750,0.53271,33.14
$MAG,56691.940,-0.519,-0.841,-0.517,32.2
$BARO,56691.952,69377.12,33.53
$IMU,56691.986,-8.666,30.761,25.146,-0.19140,0.83496,0.53613,33.14
$MAG,56692.041,-0.550,-0.823,-0.517,32.1
$VBAT,56692.052,3.839
$BARO,56692.053,69379.75,33.54
$IMU,56692.061,-3.967,-2.746,28.259,-0.19384,0.84423,0.49169,33.12
$TIME,56692.079,29774.000,2365
$IMU,56692.136,0.854,-30.456,-45.471,0.41064,0.86328,0.57324,33.19
$MAG,56692.142,-0.508,-0.849,-0.517,32.2
$BARO,56692.155,69381.17,33.54
$IMU,56692.211,5.676,20.141,17.395,-0.43457,0.87988,0.53955,33.16
$MAG,56692.243,-0.513,-0.843,-0.501,32.1
$BARO,56692.256,69376.32,33.53
$IMU,56692.286,0.854,-16.235,-5.126,0.20068,0.90478,0.45507,33.18
$MAG,56692.344,-0.523,-0.832,-0.502,32.2
$BARO,56692.358,69382.60,33.53
$IMU,56692.361,-2.441,1.525,1.037,-0.04443,0.85400,0.57958,33.17
$IMU,56692.436,5.126,3.112,-6.591,-0.03808,0.86865,0.49804,33.16
$MAG,56692.445,-0.520,-0.832,-0.496,32.1
$BARO,56692.459,69375.46,33.54
$IMU,56692.511,11.962,0.183,2.380,-0.03076,0.92724,0.55273,33.14
$MAG,56692.546,-0.525,-0.819,-0.495,32.1
$BARO,56692.560,69384.85,33.54
$IMU,56692.586,4.150,-0.244,8.056,-0.04394,0.85498,0.50634,33.17
$MAG,56692.647,-0.522,-0.835,-0.490,32.1
$IMU,56692.661,10.314,3.234,-9.460,-0.00097,0.84472,0.49365,33.17
$BARO,56692.662,69380.75,33.54
$IMU,56692.737,17.150,5.493,-6.225,-0.04296,0.90185,0.47656,33.18
$MAG,56692.748,-0.520,-0.835,-0.484,32.0
$BARO,56692.763,69375.49,33.54
$HUM,56692.785,28.8,33.8
$IMU,56692.812,19.470,6.103,4.882,-0.03808,0.87402,0.43945,33.17
$MAG,56692.849,-0.523,-0.811,-0.456,32.2
$BARO,56692.865,69377.68,33.55
$IMU,56692.887,29.968,5.310,7.202,-0.02587,0.87744,0.36035,33.19
$MAG,56692.949,-0.526,-0.810,-0.421,32.1
$IMU,56692.962,40.283,2.746,-3.417,-0.04345,0.97656,0.32128,33.16
$BARO,56692.966,69380.73,33.55
$IMU,56693.037,29.113,-3.479,-8.300,-0.03808,1.07373,0.29541,33.16
$MAG,56693.050,-0.526,-0.802,-0.415,32.2
$VBAT,56693.052,3.845
$BARO,56693.067,69376.46,33.54
$TIME,56693.079,29775.000,2365
$IMU,56693.112,3.051,-1.220,-2.868,-0.02490,1.04492,0.23876,33.19
$MAG,56693.151,-0.525,-0.801,-0.420,32.1
$BARO,56693.169,69375.24,33.55
$IMU,56693.187,-20.202,2.868,6.286,-0.03417,1.02832,0.32568,33.19
$MAG,56693.252,-0.532,-0.814,-0.454,32.2
$IMU,56693.262,-32.775,2.685,3.295,-0.00097,0.89990,0.31835,33.15
$BARO,56693.270,69388.23,33.55
$IMU,56693.337,-29.479,6.225,3.662,-0.01123,0.92431,0.43066,33.17
$MAG,56693.353,-0.540,-0.829,-0.478,32.0
$BARO,56693.372,69380.73,33.55
$IMU,56693.412,-27.465,7.385,-3.601,-0.06640,0.87744,0.47412,33.14
$MAG,56693.454,-0.529,-0.832,-0.501,32.2
$BARO,56693.473,69389.06,33.55
$IMU,56693.487,-15.930,-2.014,-10.253,-0.08496,0.85009,0.48193,33.18
$MAG,56693.555,-0.517,-0.835,-0.490,32.0
$IMU,56693.562,1.953,-8.911,-10.375,-0.08398,0.85693,0.45605,33.14
$BARO,56693.574,69379.70,33.55
$IMU,56693.638,8.178,-9.094,-8.239,-0.02978,0.95458,0.47412,33.16
$MAG,56693.656,-0.507,-0.843,-0.492,32.2
$BARO,56693.676,69380.12,33.55
$IMU,56693.713,-0.793,-2.075,-0.976,-0.05566,0.92187,0.46142,33.16
$MAG,56693.757,-0.501,-0.841,-0.480,32.0
$BARO,56693.777,69375.24,33.55
$IMU,56693.788,-5.065,0.732,-2.685,-0.09130,0.90136,0.45361,33.18
$HUM,56693.802,28.6,33.8
$MAG,56693.858,-0.508,-0.844,-0.498,32.2
$IMU,56693.863,-5.859,-4.394,-2.502,-0.08154,0.94580,0.45800,33.16
$BARO,56693.879,69378.07,33.55
$IMU,56693.938,-16.906,-5.493,5.371,-0.03369,0.93164,0.42236,33.19
$MAG,56693.959,-0.508,-0.852,-0.517,32.1
$BARO,56693.980,69380.12,33.55
$IMU,56694.013,-40.405,3.784,15.930,-0.03857,0.94726,0.46875,33.21
$VBAT,56694.053,3.842
$MAG,56694.060,-0.543,-0.835,-0.580,32.2
$TIME,56694.079,29776.000,2365
$BARO,56694.081,69382.97,33.55
$IMU,56694.088,-77.331,8.178,21.972,-0.03271,0.84228,0.56591,33.15
$MAG,56694.161,-0.540,-0.841,-0.682,32.2
$IMU,56694.163,-110.290,0.610,14.770,0.01220,0.65673,0.62792,33.15
$BARO,56694.183,69372.59,33.55
$IMU,56694.238,-116.333,-4.028,0.427,0.02539,0.40673,0.70312,33.21
$MAG,56694.261,-0.532,-0.817,-0.765,32.1
$BARO,56694.284,69379.87,33.56
$IMU,56694.313,-90.942,-2.868,-11.596,-0.02490,0.33789,1.00585,33.18
$MAG,56694.362,-0.523,-0.799,-0.810,32.0
$BARO,56694.386,69382.73,33.55
$IMU,56694.388,-58.105,-3.723,-11.962,-0.12060,0.14062,1.03955,33.19
$MAG,56694.463,-0.528,-0.799,-0.819,32.0
$IMU,56694.463,-14.526,-17.700,-8.483,0.04492,0.29052,1.03173,33.16
$BARO,56694.487,69381.51,33.56
$IMU,56694.538,-4.333,-19.592,-4.577,-0.06103,0.27587,0.95263,33.21
$MAG,56694.564,-0.529,-0.801,-0.801,32.1
$BARO,56694.589,69384.36,33.56
$IMU,56694.614,2.075,-33.752,-8.422,0.06738,0.34863,0.92089,33.19
$MAG,56694.665,-0.540,-0.805,-0.789,32.1
$IMU,56694.689,-2.380,-39.428,-10.681,0.01513,0.36816,0.87402,33.20
$BARO,56694.690,69381.09,33.56
$IMU,56694.764,-13.916,-41.992,-1.647,0.30419,0.31250,1.00195,33.20
$MAG,56694.766,-0.550,-0.805,-0.784,32.1
$BARO,56694.791,69381.09,33.56
$HUM,56694.819,29.0,33.8
$IMU,56694.839,-14.221,-13.916,16.540,0.22363,0.18896,1.02246,33.14
$MAG,56694.867,-0.568,-0.802,-0.774,32.2
$BARO,56694.893,69378.63,33.57
$IMU,56694.914,4.760,-8.483,12.939,0.19140,0.30273,1.00976,33.17
$MAG,56694.968,-0.585,-0.787,-0.771,32.1
$IMU,56694.989,-0.610,-14.892,12.023,0.29882,0.27832,1.01074,33.17
$BARO,56694.994,69381.87,33.57
$VBAT,56695.053,3.826
$IMU,56695.064,1.159,-13.671,11.108,0.29443,0.27246,0.94238,33.17
$MAG,56695.069,-0.597,-0.781,-0.763,32.1
$TIME,56695.079,29777.000,2365
$BARO,56695.095,69390.04,33.56
$IMU,56695.139,-0.366,-11.474,6.835,0.39453,0.31201,0.90820,33.17
$MAG,56695.170,-0.600,-0.772,-0.769,32.2
$BARO,56695.197,69378.63,33.57
$IMU,56695.214,-9.399,5.737,10.437,0.28759,0.22949,0.93164,33.19
$MAG,56695.271,-0.607,-0.769,-0.781,32.2
$IMU,56695.289,-5.981,11.657,10.803,0.28515,0.26855,0.90576,33.23
$BARO,56695.298,69387.80,33.56
$IMU,56695.364,-12.451,13.000,7.629,0.25781,0.21289,0.94433,33.21
$MAG,56695.372,-0.597,-0.756,-0.796,32.2
$BARO,56695.400,69386.75,33.57
$IMU,56695.439,-13.000,14.892,7.568,0.22460,0.18359,0.97460,33.17
$MAG,56695.473,-0.601,-0.753,-0.811,32.2
$BARO,56695.501,69384.51,33.57
$IMU,56695.515,-9.399,11.291,5.004,0.19433,0.17333,0.99902,33.20
$MAG,56695.574,-0.603,-0.745,-0.823,32.2
$IMU,56695.590,-4.943,10.620,3.479,0.25634,0.15722,0.99951,33.20
$BARO,56695.603,69375.36,33.57
$IMU,56695.665,-2.258,20.629,4.821,0.20898,0.17333,0.98681,33.17
$MAG,56695.675,-0.597,-0.738,-0.849,32.2
$BARO,56695.704,69384.72,33.57
$IMU,56695.740,-0.183,24.536,7.202,0.14501,0.20068,0.98925,33.18
$MAG,56695.776,-0.585,-0.744,-0.852,32.2
$BARO,56695.805,69387.97,33.57
$IMU,56695.815,-5.554,27.160,3.051,0.17187,0.18652,1.00146,33.19
$HUM,56695.836,28.9,33.8
$MAG,56695.877,-0.567,-0.732,-0.885,32.2
$IMU,56695.890,-7.019,35.339,8.605,-0.04931,0.17089,0.99560,33.19
$BARO,56695.907,69382.46,33.57
$IMU,56695.965,-5.004,17.883,-2.136,-0.00488,0.10400,1.03173,33.19
$MAG,56695.978,-0.558,-0.727,-0.889,32.2
$BARO,56696.008,69385.11,33.57
$IMU,56696.040,1.586,6.591,-3.295,0.03857,0.12353,1.00878,33.19
$VBAT,56696.053,3.845
$MAG,56696.079,-0.555,-0.723,-0.885,32.0
$TIME,56696.079,29778.000,2365
$BARO,56696.110,69380.85,33.57
$IMU,56696.115,6.652,11.474,-1.770,0.00097,0.14843,0.99121,33.20
$MAG,56696.179,-0.544,-0.732,-0.888,32.2
$IMU,56696.190,8.666,10.803,-1.953,-0.11474,0.16699,0.97265,33.19
$BARO,56696.211,69381.85,33.57
$IMU,56696.265,6.408,-5.310,-3.234,-0.04296,0.18212,0.96533,33.26
$MAG,56696.280,-0.550,-0.745,-0.886,32.2
$BARO,56696.312,69386.11,33.57
$IMU,56696.340,0.427,-10.253,-9.399,0.01562,0.20068,0.95800,33.20
$MAG,56696.381,-0.541,-0.739,-0.882,32.2
$BARO,56696.414,69375.54,33.57
$IMU,56696.415,-8.178,-9.277,-14.099,0.02246,0.18505,0.97070,33.21
$MAG,56696.482,-0.541,-0.747,-0.874,32.2
$IMU,56696.491,-12.207,-11.596,-14.892,0.05908,0.13476,1.00927,33.22
$BARO,56696.515,69386.11,33.58
$IMU,56696.566,-8.728,-9.521,-16.967,0.07568,0.08203,1.06005,33.25
$MAG,56696.583,-0.523,-0.751,-0.888,32.1
$BARO,56696.617,69387.11,33.58
$IMU,56696.641,0.488,-6.347,-19.714,-0.10351,0.10937,0.99414,33.21
$MAG,56696.684,-0.535,-0.757,-0.864,32.2
$IMU,56696.716,1.159,-20.690,-8.056,0.06201,0.18652,0.95556,33.23
$BARO,56696.718,69372.46,33.58
$MAG,56696.785,-0.541,-0.748,-0.871,32.1
$IMU,56696.791,-9.277,-12.939,4.699,0.15576,0.11132,1.00927,33.23
$BARO,56696.819,69388.92,33.58
$HUM,56696.852,28.8,33.9
$IMU,56696.866,-5.065,0.976,-0.305,0.07666,0.08496,1.03857,33.19
$MAG,56696.886,-0.540,-0.756,-0.870,32.1
$BARO,56696.921,69387.11,33.58
$IMU,56696.941,0.610,-2.319,2.746,0.08056,0.13134,0.99755,33.25
$MAG,56696.987,-0.550,-0.754,-0.879,32.0
$IMU,56697.016,-1.831,-4.577,0.366,0.06054,0.09228,1.00146,33.23
$BARO,56697.022,69380.80,33.58
$VBAT,56697.054,3.839
$TIME,56697.079,29779.000,2365
$MAG,56697.088,-0.544,-0.756,-0.867,32.1
$IMU,56697.091,-0.549,-13.793,-7.446,0.01464,0.12646,0.99804,33.22
$BARO,56697.123,69382.85,33.58
$IMU,56697.166,-0.793,-24.536,-5.432,0.15625,0.12988,1.00341,33.19
$MAG,56697.189,-0.555,-0.759,-0.859,32.1
$BARO,56697.225,69385.68,33.58
$IMU,56697.241,0.671,-16.845,6.530,0.24267,0.11279,0.95751,33.20
$MAG,56697.290,-0.570,-0.748,-0.856,32.1
$IMU,56697.316,-0.549,-7.751,13.122,0.25244,0.08349,0.98388,33.24
$BARO,56697.326,69390.14,33.58
$MAG,56697.391,-0.577,-0.735,-0.853,32.1
$IMU,56697.391,-1.159,3.173,9.460,0.19775,0.09228,0.98974,33.23
$BARO,56697.428,69385.26,33.58
$IMU,56697.467,-3.112,6.103,7.751,0.15527,0.11962,1.01904,33.19
$MAG,56697.492,-0.588,-0.729,-0.864,32.1
$BARO,56697.529,69386.46,33.59
$IMU,56697.542,-3.662,4.211,12.268,0.20361,0.09179,0.97509,33.23
$MAG,56697.593,-0.580,-0.723,-0.864,32.2
$IMU,56697.617,-3.662,1.098,5.187,0.15576,0.06347,1.01757,33.22
$BARO,56697.630,69379.75,33.59
$IMU,56697.692,-0.366,-2.197,-2.441,0.17431,0.08642,0.97900,33.21
$MAG,56697.694,-0.574,-0.727,-0.867,32.1
$BARO,56697.732,69377.73,33.59
$IMU,56697.767,0.244,1.220,0.427,0.14501,0.06542,1.02294,33.25
$MAG,56697.795,-0.579,-0.727,-0.867,32.1
$BARO,56697.833,69376.10,33.59
$IMU,56697.842,4.028,-2.014,-2.624,0.17578,0.09863,0.97607,33.25
$HUM,56697.869,29.1,33.9
$MAG,56697.896,-0.579,-0.729,-0.868,32.1
$IMU,56697.917,-0.793,0.854,-0.488,0.20654,0.08105,0.99072,33.23
$BARO,56697.934,69381.19,33.59
$IMU,56697.992,0.061,5.798,2.075,0.19335,0.08398,0.99316,33.25
$MAG,56697.997,-0.574,-0.732,-0.862,32.2
$BARO,56698.036,69383.60,33.59
$VBAT,56698.054,3.853
$IMU,56698.067,0.122,6.347,-1.708,0.08105,0.09960,1.00830,33.21
$MAG,56698.098,-0.585,-0.729,-0.873,32.2
$BARO,56698.137,69390.11,33.59
$IMU,56698.142,0.122,-0.305,-1.708,0.28564,0.12500,0.98339,33.23
$MAG,56698.198,-0.571,-0.721,-0.882,32.2
$IMU,56698.217,-7.751,15.197,2.136,0.14550,0.06005,0.97949,33.26
$BARO,56698.239,69384.60,33.60
$IMU,56698.292,-3.784,17.517,-2.319,-0.02343,0.08642,1.02099,33.22
$MAG,56698.299,-0.555,-0.729,-0.883,32.2
$BARO,56698.340,69378.12,33.59
$IMU,56698.368,-5.981,-1.342,-11.474,0.11328,0.04199,0.98193,33.28
$MAG,56698.400,-0.552,-0.736,-0.897,32.2
$BARO,56698.442,69376.90,33.59
$IMU,56698.443,-3.417,3.967,-2.807,0.06689,0.06005,1.00488,33.24
$MAG,56698.501,-0.547,-0.726,-0.898,32.3
$IMU,56698.518,-2.136,0.732,-1.647,0.08544,0.04296,1.01611,33.20
$BARO,56698.543,69364.66,33.60
$IMU,56698.593,-1.525,0.244,2.502,0.13720,0.03906,1.02343,33.25
$MAG,56698.602,-0.543,-0.718,-0.894,32.2
$BARO,56698.644,69384.60,33.60
$IMU,56698.668,1.586,8.300,0.183,0.08056,0.05664,1.00244,33.26
$MAG,56698.703,-0.538,-0.739,-0.898,32.1
$IMU,56698.743,0.427,4.577,-5.371,0.06103,0.07958,1.00537,33.23
$BARO,56698.746,69383.38,33.59
$MAG,56698.804,-0.540,-0.727,-0.906,32.1
$IMU,56698.818,-2.075,5.310,-3.234,0.07861,0.02880,1.02343,33.25
$BARO,56698.847,69385.85,33.59
$HUM,56698.886,28.8,33.9
$IMU,56698.893,1.159,7.812,-0.854,-0.10156,0.06591,0.99365,33.23
$MAG,56698.905,-0.537,-0.732,-0.903,32.2
$BARO,56698.949,69389.48,33.60
$IMU,56698.968,0.854,-8.789,0.366,0.11035,0.08984,0.97314,33.23
$MAG,56699.006,-0.544,-0.727,-0.910,32.2
$IMU,56699.043,-1.525,-1.586,10.009,0.01660,0.09863,0.99853,33.28
$BARO,56699.050,69378.29,33.60
$VBAT,56699.072,3.850
$TIME,56699.079,29780.000,2365
$MAG,56699.107,-0.555,-0.723,-0.909,32.2
$IMU,56699.118,-6.652,-3.295,10.314,0.14990,0.01562,1.01660,33.21
$BARO,56699.151,69387.04,33.60
$IMU,56699.193,-3.295,1.647,8.544,0.07861,-0.00634,1.03173,33.30
$MAG,56699.208,-0.561,-0.727,-0.906,32.2
$BARO,56699.253,69380.31,33.60
$IMU,56699.268,2.990,0.854,2.014,0.03417,0.06396,1.00683,33.25
$MAG,56699.309,-0.558,-0.721,-0.906,32.2
$IMU,56699.344,-0.183,1.586,2.685,0.13623,0.06005,0.99707,33.29
$BARO,56699.354,69377.05,33.60
$MAG,56699.410,-0.553,-0.699,-0.927,32.1
$IMU,56699.419,-5.493,14.770,11.901,0.03955,0.02880,1.04101,33.23
$BARO,56699.456,69380.92,33.60
$IMU,56699.494,2.319,15.625,14.038,-0.02880,-0.01220,1.02001,33.28
$MAG,56699.511,-0.555,-0.703,-0.919,32.2
$BARO,56699.557,69388.23,33.60
$IMU,56699.569,8.728,14.221,24.719,-0.09033,0.08740,0.98925,33.25
$MAG,56699.612,-0.564,-0.687,-0.922,32.2
$IMU,56699.644,2.380,5.371,31.005,-0.10302,0.05517,0.99023,33.28
$BARO,56699.658,69383.77,33.60
$MAG,56699.713,-0.579,-0.673,-0.915,32.1
$IMU,56699.719,2.502,-13.305,19.653,0.07275,0.10986,0.99755,33.27
$BARO,56699.760,69386.82,33.60
$IMU,56699.794,-6.896,-18.554,-1.098,0.07617,0.08642,0.95996,33.26
$MAG,56699.814,-0.589,-0.669,-0.909,32.2
$BARO,56699.861,69380.51,33.60
$IMU,56699.869,-14.221,-23.620,-21.423,0.11132,0.00341,1.02246,33.27
$HUM,56699.903,29.0,33.9
$MAG,56699.915,-0.591,-0.684,-0.912,32.2
$IMU,56699.944,-9.460,-9.948,-14.221,0.17431,-0.00927,1.03857,33.26
$BARO,56699.963,69379.29,33.60
$MAG,56700.015,-0.594,-0.694,-0.910,32.2
$IMU,56700.019,0.427,5.554,-1.464,-0.06884,0.00244,1.03027,33.24
$BARO,56700.064,69368.32,33.60
$VBAT,56700.072,3.845
$TIME,56700.079,29782.000,2365
$IMU,56700.094,4.638,-10.559,3.051,0.10742,0.05712,0.98388,33.25
$MAG,56700.116,-0.606,-0.675,-0.906,32.1
$BARO,56700.165,69386.80,33.61
$IMU,56700.169,-1.159,-9.826,6.469,0.14941,0.00683,0.99365,33.25
$MAG,56700.217,-0.601,-0.688,-0.889,32.2
$IMU,56700.245,-0.549,-9.704,-1.586,0.04199,0.04785,0.99951,33.25
$BARO,56700.267,69372.12,33.61
$MAG,56700.318,-0.619,-0.678,-0.882,32.0
$IMU,56700.320,-3.356,-14.160,-1.220,0.31054,-0.00390,1.01660,33.21
$BARO,56700.368,69388.43,33.60
$IMU,56700.395,0.122,6.286,1.464,0.13916,0.04394,0.98925,33.26
$MAG,56700.419,-0.607,-0.681,-0.894,32.2
$BARO,56700.470,69378.85,33.61
$IMU,56700.470,-3.540,9.460,-0.183,0.10156,0.04833,0.99267,33.28
$MAG,56700.520,-0.600,-0.675,-0.901,32.2
$IMU,56700.545,-5.310,8.239,-1.770,0.15820,0.00146,1.01708,33.21
$BARO,56700.571,69379.87,33.61
$IMU,56700.620,-4.577,19.531,4.089,0.09960,-0.01953,1.02832,33.22
$MAG,56700.621,-0.588,-0.678,-0.925,32.1
$BARO,56700.672,69380.70,33.60
$IMU,56700.695,0.488,28.198,11.962,0.03271,-0.03076,1.02734,33.23
$MAG,56700.722,-0.582,-0.663,-0.928,32.2
$IMU,56700.770,5.004,23.986,17.822,-0.06884,0.02539,0.99755,33.26
$BARO,56700.774,69379.24,33.61
$MAG,56700.823,-0.580,-0.655,-0.939,32.1
$IMU,56700.845,2.441,10.070,15.747,0.00537,-0.00048,1.02246,33.28
$BARO,56700.875,69373.34,33.61
$HUM,56700.920,28.6,33.9
$IMU,56700.920,5.126,9.643,14.465,0.00439,0.02343,1.01953,33.23
$MAG,56700.924,-0.580,-0.651,-0.952,32.2
$BARO,56700.977,69382.51,33.61
$IMU,56700.995,9.582,15.686,12.207,-0.06933,0.04248,1.01953,33.25
$MAG,56701.025,-0.577,-0.654,-0.949,32.2
$IMU,56701.070,14.892,13.305,11.413,-0.16845,0.17529,0.92822,33.25
$BARO,56701.078,69381.07,33.61
$TIME,56701.079,29783.000,2365
$VBAT,56701.090,3.847
$MAG,56701.126,-0.579,-0.648,-0.948,32.3
$IMU,56701.145,-3.173,4.516,3.662,-0.13671,0.11523,0.93310,33.27
$BARO,56701.180,69384.33,33.61
$IMU,56701.221,-16.723,-1.647,11.108,-0.13037,0.00244,1.01562,33.26
$MAG,56701.227,-0.579,-0.643,-0.952,32.1
$BARO,56701.281,69379.46,33.61
$IMU,56701.296,-10.925,-7.812,11.108,-0.09960,0.00390,1.04443,33.25
$MAG,56701.328,-0.600,-0.628,-0.946,32.2
$IMU,56701.371,-3.479,-11.047,16.540,-0.00537,-0.02783,0.98095,33.25
$BARO,56701.382,69384.72,33.61
$MAG,56701.429,-0.619,-0.616,-0.955,32.2
$IMU,56701.446,-1.586,-4.638,19.592,-0.06152,0.05859,1.00390,33.25
$BARO,56701.484,69381.46,33.61
$IMU,56701.521,-1.281,-8.178,16.845,-0.02294,-0.19775,1.09033,33.23
$MAG,56701.530,-0.627,-0.613,-0.942,32.2
$BARO,56701.585,69383.94,33.61
$IMU,56701.596,38.696,-7.080,14.892,0.01318,0.00830,1.00488,33.26
$MAG,56701.631,-0.624,-0.634,-0.915,32.0
$IMU,56701.671,55.480,8.728,11.718,0.05810,0.25781,0.95312,33.25
$BARO,56701.687,69372.95,33.61
$MAG,56701.732,-0.621,-0.652,-0.915,32.1
$IMU,56701.746,29.663,14.465,7.080,-0.04541,0.33105,1.01367,33.26
$BARO,56701.788,69371.32,33.61
$IMU,56701.821,1.953,11.230,3.173,-0.03759,0.16357,0.96484,33.26
$MAG,56701.832,-0.616,-0.642,-0.913,32.2
$BARO,56701.889,69391.84,33.62
$IMU,56701.896,8.300,17.028,11.230,-0.12890,0.15527,1.00439,33.25
$MAG,56701.933,-0.612,-0.646,-0.925,32.2
$HUM,56701.938,28.2,33.9
$IMU,56701.971,18.798,6.652,10.437,-0.13769,0.24560,1.01367,33.27
$BARO,56701.991,69373.73,33.62
$MAG,56702.034,-0.615,-0.654,-0.916,32.2
$IMU,56702.046,21.118,5.615,6.164,-0.09179,0.30664,0.94433,33.26
$TIME,56702.079,29784.000,2365
$VBAT,56702.091,3.842
$BARO,56702.092,69378.22,33.62
$IMU,56702.121,12.756,15.319,11.718,0.01464,0.36962,0.97167,33.27
$MAG,56702.135,-0.597,-0.654,-0.931,32.2
$BARO,56702.193,69379.61,33.62
$IMU,56702.197,2.258,31.188,14.282,-0.27636,0.22900,0.94287,33.26
$MAG,56702.236,-0.594,-0.648,-0.934,32.2
$IMU,56702.272,19.470,26.428,5.920,-0.17773,0.28173,0.96386,33.28
$BARO,56702.295,69375.75,33.62
$MAG,56702.337,-0.574,-0.681,-0.943,32.2
$IMU,56702.347,24.353,17.272,-14.038,-0.26904,0.33349,0.85253,33.30
$BARO,56702.396,69379.19,33.62
$IMU,56702.422,24.169,7.751,-10.009,-0.26708,0.43750,0.89941,33.29
$MAG,56702.438,-0.570,-0.691,-0.922,32.2
$IMU,56702.497,17.822,3.173,-1.708,-0.23242,0.41552,0.90380,33.27
$BARO,56702.498,69365.76,33.63
$MAG,56702.539,-0.568,-0.702,-0.912,32.2
$IMU,56702.572,15.869,1.647,-5.371,-0.26757,0.42675,0.86865,33.26
$BARO,56702.599,69371.85,33.63
$MAG,56702.640,-0.559,-0.715,-0.913,32.1
$IMU,56702.647,18.859,5.859,-0.488,-0.28515,0.48437,0.86572,33.28
$BARO,56702.701,69375.32,33.63
$IMU,56702.722,13.061,3.784,7.873,-0.31152,0.49267,0.85791,33.26
$MAG,56702.741,-0.574,-0.712,-0.903,32.2
$IMU,56702.797,16.723,-5.432,8.911,-0.28320,0.49609,0.81494,33.29
$BARO,56702.802,69375.34,33.62
$MAG,56702.842,-0.573,-0.727,-0.879,32.2
$IMU,56702.872,19.836,-9.765,-5.981,-0.14306,0.51220,0.80712,33.26
$BARO,56702.903,69376.97,33.62
$MAG,56702.943,-0.570,-0.744,-0.855,32.2
$IMU,56702.947,16.357,-10.192,-16.052,-0.32714,0.55957,0.83984,33.30
$HUM,56702.954,27.6,33.9
$BARO,56703.005,69379.97,33.63
$IMU,56703.022,10.437,-16.540,-17.822,-0.19335,0.63183,0.81787,33.27
$MAG,56703.044,-0.561,-0.745,-0.849,32.3
$TIME,56703.079,29785.000,2365
$IMU,56703.098,3.540,-9.887,-17.883,-0.32519,0.56982,0.76220,33.27
$BARO,56703.106,69383.04,33.63
$VBAT,56703.109,3.848
$MAG,56703.145,-0.562,-0.760,-0.841,32.2
$IMU,56703.173,5.737,-16.723,-6.103,-0.08691,0.53320,0.76806,33.25
$BARO,56703.207,69374.71,33.63
$MAG,56703.246,-0.562,-0.763,-0.834,32.2
$IMU,56703.248,6.286,-3.601,-5.554,-0.26025,0.61718,0.82226,33.27
$BARO,56703.309,69380.00,33.63
$IMU,56703.323,-1.770,-6.042,-4.211,-0.28662,0.59521,0.80957,33.31
$MAG,56703.347,-0.567,-0.763,-0.835,32.2
$IMU,56703.398,-3.234,-8.056,6.774,-0.27099,0.54101,0.78320,33.31
$BARO,56703.410,69370.03,33.63
$MAG,56703.448,-0.582,-0.747,-0.814,32.2
$IMU,56703.473,5.615,-10.070,14.099,-0.15087,0.55322,0.82031,33.24
$BARO,56703.512,69375.90,33.63
$IMU,56703.548,10.375,-5.187,21.545,-0.17822,0.59863,0.84521,33.28
$MAG,56703.549,-0.601,-0.751,-0.811,32.2
$BARO,56703.613,69369.42,33.63
$IMU,56703.623,3.356,-16.601,14.709,-0.08984,0.63281,0.84570,33.26
$MAG,56703.649,-0.607,-0.739,-0.802,32.2
$IMU,56703.698,-2.563,-15.625,7.629,-0.03222,0.54687,0.78662,33.31
$BARO,56703.714,69379.78,33.63
$MAG,56703.750,-0.619,-0.742,-0.799,32.2
$IMU,56703.773,1.525,-4.272,6.225,-0.00634,0.62109,0.80859,33.25
$BARO,56703.816,69372.46,33.63
$IMU,56703.848,-2.624,5.065,1.647,-0.03076,0.55957,0.80371,33.29
$MAG,56703.851,-0.621,-0.741,-0.813,32.2
$BARO,56703.917,69384.24,33.63
$IMU,56703.923,-4.882,8.728,-7.751,-0.14160,0.61914,0.85351,33.27
$MAG,56703.952,-0.609,-0.736,-0.817,32.2
$HUM,56703.971,27.4,33.9
$IMU,56703.998,-11.962,1.037,-10.375,-0.11181,0.49951,0.85302,33.26
$BARO,56704.019,69377.53,33.63
$MAG,56704.053,-0.598,-0.745,-0.820,32.2
$IMU,56704.074,-0.915,2.807,-5.798,-0.13720,0.59912,0.83642,33.30
$TIME,56704.079,29786.000,2365
$VBAT,56704.110,3.847
$BARO,56704.120,69379.34,33.64
$IMU,56704.149,1.770,1.098,-9.887,-0.17919,0.54248,0.82714,33.25
$MAG,56704.154,-0.592,-0.756,-0.816,32.2
$BARO,56704.221,69372.85,33.64
$IMU,56704.224,8.850,-3.784,4.089,-0.22167,0.52783,0.82910,33.30
$MAG,56704.255,-0.598,-0.747,-0.796,32.2
$IMU,56704.299,20.019,-4.943,10.437,-0.02001,0.63720,0.80615,33.25
$BARO,56704.323,69377.73,33.64
$MAG,56704.356,-0.616,-0.747,-0.804,32.2
$IMU,56704.374,5.310,-4.150,4.211,-0.16406,0.64794,0.79492,33.32
$BARO,56704.424,69369.78,33.64
$IMU,56704.449,-1.220,-7.629,3.234,-0.03955,0.58984,0.81591,33.31
$MAG,56704.457,-0.618,-0.744,-0.793,32.2
$IMU,56704.524,5.676,0.122,4.821,-0.06152,0.66699,0.78369,33.28
$BARO,56704.525,69380.36,33.64
$MAG,56704.558,-0.625,-0.745,-0.805,32.2
$IMU,56704.599,-6.103,5.554,0.732,-0.06933,0.62402,0.80078,33.28
$BARO,56704.627,69380.14,33.64
$MAG,56704.659,-0.610,-0.741,-0.799,32.1
$IMU,56704.674,-6.286,8.483,-1.770,-0.12011,0.57666,0.83105,33.31
$BARO,56704.728,69380.97,33.64
$IMU,56704.749,-4.699,0.000,-8.361,-0.15625,0.58496,0.81689,33.32
$MAG,56704.760,-0.612,-0.748,-0.804,32.2
$IMU,56704.824,-3.784,-8.605,-8.483,-0.13232,0.57666,0.83593,33.30
$BARO,56704.830,69382.17,33.64
$MAG,56704.861,-0.612,-0.753,-0.798,32.2
$IMU,56704.899,9.338,-4.577,5.249,-0.09814,0.58105,0.78857,33.26
$BARO,56704.931,69376.07,33.64
$MAG,56704.962,-0.627,-0.748,-0.783,32.2
$IMU,56704.975,16.906,-2.197,8.605,-0.18701,0.63330,0.77783,33.32
$HUM,56704.988,27.5,33.9
$BARO,56705.032,69379.73,33.64
$IMU,56705.050,15.319,-5.126,14.953,0.04248,0.69238,0.77392,33.33
$MAG,56705.063,-0.630,-0.738,-0.778,32.2
$TIME,56705.079,29787.000,2365
$IMU,56705.125,-0.488,1.159,0.122,-0.10498,0.66064,0.76904,33.28
$VBAT,56705.126,3.835
$BARO,56705.134,69374.27,33.64
$MAG,56705.164,-0.627,-0.742,-0.774,32.2
$IMU,56705.200,-7.446,-2.868,-5.065,-0.02587,0.63085,0.81005,33.32
$BARO,56705.235,69388.06,33.64
$MAG,56705.265,-0.616,-0.745,-0.786,32.2
$IMU,56705.275,-5.920,3.173,-7.507,-0.05761,0.55078,0.79003,33.36
$BARO,56705.337,69384.43,33.64
$IMU,56705.350,4.821,3.173,-13.549,-0.11572,0.64013,0.80468,33.31
$MAG,56705.366,-0.606,-0.762,-0.783,32.2
$IMU,56705.425,2.807,1.464,-13.610,-0.07666,0.68310,0.79101,33.31
$BARO,56705.438,69383.80,33.64
$MAG,56705.466,-0.601,-0.762,-0.789,32.2
$IMU,56705.500,-2.380,3.479,-11.230,-0.18505,0.62158,0.77880,33.29
$BARO,56705.539,69375.02,33.64
$MAG,56705.567,-0.597,-0.771,-0.792,32.1
$IMU,56705.575,-5.065,-6.286,-10.314,-0.14306,0.68408,0.77978,33.32
$BARO,56705.641,69376.68,33.64
$IMU,56705.650,-10.314,-3.845,-8.666,-0.10595,0.54296,0.76855,33.27
$MAG,56705.668,-0.583,-0.772,-0.786,32.2
$IMU,56705.725,7.751,6.958,6.591,-0.30371,0.57910,0.79394,33.35
$BARO,56705.742,69378.29,33.65
$MAG,56705.769,-0.613,-0.760,-0.783,32.2
$IMU,56705.800,20.996,-4.394,24.536,-0.26806,0.76464,0.81250,33.30
$BARO,56705.844,69384.16,33.65
$MAG,56705.870,-0.634,-0.748,-0.763,32.2
$IMU,56705.875,4.150,-23.132,28.686,-0.03271,0.62792,0.75732,33.28
$BARO,56705.945,69382.12,33.65
$IMU,56705.951,0.671,-22.644,24.108,0.13427,0.60839,0.72900,33.33
$MAG,56705.971,-0.654,-0.733,-0.744,32.2
$HUM,56706.005,27.2,33.9
$IMU,56706.026,4.577,0.061,11.047,0.04882,0.65625,0.77099,33.31
$BARO,56706.046,69380.70,33.65
$MAG,56706.072,-0.654,-0.732,-0.750,32.2
$TIME,56706.079,29787.000,2365
$IMU,56706.101,2.197,5.432,0.366,0.01513,0.66650,0.79150,33.30
$VBAT,56706.128,3.847
$BARO,56706.148,69374.61,33.65
$MAG,56706.173,-0.645,-0.739,-0.748,32.2
$IMU,56706.176,0.915,5.371,-2.502,-0.00244,0.64941,0.76953,33.32
$BARO,56706.249,69380.90,33.66
$IMU,56706.251,-7.202,-4.272,-9.948,-0.08740,0.71044,0.80615,33.35
$MAG,56706.274,-0.645,-0.741,-0.754,32.2
$IMU,56706.326,-6.225,-10.620,-1.464,0.04345,0.59619,0.76660,33.32
$BARO,56706.351,69376.61,33.66
$MAG,56706.375,-0.646,-0.747,-0.741,32.3
$IMU,56706.401,4.089,-2.441,2.319,-0.07568,0.69238,0.80224,33.34
$BARO,56706.452,69376.41,33.66
$IMU,56706.476,1.037,-13.061,-0.915,0.07128,0.63183,0.74511,33.33
$MAG,56706.476,-0.649,-0.745,-0.742,32.2
$IMU,56706.551,0.305,-2.319,2.258,0.04589,0.70849,0.75781,33.33
$BARO,56706.553,69382.92,33.66
$MAG,56706.577,-0.645,-0.732,-0.741,32.1
$IMU,56706.626,-10.864,-0.488,-6.652,-0.01953,0.66552,0.78564,33.37
$BARO,56706.655,69380.29,33.65
$MAG,56706.678,-0.640,-0.739,-0.741,32.2
$IMU,56706.701,-2.624,1.647,-4.028,-0.00341,0.49707,0.73291,33.33
$BARO,56706.756,69382.34,33.65
$IMU,56706.776,26.672,15.686,2.136,-0.07421,0.80957,0.80175,33.33
$MAG,56706.779,-0.645,-0.748,-0.739,32.2
$IMU,56706.852,3.540,3.967,11.657,-0.07714,0.71289,0.76660,33.36
$BARO,56706.858,69381.90,33.66
$MAG,56706.880,-0.658,-0.723,-0.742,32.3
$IMU,56706.927,-1.770,-4.760,16.540,0.25585,0.57421,0.72656,33.35
$BARO,56706.959,69381.51,33.66
$MAG,56706.981,-0.657,-0.733,-0.754,32.2
$IMU,56707.002,-1.464,14.282,-4.089,-0.08251,0.79003,0.81884,33.35
$HUM,56707.022,27.2,33.9
$BARO,56707.061,69372.34,33.66
$IMU,56707.077,-19.775,-0.244,-13.549,0.02978,0.56494,0.75634,33.32
$TIME,56707.079,29789.000,2365
$MAG,56707.082,-0.642,-0.745,-0.754,32.1
$VBAT,56707.146,3.842
$IMU,56707.152,-6.225,5.249,-15.197,-0.10791,0.67236,0.79248,33.34
$BARO,56707.162,69379.07,33.66
$MAG,56707.183,-0.646,-0.747,-0.766,32.2
$IMU,56707.227,-7.812,-7.019,-3.723,-0.02832,0.66699,0.79833,33.35
$BARO,56707.263,69377.22,33.66
$MAG,56707.284,-0.637,-0.745,-0.768,32.1
$IMU,56707.302,-11.901,-8.239,-14.770,-0.11181,0.54687,0.75830,33.31
$BARO,56707.365,69373.78,33.66
$IMU,56707.377,21.606,2.868,-7.812,-0.15917,0.68310,0.75878,33.33
$MAG,56707.385,-0.636,-0.759,-0.742,32.2
$IMU,56707.452,12.878,-11.108,14.892,-0.14550,0.85058,0.76757,33.37
$BARO,56707.466,69372.12,33.66
$MAG,56707.486,-0.649,-0.741,-0.741,32.2
$IMU,56707.527,-20.629,-26.550,-4.516,0.38134,0.47900,0.77001,33.34
$BARO,56707.568,69375.97,33.66
$MAG,56707.586,-0.598,-0.781,-0.751,32.2
$IMU,56707.602,-20.690,-9.948,-59.814,-0.11962,0.65917,0.85400,33.31
$BARO,56707.669,69378.83,33.66
$IMU,56707.677,-34.790,-33.874,-98.449,-0.11279,0.60400,0.83544,33.34
$MAG,56707.687,-0.544,-0.813,-0.759,32.2
$IMU,56707.752,-20.507,-42.480,-89.660,-0.13720,0.30566,0.78808,33.33
$BARO,56707.770,69369.08,33.66
$MAG,56707.788,-0.450,-0.867,-0.708,32.2
$IMU,56707.828,55.358,-57.922,-120.056,-0.24853,0.49853,0.77441,33.36
$BARO,56707.872,69373.76,33.66
$MAG,56707.889,-0.324,-0.904,-0.580,32.2
$IMU,56707.903,112.792,-89.294,-131.591,-0.02832,0.78466,0.71972,33.34
$BARO,56707.973,69380.87,33.66
$IMU,56707.978,81.726,-47.851,-82.946,-0.18896,0.84082,0.74023,33.33
$MAG,56707.990,-0.273,-0.888,-0.537,32.2
$HUM,56708.039,27.6,33.9
$IMU,56708.053,8.605,-12.695,11.108,-0.23974,0.75000,0.62890,33.34
$BARO,56708.075,69382.24,33.67
$TIME,56708.079,29790.000,2365
$MAG,56708.091,-0.316,-0.900,-0.555,32.2
$IMU,56708.128,-13.671,-23.498,46.936,-0.02587,0.72119,0.64355,33.33
$VBAT,56708.164,3.842
$BARO,56708.176,69380.85,33.67
$MAG,56708.192,-0.328,-0.897,-0.549,32.2
$IMU,56708.203,-0.610,-20.080,14.465,0.01611,0.73144,0.70312,33.37
$BARO,56708.277,69385.94,33.66
$IMU,56708.278,-0.183,-8.544,17.028,-0.04541,0.75634,0.67089,33.35
$MAG,56708.293,-0.354,-0.897,-0.553,32.3
$IMU,56708.353,-7.995,-9.155,32.897,0.09472,0.75048,0.72265,33.35
$BARO,56708.379,69382.26,33.67
$MAG,56708.394,-0.381,-0.888,-0.553,32.2
$IMU,56708.428,-6.835,-2.868,23.559,0.06347,0.71875,0.70703,33.33
$BARO,56708.480,69380.46,33.66
$MAG,56708.495,-0.402,-0.888,-0.565,32.2
$IMU,56708.503,-3.662,-2.990,18.981,0.17187,0.80517,0.75097,33.35
$IMU,56708.578,-16.418,9.948,14.770,0.22656,0.74072,0.73583,33.35
$BARO,56708.581,69378.39,33.67
$MAG,56708.596,-0.412,-0.885,-0.591,32.2
$IMU,56708.653,-16.052,13.488,4.394,0.18505,0.63769,0.71289,33.33
$BARO,56708.683,69375.75,33.67
$MAG,56708.697,-0.420,-0.885,-0.577,32.2
$IMU,56708.729,3.173,-2.441,2.990,0.04785,0.67187,0.71777,33.33
$BARO,56708.784,69375.95,33.67
$MAG,56708.798,-0.405,-0.895,-0.588,32.2
$IMU,56708.804,1.342,-4.150,-4.760,0.21777,0.83740,0.82714,33.32
$IMU,56708.879,-16.296,20.874,-18.310,-0.06201,0.56103,0.71582,33.38
$BARO,56708.886,69374.32,33.67
$MAG,56708.899,-0.387,-0.898,-0.607,32.1
$IMU,56708.954,-9.704,6.042,-13.610,-0.13476,0.57763,0.74023,33.34
$BARO,56708.987,69375.97,33.67
$MAG,56709.000,-0.397,-0.895,-0.615,32.2
$IMU,56709.029,-9.521,-9.460,8.422,0.03564,0.62890,0.82812,33.32
$HUM,56709.056,27.6,33.9
$TIME,56709.079,29791.000,2365
$BARO,56709.089,69380.82,33.67
$MAG,56709.101,-0.408,-0.888,-0.612,32.2
$IMU,56709.104,-3.906,-6.530,15.380,0.02978,0.60107,0.76660,33.37
$IMU,56709.179,3.479,-10.864,7.873,0.11962,0.68359,0.79931,33.38
$VBAT,56709.181,3.843
$BARO,56709.190,69377.36,33.67
$MAG,56709.201,-0.415,-0.886,-0.610,32.2
$IMU,56709.254,-0.061,-3.173,9.277,0.10791,0.66503,0.80029,33.39
$BARO,56709.291,69376.75,33.67
$MAG,56709.302,-0.426,-0.880,-0.600,32.3
$IMU,56709.329,-0.732,0.793,9.948,0.06933,0.61523,0.75976,33.34
$BARO,56709.393,69376.95,33.68
$MAG,56709.403,-0.447,-0.883,-0.610,32.2
$IMU,56709.404,1.831,-4.760,14.404,0.19238,0.67382,0.79345,33.40
$IMU,56709.479,-0.122,5.798,10.620,0.21093,0.71435,0.77587,33.35
$BARO,56709.494,69381.63,33.67
$MAG,56709.504,-0.448,-0.877,-0.613,32.1
$IMU,56709.554,-7.690,15.380,8.972,0.18457,0.60888,0.76855,33.35
$BARO,56709.596,69374.12,33.67
$MAG,56709.605,-0.471,-0.873,-0.628,32.2
$IMU,56709.629,-2.075,23.864,14.099,0.21826,0.79541,0.83251,33.35
$BARO,56709.697,69369.83,33.68
$IMU,56709.705,-17.150,37.353,11.474,0.01464,0.52148,0.79052,33.34
$MAG,56709.706,-0.463,-0.867,-0.654,32.2
$IMU,56709.780,-12.817,35.827,18.127,-0.06298,0.46875,0.86035,33.34
$BARO,56709.798,69370.66,33.68
$MAG,56709.807,-0.508,-0.853,-0.679,32.3
$IMU,56709.855,-8.117,39.855,53.222,0.04443,0.63134,0.81933,33.39
$BARO,56709.900,69377.75,33.68
$MAG,56709.908,-0.553,-0.825,-0.706,32.2
$IMU,56709.930,-8.422,38.757,53.771,0.04687,0.58886,0.78369,33.38
$BARO,56710.001,69372.49,33.68
$IMU,56710.005,4.028,29.968,20.141,0.12744,0.51953,0.80615,33.38
$MAG,56710.009,-0.561,-0.816,-0.715,32.2
$HUM,56710.073,27.2,33.9
$TIME,56710.079,29792.000,2365
$IMU,56710.080,3.723,27.404,24.780,-0.14453,0.60156,0.82128,33.37
$BARO,56710.103,69377.97,33.68
$MAG,56710.110,-0.577,-0.804,-0.715,32.2
$IMU,56710.155,8.850,0.976,4.211,-0.00976,0.49755,0.89306,33.41
$VBAT,56710.183,3.847
$BARO,56710.204,69380.41,33.68
$MAG,56710.211,-0.561,-0.832,-0.675,32.3
$IMU,56710.230,34.423,-12.329,-16.418,-0.09277,0.71386,0.78613,33.37
$BARO,56710.305,69376.51,33.68
$IMU,56710.305,16.235,-33.752,-19.714,-0.02734,0.68798,0.71972,33.41
$MAG,56710.312,-0.537,-0.846,-0.648,32.2
$IMU,56710.380,17.211,-34.179,-39.916,0.10742,0.58300,0.75976,33.39
$BARO,56710.407,69378.17,33.68
$MAG,56710.413,-0.519,-0.850,-0.609,32.2
$IMU,56710.455,33.813,-4.211,-11.596,0.17431,0.80078,0.76416,33.37
$BARO,56710.508,69384.02,33.69
$MAG,56710.514,-0.574,-0.819,-0.622,32.2
$IMU,56710.530,3.295,26.489,59.143,0.01855,0.66503,0.68115,33.41
$IMU,56710.605,15.991,10.192,-1.098,-0.03125,0.74511,0.70556,33.39
$BARO,56710.610,69379.56,33.68
$MAG,56710.615,-0.544,-0.843,-0.610,32.2
$IMU,56710.681,14.465,-7.873,-31.616,-0.01757,0.79541,0.70410,33.32
$BARO,56710.711,69384.24,33.68
$MAG,56710.716,-0.532,-0.844,-0.585,32.3
$IMU,56710.756,3.417,-12.634,-5.126,0.09033,0.79199,0.69140,33.37
$BARO,56710.812,69377.12,33.68
$MAG,56710.816,-0.547,-0.841,-0.594,32.2
$IMU,56710.831,-3.784,-0.732,5.432,0.12158,0.74609,0.68310,33.39
$IMU,56710.906,-7.751,21.606,-3.723,0.01757,0.80810,0.72412,33.40
$BARO,56710.914,69379.34,33.69
$MAG,56710.917,-0.541,-0.846,-0.624,32.5
$IMU,56710.981,-5.371,15.991,1.525,-0.15869,0.65917,0.72363,33.41
$BARO,56711.015,69383.02,33.68
$MAG,56711.018,-0.517,-0.852,-0.615,32.2
$IMU,56711.056,6.835,-2.746,-27.648,0.04345,0.69531,0.68603,33.40
$TIME,56711.079,29792.000,2365
$HUM,56711.090,27.1,34.0
$BARO,56711.117,69377.10,33.69
$MAG,56711.119,-0.529,-0.846,-0.618,32.1
$IMU,56711.131,-7.385,0.793,-2.990,-0.12597,0.71435,0.65478,33.40
$VBAT,56711.198,3.853
$IMU,56711.206,-5.432,-17.028,17.456,0.01513,0.73144,0.67578,33.38
$BARO,56711.218,69372.61,33.69
$MAG,56711.220,-0.517,-0.849,-0.591,32.2
$IMU,56711.281,19.897,-2.868,-14.770,0.16015,0.82861,0.84423,33.41
$BARO,56711.319,69375.68,33.69
$MAG,56711.321,-0.519,-0.856,-0.619,32.2
$IMU,56711.356,-14.099,11.779,-5.859,-0.14746,0.61083,0.60693,33.44
$BARO,56711.421,69376.05,33.70
$MAG,56711.422,-0.520,-0.853,-0.612,32.5
$IMU,56711.431,2.075,-6.713,2.807,-0.02978,0.82568,0.68603,33.41
$IMU,56711.506,11.291,-2.380,-0.488,0.01269,0.60351,0.84326,33.40
$BARO,56711.522,69382.97,33.69
$MAG,56711.523,-0.514,-0.852,-0.582,32.1
$IMU,56711.582,41.076,4.028,-10.498,-0.00048,0.87304,0.76611,33.41
$BARO,56711.623,69378.29,33.69
$MAG,56711.624,-0.504,-0.861,-0.565,32.5
$IMU,56711.657,32.165,21.118,-13.122,-0.11816,0.68896,0.60937,33.39
$BARO,56711.725,69381.97,33.69
$MAG,56711.725,-0.496,-0.849,-0.525,32.3
$IMU,56711.732,51.086,14.770,-7.751,-0.08544,0.71923,0.53466,33.37
$IMU,56711.807,70.251,9.399,-5.371,-0.16503,0.87988,0.39648,33.39
$BARO,56711.826,69383.99,33.69
$MAG,56711.826,-0.499,-0.831,-0.459,32.2
$IMU,56711.882,58.654,0.122,-2.990,-0.08398,1.00683,0.32226,33.43
$MAG,56711.927,-0.505,-0.832,-0.435,32.2
$BARO,56711.928,69378.90,33.70
$IMU,56711.957,26.794,3.234,3.112,-0.10986,1.06542,0.34228,33.38
$MAG,56712.028,-0.504,-0.817,-0.441,32.3
$BARO,56712.029,69378.51,33.69
$IMU,56712.032,-0.305,0.488,3.295,-0.11425,0.90820,0.28320,33.36
$TIME,56712.079,29794.000,2365
$HUM,56712.107,27.5,34.0
$IMU,56712.107,1.098,-4.333,-0.122,-0.10498,0.99267,0.34033,33.39
$MAG,56712.129,-0.499,-0.816,-0.436,32.2
$BARO,56712.130,69381.95,33.70
$IMU,56712.182,-2.014,-3.417,-1.342,-0.08203,0.93750,0.33056,33.37
$VBAT,56712.201,3.831
$MAG,56712.230,-0.505,-0.823,-0.444,32.3
$BARO,56712.232,69381.14,33.69
$IMU,56712.257,-2.136,-3.479,-2.075,-0.09619,1.00537,0.37060,33.37
$MAG,56712.331,-0.502,-0.828,-0.454,32.2
$IMU,56712.332,-11.962,-5.554,1.831,-0.01611,0.97167,0.33496,33.39
$BARO,56712.333,69384.38,33.70
$IMU,56712.407,-21.423,9.887,3.295,-0.13916,0.97265,0.41650,33.40
$MAG,56712.431,-0.510,-0.834,-0.475,32.2
$BARO,56712.435,69377.88,33.70
$IMU,56712.482,-14.587,2.807,21.118,-0.30761,0.73339,0.35498,33.41
$MAG,56712.532,-0.538,-0.807,-0.456,32.2
$BARO,56712.536,69378.29,33.70
$IMU,56712.558,16.784,-17.700,30.456,0.06250,0.97802,0.38134,33.38
$MAG,56712.633,-0.546,-0.811,-0.448,32.2
$IMU,56712.633,4.882,-4.455,18.127,0.02685,1.08593,0.22070,33.41
$BARO,56712.637,69384.16,33.70
$IMU,56712.708,-25.939,-24.902,-16.052,0.09667,0.82324,0.42724,33.39
$MAG,56712.734,-0.532,-0.816,-0.465,32.1
$BARO,56712.739,69386.82,33.70
$IMU,56712.783,-5.432,-19.287,-2.441,-0.04687,0.91650,0.48046,33.39
$MAG,56712.835,-0.517,-0.814,-0.450,32.2
$BARO,56712.840,69377.46,33.70
$IMU,56712.858,1.892,-10.925,-4.394,0.10156,1.00341,0.34375,33.35
$IMU,56712.933,-8.239,-5.432,1.281,-0.17626,0.85693,0.40283,33.37
$MAG,56712.936,-0.534,-0.819,-0.442,32.3
$BARO,56712.942,69374.61,33.70
$IMU,56713.008,1.098,-41.076,24.658,0.00146,0.99658,0.37646,33.38
$MAG,56713.037,-0.529,-0.805,-0.427,32.3
$BARO,56713.043,69364.27,33.70
$TIME,56713.079,29795.000,2365
$IMU,56713.083,-18.249,-48.889,25.024,0.21093,0.93212,0.42675,33.37
$HUM,56713.124,27.3,34.0
$MAG,56713.138,-0.520,-0.814,-0.445,32.2
$BARO,56713.144,69381.51,33.70
$IMU,56713.158,-27.343,-33.264,10.742,0.20751,0.83496,0.45800,33.39
$VBAT,56713.216,3.847
$IMU,56713.233,-17.395,-25.085,1.647,0.27490,0.89550,0.52929,33.41
$MAG,56713.239,-0.513,-0.814,-0.444,32.2
$BARO,56713.246,69382.56,33.70
$IMU,56713.308,-16.357,-10.559,1.953,0.23535,0.80908,0.51562,33.39
$MAG,56713.340,-0.510,-0.816,-0.460,32.2
$BARO,56713.347,69378.68,33.70
$IMU,56713.383,-7.202,0.854,1.708,0.21337,0.86376,0.51464,33.41
$MAG,56713.441,-0.523,-0.828,-0.454,32.3
$BARO,56713.449,69371.17,33.70
$IMU,56713.459,-6.896,-3.540,8.178,0.20849,0.83251,0.51025,33.38
$IMU,56713.534,-6.225,-4.211,-2.075,0.26318,0.84228,0.54638,33.41
$MAG,56713.542,-0.517,-0.826,-0.454,32.1
$BARO,56713.550,69373.80,33.70
$IMU,56713.609,-3.417,0.366,-5.554,0.21240,0.84326,0.53613,33.38
$MAG,56713.643,-0.516,-0.831,-0.463,32.2
$BARO,56713.651,69384.58,33.70
$IMU,56713.684,-3.723,-1.770,-2.746,0.20166,0.84814,0.51464,33.39
$MAG,56713.744,-0.514,-0.826,-0.466,32.3
$BARO,56713.753,69392.52,33.70
$IMU,56713.759,-7.629,-5.432,0.061,0.24121,0.84667,0.55419,33.39
$IMU,56713.834,-8.544,-3.234,-3.662,0.22656,0.79443,0.55957,33.37
$MAG,56713.845,-0.513,-0.825,-0.468,32.2
$BARO,56713.854,69384.58,33.70
$IMU,56713.909,-2.502,-6.896,-1.892,0.14355,0.86279,0.55419,33.37
$MAG,56713.946,-0.502,-0.843,-0.457,32.3
$BARO,56713.955,69384.14,33.71
$IMU,56713.984,-3.906,-14.648,-7.751,0.28076,0.83642,0.55322,33.35
$MAG,56714.047,-0.496,-0.846,-0.471,32.2
$BARO,56714.057,69375.83,33.70
$IMU,56714.059,-8.728,-3.417,-4.882,0.18652,0.80517,0.53759,33.39
$TIME,56714.079,29796.000,2365
$IMU,56714.134,-9.704,-3.601,-4.577,0.27587,0.85986,0.58642,33.43
$HUM,56714.141,27.3,34.0
$MAG,56714.148,-0.493,-0.847,-0.480,32.5
$BARO,56714.158,69381.92,33.70
$IMU,56714.209,-15.014,14.038,-4.516,0.26367,0.86572,0.56933,33.37
$VBAT,56714.219,3.845
$MAG,56714.249,-0.504,-0.849,-0.516,32.6
$BARO,56714.260,69383.14,33.70
$IMU,56714.284,-38.879,33.264,12.756,0.24511,1.03759,0.55468,33.43
$MAG,56714.349,-0.510,-0.856,-0.630,32.2
$IMU,56714.359,-87.402,50.842,13.244,0.00097,0.72021,0.52636,33.45
$BARO,56714.361,69380.68,33.71
$IMU,56714.435,-118.835,36.926,-4.882,0.10644,0.49316,0.70458,33.37
$MAG,56714.450,-0.502,-0.838,-0.747,32.2
$BARO,56714.463,69380.09,33.70
$IMU,56714.510,-107.604,25.146,0.366,-0.03125,0.19921,0.97998,33.39
$MAG,56714.551,-0.495,-0.819,-0.810,32.2
$BARO,56714.564,69386.60,33.70
$IMU,56714.585,-49.865,7.812,-5.065,0.04589,0.17285,1.11035,33.38
$MAG,56714.652,-0.487,-0.816,-0.811,32.2
$IMU,56714.660,-2.624,7.080,-3.112,0.01171,0.25000,1.04589,33.39
$BARO,56714.665,69381.51,33.71
$IMU,56714.735,13.305,6.469,-2.197,-0.01074,0.22802,0.98925,33.38
$MAG,56714.753,-0.484,-0.822,-0.787,32.2
$BARO,56714.767,69385.99,33.70
$IMU,56714.810,26.123,0.488,6.225,0.01171,0.31103,0.92187,33.34
$MAG,56714.854,-0.499,-0.832,-0.759,32.5
$BARO,56714.868,69372.73,33.71
$IMU,56714.885,23.742,-6.347,16.113,0.12402,0.50439,0.84326,33.40
$MAG,56714.955,-0.504,-0.831,-0.769,32.3
$IMU,56714.960,1.708,2.197,8.850,0.16406,0.47363,0.89746,33.39
$BARO,56714.970,69380.07,33.71
$IMU,56715.035,-7.568,14.099,-17.822,-0.13378,0.30126,0.94775,33.40
$MAG,56715.056,-0.478,-0.837,-0.777,32.2
$BARO,56715.071,69375.19,33.71
$TIME,56715.079,29797.000,2365
$IMU,56715.110,2.319,-3.723,-29.663,-0.09130,0.39355,0.93847,33.37
$MAG,56715.157,-0.466,-0.843,-0.763,32.2
$HUM,56715.158,27.2,34.0
$BARO,56715.172,69381.29,33.71
$IMU,56715.185,2.624,-6.774,-13.183,-0.05126,0.47021,0.89062,33.39
$VBAT,56715.235,3.845
$MAG,56715.258,-0.484,-0.832,-0.777,32.2
$IMU,56715.260,-4.333,-8.666,4.943,0.01074,0.51953,0.84960,33.39
$BARO,56715.274,69378.02,33.71
$IMU,56715.336,-14.282,-10.498,5.920,0.05566,0.52734,0.88378,33.40
$MAG,56715.359,-0.484,-0.841,-0.801,32.2
$BARO,56715.375,69386.58,33.71
$IMU,56715.411,-21.301,-7.751,-1.403,0.04687,0.31396,0.99365,33.39
$MAG,56715.460,-0.472,-0.837,-0.783,32.2
$BARO,56715.477,69375.19,33.71
$IMU,56715.486,-2.624,-12.023,-13.732,0.01660,0.13769,1.07080,33.41
$MAG,56715.561,-0.448,-0.861,-0.723,32.2
$IMU,56715.561,40.039,-37.841,-38.513,0.00976,0.22900,1.03271,33.39
$BARO,56715.578,69385.75,33.71
$IMU,56715.636,64.208,-60.852,-66.528,0.21923,0.35546,0.94628,33.38
$MAG,56715.662,-0.387,-0.895,-0.645,32.5
$BARO,56715.679,69374.97,33.71
$IMU,56715.711,73.059,-52.429,-70.678,0.21435,0.56542,0.80322,33.40
$MAG,56715.763,-0.325,-0.900,-0.576,32.2
$BARO,56715.781,69387.60,33.70
$IMU,56715.786,73.242,-42.968,-60.729,0.15087,0.71337,0.60107,33.44
$IMU,56715.861,62.011,-45.043,-56.274,0.10253,0.87451,0.55175,33.42
$MAG,56715.864,-0.258,-0.895,-0.520,32.3
$BARO,56715.882,69376.00,33.71
$IMU,56715.936,38.452,-49.011,-50.537,0.12255,0.86962,0.54492,33.43
$MAG,56715.965,-0.205,-0.877,-0.499,32.2
$BARO,56715.984,69378.02,33.71
$IMU,56716.011,26.733,-50.659,-53.344,0.06738,0.88183,0.49755,33.39
$MAG,56716.066,-0.135,-0.861,-0.499,32.2
$TIME,56716.079,29798.000,2365
$BARO,56716.085,69389.04,33.70
$IMU,56716.086,18.615,-50.354,-50.048,0.10205,0.88867,0.51416,33.46
$IMU,56716.161,14.221,-30.151,-37.048,-0.02148,0.88330,0.50537,33.42
$MAG,56716.166,-0.108,-0.861,-0.495,32.2
$HUM,56716.175,27.9,34.0
$BARO,56716.186,69391.26,33.71
$IMU,56716.236,13.671,-19.653,-21.911,0.01025,0.87597,0.50781,33.36
$VBAT,56716.238,3.850
$MAG,56716.267,-0.093,-0.846,-0.496,32.5
$BARO,56716.288,69374.15,33.72
$IMU,56716.312,8.361,-8.544,-2.258,0.04882,0.92236,0.52246,33.39
$MAG,56716.368,-0.099,-0.840,-0.487,32.3
$IMU,56716.387,-0.732,2.746,-0.305,-0.00341,0.90234,0.55615,33.39
$BARO,56716.389,69378.05,33.71
$IMU,56716.462,-4.211,12.145,-8.911,-0.00195,0.82421,0.55810,33.36
$MAG,56716.469,-0.097,-0.841,-0.484,32.2
$BARO,56716.491,69387.41,33.71
$IMU,56716.537,0.122,31.921,-4.821,-0.03515,0.82128,0.55957,33.39
$MAG,56716.570,-0.111,-0.840,-0.462,32.3
$BARO,56716.592,69384.75,33.71
$IMU,56716.612,0.488,53.405,7.263,-0.14306,0.90478,0.58349,33.41
$MAG,56716.671,-0.138,-0.841,-0.456,32.2
$IMU,56716.687,-5.920,54.809,14.343,-0.21093,0.78222,0.51660,33.39
$BARO,56716.694,69393.87,33.71
$IMU,56716.762,-6.652,58.044,22.949,-0.18994,0.91552,0.50292,33.43
$MAG,56716.772,-0.201,-0.850,-0.445,32.2
$BARO,56716.795,69385.14,33.71
$IMU,56716.837,-26.550,76.354,35.766,-0.23046,0.87402,0.50585,33.41
$MAG,56716.873,-0.273,-0.876,-0.474,32.3
$BARO,56716.896,69385.75,33.71
$IMU,56716.912,-39.123,79.528,50.659,-0.39599,0.84667,0.54882,33.38
$MAG,56716.974,-0.340,-0.877,-0.495,32.2
$IMU,56716.987,-37.292,51.574,54.199,-0.26513,0.77587,0.52197,33.41
$BARO,56716.998,69370.29,33.71
$IMU,56717.062,-28.198,24.963,47.119,-0.13427,0.78466,0.54199,33.40
$MAG,56717.075,-0.379,-0.874,-0.522,32.3
$TIME,56717.079,29798.000,2365
$BARO,56717.099,69379.05,33.71
$IMU,56717.137,-21.545,4.699,27.832,0.00732,0.81103,0.63574,33.41
$MAG,56717.176,-0.394,-0.877,-0.526,32.5
$HUM,56717.191,27.1,34.0
$BARO,56717.200,69390.82,33.72
$IMU,56717.213,-10.559,-13.732,9.643,0.09521,0.70166,0.67333,33.44
$VBAT,56717.253,3.837
$MAG,56717.277,-0.372,-0.885,-0.510,32.2
$IMU,56717.288,11.108,-31.982,-5.798,0.23193,0.83056,0.68310,33.42
$BARO,56717.302,69374.97,33.71
$IMU,56717.363,14.648,-25.268,-6.042,0.23535,0.86914,0.58251,33.43
$MAG,56717.378,-0.379,-0.880,-0.505,32.2
$BARO,56717.403,69383.51,33.71
$IMU,56717.438,2.563,-9.887,-9.521,0.11328,0.94873,0.47753,33.44
$MAG,56717.479,-0.352,-0.886,-0.508,32.3
$BARO,56717.505,69381.70,33.71
$IMU,56717.513,-19.531,-9.704,-9.399,0.06738,1.00097,0.41210,33.44
$MAG,56717.579,-0.363,-0.903,-0.598,32.5
$IMU,56717.588,-75.256,-19.042,10.070,0.11474,0.88085,0.52539,33.41
$BARO,56717.606,69388.82,33.71
$IMU,56717.663,-112.976,-19.836,17.944,0.27148,0.24902,0.80419,33.37
$MAG,56717.680,-0.370,-0.889,-0.672,32.2
$BARO,56717.707,69377.41,33.71
$IMU,56717.738,-58.410,-1.770,10.375,0.26660,0.41796,0.96777,33.44
$MAG,56717.781,-0.385,-0.894,-0.706,32.5
$BARO,56717.809,69379.24,33.71
$IMU,56717.813,-19.165,6.042,6.286,0.25683,0.48730,0.85986,33.39
$MAG,56717.882,-0.382,-0.889,-0.709,32.2
$IMU,56717.888,-1.220,12.084,3.051,0.16406,0.57177,0.75439,33.41
$BARO,56717.910,69382.48,33.72
$IMU,56717.963,-8.117,13.549,5.920,0.12890,0.55615,0.69775,33.42
$MAG,56717.983,-0.390,-0.886,-0.717,32.5
$BARO,56718.012,69377.80,33.71
$IMU,56718.038,-12.817,18.005,13.122,0.13427,0.79101,0.74121,33.41
$TIME,56718.079,29800.000,2365
$MAG,56718.084,-0.391,-0.874,-0.751,32.2
$BARO,56718.113,69389.01,33.71
$IMU,56718.113,-28.808,30.822,22.094,0.06494,0.36083,0.64404,33.45
$MAG,56718.185,-0.384,-0.861,-0.793,32.5
$IMU,56718.189,-33.935,38.696,10.803,-0.09863,0.32031,0.76318,33.42
$HUM,56718.208,27.1,34.0
$BARO,56718.214,69375.80,33.71
$VBAT,56718.254,3.839
$IMU,56718.264,-48.400,37.536,-6.896,-0.22509,0.14013,0.91308,33.36
$MAG,56718.286,-0.360,-0.844,-0.847,32.3
$BARO,56718.316,69382.48,33.72
$IMU,56718.339,-49.255,25.512,-8.117,-0.29443,0.11083,1.06640,33.41
$MAG,56718.387,-0.343,-0.804,-0.895,32.2
$IMU,56718.414,-51.025,13.366,-4.577,-0.24169,-0.03857,1.14794,33.40
$BARO,56718.417,69380.87,33.71
$MAG,56718.488,-0.334,-0.781,-0.936,32.3
$IMU,56718.489,-43.457,10.009,2.380,-0.27197,-0.11083,1.17089,33.39
$BARO,56718.519,69383.31,33.71
$IMU,56718.564,-29.724,2.807,3.356,-0.21289,-0.12597,1.17626,33.41
$MAG,56718.589,-0.339,-0.774,-0.937,32.3
$BARO,56718.620,69381.07,33.71
$IMU,56718.639,-18.920,-3.112,4.638,-0.16845,-0.11669,1.15234,33.46
$MAG,56718.690,-0.336,-0.756,-0.948,32.2
$IMU,56718.714,-16.601,-7.202,1.770,-0.18505,-0.04638,1.08300,33.41
$BARO,56718.721,69394.06,33.72
$IMU,56718.789,-27.893,-15.075,0.854,-0.16064,-0.19482,1.07714,33.42
$MAG,56718.791,-0.351,-0.738,-0.964,32.2
$BARO,56718.823,69383.53,33.71
$IMU,56718.864,-20.751,-20.263,-5.554,-0.12353,-0.26513,1.13134,33.44
$MAG,56718.892,-0.355,-0.739,-0.973,32.2
$BARO,56718.924,69383.73,33.71
$IMU,56718.939,-3.845,-22.766,-12.695,-0.05322,-0.25537,1.09960,33.41
$MAG,56718.993,-0.372,-0.742,-0.975,32.2
$IMU,56719.014,5.493,-18.798,-17.211,0.01367,-0.22998,1.06689,33.39
$BARO,56719.026,69384.31,33.72
$TIME,56719.079,29801.000,2365
$IMU,56719.090,11.474,-11.718,-28.381,0.00292,-0.25830,1.04589,33.40
$MAG,56719.094,-0.349,-0.763,-0.951,32.3
$BARO,56719.127,69385.53,33.71
$IMU,56719.165,20.874,-10.986,-36.743,-0.06445,-0.13623,1.03662,33.40
$MAG,56719.194,-0.330,-0.780,-0.939,32.2
$HUM,56719.225,27.4,34.0
$BARO,56719.228,69383.12,33.71
$IMU,56719.240,17.822,-18.798,-39.001,-0.00146,-0.05810,0.95800,33.42
$VBAT,56719.254,3.834
$MAG,56719.295,-0.319,-0.787,-0.918,32.2
$IMU,56719.315,19.897,-19.958,-38.696,0.07568,0.10009,0.95117,33.42
$BARO,56719.330,69390.82,33.72
$IMU,56719.390,22.399,-20.874,-50.048,0.16308,0.19824,0.96240,33.39
$MAG,56719.396,-0.291,-0.807,-0.898,32.2
$BARO,56719.431,69387.77,33.71
$IMU,56719.465,21.667,-23.193,-60.241,0.16943,0.20214,1.02685,33.41
$MAG,56719.497,-0.255,-0.813,-0.877,32.2
$BARO,56719.533,69390.01,33.71
$IMU,56719.540,32.165,-37.231,-82.336,0.11083,0.10351,1.03906,33.42
$MAG,56719.598,-0.187,-0.835,-0.829,32.3
$IMU,56719.615,66.894,-65.612,-110.351,0.14355,0.23535,0.85498,33.41
$BARO,56719.634,69385.33,33.71
$IMU,56719.690,85.754,-78.002,-125.549,0.23681,0.48535,0.73388,33.43
$MAG,56719.699,-0.100,-0.846,-0.783,32.3
$BARO,56719.735,69385.97,33.71
$IMU,56719.765,75.500,-61.279,-113.708,0.28222,0.65869,0.67919,33.43
$MAG,56719.800,-0.037,-0.820,-0.750,32.3
$BARO,56719.837,69382.29,33.71
$IMU,56719.840,53.527,-29.052,-82.885,0.22851,0.74804,0.60546,33.45
$MAG,56719.901,0.016,-0.792,-0.730,32.2
$IMU,56719.915,36.804,-7.446,-60.791,0.10302,0.79443,0.57421,33.41
$BARO,56719.938,69376.80,33.71
$IMU,56719.990,23.071,-6.774,-47.546,0.09716,0.77685,0.56738,33.38
$MAG,56720.002,0.042,-0.772,-0.721,32.2
$BARO,56720.039,69383.92,33.72
$IMU,56720.066,17.761,-4.699,-33.691,0.08740,0.82373,0.55078,33.41
$TIME,56720.079,29802.000,2365
$MAG,56720.103,0.057,-0.763,-0.708,32.3
$BARO,56720.141,69381.68,33.71
$IMU,56720.141,13.061,-0.061,-17.272,0.09667,0.81396,0.56835,33.42
$MAG,56720.204,0.057,-0.771,-0.696,32.2
$IMU,56720.216,12.145,4.028,-1.647,0.12304,0.83740,0.57421,33.43
$BARO,56720.242,69382.31,33.71
$HUM,56720.242,27.9,33.9
$VBAT,56720.254,3.845
$IMU,56720.291,14.892,7.507,5.249,0.13769,0.87646,0.55517,33.41
$MAG,56720.305,0.055,-0.781,-0.675,32.2
$BARO,56720.344,69384.75,33.71
$IMU,56720.366,15.563,11.962,3.417,0.10498,0.87646,0.51953,33.42
$MAG,56720.406,0.052,-0.772,-0.658,32.2
$IMU,56720.441,18.249,15.136,-6.347,0.03369,0.83398,0.51074,33.45
$BARO,56720.445,69383.31,33.71
$MAG,56720.507,0.061,-0.766,-0.636,32.2
$IMU,56720.516,16.845,17.639,-13.427,-0.05566,0.88574,0.50927,33.40
$BARO,56720.546,69380.43,33.72
$IMU,56720.591,10.253,15.808,-6.042,-0.07275,0.89843,0.51855,33.39
$MAG,56720.607,0.063,-0.772,-0.615,32.2
$BARO,56720.648,69375.78,33.71
$IMU,56720.666,5.676,24.414,14.709,-0.01757,0.84912,0.52832,33.42
$MAG,56720.708,0.037,-0.790,-0.580,32.3
$IMU,56720.741,18.798,39.489,23.986,-0.04589,0.87597,0.45019,33.41
$BARO,56720.749,69385.33,33.71
$MAG,56720.809,0.028,-0.783,-0.532,32.2
$IMU,56720.816,14.160,41.687,-0.305,-0.16845,0.94042,0.42187,33.45
$BARO,56720.851,69381.85,33.72
$IMU,56720.891,-4.089,29.968,-8.239,-0.30224,0.85107,0.43115,33.37
$MAG,56720.910,0.028,-0.787,-0.529,32.2
$BARO,56720.952,69380.26,33.71
$IMU,56720.967,8.117,5.371,-6.225,-0.37841,0.81445,0.43017,33.42
$MAG,56721.011,0.052,-0.763,-0.514,32.2
$IMU,56721.042,33.508,-19.470,-25.329,-0.27490,0.92333,0.36181,33.41
$BARO,56721.053,69384.12,33.72
$MAG,56721.112,0.069,-0.738,-0.517,32.2
$IMU,56721.117,25.329,-15.197,-30.395,-0.20019,1.14013,0.38525,33.41
$BARO,56721.155,69382.70,33.72
$IMU,56721.192,-22.216,-11.169,3.234,-0.26269,0.93652,0.30761,33.46
$MAG,56721.213,0.067,-0.750,-0.546,32.2
$VBAT,56721.255,3.840
$BARO,56721.256,69378.41,33.72
$HUM,56721.259,27.8,34.0
$IMU,56721.267,-26.062,-13.000,4.821,-0.22460,0.81689,0.45410,33.41
$MAG,56721.314,0.064,-0.756,-0.571,32.3
$IMU,56721.342,-7.934,-8.789,3.784,-0.28173,0.90185,0.45166,33.41
$BARO,56721.358,69381.04,33.72
$MAG,56721.415,0.069,-0.757,-0.577,32.5
$IMU,56721.417,-2.685,-18.859,2.075,-0.12548,0.96386,0.47216,33.44
$BARO,56721.459,69380.24,33.72
$IMU,56721.492,-5.432,-10.620,10.498,0.02343,0.92919,0.50439,33.47
$MAG,56721.516,0.055,-0.774,-0.579,32.3
$BARO,56721.560,69374.76,33.71
$IMU,56721.567,-7.751,12.145,9.643,-0.00878,0.86083,0.45410,33.41
$MAG,56721.617,0.049,-0.784,-0.574,32.5
$IMU,56721.642,-5.676,19.042,8.605,-0.04052,0.87988,0.44531,33.43
$BARO,56721.662,69379.85,33.72
$IMU,56721.717,-7.324,27.404,14.709,-0.04638,0.86816,0.45410,33.44
$MAG,56721.718,0.028,-0.786,-0.550,32.2
$BARO,56721.763,69384.75,33.71
$IMU,56721.792,-7.202,33.020,21.484,-0.03027,0.90576,0.51464,33.41
$MAG,56721.819,-0.003,-0.807,-0.534,32.2
$BARO,56721.865,69384.14,33.71
$IMU,56721.867,-5.126,28.198,26.123,0.01513,0.86621,0.52246,33.43
$MAG,56721.920,-0.028,-0.810,-0.522,32.2
$IMU,56721.943,-1.464,32.531,19.958,0.05371,0.91064,0.53125,33.44
$BARO,56721.966,69380.46,33.71
$IMU,56722.018,-4.089,38.940,17.456,0.12744,0.90478,0.47460,33.43
$MAG,56722.021,-0.046,-0.819,-0.505,32.5
$BARO,56722.067,69384.12,33.71
$TIME,56722.079,29803.000,2365
$IMU,56722.093,-8.178,49.316,19.042,0.15332,0.94384,0.45947,33.43
$MAG,56722.122,-0.078,-0.823,-0.483,32.2
$IMU,56722.168,-24.108,68.359,-0.488,-0.14843,0.86474,0.47119,33.45
$BARO,56722.169,69379.02,33.72
$MAG,56722.223,-0.090,-0.837,-0.480,32.2
$IMU,56722.243,-22.644,66.650,-15.258,-0.32666,0.74755,0.43115,33.43
$VBAT,56722.259,3.847
$BARO,56722.270,69388.36,33.72
$HUM,56722.276,27.6,33.9
$IMU,56722.318,-7.263,46.936,8.850,-0.18164,0.90380,0.49316,33.44
$MAG,56722.324,-0.112,-0.841,-0.472,32.3
$BARO,56722.372,69388.77,33.72
$IMU,56722.393,-16.479,48.522,32.775,-0.08984,0.90576,0.48974,33.42
$MAG,56722.425,-0.166,-0.853,-0.460,32.3
$IMU,56722.468,-18.554,59.020,28.747,-0.13427,0.81054,0.49902,33.45
$BARO,56722.473,69382.70,33.71
$MAG,56722.526,-0.190,-0.867,-0.468,32.3
$IMU,56722.543,-12.390,50.231,14.404,-0.16308,0.84960,0.55175,33.42
$BARO,56722.574,69381.70,33.71
$IMU,56722.618,-16.906,39.428,9.826,-0.11669,0.79296,0.56201,33.39
$MAG,56722.627,-0.222,-0.868,-0.475,32.2
$BARO,56722.676,69389.01,33.71
$IMU,56722.693,-13.427,47.851,20.263,-0.19677,0.91601,0.58837,33.45
$MAG,56722.727,-0.262,-0.855,-0.471,32.2
$IMU,56722.768,-9.948,52.917,22.521,-0.32714,0.95410,0.52832,33.43
$BARO,56722.777,69383.31,33.71
$MAG,56722.828,-0.288,-0.877,-0.493,32.2
$IMU,56722.844,-11.962,43.457,15.991,-0.34912,0.80957,0.48974,33.46
$BARO,56722.879,69381.26,33.72
$IMU,56722.919,-11.840,35.400,16.174,-0.31250,0.76318,0.50146,33.45
$MAG,56722.929,-0.313,-0.874,-0.495,32.2
$BARO,56722.980,69382.87,33.72
$IMU,56722.994,-6.652,35.339,15.686,-0.41308,0.75341,0.47460,33.40
$MAG,56723.030,-0.324,-0.874,-0.493,32.3
$IMU,56723.069,6.286,25.695,10.253,-0.42285,0.78906,0.39990,33.39
$TIME,56723.079,29804.000,2365
$BARO,56723.081,69387.97,33.72
$MAG,56723.131,-0.346,-0.864,-0.477,32.2
$IMU,56723.144,11.779,19.592,7.019,-0.44726,0.85937,0.37939,33.42
$BARO,56723.183,69379.83,33.72
$IMU,56723.219,6.469,13.244,6.591,-0.41699,0.90087,0.40332,33.44
$MAG,56723.232,-0.355,-0.864,-0.484,32.2
$VBAT,56723.273,3.848
$BARO,56723.284,69384.51,33.72
$HUM,56723.292,26.7,34.0
$IMU,56723.294,-6.591,12.207,10.620,-0.39599,0.84033,0.40966,33.41
$MAG,56723.333,-0.376,-0.867,-0.489,32.3
$IMU,56723.369,-4.394,19.470,12.939,-0.38281,0.81445,0.39453,33.46
$BARO,56723.386,69388.99,33.72
$MAG,56723.434,-0.400,-0.867,-0.502,32.2
$IMU,56723.444,-4.394,28.564,20.324,-0.35498,0.89062,0.35791,33.40
$BARO,56723.487,69380.24,33.72
$IMU,56723.519,-26.123,46.813,40.100,-0.48779,0.98632,0.35449,33.43
$MAG,56723.535,-0.463,-0.859,-0.552,32.3
$BARO,56723.588,69383.09,33.72
$IMU,56723.594,-49.865,32.897,38.818,-0.52294,0.81787,0.46435,33.45
$MAG,56723.636,-0.489,-0.841,-0.582,32.3
$IMU,56723.669,-42.175,-18.981,30.700,-0.26318,0.76806,0.56103,33.42
$BARO,56723.690,69383.09,33.72
$MAG,56723.737,-0.507,-0.846,-0.585,32.2
$IMU,56723.744,-24.597,-38.879,27.954,-0.10595,0.73925,0.61865,33.41
$BARO,56723.791,69384.31,33.72
$IMU,56723.820,0.244,-38.452,7.080,-0.02441,0.74121,0.62255,33.45
$MAG,56723.838,-0.502,-0.847,-0.562,32.2
$BARO,56723.893,69379.63,33.72
$IMU,56723.895,17.456,-29.113,-5.798,0.01464,0.86328,0.57080,33.41
$MAG,56723.939,-0.490,-0.841,-0.544,32.5
$IMU,56723.970,12.207,-11.840,-3.906,-0.02441,0.84960,0.54785,33.49
$BARO,56723.994,69375.17,33.72
$MAG,56724.040,-0.492,-0.834,-0.532,32.2
$IMU,56724.045,10.864,-4.272,-2.441,-0.03027,0.87939,0.51171,33.44
$TIME,56724.079,29805.000,2365
$BARO,56724.095,69386.14,33.72
$IMU,56724.120,6.164,-5.493,-8.422,-0.06835,0.92578,0.48925,33.45
$MAG,56724.141,-0.481,-0.849,-0.535,32.3
$IMU,56724.195,-12.390,-11.779,-17.272,-0.07812,0.83935,0.58984,33.44
$BARO,56724.197,69374.95,33.72
$MAG,56724.242,-0.454,-0.859,-0.535,32.2
$IMU,56724.270,-2.319,-10.986,-14.587,-0.10205,0.72949,0.63378,33.42
$VBAT,56724.274,3.848
$BARO,56724.298,69380.41,33.72
$HUM,56724.309,26.5,34.0
$MAG,56724.343,-0.448,-0.856,-0.502,32.2
$IMU,56724.345,24.047,-13.488,-9.704,-0.11328,0.83007,0.54882,33.50
$BARO,56724.399,69374.12,33.72
$IMU,56724.420,27.343,-23.254,-9.277,-0.07324,0.94873,0.43359,33.46
$MAG,56724.444,-0.432,-0.853,-0.484,32.2
$IMU,56724.495,4.638,-29.174,-11.413,-0.03369,1.01416,0.42724,33.46
$BARO,56724.501,69378.61,33.72
$MAG,56724.545,-0.409,-0.868,-0.496,32.2
$IMU,56724.570,-19.470,-24.108,-18.005,-0.03906,0.74951,0.56542,33.46
$BARO,56724.602,69382.07,33.72
$IMU,56724.645,5.798,-18.981,-17.517,-0.09765,0.81591,0.55175,33.44
$MAG,56724.646,-0.385,-0.861,-0.480,32.2
$BARO,56724.704,69388.38,33.72
$IMU,56724.721,12.390,-18.798,-17.822,-0.11865,0.95605,0.48681,33.45
$MAG,56724.747,-0.373,-0.870,-0.481,32.3
$IMU,56724.796,-2.746,-20.202,-17.761,-0.14550,0.79150,0.53759,33.44
$BARO,56724.805,69374.95,33.72
$MAG,56724.847,-0.337,-0.865,-0.465,32.2
$IMU,56724.871,14.099,-29.785,-19.470,-0.27685,0.84277,0.51757,33.39
$BARO,56724.906,69381.85,33.72
$IMU,56724.946,24.475,-73.120,-29.602,-0.35839,0.94189,0.39843,33.47
$MAG,56724.948,-0.268,-0.858,-0.439,32.3
$BARO,56725.008,69382.46,33.72
$IMU,56725.021,13.122,-131.530,-46.020,-0.15283,0.97167,0.33886,33.45
$MAG,56725.049,-0.171,-0.850,-0.475,32.2
$TIME,56725.079,29806.000,2365
$IMU,56725.096,2.075,-149.780,-45.104,0.09179,0.89355,0.41552,33.42
$BARO,56725.109,69387.97,33.72
$MAG,56725.150,-0.096,-0.834,-0.502,32.2
$IMU,56725.171,8.666,-117.675,-41.564,0.18847,0.91894,0.47802,33.46
$BARO,56725.210,69380.24,33.72
$IMU,56725.246,4.272,-67.871,-33.996,0.09667,0.94091,0.46923,33.44
$MAG,56725.251,-0.060,-0.825,-0.519,32.3
$VBAT,56725.274,3.855
$BARO,56725.312,69386.33,33.72
$IMU,56725.321,-4.516,-37.170,-20.324,0.02978,0.87353,0.47998,33.42
$HUM,56725.326,27.5,34.0
$MAG,56725.352,-0.040,-0.820,-0.537,32.2
$IMU,56725.396,-2.014,-19.897,-12.634,0.01464,0.89550,0.50146,33.45
$BARO,56725.413,69383.70,33.71
$MAG,56725.453,-0.036,-0.808,-0.544,32.2
$IMU,56725.471,-2.990,-12.817,-12.084,0.04101,0.88378,0.49121,33.43
$BARO,56725.515,69386.16,33.71
$IMU,56725.546,4.211,-3.112,-15.258,0.02001,0.83203,0.46533,33.40
$MAG,56725.554,-0.015,-0.798,-0.538,32.2
$BARO,56725.616,69380.24,33.71
$IMU,56725.621,10.375,-2.990,-27.526,-0.11816,0.97314,0.49121,33.47
$MAG,56725.655,0.010,-0.786,-0.558,32.2
$IMU,56725.697,1.037,-26.000,-15.625,-0.00634,0.91015,0.43945,33.42
$BARO,56725.717,69376.58,33.72
$MAG,56725.756,0.024,-0.786,-0.577,32.2
$IMU,56725.772,0.732,-28.137,-2.990,0.05419,0.94091,0.42968,33.43
$BARO,56725.819,69389.82,33.71
$IMU,56725.847,-1.953,-19.348,-4.760,0.00488,0.90332,0.42626,33.42
$MAG,56725.857,0.022,-0.786,-0.582,32.2
$BARO,56725.920,69381.68,33.71
$IMU,56725.922,0.976,-15.747,-6.225,0.01660,0.94433,0.43750,33.37
$MAG,56725.958,0.027,-0.781,-0.591,32.3
$IMU,56725.997,-1.037,-10.131,-1.098,0.00927,0.93261,0.44433,33.43
$BARO,56726.021,69385.33,33.72
$MAG,56726.059,0.028,-0.789,-0.600,32.5
$IMU,56726.072,-5.371,-8.483,1.464,0.04296,0.91015,0.43994,33.46
$TIME,56726.079,29808.000,2365
$BARO,56726.123,69378.87,33.70
$IMU,56726.147,-4.028,-4.028,-0.183,0.05615,0.91210,0.43115,33.48
$MAG,56726.160,0.027,-0.786,-0.601,32.5
$IMU,56726.222,-2.746,0.793,0.976,0.04736,0.92968,0.44921,33.44
$BARO,56726.224,69384.92,33.71
$MAG,56726.261,0.022,-0.786,-0.601,32.5
$VBAT,56726.274,3.853
$IMU,56726.297,-3.112,0.610,0.244,0.02539,0.91455,0.42089,33.45
$BARO,56726.325,69382.51,33.71
$HUM,56726.343,27.5,34.0
$MAG,56726.361,0.022,-0.784,-0.604,32.3
$IMU,56726.372,-1.220,-2.014,-0.366,-0.00390,1.01660,0.46484,33.43
$BARO,56726.427,69390.21,33.72
$IMU,56726.447,-18.066,-4.699,3.417,-0.04882,0.89990,0.47802,33.41
$MAG,56726.462,0.022,-0.787,-0.625,32.5
$IMU,56726.522,-27.648,-13.671,8.666,0.01025,0.76513,0.59472,33.42
$BARO,56726.528,69385.55,33.71
$MAG,56726.563,0.015,-0.792,-0.652,32.2
$IMU,56726.597,-9.277,-14.831,4.821,0.07861,0.71484,0.73730,33.44
$BARO,56726.630,69375.97,33.71
$MAG,56726.664,0.018,-0.784,-0.640,32.2
$IMU,56726.673,16.052,-13.488,-11.047,-0.01171,0.85546,0.56689,33.45
$BARO,56726.731,69384.53,33.71
$IMU,56726.748,1.403,-17.333,-10.070,0.00292,0.96289,0.44433,33.42
$MAG,56726.765,0.013,-0.787,-0.669,32.2
$IMU,56726.823,-21.606,-2.319,20.263,0.14746,0.72460,0.63818,33.42
$BARO,56726.832,69375.97,33.71
$MAG,56726.866,0.001,-0.798,-0.657,32.3
$IMU,56726.898,-3.662,17.700,16.296,0.09033,0.77099,0.64013,33.44
$BARO,56726.934,69382.09,33.71
$MAG,56726.967,0.003,-0.793,-0.649,32.3
$IMU,56726.973,7.690,17.395,-1.525,0.02490,0.87109,0.65136,33.42
$BARO,56727.035,69381.70,33.71
$IMU,56727.048,-2.258,16.113,-8.605,0.01074,0.73974,0.54785,33.41
$MAG,56727.068,0.013,-0.801,-0.630,32.2
$IMU,56727.123,2.990,21.362,-4.882,-0.11083,0.87744,0.70410,33.44
$BARO,56727.137,69381.90,33.71
$MAG,56727.169,0.010,-0.786,-0.637,32.2
$IMU,56727.198,-8.972,7.019,-5.249,-0.05664,0.72656,0.55078,33.46
$BARO,56727.238,69382.51,33.71
$MAG,56727.270,0.015,-0.790,-0.628,32.2
$IMU,56727.273,2.319,10.009,-4.455,-0.09277,0.88183,0.68603,33.46
$VBAT,56727.275,3.845
$BARO,56727.339,69376.61,33.71
$IMU,56727.348,-5.493,0.915,-6.958,-0.07666,0.68310,0.60839,33.43
$HUM,56727.360,27.4,33.9
$MAG,56727.371,0.019,-0.778,-0.625,32.3
$IMU,56727.423,9.887,-5.126,-10.681,-0.10400,0.85156,0.69140,33.44
$BARO,56727.441,69381.70,33.71
$MAG,56727.472,0.027,-0.784,-0.613,32.2
$IMU,56727.498,6.286,-10.620,-6.835,0.01171,0.69189,0.58007,33.41
$BARO,56727.542,69377.05,33.71
$MAG,56727.573,0.040,-0.777,-0.606,32.2
$IMU,56727.574,25.573,5.310,-10.559,-0.16503,0.97265,0.57080,33.45
$BARO,56727.644,69379.65,33.71
$IMU,56727.649,2.624,-7.019,-5.676,-0.11425,0.83300,0.52636,33.44
$MAG,56727.674,0.039,-0.772,-0.619,32.3
$IMU,56727.724,3.601,-9.399,-5.249,-0.04980,0.82861,0.54492,33.41
$BARO,56727.745,69378.02,33.71
$MAG,56727.775,0.042,-0.771,-0.610,32.3
$IMU,56727.799,16.174,0.061,0.061,-0.02636,0.86328,0.51269,33.44
$BARO,56727.846,69387.38,33.71
$IMU,56727.874,20.324,8.728,2.563,-0.06494,0.86669,0.46630,33.45
$MAG,56727.876,0.049,-0.775,-0.589,32.3
$BARO,56727.948,69390.43,33.71
$IMU,56727.949,21.728,10.864,3.601,-0.09912,0.93798,0.44287,33.46
$MAG,56727.977,0.031,-0.774,-0.567,32.2
$IMU,56728.024,11.962,8.056,7.141,-0.09716,0.96337,0.43115,33.52
$BARO,56728.049,69383.12,33.71
$MAG,56728.078,0.022,-0.777,-0.567,32.2
$TIME,56728.079,29809.000,2365
$IMU,56728.099,-1.098,2.624,11.474,-0.05029,0.91210,0.42480,33.42
$BARO,56728.151,69376.19,33.71
$IMU,56728.174,-1.647,2.929,14.465,-0.00390,0.90722,0.46533,33.43
$MAG,56728.179,0.001,-0.783,-0.561,32.2
$IMU,56728.249,2.807,8.666,16.601,0.11230,0.95654,0.45117,33.45
$BARO,56728.252,69382.09,33.71
$VBAT,56728.276,3.852
$MAG,56728.280,-0.013,-0.805,-0.541,32.2
$IMU,56728.324,-7.080,40.771,26.184,0.30761,0.98388,0.40820,33.44
$BARO,56728.353,69387.19,33.71
$HUM,56728.377,27.4,34.0
$MAG,56728.380,-0.085,-0.834,-0.516,32.5
$IMU,56728.399,-23.132,99.853,47.607,0.06396,0.91455,0.36572,33.43
$BARO,56728.455,69379.87,33.71
$IMU,56728.474,-24.841,102.905,45.593,-0.10937,0.97656,0.45605,33.44
$MAG,56728.481,-0.135,-0.847,-0.492,32.2
$IMU,56728.550,-29.541,52.856,21.789,-0.21435,0.86669,0.50195,33.45
$BARO,56728.556,69374.58,33.70
$MAG,56728.582,-0.132,-0.855,-0.519,32.3
$IMU,56728.625,-22.277,-16.296,-10.253,-0.10107,0.89062,0.47509,33.43
$BARO,56728.657,69385.36,33.71
$MAG,56728.683,-0.102,-0.846,-0.558,32.2
$IMU,56728.700,-28.015,-51.391,-22.338,0.05029,0.90625,0.49853,33.44
$BARO,56728.759,69382.12,33.70
$IMU,56728.775,-43.884,-50.415,-21.423,0.12548,0.80224,0.55908,33.43
$MAG,56728.784,-0.082,-0.850,-0.619,32.3
$IMU,56728.850,-40.649,-34.912,-11.108,0.23193,0.69726,0.69775,33.44
$BARO,56728.860,69380.09,33.71
$MAG,56728.885,-0.078,-0.840,-0.654,32.3
$IMU,56728.925,-18.127,-2.502,-0.122,0.21240,0.62792,0.79150,33.45
$BARO,56728.962,69387.19,33.71
$MAG,56728.986,-0.073,-0.847,-0.630,32.3
$IMU,56729.000,9.460,21.179,4.028,0.06152,0.66503,0.73242,33.44
$BARO,56729.063,69380.70,33.71
$IMU,56729.075,25.695,24.169,3.601,-0.02246,0.80761,0.66943,33.46
$TIME,56729.079,29810.000,2365
$MAG,56729.087,-0.082,-0.849,-0.591,32.2
$IMU,56729.150,21.362,20.996,8.483,-0.03320,0.78173,0.60791,33.42
$BARO,56729.164,69381.31,33.70
$MAG,56729.188,-0.094,-0.847,-0.573,32.2
$IMU,56729.225,14.770,19.836,12.207,-0.00341,0.84033,0.59765,33.48
$BARO,56729.266,69378.27,33.70
$VBAT,56729.276,3.842
$MAG,56729.289,-0.127,-0.858,-0.555,32.2
$IMU,56729.300,9.155,25.817,19.714,-0.01757,0.85009,0.58935,33.43
$BARO,56729.367,69381.48,33.71
$IMU,56729.375,6.652,26.123,20.690,-0.01123,0.84472,0.61279,33.43
$MAG,56729.390,-0.144,-0.858,-0.543,32.2
$HUM,56729.393,27.0,34.0
$IMU,56729.451,-1.647,29.907,18.310,0.11669,0.88330,0.58886,33.44
$BARO,56729.469,69380.26,33.71
$MAG,56729.491,-0.190,-0.879,-0.540,32.2
$IMU,56729.526,-20.751,63.659,38.940,0.02587,0.81054,0.56933,33.48
$BARO,56729.570,69381.73,33.70
$MAG,56729.592,-0.258,-0.885,-0.550,32.2
$IMU,56729.601,-28.076,88.256,52.612,-0.07714,0.81103,0.58154,33.46
$BARO,56729.671,69387.43,33.70
$IMU,56729.676,-32.897,93.994,52.917,-0.14355,0.77685,0.64843,33.46
$MAG,56729.693,-0.321,-0.885,-0.589,32.3
$IMU,56729.751,-37.414,106.140,57.373,-0.16210,0.67480,0.63671,33.48
$BARO,56729.773,69375.44,33.70
$MAG,56729.793,-0.397,-0.873,-0.627,32.2
$IMU,56729.826,-24.719,125.305,72.631,-0.40185,0.73876,0.58740,33.43
$BARO,56729.874,69378.66,33.70
$MAG,56729.894,-0.457,-0.858,-0.669,32.2
$IMU,56729.901,-22.766,106.628,68.054,-0.43994,0.79736,0.58544,33.42
$BARO,56729.976,69371.98,33.70
$IMU,56729.976,-30.212,78.918,56.396,-0.47070,0.75146,0.60595,33.44
$MAG,56729.995,-0.486,-0.838,-0.723,32.3
$IMU,56730.051,-30.700,49.621,44.921,-0.37890,0.71191,0.64453,33.44
$BARO,56730.077,69375.41,33.70
$TIME,56730.079,29812.000,2365
$MAG,56730.096,-0.520,-0.814,-0.769,32.2
$IMU,56730.126,-31.005,35.034,36.682,-0.34082,0.65527,0.66650,33.44
$BARO,56730.178,69373.17,33.71
$MAG,56730.197,-0.522,-0.796,-0.795,32.2
$IMU,56730.201,-26.672,30.029,30.151,-0.35937,0.68896,0.66796,33.44
$IMU,56730.276,-27.160,21.606,21.057,-0.37841,0.64697,0.69580,33.46
$VBAT,56730.276,3.837
$BARO,56730.280,69375.41,33.70
$MAG,56730.298,-0.525,-0.774,-0.814,32.2
$IMU,56730.351,-23.010,12.695,18.554,-0.33203,0.62158,0.71337,33.45
$BARO,56730.381,69386.80,33.70
$MAG,56730.399,-0.543,-0.756,-0.840,32.2
$HUM,56730.410,26.3,34.0
$IMU,56730.427,-17.578,12.634,16.723,-0.33837,0.61181,0.72216,33.46
$BARO,56730.483,69378.85,33.71
$MAG,56730.500,-0.541,-0.748,-0.856,32.6
$IMU,56730.502,-11.657,12.939,17.150,-0.33203,0.65039,0.73388,33.48
$IMU,56730.577,-8.605,8.422,12.756,-0.33398,0.57763,0.74316,33.43
$BARO,56730.584,69383.94,33.70
$MAG,56730.601,-0.558,-0.745,-0.859,32.2
$IMU,56730.652,-3.967,-3.906,9.826,-0.24804,0.62646,0.74951,33.45
$BARO,56730.686,69378.27,33.70
$MAG,56730.702,-0.555,-0.736,-0.858,32.5
$IMU,56730.727,-3.967,-7.141,0.732,-0.19238,0.62646,0.80468,33.44
$BARO,56730.787,69373.37,33.71
$IMU,56730.802,-7.263,-10.864,-12.145,-0.20605,0.46533,0.84423,33.41
$MAG,56730.803,-0.550,-0.741,-0.855,32.2
$IMU,56730.877,-2.319,-12.756,-11.047,-0.15478,0.45703,0.94531,33.43
$BARO,56730.888,69368.91,33.70
$MAG,56730.904,-0.550,-0.739,-0.855,32.3
$IMU,56730.952,-1.281,-3.234,-7.141,-0.21777,0.41845,0.93554,33.46
$BARO,56730.990,69378.05,33.71
$MAG,56731.005,-0.564,-0.742,-0.844,32.3
$IMU,56731.027,6.958,0.671,2.685,-0.26318,0.47851,0.91064,33.42
$TIME,56731.079,29813.000,2365
$BARO,56731.091,69370.90,33.71
$IMU,56731.102,5.126,-6.835,12.634,-0.17968,0.60449,0.85205,33.44
$MAG,56731.106,-0.573,-0.745,-0.841,32.2
$IMU,56731.177,-14.343,-10.253,7.812,-0.11962,0.46386,0.85058,33.42
$BARO,56731.193,69385.16,33.70
$MAG,56731.207,-0.574,-0.738,-0.850,32.3
$IMU,56731.252,-5.187,-7.995,1.831,-0.15869,0.46044,0.90087,33.46
$VBAT,56731.277,3.832
$BARO,56731.294,69372.34,33.71
$MAG,56731.308,-0.574,-0.739,-0.822,32.2
$IMU,56731.328,11.169,-22.827,-4.455,-0.25146,0.49511,0.89794,33.41
$BARO,56731.396,69377.02,33.71
$IMU,56731.403,30.578,-77.392,-29.541,-0.39648,0.46337,0.79882,33.39
$MAG,56731.409,-0.588,-0.789,-0.732,32.3
$HUM,56731.427,26.2,33.9
$IMU,56731.478,64.392,-159.790,-67.199,0.06005,0.64746,0.59277,33.42
$BARO,56731.497,69376.85,33.70
$MAG,56731.510,-0.544,-0.822,-0.579,32.2
$IMU,56731.553,66.894,-150.329,-74.768,0.32812,0.93066,0.56640,33.47
$BARO,56731.598,69370.51,33.71
$MAG,56731.611,-0.486,-0.844,-0.522,32.2
$IMU,56731.628,29.785,-72.570,-59.204,0.30517,0.92236,0.54638,33.46
$BARO,56731.700,69383.14,33.70
$IMU,56731.703,-2.502,-7.263,-38.269,0.10351,0.99316,0.62011,33.45
$MAG,56731.712,-0.454,-0.858,-0.538,32.3
$IMU,56731.778,-17.456,13.793,-32.714,-0.02734,0.78613,0.61425,33.43
$BARO,56731.801,69383.36,33.70
$MAG,56731.812,-0.435,-0.864,-0.555,32.2
$IMU,56731.853,-10.131,16.723,-19.836,-0.04394,0.82470,0.62158,33.41
$BARO,56731.903,69374.97,33.71
$MAG,56731.913,-0.429,-0.874,-0.562,32.3
$IMU,56731.928,-1.831,12.084,-5.676,-0.04394,0.72558,0.58203,33.46
$IMU,56732.003,11.535,6.530,-4.882,-0.04492,0.85498,0.56884,33.42
$BARO,56732.004,69379.26,33.70
$MAG,56732.014,-0.424,-0.864,-0.549,32.3
$IMU,56732.078,8.850,4.577,-10.314,-0.09912,0.88232,0.51904,33.43
$TIME,56732.079,29814.000,2365
$BARO,56732.105,69377.24,33.70
$MAG,56732.115,-0.423,-0.873,-0.549,32.3
$IMU,56732.153,-4.272,5.737,-11.291,-0.11816,0.81982,0.54150,33.47
$BARO,56732.207,69372.73,33.71
$MAG,56732.216,-0.421,-0.876,-0.561,32.3
$IMU,56732.228,-9.948,13.183,-2.990,-0.16210,0.84912,0.58154,33.42
$VBAT,56732.278,3.827
$IMU,56732.304,-26.611,27.954,14.831,-0.10595,0.90283,0.50878,33.43
$BARO,56732.308,69376.41,33.71
$MAG,56732.317,-0.435,-0.868,-0.615,32.2
$IMU,56732.379,-60.668,60.546,36.804,-0.27832,0.76708,0.57031,33.46
$BARO,56732.410,69376.24,33.70
$MAG,56732.418,-0.480,-0.850,-0.696,32.2
$HUM,56732.444,26.3,33.9
$IMU,56732.454,-66.894,64.270,45.104,-0.41259,0.57568,0.70312,33.42
$BARO,56732.511,69378.90,33.70
$MAG,56732.519,-0.496,-0.832,-0.765,32.2
$IMU,56732.529,-48.034,42.175,40.466,-0.43896,0.52685,0.80224,33.44
$IMU,56732.604,-29.479,20.141,33.996,-0.37353,0.49072,0.87060,33.44
$BARO,56732.612,69380.90,33.70
$MAG,56732.620,-0.520,-0.804,-0.766,32.5
$IMU,56732.679,-9.887,5.737,32.653,-0.27734,0.51367,0.86914,33.47
$BARO,56732.714,69369.51,33.70
$MAG,56732.721,-0.556,-0.787,-0.775,32.3
$IMU,56732.754,-2.807,-3.784,32.531,-0.15234,0.54541,0.87060,33.46
$BARO,56732.815,69373.61,33.70
$MAG,56732.822,-0.574,-0.777,-0.775,32.5
$IMU,56732.829,-3.295,-7.934,28.930,-0.07177,0.50878,0.86328,33.41
$IMU,56732.904,1.037,-15.686,20.507,0.01953,0.52197,0.85205,33.43
$BARO,56732.917,69381.53,33.70
$MAG,56732.923,-0.610,-0.774,-0.766,32.2
$IMU,56732.979,1.586,-22.155,7.751,0.09375,0.54150,0.83935,33.48
$BARO,56733.018,69383.14,33.70
$MAG,56733.024,-0.613,-0.769,-0.750,32.3
$IMU,56733.054,-4.943,-22.033,0.915,0.15771,0.55566,0.89208,33.44
$TIME,56733.079,29815.000,2365
$BARO,56733.119,69377.90,33.70
$MAG,56733.124,-0.601,-0.772,-0.730,32.2
$IMU,56733.129,-2.624,-25.146,-12.634,0.11767,0.50634,0.86718,33.44
$IMU,56733.205,9.399,-40.100,-28.991,0.13623,0.61279,0.81152,33.43
$BARO,56733.221,69375.83,33.70
$MAG,56733.225,-0.591,-0.796,-0.700,32.5
$VBAT,56733.278,3.845
$IMU,56733.280,3.601,-45.227,-35.766,0.15283,0.59960,0.80419,33.48
$BARO,56733.322,69374.19,33.70
$MAG,56733.326,-0.571,-0.810,-0.661,32.2
$IMU,56733.355,1.220,-32.226,-28.808,0.20312,0.55419,0.81445,33.43
$BARO,56733.424,69376.22,33.70
$MAG,56733.427,-0.580,-0.810,-0.675,32.2
$IMU,56733.430,0.427,-10.437,4.882,0.28076,0.57080,0.83544,33.47
$HUM,56733.461,26.2,33.9
$IMU,56733.505,-1.220,10.131,23.010,0.32910,0.53320,0.84521,33.47
$BARO,56733.525,69377.68,33.70
$MAG,56733.528,-0.597,-0.799,-0.676,32.3
$IMU,56733.580,12.023,18.493,12.084,0.19287,0.58691,0.79443,33.45
$BARO,56733.626,69379.51,33.70
$MAG,56733.629,-0.586,-0.805,-0.669,32.2
$IMU,56733.655,12.634,4.699,-5.920,0.15966,0.69921,0.76269,33.43
$BARO,56733.728,69379.51,33.70
$MAG,56733.730,-0.571,-0.813,-0.658,32.3
$IMU,56733.730,2.380,-7.934,-16.174,0.12158,0.67236,0.76953,33.46
$IMU,56733.805,0.854,-10.742,-27.954,0.09277,0.66406,0.78222,33.45
$BARO,56733.829,69376.85,33.70
$MAG,56733.831,-0.552,-0.828,-0.660,32.3
$IMU,56733.880,-1.892,-2.807,-22.766,0.05761,0.60937,0.78027,33.46
$BARO,56733.931,69371.95,33.70
$MAG,56733.932,-0.532,-0.832,-0.670,32.3
$IMU,56733.955,0.183,8.117,-10.314,-0.03466,0.65429,0.79052,33.44
$IMU,56734.030,-2.441,5.187,-5.310,-0.00732,0.61474,0.79980,33.45
$BARO,56734.032,69372.98,33.70
$MAG,56734.033,-0.534,-0.826,-0.672,32.2
$TIME,56734.079,29816.000,2365
$IMU,56734.105,-2.502,5.920,-3.784,0.00634,0.62353,0.80273,33.45
$BARO,56734.133,69373.20,33.70
$MAG,56734.134,-0.525,-0.838,-0.681,32.1
$IMU,56734.181,-3.601,10.314,-2.990,-0.02001,0.61230,0.79931,33.45
$BARO,56734.235,69382.75,33.70
$MAG,56734.235,-0.526,-0.834,-0.693,32.2
$IMU,56734.256,-2.258,14.282,-2.441,-0.06347,0.62109,0.79687,33.48
$VBAT,56734.278,3.850
$IMU,56734.331,-2.319,13.061,0.549,-0.10009,0.64843,0.78076,33.50
$BARO,56734.336,69372.39,33.70
$MAG,56734.336,-0.520,-0.837,-0.705,32.2
$IMU,56734.406,-7.385,12.023,4.272,0.01904,0.65966,0.75097,33.48
$MAG,56734.436,-0.531,-0.820,-0.714,32.2
$BARO,56734.438,69381.12,33.70
$HUM,56734.478,26.0,33.9
$IMU,56734.481,-19.531,39.001,18.493,-0.06152,0.63769,0.80468,33.48
$MAG,56734.537,-0.538,-0.807,-0.771,32.2
$BARO,56734.539,69378.07,33.70
$IMU,56734.556,-26.306,55.175,26.062,-0.26953,0.50585,0.83251,33.46
$IMU,56734.631,-12.207,30.761,20.507,-0.23828,0.54150,0.87109,33.48
$MAG,56734.638,-0.538,-0.798,-0.790,32.2
$BARO,56734.640,69387.02,33.70
$IMU,56734.706,-5.249,13.061,18.310,-0.15625,0.53515,0.84326,33.44
$MAG,56734.739,-0.561,-0.784,-0.789,32.5
$BARO,56734.742,69378.05,33.70
$IMU,56734.781,0.793,14.282,25.329,-0.12890,0.58691,0.81054,33.50
$MAG,56734.840,-0.589,-0.763,-0.805,32.5
$BARO,56734.843,69378.29,33.70
$IMU,56734.856,-1.037,16.906,31.372,-0.15087,0.65087,0.77636,33.50
$IMU,56734.931,-11.535,12.695,29.052,-0.13574,0.61865,0.76611,33.48
$MAG,56734.941,-0.595,-0.742,-0.826,32.3
$BARO,56734.945,69381.95,33.70
$IMU,56735.006,-18.615,12.207,29.418,-0.11132,0.59912,0.77880,33.46
$MAG,56735.042,-0.597,-0.714,-0.843,32.2
$BARO,56735.046,69380.12,33.70
$TIME,56735.079,29817.000,2365
$IMU,56735.082,-22.827,14.892,27.770,-0.16503,0.58056,0.77539,33.45
$MAG,56735.143,-0.618,-0.693,-0.879,32.3
$BARO,56735.148,69367.10,33.70
$IMU,56735.157,-26.062,12.268,25.146,-0.17871,0.52050,0.73046,33.48
$IMU,56735.232,-28.625,10.498,18.737,-0.24414,0.55810,0.80712,33.46
$MAG,56735.244,-0.622,-0.666,-0.889,32.5
$BARO,56735.249,69384.41,33.70
$VBAT,56735.282,3.847
$IMU,56735.307,-35.644,2.563,8.056,-0.21533,0.47558,0.85009,33.47
$MAG,56735.345,-0.621,-0.642,-0.903,32.2
$BARO,56735.350,69382.12,33.70
$IMU,56735.382,-32.653,-5.859,2.502,-0.13671,0.27734,0.83398,33.53
$MAG,56735.446,-0.628,-0.636,-0.906,32.5
$BARO,56735.452,69378.66,33.70
$IMU,56735.457,-19.836,-12.695,3.112,0.09375,0.28906,0.85595,33.47
$HUM,56735.495,26.1,34.0
$IMU,56735.532,-19.470,-12.390,-5.065,0.10888,0.23339,0.92773,33.47
$MAG,56735.547,-0.628,-0.627,-0.913,32.2
$BARO,56735.553,69391.06,33.70
$IMU,56735.607,-21.789,-13.183,-23.498,0.13085,0.19921,1.01611,33.46
$MAG,56735.648,-0.616,-0.639,-0.912,32.2
$BARO,56735.654,69377.24,33.70
$IMU,56735.682,-20.019,-8.544,-29.174,0.11181,0.10302,1.03369,33.48
$MAG,56735.749,-0.609,-0.658,-0.916,32.2
$BARO,56735.756,69383.73,33.71
$IMU,56735.757,-11.108,2.807,-29.479,0.01611,0.11181,1.05224,33.48
$IMU,56735.832,-2.563,9.277,-26.977,-0.04785,0.13769,1.07031,33.46
$MAG,56735.850,-0.582,-0.670,-0.933,32.3
$BARO,56735.857,69377.05,33.71
$IMU,56735.907,-2.624,12.207,-23.437,-0.11425,0.20507,1.16601,33.43
$MAG,56735.950,-0.558,-0.676,-0.931,32.2
$BARO,56735.959,69381.34,33.70
$IMU,56735.982,-12.451,13.305,-26.672,-0.21875,0.14501,1.25878,33.45
$MAG,56736.051,-0.537,-0.684,-0.952,32.5
$IMU,56736.058,-13.977,12.207,-18.981,-0.29931,-0.01953,1.24414,33.44
$BARO,56736.060,69380.48,33.70
$IMU,56736.133,6.896,3.601,-4.516,-0.25244,0.01806,1.12402,33.48
$MAG,56736.152,-0.538,-0.694,-0.939,32.2
$BARO,56736.162,69376.66,33.70
$IMU,56736.208,25.268,-1.342,-1.342,-0.21240,0.12451,0.97998,33.47
$MAG,56736.253,-0.532,-0.712,-0.919,32.2
$BARO,56736.263,69373.37,33.70
$IMU,56736.283,28.869,-1.281,-3.845,-0.20849,0.27246,0.84667,33.45
$VBAT,56736.297,3.852
$MAG,56736.354,-0.534,-0.715,-0.910,32.3
$IMU,56736.358,18.188,-8.483,-7.629,-0.22070,0.32910,0.79736,33.45
$BARO,56736.364,69380.90,33.70
$IMU,56736.433,10.009,-26.733,-14.831,-0.09375,0.34033,0.84423,33.51
$MAG,56736.455,-0.540,-0.735,-0.892,32.2
$BARO,56736.466,69384.36,33.70
$IMU,56736.508,1.708,-23.498,-22.399,-0.11132,0.31152,0.83544,33.42
$HUM,56736.512,25.9,34.0
$MAG,56736.556,-0.523,-0.747,-0.882,32.2
$BARO,56736.567,69381.95,33.70
$IMU,56736.583,-2.136,-17.272,-26.245,-0.13964,0.28320,0.78564,33.43
$MAG,56736.657,-0.525,-0.747,-0.873,32.3
$IMU,56736.658,-5.065,-14.099,-21.545,-0.11669,0.31298,0.82763,33.46
$BARO,56736.669,69381.75,33.70
$IMU,56736.733,-18.615,-7.019,-13.610,-0.11181,0.23388,0.89843,33.51
$MAG,56736.758,-0.520,-0.741,-0.901,32.2
$BARO,56736.770,69382.73,33.70
$IMU,56736.808,-28.015,1.525,-8.056,-0.09472,0.17675,1.01416,33.45
$MAG,56736.859,-0.508,-0.729,-0.924,32.2
$BARO,56736.871,69376.66,33.70
$IMU,56736.883,-25.451,13.000,1.159,-0.14746,0.07617,1.05908,33.52
$IMU,56736.959,-16.113,19.775,5.737,-0.19531,0.08251,1.06152,33.47
$MAG,56736.960,-0.495,-0.714,-0.939,32.2
$BARO,56736.973,69387.24,33.70
$IMU,56737.034,-13.366,19.287,12.390,-0.24560,0.07763,1.06250,33.46
$MAG,56737.061,-0.498,-0.696,-0.951,32.2
$BARO,56737.074,69383.94,33.71
$TIME,56737.079,29819.000,2365
$IMU,56737.109,-10.498,10.803,14.648,-0.21386,0.09814,1.06152,33.45
$MAG,56737.162,-0.492,-0.681,-0.958,32.2
$BARO,56737.176,69392.70,33.70
$IMU,56737.184,-7.507,3.112,13.427,-0.16845,0.05419,1.05859,33.48
$IMU,56737.259,-2.258,3.906,8.789,-0.16162,0.06933,1.04199,33.44
$MAG,56737.263,-0.502,-0.679,-0.961,32.5
$BARO,56737.277,69390.67,33.70
$VBAT,56737.301,3.832
$IMU,56737.334,1.403,5.920,4.394,-0.17382,0.08837,1.00488,33.46
$MAG,56737.364,-0.498,-0.682,-0.966,32.5
$BARO,56737.378,69379.48,33.70
$IMU,56737.409,1.281,5.676,0.000,-0.22070,0.10791,0.98144,33.48
$MAG,56737.465,-0.493,-0.687,-0.961,32.2
$BARO,56737.480,69383.92,33.71
$IMU,56737.484,-1.159,1.281,-2.563,-0.20898,0.08544,0.99072,33.51
$HUM,56737.529,26.3,34.0
$IMU,56737.559,-0.122,-2.075,-3.234,-0.21728,0.07031,1.01953,33.51
$MAG,56737.565,-0.496,-0.687,-0.963,32.2
$BARO,56737.581,69380.09,33.70
$IMU,56737.634,3.356,-3.051,-3.906,-0.21728,0.10449,1.05908,33.51
$MAG,56737.666,-0.493,-0.694,-0.960,32.2
$BARO,56737.683,69390.06,33.70
$IMU,56737.709,2.258,-1.403,-6.103,-0.25341,0.06298,1.08105,33.45
$MAG,56737.767,-0.489,-0.708,-0.952,32.3
$BARO,56737.784,69376.63,33.70
$IMU,56737.784,7.934,-3.967,-4.699,-0.26171,0.04882,1.05908,33.50
$IMU,56737.859,16.113,-6.958,-4.272,-0.25341,0.08593,0.99462,33.48
$MAG,56737.868,-0.501,-0.715,-0.943,32.2
$BARO,56737.885,69386.60,33.70
$IMU,56737.935,17.578,-7.873,-3.540,-0.19287,0.12841,0.88867,33.46
$MAG,56737.969,-0.508,-0.726,-0.921,32.3
$BARO,56737.987,69388.02,33.71
$IMU,56738.010,17.761,-3.662,3.601,-0.17089,0.20703,0.74218,33.46
$MAG,56738.070,-0.510,-0.738,-0.921,32.6
$TIME,56738.079,29821.000,2365
$IMU,56738.085,13.732,-2.197,-1.586,-0.21875,0.26611,0.60742,33.50
$BARO,56738.088,69392.28,33.70
$IMU,56738.160,-6.774,-0.488,-1.831,-0.23095,0.37158,0.66113,33.47
$MAG,56738.171,-0.508,-0.714,-0.937,32.2
$BARO,56738.190,69387.60,33.70
$IMU,56738.235,-42.419,-4.150,8.789,-0.28515,0.19238,0.76757,33.44
$MAG,56738.272,-0.519,-0.676,-0.952,32.2
$BARO,56738.291,69380.48,33.71
$IMU,56738.310,-49.987,-17.395,8.544,-0.29345,0.10986,0.96044,33.48
$VBAT,56738.315,3.840
$MAG,56738.373,-0.549,-0.639,-0.972,32.3
$IMU,56738.385,-62.072,-27.648,5.615,-0.18261,-0.09765,1.12060,33.46
$BARO,56738.392,69383.34,33.71
$IMU,56738.460,-64.697,-32.226,21.850,-0.11474,-0.33789,1.26953,33.50
$MAG,56738.474,-0.586,-0.589,-0.976,32.2
$BARO,56738.494,69389.43,33.70
$IMU,56738.535,-36.376,-35.339,24.291,-0.07373,-0.39648,1.24365,33.52
$HUM,56738.545,26.8,34.0
$MAG,56738.575,-0.630,-0.562,-0.957,32.2
$BARO,56738.595,69382.12,33.70
$IMU,56738.610,-8.117,-42.907,19.958,0.08154,-0.36376,1.18701,33.50
$MAG,56738.676,-0.663,-0.562,-0.933,32.6
$IMU,56738.685,10.925,-35.461,26.000,0.23779,-0.27587,1.09423,33.49
$BARO,56738.697,69384.19,33.70
$IMU,56738.760,19.042,-19.409,28.015,0.20019,-0.21240,1.06152,33.46
$MAG,56738.777,-0.688,-0.549,-0.915,32.2
$BARO,56738.798,69385.99,33.70
$IMU,56738.836,25.451,-19.714,18.737,0.23291,-0.13720,0.99609,33.47
$MAG,56738.878,-0.700,-0.556,-0.888,32.2
$BARO,56738.900,69386.19,33.70
$IMU,56738.911,31.372,-20.507,12.756,0.26123,-0.07470,0.89697,33.48
$MAG,56738.979,-0.717,-0.558,-0.861,32.2
$IMU,56738.986,24.536,-18.066,4.882,0.26123,0.00830,0.90917,33.53
$BARO,56739.001,69386.38,33.70
$IMU,56739.061,9.582,-18.005,6.225,0.37109,-0.05322,0.94384,33.46
$MAG,56739.079,-0.727,-0.558,-0.853,32.5
$BARO,56739.102,69378.66,33.70
$IMU,56739.136,12.145,-13.000,0.244,0.39648,0.03710,0.98681,33.50
$MAG,56739.180,-0.724,-0.565,-0.853,32.3
$BARO,56739.204,69391.28,33.70
$IMU,56739.211,6.469,1.953,-4.638,0.36279,-0.04199,1.00781,33.50
$MAG,56739.281,-0.714,-0.586,-0.846,32.2
$IMU,56739.286,11.596,4.272,-10.620,0.33984,-0.00195,1.06445,33.52
$BARO,56739.305,69390.45,33.70
$VBAT,56739.320,3.840
$IMU,56739.361,13.671,-2.868,-23.742,0.37060,-0.01025,1.12646,33.52
$MAG,56739.382,-0.715,-0.616,-0.838,32.2
$BARO,56739.407,69383.77,33.70
$IMU,56739.436,17.822,0.000,-32.104,0.40576,0.01611,1.05957,33.54
$MAG,56739.483,-0.678,-0.660,-0.829,32.2
$BARO,56739.508,69383.77,33.70
$IMU,56739.511,26.916,4.089,-50.720,0.33935,0.05273,0.95458,33.51
$HUM,56739.562,26.2,34.0
$MAG,56739.584,-0.631,-0.721,-0.796,32.3
$IMU,56739.586,32.775,-4.211,-71.716,0.31835,0.14648,0.83642,33.50
$BARO,56739.609,69377.68,33.70
$IMU,56739.661,35.217,-13.427,-81.542,0.23535,0.27099,0.73974,33.48
$MAG,56739.685,-0.576,-0.786,-0.772,32.3
$BARO,56739.711,69384.55,33.70
$IMU,56739.736,23.742,-18.371,-84.106,0.28417,0.34716,0.82617,33.52
$MAG,56739.786,-0.519,-0.826,-0.757,32.5
$BARO,56739.812,69376.83,33.70
$IMU,56739.812,13.183,-6.042,-71.838,0.33251,0.32275,0.85351,33.51
$MAG,56739.887,-0.465,-0.844,-0.756,32.2
$IMU,56739.887,12.634,21.484,-58.288,0.17529,0.45117,0.90478,33.51
$BARO,56739.914,69388.65,33.70
$IMU,56739.962,6.164,35.583,-47.912,-0.08740,0.28076,0.85888,33.48
$MAG,56739.988,-0.409,-0.862,-0.760,32.3
$BARO,56740.015,69385.38,33.70
$IMU,56740.037,13.427,31.860,-45.166,-0.23242,0.40966,0.81689,33.46
$TIME,56740.079,29822.000,2365
$MAG,56740.089,-0.367,-0.864,-0.760,32.3
$IMU,56740.112,3.784,27.099,-24.841,-0.30224,0.46044,0.82812,33.48
$BARO,56740.116,69380.70,33.71
$IMU,56740.187,-3.417,19.042,-12.207,-0.35595,0.38671,0.89453,33.48
$MAG,56740.190,-0.358,-0.870,-0.765,32.2
$BARO,56740.218,69377.66,33.70
$IMU,56740.262,0.732,12.939,-12.329,-0.36962,0.36523,0.90380,33.51
$MAG,56740.291,-0.340,-0.876,-0.766,32.3
$BARO,56740.319,69381.29,33.71
$VBAT,56740.334,3.850
$IMU,56740.337,8.239,10.314,-5.554,-0.38769,0.43017,0.82568,33.51
$MAG,56740.392,-0.346,-0.865,-0.771,32.2
$IMU,56740.412,-4.394,3.967,2.319,-0.41748,0.49902,0.77343,33.49
$BARO,56740.421,69383.34,33.71
$IMU,56740.487,-18.859,-2.380,7.995,-0.35156,0.40820,0.84228,33.48
$MAG,56740.493,-0.349,-0.853,-0.780,32.2
$BARO,56740.522,69387.21,33.70
$IMU,56740.562,-18.554,-3.540,15.808,-0.31542,0.39550,0.90820,33.46
$HUM,56740.579,25.9,34.0
$MAG,56740.594,-0.370,-0.850,-0.804,32.2
$BARO,56740.623,69383.14,33.70
$IMU,56740.637,-18.432,-6.164,15.502,-0.32617,0.28710,0.86376,33.51
$MAG,56740.695,-0.387,-0.837,-0.801,32.2
$IMU,56740.713,-5.126,-19.714,8.911,-0.27490,0.38427,0.86083,33.50
$BARO,56740.725,69384.53,33.71
$IMU,56740.788,-0.305,-32.104,2.014,-0.20166,0.49609,0.83886,33.50
$MAG,56740.796,-0.402,-0.849,-0.795,32.2
$BARO,56740.826,69387.82,33.70
$IMU,56740.863,-5.798,-35.705,-0.610,-0.05029,0.35156,0.82226,33.48
$MAG,56740.897,-0.421,-0.844,-0.799,32.2
$BARO,56740.928,69386.77,33.71
$IMU,56740.938,-6.713,-32.348,5.554,0.09423,0.36279,0.85449,33.51
$MAG,56740.998,-0.427,-0.831,-0.807,32.2
$IMU,56741.013,-14.038,-27.038,7.141,0.17871,0.34130,0.89062,33.53
$BARO,56741.029,69381.09,33.71
$TIME,56741.079,29823.000,2365
$IMU,56741.088,-20.324,-21.606,-1.342,0.26367,0.20458,0.95166,33.49
$MAG,56741.098,-0.430,-0.825,-0.811,32.3
$BARO,56741.130,69386.99,33.70
$IMU,56741.163,-15.014,-8.972,-0.976,0.25488,0.20263,0.97656,33.54
$MAG,56741.199,-0.427,-0.822,-0.823,32.2
$BARO,56741.232,69382.73,33.70
$IMU,56741.238,-16.540,-6.774,-4.943,0.22167,0.15771,1.03076,33.48
$MAG,56741.300,-0.412,-0.823,-0.834,32.5
$IMU,56741.313,-15.502,-7.995,-10.864,0.22021,0.15039,1.11035,33.46
$BARO,56741.333,69387.80,33.71
$VBAT,56741.339,3.834
$IMU,56741.388,-10.009,-1.831,-12.695,0.19873,0.11083,1.14111,33.48
$MAG,56741.401,-0.415,-0.826,-0.838,32.3
$BARO,56741.435,69393.87,33.71
$IMU,56741.463,2.319,1.892,-12.573,0.20214,0.13281,1.16601,33.50
$MAG,56741.502,-0.408,-0.828,-0.835,32.5
$BARO,56741.536,69384.14,33.71
$IMU,56741.538,12.329,2.380,-9.399,0.20166,0.15039,1.20458,33.48
$HUM,56741.596,26.3,34.0
$MAG,56741.603,-0.385,-0.847,-0.805,32.2
$IMU,56741.613,29.541,1.403,-13.244,0.15478,0.09570,1.20800,33.49
$BARO,56741.637,69380.26,33.71
$IMU,56741.689,65.185,-6.286,-21.301,0.16259,0.20214,1.07324,33.48
$MAG,56741.704,-0.366,-0.873,-0.721,32.3
$BARO,56741.739,69387.19,33.71
$IMU,56741.764,91.003,-9.826,-22.277,0.19580,0.42626,0.91796,33.47
$MAG,56741.805,-0.349,-0.894,-0.622,32.3
$IMU,56741.839,93.811,-3.295,-19.653,0.19287,0.58789,0.72802,33.50
$BARO,56741.840,69381.09,33.70
$MAG,56741.906,-0.346,-0.894,-0.570,32.5
$IMU,56741.914,77.636,9.460,-13.366,0.14453,0.81103,0.61376,33.48
$BARO,56741.942,69383.31,33.71
$IMU,56741.989,39.184,14.343,-10.681,0.08398,0.76367,0.58154,33.52
$MAG,56742.007,-0.336,-0.889,-0.546,32.2
$BARO,56742.043,69383.73,33.71
$IMU,56742.064,20.141,7.812,-16.479,0.04736,0.70800,0.61425,33.47
$TIME,56742.079,29824.000,2365
$MAG,56742.108,-0.322,-0.883,-0.519,32.3
$IMU,56742.139,19.592,0.793,-19.470,0.06201,0.77294,0.60009,33.51
$BARO,56742.145,69380.68,33.71
$MAG,56742.209,-0.316,-0.876,-0.501,32.2
$IMU,56742.214,19.775,2.868,-18.371,0.01757,0.83300,0.60400,33.51
$BARO,56742.246,69385.19,33.70
$IMU,56742.289,14.526,7.202,-18.737,-0.03613,0.75976,0.57666,33.54
$MAG,56742.310,-0.286,-0.885,-0.492,32.6
$BARO,56742.347,69378.46,33.70
$VBAT,56742.353,3.840
$IMU,56742.364,16.845,11.779,-18.432,-0.10742,0.81835,0.55810,33.47
$MAG,56742.411,-0.283,-0.874,-0.477,32.5
$IMU,56742.439,15.136,16.845,-14.343,-0.18701,0.85009,0.53173,33.53
$BARO,56742.449,69388.60,33.71
$MAG,56742.512,-0.277,-0.874,-0.463,32.2
$IMU,56742.514,12.145,22.521,-11.047,-0.26806,0.83691,0.47216,33.45
$BARO,56742.550,69379.26,33.71
$IMU,56742.590,11.047,20.874,-7.141,-0.34130,0.84960,0.44677,33.46
$MAG,56742.612,-0.277,-0.861,-0.457,32.5
$HUM,56742.613,26.2,34.0
$BARO,56742.652,69382.51,33.71
$IMU,56742.665,5.065,13.488,-3.356,-0.38378,0.83740,0.45410,33.48
$MAG,56742.713,-0.286,-0.862,-0.457,32.3
$IMU,56742.740,0.854,5.310,0.061,-0.34277,0.79443,0.46630,33.50
$BARO,56742.753,69386.99,33.71
$MAG,56742.814,-0.297,-0.871,-0.457,32.6
$IMU,56742.815,3.540,5.432,6.408,-0.34960,0.83007,0.47851,33.49
$BARO,56742.854,69376.22,33.70
$IMU,56742.890,3.417,6.713,10.498,-0.34082,0.80761,0.43115,33.45
$MAG,56742.915,-0.318,-0.867,-0.453,32.2
$BARO,56742.956,69382.31,33.71
$IMU,56742.965,9.582,3.112,13.366,-0.29003,0.88378,0.39453,33.50
$MAG,56743.016,-0.321,-0.856,-0.447,32.5
$IMU,56743.040,5.065,-3.173,7.934,-0.14550,0.96337,0.42578,33.51
$BARO,56743.057,69383.34,33.71
$TIME,56743.079,29825.000,2365
$IMU,56743.115,-3.479,-4.455,4.150,-0.08251,0.86816,0.41650,33.50
$MAG,56743.117,-0.327,-0.856,-0.445,32.2
$BARO,56743.159,69386.99,33.71
$IMU,56743.190,-0.122,-2.563,-2.685,-0.13183,0.91650,0.42333,33.52
$MAG,56743.218,-0.315,-0.870,-0.447,32.2
$BARO,56743.260,69378.02,33.71
$IMU,56743.265,-5.065,-3.662,-7.751,-0.15576,0.91845,0.44726,33.53
$MAG,56743.319,-0.315,-0.868,-0.460,32.3
$IMU,56743.340,-7.507,-6.164,-5.737,-0.15771,0.88183,0.46435,33.48
$VBAT,56743.358,3.847
$BARO,56743.361,69381.09,33.70
$IMU,56743.415,-4.821,-6.103,-2.746,-0.16064,0.88037,0.48242,33.51
$MAG,56743.420,-0.297,-0.865,-0.456,32.2
$BARO,56743.463,69382.31,33.71
$IMU,56743.490,-2.807,-5.432,0.305,-0.15673,0.87011,0.48583,33.51
$MAG,56743.521,-0.310,-0.865,-0.453,32.3
$BARO,56743.564,69376.00,33.71
$IMU,56743.566,0.915,-4.821,2.014,-0.13378,0.88623,0.48681,33.50
$MAG,56743.622,-0.312,-0.867,-0.460,32.5
$HUM,56743.630,26.1,34.0
$IMU,56743.641,-0.732,-2.563,4.394,-0.11914,0.88330,0.49951,33.56
$BARO,56743.666,69379.46,33.71
$IMU,56743.716,-1.220,-2.807,4.821,-0.10449,0.87451,0.50048,33.48
$MAG,56743.723,-0.319,-0.874,-0.447,32.2
$BARO,56743.767,69386.99,33.71
$IMU,56743.791,0.244,-1.831,0.671,-0.12109,0.86523,0.49951,33.54
$MAG,56743.824,-0.307,-0.865,-0.453,32.2
$IMU,56743.866,1.831,-1.831,-3.906,-0.14257,0.88183,0.50292,33.51
$BARO,56743.868,69386.99,33.71
$MAG,56743.925,-0.310,-0.852,-0.445,32.3
$IMU,56743.941,0.915,-3.479,-4.516,-0.13769,0.87011,0.50000,33.51
$BARO,56743.970,69389.01,33.71
$IMU,56744.016,1.281,-1.708,-3.112,-0.13525,0.88427,0.50390,33.51
$MAG,56744.026,-0.297,-0.867,-0.453,32.2
$BARO,56744.071,69380.24,33.71
$TIME,56744.079,29826.000,2365
$IMU,56744.091,0.305,0.610,-2.624,-0.15625,0.86767,0.50195,33.54
$MAG,56744.127,-0.295,-0.865,-0.453,32.2
$IMU,56744.166,0.366,-0.793,-1.953,-0.13232,0.87548,0.50048,33.51
$BARO,56744.173,69389.43,33.70
$MAG,56744.228,-0.298,-0.865,-0.445,32.3
$IMU,56744.241,0.000,0.427,-1.281,-0.14843,0.87841,0.50292,33.50
$BARO,56744.274,69383.31,33.71
$IMU,56744.316,-0.244,1.220,-2.075,-0.16210,0.87109,0.50000,33.51
$MAG,56744.328,-0.288,-0.868,-0.457,32.2
$VBAT,56744.372,3.839
$BARO,56744.375,69386.16,33.71
$IMU,56744.391,0.671,0.366,-1.831,-0.17041,0.86914,0.48925,33.53
$MAG,56744.429,-0.298,-0.873,-0.451,32.5
$IMU,56744.467,1.525,-0.732,-0.671,-0.15478,0.89404,0.48437,33.47
$BARO,56744.477,69386.58,33.71
$MAG,56744.530,-0.298,-0.859,-0.442,32.2
$IMU,56744.542,-0.671,0.366,0.122,-0.15917,0.88085,0.48437,33.48
$BARO,56744.578,69383.12,33.71
$IMU,56744.617,-2.868,0.244,-0.061,-0.15722,0.87792,0.49072,33.49
$MAG,56744.631,-0.304,-0.873,-0.457,32.3
$HUM,56744.647,26.4,34.0
$BARO,56744.679,69386.97,33.71
$IMU,56744.692,-3.295,0.488,0.122,-0.15234,0.87451,0.49804,33.51
$MAG,56744.732,-0.298,-0.868,-0.460,32.2
$IMU,56744.767,-4.699,1.342,-0.671,-0.16894,0.87304,0.50488,33.53
$BARO,56744.781,69381.90,33.71
$MAG,56744.833,-0.297,-0.870,-0.463,32.2
$IMU,56744.842,-5.371,-0.244,-1.586,-0.16796,0.85400,0.51025,33.47
$BARO,56744.882,69378.27,33.70
$IMU,56744.917,-4.089,-0.976,-1.403,-0.17431,0.86718,0.51416,33.54
$MAG,56744.934,-0.298,-0.868,-0.463,32.2
$BARO,56744.984,69377.63,33.71
$IMU,56744.992,-4.638,-1.953,-1.403,-0.16113,0.85253,0.52441,33.49
$MAG,56745.035,-0.295,-0.873,-0.469,32.2
$IMU,56745.067,-4.394,-1.464,-1.281,-0.16308,0.84423,0.52490,33.51
$BARO,56745.085,69377.19,33.72
$MAG,56745.136,-0.289,-0.882,-0.474,32.3
$IMU,56745.142,-3.234,-1.647,-1.770,-0.16699,0.85595,0.53369,33.51
$BARO,56745.186,69375.61,33.70
$IMU,56745.217,-3.356,-1.281,-2.441,-0.17041,0.84277,0.53271,33.55
$MAG,56745.237,-0.282,-0.873,-0.477,32.2
$BARO,56745.288,69385.36,33.71
$IMU,56745.292,-3.540,-1.037,-2.075,-0.17285,0.85400,0.54345,33.56
$MAG,56745.338,-0.294,-0.879,-0.490,32.6
$IMU,56745.367,-5.126,-0.671,-0.183,-0.16992,0.83007,0.54443,33.54
$VBAT,56745.377,3.837
$BARO,56745.389,69380.68,33.71
$MAG,56745.439,-0.271,-0.874,-0.486,32.3
$IMU,56745.443,-3.845,0.183,-0.305,-0.16992,0.83837,0.55517,33.56
$BARO,56745.490,69384.16,33.70
$IMU,56745.518,-3.173,0.793,-0.488,-0.18115,0.82373,0.54980,33.52
$MAG,56745.540,-0.291,-0.880,-0.484,32.2
$BARO,56745.592,69384.97,33.70
$IMU,56745.593,-0.854,0.305,-0.793,-0.16992,0.83593,0.55419,33.54
$MAG,56745.641,-0.280,-0.877,-0.495,32.2
$HUM,56745.664,26.0,34.0
$IMU,56745.668,-1.281,1.708,-0.488,-0.17968,0.83007,0.55517,33.52
$BARO,56745.693,69381.90,33.71
$MAG,56745.742,-0.279,-0.880,-0.487,32.2
$IMU,56745.743,-2.441,1.525,0.122,-0.18603,0.82617,0.56591,33.53
$BARO,56745.795,69385.36,33.71
$IMU,56745.818,-0.427,0.854,-0.122,-0.17089,0.78906,0.57812,33.53
$MAG,56745.842,-0.292,-0.873,-0.483,32.3
$IMU,56745.893,6.408,3.051,-0.732,-0.20166,0.86718,0.55712,33.52
$BARO,56745.896,69384.94,33.71
$MAG,56745.943,-0.288,-0.880,-0.483,32.2
$IMU,56745.968,-0.427,-0.427,0.305,-0.20312,0.85449,0.51806,33.52
$BARO,56745.997,69382.29,33.71
$IMU,56746.043,-6.958,-4.150,1.220,-0.15869,0.85693,0.55273,33.50
$MAG,56746.044,-0.283,-0.880,-0.493,32.2
$TIME,56746.079,29828.000,2365
$BARO,56746.099,69373.73,33.71
$IMU,56746.118,-9.460,0.549,0.305,-0.17919,0.80419,0.56738,33.55
$MAG,56746.145,-0.294,-0.876,-0.501,32.2
$IMU,56746.193,-5.737,1.159,0.305,-0.18554,0.81347,0.57763,33.50
$BARO,56746.200,69379.85,33.71
$MAG,56746.246,-0.288,-0.880,-0.514,32.3
$IMU,56746.268,-4.333,-1.220,-0.854,-0.18847,0.80859,0.58203,33.54
$BARO,56746.302,69385.38,33.70
$IMU,56746.344,-1.953,-2.075,-1.342,-0.17431,0.78613,0.59960,33.54
$MAG,56746.347,-0.291,-0.877,-0.501,32.5
$VBAT,56746.389,3.842
$BARO,56746.403,69381.09,33.71
$IMU,56746.419,3.540,0.427,-0.305,-0.17724,0.77050,0.60009,33.52
$MAG,56746.448,-0.286,-0.882,-0.493,32.2
$IMU,56746.494,11.962,0.305,-1.220,-0.19433,0.76220,0.57226,33.55
$BARO,56746.504,69371.93,33.71
$MAG,56746.549,-0.285,-0.867,-0.478,32.2
$IMU,56746.569,21.179,-5.615,-1.708,-0.25732,0.88427,0.52587,33.53
$BARO,56746.606,69379.65,33.71
$IMU,56746.644,1.403,-28.442,-0.793,-0.30615,1.11669,0.44140,33.55
$MAG,56746.650,-0.271,-0.877,-0.495,32.2
$HUM,56746.681,26.1,34.0
$BARO,56746.707,69385.94,33.72
$IMU,56746.719,-52.673,-52.368,5.187,0.04394,0.56982,0.58349,33.51
$MAG,56746.751,-0.267,-0.889,-0.522,32.3
$IMU,56746.794,0.976,-7.690,9.765,0.08349,0.66503,0.78320,33.51
$BARO,56746.809,69384.33,33.71
$MAG,56746.852,-0.303,-0.880,-0.492,32.2
$IMU,56746.869,35.339,36.499,19.470,-0.12353,0.89501,0.58886,33.50
$BARO,56746.910,69375.19,33.71
$IMU,56746.944,19.775,32.958,46.386,-0.33837,0.83496,0.49121,33.55
$MAG,56746.953,-0.370,-0.865,-0.474,32.2
$BARO,56747.011,69380.87,33.71
$IMU,56747.019,7.873,-20.324,73.181,-0.27636,0.95263,0.47607,33.49
$MAG,56747.054,-0.393,-0.855,-0.463,32.3
$IMU,56747.094,-14.526,-90.026,35.095,0.45947,0.87109,0.46582,33.48
$BARO,56747.113,69376.41,33.70
$MAG,56747.155,-0.369,-0.871,-0.478,32.2
$IMU,56747.169,-18.249,-28.015,-12.573,0.69628,0.76611,0.56591,33.55
$BARO,56747.214,69383.94,33.70
$IMU,56747.244,-2.624,80.810,-12.268,0.12939,0.76660,0.57324,33.50
$MAG,56747.256,-0.396,-0.870,-0.487,32.3
$BARO,56747.316,69380.68,33.71
$IMU,56747.320,11.657,80.871,-21.667,-0.40429,0.79638,0.55810,33.51
$MAG,56747.357,-0.348,-0.870,-0.465,32.2
$IMU,56747.395,23.620,-27.099,-46.203,-0.41162,0.87158,0.44042,33.50
$VBAT,56747.395,3.839
$BARO,56747.417,69381.90,33.71
$MAG,56747.458,-0.273,-0.870,-0.451,32.5
$IMU,56747.470,25.024,-102.478,-40.588,0.20166,0.97265,0.44677,33.55
$BARO,56747.518,69389.01,33.71
$IMU,56747.545,14.282,-32.165,-5.371,0.45458,0.90966,0.41748,33.54
$MAG,56747.558,-0.291,-0.858,-0.429,32.2
$BARO,56747.620,69370.71,33.71
$IMU,56747.620,9.765,73.303,20.080,0.04687,1.01269,0.40722,33.50
$MAG,56747.659,-0.339,-0.858,-0.447,32.3
$IMU,56747.695,-11.718,82.641,3.540,-0.41259,0.84716,0.43310,33.53
$HUM,56747.698,26.2,34.0
$BARO,56747.721,69371.34,33.70
$MAG,56747.760,-0.322,-0.868,-0.447,32.3
$IMU,56747.770,-5.493,-3.234,-20.996,-0.34033,0.90234,0.48632,33.48
$BARO,56747.822,69373.39,33.70
$IMU,56747.845,-9.704,-57.250,-25.939,-0.05859,0.89697,0.50732,33.54
$MAG,56747.861,-0.283,-0.870,-0.460,32.6
$IMU,56747.920,-13.793,-34.790,-11.230,0.14257,0.79785,0.54833,33.48
$BARO,56747.924,69376.61,33.71
$MAG,56747.962,-0.286,-0.871,-0.459,32.5
$IMU,56747.995,1.586,24.719,7.568,-0.05419,0.84814,0.52050,33.50
$BARO,56748.025,69374.78,33.71
$MAG,56748.063,-0.300,-0.868,-0.456,32.5
$IMU,56748.070,7.934,38.330,6.958,-0.24853,0.93408,0.45410,33.53
$TIME,56748.079,29829.000,2365
$BARO,56748.127,69374.78,33.71
$IMU,56748.145,-6.774,3.784,3.967,-0.16259,0.90966,0.50195,33.55
$MAG,56748.164,-0.313,-0.870,-0.471,32.3
$IMU,56748.221,-15.319,-12.329,0.488,-0.03417,0.78515,0.56591,33.54
$BARO,56748.228,69381.09,33.71
$MAG,56748.265,-0.306,-0.874,-0.478,32.5
$IMU,56748.296,0.915,-0.915,-1.403,-0.08544,0.85791,0.57031,33.52
$BARO,56748.329,69382.92,33.71
$MAG,56748.366,-0.294,-0.870,-0.471,32.3
$IMU,56748.371,1.464,1.586,-7.019,-0.16259,0.87109,0.51708,33.51
$VBAT,56748.407,3.821
$BARO,56748.431,69377.02,33.71
$IMU,56748.446,-3.295,-8.056,-8.911,-0.13085,0.88232,0.52050,33.54
$MAG,56748.467,-0.291,-0.879,-0.478,32.3
$IMU,56748.521,-10.742,-5.615,-5.126,-0.10595,0.79980,0.57031,33.49
$BARO,56748.532,69377.00,33.71
$MAG,56748.568,-0.280,-0.870,-0.487,32.5
$IMU,56748.596,-2.014,1.037,-0.427,-0.12890,0.77392,0.61181,33.50
$BARO,56748.634,69379.26,33.70
$MAG,56748.669,-0.285,-0.876,-0.469,32.2
$IMU,56748.671,10.986,0.976,-0.427,-0.14892,0.87158,0.55322,33.58
$HUM,56748.714,26.2,34.0
$BARO,56748.735,69384.14,33.71
$IMU,56748.746,2.746,-3.417,0.183,-0.15136,0.92871,0.49560,33.50
$MAG,56748.770,-0.282,-0.867,-0.478,32.3
$IMU,56748.821,-13.610,-7.019,2.807,-0.09765,0.76806,0.58007,33.55
$BARO,56748.836,69381.48,33.71
$MAG,56748.871,-0.285,-0.873,-0.478,32.5
$IMU,56748.896,1.220,-4.028,-1.098,-0.11425,0.79101,0.61035,33.48
$BARO,56748.938,69381.70,33.71
$IMU,56748.971,9.948,-10.009,-6.530,-0.24951,0.91357,0.52539,33.48
$MAG,56748.972,-0.274,-0.868,-0.468,32.5
$BARO,56749.039,69381.29,33.71
$IMU,56749.046,-2.014,-39.733,-13.061,-0.16699,0.76220,0.54003,33.51
$MAG,56749.072,-0.231,-0.861,-0.478,32.2
$TIME,56749.079,29831.000,2365
$IMU,56749.121,15.380,-62.866,-24.414,-0.10058,0.85253,0.55517,33.53
$BARO,56749.140,69382.09,33.71
$MAG,56749.173,-0.180,-0.861,-0.475,32.2
$IMU,56749.197,15.808,-72.875,-34.729,-0.07568,0.99072,0.47070,33.54
$BARO,56749.242,69377.83,33.71
$IMU,56749.272,-7.080,-69.824,-31.250,0.03808,0.75000,0.55908,33.54
$MAG,56749.274,-0.126,-0.859,-0.501,32.2
$BARO,56749.343,69379.07,33.70
$IMU,56749.347,12.268,-48.217,-29.663,0.00244,0.91162,0.57324,33.54
$MAG,56749.375,-0.103,-0.840,-0.502,32.2
$VBAT,56749.413,3.835
$IMU,56749.422,3.540,-34.484,-24.597,0.00097,0.87500,0.54492,33.54
$BARO,56749.445,69373.37,33.70
$MAG,56749.476,-0.082,-0.835,-0.510,32.2
$IMU,56749.497,1.098,-17.272,-18.615,0.00585,0.79541,0.56591,33.53
$BARO,56749.546,69371.12,33.71
$IMU,56749.572,4.760,11.840,-6.347,0.03515,0.96582,0.52343,33.51
$MAG,56749.577,-0.084,-0.832,-0.504,32.2
$BARO,56749.647,69371.93,33.71
$IMU,56749.647,-15.258,57.067,25.817,-0.05908,0.78369,0.50878,33.55
$MAG,56749.678,-0.136,-0.855,-0.472,32.2
$IMU,56749.722,-6.408,80.383,38.024,-0.21044,0.89160,0.49804,33.55
$HUM,56749.731,26.4,34.0
$BARO,56749.749,69383.51,33.71
$MAG,56749.779,-0.202,-0.856,-0.474,32.6
$IMU,56749.797,-9.826,62.438,32.714,-0.31591,0.86181,0.49755,33.50
$BARO,56749.850,69377.63,33.71
$IMU,56749.872,-9.155,23.681,14.831,-0.27441,0.78466,0.53027,33.50
$MAG,56749.880,-0.202,-0.871,-0.468,32.2
$IMU,56749.947,5.126,-16.174,-1.342,-0.14208,0.86132,0.53076,33.56
$BARO,56749.952,69372.76,33.70
$MAG,56749.981,-0.183,-0.859,-0.468,32.5
$IMU,56750.022,10.681,-39.794,-13.000,0.02490,0.89746,0.51660,33.53
$BARO,56750.053,69370.54,33.71
$TIME,56750.079,29832.000,2365
$MAG,56750.082,-0.157,-0.850,-0.477,32.3
$IMU,56750.098,5.493,-40.344,-16.113,0.01611,0.94287,0.53662,33.50
$BARO,56750.154,69378.05,33.70
$IMU,56750.173,-3.173,-44.311,-19.409,-0.00244,0.86767,0.53613,33.51
$MAG,56750.183,-0.120,-0.853,-0.490,32.5
$IMU,56750.248,-1.037,-53.588,-25.756,-0.01025,0.83740,0.53857,33.54
$BARO,56750.256,69374.97,33.71
$MAG,56750.283,-0.070,-0.847,-0.516,32.3
$IMU,56750.323,7.751,-62.011,-34.423,0.04833,0.88525,0.51416,33.55
$BARO,56750.357,69390.26,33.71
$MAG,56750.384,-0.034,-0.817,-0.537,32.3
$IMU,56750.398,12.573,-60.180,-35.522,0.07861,0.89794,0.45068,33.48
$VBAT,56750.425,3.840
$BARO,56750.458,69380.26,33.71
$IMU,56750.473,15.197,-40.832,-31.250,0.13281,0.90283,0.44921,33.51
$MAG,56750.485,-0.003,-0.804,-0.532,32.5
$IMU,56750.548,15.991,-8.422,-17.639,0.05126,0.92578,0.42431,33.51
$BARO,56750.560,69383.34,33.71
$MAG,56750.586,-0.001,-0.790,-0.522,32.2
$IMU,56750.623,14.099,2.807,-9.216,0.02539,0.96777,0.39355,33.50
$BARO,56750.661,69379.24,33.71
$MAG,56750.687,0.015,-0.799,-0.505,32.3
$IMU,56750.698,10.070,3.234,-7.934,-0.01611,1.00341,0.40380,33.51
$HUM,56750.748,26.7,34.0
$BARO,56750.763,69380.48,33.71
$IMU,56750.773,6.530,3.662,-12.268,-0.05126,0.93750,0.41992,33.50
$MAG,56750.788,0.013,-0.781,-0.501,32.5
$IMU,56750.848,0.610,6.713,-11.596,-0.15625,0.86474,0.45117,33.51
$BARO,56750.864,69387.38,33.71
$MAG,56750.889,0.022,-0.781,-0.501,32.2
$IMU,56750.923,-1.281,5.249,-8.239,-0.20605,0.86962,0.47167,33.55
$BARO,56750.965,69383.12,33.71
$MAG,56750.990,0.028,-0.766,-0.504,32.3
$IMU,56750.998,2.441,4.760,-5.981,-0.25292,0.89697,0.46093,33.57
$BARO,56751.067,69375.97,33.72
$IMU,56751.074,-0.122,3.479,-7.812,-0.28222,0.89355,0.47167,33.48
$TIME,56751.079,29833.000,2365
$MAG,56751.091,0.031,-0.775,-0.505,32.3
$IMU,56751.149,-10.925,5.859,1.403,-0.21435,0.86181,0.47998,33.55
$BARO,56751.168,69384.14,33.71
$MAG,56751.192,0.001,-0.787,-0.493,32.5
$IMU,56751.224,-23.376,27.160,25.451,-0.15039,0.89599,0.46533,33.51
$BARO,56751.270,69378.44,33.71
$MAG,56751.293,-0.057,-0.822,-0.489,32.2
$IMU,56751.299,-36.437,61.889,41.259,-0.24316,0.86669,0.47070,33.51
$BARO,56751.371,69384.53,33.71
$IMU,56751.374,-37.170,77.453,45.593,-0.34375,0.81689,0.47314,33.53
$MAG,56751.394,-0.118,-0.841,-0.487,32.2
$VBAT,56751.432,3.847
$IMU,56751.449,-31.799,67.565,41.809,-0.35693,0.82470,0.51855,33.54
$BARO,56751.473,69372.12,33.71
$MAG,56751.495,-0.156,-0.867,-0.492,32.2
$IMU,56751.524,-26.855,45.959,32.897,-0.35302,0.78027,0.56884,33.53
$BARO,56751.574,69384.36,33.71
$MAG,56751.595,-0.190,-0.877,-0.496,32.5
$IMU,56751.599,-18.127,24.902,22.583,-0.29199,0.79199,0.60546,33.55
$IMU,56751.674,-12.390,13.549,22.094,-0.25146,0.77685,0.59423,33.55
$BARO,56751.675,69373.56,33.71
$MAG,56751.696,-0.214,-0.876,-0.514,32.2
$IMU,56751.749,-8.300,7.385,21.728,-0.23291,0.78173,0.59912,33.51
$HUM,56751.765,26.2,34.0
$BARO,56751.777,69374.58,33.71
$MAG,56751.797,-0.234,-0.883,-0.519,32.3
$IMU,56751.824,-4.089,0.488,22.338,-0.20166,0.78369,0.63281,33.55
$BARO,56751.878,69373.17,33.71
$MAG,56751.898,-0.256,-0.883,-0.510,32.6
$IMU,56751.899,2.990,-1.464,22.827,-0.12109,0.81298,0.64892,33.53
$IMU,56751.975,6.774,-1.037,22.583,-0.06542,0.79345,0.60839,33.58
$BARO,56751.980,69377.63,33.71
$MAG,56751.999,-0.270,-0.880,-0.501,32.2
$IMU,56752.050,11.230,-3.662,15.747,-0.02392,0.84716,0.59326,33.52
$TIME,56752.079,29834.000,2365
$BARO,56752.081,69375.61,33.71
$MAG,56752.100,-0.289,-0.883,-0.492,32.3
$IMU,56752.125,6.652,-6.164,5.798,0.00927,0.78417,0.58105,33.51
$BARO,56752.182,69371.51,33.71
$IMU,56752.200,4.699,-6.469,-0.549,0.02587,0.85742,0.61328,33.53
$MAG,56752.201,-0.274,-0.871,-0.495,32.5
$IMU,56752.275,-1.281,-11.047,-2.502,0.05273,0.76025,0.58886,33.53
$BARO,56752.284,69380.68,33.71
$MAG,56752.302,-0.271,-0.874,-0.486,32.5
$IMU,56752.350,3.662,-11.962,-2.197,0.09130,0.88623,0.59716,33.56
$BARO,56752.385,69384.55,33.71
$MAG,56752.403,-0.270,-0.886,-0.496,32.5
$IMU,56752.425,-2.136,-8.728,3.356,0.07812,0.80957,0.59033,33.51
$VBAT,56752.443,3.835
$BARO,56752.487,69382.09,33.71
$IMU,56752.500,-0.793,-4.821,3.540,0.09423,0.80126,0.57714,33.54
$MAG,56752.504,-0.271,-0.879,-0.486,32.3
$IMU,56752.575,1.159,-1.098,5.798,0.08447,0.84716,0.58740,33.54
$BARO,56752.588,69379.85,33.71
$MAG,56752.605,-0.283,-0.882,-0.484,32.2
$IMU,56752.650,-4.150,-1.586,8.178,0.14160,0.82958,0.59814,33.55
$BARO,56752.689,69378.63,33.71
$MAG,56752.706,-0.294,-0.883,-0.502,32.3
$IMU,56752.725,-5.859,2.990,10.620,0.16748,0.80517,0.61132,33.53
$HUM,56752.782,26.2,34.0
$BARO,56752.791,69370.54,33.71
$IMU,56752.800,-3.967,7.934,10.192,0.15478,0.82324,0.61816,33.58
$MAG,56752.807,-0.297,-0.877,-0.502,32.2
$IMU,56752.875,-2.136,8.361,4.760,0.16503,0.80371,0.60888,33.58
$BARO,56752.892,69384.75,33.71
$MAG,56752.908,-0.315,-0.876,-0.499,32.2
$IMU,56752.951,4.150,11.047,1.098,0.16845,0.83300,0.56835,33.57
$BARO,56752.994,69376.19,33.71
$MAG,56753.009,-0.313,-0.879,-0.499,32.2
$IMU,56753.026,7.080,14.282,-2.746,0.13085,0.87109,0.53710,33.57
$TIME,56753.079,29835.000,2365
$BARO,56753.095,69389.01,33.71
$IMU,56753.101,2.258,14.099,-5.981,0.13476,0.84277,0.54638,33.57
$MAG,56753.110,-0.300,-0.870,-0.489,32.3
$IMU,56753.176,2.685,16.723,-9.216,0.06103,0.92431,0.56640,33.50
$BARO,56753.196,69376.41,33.71
$MAG,56753.211,-0.292,-0.879,-0.490,32.2
$IMU,56753.251,1.464,19.470,-11.718,-0.02001,0.82226,0.54296,33.57
$BARO,56753.298,69379.07,33.70
$MAG,56753.312,-0.294,-0.880,-0.490,32.2
$IMU,56753.326,3.601,21.911,-13.427,-0.10986,0.83740,0.53027,33.52
$BARO,56753.399,69383.73,33.71
$IMU,56753.401,1.220,18.066,-7.812,-0.09375,0.84863,0.54687,33.54
$MAG,56753.413,-0.291,-0.879,-0.486,32.2
$VBAT,56753.443,3.832
$IMU,56753.476,-1.647,25.390,1.647,-0.14111,0.82714,0.55664,33.55
$BARO,56753.501,69381.48,33.71
$MAG,56753.514,-0.315,-0.871,-0.490,32.2
$IMU,56753.551,-3.662,31.738,8.605,-0.20556,0.81787,0.57519,33.56
$BARO,56753.602,69372.34,33.71
$MAG,56753.614,-0.328,-0.882,-0.504,32.3
$IMU,56753.626,-5.249,26.733,6.408,-0.26220,0.82910,0.59814,33.55
$IMU,56753.701,-4.760,18.066,-2.868,-0.24609,0.77832,0.59765,33.54
$BARO,56753.703,69380.04,33.71
$MAG,56753.715,-0.324,-0.868,-0.502,32.3
$IMU,56753.776,0.915,14.709,-6.042,-0.26074,0.76855,0.58398,33.55
$HUM,56753.799,25.7,34.0
$BARO,56753.805,69386.19,33.71
$MAG,56753.816,-0.324,-0.876,-0.498,32.2
$IMU,56753.852,5.126,10.620,-4.699,-0.31201,0.80419,0.57470,33.52
$BARO,56753.906,69379.44,33.72
$MAG,56753.917,-0.306,-0.874,-0.496,32.2
$IMU,56753.927,3.723,-2.685,-11.840,-0.48437,0.77587,0.54882,33.53
$IMU,56754.002,9.277,-50.781,-30.212,-0.48779,0.78710,0.53369,33.60
$BARO,56754.008,69377.61,33.72
$MAG,56754.018,-0.247,-0.871,-0.489,32.2
$IMU,56754.077,21.667,-97.167,-37.597,-0.26611,0.77246,0.49560,33.53
$TIME,56754.079,29836.000,2365
$BARO,56754.109,69375.15,33.72
$MAG,56754.119,-0.180,-0.850,-0.472,32.3
$IMU,56754.152,31.677,-106.384,-37.841,-0.12597,0.89062,0.47753,33.56
$BARO,56754.211,69372.95,33.71
$MAG,56754.220,-0.129,-0.841,-0.495,32.6
$IMU,56754.227,20.935,-96.801,-27.282,0.00000,0.91601,0.49072,33.53
$IMU,56754.302,7.202,-70.678,-11.901,0.03515,0.88037,0.49414,33.52
$BARO,56754.312,69381.68,33.71
$MAG,56754.321,-0.111,-0.846,-0.514,32.2
$IMU,56754.377,6.042,-61.706,-12.207,-0.11132,0.88818,0.43798,33.55
$BARO,56754.413,69368.05,33.72
$MAG,56754.422,-0.058,-0.825,-0.535,32.2
$VBAT,56754.444,3.842
$IMU,56754.452,8.728,-77.270,-25.451,0.14599,0.95751,0.45947,33.57
$BARO,56754.515,69381.65,33.72
$MAG,56754.523,-0.046,-0.828,-0.553,32.6
$IMU,56754.527,-0.671,-49.133,-15.563,0.12011,0.87841,0.49023,33.57
$IMU,56754.602,-3.906,-22.949,-6.469,0.05859,0.90136,0.52685,33.57
$BARO,56754.616,69381.29,33.71
$MAG,56754.624,-0.040,-0.825,-0.567,32.3
$IMU,56754.677,-5.493,-13.732,-0.488,0.04785,0.85400,0.52783,33.55
$BARO,56754.718,69381.68,33.72
$MAG,56754.725,-0.034,-0.828,-0.571,32.5
$IMU,56754.753,-1.708,-8.789,-0.244,0.08984,0.87548,0.50878,33.55
$HUM,56754.816,26.6,34.0
$BARO,56754.819,69381.26,33.71
$MAG,56754.826,-0.049,-0.826,-0.567,32.3
$IMU,56754.828,-3.417,3.234,7.141,0.10937,0.89843,0.52685,33.53
$IMU,56754.903,-6.591,16.845,13.977,0.13037,0.85986,0.53271,33.57
$BARO,56754.920,69386.99,33.71
$MAG,56754.927,-0.072,-0.844,-0.564,32.5
$IMU,56754.978,-7.141,39.001,22.888,0.22070,0.88916,0.55468,33.53
$BARO,56755.022,69383.92,33.71
$MAG,56755.028,-0.117,-0.847,-0.538,32.2
$IMU,56755.053,-13.427,82.763,42.114,0.12304,0.87646,0.55322,33.57
$TIME,56755.079,29838.000,2365
$BARO,56755.123,69376.80,33.71
$MAG,56755.128,-0.204,-0.870,-0.529,32.3
$IMU,56755.128,-16.296,109.069,63.049,-0.06396,0.83837,0.54589,33.56
$IMU,56755.203,-12.512,96.557,56.457,-0.09912,0.80371,0.59814,33.54
$BARO,56755.225,69378.24,33.71
$MAG,56755.229,-0.267,-0.870,-0.520,32.5
$IMU,56755.278,-4.577,72.753,47.485,-0.05029,0.79541,0.61083,33.55
$BARO,56755.326,69389.01,33.71
$MAG,56755.330,-0.324,-0.879,-0.510,32.6
$IMU,56755.353,2.380,60.485,38.391,-0.09765,0.78515,0.59814,33.57
$BARO,56755.427,69372.51,33.72
$IMU,56755.428,6.408,50.048,27.282,-0.05078,0.86035,0.58056,33.55
$MAG,56755.431,-0.358,-0.876,-0.513,32.2
$VBAT,56755.444,3.843
$IMU,56755.503,2.258,39.428,23.437,-0.11181,0.82958,0.57812,33.55
$BARO,56755.529,69375.17,33.72
$MAG,56755.532,-0.387,-0.865,-0.514,32.2
$IMU,56755.578,0.549,22.949,15.808,-0.05615,0.84765,0.56835,33.53
$BARO,56755.630,69386.14,33.71
$MAG,56755.633,-0.394,-0.876,-0.517,32.6
$IMU,56755.653,-2.685,15.319,5.981,-0.05273,0.82714,0.57226,33.55
$IMU,56755.729,-7.385,5.493,2.929,0.00488,0.86816,0.58642,33.57
$BARO,56755.732,69380.48,33.71
$MAG,56755.734,-0.408,-0.865,-0.526,32.3
$IMU,56755.804,-15.563,-3.784,3.295,0.04150,0.83935,0.57714,33.52
$BARO,56755.833,69376.58,33.71
$HUM,56755.833,25.6,34.0
$MAG,56755.835,-0.396,-0.880,-0.546,32.5
$IMU,56755.879,-19.287,-7.995,-3.479,0.08398,0.83447,0.58935,33.58
$BARO,56755.934,69380.87,33.71
$MAG,56755.936,-0.381,-0.879,-0.568,32.3
$IMU,56755.954,-22.338,-8.666,-8.605,0.08935,0.80273,0.61523,33.51
$IMU,56756.029,-18.859,-6.286,-11.169,0.08984,0.77490,0.64697,33.58
$BARO,56756.036,69377.63,33.71
$MAG,56756.037,-0.369,-0.882,-0.580,32.2
$IMU,56756.104,-14.465,-2.380,-12.207,0.06787,0.73583,0.65332,33.55
$BARO,56756.137,69378.02,33.72
$MAG,56756.138,-0.354,-0.897,-0.591,32.3
$IMU,56756.179,-7.324,-1.220,-12.756,0.08789,0.75292,0.65039,33.52
$BARO,56756.239,69383.09,33.72
$MAG,56756.239,-0.342,-0.885,-0.600,32.2
$IMU,56756.254,-3.417,2.441,-10.986,0.11083,0.83642,0.68750,33.52
$IMU,56756.329,-5.676,11.413,-7.446,0.03466,0.76806,0.73193,33.57
$BARO,56756.340,69371.07,33.72
$MAG,56756.340,-0.345,-0.894,-0.609,32.2
$IMU,56756.404,-2.197,20.080,-6.591,-0.11865,0.70410,0.73437,33.52
$MAG,56756.440,-0.337,-0.886,-0.610,32.3
$BARO,56756.441,69372.73,33.71
$VBAT,56756.445,3.834
$IMU,56756.479,-1.098,23.315,-0.732,-0.30957,0.75537,0.75000,33.56
$MAG,56756.541,-0.352,-0.888,-0.625,32.2
$BARO,56756.543,69386.75,33.72
$IMU,56756.554,-11.718,21.362,6.591,-0.29394,0.66357,0.73193,33.57
$IMU,56756.630,-19.042,22.216,32.348,-0.23632,0.58984,0.72900,33.52
$MAG,56756.642,-0.390,-0.877,-0.646,32.2
$BARO,56756.644,69385.33,33.71
$IMU,56756.705,-20.263,26.611,49.804,-0.23535,0.67089,0.73486,33.57
$MAG,56756.743,-0.439,-0.864,-0.673,32.5
$BARO,56756.746,69375.56,33.72
$IMU,56756.780,-23.193,26.672,48.461,-0.21972,0.62060,0.71923,33.55
$MAG,56756.844,-0.463,-0.843,-0.699,32.3
$BARO,56756.847,69387.60,33.71
$HUM,56756.850,25.6,34.0
$IMU,56756.855,-21.545,25.878,39.367,-0.21826,0.63623,0.74169,33.53
$IMU,56756.930,-22.216,18.676,22.399,-0.21484,0.65576,0.77050,33.50
$MAG,56756.945,-0.474,-0.843,-0.726,32.5
$BARO,56756.948,69373.73,33.71
$IMU,56757.005,-24.169,13.793,8.178,-0.21386,0.56591,0.79394,33.52
$MAG,56757.046,-0.471,-0.828,-0.750,32.2
$BARO,56757.050,69384.70,33.72
$TIME,56757.079,29839.000,2365
$IMU,56757.080,-18.249,15.380,7.690,-0.19335,0.58691,0.79296,33.53
$MAG,56757.147,-0.475,-0.825,-0.778,32.6
$BARO,56757.151,69383.31,33.72
$IMU,56757.155,-15.808,27.465,16.784,-0.20800,0.57812,0.77246,33.52
$IMU,56757.230,-16.418,36.560,26.123,-0.28515,0.58154,0.76074,33.53
$MAG,56757.248,-0.490,-0.805,-0.814,32.5
$BARO,56757.253,69377.63,33.71
$IMU,56757.305,-17.028,29.113,16.906,-0.38964,0.55468,0.78027,33.54
$MAG,56757.349,-0.483,-0.793,-0.819,32.6
$BARO,56757.354,69377.80,33.71
$IMU,56757.380,-19.165,5.676,0.305,-0.36328,0.63183,0.85937,33.56
$VBAT,56757.446,3.850
$MAG,56757.450,-0.483,-0.796,-0.835,32.3
$IMU,56757.455,-21.545,-15.075,-5.859,-0.22314,0.51708,0.83544,33.55
$BARO,56757.456,69385.14,33.71
$IMU,56757.530,-24.047,-18.188,-8.239,-0.15234,0.43115,0.85302,33.55
$MAG,56757.551,-0.483,-0.793,-0.850,32.2
$BARO,56757.557,69379.44,33.71
$IMU,56757.606,-28.686,-20.324,-13.671,-0.05615,0.34960,0.90625,33.57
$MAG,56757.652,-0.475,-0.775,-0.849,32.3
$BARO,56757.658,69383.31,33.72
$IMU,56757.681,-24.841,-27.526,-18.981,-0.04150,0.34277,0.91943,33.52
$MAG,56757.753,-0.468,-0.786,-0.868,32.3
$IMU,56757.756,-25.878,-36.193,-26.062,0.04589,0.30468,0.99218,33.54
$BARO,56757.760,69376.19,33.71
$IMU,56757.831,-30.578,-30.578,-25.451,0.05566,0.16552,1.05468,33.54
$MAG,56757.854,-0.459,-0.775,-0.880,32.3
$BARO,56757.861,69380.24,33.72
$HUM,56757.867,25.4,34.0
$IMU,56757.906,-17.089,-21.484,-28.503,-0.02441,0.14892,1.03271,33.55
$MAG,56757.954,-0.462,-0.780,-0.870,32.2
$BARO,56757.962,69383.51,33.71
$IMU,56757.981,-1.831,-23.681,-26.794,0.02587,0.20703,0.96777,33.59
$MAG,56758.055,-0.454,-0.784,-0.870,32.3
$IMU,56758.056,-0.732,-21.972,-14.282,0.11279,0.28613,0.95410,33.57
$BARO,56758.064,69372.54,33.71
$TIME,56758.079,29840.000,2365
$IMU,56758.131,-8.361,-12.878,-5.187,0.14990,0.25048,0.99804,33.57
$MAG,56758.156,-0.462,-0.787,-0.877,32.3
$BARO,56758.165,69376.19,33.71
$IMU,56758.206,-6.591,-2.746,2.502,0.15625,0.21289,1.02099,33.55
$MAG,56758.257,-0.471,-0.783,-0.874,32.3
$BARO,56758.267,69373.95,33.72
$IMU,56758.281,1.892,5.004,8.300,0.13574,0.20312,0.96582,33.53
$IMU,56758.356,10.620,9.094,12.390,0.11376,0.34619,0.94677,33.64
$MAG,56758.358,-0.468,-0.777,-0.868,32.2
$BARO,56758.368,69378.00,33.72
$IMU,56758.431,7.263,13.122,15.625,0.05957,0.44140,0.83935,33.57
$VBAT,56758.446,3.829
$MAG,56758.459,-0.475,-0.769,-0.876,32.3
$BARO,56758.469,69394.47,33.71
$IMU,56758.507,-2.502,13.916,11.169,-0.06494,0.36767,0.79199,33.55
$MAG,56758.560,-0.463,-0.757,-0.900,32.3
$BARO,56758.571,69384.53,33.71
$IMU,56758.582,-17.761,12.390,2.258,-0.13037,0.17285,0.86669,33.58
$IMU,56758.657,-20.690,10.803,7.934,-0.22705,0.15429,0.91503,33.53
$MAG,56758.661,-0.460,-0.751,-0.906,32.7
$BARO,56758.672,69383.73,33.71
$IMU,56758.732,-27.587,4.211,4.577,-0.19824,0.04833,0.89892,33.52
$MAG,56758.762,-0.459,-0.717,-0.939,32.5
$BARO,56758.774,69381.87,33.72
$IMU,56758.807,-30.761,-3.295,5.920,-0.16113,-0.00781,0.96875,33.55
$MAG,56758.863,-0.466,-0.702,-0.955,32.5
$BARO,56758.875,69388.19,33.71
$IMU,56758.882,-27.038,-8.361,7.507,-0.08593,-0.01220,1.08593,33.53
$HUM,56758.884,26.0,34.0
$IMU,56758.957,-23.559,-8.056,10.742,-0.05761,-0.02490,1.11767,33.53
$MAG,56758.964,-0.483,-0.681,-0.967,32.6
$BARO,56758.976,69389.82,33.71
$IMU,56759.032,-25.817,-4.394,11.657,-0.01708,-0.12158,1.14941,33.55
$MAG,56759.065,-0.493,-0.660,-0.976,32.2
$BARO,56759.078,69381.87,33.71
$TIME,56759.079,29841.000,2365
$IMU,56759.107,-19.531,2.624,7.446,-0.02441,-0.14501,1.21679,33.53
$MAG,56759.166,-0.483,-0.651,-0.985,32.3
$BARO,56759.179,69390.82,33.71
$IMU,56759.182,-4.455,7.812,7.263,-0.08789,-0.18750,1.21826,33.57
$IMU,56759.257,16.784,7.141,11.169,-0.10937,-0.11035,1.16308,33.55
$MAG,56759.267,-0.487,-0.664,-0.970,32.6
$BARO,56759.280,69383.51,33.71
$IMU,56759.332,26.733,5.493,19.042,-0.12597,0.00146,1.09912,33.54
$MAG,56759.367,-0.495,-0.667,-0.961,32.5
$BARO,56759.382,69386.36,33.71
$IMU,56759.407,22.827,2.258,20.202,-0.12500,0.01220,1.06494,33.48
$VBAT,56759.446,3.845
$MAG,56759.468,-0.504,-0.681,-0.934,32.5
$IMU,56759.483,28.015,-0.854,13.610,-0.12109,0.08007,1.01855,33.56
$BARO,56759.483,69390.23,33.71
$IMU,56759.558,34.362,0.183,11.962,-0.13378,0.15234,0.95703,33.55
$MAG,56759.569,-0.508,-0.705,-0.921,32.5
$BARO,56759.585,69374.34,33.71
$IMU,56759.633,39.123,-0.610,15.625,-0.16503,0.29492,0.91162,33.57
$MAG,56759.670,-0.513,-0.712,-0.900,32.3
$BARO,56759.686,69382.29,33.71
$IMU,56759.708,33.386,-6.164,18.066,-0.15966,0.30664,0.89892,33.57
$MAG,56759.771,-0.546,-0.726,-0.874,32.2
$IMU,56759.783,31.555,-10.375,17.883,-0.12695,0.33447,0.92285,33.54
$BARO,56759.787,69374.76,33.71
$IMU,56759.858,39.184,-7.812,21.606,-0.11572,0.34619,0.86181,33.59
$MAG,56759.871,-0.577,-0.733,-0.838,32.3
$BARO,56759.889,69380.24,33.71
$HUM,56759.901,25.4,34.0
$IMU,56759.933,44.494,-10.742,26.123,-0.05078,0.51806,0.80566,33.55
$MAG,56759.972,-0.583,-0.739,-0.795,32.3
$BARO,56759.990,69385.94,33.71
$IMU,56760.008,35.461,-22.338,28.259,0.14501,0.53173,0.80761,33.53
$MAG,56760.073,-0.624,-0.724,-0.784,32.7
$TIME,56760.079,29842.000,2365
$IMU,56760.083,19.165,-18.554,37.841,0.29296,0.47656,0.80664,33.53
$BARO,56760.092,69373.56,33.71
$IMU,56760.158,11.108,-11.108,31.188,0.26953,0.49511,0.80273,33.53
$MAG,56760.174,-0.633,-0.702,-0.774,32.3
$BARO,56760.193,69378.02,33.71
$IMU,56760.233,8.728,-14.465,8.117,0.25537,0.51269,0.80468,33.52
$MAG,56760.275,-0.631,-0.712,-0.748,32.5
$BARO,56760.295,69381.26,33.72
$IMU,56760.308,2.685,-23.193,-9.399,0.38427,0.54248,0.84375,33.54
$MAG,56760.376,-0.631,-0.730,-0.733,32.7
$IMU,56760.384,0.488,-15.930,-14.770,0.42578,0.51855,0.85156,33.54
$BARO,56760.396,69382.70,33.71
$VBAT,56760.447,3.840
$IMU,56760.459,7.690,-5.249,-20.690,0.38574,0.51220,0.81494,33.56
$MAG,56760.476,-0.615,-0.748,-0.735,32.5
$BARO,56760.497,69382.31,33.70
$IMU,56760.534,9.460,0.122,-28.503,0.37548,0.51953,0.82617,33.57
$MAG,56760.577,-0.585,-0.756,-0.726,32.3
$BARO,56760.599,69382.70,33.71
$IMU,56760.609,11.047,11.962,-26.184,0.29443,0.53173,0.85058,33.52
$MAG,56760.678,-0.558,-0.780,-0.735,32.3
$IMU,56760.684,24.291,31.860,-28.320,0.00244,0.58984,0.93701,33.55
$BARO,56760.700,69384.29,33.72
$IMU,56760.759,33.508,35.705,-27.221,-0.07861,0.63769,0.83105,33.53
$MAG,56760.779,-0.538,-0.795,-0.715,32.6
$BARO,56760.802,69379.85,33.71
$IMU,56760.834,37.292,27.770,-12.145,-0.17089,0.74316,0.66943,33.58
$MAG,56760.880,-0.526,-0.811,-0.711,32.5
$BARO,56760.903,69373.15,33.71
$IMU,56760.909,11.169,10.498,-16.906,-0.17919,0.68750,0.64453,33.56
$HUM,56760.918,25.3,34.0
$MAG,56760.980,-0.504,-0.811,-0.711,32.5
$IMU,56760.984,1.037,-6.408,-21.301,-0.18164,0.62109,0.69775,33.53
$BARO,56761.004,69379.46,33.71
$IMU,56761.059,13.305,-18.005,-28.320,-0.22851,0.61767,0.71386,33.55
$TIME,56761.079,29843.000,2365
$MAG,56761.081,-0.475,-0.834,-0.673,32.8
$BARO,56761.106,69381.90,33.71
$IMU,56761.134,32.653,-27.282,-35.949,-0.24462,0.73339,0.69726,33.57
$MAG,56761.182,-0.441,-0.840,-0.639,32.6
$BARO,56761.207,69381.07,33.71
$IMU,56761.209,30.273,-32.714,-38.085,-0.25244,0.99707,0.52148,33.53
$MAG,56761.283,-0.412,-0.847,-0.654,32.3
$IMU,56761.285,-15.502,-37.353,-32.226,0.02294,0.83886,0.68652,33.55
$BARO,56761.309,69384.53,33.71
$IMU,56761.360,-12.573,-24.902,-12.573,0.04150,0.62158,0.75439,33.55
$MAG,56761.384,-0.390,-0.852,-0.636,32.2
$BARO,56761.410,69378.63,33.71
$IMU,56761.435,-3.662,-34.667,-32.470,-0.10595,0.97119,0.58007,33.55
$VBAT,56761.447,3.845
$MAG,56761.485,-0.342,-0.855,-0.676,32.5
$IMU,56761.510,-38.513,-66.833,-52.612,0.18115,0.60400,0.66015,33.55
$BARO,56761.512,69377.00,33.71
$IMU,56761.585,-24.108,-48.034,-45.593,0.14404,0.66992,0.71972,33.52
$MAG,56761.586,-0.301,-0.850,-0.697,32.3
$BARO,56761.613,69380.63,33.72
$IMU,56761.660,-17.761,-34.057,-42.846,0.00830,0.69433,0.74658,33.55
$MAG,56761.687,-0.273,-0.838,-0.712,32.5
$BARO,56761.714,69384.29,33.72
$IMU,56761.735,-24.414,-45.227,-45.227,0.07812,0.65625,0.79833,33.52
$MAG,56761.787,-0.252,-0.831,-0.744,32.3
$IMU,56761.810,-20.751,-43.701,-34.423,0.27636,0.57763,0.77978,33.55
$BARO,56761.816,69386.99,33.71
$IMU,56761.885,2.807,-11.474,-29.602,0.13720,0.72216,0.73828,33.55
$MAG,56761.888,-0.232,-0.826,-0.736,32.5
$BARO,56761.917,69374.17,33.71
$HUM,56761.935,25.7,34.0
$IMU,56761.960,10.742,4.516,-34.118,0.03222,0.81689,0.69287,33.53
$MAG,56761.989,-0.199,-0.832,-0.730,32.3
$BARO,56762.018,69379.65,33.71
$IMU,56762.035,0.793,5.554,-32.287,-0.00830,0.72900,0.73535,33.52
$TIME,56762.079,29844.000,2365
$MAG,56762.090,-0.180,-0.826,-0.729,32.6
$IMU,56762.110,-5.126,11.291,-34.057,-0.15869,0.55810,0.86718,33.56
$BARO,56762.120,69383.12,33.71
$IMU,56762.185,-8.789,9.460,-28.564,-0.29101,0.48828,1.00927,33.58
$MAG,56762.191,-0.162,-0.829,-0.754,32.5
$BARO,56762.221,69383.31,33.71
$IMU,56762.261,-18.188,-12.451,-12.817,-0.17138,0.28662,1.03808,33.50
$MAG,56762.292,-0.163,-0.814,-0.763,32.2
$BARO,56762.323,69382.92,33.71
$IMU,56762.336,-1.342,-28.869,-24.536,-0.06298,0.29150,0.99804,33.55
$MAG,56762.393,-0.136,-0.805,-0.750,32.5
$IMU,56762.411,25.085,-31.250,-40.100,-0.08203,0.41748,0.85791,33.51
$BARO,56762.424,69373.56,33.71
$VBAT,56762.456,3.837
$IMU,56762.486,32.165,-38.879,-45.837,-0.08203,0.55126,0.75000,33.53
$MAG,56762.493,-0.100,-0.807,-0.733,32.7
$BARO,56762.525,69385.16,33.70
$IMU,56762.561,26.916,-40.771,-45.104,-0.08105,0.69287,0.73339,33.53
$MAG,56762.594,-0.085,-0.799,-0.741,32.2
$BARO,56762.627,69381.29,33.71
$IMU,56762.636,7.751,-32.348,-36.254,-0.11621,0.63378,0.79345,33.59
$MAG,56762.695,-0.063,-0.781,-0.745,32.3
$IMU,56762.711,0.122,-16.662,-30.151,-0.24804,0.49853,0.85253,33.51
$BARO,56762.728,69385.99,33.70
$IMU,56762.786,5.615,-8.361,-19.348,-0.31689,0.51464,0.82421,33.60
$MAG,56762.796,-0.066,-0.778,-0.753,32.6
$BARO,56762.830,69380.26,33.71
$IMU,56762.861,7.385,-8.666,2.258,-0.31054,0.69628,0.74316,33.56
$MAG,56762.897,-0.082,-0.784,-0.750,32.3
$BARO,56762.931,69382.73,33.71
$IMU,56762.936,1.037,-16.296,22.277,0.03613,0.71289,0.79296,33.51
$HUM,56762.952,26.4,34.0
$MAG,56762.998,-0.121,-0.798,-0.765,32.6
$IMU,56763.011,-6.225,-8.666,38.452,0.12695,0.73388,0.74365,33.56
$BARO,56763.032,69381.29,33.71
$TIME,56763.079,29844.000,2365
$IMU,56763.086,-12.634,-1.586,33.142,0.18017,0.64160,0.74267,33.53
$MAG,56763.099,-0.136,-0.811,-0.766,32.3
$BARO,56763.134,69381.87,33.71
$IMU,56763.161,-21.545,8.178,21.362,0.10693,0.56445,0.71630,33.55
$MAG,56763.199,-0.142,-0.799,-0.778,32.2
$BARO,56763.235,69383.92,33.71
$IMU,56763.237,-24.230,10.559,16.967,0.08154,0.53466,0.76513,33.53
$MAG,56763.300,-0.166,-0.799,-0.786,32.5
$IMU,56763.312,-25.024,12.390,21.484,0.18261,0.46875,0.84375,33.53
$BARO,56763.336,69388.02,33.70
$IMU,56763.387,-21.362,23.437,28.442,0.16357,0.51708,0.98632,33.54
$MAG,56763.401,-0.181,-0.804,-0.805,32.2
$BARO,56763.438,69380.26,33.71
$VBAT,56763.456,3.834
$IMU,56763.462,-11.657,29.113,25.268,0.04296,0.47851,1.05615,33.52
$MAG,56763.502,-0.180,-0.801,-0.783,32.5
$IMU,56763.537,8.789,31.433,13.488,-0.17724,0.41210,1.06884,33.54
$BARO,56763.539,69388.43,33.71
$MAG,56763.603,-0.186,-0.820,-0.760,32.5
$IMU,56763.612,14.099,38.818,15.258,-0.22558,0.39843,1.01806,33.51
$BARO,56763.641,69377.66,33.70
$IMU,56763.687,19.470,41.320,32.592,-0.27441,0.40966,0.86669,33.56
$MAG,56763.704,-0.196,-0.826,-0.739,32.5
$BARO,56763.742,69378.90,33.70
$IMU,56763.762,28.198,27.770,28.381,-0.24121,0.48779,0.71044,33.55
$MAG,56763.804,-0.217,-0.840,-0.709,32.3
$IMU,56763.837,25.817,14.892,13.793,-0.20800,0.61230,0.73291,33.54
$BARO,56763.843,69380.07,33.71
$MAG,56763.905,-0.217,-0.834,-0.691,32.5
$IMU,56763.912,11.901,8.972,4.211,-0.19628,0.62500,0.69091,33.55
$BARO,56763.945,69382.92,33.70
$HUM,56763.969,26.5,34.0
$IMU,56763.987,14.465,1.098,-6.408,-0.25048,0.66162,0.68554,33.54
$MAG,56764.006,-0.201,-0.834,-0.685,32.5
$BARO,56764.046,69384.53,33.71
$IMU,56764.062,17.089,-4.760,-21.057,-0.33056,0.69335,0.68310,33.55
$TIME,56764.079,29846.000,2365
$MAG,56764.107,-0.190,-0.823,-0.667,32.5
$IMU,56764.138,19.531,-9.277,-22.033,-0.37402,0.65917,0.63623,33.57
$BARO,56764.148,69384.77,33.71
$MAG,56764.208,-0.166,-0.828,-0.658,32.5
$IMU,56764.213,24.353,-17.211,-24.597,-0.49609,0.76416,0.62255,33.54
$BARO,56764.249,69382.31,33.70
$IMU,56764.288,16.662,-21.423,-18.127,-0.49560,0.84375,0.78710,33.55
$MAG,56764.309,-0.177,-0.826,-0.640,32.3
$BARO,56764.350,69389.65,33.70
$IMU,56764.363,-5.981,-16.784,15.136,-0.33300,0.65332,0.95703,33.57
$MAG,56764.410,-0.217,-0.834,-0.666,32.7
$IMU,56764.438,-9.155,-30.700,46.081,0.16259,0.44189,0.86230,33.55
$BARO,56764.452,69379.29,33.70
$VBAT,56764.457,3.834
$MAG,56764.510,-0.243,-0.832,-0.645,32.7
$IMU,56764.513,23.132,-34.545,33.691,0.35791,0.61865,0.65332,33.51
$BARO,56764.553,69375.41,33.70
$IMU,56764.588,23.681,-14.648,-1.464,0.20458,0.78662,0.48583,33.56
$MAG,56764.611,-0.222,-0.828,-0.637,32.3
$BARO,56764.655,69381.70,33.70
$IMU,56764.663,5.920,-9.216,-7.629,0.17578,0.83398,0.47998,33.52
$MAG,56764.712,-0.213,-0.826,-0.643,32.6
$IMU,56764.738,-14.221,-13.549,-6.286,0.23730,0.75781,0.69580,33.53
$BARO,56764.756,69380.09,33.70
$MAG,56764.813,-0.205,-0.834,-0.654,32.3
$IMU,56764.813,-9.643,-8.117,-17.700,0.28906,0.63330,0.79052,33.49
$BARO,56764.857,69382.56,33.70
$IMU,56764.888,17.272,-6.042,-24.963,0.22705,0.74121,0.76904,33.55
$MAG,56764.914,-0.175,-0.820,-0.636,32.3
$BARO,56764.959,69370.73,33.70
$IMU,56764.963,22.583,-2.441,-33.264,0.10742,0.87255,0.73583,33.55
$HUM,56764.986,26.6,34.0
$MAG,56765.015,-0.165,-0.810,-0.616,32.5
$IMU,56765.038,19.958,9.399,-26.672,-0.26123,0.85888,0.71679,33.57
$BARO,56765.060,69379.09,33.70
$TIME,56765.079,29848.000,2365
$IMU,56765.114,12.329,-2.563,-30.639,-0.35791,0.74267,0.68847,33.52
$MAG,56765.115,-0.130,-0.802,-0.612,32.8
$BARO,56765.162,69378.05,33.70
$IMU,56765.189,14.465,-9.460,-20.019,-0.26611,0.69921,0.62597,33.54
$MAG,56765.216,-0.127,-0.799,-0.616,32.7
$BARO,56765.263,69380.14,33.70
$IMU,56765.264,12.390,-10.742,-2.929,-0.18115,0.70117,0.55517,33.55
$MAG,56765.317,-0.129,-0.784,-0.606,32.5
$IMU,56765.339,6.896,-8.850,-6.469,-0.22412,0.72216,0.57763,33.59
$BARO,56765.364,69389.45,33.70
$IMU,56765.414,0.244,-13.122,-12.451,-0.33203,0.74755,0.66455,33.53
$MAG,56765.418,-0.111,-0.784,-0.612,32.8
$VBAT,56765.457,3.834
$BARO,56765.466,69382.53,33.70
$IMU,56765.489,-2.502,-27.221,-8.117,-0.38964,0.70654,0.69091,33.56
$MAG,56765.519,-0.108,-0.783,-0.637,32.6
$IMU,56765.564,8.850,-49.499,-9.338,-0.19140,0.74902,0.65722,33.52
$BARO,56765.567,69383.77,33.70
$MAG,56765.620,-0.102,-0.772,-0.634,32.3
$IMU,56765.639,19.042,-48.156,-13.366,-0.04248,0.89062,0.61767,33.55
$BARO,56765.669,69380.70,33.70
$IMU,56765.714,10.253,-31.677,-8.178,0.01513,0.90332,0.61474,33.53
$MAG,56765.720,-0.094,-0.769,-0.649,32.5
$BARO,56765.770,69384.77,33.70
$IMU,56765.789,-7.995,-28.991,1.770,0.15429,0.78320,0.56152,33.53
$MAG,56765.821,-0.096,-0.772,-0.658,32.3
$IMU,56765.864,-3.540,-24.658,4.943,0.24365,0.84863,0.57763,33.52
$BARO,56765.871,69383.36,33.70
$MAG,56765.922,-0.100,-0.765,-0.672,32.5
$IMU,56765.939,-2.990,-9.216,3.356,0.20410,0.79589,0.54736,33.57
$BARO,56765.973,69380.73,33.70
$HUM,56766.003,26.6,34.0
$IMU,56766.015,-5.920,4.394,3.662,0.12890,0.82128,0.56054,33.54
$MAG,56766.023,-0.105,-0.762,-0.675,32.5
$BARO,56766.074,69376.46,33.70
$IMU,56766.090,-10.559,9.460,10.375,0.14550,0.78808,0.58349,33.50
$MAG,56766.124,-0.124,-0.766,-0.684,32.5
$IMU,56766.165,-9.399,12.329,14.770,0.20410,0.79736,0.62109,33.51
$BARO,56766.176,69388.43,33.70
$MAG,56766.225,-0.120,-0.759,-0.667,32.3
$IMU,56766.240,-5.615,19.042,4.882,0.17919,0.76123,0.64648,33.52
$BARO,56766.277,69376.24,33.70
$IMU,56766.315,8.422,25.268,-0.122,0.08984,0.79980,0.57958,33.55
$MAG,56766.326,-0.126,-0.774,-0.657,32.6
$BARO,56766.378,69378.46,33.70
$IMU,56766.390,11.535,23.559,1.281,0.03759,0.92578,0.59277,33.55
$MAG,56766.426,-0.118,-0.754,-0.640,32.3
$VBAT,56766.458,3.847
$IMU,56766.465,3.479,18.920,-2.807,-0.04687,0.91015,0.61718,33.54
$BARO,56766.480,69376.24,33.70
$MAG,56766.527,-0.117,-0.759,-0.646,32.2
$IMU,56766.540,-6.347,12.145,-6.530,-0.08642,0.78173,0.62841,33.56
$BARO,56766.581,69376.85,33.70
$IMU,56766.615,-10.070,6.835,-3.540,-0.10009,0.74511,0.62109,33.58
$MAG,56766.628,-0.120,-0.756,-0.649,32.2
$BARO,56766.683,69386.26,33.69
$IMU,56766.690,-15.869,4.272,-1.159,-0.11962,0.84619,0.63964,33.56
$MAG,56766.729,-0.115,-0.754,-0.667,32.7
$IMU,56766.765,-37.048,5.249,0.976,-0.16845,0.73974,0.67822,33.53
$BARO,56766.784,69383.16,33.70
$MAG,56766.830,-0.129,-0.750,-0.691,32.6
$IMU,56766.840,-39.123,-0.244,0.366,-0.15576,0.65576,0.70263,33.53
$BARO,56766.885,69378.70,33.69
$IMU,56766.915,-33.142,-6.530,-0.976,-0.13720,0.65820,0.74707,33.58
$MAG,56766.931,-0.118,-0.748,-0.724,32.5
$BARO,56766.987,69376.83,33.71
$IMU,56766.991,-32.287,-6.713,-4.638,-0.12988,0.60986,0.78271,33.51
$HUM,56767.020,26.6,34.0
$MAG,56767.032,-0.130,-0.727,-0.745,32.5
$IMU,56767.066,-29.968,-6.469,-5.493,-0.16601,0.53173,0.81250,33.54
$TIME,56767.079,29848.000,2365
$BARO,56767.088,69379.70,33.70
$MAG,56767.132,-0.126,-0.709,-0.760,32.2
$IMU,56767.141,-22.644,-10.192,-9.216,-0.19189,0.49218,0.86035,33.54
$BARO,56767.190,69383.36,33.70
$IMU,56767.216,-15.991,-12.878,-10.192,-0.16162,0.55273,0.90722,33.51
$MAG,56767.233,-0.114,-0.703,-0.772,32.6
$BARO,56767.291,69387.63,33.70
$IMU,56767.291,-12.145,-13.183,-4.821,-0.06347,0.46191,0.94921,33.53
$MAG,56767.334,-0.133,-0.706,-0.780,32.5
$IMU,56767.366,0.549,-9.887,11.535,0.09960,0.49755,0.87109,33.53
$BARO,56767.392,69383.99,33.69
$MAG,56767.435,-0.127,-0.709,-0.780,32.3
$IMU,56767.441,2.014,0.549,15.197,0.10888,0.49169,0.93603,33.49
$VBAT,56767.458,3.853
$BARO,56767.494,69386.41,33.70
$IMU,56767.516,-1.525,2.075,6.225,0.04980,0.39746,0.90917,33.54
$MAG,56767.536,-0.133,-0.703,-0.774,32.3
$IMU,56767.591,11.108,-6.530,-3.601,0.08740,0.55468,0.89794,33.59
$BARO,56767.595,69388.48,33.70
$MAG,56767.637,-0.135,-0.699,-0.772,32.6
$IMU,56767.666,12.817,-14.282,-13.549,0.11376,0.49609,0.83886,33.55
$BARO,56767.697,69385.21,33.69
$MAG,56767.738,-0.120,-0.708,-0.763,32.6
$IMU,56767.741,26.550,-18.493,-26.855,0.12207,0.64355,0.76025,33.54
$BARO,56767.798,69377.90,33.70
$IMU,56767.816,24.169,-17.028,-27.832,0.11962,0.71630,0.74951,33.54
$MAG,56767.839,-0.111,-0.702,-0.756,32.3
$IMU,56767.892,16.296,-10.314,-24.963,0.12402,0.69384,0.74511,33.56
$BARO,56767.899,69381.14,33.70
$MAG,56767.939,-0.109,-0.700,-0.744,32.3
$IMU,56767.967,13.183,3.112,-16.540,0.02734,0.75292,0.64746,33.53
$BARO,56768.001,69385.80,33.70
$HUM,56768.037,26.6,34.0
$MAG,56768.040,-0.097,-0.687,-0.760,32.5
$IMU,56768.042,-6.713,2.868,-7.324,-0.00781,0.88769,0.68310,33.56
$TIME,56768.079,29850.000,2365
$BARO,56768.102,69390.92,33.70
$IMU,56768.117,-36.254,2.441,-3.295,-0.01513,0.53417,0.81738,33.53
$MAG,56768.141,-0.097,-0.675,-0.766,32.5
$IMU,56768.192,-26.123,5.187,-9.826,-0.08447,0.52929,0.88769,33.52
$BARO,56768.204,69392.31,33.70
$MAG,56768.242,-0.094,-0.673,-0.781,32.7
$IMU,56768.267,-15.991,1.281,-9.948,-0.08007,0.44189,0.87988,33.58
$BARO,56768.305,69392.91,33.70
$IMU,56768.342,-9.948,-1.586,-12.145,-0.19531,0.53466,0.89208,33.51
$MAG,56768.343,-0.097,-0.655,-0.781,32.6
$BARO,56768.406,69376.27,33.69
$IMU,56768.417,-14.709,-9.277,-15.502,-0.17285,0.43701,0.94091,33.52
$MAG,56768.444,-0.085,-0.652,-0.795,32.6
$VBAT,56768.458,3.845
$IMU,56768.492,-6.958,-12.634,-9.277,-0.12304,0.34033,0.91210,33.54
$BARO,56768.508,69384.58,33.70
$MAG,56768.544,-0.099,-0.646,-0.790,32.3
$IMU,56768.567,6.225,-14.343,-5.187,-0.07226,0.45556,0.93603,33.53
$BARO,56768.609,69380.14,33.69
$IMU,56768.642,3.967,-12.817,-9.338,-0.04541,0.43115,0.89990,33.56
$MAG,56768.645,-0.088,-0.646,-0.796,32.5
$BARO,56768.711,69377.51,33.69
$IMU,56768.717,16.052,-11.779,-9.155,0.01562,0.67968,0.78320,33.56
$MAG,56768.746,-0.100,-0.651,-0.790,32.7
$IMU,56768.792,20.019,-11.962,-3.173,0.00341,0.82812,0.69335,33.55
$BARO,56768.812,69389.94,33.68
$MAG,56768.847,-0.094,-0.645,-0.789,32.7
$IMU,56768.868,4.211,-10.253,-7.263,0.06347,0.71826,0.70849,33.53
$BARO,56768.914,69381.97,33.70
$IMU,56768.943,-6.408,-3.479,2.502,0.13378,0.57421,0.72949,33.54
$MAG,56768.948,-0.100,-0.654,-0.790,32.2
$BARO,56769.015,69382.17,33.70
$IMU,56769.018,-1.708,7.690,8.972,0.09277,0.57128,0.77050,33.53
$MAG,56769.049,-0.109,-0.649,-0.786,32.2
$HUM,56769.054,26.6,34.0
$TIME,56769.079,29851.000,2365
$IMU,56769.093,-5.126,10.375,5.981,-0.05371,0.77734,0.92578,33.54
$BARO,56769.116,69381.14,33.69
$MAG,56769.150,-0.117,-0.649,-0.784,32.5
$IMU,56769.168,-19.409,2.868,4.577,-0.01269,0.50781,0.99755,33.57
$BARO,56769.218,69385.85,33.69
$IMU,56769.243,-18.920,3.723,3.234,-0.02050,0.41894,0.92675,33.46
$MAG,56769.251,-0.123,-0.648,-0.780,32.3
$IMU,56769.318,-10.620,1.281,-6.958,-0.09667,0.39501,0.85742,33.57
$BARO,56769.319,69387.65,33.69
$MAG,56769.351,-0.117,-0.646,-0.796,32.2
$IMU,56769.393,-8.605,-4.943,-17.700,-0.12597,0.46484,0.84570,33.53
$BARO,56769.421,69383.60,33.69
$MAG,56769.452,-0.114,-0.640,-0.807,32.5
$VBAT,56769.459,3.837
$IMU,56769.468,-15.380,-5.920,-16.601,-0.11962,0.43115,0.89794,33.53
$BARO,56769.522,69380.53,33.69
$IMU,56769.543,-17.028,-4.516,-11.535,-0.11279,0.39355,0.91943,33.53
$MAG,56769.553,-0.111,-0.634,-0.807,32.3
$IMU,56769.618,-12.145,-5.371,-9.948,-0.10742,0.38330,0.91796,33.56
$BARO,56769.623,69383.19,33.69
$MAG,56769.654,-0.106,-0.630,-0.811,32.3
$IMU,56769.693,-9.643,-6.774,-13.061,-0.11962,0.37597,0.92382,33.57
$BARO,56769.725,69385.43,33.69
$MAG,56769.755,-0.108,-0.627,-0.810,32.5
$IMU,56769.769,-6.408,-6.958,-14.587,-0.16992,0.40087,0.91064,33.54
$BARO,56769.826,69376.46,33.69
$IMU,56769.844,-2.868,-11.169,-14.709,-0.17919,0.42382,0.90478,33.53
$MAG,56769.856,-0.117,-0.616,-0.817,32.3
$IMU,56769.919,-5.371,-14.038,-11.779,-0.15087,0.41406,0.94433,33.52
$BARO,56769.928,69385.02,33.70
$MAG,56769.957,-0.111,-0.631,-0.810,32.2
$IMU,56769.994,-8.544,-14.465,-8.605,-0.09082,0.28076,0.93261,33.52
$BARO,56770.029,69384.43,33.69
$MAG,56770.058,-0.130,-0.628,-0.825,32.5
$IMU,56770.069,-8.117,-18.249,0.183,0.12011,0.26513,0.94335,33.55
$HUM,56770.071,26.5,34.0
$TIME,56770.079,29852.000,2365
$BARO,56770.130,69385.70,33.68
$IMU,56770.144,-8.605,-16.113,7.934,0.19970,0.35058,1.00585,33.55
$MAG,56770.158,-0.130,-0.631,-0.823,32.3
$IMU,56770.219,-10.681,-12.939,-0.549,0.19726,0.19921,0.99365,33.53
$BARO,56770.232,69381.97,33.69
$MAG,56770.259,-0.142,-0.642,-0.822,32.2
$IMU,56770.294,2.624,-10.437,-10.498,0.16113,0.27148,0.90625,33.52
$BARO,56770.333,69378.09,33.69
$MAG,56770.360,-0.132,-0.637,-0.823,32.3
$IMU,56770.369,3.784,-9.887,-9.826,0.13867,0.30957,0.92578,33.57
$BARO,56770.435,69375.29,33.68
$IMU,56770.444,2.319,-7.934,-6.347,0.18945,0.28320,0.91796,33.52
$MAG,56770.461,-0.130,-0.651,-0.816,32.7
$VBAT,56770.466,3.842
$IMU,56770.519,9.948,-2.990,0.366,0.19677,0.35351,0.88818,33.51
$BARO,56770.536,69378.51,33.69
$MAG,56770.562,-0.129,-0.664,-0.819,32.5
$IMU,56770.594,12.023,1.586,-5.371,0.14160,0.43457,0.84863,33.54
$BARO,56770.637,69386.07,33.68
$MAG,56770.663,-0.117,-0.661,-0.814,32.3
$IMU,56770.669,7.019,1.953,-6.469,0.12402,0.46679,0.86230,33.53
$BARO,56770.739,69381.99,33.68
$IMU,56770.745,-2.685,4.760,-0.732,0.14941,0.44042,0.94726,33.54
$MAG,56770.764,-0.112,-0.658,-0.823,32.3
$IMU,56770.820,-4.455,8.178,3.967,0.15966,0.35449,0.95068,33.52
$BARO,56770.840,69390.72,33.69
$MAG,56770.865,-0.103,-0.663,-0.823,32.2
$IMU,56770.895,4.516,8.605,-2.380,0.10107,0.41015,0.92968,33.55
$BARO,56770.942,69385.24,33.69
$MAG,56770.966,-0.091,-0.661,-0.825,32.6
$IMU,56770.970,7.995,-2.990,-16.418,0.00830,0.35400,0.91650,33.56
$BARO,56771.043,69384.24,33.68
$IMU,56771.045,23.437,-44.067,-50.842,0.03857,0.34521,0.78808,33.54
$MAG,56771.066,-0.073,-0.639,-0.841,32.5
$HUM,56771.088,26.6,33.9
$IMU,56771.120,39.306,-78.796,-82.275,0.17041,0.38867,0.66796,33.50
$BARO,56771.144,69378.34,33.68
$MAG,56771.167,-0.061,-0.613,-0.865,32.3
$IMU,56771.195,39.001,-67.749,-89.843,0.12792,0.92529,0.93408,33.55
$BARO,56771.246,69388.92,33.68
$MAG,56771.268,-0.058,-0.585,-0.895,32.3
$IMU,56771.270,1.647,-44.311,-65.124,0.11279,0.82714,1.13720,33.55
$IMU,56771.345,-26.123,-34.851,-37.170,0.15429,0.42724,1.01806,33.57
$BARO,56771.347,69381.60,33.68
$MAG,56771.369,-0.058,-0.567,-0.906,32.3
$IMU,56771.420,-7.080,-22.338,-27.526,0.13085,0.36572,0.81689,33.55
$BARO,56771.449,69388.50,33.68
$MAG,56771.470,-0.061,-0.564,-0.916,32.7
$VBAT,56771.477,3.840
$IMU,56771.495,10.253,-15.747,-27.343,0.11132,0.55664,0.75537,33.50
$BARO,56771.550,69384.85,33.68
$IMU,56771.570,-3.417,-17.517,-19.348,0.13623,0.53271,0.86230,33.56
$MAG,56771.571,-0.055,-0.550,-0.937,32.2
$IMU,56771.646,-10.803,-22.460,-21.545,0.08740,0.40283,0.89355,33.50
$BARO,56771.651,69385.89,33.68
$MAG,56771.672,-0.064,-0.532,-0.945,32.3
$IMU,56771.721,12.329,-29.663,-37.719,0.04541,0.46679,0.79052,33.54
$BARO,56771.753,69388.50,33.68
$MAG,56771.773,-0.066,-0.535,-0.957,32.6
$IMU,56771.796,18.859,-19.836,-49.072,-0.02685,0.42724,0.69482,33.51
$BARO,56771.854,69382.82,33.68
$IMU,56771.871,17.272,-9.887,-20.324,0.01123,0.65332,0.77978,33.53
$MAG,56771.873,-0.079,-0.535,-0.969,32.3
$IMU,56771.946,0.488,-18.737,14.526,0.43701,0.76171,0.91894,33.53
$BARO,56771.955,69374.88,33.68
$MAG,56771.974,-0.085,-0.546,-0.972,32.2
$IMU,56772.021,6.591,4.333,20.385,0.38671,0.85009,0.85986,33.54
$BARO,56772.057,69381.80,33.68
$MAG,56772.075,-0.069,-0.550,-0.960,32.5
$TIME,56772.079,29854.000,2365
$IMU,56772.096,11.413,25.512,5.065,0.07080,0.69970,0.63183,33.55
$HUM,56772.105,26.6,34.0
$BARO,56772.158,69388.92,33.68
$IMU,56772.171,4.394,13.366,7.568,0.29101,0.70068,0.71435,33.55
$MAG,56772.176,-0.067,-0.553,-0.960,32.6
$IMU,56772.246,-3.845,29.052,20.507,0.16943,0.51855,0.62402,33.55
$BARO,56772.260,69386.89,33.68
$MAG,56772.277,-0.037,-0.576,-0.933,32.3
$IMU,56772.321,8.728,40.100,29.968,0.13964,0.60644,0.59033,33.54
$BARO,56772.361,69391.94,33.69
$MAG,56772.378,-0.028,-0.589,-0.909,32.3
$IMU,56772.396,8.056,45.227,31.433,0.17285,0.78564,0.69970,33.51
$BARO,56772.462,69391.99,33.68
$IMU,56772.471,5.187,39.123,28.808,0.10302,0.72802,0.68505,33.55
$MAG,56772.479,-0.013,-0.607,-0.882,32.3
$VBAT,56772.484,3.843
$IMU,56772.546,18.188,29.846,15.197,-0.04980,0.70117,0.70263,33.56
$BARO,56772.564,69392.40,33.68
$MAG,56772.580,-0.004,-0.621,-0.874,32.2
$IMU,56772.622,20.080,14.160,-1.281,-0.09521,0.95898,0.94531,33.52
$BARO,56772.665,69386.28,33.68
$MAG,56772.681,-0.013,-0.625,-0.883,32.5
$IMU,56772.697,-9.704,-4.211,0.061,0.00097,0.65673,0.94726,33.54
$BARO,56772.767,69384.04,33.68
$IMU,56772.772,-3.540,-10.009,7.812,0.06005,0.38720,0.79003,33.53
$MAG,56772.781,-0.015,-0.622,-0.886,32.3
$IMU,56772.847,24.108,-5.676,-2.319,-0.01171,0.55566,0.64892,33.54
$BARO,56772.868,69386.31,33.68
$MAG,56772.882,-0.012,-0.637,-0.886,32.2
$IMU,56772.922,22.216,-11.535,-6.652,-0.01757,0.56884,0.61083,33.55
$BARO,56772.969,69386.46,33.69
$MAG,56772.983,-0.015,-0.639,-0.877,32.2
$IMU,56772.997,20.385,-14.831,-12.695,-0.00781,0.71289,0.62597,33.53
$BARO,56773.071,69387.92,33.68
$IMU,56773.072,15.930,-17.578,-8.544,0.14990,0.96777,0.70166,33.54
$MAG,56773.084,-0.015,-0.648,-0.885,32.2
$HUM,56773.122,26.5,34.0
$IMU,56773.147,-1.586,-19.104,3.784,0.32080,1.10791,0.83056,33.56
$BARO,56773.172,69389.33,33.68
$MAG,56773.185,-0.030,-0.648,-0.904,32.3
$IMU,56773.222,-13.244,-11.840,7.141,0.20605,0.71435,0.72412,33.51
$BARO,56773.274,69391.55,33.68
$MAG,56773.286,-0.033,-0.637,-0.910,32.3
$IMU,56773.297,8.178,-7.934,-12.329,0.16552,0.65185,0.55664,33.55
$IMU,56773.372,8.972,-5.493,2.929,0.32519,0.67187,0.45556,33.53
$BARO,56773.375,69383.68,33.67
$MAG,56773.387,-0.046,-0.655,-0.910,32.3
$IMU,56773.447,3.417,14.160,25.451,0.38720,0.75634,0.52001,33.52
$BARO,56773.476,69396.47,33.68
$MAG,56773.488,-0.024,-0.664,-0.886,32.5
$VBAT,56773.503,3.835
$IMU,56773.523,-2.014,53.100,19.470,0.21826,0.86669,0.43115,33.54
$BARO,56773.578,69399.30,33.68
$MAG,56773.588,-0.018,-0.688,-0.850,32.3
$IMU,56773.598,-10.620,67.260,30.822,-0.05029,0.99365,0.56396,33.53
$IMU,56773.673,-36.682,39.978,26.245,0.07763,1.01708,0.76269,33.57
$BARO,56773.679,69389.97,33.68
$MAG,56773.689,-0.015,-0.675,-0.871,32.2
$IMU,56773.748,-78.308,35.766,39.550,-0.04687,0.67968,0.89208,33.51
$BARO,56773.781,69386.53,33.68
$MAG,56773.790,-0.010,-0.636,-0.909,32.8
$IMU,56773.823,-89.111,32.043,37.658,-0.00537,0.43457,0.92871,33.55
$BARO,56773.882,69390.96,33.68
$MAG,56773.891,-0.003,-0.628,-0.916,32.3
$IMU,56773.898,-58.227,19.714,35.278,0.02880,0.23437,0.93603,33.51
$IMU,56773.973,-27.099,13.671,20.202,0.09326,0.25439,0.94482,33.55
$BARO,56773.983,69395.25,33.68
$MAG,56773.992,-0.009,-0.627,-0.909,32.6
$IMU,56774.048,-8.728,23.254,11.962,0.04541,0.17773,0.91748,33.57
$TIME,56774.079,29856.000,2365
$BARO,56774.085,69390.57,33.68
$MAG,56774.093,0.006,-0.655,-0.892,32.8
$IMU,56774.123,11.596,32.836,13.854,-0.09179,0.21728,1.00439,33.55
$HUM,56774.139,26.4,34.0
$BARO,56774.186,69389.16,33.68
$MAG,56774.193,0.021,-0.664,-0.844,32.5
$IMU,56774.198,39.123,34.484,9.399,-0.20947,0.31591,0.85742,33.53
$IMU,56774.273,61.157,22.033,5.615,-0.18505,0.51953,0.74511,33.50
$BARO,56774.288,69390.60,33.67
$MAG,56774.294,0.018,-0.696,-0.808,32.2
$IMU,56774.348,64.147,12.939,4.943,-0.04003,0.72167,0.75439,33.55
$BARO,56774.389,69382.43,33.68
$MAG,56774.395,0.009,-0.714,-0.768,32.2
$IMU,56774.423,44.189,8.850,11.230,-0.00781,0.98828,0.81396,33.52
$BARO,56774.491,69394.86,33.67
$MAG,56774.496,0.009,-0.724,-0.760,32.3
$IMU,56774.499,7.568,3.051,12.451,0.07275,0.72460,0.80615,33.52
$VBAT,56774.521,3.843
$IMU,56774.574,-1.403,10.192,11.901,0.12255,0.56347,0.68164,33.57
$BARO,56774.592,69395.25,33.67
$MAG,56774.597,-0.001,-0.744,-0.754,32.5
$IMU,56774.649,1.831,34.606,17.822,0.03857,0.56494,0.64599,33.49
$BARO,56774.693,69391.18,33.67
$MAG,56774.698,-0.012,-0.756,-0.718,32.2
$IMU,56774.724,0.549,46.813,27.954,-0.00878,0.64013,0.68261,33.54
$BARO,56774.795,69396.50,33.67
$MAG,56774.799,-0.024,-0.766,-0.688,32.3
$IMU,56774.799,0.915,47.790,31.250,-0.05664,0.68066,0.70361,33.53
$IMU,56774.874,8.666,42.297,27.893,-0.25341,0.89599,0.78417,33.56
$BARO,56774.896,69395.47,33.68
$MAG,56774.899,-0.036,-0.775,-0.663,32.5
$IMU,56774.949,0.976,29.418,16.418,-0.31298,0.96435,0.80517,33.50
$BARO,56774.998,69388.14,33.67
$MAG,56775.000,-0.045,-0.783,-0.661,32.5
$IMU,56775.024,-13.488,26.855,8.728,-0.37060,0.64892,0.79003,33.52
$TIME,56775.079,29857.000,2365
$BARO,56775.099,69385.92,33.67
$IMU,56775.099,-1.953,19.775,15.563,-0.26171,0.63720,0.62695,33.53
$MAG,56775.101,-0.046,-0.789,-0.640,32.5
$HUM,56775.156,26.4,34.0
$IMU,56775.174,2.685,17.333,17.944,-0.21826,0.67236,0.57031,33.52
$BARO,56775.200,69389.19,33.67
$MAG,56775.202,-0.075,-0.801,-0.633,32.7
$IMU,56775.249,-1.770,21.179,21.240,-0.23046,0.74658,0.59228,33.54
$BARO,56775.302,69391.79,33.67
$MAG,56775.303,-0.091,-0.799,-0.628,32.5
$IMU,56775.324,2.014,24.169,21.789,-0.21093,0.73730,0.52246,33.55
$IMU,56775.400,6.530,27.160,26.733,-0.19726,0.77978,0.51171,33.52
$BARO,56775.403,69390.79,33.67
$MAG,56775.404,-0.114,-0.813,-0.603,32.7
$IMU,56775.475,3.479,35.156,36.437,-0.17138,0.85742,0.56640,33.50
$BARO,56775.505,69387.14,33.67
$MAG,56775.505,-0.151,-0.826,-0.598,32.5
$VBAT,56775.531,3.839
$IMU,56775.550,-6.347,44.006,37.292,-0.20947,0.98095,0.73339,33.51
$MAG,56775.605,-0.192,-0.832,-0.595,32.5
$BARO,56775.606,69385.70,33.67
$IMU,56775.625,-20.385,38.574,33.081,-0.19726,0.90185,0.85937,33.51
$IMU,56775.700,-21.484,29.724,26.184,-0.20800,0.75439,0.80517,33.52
$MAG,56775.706,-0.205,-0.847,-0.607,32.3
$BARO,56775.707,69379.41,33.67
$IMU,56775.775,-6.774,19.348,15.136,-0.21435,0.68457,0.62500,33.51
$MAG,56775.807,-0.211,-0.843,-0.597,32.3
$BARO,56775.809,69396.08,33.67
$IMU,56775.850,-0.183,7.202,11.169,-0.05419,0.60498,0.65332,33.52
$MAG,56775.908,-0.211,-0.855,-0.597,32.5
$BARO,56775.910,69393.84,33.67
$IMU,56775.925,7.446,9.643,11.535,-0.11181,0.68261,0.57714,33.54
$IMU,56776.000,18.920,1.831,-0.366,-0.10400,0.76513,0.81689,33.53
$MAG,56776.009,-0.220,-0.853,-0.576,32.3
$BARO,56776.012,69398.30,33.67
$IMU,56776.075,24.291,-15.258,-4.760,-0.17138,0.62939,0.69189,33.53
$TIME,56776.079,29858.000,2365
$MAG,56776.110,-0.207,-0.846,-0.535,32.5
$BARO,56776.113,69393.48,33.66
$IMU,56776.150,51.025,-39.428,-12.817,-0.06445,1.02294,0.55957,33.51
$HUM,56776.173,26.2,34.0
$MAG,56776.210,-0.190,-0.831,-0.516,32.3
$BARO,56776.215,69393.04,33.67
$IMU,56776.225,36.987,-24.108,-3.112,-0.13623,1.08886,0.55224,33.50
$IMU,56776.300,12.512,-8.605,-11.657,-0.32568,0.91503,0.50927,33.53
$MAG,56776.311,-0.174,-0.817,-0.505,32.3
$BARO,56776.316,69394.65,33.67
$IMU,56776.376,9.155,-3.479,-16.845,-0.24365,0.76416,0.49853,33.52
$MAG,56776.412,-0.168,-0.825,-0.499,32.5
$BARO,56776.417,69394.86,33.67
$IMU,56776.451,9.460,2.197,-2.868,-0.26269,0.73876,0.39990,33.55
$MAG,56776.513,-0.166,-0.817,-0.487,32.3
$BARO,56776.519,69395.86,33.67
$IMU,56776.526,9.948,0.244,-3.906,-0.29101,0.84082,0.39941,33.53
$VBAT,56776.540,3.842
$IMU,56776.601,5.126,0.427,-7.995,-0.38623,0.85791,0.36865,33.55
$MAG,56776.614,-0.154,-0.810,-0.495,32.6
$BARO,56776.620,69402.37,33.67
$IMU,56776.676,8.300,-1.953,-6.225,-0.44873,0.88964,0.37500,33.55
$MAG,56776.715,-0.144,-0.814,-0.481,32.3
$BARO,56776.722,69395.47,33.67
$IMU,56776.751,6.225,-8.789,2.990,-0.51416,0.86523,0.37597,33.49
$MAG,56776.816,-0.160,-0.814,-0.477,32.2
$BARO,56776.823,69392.23,33.67
$IMU,56776.826,7.629,-20.385,13.244,-0.41455,0.88085,0.39062,33.53
$IMU,56776.901,12.329,-26.855,26.916,-0.16210,1.07617,0.45800,33.51
$MAG,56776.917,-0.169,-0.814,-0.475,32.3
$BARO,56776.924,69398.55,33.66
$IMU,56776.976,-3.845,-17.272,37.902,0.15527,0.95703,0.53857,33.53
$MAG,56777.017,-0.213,-0.838,-0.504,32.8
$BARO,56777.026,69387.60,33.66
$IMU,56777.051,-27.221,1.525,46.875,0.17871,0.83544,0.51464,33.50
$TIME,56777.079,29859.000,2365
$MAG,56777.118,-0.240,-0.844,-0.504,32.2
$IMU,56777.126,-17.761,16.357,20.080,0.14160,0.83642,0.55664,33.54
$BARO,56777.127,69393.26,33.67
$HUM,56777.191,26.2,33.9
$IMU,56777.201,-9.948,14.831,18.310,0.30517,0.75488,0.42529,33.52
$MAG,56777.219,-0.252,-0.841,-0.517,32.7
$BARO,56777.229,69385.31,33.67
$IMU,56777.277,2.685,20.751,9.216,0.22167,0.80175,0.36865,33.55
$MAG,56777.320,-0.247,-0.853,-0.505,32.2
$BARO,56777.330,69385.53,33.67
$IMU,56777.352,6.286,31.860,-7.629,0.08251,0.85839,0.44238,33.49
$MAG,56777.421,-0.270,-0.846,-0.486,32.3
$IMU,56777.427,7.446,34.851,2.014,0.11376,0.86328,0.45312,33.53
$BARO,56777.431,69392.26,33.66
$IMU,56777.502,10.620,40.039,3.112,-0.01953,0.97314,0.46875,33.50
$MAG,56777.521,-0.273,-0.835,-0.480,32.5
$BARO,56777.533,69404.44,33.66
$VBAT,56777.550,3.842
$IMU,56777.577,5.371,38.574,0.122,-0.12744,1.17431,0.55078,33.49
$MAG,56777.622,-0.294,-0.838,-0.481,32.7
$BARO,56777.634,69392.23,33.67
$IMU,56777.652,-0.488,37.658,6.958,-0.27880,0.95361,0.49365,33.51
$MAG,56777.723,-0.307,-0.835,-0.480,32.3
$IMU,56777.727,3.234,35.949,0.122,-0.35937,0.93701,0.39746,33.50
$BARO,56777.736,69395.72,33.66
$IMU,56777.802,1.159,35.278,9.277,-0.31445,0.70556,0.27148,33.52
$MAG,56777.824,-0.336,-0.852,-0.490,32.5
$BARO,56777.837,69383.51,33.66
$IMU,56777.877,1.831,29.663,24.169,-0.29052,0.90625,0.33496,33.52
$MAG,56777.925,-0.354,-0.838,-0.484,32.2
$BARO,56777.939,69394.28,33.66
$IMU,56777.952,-8.605,23.254,21.362,-0.33349,0.81689,0.44580,33.50
$MAG,56778.025,-0.375,-0.835,-0.492,32.2
$IMU,56778.027,-12.390,13.366,16.784,-0.26416,0.83642,0.57373,33.53
$BARO,56778.040,69393.28,33.66
$TIME,56778.079,29860.000,2365
$IMU,56778.102,-8.178,3.051,20.263,-0.12304,0.96191,0.58740,33.54
$MAG,56778.126,-0.394,-0.831,-0.498,32.3
$BARO,56778.141,69388.02,33.66
$IMU,56778.177,5.065,-1.708,15.441,0.07031,1.04296,0.56787,33.54
$HUM,56778.208,25.8,33.9
$MAG,56778.227,-0.414,-0.835,-0.501,32.2
$BARO,56778.243,69389.79,33.67
$IMU,56778.253,-5.615,-2.075,20.751,0.15478,0.96093,0.58447,33.54
$MAG,56778.328,-0.408,-0.837,-0.508,32.5
$IMU,56778.328,-9.216,-0.366,4.272,0.04003,0.72607,0.44384,33.49
$BARO,56778.344,69397.13,33.66
$IMU,56778.403,0.671,-15.686,-12.817,0.02392,0.78759,0.36132,33.48
$MAG,56778.429,-0.378,-0.849,-0.496,32.7
$BARO,56778.446,69395.89,33.67
$IMU,56778.478,9.155,-21.179,-17.700,0.01416,0.90429,0.33496,33.51
$MAG,56778.530,-0.361,-0.847,-0.483,32.3
$BARO,56778.547,69395.11,33.66
$IMU,56778.553,5.126,-20.202,-12.756,0.07910,0.94335,0.35449,33.51
$VBAT,56778.559,3.829
$IMU,56778.628,-4.394,-13.732,-8.544,0.14648,0.88037,0.37353,33.53
$MAG,56778.630,-0.363,-0.844,-0.495,32.6
$BARO,56778.648,69399.57,33.66
$IMU,56778.703,0.000,-1.342,-6.225,0.15966,0.92431,0.42382,33.48
$MAG,56778.731,-0.352,-0.841,-0.486,32.6
$BARO,56778.750,69392.67,33.66
$IMU,56778.778,5.126,10.986,-7.568,0.15576,1.09619,0.50732,33.51
$MAG,56778.832,-0.357,-0.841,-0.475,32.3
$BARO,56778.851,69394.08,33.66
$IMU,56778.853,5.187,26.184,-8.544,-0.07226,1.01806,0.53564,33.55
$IMU,56778.928,3.173,23.254,-14.526,-0.31005,0.96484,0.54150,33.49
$MAG,56778.933,-0.346,-0.844,-0.487,32.3
$BARO,56778.953,69388.02,33.66
$IMU,56779.003,-7.751,9.521,-21.789,-0.25195,0.82031,0.49365,33.51
$MAG,56779.034,-0.337,-0.849,-0.496,32.3
$BARO,56779.054,69391.26,33.66
$IMU,56779.078,-6.225,0.244,-0.549,-0.15625,0.78320,0.32373,33.54
$TIME,56779.079,29861.000,2365
$MAG,56779.135,-0.322,-0.850,-0.513,32.2
$IMU,56779.154,-11.901,1.953,0.488,-0.16210,1.00341,0.28173,33.48
$BARO,56779.156,69392.89,33.66
$HUM,56779.225,25.7,33.9
$IMU,56779.229,-56.701,5.126,6.042,-0.32324,0.96191,0.31640,33.56
$MAG,56779.236,-0.340,-0.861,-0.561,32.5
$BARO,56779.257,69380.46,33.66
$IMU,56779.304,-96.008,-5.249,9.094,-0.38232,0.79492,0.45605,33.52
$MAG,56779.336,-0.349,-0.856,-0.676,32.5
$BARO,56779.358,69391.26,33.66
$IMU,56779.379,-117.919,-19.958,18.005,-0.37158,0.62695,0.58251,33.51
$MAG,56779.437,-0.367,-0.843,-0.778,32.2
$IMU,56779.454,-121.704,-31.860,16.723,-0.21289,0.30761,0.76611,33.53
$BARO,56779.460,69391.43,33.66
$IMU,56779.529,-84.777,-40.771,3.356,0.06640,0.27929,1.02197,33.56
$MAG,56779.538,-0.388,-0.799,-0.831,32.2
$BARO,56779.561,69387.77,33.66
$VBAT,56779.569,3.826
$IMU,56779.604,-51.147,-37.902,10.742,0.35888,0.25341,1.10937,33.51
$MAG,56779.639,-0.414,-0.784,-0.865,32.3
$BARO,56779.663,69399.62,33.65
$IMU,56779.679,-40.405,-22.277,23.315,0.36474,0.10693,1.11083,33.51
$MAG,56779.740,-0.409,-0.769,-0.871,32.2
$IMU,56779.754,-23.742,-5.798,3.173,0.26269,-0.00292,0.96826,33.51
$BARO,56779.764,69391.28,33.65
$IMU,56779.829,-5.798,-1.281,0.183,0.22216,0.13671,0.93554,33.53
$MAG,56779.841,-0.411,-0.765,-0.880,32.3
$BARO,56779.865,69396.13,33.66
$IMU,56779.904,-8.605,0.915,4.089,0.27636,0.13964,0.94433,33.52
$MAG,56779.942,-0.423,-0.766,-0.888,32.3
$BARO,56779.967,69397.79,33.65
$IMU,56779.979,0.061,6.408,4.760,0.21533,0.23242,0.87304,33.50
$MAG,56780.043,-0.402,-0.763,-0.894,32.3
$IMU,56780.054,2.258,7.446,0.915,0.20947,0.31250,0.86474,33.51
$BARO,56780.068,69394.74,33.65
$TIME,56780.079,29863.000,2365
$IMU,56780.130,0.305,14.770,8.361,0.23486,0.32373,1.01806,33.53
$MAG,56780.144,-0.411,-0.750,-0.904,32.2
$BARO,56780.170,69394.91,33.66
$IMU,56780.205,-7.324,26.245,12.634,0.04833,0.13818,1.20214,33.53
$HUM,56780.242,25.8,33.9
$MAG,56780.245,-0.393,-0.762,-0.909,32.3
$BARO,56780.271,69394.30,33.66
$IMU,56780.280,5.981,24.414,0.549,-0.27001,0.22460,1.15625,33.53
$MAG,56780.346,-0.385,-0.769,-0.909,32.2
$IMU,56780.355,2.563,7.507,-11.230,-0.21337,0.09179,0.90771,33.52
$BARO,56780.372,69394.52,33.66
$IMU,56780.430,14.648,-3.906,2.258,-0.16210,0.17919,0.66943,33.51
$MAG,56780.447,-0.388,-0.772,-0.885,32.3
$BARO,56780.474,69393.91,33.66
$IMU,56780.505,9.277,-14.770,0.183,-0.00146,0.20996,0.75341,33.50
$MAG,56780.547,-0.400,-0.775,-0.894,32.2
$BARO,56780.575,69389.62,33.66
$VBAT,56780.577,3.840
$IMU,56780.580,-3.051,-15.319,-2.014,0.02783,0.24072,0.82714,33.49
$MAG,56780.648,-0.406,-0.769,-0.907,32.2
$IMU,56780.655,-15.747,-18.615,-5.493,0.10693,0.18505,0.88916,33.52
$BARO,56780.677,69393.33,33.65
$IMU,56780.730,-11.657,-17.761,-11.291,0.22167,0.00537,0.82373,33.50
$MAG,56780.749,-0.393,-0.775,-0.901,32.3
$BARO,56780.778,69395.13,33.66
$IMU,56780.805,-0.366,-12.451,-4.333,0.22509,0.14306,0.86083,33.53
$MAG,56780.850,-0.402,-0.757,-0.912,32.2
$BARO,56780.879,69393.91,33.65
$IMU,56780.880,-2.807,-6.774,1.708,0.13232,0.04248,0.86962,33.53
$MAG,56780.951,-0.417,-0.753,-0.916,32.3
$IMU,56780.955,-14.831,-6.896,10.070,0.15039,0.00000,0.94775,33.53
$BARO,56780.981,69400.23,33.65
$IMU,56781.031,-18.493,-4.577,22.094,0.21484,-0.01953,1.03027,33.52
$MAG,56781.052,-0.433,-0.735,-0.936,32.3
$BARO,56781.082,69395.52,33.66
$IMU,56781.106,-21.972,-3.234,21.606,0.15966,0.17333,1.22265,33.54
$MAG,56781.153,-0.453,-0.709,-0.952,32.2
$IMU,56781.181,-29.418,-11.413,17.700,0.39013,-0.13720,1.39697,33.52
$BARO,56781.184,69394.74,33.65
$MAG,56781.254,-0.447,-0.720,-0.949,32.5
$IMU,56781.256,5.065,0.671,14.465,0.34814,0.00292,1.48583,33.55
$HUM,56781.259,26.1,33.9
$BARO,56781.285,69400.64,33.65
$IMU,56781.331,40.954,-6.591,-1.098,0.25048,0.02978,1.26953,33.52
$MAG,56781.355,-0.453,-0.748,-0.904,32.2
$BARO,56781.387,69400.64,33.65
$IMU,56781.406,55.053,-15.502,-2.685,0.10058,0.11474,0.87060,33.48
$MAG,56781.456,-0.471,-0.783,-0.861,32.3
$IMU,56781.481,56.457,-28.747,-4.760,0.02246,0.09179,0.80078,33.55
$BARO,56781.488,69400.84,33.65
$IMU,56781.556,36.804,-31.372,8.422,0.32519,0.41210,1.04541,33.55
$MAG,56781.557,-0.489,-0.786,-0.828,32.2
$VBAT,56781.585,3.835
$BARO,56781.589,69394.72,33.66
$IMU,56781.631,13.244,-9.460,15.441,0.44433,0.29882,1.04150,33.51
$MAG,56781.658,-0.496,-0.786,-0.808,32.5
$BARO,56781.691,69411.61,33.65
$IMU,56781.706,15.319,1.770,2.319,0.28613,0.29638,0.93505,33.52
$MAG,56781.758,-0.495,-0.795,-0.795,32.2
$IMU,56781.781,15.930,-10.803,-6.225,0.29931,0.54248,0.95898,33.51
$BARO,56781.792,69405.30,33.65
$IMU,56781.856,11.291,-26.977,-14.770,0.30273,0.38671,0.97460,33.52
$MAG,56781.859,-0.496,-0.804,-0.762,32.2
$BARO,56781.894,69396.77,33.65
$IMU,56781.931,20.324,-39.733,-26.611,0.39648,0.45556,0.89648,33.51
$MAG,56781.960,-0.480,-0.825,-0.735,32.3
$BARO,56781.995,69396.79,33.65
$IMU,56782.007,23.071,-35.095,-23.254,0.48046,0.51318,0.78906,33.55
$MAG,56782.061,-0.471,-0.828,-0.711,32.2
$TIME,56782.079,29865.000,2365
$IMU,56782.082,20.874,-25.573,-16.296,0.61865,0.48242,0.66894,33.50
$BARO,56782.096,69392.91,33.65
$IMU,56782.157,19.775,-16.540,-25.573,0.50585,0.61865,0.54199,33.52
$MAG,56782.162,-0.456,-0.843,-0.691,32.2
$BARO,56782.198,69386.80,33.65
$IMU,56782.232,-2.868,-23.132,-27.038,0.52880,0.53906,0.59326,33.51
$MAG,56782.263,-0.435,-0.852,-0.694,32.2
$HUM,56782.276,26.1,33.9
$BARO,56782.299,69401.25,33.65
$IMU,56782.307,-8.605,-14.343,-27.465,0.43115,0.52978,0.59814,33.50
$MAG,56782.364,-0.421,-0.853,-0.699,32.2
$IMU,56782.382,-4.394,-6.958,-23.010,0.36181,0.57958,0.56152,33.52
$BARO,56782.401,69392.91,33.65
$IMU,56782.457,-8.422,-5.432,-14.526,0.40478,0.58300,0.58691,33.52
$MAG,56782.465,-0.411,-0.861,-0.714,32.2
$BARO,56782.502,69402.06,33.65
$IMU,56782.532,-12.512,4.028,-0.366,0.52001,0.60351,0.71435,33.52
$MAG,56782.566,-0.408,-0.853,-0.730,32.2
$VBAT,56782.595,3.843
$BARO,56782.603,69394.13,33.65
$IMU,56782.607,-20.263,6.347,-2.136,0.41699,0.54199,0.89941,33.55
$MAG,56782.667,-0.394,-0.864,-0.736,32.2
$IMU,56782.682,-17.944,1.770,-16.052,0.35693,0.44335,0.96484,33.54
$BARO,56782.705,69396.57,33.65
$IMU,56782.757,-7.446,2.380,-8.972,0.35888,0.47802,0.97949,33.53
$MAG,56782.768,-0.388,-0.858,-0.757,32.2
$BARO,56782.806,69386.21,33.64
$IMU,56782.832,0.366,0.610,-9.826,0.38623,0.44140,0.96191,33.50
$MAG,56782.869,-0.363,-0.865,-0.736,32.2
$BARO,56782.908,69397.23,33.64
$IMU,56782.908,18.005,-0.061,-19.531,0.31347,0.47314,0.86962,33.49
$MAG,56782.970,-0.346,-0.873,-0.712,32.5
$IMU,56782.983,26.123,-4.150,-27.404,0.24365,0.52734,0.75781,33.56
$BARO,56783.009,69390.28,33.65
$IMU,56783.058,25.634,-5.920,-23.132,0.17626,0.59814,0.65869,33.50
$MAG,56783.071,-0.331,-0.882,-0.687,32.5
$BARO,56783.110,69408.15,33.65
$IMU,56783.133,17.822,-15.625,-16.540,0.19726,0.68603,0.64404,33.49
$MAG,56783.172,-0.318,-0.882,-0.684,32.3
$IMU,56783.208,4.516,-18.249,-5.310,0.47021,0.82128,0.75048,33.51
$BARO,56783.212,69391.50,33.64
$MAG,56783.273,-0.321,-0.879,-0.679,32.2
$IMU,56783.283,-2.807,-4.638,3.784,0.57275,0.55419,0.76367,33.49
$HUM,56783.293,26.2,33.9
$BARO,56783.313,69401.25,33.65
$IMU,56783.358,16.662,5.187,-26.672,0.43066,0.71435,0.59521,33.52
$MAG,56783.374,-0.291,-0.879,-0.664,32.2
$BARO,56783.415,69395.57,33.65
$IMU,56783.433,5.371,-0.549,-27.648,0.35400,0.73828,0.62988,33.51
$MAG,56783.475,-0.261,-0.877,-0.667,32.1
$IMU,56783.508,1.953,-9.033,-29.479,0.35986,0.68212,0.65722,33.51
$BARO,56783.516,69395.38,33.64
$MAG,56783.575,-0.241,-0.886,-0.652,32.5
$IMU,56783.583,13.122,-8.972,-31.188,0.33349,0.82031,0.61718,33.53
$VBAT,56783.604,3.835
$BARO,56783.617,69397.57,33.65
$IMU,56783.658,13.488,-9.033,-35.339,0.30712,0.80957,0.53759,33.52
$MAG,56783.676,-0.192,-0.882,-0.643,32.3
$BARO,56783.719,69401.86,33.65
$IMU,56783.733,15.380,-2.014,-42.602,0.27148,0.83398,0.48193,33.56
$MAG,56783.777,-0.163,-0.871,-0.618,32.3
$IMU,56783.808,11.047,11.169,-35.827,0.13769,0.91503,0.54345,33.54
$BARO,56783.820,69381.53,33.65
$MAG,56783.878,-0.133,-0.861,-0.627,32.3
$IMU,56783.884,-3.845,11.962,-31.799,0.03076,0.78662,0.67919,33.51
$BARO,56783.922,69391.92,33.65
$IMU,56783.959,-7.080,17.456,-33.447,-0.10546,0.68945,0.69775,33.48
$MAG,56783.979,-0.099,-0.852,-0.621,32.2
$BARO,56784.023,69393.16,33.64
$IMU,56784.034,4.638,11.840,-24.658,-0.14794,0.76025,0.65869,33.52
$TIME,56784.079,29866.000,2365
$MAG,56784.080,-0.097,-0.849,-0.615,32.3
$IMU,56784.109,6.530,5.371,-15.380,-0.13916,0.75439,0.68896,33.55
$BARO,56784.124,69403.10,33.65
$MAG,56784.181,-0.082,-0.843,-0.612,32.2
$IMU,56784.184,9.155,7.751,-8.972,-0.11816,0.82128,0.67431,33.50
$BARO,56784.226,69388.89,33.64
$IMU,56784.259,4.760,14.709,-4.638,-0.16650,0.77783,0.55615,33.55
$MAG,56784.282,-0.087,-0.841,-0.610,32.3
$HUM,56784.310,26.2,33.9
$BARO,56784.327,69391.70,33.64
$IMU,56784.334,-1.098,9.460,-7.141,-0.15527,0.79541,0.49267,33.52
$MAG,56784.383,-0.069,-0.843,-0.607,32.3
$IMU,56784.409,-7.690,8.483,-7.507,-0.26757,0.79687,0.47998,33.51
$BARO,56784.429,69398.45,33.64
$MAG,56784.484,-0.078,-0.843,-0.622,32.5
$IMU,56784.484,-17.028,-1.037,0.488,-0.19921,0.74511,0.52001,33.51
$BARO,56784.530,69387.65,33.64
$IMU,56784.559,-12.145,-5.554,2.197,-0.19775,0.78515,0.56884,33.55
$MAG,56784.585,-0.070,-0.840,-0.634,32.5
$VBAT,56784.614,3.842
$BARO,56784.631,69391.09,33.64
$IMU,56784.634,0.854,-15.136,-5.249,-0.12011,0.78906,0.57421,33.53
$MAG,56784.686,-0.070,-0.843,-0.630,32.2
$IMU,56784.709,-4.394,-15.808,-1.831,-0.07177,0.77636,0.50390,33.50
$BARO,56784.733,69395.60,33.64
$IMU,56784.785,-9.460,-14.099,4.821,0.09033,0.94042,0.58056,33.50
$MAG,56784.787,-0.075,-0.853,-0.658,32.3
$BARO,56784.834,69385.63,33.64
$IMU,56784.860,-19.104,-17.700,9.948,0.10351,0.74218,0.60156,33.50
$MAG,56784.888,-0.078,-0.844,-0.673,32.2
$BARO,56784.935,69392.91,33.65
$IMU,56784.935,-9.216,-17.333,-14.221,0.15087,0.75976,0.62158,33.51
$MAG,56784.988,-0.046,-0.828,-0.684,32.2
$IMU,56785.010,-3.784,-3.173,-19.714,0.01123,0.80957,0.60986,33.49
$BARO,56785.037,69391.92,33.64
$TIME,56785.079,29867.000,2365
$IMU,56785.085,-21.118,-1.159,-7.019,-0.03857,0.80419,0.57666,33.51
$MAG,56785.089,-0.070,-0.826,-0.714,32.2
$BARO,56785.138,69396.64,33.64
$IMU,56785.160,-45.593,-8.300,8.605,-0.13574,0.70751,0.71484,33.53
$MAG,56785.190,-0.064,-0.826,-0.747,32.3
$IMU,56785.235,-42.541,-9.948,12.145,-0.13378,0.64453,0.80761,33.48
$BARO,56785.240,69390.11,33.64
$MAG,56785.291,-0.087,-0.819,-0.790,32.2
$IMU,56785.310,-40.771,-1.403,11.230,-0.10351,0.63427,0.86523,33.49
$HUM,56785.327,26.1,33.9
$BARO,56785.341,69390.72,33.64
$IMU,56785.385,-59.020,7.141,24.963,-0.10009,0.45410,0.88574,33.49
$MAG,56785.392,-0.100,-0.801,-0.837,32.2
$BARO,56785.442,69398.23,33.64
$IMU,56785.460,-51.269,3.723,23.437,-0.00439,0.30810,0.90673,33.50
$MAG,56785.493,-0.105,-0.796,-0.858,32.5
$IMU,56785.535,-36.193,8.239,15.747,-0.05029,0.28906,0.91015,33.51
$BARO,56785.544,69394.40,33.64
$MAG,56785.594,-0.112,-0.783,-0.874,32.1
$IMU,56785.610,-22.521,12.023,4.943,-0.21826,0.34130,0.95166,33.57
$VBAT,56785.631,3.840
$BARO,56785.645,69395.18,33.64
$IMU,56785.686,-17.883,-1.464,-11.718,-0.20654,0.31933,1.03271,33.56
$MAG,56785.695,-0.100,-0.769,-0.886,32.6
$BARO,56785.747,69398.01,33.64
$IMU,56785.761,-11.718,-8.544,-1.525,-0.12939,0.21191,0.99218,33.54
$MAG,56785.796,-0.108,-0.775,-0.897,32.3
$IMU,56785.836,5.187,-7.263,2.929,-0.05126,0.32519,0.93066,33.48
$BARO,56785.848,69379.14,33.64
$MAG,56785.897,-0.093,-0.771,-0.894,32.2
$IMU,56785.911,7.263,-0.061,-5.920,-0.12939,0.42089,0.95068,33.51
$BARO,56785.949,69400.91,33.64
$IMU,56785.986,2.685,-2.075,-7.385,-0.13818,0.39013,1.00781,33.51
$MAG,56785.998,-0.099,-0.774,-0.895,32.2
$BARO,56786.051,69387.87,33.64
$IMU,56786.061,4.333,-5.920,3.051,0.05029,0.31445,1.01464,33.55
$TIME,56786.079,29867.000,2365
$MAG,56786.099,-0.102,-0.795,-0.882,32.2
$IMU,56786.136,12.451,8.544,17.822,0.07910,0.15478,1.00537,33.50
$BARO,56786.152,69385.65,33.64
$MAG,56786.199,-0.124,-0.801,-0.849,32.2
$IMU,56786.211,29.602,20.446,19.226,0.06250,0.30029,1.00830,33.51
$BARO,56786.254,69396.64,33.63
$IMU,56786.286,36.987,20.385,24.658,0.15527,0.35205,1.01611,33.50
$MAG,56786.300,-0.121,-0.835,-0.801,32.2
$HUM,56786.344,25.9,33.9
$BARO,56786.355,69387.09,33.63
$IMU,56786.361,54.931,43.518,29.541,0.15576,0.39257,0.88476,33.52
$MAG,56786.401,-0.136,-0.862,-0.705,32.3
$IMU,56786.436,78.369,68.969,35.949,-0.00732,0.62744,0.69775,33.52
$BARO,56786.456,69392.16,33.64
$MAG,56786.502,-0.169,-0.880,-0.619,32.5
$IMU,56786.511,74.829,66.772,36.376,-0.09570,0.82324,0.59326,33.48
$BARO,56786.558,69392.35,33.64
$IMU,56786.586,54.809,56.762,31.494,-0.11865,0.84033,0.53955,33.50
$MAG,56786.603,-0.205,-0.877,-0.556,32.2
$VBAT,56786.649,3.831
$BARO,56786.659,69398.47,33.63
$IMU,56786.662,42.358,40.466,20.019,-0.15869,0.85546,0.51708,33.50
$MAG,56786.704,-0.214,-0.877,-0.526,32.2
$IMU,56786.737,34.606,20.324,5.187,-0.11474,0.87451,0.47802,33.53
$BARO,56786.761,69391.55,33.64
$MAG,56786.805,-0.213,-0.877,-0.499,32.2
$IMU,56786.812,29.235,11.352,1.037,-0.15917,0.91406,0.41796,33.49
$BARO,56786.862,69385.63,33.64
$IMU,56786.887,24.719,2.441,-5.126,-0.20654,1.05322,0.41357,33.46
$MAG,56786.906,-0.214,-0.868,-0.481,32.5
$IMU,56786.962,17.028,-3.051,-10.070,-0.25000,0.91845,0.39306,33.48
$BARO,56786.963,69396.42,33.64
$MAG,56787.007,-0.208,-0.871,-0.466,32.2
$IMU,56787.037,12.817,-1.953,-8.422,-0.26464,0.86474,0.33154,33.51
$BARO,56787.065,69400.71,33.63
$TIME,56787.079,29869.000,2365
$MAG,56787.108,-0.205,-0.859,-0.468,32.2
$IMU,56787.112,9.094,-3.112,-3.234,-0.28222,0.92138,0.34667,33.50
$BARO,56787.166,69392.79,33.63
$IMU,56787.187,2.929,-2.136,-3.601,-0.34570,0.95507,0.34277,33.51
$MAG,56787.209,-0.192,-0.867,-0.460,32.2
$IMU,56787.262,-2.258,-4.943,-6.896,-0.31884,0.87548,0.35498,33.52
$BARO,56787.267,69393.60,33.63
$MAG,56787.310,-0.184,-0.865,-0.468,32.3
$IMU,56787.337,-6.164,-6.774,-3.173,-0.32421,0.84375,0.36474,33.53
$HUM,56787.361,26.0,33.9
$BARO,56787.369,69391.74,33.64
$MAG,56787.411,-0.184,-0.867,-0.477,32.2
$IMU,56787.412,-4.455,-5.859,-2.990,-0.35009,0.86328,0.38769,33.48
$BARO,56787.470,69391.16,33.63
$IMU,56787.487,-1.281,-4.882,-3.051,-0.36865,0.85546,0.38281,33.51
$MAG,56787.511,-0.168,-0.864,-0.480,32.2
$IMU,56787.563,2.746,-8.056,-0.976,-0.37011,0.84423,0.35888,33.50
$BARO,56787.572,69392.38,33.63
$MAG,56787.612,-0.175,-0.855,-0.472,32.5
$IMU,56787.638,7.141,-11.840,-0.488,-0.39843,0.96826,0.35595,33.52
$VBAT,56787.657,3.839
$BARO,56787.673,69387.28,33.63
$MAG,56787.713,-0.162,-0.864,-0.472,32.2
$IMU,56787.713,3.906,-18.676,-3.417,-0.31103,0.96240,0.40185,33.53
$BARO,56787.774,69391.35,33.63
$IMU,56787.788,-2.380,-22.583,-1.647,-0.19042,0.94970,0.43066,33.47
$MAG,56787.814,-0.163,-0.865,-0.490,32.3
$IMU,56787.863,-3.417,-23.376,2.563,-0.15332,0.84472,0.41894,33.55
$BARO,56787.876,69400.30,33.64
$MAG,56787.915,-0.151,-0.864,-0.498,32.2
$IMU,56787.938,0.427,-27.709,-5.065,-0.22314,0.85888,0.40625,33.47
$BARO,56787.977,69395.23,33.63
$IMU,56788.013,-1.281,-53.894,-13.671,-0.18261,0.94970,0.44433,33.51
$MAG,56788.016,-0.111,-0.859,-0.522,32.2
$BARO,56788.079,69389.55,33.63
$TIME,56788.079,29870.000,2365
$IMU,56788.088,-10.803,-76.049,-20.019,-0.03125,0.90722,0.49267,33.50
$MAG,56788.117,-0.085,-0.849,-0.558,32.2
$IMU,56788.163,-15.686,-71.533,-13.671,0.09667,0.82373,0.52392,33.51
$BARO,56788.180,69395.86,33.63
$MAG,56788.218,-0.084,-0.865,-0.598,32.2
$IMU,56788.238,-11.047,-52.185,-1.647,0.15771,0.83105,0.56494,33.50
$BARO,56788.281,69401.74,33.63
$IMU,56788.313,-8.666,-32.470,4.150,0.11572,0.91015,0.60791,33.49
$MAG,56788.319,-0.072,-0.850,-0.618,32.2
$HUM,56788.378,26.2,33.9
$BARO,56788.383,69390.77,33.63
$IMU,56788.388,-6.958,-19.470,-7.751,0.01953,0.78466,0.57373,33.54
$MAG,56788.420,-0.051,-0.847,-0.618,32.2
$IMU,56788.463,1.342,-16.662,-23.254,-0.07666,0.84960,0.54541,33.48
$BARO,56788.484,69392.21,33.63
$MAG,56788.521,-0.037,-0.838,-0.630,32.2
$IMU,56788.539,4.394,-21.118,-23.437,-0.04687,0.86181,0.56103,33.49
$BARO,56788.585,69390.60,33.62
$IMU,56788.614,0.183,-13.427,-15.319,-0.06005,0.83593,0.57275,33.51
$MAG,56788.622,-0.031,-0.828,-0.630,32.1
$VBAT,56788.657,3.829
$BARO,56788.687,69395.04,33.63
$IMU,56788.689,-2.075,-7.934,-17.395,-0.17822,0.80468,0.59912,33.46
$MAG,56788.723,-0.012,-0.817,-0.643,32.2
$IMU,56788.764,2.441,-14.892,-18.615,-0.15820,0.81201,0.57812,33.46
$BARO,56788.788,69389.38,33.62
$MAG,56788.824,-0.003,-0.813,-0.645,32.2
$IMU,56788.839,7.446,-14.953,-12.390,-0.10546,0.84033,0.54003,33.46
$BARO,56788.890,69400.76,33.62
$IMU,56788.914,7.324,-7.202,-7.507,-0.17724,0.84423,0.52783,33.48
$MAG,56788.925,0.016,-0.808,-0.648,32.2
$IMU,56788.989,6.530,-7.324,-2.502,-0.18652,0.87646,0.48291,33.49
$BARO,56788.991,69396.69,33.62
$MAG,56789.026,-0.001,-0.814,-0.643,32.2
$IMU,56789.064,1.892,-10.070,4.577,-0.10839,0.93847,0.47363,33.53
$TIME,56789.079,29870.000,2365
$BARO,56789.092,69388.94,33.63
$MAG,56789.127,-0.004,-0.817,-0.655,32.3
$IMU,56789.139,-11.413,-1.953,6.835,-0.11669,0.90966,0.51074,33.46
$BARO,56789.194,69383.26,33.62
$IMU,56789.214,-20.507,5.371,6.896,-0.14550,0.83642,0.58496,33.46
$MAG,56789.228,-0.007,-0.817,-0.670,32.1
$IMU,56789.289,-22.216,7.568,20.202,-0.04394,0.81591,0.60986,33.46
$BARO,56789.295,69395.69,33.62
$MAG,56789.328,-0.027,-0.832,-0.678,32.2
$IMU,56789.364,-19.348,8.666,16.540,-0.05566,0.95507,0.58691,33.51
$HUM,56789.395,26.3,33.9
$BARO,56789.397,69386.72,33.62
$MAG,56789.429,-0.033,-0.823,-0.717,32.2
$IMU,56789.440,-44.921,3.784,2.197,-0.01074,0.83691,0.52441,33.47
$BARO,56789.498,69391.23,33.62
$IMU,56789.515,-75.256,0.488,2.258,-0.06494,0.79345,0.55566,33.48
$MAG,56789.530,-0.022,-0.810,-0.789,32.5
$IMU,56789.590,-97.106,0.244,2.075,-0.05859,0.51953,0.72851,33.50
$BARO,56789.599,69392.23,33.62
$MAG,56789.631,-0.027,-0.769,-0.861,32.2
$VBAT,56789.658,3.829
$IMU,56789.665,-86.914,-0.488,8.850,-0.11572,0.34716,0.89453,33.46
$BARO,56789.701,69398.96,33.61
$MAG,56789.732,-0.036,-0.748,-0.918,32.3
$IMU,56789.740,-66.345,-8.422,10.131,-0.08203,0.28173,0.99267,33.46
$BARO,56789.802,69392.67,33.61
$IMU,56789.815,-46.630,-13.122,9.582,0.01464,0.20849,1.05517,33.51
$MAG,56789.833,-0.055,-0.730,-0.939,32.2
$IMU,56789.890,-26.062,-10.131,11.230,0.02392,0.13574,1.10937,33.47
$BARO,56789.904,69397.94,33.62
$MAG,56789.934,-0.066,-0.727,-0.957,32.2
$IMU,56789.965,1.586,-8.361,-3.234,-0.09960,0.16259,1.01953,33.46
$BARO,56790.005,69400.18,33.62
$MAG,56790.035,-0.067,-0.723,-0.948,32.2
$IMU,56790.040,18.859,-22.583,-16.662,0.02490,0.31982,0.86425,33.50
$TIME,56790.079,29872.000,2365
$BARO,56790.106,69395.08,33.61
$IMU,56790.115,1.098,-24.475,-0.183,0.21679,0.34033,0.93994,33.46
$MAG,56790.136,-0.073,-0.726,-0.963,32.2
$IMU,56790.190,-8.666,-8.117,1.708,0.20410,0.26123,0.98535,33.50
$BARO,56790.208,69389.40,33.61
$MAG,56790.237,-0.060,-0.724,-0.955,32.2
$IMU,56790.265,-1.281,4.638,-11.901,0.05859,0.27441,0.97656,33.40
$BARO,56790.309,69396.13,33.61
$MAG,56790.338,-0.061,-0.714,-0.955,32.2
$IMU,56790.340,0.732,1.953,-15.441,0.02197,0.29345,0.94287,33.46
$BARO,56790.410,69397.35,33.61
$HUM,56790.412,26.1,33.9
$IMU,56790.416,-4.760,-1.831,-11.596,0.03515,0.26757,0.97167,33.48
$MAG,56790.439,-0.054,-0.706,-0.961,32.2
$IMU,56790.491,-4.333,-1.647,-3.173,0.06835,0.28955,0.97900,33.45
$BARO,56790.512,69396.13,33.61
$MAG,56790.540,-0.061,-0.705,-0.966,32.2
$IMU,56790.566,-4.638,0.183,4.943,0.08398,0.28271,0.96630,33.45
$BARO,56790.613,69393.09,33.61
$MAG,56790.641,-0.064,-0.706,-0.966,32.2
$IMU,56790.641,-6.896,2.258,3.906,0.08007,0.26904,0.98193,33.46
$VBAT,56790.659,3.852
$BARO,56790.715,69394.74,33.60
$IMU,56790.716,-10.803,2.929,1.098,0.07226,0.22216,1.01416,33.47
$MAG,56790.741,-0.048,-0.690,-0.964,32.2
$IMU,56790.791,-6.408,4.577,-1.098,0.03857,0.16943,1.01025,33.45
$BARO,56790.816,69390.23,33.61
$MAG,56790.842,-0.054,-0.699,-0.966,32.2
$IMU,56790.866,-0.366,5.310,1.892,0.06884,0.19824,0.99755,33.46
$BARO,56790.917,69390.45,33.61
$IMU,56790.941,1.342,10.864,4.943,0.01220,0.23242,0.98974,33.45
$MAG,56790.943,-0.048,-0.700,-0.967,32.2
$IMU,56791.016,1.159,10.986,4.455,0.00878,0.24267,0.99609,33.46
$BARO,56791.019,69393.09,33.61
$MAG,56791.044,-0.043,-0.699,-0.951,32.2
$TIME,56791.079,29873.000,2365
$IMU,56791.091,5.554,11.352,7.629,-0.00732,0.27392,0.98339,33.47
$BARO,56791.120,69382.09,33.61
$MAG,56791.145,-0.037,-0.712,-0.945,32.2
$IMU,56791.166,9.216,10.620,5.126,-0.05273,0.27587,0.95410,33.44
$BARO,56791.222,69393.33,33.60
$IMU,56791.241,5.798,6.469,4.333,-0.01220,0.28222,0.97851,33.47
$MAG,56791.246,-0.042,-0.721,-0.936,32.2
$IMU,56791.317,0.732,6.713,8.789,-0.00683,0.24218,0.99023,33.50
$BARO,56791.323,69389.01,33.61
$MAG,56791.347,-0.039,-0.729,-0.930,32.2
$IMU,56791.392,8.911,7.629,7.080,-0.04394,0.28027,0.97998,33.50
$BARO,56791.424,69396.16,33.60
$HUM,56791.429,25.9,33.9
$MAG,56791.448,-0.037,-0.732,-0.924,32.2
$IMU,56791.467,9.765,3.540,0.671,-0.04980,0.28564,0.96093,33.44
$BARO,56791.526,69394.74,33.60
$IMU,56791.542,10.559,-0.427,-4.760,-0.05419,0.32568,0.96093,33.43
$MAG,56791.549,-0.040,-0.733,-0.916,32.2
$IMU,56791.617,8.789,-1.708,-7.385,-0.04589,0.31103,0.95996,33.44
$BARO,56791.627,69394.13,33.60
$MAG,56791.650,-0.030,-0.739,-0.915,32.3
$VBAT,56791.665,3.837
$IMU,56791.692,8.178,-0.366,-5.371,-0.04052,0.32226,0.96923,33.48
$BARO,56791.728,69398.40,33.60
$MAG,56791.751,-0.036,-0.739,-0.901,32.2
$IMU,56791.767,9.582,0.488,-2.929,-0.05224,0.33935,0.95996,33.42
$BARO,56791.830,69401.08,33.60
$IMU,56791.842,12.390,0.671,-2.868,-0.07177,0.36279,0.94042,33.48
$MAG,56791.852,-0.028,-0.747,-0.891,32.2
$IMU,56791.917,12.878,0.366,-2.441,-0.08105,0.37988,0.93896,33.46
$BARO,56791.931,69393.33,33.60
$MAG,56791.953,-0.024,-0.766,-0.880,32.5
$IMU,56791.992,14.953,-0.427,-0.610,-0.04003,0.40332,0.95312,33.49
$BARO,56792.033,69387.63,33.60
$MAG,56792.054,-0.031,-0.769,-0.861,32.2
$IMU,56792.067,22.521,0.000,4.150,-0.08544,0.37451,0.92089,33.44
$TIME,56792.079,29874.000,2365
$BARO,56792.134,69397.81,33.59
$IMU,56792.142,28.625,-6.469,-9.277,-0.12890,0.43798,0.92089,33.44
$MAG,56792.154,-0.021,-0.777,-0.847,32.1
$IMU,56792.217,26.794,-16.662,-13.610,-0.02539,0.46435,0.89453,33.46
$BARO,56792.235,69392.13,33.60
$MAG,56792.255,-0.028,-0.786,-0.841,32.2
$IMU,56792.293,29.846,-15.747,-9.155,-0.00634,0.54101,0.85693,33.47
$BARO,56792.337,69389.50,33.59
$MAG,56792.356,-0.025,-0.787,-0.822,32.3
$IMU,56792.368,30.883,-11.840,-10.986,0.00830,0.58251,0.82275,33.45
$BARO,56792.438,69400.47,33.59
$IMU,56792.443,37.475,-8.728,-13.122,-0.01123,0.61865,0.77587,33.45
$HUM,56792.446,26.3,33.9
$MAG,56792.457,-0.018,-0.804,-0.793,32.2
$IMU,56792.518,41.992,-8.728,-13.366,-0.01855,0.67919,0.73876,33.50
$BARO,56792.540,69392.33,33.60
$MAG,56792.558,-0.018,-0.805,-0.757,32.2
$IMU,56792.593,36.071,-7.873,-7.751,-0.00830,0.73974,0.69677,33.46
$BARO,56792.641,69381.97,33.59
$MAG,56792.659,-0.009,-0.822,-0.744,32.2
$VBAT,56792.666,3.837
$IMU,56792.668,27.648,-4.394,-1.708,-0.00195,0.77246,0.66015,33.46
$BARO,56792.742,69383.99,33.59
$IMU,56792.743,20.690,-1.342,0.488,0.00390,0.79003,0.63964,33.49
$MAG,56792.760,-0.015,-0.816,-0.730,32.2
$IMU,56792.818,13.793,-0.854,-3.356,-0.01904,0.79687,0.64843,33.40
$BARO,56792.844,69390.31,33.59
$MAG,56792.861,-0.006,-0.817,-0.726,32.2
$IMU,56792.893,7.629,-1.342,-5.798,-0.01611,0.80273,0.64501,33.46
$BARO,56792.945,69392.55,33.59
$MAG,56792.962,0.004,-0.814,-0.726,32.2
$IMU,56792.968,2.929,1.220,-5.126,-0.03173,0.77636,0.64013,33.45
$IMU,56793.043,4.028,2.685,-1.037,-0.02832,0.81250,0.63720,33.45
$BARO,56793.047,69394.38,33.59
$MAG,56793.063,-0.003,-0.813,-0.718,32.1
$TIME,56793.079,29875.000,2365
$IMU,56793.118,1.586,6.591,2.868,-0.01708,0.78759,0.62988,33.46
$BARO,56793.148,69386.65,33.59
$MAG,56793.164,-0.007,-0.819,-0.708,32.2
$IMU,56793.194,2.990,13.000,6.286,-0.04199,0.80371,0.62597,33.41
$BARO,56793.249,69387.70,33.59
$MAG,56793.265,-0.018,-0.808,-0.699,32.2
$IMU,56793.269,3.723,16.174,6.835,-0.05175,0.80957,0.61865,33.45
$IMU,56793.344,5.065,18.554,9.216,-0.02685,0.80566,0.61376,33.47
$BARO,56793.351,69395.21,33.59
$MAG,56793.366,-0.022,-0.835,-0.672,32.2
$IMU,56793.419,7.446,29.724,14.282,0.06005,0.79882,0.60156,33.48
$BARO,56793.452,69399.47,33.59
$HUM,56793.464,26.2,33.9
$MAG,56793.467,-0.040,-0.850,-0.634,32.2
$IMU,56793.494,13.549,60.302,28.381,0.01416,0.83691,0.55468,33.47
$BARO,56793.554,69386.46,33.59
$MAG,56793.568,-0.088,-0.856,-0.579,32.2
$IMU,56793.569,16.174,83.618,36.804,-0.11816,0.88085,0.48535,33.42
$IMU,56793.644,12.695,78.796,36.254,-0.17285,0.90966,0.46337,33.46
$BARO,56793.655,69384.43,33.59
$VBAT,56793.666,3.843
$MAG,56793.668,-0.127,-0.868,-0.535,32.1
$IMU,56793.719,5.676,61.767,29.724,-0.16699,0.90820,0.47656,33.44
$BARO,56793.756,69396.42,33.59
$MAG,56793.769,-0.156,-0.879,-0.523,32.2
$IMU,56793.794,2.319,46.936,22.460,-0.17285,0.88574,0.47265,33.47
$BARO,56793.858,69397.67,33.58
$IMU,56793.869,2.990,35.217,16.601,-0.15966,0.90136,0.46630,33.44
$MAG,56793.870,-0.177,-0.879,-0.516,32.2
$IMU,56793.944,0.976,25.268,12.451,-0.15917,0.90917,0.45898,33.42
$BARO,56793.959,69393.40,33.58
$MAG,56793.971,-0.195,-0.880,-0.502,32.2
$IMU,56794.019,-2.807,17.944,8.544,-0.14306,0.90429,0.45898,33.45
$BARO,56794.061,69397.45,33.59
$MAG,56794.072,-0.201,-0.886,-0.511,32.6
$TIME,56794.079,29876.000,2365
$IMU,56794.094,-5.920,14.099,5.981,-0.15185,0.90917,0.46240,33.44
$BARO,56794.162,69394.40,33.59
$IMU,56794.170,-8.178,9.460,4.089,-0.15039,0.87500,0.47949,33.44
$MAG,56794.173,-0.213,-0.876,-0.523,32.1
$IMU,56794.245,-4.272,6.713,2.746,-0.13671,0.87402,0.48242,33.42
$BARO,56794.263,69395.82,33.59
$MAG,56794.274,-0.213,-0.886,-0.516,32.2
$IMU,56794.320,-0.854,6.103,2.868,-0.14941,0.88037,0.48339,33.46
$BARO,56794.365,69396.86,33.58
$MAG,56794.375,-0.214,-0.889,-0.513,32.1
$IMU,56794.395,0.915,4.760,2.685,-0.13574,0.88232,0.48095,33.44
$BARO,56794.466,69391.77,33.58
$IMU,56794.470,2.868,5.371,2.197,-0.14257,0.88720,0.46875,33.46
$MAG,56794.476,-0.217,-0.882,-0.505,32.2
$HUM,56794.481,25.9,33.9
$IMU,56794.545,4.394,6.042,2.868,-0.12353,0.90869,0.44628,33.44
$BARO,56794.568,69392.99,33.58
$MAG,56794.577,-0.226,-0.886,-0.508,32.1
$IMU,56794.620,2.380,8.789,4.272,-0.14062,0.90576,0.44775,33.43
$VBAT,56794.667,3.842
$BARO,56794.669,69400.50,33.59
$MAG,56794.678,-0.237,-0.888,-0.501,32.2
$IMU,56794.695,-0.732,11.718,5.432,-0.11621,0.89892,0.44824,33.44
$BARO,56794.770,69392.84,33.57
$IMU,56794.770,-0.976,16.784,10.498,-0.14892,0.90966,0.44824,33.46
$MAG,56794.779,-0.250,-0.885,-0.496,32.2
$IMU,56794.845,-1.098,17.395,11.169,-0.13134,0.91064,0.44238,33.48
$BARO,56794.872,69395.06,33.57
$MAG,56794.880,-0.264,-0.888,-0.499,32.2
$IMU,56794.920,-1.770,16.479,11.169,-0.12451,0.91210,0.43652,33.47
$BARO,56794.973,69394.45,33.57
$MAG,56794.981,-0.277,-0.891,-0.502,32.2
$IMU,56794.995,-3.295,16.357,10.375,-0.11279,0.91552,0.44238,33.46
$IMU,56795.070,-5.126,18.066,8.422,-0.12939,0.90332,0.44677,33.50
$BARO,56795.075,69382.43,33.58
$MAG,56795.082,-0.298,-0.886,-0.496,32.2
$IMU,56795.146,-4.577,15.930,8.300,-0.13232,0.90087,0.45458,33.45
$BARO,56795.176,69402.96,33.58
$MAG,56795.183,-0.310,-0.892,-0.505,32.2
$IMU,56795.221,-3.479,12.878,6.347,-0.12744,0.90039,0.45166,33.45
$BARO,56795.277,69395.67,33.57
$MAG,56795.284,-0.312,-0.894,-0.504,32.2
$IMU,56795.296,-2.502,10.437,4.577,-0.12695,0.89453,0.44775,33.40
$IMU,56795.371,-2.197,8.239,2.990,-0.13330,0.90820,0.45703,33.48
$BARO,56795.379,69405.00,33.57
$MAG,56795.384,-0.312,-0.882,-0.511,32.2
$IMU,56795.446,-2.746,5.615,1.525,-0.12548,0.90917,0.45703,33.46
$BARO,56795.480,69386.53,33.57
$MAG,56795.485,-0.319,-0.897,-0.522,32.1
$HUM,56795.498,25.9,33.9
$IMU,56795.521,-3.601,2.258,3.051,-0.14746,0.87890,0.45996,33.44
$BARO,56795.581,69389.58,33.57
$MAG,56795.586,-0.312,-0.889,-0.519,32.2
$IMU,56795.596,-3.723,-8.789,-5.249,-0.21240,0.92724,0.50634,33.47
$VBAT,56795.667,3.842
$IMU,56795.671,-5.493,-36.376,-24.658,-0.27343,0.84521,0.45800,33.44
$BARO,56795.683,69389.99,33.57
$MAG,56795.687,-0.268,-0.889,-0.519,32.2
$IMU,56795.746,4.516,-83.679,-50.292,-0.36083,0.93164,0.41357,33.44
$BARO,56795.784,69403.64,33.57
$MAG,56795.788,-0.172,-0.883,-0.552,32.2
$IMU,56795.821,3.356,-137.634,-74.645,-0.23437,0.94775,0.37695,33.44
$BARO,56795.886,69387.97,33.57
$MAG,56795.889,-0.073,-0.850,-0.606,32.2
$IMU,56795.896,0.000,-160.705,-83.068,-0.04101,0.88867,0.41455,33.42
$IMU,56795.971,5.798,-147.399,-75.927,-0.00488,0.86279,0.48535,33.44
$BARO,56795.987,69396.08,33.57
$MAG,56795.990,-0.006,-0.817,-0.670,32.2
$IMU,56796.047,14.282,-131.958,-69.580,-0.10205,0.87841,0.47656,33.47
$TIME,56796.079,29877.000,2365
$BARO,56796.088,69396.69,33.57
$MAG,56796.091,0.033,-0.781,-0.739,32.2
$IMU,56796.122,17.333,-140.747,-70.739,-0.06250,0.89355,0.43847,33.45
$BARO,56796.190,69393.43,33.57
$MAG,56796.192,0.030,-0.747,-0.826,32.1
$IMU,56796.197,18.737,-143.310,-64.086,0.08984,0.90380,0.44531,33.42
$IMU,56796.272,18.127,-121.520,-50.964,0.12988,0.92480,0.45751,33.42
$BARO,56796.291,69402.01,33.56
$MAG,56796.293,0.018,-0.727,-0.883,32.2
$IMU,56796.347,13.000,-94.787,-40.527,0.14697,0.89892,0.47216,33.45
$BARO,56796.392,69391.23,33.56
$MAG,56796.394,-0.003,-0.721,-0.906,32.2
$IMU,56796.422,13.488,-67.443,-28.747,0.17138,0.90722,0.48925,33.46
$BARO,56796.494,69393.67,33.57
$MAG,56796.495,-0.018,-0.711,-0.922,32.2
$IMU,56796.497,14.465,-39.855,-19.836,0.15185,0.90136,0.46044,33.42
$HUM,56796.515,26.5,33.9
$IMU,56796.572,15.625,-22.155,-16.357,0.08349,0.93945,0.43750,33.39
$BARO,56796.595,69397.77,33.56
$MAG,56796.596,-0.015,-0.718,-0.916,32.2
$IMU,56796.647,13.122,-19.714,-19.775,0.07714,0.95263,0.41259,33.41
$VBAT,56796.668,3.839
$BARO,56796.697,69391.67,33.56
$MAG,56796.697,-0.009,-0.708,-0.933,32.2
$IMU,56796.722,7.568,-15.930,-23.986,0.05419,0.94335,0.39208,33.44
$IMU,56796.797,1.586,-6.713,-18.493,0.00683,0.95068,0.39794,33.48
$MAG,56796.798,0.003,-0.693,-0.934,32.2
$BARO,56796.798,69390.65,33.56
$IMU,56796.872,-4.455,0.854,-6.103,0.02246,0.96337,0.38671,33.47
$BARO,56796.899,69393.69,33.56
$MAG,56796.899,-0.001,-0.693,-0.925,32.1
$IMU,56796.947,-16.601,16.784,8.972,0.07177,0.98291,0.41308,33.46
$MAG,56796.999,0.018,-0.694,-0.927,32.5
$BARO,56797.001,69395.72,33.56
$IMU,56797.023,-30.761,43.701,25.817,0.05078,0.92919,0.43798,33.43
$TIME,56797.079,29878.000,2365
$IMU,56797.098,-34.545,61.889,33.325,-0.00683,0.88037,0.48632,33.45
$MAG,56797.100,0.034,-0.687,-0.907,32.2
$BARO,56797.102,69393.28,33.56
$IMU,56797.173,-34.118,65.063,31.311,-0.02880,0.84716,0.52099,33.41
$MAG,56797.201,0.049,-0.702,-0.874,32.2
$BARO,56797.204,69399.15,33.56
$IMU,56797.248,-29.846,59.753,31.982,-0.12255,0.83056,0.55566,33.44
$MAG,56797.302,0.058,-0.705,-0.865,32.2
$BARO,56797.305,69408.95,33.55
$IMU,56797.323,-28.198,38.513,26.672,-0.15869,0.80322,0.59570,33.43
$IMU,56797.398,-27.587,11.169,20.812,-0.05957,0.76318,0.63964,33.42
$MAG,56797.403,0.043,-0.700,-0.879,32.2
$BARO,56797.406,69393.11,33.55
$IMU,56797.473,-23.254,0.610,15.380,-0.00146,0.75585,0.67919,33.42
$MAG,56797.504,0.045,-0.693,-0.886,32.2
$BARO,56797.508,69397.79,33.56
$HUM,56797.532,26.6,33.9
$IMU,56797.548,-20.751,-3.173,12.817,0.01904,0.73632,0.68554,33.47
$MAG,56797.605,0.027,-0.697,-0.909,32.2
$BARO,56797.609,69400.23,33.55
$IMU,56797.623,-17.944,-3.540,11.901,0.07275,0.71142,0.73242,33.42
$VBAT,56797.669,3.839
$IMU,56797.698,-11.535,6.591,15.319,0.15185,0.66162,0.76513,33.44
$MAG,56797.706,0.028,-0.700,-0.894,32.2
$BARO,56797.710,69392.89,33.55
$IMU,56797.773,0.244,31.921,28.381,0.10742,0.69189,0.74804,33.43
$MAG,56797.807,0.024,-0.736,-0.868,32.2
$BARO,56797.812,69390.45,33.55
$IMU,56797.848,6.530,50.048,39.733,0.03662,0.72705,0.71972,33.42
$MAG,56797.908,0.018,-0.763,-0.823,32.2
$BARO,56797.913,69398.81,33.55
$IMU,56797.924,8.178,50.231,40.161,-0.00781,0.73486,0.69433,33.41
$IMU,56797.999,7.812,39.672,33.081,0.00244,0.74902,0.69824,33.41
$MAG,56798.009,0.009,-0.781,-0.798,32.2
$BARO,56798.015,69397.59,33.55
$IMU,56798.074,7.080,31.616,25.268,0.00097,0.73339,0.69628,33.45
$TIME,56798.079,29879.000,2365
$MAG,56798.110,0.009,-0.789,-0.774,32.1
$BARO,56798.116,69403.69,33.55
$IMU,56798.149,8.544,27.648,20.019,0.00439,0.74511,0.69238,33.45
$MAG,56798.211,-0.001,-0.807,-0.754,32.2
$BARO,56798.217,69388.06,33.55
$IMU,56798.224,9.460,23.315,15.808,-0.02441,0.76855,0.67138,33.42
$IMU,56798.299,9.765,16.479,11.108,-0.02246,0.77148,0.64794,33.42
$MAG,56798.312,-0.013,-0.811,-0.738,32.2
$BARO,56798.319,69398.84,33.55
$IMU,56798.374,8.178,12.939,6.591,-0.00830,0.79785,0.65771,33.48
$MAG,56798.413,-0.021,-0.819,-0.726,32.3
$BARO,56798.420,69400.03,33.55
$IMU,56798.449,0.976,11.718,6.286,-0.01318,0.76611,0.66601,33.44
$MAG,56798.513,-0.009,-0.816,-0.720,32.2
$BARO,56798.522,69402.69,33.55
$IMU,56798.524,2.685,9.460,3.723,-0.01513,0.77001,0.66357,33.44
$HUM,56798.550,26.3,33.9
$IMU,56798.599,3.967,8.911,1.647,-0.03173,0.77978,0.64453,33.44
$MAG,56798.614,-0.013,-0.826,-0.712,32.2
$BARO,56798.623,69388.67,33.55
$VBAT,56798.670,3.845
$IMU,56798.674,3.417,8.361,1.159,-0.05468,0.79785,0.63427,33.47
$MAG,56798.715,-0.012,-0.817,-0.700,32.1
$BARO,56798.724,69390.06,33.55
$IMU,56798.749,2.319,4.882,1.037,-0.05078,0.79931,0.63232,33.44
$MAG,56798.816,-0.010,-0.822,-0.702,32.2
$IMU,56798.824,0.915,2.380,1.525,-0.04394,0.79785,0.63769,33.46
$BARO,56798.826,69393.57,33.54
$IMU,56798.900,1.403,0.244,-1.281,-0.06591,0.78564,0.63525,33.43
$MAG,56798.917,-0.028,-0.826,-0.699,32.2
$BARO,56798.927,69398.86,33.54
$IMU,56798.975,2.990,-6.042,-6.225,-0.04736,0.78710,0.63623,33.43
$MAG,56799.018,-0.007,-0.822,-0.699,32.2
$BARO,56799.028,69393.96,33.54
$IMU,56799.050,4.943,-8.911,-9.216,-0.03857,0.79833,0.63769,33.44
$TIME,56799.079,29882.000,2365
$MAG,56799.119,-0.003,-0.808,-0.694,32.2
$IMU,56799.125,6.225,-7.446,-10.620,-0.04443,0.79052,0.62304,33.42
$BARO,56799.130,69396.81,33.54
$IMU,56799.200,6.774,-6.286,-9.948,-0.07080,0.82226,0.60839,33.44
$MAG,56799.220,0.013,-0.807,-0.703,32.2
$BARO,56799.231,69409.42,33.54
$IMU,56799.275,4.089,-11.169,-8.789,-0.10693,0.82763,0.59375,33.43
$MAG,56799.321,0.016,-0.804,-0.720,32.2
$BARO,56799.333,69397.01,33.54
$IMU,56799.350,1.403,-21.972,-13.000,-0.04541,0.82373,0.59667,33.50
$MAG,56799.422,0.022,-0.792,-0.736,32.3
$IMU,56799.425,-1.098,-22.644,-14.404,-0.02343,0.83203,0.60205,33.45
$BARO,56799.434,69400.08,33.54
$IMU,56799.500,-3.662,-15.808,-12.390,-0.03906,0.82324,0.60937,33.44
$MAG,56799.523,0.025,-0.783,-0.738,32.2
$BARO,56799.535,69401.32,33.54
$HUM,56799.567,26.4,33.9
$IMU,56799.575,-7.141,-10.925,-9.216,-0.02783,0.81005,0.60791,33.40
$MAG,56799.623,0.028,-0.774,-0.762,32.1
$BARO,56799.637,69394.21,33.54
$IMU,56799.650,-9.338,-3.479,-3.356,-0.03613,0.79931,0.64306,33.44
$VBAT,56799.671,3.839
$MAG,56799.724,0.025,-0.783,-0.760,32.2
$IMU,56799.725,-9.948,3.723,1.647,-0.04003,0.77880,0.64453,33.41
$BARO,56799.738,69397.67,33.54
$IMU,56799.801,-9.216,10.253,6.530,-0.05566,0.77832,0.65332,33.44
$MAG,56799.825,0.031,-0.783,-0.751,32.2
$BARO,56799.840,69390.75,33.53
$IMU,56799.876,-8.178,12.817,9.765,-0.07910,0.77490,0.66064,33.42
$MAG,56799.926,0.028,-0.787,-0.754,32.1
$BARO,56799.941,69404.54,33.54
$IMU,56799.951,-5.981,11.718,8.666,-0.05517,0.73242,0.67089,33.42
$IMU,56800.026,-0.488,12.451,7.751,-0.07568,0.78417,0.67480,33.41
$MAG,56800.027,0.015,-0.786,-0.738,32.2
$BARO,56800.042,69393.60,33.53
$IMU,56800.101,-2.990,9.948,6.835,-0.07128,0.76660,0.66259,33.40
$MAG,56800.128,0.013,-0.795,-0.730,32.2
$BARO,56800.144,69396.06,33.53
$IMU,56800.176,-5.432,7.690,7.385,-0.06494,0.77050,0.66699,33.39
$MAG,56800.229,0.003,-0.796,-0.741,32.1
$BARO,56800.245,69399.72,33.53
$IMU,56800.251,-7.751,6.713,8.911,-0.06347,0.75097,0.67822,33.43
$IMU,56800.326,-7.263,5.554,7.934,-0.05126,0.73681,0.69775,33.38
$MAG,56800.330,-0.003,-0.802,-0.745,32.2
$BARO,56800.347,69399.08,33.53
$IMU,56800.401,-4.943,4.394,5.615,-0.06152,0.73046,0.69531,33.39
$MAG,56800.431,-0.004,-0.804,-0.742,32.2
$BARO,56800.448,69394.23,33.53
$IMU,56800.476,-2.380,1.464,3.051,-0.05273,0.72216,0.71386,33.39
$MAG,56800.532,-0.001,-0.802,-0.742,32.1
$BARO,56800.549,69387.92,33.53
$IMU,56800.551,0.610,0.122,0.183,-0.05224,0.73828,0.69677,33.41
$HUM,56800.584,26.4,33.8
$IMU,56800.626,0.122,-0.793,-1.342,-0.05371,0.74853,0.69238,33.40
$MAG,56800.633,-0.001,-0.804,-0.742,32.1
$BARO,56800.651,69393.62,33.53
$VBAT,56800.671,3.834
$IMU,56800.701,-1.953,-0.793,-1.647,-0.05517,0.74511,0.69531,33.39
$MAG,56800.734,0.006,-0.795,-0.744,32.2
$BARO,56800.752,69404.40,33.53
$IMU,56800.777,-4.699,-0.976,-1.586,-0.06250,0.75976,0.67919,33.44
$MAG,56800.835,0.007,-0.796,-0.747,32.2
$IMU,56800.852,-12.268,-2.136,-0.183,-0.05029,0.75830,0.69091,33.39
$BARO,56800.854,69403.79,33.53
$IMU,56800.927,-18.737,-1.525,1.037,-0.04541,0.69726,0.72412,33.46
$MAG,56800.936,-0.001,-0.802,-0.768,32.2
$BARO,56800.955,69390.99,33.52
$IMU,56801.002,-17.211,-0.793,0.061,-0.04687,0.67578,0.74267,33.41
$MAG,56801.037,0.012,-0.784,-0.786,32.2
$BARO,56801.056,69392.21,33.52
$IMU,56801.077,-14.770,-0.671,-2.624,-0.04492,0.67382,0.75732,33.43
$TIME,56801.079,29883.000,2365
$MAG,56801.138,0.007,-0.777,-0.793,32.2
$IMU,56801.152,-13.854,-0.488,-3.967,-0.04833,0.64990,0.77880,33.42
$BARO,56801.158,69395.25,33.53
$IMU,56801.227,-13.122,-0.427,-3.662,-0.04345,0.64257,0.79003,33.42
$MAG,56801.239,0.018,-0.772,-0.808,32.2
$BARO,56801.259,69404.01,33.52
$IMU,56801.302,-11.596,-0.122,-2.441,-0.04199,0.63085,0.79248,33.37
$MAG,56801.339,0.016,-0.774,-0.811,32.1
$BARO,56801.361,69388.55,33.53
$IMU,56801.377,-9.765,0.549,-2.563,-0.04833,0.63183,0.79687,33.44
$MAG,56801.440,0.019,-0.772,-0.831,32.1
$IMU,56801.452,-10.498,0.732,-1.586,-0.04492,0.62207,0.79101,33.42
$BARO,56801.462,69396.06,33.52
$IMU,56801.527,-11.535,1.647,-0.671,-0.03955,0.60986,0.81201,33.39
$MAG,56801.541,0.015,-0.759,-0.826,32.2
$BARO,56801.563,69396.67,33.52
$HUM,56801.601,26.2,33.8
$IMU,56801.602,-10.620,3.234,-0.732,-0.03515,0.57763,0.82177,33.43
$MAG,56801.642,0.018,-0.756,-0.832,32.1
$BARO,56801.665,69382.51,33.52
$VBAT,56801.672,3.842
$IMU,56801.678,-8.789,5.493,0.732,-0.05224,0.55859,0.84619,33.43
$MAG,56801.743,0.022,-0.751,-0.829,32.2
$IMU,56801.753,-7.568,9.887,2.380,-0.08886,0.51904,0.86181,33.43
$BARO,56801.766,69398.13,33.52
$IMU,56801.828,-7.568,13.305,0.488,-0.15820,0.48437,0.89013,33.41
$MAG,56801.844,0.019,-0.756,-0.822,32.2
$BARO,56801.867,69401.01,33.51
$IMU,56801.903,-3.356,14.770,2.319,-0.19775,0.45117,0.90136,33.40
$MAG,56801.945,0.031,-0.748,-0.805,32.2
$BARO,56801.969,69393.67,33.52
$IMU,56801.978,3.417,17.456,7.507,-0.25683,0.51611,0.87890,33.45
$MAG,56802.046,0.025,-0.768,-0.792,32.1
$IMU,56802.053,7.995,16.418,11.474,-0.28515,0.55224,0.82080,33.39
$BARO,56802.070,69393.48,33.52
$TIME,56802.079,29884.000,2365
$IMU,56802.128,11.230,13.610,13.732,-0.27587,0.58398,0.77880,33.41
$MAG,56802.147,0.015,-0.784,-0.775,32.1
$BARO,56802.172,69397.11,33.52
$IMU,56802.203,8.361,10.742,15.380,-0.30419,0.57910,0.79150,33.40
$MAG,56802.248,0.007,-0.796,-0.769,32.2
$BARO,56802.273,69399.96,33.52
$IMU,56802.278,9.887,3.295,12.817,-0.32128,0.58544,0.79882,33.40
$MAG,56802.349,-0.001,-0.796,-0.759,32.2
$IMU,56802.353,12.878,-5.737,11.840,-0.27050,0.57812,0.80468,33.41
$BARO,56802.374,69401.62,33.51
$IMU,56802.428,12.695,-12.023,13.977,-0.21875,0.64843,0.84082,33.39
$MAG,56802.450,-0.016,-0.817,-0.741,32.1
$BARO,56802.476,69393.28,33.51
$IMU,56802.503,17.761,-19.531,15.991,-0.08154,0.55468,0.72216,33.38
$MAG,56802.551,-0.039,-0.828,-0.735,32.3
$BARO,56802.577,69395.72,33.51
$IMU,56802.578,27.343,-24.353,15.930,0.03808,0.79785,0.70263,33.42
$HUM,56802.618,26.3,33.8
$MAG,56802.651,-0.058,-0.837,-0.750,32.2
$IMU,56802.654,4.699,-26.489,18.676,0.14648,0.71630,0.74169,33.38
$VBAT,56802.672,3.845
$BARO,56802.679,69405.69,33.51
$IMU,56802.729,-6.835,-19.104,8.911,0.16796,0.65625,0.76855,33.39
$MAG,56802.752,-0.066,-0.831,-0.756,32.1
$BARO,56802.780,69399.37,33.51
$IMU,56802.804,2.014,-13.427,1.159,0.14892,0.68115,0.68847,33.43
$MAG,56802.853,-0.073,-0.844,-0.751,32.2
$IMU,56802.879,7.019,-10.681,6.530,0.19140,0.78710,0.64453,33.39
$BARO,56802.881,69399.79,33.52
$MAG,56802.954,-0.087,-0.846,-0.762,32.2
$IMU,56802.954,-0.915,-5.554,10.620,0.25976,0.78808,0.64208,33.39
$BARO,56802.983,69391.45,33.51
$IMU,56803.029,-6.530,2.929,7.568,0.19970,0.75146,0.63769,33.40
$MAG,56803.055,-0.091,-0.846,-0.774,32.2
$TIME,56803.079,29886.000,2365
$BARO,56803.084,69387.41,33.51
$IMU,56803.104,-13.244,7.995,0.549,0.19628,0.75488,0.68554,33.41
$MAG,56803.156,-0.088,-0.844,-0.777,32.1
$IMU,56803.179,-16.418,13.305,8.117,0.17871,0.69335,0.68457,33.38
$BARO,56803.186,69395.11,33.51
$IMU,56803.254,-10.681,20.324,13.610,0.12402,0.75146,0.72656,33.41
$MAG,56803.257,-0.087,-0.837,-0.784,32.0
$BARO,56803.287,69383.31,33.51
$IMU,56803.329,-16.662,24.414,12.512,0.01660,0.67480,0.76416,33.38
$MAG,56803.358,-0.088,-0.841,-0.781,32.2
$BARO,56803.388,69396.35,33.51
$IMU,56803.404,-24.536,28.076,9.277,-0.10058,0.58349,0.81689,33.38
$MAG,56803.459,-0.090,-0.832,-0.805,32.1
$IMU,56803.479,-24.414,32.836,20.874,-0.19189,0.59814,0.86230,33.38
$BARO,56803.490,69399.64,33.50
$IMU,56803.555,-26.428,36.682,30.578,-0.27636,0.44775,0.89111,33.41
$MAG,56803.560,-0.102,-0.838,-0.808,32.1
$BARO,56803.591,69404.86,33.51
$IMU,56803.630,-18.981,32.226,36.987,-0.33007,0.31640,0.93896,33.39
$HUM,56803.635,25.9,33.8
$MAG,56803.661,-0.126,-0.843,-0.799,32.2
$VBAT,56803.672,3.839
$BARO,56803.693,69399.62,33.50
$IMU,56803.705,-6.347,15.441,34.729,-0.32275,0.37304,1.01611,33.38
$MAG,56803.762,-0.166,-0.856,-0.796,32.2
$IMU,56803.780,7.812,-9.033,31.127,-0.04003,0.41503,0.91943,33.39
$BARO,56803.794,69406.52,33.51
$IMU,56803.855,15.930,-20.629,50.537,0.20605,0.58398,0.89013,33.40
$MAG,56803.862,-0.214,-0.868,-0.783,32.2
$BARO,56803.895,69399.62,33.50
$IMU,56803.930,7.934,-9.643,45.593,0.17968,0.55615,0.82177,33.41
$MAG,56803.963,-0.262,-0.862,-0.771,32.1
$BARO,56803.997,69397.57,33.50
$IMU,56804.005,8.422,-9.521,39.855,0.29687,0.50830,0.73535,33.38
$MAG,56804.064,-0.307,-0.870,-0.768,32.2
$IMU,56804.080,9.582,-1.770,43.823,0.40136,0.60986,0.73291,33.41
$BARO,56804.098,69400.84,33.50
$IMU,56804.155,1.647,12.268,38.146,0.42089,0.62695,0.73193,33.41
$MAG,56804.165,-0.336,-0.873,-0.766,32.2
$BARO,56804.200,69398.42,33.50
$IMU,56804.230,-3.112,16.784,24.719,0.42529,0.58349,0.73193,33.40
$MAG,56804.266,-0.327,-0.876,-0.768,32.2
$BARO,56804.301,69397.98,33.51
$IMU,56804.305,-3.173,14.648,4.272,0.41894,0.59619,0.75097,33.41
$MAG,56804.367,-0.309,-0.882,-0.777,32.2
$IMU,56804.380,0.183,12.268,-15.869,0.38281,0.67919,0.81884,33.37
$BARO,56804.402,69407.98,33.50
$IMU,56804.455,-1.831,17.456,-22.949,0.13916,0.62109,0.87890,33.35
$MAG,56804.468,-0.280,-0.883,-0.796,32.2
$BARO,56804.504,69394.96,33.50
$IMU,56804.531,-13.671,11.840,-28.015,-0.05859,0.51806,0.96337,33.36
$MAG,56804.569,-0.250,-0.882,-0.831,32.2
$BARO,56804.605,69399.64,33.50
$IMU,56804.606,-20.874,2.624,-22.277,-0.08886,0.29003,0.94726,33.39
$HUM,56804.652,26.0,33.8
$MAG,56804.670,-0.228,-0.889,-0.831,32.1
$VBAT,56804.673,3.831
$IMU,56804.681,-2.319,4.455,-16.052,-0.12597,0.40234,0.90820,33.39
$BARO,56804.707,69394.96,33.50
$IMU,56804.756,0.061,6.958,-0.122,-0.08007,0.45361,0.86865,33.41
$MAG,56804.771,-0.246,-0.897,-0.834,32.2
$BARO,56804.808,69402.08,33.50
$IMU,56804.831,-1.770,10.375,17.700,-0.04589,0.48925,0.84570,33.37
$MAG,56804.872,-0.250,-0.895,-0.834,32.3
$IMU,56804.906,-4.821,8.605,14.526,0.00976,0.50097,0.88330,33.41
$BARO,56804.909,69397.59,33.50
$MAG,56804.972,-0.258,-0.900,-0.835,32.3
$IMU,56804.981,-6.835,4.455,3.540,0.03125,0.44140,0.92138,33.41
$BARO,56805.011,69407.37,33.50
$IMU,56805.056,-4.028,2.319,-6.347,-0.00244,0.48535,0.93261,33.37
$MAG,56805.073,-0.238,-0.904,-0.840,32.1
$TIME,56805.079,29887.000,2365
$BARO,56805.112,69403.30,33.50
$IMU,56805.131,-2.929,-0.793,-17.578,-0.07763,0.44433,0.92089,33.38
$MAG,56805.174,-0.216,-0.901,-0.835,32.1
$IMU,56805.206,6.103,-7.995,-27.343,-0.09960,0.51806,0.87792,33.40
$BARO,56805.214,69393.11,33.50
$MAG,56805.275,-0.199,-0.885,-0.823,32.2
$IMU,56805.281,6.713,-18.432,-37.597,-0.04833,0.53662,0.84863,33.38
$BARO,56805.315,69392.55,33.49
$IMU,56805.356,-2.807,-31.372,-33.264,0.15478,0.59912,0.86572,33.39
$MAG,56805.376,-0.190,-0.883,-0.838,32.1
$BARO,56805.416,69405.96,33.49
$IMU,56805.432,-13.977,-34.423,-29.663,0.25390,0.46044,0.87597,33.39
$MAG,56805.477,-0.178,-0.877,-0.858,32.2
$IMU,56805.507,-9.155,-31.860,-41.625,0.27783,0.42871,0.86328,33.35
$BARO,56805.518,69397.62,33.50
$MAG,56805.578,-0.132,-0.870,-0.862,32.2
$IMU,56805.582,-5.493,-27.832,-51.696,0.26855,0.40673,0.90917,33.39
$BARO,56805.619,69395.82,33.49
$IMU,56805.657,-5.249,-20.874,-52.001,0.32910,0.33837,0.96679,33.35
$HUM,56805.669,26.0,33.8
$MAG,56805.679,-0.102,-0.859,-0.870,32.1
$VBAT,56805.684,3.837
$BARO,56805.721,69392.74,33.50
$IMU,56805.732,3.906,-7.446,-44.067,0.24658,0.32080,0.95019,33.38
$MAG,56805.780,-0.057,-0.847,-0.865,32.2
$IMU,56805.807,17.395,0.122,-47.729,0.12304,0.48437,0.92724,33.39
$BARO,56805.822,69395.38,33.49
$MAG,56805.881,-0.012,-0.846,-0.840,32.1
$IMU,56805.882,19.836,3.540,-45.471,-0.03857,0.66552,0.93945,33.38
$BARO,56805.923,69399.28,33.49
$IMU,56805.957,2.563,5.798,-34.729,-0.16894,0.40380,0.86669,33.39
$MAG,56805.982,0.006,-0.826,-0.838,32.1
$BARO,56806.025,69399.89,33.48
$IMU,56806.032,-2.685,5.126,-25.024,-0.23193,0.49902,0.88769,33.35
$TIME,56806.079,29888.000,2365
$MAG,56806.082,0.012,-0.810,-0.843,32.2
$IMU,56806.107,-11.474,-1.342,-18.676,-0.19726,0.38330,0.87011,33.34
$BARO,56806.126,69402.74,33.49
$IMU,56806.182,-10.253,-5.676,-18.737,-0.19482,0.38134,0.85009,33.37
$MAG,56806.183,0.024,-0.807,-0.859,32.2
$BARO,56806.227,69406.17,33.49
$IMU,56806.257,-9.399,-7.995,-17.700,-0.23437,0.38183,0.87158,33.37
$MAG,56806.284,0.028,-0.783,-0.855,32.2
$BARO,56806.329,69391.72,33.49
$IMU,56806.332,-13.183,-8.239,-14.282,-0.26806,0.35058,0.94775,33.41
$MAG,56806.385,0.028,-0.774,-0.880,32.2
$IMU,56806.408,-8.300,-6.469,-4.516,-0.28710,0.31298,0.95556,33.37
$BARO,56806.430,69393.40,33.48
$IMU,56806.483,-0.183,-7.141,6.042,-0.26464,0.35498,0.93408,33.37
$MAG,56806.486,0.022,-0.786,-0.879,32.1
$BARO,56806.532,69401.71,33.48
$IMU,56806.558,-0.732,-8.361,12.939,-0.23632,0.44775,0.94238,33.40
$MAG,56806.587,-0.013,-0.793,-0.879,32.2
$BARO,56806.633,69394.82,33.48
$IMU,56806.633,-7.263,-11.840,13.183,-0.14013,0.43750,0.93505,33.37
$HUM,56806.686,26.1,33.8
$MAG,56806.688,-0.039,-0.793,-0.895,32.2
$VBAT,56806.691,3.843
$IMU,56806.708,-10.253,-16.845,16.235,0.08251,0.33251,0.90332,33.40
$BARO,56806.734,69391.35,33.48
$IMU,56806.783,-10.375,-15.502,10.192,0.22705,0.30615,0.91162,33.37
$MAG,56806.789,-0.049,-0.784,-0.910,32.2
$BARO,56806.836,69403.35,33.48
$IMU,56806.858,-13.977,-17.150,-16.235,0.21533,0.40527,0.97558,33.38
$MAG,56806.890,-0.045,-0.765,-0.934,32.1
$IMU,56806.933,-20.507,-23.010,-24.597,0.26953,0.30517,1.02490,33.35
$BARO,56806.937,69397.03,33.49
$MAG,56806.991,-0.043,-0.753,-0.948,32.1
$IMU,56807.008,-5.554,-16.845,-22.705,0.28271,0.36328,0.94873,33.37
$BARO,56807.039,69400.71,33.48
$TIME,56807.079,29889.000,2365
$IMU,56807.083,4.943,-7.690,-15.808,0.39208,0.41992,0.89355,33.37
$MAG,56807.091,-0.036,-0.747,-0.943,32.1
$BARO,56807.140,69403.96,33.48
$IMU,56807.158,3.356,6.408,-6.591,0.44482,0.33203,0.89160,33.39
$MAG,56807.192,-0.015,-0.738,-0.940,32.2
$IMU,56807.233,-1.892,19.165,-22.094,0.26757,0.29101,0.92187,33.38
$BARO,56807.241,69398.08,33.48
$MAG,56807.293,0.019,-0.729,-0.915,32.1
$IMU,56807.309,1.220,20.446,-33.630,0.06982,0.32812,0.92822,33.35
$BARO,56807.343,69398.08,33.48
$IMU,56807.384,2.868,21.545,-33.874,-0.21337,0.24804,0.90380,33.35
$MAG,56807.394,0.067,-0.708,-0.897,32.0
$BARO,56807.444,69399.30,33.48
$IMU,56807.459,1.708,17.517,-38.696,-0.41748,0.33105,0.95654,33.39
$MAG,56807.495,0.081,-0.673,-0.915,32.1
$IMU,56807.534,-9.765,6.225,-36.376,-0.38720,0.21191,1.00976,33.38
$BARO,56807.546,69407.25,33.48
$MAG,56807.596,0.112,-0.652,-0.913,32.1
$IMU,56807.609,-9.338,-0.122,-24.291,-0.41210,0.13134,0.98583,33.36
$BARO,56807.647,69399.11,33.48
$IMU,56807.684,-1.281,-13.977,-30.639,-0.44482,0.15136,1.01123,33.39
$MAG,56807.697,0.099,-0.616,-0.939,32.2
$VBAT,56807.702,3.842
$HUM,56807.704,26.2,33.8
$BARO,56807.748,69401.57,33.48
$IMU,56807.759,-0.915,-33.569,-28.503,-0.32910,0.13769,1.00439,33.35
$MAG,56807.798,0.082,-0.610,-0.972,32.1
$IMU,56807.834,-1.831,-42.419,-23.071,-0.20458,0.23974,0.95947,33.41
$BARO,56807.850,69384.87,33.48
$MAG,56807.899,0.055,-0.591,-1.011,32.3
$IMU,56807.909,-12.451,-46.752,-15.075,-0.06640,0.25683,0.89453,33.35
$BARO,56807.951,69402.57,33.48
$IMU,56807.984,-22.277,-50.109,-1.647,0.12744,0.30273,0.89550,33.33
$MAG,56808.000,0.018,-0.571,-1.045,32.2
$BARO,56808.053,69401.57,33.47
$IMU,56808.059,-28.503,-48.522,-1.708,0.29443,0.25390,0.93359,33.36
$TIME,56808.079,29890.000,2365
$MAG,56808.100,-0.030,-0.543,-1.075,32.1
$IMU,56808.134,-25.085,-39.367,-4.333,0.43896,0.20019,0.97558,33.37
$BARO,56808.154,69401.57,33.47
$MAG,56808.201,-0.037,-0.532,-1.089,32.1
$IMU,56808.209,-18.859,-21.362,-2.624,0.46142,0.14160,0.96875,33.38
$BARO,56808.255,69392.84,33.47
$IMU,56808.285,-10.742,-9.338,-7.202,0.39648,0.11035,0.95410,33.37
$MAG,56808.302,-0.040,-0.511,-1.096,32.2
$BARO,56808.357,69406.86,33.47
$IMU,56808.360,-8.178,-6.958,-18.188,0.37939,0.15722,0.93115,33.40
$MAG,56808.403,-0.034,-0.496,-1.099,32.2
$IMU,56808.435,-11.840,-2.441,-19.653,0.30078,0.10839,0.95947,33.36
$BARO,56808.458,69398.52,33.47
$MAG,56808.504,-0.046,-0.478,-1.099,32.2
$IMU,56808.510,-9.826,-2.136,-14.892,0.25634,0.08251,0.96777,33.35
$BARO,56808.560,69398.13,33.47
$IMU,56808.585,-6.835,-3.356,-9.338,0.27294,0.08447,0.97998,33.32
$MAG,56808.605,-0.042,-0.477,-1.108,32.2
$IMU,56808.660,-4.150,-3.173,-2.197,0.28759,0.08154,0.97998,33.35
$BARO,56808.661,69396.50,33.47
$MAG,56808.706,-0.039,-0.474,-1.107,32.1
$VBAT,56808.709,3.850
$HUM,56808.721,26.3,33.8
$IMU,56808.735,-2.441,-0.366,-3.662,0.27246,0.08203,0.96435,33.33
$BARO,56808.762,69402.86,33.46
$MAG,56808.807,-0.045,-0.456,-1.107,32.1
$IMU,56808.810,-4.943,-2.868,-8.117,0.23388,0.04638,0.98193,33.39
$BARO,56808.864,69399.76,33.47
$IMU,56808.885,-1.770,-3.784,-6.958,0.27636,0.06494,0.98486,33.36
$MAG,56808.907,-0.046,-0.465,-1.107,32.2
$IMU,56808.960,0.976,0.915,0.610,0.25390,0.06640,0.97070,33.38
$BARO,56808.965,69392.26,33.46
$MAG,56809.008,-0.048,-0.474,-1.107,32.1
$IMU,56809.035,2.807,4.638,3.234,0.23242,0.07080,0.96875,33.37
$BARO,56809.067,69396.13,33.46
$TIME,56809.079,29891.000,2365
$MAG,56809.109,-0.045,-0.466,-1.113,32.2
$IMU,56809.110,2.441,3.845,4.394,0.22460,0.07177,0.98144,33.33
$BARO,56809.168,69396.94,33.46
$IMU,56809.186,2.197,4.089,6.774,0.22216,0.06689,0.99218,33.38
$MAG,56809.210,-0.037,-0.486,-1.104,32.2
$IMU,56809.261,3.479,3.173,8.300,0.21582,0.06884,0.99169,33.34
$BARO,56809.269,69393.67,33.46
$MAG,56809.311,-0.046,-0.484,-1.096,32.2
$IMU,56809.336,4.272,1.708,9.582,0.25195,0.09179,0.98437,33.33
$BARO,56809.371,69389.21,33.46
$IMU,56809.411,3.051,2.807,8.728,0.22949,0.08740,0.97412,33.32
$MAG,56809.412,-0.042,-0.501,-1.089,32.2
$BARO,56809.472,69398.76,33.46
$IMU,56809.486,2.258,1.953,8.239,0.24267,0.08007,0.97802,33.38
$MAG,56809.513,-0.034,-0.498,-1.090,32.1
$IMU,56809.561,1.892,1.708,9.094,0.25488,0.10351,0.98242,33.34
$BARO,56809.574,69392.45,33.46
$MAG,56809.614,-0.033,-0.501,-1.093,32.2
$IMU,56809.636,-0.549,3.173,7.995,0.24023,0.07470,0.97949,33.39
$BARO,56809.675,69396.33,33.46
$IMU,56809.711,0.122,3.112,4.821,0.22509,0.08105,0.98681,33.33
$MAG,56809.715,-0.040,-0.504,-1.099,32.2
$VBAT,56809.720,3.835
$HUM,56809.738,26.2,33.8
$BARO,56809.776,69402.45,33.46
$IMU,56809.786,1.525,0.488,3.540,0.22509,0.07666,0.98681,33.37
$MAG,56809.816,-0.037,-0.513,-1.087,32.1
$IMU,56809.861,1.831,0.671,1.953,0.24804,0.07275,0.97119,33.37
$BARO,56809.878,69399.37,33.46
$MAG,56809.916,-0.033,-0.513,-1.087,32.2
$IMU,56809.936,2.746,3.601,-0.488,0.20654,0.08886,0.98583,33.36
$BARO,56809.979,69397.35,33.46
$IMU,56810.011,0.732,-1.037,-2.319,0.21386,0.11376,0.97216,33.38
$MAG,56810.017,-0.027,-0.516,-1.090,32.2
$TIME,56810.079,29892.000,2365
$BARO,56810.081,69392.67,33.46
$IMU,56810.086,-2.136,-1.525,-4.028,0.22021,0.08300,0.97802,33.35
$MAG,56810.118,-0.030,-0.496,-1.090,32.2
$IMU,56810.162,-3.356,0.854,-2.807,0.21386,0.07861,0.98095,33.35
$BARO,56810.182,69402.03,33.46
$MAG,56810.219,-0.037,-0.511,-1.081,32.2
$IMU,56810.237,-2.746,0.549,0.427,0.21093,0.08300,0.98291,33.35
$BARO,56810.283,69381.92,33.46
$IMU,56810.312,-3.234,1.220,2.685,0.22265,0.08007,0.98535,33.36
$MAG,56810.320,-0.028,-0.499,-1.092,32.1
$BARO,56810.385,69398.18,33.46
$IMU,56810.387,-4.028,1.464,2.319,0.20556,0.06445,0.99121,33.37
$MAG,56810.421,-0.025,-0.505,-1.092,32.2
$IMU,56810.462,-3.051,0.061,2.136,0.22656,0.06201,1.00048,33.34
$BARO,56810.486,69392.70,33.46
$MAG,56810.522,-0.027,-0.498,-1.095,32.1
$IMU,56810.537,-2.380,1.525,2.441,0.18847,0.04882,0.98876,33.35
$BARO,56810.588,69390.45,33.46
$IMU,56810.612,-0.793,-0.366,2.502,0.22021,0.05126,0.99072,33.34
$MAG,56810.623,-0.024,-0.505,-1.087,32.2
$IMU,56810.687,-0.305,0.549,1.953,0.19921,0.05761,0.98242,33.30
$BARO,56810.689,69395.13,33.45
$MAG,56810.723,-0.028,-0.498,-1.090,32.1
$VBAT,56810.727,3.842
$HUM,56810.755,26.2,33.8
$IMU,56810.762,-1.403,-0.244,0.732,0.21142,0.05175,0.98437,33.33
$BARO,56810.790,69395.16,33.45
$MAG,56810.824,-0.021,-0.498,-1.090,32.1
$IMU,56810.837,-1.892,-0.610,-0.915,0.21435,0.04443,0.99023,33.34
$BARO,56810.892,69394.74,33.45
$IMU,56810.912,-1.525,0.305,-0.854,0.20654,0.04296,0.99169,33.37
$MAG,56810.925,-0.025,-0.504,-1.086,32.1
$IMU,56810.987,-1.342,-0.122,-1.770,0.20312,0.04101,0.99023,33.34
$BARO,56810.993,69400.25,33.45
$MAG,56811.026,-0.025,-0.498,-1.098,32.2
$IMU,56811.062,-0.732,-0.976,-2.136,0.21337,0.04443,0.98535,33.36
$TIME,56811.079,29893.000,2365
$BARO,56811.095,69392.33,33.45
$MAG,56811.127,-0.022,-0.499,-1.092,32.2
$IMU,56811.138,-0.915,-0.183,-2.563,0.21289,0.04687,0.98876,33.35
$BARO,56811.196,69396.96,33.45
$IMU,56811.213,-1.281,0.000,-2.624,0.20312,0.03955,0.98828,33.37
$MAG,56811.228,-0.022,-0.490,-1.098,32.1
$IMU,56811.288,-0.671,-0.610,-3.112,0.21142,0.04736,0.99023,33.34
$BARO,56811.297,69401.86,33.45
$MAG,56811.329,-0.030,-0.493,-1.095,32.1
$IMU,56811.363,-0.976,0.061,-1.770,0.20361,0.04541,0.99023,33.33
$BARO,56811.399,69403.10,33.45
$MAG,56811.430,-0.022,-0.480,-1.096,32.2
$IMU,56811.438,-1.403,0.122,-1.831,0.20312,0.03613,0.99169,33.36
$BARO,56811.500,69395.38,33.45
$IMU,56811.513,-0.549,-0.427,-1.464,0.20361,0.04296,0.98974,33.37
$MAG,56811.530,-0.024,-0.484,-1.093,32.1
$IMU,56811.588,-0.427,-0.366,-1.647,0.20605,0.04541,0.98779,33.39
$BARO,56811.602,69401.47,33.45
$MAG,56811.631,-0.022,-0.495,-1.087,32.2
$IMU,56811.663,-0.732,-0.122,-1.037,0.19970,0.03857,0.98925,33.37
$BARO,56811.703,69398.45,33.44
$MAG,56811.732,-0.021,-0.492,-1.092,32.2
$IMU,56811.738,-0.244,-0.305,-0.366,0.21386,0.04638,0.98730,33.33
$VBAT,56811.738,3.829
$HUM,56811.772,26.2,33.8
$BARO,56811.804,69403.71,33.45
$IMU,56811.813,-0.854,0.427,-0.915,0.19384,0.03662,0.99218,33.35
$MAG,56811.833,-0.028,-0.484,-1.101,32.1
$IMU,56811.888,-0.671,-0.793,-1.403,0.20996,0.03369,0.98974,33.33
$BARO,56811.906,69402.49,33.45
$MAG,56811.934,-0.018,-0.490,-1.087,32.2
$IMU,56811.963,0.183,0.061,-0.793,0.20605,0.04199,0.98925,33.34
$BARO,56812.007,69403.71,33.44
$MAG,56812.035,-0.024,-0.495,-1.090,32.2
$IMU,56812.039,0.305,0.122,-1.037,0.20800,0.04199,0.99023,33.40
$TIME,56812.079,29894.000,2365
$BARO,56812.109,69405.76,33.44
$IMU,56812.114,0.183,0.000,-1.220,0.20654,0.04296,0.99023,33.33
$MAG,56812.136,-0.019,-0.489,-1.093,32.1
$IMU,56812.189,0.549,0.671,-1.159,0.20703,0.04785,0.99072,33.38
$BARO,56812.210,69402.71,33.44
$MAG,56812.237,-0.022,-0.487,-1.090,32.2
$IMU,56812.264,0.122,0.549,-1.953,0.18847,0.04150,0.98730,33.37
$BARO,56812.311,69397.01,33.44
$MAG,56812.337,-0.027,-0.487,-1.086,32.1
$IMU,56812.339,0.183,-0.793,-2.563,0.20996,0.04150,0.99072,33.36
$BARO,56812.413,69393.77,33.44
$IMU,56812.414,0.732,-0.183,-2.563,0.20410,0.04296,0.99267,33.32
$MAG,56812.438,-0.022,-0.487,-1.081,32.1
$IMU,56812.489,1.220,0.000,-2.624,0.20751,0.05175,0.98730,33.35
$BARO,56812.514,69392.50,33.45
$MAG,56812.539,-0.018,-0.493,-1.084,32.2
$IMU,56812.564,0.793,0.671,-2.319,0.20068,0.06005,0.98730,33.32
$BARO,56812.616,69394.40,33.44
$IMU,56812.639,0.305,0.854,-2.075,0.19873,0.05664,0.99218,33.33
$MAG,56812.640,-0.015,-0.486,-1.092,32.2
$IMU,56812.714,0.183,0.976,-3.173,0.17382,0.04785,0.98974,33.35
$BARO,56812.717,69398.03,33.44
$MAG,56812.741,-0.018,-0.486,-1.093,32.1
$VBAT,56812.745,3.835
$HUM,56812.789,26.2,33.8
$IMU,56812.789,0.732,-1.220,-2.990,0.20703,0.05322,0.99316,33.33
$BARO,56812.818,69400.91,33.44
$MAG,56812.842,-0.016,-0.480,-1.083,32.0
$IMU,56812.864,0.366,0.915,-2.685,0.18212,0.06542,0.98339,33.36
$BARO,56812.920,69389.70,33.44
$IMU,56812.939,-1.037,-0.305,-2.990,0.18652,0.05517,0.99462,33.34
$MAG,56812.943,-0.016,-0.481,-1.093,32.2
$IMU,56813.015,-0.732,-0.366,-2.807,0.19189,0.05664,0.99169,33.36
$BARO,56813.021,69397.42,33.44
$MAG,56813.044,-0.016,-0.480,-1.095,32.2
$TIME,56813.079,29895.000,2365
$IMU,56813.090,-0.305,0.732,-1.770,0.18164,0.05761,0.99560,33.37
$BARO,56813.123,69402.52,33.44
$MAG,56813.144,-0.016,-0.481,-1.089,32.2
$IMU,56813.165,-0.305,0.549,-1.525,0.17871,0.05712,0.98730,33.35
$BARO,56813.224,69394.79,33.44
$IMU,56813.240,-0.427,-0.244,-1.403,0.19042,0.05664,0.99609,33.35
$MAG,56813.245,-0.018,-0.475,-1.083,32.0
$IMU,56813.315,0.000,-0.183,-3.356,0.19433,0.05273,1.00537,33.30
$BARO,56813.325,69400.50,33.44
$MAG,56813.346,-0.012,-0.474,-1.089,32.1
$IMU,56813.390,2.075,-1.281,-8.239,0.19921,0.05175,1.00390,33.35
$BARO,56813.427,69404.15,33.44
$MAG,56813.447,-0.016,-0.475,-1.083,32.1
$IMU,56813.465,5.920,-4.577,-16.906,0.19238,0.06542,1.01123,33.33
$BARO,56813.528,69396.42,33.44
$IMU,56813.540,10.375,-15.136,-34.179,0.17822,0.09765,0.99072,33.37
$MAG,56813.548,-0.031,-0.463,-1.090,32.0
$IMU,56813.615,13.732,-31.433,-55.541,0.23388,0.14013,0.97021,33.30
$BARO,56813.630,69389.11,33.44
$MAG,56813.649,-0.069,-0.444,-1.113,32.2
$IMU,56813.690,17.028,-40.527,-64.392,0.30273,0.20214,0.94921,33.37
$BARO,56813.731,69401.91,33.44
$MAG,56813.750,-0.111,-0.441,-1.135,32.1
$VBAT,56813.758,3.843
$IMU,56813.765,17.761,-41.564,-64.636,0.31884,0.25000,0.92431,33.35
$HUM,56813.806,26.5,33.8
$BARO,56813.832,69393.99,33.44
$IMU,56813.840,18.310,-42.846,-66.589,0.37988,0.31298,0.89941,33.35
$MAG,56813.851,-0.148,-0.429,-1.144,32.2
$IMU,56813.916,17.517,-35.400,-62.377,0.41162,0.37109,0.86865,33.35
$BARO,56813.934,69393.57,33.44
$MAG,56813.952,-0.168,-0.438,-1.152,32.2
$IMU,56813.991,13.549,-23.132,-51.330,0.36376,0.39794,0.84716,33.32
$BARO,56814.035,69390.75,33.44
$MAG,56814.053,-0.192,-0.435,-1.162,32.0
$IMU,56814.066,12.512,-22.399,-47.180,0.31103,0.43066,0.83691,33.38
$TIME,56814.079,29896.000,2365
$BARO,56814.137,69397.86,33.44
$IMU,56814.141,18.981,-37.780,-57.250,0.39941,0.50830,0.79638,33.36
$MAG,56814.153,-0.240,-0.445,-1.158,32.2
$IMU,56814.216,22.766,-37.414,-61.828,0.41455,0.62060,0.73046,33.31
$BARO,56814.238,69390.36,33.43
$MAG,56814.254,-0.264,-0.459,-1.158,32.1
$IMU,56814.291,12.817,-26.428,-54.992,0.37402,0.64697,0.67529,33.35
$BARO,56814.339,69396.03,33.43
$MAG,56814.355,-0.273,-0.468,-1.164,32.2
$IMU,56814.366,5.249,-20.019,-45.227,0.36962,0.68359,0.67041,33.33
$BARO,56814.441,69401.35,33.42
$IMU,56814.441,2.136,-14.465,-32.714,0.38427,0.68652,0.65820,33.33
$MAG,56814.456,-0.283,-0.468,-1.162,32.1
$IMU,56814.516,2.075,-5.981,-27.404,0.38037,0.69042,0.65771,33.32
$BARO,56814.542,69400.71,33.43
$MAG,56814.557,-0.277,-0.460,-1.149,32.2
$IMU,56814.591,3.356,4.699,-26.245,0.37548,0.72412,0.68017,33.33
$BARO,56814.644,69399.08,33.43
$MAG,56814.658,-0.262,-0.466,-1.156,32.2
$IMU,56814.666,4.028,14.465,-27.343,0.27929,0.70507,0.65869,33.32
$IMU,56814.741,7.202,16.601,-28.015,0.19335,0.72021,0.67968,33.33
$BARO,56814.745,69396.86,33.43
$MAG,56814.759,-0.244,-0.483,-1.155,31.8
$VBAT,56814.764,3.840
$IMU,56814.816,12.023,16.174,-29.541,0.14257,0.66455,0.69433,33.35
$HUM,56814.823,26.5,33.8
$BARO,56814.846,69395.67,33.42
$MAG,56814.860,-0.211,-0.496,-1.153,32.2
$IMU,56814.892,22.521,15.625,-29.846,0.09521,0.72265,0.67333,33.35
$BARO,56814.948,69402.15,33.43
$MAG,56814.961,-0.193,-0.514,-1.149,32.2
$IMU,56814.967,18.859,15.136,-21.850,0.01220,0.79052,0.67871,33.32
$IMU,56815.042,9.155,11.901,-18.493,0.01953,0.72363,0.68554,33.36
$BARO,56815.049,69397.47,33.43
$MAG,56815.061,-0.181,-0.514,-1.141,32.1
$TIME,56815.079,29897.000,2365
$IMU,56815.117,11.352,16.906,-13.732,0.02832,0.73388,0.65625,33.33
$BARO,56815.151,69397.47,33.43
$MAG,56815.162,-0.132,-0.535,-1.123,32.1
$IMU,56815.192,18.920,52.246,-3.173,0.04345,0.81054,0.63183,33.38
$BARO,56815.252,69396.67,33.42
$MAG,56815.263,-0.046,-0.559,-1.081,32.2
$IMU,56815.267,20.996,92.529,13.061,-0.33886,0.83007,0.48925,33.34
$IMU,56815.342,15.380,62.500,13.427,-0.41064,0.86621,0.45654,33.36
$BARO,56815.353,69395.45,33.43
$MAG,56815.364,-0.027,-0.576,-1.068,32.2
$IMU,56815.417,8.300,21.118,4.943,-0.30859,0.86230,0.47314,33.32
$BARO,56815.455,69398.08,33.43
$MAG,56815.465,-0.016,-0.573,-1.060,32.1
$IMU,56815.492,5.554,6.958,2.929,-0.30615,0.83203,0.50634,33.35
$BARO,56815.556,69397.28,33.43
$MAG,56815.566,-0.021,-0.592,-1.059,32.2
$IMU,56815.567,8.422,-2.197,5.249,-0.28222,0.86669,0.48828,33.36
$IMU,56815.642,5.065,-9.338,6.347,-0.21093,0.90869,0.49951,33.31
$BARO,56815.658,69391.77,33.43
$MAG,56815.667,-0.037,-0.586,-1.066,32.2
$IMU,56815.717,-3.112,-8.789,9.521,-0.17431,0.87402,0.54443,33.35
$BARO,56815.759,69396.69,33.42
$MAG,56815.767,-0.046,-0.601,-1.068,32.1
$VBAT,56815.777,3.832
$IMU,56815.793,2.685,-12.634,9.216,-0.10693,0.86425,0.49414,33.33
$HUM,56815.840,26.4,33.7
$BARO,56815.860,69399.52,33.42
$MAG,56815.868,-0.061,-0.601,-1.072,32.2
$IMU,56815.868,7.751,-17.700,3.723,-0.02148,0.86914,0.47216,33.33
$IMU,56815.943,2.502,-20.507,-3.845,0.00537,0.90917,0.49218,33.33
$BARO,56815.962,69404.61,33.42
$MAG,56815.969,-0.078,-0.606,-1.077,32.2
$IMU,56816.018,2.502,-21.179,-5.249,0.05664,0.95361,0.49609,33.34
$BARO,56816.063,69398.94,33.42
$MAG,56816.070,-0.084,-0.598,-1.092,32.1
$TIME,56816.079,29897.000,2365
$IMU,56816.093,3.601,-13.977,-6.225,0.04931,0.90185,0.44970,33.37
$BARO,56816.164,69397.89,33.42
$IMU,56816.168,4.699,-10.375,-8.422,0.01708,0.88476,0.40087,33.33
$MAG,56816.171,-0.093,-0.606,-1.087,32.2
$IMU,56816.243,6.591,-10.498,-9.033,-0.00195,0.93066,0.39501,33.33
$BARO,56816.266,69392.60,33.42
$MAG,56816.272,-0.109,-0.603,-1.089,32.2
$IMU,56816.318,5.310,-11.657,-6.530,0.05175,0.92578,0.39550,33.36
$BARO,56816.367,69403.40,33.42
$MAG,56816.373,-0.105,-0.612,-1.093,32.1
$IMU,56816.393,1.159,-8.483,-3.417,0.09228,0.91503,0.41259,33.36
$IMU,56816.468,-2.380,0.427,-0.183,0.07763,0.97412,0.45019,33.30
$BARO,56816.469,69400.37,33.42
$MAG,56816.474,-0.108,-0.603,-1.087,32.2
$IMU,56816.543,-3.479,11.535,1.770,-0.00488,0.97705,0.46386,33.34
$BARO,56816.570,69387.14,33.42
$MAG,56816.574,-0.085,-0.603,-1.090,32.1
$IMU,56816.618,-3.112,16.357,-2.746,-0.11816,0.89550,0.47070,33.32
$BARO,56816.671,69394.67,33.42
$MAG,56816.675,-0.078,-0.598,-1.086,32.1
$IMU,56816.693,-3.845,12.451,-7.263,-0.17187,0.84863,0.47558,33.31
$IMU,56816.769,-2.685,7.507,-3.662,-0.19970,0.88867,0.50732,33.33
$BARO,56816.773,69393.84,33.42
$MAG,56816.776,-0.067,-0.591,-1.086,32.2
$VBAT,56816.783,3.829
$IMU,56816.844,-3.662,2.685,0.000,-0.17285,0.88916,0.50048,33.35
$HUM,56816.857,26.4,33.7
$BARO,56816.874,69389.62,33.41
$MAG,56816.877,-0.067,-0.586,-1.084,32.2
$IMU,56816.919,-5.310,0.610,-2.075,-0.16259,0.83886,0.51953,33.33
$BARO,56816.976,69394.47,33.42
$MAG,56816.978,-0.073,-0.583,-1.095,32.2
$IMU,56816.994,-4.638,-3.234,-3.112,-0.17089,0.84863,0.51367,33.37
$IMU,56817.069,-5.004,-3.845,-6.286,-0.18164,0.82714,0.53710,33.35
$BARO,56817.077,69403.42,33.42
$MAG,56817.079,-0.067,-0.577,-1.107,32.2
$TIME,56817.079,29898.000,2365
$IMU,56817.144,-3.601,-1.953,-7.873,-0.21728,0.83447,0.53076,33.35
$BARO,56817.178,69397.13,33.42
$MAG,56817.180,-0.070,-0.568,-1.105,32.1
$IMU,56817.219,-3.601,-3.723,-8.544,-0.20654,0.83740,0.54589,33.38
$BARO,56817.280,69394.67,33.42
$MAG,56817.281,-0.069,-0.571,-1.114,32.1
$IMU,56817.294,-6.286,-4.455,-5.920,-0.21386,0.85302,0.54296,33.37
$IMU,56817.369,-8.850,-7.202,-7.080,-0.17382,0.81542,0.54736,33.33
$BARO,56817.381,69390.60,33.42
$MAG,56817.381,-0.075,-0.550,-1.122,32.1
$IMU,56817.444,-6.896,-11.535,-6.530,-0.18505,0.82080,0.55517,33.31
$MAG,56817.482,-0.088,-0.549,-1.125,32.0
$BARO,56817.483,69401.37,33.42
$IMU,56817.519,-0.793,-19.653,-13.000,-0.29492,0.86035,0.53222,33.36
$MAG,56817.583,-0.142,-0.550,-1.146,32.1
$BARO,56817.584,69401.79,33.42
$IMU,56817.594,1.586,-48.217,-21.911,-0.25439,0.83984,0.48193,33.35
$IMU,56817.670,1.464,-73.547,-26.123,-0.14550,0.87597,0.51220,33.32
$MAG,56817.684,-0.214,-0.523,-1.155,32.2
$BARO,56817.686,69394.69,33.41
$IMU,56817.745,-2.685,-78.491,-25.390,-0.01806,0.84277,0.55029,33.35
$MAG,56817.785,-0.289,-0.525,-1.161,32.2
$BARO,56817.787,69394.28,33.42
$VBAT,56817.796,3.842
$IMU,56817.820,-4.638,-60.852,-17.639,0.04589,0.81884,0.59277,33.34
$HUM,56817.875,26.2,33.7
$MAG,56817.886,-0.318,-0.519,-1.168,32.1
$BARO,56817.888,69396.91,33.42
$IMU,56817.895,-6.042,-40.710,-10.986,0.01074,0.81152,0.61425,33.36
$IMU,56817.970,-5.615,-34.545,-13.793,0.01074,0.82617,0.61865,33.33
$MAG,56817.987,-0.361,-0.517,-1.165,32.2
$BARO,56817.990,69398.74,33.42
$IMU,56818.045,-7.812,-34.057,-21.118,0.02343,0.80371,0.61816,33.33
$TIME,56818.079,29900.000,2365
$MAG,56818.088,-0.391,-0.508,-1.146,32.1
$BARO,56818.091,69405.47,33.41
$IMU,56818.120,-7.507,-33.203,-23.559,0.01513,0.80712,0.62939,33.35
$MAG,56818.188,-0.409,-0.505,-1.150,32.1
$BARO,56818.193,69394.69,33.41
$IMU,56818.195,-9.704,-29.541,-21.789,0.07714,0.80712,0.64794,33.34
$IMU,56818.270,-12.634,-14.221,-13.183,0.01416,0.76660,0.65869,33.28
$MAG,56818.289,-0.429,-0.489,-1.161,32.1
$BARO,56818.294,69399.37,33.41
$IMU,56818.345,-13.549,-7.019,-7.812,-0.01806,0.78466,0.66943,33.31
$MAG,56818.390,-0.423,-0.474,-1.164,32.2
$BARO,56818.395,69396.30,33.42
$IMU,56818.420,-19.531,-5.920,-2.197,-0.03564,0.74902,0.67871,33.33
$MAG,56818.491,-0.427,-0.445,-1.158,32.0
$IMU,56818.495,-24.169,-5.981,-0.549,0.02392,0.68164,0.75781,33.32
$BARO,56818.497,69405.69,33.41
$IMU,56818.570,-15.014,-1.159,-5.065,0.00830,0.68164,0.75390,33.35
$MAG,56818.592,-0.438,-0.444,-1.165,32.0
$BARO,56818.598,69395.08,33.42
$IMU,56818.646,-6.835,-1.403,-7.385,0.01513,0.70800,0.69433,33.29
$MAG,56818.693,-0.436,-0.432,-1.159,32.1
$BARO,56818.700,69396.91,33.42
$IMU,56818.721,-11.413,-0.915,-5.249,0.05029,0.67578,0.73291,33.34
$MAG,56818.794,-0.433,-0.415,-1.168,32.1
$IMU,56818.796,-15.197,7.629,-5.859,0.01025,0.68212,0.76513,33.34
$BARO,56818.801,69399.37,33.41
$VBAT,56818.801,3.819
$IMU,56818.871,-20.324,13.549,-9.460,0.01025,0.65429,0.74218,33.32
$HUM,56818.892,26.2,33.8
$MAG,56818.895,-0.403,-0.399,-1.177,32.2
$BARO,56818.902,69394.50,33.41
$IMU,56818.946,-25.512,20.874,-12.695,-0.06445,0.62597,0.77783,33.29
$MAG,56818.995,-0.385,-0.366,-1.186,32.2
$BARO,56819.004,69407.71,33.41
$IMU,56819.021,-32.226,26.855,-16.418,-0.16601,0.54003,0.82910,33.31
$TIME,56819.079,29900.000,2365
$MAG,56819.096,-0.354,-0.345,-1.186,32.2
$IMU,56819.096,-29.296,24.658,-14.160,-0.24853,0.45703,0.87744,33.33
$BARO,56819.105,69399.57,33.41
$IMU,56819.171,-19.042,13.122,-15.625,-0.26074,0.43798,0.89306,33.30
$MAG,56819.197,-0.355,-0.324,-1.182,32.1
$BARO,56819.206,69396.96,33.41
$IMU,56819.246,-12.268,1.098,-16.479,-0.29101,0.47216,0.90429,33.36
$MAG,56819.298,-0.373,-0.313,-1.189,32.2
$BARO,56819.308,69408.54,33.41
$IMU,56819.321,-16.662,-11.779,-14.770,-0.26464,0.36816,0.91064,33.32
$IMU,56819.396,-5.859,-13.549,-9.460,-0.26904,0.33105,0.93701,33.36
$MAG,56819.399,-0.375,-0.315,-1.185,32.1
$BARO,56819.409,69393.30,33.40
$IMU,56819.471,12.756,-12.329,-0.122,-0.27636,0.43017,0.88720,33.35
$MAG,56819.500,-0.400,-0.327,-1.171,32.1
$BARO,56819.511,69396.77,33.40
$IMU,56819.547,13.977,-19.348,8.911,-0.19628,0.49316,0.83789,33.33
$MAG,56819.601,-0.420,-0.343,-1.174,32.1
$BARO,56819.612,69399.59,33.41
$IMU,56819.622,9.887,-20.751,10.864,-0.11523,0.50439,0.82177,33.37
$IMU,56819.697,2.014,-18.188,7.995,-0.08056,0.55175,0.84912,33.32
$MAG,56819.702,-0.436,-0.334,-1.179,32.2
$BARO,56819.713,69399.59,33.41
$IMU,56819.772,-10.070,-18.615,6.530,-0.02978,0.46191,0.85498,33.33
$MAG,56819.803,-0.459,-0.312,-1.164,32.2
$VBAT,56819.804,3.837
$BARO,56819.815,69394.91,33.41
$IMU,56819.847,-12.023,-14.282,5.615,0.02294,0.43945,0.93408,33.30
$MAG,56819.904,-0.468,-0.300,-1.170,32.1
$HUM,56819.909,26.0,33.7
$BARO,56819.916,69399.81,33.41
$IMU,56819.922,-5.187,-6.469,3.784,-0.00976,0.38623,0.94775,33.35
$IMU,56819.997,5.432,-5.126,3.540,-0.02001,0.49951,0.95458,33.35
$MAG,56820.005,-0.472,-0.316,-1.176,32.1
$BARO,56820.018,69403.88,33.40
$IMU,56820.072,3.540,-5.737,5.493,0.01318,0.43457,0.90527,33.33
$TIME,56820.079,29902.000,2365
$MAG,56820.106,-0.474,-0.306,-1.158,32.2
$BARO,56820.119,69402.88,33.40
$IMU,56820.147,4.394,-3.540,6.042,0.00341,0.47460,0.90966,33.28
$MAG,56820.207,-0.480,-0.309,-1.162,32.0
$BARO,56820.220,69394.91,33.41
$IMU,56820.222,3.295,-0.061,4.699,0.00488,0.48974,0.91992,33.34
$IMU,56820.297,1.831,0.915,2.868,-0.00390,0.50585,0.91992,33.34
$MAG,56820.308,-0.472,-0.309,-1.171,32.0
$BARO,56820.322,69395.52,33.40
$IMU,56820.372,0.366,-1.464,4.211,-0.01123,0.48583,0.91650,33.34
$MAG,56820.408,-0.465,-0.316,-1.173,32.0
$BARO,56820.423,69408.56,33.40
$IMU,56820.447,4.089,-2.380,2.929,0.01953,0.48828,0.89013,33.29
$MAG,56820.509,-0.471,-0.324,-1.162,32.1
$IMU,56820.523,6.042,-0.183,2.868,0.00634,0.50244,0.87255,33.31
$BARO,56820.525,69400.03,33.40
$IMU,56820.598,5.432,-1.098,2.563,0.02343,0.52197,0.86376,33.32
$MAG,56820.610,-0.480,-0.325,-1.165,31.8
$BARO,56820.626,69406.93,33.40
$IMU,56820.673,1.770,-1.159,2.502,0.03613,0.52392,0.87841,33.34
$MAG,56820.711,-0.474,-0.322,-1.176,32.2
$BARO,56820.727,69403.49,33.40
$IMU,56820.748,0.427,0.854,1.525,0.02441,0.52978,0.88720,33.33
$VBAT,56820.804,3.837
$MAG,56820.812,-0.468,-0.321,-1.173,32.1
$IMU,56820.823,0.122,1.708,0.854,0.01513,0.50000,0.87060,33.31
$BARO,56820.829,69402.64,33.40
$IMU,56820.898,0.000,0.671,0.000,0.00146,0.51171,0.88330,33.33
$MAG,56820.913,-0.465,-0.318,-1.174,32.1
$HUM,56820.926,25.9,33.7
$BARO,56820.930,69400.64,33.40
$IMU,56820.973,0.793,-0.976,-2.624,0.00927,0.50146,0.85351,33.32
$MAG,56821.014,-0.480,-0.327,-1.177,32.1
$BARO,56821.032,69398.59,33.40
$IMU,56821.048,0.305,-1.892,-3.112,-0.00683,0.50634,0.87304,33.31
$TIME,56821.079,29904.000,2365
$MAG,56821.115,-0.481,-0.330,-1.167,32.1
$IMU,56821.123,-0.305,-2.258,-1.770,-0.00195,0.50830,0.88085,33.32
$BARO,56821.133,69409.81,33.40
$IMU,56821.198,0.244,-2.868,0.793,0.02392,0.51806,0.89599,33.31
$MAG,56821.216,-0.481,-0.321,-1.173,32.0
$BARO,56821.234,69405.52,33.40
$IMU,56821.273,1.037,-2.685,0.915,0.03173,0.49609,0.87744,33.33
$MAG,56821.317,-0.471,-0.324,-1.171,32.2
$BARO,56821.336,69401.06,33.40
$IMU,56821.348,3.601,-2.868,-1.831,0.02587,0.52490,0.86767,33.32
$MAG,56821.418,-0.484,-0.330,-1.165,32.1
$IMU,56821.423,2.624,-2.197,-3.356,0.01416,0.52685,0.85400,33.31
$BARO,56821.437,69392.74,33.40
$IMU,56821.499,0.183,-2.990,-2.197,0.02636,0.53662,0.88378,33.32
$MAG,56821.519,-0.490,-0.331,-1.164,32.1
$BARO,56821.539,69405.52,33.40
$IMU,56821.574,-1.098,-2.624,-0.488,0.02978,0.52392,0.88964,33.32
$MAG,56821.620,-0.493,-0.334,-1.170,32.1
$BARO,56821.640,69397.79,33.40
$IMU,56821.649,-0.122,-1.953,-2.380,0.04199,0.50830,0.88183,33.36
$MAG,56821.721,-0.490,-0.336,-1.171,32.2
$IMU,56821.724,2.136,-0.427,-2.746,0.01806,0.53271,0.86425,33.32
$BARO,56821.741,69403.71,33.40
$IMU,56821.799,0.549,-2.197,-2.868,0.02490,0.53515,0.87255,33.33
$VBAT,56821.812,3.831
$MAG,56821.822,-0.493,-0.339,-1.156,32.1
$BARO,56821.843,69400.45,33.40
$IMU,56821.874,-1.098,-2.197,-2.929,0.03369,0.51757,0.87451,33.30
$MAG,56821.923,-0.493,-0.340,-1.167,32.2
$HUM,56821.943,25.9,33.7
$BARO,56821.944,69400.67,33.40
$IMU,56821.949,-0.610,-0.976,-1.525,0.02490,0.52636,0.87841,33.32
$MAG,56822.023,-0.493,-0.333,-1.167,32.2
$IMU,56822.024,-1.281,-0.915,-1.342,0.03320,0.51220,0.88378,33.31
$BARO,56822.045,69396.62,33.39
$IMU,56822.099,-0.427,0.427,-2.441,0.02050,0.51464,0.87792,33.32
$MAG,56822.124,-0.493,-0.339,-1.161,32.0
$BARO,56822.147,69393.94,33.40
$IMU,56822.174,-0.610,-0.061,-0.549,0.01611,0.52099,0.88916,33.32
$MAG,56822.225,-0.492,-0.328,-1.168,32.2
$BARO,56822.248,69390.92,33.39
$IMU,56822.249,-2.563,0.793,1.464,0.03710,0.51074,0.94335,33.35
$IMU,56822.324,-0.183,2.990,3.479,0.01953,0.46337,1.01367,33.33
$MAG,56822.326,-0.493,-0.336,-1.165,32.1
$BARO,56822.350,69407.56,33.40
$IMU,56822.400,13.916,-0.244,1.281,0.01953,0.43408,1.01464,33.32
$MAG,56822.427,-0.493,-0.366,-1.165,32.0
$BARO,56822.451,69399.23,33.40
$IMU,56822.475,35.278,-4.882,-2.380,0.05566,0.56201,0.93945,33.33
$MAG,56822.528,-0.489,-0.417,-1.159,32.1
$IMU,56822.550,40.222,-2.746,-3.784,0.10546,0.60693,0.82812,33.30
$BARO,56822.552,69404.91,33.40
$IMU,56822.625,37.780,10.498,-0.915,0.11083,0.66113,0.76660,33.28
$MAG,56822.629,-0.460,-0.450,-1.155,32.0
$BARO,56822.654,69397.84,33.39
$IMU,56822.700,34.729,29.357,4.455,0.00585,0.74267,0.69970,33.32
$MAG,56822.730,-0.430,-0.471,-1.153,32.0
$BARO,56822.755,69399.64,33.40
$IMU,56822.775,24.841,31.066,9.094,-0.06640,0.73486,0.63574,33.34
$VBAT,56822.813,3.831
$MAG,56822.831,-0.403,-0.498,-1.155,32.1
$IMU,56822.850,19.592,20.141,7.873,-0.02636,0.70898,0.65917,33.30
$BARO,56822.857,69402.66,33.40
$IMU,56822.925,18.676,14.343,5.126,-0.01464,0.74267,0.65380,33.32
$MAG,56822.932,-0.393,-0.513,-1.153,32.1
$BARO,56822.958,69403.32,33.39
$HUM,56822.960,26.1,33.7
$IMU,56823.000,11.718,13.305,3.234,-0.03320,0.72509,0.62597,33.29
$MAG,56823.033,-0.378,-0.523,-1.150,32.1
$BARO,56823.059,69398.84,33.39
$IMU,56823.075,7.019,11.413,5.798,-0.04589,0.75195,0.65820,33.33
$TIME,56823.079,29905.000,2365
$MAG,56823.134,-0.361,-0.526,-1.144,32.1
$IMU,56823.150,1.708,7.141,2.685,-0.02734,0.68750,0.67285,33.30
$BARO,56823.161,69395.40,33.39
$IMU,56823.225,5.920,7.141,0.854,-0.05908,0.72216,0.64794,33.34
$MAG,56823.235,-0.357,-0.526,-1.143,32.1
$BARO,56823.262,69403.74,33.39
$IMU,56823.300,9.094,18.371,2.136,-0.09765,0.80664,0.56054,33.31
$MAG,56823.335,-0.310,-0.532,-1.143,32.1
$BARO,56823.364,69390.70,33.40
$IMU,56823.376,7.873,36.071,17.761,-0.08886,0.89941,0.60791,33.31
$MAG,56823.436,-0.274,-0.520,-1.152,32.2
$IMU,56823.451,-15.258,56.152,57.067,0.06054,0.79199,0.48242,33.28
$BARO,56823.465,69391.74,33.39
$IMU,56823.526,-24.353,110.961,101.074,0.02636,1.01318,0.46777,33.31
$MAG,56823.537,-0.144,-0.519,-1.143,32.1
$BARO,56823.566,69402.91,33.39
$IMU,56823.601,-44.372,148.193,142.395,-0.08642,0.90527,0.50830,33.30
$MAG,56823.638,-0.043,-0.526,-1.089,32.1
$BARO,56823.668,69398.45,33.39
$IMU,56823.676,-41.931,139.160,146.545,-0.12744,0.80957,0.62890,33.33
$MAG,56823.739,0.019,-0.555,-1.047,32.2
$IMU,56823.751,-30.883,97.534,111.389,-0.05566,0.79833,0.74365,33.30
$BARO,56823.769,69393.79,33.39
$VBAT,56823.813,3.837
$IMU,56823.826,-36.010,66.345,82.519,0.04003,0.64648,0.74853,33.32
$MAG,56823.840,0.048,-0.588,-1.032,32.1
$BARO,56823.870,69403.74,33.39
$IMU,56823.901,-27.893,54.199,76.049,0.05615,0.56445,0.76660,33.35
$MAG,56823.941,0.052,-0.615,-1.002,32.0
$BARO,56823.972,69403.37,33.38
$IMU,56823.976,-15.991,46.142,74.401,0.16162,0.59375,0.78369,33.32
$HUM,56823.977,26.6,33.7
$MAG,56824.042,0.061,-0.655,-0.963,32.0
$IMU,56824.051,-16.540,48.767,79.711,0.21679,0.59130,0.79882,33.28
$BARO,56824.073,69396.21,33.39
$TIME,56824.079,29906.000,2365
$IMU,56824.126,-17.761,55.725,81.665,0.17480,0.60205,0.81396,33.31
$MAG,56824.143,0.040,-0.694,-0.930,32.1
$BARO,56824.175,69398.08,33.38
$IMU,56824.201,-18.066,56.640,70.190,0.07177,0.57324,0.82666,33.30
$MAG,56824.244,0.048,-0.718,-0.906,32.1
$BARO,56824.276,69400.47,33.39
$IMU,56824.277,-15.258,50.781,50.476,-0.05908,0.52343,0.81787,33.26
$MAG,56824.345,0.048,-0.745,-0.876,32.1
$IMU,56824.352,-13.793,45.532,41.748,-0.13525,0.60253,0.90820,33.32
$BARO,56824.377,69392.79,33.38
$IMU,56824.427,-18.737,39.916,45.959,-0.16845,0.45556,0.89599,33.30
$MAG,56824.445,0.031,-0.763,-0.879,32.2
$BARO,56824.479,69399.08,33.39
$IMU,56824.502,-8.361,28.259,46.691,-0.16845,0.47656,0.88769,33.35
$MAG,56824.546,-0.007,-0.780,-0.871,32.2
$IMU,56824.577,-7.263,15.869,38.208,-0.17285,0.50244,0.90087,33.37
$BARO,56824.580,69404.79,33.38
$MAG,56824.647,-0.027,-0.802,-0.865,32.1
$IMU,56824.652,-6.896,5.371,30.395,-0.14941,0.48583,0.90332,33.34
$BARO,56824.682,69403.37,33.38
$IMU,56824.727,-0.854,-1.464,28.259,-0.09326,0.47998,0.87597,33.31
$MAG,56824.748,-0.054,-0.817,-0.856,32.0
$BARO,56824.783,69396.42,33.39
$IMU,56824.802,6.896,-4.089,28.381,-0.04101,0.48730,0.83984,33.37
$VBAT,56824.814,3.840
$MAG,56824.849,-0.073,-0.825,-0.859,32.0
$IMU,56824.877,9.216,-5.371,23.498,-0.01416,0.52685,0.88574,33.29
$BARO,56824.884,69393.60,33.38
$MAG,56824.950,-0.093,-0.837,-0.853,32.1
$IMU,56824.952,5.737,-8.239,10.803,0.06591,0.47802,0.93212,33.29
$BARO,56824.986,69403.13,33.39
$HUM,56824.994,26.1,33.7
$IMU,56825.027,6.835,-8.117,5.126,0.16162,0.41015,0.90039,33.32
$MAG,56825.051,-0.105,-0.847,-0.849,32.0
$TIME,56825.079,29906.000,2365
$BARO,56825.087,69398.28,33.38
$IMU,56825.102,8.300,-8.056,5.859,0.24755,0.45458,0.89355,33.32
$MAG,56825.152,-0.108,-0.844,-0.844,32.0
$IMU,56825.177,5.249,-3.784,3.723,0.25195,0.53662,0.88964,33.34
$BARO,56825.188,69396.42,33.38
$MAG,56825.253,-0.105,-0.847,-0.844,32.0
$IMU,56825.253,0.854,-1.647,-0.427,0.23046,0.49121,0.84423,33.28
$BARO,56825.290,69398.69,33.38
$IMU,56825.328,3.540,-2.990,-3.417,0.24609,0.52685,0.79443,33.37
$MAG,56825.354,-0.105,-0.843,-0.838,32.0
$BARO,56825.391,69402.76,33.38
$IMU,56825.403,5.920,-1.159,-4.211,0.20849,0.60791,0.75146,33.32
$MAG,56825.455,-0.091,-0.850,-0.828,32.0
$IMU,56825.478,1.403,-1.525,-6.347,0.20947,0.62304,0.75341,33.32
$BARO,56825.493,69400.11,33.38
$IMU,56825.553,-3.906,-0.976,-7.812,0.22314,0.62451,0.76074,33.34
$MAG,56825.556,-0.090,-0.840,-0.841,32.0
$BARO,56825.594,69394.84,33.38
$IMU,56825.628,-6.225,1.831,-5.615,0.20458,0.60302,0.74462,33.34
$MAG,56825.657,-0.076,-0.840,-0.847,32.1
$BARO,56825.696,69392.38,33.38
$IMU,56825.703,-4.394,6.469,-5.187,0.18066,0.64990,0.76611,33.32
$MAG,56825.758,-0.082,-0.826,-0.846,32.1
$IMU,56825.778,-9.704,7.568,-6.286,0.09570,0.71289,0.87402,33.33
$BARO,56825.797,69402.35,33.38
$VBAT,56825.814,3.840
$IMU,56825.853,-13.732,7.324,-11.230,0.03076,0.60107,0.84863,33.32
$MAG,56825.859,-0.057,-0.822,-0.859,32.0
$BARO,56825.898,69404.40,33.38
$IMU,56825.928,-16.601,2.624,-20.019,-0.00878,0.40869,0.83056,33.35
$MAG,56825.960,-0.046,-0.799,-0.874,32.1
$BARO,56826.000,69399.08,33.39
$IMU,56826.003,-19.958,-7.629,-22.521,0.02294,0.30468,0.88720,33.32
$HUM,56826.011,26.1,33.7
$MAG,56826.060,-0.030,-0.784,-0.888,32.1
$IMU,56826.078,-21.850,-6.469,-17.883,0.01562,0.22753,0.91894,33.30
$TIME,56826.079,29909.000,2365
$BARO,56826.101,69392.82,33.38
$IMU,56826.154,-18.981,-3.051,-13.732,-0.02832,0.22509,0.95996,33.35
$MAG,56826.161,-0.037,-0.765,-0.897,32.1
$BARO,56826.203,69400.52,33.38
$IMU,56826.229,-18.310,-5.126,-12.573,-0.01660,0.18457,1.01757,33.30
$MAG,56826.262,-0.019,-0.756,-0.921,32.0
$BARO,56826.304,69399.91,33.38
$IMU,56826.304,-12.756,-5.615,-10.009,-0.00244,0.20458,1.00878,33.33
$MAG,56826.363,-0.010,-0.745,-0.924,32.1
$IMU,56826.379,-5.371,-3.234,-8.422,0.02490,0.28515,0.99218,33.31
$BARO,56826.405,69402.96,33.38
$IMU,56826.454,-4.394,-1.037,-8.239,0.01904,0.30566,0.99267,33.33
$MAG,56826.464,-0.013,-0.745,-0.922,32.0
$BARO,56826.507,69396.06,33.38
$IMU,56826.529,-5.798,-2.075,-7.995,0.00927,0.26611,0.96630,33.33
$MAG,56826.565,-0.003,-0.739,-0.931,32.1
$IMU,56826.604,-4.760,-0.854,-8.544,-0.01416,0.26855,0.98388,33.29
$BARO,56826.608,69403.40,33.38
$MAG,56826.666,0.001,-0.727,-0.928,32.1
$IMU,56826.679,-3.295,0.244,-7.141,-0.02197,0.24414,1.00292,33.30
$BARO,56826.710,69405.22,33.38
$IMU,56826.754,0.610,-1.220,-4.516,-0.02929,0.25244,1.01367,33.31
$MAG,56826.767,-0.003,-0.738,-0.928,32.1
$BARO,56826.811,69396.45,33.38
$VBAT,56826.815,3.840
$IMU,56826.829,2.319,-3.601,-2.441,-0.01220,0.30615,1.03076,33.28
$MAG,56826.868,-0.001,-0.735,-0.940,32.1
$IMU,56826.904,-0.488,-3.417,1.708,-0.00146,0.29150,1.00732,33.29
$BARO,56826.912,69395.06,33.37
$MAG,56826.969,-0.001,-0.735,-0.939,32.1
$IMU,56826.979,-2.075,-2.441,6.164,0.00146,0.28417,0.97460,33.30
$BARO,56827.014,69397.06,33.38
$HUM,56827.028,26.2,33.7
$IMU,56827.054,0.671,-1.342,7.202,0.01757,0.31298,0.97412,33.28
$MAG,56827.070,-0.013,-0.741,-0.937,32.1
$BARO,56827.115,69406.05,33.37
$IMU,56827.130,-1.220,-1.281,9.399,0.03320,0.30664,0.97363,33.28
$MAG,56827.171,-0.028,-0.736,-0.945,32.1
$IMU,56827.205,-5.981,-1.831,10.437,0.05957,0.28076,0.99707,33.30
$BARO,56827.217,69403.15,33.38
$MAG,56827.272,-0.036,-0.742,-0.951,32.0
$IMU,56827.280,-7.934,-1.342,10.009,0.07324,0.26757,1.02832,33.34
$BARO,56827.318,69399.33,33.38
$IMU,56827.355,-6.225,0.000,8.728,0.07666,0.24902,1.01123,33.32
$MAG,56827.372,-0.037,-0.745,-0.949,32.0
$BARO,56827.419,69393.82,33.38
$IMU,56827.430,-3.906,2.258,7.995,0.05078,0.24755,0.99072,33.30
$MAG,56827.473,-0.042,-0.748,-0.954,32.1
$IMU,56827.505,-3.112,0.976,6.774,0.04785,0.27734,0.99072,33.31
$BARO,56827.521,69405.00,33.37
$MAG,56827.574,-0.048,-0.747,-0.952,32.0
$IMU,56827.580,-3.479,-0.244,4.272,0.03955,0.27734,0.97558,33.33
$BARO,56827.622,69400.71,33.38
$IMU,56827.655,-6.347,-0.793,2.624,0.03173,0.26904,0.98388,33.30
$MAG,56827.675,-0.048,-0.745,-0.964,32.2
$BARO,56827.724,69410.29,33.38
$IMU,56827.730,-8.666,-3.112,2.380,0.06787,0.24707,0.99755,33.32
$MAG,56827.776,-0.039,-0.738,-0.970,32.0
$IMU,56827.805,-7.690,-2.868,2.807,0.07373,0.22998,0.97460,33.28
$VBAT,56827.815,3.834
$BARO,56827.825,69398.91,33.37
$MAG,56827.877,-0.049,-0.730,-0.975,32.0
$IMU,56827.880,-9.521,-5.371,-1.892,0.09863,0.20312,1.00048,33.36
$BARO,56827.926,69406.61,33.38
$IMU,56827.955,-9.643,-4.577,-4.028,0.11035,0.18066,1.00781,33.31
$MAG,56827.978,-0.049,-0.721,-0.982,32.0
$BARO,56828.028,69407.25,33.38
$IMU,56828.031,-8.239,-2.929,-5.554,0.10937,0.17626,1.01220,33.32
$HUM,56828.045,26.1,33.8
$MAG,56828.079,-0.048,-0.714,-1.000,32.0
$TIME,56828.079,29910.000,2365
$IMU,56828.106,-5.981,-3.356,-10.681,0.10937,0.18896,1.00781,33.31
$BARO,56828.129,69411.32,33.38
$MAG,56828.180,-0.034,-0.699,-0.996,32.0
$IMU,56828.181,-6.286,-1.464,-13.793,0.07714,0.15527,1.00878,33.30
$BARO,56828.231,69402.37,33.38
$IMU,56828.256,-3.601,-1.159,-14.221,0.06787,0.17333,0.99560,33.33
$MAG,56828.281,-0.031,-0.699,-0.990,31.8
$IMU,56828.331,-4.150,-0.854,-9.887,0.06298,0.16210,1.00488,33.29
$BARO,56828.332,69406.03,33.37
$MAG,56828.382,-0.024,-0.685,-1.003,32.2
$IMU,56828.406,-4.516,-0.305,-10.925,0.06445,0.15722,1.00537,33.28
$BARO,56828.433,69399.30,33.38
$IMU,56828.481,-3.784,0.183,-10.864,0.06103,0.14892,0.99853,33.34
$MAG,56828.483,-0.019,-0.684,-1.005,32.1
$BARO,56828.535,69410.49,33.38
$IMU,56828.556,-2.502,-1.892,-10.925,0.07568,0.17187,1.01074,33.36
$MAG,56828.584,-0.015,-0.673,-0.996,32.0
$IMU,56828.631,-2.563,-2.380,-10.375,0.09570,0.14453,0.99365,33.31
$BARO,56828.636,69403.62,33.37
$MAG,56828.685,-0.012,-0.664,-1.003,32.0
$IMU,56828.706,-0.671,-1.953,-13.244,0.10302,0.15234,0.98144,33.32
$BARO,56828.738,69396.67,33.37
$IMU,56828.781,0.671,-2.136,-16.235,0.07080,0.17529,0.96972,33.32
$MAG,56828.786,0.004,-0.658,-1.009,32.1
$VBAT,56828.816,3.826
$BARO,56828.839,69392.62,33.38
$IMU,56828.856,-1.037,-2.807,-17.639,0.07470,0.15380,0.96728,33.35
$MAG,56828.886,0.007,-0.639,-1.012,32.1
$IMU,56828.931,-1.281,-3.295,-17.761,0.08398,0.16845,0.98339,33.29
$BARO,56828.940,69403.40,33.37
$MAG,56828.987,0.015,-0.630,-1.015,32.2
$IMU,56829.007,-3.173,-2.746,-18.554,0.08007,0.15332,1.02294,33.32
$BARO,56829.042,69402.15,33.38
$HUM,56829.062,26.1,33.7
$TIME,56829.079,29910.000,2365
$IMU,56829.082,-2.929,-3.295,-19.714,0.06835,0.12060,1.03271,33.32
$MAG,56829.088,0.021,-0.615,-1.015,32.1
$BARO,56829.143,69398.91,33.38
$IMU,56829.157,-0.122,-5.310,-20.446,0.07373,0.12695,1.02636,33.27
$MAG,56829.189,0.027,-0.606,-1.026,32.1
$IMU,56829.232,0.915,-4.333,-20.812,0.06103,0.14843,1.01464,33.35
$BARO,56829.245,69408.88,33.38
$MAG,56829.290,0.027,-0.591,-1.020,32.2
$IMU,56829.307,1.037,-4.821,-21.240,0.05957,0.13476,1.00341,33.31
$BARO,56829.346,69404.40,33.37
$IMU,56829.382,2.258,-5.432,-19.348,0.05664,0.14892,0.98876,33.33
$MAG,56829.391,0.031,-0.586,-1.024,32.1
$BARO,56829.447,69389.79,33.37
$IMU,56829.457,2.075,-4.699,-17.517,0.05859,0.16894,0.98583,33.34
$MAG,56829.492,0.034,-0.583,-1.032,32.1
$IMU,56829.532,0.610,-3.479,-12.695,0.04199,0.14746,0.97509,33.27
$BARO,56829.549,69405.22,33.38
$MAG,56829.593,0.031,-0.573,-1.030,32.1
$IMU,56829.607,0.305,-3.051,-11.169,0.05810,0.18847,0.98388,33.29
$BARO,56829.650,69406.03,33.38
$IMU,56829.682,-1.342,-0.488,-6.042,0.05224,0.14599,0.99121,33.28
$MAG,56829.694,0.039,-0.568,-1.032,32.1
$BARO,56829.752,69401.15,33.38
$IMU,56829.757,0.244,-0.976,-5.981,0.05419,0.16650,1.00976,33.27
$MAG,56829.795,0.036,-0.570,-1.038,32.1
$VBAT,56829.817,3.832
$IMU,56829.832,1.220,-1.831,-4.821,0.05126,0.15576,0.99023,33.34
$BARO,56829.853,69403.18,33.37
$MAG,56829.896,0.036,-0.558,-1.029,32.1
$IMU,56829.907,2.136,-1.342,-1.831,0.07080,0.17968,0.98437,33.32
$BARO,56829.954,69405.00,33.38
$IMU,56829.983,1.220,0.427,1.342,0.07812,0.19433,0.97656,33.30
$MAG,56829.996,0.039,-0.567,-1.029,32.0
$BARO,56830.056,69406.83,33.37
$IMU,56830.058,0.122,0.305,3.112,0.07861,0.20068,0.97558,33.29
$HUM,56830.079,26.1,33.7
$TIME,56830.079,29912.000,2365
$MAG,56830.097,0.033,-0.568,-1.033,32.2
$IMU,56830.133,-0.732,-0.366,2.685,0.08447,0.18359,0.97949,33.30
$BARO,56830.157,69392.62,33.38
$MAG,56830.198,0.037,-0.571,-1.035,32.2
$IMU,56830.208,-1.586,0.305,2.990,0.07421,0.17578,0.99121,33.27
$BARO,56830.259,69395.67,33.37
$IMU,56830.283,-1.770,0.000,2.807,0.07958,0.16992,0.99023,33.31
$MAG,56830.299,0.040,-0.561,-1.026,32.1
$IMU,56830.358,-2.380,-0.183,2.563,0.06982,0.16113,0.99853,33.28
$BARO,56830.360,69394.23,33.38
$MAG,56830.400,0.031,-0.573,-1.033,32.1
$IMU,56830.433,-2.136,-0.976,3.967,0.09570,0.16259,1.00000,33.30
$BARO,56830.461,69389.58,33.37
$MAG,56830.501,0.027,-0.565,-1.030,32.1
$IMU,56830.508,-1.831,0.366,4.028,0.08203,0.16064,1.00000,33.33
$BARO,56830.563,69391.62,33.37
$IMU,56830.583,-2.441,0.183,4.028,0.09179,0.15673,1.00585,33.29
$MAG,56830.602,0.028,-0.567,-1.026,32.1
$IMU,56830.658,-1.098,1.037,5.981,0.09326,0.15087,0.99658,33.33
$BARO,56830.664,69396.28,33.37
$MAG,56830.703,0.027,-0.571,-1.033,32.0
$IMU,56830.733,-0.427,1.647,4.394,0.08642,0.16308,0.99560,33.32
$BARO,56830.766,69393.04,33.37
$MAG,56830.804,0.021,-0.582,-1.032,32.0
$IMU,56830.808,-1.403,0.854,3.356,0.08154,0.15576,0.99658,33.35
$VBAT,56830.817,3.834
$BARO,56830.867,69409.49,33.37
$IMU,56830.884,-1.586,0.427,3.417,0.08544,0.14453,0.99267,33.32
$MAG,56830.905,0.022,-0.574,-1.026,32.1
$IMU,56830.959,-1.647,1.159,2.563,0.07763,0.14501,0.99707,33.31
$BARO,56830.968,69410.73,33.37
$MAG,56831.006,0.027,-0.577,-1.026,32.0
$IMU,56831.034,-1.098,0.915,2.685,0.08056,0.14990,0.98535,33.33
$BARO,56831.070,69403.20,33.37
$TIME,56831.079,29913.000,2365
$HUM,56831.096,26.1,33.7
$MAG,56831.107,0.025,-0.576,-1.021,32.1
$IMU,56831.109,-1.708,0.549,2.014,0.07861,0.15966,0.99853,33.27
$BARO,56831.171,69405.64,33.37
$IMU,56831.184,-3.601,-0.366,0.732,0.09423,0.12939,1.00927,33.28
$MAG,56831.208,0.025,-0.574,-1.030,32.1
$IMU,56831.259,-1.831,0.427,0.305,0.09277,0.12597,1.01660,33.32
$BARO,56831.273,69402.79,33.38
$MAG,56831.308,0.025,-0.583,-1.030,32.2
$IMU,56831.334,-0.244,1.525,-2.502,0.08886,0.10644,1.04199,33.29
$BARO,56831.374,69402.79,33.37
$MAG,56831.409,0.034,-0.571,-1.026,32.2
$IMU,56831.409,3.173,3.540,-3.295,0.04150,0.10107,1.08300,33.29
$BARO,56831.475,69416.00,33.37
$IMU,56831.484,9.521,2.136,-0.793,0.00341,0.08300,1.07226,33.34
$MAG,56831.510,0.039,-0.597,-1.018,31.8
$IMU,56831.559,19.226,-2.685,7.873,-0.01367,0.14208,0.99267,33.30
$BARO,56831.577,69397.50,33.37
$MAG,56831.611,0.027,-0.627,-1.008,32.1
$IMU,56831.634,20.690,-9.216,21.362,0.02001,0.20996,0.87939,33.31
$BARO,56831.678,69403.01,33.37
$IMU,56831.709,12.023,-13.366,32.958,0.12011,0.28808,0.84423,33.31
$MAG,56831.712,-0.003,-0.640,-1.021,32.0
$BARO,56831.780,69406.44,33.37
$IMU,56831.784,-3.662,-14.160,29.663,0.27001,0.27197,0.91015,33.28
$MAG,56831.813,-0.031,-0.652,-1.026,32.1
$VBAT,56831.817,3.827
$IMU,56831.860,-12.451,-4.272,10.559,0.34667,0.23242,1.07177,33.29
$BARO,56831.881,69399.15,33.37
$MAG,56831.914,-0.013,-0.634,-1.027,32.1
$IMU,56831.935,-7.629,5.798,-14.892,0.32470,0.15185,1.11962,33.33
$BARO,56831.982,69406.03,33.37
$IMU,56832.010,7.324,10.559,-36.010,0.15478,0.19433,0.93457,33.32
$MAG,56832.015,0.013,-0.612,-1.021,32.1
$TIME,56832.079,29914.000,2365
$BARO,56832.084,69398.74,33.37
$IMU,56832.085,4.211,7.324,-46.630,0.00341,0.23193,0.82080,33.30
$HUM,56832.113,26.1,33.7
$MAG,56832.116,0.033,-0.586,-1.027,32.2
$IMU,56832.160,-9.826,2.258,-34.606,-0.03955,0.19091,0.91357,33.28
$BARO,56832.185,69397.91,33.37
$MAG,56832.217,0.040,-0.576,-1.018,32.1
$IMU,56832.235,-14.587,0.854,-4.699,0.02246,0.13964,1.11035,33.28
$BARO,56832.287,69398.52,33.37
$IMU,56832.310,-5.737,4.028,9.948,0.01220,0.08984,1.23730,33.33
$MAG,56832.318,0.043,-0.583,-1.017,32.2
$IMU,56832.385,12.939,6.408,10.925,-0.03125,0.10986,1.06884,33.28
$BARO,56832.388,69393.84,33.37
$MAG,56832.418,0.031,-0.609,-1.014,32.1
$IMU,56832.460,23.010,3.417,17.211,-0.00683,0.23730,0.88085,33.31
$BARO,56832.489,69395.67,33.37
$MAG,56832.519,0.033,-0.630,-1.002,32.1
$IMU,56832.535,15.319,-1.586,19.958,0.04199,0.32275,0.84423,33.32
$BARO,56832.591,69400.18,33.37
$IMU,56832.610,2.197,-7.263,17.028,0.11425,0.30908,0.91259,33.30
$MAG,56832.620,0.012,-0.636,-1.002,32.2
$IMU,56832.685,-2.502,-6.652,10.009,0.14794,0.27734,0.93457,33.32
$BARO,56832.692,69407.05,33.37
$MAG,56832.721,0.003,-0.643,-1.011,32.1
$IMU,56832.761,-2.624,-4.943,7.324,0.15527,0.27001,0.95703,33.33
$BARO,56832.794,69402.40,33.37
$VBAT,56832.818,3.832
$MAG,56832.822,-0.001,-0.636,-1.024,32.2
$IMU,56832.836,-5.554,-3.906,2.502,0.15478,0.24169,0.98730,33.35
$BARO,56832.895,69408.51,33.37
$IMU,56832.911,-5.310,-1.892,0.183,0.16162,0.21533,0.98876,33.31
$MAG,56832.923,0.007,-0.637,-1.020,32.2
$IMU,56832.986,-4.150,0.854,-0.366,0.11767,0.19677,0.99267,33.30
$BARO,56832.996,69400.57,33.37
$MAG,56833.024,-0.003,-0.627,-1.023,32.1
$IMU,56833.061,-3.051,0.183,0.244,0.12402,0.19384,1.00341,33.31
$TIME,56833.079,29915.000,2365
$BARO,56833.098,69401.37,33.37
$MAG,56833.125,0.004,-0.631,-1.018,32.2
$HUM,56833.130,26.0,33.7
$IMU,56833.136,-1.647,1.159,1.464,0.11279,0.19775,0.99462,33.29
$BARO,56833.199,69400.98,33.37
$IMU,56833.211,-1.098,0.427,2.014,0.10009,0.19677,0.98486,33.30
$MAG,56833.226,0.003,-0.637,-1.020,32.0
$IMU,56833.286,-1.342,-0.915,1.708,0.10644,0.19384,1.00000,33.32
$BARO,56833.301,69393.67,33.37
$MAG,56833.327,-0.001,-0.639,-1.017,32.2
$IMU,56833.361,-0.305,0.732,2.685,0.12255,0.19433,0.99804,33.30
$BARO,56833.402,69406.05,33.37
$MAG,56833.428,-0.001,-0.634,-1.017,32.0
$IMU,56833.436,1.098,4.272,6.469,0.10058,0.20898,0.97509,33.31
$BARO,56833.504,69409.10,33.37
$IMU,56833.511,-0.305,5.737,8.239,0.06884,0.22949,0.96533,33.35
$MAG,56833.528,0.009,-0.646,-1.020,32.1
$IMU,56833.586,-2.563,3.967,9.033,0.08496,0.23486,0.95654,33.28
$BARO,56833.605,69410.32,33.37
$MAG,56833.629,0.003,-0.645,-1.011,32.0
$IMU,56833.661,-3.723,3.540,9.826,0.08496,0.21191,0.96777,33.29
$BARO,56833.706,69403.81,33.37
$MAG,56833.730,-0.006,-0.642,-1.011,32.0
$IMU,56833.737,-2.685,2.624,11.291,0.10058,0.20166,0.97460,33.33
$BARO,56833.808,69396.30,33.37
$IMU,56833.812,-3.967,5.371,13.549,0.10302,0.17822,0.99462,33.29
$VBAT,56833.818,3.821
$MAG,56833.831,-0.007,-0.655,-1.009,32.0
$IMU,56833.887,-2.563,8.239,13.732,0.07763,0.18017,0.98291,33.33
$BARO,56833.909,69406.88,33.37
$MAG,56833.932,-0.001,-0.661,-1.002,32.1
$IMU,56833.962,-2.868,7.202,14.038,0.08154,0.15722,0.99658,33.31
$BARO,56834.010,69398.96,33.37
$MAG,56834.033,-0.015,-0.675,-1.005,32.1
$IMU,56834.037,-2.075,9.765,16.113,0.08496,0.14599,1.03857,33.32
$TIME,56834.079,29916.000,2365
$BARO,56834.112,69405.25,33.37
$IMU,56834.112,1.586,14.404,21.118,0.05468,0.11572,1.02978,33.30
$MAG,56834.134,-0.003,-0.693,-0.976,32.1
$HUM,56834.147,26.1,33.7
$IMU,56834.187,8.300,20.080,23.742,0.15917,0.12841,1.05371,33.31
$BARO,56834.213,69401.18,33.37
$MAG,56834.235,0.013,-0.721,-0.939,32.1
$IMU,56834.262,19.653,68.176,47.302,0.34570,0.12255,1.00878,33.33
$BARO,56834.315,69407.91,33.37
$MAG,56834.336,0.015,-0.808,-0.781,32.1
$IMU,56834.337,45.043,162.170,96.984,-0.13623,0.27490,0.80664,33.32
$IMU,56834.412,64.147,183.959,115.905,-0.64941,0.54541,0.66943,33.30
$BARO,56834.416,69399.13,33.37
$MAG,56834.437,-0.046,-0.874,-0.637,32.2
$IMU,56834.487,53.466,121.398,73.791,-0.77539,0.66894,0.64208,33.30
$BARO,56834.517,69405.05,33.37
$MAG,56834.537,-0.079,-0.885,-0.588,32.0
$IMU,56834.562,30.212,47.485,31.799,-0.64306,0.64941,0.57373,33.32
$BARO,56834.619,69389.19,33.37
$MAG,56834.638,-0.103,-0.900,-0.570,32.1
$IMU,56834.638,16.845,11.413,17.822,-0.50537,0.69384,0.54687,33.33
$IMU,56834.713,4.638,4.455,11.962,-0.44140,0.69238,0.52832,33.33
$BARO,56834.720,69403.62,33.37
$MAG,56834.739,-0.106,-0.900,-0.573,32.0
$IMU,56834.788,-2.197,7.019,8.361,-0.47607,0.66064,0.53662,33.28
$VBAT,56834.819,3.840
$BARO,56834.822,69401.18,33.37
$MAG,56834.840,-0.123,-0.898,-0.567,32.1
$IMU,56834.863,-2.624,2.075,7.080,-0.46289,0.65478,0.54248,33.32
$BARO,56834.923,69401.18,33.37
$IMU,56834.938,-1.098,0.122,4.150,-0.45019,0.68847,0.55566,33.29
$MAG,56834.941,-0.121,-0.901,-0.574,32.1
$IMU,56835.013,-2.929,1.037,1.770,-0.49804,0.68505,0.54443,33.34
$BARO,56835.024,69404.22,33.37
$MAG,56835.042,-0.111,-0.897,-0.586,32.2
$TIME,56835.079,29918.000,2365
$IMU,56835.088,-6.164,-18.920,-9.338,-0.66210,0.72509,0.51416,33.30
$BARO,56835.126,69395.89,33.37
$MAG,56835.143,-0.072,-0.886,-0.636,32.1
$IMU,56835.163,-19.592,-86.059,-40.954,-0.60791,0.79736,0.47851,33.30
$HUM,56835.164,25.4,33.7
$BARO,56835.227,69404.01,33.37
$IMU,56835.238,-46.325,-148.132,-69.335,-0.25634,0.67773,0.49462,33.28
$MAG,56835.244,-0.033,-0.837,-0.771,32.1
$IMU,56835.313,-62.683,-152.893,-65.185,0.00244,0.42285,0.66113,33.26
$BARO,56835.329,69401.79,33.37
$MAG,56835.345,-0.028,-0.795,-0.874,32.0
$IMU,56835.388,-48.278,-112.976,-49.011,0.18847,0.26464,0.89746,33.33
$BARO,56835.430,69411.93,33.37
$MAG,56835.446,-0.037,-0.771,-0.922,32.2
$IMU,56835.463,-22.949,-50.964,-26.428,0.10937,0.27294,0.95947,33.30
$BARO,56835.531,69401.98,33.37
$IMU,56835.538,-12.390,-20.568,-12.145,-0.00830,0.25146,0.97363,33.28
$MAG,56835.547,-0.046,-0.766,-0.943,32.0
$IMU,56835.614,-6.591,-18.981,-7.568,0.02929,0.21875,1.01171,33.30
$BARO,56835.633,69402.40,33.37
$MAG,56835.647,-0.048,-0.748,-0.943,32.1
$IMU,56835.689,-4.272,-15.136,-4.638,0.07617,0.23095,1.04199,33.28
$BARO,56835.734,69399.35,33.37
$MAG,56835.748,-0.060,-0.754,-0.958,32.1
$IMU,56835.764,-4.638,-6.347,1.159,0.05664,0.21875,1.02832,33.36
$VBAT,56835.819,3.834
$BARO,56835.836,69407.05,33.37
$IMU,56835.839,-6.286,-2.258,5.615,0.06982,0.22363,1.03857,33.31
$MAG,56835.849,-0.063,-0.748,-0.957,32.1
$IMU,56835.914,-7.873,0.305,9.643,0.09472,0.21240,1.03320,33.29
$BARO,56835.937,69397.11,33.37
$MAG,56835.950,-0.066,-0.748,-0.961,32.1
$IMU,56835.989,-8.789,3.173,7.507,0.07910,0.20117,1.00781,33.35
$BARO,56836.038,69410.34,33.37
$MAG,56836.051,-0.061,-0.741,-0.975,32.2
$IMU,56836.064,-8.544,1.098,1.953,0.07910,0.20898,1.02246,33.28
$IMU,56836.139,-10.192,-1.647,-1.037,0.10791,0.16845,1.04296,33.30
$BARO,56836.140,69393.48,33.37
$MAG,56836.152,-0.064,-0.733,-0.970,32.1
$HUM,56836.181,26.0,33.7
$IMU,56836.214,-6.164,-1.403,-2.868,0.07763,0.16894,1.03613,33.29
$BARO,56836.241,69396.11,33.37
$MAG,56836.253,-0.067,-0.735,-0.981,32.1
$IMU,56836.289,-3.723,-1.953,-5.920,0.08349,0.15136,1.02294,33.28
$BARO,56836.343,69401.20,33.36
$MAG,56836.354,-0.058,-0.729,-0.982,32.0
$IMU,56836.364,-1.464,-0.976,-8.117,0.06738,0.16943,1.02197,33.29
$IMU,56836.439,0.854,-2.197,-9.277,0.08447,0.17871,1.00927,33.33
$BARO,56836.444,69413.39,33.37
$MAG,56836.455,-0.063,-0.726,-0.982,32.1
$IMU,56836.514,2.014,-0.671,-9.338,0.06738,0.19140,0.99072,33.32
$BARO,56836.545,69397.55,33.36
$MAG,56836.556,-0.049,-0.720,-0.982,32.2
$IMU,56836.590,1.586,-0.732,-12.756,0.08105,0.18652,0.99023,33.28
$BARO,56836.647,69395.69,33.37
$MAG,56836.656,-0.043,-0.705,-0.976,32.2
$IMU,56836.665,1.647,-0.671,-11.840,0.06933,0.20605,0.99853,33.35
$IMU,56836.740,-1.403,-3.234,-13.061,0.09765,0.17968,1.03417,33.33
$BARO,56836.748,69405.27,33.36
$MAG,56836.757,-0.031,-0.712,-0.990,32.1
$IMU,56836.815,1.098,-3.784,-17.761,0.10009,0.20410,1.03369,33.33
$VBAT,56836.820,3.831
$BARO,56836.850,69402.03,33.36
$MAG,56836.858,-0.021,-0.705,-0.984,32.0
$IMU,56836.890,3.173,-0.915,-21.850,0.11523,0.23974,0.99902,33.29
$BARO,56836.951,69400.40,33.36
$MAG,56836.959,-0.001,-0.675,-0.985,32.2
$IMU,56836.965,-0.976,2.563,-24.963,0.07861,0.25292,1.03613,33.35
$IMU,56837.040,-1.586,3.051,-29.174,0.08056,0.21777,1.05761,33.26
$BARO,56837.052,69409.93,33.37
$MAG,56837.060,0.024,-0.667,-0.981,32.1
$TIME,56837.079,29919.000,2365
$IMU,56837.115,2.929,0.854,-28.808,0.08007,0.20214,1.03759,33.33
$BARO,56837.154,69402.40,33.37
$MAG,56837.161,0.031,-0.651,-0.984,32.1
$IMU,56837.190,4.699,0.488,-31.311,0.03564,0.15380,1.04199,33.29
$HUM,56837.198,25.9,33.7
$BARO,56837.255,69400.57,33.37
$MAG,56837.262,0.046,-0.634,-0.978,32.1
$IMU,56837.265,8.605,-1.586,-37.048,0.01513,0.10253,1.00195,33.32
$IMU,56837.340,8.850,-4.821,-37.841,-0.00244,0.02685,0.99121,33.30
$BARO,56837.357,69404.64,33.37
$MAG,56837.363,0.061,-0.621,-0.982,32.1
$IMU,56837.415,11.962,-7.507,-40.649,0.00000,0.07910,1.03710,33.28
$BARO,56837.458,69398.35,33.37
$MAG,56837.464,0.078,-0.592,-0.987,32.1
$IMU,56837.491,13.305,-10.742,-42.114,0.01855,0.08251,1.07470,33.30
$BARO,56837.559,69391.65,33.36
$MAG,56837.565,0.070,-0.576,-0.984,32.2
$IMU,56837.566,15.197,-14.160,-48.156,-0.01367,0.03027,1.02294,33.29
$IMU,56837.641,16.662,-14.892,-50.292,-0.00683,0.08837,0.96093,33.26
$BARO,56837.661,69401.18,33.37
$MAG,56837.665,0.078,-0.549,-0.991,32.1
$IMU,56837.716,11.779,-13.366,-49.011,-0.15576,0.22119,0.93554,33.30
$BARO,56837.762,69402.42,33.36
$MAG,56837.766,0.079,-0.511,-1.014,32.1
$IMU,56837.791,14.099,-25.634,-54.931,-0.15039,0.30078,0.89892,33.30
$VBAT,56837.820,3.827
$BARO,56837.864,69404.44,33.37
$IMU,56837.866,21.911,-39.367,-60.180,-0.16503,0.51171,0.98583,33.33
$MAG,56837.867,0.046,-0.496,-1.053,32.0
$IMU,56837.941,29.479,-81.359,-82.336,-0.14648,0.55371,0.83789,33.31
$BARO,56837.965,69393.89,33.36
$MAG,56837.968,-0.046,-0.454,-1.104,32.1
$IMU,56838.016,38.391,-124.206,-114.929,0.12451,0.65576,0.75195,33.30
$BARO,56838.066,69399.98,33.36
$MAG,56838.069,-0.168,-0.450,-1.156,32.2
$TIME,56838.079,29920.000,2365
$IMU,56838.091,32.287,-126.892,-117.797,0.18798,0.60742,0.67480,33.30
$IMU,56838.166,34.362,-110.595,-101.867,0.31640,0.70556,0.65234,33.32
$BARO,56838.168,69396.30,33.37
$MAG,56838.170,-0.267,-0.469,-1.153,32.1
$HUM,56838.215,26.2,33.7
$IMU,56838.241,24.230,-72.570,-70.678,0.28466,0.77587,0.62597,33.31
$BARO,56838.269,69398.37,33.36
$MAG,56838.271,-0.324,-0.483,-1.144,32.1
$IMU,56838.316,7.690,-49.438,-53.771,0.29443,0.77197,0.59521,33.31
$BARO,56838.371,69399.59,33.36
$MAG,56838.372,-0.339,-0.490,-1.152,32.0
$IMU,56838.391,4.028,-26.245,-49.438,0.28125,0.75830,0.59863,33.37
$IMU,56838.467,4.455,2.563,-36.865,0.09765,0.80224,0.55712,33.31
$BARO,56838.472,69398.37,33.36
$MAG,56838.473,-0.333,-0.495,-1.150,32.1
$IMU,56838.542,5.126,1.464,-21.545,0.08642,0.81445,0.50146,33.29
$BARO,56838.573,69395.11,33.36
$MAG,56838.574,-0.336,-0.496,-1.138,32.0
$IMU,56838.617,4.211,-0.671,-17.517,0.13818,0.85156,0.48095,33.28
$MAG,56838.674,-0.318,-0.504,-1.141,32.2
$BARO,56838.675,69392.72,33.35
$IMU,56838.692,5.920,4.150,-9.399,0.20019,0.84033,0.49853,33.31
$IMU,56838.767,12.084,9.704,-9.399,0.17333,0.96875,0.52929,33.28
$MAG,56838.775,-0.313,-0.529,-1.146,32.1
$BARO,56838.776,69399.79,33.36
$VBAT,56838.821,3.840
$IMU,56838.842,3.112,15.136,-11.352,0.10449,0.90332,0.60302,33.30
$MAG,56838.876,-0.289,-0.513,-1.141,32.0
$BARO,56838.878,69400.23,33.35
$IMU,56838.917,-8.972,22.644,-10.375,0.00146,0.74267,0.66992,33.27
$MAG,56838.977,-0.259,-0.517,-1.143,32.2
$BARO,56838.979,69402.66,33.36
$IMU,56838.992,-6.896,23.681,-6.713,-0.04687,0.77197,0.74902,33.27
$IMU,56839.067,-8.728,18.554,-2.990,-0.07617,0.69726,0.70898,33.32
$MAG,56839.078,-0.253,-0.498,-1.147,32.2
$TIME,56839.079,29922.000,2365
$BARO,56839.080,69399.62,33.35
$IMU,56839.142,-6.835,11.596,-9.582,-0.11035,0.69677,0.67578,33.31
$MAG,56839.179,-0.237,-0.493,-1.153,32.2
$BARO,56839.182,69402.03,33.36
$IMU,56839.217,-8.483,7.385,-8.056,-0.06005,0.69482,0.71386,33.32
$HUM,56839.232,26.3,33.6
$MAG,56839.280,-0.219,-0.478,-1.159,32.1
$BARO,56839.283,69402.42,33.36
$IMU,56839.292,-9.704,7.934,-7.141,-0.07861,0.72021,0.72558,33.30
$IMU,56839.368,-6.835,5.859,-4.943,-0.04833,0.72314,0.70361,33.32
$MAG,56839.381,-0.222,-0.483,-1.156,32.0
$BARO,56839.385,69402.86,33.36
$IMU,56839.443,-3.845,8.605,-4.272,-0.09716,0.68750,0.68212,33.30
$MAG,56839.482,-0.210,-0.486,-1.150,32.1
$BARO,56839.486,69391.06,33.36
$IMU,56839.518,-0.305,9.704,-7.568,-0.13818,0.74316,0.72363,33.31
$MAG,56839.583,-0.213,-0.471,-1.153,32.0
$BARO,56839.587,69398.40,33.36
$IMU,56839.593,-5.187,1.831,-3.906,-0.15625,0.67041,0.73828,33.29
$IMU,56839.668,-3.479,-8.056,-1.220,-0.09033,0.70605,0.77197,33.28
$MAG,56839.684,-0.220,-0.471,-1.161,32.1
$BARO,56839.689,69404.66,33.36
$IMU,56839.743,-4.821,-9.399,6.652,-0.04785,0.67382,0.72753,33.26
$MAG,56839.785,-0.229,-0.468,-1.162,32.2
$BARO,56839.790,69398.16,33.36
$IMU,56839.818,-3.173,-7.934,4.699,-0.03662,0.73242,0.74414,33.27
$VBAT,56839.821,3.823
$MAG,56839.886,-0.234,-0.471,-1.158,32.2
$BARO,56839.892,69411.39,33.36
$IMU,56839.893,-0.793,-6.347,2.685,-0.07958,0.69580,0.71777,33.30
$IMU,56839.968,6.896,-10.559,3.173,-0.01025,0.71240,0.70800,33.26
$MAG,56839.986,-0.255,-0.475,-1.164,32.2
$BARO,56839.993,69397.35,33.36
$IMU,56840.043,1.831,-5.310,7.324,0.01757,0.71386,0.71777,33.31
$MAG,56840.087,-0.223,-0.457,-1.170,32.0
$BARO,56840.094,69396.96,33.36
$IMU,56840.118,-11.047,9.521,10.742,-0.08447,0.66796,0.80712,33.29
$MAG,56840.188,-0.237,-0.459,-1.159,32.1
$IMU,56840.193,-8.239,8.483,25.146,-0.03173,0.56054,0.84082,33.26
$BARO,56840.196,69395.52,33.36
$HUM,56840.248,26.3,33.7
$IMU,56840.268,20.141,13.244,25.390,0.05371,0.65136,0.79101,33.35
$MAG,56840.289,-0.201,-0.496,-1.147,32.1
$BARO,56840.297,69405.83,33.37
$IMU,56840.344,33.935,25.085,13.977,-0.01904,0.72070,0.70068,33.30
$MAG,56840.390,-0.190,-0.532,-1.135,32.1
$BARO,56840.399,69396.74,33.36
$IMU,56840.419,28.869,13.793,18.188,-0.10400,0.90625,0.57177,33.29
$MAG,56840.491,-0.226,-0.508,-1.144,32.2
$IMU,56840.494,-13.244,-12.512,41.259,-0.03173,0.87255,0.53564,33.30
$BARO,56840.500,69397.16,33.36
$IMU,56840.569,-35.461,-19.836,60.302,0.43261,0.46044,0.83935,33.30
$MAG,56840.592,-0.234,-0.507,-1.138,32.1
$BARO,56840.601,69398.96,33.37
$IMU,56840.644,30.029,11.230,22.644,0.35400,0.65722,0.75048,33.30
$MAG,56840.693,-0.201,-0.583,-1.116,32.1
$BARO,56840.703,69394.72,33.36
$IMU,56840.719,56.152,22.705,-6.713,0.10937,0.94873,0.42626,33.33
$MAG,56840.794,-0.214,-0.573,-1.129,32.1
$IMU,56840.794,11.352,8.728,5.981,0.08203,1.10156,0.39941,33.31
$BARO,56840.804,69399.18,33.36
$VBAT,56840.834,3.839
$IMU,56840.869,-36.865,2.014,34.973,0.35156,0.67675,0.59570,33.28
$MAG,56840.895,-0.204,-0.553,-1.132,32.1
$BARO,56840.906,69397.38,33.35
$IMU,56840.944,-22.338,25.146,30.395,0.12597,1.04882,0.47705,33.30
$MAG,56840.995,-0.193,-0.499,-1.135,32.0
$BARO,56841.007,69402.42,33.36
$IMU,56841.019,-64.514,18.859,67.871,0.26855,0.55566,0.64013,33.32
$TIME,56841.079,29923.000,2365
$IMU,56841.094,-18.737,10.314,44.372,0.30322,0.64843,0.73095,33.31
$MAG,56841.096,-0.195,-0.504,-1.144,32.2
$BARO,56841.109,69396.94,33.36
$IMU,56841.169,4.150,-7.446,9.948,0.35449,0.80615,0.63769,33.29
$MAG,56841.197,-0.198,-0.493,-1.141,32.2
$BARO,56841.210,69404.66,33.36
$IMU,56841.245,-1.770,-12.207,-0.244,0.35498,0.57470,0.65380,33.36
$HUM,56841.265,26.3,33.7
$MAG,56841.298,-0.226,-0.516,-1.150,32.1
$BARO,56841.311,69388.84,33.35
$IMU,56841.320,25.146,-23.986,-27.282,0.33056,0.75585,0.55957,33.28
$IMU,56841.395,30.151,-36.926,-43.273,0.41162,0.90673,0.50097,33.25
$MAG,56841.399,-0.247,-0.546,-1.129,32.1
$BARO,56841.413,69390.84,33.36
$IMU,56841.470,10.742,-26.306,-36.743,0.40673,0.88867,0.50341,33.29
$MAG,56841.500,-0.256,-0.544,-1.131,32.1
$BARO,56841.514,69403.47,33.36
$IMU,56841.545,-3.356,-6.042,-26.977,0.33886,0.78662,0.55517,33.30
$MAG,56841.601,-0.241,-0.544,-1.144,32.1
$BARO,56841.616,69392.06,33.36
$IMU,56841.620,6.347,4.455,-33.996,0.22119,0.80664,0.56445,33.30
$IMU,56841.695,6.408,-0.366,-41.503,0.09130,0.86425,0.53417,33.27
$MAG,56841.702,-0.241,-0.528,-1.138,32.1
$BARO,56841.717,69395.91,33.36
$IMU,56841.770,-5.371,-10.253,-28.442,0.10644,0.79931,0.54638,33.28
$MAG,56841.803,-0.241,-0.532,-1.138,32.0
$BARO,56841.818,69400.40,33.36
$VBAT,56841.839,3.840
$IMU,56841.845,-6.347,-12.634,-22.338,0.16748,0.78955,0.60009,33.26
$MAG,56841.904,-0.252,-0.523,-1.150,32.1
$BARO,56841.920,69410.56,33.36
$IMU,56841.920,-8.178,-6.103,-17.028,0.12255,0.76660,0.66015,33.30
$IMU,56841.995,-12.573,-3.723,-15.563,0.06445,0.74804,0.70312,33.32
$MAG,56842.005,-0.250,-0.505,-1.150,32.2
$BARO,56842.021,69407.30,33.36
$IMU,56842.070,-14.221,-7.507,-11.291,0.08251,0.70849,0.73974,33.33
$MAG,56842.105,-0.265,-0.492,-1.149,31.8
$BARO,56842.123,69403.44,33.36
$IMU,56842.145,-14.709,-10.192,-4.089,0.12988,0.66992,0.77441,33.31
$MAG,56842.206,-0.274,-0.480,-1.155,32.1
$IMU,56842.221,-9.582,-10.253,-4.760,0.11669,0.66406,0.76171,33.30
$BARO,56842.224,69396.18,33.35
$HUM,56842.282,26.2,33.6
$IMU,56842.296,-2.319,-10.925,-10.314,0.11083,0.66650,0.73974,33.31
$MAG,56842.307,-0.276,-0.481,-1.155,32.1
$BARO,56842.325,69393.89,33.36
$IMU,56842.371,0.488,-10.192,-9.887,0.06152,0.71533,0.70996,33.28
$MAG,56842.408,-0.292,-0.468,-1.156,32.0
$BARO,56842.427,69402.84,33.36
$IMU,56842.446,-1.525,-14.465,-7.995,0.07714,0.74951,0.73193,33.34
$MAG,56842.509,-0.313,-0.477,-1.158,32.2
$IMU,56842.521,-3.906,-18.554,1.037,0.15332,0.68994,0.70361,33.28
$BARO,56842.528,69398.40,33.36
$IMU,56842.596,3.906,-10.681,-1.953,0.16015,0.76025,0.67578,33.29
$MAG,56842.610,-0.321,-0.474,-1.159,32.2
$BARO,56842.630,69392.87,33.36
$IMU,56842.671,5.065,-4.150,-3.356,0.12646,0.78906,0.64355,33.32
$MAG,56842.711,-0.319,-0.481,-1.153,32.1
$BARO,56842.731,69391.31,33.35
$IMU,56842.746,0.793,2.868,-3.051,0.20312,0.72900,0.66748,33.28
$MAG,56842.812,-0.280,-0.495,-1.150,32.0
$IMU,56842.821,12.329,23.620,0.793,0.17822,0.66308,0.76904,33.27
$BARO,56842.832,69404.86,33.36
$VBAT,56842.853,3.837
$IMU,56842.896,42.541,32.348,-14.587,0.11816,0.76611,0.66650,33.29
$MAG,56842.913,-0.246,-0.552,-1.126,32.1
$BARO,56842.934,69402.42,33.36
$IMU,56842.971,49.743,28.930,-25.146,-0.07568,0.94677,0.46435,33.31
$MAG,56843.014,-0.226,-0.570,-1.131,32.2
$BARO,56843.035,69390.23,33.36
$IMU,56843.046,14.831,15.197,-13.244,-0.20654,1.08691,0.36914,33.29
$TIME,56843.079,29926.000,2365
$MAG,56843.115,-0.235,-0.523,-1.146,32.1
$IMU,56843.122,-44.311,-5.004,22.338,0.00439,0.95898,0.40869,33.26
$BARO,56843.136,69396.74,33.36
$IMU,56843.197,-88.195,7.812,55.664,0.06591,0.91357,0.51464,33.30
$MAG,56843.216,-0.219,-0.409,-1.155,32.0
$BARO,56843.238,69389.65,33.36
$IMU,56843.272,-123.168,31.250,76.538,0.14355,0.53027,0.72265,33.29
$HUM,56843.299,26.3,33.6
$MAG,56843.317,-0.165,-0.322,-1.153,32.0
$BARO,56843.339,69398.57,33.36
$IMU,56843.347,-98.876,49.560,70.190,0.12158,0.27441,0.90185,33.32
$MAG,56843.417,-0.114,-0.304,-1.132,32.2
$IMU,56843.422,-44.372,43.212,58.288,-0.01025,0.32910,0.96435,33.28
$BARO,56843.441,69398.59,33.35
$IMU,56843.497,-17.761,23.803,43.579,0.05615,0.32177,0.98388,33.30
$MAG,56843.518,-0.072,-0.316,-1.137,32.0
$BARO,56843.542,69400.62,33.36
$IMU,56843.572,-4.760,19.042,29.357,0.01416,0.35351,0.98681,33.30
$MAG,56843.619,-0.061,-0.309,-1.119,32.0
$BARO,56843.643,69402.06,33.36
$IMU,56843.647,-7.141,11.169,18.920,-0.00830,0.26660,0.97412,33.31
$MAG,56843.720,-0.046,-0.328,-1.117,32.1
$IMU,56843.722,3.356,7.690,23.620,0.11669,0.40136,0.93701,33.28
$BARO,56843.745,69408.56,33.35
$IMU,56843.797,-4.333,23.071,37.963,0.18310,0.47998,0.87353,33.30
$MAG,56843.821,0.010,-0.340,-1.083,32.0
$BARO,56843.846,69392.28,33.35
$VBAT,56843.857,3.834
$IMU,56843.872,-28.442,67.016,63.476,0.21191,0.50976,0.79833,33.30
$MAG,56843.922,0.127,-0.363,-0.994,32.1
$IMU,56843.947,-54.809,123.718,96.618,-0.20263,0.28320,0.84521,33.29
$BARO,56843.948,69402.88,33.35
$IMU,56844.022,-43.884,120.239,86.791,-0.37890,0.21484,0.91650,33.27
$MAG,56844.023,0.199,-0.414,-0.891,32.1
$BARO,56844.049,69400.42,33.35
$IMU,56844.098,-22.766,86.242,59.143,-0.49169,0.24755,0.88476,33.32
$MAG,56844.124,0.228,-0.447,-0.832,32.1
$BARO,56844.150,69390.26,33.36
$IMU,56844.173,-19.653,53.283,31.433,-0.46972,0.23388,0.83056,33.30
$MAG,56844.225,0.235,-0.453,-0.783,32.2
$IMU,56844.248,-21.667,40.344,18.676,-0.54736,0.23583,0.80517,33.29
$BARO,56844.252,69406.54,33.35
$HUM,56844.316,25.9,33.6
$IMU,56844.323,-23.925,35.705,12.695,-0.64355,0.20019,0.81445,33.30
$MAG,56844.326,0.241,-0.472,-0.756,32.0
$BARO,56844.353,69408.15,33.35
$IMU,56844.398,-22.644,23.742,18.676,-0.63818,0.17822,0.79345,33.26
$MAG,56844.427,0.249,-0.475,-0.733,32.0
$BARO,56844.455,69399.01,33.35
$IMU,56844.473,-20.202,17.395,18.615,-0.61914,0.16162,0.75488,33.30
$MAG,56844.528,0.244,-0.492,-0.721,32.0
$IMU,56844.548,-21.667,16.723,12.145,-0.75390,0.18066,0.75878,33.30
$BARO,56844.556,69400.64,33.35
$IMU,56844.623,-20.690,5.249,5.493,-0.72851,0.10400,0.76025,33.29
$MAG,56844.629,0.249,-0.498,-0.724,32.0
$BARO,56844.657,69401.45,33.35
$IMU,56844.698,-19.348,-1.586,10.559,-0.71093,0.07568,0.77099,33.23
$MAG,56844.729,0.243,-0.502,-0.729,32.1
$BARO,56844.759,69401.88,33.35
$IMU,56844.773,-12.939,-6.103,11.596,-0.65673,0.13574,0.72167,33.28
$MAG,56844.830,0.241,-0.514,-0.745,32.1
$IMU,56844.848,-8.728,-11.535,9.033,-0.57324,0.17333,0.61474,33.30
$BARO,56844.860,69403.27,33.35
$VBAT,56844.872,3.834
$IMU,56844.923,-17.211,-16.845,0.122,-0.59423,0.16943,0.62500,33.26
$MAG,56844.931,0.244,-0.508,-0.762,32.1
$BARO,56844.962,69400.06,33.35
$IMU,56844.998,-27.282,-26.672,-18.310,-0.61621,0.12060,0.69531,33.32
$MAG,56845.032,0.231,-0.471,-0.814,32.1
$BARO,56845.063,69409.78,33.35
$IMU,56845.074,-34.057,-33.935,-29.418,-0.58300,-0.03759,0.85058,33.28
$TIME,56845.079,29927.000,2365
$MAG,56845.133,0.219,-0.445,-0.856,32.0
$IMU,56845.149,-31.555,-33.569,-14.709,-0.45996,-0.15234,0.94824,33.28
$BARO,56845.164,69401.25,33.35
$IMU,56845.224,-25.085,-26.916,-0.610,-0.42529,-0.20898,1.00732,33.29
$MAG,56845.234,0.198,-0.429,-0.867,32.0
$BARO,56845.266,69409.17,33.35
$IMU,56845.299,-17.700,-24.414,3.356,-0.38427,-0.18652,1.06054,33.28
$HUM,56845.333,25.7,33.6
$MAG,56845.335,0.187,-0.432,-0.889,32.1
$BARO,56845.367,69400.03,33.35
$IMU,56845.374,-9.887,-22.033,8.483,-0.30029,-0.21240,1.05078,33.29
$MAG,56845.436,0.172,-0.456,-0.912,32.1
$IMU,56845.449,0.122,-22.033,17.211,-0.27050,-0.16601,1.02246,33.28
$BARO,56845.469,69399.42,33.35
$IMU,56845.524,0.305,-19.958,23.193,-0.21044,-0.18505,1.04882,33.30
$MAG,56845.537,0.166,-0.475,-0.931,32.1
$BARO,56845.570,69398.01,33.35
$IMU,56845.599,3.540,-11.108,29.296,-0.19287,-0.16699,1.03808,33.26
$MAG,56845.638,0.156,-0.513,-0.922,32.2
$BARO,56845.672,69401.64,33.35
$IMU,56845.674,12.451,1.647,34.484,-0.20361,-0.08203,0.97998,33.29
$MAG,56845.739,0.156,-0.552,-0.903,32.0
$IMU,56845.749,13.244,10.620,43.151,-0.28222,0.00048,0.95751,33.30
$BARO,56845.773,69398.23,33.35
$IMU,56845.824,8.605,9.704,49.011,-0.30371,0.01953,0.93457,33.28
$MAG,56845.840,0.145,-0.609,-0.892,32.1
$BARO,56845.874,69407.98,33.35
$VBAT,56845.877,3.829
$IMU,56845.899,6.713,4.821,53.588,-0.31884,0.06298,0.93408,33.27
$MAG,56845.941,0.120,-0.651,-0.883,32.0
$IMU,56845.975,1.281,-1.708,55.114,-0.29003,0.08691,0.95605,33.28
$BARO,56845.976,69400.67,33.35
$MAG,56846.042,0.091,-0.687,-0.898,32.1
$IMU,56846.050,-2.197,-5.798,54.870,-0.24462,0.10205,1.00097,33.28
$BARO,56846.077,69390.53,33.34
$IMU,56846.125,-3.173,-5.737,45.715,-0.27587,0.08837,0.99023,33.27
$MAG,56846.142,0.060,-0.712,-0.898,32.1
$BARO,56846.178,69398.62,33.35
$IMU,56846.200,-0.610,-15.625,28.015,-0.25244,0.13232,0.95117,33.29
$MAG,56846.243,0.024,-0.721,-0.909,32.0
$IMU,56846.275,0.732,-23.742,13.977,-0.17968,0.17138,0.89355,33.31
$BARO,56846.280,69402.52,33.34
$MAG,56846.344,0.021,-0.723,-0.930,32.1
$HUM,56846.350,25.6,33.6
$IMU,56846.350,-4.211,-19.714,4.150,-0.30957,0.22998,0.89697,33.28
$BARO,56846.381,69408.00,33.34
$IMU,56846.425,-9.765,-26.062,-10.131,-0.27636,0.13720,0.98730,33.28
$MAG,56846.445,0.013,-0.708,-0.942,32.1
$BARO,56846.483,69417.95,33.35
$IMU,56846.500,-9.826,-28.137,-15.136,-0.26660,0.14843,1.01220,33.25
$MAG,56846.546,0.001,-0.688,-0.964,32.1
$IMU,56846.575,-1.037,-32.348,-17.150,-0.14648,0.16162,0.95751,33.28
$BARO,56846.584,69402.08,33.35
$MAG,56846.647,-0.006,-0.697,-0.976,32.0
$IMU,56846.650,5.432,-24.719,-19.287,-0.10498,0.21777,0.92968,33.31
$BARO,56846.686,69400.86,33.34
$IMU,56846.725,-0.671,-16.174,-19.958,-0.14843,0.11865,0.94580,33.30
$MAG,56846.748,-0.001,-0.666,-0.994,32.0
$BARO,56846.787,69407.59,33.34
$IMU,56846.800,-1.770,-15.686,-20.446,-0.08154,0.09716,1.01904,33.29
$MAG,56846.849,-0.001,-0.666,-1.006,32.1
$IMU,56846.875,-2.319,-16.601,-21.362,-0.04785,0.03662,1.04052,33.28
$BARO,56846.888,69404.52,33.35
$VBAT,56846.891,3.826
$MAG,56846.950,-0.006,-0.657,-1.018,32.0
$IMU,56846.951,6.958,-20.263,-23.498,0.07763,0.09375,0.98339,33.32
$BARO,56846.990,69410.03,33.34
$IMU,56847.026,9.033,-24.414,-21.484,0.22021,0.17724,0.98486,33.25
$MAG,56847.051,-0.018,-0.640,-1.017,32.1
$TIME,56847.079,29929.000,2365
$BARO,56847.091,69411.66,33.34
$IMU,56847.101,2.441,-17.333,-26.611,0.16455,0.14013,0.97558,33.26
$MAG,56847.152,-0.016,-0.633,-1.035,32.1
$IMU,56847.176,-1.525,-16.845,-27.404,0.17675,0.18066,0.99218,33.29
$BARO,56847.193,69396.01,33.34
$IMU,56847.251,1.464,-15.014,-7.263,0.28222,0.15771,0.94140,33.30
$MAG,56847.253,-0.025,-0.637,-1.039,32.1
$BARO,56847.294,69405.78,33.34
$IMU,56847.326,3.234,-5.493,25.573,0.39599,0.16162,0.94140,33.27
$MAG,56847.354,-0.040,-0.652,-1.029,32.0
$HUM,56847.367,26.1,33.7
$BARO,56847.395,69401.93,33.33
$IMU,56847.401,-1.342,7.690,34.240,0.36962,0.17041,0.96240,33.26
$MAG,56847.454,-0.036,-0.649,-1.023,32.0
$IMU,56847.476,-8.483,14.038,18.798,0.25878,0.17089,1.00488,33.26
$BARO,56847.497,69403.54,33.33
$IMU,56847.551,-11.352,16.662,-4.943,0.17041,0.10791,1.02978,33.26
$MAG,56847.555,-0.018,-0.646,-1.027,32.1
$BARO,56847.598,69397.06,33.33
$IMU,56847.626,-10.803,24.536,-23.132,-0.09326,0.04785,0.99658,33.30
$MAG,56847.656,0.016,-0.624,-1.015,32.0
$BARO,56847.700,69406.81,33.33
$IMU,56847.701,-8.483,12.878,-33.386,-0.15429,0.00781,0.98730,33.30
$MAG,56847.757,0.031,-0.601,-1.024,32.1
$IMU,56847.776,-8.789,1.403,-22.399,-0.06445,-0.02734,1.02246,33.28
$BARO,56847.801,69401.32,33.34
$IMU,56847.852,-3.479,2.868,-5.554,-0.09863,0.03076,1.04443,33.30
$MAG,56847.858,0.031,-0.591,-1.023,32.1
$VBAT,56847.895,3.832
$BARO,56847.902,69401.13,33.33
$IMU,56847.927,6.225,-2.990,1.281,-0.05371,0.12255,0.95117,33.27
$MAG,56847.959,0.021,-0.598,-1.027,32.1
$IMU,56848.002,-0.854,-7.995,12.084,0.02099,0.13037,0.94824,33.25
$BARO,56848.004,69399.72,33.33
$MAG,56848.060,0.010,-0.609,-1.027,32.1
$IMU,56848.077,-9.643,-6.469,13.488,0.08984,0.10351,0.99804,33.23
$TIME,56848.079,29930.000,2365
$BARO,56848.105,69395.23,33.33
$IMU,56848.152,-6.225,-0.305,7.751,0.05371,0.04931,1.02197,33.26
$MAG,56848.161,0.003,-0.610,-1.026,32.1
$BARO,56848.207,69396.45,33.33
$IMU,56848.227,1.403,4.394,7.934,0.05517,0.04296,0.94531,33.28
$MAG,56848.262,0.013,-0.624,-1.032,32.0
$IMU,56848.302,2.990,3.540,3.112,0.01123,0.10351,0.94628,33.23
$BARO,56848.308,69406.42,33.33
$MAG,56848.363,-0.001,-0.604,-1.032,32.2
$IMU,56848.377,-10.253,-1.525,-1.159,0.05078,-0.01025,1.02734,33.25
$HUM,56848.383,25.9,33.6
$BARO,56848.409,69402.96,33.33
$IMU,56848.452,-7.080,3.051,2.807,0.10253,-0.12695,1.17968,33.28
$MAG,56848.464,0.016,-0.610,-1.029,32.1
$BARO,56848.511,69411.10,33.33
$IMU,56848.527,25.939,13.671,3.051,-0.02978,0.02636,1.05761,33.25
$MAG,56848.564,0.021,-0.643,-1.005,31.8
$IMU,56848.602,37.170,9.033,4.272,-0.00781,0.22851,0.95117,33.23
$BARO,56848.612,69400.54,33.33
$MAG,56848.665,0.021,-0.655,-0.991,32.0
$IMU,56848.677,15.747,4.272,-3.906,0.01953,0.17968,0.97412,33.29
$BARO,56848.714,69407.44,33.33
$IMU,56848.752,7.141,10.742,-6.347,-0.03515,0.18212,1.04345,33.29
$MAG,56848.766,0.040,-0.648,-0.978,32.0
$BARO,56848.815,69401.13,33.33
$IMU,56848.828,0.244,12.390,-13.916,-0.16650,0.03271,1.07470,33.27
$MAG,56848.867,0.043,-0.645,-0.973,32.0
$IMU,56848.903,4.760,4.211,-3.723,-0.12988,-0.09326,1.12158,33.25
$VBAT,56848.909,3.808
$BARO,56848.917,69396.45,33.33
$MAG,56848.968,0.034,-0.666,-0.961,32.0
$IMU,56848.978,27.221,-5.920,3.723,-0.06201,0.09423,1.04589,33.26
$BARO,56849.018,69398.89,33.33
$IMU,56849.053,32.409,-13.244,0.732,0.03027,0.22802,0.96142,33.27
$MAG,56849.069,0.037,-0.685,-0.951,32.0
$TIME,56849.079,29931.000,2365
$BARO,56849.119,69395.84,33.33
$IMU,56849.128,30.639,-4.577,-6.835,-0.01513,0.28613,0.96386,33.25
$MAG,56849.170,0.034,-0.690,-0.934,32.1
$IMU,56849.203,29.846,-2.929,-6.713,-0.03564,0.28906,0.94238,33.29
$BARO,56849.221,69400.54,33.33
$MAG,56849.271,0.043,-0.708,-0.918,32.0
$IMU,56849.278,34.240,-2.624,-8.178,-0.02441,0.42724,0.87255,33.26
$BARO,56849.322,69399.91,33.33
$IMU,56849.353,30.090,-2.136,-6.103,-0.08105,0.46386,0.85156,33.25
$MAG,56849.372,0.039,-0.726,-0.904,32.2
$HUM,56849.400,26.2,33.6
$BARO,56849.424,69402.18,33.32
$IMU,56849.428,26.489,-6.530,-0.671,-0.03125,0.55908,0.86230,33.28
$MAG,56849.473,0.025,-0.744,-0.894,32.0
$IMU,56849.503,26.977,-8.728,4.577,-0.07080,0.50439,0.80078,33.25
$BARO,56849.525,69400.52,33.33
$MAG,56849.574,0.022,-0.753,-0.889,31.8
$IMU,56849.578,17.883,-15.441,5.004,0.20214,0.59863,0.85693,33.28
$BARO,56849.626,69393.65,33.32
$IMU,56849.653,11.108,0.854,8.056,0.14599,0.53515,0.86621,33.31
$MAG,56849.675,0.016,-0.762,-0.867,32.0
$BARO,56849.728,69397.52,33.32
$IMU,56849.729,18.920,12.145,-2.868,-0.02246,0.56884,0.83203,33.29
$MAG,56849.776,0.037,-0.774,-0.849,32.1
$IMU,56849.804,20.507,15.014,-8.300,-0.15429,0.60693,0.73242,33.27
$BARO,56849.829,69398.94,33.32
$MAG,56849.876,0.022,-0.781,-0.829,32.1
$IMU,56849.879,13.305,8.178,11.596,-0.01660,0.79492,0.67236,33.24
$VBAT,56849.913,3.824
$BARO,56849.931,69399.13,33.32
$IMU,56849.954,-25.512,9.277,30.151,0.04296,0.72509,0.69628,33.23
$MAG,56849.977,0.009,-0.775,-0.870,32.0
$IMU,56850.029,-63.476,8.117,12.207,0.01708,0.46972,0.78466,33.26
$BARO,56850.032,69400.57,33.32
$MAG,56850.078,0.018,-0.732,-0.910,32.1
$TIME,56850.079,29932.000,2365
$IMU,56850.104,-59.204,-0.305,-6.286,-0.06542,0.44091,0.94531,33.28
$BARO,56850.133,69400.96,33.32
$MAG,56850.179,0.027,-0.700,-0.952,32.1
$IMU,56850.179,-54.077,-8.728,-12.145,-0.03320,0.23535,0.97021,33.28
$BARO,56850.235,69407.27,33.32
$IMU,56850.254,-39.489,-7.263,-8.850,0.02197,0.19335,1.02441,33.28
$MAG,56850.280,0.016,-0.679,-0.967,32.1
$IMU,56850.329,-25.695,-5.737,-4.211,0.01367,0.22753,0.98242,33.27
$BARO,56850.336,69394.06,33.32
$MAG,56850.381,0.015,-0.661,-0.984,32.0
$IMU,56850.404,-18.615,-7.507,-5.737,0.05078,0.25048,0.92187,33.26
$HUM,56850.417,25.9,33.6
$BARO,56850.438,69401.98,33.32
$IMU,56850.479,-22.583,-4.760,-5.676,0.04443,0.22412,0.90185,33.26
$MAG,56850.482,0.012,-0.639,-0.994,32.0
$BARO,56850.539,69403.42,33.31
$IMU,56850.554,-25.573,-3.967,-5.249,0.02099,0.23730,0.85058,33.28
$MAG,56850.583,0.016,-0.622,-1.011,32.1
$IMU,56850.629,-26.245,-0.732,-3.295,0.04199,0.22900,0.86621,33.26
$BARO,56850.640,69403.81,33.32
$MAG,56850.684,0.015,-0.597,-1.018,32.0
$IMU,56850.705,-36.621,7.080,4.638,0.00195,0.07617,0.96972,33.23
$BARO,56850.742,69405.25,33.31
$IMU,56850.780,-49.560,5.920,-1.098,-0.08642,-0.07812,1.11132,33.24
$MAG,56850.785,0.033,-0.561,-1.032,32.1
$BARO,56850.843,69397.13,33.32
$IMU,56850.855,-50.476,-1.159,0.366,-0.00390,-0.24169,1.17822,33.26
$MAG,56850.886,0.013,-0.526,-1.051,32.1
$VBAT,56850.928,3.816
$IMU,56850.930,-34.118,-3.662,2.258,0.01660,-0.34179,1.14013,33.25
$BARO,56850.945,69395.08,33.31
$MAG,56850.987,0.025,-0.519,-1.059,32.0
$IMU,56851.005,-16.052,-3.051,-1.586,0.05761,-0.33886,1.06933,33.27
$BARO,56851.046,69394.08,33.31
$TIME,56851.079,29932.000,2365
$IMU,56851.080,-11.962,-0.427,-1.831,0.00732,-0.34375,1.03466,33.25
$MAG,56851.087,0.022,-0.505,-1.056,32.0
$BARO,56851.147,69397.91,33.32
$IMU,56851.155,-9.582,-1.220,-1.159,-0.00585,-0.34619,1.00878,33.26
$MAG,56851.188,0.024,-0.510,-1.066,32.0
$IMU,56851.230,-0.366,-2.502,2.807,0.01464,-0.24511,0.96435,33.29
$BARO,56851.249,69402.64,33.31
$MAG,56851.289,0.013,-0.502,-1.063,32.0
$IMU,56851.305,3.479,-2.014,3.784,0.05175,-0.15283,0.94970,33.23
$BARO,56851.350,69405.05,33.32
$IMU,56851.380,3.540,1.647,2.624,0.03320,-0.11718,0.94140,33.26
$MAG,56851.390,0.016,-0.510,-1.056,32.1
$HUM,56851.434,25.6,33.6
$BARO,56851.452,69404.86,33.31
$IMU,56851.455,-0.610,3.417,1.892,0.00390,-0.14111,0.94628,33.26
$MAG,56851.491,0.024,-0.514,-1.047,32.0
$IMU,56851.530,-4.272,2.197,1.953,0.02197,-0.16406,0.97314,33.28
$BARO,56851.553,69401.18,33.32
$MAG,56851.592,0.025,-0.504,-1.063,32.1
$IMU,56851.605,-5.981,1.342,2.990,-0.00732,-0.18896,0.98974,33.25
$BARO,56851.654,69404.01,33.32
$IMU,56851.681,-3.845,0.488,-4.394,-0.00048,-0.17871,0.97705,33.27
$MAG,56851.693,0.022,-0.495,-1.053,32.0
$BARO,56851.756,69403.62,33.32
$IMU,56851.756,-6.286,0.427,-1.586,-0.00634,-0.23046,0.98437,33.26
$MAG,56851.794,0.022,-0.496,-1.059,32.0
$IMU,56851.831,-6.347,-1.342,-4.150,-0.01855,-0.27294,1.02734,33.29
$BARO,56851.857,69410.95,33.32
$MAG,56851.895,0.028,-0.490,-1.063,32.0
$IMU,56851.906,-4.638,-2.868,-2.807,0.03759,-0.35595,1.05615,33.23
$VBAT,56851.931,3.835
$BARO,56851.959,69407.69,33.32
$IMU,56851.981,9.643,4.150,3.173,0.00292,-0.26416,1.00146,33.27
$MAG,56851.996,0.028,-0.507,-1.059,32.1
$IMU,56852.056,14.770,2.502,-1.586,-0.03662,-0.15820,0.93164,33.25
$BARO,56852.060,69408.88,33.33
$TIME,56852.079,29934.000,2365
$MAG,56852.097,0.031,-0.502,-1.059,32.1
$IMU,56852.131,3.601,-3.845,-3.601,0.00244,-0.19042,0.97363,33.24
$BARO,56852.161,69400.98,33.32
$MAG,56852.197,0.025,-0.499,-1.057,32.0
$IMU,56852.206,1.586,-1.708,-0.610,-0.00732,-0.17333,0.99365,33.25
$BARO,56852.263,69402.20,33.31
$IMU,56852.281,2.258,-0.793,3.479,0.01220,-0.19873,0.99755,33.28
$MAG,56852.298,0.018,-0.510,-1.057,32.0
$IMU,56852.356,3.356,-1.464,3.051,0.01220,-0.21142,0.99804,33.26
$BARO,56852.364,69403.40,33.32
$MAG,56852.399,0.019,-0.514,-1.056,32.0
$IMU,56852.431,5.310,-2.014,-0.732,0.02001,-0.15429,0.97314,33.25
$HUM,56852.451,25.6,33.6
$BARO,56852.466,69407.93,33.31
$MAG,56852.500,0.025,-0.522,-1.054,32.0
$IMU,56852.506,4.943,-1.403,-3.906,0.02685,-0.09082,0.95996,33.23
$BARO,56852.567,69391.62,33.32
$IMU,56852.582,-0.427,-0.915,-2.502,0.02392,-0.09716,0.95849,33.27
$MAG,56852.601,0.030,-0.519,-1.056,32.0
$IMU,56852.657,-1.647,1.159,-7.019,-0.02441,-0.10546,0.93457,33.25
$BARO,56852.668,69392.87,33.31
$MAG,56852.702,0.015,-0.504,-1.056,32.0
$IMU,56852.732,-2.990,-1.586,-4.821,0.01171,-0.07275,0.91113,33.30
$BARO,56852.770,69397.77,33.31
$MAG,56852.803,0.027,-0.499,-1.054,32.0
$IMU,56852.807,-6.225,-2.441,-2.197,-0.00390,-0.09082,0.89843,33.25
$BARO,56852.871,69392.26,33.31
$IMU,56852.882,-15.258,-6.958,-2.624,0.08740,-0.18701,0.96435,33.26
$MAG,56852.904,0.016,-0.484,-1.069,32.2
$VBAT,56852.947,3.821
$IMU,56852.957,-10.253,0.488,-1.159,0.01318,-0.15380,0.88330,33.24
$BARO,56852.973,69403.86,33.31
$MAG,56853.005,0.015,-0.474,-1.077,32.1
$IMU,56853.032,-11.413,-3.784,-2.990,0.02783,-0.13867,0.79785,33.24
$BARO,56853.074,69397.35,33.31
$TIME,56853.079,29935.000,2365
$MAG,56853.106,0.009,-0.457,-1.074,32.1
$IMU,56853.107,-17.395,-9.033,-0.854,0.03955,-0.13427,0.77294,33.25
$BARO,56853.175,69408.71,33.31
$IMU,56853.182,-29.113,-7.690,-2.990,0.02539,-0.27148,0.80957,33.27
$MAG,56853.207,0.004,-0.427,-1.087,32.0
$IMU,56853.257,-38.391,-8.056,-4.028,0.08740,-0.43310,0.93066,33.29
$BARO,56853.277,69401.20,33.31
$MAG,56853.308,0.006,-0.387,-1.093,32.1
$IMU,56853.332,-46.081,-1.342,2.136,0.08984,-0.59033,1.00683,33.28
$BARO,56853.378,69405.88,33.31
$IMU,56853.407,-42.114,7.202,2.929,0.07275,-0.66552,1.06494,33.26
$MAG,56853.408,0.007,-0.355,-1.077,32.1
$HUM,56853.468,25.2,33.6
$BARO,56853.479,69410.73,33.31
$IMU,56853.482,-34.851,4.211,0.244,0.04443,-0.74267,1.07031,33.27
$MAG,56853.509,0.006,-0.333,-1.075,32.0
$IMU,56853.558,-20.324,-1.159,-5.249,0.07177,-0.75341,1.06298,33.26
$BARO,56853.581,69396.55,33.31
$MAG,56853.610,0.013,-0.330,-1.080,32.0
$IMU,56853.633,-7.141,0.671,-1.647,0.12060,-0.78027,1.03466,33.24
$BARO,56853.682,69405.47,33.31
$IMU,56853.708,9.643,7.751,2.868,0.09082,-0.65429,0.97753,33.26
$MAG,56853.711,0.018,-0.348,-1.071,32.1
$IMU,56853.783,19.775,7.202,-1.647,0.02880,-0.60937,0.91699,33.26
$BARO,56853.784,69404.05,33.31
$MAG,56853.812,0.016,-0.358,-1.066,32.0
$IMU,56853.858,35.644,1.159,-5.920,0.04882,-0.49658,0.84033,33.21
$BARO,56853.885,69404.25,33.31
$MAG,56853.913,0.024,-0.399,-1.080,32.1
$IMU,56853.933,40.527,2.258,2.807,0.10107,-0.42089,0.78906,33.25
$VBAT,56853.949,3.839
$BARO,56853.987,69410.56,33.31
$IMU,56854.008,38.757,7.629,9.887,0.09179,-0.30078,0.79882,33.24
$MAG,56854.014,0.031,-0.438,-1.074,32.1
$TIME,56854.079,29936.000,2365
$IMU,56854.083,29.968,7.324,2.746,0.01953,-0.21191,0.90429,33.29
$BARO,56854.088,69405.08,33.31
$MAG,56854.115,0.037,-0.451,-1.063,32.0
$IMU,56854.158,13.977,2.014,-0.122,0.02734,-0.32128,0.93554,33.22
$BARO,56854.189,69404.27,33.31
$MAG,56854.216,0.043,-0.456,-1.057,31.8
$IMU,56854.233,11.657,6.286,-0.610,-0.02197,-0.27587,0.99560,33.26
$BARO,56854.291,69406.30,33.31
$IMU,56854.308,3.723,5.493,0.061,-0.06689,-0.38916,1.06542,33.27
$MAG,56854.317,0.051,-0.468,-1.053,31.8
$IMU,56854.383,18.249,4.211,0.488,-0.12500,-0.28222,0.97021,33.26
$BARO,56854.392,69409.32,33.31
$MAG,56854.418,0.045,-0.489,-1.056,32.0
$IMU,56854.459,17.517,1.586,-2.136,-0.19042,-0.32226,1.02441,33.23
$HUM,56854.485,25.6,33.6
$BARO,56854.493,69409.98,33.31
$MAG,56854.519,0.043,-0.489,-1.045,32.1
$IMU,56854.534,19.592,0.000,-4.028,-0.18164,-0.31835,1.06884,33.24
$BARO,56854.595,69406.71,33.31
$IMU,56854.609,31.433,1.159,5.249,-0.16552,-0.25830,1.03515,33.23
$MAG,56854.620,0.039,-0.529,-1.032,32.0
$IMU,56854.684,39.123,1.403,10.681,-0.18945,-0.25927,1.07226,33.25
$BARO,56854.696,69416.07,33.31
$MAG,56854.721,0.043,-0.577,-1.015,32.0
$IMU,56854.759,49.682,-1.464,15.075,-0.15576,-0.15332,1.03417,33.29
$BARO,56854.798,69411.78,33.31
$MAG,56854.822,0.037,-0.633,-1.000,32.1
$IMU,56854.834,56.091,1.647,25.878,-0.07617,-0.02294,0.99804,33.30
$BARO,56854.899,69406.52,33.31
$IMU,56854.909,58.166,12.329,42.175,0.06054,0.03515,0.96093,33.27
$MAG,56854.923,0.012,-0.700,-0.936,32.0
$VBAT,56854.965,3.835
$IMU,56854.984,69.152,39.001,62.683,0.11328,0.21875,0.84228,33.26
$BARO,56855.001,69406.10,33.31
$MAG,56855.023,-0.010,-0.786,-0.859,32.1
$IMU,56855.059,70.190,60.607,84.411,0.26025,0.39306,0.80419,33.25
$TIME,56855.079,29937.000,2365
$BARO,56855.102,69399.20,33.30
$MAG,56855.124,-0.081,-0.870,-0.736,32.0
$IMU,56855.134,70.251,101.318,106.811,0.29199,0.55468,0.71630,33.25
$BARO,56855.203,69399.62,33.30
$IMU,56855.209,74.890,143.737,120.788,-0.19824,0.73730,0.57861,33.23
$MAG,56855.225,-0.178,-0.915,-0.621,32.1
$IMU,56855.284,54.504,98.999,93.139,-0.35253,0.82177,0.62304,33.28
$BARO,56855.305,69406.71,33.31
$MAG,56855.326,-0.235,-0.928,-0.582,32.1
$IMU,56855.359,19.592,27.160,53.649,-0.08056,0.75341,0.63085,33.23
$BARO,56855.406,69404.66,33.31
$MAG,56855.427,-0.262,-0.928,-0.583,32.0
$IMU,56855.435,1.159,12.207,26.245,-0.00048,0.77099,0.67529,33.25
$HUM,56855.501,25.5,33.6
$BARO,56855.508,69395.16,33.30
$IMU,56855.510,-5.432,27.282,16.906,-0.05468,0.69482,0.64111,33.25
$MAG,56855.528,-0.288,-0.925,-0.582,32.0
$IMU,56855.585,-6.286,44.738,33.447,-0.09570,0.89111,0.57128,33.26
$BARO,56855.609,69407.32,33.30
$MAG,56855.629,-0.339,-0.930,-0.597,32.1
$IMU,56855.660,-17.211,46.569,33.874,-0.19970,0.82373,0.55078,33.23
$BARO,56855.710,69413.02,33.30
$MAG,56855.730,-0.348,-0.924,-0.627,32.1
$IMU,56855.735,-20.690,32.165,14.038,-0.19677,0.74365,0.57080,33.23
$IMU,56855.810,-11.840,28.808,5.737,-0.33593,0.85205,0.53027,33.27
$BARO,56855.812,69392.70,33.31
$MAG,56855.831,-0.337,-0.930,-0.634,32.0
$IMU,56855.885,-13.977,24.719,-6.347,-0.34130,0.78076,0.52050,33.25
$BARO,56855.913,69408.95,33.31
$MAG,56855.932,-0.343,-0.922,-0.648,32.1
$IMU,56855.960,-16.845,30.822,4.150,-0.35400,0.78125,0.57275,33.24
$VBAT,56855.968,3.832
$BARO,56856.014,69403.05,33.30
$MAG,56856.033,-0.343,-0.925,-0.669,32.0
$IMU,56856.035,-18.554,21.484,3.967,-0.35791,0.74462,0.55615,33.29
$TIME,56856.079,29938.000,2365
$IMU,56856.110,-15.380,-11.108,-30.822,-0.44531,0.82080,0.55908,33.26
$BARO,56856.116,69402.06,33.30
$MAG,56856.134,-0.276,-0.922,-0.696,32.1
$IMU,56856.185,-22.583,-61.828,-80.749,-0.62744,0.79980,0.54248,33.20
$BARO,56856.217,69408.93,33.31
$MAG,56856.235,-0.174,-0.904,-0.729,32.0
$IMU,56856.260,-19.714,-117.309,-118.652,-0.25146,0.65722,0.47070,33.25
$BARO,56856.319,69400.01,33.31
$MAG,56856.335,-0.075,-0.852,-0.822,32.0
$IMU,56856.335,-34.729,-118.957,-132.812,-0.02636,0.70751,0.61425,33.24
$IMU,56856.411,-70.434,-80.932,-126.159,0.01660,0.40917,0.77246,33.25
$BARO,56856.420,69394.13,33.30
$MAG,56856.436,-0.021,-0.769,-0.925,32.0
$IMU,56856.486,-81.359,-43.945,-104.736,0.05175,0.10156,0.80615,33.25
$HUM,56856.518,25.6,33.6
$BARO,56856.521,69403.27,33.30
$MAG,56856.537,0.030,-0.642,-0.976,32.0
$IMU,56856.561,-84.655,-22.644,-102.600,0.07568,-0.02539,0.84472,33.20
$BARO,56856.623,69417.92,33.30
$IMU,56856.636,-91.064,-5.126,-97.595,0.09765,-0.31494,0.83398,33.19
$MAG,56856.638,0.078,-0.528,-1.015,32.1
$IMU,56856.711,-88.256,15.014,-82.885,0.07324,-0.45654,0.88281,33.29
$BARO,56856.724,69407.95,33.30
$MAG,56856.739,0.088,-0.412,-1.014,32.1
$IMU,56856.786,-79.162,25.939,-65.307,-0.11621,-0.69042,0.93359,33.26
$BARO,56856.826,69411.00,33.31
$MAG,56856.840,0.102,-0.322,-1.003,32.1
$IMU,56856.861,-58.105,16.906,-53.833,-0.20410,-0.85595,1.02294,33.22
$BARO,56856.927,69407.32,33.31
$IMU,56856.936,-29.113,11.718,-32.043,-0.13476,-0.80517,0.95166,33.28
$MAG,56856.941,0.109,-0.289,-0.991,32.0
$VBAT,56856.984,3.835
$IMU,56857.011,-8.361,9.399,-17.028,-0.17333,-0.78564,0.92187,33.24
$BARO,56857.028,69412.63,33.30
$MAG,56857.042,0.103,-0.282,-0.976,32.1
$TIME,56857.079,29938.000,2365
$IMU,56857.086,-1.708,4.272,-13.549,-0.16210,-0.74121,0.90722,33.23
$BARO,56857.130,69414.05,33.30
$MAG,56857.143,0.109,-0.277,-0.988,32.0
$IMU,56857.161,5.310,3.540,-7.812,-0.24511,-0.82763,0.92773,33.24
$BARO,56857.231,69402.66,33.30
$IMU,56857.236,36.865,-10.925,3.723,-0.22753,-0.75000,0.90283,33.20
$MAG,56857.244,0.094,-0.304,-1.011,32.0
$IMU,56857.312,50.537,-28.381,6.225,-0.13769,-0.89941,0.68554,33.25
$BARO,56857.333,69406.35,33.29
$MAG,56857.345,0.072,-0.373,-1.035,32.0
$IMU,56857.387,75.927,-25.939,12.207,-0.09863,-0.56201,0.99365,33.23
$BARO,56857.434,69415.07,33.30
$MAG,56857.446,0.060,-0.454,-1.047,32.0
$IMU,56857.462,87.402,-14.648,16.601,-0.01416,-0.38916,0.95556,33.25
$BARO,56857.535,69402.91,33.30
$HUM,56857.535,25.7,33.6
$IMU,56857.537,81.420,-8.850,30.273,0.01513,-0.21972,0.97021,33.23
$MAG,56857.547,0.046,-0.532,-1.021,32.0
$IMU,56857.612,68.725,-8.666,25.268,0.10546,-0.15478,0.91943,33.23
$BARO,56857.637,69398.23,33.30
$MAG,56857.648,0.037,-0.612,-1.006,32.0
$IMU,56857.687,72.753,3.845,25.329,0.12500,0.10742,0.85791,33.25
$BARO,56857.738,69406.13,33.30
$MAG,56857.749,0.039,-0.664,-0.976,32.0
$IMU,56857.762,62.072,12.268,26.062,0.06591,0.24951,0.84472,33.25
$IMU,56857.837,51.025,6.896,21.545,0.05664,0.33691,0.82421,33.25
$BARO,56857.840,69403.10,33.30
$MAG,56857.849,0.030,-0.690,-0.937,32.1
$IMU,56857.912,42.236,2.624,11.718,0.03173,0.37158,0.78808,33.25
$BARO,56857.941,69400.84,33.30
$MAG,56857.950,0.027,-0.735,-0.909,32.0
$VBAT,56857.986,3.829
$IMU,56857.987,32.592,3.479,4.760,-0.06250,0.44384,0.78369,33.24
$BARO,56858.042,69398.67,33.29
$MAG,56858.051,0.030,-0.724,-0.901,32.0
$IMU,56858.062,16.418,2.258,-1.953,-0.14013,0.56250,0.87060,33.21
$TIME,56858.079,29940.000,2365
$IMU,56858.137,-1.220,0.549,-7.141,-0.16357,0.47900,0.88720,33.25
$BARO,56858.144,69404.52,33.29
$MAG,56858.152,0.039,-0.726,-0.904,32.0
$IMU,56858.212,-0.549,1.159,-0.244,-0.14111,0.45654,0.82714,33.25
$BARO,56858.245,69401.86,33.30
$MAG,56858.253,0.036,-0.723,-0.898,32.0
$IMU,56858.288,-0.854,0.671,5.676,-0.15966,0.48583,0.85449,33.24
$BARO,56858.347,69393.38,33.29
$MAG,56858.354,0.030,-0.718,-0.915,32.0
$IMU,56858.363,-10.864,-3.662,3.173,-0.16992,0.40917,0.93066,33.28
$IMU,56858.438,-8.483,-6.713,1.953,-0.15234,0.39013,0.94970,33.27
$BARO,56858.448,69412.66,33.29
$MAG,56858.455,0.024,-0.723,-0.921,31.8
$IMU,56858.513,-1.831,-8.605,1.586,-0.12695,0.36132,0.92333,33.22
$BARO,56858.549,69402.32,33.29
$HUM,56858.552,25.8,33.6
$MAG,56858.556,0.019,-0.727,-0.922,31.8
$IMU,56858.588,3.417,-10.192,1.525,-0.08349,0.41699,0.93066,33.23
$BARO,56858.651,69402.69,33.29
$MAG,56858.657,0.016,-0.724,-0.934,32.0
$IMU,56858.663,-3.540,-12.390,2.075,-0.00488,0.38232,0.97949,33.23
$IMU,56858.738,-8.911,-12.878,2.258,0.10839,0.24121,1.00341,33.23
$BARO,56858.752,69405.96,33.29
$MAG,56858.758,-0.004,-0.720,-0.946,32.0
$IMU,56858.813,-2.685,-9.521,-1.220,0.10937,0.26513,0.96386,33.23
$BARO,56858.853,69401.91,33.29
$MAG,56858.859,-0.007,-0.720,-0.952,32.1
$IMU,56858.888,-1.098,-12.329,-5.798,0.17968,0.35546,0.99072,33.23
$BARO,56858.955,69401.49,33.29
$MAG,56858.960,-0.006,-0.717,-0.955,31.8
$IMU,56858.963,-1.647,-8.544,-2.990,0.20312,0.27636,0.94238,33.20
$VBAT,56858.986,3.832
$IMU,56859.038,5.798,-1.525,-3.723,0.15039,0.38378,0.89697,33.26
$BARO,56859.056,69393.60,33.29
$MAG,56859.061,0.001,-0.720,-0.957,32.0
$TIME,56859.079,29941.000,2365
$IMU,56859.113,-0.671,-0.976,-1.647,0.16992,0.34423,0.88085,33.22
$BARO,56859.158,69399.28,33.29
$MAG,56859.162,-0.007,-0.721,-0.960,32.0
$IMU,56859.189,-3.417,2.319,-0.488,0.14892,0.39208,0.92626,33.24
$BARO,56859.259,69405.76,33.29
$MAG,56859.263,0.006,-0.717,-0.957,32.1
$IMU,56859.264,-9.582,3.967,0.488,0.14794,0.34765,0.94677,33.27
$IMU,56859.339,-6.713,5.920,-1.403,0.10888,0.29931,0.89794,33.27
$BARO,56859.360,69403.13,33.29
$MAG,56859.364,0.001,-0.706,-0.946,32.0
$IMU,56859.414,-0.183,8.178,-0.793,0.05419,0.43994,0.91845,33.28
$BARO,56859.462,69399.89,33.29
$MAG,56859.465,0.010,-0.711,-0.948,32.0
$IMU,56859.489,-8.544,7.751,4.150,0.04248,0.45263,0.98095,33.20
$BARO,56859.563,69405.37,33.29
$IMU,56859.564,-17.150,10.070,5.859,0.02001,0.24218,1.02734,33.21
$MAG,56859.566,0.024,-0.708,-0.955,31.8
$HUM,56859.569,25.9,33.6
$IMU,56859.639,-9.277,29.541,12.634,0.15966,0.12646,1.05273,33.26
$BARO,56859.665,69401.49,33.29
$MAG,56859.667,0.034,-0.729,-0.903,32.0
$IMU,56859.714,12.329,95.275,61.645,-0.01171,0.10937,0.95410,33.26
$BARO,56859.766,69413.32,33.29
$MAG,56859.767,-0.003,-0.817,-0.768,32.0
$IMU,56859.789,40.771,154.235,120.239,-0.43457,0.32275,0.80615,33.25
$IMU,56859.864,50.109,141.357,121.337,-0.70556,0.52294,0.70898,33.27
$BARO,56859.867,69403.76,33.28
$MAG,56859.868,-0.073,-0.886,-0.658,32.0
$IMU,56859.939,39.916,78.491,72.143,-0.61474,0.68896,0.60546,33.22
$BARO,56859.969,69392.79,33.29
$MAG,56859.969,-0.111,-0.891,-0.604,32.0
$VBAT,56859.986,3.837
$IMU,56860.014,16.235,35.278,33.264,-0.49853,0.67578,0.58251,33.22
$BARO,56860.070,69399.08,33.29
$MAG,56860.070,-0.130,-0.904,-0.606,32.0
$TIME,56860.079,29942.000,2365
$IMU,56860.089,2.014,13.427,14.160,-0.50000,0.69335,0.59814,33.27
$IMU,56860.165,-6.042,-5.249,1.220,-0.37890,0.62744,0.63183,33.24
$MAG,56860.171,-0.136,-0.904,-0.616,32.0
$BARO,56860.172,69412.90,33.29
$IMU,56860.240,-6.286,-4.699,-2.075,-0.38476,0.63232,0.69042,33.24
$MAG,56860.272,-0.123,-0.900,-0.625,31.8
$BARO,56860.273,69406.00,33.28
$IMU,56860.315,-6.896,-7.385,-10.009,-0.44873,0.62500,0.70800,33.24
$MAG,56860.373,-0.081,-0.891,-0.654,32.0
$BARO,56860.375,69403.54,33.29
$IMU,56860.390,-8.789,-39.978,-35.034,-0.63964,0.75000,0.63867,33.25
$IMU,56860.465,-36.926,-118.530,-92.285,-0.38427,0.72119,0.57714,33.23
$MAG,56860.474,-0.001,-0.823,-0.777,32.1
$BARO,56860.476,69408.81,33.29
$IMU,56860.540,-57.922,-162.536,-128.967,0.04199,0.40673,0.73779,33.21
$MAG,56860.575,0.039,-0.733,-0.900,32.0
$BARO,56860.577,69398.25,33.29
$HUM,56860.586,25.7,33.6
$IMU,56860.615,-35.095,-124.023,-109.252,0.17041,0.30419,0.97021,33.22
$MAG,56860.676,0.036,-0.688,-0.939,32.0
$BARO,56860.679,69402.93,33.29
$IMU,56860.690,-16.967,-59.997,-61.462,0.07910,0.27294,1.00732,33.25
$IMU,56860.765,-11.535,-21.972,-23.742,0.02050,0.22802,0.98925,33.26
$MAG,56860.777,0.030,-0.675,-0.955,31.8
$BARO,56860.780,69407.39,33.29
$IMU,56860.840,-8.361,-5.737,-5.310,-0.03076,0.22070,0.99804,33.25
$MAG,56860.878,0.030,-0.672,-0.970,32.0
$BARO,56860.882,69401.10,33.29
$IMU,56860.915,-7.690,-7.141,-1.098,-0.00097,0.17041,1.03710,33.22
$MAG,56860.979,0.027,-0.660,-0.975,32.2
$BARO,56860.983,69403.59,33.27
$VBAT,56860.987,3.834
$IMU,56860.990,-0.549,-11.291,-9.826,-0.05175,0.10449,1.05712,33.24
$IMU,56861.066,14.526,-22.949,-22.033,0.01855,0.17822,1.00585,33.24
$MAG,56861.079,0.027,-0.664,-0.985,32.0
$TIME,56861.079,29943.000,2365
$BARO,56861.084,69407.00,33.28
$IMU,56861.141,18.554,-24.230,-24.291,0.06250,0.26269,0.98828,33.24
$MAG,56861.180,0.018,-0.666,-0.981,32.1
$BARO,56861.186,69406.39,33.29
$IMU,56861.216,12.634,-18.676,-18.493,0.07910,0.27099,0.96630,33.26
$MAG,56861.281,0.016,-0.663,-0.988,32.1
$BARO,56861.287,69407.44,33.28
$IMU,56861.291,10.559,-13.488,-13.610,0.10595,0.31640,0.95556,33.26
$IMU,56861.366,3.662,-4.760,-10.681,0.08154,0.31787,0.96484,33.28
$MAG,56861.382,0.013,-0.654,-0.999,32.1
$BARO,56861.389,69396.45,33.29
$IMU,56861.441,-3.051,0.488,-6.408,0.09814,0.29687,0.97509,33.26
$MAG,56861.483,0.024,-0.649,-0.985,32.0
$BARO,56861.490,69406.00,33.28
$IMU,56861.516,-2.685,7.446,1.586,0.07910,0.28515,0.97460,33.25
$MAG,56861.584,0.028,-0.658,-0.976,32.1
$BARO,56861.591,69403.98,33.28
$IMU,56861.591,-3.540,13.061,9.155,0.03906,0.30126,0.96337,33.23
$HUM,56861.603,25.8,33.6
$IMU,56861.666,-7.019,12.756,16.235,0.01464,0.26220,0.97021,33.22
$MAG,56861.685,0.024,-0.667,-0.979,32.0
$BARO,56861.693,69396.89,33.27
$IMU,56861.741,-5.920,7.507,18.005,0.04296,0.21923,1.00097,33.23
$MAG,56861.786,0.016,-0.661,-0.972,32.0
$BARO,56861.794,69408.05,33.28
$IMU,56861.816,-3.845,4.028,15.258,0.07421,0.24121,0.97412,33.27
$MAG,56861.887,0.010,-0.679,-0.975,32.0
$IMU,56861.891,-7.019,5.493,18.859,0.01464,0.23583,0.97607,33.25
$BARO,56861.896,69403.96,33.28
$IMU,56861.966,-6.286,3.295,20.446,0.06054,0.18750,0.99121,33.22
$VBAT,56861.987,3.837
$MAG,56861.988,0.007,-0.684,-0.987,32.0
$BARO,56861.997,69397.89,33.28
$IMU,56862.042,-1.159,3.417,16.296,0.04492,0.25878,0.97558,33.26
$TIME,56862.079,29944.000,2365
$MAG,56862.089,-0.012,-0.691,-0.978,32.0
$BARO,56862.098,69404.59,33.28
$IMU,56862.117,-2.319,-0.549,11.352,0.06347,0.22949,0.97021,33.25
$MAG,56862.190,-0.007,-0.687,-0.972,32.0
$IMU,56862.192,1.159,-0.183,6.103,0.04248,0.26757,0.96533,33.22
$BARO,56862.200,69401.13,33.28
$IMU,56862.267,6.835,0.061,2.136,0.09326,0.32080,0.94580,33.22
$MAG,56862.290,-0.012,-0.705,-0.970,32.0
$BARO,56862.301,69401.76,33.27
$IMU,56862.342,6.591,-0.183,0.183,0.12304,0.31689,0.95458,33.25
$MAG,56862.391,-0.004,-0.708,-0.969,31.8
$BARO,56862.403,69397.89,33.28
$IMU,56862.417,7.385,-1.892,-0.793,0.17431,0.43701,0.94921,33.32
$MAG,56862.492,-0.004,-0.693,-0.972,32.0
$IMU,56862.492,-1.770,-1.037,-0.854,0.17871,0.37011,0.93994,33.23
$BARO,56862.504,69399.30,33.28
$IMU,56862.567,-2.319,2.380,-6.713,0.16308,0.37255,0.93261,33.23
$MAG,56862.593,-0.001,-0.697,-0.967,32.0
$BARO,56862.605,69398.72,33.27
$HUM,56862.619,25.9,33.6
$IMU,56862.642,-0.061,5.065,-4.333,0.12109,0.38671,0.93164,33.25
$MAG,56862.694,0.004,-0.685,-0.964,32.0
$BARO,56862.707,69403.40,33.27
$IMU,56862.717,-1.403,6.774,-0.549,0.11572,0.41064,0.95507,33.25
$IMU,56862.792,-1.831,8.728,-3.601,0.04052,0.35156,0.93359,33.24
$MAG,56862.795,0.012,-0.693,-0.949,32.2
$BARO,56862.808,69403.59,33.27
$IMU,56862.867,-2.990,6.347,-4.821,0.06298,0.29003,0.94140,33.18
$MAG,56862.896,0.025,-0.691,-0.951,32.1
$BARO,56862.910,69401.35,33.28
$IMU,56862.942,-7.385,11.596,-2.441,-0.01611,0.23437,0.95361,33.25
$VBAT,56862.987,3.831
$MAG,56862.997,0.036,-0.676,-0.960,32.1
$BARO,56863.011,69399.33,33.27
$IMU,56863.018,-7.263,11.657,-3.479,-0.07324,0.20068,0.96679,33.24
$TIME,56863.079,29945.000,2365
$IMU,56863.093,-8.361,9.094,-2.929,-0.10546,0.16552,1.00195,33.26
$MAG,56863.098,0.043,-0.678,-0.948,32.0
$BARO,56863.112,69405.20,33.28
$IMU,56863.168,-7.934,7.568,-5.371,-0.13037,0.17089,1.00683,33.24
$MAG,56863.199,0.048,-0.667,-0.957,32.1
$BARO,56863.214,69404.61,33.27
$IMU,56863.243,-5.859,4.211,-7.995,-0.14208,0.15087,0.99121,33.26
$MAG,56863.300,0.054,-0.661,-0.942,31.8
$BARO,56863.315,69398.72,33.27
$IMU,56863.318,-2.868,-1.464,-5.615,-0.07519,0.15722,0.98779,33.23
$IMU,56863.393,-1.281,-2.197,-2.197,-0.06933,0.15380,1.00488,33.26
$MAG,56863.401,0.054,-0.664,-0.951,32.0
$BARO,56863.416,69412.95,33.27
$IMU,56863.468,-2.624,-2.807,-2.990,-0.09619,0.22314,1.02246,33.23
$MAG,56863.502,0.055,-0.648,-0.951,32.1
$BARO,56863.518,69394.45,33.27
$IMU,56863.543,-9.582,-1.831,-3.479,-0.12353,0.13330,1.02539,33.24
$MAG,56863.603,0.052,-0.655,-0.955,32.0
$IMU,56863.618,-6.042,0.488,4.516,-0.11035,0.19775,1.04101,33.26
$BARO,56863.619,69399.74,33.27
$HUM,56863.636,25.7,33.6
$IMU,56863.693,-3.662,4.394,7.019,-0.15527,0.15380,0.99560,33.26
$MAG,56863.703,0.051,-0.652,-0.961,31.8
$BARO,56863.721,69403.59,33.27
$IMU,56863.768,0.976,2.441,5.249,-0.09912,0.13964,0.94580,33.23
$MAG,56863.804,0.054,-0.655,-0.958,32.0
$BARO,56863.822,69407.66,33.27
$IMU,56863.843,0.915,1.525,9.460,-0.06542,0.16113,0.98632,33.24
$MAG,56863.905,0.049,-0.661,-0.958,32.0
$IMU,56863.919,-4.821,0.427,3.173,-0.11181,0.10742,1.00878,33.24
$BARO,56863.923,69405.22,33.27
$VBAT,56863.988,3.831
$IMU,56863.994,0.366,-4.394,-7.629,-0.13769,0.15478,1.06689,33.24
$MAG,56864.006,0.046,-0.654,-0.963,31.8
$BARO,56864.025,69401.18,33.27
$IMU,56864.069,3.906,-7.751,-8.850,-0.14648,0.09912,1.03564,33.26
$TIME,56864.079,29946.000,2365
$MAG,56864.107,0.046,-0.657,-0.957,32.0
$BARO,56864.126,69407.86,33.27
$IMU,56864.144,16.113,-11.779,-5.615,-0.08398,0.23632,0.95312,33.23
$MAG,56864.208,0.033,-0.663,-0.966,32.0
$IMU,56864.219,9.338,-9.460,0.305,-0.05957,0.25488,0.93896,33.26
$BARO,56864.227,69410.51,33.27
$IMU,56864.294,6.530,-5.615,4.333,-0.03857,0.26074,0.97070,33.24
$MAG,56864.309,0.028,-0.672,-0.966,32.1
$BARO,56864.329,69402.57,33.28
$IMU,56864.369,6.164,-5.798,4.150,-0.02685,0.22900,0.96191,33.23
$MAG,56864.410,0.019,-0.684,-0.966,32.0
$BARO,56864.430,69401.57,33.27
$IMU,56864.444,6.469,-6.774,2.380,0.02539,0.27343,0.96826,33.25
$MAG,56864.511,0.015,-0.685,-0.960,32.0
$IMU,56864.519,4.028,-5.920,4.699,0.08056,0.23095,0.94677,33.20
$BARO,56864.532,69404.22,33.27
$IMU,56864.594,4.211,-4.943,6.408,0.15234,0.32373,0.96923,33.21
$MAG,56864.612,0.013,-0.687,-0.958,32.0
$BARO,56864.633,69396.69,33.27
$HUM,56864.653,25.8,33.6
$IMU,56864.669,-3.784,-3.784,7.141,0.16357,0.25439,0.97705,33.25
$MAG,56864.713,0.010,-0.688,-0.967,32.0
$BARO,56864.735,69402.79,33.27
$IMU,56864.744,-3.845,-2.319,2.258,0.12939,0.18212,0.97949,33.21
$MAG,56864.814,0.010,-0.690,-0.967,32.0
$IMU,56864.819,-1.342,-0.732,3.723,0.13623,0.25000,1.01611,33.23
$BARO,56864.836,69399.52,33.27
$IMU,56864.895,1.708,2.014,5.371,0.11669,0.26708,0.97460,33.24
$MAG,56864.915,0.009,-0.688,-0.963,32.0
$BARO,56864.937,69396.08,33.27
$IMU,56864.970,4.394,4.394,0.854,0.06835,0.31347,0.95410,33.21
$VBAT,56864.988,3.839
$MAG,56865.016,0.010,-0.687,-0.952,32.0
$BARO,56865.039,69407.69,33.27
$IMU,56865.045,1.220,3.723,-4.089,0.03808,0.26464,0.96044,33.24
$TIME,56865.079,29947.000,2365
$MAG,56865.116,0.021,-0.699,-0.961,32.1
$IMU,56865.120,-1.892,2.380,-1.464,0.06054,0.25195,0.97265,33.25
$BARO,56865.140,69407.08,33.27
$IMU,56865.195,-5.493,2.868,-0.305,0.00585,0.20068,1.00097,33.23
$MAG,56865.217,0.012,-0.685,-0.958,31.8
$BARO,56865.242,69394.28,33.27
$IMU,56865.270,-1.953,1.953,-2.319,-0.01171,0.23339,0.99560,33.25
$MAG,56865.318,0.018,-0.688,-0.952,32.0
$BARO,56865.343,69399.57,33.27
$IMU,56865.345,1.220,0.366,-2.868,0.01318,0.23925,0.98046,33.24
$MAG,56865.419,0.024,-0.691,-0.961,32.0
$IMU,56865.420,0.061,1.220,0.427,-0.00830,0.25878,0.95849,33.24
$BARO,56865.444,69399.96,33.27
$IMU,56865.495,-4.699,2.319,0.732,-0.04394,0.27294,0.98095,33.24
$MAG,56865.520,0.022,-0.679,-0.964,32.0
$BARO,56865.546,69398.96,33.26
$IMU,56865.570,-8.789,0.305,1.647,-0.06445,0.21826,0.95996,33.24
$MAG,56865.621,0.016,-0.678,-0.966,32.0
$IMU,56865.645,-5.615,0.305,0.793,-0.03906,0.19531,0.96533,33.21
$BARO,56865.647,69401.40,33.26
$HUM,56865.670,25.9,33.6
$IMU,56865.720,-8.300,0.488,0.244,-0.03808,0.19384,1.06250,33.25
$MAG,56865.722,0.018,-0.673,-0.963,32.0
$BARO,56865.749,69411.37,33.26
$IMU,56865.796,-6.408,0.976,-8.728,-0.06201,0.11718,1.03173,33.24
$MAG,56865.823,0.030,-0.669,-0.970,32.0
$BARO,56865.850,69396.33,33.26
$IMU,56865.871,7.995,-3.051,-7.995,-0.05224,0.24658,0.94580,33.23
$MAG,56865.924,0.028,-0.670,-0.967,32.0
$IMU,56865.946,-1.586,-3.356,-0.488,-0.00830,0.22607,0.96533,33.21
$BARO,56865.951,69394.08,33.26
$VBAT,56865.988,3.840
$IMU,56866.021,-4.516,-1.708,2.258,-0.00341,0.22460,0.97460,33.23
$MAG,56866.025,0.028,-0.669,-0.978,32.0
$BARO,56866.053,69405.08,33.26
$TIME,56866.079,29948.000,2365
$IMU,56866.096,-5.859,-2.502,1.098,0.00927,0.17236,0.97705,33.23
$MAG,56866.126,0.019,-0.664,-0.975,31.8
$BARO,56866.154,69403.23,33.27
$IMU,56866.171,-5.859,-1.403,2.807,0.02392,0.17529,0.97167,33.23
$MAG,56866.227,0.013,-0.666,-0.978,32.0
$IMU,56866.246,-6.408,-2.197,1.281,0.02490,0.18554,0.99658,33.21
$BARO,56866.256,69399.62,33.26
$IMU,56866.321,-11.535,-3.173,1.281,0.05468,0.14697,1.05029,33.26
$MAG,56866.328,0.010,-0.658,-0.988,31.8
$BARO,56866.357,69394.11,33.26
$IMU,56866.396,-6.103,-0.671,1.037,0.04833,0.11083,1.05371,33.21
$MAG,56866.429,0.012,-0.654,-0.988,32.1
$BARO,56866.458,69395.50,33.26
$IMU,56866.471,5.859,1.098,-0.793,0.03564,0.19824,0.97509,33.23
$MAG,56866.530,0.022,-0.655,-0.978,32.0
$IMU,56866.546,3.601,1.281,-3.967,0.01171,0.21923,0.94531,33.24
$BARO,56866.560,69396.55,33.26
$IMU,56866.621,-2.441,-0.183,-3.295,-0.00244,0.20849,0.96972,33.26
$MAG,56866.630,0.021,-0.646,-0.979,32.0
$BARO,56866.661,69398.37,33.26
$HUM,56866.687,25.9,33.6
$IMU,56866.696,-5.493,-1.464,-1.586,-0.00341,0.16601,0.98193,33.21
$MAG,56866.731,0.021,-0.648,-0.988,31.8
$BARO,56866.763,69398.35,33.26
$IMU,56866.772,-5.493,-3.723,0.793,0.00683,0.18505,0.95654,33.18
$MAG,56866.832,0.022,-0.648,-0.991,32.0
$IMU,56866.847,-7.446,-2.929,0.671,0.03515,0.22656,0.93066,33.23
$BARO,56866.864,69406.71,33.26
$IMU,56866.922,-9.094,0.305,-0.854,0.00976,0.20068,0.83154,33.25
$MAG,56866.933,0.013,-0.640,-1.006,31.8
$BARO,56866.965,69387.21,33.26
$VBAT,56866.989,3.835
$IMU,56866.997,-10.559,-1.953,-0.610,0.00781,0.20556,0.84570,33.22
$MAG,56867.034,0.010,-0.624,-1.011,32.2
$BARO,56867.067,69402.62,33.26
$IMU,56867.072,-14.221,-4.211,-0.061,0.06689,0.13916,0.86132,33.25
$TIME,56867.079,29949.000,2365
$MAG,56867.135,0.015,-0.624,-1.015,32.0
$IMU,56867.147,-16.723,1.342,1.342,0.05029,0.08105,0.84082,33.24
$BARO,56867.168,69409.34,33.26
$IMU,56867.222,-19.592,3.845,0.732,0.01220,0.04443,0.88818,33.23
$MAG,56867.236,0.028,-0.601,-1.030,32.1
$BARO,56867.270,69408.71,33.26
$IMU,56867.297,-27.038,1.098,0.244,0.02490,-0.06347,0.89501,33.26
$MAG,56867.337,0.015,-0.582,-1.032,32.1
$BARO,56867.371,69404.05,33.26
$IMU,56867.372,-26.672,0.488,-0.732,-0.00634,-0.09472,0.93701,33.21
$MAG,56867.438,0.025,-0.565,-1.041,32.0
$IMU,56867.447,-21.850,-2.258,-1.525,-0.00537,-0.06884,0.92626,33.23
$BARO,56867.472,69401.81,33.26
$IMU,56867.522,-15.808,-3.906,-2.502,0.02539,-0.09814,0.91259,33.20
$MAG,56867.539,0.015,-0.561,-1.051,32.1
$BARO,56867.574,69404.05,33.26
$IMU,56867.597,-15.991,-3.112,-0.915,0.00878,-0.09570,0.91113,33.21
$MAG,56867.640,0.009,-0.550,-1.048,32.2
$IMU,56867.673,-14.648,-2.014,1.159,0.04199,-0.11035,0.89160,33.24
$BARO,56867.675,69395.96,33.25
$HUM,56867.704,25.5,33.6
$MAG,56867.741,0.016,-0.540,-1.050,32.0
$IMU,56867.748,-16.601,1.342,1.647,0.02441,-0.15039,0.96337,33.22
$BARO,56867.777,69407.73,33.25
$IMU,56867.823,-24.230,1.770,5.126,0.02929,-0.15039,1.06884,33.24
$MAG,56867.842,0.010,-0.534,-1.060,31.8
$BARO,56867.878,69397.79,33.26
$IMU,56867.898,-23.498,-0.732,2.014,-0.00683,-0.24218,0.98388,33.19
$MAG,56867.943,0.003,-0.513,-1.066,32.2
$IMU,56867.973,-16.113,-5.249,0.915,0.01513,-0.23437,0.84570,33.25
$BARO,56867.980,69399.20,33.25
$VBAT,56867.989,3.843
$MAG,56868.043,-0.004,-0.513,-1.071,32.2
$IMU,56868.048,-8.056,-7.446,3.356,0.07666,-0.09033,0.74707,33.25
$TIME,56868.079,29949.000,2365
$BARO,56868.081,69401.06,33.25
$IMU,56868.123,-18.249,-5.004,3.723,0.03808,-0.02001,0.86767,33.24
$MAG,56868.144,-0.004,-0.513,-1.080,32.0
$BARO,56868.182,69397.38,33.25
$IMU,56868.198,-23.803,-1.403,-1.342,0.05029,0.14697,1.18164,33.25
$MAG,56868.245,-0.004,-0.487,-1.069,32.0
$IMU,56868.273,-28.869,1.525,-1.037,0.05761,0.20361,1.51025,33.25
$BARO,56868.284,69401.86,33.25
$MAG,56868.346,0.003,-0.504,-1.051,32.0
$IMU,56868.348,7.263,7.568,-3.295,0.07324,0.54345,1.51074,33.29
$BARO,56868.385,69404.71,33.25
$IMU,56868.423,37.902,5.737,-4.577,0.03076,1.09326,1.61767,33.24
$MAG,56868.447,0.019,-0.538,-1.017,31.8
$BARO,56868.487,69395.16,33.25
$IMU,56868.498,77.392,8.972,-16.235,-0.00732,1.57519,1.37890,33.25
$MAG,56868.548,0.025,-0.552,-0.996,32.0
$IMU,56868.573,40.222,3.112,-14.892,-0.04736,-0.74658,0.06933,33.25
$BARO,56868.588,69385.85,33.24
$MAG,56868.649,0.024,-0.568,-0.987,32.1
$IMU,56868.649,6.530,-22.338,3.479,0.03857,-0.86621,-1.48876,33.17
$BARO,56868.689,69402.71,33.24
$HUM,56868.721,25.6,33.6
$IMU,56868.724,72.387,2.929,-8.056,-0.20166,1.17089,0.02783,33.25
$MAG,56868.750,0.013,-0.543,-1.006,32.0
$BARO,56868.791,69395.04,33.23
$IMU,56868.799,-59.020,-7.385,20.202,0.01123,-0.78662,-0.07031,33.25
$MAG,56868.851,0.003,-0.561,-0.996,32.1
$IMU,56868.874,15.197,1.037,27.954,0.05517,0.32031,0.20361,33.25
$BARO,56868.892,69395.86,33.22
$IMU,56868.949,-16.113,-2.441,3.540,0.04248,-0.18310,0.20703,33.24
$MAG,56868.952,-0.003,-0.540,-0.996,32.0
$VBAT,56868.990,3.835
$BARO,56868.994,69386.11,33.22
$IMU,56869.024,7.812,-5.432,-2.563,0.08593,0.08837,0.10742,33.23
$MAG,56869.053,-0.001,-0.544,-1.005,32.0
$TIME,56869.079,29951.000,2365
$BARO,56869.095,69404.81,33.22
$IMU,56869.099,-1.098,-4.394,-2.014,0.16455,0.08007,0.13867,33.21
$MAG,56869.154,0.001,-0.516,-1.005,32.0
$IMU,56869.174,-17.517,5.249,-16.540,0.03613,-0.07519,0.22167,33.19
$BARO,56869.196,69418.22,33.22
$IMU,56869.249,-4.516,6.286,-11.169,-0.01416,0.04541,0.07324,33.22
$MAG,56869.255,0.015,-0.505,-1.011,32.0
$BARO,56869.298,69401.18,33.22
$IMU,56869.324,-8.178,0.000,-17.395,-0.08105,-0.02587,0.08056,33.18
$MAG,56869.355,0.016,-0.493,-1.011,32.0
$BARO,56869.399,69427.02,33.21
$IMU,56869.399,-12.573,0.427,-4.150,0.03125,0.14892,0.17724,33.21
$MAG,56869.456,0.024,-0.466,-1.026,32.2
$IMU,56869.474,-26.916,5.432,-7.019,0.01660,0.02978,0.18164,33.22
$BARO,56869.501,69441.03,33.22
$IMU,56869.549,-28.015,1.892,-8.483,-0.00097,0.06103,0.18212,33.24
$MAG,56869.557,0.019,-0.438,-1.024,32.0
$BARO,56869.602,69433.74,33.20
$IMU,56869.625,-25.573,-2.502,-6.469,0.01318,0.03076,0.18017,33.23
$MAG,56869.658,0.024,-0.418,-1.035,31.8
$IMU,56869.700,-19.165,-5.676,-4.272,-0.01220,0.01611,0.15039,33.25
$BARO,56869.703,69436.40,33.20
$HUM,56869.738,25.2,33.5
$MAG,56869.759,0.025,-0.408,-1.033,32.0
$IMU,56869.775,-15.136,-4.760,-4.455,-0.08935,0.10546,0.10791,33.24
$BARO,56869.805,69450.49,33.18
$IMU,56869.850,-21.179,-2.075,-0.183,0.01513,0.04296,0.21630,33.19
$MAG,56869.860,0.022,-0.385,-1.036,31.8
$BARO,56869.906,69470.06,33.16
$IMU,56869.925,-12.023,9.033,7.568,0.00048,-0.01318,0.18945,33.23
$MAG,56869.961,0.024,-0.399,-1.041,32.0
$VBAT,56869.995,3.816
$IMU,56870.000,0.427,2.868,3.051,0.10302,0.13427,0.09033,33.23
$BARO,56870.008,69440.25,33.15
$MAG,56870.062,0.040,-0.399,-1.033,32.1
$IMU,56870.075,-3.234,5.737,-5.493,-0.06152,0.02636,0.14648,33.24
$TIME,56870.079,29952.000,2365
$BARO,56870.109,69488.73,33.11
$IMU,56870.150,4.699,-0.671,0.671,-0.09863,0.03027,0.14453,33.21
$MAG,56870.163,0.031,-0.411,-1.029,32.0
$BARO,56870.210,69439.45,33.10
$IMU,56870.225,8.666,-6.652,12.573,0.00488,0.12988,0.17333,33.23
$MAG,56870.264,0.030,-0.417,-1.033,31.8
$IMU,56870.300,4.333,-1.647,9.460,0.08984,0.05761,0.31884,33.23
$BARO,56870.312,69452.51,33.08
$MAG,56870.365,0.027,-0.427,-1.042,32.0
$IMU,56870.375,18.859,-1.831,6.713,0.04003,0.28173,0.32861,33.23
$BARO,56870.413,69403.62,33.07
$IMU,56870.450,12.634,-4.516,-1.281,0.02197,0.35058,0.40722,33.23
$MAG,56870.466,0.030,-0.439,-1.030,31.8
$BARO,56870.514,69433.45,33.07
$IMU,56870.526,-0.244,2.014,-4.577,0.00830,0.35595,0.62207,33.26
$MAG,56870.566,0.039,-0.444,-1.038,31.8
$IMU,56870.601,7.507,8.789,-2.624,0.06640,0.37890,0.66162,33.19
$BARO,56870.616,69383.94,33.06
$MAG,56870.667,0.054,-0.447,-1.024,32.1
$IMU,56870.676,13.916,9.826,-10.620,0.06347,0.41845,0.55810,33.22
$BARO,56870.717,69362.45,33.05
$IMU,56870.751,10.742,14.343,-11.840,-0.04101,0.48046,0.66455,33.23
$HUM,56870.754,25.2,33.4
$MAG,56870.768,0.058,-0.450,-1.015,32.0
$BARO,56870.819,69385.09,33.03
$IMU,56870.826,7.568,5.249,-11.596,0.12402,0.40185,0.58203,33.20
$MAG,56870.869,0.067,-0.442,-1.002,32.0
$IMU,56870.901,2.258,16.845,-11.047,-0.00683,0.63037,0.59570,33.23
$BARO,56870.920,69396.35,33.00
$MAG,56870.970,0.073,-0.415,-0.996,32.0
$IMU,56870.976,-27.282,17.272,-10.803,-0.02099,0.53320,0.99121,33.25
$VBAT,56871.007,3.855
$BARO,56871.021,69404.86,32.96
$IMU,56871.051,-20.019,12.878,-3.479,0.03564,0.32031,0.84326,33.22
$MAG,56871.071,0.084,-0.412,-0.984,31.8
$TIME,56871.079,29954.000,2365
$BARO,56871.123,69354.52,32.95
$IMU,56871.126,-6.835,5.065,-6.713,0.02148,0.50439,0.71826,33.22
$MAG,56871.172,0.087,-0.385,-0.981,32.1
$IMU,56871.201,-25.573,1.220,-13.977,-0.03173,0.24755,0.82617,33.22
$BARO,56871.224,69387.72,32.93
$MAG,56871.273,0.072,-0.379,-0.988,32.1
$IMU,56871.276,-12.512,-5.676,-6.774,-0.00195,0.31005,0.92236,33.23
$BARO,56871.326,69457.70,32.89
$IMU,56871.351,-2.807,-15.136,-8.117,-0.04394,0.26806,0.91406,33.22
$MAG,56871.374,0.070,-0.361,-1.000,32.0
$IMU,56871.426,6.713,-11.047,-7.629,0.01123,0.26074,0.86767,33.20
$BARO,56871.427,69456.19,32.87
$MAG,56871.475,0.070,-0.384,-1.005,32.0
$IMU,56871.502,11.901,-1.403,-1.037,0.05126,0.36425,0.95947,33.23
$BARO,56871.528,69439.86,32.84
$MAG,56871.576,0.085,-0.378,-0.994,32.0
$IMU,56871.577,3.845,10.131,-5.249,0.03076,0.34570,1.02099,33.24
$BARO,56871.630,69511.38,32.82
$IMU,56871.652,7.263,14.343,-1.342,-0.00439,0.35498,0.91650,33.25
$MAG,56871.677,0.087,-0.381,-0.982,32.1
$IMU,56871.727,11.474,10.803,-10.314,-0.10693,0.37646,0.87695,33.22
$BARO,56871.731,69495.83,32.81
$HUM,56871.771,25.2,33.2
$MAG,56871.778,0.084,-0.370,-0.994,32.0
$IMU,56871.802,-3.784,-5.493,1.647,0.08837,0.44677,1.05615,33.27
$BARO,56871.833,69471.82,32.77
$IMU,56871.877,-13.244,-0.427,-0.244,-0.02734,0.32958,1.14599,33.24
$MAG,56871.879,0.093,-0.372,-0.993,31.8
$BARO,56871.934,69542.77,32.74
$IMU,56871.952,-4.821,3.967,-8.117,-0.06347,0.30712,1.16601,33.22
$MAG,56871.980,0.096,-0.370,-0.990,32.0
$VBAT,56872.013,3.832
$IMU,56872.027,-3.906,0.244,5.310,0.06884,0.37011,1.16210,33.21
$BARO,56872.035,69395.30,32.71
$MAG,56872.081,0.099,-0.363,-0.982,32.0
$IMU,56872.102,-6.103,8.300,-4.150,-0.01513,0.37451,1.23339,33.23
$BARO,56872.137,69467.06,32.69
$IMU,56872.177,-12.573,1.770,-5.554,-0.07128,0.22607,1.34033,33.23
$MAG,56872.182,0.099,-0.348,-0.984,31.8
$BARO,56872.238,69394.28,32.66
$IMU,56872.252,-3.601,-6.591,-3.723,-0.02490,0.22998,1.30517,33.20
$MAG,56872.283,0.081,-0.348,-0.979,31.8
$IMU,56872.327,5.249,-6.286,-4.577,-0.01171,0.32421,1.28027,33.20
$BARO,56872.339,69430.87,32.65
$MAG,56872.383,0.091,-0.337,-0.978,32.0
$IMU,56872.403,-4.394,-0.122,-8.056,-0.01806,0.23095,1.32568,33.23
$BARO,56872.441,69494.44,32.64
$IMU,56872.478,-4.882,6.225,1.220,-0.04101,0.24609,1.31591,33.21
$MAG,56872.484,0.085,-0.336,-0.976,32.0
$BARO,56872.542,69571.61,32.63
$IMU,56872.553,-9.948,0.061,4.821,-0.04882,0.18652,1.34277,33.21
$MAG,56872.585,0.090,-0.328,-0.976,32.0
$IMU,56872.628,-3.112,-3.845,-6.103,0.00390,0.15576,1.21826,33.21
$BARO,56872.644,69538.41,32.60
$MAG,56872.686,0.084,-0.334,-0.985,32.1
$IMU,56872.703,2.380,-4.882,-3.295,-0.04150,0.24316,1.18017,33.19
$BARO,56872.745,69615.75,32.59
$IMU,56872.778,-15.625,-8.850,-10.009,-0.07568,0.11279,1.30859,33.21
$MAG,56872.787,0.067,-0.315,-0.987,32.1
$HUM,56872.788,24.7,33.0
$BARO,56872.846,69601.71,32.60
$IMU,56872.853,-10.009,-9.948,-5.310,-0.02392,0.02539,1.31298,33.21
$MAG,56872.888,0.073,-0.312,-0.985,32.0
$IMU,56872.928,12.329,-5.187,-5.859,-0.06250,0.08154,1.19384,33.17
$BARO,56872.948,69609.61,32.61
$MAG,56872.989,0.066,-0.316,-0.996,32.0
$IMU,56873.003,11.718,-7.995,-1.342,0.00683,0.18945,1.20556,33.21
$VBAT,56873.015,3.835
$BARO,56873.049,69627.04,32.62
$IMU,56873.078,-3.967,0.915,-7.385,-0.03125,0.09179,1.27148,33.17
$TIME,56873.079,29955.000,2365
$MAG,56873.090,0.073,-0.306,-0.996,31.8
$BARO,56873.151,69644.90,32.62
$IMU,56873.153,-5.004,6.408,-3.356,-0.02880,0.05029,1.28759,33.21
$MAG,56873.191,0.081,-0.318,-0.979,32.0
$IMU,56873.228,0.305,8.911,4.150,-0.03515,0.07177,1.31152,33.23
$BARO,56873.252,69688.73,32.62
$MAG,56873.292,0.087,-0.328,-0.981,32.0
$IMU,56873.303,8.911,4.516,3.784,0.06591,0.02832,1.21289,33.19
$BARO,56873.353,69686.90,32.62
$IMU,56873.379,10.375,5.798,-0.488,-0.00097,0.18457,1.27929,33.21
$MAG,56873.393,0.088,-0.319,-0.982,32.0
$IMU,56873.454,-5.920,4.882,-2.075,-0.00195,-0.04199,1.28027,33.22
$BARO,56873.455,69715.76,32.61
$MAG,56873.494,0.091,-0.328,-0.976,32.0
$IMU,56873.529,5.310,7.324,2.624,0.00390,0.01904,1.23925,33.18
$BARO,56873.556,69825.77,32.61
$MAG,56873.595,0.091,-0.336,-0.969,32.0
$IMU,56873.604,14.953,3.723,4.028,0.00732,0.10205,1.16699,33.24
$BARO,56873.658,69767.14,32.59
$IMU,56873.679,4.455,-1.342,2.258,-0.01611,0.13378,1.32714,33.19
$MAG,56873.696,0.085,-0.336,-0.978,32.0
$IMU,56873.754,-3.479,-9.582,-7.141,-0.04541,-0.03613,1.28027,33.26
$BARO,56873.759,69815.92,32.57
$MAG,56873.797,0.085,-0.327,-0.978,31.8
$HUM,56873.804,25.0,32.8
$IMU,56873.829,5.920,-5.249,-5.554,-0.08007,0.02636,1.18115,33.21
$BARO,56873.860,69861.82,32.56
$MAG,56873.897,0.082,-0.333,-0.991,31.8
$IMU,56873.904,4.211,-10.009,2.990,0.01074,0.06738,1.16064,33.21
$BARO,56873.962,69787.38,32.55
$IMU,56873.979,-5.493,-5.187,-2.807,-0.06250,0.00390,1.24072,33.18
$MAG,56873.998,0.072,-0.325,-0.991,31.8
$VBAT,56874.028,3.835
$IMU,56874.054,-7.446,-6.408,-6.896,-0.06445,-0.06250,1.27783,33.20
$BARO,56874.063,69857.06,32.53
$TIME,56874.079,29957.000,2365
$MAG,56874.099,0.081,-0.324,-0.993,31.8
$IMU,56874.129,1.220,-10.681,-2.868,0.01220,-0.03320,1.19775,33.19
$BARO,56874.165,69707.82,32.50
$MAG,56874.200,0.079,-0.319,-0.996,32.0
$IMU,56874.204,-0.915,-2.319,-1.098,-0.00830,-0.03076,1.19091,33.22
$BARO,56874.266,69828.23,32.47
$IMU,56874.279,-4.333,5.249,-0.610,-0.06298,-0.08593,1.28417,33.25
$MAG,56874.301,0.073,-0.316,-0.994,32.1
$IMU,56874.355,1.342,3.540,1.647,0.00292,-0.08447,1.29980,33.23
$BARO,56874.367,69906.40,32.46
$MAG,56874.402,0.075,-0.334,-0.993,31.8
$IMU,56874.430,5.249,6.042,3.417,0.03222,-0.08203,1.25781,33.20
$BARO,56874.469,69837.66,32.44
$MAG,56874.503,0.084,-0.330,-0.978,32.0
$IMU,56874.505,4.638,13.061,2.807,-0.06884,-0.03613,1.29931,33.22
$BARO,56874.570,69992.52,32.43
$IMU,56874.580,2.380,6.713,0.244,-0.02880,-0.06298,1.27148,33.20
$MAG,56874.604,0.091,-0.331,-0.981,32.2
$IMU,56874.655,3.479,1.770,4.394,0.07226,-0.02832,1.31298,33.22
$BARO,56874.672,69900.89,32.40
$MAG,56874.705,0.087,-0.331,-0.973,32.0
$IMU,56874.730,-3.479,8.850,-2.258,-0.02490,-0.09033,1.39794,33.17
$BARO,56874.773,69862.43,32.37
$IMU,56874.805,3.295,0.976,-5.065,-0.05712,-0.06445,1.39794,33.21
$MAG,56874.806,0.093,-0.339,-0.979,32.0
$HUM,56874.821,24.9,32.7
$BARO,56874.874,69825.30,32.37
$IMU,56874.880,3.112,-6.164,0.122,0.03173,-0.06787,1.39648,33.23
$MAG,56874.907,0.096,-0.334,-0.967,31.8
$IMU,56874.955,3.845,0.976,-2.136,-0.03271,-0.11962,1.33105,33.22
$BARO,56874.976,70013.62,32.35
$MAG,56875.007,0.100,-0.340,-0.979,31.8
$IMU,56875.030,6.835,-0.610,-0.427,-0.02441,-0.01660,1.35351,33.22
$VBAT,56875.030,3.839
$BARO,56875.077,69896.60,32.34
$IMU,56875.105,-0.183,-4.211,1.037,0.04150,-0.11621,1.32275,33.17
$MAG,56875.108,0.085,-0.337,-0.979,32.1
$BARO,56875.179,69989.74,32.33
$IMU,56875.180,2.319,-2.197,1.647,0.02832,-0.10156,1.28906,33.21
$MAG,56875.209,0.093,-0.330,-0.976,32.0
$IMU,56875.256,6.225,-5.432,-8.056,-0.06738,-0.10888,1.26708,33.18
$BARO,56875.280,69944.52,32.32
$MAG,56875.310,0.082,-0.340,-0.990,32.1
$IMU,56875.331,9.338,-9.582,-7.019,0.01513,-0.02734,1.26757,33.20
$BARO,56875.381,69927.31,32.31
$IMU,56875.406,-1.953,-5.920,1.281,0.07714,-0.14306,1.39208,33.21
$MAG,56875.411,0.087,-0.340,-0.990,32.0
$IMU,56875.481,11.535,5.493,-2.014,-0.08496,-0.16455,1.33447,33.25
$BARO,56875.483,69985.79,32.30
$MAG,56875.512,0.075,-0.360,-0.990,32.0
$IMU,56875.556,23.620,-3.112,-3.479,0.04687,0.04003,1.22851,33.14
$BARO,56875.584,70092.67,32.30
$MAG,56875.613,0.081,-0.361,-0.990,32.0
$IMU,56875.631,7.873,2.563,2.563,0.00878,-0.02880,1.23339,33.19
$BARO,56875.686,69938.33,32.30
$IMU,56875.706,0.183,2.441,1.403,-0.00878,-0.09814,1.36621,33.20
$MAG,56875.714,0.091,-0.366,-0.993,31.8
$IMU,56875.781,6.103,1.037,-2.929,-0.02294,-0.08105,1.37988,33.20
$BARO,56875.787,70102.03,32.29
$MAG,56875.814,0.087,-0.370,-0.996,32.0
$HUM,56875.837,25.1,32.7
$IMU,56875.856,13.854,2.563,0.122,0.03906,-0.08789,1.33398,33.17
$BARO,56875.888,70128.41,32.29
$MAG,56875.915,0.087,-0.387,-0.979,32.1
$IMU,56875.931,19.836,11.474,0.000,-0.00146,-0.00927,1.23681,33.19
$BARO,56875.990,70107.71,32.29
$IMU,56876.006,16.540,9.216,-0.915,-0.06494,0.02734,1.21533,33.19
$MAG,56876.016,0.100,-0.390,-0.979,32.0
$VBAT,56876.038,3.832
$TIME,56876.079,29957.000,2365
$IMU,56876.081,8.666,3.417,1.647,0.04248,0.04394,1.29052,33.19
$BARO,56876.091,70299.57,32.29
$MAG,56876.117,0.103,-0.402,-0.979,32.0
$IMU,56876.156,5.065,5.554,-1.708,0.02734,-0.00244,1.31152,33.19
$BARO,56876.193,70148.91,32.28
$MAG,56876.218,0.106,-0.403,-0.969,32.0
$IMU,56876.232,14.282,7.629,-6.591,-0.00878,0.02392,1.28564,33.16
$BARO,56876.294,70315.39,32.30
$IMU,56876.307,13.977,11.413,-6.225,-0.02978,0.14794,1.37841,33.18
$MAG,56876.319,0.108,-0.411,-0.958,31.8
$IMU,56876.382,7.629,10.864,1.098,0.03710,0.05126,1.34521,33.19
$BARO,56876.395,70189.42,32.30
$MAG,56876.420,0.120,-0.417,-0.952,32.0
$IMU,56876.457,15.075,10.620,-3.662,0.02197,0.09863,1.25830,33.20
$BARO,56876.497,70199.53,32.32
$MAG,56876.521,0.118,-0.421,-0.946,31.8
$IMU,56876.532,15.014,1.525,-4.638,0.07666,0.18066,1.32226,33.20
$BARO,56876.598,70218.59,32.31
$IMU,56876.607,9.948,5.493,-5.981,0.01464,0.20898,1.34960,33.19
$MAG,56876.622,0.124,-0.420,-0.943,31.8
$IMU,56876.682,6.774,8.728,-2.563,0.00000,0.13134,1.31250,33.17
$BARO,56876.700,70499.93,32.32
$MAG,56876.723,0.127,-0.420,-0.931,32.0
$IMU,56876.757,11.047,0.366,-3.173,0.00927,0.28027,1.26025,33.17
$BARO,56876.801,70322.41,32.33
$MAG,56876.824,0.127,-0.426,-0.943,32.0
$IMU,56876.832,-2.258,-4.882,-4.882,0.14355,0.13623,1.28369,33.16
$HUM,56876.854,25.0,32.6
$BARO,56876.902,70299.66,32.34
$IMU,56876.907,-1.708,5.554,-8.605,-0.06835,0.18847,1.25097,33.19
$MAG,56876.925,0.123,-0.412,-0.942,31.8
$IMU,56876.982,-4.516,-4.089,-2.929,0.09375,0.14306,1.29150,33.15
$BARO,56877.004,70265.03,32.32
$MAG,56877.026,0.121,-0.412,-0.937,32.0
$VBAT,56877.046,3.853
$IMU,56877.057,-4.760,-1.342,1.098,0.08789,0.02929,1.36181,33.17
$TIME,56877.079,29959.000,2365
$BARO,56877.105,70428.93,32.32
$MAG,56877.126,0.124,-0.408,-0.943,31.8
$IMU,56877.133,13.671,-1.586,-11.718,0.05761,0.14453,1.16113,33.15
$BARO,56877.207,70424.10,32.30
$IMU,56877.208,9.643,5.981,-7.751,0.04150,0.20849,1.11572,33.17
$MAG,56877.227,0.133,-0.405,-0.933,32.0
$IMU,56877.283,-3.723,7.812,-1.892,0.11523,0.06298,1.17138,33.18
$BARO,56877.308,70370.18,32.28
$MAG,56877.328,0.141,-0.415,-0.922,32.1
$IMU,56877.358,5.249,13.000,-2.685,0.05322,0.17382,1.20751,33.16
$BARO,56877.410,70362.31,32.26
$MAG,56877.429,0.132,-0.408,-0.919,31.8
$IMU,56877.433,-0.549,3.417,-7.812,0.10498,0.16699,1.38134,33.17
$IMU,56877.508,3.234,8.178,-8.605,0.05175,0.04931,1.34912,33.17
$BARO,56877.511,70432.31,32.25
$MAG,56877.530,0.139,-0.399,-0.918,31.8
$IMU,56877.583,14.099,12.329,-2.380,0.07421,0.19482,1.32128,33.16
$BARO,56877.612,70410.60,32.25
$MAG,56877.631,0.147,-0.400,-0.901,31.8
$IMU,56877.658,3.845,12.329,-3.417,0.05419,0.15917,1.30664,33.12
$BARO,56877.714,70469.02,32.26
$MAG,56877.732,0.157,-0.409,-0.886,31.8
$IMU,56877.733,4.089,6.896,1.159,0.03515,0.09667,1.19335,33.15
$IMU,56877.808,7.202,-4.699,-0.488,0.12988,0.21826,1.22558,33.15
$BARO,56877.815,70561.67,32.28
$MAG,56877.833,0.157,-0.402,-0.904,32.0
$HUM,56877.870,25.1,32.5
$IMU,56877.883,-4.333,-5.859,-8.728,0.00585,0.11962,1.33544,33.16
$BARO,56877.917,70430.05,32.27
$MAG,56877.934,0.142,-0.400,-0.909,31.8
$IMU,56877.958,5.126,-13.793,-7.629,0.02832,0.05029,1.25683,33.13
$BARO,56878.018,70431.27,32.26
$IMU,56878.033,13.793,-11.169,-4.028,0.09326,0.16210,1.12255,33.16
$MAG,56878.035,0.135,-0.400,-0.912,31.8
$VBAT,56878.054,3.832
$TIME,56878.079,29959.000,2365
$IMU,56878.109,7.934,-4.089,-1.770,0.03369,0.12988,1.04003,33.15
$BARO,56878.119,70592.34,32.25
$MAG,56878.136,0.141,-0.408,-0.930,31.8
$IMU,56878.184,-0.732,-7.019,-1.281,0.16796,0.19433,1.11523,33.14
$BARO,56878.221,70594.41,32.23
$MAG,56878.237,0.144,-0.388,-0.918,31.8
$IMU,56878.259,-13.610,5.737,-0.244,0.04833,-0.03027,1.13964,33.16
$BARO,56878.322,70608.62,32.21
$IMU,56878.334,7.324,-2.319,-5.920,0.06640,0.11767,1.07958,33.13
$MAG,56878.337,0.138,-0.397,-0.925,32.0
$IMU,56878.409,2.197,-3.417,-5.371,0.09912,0.10449,1.16259,33.13
$BARO,56878.424,70590.00,32.20
$MAG,56878.438,0.132,-0.402,-0.916,32.0
$IMU,56878.484,5.004,3.906,-1.464,0.03466,0.05468,1.11523,33.10
$BARO,56878.525,70524.09,32.20
$MAG,56878.539,0.136,-0.399,-0.915,32.0
$IMU,56878.559,14.343,2.319,-0.427,0.10888,0.12890,1.04882,33.11
$BARO,56878.626,70433.04,32.19
$IMU,56878.634,12.878,7.446,3.356,-0.00097,0.18212,1.11328,33.13
$MAG,56878.640,0.141,-0.415,-0.921,32.0
$IMU,56878.709,6.835,-2.990,4.455,0.10253,0.18945,1.21093,33.13
$BARO,56878.728,70765.01,32.19
$MAG,56878.741,0.141,-0.412,-0.921,32.0
$IMU,56878.784,4.394,-2.807,0.732,0.01416,0.11669,1.17578,33.14
$BARO,56878.829,70595.28,32.19
$MAG,56878.842,0.133,-0.424,-0.925,32.0
$IMU,56878.859,13.061,-8.666,0.000,0.08837,0.12597,1.05712,33.11
$HUM,56878.887,25.1,32.5
$BARO,56878.931,70680.26,32.19
$IMU,56878.934,8.300,-1.647,-1.708,-0.01025,0.27343,1.09375,33.16
$MAG,56878.943,0.139,-0.426,-0.924,32.0
$IMU,56879.009,-5.981,-2.136,5.981,0.05126,0.13867,1.18847,33.13
$BARO,56879.032,70510.07,32.21
$MAG,56879.044,0.130,-0.429,-0.919,31.7
$VBAT,56879.054,3.832
$TIME,56879.079,29961.000,2365
$IMU,56879.085,0.305,-5.554,3.112,0.02148,0.15136,1.16113,33.10
$BARO,56879.134,70594.82,32.22
$MAG,56879.145,0.124,-0.432,-0.940,32.0
$IMU,56879.160,3.417,-13.305,-3.784,0.02001,0.18554,1.16113,33.12
$BARO,56879.235,70513.87,32.23
$IMU,56879.235,-0.183,-8.300,0.915,0.05224,0.15820,1.17822,33.09
$MAG,56879.246,0.130,-0.430,-0.942,31.8
$IMU,56879.310,1.098,-2.441,0.183,0.00439,0.13232,1.15136,33.12
$BARO,56879.336,70616.32,32.22
$MAG,56879.346,0.118,-0.439,-0.946,32.0
$IMU,56879.385,1.647,-3.112,3.601,0.05322,0.19433,1.14697,33.07
$BARO,56879.438,70667.02,32.22
$MAG,56879.447,0.115,-0.435,-0.943,31.8
$IMU,56879.460,0.488,-2.746,1.892,0.03613,0.13623,1.10644,33.10
$IMU,56879.535,0.610,-3.234,0.122,0.06005,0.13378,1.10302,33.06
$BARO,56879.539,70718.11,32.23
$MAG,56879.548,0.117,-0.436,-0.954,31.8
$IMU,56879.610,1.037,-2.624,-2.929,0.05419,0.15283,1.09619,33.10
$BARO,56879.641,70836.16,32.22
$MAG,56879.649,0.105,-0.438,-0.943,32.0
$IMU,56879.685,-0.610,0.366,0.488,0.04199,0.13720,1.07324,33.12
$BARO,56879.742,70532.96,32.22
$MAG,56879.750,0.121,-0.433,-0.942,31.8
$IMU,56879.760,-0.793,0.610,0.793,-0.05761,0.11621,1.03613,33.10
$IMU,56879.835,-2.136,-10.742,2.929,0.08203,0.18457,1.01904,33.13
$BARO,56879.843,70670.68,32.22
$MAG,56879.851,0.105,-0.439,-0.952,31.8
$HUM,56879.904,25.1,32.4
$IMU,56879.910,-9.948,-4.333,1.037,0.03564,0.06689,1.07373,33.14
$BARO,56879.945,70619.98,32.22
$MAG,56879.952,0.105,-0.429,-0.949,31.8
$IMU,56879.986,-3.540,-5.493,-0.732,-0.01660,0.10693,1.07373,33.09
$BARO,56880.046,70783.02,32.22
$MAG,56880.053,0.103,-0.435,-0.969,32.0
$IMU,56880.061,-0.549,-8.789,4.211,0.04589,0.07958,1.04541,33.12
$VBAT,56880.063,3.829
$TIME,56880.079,29962.000,2365
$IMU,56880.136,1.037,-7.385,2.258,0.04003,0.11621,1.04443,33.12
$BARO,56880.148,70770.69,32.21
$MAG,56880.154,0.100,-0.430,-0.967,32.0
$IMU,56880.211,-1.037,-7.324,1.281,-0.00732,0.12646,1.06152,33.08
$BARO,56880.249,70633.77,32.21
$MAG,56880.254,0.090,-0.429,-0.967,32.0
$IMU,56880.286,-3.967,-12.329,0.244,0.03320,0.03027,1.11865,33.08
$BARO,56880.351,70625.49,32.20
$MAG,56880.355,0.088,-0.432,-0.975,31.8
$IMU,56880.361,6.652,-8.239,2.258,0.03173,0.05468,1.04638,33.07
$IMU,56880.436,10.131,-4.211,1.403,0.02441,0.13085,0.99218,33.11
$BARO,56880.452,70667.48,32.18
$MAG,56880.456,0.079,-0.435,-0.981,32.0
$IMU,56880.511,-2.868,0.122,2.990,-0.00585,0.15136,1.05859,33.08
$BARO,56880.553,70686.96,32.18
$MAG,56880.557,0.084,-0.433,-0.978,32.0
$IMU,56880.586,-9.643,-1.098,1.892,0.01513,0.00390,1.06787,33.07
$BARO,56880.655,70691.42,32.18
$MAG,56880.658,0.081,-0.439,-0.987,32.0
$IMU,56880.661,-0.732,-0.610,-0.183,0.02539,0.06201,1.04199,33.07
$IMU,56880.736,0.366,-1.159,2.380,0.02001,0.07958,1.01123,33.07
$BARO,56880.756,70796.48,32.17
$MAG,56880.759,0.084,-0.441,-0.978,32.0
$IMU,56880.811,-0.976,-1.770,-0.793,-0.02099,0.09130,1.01171,33.08
$BARO,56880.858,70751.87,32.17
$MAG,56880.860,0.073,-0.432,-0.979,31.7
$IMU,56880.886,-5.004,-4.455,0.854,0.02246,0.04980,1.04785,33.05
$HUM,56880.920,25.1,32.4
$BARO,56880.959,70777.20,32.17
$MAG,56880.961,0.079,-0.453,-0.987,32.0
$IMU,56880.962,1.953,0.000,1.647,-0.03027,0.04785,0.94726,33.07
$IMU,56881.037,2.014,-1.098,6.774,0.06835,0.11083,0.91796,33.07
$BARO,56881.060,70760.16,32.19
$MAG,56881.062,0.081,-0.438,-0.976,32.0
$VBAT,56881.068,3.814
$TIME,56881.079,29964.000,2365
$IMU,56881.112,-4.577,6.042,6.042,-0.00048,0.06005,0.90722,33.05
$BARO,56881.162,70863.80,32.17
$MAG,56881.162,0.084,-0.439,-0.981,31.8
$IMU,56881.187,-6.774,2.197,-1.586,-0.01123,0.03076,0.94628,33.05
$IMU,56881.262,0.000,3.051,0.549,-0.01904,0.03808,0.90283,33.10
$BARO,56881.263,70797.09,32.17
$MAG,56881.263,0.087,-0.442,-0.976,32.0
$IMU,56881.337,7.202,3.479,1.770,-0.00537,0.05761,0.89550,33.05
$BARO,56881.364,70821.00,32.18
$MAG,56881.364,0.088,-0.453,-0.967,31.8
$IMU,56881.412,8.422,4.699,-1.708,-0.09179,0.12060,0.84765,33.04
$MAG,56881.465,0.085,-0.447,-0.969,31.8
$BARO,56881.466,70829.09,32.20
$IMU,56881.487,1.220,-1.586,1.647,0.01318,0.10644,0.84521,33.03
$IMU,56881.562,-2.929,1.220,2.685,-0.00439,0.04492,0.85595,33.05
$MAG,56881.566,0.084,-0.453,-0.967,31.8
$BARO,56881.567,70814.68,32.21
$IMU,56881.637,-0.427,1.708,-0.732,-0.04541,0.16015,0.84765,33.05
$MAG,56881.667,0.087,-0.438,-0.970,31.7
$BARO,56881.669,70924.59,32.22
$IMU,56881.712,-12.084,-1.037,-0.610,-0.02832,0.09277,0.91210,33.07
$MAG,56881.768,0.091,-0.447,-0.973,31.8
$BARO,56881.770,70793.77,32.22
$IMU,56881.787,-9.826,-1.525,0.061,-0.03222,-0.01269,0.91357,33.02
$IMU,56881.862,6.958,-0.793,1.342,-0.00292,0.14208,0.89111,33.03
$MAG,56881.868,0.087,-0.448,-0.966,31.8
$BARO,56881.872,70886.44,32.22
$HUM,56881.937,24.9,32.4
$IMU,56881.938,5.310,1.342,3.540,-0.06005,0.07666,0.82226,33.05
$MAG,56881.969,0.088,-0.450,-0.976,31.8
$BARO,56881.973,70866.97,32.22
$IMU,56882.013,3.173,-5.249,-0.793,-0.03613,0.11572,0.83007,33.03
$MAG,56882.070,0.076,-0.451,-0.976,31.8
$BARO,56882.074,70905.31,32.24
$VBAT,56882.079,3.831
$IMU,56882.088,-5.554,-4.882,2.136,-0.05224,0.15039,0.87402,33.08
$IMU,56882.163,-10.803,-8.728,0.671,-0.00927,0.00048,0.88085,33.03
$MAG,56882.171,0.076,-0.445,-0.982,32.0
$BARO,56882.176,70827.41,32.24
$IMU,56882.238,-2.807,-4.394,0.610,-0.01806,0.11962,0.89208,33.03
$MAG,56882.272,0.072,-0.445,-0.984,31.8
$BARO,56882.277,70900.22,32.24
$IMU,56882.313,-6.225,-3.356,-0.793,0.00585,0.08740,0.91552,33.02
$MAG,56882.373,0.082,-0.433,-0.988,31.8
$BARO,56882.379,70902.29,32.22
$IMU,56882.388,-5.859,-1.831,-5.432,-0.04296,0.02197,0.95947,33.02
$IMU,56882.463,1.953,0.061,-3.479,-0.02978,0.04443,0.88574,33.06
$MAG,56882.474,0.079,-0.436,-0.981,31.8
$BARO,56882.480,70854.05,32.20
$IMU,56882.538,4.028,4.638,6.042,-0.01220,0.07666,0.83154,33.01
$MAG,56882.575,0.081,-0.432,-0.975,31.8
$BARO,56882.581,71139.80,32.19
$IMU,56882.613,-2.868,6.225,1.647,-0.00585,0.09814,0.93066,33.05
$MAG,56882.675,0.082,-0.417,-0.984,31.8
$BARO,56882.683,70869.26,32.18
$IMU,56882.688,-6.408,3.601,-1.647,0.01220,0.00439,0.96728,33.03
$IMU,56882.763,4.089,5.798,-1.647,-0.07373,0.06835,0.92919,33.02
$MAG,56882.776,0.087,-0.447,-0.973,31.8
$BARO,56882.784,71045.91,32.17
$IMU,56882.839,9.338,5.432,1.770,-0.03076,0.06494,0.85302,33.01
$MAG,56882.877,0.084,-0.445,-0.970,31.7
$BARO,56882.886,70969.47,32.16
$IMU,56882.914,6.225,2.807,0.854,0.01367,0.11083,0.88378,33.01
$HUM,56882.953,24.8,32.4
$MAG,56882.978,0.085,-0.441,-0.958,31.8
$BARO,56882.987,71024.21,32.17
$IMU,56882.989,2.868,5.615,0.366,-0.02246,0.09765,0.95556,33.00
$IMU,56883.064,7.141,7.385,1.586,-0.06054,0.05224,1.00097,33.02
$MAG,56883.079,0.090,-0.451,-0.958,31.8
$TIME,56883.079,29965.000,2365
$BARO,56883.088,71035.77,32.18
$VBAT,56883.089,3.829
$IMU,56883.139,21.789,5.493,0.671,-0.05566,0.04052,0.95556,32.98
$MAG,56883.180,0.097,-0.477,-0.939,31.8
$BARO,56883.190,71091.73,32.19
$IMU,56883.214,34.912,2.075,3.234,-0.03564,0.24951,0.86572,33.01
$MAG,56883.281,0.093,-0.498,-0.933,31.8
$IMU,56883.289,24.169,0.488,1.342,-0.06982,0.18212,0.88183,32.97
$BARO,56883.291,71104.89,32.20
$IMU,56883.364,18.371,-2.441,2.563,-0.05126,0.28369,0.89306,33.00
$MAG,56883.381,0.088,-0.507,-0.942,31.8
$BARO,56883.393,71173.05,32.20
$IMU,56883.439,6.286,-0.610,-0.061,-0.12451,0.28125,0.95849,33.00
$MAG,56883.482,0.094,-0.510,-0.940,31.8
$BARO,56883.494,71125.37,32.20
$IMU,56883.514,4.272,-0.610,3.356,-0.07812,0.24707,0.97900,32.98
$MAG,56883.583,0.100,-0.516,-0.946,31.8
$IMU,56883.589,6.408,0.732,7.080,-0.05859,0.31835,0.83886,32.99
$BARO,56883.595,71095.97,32.21
$IMU,56883.664,-4.760,-1.953,-0.366,-0.06445,0.29003,0.87597,32.95
$MAG,56883.684,0.094,-0.508,-0.942,31.8
$BARO,56883.697,71119.47,32.22
$IMU,56883.739,-15.197,-0.488,2.319,-0.09228,0.25585,0.99267,32.96
$MAG,56883.785,0.087,-0.501,-0.946,31.7
$BARO,56883.798,71110.96,32.22
$IMU,56883.815,-11.535,-3.112,4.089,-0.09033,0.19873,0.98388,32.99
$MAG,56883.886,0.087,-0.511,-0.951,31.8
$IMU,56883.890,-1.464,-3.051,2.502,-0.07714,0.22070,0.89160,32.99
$BARO,56883.900,71169.78,32.22
$IMU,56883.965,-4.699,-2.990,4.577,-0.09082,0.28564,0.90136,33.00
$HUM,56883.970,25.0,32.4
$MAG,56883.987,0.091,-0.501,-0.948,31.8
$BARO,56884.001,71076.08,32.21
$IMU,56884.040,-12.756,-5.798,4.760,-0.09326,0.21533,0.96142,32.95
$TIME,56884.079,29966.000,2365
$MAG,56884.088,0.087,-0.501,-0.951,31.7
$VBAT,56884.089,3.823
$BARO,56884.102,71171.22,32.20
$IMU,56884.115,-9.277,-5.371,5.493,-0.05468,0.14160,0.99853,32.96
$MAG,56884.189,0.085,-0.505,-0.961,31.7
$IMU,56884.190,3.356,-3.295,2.807,-0.07763,0.17333,0.87597,33.00
$BARO,56884.204,71212.80,32.18
$IMU,56884.265,3.234,-8.666,3.967,-0.06787,0.22753,0.85351,32.94
$MAG,56884.289,0.078,-0.510,-0.970,31.8
$BARO,56884.305,71127.22,32.18
$IMU,56884.340,-7.202,-7.080,2.868,-0.08886,0.21875,0.92138,32.96
$MAG,56884.390,0.067,-0.507,-0.973,31.8
$BARO,56884.407,71289.05,32.16
$IMU,56884.415,-7.080,-5.310,3.417,-0.07177,0.11181,0.97363,33.00
$IMU,56884.490,5.920,-0.854,1.098,-0.10644,0.21093,0.88623,32.94
$MAG,56884.491,0.066,-0.504,-0.960,31.7
$BARO,56884.508,71230.25,32.15
$IMU,56884.565,1.770,-1.159,3.173,-0.05664,0.21093,0.88867,32.96
$MAG,56884.592,0.073,-0.508,-0.966,31.8
$BARO,56884.609,71191.52,32.15
$IMU,56884.640,-3.906,1.159,3.417,-0.07324,0.21142,0.98681,32.95
$MAG,56884.693,0.070,-0.510,-0.967,31.8
$BARO,56884.711,71337.72,32.15
$IMU,56884.715,-2.685,2.441,3.173,-0.11132,0.22021,1.03417,32.95
$IMU,56884.791,1.525,2.624,1.525,-0.09765,0.17578,0.99658,32.94
$MAG,56884.794,0.073,-0.519,-0.966,31.7
$BARO,56884.812,71241.61,32.14
$IMU,56884.866,4.821,3.784,2.563,-0.09619,0.27343,0.97363,32.97
$MAG,56884.895,0.064,-0.523,-0.955,31.8
$BARO,56884.914,71255.41,32.15
$IMU,56884.941,-2.319,4.394,3.356,-0.07958,0.23486,1.00927,32.94
$HUM,56884.986,24.8,32.5
$MAG,56884.996,0.072,-0.514,-0.966,32.0
$BARO,56885.015,71304.06,32.15
$IMU,56885.016,-2.319,2.136,1.098,-0.07763,0.20458,1.00927,32.98
$TIME,56885.079,29967.000,2365
$IMU,56885.091,2.197,1.586,-6.469,-0.17138,0.26562,0.97509,32.94
$MAG,56885.096,0.079,-0.516,-0.964,31.6
$VBAT,56885.098,3.842
$BARO,56885.116,71198.42,32.16
$IMU,56885.166,-3.723,-1.403,2.319,-0.08105,0.22412,1.07226,32.92
$MAG,56885.197,0.084,-0.516,-0.960,31.8
$BARO,56885.218,71291.29,32.14
$IMU,56885.241,2.319,1.892,2.990,-0.06982,0.20214,0.98583,32.96
$MAG,56885.298,0.075,-0.528,-0.960,31.8
$IMU,56885.316,5.371,-0.427,1.342,-0.11914,0.26171,0.91699,32.96
$BARO,56885.319,71339.97,32.13
$IMU,56885.391,-1.525,-4.211,-1.098,-0.08544,0.28466,0.97167,32.90
$MAG,56885.399,0.081,-0.520,-0.964,31.7
$BARO,56885.421,71294.34,32.13
$IMU,56885.466,-9.216,1.953,1.220,-0.10400,0.23779,1.06591,32.91
$MAG,56885.500,0.078,-0.516,-0.957,31.6
$BARO,56885.522,71339.55,32.12
$IMU,56885.541,-2.319,-0.915,0.244,-0.07812,0.18359,1.04638,32.95
$MAG,56885.601,0.084,-0.516,-0.961,31.8
$IMU,56885.616,5.126,1.220,-3.601,-0.11718,0.27441,0.94287,32.92
$BARO,56885.623,71367.14,32.12
$IMU,56885.692,-6.713,3.723,4.699,-0.04980,0.18750,0.97363,32.90
$MAG,56885.702,0.085,-0.519,-0.955,31.6
$BARO,56885.725,71292.34,32.11
$IMU,56885.767,-3.662,2.929,0.488,-0.08886,0.19433,0.97167,32.92
$MAG,56885.803,0.073,-0.507,-0.967,31.8
$BARO,56885.826,71323.76,32.09
$IMU,56885.842,-3.356,0.854,-4.577,-0.13427,0.25683,1.05468,32.93
$MAG,56885.904,0.075,-0.514,-0.964,31.8
$IMU,56885.917,-1.525,-2.868,2.441,-0.04736,0.15332,1.00976,32.90
$BARO,56885.928,71379.31,32.09
$IMU,56885.992,7.995,-2.258,-1.831,-0.08105,0.23193,0.85986,32.92
$HUM,56886.003,24.4,32.5
$MAG,56886.004,0.076,-0.505,-0.961,31.7
$BARO,56886.029,71300.23,32.10
$IMU,56886.067,0.366,-0.732,-2.441,-0.11035,0.20996,0.89062,32.91
$TIME,56886.079,29968.000,2365
$MAG,56886.105,0.075,-0.511,-0.963,31.8
$VBAT,56886.115,3.823
$BARO,56886.130,71338.36,32.10
$IMU,56886.142,-4.760,-2.258,2.990,-0.05761,0.23535,0.98535,32.91
$MAG,56886.206,0.073,-0.513,-0.964,31.8
$IMU,56886.217,-2.014,-2.807,1.098,-0.04931,0.18115,0.95214,32.89
$BARO,56886.232,71439.12,32.10
$IMU,56886.292,3.540,1.098,-6.042,-0.08984,0.21826,0.91796,32.94
$MAG,56886.307,0.088,-0.507,-0.966,31.7
$BARO,56886.333,71382.55,32.08
$IMU,56886.367,-1.159,3.845,0.732,-0.05810,0.26611,0.94677,32.88
$MAG,56886.408,0.079,-0.513,-0.964,31.7
$BARO,56886.434,71434.05,32.08
$IMU,56886.442,-4.394,3.906,1.281,-0.04687,0.16699,0.94238,32.87
$MAG,56886.509,0.090,-0.499,-0.954,31.6
$IMU,56886.517,-0.549,7.019,-4.516,-0.08789,0.25097,0.96142,32.95
$BARO,56886.536,71411.36,32.09
$IMU,56886.592,-4.333,7.446,0.671,-0.01611,0.20556,0.99902,32.88
$MAG,56886.610,0.087,-0.514,-0.940,31.7
$BARO,56886.637,71405.07,32.09
$IMU,56886.668,-2.624,9.887,-2.563,-0.05175,0.21240,1.02392,32.89
$MAG,56886.710,0.100,-0.508,-0.940,31.7
$BARO,56886.739,71446.44,32.09
$IMU,56886.743,3.906,8.850,-4.150,-0.11767,0.22314,0.89990,32.84
$MAG,56886.811,0.103,-0.496,-0.937,31.7
$IMU,56886.818,-1.770,0.854,-2.685,-0.10839,0.26367,0.95654,32.85
$BARO,56886.840,71407.90,32.08
$IMU,56886.893,-11.840,-4.638,-0.854,-0.07861,0.17578,1.10302,32.87
$MAG,56886.912,0.099,-0.487,-0.945,31.8
$BARO,56886.942,71446.02,32.09
$IMU,56886.968,3.784,-7.507,0.671,-0.01708,0.20654,0.98193,32.87
$MAG,56887.013,0.102,-0.499,-0.948,31.6
$HUM,56887.019,24.2,32.5
$BARO,56887.043,71448.26,32.06
$IMU,56887.043,4.516,-1.770,1.953,-0.04541,0.23535,0.93408,32.88
$TIME,56887.079,29969.000,2365
$MAG,56887.114,0.093,-0.502,-0.955,31.8
$IMU,56887.118,-2.136,-6.103,0.854,-0.02734,0.22607,0.97265,32.86
$VBAT,56887.121,3.823
$BARO,56887.144,71510.71,32.06
$IMU,56887.193,0.366,-5.554,-3.173,-0.06640,0.19921,0.93896,32.89
$MAG,56887.215,0.088,-0.501,-0.955,31.5
$BARO,56887.246,71427.37,32.06
$IMU,56887.268,0.549,-5.981,-2.380,-0.00341,0.20068,0.91894,32.90
$MAG,56887.316,0.079,-0.502,-0.954,31.8
$IMU,56887.343,-1.892,1.892,-3.540,-0.10302,0.23242,0.95019,32.84
$BARO,56887.347,71436.08,32.07
$MAG,56887.417,0.084,-0.498,-0.963,31.8
$IMU,56887.418,-4.577,-2.685,0.549,-0.04345,0.15917,0.93457,32.85
$BARO,56887.449,71433.86,32.07
$IMU,56887.493,-1.464,0.244,0.061,-0.03271,0.19287,0.97998,32.86
$MAG,56887.517,0.093,-0.496,-0.955,31.5
$BARO,56887.550,71458.99,32.07
$IMU,56887.568,0.976,0.915,2.563,-0.04101,0.17968,1.00048,32.86
$MAG,56887.618,0.085,-0.501,-0.951,31.7
$IMU,56887.644,5.187,-0.488,-3.173,-0.05859,0.20996,1.00341,32.87
$BARO,56887.651,71506.23,32.07
$MAG,56887.719,0.093,-0.505,-0.955,31.5
$IMU,56887.719,4.150,2.502,-1.098,-0.10546,0.20605,0.99707,32.84
$BARO,56887.753,71536.45,32.07
$IMU,56887.794,5.310,0.305,4.089,0.00000,0.22656,0.96289,32.82
$MAG,56887.820,0.091,-0.502,-0.939,31.6
$BARO,56887.854,71508.66,32.06
$IMU,56887.869,4.089,9.033,3.540,-0.04687,0.27832,0.98828,32.81
$MAG,56887.921,0.099,-0.499,-0.943,31.6
$IMU,56887.944,-2.563,5.065,-2.075,-0.05566,0.21630,1.04492,32.82
$BARO,56887.956,71529.55,32.05
$IMU,56888.019,0.976,3.601,-5.615,-0.11669,0.25000,1.04394,32.85
$MAG,56888.022,0.094,-0.507,-0.930,31.8
$HUM,56888.036,24.1,32.3
$BARO,56888.057,71661.54,32.06
$TIME,56888.079,29970.000,2365
$IMU,56888.094,3.906,2.624,3.479,-0.01855,0.21044,0.99853,32.83
$MAG,56888.123,0.106,-0.495,-0.940,31.5
$VBAT,56888.138,3.831
$BARO,56888.158,71578.01,32.04
$IMU,56888.169,3.295,7.324,0.976,-0.03759,0.28417,0.98876,32.83
$MAG,56888.224,0.102,-0.496,-0.936,31.6
$IMU,56888.244,-3.784,6.530,-2.868,-0.11083,0.24316,1.03955,32.83
$BARO,56888.260,71541.52,32.04
$IMU,56888.319,-2.014,-1.098,1.770,-0.06884,0.21533,1.02490,32.81
$MAG,56888.325,0.097,-0.498,-0.925,31.5
$BARO,56888.361,71574.96,32.03
$IMU,56888.394,-1.098,-6.469,-3.173,-0.03369,0.21289,1.07421,32.84
$MAG,56888.425,0.093,-0.505,-0.930,31.5
$BARO,56888.463,71553.08,32.04
$IMU,56888.469,4.394,0.122,-3.784,-0.11621,0.28027,1.06152,32.82
$MAG,56888.526,0.094,-0.502,-0.931,31.6
$IMU,56888.545,1.037,1.403,4.028,-0.06347,0.24853,1.05761,32.83
$BARO,56888.564,71519.22,32.04
$IMU,56888.620,-1.342,1.037,3.051,0.01318,0.27734,1.06494,32.79
$MAG,56888.627,0.103,-0.505,-0.933,31.8
$BARO,56888.665,71675.93,32.04
$IMU,56888.695,-3.662,2.624,-2.868,-0.06835,0.24755,1.06054,32.76
$MAG,56888.728,0.103,-0.504,-0.936,31.7
$BARO,56888.767,71606.19,32.03
$IMU,56888.770,-6.225,0.244,-4.455,-0.09228,0.20263,1.09765,32.82
$MAG,56888.829,0.109,-0.498,-0.933,31.6
$IMU,56888.845,0.305,0.122,0.732,-0.02636,0.22705,1.05957,32.82
$BARO,56888.868,71567.46,32.02
$IMU,56888.920,1.098,0.183,0.549,-0.07812,0.23632,1.01660,32.78
$MAG,56888.930,0.100,-0.499,-0.930,31.5
$BARO,56888.970,71677.95,32.01
$IMU,56888.995,-2.441,-4.089,-0.549,-0.03515,0.19287,1.02001,32.76
$MAG,56889.031,0.096,-0.496,-0.940,31.6
$HUM,56889.052,24.2,32.3
$IMU,56889.070,-1.220,-4.577,1.403,-0.01269,0.19970,1.00097,32.83
$BARO,56889.071,71717.90,32.03
$MAG,56889.132,0.103,-0.502,-0.934,31.5
$IMU,56889.145,1.220,-0.610,-0.976,-0.04785,0.21826,0.96826,32.80
$VBAT,56889.157,3.834
$BARO,56889.172,71709.98,32.02
$IMU,56889.220,-0.793,-2.197,-0.549,-0.06298,0.20068,0.95605,32.84
$MAG,56889.232,0.096,-0.502,-0.945,31.5
$BARO,56889.274,71621.18,32.03
$IMU,56889.295,0.732,-3.479,1.342,-0.02978,0.25683,0.95996,32.78
$MAG,56889.333,0.100,-0.499,-0.934,31.6
$IMU,56889.370,-3.601,-2.380,2.197,-0.03369,0.15234,0.95410,32.80
$BARO,56889.375,71697.21,32.02
$MAG,56889.434,0.097,-0.501,-0.943,31.6
$IMU,56889.445,3.845,-5.981,-1.159,-0.02197,0.22460,0.96191,32.74
$BARO,56889.477,71726.82,32.03
$IMU,56889.521,1.037,-5.981,-0.366,-0.01074,0.22021,0.99951,32.81
$MAG,56889.535,0.088,-0.499,-0.940,31.7
$BARO,56889.578,71629.71,32.02
$IMU,56889.596,2.075,1.586,-0.305,-0.06787,0.13574,1.00341,32.77
$MAG,56889.636,0.094,-0.520,-0.945,31.3
$IMU,56889.671,14.465,-0.671,2.380,-0.01074,0.32275,0.96386,32.75
$BARO,56889.680,71884.53,32.01
$MAG,56889.737,0.091,-0.513,-0.937,31.8
$IMU,56889.746,2.258,0.305,0.793,-0.01367,0.22558,1.03808,32.76
$BARO,56889.781,71757.22,31.99
$IMU,56889.821,6.164,1.281,-2.014,-0.06396,0.27001,1.02441,32.77
$MAG,56889.838,0.087,-0.520,-0.936,31.6
$BARO,56889.882,71939.47,31.99
$IMU,56889.896,7.141,-0.732,0.793,-0.02832,0.25927,0.97119,32.76
$MAG,56889.939,0.096,-0.520,-0.933,31.5
$IMU,56889.971,6.164,0.366,4.089,-0.05712,0.27685,0.98339,32.73
$BARO,56889.984,71756.80,31.99
$MAG,56890.040,0.094,-0.523,-0.934,31.3
$IMU,56890.046,2.075,-2.807,3.662,-0.03466,0.31689,0.97558,32.76
$HUM,56890.069,24.4,32.3
$TIME,56890.079,29972.000,2365
$BARO,56890.085,71783.18,32.00
$IMU,56890.121,0.427,-1.342,3.967,-0.08740,0.24560,0.93847,32.73
$MAG,56890.140,0.088,-0.532,-0.931,31.5
$VBAT,56890.158,3.834
$BARO,56890.186,71950.83,32.02
$IMU,56890.196,3.051,-7.202,4.272,-0.04833,0.32763,0.95068,32.75
$MAG,56890.241,0.076,-0.537,-0.939,31.5
$IMU,56890.271,0.305,-7.507,2.319,-0.06933,0.24658,0.93847,32.75
$BARO,56890.288,71833.24,32.03
$MAG,56890.342,0.076,-0.531,-0.945,31.5
$IMU,56890.346,2.319,-6.958,1.892,-0.08300,0.31542,0.93164,32.71
$BARO,56890.389,71929.16,32.04
$IMU,56890.421,-1.525,-5.737,4.455,-0.05126,0.22314,0.92285,32.77
$MAG,56890.443,0.081,-0.540,-0.949,31.5
$BARO,56890.491,71817.45,32.03
$IMU,56890.497,2.319,-1.342,2.868,-0.05957,0.29638,0.90332,32.75
$MAG,56890.544,0.073,-0.555,-0.948,31.5
$IMU,56890.572,-0.976,-0.854,3.173,-0.04589,0.35595,0.93310,32.70
$BARO,56890.592,71936.23,32.02
$MAG,56890.645,0.066,-0.535,-0.954,31.3
$IMU,56890.647,-9.033,1.220,0.183,-0.04785,0.23095,0.96826,32.76
$BARO,56890.694,71924.28,32.02
$IMU,56890.722,-3.295,6.591,2.807,-0.08984,0.24755,0.96533,32.73
$MAG,56890.746,0.081,-0.543,-0.945,31.5
$BARO,56890.795,72097.42,32.03
$IMU,56890.797,2.258,-1.220,2.197,-0.05273,0.27929,0.90136,32.73
$MAG,56890.847,0.070,-0.541,-0.946,31.6
$IMU,56890.872,-2.075,0.732,0.305,-0.07031,0.26660,0.92285,32.72
$BARO,56890.896,71848.87,32.03
$IMU,56890.947,-4.638,-0.183,0.793,-0.07324,0.25732,0.93505,32.71
$MAG,56890.948,0.076,-0.546,-0.943,31.5
$BARO,56890.998,71929.16,32.03
$IMU,56891.022,-1.770,-2.746,-0.244,-0.06542,0.25927,0.95556,32.72
$MAG,56891.048,0.084,-0.537,-0.958,31.7
$TIME,56891.079,29973.000,2365
$HUM,56891.085,24.5,32.3
$IMU,56891.097,-3.295,-1.098,2.319,-0.08496,0.25683,0.96630,32.69
$BARO,56891.099,71820.88,32.03
$MAG,56891.149,0.076,-0.540,-0.948,31.5
$VBAT,56891.160,3.832
$IMU,56891.172,-1.831,-1.647,0.793,-0.07666,0.26953,0.95996,32.68
$BARO,56891.201,71861.61,32.01
$IMU,56891.247,-2.258,-1.220,-1.281,-0.06884,0.27978,0.97851,32.72
$MAG,56891.250,0.069,-0.538,-0.955,31.5
$BARO,56891.302,71980.42,32.01
$IMU,56891.322,-6.225,0.610,4.211,-0.07861,0.22949,1.01220,32.69
$MAG,56891.351,0.069,-0.532,-0.958,31.3
$IMU,56891.397,0.061,-1.586,0.549,-0.07519,0.22802,0.96142,32.70
$BARO,56891.403,71971.50,32.01
$MAG,56891.452,0.070,-0.540,-0.952,31.3
$IMU,56891.473,2.075,-1.831,-0.366,-0.08935,0.27539,0.91113,32.69
$BARO,56891.505,71864.86,31.99
$IMU,56891.548,-5.615,-2.075,3.662,-0.03125,0.23193,0.94140,32.66
$MAG,56891.553,0.064,-0.544,-0.949,31.6
$BARO,56891.606,71880.46,31.98
$IMU,56891.623,-5.676,-0.244,-1.281,-0.04833,0.25537,0.96191,32.72
$MAG,56891.654,0.075,-0.522,-0.969,31.5
$IMU,56891.698,-5.676,-2.136,-3.173,-0.13037,0.21337,0.97607,32.71
$BARO,56891.708,72036.33,31.97
$MAG,56891.755,0.067,-0.531,-0.958,31.5
$IMU,56891.773,-1.525,-5.615,3.295,-0.06201,0.19482,0.93066,32.70
$BARO,56891.809,71897.28,31.96
$IMU,56891.848,0.305,-4.150,0.488,-0.07617,0.28710,0.95507,32.66
$MAG,56891.855,0.058,-0.517,-0.972,31.6
$BARO,56891.910,71972.86,31.96
$IMU,56891.923,-6.103,-4.821,-1.403,-0.10791,0.19433,0.99072,32.69
$MAG,56891.956,0.052,-0.522,-0.964,31.3
$IMU,56891.998,-4.638,-4.333,1.098,-0.04736,0.25537,1.09765,32.68
$BARO,56892.012,72152.26,31.95
$MAG,56892.057,0.058,-0.529,-0.963,31.3
$IMU,56892.073,-0.610,2.868,6.896,-0.00390,0.22412,1.02490,32.69
$TIME,56892.079,29975.000,2365
$HUM,56892.102,24.3,32.3
$BARO,56892.113,71941.86,31.94
$IMU,56892.148,0.305,8.972,-2.868,-0.06298,0.21386,0.97070,32.68
$MAG,56892.158,0.063,-0.519,-0.955,31.5
$VBAT,56892.177,3.832
$BARO,56892.215,71988.27,31.94
$IMU,56892.223,-5.004,7.507,-4.150,-0.07666,0.25927,1.04345,32.64
$MAG,56892.259,0.070,-0.516,-0.954,31.3
$IMU,56892.298,-5.676,3.051,-2.380,-0.06103,0.16943,1.04980,32.65
$BARO,56892.316,71982.98,31.92
$MAG,56892.360,0.072,-0.517,-0.955,31.5
$IMU,56892.374,2.014,5.859,-1.159,-0.04736,0.23144,1.02392,32.64
$BARO,56892.418,71996.97,31.92
$IMU,56892.449,1.464,7.263,1.403,-0.04443,0.21093,1.02050,32.63
$MAG,56892.461,0.087,-0.520,-0.948,31.3
$BARO,56892.519,72179.37,31.90
$IMU,56892.524,1.770,7.690,-2.380,-0.08105,0.21044,1.05078,32.67
$MAG,56892.562,0.079,-0.520,-0.945,31.3
$IMU,56892.599,2.624,4.333,5.126,-0.08691,0.27685,1.04736,32.66
$BARO,56892.620,72047.62,31.89
$MAG,56892.662,0.088,-0.523,-0.936,31.5
$IMU,56892.674,1.037,-1.098,1.464,-0.08300,0.19726,1.03906,32.63
$BARO,56892.722,72168.42,31.90
$IMU,56892.749,6.896,-3.967,4.516,-0.06787,0.28906,1.08544,32.61
$MAG,56892.763,0.076,-0.532,-0.943,31.3
$BARO,56892.823,72043.96,31.90
$IMU,56892.824,4.272,-6.958,-3.051,-0.10351,0.33056,1.15576,32.64
$MAG,56892.864,0.075,-0.537,-0.954,31.5
$IMU,56892.899,2.746,-7.934,-1.281,-0.11425,0.23242,1.15234,32.63
$BARO,56892.924,72008.91,31.90
$MAG,56892.965,0.060,-0.534,-0.945,31.5
$IMU,56892.974,9.521,-8.422,-1.098,-0.03564,0.37158,1.19384,32.62
$BARO,56893.026,72061.59,31.90
$IMU,56893.049,4.699,-0.427,-2.136,-0.06250,0.31250,1.18505,32.63
$MAG,56893.066,0.064,-0.543,-0.946,31.3
$TIME,56893.079,29975.000,2365
$HUM,56893.118,24.4,32.2
$IMU,56893.124,3.967,7.873,-3.112,-0.07226,0.36572,1.10595,32.59
$BARO,56893.127,72111.87,31.91
$MAG,56893.167,0.082,-0.543,-0.942,31.3
$VBAT,56893.189,3.837
$IMU,56893.199,-4.089,11.047,2.319,0.05566,0.34716,1.13818,32.62
$BARO,56893.229,72036.68,31.90
$MAG,56893.268,0.097,-0.522,-0.918,31.5
$IMU,56893.274,-8.911,23.742,-14.038,-0.12841,0.25585,1.18164,32.64
$BARO,56893.330,71931.28,31.90
$IMU,56893.350,-1.220,20.385,-3.051,-0.06347,0.32470,1.18554,32.64
$MAG,56893.368,0.102,-0.523,-0.903,31.5
$IMU,56893.425,-1.525,19.348,1.220,-0.00390,0.27539,1.19238,32.64
$BARO,56893.431,72114.90,31.88
$MAG,56893.469,0.118,-0.522,-0.895,31.5
$IMU,56893.500,2.990,17.883,-1.586,-0.10888,0.30175,1.07568,32.65
$BARO,56893.533,72077.38,31.86
$MAG,56893.570,0.126,-0.538,-0.891,31.3
$IMU,56893.575,0.366,7.446,-3.540,-0.04394,0.29296,1.08642,32.62
$BARO,56893.634,72159.87,31.86
$IMU,56893.650,-3.662,6.774,5.187,-0.07519,0.22216,1.09765,32.60
$MAG,56893.671,0.117,-0.531,-0.888,31.3
$IMU,56893.725,3.479,-3.906,2.502,-0.03564,0.21044,1.05664,32.63
$BARO,56893.736,72176.66,31.84
$MAG,56893.772,0.120,-0.532,-0.898,31.3
$IMU,56893.800,6.286,-6.469,1.708,-0.04736,0.28271,1.03515,32.62
$BARO,56893.837,72240.50,31.84
$MAG,56893.873,0.109,-0.537,-0.897,31.3
$IMU,56893.875,3.479,-9.582,4.516,-0.05029,0.23242,1.02001,32.58
$BARO,56893.939,72198.14,31.84
$IMU,56893.950,4.943,-12.512,3.784,-0.07031,0.22607,1.01074,32.64
$MAG,56893.973,0.103,-0.546,-0.909,31.3
$IMU,56894.025,8.361,-16.296,6.652,-0.05859,0.30517,0.96582,32.60
$BARO,56894.040,72235.23,31.85
$MAG,56894.074,0.088,-0.547,-0.921,31.3
$TIME,56894.079,29976.000,2365
$IMU,56894.100,0.000,-15.869,4.272,-0.08007,0.24121,1.02929,32.57
$HUM,56894.135,24.4,32.1
$BARO,56894.141,72291.37,31.85
$MAG,56894.175,0.078,-0.555,-0.930,31.3
$IMU,56894.175,-1.831,-13.122,6.469,-0.07910,0.29980,1.08984,32.55
$VBAT,56894.195,3.826
$BARO,56894.243,72274.33,31.84
$IMU,56894.250,0.244,-16.296,8.300,-0.01318,0.22656,1.05517,32.61
$MAG,56894.276,0.075,-0.559,-0.927,31.3
$IMU,56894.326,7.263,-9.338,3.356,-0.10400,0.27197,0.98535,32.60
$BARO,56894.344,72350.55,31.85
$MAG,56894.377,0.061,-0.561,-0.936,31.3
$IMU,56894.401,3.295,-15.258,3.540,-0.08691,0.37158,1.00097,32.58
$BARO,56894.446,72193.89,31.85
$IMU,56894.476,-7.690,-13.183,0.915,-0.08642,0.21435,1.05224,32.59
$MAG,56894.478,0.054,-0.564,-0.946,31.5
$BARO,56894.547,72246.40,31.86
$IMU,56894.551,0.671,-5.432,4.455,-0.07617,0.27050,1.01806,32.56
$MAG,56894.579,0.045,-0.561,-0.948,31.2
$IMU,56894.626,4.150,-5.798,4.272,-0.04833,0.30126,0.96044,32.56
$BARO,56894.648,72371.83,31.85
$MAG,56894.679,0.046,-0.565,-0.955,31.2
$IMU,56894.701,-3.051,-3.540,-1.770,-0.10644,0.33544,1.04638,32.57
$BARO,56894.750,72248.59,31.84
$IMU,56894.776,-6.835,-2.624,-0.549,-0.11523,0.17382,1.10644,32.58
$MAG,56894.780,0.036,-0.561,-0.958,31.3
$IMU,56894.851,8.789,-3.295,0.183,-0.04882,0.24951,0.96630,32.52
$BARO,56894.851,72348.31,31.84
$MAG,56894.881,0.042,-0.568,-0.961,31.3
$IMU,56894.926,6.774,-0.427,-4.028,-0.11962,0.28466,0.93066,32.57
$BARO,56894.953,72332.71,31.83
$MAG,56894.982,0.046,-0.564,-0.958,31.3
$IMU,56895.001,-3.417,-2.258,-1.831,-0.07714,0.28906,1.04394,32.56
$BARO,56895.054,72259.54,31.83
$IMU,56895.076,-1.220,2.807,1.159,-0.04541,0.17968,1.02685,32.57
$TIME,56895.079,29978.000,2365
$MAG,56895.083,0.043,-0.573,-0.955,31.3
$HUM,56895.151,24.7,32.1
$IMU,56895.151,15.625,4.272,-4.699,-0.09375,0.23681,0.91406,32.55
$BARO,56895.155,72413.15,31.83
$MAG,56895.184,0.048,-0.576,-0.951,31.3
$VBAT,56895.204,3.834
$IMU,56895.226,20.568,3.051,-6.103,-0.07373,0.32177,0.93408,32.54
$BARO,56895.257,72407.49,31.83
$MAG,56895.284,0.061,-0.589,-0.937,31.3
$IMU,56895.302,16.540,3.723,-4.821,-0.03955,0.34960,1.00781,32.56
$BARO,56895.358,72459.17,31.84
$IMU,56895.377,15.991,5.432,-4.882,-0.05322,0.40136,0.93505,32.55
$MAG,56895.385,0.058,-0.601,-0.936,31.3
$IMU,56895.452,9.399,4.516,-5.676,-0.05175,0.43896,0.91845,32.50
$BARO,56895.460,72406.49,31.85
$MAG,56895.486,0.064,-0.594,-0.924,31.5
$IMU,56895.527,1.098,3.112,-5.126,-0.02636,0.42333,0.98535,32.56
$BARO,56895.561,72466.72,31.87
$MAG,56895.587,0.070,-0.579,-0.922,31.3
$IMU,56895.602,-4.211,10.925,-8.483,-0.08300,0.45898,0.96093,32.51
$BARO,56895.663,72428.87,31.89
$IMU,56895.677,-13.916,13.244,-3.417,-0.03125,0.35888,1.02832,32.57
$MAG,56895.688,0.093,-0.577,-0.916,31.2
$IMU,56895.752,-5.981,9.338,-4.089,-0.05371,0.28857,1.02978,32.52
$BARO,56895.764,72395.99,31.88
$MAG,56895.789,0.091,-0.574,-0.918,31.3
$IMU,56895.827,5.493,0.976,-5.187,-0.07226,0.41015,0.98632,32.51
$BARO,56895.865,72618.53,31.87
$MAG,56895.890,0.094,-0.571,-0.897,31.3
$IMU,56895.902,3.662,0.793,-4.089,-0.07861,0.41113,0.98681,32.52
$BARO,56895.967,72354.23,31.87
$IMU,56895.977,-0.366,0.549,-2.258,-0.01464,0.35644,1.04541,32.51
$MAG,56895.990,0.097,-0.567,-0.901,31.3
$IMU,56896.052,2.746,3.540,-5.004,-0.07861,0.39257,0.94189,32.51
$BARO,56896.068,72383.43,31.87
$MAG,56896.091,0.097,-0.568,-0.897,31.3
$IMU,56896.127,-3.540,-0.305,-3.112,-0.07519,0.37939,0.99414,32.55
$HUM,56896.168,24.6,32.1
$BARO,56896.170,72383.85,31.88
$MAG,56896.192,0.096,-0.562,-0.916,31.2
$IMU,56896.202,-4.394,-5.676,-5.432,-0.07910,0.35742,1.08837,32.50
$VBAT,56896.207,3.834
$BARO,56896.271,72437.96,31.89
$IMU,56896.278,-0.061,-1.403,-0.732,-0.03613,0.40087,1.09765,32.53
$MAG,56896.293,0.091,-0.556,-0.901,31.3
$IMU,56896.353,3.112,5.920,-1.098,-0.01025,0.39111,1.02441,32.54
$BARO,56896.372,72580.68,31.90
$MAG,56896.394,0.100,-0.558,-0.901,31.3
$IMU,56896.428,0.915,9.094,-11.718,-0.07226,0.46386,0.99121,32.49
$BARO,56896.474,72462.51,31.89
$MAG,56896.495,0.114,-0.547,-0.900,31.3
$IMU,56896.503,-10.009,8.911,-8.056,-0.06201,0.29492,1.05175,32.46
$BARO,56896.575,72429.24,31.88
$IMU,56896.578,-2.624,5.249,-7.385,-0.06347,0.46582,1.06884,32.47
$MAG,56896.595,0.112,-0.535,-0.891,31.5
$IMU,56896.653,-10.253,6.530,-10.375,-0.06835,0.32519,1.13525,32.46
$BARO,56896.677,72448.88,31.87
$MAG,56896.696,0.120,-0.534,-0.888,31.3
$IMU,56896.728,-0.854,12.634,-3.662,-0.00488,0.36718,1.02490,32.47
$BARO,56896.778,72523.49,31.87
$MAG,56896.797,0.133,-0.528,-0.880,31.3
$IMU,56896.803,1.098,15.014,-1.647,-0.01123,0.34423,0.98095,32.47
$IMU,56896.878,-3.234,12.817,-5.859,-0.00927,0.42578,1.00830,32.48
$BARO,56896.879,72561.59,31.87
$MAG,56896.898,0.135,-0.519,-0.871,31.2
$IMU,56896.953,-13.610,12.573,-5.615,0.04003,0.32031,1.13427,32.44
$BARO,56896.981,72436.74,31.88
$MAG,56896.999,0.142,-0.522,-0.859,31.2
$IMU,56897.028,-0.244,14.404,-3.479,0.06835,0.27783,1.02197,32.47
$TIME,56897.079,29979.000,2365
$BARO,56897.082,72511.70,31.87
$MAG,56897.100,0.153,-0.501,-0.837,31.3
$IMU,56897.103,5.920,24.536,-6.469,-0.06835,0.41796,0.90966,32.45
$IMU,56897.179,-8.605,7.568,-1.831,-0.01562,0.29980,1.03125,32.46
$BARO,56897.184,72570.46,31.86
$HUM,56897.185,24.6,32.1
$MAG,56897.201,0.156,-0.508,-0.835,31.2
$VBAT,56897.215,3.837
$IMU,56897.254,-6.774,-1.708,3.173,-0.06787,0.27832,1.11328,32.42
$BARO,56897.285,72736.65,31.86
$MAG,56897.301,0.156,-0.507,-0.847,31.3
$IMU,56897.329,6.469,-16.479,4.089,0.05371,0.34570,1.03564,32.47
$BARO,56897.387,72502.36,31.85
$MAG,56897.402,0.145,-0.510,-0.862,31.3
$IMU,56897.404,3.845,-15.686,-0.915,-0.10839,0.34619,1.04150,32.42
$IMU,56897.479,1.159,-27.221,5.371,0.00683,0.33984,1.04052,32.45
$BARO,56897.488,72567.59,31.84
$MAG,56897.503,0.129,-0.522,-0.877,31.3
$IMU,56897.554,-0.244,-25.817,7.080,0.04199,0.34814,1.05419,32.46
$BARO,56897.589,72512.28,31.85
$MAG,56897.604,0.123,-0.526,-0.900,31.3
$IMU,56897.629,-4.272,-17.333,6.408,0.00634,0.27246,1.03515,32.46
$BARO,56897.691,72473.13,31.84
$IMU,56897.704,1.159,-13.671,0.427,0.00927,0.34082,0.93896,32.44
$MAG,56897.705,0.111,-0.526,-0.909,31.2
$IMU,56897.779,-5.371,-8.666,2.197,-0.01318,0.28417,0.96044,32.43
$BARO,56897.792,72598.79,31.83
$MAG,56897.806,0.108,-0.528,-0.907,31.3
$IMU,56897.854,-6.713,-7.324,4.272,-0.02197,0.25976,0.99316,32.44
$BARO,56897.894,72560.84,31.81
$MAG,56897.906,0.102,-0.532,-0.922,31.3
$IMU,56897.929,-0.549,-9.582,5.371,0.06005,0.18164,0.96093,32.44
$BARO,56897.995,72513.38,31.79
$IMU,56898.004,5.126,-1.525,-5.065,-0.07958,0.32519,0.92968,32.48
$MAG,56898.007,0.096,-0.525,-0.910,31.3
$TIME,56898.079,29980.000,2365
$IMU,56898.079,-1.953,-3.173,4.577,-0.01318,0.22949,0.91210,32.43
$BARO,56898.097,72471.04,31.79
$MAG,56898.108,0.100,-0.528,-0.927,31.1
$IMU,56898.155,0.366,2.807,5.187,0.02978,0.22656,0.89501,32.39
$BARO,56898.198,72586.92,31.78
$HUM,56898.201,24.5,32.0
$MAG,56898.209,0.096,-0.532,-0.912,31.2
$VBAT,56898.216,3.845
$IMU,56898.230,-3.051,7.263,0.366,-0.04833,0.30273,0.90576,32.44
$BARO,56898.299,72669.96,31.76
$IMU,56898.305,-15.258,5.859,-2.807,-0.04003,0.25390,1.01757,32.39
$MAG,56898.310,0.106,-0.523,-0.924,31.2
$IMU,56898.380,-10.681,3.601,2.929,0.03027,0.13085,1.05419,32.40
$BARO,56898.401,72468.53,31.74
$MAG,56898.411,0.112,-0.511,-0.913,31.3
$IMU,56898.455,5.859,4.882,-4.638,-0.04199,0.33740,1.00439,32.37
$BARO,56898.502,72694.02,31.73
$MAG,56898.511,0.120,-0.517,-0.906,31.2
$IMU,56898.530,-2.502,5.432,-0.549,-0.05078,0.23242,1.04199,32.43
$BARO,56898.604,72726.03,31.73
$IMU,56898.605,0.305,2.746,2.624,-0.00537,0.25000,1.03955,32.39
$MAG,56898.612,0.102,-0.526,-0.907,31.1
$IMU,56898.680,-0.244,4.577,-2.563,-0.04101,0.28173,0.99707,32.38
$BARO,56898.705,72683.47,31.73
$MAG,56898.713,0.109,-0.520,-0.904,31.2
$IMU,56898.755,-6.591,2.807,-2.075,-0.02050,0.22705,1.03906,32.41
$BARO,56898.806,72766.93,31.72
$MAG,56898.814,0.111,-0.516,-0.904,31.2
$IMU,56898.830,-4.394,3.601,1.342,-0.04248,0.24853,1.04931,32.38
$IMU,56898.905,-4.516,-0.366,0.061,-0.01708,0.21044,1.05175,32.39
$BARO,56898.908,72611.32,31.71
$MAG,56898.915,0.112,-0.520,-0.904,31.1
$IMU,56898.980,5.310,-0.793,3.784,-0.02832,0.14746,0.91992,32.38
$BARO,56899.009,72591.67,31.71
$MAG,56899.016,0.109,-0.514,-0.909,31.1
$IMU,56899.055,9.094,-7.202,0.366,-0.02636,0.26660,0.87695,32.35
$TIME,56899.079,29981.000,2365
$BARO,56899.111,72609.68,31.71
$MAG,56899.117,0.111,-0.523,-0.906,31.1
$IMU,56899.131,-0.610,-6.713,-3.723,-0.07568,0.19921,0.93798,32.39
$IMU,56899.206,3.784,-10.192,4.455,-0.03466,0.11132,1.01904,32.42
$BARO,56899.212,72734.07,31.70
$VBAT,56899.216,3.839
$MAG,56899.217,0.108,-0.529,-0.916,31.1
$HUM,56899.218,24.6,32.0
$IMU,56899.281,24.047,-10.498,2.197,-0.01416,0.24072,0.89794,32.42
$BARO,56899.314,72684.22,31.70
$MAG,56899.318,0.094,-0.550,-0.916,31.2
$IMU,56899.356,24.780,-7.080,4.333,-0.03857,0.28955,0.75292,32.37
$BARO,56899.415,72858.31,31.71
$MAG,56899.419,0.096,-0.558,-0.916,31.1
$IMU,56899.431,10.070,-7.019,3.173,-0.02441,0.30957,0.84619,32.39
$IMU,56899.506,0.061,-6.591,-0.732,-0.03125,0.27343,0.87939,32.34
$BARO,56899.516,72868.23,31.71
$MAG,56899.520,0.082,-0.558,-0.918,31.0
$IMU,56899.581,-0.793,-3.112,2.136,-0.04248,0.24707,0.88525,32.37
$BARO,56899.618,72864.55,31.71
$MAG,56899.621,0.093,-0.561,-0.915,31.1
$IMU,56899.656,3.112,-1.525,0.427,-0.04638,0.23681,0.86035,32.34
$BARO,56899.719,72697.80,31.70
$MAG,56899.722,0.091,-0.553,-0.913,31.1
$IMU,56899.731,6.103,1.281,-2.075,-0.07226,0.32324,0.80712,32.37
$IMU,56899.806,-1.708,-0.488,2.075,0.03173,0.23925,0.90722,32.36
$BARO,56899.821,72961.41,31.70
$MAG,56899.823,0.090,-0.564,-0.915,31.1
$IMU,56899.881,2.746,3.723,-4.394,-0.06298,0.34814,0.89257,32.34
$BARO,56899.922,72800.32,31.71
$MAG,56899.923,0.093,-0.564,-0.916,31.1
$IMU,56899.956,2.319,0.244,-3.479,-0.02246,0.22265,0.81591,32.32
$BARO,56900.023,72809.05,31.70
$MAG,56900.024,0.096,-0.549,-0.909,31.3
$IMU,56900.031,1.098,2.624,0.122,-0.03906,0.33251,0.82421,32.35
$TIME,56900.079,29982.000,2365
$IMU,56900.107,-4.028,4.028,-1.770,-0.04150,0.27832,0.90722,32.34
$BARO,56900.125,72726.20,31.71
$MAG,56900.125,0.096,-0.552,-0.915,31.2
$IMU,56900.182,1.159,3.051,0.732,-0.00488,0.30957,0.88623,32.33
$VBAT,56900.216,3.832
$BARO,56900.226,72878.15,31.71
$MAG,56900.226,0.106,-0.558,-0.909,31.2
$HUM,56900.235,24.6,31.9
$IMU,56900.257,0.915,7.141,-3.906,-0.05224,0.28662,0.87646,32.30
$MAG,56900.327,0.105,-0.565,-0.897,31.1
$BARO,56900.328,72845.34,31.72
$IMU,56900.332,5.859,2.502,-0.488,-0.02685,0.31201,0.82910,32.31
$IMU,56900.407,1.586,0.793,1.525,-0.00341,0.34326,0.87597,32.35
$MAG,56900.428,0.109,-0.564,-0.903,31.1
$BARO,56900.429,72907.74,31.71
$IMU,56900.482,-0.976,-0.244,-2.563,-0.06054,0.28515,0.91650,32.27
$MAG,56900.528,0.097,-0.567,-0.903,31.1
$BARO,56900.531,72959.46,31.73
$IMU,56900.557,8.300,-1.953,2.258,-0.03759,0.30322,0.86376,32.33
$MAG,56900.629,0.094,-0.564,-0.898,31.1
$BARO,56900.632,72849.27,31.75
$IMU,56900.632,8.544,-2.563,1.708,-0.01904,0.36767,0.87011,32.28
$IMU,56900.707,5.981,-5.798,0.732,-0.03027,0.33789,0.87841,32.32
$MAG,56900.730,0.093,-0.577,-0.904,31.1
$BARO,56900.733,72880.88,31.75
$IMU,56900.782,5.187,-6.713,3.906,-0.02783,0.33886,0.85205,32.33
$MAG,56900.831,0.079,-0.580,-0.904,31.2
$BARO,56900.835,72960.90,31.75
$IMU,56900.857,2.746,-8.789,0.244,0.01904,0.44335,0.79443,32.33
$MAG,56900.932,0.085,-0.573,-0.922,31.2
$IMU,56900.932,-11.352,-5.249,3.479,-0.00439,0.31738,0.85302,32.30
$BARO,56900.936,72810.56,31.74
$IMU,56901.007,-11.169,-3.662,1.220,-0.06298,0.28173,0.86962,32.33
$MAG,56901.033,0.078,-0.567,-0.924,31.1
$BARO,56901.038,72919.15,31.74
$TIME,56901.079,29983.000,2365
$IMU,56901.083,-5.249,-2.685,2.807,-0.05273,0.36914,0.91113,32.31
$MAG,56901.134,0.081,-0.573,-0.918,31.1
$BARO,56901.139,72915.64,31.71
$IMU,56901.158,-8.483,2.075,5.798,-0.01220,0.32958,0.93750,32.28
$VBAT,56901.217,3.829
$IMU,56901.233,-4.150,-0.793,5.249,0.01269,0.27490,0.88330,32.28
$MAG,56901.235,0.079,-0.571,-0.922,31.1
$BARO,56901.240,72866.86,31.73
$HUM,56901.251,24.9,32.0
$IMU,56901.308,1.342,-1.647,-2.014,-0.06933,0.32958,0.85937,32.29
$MAG,56901.336,0.073,-0.565,-0.924,31.1
$BARO,56901.342,72974.24,31.72
$IMU,56901.383,-4.394,-1.831,3.356,-0.04345,0.30468,0.91894,32.33
$MAG,56901.436,0.076,-0.573,-0.925,31.1
$BARO,56901.443,72890.51,31.71
$IMU,56901.458,-0.610,-2.624,4.211,0.05029,0.30419,0.93261,32.24
$IMU,56901.533,0.854,4.333,-4.577,-0.07421,0.35009,0.93164,32.30
$MAG,56901.537,0.075,-0.570,-0.913,31.2
$BARO,56901.545,72797.91,31.70
$IMU,56901.608,-3.540,4.333,-0.244,0.01855,0.36279,0.97705,32.33
$MAG,56901.638,0.082,-0.570,-0.916,31.1
$BARO,56901.646,73009.60,31.70
$IMU,56901.683,-2.441,7.202,0.183,-0.02246,0.30615,0.95800,32.30
$MAG,56901.739,0.093,-0.562,-0.918,31.1
$BARO,56901.748,72941.31,31.69
$IMU,56901.758,-2.075,5.310,-1.770,-0.03515,0.37060,1.00732,32.30
$IMU,56901.833,-3.356,1.220,-2.563,-0.03222,0.35888,1.06445,32.26
$MAG,56901.840,0.085,-0.571,-0.907,31.1
$BARO,56901.849,72929.17,31.69
$IMU,56901.908,3.601,2.258,-0.488,-0.04248,0.38964,1.00488,32.25
$MAG,56901.941,0.096,-0.574,-0.906,31.1
$BARO,56901.950,72924.29,31.69
$IMU,56901.983,1.525,3.295,3.845,-0.04003,0.42871,1.01123,32.26
$MAG,56902.041,0.082,-0.571,-0.903,31.1
$BARO,56902.052,72928.12,31.68
$IMU,56902.059,-3.479,-2.624,3.479,-0.03125,0.34814,1.08398,32.28
$TIME,56902.079,29985.000,2365
$IMU,56902.134,4.699,-7.995,1.525,-0.03222,0.44482,1.04931,32.25
$MAG,56902.142,0.090,-0.570,-0.912,31.0
$BARO,56902.153,72939.89,31.69
$IMU,56902.209,0.244,-8.300,1.525,-0.08886,0.39697,1.03662,32.25
$VBAT,56902.230,3.835
$MAG,56902.243,0.081,-0.576,-0.924,31.1
$BARO,56902.255,72847.07,31.68
$HUM,56902.268,24.8,31.9
$IMU,56902.284,1.098,-12.329,1.647,-0.05029,0.28564,1.00488,32.25
$MAG,56902.344,0.067,-0.582,-0.927,31.0
$BARO,56902.356,72988.69,31.68
$IMU,56902.359,9.216,-10.498,4.211,-0.03222,0.42675,0.88476,32.27
$IMU,56902.434,-1.037,-9.094,6.042,-0.02099,0.24511,0.93359,32.25
$MAG,56902.445,0.063,-0.586,-0.928,31.0
$BARO,56902.457,73148.71,31.67
$IMU,56902.509,4.028,-7.202,1.159,-0.03222,0.36718,0.94726,32.25
$MAG,56902.546,0.061,-0.579,-0.924,31.1
$BARO,56902.559,73044.97,31.67
$IMU,56902.584,0.549,-2.990,0.427,-0.01464,0.35302,0.98681,32.25
$MAG,56902.647,0.067,-0.592,-0.927,31.0
$IMU,56902.659,4.211,2.502,2.380,-0.01220,0.35253,0.96728,32.26
$BARO,56902.660,73049.85,31.67
$IMU,56902.734,1.586,6.042,-2.502,-0.03125,0.39208,1.01171,32.25
$MAG,56902.748,0.054,-0.589,-0.922,31.1
$BARO,56902.762,73023.86,31.66
$IMU,56902.809,-2.807,10.253,-3.234,-0.02880,0.37353,1.08837,32.20
$MAG,56902.848,0.072,-0.582,-0.915,31.1
$BARO,56902.863,72959.66,31.66
$IMU,56902.884,0.427,12.390,0.610,-0.04052,0.36816,1.07812,32.26
$MAG,56902.949,0.090,-0.597,-0.907,31.0
$IMU,56902.959,2.685,10.742,-0.366,-0.04003,0.46826,1.07226,32.25
$BARO,56902.965,73066.79,31.64
$IMU,56903.035,-3.601,6.225,-1.342,-0.01855,0.43505,1.14208,32.20
$MAG,56903.050,0.094,-0.589,-0.907,31.0
$BARO,56903.066,73106.10,31.64
$IMU,56903.110,-1.647,1.037,-1.159,-0.09326,0.46142,1.21923,32.20
$MAG,56903.151,0.073,-0.582,-0.909,31.0
$BARO,56903.167,73043.90,31.64
$IMU,56903.185,-1.281,-3.234,-1.464,-0.05175,0.38720,1.19921,32.21
$VBAT,56903.235,3.837
$MAG,56903.252,0.079,-0.591,-0.901,31.1
$IMU,56903.260,5.432,-3.845,6.713,-0.05273,0.43017,1.15722,32.22
$BARO,56903.269,73082.39,31.64
$HUM,56903.285,24.9,31.9
$IMU,56903.335,4.455,-9.338,2.014,-0.09765,0.52343,1.11572,32.23
$MAG,56903.353,0.057,-0.592,-0.913,31.0
$BARO,56903.370,73099.57,31.63
$IMU,56903.410,-10.498,-17.578,1.098,-0.10058,0.38330,1.26953,32.21
$MAG,56903.454,0.061,-0.583,-0.922,31.0
$BARO,56903.472,72996.64,31.62
$IMU,56903.485,5.615,-24.169,0.244,-0.01855,0.38427,1.10644,32.20
$MAG,56903.554,0.048,-0.589,-0.931,31.1
$IMU,56903.560,3.051,-6.896,-1.220,-0.11328,0.42675,1.06591,32.20
$BARO,56903.573,72975.33,31.61
$IMU,56903.635,-4.516,-7.568,3.540,-0.02783,0.45800,1.14306,32.19
$MAG,56903.655,0.048,-0.592,-0.945,31.0
$BARO,56903.675,72984.81,31.60
$IMU,56903.710,-6.103,1.220,-3.234,-0.05664,0.35253,1.20800,32.19
$MAG,56903.756,0.052,-0.580,-0.937,31.0
$BARO,56903.776,73109.79,31.59
$IMU,56903.785,3.601,8.300,-3.173,-0.00830,0.41650,1.15625,32.21
$MAG,56903.857,0.072,-0.586,-0.928,31.0
$IMU,56903.860,4.089,16.967,-7.263,-0.02490,0.41943,1.09130,32.25
$BARO,56903.877,73067.08,31.61
$IMU,56903.935,0.305,12.878,-10.559,-0.08007,0.37500,1.10742,32.20
$MAG,56903.958,0.079,-0.574,-0.910,31.0
$BARO,56903.979,73082.05,31.60
$IMU,56904.011,0.549,7.202,-4.455,-0.04589,0.41894,1.16259,32.21
$MAG,56904.059,0.076,-0.579,-0.913,31.1
$TIME,56904.079,29986.000,2365
$BARO,56904.080,73042.32,31.59
$IMU,56904.086,1.953,5.737,-1.708,-0.03125,0.37939,1.17968,32.17
$MAG,56904.160,0.081,-0.579,-0.909,31.0
$IMU,56904.161,8.361,3.112,-4.882,-0.07080,0.43945,1.07958,32.18
$BARO,56904.182,73150.52,31.59
$VBAT,56904.235,3.835
$IMU,56904.236,-0.549,3.967,5.554,-0.00341,0.47363,1.11865,32.16
$MAG,56904.260,0.091,-0.580,-0.915,31.0
$BARO,56904.283,73201.97,31.59
$HUM,56904.301,24.8,31.9
$IMU,56904.311,-6.042,3.479,-0.366,0.02490,0.39404,1.17578,32.18
$MAG,56904.361,0.094,-0.585,-0.894,31.1
$BARO,56904.385,73187.76,31.59
$IMU,56904.386,2.990,1.831,-1.464,-0.01171,0.38085,1.07470,32.16
$IMU,56904.461,-1.220,0.000,-3.845,0.02197,0.41113,1.10205,32.20
$MAG,56904.462,0.084,-0.571,-0.907,31.0
$BARO,56904.486,73201.97,31.59
$IMU,56904.536,-2.380,1.220,-5.126,-0.07861,0.36621,1.09375,32.17
$MAG,56904.563,0.091,-0.586,-0.903,31.0
$BARO,56904.588,73209.45,31.59
$IMU,56904.611,2.014,-7.385,0.244,-0.02099,0.40966,1.08349,32.14
$MAG,56904.664,0.081,-0.582,-0.910,31.0
$IMU,56904.686,-0.244,-4.272,2.868,-0.03564,0.31542,1.02294,32.16
$BARO,56904.689,73165.87,31.58
$IMU,56904.761,1.403,-7.202,2.868,-0.07910,0.36230,1.06250,32.17
$MAG,56904.765,0.076,-0.585,-0.919,31.0
$BARO,56904.790,73075.15,31.59
$IMU,56904.836,2.807,-14.099,1.831,-0.01953,0.31445,1.00537,32.17
$MAG,56904.866,0.066,-0.582,-0.925,31.0
$BARO,56904.892,73240.61,31.57
$IMU,56904.911,2.197,-12.573,-0.305,-0.01855,0.31494,0.96582,32.15
$MAG,56904.966,0.057,-0.597,-0.922,30.8
$IMU,56904.987,8.056,-10.559,2.868,0.04296,0.23779,0.94482,32.15
$BARO,56904.993,73162.58,31.56
$IMU,56905.062,13.305,-8.605,-3.845,0.04785,0.41650,0.94189,32.10
$MAG,56905.067,0.057,-0.597,-0.927,31.1
$TIME,56905.079,29987.000,2365
$BARO,56905.095,73233.07,31.57
$IMU,56905.137,2.197,-1.525,-12.512,0.05615,0.30615,0.92285,32.10
$MAG,56905.168,0.063,-0.594,-0.916,31.0
$BARO,56905.196,73157.95,31.58
$IMU,56905.212,-0.671,12.512,-5.249,0.06494,0.40185,0.89990,32.11
$VBAT,56905.235,3.835
$MAG,56905.269,0.084,-0.585,-0.912,31.0
$IMU,56905.287,-8.300,19.226,-3.662,0.16699,0.33007,0.93896,32.10
$BARO,56905.298,73202.51,31.57
$HUM,56905.318,24.8,31.9
$IMU,56905.362,-6.225,31.738,-10.681,0.01953,0.35595,0.98388,32.14
$MAG,56905.370,0.106,-0.562,-0.895,30.7
$BARO,56905.399,73126.36,31.58
$IMU,56905.437,-4.577,26.672,-4.272,0.00537,0.32031,0.99804,32.13
$MAG,56905.471,0.111,-0.571,-0.874,31.0
$BARO,56905.500,73264.47,31.57
$IMU,56905.512,2.197,13.183,3.051,0.06835,0.37060,0.98095,32.14
$MAG,56905.572,0.115,-0.567,-0.879,31.0
$IMU,56905.587,2.990,1.586,-7.019,0.01269,0.31347,0.95507,32.17
$BARO,56905.602,73309.39,31.55
$IMU,56905.662,3.173,-0.427,-0.793,0.00000,0.39404,0.94287,32.16
$MAG,56905.673,0.115,-0.574,-0.873,31.0
$BARO,56905.703,73308.00,31.56
$IMU,56905.737,-2.990,-7.019,5.249,0.05566,0.37890,1.03320,32.10
$MAG,56905.773,0.103,-0.573,-0.882,31.0
$BARO,56905.805,73186.49,31.57
$IMU,56905.812,-3.051,-9.399,1.281,0.06445,0.32031,1.00976,32.11
$MAG,56905.874,0.102,-0.586,-0.885,31.0
$IMU,56905.887,2.746,-9.521,6.591,0.04394,0.36425,0.95849,32.09
$BARO,56905.906,73225.93,31.55
$IMU,56905.963,2.502,-16.723,1.647,0.02832,0.30371,0.92919,32.10
$MAG,56905.975,0.088,-0.583,-0.904,31.0
$BARO,56906.007,73305.54,31.55
$IMU,56906.038,3.234,-13.183,0.549,0.00732,0.32763,0.90087,32.09
$MAG,56906.076,0.087,-0.579,-0.906,31.0
$TIME,56906.079,29988.000,2365
$BARO,56906.109,73255.08,31.55
$IMU,56906.113,1.037,-7.446,3.967,-0.00146,0.28320,0.88281,32.10
$MAG,56906.177,0.081,-0.595,-0.913,31.1
$IMU,56906.188,4.211,-9.094,1.525,0.06103,0.32861,0.85986,32.07
$BARO,56906.210,73288.28,31.54
$VBAT,56906.236,3.827
$IMU,56906.263,2.441,-4.516,8.056,0.06689,0.31640,0.90478,32.12
$MAG,56906.278,0.070,-0.592,-0.913,31.0
$BARO,56906.312,73353.32,31.54
$HUM,56906.335,25.0,31.8
$IMU,56906.338,9.765,-9.216,-0.183,0.09619,0.24902,0.82031,32.12
$MAG,56906.379,0.072,-0.603,-0.910,31.0
$BARO,56906.413,73324.58,31.55
$IMU,56906.413,14.709,-11.047,-5.249,0.03271,0.34667,0.77392,32.07
$MAG,56906.479,0.072,-0.595,-0.916,31.0
$IMU,56906.488,5.798,-9.887,-1.037,0.07470,0.32421,0.82714,32.06
$BARO,56906.515,73301.32,31.56
$IMU,56906.563,6.042,-6.347,-1.953,0.06933,0.33300,0.85058,32.09
$MAG,56906.580,0.057,-0.603,-0.924,31.0
$BARO,56906.616,73303.37,31.57
$IMU,56906.638,13.183,-12.084,-0.732,0.12890,0.34912,0.74902,32.05
$MAG,56906.681,0.040,-0.609,-0.930,31.0
$IMU,56906.713,6.347,-14.587,2.075,0.16845,0.39697,0.77001,32.05
$BARO,56906.717,73388.93,31.59
$MAG,56906.782,0.037,-0.613,-0.930,30.8
$IMU,56906.788,1.403,-13.427,0.366,0.17578,0.36035,0.80322,32.08
$BARO,56906.819,73331.99,31.58
$IMU,56906.863,1.342,-12.634,2.929,0.14208,0.42578,0.81884,32.04
$MAG,56906.883,0.028,-0.619,-0.943,30.5
$BARO,56906.920,73421.57,31.60
$IMU,56906.939,-1.342,-12.084,5.310,0.19970,0.38037,0.82861,32.03
$MAG,56906.984,0.009,-0.621,-0.948,31.0
$IMU,56907.014,-2.136,-8.056,4.394,0.17382,0.37695,0.86279,32.05
$BARO,56907.022,73323.12,31.60
$TIME,56907.079,29990.000,2365
$MAG,56907.085,0.004,-0.624,-0.954,30.8
$IMU,56907.089,1.159,-12.756,7.446,0.20703,0.45263,0.83447,31.99
$BARO,56907.123,73296.99,31.60
$IMU,56907.164,-4.882,-11.901,9.277,0.21191,0.38134,0.86230,32.07
$MAG,56907.185,0.004,-0.628,-0.961,31.0
$BARO,56907.224,73369.89,31.59
$VBAT,56907.236,3.837
$IMU,56907.239,-6.591,-6.530,7.934,0.19726,0.39941,0.86474,32.06
$MAG,56907.286,-0.007,-0.621,-0.961,31.0
$IMU,56907.314,-5.310,-0.976,4.882,0.16992,0.38769,0.85888,32.03
$BARO,56907.326,73310.95,31.59
$HUM,56907.351,25.1,31.8
$MAG,56907.387,-0.003,-0.627,-0.963,31.0
$IMU,56907.389,-4.455,2.563,7.385,0.17382,0.36767,0.84814,32.05
$BARO,56907.427,73317.22,31.59
$IMU,56907.464,-4.821,4.150,4.516,0.21191,0.44677,0.85595,32.01
$MAG,56907.488,-0.003,-0.627,-0.955,30.6
$BARO,56907.529,73313.97,31.59
$IMU,56907.539,-12.329,10.131,2.624,0.13134,0.36230,0.92089,32.05
$MAG,56907.589,0.003,-0.621,-0.960,31.0
$IMU,56907.614,-5.615,6.713,5.126,0.12548,0.31201,0.87402,32.05
$BARO,56907.630,73433.68,31.59
$IMU,56907.689,2.319,3.479,6.225,0.13671,0.34326,0.79443,32.03
$MAG,56907.690,-0.001,-0.624,-0.955,31.0
$BARO,56907.732,73489.62,31.59
$IMU,56907.764,-1.098,0.427,8.544,0.11328,0.37353,0.79931,32.01
$MAG,56907.791,0.001,-0.618,-0.958,31.0
$BARO,56907.833,73453.55,31.59
$IMU,56907.839,-8.666,-4.028,6.652,0.10839,0.38818,0.85595,32.03
$MAG,56907.892,-0.007,-0.622,-0.958,30.6
$IMU,56907.915,-8.850,-2.197,6.958,0.10839,0.21777,0.82519,32.02
$BARO,56907.935,73487.72,31.58
$IMU,56907.990,3.662,4.943,7.141,0.06542,0.35986,0.72558,31.98
$MAG,56907.992,-0.009,-0.633,-0.963,30.8
$BARO,56908.036,73459.32,31.57
$IMU,56908.065,-4.760,6.896,6.652,0.00585,0.30712,0.78759,31.98
$MAG,56908.093,-0.003,-0.619,-0.955,30.6
$BARO,56908.137,73522.75,31.57
$IMU,56908.140,-6.042,2.441,5.615,-0.01806,0.29101,0.89062,32.01
$MAG,56908.194,-0.012,-0.637,-0.961,31.0
$IMU,56908.215,3.051,-3.967,7.751,0.03955,0.32275,0.76123,31.99
$VBAT,56908.237,3.840
$BARO,56908.239,73407.31,31.57
$IMU,56908.290,0.305,-5.065,9.521,0.00439,0.33154,0.80175,32.00
$MAG,56908.295,-0.022,-0.639,-0.964,31.0
$BARO,56908.340,73372.45,31.57
$IMU,56908.365,-1.770,-8.422,7.446,0.01562,0.44970,0.90673,32.00
$HUM,56908.368,25.0,31.9
$MAG,56908.396,-0.021,-0.640,-0.960,30.6
$IMU,56908.440,-6.225,-2.868,0.488,0.08056,0.32519,0.93945,32.00
$BARO,56908.442,73445.14,31.56
$MAG,56908.497,-0.012,-0.634,-0.951,31.0
$IMU,56908.515,1.770,12.268,0.793,-0.00439,0.36132,0.86523,32.01
$BARO,56908.543,73398.95,31.56
$IMU,56908.590,2.868,3.540,4.150,0.10009,0.58935,0.83496,31.97
$MAG,56908.598,-0.012,-0.631,-0.958,30.6
$BARO,56908.645,73429.95,31.56
$IMU,56908.665,-19.348,10.498,-9.094,-0.03027,0.27539,0.95703,31.98
$MAG,56908.699,-0.013,-0.621,-0.964,30.8
$IMU,56908.740,-4.821,3.601,-0.854,0.02099,0.44775,0.89599,32.00
$BARO,56908.746,73478.34,31.56
$MAG,56908.799,0.004,-0.624,-0.963,30.7
$IMU,56908.815,-0.366,3.845,-1.037,0.05029,0.33203,0.90625,32.00
$BARO,56908.848,73496.79,31.56
$IMU,56908.891,8.239,4.272,-5.554,0.01025,0.42675,0.92919,31.98
$MAG,56908.900,0.007,-0.625,-0.951,30.8
$BARO,56908.949,73474.48,31.56
$IMU,56908.966,10.742,-5.371,-8.422,-0.01562,0.51464,0.86474,32.00
$MAG,56909.001,0.001,-0.627,-0.963,30.8
$IMU,56909.041,6.530,-17.333,-2.685,-0.01464,0.26220,0.83984,31.99
$BARO,56909.050,73527.16,31.56
$TIME,56909.079,29991.000,2365
$MAG,56909.102,-0.028,-0.639,-0.967,30.7
$IMU,56909.116,18.615,-36.743,-9.521,0.12500,0.54492,0.80029,31.99
$BARO,56909.152,73519.24,31.55
$IMU,56909.191,6.103,-38.635,-2.807,0.21679,0.45996,0.87744,31.97
$MAG,56909.203,-0.055,-0.634,-0.993,30.7
$VBAT,56909.237,3.824
$BARO,56909.253,73529.77,31.55
$IMU,56909.266,8.117,-27.770,-3.845,0.28710,0.47998,0.89892,31.96
$MAG,56909.304,-0.063,-0.640,-0.987,31.0
$IMU,56909.341,4.394,-9.155,-7.507,0.17285,0.55517,0.93554,31.96
$BARO,56909.355,73499.83,31.56
$HUM,56909.384,25.2,31.8
$MAG,56909.404,-0.049,-0.634,-0.982,30.7
$IMU,56909.416,-0.854,2.563,-6.652,0.28222,0.49853,0.93457,31.94
$BARO,56909.456,73471.24,31.55
$IMU,56909.491,-4.089,23.010,3.784,0.10937,0.50341,0.93066,31.96
$MAG,56909.505,-0.042,-0.631,-0.976,30.7
$BARO,56909.558,73463.30,31.54
$IMU,56909.566,-5.065,13.671,6.469,0.18554,0.51464,0.94140,31.99
$MAG,56909.606,-0.039,-0.633,-0.972,30.8
$IMU,56909.641,-7.629,12.451,-1.525,0.15917,0.49316,1.03076,31.99
$BARO,56909.659,73500.30,31.53
$MAG,56909.707,-0.024,-0.628,-0.966,30.8
$IMU,56909.716,-2.868,13.916,1.953,0.16650,0.49414,1.02441,31.93
$BARO,56909.761,73561.77,31.50
$IMU,56909.791,0.976,10.070,-5.126,0.18652,0.53222,0.98486,31.96
$MAG,56909.808,-0.003,-0.622,-0.972,30.7
$BARO,56909.862,73543.95,31.50
$IMU,56909.867,-4.028,16.174,-14.709,0.17187,0.42724,0.98242,31.91
$MAG,56909.909,0.021,-0.621,-0.948,30.7
$IMU,56909.942,2.563,30.944,-9.887,0.03662,0.48730,0.90625,31.92
$BARO,56909.963,73604.74,31.50
$MAG,56910.010,0.027,-0.612,-0.945,30.7
$IMU,56910.017,-2.136,18.676,-1.098,0.11230,0.54980,0.93212,31.93
$BARO,56910.065,73609.59,31.50
$TIME,56910.079,29992.000,2365
$IMU,56910.092,-13.305,12.207,-9.704,0.07812,0.43164,1.04785,31.92
$MAG,56910.110,0.033,-0.595,-0.933,31.0
$BARO,56910.166,73574.10,31.50
$IMU,56910.167,-2.685,9.155,-3.417,0.08056,0.37988,0.95361,31.96
$MAG,56910.211,0.043,-0.606,-0.937,30.6
$VBAT,56910.238,3.837
$IMU,56910.242,4.760,0.427,-8.666,0.05175,0.53564,0.92773,31.93
$BARO,56910.268,73589.90,31.50
$MAG,56910.312,0.054,-0.603,-0.930,30.6
$IMU,56910.317,-8.117,1.953,-7.080,0.13281,0.43701,0.98339,31.94
$BARO,56910.369,73622.98,31.51
$IMU,56910.392,-6.896,13.000,-4.089,0.14404,0.43359,0.95654,31.91
$HUM,56910.401,24.9,31.8
$MAG,56910.413,0.058,-0.589,-0.933,30.7
$IMU,56910.467,-6.530,17.822,-9.826,0.09570,0.49804,0.94531,31.91
$BARO,56910.470,73646.25,31.51
$MAG,56910.514,0.075,-0.588,-0.915,30.7
$IMU,56910.542,-12.512,20.019,-6.042,0.15332,0.42285,1.01074,31.94
$BARO,56910.572,73681.53,31.51
$MAG,56910.615,0.097,-0.567,-0.904,31.0
$IMU,56910.617,-9.277,23.620,-9.216,0.12158,0.39160,0.97900,31.93
$BARO,56910.673,73617.91,31.50
$IMU,56910.692,-2.441,24.597,-11.840,0.14355,0.38378,0.91113,31.93
$MAG,56910.715,0.115,-0.555,-0.886,30.6
$IMU,56910.767,-2.502,26.428,-10.070,0.06738,0.43017,0.89941,31.90
$BARO,56910.775,73605.48,31.49
$MAG,56910.816,0.124,-0.549,-0.864,30.7
$IMU,56910.843,-9.887,16.418,-6.530,0.10205,0.34033,0.95458,31.93
$BARO,56910.876,73596.58,31.49
$MAG,56910.917,0.130,-0.544,-0.862,30.6
$IMU,56910.918,-0.732,8.300,-0.854,0.09228,0.38232,0.93457,31.88
$BARO,56910.978,73623.07,31.48
$IMU,56910.993,2.380,-0.732,-1.403,0.09716,0.37304,0.89794,31.90
$MAG,56911.018,0.123,-0.555,-0.871,30.5
$IMU,56911.068,4.638,-8.117,-2.929,0.05761,0.38818,0.89550,31.86
$BARO,56911.079,73644.13,31.48
$TIME,56911.079,29994.000,2365
$MAG,56911.119,0.118,-0.552,-0.885,30.7
$IMU,56911.143,0.427,-18.188,4.821,0.09814,0.35839,0.91992,31.87
$BARO,56911.180,73636.58,31.47
$IMU,56911.218,1.220,-24.108,2.380,0.05908,0.30810,0.95117,31.91
$MAG,56911.220,0.100,-0.550,-0.895,30.5
$VBAT,56911.239,3.826
$BARO,56911.282,73571.35,31.46
$IMU,56911.293,10.498,-21.606,-3.234,0.03320,0.32128,0.83984,31.87
$MAG,56911.320,0.094,-0.565,-0.913,30.6
$IMU,56911.368,9.887,-19.470,11.291,0.06201,0.39501,0.80810,31.85
$BARO,56911.383,73658.22,31.46
$HUM,56911.418,24.9,31.8
$MAG,56911.421,0.073,-0.571,-0.925,30.5
$IMU,56911.443,2.197,-21.667,7.080,0.07812,0.36474,0.81347,31.87
$BARO,56911.485,73683.94,31.46
$IMU,56911.518,-2.563,-22.521,1.586,0.11523,0.33251,0.85888,31.83
$MAG,56911.522,0.060,-0.562,-0.943,30.6
$BARO,56911.586,73732.79,31.47
$IMU,56911.593,-0.854,-12.207,0.671,0.08984,0.38134,0.83935,31.86
$MAG,56911.623,0.055,-0.567,-0.945,30.5
$IMU,56911.668,-4.272,-6.530,-4.028,0.14453,0.35742,0.88085,31.87
$BARO,56911.688,73656.88,31.48
$MAG,56911.724,0.055,-0.552,-0.939,30.5
$IMU,56911.743,-5.615,5.981,-8.483,0.10937,0.34619,0.86816,31.88
$BARO,56911.789,73703.41,31.47
$IMU,56911.819,-1.831,12.939,-9.582,0.09472,0.37060,0.83740,31.88
$MAG,56911.825,0.073,-0.550,-0.921,30.8
$BARO,56911.890,73787.46,31.47
$IMU,56911.894,-6.774,18.676,-13.977,0.11132,0.44433,0.90185,31.83
$MAG,56911.926,0.088,-0.540,-0.918,30.6
$IMU,56911.969,-14.892,23.742,-13.854,0.13330,0.33056,0.99072,31.80
$BARO,56911.992,73687.94,31.45
$MAG,56912.026,0.106,-0.517,-0.900,30.5
$IMU,56912.044,-4.150,28.442,-10.620,0.12060,0.42724,1.03369,31.84
$BARO,56912.093,73645.99,31.44
$IMU,56912.119,-1.953,23.620,-11.779,0.12109,0.38476,1.01416,31.88
$MAG,56912.127,0.130,-0.508,-0.873,30.3
$IMU,56912.194,2.075,17.028,-10.864,0.08105,0.41601,1.02587,31.82
$BARO,56912.195,73585.63,31.44
$MAG,56912.228,0.133,-0.499,-0.868,30.3
$VBAT,56912.239,3.824
$IMU,56912.269,3.784,6.652,-5.676,0.05810,0.44335,1.05126,31.83
$BARO,56912.296,73660.95,31.43
$MAG,56912.329,0.135,-0.510,-0.876,30.7
$IMU,56912.344,4.028,-2.624,-6.958,0.02783,0.45605,1.08398,31.83
$BARO,56912.398,73727.33,31.42
$IMU,56912.419,2.807,-10.742,-0.854,0.04833,0.42089,1.07812,31.81
$MAG,56912.430,0.132,-0.507,-0.886,30.5
$HUM,56912.435,25.0,31.8
$IMU,56912.494,7.080,-14.831,-0.915,0.04443,0.45654,1.00146,31.80
$BARO,56912.499,73630.48,31.41
$MAG,56912.531,0.123,-0.522,-0.901,30.5
$IMU,56912.569,2.441,-17.089,2.136,0.06933,0.50097,1.04101,31.83
$BARO,56912.600,73700.34,31.41
$MAG,56912.631,0.109,-0.517,-0.913,30.6
$IMU,56912.644,-5.065,-19.042,1.708,0.14746,0.38916,1.10449,31.82
$BARO,56912.702,73770.40,31.40
$IMU,56912.719,2.685,-11.169,-4.699,0.08203,0.42089,1.04687,31.81
$MAG,56912.732,0.105,-0.510,-0.919,30.6
$IMU,56912.795,4.821,-11.901,-2.929,0.09765,0.43017,1.02148,31.85
$BARO,56912.803,73772.59,31.40
$MAG,56912.833,0.096,-0.514,-0.925,30.3
$IMU,56912.870,2.075,-5.493,-3.540,0.12109,0.40087,0.97167,31.80
$BARO,56912.905,73777.22,31.39
$MAG,56912.934,0.096,-0.499,-0.930,30.5
$IMU,56912.945,-3.967,1.525,-5.615,0.08740,0.43310,1.00390,31.81
$BARO,56913.006,73780.66,31.39
$IMU,56913.020,-4.943,0.000,-2.807,0.09326,0.32421,1.01513,31.81
$MAG,56913.035,0.099,-0.505,-0.922,30.6
$TIME,56913.079,29995.000,2365
$IMU,56913.095,3.356,2.868,-6.591,0.10791,0.46044,1.00244,31.84
$BARO,56913.108,73748.24,31.39
$MAG,56913.136,0.109,-0.486,-0.912,30.6
$IMU,56913.170,-6.103,8.666,-6.835,0.11230,0.35253,1.04199,31.79
$BARO,56913.209,73838.11,31.38
$MAG,56913.236,0.109,-0.486,-0.904,30.8
$VBAT,56913.239,3.832
$IMU,56913.245,-0.427,7.995,-8.483,0.07324,0.36035,1.02294,31.78
$BARO,56913.310,73789.46,31.37
$IMU,56913.320,4.211,4.211,-12.512,0.09912,0.39990,1.01757,31.79
$MAG,56913.337,0.114,-0.484,-0.909,30.5
$IMU,56913.395,-0.610,7.385,-8.422,0.05712,0.44482,1.04589,31.80
$BARO,56913.412,73841.08,31.36
$MAG,56913.438,0.126,-0.477,-0.907,30.5
$HUM,56913.451,24.8,31.7
$IMU,56913.470,-6.530,4.821,-10.925,0.12792,0.36523,1.05273,31.79
$BARO,56913.513,73773.22,31.36
$MAG,56913.539,0.133,-0.459,-0.900,30.2
$IMU,56913.545,-2.258,8.178,-13.793,0.02050,0.31738,0.99902,31.76
$BARO,56913.615,73782.10,31.35
$IMU,56913.620,2.319,1.708,-12.756,0.05078,0.42236,0.98144,31.76
$MAG,56913.640,0.129,-0.439,-0.895,30.6
$IMU,56913.695,-6.164,-1.159,-7.446,0.09716,0.33056,1.00830,31.77
$BARO,56913.716,73835.06,31.33
$MAG,56913.741,0.129,-0.439,-0.898,30.3
$IMU,56913.771,-1.281,3.723,-14.221,0.08447,0.35253,0.94091,31.78
$BARO,56913.818,73904.31,31.33
$MAG,56913.842,0.130,-0.420,-0.891,30.3
$IMU,56913.846,-2.563,5.493,-20.874,0.03076,0.33984,0.92333,31.77
$BARO,56913.919,73858.15,31.33
$IMU,56913.921,-2.502,6.591,-16.235,0.04443,0.34423,0.85009,31.78
$MAG,56913.942,0.130,-0.409,-0.889,30.3
$IMU,56913.996,-10.681,9.155,-7.324,0.03808,0.38671,0.91357,31.77
$BARO,56914.020,73860.56,31.33
$MAG,56914.043,0.141,-0.394,-0.895,30.2
$IMU,56914.071,-11.962,-2.807,-7.568,0.13818,0.24755,0.90869,31.80
$TIME,56914.079,29996.000,2365
$BARO,56914.122,73921.08,31.33
$MAG,56914.144,0.139,-0.381,-0.894,30.3
$IMU,56914.146,3.295,0.000,-16.235,0.10546,0.36572,0.82275,31.77
$IMU,56914.221,-3.906,3.540,-16.601,0.07519,0.40478,0.85449,31.78
$BARO,56914.223,73927.98,31.33
$VBAT,56914.240,3.837
$MAG,56914.245,0.132,-0.358,-0.882,30.6
$IMU,56914.296,-14.099,2.197,-15.808,0.11181,0.24365,0.90820,31.70
$BARO,56914.325,73924.42,31.35
$MAG,56914.346,0.130,-0.351,-0.877,30.5
$IMU,56914.371,-4.699,10.620,-11.962,0.08593,0.33056,0.92529,31.76
$BARO,56914.426,73914.43,31.33
$IMU,56914.446,1.647,5.310,-10.498,0.12841,0.28320,0.85058,31.75
$MAG,56914.447,0.148,-0.345,-0.877,30.3
$HUM,56914.468,24.9,31.7
$IMU,56914.521,4.943,5.371,-13.732,0.14746,0.37207,0.82568,31.73
$BARO,56914.528,73936.71,31.33
$MAG,56914.547,0.145,-0.330,-0.873,30.3
$IMU,56914.596,-4.028,6.042,-17.700,0.13769,0.36914,0.87548,31.76
$BARO,56914.629,73861.56,31.32
$MAG,56914.648,0.147,-0.316,-0.855,30.5
$IMU,56914.671,-4.516,10.375,-16.601,0.13574,0.32275,0.93457,31.75
$BARO,56914.731,73842.33,31.33
$IMU,56914.747,3.051,10.803,-15.808,0.14892,0.35595,0.88769,31.71
$MAG,56914.749,0.139,-0.300,-0.852,30.3
$IMU,56914.822,2.685,11.474,-19.653,0.16503,0.44238,0.86572,31.73
$BARO,56914.832,73914.45,31.34
$MAG,56914.850,0.147,-0.292,-0.843,30.6
$IMU,56914.897,-4.943,17.761,-3.540,0.16357,0.34765,0.88232,31.75
$BARO,56914.933,73975.68,31.35
$MAG,56914.951,0.153,-0.285,-0.834,30.3
$IMU,56914.972,-2.624,10.498,-11.840,0.21191,0.38671,0.86523,31.73
$BARO,56915.035,73911.67,31.35
$IMU,56915.047,-4.882,12.695,-16.967,0.04833,0.35546,0.86572,31.72
$MAG,56915.051,0.157,-0.262,-0.828,30.3
$TIME,56915.079,29997.000,2365
$IMU,56915.122,-1.770,5.004,-8.850,0.11865,0.34082,0.89013,31.71
$BARO,56915.136,73913.11,31.35
$MAG,56915.152,0.150,-0.261,-0.813,30.3
$IMU,56915.197,-0.305,-3.784,0.366,0.10791,0.34521,0.91259,31.72
$BARO,56915.238,73904.58,31.35
$VBAT,56915.244,3.831
$MAG,56915.253,0.150,-0.273,-0.834,30.5
$IMU,56915.272,6.469,-9.826,-0.122,0.10888,0.39501,0.85498,31.72
$BARO,56915.339,73977.44,31.34
$IMU,56915.347,2.441,-21.850,3.967,0.11669,0.37988,0.89013,31.69
$MAG,56915.354,0.144,-0.273,-0.855,30.3
$IMU,56915.422,-0.793,-32.348,-2.990,0.15039,0.35937,0.93115,31.73
$BARO,56915.441,73933.08,31.33
$MAG,56915.455,0.126,-0.267,-0.879,30.3
$HUM,56915.485,24.8,31.6
$IMU,56915.497,3.112,-24.169,-3.295,0.10400,0.28417,0.84521,31.69
$BARO,56915.542,73916.91,31.34
$MAG,56915.556,0.111,-0.268,-0.895,30.3
$IMU,56915.572,5.249,-19.409,0.793,0.18261,0.38671,0.85351,31.72
$BARO,56915.643,73999.35,31.34
$IMU,56915.647,0.427,-9.826,-5.004,0.14501,0.29296,0.84375,31.71
$MAG,56915.656,0.105,-0.264,-0.897,30.3
$IMU,56915.723,5.981,-3.906,-2.380,0.16601,0.37158,0.82958,31.73
$BARO,56915.745,74033.91,31.33
$MAG,56915.757,0.106,-0.273,-0.901,30.3
$IMU,56915.798,-0.915,-3.234,-3.479,0.19824,0.32519,0.83740,31.68
$BARO,56915.846,74061.46,31.33
$MAG,56915.858,0.106,-0.255,-0.894,30.3
$IMU,56915.873,0.183,6.530,-12.756,0.14648,0.37451,0.83886,31.70
$IMU,56915.948,-4.028,9.094,-10.498,0.19433,0.39355,0.87548,31.69
$BARO,56915.948,74017.05,31.32
$MAG,56915.959,0.109,-0.252,-0.879,30.3
$IMU,56916.023,-8.239,15.991,-5.798,0.14257,0.30664,0.90478,31.74
$BARO,56916.049,74039.28,31.32
$MAG,56916.060,0.103,-0.244,-0.877,30.3
$TIME,56916.079,29998.000,2365
$IMU,56916.098,0.061,12.329,-5.798,0.13232,0.40283,0.91650,31.69
$BARO,56916.151,74024.87,31.31
$MAG,56916.161,0.111,-0.244,-0.864,30.6
$IMU,56916.173,-2.075,7.141,-9.643,0.14697,0.38769,0.93261,31.67
$VBAT,56916.245,3.835
$IMU,56916.248,-3.540,6.103,-0.122,0.15380,0.35302,0.94628,31.64
$BARO,56916.252,73980.07,31.29
$MAG,56916.261,0.120,-0.240,-0.870,30.3
$IMU,56916.323,2.990,2.563,-4.821,0.12744,0.36816,0.90332,31.64
$BARO,56916.353,74061.63,31.29
$MAG,56916.362,0.115,-0.231,-0.867,30.3
$IMU,56916.398,1.281,-1.403,-6.469,0.11376,0.39794,0.93408,31.69
$BARO,56916.455,74041.52,31.27
$MAG,56916.463,0.118,-0.228,-0.859,30.3
$IMU,56916.473,-4.272,-1.525,-0.366,0.08447,0.34570,0.96191,31.71
$HUM,56916.501,25.0,31.6
$IMU,56916.548,0.549,-5.615,0.915,0.13671,0.34033,0.95507,31.69
$BARO,56916.556,74099.78,31.26
$MAG,56916.564,0.105,-0.235,-0.873,30.5
$IMU,56916.623,2.380,-6.896,2.685,0.12792,0.39013,0.93798,31.67
$BARO,56916.658,74106.45,31.26
$MAG,56916.665,0.108,-0.235,-0.876,30.3
$IMU,56916.699,-2.746,-12.268,-2.441,0.12402,0.34423,0.95898,31.66
$BARO,56916.759,74091.66,31.26
$MAG,56916.765,0.099,-0.237,-0.883,30.5
$IMU,56916.774,-0.244,-12.268,0.183,0.13037,0.29345,0.93847,31.63
$IMU,56916.849,5.187,-8.239,2.563,0.10156,0.35546,0.90527,31.66
$BARO,56916.861,74066.67,31.24
$MAG,56916.866,0.097,-0.244,-0.894,30.3
$IMU,56916.924,-0.244,-9.338,3.784,0.15771,0.35449,0.94873,31.64
$BARO,56916.962,74059.02,31.25
$MAG,56916.967,0.096,-0.241,-0.892,30.3
$IMU,56916.999,-3.356,-2.258,0.854,0.07958,0.27880,0.89599,31.68
$BARO,56917.064,74173.49,31.23
$MAG,56917.068,0.084,-0.244,-0.903,30.3
$IMU,56917.074,1.281,-4.516,2.197,0.03955,0.35888,0.90039,31.69
$TIME,56917.079,29999.000,2365
$IMU,56917.149,-2.990,-14.343,10.864,0.12646,0.30859,0.90478,31.64
$BARO,56917.165,74157.28,31.22
$MAG,56917.169,0.081,-0.247,-0.918,30.3
$IMU,56917.224,-4.028,-11.352,7.568,0.07226,0.32714,0.94335,31.65
$VBAT,56917.253,3.806
$BARO,56917.266,74118.30,31.20
$MAG,56917.270,0.082,-0.255,-0.928,30.3
$IMU,56917.299,-5.187,-18.981,1.892,0.06494,0.28076,0.96435,31.65
$BARO,56917.368,74254.87,31.19
$MAG,56917.370,0.072,-0.249,-0.928,30.2
$IMU,56917.374,-1.586,-18.493,-1.159,0.03906,0.20947,0.86425,31.62
$IMU,56917.449,4.516,-17.028,12.207,0.11718,0.27392,0.83447,31.66
$BARO,56917.469,74159.08,31.18
$MAG,56917.471,0.070,-0.262,-0.940,30.3
$HUM,56917.518,24.9,31.6
$IMU,56917.524,0.366,-14.892,8.728,0.09716,0.24169,0.84912,31.64
$BARO,56917.571,74248.07,31.17
$MAG,56917.572,0.057,-0.252,-0.951,30.2
$IMU,56917.599,-1.403,-10.681,-0.793,-0.00146,0.27099,0.90820,31.64
$BARO,56917.672,74310.77,31.16
$MAG,56917.673,0.058,-0.255,-0.961,30.3
$IMU,56917.675,-2.441,-12.084,4.577,0.13574,0.19140,0.90576,31.62
$IMU,56917.750,6.286,-2.319,7.446,0.05761,0.24169,0.86230,31.62
$BARO,56917.774,74224.77,31.16
$MAG,56917.774,0.058,-0.268,-0.957,30.3
$IMU,56917.825,4.882,-1.831,1.464,0.13378,0.30126,0.88085,31.60
$BARO,56917.875,74249.58,31.15
$MAG,56917.875,0.051,-0.270,-0.960,30.3
$IMU,56917.900,-5.676,2.136,1.037,0.03710,0.23828,0.98339,31.62
$IMU,56917.975,0.122,-1.220,0.061,0.09472,0.24267,0.97802,31.62
$BARO,56917.976,74284.61,31.15
$MAG,56917.976,0.051,-0.271,-0.955,30.3
$IMU,56918.050,7.019,3.662,-2.685,0.05126,0.26074,0.89257,31.62
$MAG,56918.077,0.057,-0.274,-0.957,30.3
$BARO,56918.078,74288.02,31.14
$TIME,56918.079,30000.000,2365
$IMU,56918.125,2.502,0.427,-1.098,0.00292,0.32128,0.95458,31.61
$MAG,56918.177,0.057,-0.271,-0.958,30.2
$BARO,56918.179,74260.60,31.12
$IMU,56918.200,-2.807,-2.136,-1.220,0.06494,0.23291,0.94482,31.60
$VBAT,56918.255,3.823
$IMU,56918.275,0.671,2.685,4.028,0.09082,0.22900,0.93554,31.60
$MAG,56918.278,0.054,-0.271,-0.957,30.3
$BARO,56918.281,74287.29,31.12
$IMU,56918.350,3.784,2.258,0.549,0.01953,0.32275,0.91943,31.60
$MAG,56918.379,0.051,-0.270,-0.952,30.2
$BARO,56918.382,74259.46,31.10
$IMU,56918.425,-1.892,-1.403,-7.385,0.04248,0.26757,0.98828,31.60
$MAG,56918.480,0.063,-0.262,-0.954,30.3
$BARO,56918.484,74210.71,31.10
$IMU,56918.500,0.549,2.746,-3.356,0.00488,0.29052,0.96923,31.62
$HUM,56918.534,25.0,31.5
$IMU,56918.575,-1.281,3.173,-3.540,0.06933,0.25097,0.95166,31.62
$MAG,56918.581,0.063,-0.268,-0.946,30.3
$BARO,56918.585,74369.53,31.09
$IMU,56918.651,0.915,9.155,-1.342,0.04980,0.23974,0.94970,31.58
$MAG,56918.682,0.066,-0.271,-0.945,30.3
$BARO,56918.686,74290.61,31.09
$IMU,56918.726,1.220,11.230,-3.601,0.06298,0.30371,0.94042,31.57
$MAG,56918.782,0.067,-0.256,-0.930,30.3
$BARO,56918.788,74288.93,31.08
$IMU,56918.801,-3.173,8.544,-11.047,0.04980,0.28808,0.99462,31.57
$IMU,56918.876,-6.774,7.446,-9.704,-0.02978,0.23974,1.04199,31.57
$MAG,56918.883,0.069,-0.241,-0.928,30.3
$BARO,56918.889,74368.97,31.07
$IMU,56918.951,2.319,3.601,-9.582,0.08007,0.20800,0.95654,31.56
$MAG,56918.984,0.075,-0.249,-0.927,30.3
$BARO,56918.991,74421.55,31.06
$IMU,56919.026,7.019,11.474,-11.596,-0.00927,0.29687,0.93750,31.56
$TIME,56919.079,30001.000,2365
$MAG,56919.085,0.070,-0.241,-0.924,30.2
$BARO,56919.092,74417.89,31.05
$IMU,56919.101,-1.708,4.516,-4.394,0.02050,0.25976,0.96240,31.59
$IMU,56919.176,-1.464,1.159,-1.770,0.04052,0.23242,1.00439,31.57
$MAG,56919.186,0.073,-0.231,-0.924,30.2
$BARO,56919.193,74297.58,31.04
$IMU,56919.251,5.249,0.122,-11.230,0.00683,0.25585,0.96337,31.57
$VBAT,56919.267,3.827
$MAG,56919.287,0.064,-0.244,-0.936,30.2
$BARO,56919.295,74299.60,31.04
$IMU,56919.326,5.554,-3.845,-4.150,0.04003,0.27392,0.96972,31.55
$MAG,56919.387,0.060,-0.232,-0.934,30.3
$BARO,56919.396,74483.10,31.03
$IMU,56919.401,2.990,-2.929,-7.141,0.04052,0.28515,1.04150,31.53
$IMU,56919.476,3.112,-5.004,-12.084,0.07617,0.32324,1.05126,31.57
$MAG,56919.488,0.057,-0.232,-0.927,30.3
$BARO,56919.498,74356.88,31.04
$HUM,56919.551,25.0,31.4
$IMU,56919.551,1.220,5.432,-4.943,0.05322,0.30322,1.05712,31.53
$MAG,56919.589,0.052,-0.213,-0.930,30.2
$BARO,56919.599,74374.24,31.02
$IMU,56919.626,1.220,6.713,-10.253,0.08154,0.31787,1.06201,31.56
$MAG,56919.690,0.069,-0.222,-0.927,30.2
$BARO,56919.701,74336.73,31.02
$IMU,56919.702,0.488,11.230,-10.375,0.03320,0.32812,1.11328,31.55
$IMU,56919.777,3.112,6.958,-9.643,0.07128,0.25195,1.07373,31.53
$MAG,56919.791,0.072,-0.216,-0.924,30.3
$BARO,56919.802,74329.22,31.01
$IMU,56919.852,5.615,15.563,-8.911,0.02685,0.39697,1.12792,31.55
$MAG,56919.892,0.073,-0.208,-0.903,30.2
$BARO,56919.903,74437.05,31.00
$IMU,56919.927,-3.784,14.099,-6.958,0.12841,0.27880,1.13134,31.53
$MAG,56919.992,0.073,-0.207,-0.895,30.2
$IMU,56920.002,6.469,15.136,-9.460,-0.01708,0.31005,1.07714,31.53
$BARO,56920.005,74396.76,31.00
$IMU,56920.077,8.361,4.150,-11.230,0.09033,0.47070,1.10351,31.52
$MAG,56920.093,0.075,-0.204,-0.900,30.2
$BARO,56920.106,74380.38,31.00
$IMU,56920.152,-10.070,7.812,-3.479,0.00390,0.26611,1.20507,31.52
$MAG,56920.194,0.072,-0.196,-0.898,30.0
$BARO,56920.208,74355.47,31.00
$IMU,56920.227,2.258,-1.037,-4.211,0.06005,0.26708,1.13720,31.51
$VBAT,56920.268,3.837
$MAG,56920.295,0.073,-0.198,-0.894,30.3
$IMU,56920.302,10.192,0.427,-2.502,0.07275,0.41699,1.09033,31.52
$BARO,56920.309,74548.25,30.99
$IMU,56920.377,-2.502,-1.647,-1.525,0.04492,0.32275,1.16650,31.53
$MAG,56920.396,0.067,-0.204,-0.912,30.3
$BARO,56920.411,74408.63,30.99
$IMU,56920.452,-0.854,-5.920,-2.075,0.04443,0.31982,1.16162,31.48
$MAG,56920.497,0.067,-0.195,-0.900,30.2
$BARO,56920.512,74486.63,30.97
$IMU,56920.527,3.356,-7.995,2.990,0.10546,0.32666,1.09814,31.51
$HUM,56920.568,25.1,31.3
$MAG,56920.598,0.063,-0.201,-0.907,30.2
$IMU,56920.602,2.807,-4.760,-0.183,-0.02734,0.29394,1.10498,31.51
$BARO,56920.613,74465.99,30.97
$IMU,56920.678,1.647,-11.413,3.234,0.07031,0.35986,1.09716,31.53
$MAG,56920.698,0.066,-0.204,-0.918,30.2
$BARO,56920.715,74571.82,30.97
$IMU,56920.753,-4.455,-8.056,2.746,0.05371,0.23632,1.10546,31.52
$MAG,56920.799,0.054,-0.208,-0.918,30.3
$BARO,56920.816,74603.34,30.97
$IMU,56920.828,7.507,-0.915,-4.028,0.01562,0.25683,1.02539,31.51
$MAG,56920.900,0.057,-0.208,-0.924,30.1
$IMU,56920.903,7.141,-4.638,4.638,0.00781,0.39013,1.05810,31.48
$BARO,56920.918,74681.68,30.97
$IMU,56920.978,-10.070,-4.516,4.089,0.07421,0.17138,1.12109,31.45
$MAG,56921.001,0.049,-0.208,-0.915,30.1
$BARO,56921.019,74586.98,30.97
$IMU,56921.053,1.831,2.441,1.342,0.04248,0.28125,1.13085,31.50
$TIME,56921.079,30003.000,2365
$MAG,56921.102,0.051,-0.214,-0.925,30.2
$BARO,56921.121,74456.89,30.97
$IMU,56921.128,7.080,-0.610,7.263,0.05859,0.39208,1.17529,31.48
$MAG,56921.203,0.057,-0.214,-0.921,30.1
$IMU,56921.203,-1.953,4.333,-1.892,0.00097,0.23779,1.17626,31.50
$BARO,56921.222,74596.29,30.97
$IMU,56921.278,1.159,5.615,-0.671,-0.02343,0.28662,1.21630,31.46
$VBAT,56921.281,3.824
$MAG,56921.304,0.069,-0.225,-0.922,30.1
$BARO,56921.323,74610.26,30.97
$IMU,56921.353,6.225,-1.892,8.300,0.02392,0.33300,1.11523,31.45
$MAG,56921.404,0.066,-0.229,-0.918,30.3
$BARO,56921.425,74539.84,30.97
$IMU,56921.428,2.502,-2.685,2.563,-0.03662,0.34912,1.19775,31.46
$IMU,56921.503,-1.281,-8.239,2.685,-0.04394,0.22900,1.12353,31.51
$MAG,56921.505,0.063,-0.232,-0.927,30.1
$BARO,56921.526,74838.48,30.97
$IMU,56921.578,7.080,-13.916,10.131,0.00781,0.36328,1.09423,31.48
$HUM,56921.584,25.0,31.3
$MAG,56921.606,0.051,-0.240,-0.936,30.2
$BARO,56921.628,74798.44,30.97
$IMU,56921.654,-0.732,-13.977,4.943,-0.04345,0.31250,1.10937,31.47
$MAG,56921.707,0.042,-0.235,-0.931,30.1
$BARO,56921.729,74607.97,30.96
$IMU,56921.729,-5.920,-15.869,4.577,-0.06640,0.28759,1.15966,31.48
$IMU,56921.804,-2.075,-19.836,12.817,0.03759,0.21484,1.12207,31.48
$MAG,56921.808,0.034,-0.250,-0.960,30.2
$BARO,56921.830,74703.67,30.96
$IMU,56921.879,5.432,-12.817,10.986,-0.00244,0.31835,1.07910,31.45
$MAG,56921.909,0.042,-0.249,-0.963,30.2
$BARO,56921.932,74656.26,30.95
$IMU,56921.954,-1.708,-11.047,4.028,0.04296,0.32373,1.14306,31.46
$MAG,56922.010,0.030,-0.256,-0.972,30.2
$IMU,56922.029,-5.493,-6.408,13.183,-0.14404,0.26904,1.18847,31.45
$BARO,56922.033,74538.84,30.94
$TIME,56922.079,30004.000,2365
$IMU,56922.104,-0.305,-18.493,11.108,0.01855,0.25830,1.20166,31.46
$MAG,56922.110,0.022,-0.267,-0.979,30.1
$BARO,56922.135,74667.20,30.95
$IMU,56922.179,2.319,-11.169,11.901,-0.02343,0.27294,1.13867,31.46
$MAG,56922.211,0.022,-0.268,-0.981,30.1
$BARO,56922.236,74581.74,30.94
$IMU,56922.254,-1.403,-9.033,11.840,-0.02636,0.25195,1.18945,31.46
$VBAT,56922.281,3.826
$MAG,56922.312,0.024,-0.283,-0.988,30.1
$IMU,56922.329,3.112,-1.586,17.761,-0.06103,0.32324,1.18603,31.47
$BARO,56922.338,74517.81,30.94
$IMU,56922.404,-0.610,-5.310,21.606,-0.08642,0.27441,1.15332,31.46
$MAG,56922.413,0.025,-0.289,-0.988,30.1
$BARO,56922.439,74760.44,30.95
$IMU,56922.479,-6.408,-13.183,24.108,-0.02978,0.22167,1.11328,31.46
$MAG,56922.514,0.027,-0.301,-0.993,30.0
$BARO,56922.540,74783.49,30.94
$IMU,56922.554,-2.746,-10.437,24.230,-0.11132,0.32470,1.11279,31.43
$HUM,56922.601,25.0,31.2
$MAG,56922.615,0.016,-0.315,-0.999,30.0
$IMU,56922.630,-10.192,-13.916,22.644,-0.04101,0.18847,1.11572,31.45
$BARO,56922.642,74853.13,30.95
$IMU,56922.705,-4.943,-8.300,25.817,-0.10742,0.17285,1.07470,31.44
$MAG,56922.715,0.024,-0.327,-1.002,30.1
$BARO,56922.743,74749.35,30.95
$IMU,56922.780,3.723,-12.451,30.639,-0.13037,0.34179,1.05371,31.41
$MAG,56922.816,0.003,-0.343,-1.011,30.1
$BARO,56922.845,74819.57,30.95
$IMU,56922.855,-13.061,-21.606,35.461,-0.06787,0.25390,1.04931,31.38
$MAG,56922.917,0.001,-0.357,-1.017,30.2
$IMU,56922.930,-19.409,-15.197,41.442,-0.20947,0.17822,1.09570,31.42
$BARO,56922.946,74850.53,30.96
$IMU,56923.005,-13.122,-23.620,41.198,-0.15820,0.17578,1.03173,31.43
$MAG,56923.018,-0.016,-0.364,-1.023,30.1
$BARO,56923.048,74891.91,30.94
$TIME,56923.079,30005.000,2365
$IMU,56923.080,-6.164,-19.897,45.349,-0.09375,0.19531,1.03222,31.41
$MAG,56923.119,-0.019,-0.387,-1.033,30.1
$BARO,56923.149,74823.13,30.94
$IMU,56923.155,-4.333,-18.005,39.672,-0.16601,0.22265,1.04931,31.42
$MAG,56923.220,-0.028,-0.387,-1.036,30.0
$IMU,56923.230,-4.089,-14.526,37.780,-0.38427,0.33691,1.01025,31.42
$BARO,56923.250,74798.90,30.92
$VBAT,56923.287,3.840
$IMU,56923.305,-13.061,-27.709,39.306,-0.36767,0.23974,0.97656,31.41
$MAG,56923.320,-0.063,-0.409,-1.057,30.2
$BARO,56923.352,74822.93,30.91
$IMU,56923.380,-13.793,-37.780,46.936,-0.30908,0.27197,1.02441,31.43
$MAG,56923.421,-0.097,-0.411,-1.066,30.1
$BARO,56923.453,74811.92,30.89
$IMU,56923.455,-13.244,-39.367,50.415,-0.38476,0.31933,1.00439,31.40
$MAG,56923.522,-0.141,-0.415,-1.081,30.2
$IMU,56923.530,-10.314,-45.593,53.283,-0.29980,0.27392,0.97753,31.39
$BARO,56923.555,74857.30,30.91
$IMU,56923.606,-7.080,-36.193,58.471,-0.34716,0.32958,0.97753,31.43
$HUM,56923.617,25.1,31.3
$MAG,56923.623,-0.174,-0.439,-1.086,30.0
$BARO,56923.656,74872.41,30.90
$IMU,56923.681,-4.577,-34.301,53.649,-0.43847,0.42822,0.94482,31.41
$MAG,56923.724,-0.205,-0.451,-1.099,30.1
$IMU,56923.756,-7.690,-39.489,59.204,-0.41357,0.41259,0.93212,31.38
$BARO,56923.758,74804.36,30.88
$MAG,56923.825,-0.252,-0.420,-1.102,30.0
$IMU,56923.831,-12.756,-31.738,65.368,-0.44628,0.47998,1.03076,31.36
$BARO,56923.859,74891.67,30.87
$IMU,56923.906,-12.329,-33.569,59.143,-0.45849,0.42675,1.00976,31.37
$MAG,56923.926,-0.280,-0.420,-1.105,30.0
$BARO,56923.960,74905.86,30.88
$IMU,56923.981,-4.455,-34.118,53.710,-0.52539,0.56787,0.97753,31.37
$MAG,56924.026,-0.313,-0.403,-1.104,30.1
$IMU,56924.056,-7.507,-30.883,61.462,-0.59326,0.54052,1.02441,31.35
$BARO,56924.062,74778.16,30.86
$TIME,56924.079,30006.000,2365
$MAG,56924.127,-0.354,-0.394,-1.093,30.0
$IMU,56924.131,-4.821,-37.353,66.711,-0.55273,0.61181,0.96484,31.42
$BARO,56924.163,74876.00,30.85
$IMU,56924.206,-10.559,-43.518,66.528,-0.60742,0.61181,0.92431,31.42
$MAG,56924.228,-0.399,-0.375,-1.089,30.1
$BARO,56924.265,74869.25,30.85
$IMU,56924.281,-12.145,-55.297,66.711,-0.50195,0.61523,1.01269,31.37
$VBAT,56924.288,3.821
$MAG,56924.329,-0.453,-0.351,-1.080,30.0
$IMU,56924.356,-4.882,-50.964,65.307,-0.53320,0.69970,0.94482,31.36
$BARO,56924.366,74922.21,30.84
$MAG,56924.430,-0.471,-0.330,-1.051,30.1
$IMU,56924.431,-5.249,-40.405,67.321,-0.51806,0.65966,0.92285,31.35
$BARO,56924.468,74938.62,30.84
$IMU,56924.506,-5.371,-34.118,67.687,-0.48974,0.66503,0.93750,31.43
$MAG,56924.531,-0.480,-0.291,-1.053,30.0
$BARO,56924.569,74900.37,30.84
$IMU,56924.581,-4.089,-32.714,70.495,-0.49804,0.72949,0.97167,31.36
$MAG,56924.632,-0.508,-0.273,-1.023,30.1
$HUM,56924.634,25.9,31.3
$IMU,56924.657,-2.441,-39.733,59.814,-0.54882,0.74755,0.94775,31.35
$BARO,56924.671,74750.15,30.82
$MAG,56924.732,-0.519,-0.246,-1.020,30.1
$IMU,56924.732,-0.854,-43.701,66.284,-0.54931,0.76171,0.89257,31.39
$BARO,56924.772,74982.59,30.79
$IMU,56924.807,-5.798,-46.447,71.655,-0.53662,0.75585,0.90576,31.38
$MAG,56924.833,-0.523,-0.202,-0.994,30.1
$BARO,56924.873,74808.19,30.78
$IMU,56924.882,-8.361,-51.574,78.186,-0.53417,0.75341,0.85937,31.39
$MAG,56924.934,-0.538,-0.147,-0.952,30.1
$IMU,56924.957,-10.925,-64.331,80.505,-0.50732,0.75634,0.86181,31.32
$BARO,56924.975,74812.21,30.78
$IMU,56925.032,-13.061,-71.899,84.777,-0.43847,0.73242,0.91601,31.33
$MAG,56925.035,-0.543,-0.114,-0.921,30.0
$BARO,56925.076,74905.86,30.78
$TIME,56925.079,30007.000,2365
$IMU,56925.107,-6.347,-68.969,79.467,-0.49951,0.75292,0.89062,31.37
$MAG,56925.136,-0.523,-0.058,-0.888,30.1
$BARO,56925.178,75188.58,30.77
$IMU,56925.182,-8.361,-71.289,82.275,-0.48486,0.74414,0.89111,31.35
$MAG,56925.237,-0.492,-0.024,-0.852,30.0
$IMU,56925.257,-9.521,-76.232,85.876,-0.32031,0.74267,0.94677,31.39
$BARO,56925.279,75169.03,30.78
$VBAT,56925.302,3.831
$IMU,56925.332,-8.544,-72.326,74.768,-0.38574,0.71923,0.99316,31.33
$MAG,56925.337,-0.456,0.001,-0.820,30.0
$BARO,56925.380,75052.91,30.78
$IMU,56925.407,-4.333,-72.387,74.096,-0.36279,0.70507,0.99707,31.32
$MAG,56925.438,-0.427,0.036,-0.789,30.0
$BARO,56925.482,75127.30,30.77
$IMU,56925.482,-3.295,-71.655,68.725,-0.19970,0.66845,1.05371,31.35
$MAG,56925.539,-0.379,0.040,-0.787,30.0
$IMU,56925.557,1.525,-52.429,67.321,-0.40185,0.75048,1.03125,31.35
$BARO,56925.583,75233.21,30.76
$IMU,56925.633,-0.549,-55.358,65.734,-0.28613,0.69482,0.99316,31.30
$MAG,56925.640,-0.337,0.046,-0.778,30.1
$HUM,56925.651,25.4,31.1
$BARO,56925.685,75172.15,30.77
$IMU,56925.708,-5.310,-53.588,67.321,-0.40087,0.61132,0.95507,31.29
$MAG,56925.741,-0.286,0.049,-0.768,30.1
$IMU,56925.783,-8.605,-61.645,76.538,-0.29394,0.64892,0.93505,31.33
$BARO,56925.786,75386.36,30.77
$MAG,56925.842,-0.223,0.054,-0.762,30.0
$IMU,56925.858,-19.226,-62.011,83.801,-0.23535,0.56298,1.02343,31.33
$BARO,56925.888,75273.94,30.77
$IMU,56925.933,-18.859,-65.368,79.711,-0.19482,0.55908,1.00830,31.33
$MAG,56925.942,-0.160,0.048,-0.753,30.1
$BARO,56925.989,75286.81,30.76
$IMU,56926.008,-18.554,-62.988,73.242,-0.22998,0.48291,1.00048,31.28
$MAG,56926.043,-0.109,0.018,-0.759,30.0
$TIME,56926.079,30008.000,2365
$IMU,56926.083,-15.319,-61.401,76.965,-0.21337,0.45166,1.02929,31.32
$BARO,56926.091,75377.22,30.76
$MAG,56926.144,-0.055,-0.010,-0.772,30.1
$IMU,56926.158,-13.732,-66.040,80.017,-0.24658,0.47802,1.04003,31.36
$BARO,56926.192,75514.11,30.76
$IMU,56926.233,-12.084,-70.678,73.669,-0.26269,0.44726,1.06005,31.33
$MAG,56926.245,-0.013,-0.046,-0.798,30.0
$BARO,56926.293,75470.87,30.76
$VBAT,56926.305,3.831
$IMU,56926.308,-11.230,-67.199,79.711,-0.29394,0.44091,1.03710,31.32
$MAG,56926.346,0.016,-0.096,-0.829,30.1
$IMU,56926.383,-14.282,-63.598,79.406,-0.27001,0.48291,1.10058,31.31
$BARO,56926.395,75554.91,30.75
$MAG,56926.446,0.045,-0.135,-0.850,30.1
$IMU,56926.458,-15.380,-63.415,80.810,-0.30908,0.44824,1.12304,31.37
$BARO,56926.496,75540.87,30.77
$IMU,56926.533,-12.023,-59.265,78.125,-0.34082,0.46777,1.12402,31.24
$MAG,56926.547,0.055,-0.172,-0.883,30.1
$BARO,56926.598,75577.58,30.75
$IMU,56926.609,-7.568,-49.865,73.730,-0.37451,0.56738,1.09375,31.31
$MAG,56926.648,0.078,-0.223,-0.906,30.0
$HUM,56926.667,23.8,31.2
$IMU,56926.684,-16.967,-37.780,79.040,-0.48144,0.51757,1.11621,31.32
$BARO,56926.699,75663.04,30.74
$MAG,56926.749,0.087,-0.271,-0.918,30.0
$IMU,56926.759,-15.625,-40.161,80.688,-0.53076,0.44189,1.07812,31.28
$BARO,56926.801,75556.67,30.74
$IMU,56926.834,-9.643,-52.062,89.599,-0.41601,0.54248,1.01269,31.28
$MAG,56926.850,0.073,-0.328,-0.951,30.0
$BARO,56926.902,75418.02,30.73
$IMU,56926.909,-15.075,-44.433,89.111,-0.55029,0.59130,1.07519,31.23
$MAG,56926.951,0.054,-0.378,-0.987,30.0
$IMU,56926.984,-10.253,-50.659,80.810,-0.51855,0.63769,1.02783,31.27
$BARO,56927.003,75696.27,30.72
$MAG,56927.051,0.024,-0.415,-1.011,30.1
$IMU,56927.059,-12.451,-45.227,82.763,-0.61035,0.68164,1.13281,31.29
$TIME,56927.079,30008.000,2365
$BARO,56927.105,75737.12,30.72
$IMU,56927.134,-8.728,-43.151,86.303,-0.61914,0.83447,1.08251,31.28
$MAG,56927.152,-0.016,-0.450,-1.021,30.0
$BARO,56927.206,75289.32,30.71
$IMU,56927.209,-14.160,-43.212,84.167,-0.59228,0.77490,1.15820,31.27
$MAG,56927.253,-0.066,-0.480,-1.047,30.0
$IMU,56927.284,-6.652,-39.306,76.599,-0.74462,0.96728,1.18505,31.24
$VBAT,56927.305,3.835
$BARO,56927.308,75495.63,30.72
$MAG,56927.354,-0.105,-0.511,-1.051,30.0
$IMU,56927.359,-5.615,-38.085,75.683,-0.60351,0.96484,1.19384,31.24
$BARO,56927.409,75364.06,30.71
$IMU,56927.434,-4.760,-33.081,72.631,-0.71630,0.96679,1.10205,31.30
$MAG,56927.455,-0.171,-0.517,-1.057,29.7
$IMU,56927.509,-5.371,-48.339,65.185,-0.60839,1.10937,1.09814,31.26
$BARO,56927.511,75528.30,30.68
$MAG,56927.556,-0.225,-0.528,-1.075,30.0
$IMU,56927.585,-7.873,-43.762,61.706,-0.72460,0.90332,1.14208,31.28
$BARO,56927.612,75420.39,30.67
$MAG,56927.656,-0.285,-0.552,-1.080,30.0
$IMU,56927.660,6.713,-48.522,65.979,-0.54345,1.01025,0.96679,31.23
$HUM,56927.684,25.3,31.0
$BARO,56927.714,75708.94,30.66
$IMU,56927.735,1.159,-43.823,58.105,-0.61328,1.01171,1.01074,31.24
$MAG,56927.757,-0.343,-0.532,-1.074,30.0
$IMU,56927.810,-1.281,-40.283,51.574,-0.63427,0.91162,1.06933,31.26
$BARO,56927.815,75870.72,30.69
$MAG,56927.858,-0.390,-0.535,-1.057,30.0
$IMU,56927.885,9.277,-39.245,57.617,-0.51220,0.91943,0.86083,31.25
$BARO,56927.916,75803.17,30.69
$MAG,56927.959,-0.438,-0.514,-1.057,30.0
$IMU,56927.960,2.075,-34.545,49.560,-0.65283,0.86962,0.83837,31.23
$BARO,56928.018,75912.96,30.69
$IMU,56928.035,1.220,-38.330,46.020,-0.44042,0.76757,0.89257,31.25
$MAG,56928.059,-0.475,-0.511,-1.042,30.0
$TIME,56928.079,30011.000,2365
$IMU,56928.110,8.300,-27.038,34.545,-0.35986,0.85498,0.77392,31.23
$BARO,56928.119,76059.94,30.71
$MAG,56928.160,-0.502,-0.499,-1.038,30.0
$IMU,56928.185,2.441,-17.822,25.207,-0.46435,0.72265,0.83300,31.23
$BARO,56928.221,76260.45,30.72
$IMU,56928.260,7.934,-22.338,11.596,-0.34765,0.82666,0.86328,31.23
$MAG,56928.261,-0.513,-0.504,-1.024,30.0
$VBAT,56928.308,3.842
$BARO,56928.322,76027.52,30.72
$IMU,56928.335,8.605,-10.314,4.882,-0.33349,0.79980,0.88964,31.21
$MAG,56928.362,-0.522,-0.516,-1.015,30.1
$IMU,56928.410,12.207,-8.422,-1.342,-0.26416,0.94091,0.96435,31.26
$BARO,56928.424,76156.22,30.73
$MAG,56928.463,-0.511,-0.523,-1.020,30.0
$IMU,56928.485,8.117,9.765,-8.178,-0.36621,0.86474,1.09228,31.23
$BARO,56928.525,76166.09,30.73
$IMU,56928.560,20.751,11.779,-14.587,-0.29541,1.05810,0.98974,31.25
$MAG,56928.564,-0.501,-0.562,-1.017,30.0
$BARO,56928.626,76320.31,30.72
$IMU,56928.636,9.948,19.958,-20.385,-0.43212,1.01416,1.14208,31.25
$MAG,56928.664,-0.474,-0.568,-1.026,30.1
$HUM,56928.700,25.9,30.9
$IMU,56928.711,9.399,15.991,-4.089,-0.24072,1.04248,1.21533,31.21
$BARO,56928.728,76357.63,30.71
$MAG,56928.765,-0.454,-0.582,-1.029,30.0
$IMU,56928.786,13.916,15.869,-13.061,-0.34326,0.96777,1.07666,31.19
$BARO,56928.829,76181.96,30.69
$IMU,56928.861,9.582,6.652,-6.774,-0.25976,0.95947,1.05664,31.23
$MAG,56928.866,-0.456,-0.582,-1.024,29.8
$BARO,56928.931,76249.85,30.66
$IMU,56928.936,5.737,8.483,-8.972,-0.35839,0.89746,1.08691,31.25
$MAG,56928.967,-0.445,-0.597,-1.023,30.0
$IMU,56929.011,7.324,2.624,2.075,-0.15576,0.92675,1.06591,31.21
$BARO,56929.032,76560.41,30.64
$MAG,56929.068,-0.441,-0.597,-1.020,30.0
$IMU,56929.086,3.967,7.324,-5.493,-0.26660,0.85546,1.05517,31.26
$BARO,56929.134,76004.32,30.61
$IMU,56929.161,5.920,-0.305,-0.183,-0.27636,0.80371,1.07177,31.24
$MAG,56929.168,-0.447,-0.609,-1.011,30.0
$BARO,56929.235,76262.45,30.60
$IMU,56929.236,7.141,-4.028,5.432,-0.14941,0.83691,1.07080,31.17
$MAG,56929.269,-0.439,-0.615,-1.014,30.0
$VBAT,56929.309,3.816
$IMU,56929.311,7.263,0.488,-0.061,-0.32617,0.81250,1.10107,31.23
$BARO,56929.337,76787.85,30.59
$MAG,56929.370,-0.462,-0.618,-1.012,30.0
$IMU,56929.386,7.385,-6.286,12.207,-0.19091,0.86083,1.14306,31.21
$BARO,56929.438,76479.51,30.57
$IMU,56929.461,9.643,-4.150,9.399,-0.28662,0.85546,1.16601,31.23
$MAG,56929.471,-0.468,-0.618,-1.009,30.0
$IMU,56929.536,10.253,-5.615,9.033,-0.27343,0.91845,1.21240,31.21
$BARO,56929.539,76421.71,30.55
$MAG,56929.572,-0.472,-0.630,-1.000,30.0
$IMU,56929.612,9.826,-7.507,11.596,-0.28759,0.92236,1.20117,31.25
$BARO,56929.641,76391.90,30.52
$MAG,56929.672,-0.477,-0.627,-0.990,30.1
$IMU,56929.687,8.605,-8.117,10.925,-0.30908,0.96923,1.19677,31.19
$HUM,56929.716,25.7,30.6
$BARO,56929.742,76457.84,30.50
$IMU,56929.762,5.920,-5.615,9.521,-0.33447,0.89697,1.26660,31.18
$MAG,56929.773,-0.495,-0.627,-0.978,30.0
$IMU,56929.837,11.901,-10.803,13.854,-0.18310,0.96484,1.17871,31.19
$BARO,56929.844,76408.38,30.49
$MAG,56929.874,-0.507,-0.634,-0.978,30.0
$IMU,56929.912,5.004,-4.150,3.479,-0.32031,0.95019,1.22558,31.21
$BARO,56929.945,76386.91,30.46
$MAG,56929.975,-0.496,-0.637,-0.979,30.0
$IMU,56929.987,5.187,-2.929,5.004,-0.27001,0.95996,1.29931,31.24
$BARO,56930.047,76526.70,30.45
$IMU,56930.062,8.178,2.197,6.591,-0.29882,0.94580,1.29541,31.18
$MAG,56930.076,-0.511,-0.636,-0.964,30.0
$TIME,56930.079,30011.000,2365
$IMU,56930.137,7.812,-2.197,6.469,-0.23681,0.95849,1.36376,31.18
$BARO,56930.148,76364.65,30.44
$MAG,56930.177,-0.502,-0.648,-0.955,30.0
$IMU,56930.212,9.399,1.647,5.615,-0.31738,0.97558,1.33251,31.19
$BARO,56930.250,76720.87,30.42
$MAG,56930.277,-0.514,-0.640,-0.960,30.0
$IMU,56930.287,6.835,-5.310,6.591,-0.31005,0.96923,1.37890,31.19
$VBAT,56930.310,3.829
$BARO,56930.351,76322.73,30.41
$IMU,56930.362,9.399,-9.033,8.972,-0.26611,0.93701,1.34521,31.17
$MAG,56930.378,-0.531,-0.643,-0.952,30.0
$IMU,56930.437,9.765,-5.187,7.690,-0.27343,0.94238,1.41210,31.17
$BARO,56930.452,76997.72,30.39
$MAG,56930.479,-0.526,-0.646,-0.939,29.8
$IMU,56930.512,14.282,-2.075,5.737,-0.30859,0.93017,1.34130,31.17
$BARO,56930.554,76647.84,30.37
$MAG,56930.580,-0.532,-0.664,-0.936,30.0
$IMU,56930.588,13.488,-3.906,-0.549,-0.30957,1.05615,1.32031,31.19
$BARO,56930.655,76639.07,30.37
$IMU,56930.663,3.723,-3.662,5.737,-0.29101,0.98144,1.43261,31.21
$MAG,56930.681,-0.543,-0.658,-0.924,30.0
$HUM,56930.733,25.8,30.5
$IMU,56930.738,5.065,-8.056,9.643,-0.18701,1.07519,1.38525,31.17
$BARO,56930.757,76957.28,30.35
$MAG,56930.781,-0.550,-0.664,-0.930,30.0
$IMU,56930.813,3.479,-2.258,-3.417,-0.19970,0.88134,1.36328,31.17
$BARO,56930.858,76580.52,30.35
$MAG,56930.882,-0.541,-0.669,-0.937,30.0
$IMU,56930.888,1.831,7.019,-7.629,-0.26367,1.03662,1.47998,31.10
$BARO,56930.960,77166.00,30.35
$IMU,56930.963,0.427,3.967,-3.051,-0.18994,0.85009,1.54638,31.11
$MAG,56930.983,-0.525,-0.673,-0.928,29.7
$IMU,56931.038,12.512,4.150,-8.666,-0.23535,0.95800,1.33642,31.12
$BARO,56931.061,77113.40,30.36
$TIME,56931.079,30013.000,2365
$MAG,56931.084,-0.523,-0.679,-0.922,29.8
$IMU,56931.113,2.136,-1.098,-2.258,-0.15185,0.83300,1.49072,31.18
$BARO,56931.162,77167.93,30.38
$MAG,56931.184,-0.528,-0.693,-0.916,30.0
$IMU,56931.188,9.399,1.281,-5.981,-0.16259,0.88037,1.51318,31.16
$IMU,56931.263,14.648,9.582,-8.422,-0.20507,1.02587,1.37207,31.14
$BARO,56931.264,77438.27,30.39
$MAG,56931.285,-0.513,-0.696,-0.921,30.0
$VBAT,56931.320,3.827
$IMU,56931.338,3.295,9.155,-3.356,-0.18310,0.79052,1.44482,31.16
$BARO,56931.365,77326.61,30.40
$MAG,56931.386,-0.517,-0.708,-0.918,30.0
$IMU,56931.413,11.779,0.610,1.037,-0.11083,1.01171,1.36669,31.08
$BARO,56931.467,77505.06,30.41
$MAG,56931.487,-0.516,-0.702,-0.907,30.0
$IMU,56931.488,1.464,-2.624,-7.385,-0.11621,0.82763,1.45507,31.15
$IMU,56931.563,7.690,3.967,-13.488,-0.22851,0.94726,1.38476,31.14
$BARO,56931.568,77530.09,30.43
$MAG,56931.588,-0.496,-0.711,-0.909,30.0
$IMU,56931.639,7.080,6.713,-4.333,-0.10546,0.81591,1.36425,31.16
$BARO,56931.670,77372.95,30.44
$MAG,56931.688,-0.487,-0.732,-0.907,30.0
$IMU,56931.714,8.361,6.042,-6.225,-0.11425,0.84619,1.33984,31.12
$HUM,56931.749,25.5,30.7
$BARO,56931.771,77547.64,30.44
$MAG,56931.789,-0.486,-0.721,-0.906,29.6
$IMU,56931.789,5.920,1.342,1.098,-0.08544,0.90234,1.37402,31.16
$IMU,56931.864,4.272,2.197,-7.263,-0.07324,0.71484,1.43066,31.19
$BARO,56931.872,77499.50,30.46
$MAG,56931.890,-0.484,-0.736,-0.897,30.0
$IMU,56931.939,15.625,4.272,-11.352,-0.10986,0.92480,1.30078,31.12
$BARO,56931.974,77448.02,30.47
$MAG,56931.991,-0.471,-0.733,-0.901,30.0
$IMU,56932.014,0.366,5.493,-9.643,-0.13720,0.81054,1.43896,31.14
$BARO,56932.075,77734.26,30.47
$TIME,56932.079,30013.000,2365
$IMU,56932.089,4.821,2.624,-0.549,-0.10107,0.74755,1.39550,31.16
$MAG,56932.092,-0.474,-0.751,-0.889,29.6
$IMU,56932.164,9.155,-0.366,2.563,0.02294,0.81494,1.26269,31.16
$BARO,56932.177,77620.45,30.47
$MAG,56932.193,-0.468,-0.747,-0.897,29.6
$IMU,56932.239,1.403,4.821,-8.056,-0.10937,0.68261,1.29638,31.16
$BARO,56932.278,77928.33,30.45
$MAG,56932.293,-0.462,-0.763,-0.886,29.6
$IMU,56932.314,7.202,1.281,-2.807,0.01611,0.71728,1.24609,31.09
$VBAT,56932.329,3.831
$BARO,56932.380,77446.32,30.44
$IMU,56932.389,8.422,6.652,-8.056,0.04589,0.70605,1.23144,31.12
$MAG,56932.394,-0.459,-0.762,-0.885,29.8
$IMU,56932.464,8.605,9.094,-12.512,0.05517,0.65917,1.18603,31.12
$BARO,56932.481,77638.49,30.44
$MAG,56932.495,-0.441,-0.774,-0.886,29.6
$IMU,56932.539,4.638,13.244,-10.437,-0.01025,0.86914,1.39013,31.10
$BARO,56932.583,77878.88,30.44
$MAG,56932.596,-0.429,-0.777,-0.882,29.6
$IMU,56932.615,4.150,6.591,-5.981,0.06884,0.93261,1.43750,31.10
$BARO,56932.684,77817.01,30.45
$IMU,56932.690,1.953,7.812,-12.023,0.06445,0.92675,1.51562,31.08
$MAG,56932.697,-0.417,-0.783,-0.880,29.7
$HUM,56932.765,23.8,30.8
$IMU,56932.765,7.263,4.150,-19.714,-0.03271,1.01660,1.55371,31.11
$BARO,56932.786,77501.62,30.45
$MAG,56932.797,-0.399,-0.781,-0.874,29.8
$IMU,56932.840,8.239,3.112,-13.854,-0.03417,1.03662,1.43212,31.07
$BARO,56932.887,77507.72,30.44
$MAG,56932.898,-0.396,-0.793,-0.874,29.7
$IMU,56932.915,1.525,-1.831,-4.577,-0.02880,0.95068,1.55371,31.10
$BARO,56932.988,77691.65,30.44
$IMU,56932.990,8.850,-4.211,-4.699,0.01220,0.90673,1.55029,31.07
$MAG,56932.999,-0.390,-0.804,-0.867,29.8
$IMU,56933.065,15.319,-0.854,-8.789,-0.01806,1.06689,1.36914,31.09
$TIME,56933.079,30015.000,2365
$BARO,56933.090,77929.84,30.42
$MAG,56933.100,-0.379,-0.804,-0.861,29.7
$IMU,56933.140,-2.319,1.586,-2.685,0.06884,0.84521,1.54736,31.10
$BARO,56933.191,77904.59,30.41
$MAG,56933.201,-0.372,-0.810,-0.859,30.0
$IMU,56933.215,8.850,8.056,-8.239,0.17333,0.97363,1.44335,31.07
$IMU,56933.290,7.385,10.070,-21.911,0.02392,0.95361,1.40820,31.08
$BARO,56933.293,78115.09,30.40
$MAG,56933.302,-0.369,-0.811,-0.844,29.6
$VBAT,56933.329,3.831
$IMU,56933.365,-0.183,3.784,-15.747,0.18457,0.90039,1.48779,31.13
$BARO,56933.394,78098.67,30.39
$MAG,56933.402,-0.327,-0.825,-0.855,29.8
$IMU,56933.440,4.089,14.709,-26.367,0.05029,0.93261,1.43164,31.12
$BARO,56933.496,77915.66,30.40
$MAG,56933.503,-0.292,-0.823,-0.852,29.7
$IMU,56933.515,0.244,19.958,-24.719,0.16992,0.84228,1.48095,31.09
$IMU,56933.591,5.310,26.672,-30.212,-0.04345,0.93115,1.40527,31.07
$BARO,56933.597,78053.50,30.41
$MAG,56933.604,-0.277,-0.829,-0.849,29.6
$IMU,56933.666,7.141,10.314,-11.535,0.22802,0.86572,1.43408,31.05
$BARO,56933.698,78326.08,30.43
$MAG,56933.705,-0.243,-0.826,-0.834,30.0
$IMU,56933.741,10.192,14.831,-25.939,0.09277,0.89111,1.47509,31.05
$HUM,56933.782,24.6,30.6
$BARO,56933.800,77984.52,30.45
$MAG,56933.806,-0.211,-0.829,-0.832,29.7
$IMU,56933.816,7.812,10.253,-17.761,0.29833,1.14892,1.52490,31.08
$IMU,56933.891,-1.708,24.963,-28.442,0.14013,0.89208,1.59423,31.05
$BARO,56933.901,78227.22,30.44
$MAG,56933.907,-0.177,-0.826,-0.820,29.6
$IMU,56933.966,11.169,22.216,-26.672,0.07373,0.90869,1.50683,31.07
$BARO,56934.003,78378.03,30.44
$MAG,56934.007,-0.165,-0.829,-0.811,29.6
$IMU,56934.041,12.695,2.624,-11.108,0.18896,1.05859,1.42675,31.07
$TIME,56934.079,30015.000,2365
$BARO,56934.104,78252.62,30.47
$MAG,56934.108,-0.165,-0.823,-0.807,29.8
$IMU,56934.116,1.708,4.699,-11.474,0.06054,0.86181,1.41357,31.01
$IMU,56934.191,5.187,-5.554,-5.737,0.19531,0.88232,1.30615,31.05
$BARO,56934.206,78360.89,30.49
$MAG,56934.209,-0.156,-0.826,-0.813,30.0
$IMU,56934.266,-2.807,-1.342,2.380,0.06982,0.79003,1.46923,31.06
$BARO,56934.307,78375.03,30.51
$MAG,56934.310,-0.177,-0.828,-0.807,29.7
$IMU,56934.341,10.498,-12.817,6.103,0.23144,0.83593,1.32812,31.08
$VBAT,56934.341,3.821
$BARO,56934.409,78439.72,30.53
$MAG,56934.411,-0.175,-0.843,-0.813,29.7
$IMU,56934.416,7.080,-1.586,3.051,0.08496,0.80224,1.29589,31.04
$IMU,56934.491,0.366,-9.399,8.605,0.18603,0.79003,1.35253,31.08
$BARO,56934.510,78467.61,30.54
$MAG,56934.511,-0.184,-0.835,-0.795,29.6
$IMU,56934.566,0.732,-6.896,11.352,0.12353,0.77783,1.33691,31.07
$BARO,56934.611,78544.97,30.55
$MAG,56934.612,-0.198,-0.844,-0.802,29.6
$IMU,56934.642,0.671,-13.427,12.390,0.18310,0.76904,1.47998,31.03
$BARO,56934.713,78586.29,30.56
$MAG,56934.713,-0.211,-0.846,-0.790,29.7
$IMU,56934.717,12.023,-11.413,6.469,0.07177,0.76269,1.35644,31.09
$IMU,56934.792,10.498,-8.850,9.338,0.18847,0.82275,1.29931,31.08
$HUM,56934.798,24.9,30.7
$BARO,56934.814,78705.70,30.55
$MAG,56934.814,-0.220,-0.850,-0.784,29.6
$IMU,56934.867,3.173,-2.807,6.469,0.11083,0.74218,1.30419,31.04
$MAG,56934.915,-0.234,-0.853,-0.787,30.0
$BARO,56934.916,78535.61,30.56
$IMU,56934.942,1.892,-6.408,7.385,0.08642,0.68408,1.26513,31.02
$MAG,56935.016,-0.232,-0.850,-0.787,29.8
$BARO,56935.017,78467.07,30.56
$IMU,56935.017,1.708,-11.047,5.920,0.18359,0.76904,1.24755,31.00
$TIME,56935.079,30016.000,2365
$IMU,56935.092,-3.173,-0.915,-0.488,0.04296,0.60693,1.34521,31.03
$MAG,56935.116,-0.246,-0.852,-0.783,29.8
$BARO,56935.119,78817.78,30.57
$IMU,56935.167,8.728,-4.272,8.422,0.16308,0.71191,1.27001,31.07
$MAG,56935.217,-0.244,-0.853,-0.778,29.7
$BARO,56935.220,78710.58,30.58
$IMU,56935.242,5.615,1.220,5.615,0.01904,0.69970,1.21630,31.04
$IMU,56935.317,-1.159,-6.958,15.502,0.00781,0.74511,1.26074,31.02
$MAG,56935.318,-0.273,-0.865,-0.775,29.6
$BARO,56935.322,78552.04,30.58
$VBAT,56935.343,3.824
$IMU,56935.392,-5.981,-18.920,23.559,0.14355,0.60449,1.39843,31.05
$MAG,56935.419,-0.294,-0.858,-0.781,29.6
$BARO,56935.423,78498.54,30.59
$IMU,56935.467,5.065,-11.901,14.648,-0.00634,0.74267,1.32666,31.01
$MAG,56935.520,-0.325,-0.850,-0.763,29.7
$BARO,56935.525,78589.58,30.59
$IMU,56935.542,2.685,-12.634,26.184,0.08203,0.70947,1.34423,31.03
$IMU,56935.618,3.417,-7.446,25.268,-0.05517,0.72363,1.37158,31.02
$MAG,56935.620,-0.354,-0.850,-0.771,29.7
$BARO,56935.626,78826.75,30.58
$IMU,56935.693,4.089,-22.949,35.705,-0.00683,0.63769,1.33105,31.03
$MAG,56935.721,-0.402,-0.847,-0.760,29.6
$BARO,56935.727,78886.12,30.57
$IMU,56935.768,3.234,-36.926,48.950,0.04150,0.71191,1.32421,31.02
$HUM,56935.815,25.9,30.7
$MAG,56935.822,-0.454,-0.835,-0.741,29.7
$BARO,56935.829,78909.11,30.57
$IMU,56935.843,4.272,-39.062,37.231,0.11914,0.69482,1.24511,30.97
$IMU,56935.918,-0.488,-16.418,26.855,-0.02294,0.64941,1.32861,31.03
$MAG,56935.923,-0.483,-0.826,-0.741,29.6
$BARO,56935.930,78855.78,30.56
$IMU,56935.993,1.464,-1.281,29.846,0.02685,0.70849,1.26953,31.06
$MAG,56936.024,-0.496,-0.820,-0.756,29.5
$BARO,56936.032,78956.47,30.54
$IMU,56936.068,-1.892,8.422,17.883,-0.41845,0.59716,1.19189,30.98
$TIME,56936.079,30018.000,2365
$MAG,56936.125,-0.523,-0.817,-0.744,29.8
$BARO,56936.133,78816.09,30.52
$IMU,56936.143,-3.356,-13.793,27.526,-0.31054,0.67529,1.25634,30.98
$IMU,56936.218,-5.371,-24.414,30.029,-0.13574,0.54541,1.27343,30.96
$MAG,56936.225,-0.550,-0.798,-0.733,29.6
$BARO,56936.235,78664.60,30.50
$IMU,56936.293,4.333,-6.164,13.977,-0.52246,0.53466,1.07763,30.98
$MAG,56936.326,-0.564,-0.796,-0.730,29.6
$BARO,56936.336,78912.16,30.49
$VBAT,56936.348,3.819
$IMU,56936.368,-1.098,-8.911,12.268,-0.49951,0.50781,1.08642,31.01
$MAG,56936.427,-0.573,-0.786,-0.739,29.5
$BARO,56936.438,79167.36,30.50
$IMU,56936.443,-3.540,3.906,14.343,-0.55322,0.39697,1.12939,31.03
$IMU,56936.518,9.216,6.958,22.216,-0.31298,0.54199,0.94531,30.98
$MAG,56936.528,-0.580,-0.778,-0.733,29.6
$BARO,56936.539,79256.79,30.50
$IMU,56936.594,-0.976,11.535,5.798,-0.38330,0.35205,1.01806,30.98
$MAG,56936.629,-0.594,-0.769,-0.733,29.6
$BARO,56936.641,78720.11,30.49
$IMU,56936.669,3.540,2.136,3.845,-0.36816,0.63232,0.96093,31.00
$MAG,56936.730,-0.580,-0.774,-0.738,29.6
$BARO,56936.742,78726.32,30.49
$IMU,56936.744,-7.080,0.549,-9.399,-0.39599,0.33837,1.10205,30.96
$IMU,56936.819,4.455,4.943,-6.469,-0.39599,0.51660,0.89501,30.97
$MAG,56936.830,-0.574,-0.772,-0.750,29.6
$HUM,56936.831,26.3,30.7
$BARO,56936.843,79124.29,30.49
$IMU,56936.894,-10.742,4.394,-4.211,-0.32568,0.35205,0.98730,30.96
$MAG,56936.931,-0.562,-0.781,-0.757,29.6
$BARO,56936.945,79416.79,30.49
$IMU,56936.969,-8.422,8.728,-10.192,-0.32275,0.30712,0.95996,30.94
$MAG,56937.032,-0.550,-0.789,-0.774,29.6
$IMU,56937.044,-5.798,10.009,-11.962,-0.29345,0.28613,0.89306,30.93
$BARO,56937.046,79296.94,30.50
$TIME,56937.078,30019.000,2365
$IMU,56937.119,-2.136,13.854,-6.530,-0.27880,0.29199,0.82714,30.97
$MAG,56937.133,-0.544,-0.787,-0.777,29.7
$BARO,56937.148,79104.55,30.51
$IMU,56937.194,-3.234,4.028,-6.774,-0.09765,0.27734,0.82031,30.92
$MAG,56937.234,-0.538,-0.786,-0.789,29.6
$BARO,56937.249,78783.60,30.51
$IMU,56937.269,-7.507,9.765,-9.460,-0.05664,0.16845,0.89794,30.93
$MAG,56937.334,-0.516,-0.793,-0.777,29.6
$IMU,56937.344,6.469,16.479,-20.202,-0.24121,0.25878,0.85156,30.96
$BARO,56937.351,78794.18,30.52
$VBAT,56937.359,3.831
$IMU,56937.419,6.652,4.394,-18.615,-0.12500,0.36083,0.78076,30.97
$MAG,56937.435,-0.501,-0.805,-0.784,29.6
$BARO,56937.452,79375.18,30.50
$IMU,56937.494,-13.793,11.718,-7.995,-0.12304,0.35058,0.93310,30.95
$MAG,56937.536,-0.489,-0.802,-0.811,29.6
$BARO,56937.553,79478.53,30.49
$IMU,56937.569,-19.042,11.962,-5.676,-0.03662,0.22119,0.92626,30.94
$MAG,56937.637,-0.462,-0.796,-0.826,29.5
$IMU,56937.645,-19.165,15.075,-17.028,-0.11572,0.22265,0.84277,30.98
$BARO,56937.655,79395.59,30.49
$IMU,56937.720,-24.597,13.671,-12.817,-0.14990,0.17089,0.95117,30.97
$MAG,56937.738,-0.453,-0.786,-0.843,29.6
$BARO,56937.756,79854.25,30.48
$IMU,56937.795,-14.099,9.643,-8.178,-0.15820,0.09179,0.90673,30.98
$MAG,56937.838,-0.451,-0.790,-0.853,29.6
$HUM,56937.847,26.4,30.7
$BARO,56937.858,79645.43,30.48
$IMU,56937.870,-6.164,6.652,1.586,-0.06494,0.09716,0.79296,30.95
$MAG,56937.939,-0.456,-0.780,-0.856,29.6
$IMU,56937.945,-7.812,2.319,5.432,-0.04980,0.15429,0.86865,30.96
$BARO,56937.959,79826.93,30.49
$IMU,56938.020,-5.187,-2.624,-9.704,-0.04882,0.09863,0.96875,30.93
$MAG,56938.040,-0.435,-0.784,-0.861,29.6
$BARO,56938.061,79770.47,30.51
$IMU,56938.095,9.338,4.699,-8.789,-0.12792,0.06005,0.84179,30.96
$MAG,56938.141,-0.441,-0.786,-0.850,29.7
$BARO,56938.162,79786.51,30.51
$IMU,56938.170,11.840,1.403,0.732,-0.06445,0.28027,0.85937,30.94
$MAG,56938.242,-0.426,-0.795,-0.859,29.7
$IMU,56938.245,-4.394,-0.305,-4.760,-0.13867,0.13427,0.97998,30.91
$BARO,56938.264,79712.41,30.51
$IMU,56938.320,2.929,-5.981,-2.685,-0.05126,0.15576,0.91894,30.93
$MAG,56938.343,-0.426,-0.792,-0.849,29.5
$BARO,56938.365,79907.75,30.51
$VBAT,56938.365,3.829
$IMU,56938.395,3.540,-0.366,1.586,-0.11474,0.20312,0.82031,30.90
$MAG,56938.443,-0.430,-0.795,-0.852,29.6
$BARO,56938.466,79880.72,30.51
$IMU,56938.470,-3.784,-0.244,-4.028,-0.06591,0.03369,0.81445,30.96
$MAG,56938.544,-0.427,-0.798,-0.855,29.6
$IMU,56938.545,0.732,2.563,-0.061,0.00439,0.15527,0.82861,30.94
$BARO,56938.568,79704.56,30.51
$IMU,56938.621,2.136,2.136,-4.394,-0.05664,0.01464,0.80126,30.93
$MAG,56938.645,-0.427,-0.798,-0.843,29.5
$BARO,56938.669,79886.06,30.52
$IMU,56938.696,9.887,1.220,0.122,-0.04492,0.13476,0.68750,30.91
$MAG,56938.746,-0.421,-0.793,-0.847,29.6
$BARO,56938.771,80040.33,30.51
$IMU,56938.771,-2.685,1.892,-1.281,0.08203,0.13183,0.78759,30.91
$IMU,56938.846,-6.530,13.916,-16.967,-0.06884,0.13183,0.90478,30.92
$MAG,56938.847,-0.409,-0.799,-0.853,29.7
$HUM,56938.864,26.7,30.8
$BARO,56938.872,80023.39,30.51
$IMU,56938.921,1.586,13.671,-10.986,-0.02880,0.11328,0.86621,30.96
$MAG,56938.947,-0.390,-0.793,-0.856,29.6
$BARO,56938.974,79838.19,30.51
$IMU,56938.996,5.920,12.207,-8.117,-0.01025,0.12451,0.80273,30.92
$MAG,56939.048,-0.378,-0.810,-0.853,29.6
$IMU,56939.071,3.967,9.338,-7.507,0.00683,0.17285,0.83642,30.91
$BARO,56939.075,79952.75,30.50
$TIME,56939.078,30021.000,2365
$IMU,56939.146,3.601,6.958,-10.559,-0.04394,0.12890,0.87890,30.92
$MAG,56939.149,-0.379,-0.808,-0.850,29.6
$BARO,56939.176,79851.11,30.49
$IMU,56939.221,4.882,2.136,-13.366,-0.04638,0.19531,0.85791,30.94
$MAG,56939.250,-0.358,-0.820,-0.850,29.6
$BARO,56939.278,79761.36,30.49
$IMU,56939.296,-0.305,1.586,-9.948,-0.00830,0.18945,0.84863,30.89
$MAG,56939.351,-0.339,-0.817,-0.849,29.6
$VBAT,56939.368,3.827
$IMU,56939.371,-3.356,2.075,-9.216,-0.00976,0.17285,0.87548,30.93
$BARO,56939.379,80304.16,30.48
$IMU,56939.446,-2.868,0.427,-4.272,0.00976,0.23974,0.89208,30.91
$MAG,56939.452,-0.354,-0.810,-0.844,29.5
$BARO,56939.481,79924.84,30.48
$IMU,56939.521,-5.126,-0.976,-7.751,-0.00390,0.19042,0.89843,30.92
$MAG,56939.552,-0.340,-0.816,-0.853,29.5
$BARO,56939.582,80038.50,30.47
$IMU,56939.597,-1.464,3.479,-5.859,0.00244,0.16113,0.88867,30.89
$MAG,56939.653,-0.330,-0.813,-0.861,29.7
$IMU,56939.672,1.220,5.371,-0.976,0.03076,0.21142,0.87597,30.86
$BARO,56939.684,79916.46,30.46
$IMU,56939.747,-2.502,1.342,-8.544,0.01123,0.19531,0.92480,30.89
$MAG,56939.754,-0.325,-0.814,-0.858,29.5
$BARO,56939.785,80230.41,30.44
$IMU,56939.822,0.061,-2.075,-2.746,0.05029,0.18261,0.94384,30.88
$MAG,56939.855,-0.319,-0.819,-0.861,29.8
$HUM,56939.880,26.6,30.8
$BARO,56939.887,80120.57,30.44
$IMU,56939.897,3.173,-1.403,-4.943,-0.00097,0.21435,0.92675,30.88
$MAG,56939.956,-0.319,-0.817,-0.850,29.5
$IMU,56939.972,2.502,-3.112,-4.638,0.07763,0.13720,0.95458,30.90
$BARO,56939.988,79870.00,30.42
$IMU,56940.047,5.310,6.469,-7.507,0.02343,0.26416,0.89843,30.89
$MAG,56940.056,-0.309,-0.816,-0.852,29.5
$BARO,56940.089,80157.28,30.41
$IMU,56940.122,-2.624,8.239,-8.789,0.04882,0.17919,0.99218,30.88
$MAG,56940.157,-0.301,-0.825,-0.852,29.6
$BARO,56940.191,80245.83,30.40
$IMU,56940.197,4.089,8.605,-5.737,0.05322,0.28564,0.99072,30.90
$MAG,56940.258,-0.276,-0.823,-0.849,29.6
$IMU,56940.272,1.464,8.728,-10.498,0.09619,0.32910,0.96484,30.90
$BARO,56940.292,80091.13,30.39
$IMU,56940.347,-2.685,14.038,-17.211,0.07324,0.15917,1.00146,30.87
$MAG,56940.359,-0.255,-0.826,-0.847,29.5
$VBAT,56940.370,3.834
$BARO,56940.394,80283.79,30.39
$IMU,56940.422,3.601,18.615,-10.864,0.07470,0.26074,0.95996,30.85
$MAG,56940.460,-0.253,-0.823,-0.853,29.5
$BARO,56940.495,80100.58,30.38
$IMU,56940.497,-1.342,13.671,-13.427,-0.08886,0.25195,0.99121,30.87
$MAG,56940.560,-0.256,-0.823,-0.849,29.7
$IMU,56940.572,2.807,-4.638,1.098,-0.00927,0.25537,0.95654,30.85
$BARO,56940.597,80303.82,30.37
$IMU,56940.648,-0.183,-8.972,8.422,-0.04638,0.30664,0.98193,30.92
$MAG,56940.661,-0.261,-0.820,-0.855,29.5
$BARO,56940.698,80004.84,30.37
$IMU,56940.723,-4.394,-13.305,7.202,-0.04052,0.29101,1.01464,30.87
$MAG,56940.762,-0.283,-0.811,-0.853,29.5
$IMU,56940.798,-0.549,-13.122,12.207,-0.04687,0.16162,1.01367,30.85
$BARO,56940.799,80326.00,30.36
$MAG,56940.863,-0.304,-0.816,-0.840,29.6
$IMU,56940.873,7.812,-13.793,21.728,-0.03417,0.28417,0.93505,30.91
$HUM,56940.897,26.9,30.7
$BARO,56940.901,80121.08,30.36
$IMU,56940.948,-0.061,-24.169,22.277,0.06542,0.25537,1.02343,30.90
$MAG,56940.964,-0.336,-0.825,-0.846,29.6
$BARO,56941.002,80480.54,30.36
$IMU,56941.023,2.868,-17.028,13.427,-0.07421,0.25830,1.04345,30.86
$MAG,56941.064,-0.357,-0.825,-0.837,29.6
$TIME,56941.078,30022.000,2365
$IMU,56941.098,6.652,-16.845,18.676,-0.06591,0.25146,0.97167,30.82
$BARO,56941.104,80025.48,30.36
$MAG,56941.165,-0.390,-0.822,-0.825,29.5
$IMU,56941.173,4.882,-18.371,22.460,-0.00195,0.26416,0.94384,30.88
$BARO,56941.205,80413.85,30.35
$IMU,56941.248,-2.929,-13.793,20.080,-0.01416,0.38232,1.02734,30.85
$MAG,56941.266,-0.405,-0.819,-0.838,29.5
$BARO,56941.307,80299.26,30.36
$IMU,56941.323,-10.742,-19.775,14.404,-0.00781,0.20751,1.11914,30.85
$MAG,56941.367,-0.427,-0.813,-0.828,29.5
$VBAT,56941.370,3.826
$IMU,56941.398,-0.061,-15.258,8.666,-0.06103,0.30615,1.00097,30.88
$BARO,56941.408,80383.77,30.34
$MAG,56941.468,-0.423,-0.810,-0.825,29.5
$IMU,56941.473,-1.953,-6.347,12.145,0.02490,0.18994,1.08837,30.87
$BARO,56941.510,80475.40,30.35
$IMU,56941.548,1.892,-7.080,5.126,-0.03710,0.19189,0.98632,30.85
$MAG,56941.568,-0.448,-0.805,-0.828,29.5
$BARO,56941.611,80811.60,30.34
$IMU,56941.624,-5.432,-13.000,-1.159,-0.11279,0.19189,0.99365,30.88
$MAG,56941.669,-0.463,-0.807,-0.825,29.5
$IMU,56941.699,-0.671,-12.023,6.164,0.05468,0.06494,0.96142,30.87
$BARO,56941.712,80858.77,30.36
$MAG,56941.770,-0.445,-0.805,-0.816,29.6
$IMU,56941.774,4.577,2.319,-4.028,0.04248,0.15380,0.83691,30.84
$BARO,56941.814,80823.13,30.38
$IMU,56941.849,-2.075,18.127,-4.028,0.03125,0.13085,0.88085,30.84
$MAG,56941.871,-0.427,-0.807,-0.823,29.5
$HUM,56941.913,27.1,30.7
$BARO,56941.915,80674.86,30.39
$IMU,56941.924,0.061,17.211,-19.653,0.03955,0.19287,0.88037,30.81
$MAG,56941.972,-0.394,-0.813,-0.828,29.5
$IMU,56941.999,-1.464,19.653,-23.132,0.05126,0.20947,0.95751,30.88
$BARO,56942.017,80831.20,30.39
$MAG,56942.072,-0.358,-0.814,-0.834,29.5
$IMU,56942.074,4.028,25.573,-26.184,0.03466,0.17626,0.97167,30.85
$TIME,56942.078,30023.000,2365
$BARO,56942.118,80334.39,30.39
$IMU,56942.149,7.446,28.869,-30.029,0.03417,0.27929,1.00195,30.85
$MAG,56942.173,-0.315,-0.828,-0.829,29.5
$BARO,56942.220,80275.79,30.39
$IMU,56942.224,7.080,32.043,-30.029,-0.04052,0.38720,0.97265,30.85
$MAG,56942.274,-0.283,-0.832,-0.835,29.7
$IMU,56942.299,-1.037,19.836,-23.437,0.04541,0.17041,1.11328,30.85
$BARO,56942.321,80908.71,30.39
$IMU,56942.374,11.596,13.366,-31.921,0.08203,0.40429,1.00000,30.80
$MAG,56942.375,-0.240,-0.835,-0.822,29.6
$VBAT,56942.376,3.818
$BARO,56942.422,80463.75,30.39
$IMU,56942.449,-1.586,27.099,-28.320,0.00195,0.35058,1.06005,30.83
$MAG,56942.476,-0.208,-0.835,-0.820,29.6
$BARO,56942.524,80525.20,30.39
$IMU,56942.524,-2.197,23.925,-22.705,0.11230,0.32226,1.08593,30.80
$MAG,56942.576,-0.186,-0.831,-0.823,29.6
$IMU,56942.599,5.493,27.587,-23.376,0.04541,0.26367,1.08642,30.83
$BARO,56942.625,80699.33,30.38
$IMU,56942.675,12.268,10.986,-22.277,-0.04296,0.48974,1.12402,30.85
$MAG,56942.677,-0.159,-0.831,-0.805,29.6
$BARO,56942.727,80951.54,30.39
$IMU,56942.750,5.432,-7.812,-14.526,0.03173,0.42578,1.18359,30.82
$MAG,56942.778,-0.157,-0.834,-0.802,29.5
$IMU,56942.825,6.530,2.929,-5.981,-0.05859,0.53222,1.21191,30.80
$BARO,56942.828,80806.12,30.40
$MAG,56942.879,-0.154,-0.829,-0.799,29.5
$IMU,56942.900,7.507,-2.990,3.356,0.02343,0.56494,1.25830,30.82
$HUM,56942.929,27.5,30.7
$BARO,56942.930,80902.84,30.39
$IMU,56942.975,6.835,-5.920,2.075,-0.10449,0.52490,1.22802,30.81
$MAG,56942.979,-0.178,-0.828,-0.786,29.5
$BARO,56943.031,80931.33,30.40
$IMU,56943.050,5.371,-10.437,15.075,-0.00244,0.62744,1.19091,30.86
$TIME,56943.078,30024.000,2365
$MAG,56943.080,-0.192,-0.835,-0.799,29.5
$IMU,56943.125,-6.958,-9.216,14.404,0.09277,0.60742,1.28173,30.78
$BARO,56943.132,80814.09,30.40
$MAG,56943.181,-0.199,-0.843,-0.804,29.5
$IMU,56943.200,-9.887,-1.586,13.183,-0.03271,0.52001,1.34326,30.82
$BARO,56943.234,80795.69,30.40
$IMU,56943.275,0.671,-12.145,9.582,0.07373,0.57373,1.28955,30.80
$MAG,56943.282,-0.205,-0.840,-0.810,29.5
$BARO,56943.335,81211.26,30.40
$IMU,56943.350,-0.732,-6.835,9.582,-0.00732,0.53710,1.24511,30.81
$MAG,56943.383,-0.226,-0.837,-0.808,29.6
$VBAT,56943.386,3.834
$IMU,56943.425,-2.075,-8.666,12.878,0.03515,0.50244,1.32763,30.85
$BARO,56943.437,81095.04,30.41
$MAG,56943.484,-0.246,-0.846,-0.799,29.5
$IMU,56943.500,8.728,-4.028,7.812,0.03613,0.53222,1.20507,30.81
$BARO,56943.538,80922.63,30.40
$IMU,56943.575,6.347,-9.033,7.629,-0.07958,0.51367,1.21191,30.87
$MAG,56943.584,-0.247,-0.849,-0.799,29.5
$BARO,56943.640,81206.58,30.41
$IMU,56943.651,4.028,-21.057,20.446,-0.04687,0.53222,1.27001,30.80
$MAG,56943.685,-0.279,-0.855,-0.786,29.5
$IMU,56943.726,5.859,-19.592,20.324,-0.06005,0.61962,1.26757,30.81
$BARO,56943.741,80681.37,30.41
$MAG,56943.786,-0.322,-0.847,-0.792,29.5
$IMU,56943.801,-1.037,-24.902,25.939,0.02587,0.72265,1.38671,30.83
$BARO,56943.843,81358.48,30.41
$IMU,56943.876,-0.366,-17.639,19.531,-0.06640,0.64257,1.46240,30.81
$MAG,56943.887,-0.340,-0.846,-0.793,29.5
$BARO,56943.944,80777.40,30.40
$HUM,56943.946,27.4,30.7
$IMU,56943.951,11.535,-16.601,19.592,-0.07177,0.75244,1.42285,30.79
$MAG,56943.988,-0.357,-0.855,-0.775,29.5
$IMU,56944.026,4.516,-16.662,17.150,-0.07421,0.77636,1.39892,30.79
$BARO,56944.045,80975.82,30.39
$TIME,56944.078,30026.000,2365
$MAG,56944.088,-0.397,-0.849,-0.774,29.5
$IMU,56944.101,-5.920,-17.272,17.639,-0.04833,0.80712,1.59130,30.81
$BARO,56944.147,80919.73,30.39
$IMU,56944.176,6.103,-13.427,15.136,-0.14697,0.69726,1.58447,30.79
$MAG,56944.189,-0.408,-0.846,-0.756,29.5
$BARO,56944.248,81380.88,30.37
$IMU,56944.251,12.756,-19.042,15.258,-0.17480,0.87841,1.46240,30.80
$MAG,56944.290,-0.423,-0.849,-0.753,29.5
$IMU,56944.326,-0.732,-17.028,14.404,-0.16308,0.70800,1.56689,30.78
$BARO,56944.350,80721.51,30.37
$MAG,56944.391,-0.456,-0.846,-0.736,29.3
$VBAT,56944.392,3.826
$IMU,56944.401,7.080,-15.075,21.545,-0.10791,0.75341,1.54443,30.81
$BARO,56944.451,81090.48,30.36
$IMU,56944.476,8.850,-12.939,13.916,-0.21142,0.78417,1.50830,30.77
$MAG,56944.492,-0.465,-0.843,-0.735,29.5
$IMU,56944.551,8.728,-16.235,11.291,-0.24755,0.72998,1.50439,30.80
$BARO,56944.553,81129.48,30.36
$MAG,56944.592,-0.490,-0.837,-0.715,29.5
$IMU,56944.626,10.986,-11.291,18.432,-0.22753,0.75830,1.48779,30.76
$BARO,56944.654,81343.81,30.37
$MAG,56944.693,-0.498,-0.837,-0.712,29.5
$IMU,56944.702,7.080,-7.690,13.916,-0.26318,0.80566,1.49414,30.79
$BARO,56944.756,81337.23,30.37
$IMU,56944.777,4.638,-11.718,17.028,-0.24316,0.61767,1.40283,30.81
$MAG,56944.794,-0.517,-0.825,-0.693,29.3
$IMU,56944.852,9.399,-15.441,18.737,-0.25195,0.72167,1.32519,30.74
$BARO,56944.857,81478.89,30.37
$MAG,56944.895,-0.526,-0.826,-0.684,29.3
$IMU,56944.927,1.220,-15.502,16.174,-0.19335,0.63378,1.38574,30.79
$BARO,56944.958,81382.59,30.38
$HUM,56944.962,27.6,30.7
$MAG,56944.996,-0.549,-0.811,-0.687,29.3
$IMU,56945.002,3.601,-3.051,12.207,-0.29833,0.66699,1.32617,30.80
$BARO,56945.060,81668.97,30.38
$IMU,56945.077,4.089,-12.084,17.944,-0.16308,0.64013,1.31884,30.77
$TIME,56945.078,30027.000,2365
$MAG,56945.096,-0.564,-0.808,-0.667,29.5
$IMU,56945.152,7.934,-13.366,7.995,-0.18798,0.64355,1.31787,30.79
$BARO,56945.161,81310.44,30.38
$MAG,56945.197,-0.561,-0.816,-0.649,29.5
$IMU,56945.227,5.432,-8.728,-2.807,-0.40722,0.62890,1.31298,30.80
$BARO,56945.263,81448.67,30.38
$MAG,56945.298,-0.559,-0.801,-0.655,29.5
$IMU,56945.302,2.014,1.159,1.647,-0.38037,0.60253,1.40771,30.79
$BARO,56945.364,81551.85,30.39
$IMU,56945.377,6.347,8.117,6.408,-0.24267,0.74511,1.37500,30.75
$VBAT,56945.395,3.824
$MAG,56945.399,-0.567,-0.813,-0.675,29.5
$IMU,56945.452,-2.563,18.127,-4.638,-0.28076,0.65429,1.42675,30.75
$BARO,56945.466,81211.69,30.38
$MAG,56945.499,-0.547,-0.814,-0.678,29.5
$IMU,56945.527,-3.601,19.836,-15.136,-0.18115,0.60839,1.38964,30.78
$BARO,56945.567,81684.93,30.38
$MAG,56945.600,-0.526,-0.820,-0.691,29.5
$IMU,56945.602,-3.906,23.925,-28.808,-0.26611,0.57031,1.27001,30.75
$BARO,56945.668,81607.52,30.39
$IMU,56945.678,-8.422,6.530,-25.756,0.03466,0.48291,1.26074,30.72
$MAG,56945.701,-0.492,-0.837,-0.706,29.3
$IMU,56945.753,-4.760,29.052,-42.663,-0.13232,0.49169,1.13281,30.73
$BARO,56945.770,81565.08,30.39
$MAG,56945.802,-0.447,-0.850,-0.718,29.2
$IMU,56945.828,-8.422,29.846,-37.963,0.04443,0.46093,1.14208,30.80
$BARO,56945.871,81785.31,30.37
$MAG,56945.903,-0.388,-0.859,-0.726,29.5
$IMU,56945.903,-4.577,29.663,-38.818,0.04296,0.30126,1.10546,30.74
$BARO,56945.973,81638.28,30.37
$IMU,56945.978,7.080,34.545,-55.541,-0.11865,0.62939,0.98876,30.75
$HUM,56945.979,27.6,30.7
$MAG,56946.003,-0.333,-0.868,-0.747,29.5
$IMU,56946.053,-13.427,31.921,-41.625,0.03759,0.35205,1.18408,30.73
$BARO,56946.074,81756.40,30.37
$TIME,56946.078,30028.000,2365
$MAG,56946.104,-0.286,-0.861,-0.745,29.5
$IMU,56946.128,-0.244,31.799,-44.494,0.21630,0.60351,1.08447,30.80
$BARO,56946.176,81874.04,30.37
$IMU,56946.203,-9.887,37.780,-42.541,0.08398,0.48046,1.13671,30.70
$MAG,56946.205,-0.232,-0.861,-0.748,29.5
$BARO,56946.277,81991.55,30.38
$IMU,56946.278,-2.868,24.780,-39.489,0.19873,0.51904,1.11962,30.77
$MAG,56946.306,-0.181,-0.855,-0.751,29.3
$IMU,56946.353,-1.953,31.616,-40.344,0.13720,0.63281,1.14404,30.76
$BARO,56946.379,81750.92,30.38
$VBAT,56946.402,3.834
$MAG,56946.407,-0.151,-0.859,-0.748,29.3
$IMU,56946.428,-6.286,29.296,-29.052,0.11279,0.50878,1.25585,30.76
$BARO,56946.480,81734.15,30.39
$IMU,56946.503,8.056,19.042,-16.296,0.23876,0.67285,1.16601,30.74
$MAG,56946.507,-0.133,-0.849,-0.733,29.5
$IMU,56946.578,3.051,8.239,-17.272,0.20458,0.72949,1.29394,30.74
$BARO,56946.582,81733.54,30.39
$MAG,56946.608,-0.111,-0.853,-0.741,29.5
$IMU,56946.654,-3.906,-4.455,-15.014,-0.06738,0.66552,1.37109,30.75
$BARO,56946.683,81939.19,30.40
$MAG,56946.709,-0.118,-0.840,-0.748,29.5
$IMU,56946.729,3.356,-20.507,-0.244,0.11279,0.57177,1.35742,30.76
$BARO,56946.784,81764.06,30.39
$IMU,56946.804,12.756,-14.404,15.686,0.10839,0.67578,1.25830,30.74
$MAG,56946.810,-0.151,-0.867,-0.736,29.5
$IMU,56946.879,4.150,-27.893,15.991,0.20263,0.74218,1.28662,30.73
$BARO,56946.886,81887.56,30.40
$MAG,56946.911,-0.175,-0.846,-0.750,29.3
$IMU,56946.954,-5.493,-27.954,8.728,0.28173,0.63476,1.29345,30.75
$BARO,56946.987,81914.55,30.39
$HUM,56946.995,27.8,30.8
$MAG,56947.011,-0.163,-0.856,-0.751,29.3
$IMU,56947.029,-2.258,-6.530,-4.089,0.21337,0.63330,1.34863,30.78
$BARO,56947.089,81754.87,30.40
$IMU,56947.104,-1.525,8.544,-7.751,0.27929,0.79785,1.44775,30.72
$MAG,56947.112,-0.139,-0.843,-0.750,29.5
$IMU,56947.179,-10.253,20.874,-20.324,0.16992,0.72558,1.57080,30.74
$BARO,56947.190,81953.64,30.40
$MAG,56947.213,-0.120,-0.837,-0.756,29.5
$IMU,56947.254,-6.225,25.390,-12.634,0.09326,0.64648,1.62939,30.73
$BARO,56947.292,82172.53,30.41
$MAG,56947.314,-0.105,-0.835,-0.741,29.5
$IMU,56947.329,-1.220,8.666,-8.972,0.12744,0.78906,1.53906,30.71
$BARO,56947.393,82082.81,30.42
$VBAT,56947.402,3.829
$IMU,56947.404,-12.634,-1.892,-11.840,0.05175,0.49267,1.52783,30.73
$MAG,56947.415,-0.102,-0.840,-0.771,29.5
$IMU,56947.479,1.098,-11.901,-1.708,0.16455,0.60009,1.49658,30.75
$BARO,56947.495,82070.77,30.44
$MAG,56947.515,-0.106,-0.834,-0.765,29.5
$IMU,56947.554,7.202,-8.789,-1.342,0.20117,0.39111,1.35693,30.76
$BARO,56947.596,82022.16,30.44
$MAG,56947.616,-0.106,-0.834,-0.759,29.3
$IMU,56947.629,15.930,-10.498,-12.512,0.12402,0.51513,1.00292,30.76
$BARO,56947.697,82127.88,30.44
$IMU,56947.705,-3.479,-9.399,-15.136,0.09033,0.46386,1.10644,30.74
$MAG,56947.717,-0.097,-0.835,-0.759,29.3
$IMU,56947.780,-7.690,-1.586,-5.432,0.28857,0.38964,1.36914,30.77
$BARO,56947.799,82237.22,30.43
$MAG,56947.818,-0.075,-0.822,-0.754,29.5
$IMU,56947.855,8.605,21.240,-25.451,0.18261,0.51269,1.36376,30.73
$BARO,56947.900,82060.55,30.44
$MAG,56947.919,-0.048,-0.813,-0.736,29.5
$IMU,56947.930,12.268,26.306,-24.719,0.06884,0.66357,1.28808,30.76
$BARO,56948.002,81953.94,30.44
$IMU,56948.005,4.882,12.451,-14.282,0.11621,0.57568,1.33398,30.73
$HUM,56948.011,27.9,30.8
$MAG,56948.019,-0.039,-0.816,-0.721,29.5
$TIME,56948.078,30029.000,2365
$IMU,56948.080,-1.220,2.746,-13.671,0.07177,0.59130,1.50390,30.73
$BARO,56948.103,82359.61,30.45
$MAG,56948.120,-0.028,-0.802,-0.736,29.3
$IMU,56948.155,11.474,-2.929,-11.352,0.06445,0.57177,1.42578,30.72
$BARO,56948.205,81982.72,30.44
$MAG,56948.221,-0.040,-0.811,-0.709,29.3
$IMU,56948.230,13.610,-1.892,6.591,0.10839,0.65283,1.21484,30.71
$IMU,56948.305,-9.704,-11.047,2.441,0.19628,0.58203,1.39794,30.73
$BARO,56948.306,82136.16,30.44
$MAG,56948.322,-0.036,-0.810,-0.733,29.3
$IMU,56948.380,-9.216,-6.042,-1.220,0.05664,0.43115,1.46289,30.67
$BARO,56948.407,82296.55,30.45
$VBAT,56948.408,3.829
$MAG,56948.423,-0.037,-0.814,-0.721,29.3
$IMU,56948.455,8.850,-10.803,-1.708,0.15917,0.58935,1.43310,30.71
$BARO,56948.509,82514.05,30.45
$MAG,56948.523,-0.033,-0.810,-0.721,29.5
$IMU,56948.530,7.751,4.943,-4.577,0.05908,0.58544,1.28466,30.71
$IMU,56948.605,-5.676,1.037,3.906,0.16748,0.56689,1.32421,30.72
$BARO,56948.610,82312.01,30.46
$MAG,56948.624,-0.033,-0.807,-0.730,29.5
$IMU,56948.681,-9.948,3.906,-2.075,0.07910,0.43212,1.45507,30.69
$BARO,56948.712,82315.35,30.46
$MAG,56948.725,-0.030,-0.808,-0.733,29.5
$IMU,56948.756,4.211,1.281,-4.943,0.08447,0.57910,1.50146,30.73
$BARO,56948.813,82501.33,30.46
$MAG,56948.826,-0.018,-0.808,-0.717,29.5
$IMU,56948.831,5.737,7.751,-2.502,-0.03564,0.49511,1.44384,30.69
$IMU,56948.906,11.169,-5.004,7.141,0.03613,0.54150,1.38964,30.68
$BARO,56948.915,82453.02,30.47
$MAG,56948.926,-0.040,-0.820,-0.715,29.3
$IMU,56948.981,5.126,-16.906,14.343,0.10400,0.60351,1.50634,30.71
$BARO,56949.016,82574.82,30.48
$MAG,56949.027,-0.046,-0.822,-0.730,29.3
$HUM,56949.028,27.8,30.9
$IMU,56949.056,0.793,-20.507,2.441,0.04443,0.54833,1.51171,30.72
$TIME,56949.078,30030.000,2365
$BARO,56949.117,82425.33,30.49
$MAG,56949.128,-0.060,-0.819,-0.729,29.3
$IMU,56949.131,6.408,-21.240,0.244,-0.02636,0.44677,1.42187,30.71
$IMU,56949.206,11.657,-27.587,15.380,0.01953,0.55615,1.30224,30.67
$BARO,56949.219,82620.62,30.50
$MAG,56949.229,-0.081,-0.840,-0.735,29.5
$IMU,56949.281,2.441,-29.907,11.108,0.10693,0.43603,1.31347,30.67
$BARO,56949.320,82451.53,30.51
$MAG,56949.330,-0.094,-0.837,-0.744,29.5
$IMU,56949.356,-0.915,-18.493,10.559,0.12255,0.46142,1.25097,30.72
$VBAT,56949.409,3.823
$BARO,56949.422,82331.14,30.51
$MAG,56949.430,-0.096,-0.829,-0.742,29.3
$IMU,56949.431,0.122,-11.413,5.615,0.13037,0.31591,1.20019,30.69
$IMU,56949.506,13.061,-4.760,-5.737,0.04736,0.31250,0.99072,30.72
$BARO,56949.523,82685.21,30.51
$MAG,56949.531,-0.094,-0.832,-0.735,29.3
$IMU,56949.581,8.544,-2.563,-5.371,0.00048,0.31689,0.93261,30.75
$BARO,56949.625,82742.54,30.52
$MAG,56949.632,-0.094,-0.841,-0.730,29.5
$IMU,56949.656,3.173,-1.647,2.685,0.03417,0.29931,0.92529,30.65
$BARO,56949.726,82724.04,30.51
$IMU,56949.732,1.647,-2.563,6.958,0.08837,0.29345,0.93847,30.70
$MAG,56949.733,-0.103,-0.843,-0.730,29.2
$IMU,56949.807,-2.502,-2.441,-1.037,0.03857,0.36083,0.92626,30.71
$BARO,56949.827,82749.32,30.51
$MAG,56949.834,-0.103,-0.838,-0.735,29.3
$IMU,56949.882,-9.643,-4.577,-0.610,0.00048,0.26953,1.00097,30.67
$BARO,56949.929,82661.69,30.52
$MAG,56949.935,-0.103,-0.838,-0.741,29.3
$IMU,56949.957,-1.831,-5.065,3.479,0.04052,0.24414,0.93017,30.68
$BARO,56950.030,82721.43,30.53
$IMU,56950.032,-4.943,-4.272,0.183,-0.02001,0.18847,0.88476,30.73
$MAG,56950.035,-0.111,-0.838,-0.753,29.5
$HUM,56950.044,27.6,30.9
$TIME,56950.078,30031.000,2365
$IMU,56950.107,-7.629,-8.605,4.638,0.01513,0.27343,0.92773,30.68
$BARO,56950.132,82618.42,30.52
$MAG,56950.136,-0.132,-0.834,-0.765,29.3
$IMU,56950.182,-5.737,-12.512,4.516,0.03955,0.01806,0.90527,30.68
$BARO,56950.233,82678.36,30.53
$MAG,56950.237,-0.123,-0.847,-0.751,29.5
$IMU,56950.257,12.207,-7.507,0.427,0.04003,0.24414,0.81054,30.67
$IMU,56950.332,3.784,-4.333,3.906,0.00048,0.18847,0.80859,30.67
$BARO,56950.335,82714.46,30.53
$MAG,56950.338,-0.126,-0.838,-0.756,29.3
$IMU,56950.407,-1.647,-6.347,-2.563,0.04589,0.24658,0.88330,30.71
$VBAT,56950.410,3.827
$BARO,56950.436,82580.72,30.53
$MAG,56950.439,-0.127,-0.831,-0.760,29.5
$IMU,56950.482,-1.281,3.845,-2.685,-0.01367,0.18505,1.05859,30.67
$BARO,56950.537,82929.57,30.53
$MAG,56950.539,-0.127,-0.847,-0.748,29.3
$IMU,56950.557,16.418,0.183,-4.516,0.01171,0.38476,0.99902,30.64
$IMU,56950.632,6.103,6.164,-6.958,0.01025,0.40234,1.00781,30.69
$BARO,56950.639,82733.06,30.53
$MAG,56950.640,-0.115,-0.840,-0.748,29.3
$IMU,56950.708,-2.929,13.549,-0.854,0.08300,0.34570,1.06835,30.68
$BARO,56950.740,82880.43,30.53
$MAG,56950.741,-0.094,-0.847,-0.739,29.3
$IMU,56950.783,0.976,20.324,-11.718,0.01855,0.34326,1.01318,30.67
$BARO,56950.842,82621.35,30.54
$MAG,56950.842,-0.082,-0.838,-0.724,29.3
$IMU,56950.858,4.028,9.826,-9.216,0.02880,0.26806,1.01708,30.68
$IMU,56950.933,13.916,3.723,-14.099,-0.07519,0.45117,0.91943,30.66
$BARO,56950.943,82811.69,30.53
$MAG,56950.943,-0.084,-0.838,-0.711,29.5
$IMU,56951.008,-8.972,-4.516,-1.037,0.03222,0.41894,0.98486,30.66
$MAG,56951.043,-0.082,-0.846,-0.718,29.3
$BARO,56951.045,82762.87,30.53
$HUM,56951.060,27.8,30.9
$TIME,56951.078,30032.000,2365
$IMU,56951.083,-10.803,0.854,0.915,0.02783,0.20800,1.08544,30.67
$MAG,56951.144,-0.076,-0.832,-0.726,29.3
$BARO,56951.146,82754.97,30.53
$IMU,56951.158,14.099,-7.751,-1.586,0.02929,0.45068,0.93798,30.65
$IMU,56951.233,-1.159,-10.253,-4.333,-0.04736,0.22802,0.93066,30.69
$MAG,56951.245,-0.085,-0.832,-0.724,29.3
$BARO,56951.248,82759.14,30.53
$IMU,56951.308,1.586,-9.460,6.530,0.00146,0.47216,0.95751,30.68
$MAG,56951.346,-0.099,-0.834,-0.738,29.3
$BARO,56951.349,82755.48,30.52
$IMU,56951.383,-13.610,-7.568,10.375,0.08496,0.25048,1.04150,30.70
$VBAT,56951.416,3.829
$MAG,56951.447,-0.099,-0.843,-0.730,29.2
$BARO,56951.450,82797.24,30.53
$IMU,56951.458,0.976,1.403,-1.586,0.04687,0.27587,1.00439,30.67
$IMU,56951.533,7.507,3.540,6.103,0.03027,0.39648,0.89697,30.70
$MAG,56951.547,-0.105,-0.837,-0.738,29.3
$BARO,56951.552,82759.53,30.52
$IMU,56951.608,-5.493,0.915,9.826,0.01611,0.25732,0.93847,30.66
$MAG,56951.648,-0.108,-0.846,-0.738,29.5
$BARO,56951.653,82816.74,30.52
$IMU,56951.683,-1.525,-6.530,3.723,0.10644,0.29150,0.93896,30.68
$MAG,56951.749,-0.115,-0.843,-0.738,29.5
$BARO,56951.755,82991.73,30.53
$IMU,56951.759,-0.549,-0.732,8.361,0.07617,0.22753,0.85791,30.66
$IMU,56951.834,1.647,-3.479,-2.075,0.02587,0.28857,0.89453,30.71
$MAG,56951.850,-0.106,-0.847,-0.741,29.3
$BARO,56951.856,82857.98,30.52
$IMU,56951.909,-0.122,-0.427,-2.685,-0.04589,0.27197,0.85839,30.68
$MAG,56951.951,-0.112,-0.841,-0.745,29.3
$BARO,56951.958,82788.95,30.54
$IMU,56951.984,-3.723,-8.117,7.080,0.02392,0.27734,0.86767,30.68
$MAG,56952.051,-0.135,-0.850,-0.747,29.5
$BARO,56952.059,82896.81,30.52
$IMU,56952.059,-1.403,-14.038,5.737,-0.00781,0.13037,0.86083,30.70
$HUM,56952.077,27.6,30.9
$TIME,56952.078,30034.000,2365
$IMU,56952.134,7.507,-20.812,7.385,-0.02343,0.37255,0.86181,30.67
$MAG,56952.152,-0.142,-0.847,-0.747,29.3
$BARO,56952.161,82896.49,30.52
$IMU,56952.209,-3.173,-22.583,3.601,-0.03759,0.14648,0.91943,30.67
$MAG,56952.253,-0.151,-0.852,-0.751,29.3
$BARO,56952.262,82876.29,30.53
$IMU,56952.284,3.723,-18.432,8.239,-0.14062,0.25927,0.85009,30.68
$MAG,56952.354,-0.181,-0.853,-0.747,29.5
$IMU,56952.359,3.173,-21.057,19.775,-0.06152,0.16259,0.81835,30.69
$BARO,56952.363,82902.05,30.52
$VBAT,56952.428,3.826
$IMU,56952.434,8.666,-17.089,17.578,-0.04199,0.25830,0.74560,30.63
$MAG,56952.455,-0.196,-0.849,-0.753,29.3
$BARO,56952.465,82940.27,30.53
$IMU,56952.509,1.770,-19.409,10.681,-0.00878,0.26171,0.74365,30.67
$MAG,56952.555,-0.207,-0.865,-0.754,29.3
$BARO,56952.566,82797.65,30.54
$IMU,56952.584,-5.432,-12.023,6.164,-0.01074,0.27197,0.84375,30.67
$MAG,56952.656,-0.214,-0.868,-0.760,29.5
$IMU,56952.659,-8.361,-1.220,1.159,0.02490,0.25195,0.94189,30.65
$BARO,56952.668,82946.56,30.54
$IMU,56952.735,4.150,8.422,-4.882,-0.08886,0.30419,0.95800,30.60
$MAG,56952.757,-0.199,-0.861,-0.744,29.3
$BARO,56952.769,82973.64,30.53
$IMU,56952.810,10.070,18.432,-3.906,-0.07861,0.46923,0.94580,30.65
$MAG,56952.858,-0.183,-0.864,-0.754,29.3
$BARO,56952.871,83047.64,30.54
$IMU,56952.885,-10.131,20.324,-6.958,-0.03662,0.43505,1.03027,30.66
$MAG,56952.959,-0.178,-0.852,-0.766,29.3
$IMU,56952.960,-19.470,16.784,-9.338,-0.06005,0.32080,1.13281,30.64
$BARO,56952.972,83144.58,30.55
$IMU,56953.035,-6.652,9.094,-2.929,-0.07128,0.32324,1.06201,30.65
$MAG,56953.059,-0.169,-0.846,-0.762,29.2
$BARO,56953.073,82990.73,30.54
$TIME,56953.078,30036.000,2365
$HUM,56953.093,27.6,30.9
$IMU,56953.110,-4.028,0.427,-7.934,-0.08935,0.33984,0.99316,30.66
$MAG,56953.160,-0.162,-0.838,-0.784,29.3
$BARO,56953.175,83060.29,30.55
$IMU,56953.185,-14.221,-4.150,-5.249,-0.09912,0.27587,1.02832,30.69
$IMU,56953.260,-7.019,-6.164,-4.821,0.00781,0.19921,0.93847,30.67
$MAG,56953.261,-0.172,-0.837,-0.783,29.3
$BARO,56953.276,83110.34,30.55
$IMU,56953.335,-0.671,2.014,-0.854,0.01220,0.27929,0.82763,30.64
$MAG,56953.362,-0.157,-0.841,-0.787,29.2
$BARO,56953.378,83125.81,30.55
$IMU,56953.410,-5.493,2.624,-5.676,0.03906,0.18408,0.85156,30.66
$VBAT,56953.434,3.832
$MAG,56953.463,-0.136,-0.834,-0.787,29.3
$BARO,56953.479,83315.65,30.56
$IMU,56953.485,-1.220,9.033,-15.380,-0.04394,0.26123,0.80908,30.63
$IMU,56953.560,-1.953,6.469,-19.714,0.03710,0.23242,0.86474,30.66
$MAG,56953.563,-0.120,-0.831,-0.780,29.3
$BARO,56953.580,83121.45,30.55
$IMU,56953.635,6.896,16.723,-19.165,-0.03515,0.17626,0.80419,30.66
$MAG,56953.664,-0.108,-0.825,-0.772,29.5
$BARO,56953.682,83174.83,30.55
$IMU,56953.710,11.962,11.779,-14.404,0.04199,0.43701,0.83935,30.67
$MAG,56953.765,-0.087,-0.828,-0.763,29.3
$BARO,56953.783,82991.43,30.54
$IMU,56953.786,-3.845,12.451,-10.253,0.09570,0.39599,0.95263,30.66
$IMU,56953.861,-12.207,11.047,-15.686,0.11181,0.44433,1.12353,30.68
$MAG,56953.866,-0.069,-0.811,-0.766,29.3
$BARO,56953.885,83096.17,30.54
$IMU,56953.936,-3.234,12.451,-21.240,0.09326,0.33251,1.11767,30.63
$MAG,56953.966,-0.052,-0.808,-0.768,29.3
$BARO,56953.986,83129.71,30.54
$IMU,56954.011,8.239,12.756,-20.324,0.03515,0.47705,1.00341,30.63
$MAG,56954.067,-0.024,-0.793,-0.763,29.3
$IMU,56954.086,-7.751,14.587,-18.310,-0.01904,0.45166,1.04052,30.64
$BARO,56954.088,82937.86,30.53
$HUM,56954.110,27.6,30.9
$IMU,56954.161,-12.390,3.845,-11.901,0.08154,0.31347,1.06201,30.64
$MAG,56954.168,-0.016,-0.780,-0.765,29.3
$BARO,56954.189,83112.82,30.53
$IMU,56954.236,-2.502,2.319,-14.404,0.07910,0.43115,1.00244,30.67
$MAG,56954.269,-0.004,-0.772,-0.769,29.3
$BARO,56954.290,83205.03,30.54
$IMU,56954.311,-8.300,4.028,-14.892,0.04833,0.30126,1.05078,30.64
$MAG,56954.370,0.009,-0.763,-0.765,29.3
$IMU,56954.386,1.037,-0.305,-19.958,0.16406,0.39160,1.02783,30.63
$BARO,56954.392,83231.82,30.54
$VBAT,56954.446,3.827
$IMU,56954.461,3.112,10.375,-26.672,0.06103,0.19775,0.93652,30.61
$MAG,56954.470,0.028,-0.750,-0.766,29.2
$BARO,56954.493,83276.70,30.54
$IMU,56954.536,13.366,11.657,-23.437,0.05761,0.38476,0.83203,30.64
$MAG,56954.571,0.061,-0.741,-0.753,29.5
$BARO,56954.595,83233.14,30.54
$IMU,56954.611,5.920,7.202,-27.709,0.11328,0.25244,0.84570,30.61
$MAG,56954.672,0.067,-0.717,-0.741,29.2
$IMU,56954.686,10.803,1.464,-27.770,0.05761,0.33642,0.78955,30.62
$BARO,56954.696,83031.14,30.53
$IMU,56954.762,11.901,-6.713,-27.221,0.20605,0.24218,0.78076,30.67
$MAG,56954.773,0.085,-0.706,-0.742,29.2
$BARO,56954.797,83093.59,30.52
$IMU,56954.837,15.686,3.540,-24.597,0.18017,0.41210,0.67822,30.64
$MAG,56954.874,0.096,-0.699,-0.736,29.3
$BARO,56954.899,83127.15,30.52
$IMU,56954.912,-2.929,10.925,-20.263,0.19726,0.47021,0.83349,30.64
$MAG,56954.974,0.111,-0.678,-0.709,29.5
$IMU,56954.987,-8.422,15.441,-18.981,0.21289,0.41308,0.94287,30.66
$BARO,56955.000,83115.72,30.51
$IMU,56955.062,-0.427,15.014,-15.991,0.20947,0.45751,0.94921,30.63
$MAG,56955.075,0.121,-0.670,-0.703,29.3
$TIME,56955.078,30038.000,2365
$BARO,56955.102,83191.63,30.51
$HUM,56955.126,28.0,30.9
$IMU,56955.137,2.258,14.831,-12.207,0.14550,0.54052,0.90917,30.62
$MAG,56955.176,0.133,-0.655,-0.709,29.5
$BARO,56955.203,83022.32,30.51
$IMU,56955.212,-7.690,7.873,-10.131,0.15625,0.44873,1.02050,30.66
$MAG,56955.277,0.135,-0.660,-0.703,29.1
$IMU,56955.287,0.122,1.647,-0.854,0.13525,0.39208,1.02294,30.67
$BARO,56955.305,83318.82,30.51
$IMU,56955.362,10.131,-6.591,-3.784,0.20849,0.49755,0.94873,30.69
$MAG,56955.377,0.141,-0.658,-0.696,29.2
$BARO,56955.406,83333.85,30.51
$IMU,56955.437,3.234,2.807,-1.953,0.16601,0.43554,0.89697,30.62
$VBAT,56955.446,3.818
$MAG,56955.478,0.139,-0.645,-0.697,29.3
$BARO,56955.507,83369.95,30.52
$IMU,56955.512,3.845,1.892,-6.408,0.18457,0.33642,0.88574,30.66
$MAG,56955.579,0.144,-0.649,-0.688,29.1
$IMU,56955.587,6.896,8.361,-6.103,0.15283,0.41406,0.85009,30.62
$BARO,56955.609,83177.29,30.52
$IMU,56955.662,2.441,6.347,-5.676,0.19580,0.39208,0.86865,30.64
$MAG,56955.680,0.147,-0.642,-0.684,29.3
$BARO,56955.710,83381.29,30.52
$IMU,56955.737,1.525,5.676,-12.268,0.08349,0.41015,0.89892,30.60
$MAG,56955.781,0.150,-0.651,-0.687,29.2
$BARO,56955.812,83220.58,30.53
$IMU,56955.813,-1.831,1.586,-2.868,0.18945,0.39794,0.87158,30.65
$MAG,56955.881,0.162,-0.637,-0.681,29.2
$IMU,56955.888,-3.173,5.798,-6.408,0.24218,0.40673,0.89892,30.66
$BARO,56955.913,83277.99,30.52
$IMU,56955.963,-1.647,14.282,-13.366,0.12597,0.34619,0.86474,30.60
$MAG,56955.982,0.160,-0.613,-0.666,29.2
$BARO,56956.014,83533.51,30.52
$IMU,56956.038,0.305,6.286,-12.817,0.15283,0.31982,0.85644,30.61
$TIME,56956.078,30039.000,2365
$MAG,56956.083,0.160,-0.609,-0.666,29.5
$IMU,56956.113,1.953,4.455,-9.216,0.12255,0.36181,0.83447,30.61
$BARO,56956.116,83404.81,30.51
$HUM,56956.142,28.1,30.9
$MAG,56956.184,0.162,-0.612,-0.664,29.2
$IMU,56956.188,-1.953,-1.403,-2.990,0.17236,0.35009,0.83642,30.61
$BARO,56956.217,83279.84,30.49
$IMU,56956.263,-3.112,-3.784,-3.479,0.10937,0.28906,0.88867,30.65
$MAG,56956.284,0.175,-0.604,-0.675,29.3
$BARO,56956.319,83289.05,30.49
$IMU,56956.338,3.417,-11.596,-2.502,0.09472,0.31542,0.84960,30.62
$MAG,56956.385,0.162,-0.606,-0.684,29.2
$IMU,56956.413,3.479,-19.165,4.577,0.10058,0.32128,0.81933,30.64
$BARO,56956.420,83363.45,30.49
$VBAT,56956.457,3.827
$MAG,56956.486,0.150,-0.618,-0.711,29.5
$IMU,56956.488,-0.122,-23.254,13.366,0.11181,0.30175,0.85595,30.62
$BARO,56956.521,83437.84,30.50
$IMU,56956.563,0.915,-23.803,9.399,0.14355,0.28662,0.87548,30.67
$MAG,56956.587,0.148,-0.631,-0.721,29.2
$BARO,56956.623,83533.85,30.49
$IMU,56956.638,5.859,-24.963,12.451,0.11474,0.30810,0.83251,30.64
$MAG,56956.687,0.133,-0.646,-0.745,29.5
$IMU,56956.713,5.981,-24.475,13.549,0.08837,0.28564,0.81933,30.62
$BARO,56956.724,83353.23,30.50
$MAG,56956.788,0.117,-0.658,-0.760,29.2
$IMU,56956.789,3.784,-24.108,15.930,0.14794,0.31494,0.76513,30.63
$BARO,56956.826,83526.59,30.49
$IMU,56956.864,0.061,-18.310,18.920,0.13281,0.24902,0.81054,30.62
$MAG,56956.889,0.097,-0.673,-0.769,29.3
$BARO,56956.927,83387.80,30.49
$IMU,56956.939,4.638,-13.061,20.019,0.10888,0.27685,0.81201,30.63
$MAG,56956.990,0.079,-0.685,-0.775,29.3
$IMU,56957.014,6.408,-9.094,15.441,0.11572,0.27978,0.80664,30.62
$BARO,56957.029,83157.84,30.49
$IMU,56957.089,8.056,-6.713,7.141,0.08740,0.36865,0.79980,30.62
$MAG,56957.091,0.084,-0.702,-0.774,29.3
$BARO,56957.130,83511.11,30.49
$HUM,56957.159,27.8,30.9
$IMU,56957.164,-0.366,-9.948,13.549,0.04541,0.33203,0.78857,30.62
$MAG,56957.191,0.069,-0.703,-0.789,29.5
$BARO,56957.231,82907.78,30.49
$IMU,56957.239,-5.493,-13.122,11.962,0.06445,0.27343,0.90820,30.61
$MAG,56957.292,0.057,-0.712,-0.790,29.3
$IMU,56957.314,1.586,-10.009,15.563,-0.02099,0.41943,0.89794,30.61
$BARO,56957.333,83273.77,30.48
$IMU,56957.389,-5.615,-17.211,20.202,0.04931,0.32128,0.93505,30.57
$MAG,56957.393,0.040,-0.727,-0.796,29.2
$BARO,56957.434,83409.71,30.48
$VBAT,56957.457,3.824
$IMU,56957.464,-3.356,-15.075,20.996,0.03271,0.36865,0.94824,30.61
$MAG,56957.494,0.016,-0.733,-0.810,29.3
$BARO,56957.536,83171.57,30.49
$IMU,56957.539,-4.333,-18.005,22.094,0.04443,0.37255,0.90917,30.62
$MAG,56957.594,-0.004,-0.738,-0.829,29.2
$IMU,56957.614,-9.338,-20.812,15.930,0.02929,0.25488,0.88476,30.61
$BARO,56957.637,83473.89,30.48
$IMU,56957.689,-4.577,-17.150,14.038,0.03564,0.27978,0.91503,30.56
$MAG,56957.695,-0.013,-0.751,-0.834,29.2
$BARO,56957.738,83478.74,30.48
$IMU,56957.764,-1.953,-14.404,13.427,0.06884,0.25146,0.88378,30.62
$MAG,56957.796,-0.036,-0.760,-0.843,29.2
$BARO,56957.840,83537.68,30.48
$IMU,56957.840,-0.122,-7.873,8.056,-0.02929,0.26611,0.86474,30.59
$MAG,56957.897,-0.054,-0.757,-0.843,29.3
$IMU,56957.915,-0.122,-14.343,9.765,-0.04541,0.26757,0.85546,30.61
$BARO,56957.941,83588.13,30.49
$IMU,56957.990,-0.122,-12.023,11.047,-0.00878,0.29003,0.86523,30.58
$MAG,56957.997,-0.063,-0.763,-0.852,29.5
$BARO,56958.043,83680.61,30.49
$IMU,56958.065,-1.586,-9.643,13.854,-0.01025,0.20849,0.86425,30.62
$TIME,56958.078,30039.000,2365
$MAG,56958.098,-0.070,-0.762,-0.846,29.3
$IMU,56958.140,5.187,-4.272,5.798,-0.04443,0.29931,0.85644,30.60
$BARO,56958.144,83614.92,30.49
$HUM,56958.175,27.7,30.9
$MAG,56958.199,-0.082,-0.769,-0.840,29.5
$IMU,56958.215,3.356,-1.647,5.981,-0.04150,0.23876,0.82568,30.58
$BARO,56958.246,83504.55,30.50
$IMU,56958.290,0.915,0.854,3.723,-0.06640,0.35839,0.83789,30.58
$MAG,56958.300,-0.087,-0.778,-0.844,29.3
$BARO,56958.347,83409.03,30.50
$IMU,56958.365,-4.882,-1.464,4.882,-0.07128,0.29150,0.90087,30.61
$MAG,56958.400,-0.088,-0.772,-0.853,29.3
$IMU,56958.440,-1.770,-1.770,5.676,-0.05957,0.33007,0.96191,30.59
$BARO,56958.448,83789.69,30.50
$VBAT,56958.465,3.819
$MAG,56958.501,-0.097,-0.778,-0.850,29.5
$IMU,56958.515,2.258,-1.770,2.014,-0.09130,0.35302,1.01318,30.62
$BARO,56958.550,83755.42,30.50
$IMU,56958.590,6.042,-1.586,-2.441,-0.16552,0.35937,1.01318,30.58
$MAG,56958.602,-0.093,-0.774,-0.849,29.5
$BARO,56958.651,83562.69,30.50
$IMU,56958.665,4.760,-3.601,5.187,-0.10498,0.46142,1.01416,30.61
$MAG,56958.703,-0.091,-0.781,-0.847,29.2
$IMU,56958.740,-5.432,-1.037,5.737,-0.11083,0.34472,1.04687,30.62
$BARO,56958.753,83939.38,30.49
$MAG,56958.804,-0.099,-0.792,-0.850,29.2
$IMU,56958.816,1.770,-1.708,4.821,-0.08544,0.37109,1.02539,30.64
$BARO,56958.854,83634.74,30.49
$IMU,56958.891,3.356,-7.507,4.455,-0.10058,0.33789,1.01123,30.67
$MAG,56958.904,-0.112,-0.787,-0.852,29.3
$BARO,56958.956,83600.86,30.49
$IMU,56958.966,5.187,-6.408,5.187,-0.10986,0.44140,1.01806,30.60
$MAG,56959.005,-0.111,-0.793,-0.849,29.3
$IMU,56959.041,0.549,-4.211,5.126,-0.14697,0.36230,0.99023,30.63
$BARO,56959.057,83679.00,30.49
$TIME,56959.078,30041.000,2365
$MAG,56959.106,-0.117,-0.787,-0.843,29.3
$IMU,56959.116,0.366,-5.432,5.004,-0.12451,0.41357,0.97119,30.58
$BARO,56959.158,83590.26,30.49
$HUM,56959.191,27.7,30.9
$IMU,56959.191,-1.525,-5.676,10.314,-0.08496,0.32666,0.98681,30.63
$MAG,56959.207,-0.139,-0.790,-0.847,29.3
$BARO,56959.260,83882.71,30.50
$IMU,56959.266,0.000,-1.220,7.324,-0.12597,0.38525,0.95556,30.64
$MAG,56959.308,-0.135,-0.790,-0.853,29.2
$IMU,56959.341,-6.469,-2.197,0.854,-0.10302,0.37353,1.02197,30.66
$BARO,56959.361,83783.74,30.50
$MAG,56959.408,-0.133,-0.802,-0.850,29.2
$IMU,56959.416,-1.220,-1.708,2.624,-0.15527,0.28662,0.96191,30.57
$BARO,56959.463,83696.63,30.51
$VBAT,56959.476,3.831
$IMU,56959.491,-1.831,-3.845,6.713,-0.10449,0.49658,0.98535,30.62
$MAG,56959.509,-0.148,-0.790,-0.870,29.3
$BARO,56959.564,84084.78,30.50
$IMU,56959.566,-15.991,-2.502,3.967,-0.13476,0.23583,1.12695,30.63
$MAG,56959.610,-0.141,-0.786,-0.876,29.3
$IMU,56959.641,-1.098,-6.530,-0.488,-0.13574,0.39648,1.08251,30.64
$BARO,56959.666,83961.95,30.50
$MAG,56959.711,-0.156,-0.781,-0.865,29.3
$IMU,56959.716,-3.601,-4.089,4.150,-0.13085,0.38134,1.05517,30.62
$BARO,56959.767,83937.11,30.51
$IMU,56959.791,-7.141,1.953,3.234,-0.12841,0.26318,1.09765,30.58
$MAG,56959.812,-0.145,-0.780,-0.880,29.3
$IMU,56959.867,-4.028,-5.004,0.366,-0.08154,0.33447,1.00634,30.58
$BARO,56959.868,84235.83,30.51
$MAG,56959.912,-0.156,-0.777,-0.885,29.2
$IMU,56959.942,-10.192,-3.662,2.624,-0.07910,0.26269,1.05126,30.60
$BARO,56959.970,84052.87,30.52
$MAG,56960.013,-0.169,-0.778,-0.889,29.2
$IMU,56960.017,-2.868,-1.892,4.211,-0.09814,0.18115,1.01708,30.61
$BARO,56960.071,84187.22,30.52
$TIME,56960.078,30042.000,2365
$IMU,56960.092,6.774,-0.793,-0.915,-0.11767,0.30712,0.91259,30.61
$MAG,56960.114,-0.159,-0.783,-0.888,29.2
$IMU,56960.167,-1.586,-0.244,0.488,-0.11279,0.26123,0.88964,30.59
$BARO,56960.173,84193.90,30.52
$HUM,56960.208,27.8,30.9
$MAG,56960.215,-0.168,-0.777,-0.882,29.1
$IMU,56960.242,-4.699,2.014,-0.183,-0.08056,0.20654,0.94433,30.62
$BARO,56960.274,84401.16,30.53
$MAG,56960.316,-0.160,-0.781,-0.882,29.2
$IMU,56960.317,0.671,7.202,2.319,-0.04687,0.21484,0.94921,30.58
$BARO,56960.375,84234.88,30.53
$IMU,56960.392,3.662,10.070,-4.394,-0.07519,0.27636,0.88574,30.59
$MAG,56960.417,-0.139,-0.783,-0.882,29.2
$IMU,56960.467,0.854,8.483,-9.094,-0.12841,0.21484,0.85595,30.60
$BARO,56960.477,84163.31,30.53
$VBAT,56960.478,3.826
$MAG,56960.517,-0.144,-0.781,-0.877,29.2
$IMU,56960.542,2.075,5.371,-4.943,-0.09082,0.26806,0.87695,30.62
$BARO,56960.578,84421.88,30.54
$IMU,56960.617,0.183,5.126,-4.089,-0.09472,0.19140,0.95068,30.60
$MAG,56960.618,-0.135,-0.784,-0.874,29.2
$BARO,56960.680,84321.14,30.54
$IMU,56960.692,8.789,4.821,-3.540,-0.05419,0.23828,0.94384,30.62
$MAG,56960.719,-0.123,-0.790,-0.853,29.2
$IMU,56960.767,10.742,14.099,-10.864,-0.10400,0.29833,0.86718,30.60
$BARO,56960.781,84297.40,30.55
$MAG,56960.820,-0.105,-0.789,-0.847,29.3
$IMU,56960.843,0.610,17.211,-0.488,-0.08154,0.33398,0.86767,30.60
$BARO,56960.883,84235.32,30.55
$IMU,56960.918,-7.568,12.451,-1.159,-0.01464,0.22021,1.00634,30.62
$MAG,56960.921,-0.106,-0.784,-0.847,29.5
$BARO,56960.984,84414.67,30.55
$IMU,56960.993,3.479,9.948,-3.112,-0.06054,0.24658,1.02001,30.60
$MAG,56961.021,-0.097,-0.790,-0.837,29.2
$IMU,56961.068,12.390,5.249,-8.178,-0.06250,0.29882,0.95117,30.58
$TIME,56961.078,30042.000,2365
$BARO,56961.086,84235.05,30.55
$MAG,56961.122,-0.082,-0.789,-0.825,29.2
$IMU,56961.143,9.948,8.605,-7.995,-0.10986,0.28027,0.91894,30.63
$BARO,56961.187,84348.27,30.55
$IMU,56961.218,4.638,7.507,-0.915,-0.12158,0.36083,0.94628,30.59
$MAG,56961.223,-0.081,-0.792,-0.831,29.2
$HUM,56961.224,27.7,30.9
$BARO,56961.288,83973.21,30.55
$IMU,56961.293,-2.868,4.333,5.981,-0.01708,0.33886,1.01562,30.60
$MAG,56961.324,-0.081,-0.787,-0.825,29.2
$IMU,56961.368,-2.807,3.784,-2.502,-0.09814,0.35107,1.06103,30.60
$BARO,56961.390,84410.50,30.54
$MAG,56961.425,-0.076,-0.780,-0.823,29.3
$IMU,56961.443,-0.915,-0.427,0.366,-0.05712,0.32666,1.04150,30.60
$VBAT,56961.483,3.819
$BARO,56961.491,84453.89,30.54
$IMU,56961.518,-2.014,-1.464,2.197,-0.09912,0.37109,1.04980,30.58
$MAG,56961.525,-0.087,-0.789,-0.831,29.3
$BARO,56961.593,84538.52,30.55
$IMU,56961.593,-2.319,-5.126,4.089,-0.08105,0.27783,1.07910,30.64
$MAG,56961.626,-0.088,-0.786,-0.828,29.2
$IMU,56961.668,7.019,-8.972,4.028,-0.11474,0.35986,1.00878,30.60
$BARO,56961.694,84404.26,30.55
$MAG,56961.727,-0.099,-0.795,-0.838,29.2
$IMU,56961.743,-3.662,-15.930,8.178,-0.08251,0.41894,1.04882,30.60
$BARO,56961.796,84639.79,30.55
$IMU,56961.818,-15.441,-15.869,5.981,-0.02685,0.27246,1.16259,30.60
$MAG,56961.828,-0.106,-0.783,-0.855,29.2
$IMU,56961.894,-1.831,-4.821,8.178,-0.01416,0.30029,1.11132,30.57
$BARO,56961.897,84349.39,30.56
$MAG,56961.929,-0.123,-0.793,-0.850,29.3
$IMU,56961.969,2.990,-2.868,3.906,-0.07519,0.31494,1.05566,30.55
$BARO,56961.998,84687.76,30.56
$MAG,56962.029,-0.135,-0.787,-0.850,29.2
$IMU,56962.044,-0.488,-6.530,1.892,-0.03662,0.31933,1.09472,30.66
$TIME,56962.078,30044.000,2365
$BARO,56962.100,84603.87,30.56
$IMU,56962.119,-3.845,-3.112,1.525,-0.08544,0.24121,1.05029,30.64
$MAG,56962.130,-0.126,-0.790,-0.852,29.2
$IMU,56962.194,3.540,-6.103,3.662,-0.04785,0.25781,1.05859,30.60
$BARO,56962.201,84696.78,30.56
$MAG,56962.231,-0.141,-0.795,-0.849,29.2
$HUM,56962.241,27.8,31.0
$IMU,56962.269,7.263,-7.446,2.319,-0.05273,0.27392,0.97949,30.60
$BARO,56962.303,84682.65,30.57
$MAG,56962.332,-0.135,-0.793,-0.853,29.2
$IMU,56962.344,-2.319,-2.868,-2.014,-0.07470,0.36523,0.96337,30.61
$BARO,56962.404,84765.13,30.56
$IMU,56962.419,-11.474,-2.807,1.831,-0.09130,0.14257,1.04589,30.61
$MAG,56962.433,-0.147,-0.787,-0.855,29.2
$VBAT,56962.491,3.821
$IMU,56962.494,6.469,-4.699,0.549,-0.12500,0.26416,0.97167,30.64
$BARO,56962.506,84729.06,30.57
$MAG,56962.534,-0.145,-0.795,-0.855,29.3
$IMU,56962.569,6.958,-6.408,1.586,-0.09814,0.28320,0.93554,30.60
$BARO,56962.607,84843.69,30.57
$MAG,56962.634,-0.151,-0.795,-0.862,29.3
$IMU,56962.644,-5.126,-2.441,5.310,-0.09814,0.20068,0.87792,30.64
$BARO,56962.708,84808.44,30.58
$IMU,56962.719,-3.784,1.464,5.493,-0.00537,0.23681,0.90527,30.62
$MAG,56962.735,-0.148,-0.799,-0.861,29.2
$IMU,56962.794,-5.737,10.742,-1.342,-0.07177,0.27001,1.00683,30.60
$BARO,56962.810,84915.13,30.58
$MAG,56962.836,-0.139,-0.796,-0.861,29.2
$IMU,56962.870,-5.004,6.103,-4.089,-0.06542,0.20556,1.10791,30.61
$BARO,56962.911,84905.63,30.58
$MAG,56962.937,-0.127,-0.796,-0.837,29.5
$IMU,56962.945,12.573,6.835,-8.361,-0.09570,0.27832,1.03808,30.62
$BARO,56963.013,84809.37,30.58
$IMU,56963.020,11.901,9.948,-3.845,-0.12011,0.33056,0.97265,30.61
$MAG,56963.038,-0.123,-0.802,-0.834,29.3
$TIME,56963.078,30045.000,2365
$IMU,56963.095,3.234,9.277,1.464,-0.01269,0.42187,1.11474,30.58
$BARO,56963.114,84843.18,30.59
$MAG,56963.138,-0.114,-0.805,-0.829,29.5
$IMU,56963.170,0.305,17.883,0.244,-0.12548,0.32226,1.16210,30.63
$BARO,56963.216,84825.48,30.59
$MAG,56963.239,-0.115,-0.805,-0.828,29.2
$IMU,56963.245,6.896,2.868,-4.882,-0.03759,0.41162,1.15576,30.60
$HUM,56963.257,27.6,31.0
$BARO,56963.317,84935.19,30.59
$IMU,56963.320,5.493,6.042,-5.981,-0.20068,0.39599,1.21630,30.60
$MAG,56963.340,-0.114,-0.798,-0.817,29.2
$IMU,56963.395,11.962,-7.324,0.061,-0.08056,0.50341,1.17773,30.61
$BARO,56963.419,84879.91,30.60
$MAG,56963.441,-0.114,-0.802,-0.825,29.3
$IMU,56963.470,1.098,-4.882,3.295,-0.16699,0.32421,1.18505,30.60
$VBAT,56963.492,3.826
$BARO,56963.520,84885.64,30.59
$MAG,56963.541,-0.126,-0.814,-0.819,29.1
$IMU,56963.545,8.361,-17.395,4.333,-0.06542,0.50390,1.11230,30.63
$IMU,56963.620,-5.432,-17.761,3.417,-0.10937,0.38818,1.20263,30.62
$BARO,56963.621,84977.17,30.59
$MAG,56963.642,-0.136,-0.811,-0.831,29.3
$IMU,56963.695,-0.061,-17.700,-2.990,0.00585,0.35058,1.29394,30.64
$BARO,56963.723,84793.31,30.60
$MAG,56963.743,-0.139,-0.819,-0.820,29.5
$IMU,56963.770,14.526,-1.525,-5.310,-0.09472,0.43603,1.15234,30.64
$BARO,56963.824,85143.16,30.60
$MAG,56963.844,-0.138,-0.819,-0.811,29.2
$IMU,56963.845,6.591,3.906,3.112,-0.01123,0.46240,1.09570,30.62
$IMU,56963.921,-3.601,7.568,-1.525,0.00927,0.43798,1.19335,30.63
$BARO,56963.926,85058.17,30.60
$MAG,56963.944,-0.127,-0.816,-0.816,29.5
$IMU,56963.996,-4.577,15.991,-14.221,-0.10253,0.45849,1.25976,30.65
$BARO,56964.027,85072.06,30.59
$MAG,56964.045,-0.097,-0.805,-0.816,29.3
$IMU,56964.071,-2.502,11.169,-11.840,-0.09375,0.40869,1.24951,30.60
$TIME,56964.078,30046.000,2365
$BARO,56964.129,85117.84,30.60
$MAG,56964.146,-0.100,-0.808,-0.802,29.2
$IMU,56964.146,3.295,12.451,-5.493,-0.13574,0.43701,1.23779,30.60
$IMU,56964.221,1.647,2.380,-4.821,-0.08740,0.49121,1.20654,30.62
$BARO,56964.230,85081.57,30.61
$MAG,56964.247,-0.096,-0.804,-0.807,29.3
$HUM,56964.274,27.8,31.0
$IMU,56964.296,-8.972,0.732,-10.375,-0.14013,0.38183,1.24658,30.62
$BARO,56964.331,85137.85,30.60
$MAG,56964.348,-0.090,-0.798,-0.823,29.3
$IMU,56964.371,-5.126,-2.197,0.671,-0.05273,0.41650,1.21386,30.66
$BARO,56964.433,85172.75,30.61
$IMU,56964.446,0.061,-0.366,-0.305,-0.01660,0.31689,1.14599,30.62
$MAG,56964.448,-0.088,-0.798,-0.819,29.3
$VBAT,56964.498,3.847
$IMU,56964.521,4.272,3.845,-4.150,-0.03906,0.43457,1.11425,30.61
$BARO,56964.534,85232.33,30.61
$MAG,56964.549,-0.087,-0.802,-0.810,29.2
$IMU,56964.596,-1.464,2.868,-4.577,-0.02978,0.38720,1.20800,30.60
$BARO,56964.636,85235.96,30.61
$MAG,56964.650,-0.072,-0.795,-0.798,29.2
$IMU,56964.671,-0.732,14.343,-10.070,-0.05761,0.46679,1.18408,30.62
$BARO,56964.737,85172.27,30.61
$IMU,56964.746,-4.760,14.343,-1.647,-0.05126,0.41650,1.19384,30.64
$MAG,56964.751,-0.063,-0.798,-0.808,29.2
$IMU,56964.821,-0.305,8.789,-5.554,-0.01660,0.39697,1.13867,30.60
$BARO,56964.839,85314.74,30.62
$MAG,56964.852,-0.048,-0.789,-0.796,29.3
$IMU,56964.897,-0.427,10.070,-4.455,-0.10156,0.43164,1.10595,30.65
$BARO,56964.940,85327.68,30.62
$MAG,56964.952,-0.054,-0.784,-0.807,29.3
$IMU,56964.972,-4.943,-4.577,-5.126,0.00488,0.32373,1.10498,30.64
$BARO,56965.042,85330.31,30.62
$IMU,56965.047,2.807,-0.305,-5.126,-0.05664,0.35644,1.06250,30.58
$MAG,56965.053,-0.049,-0.786,-0.807,29.2
$TIME,56965.078,30048.000,2365
$IMU,56965.122,5.187,-9.277,2.014,0.07080,0.33300,1.04052,30.65
$BARO,56965.143,85246.34,30.62
$MAG,56965.154,-0.046,-0.792,-0.808,29.2
$IMU,56965.197,2.990,1.037,-6.408,-0.07617,0.44628,0.94042,30.67
$BARO,56965.244,85244.17,30.62
$MAG,56965.255,-0.046,-0.780,-0.810,29.5
$IMU,56965.272,-17.456,7.324,2.685,-0.06835,0.34863,1.03515,30.62
$HUM,56965.290,27.7,31.0
$BARO,56965.346,85330.85,30.62
$IMU,56965.347,-11.962,-3.662,2.075,0.13427,0.29101,1.13818,30.61
$MAG,56965.356,-0.052,-0.781,-0.816,29.1
$IMU,56965.422,6.958,-1.525,-6.530,0.04199,0.32275,1.03173,30.60
$BARO,56965.447,85343.72,30.63
$MAG,56965.456,-0.042,-0.784,-0.807,29.5
$IMU,56965.497,7.019,6.103,-6.652,-0.01123,0.44775,0.97509,30.60
$VBAT,56965.498,3.832
$BARO,56965.549,85303.01,30.63
$MAG,56965.557,-0.031,-0.772,-0.807,29.2
$IMU,56965.572,-5.920,13.305,-10.498,0.08007,0.32910,1.08496,30.61
$IMU,56965.647,-0.915,25.390,-13.183,-0.03466,0.31103,1.07617,30.62
$BARO,56965.650,85345.67,30.63
$MAG,56965.658,-0.009,-0.774,-0.787,29.2
$IMU,56965.722,7.141,16.174,-13.549,0.02050,0.33447,0.98876,30.62
$BARO,56965.752,85408.36,30.63
$MAG,56965.759,0.001,-0.768,-0.777,29.2
$IMU,56965.797,7.446,12.268,-8.544,-0.03710,0.34326,0.92285,30.60
$BARO,56965.853,85414.63,30.63
$MAG,56965.860,-0.003,-0.762,-0.786,29.3
$IMU,56965.872,2.502,-1.281,-2.441,0.02734,0.31250,0.98144,30.60
$IMU,56965.948,3.051,-6.042,-3.784,-0.01660,0.28466,0.86962,30.61
$BARO,56965.955,85301.45,30.63
$MAG,56965.960,0.009,-0.771,-0.783,29.5
$IMU,56966.023,0.305,-5.126,-0.122,-0.06396,0.32812,0.89599,30.61
$BARO,56966.056,85486.34,30.63
$MAG,56966.061,-0.009,-0.768,-0.792,29.2
$TIME,56966.078,30048.000,2365
$IMU,56966.098,1.098,-12.817,8.239,0.06542,0.29101,0.94677,30.62
$BARO,56966.157,85405.66,30.64
$MAG,56966.162,-0.012,-0.775,-0.786,29.3
$IMU,56966.173,6.774,-3.662,2.014,0.05029,0.37207,0.91113,30.57
$IMU,56966.248,-0.305,-1.586,-0.671,0.10302,0.34326,0.91894,30.64
$BARO,56966.259,85534.94,30.63
$MAG,56966.263,-0.004,-0.774,-0.774,29.1
$HUM,56966.306,27.8,31.1
$IMU,56966.323,-2.197,11.657,-6.164,-0.02392,0.31591,0.94091,30.62
$BARO,56966.360,85499.62,30.64
$MAG,56966.364,0.010,-0.765,-0.775,29.3
$IMU,56966.398,0.061,3.906,-9.277,0.02050,0.36572,1.00097,30.64
$BARO,56966.462,85381.92,30.64
$MAG,56966.465,0.019,-0.763,-0.777,29.3
$IMU,56966.473,-4.821,10.009,-3.356,0.01904,0.35253,1.04541,30.63
$VBAT,56966.506,3.819
$IMU,56966.548,-0.793,3.051,0.854,0.01318,0.39111,1.05664,30.62
$BARO,56966.563,85522.00,30.64
$MAG,56966.565,0.013,-0.763,-0.772,29.2
$IMU,56966.623,-0.427,-8.117,-6.164,-0.03271,0.38720,1.06201,30.65
$BARO,56966.665,85532.16,30.64
$MAG,56966.666,0.024,-0.760,-0.775,29.2
$IMU,56966.698,-1.098,-8.300,-5.737,0.00244,0.37988,1.06347,30.65
$BARO,56966.766,85606.58,30.64
$MAG,56966.767,0.001,-0.762,-0.784,29.1
$IMU,56966.773,3.295,-3.723,5.004,0.02978,0.32519,0.99658,30.69
$IMU,56966.848,3.662,-1.342,-1.403,0.06347,0.29882,0.98046,30.63
$BARO,56966.867,85602.14,30.64
$MAG,56966.868,0.010,-0.763,-0.783,29.1
$IMU,56966.923,4.150,1.159,-2.197,0.03369,0.43505,0.93457,30.64
$BARO,56966.969,85573.02,30.64
$MAG,56966.969,0.012,-0.763,-0.783,29.3
$IMU,56966.999,-3.479,-0.549,1.281,0.05517,0.28564,0.95654,30.63
$MAG,56967.069,0.009,-0.759,-0.792,29.1
$BARO,56967.070,85707.69,30.64
$IMU,56967.074,0.610,-2.563,-1.586,-0.02099,0.36718,0.98779,30.61
$TIME,56967.078,30049.000,2365
$IMU,56967.149,-0.427,-12.878,4.394,0.01806,0.36718,1.06103,30.59
$MAG,56967.170,-0.001,-0.771,-0.787,29.2
$BARO,56967.172,85719.48,30.65
$IMU,56967.224,4.882,-16.723,2.563,0.01513,0.31738,1.02441,30.62
$MAG,56967.271,-0.018,-0.777,-0.795,29.3
$BARO,56967.273,85774.28,30.65
$IMU,56967.299,4.577,-16.357,5.432,-0.00976,0.38085,0.97851,30.67
$HUM,56967.323,28.0,31.0
$MAG,56967.372,-0.027,-0.772,-0.795,29.3
$IMU,56967.374,-3.540,-11.291,6.774,0.03515,0.34277,1.01416,30.64
$BARO,56967.375,85817.50,30.66
$IMU,56967.449,-4.089,-10.559,4.272,0.05371,0.35546,1.03076,30.65
$MAG,56967.473,-0.024,-0.768,-0.811,29.3
$BARO,56967.476,85718.88,30.65
$VBAT,56967.511,3.823
$IMU,56967.524,-0.549,-4.577,0.976,0.01318,0.30517,1.04492,30.64
$MAG,56967.573,-0.013,-0.777,-0.796,29.3
$BARO,56967.577,85755.49,30.65
$IMU,56967.599,6.103,2.746,-0.671,0.01367,0.36523,0.95654,30.63
$MAG,56967.674,-0.010,-0.774,-0.798,29.2
$IMU,56967.674,0.122,8.117,0.793,0.04394,0.35937,1.02539,30.60
$BARO,56967.679,85690.43,30.65
$IMU,56967.749,1.647,9.704,-4.333,0.01757,0.33496,1.05517,30.60
$MAG,56967.775,-0.015,-0.777,-0.793,29.5
$BARO,56967.780,85551.78,30.66
$IMU,56967.824,7.202,5.737,-2.502,0.06982,0.35791,1.03857,30.64
$MAG,56967.876,-0.001,-0.771,-0.786,29.3
$BARO,56967.882,85778.74,30.65
$IMU,56967.899,8.605,6.286,-3.295,0.06054,0.34619,1.01562,30.65
$IMU,56967.975,4.821,4.699,-12.939,-0.04101,0.41308,1.01123,30.64
$MAG,56967.977,-0.010,-0.768,-0.778,29.2
$BARO,56967.983,85741.18,30.66
$IMU,56968.050,0.793,-5.737,-6.530,-0.05419,0.30859,0.99414,30.64
$MAG,56968.077,-0.007,-0.769,-0.781,29.3
$BARO,56968.085,85714.37,30.66
$IMU,56968.125,5.493,-11.535,-1.708,-0.03662,0.33007,0.93554,30.63
$MAG,56968.178,-0.012,-0.768,-0.787,29.2
$BARO,56968.186,85768.75,30.66
$IMU,56968.200,-0.549,-10.498,1.220,0.08154,0.42041,0.97265,30.63
$IMU,56968.275,-7.812,-5.554,4.028,0.05224,0.30322,1.00000,30.60
$MAG,56968.279,-0.009,-0.765,-0.790,29.5
$BARO,56968.287,85736.60,30.66
$HUM,56968.339,28.1,31.0
$IMU,56968.350,0.793,-2.075,-3.784,-0.00781,0.35302,0.98730,30.65
$MAG,56968.380,-0.013,-0.765,-0.786,29.2
$BARO,56968.389,85750.15,30.66
$IMU,56968.425,1.464,1.708,0.183,0.03369,0.42822,0.94384,30.64
$MAG,56968.481,-0.007,-0.765,-0.793,29.2
$BARO,56968.490,85777.38,30.66
$IMU,56968.500,-7.324,5.126,-0.305,0.02832,0.33691,0.99511,30.61
$VBAT,56968.519,3.847
$IMU,56968.575,-0.427,5.798,-1.037,0.07421,0.31982,0.97216,30.66
$MAG,56968.581,-0.003,-0.763,-0.781,29.2
$BARO,56968.592,85892.52,30.66
$IMU,56968.650,1.892,11.047,-4.882,-0.03808,0.34765,0.96240,30.63
$MAG,56968.682,0.006,-0.763,-0.787,29.2
$BARO,56968.693,85822.15,30.66
$IMU,56968.725,-0.610,3.173,-3.173,-0.06494,0.45410,1.02148,30.60
$MAG,56968.783,0.004,-0.757,-0.793,29.2
$BARO,56968.795,85871.00,30.66
$IMU,56968.800,-7.690,-7.690,1.159,-0.01757,0.30957,1.00048,30.64
$IMU,56968.875,-1.708,-8.666,7.995,0.06005,0.26123,0.99267,30.60
$MAG,56968.884,-0.009,-0.780,-0.792,29.3
$BARO,56968.896,85935.52,30.66
$IMU,56968.950,6.286,-3.051,2.746,0.05712,0.41796,0.98095,30.65
$MAG,56968.985,-0.001,-0.765,-0.787,29.2
$BARO,56968.997,85822.08,30.66
$IMU,56969.026,-8.544,-1.098,-9.704,-0.08349,0.44287,1.08740,30.69
$TIME,56969.078,30050.000,2365
$MAG,56969.085,-0.006,-0.756,-0.811,29.3
$BARO,56969.099,85856.25,30.66
$IMU,56969.101,-9.887,-17.578,-4.516,0.00146,0.16748,1.01464,30.60
$IMU,56969.176,8.850,-10.192,-4.577,-0.05322,0.35449,0.87207,30.63
$MAG,56969.186,-0.015,-0.765,-0.813,29.2
$BARO,56969.200,85878.17,30.67
$IMU,56969.251,-3.906,-12.756,2.258,-0.00830,0.31201,0.92822,30.63
$MAG,56969.287,-0.019,-0.750,-0.813,29.3
$BARO,56969.302,85943.27,30.67
$IMU,56969.326,-7.690,-9.216,-2.929,0.01416,0.17041,0.89404,30.63
$HUM,56969.356,28.2,31.1
$MAG,56969.388,-0.019,-0.756,-0.820,29.5
$IMU,56969.401,2.014,0.305,-1.342,0.03955,0.26220,0.81738,30.64
$BARO,56969.403,85803.26,30.66
$IMU,56969.476,1.159,-0.732,-0.854,0.09375,0.22167,0.81640,30.63
$MAG,56969.489,-0.004,-0.751,-0.817,29.5
$BARO,56969.504,86055.57,30.66
$VBAT,56969.522,3.827
$IMU,56969.551,0.122,9.033,-6.591,0.06005,0.29882,0.83544,30.61
$MAG,56969.589,0.001,-0.739,-0.813,29.3
$BARO,56969.606,85897.45,30.67
$IMU,56969.626,-8.300,14.465,-8.850,0.09765,0.33203,0.96386,30.64
$MAG,56969.690,0.030,-0.739,-0.805,29.2
$IMU,56969.701,-9.399,26.367,-13.000,-0.09472,0.27832,1.02490,30.64
$BARO,56969.707,86059.49,30.68
$IMU,56969.776,-2.929,11.901,-4.333,0.04248,0.27343,1.00976,30.63
$MAG,56969.791,0.025,-0.726,-0.799,29.3
$BARO,56969.809,85977.18,30.68
$IMU,56969.851,-0.610,10.620,-3.784,-0.05517,0.29443,0.94531,30.66
$MAG,56969.892,0.025,-0.732,-0.802,29.2
$BARO,56969.910,86039.26,30.68
$IMU,56969.926,-5.920,0.549,0.488,-0.01660,0.31103,0.95263,30.66
$MAG,56969.993,0.019,-0.735,-0.810,29.5
$IMU,56970.002,-10.009,-4.516,4.821,-0.04199,0.11230,0.93847,30.66
$BARO,56970.012,86074.53,30.68
$IMU,56970.077,3.662,-14.099,11.047,0.09326,0.23583,0.89160,30.67
$TIME,56970.078,30052.000,2365
$MAG,56970.094,0.016,-0.735,-0.816,29.2
$BARO,56970.113,86095.54,30.69
$IMU,56970.152,0.183,-10.192,0.366,-0.01806,0.20458,0.88427,30.61
$MAG,56970.194,0.007,-0.745,-0.825,29.2
$BARO,56970.215,86178.05,30.69
$IMU,56970.227,-1.037,-16.418,2.685,-0.07666,0.19970,0.88134,30.62
$MAG,56970.295,-0.013,-0.736,-0.838,29.2
$IMU,56970.302,-5.676,-19.836,9.399,-0.00537,0.27246,0.94677,30.67
$BARO,56970.316,85993.83,30.69
$HUM,56970.372,28.2,31.1
$IMU,56970.377,-7.995,-20.202,14.831,-0.00732,0.11035,0.97119,30.65
$MAG,56970.396,-0.030,-0.747,-0.858,29.2
$BARO,56970.417,86224.17,30.69
$IMU,56970.452,7.263,-22.277,11.230,0.01757,0.14746,0.84667,30.66
$MAG,56970.497,-0.052,-0.751,-0.850,29.5
$BARO,56970.519,86140.44,30.68
$VBAT,56970.524,3.826
$IMU,56970.527,4.089,-17.944,5.126,-0.01074,0.14355,0.72802,30.64
$MAG,56970.598,-0.058,-0.760,-0.855,29.3
$IMU,56970.602,2.014,-7.568,9.582,-0.01025,0.25000,0.78320,30.63
$BARO,56970.620,85994.85,30.69
$IMU,56970.677,-9.704,-2.441,3.540,0.03515,0.17285,0.98095,30.62
$MAG,56970.698,-0.052,-0.756,-0.859,29.2
$BARO,56970.722,86041.55,30.69
$IMU,56970.752,-4.638,2.075,2.868,-0.09082,0.20410,1.08154,30.66
$MAG,56970.799,-0.060,-0.754,-0.853,29.2
$BARO,56970.823,86225.39,30.69
$IMU,56970.827,11.108,-5.310,5.615,0.00146,0.30371,1.02539,30.66
$MAG,56970.900,-0.061,-0.768,-0.858,29.3
$IMU,56970.902,4.211,-1.892,1.403,-0.08496,0.36816,1.06347,30.67
$BARO,56970.925,86128.98,30.68
$IMU,56970.977,-4.150,-3.601,1.647,-0.13085,0.30859,1.20800,30.64
$MAG,56971.001,-0.070,-0.765,-0.864,29.2
$BARO,56971.026,86113.56,30.69
$IMU,56971.053,-0.915,-6.286,7.263,-0.07324,0.37255,1.26220,30.67
$TIME,56971.078,30053.000,2365
$MAG,56971.101,-0.078,-0.775,-0.861,29.3
$BARO,56971.127,86141.20,30.69
$IMU,56971.128,-0.976,-2.014,13.000,-0.03906,0.29833,1.26220,30.67
$MAG,56971.202,-0.084,-0.777,-0.850,29.3
$IMU,56971.203,8.239,-7.690,4.333,-0.05664,0.37060,1.26464,30.64
$BARO,56971.229,86287.40,30.69
$IMU,56971.278,5.249,-7.873,-1.403,-0.13330,0.43554,1.24658,30.66
$MAG,56971.303,-0.100,-0.772,-0.867,29.3
$BARO,56971.330,86094.81,30.70
$IMU,56971.353,-1.586,-16.662,6.591,-0.03613,0.21240,1.26464,30.63
$HUM,56971.389,28.3,31.1
$MAG,56971.404,-0.106,-0.781,-0.864,29.2
$IMU,56971.428,14.099,-14.648,-1.220,-0.06347,0.36816,1.16699,30.65
$BARO,56971.432,86184.00,30.70
$IMU,56971.503,6.408,-10.131,0.549,-0.04736,0.33007,1.20898,30.64
$MAG,56971.505,-0.112,-0.793,-0.858,29.3
$VBAT,56971.524,3.824
$BARO,56971.533,86274.80,30.70
$IMU,56971.578,0.793,-1.342,4.211,-0.05224,0.35302,1.29101,30.65
$MAG,56971.605,-0.112,-0.778,-0.852,29.2
$BARO,56971.635,86202.21,30.69
$IMU,56971.653,0.366,2.624,-0.488,0.01611,0.37939,1.28369,30.67
$MAG,56971.706,-0.111,-0.793,-0.852,29.3
$IMU,56971.728,1.098,3.051,-5.798,-0.03710,0.32568,1.30957,30.66
$BARO,56971.736,86262.15,30.71
$IMU,56971.803,5.615,5.859,-4.150,-0.06835,0.36035,1.24560,30.66
$MAG,56971.807,-0.105,-0.781,-0.847,29.3
$BARO,56971.837,86367.84,30.70
$IMU,56971.878,0.793,10.864,-4.821,-0.06005,0.34277,1.26904,30.65
$MAG,56971.908,-0.091,-0.783,-0.844,29.5
$BARO,56971.939,86320.45,30.70
$IMU,56971.953,-0.610,9.216,-3.051,-0.03955,0.25195,1.22363,30.65
$MAG,56972.008,-0.084,-0.786,-0.847,29.3
$IMU,56972.029,5.676,6.958,-4.150,-0.04199,0.39062,1.23974,30.66
$BARO,56972.040,86355.50,30.70
$TIME,56972.078,30055.000,2365
$IMU,56972.104,-3.662,4.394,-3.173,-0.03271,0.27001,1.25830,30.66
$MAG,56972.109,-0.073,-0.784,-0.838,29.3
$BARO,56972.142,86293.54,30.70
$IMU,56972.179,2.441,3.967,-2.136,-0.01708,0.31689,1.26562,30.64
$MAG,56972.210,-0.067,-0.787,-0.840,29.3
$BARO,56972.243,86347.34,30.70
$IMU,56972.254,5.859,6.591,-8.361,-0.02685,0.29589,1.27099,30.65
$MAG,56972.311,-0.064,-0.787,-0.819,29.2
$IMU,56972.329,7.934,12.817,-8.911,-0.04589,0.40576,1.27197,30.66
$BARO,56972.345,86284.03,30.70
$IMU,56972.404,1.220,13.122,-4.882,-0.04980,0.37353,1.28222,30.67
$HUM,56972.405,28.3,31.1
$MAG,56972.412,-0.043,-0.777,-0.817,29.2
$BARO,56972.446,86360.01,30.71
$IMU,56972.479,-1.220,12.268,-6.530,-0.03222,0.34619,1.31298,30.66
$MAG,56972.512,-0.037,-0.787,-0.814,29.3
$VBAT,56972.526,3.827
$BARO,56972.547,86356.84,30.70
$IMU,56972.554,1.892,10.192,-5.676,-0.03222,0.31640,1.26660,30.66
$MAG,56972.613,-0.018,-0.774,-0.801,29.2
$IMU,56972.629,2.258,11.474,-12.817,-0.08056,0.33544,1.30468,30.64
$BARO,56972.649,86417.66,30.71
$IMU,56972.704,1.770,10.437,-4.333,-0.09423,0.34912,1.31298,30.66
$MAG,56972.714,-0.027,-0.775,-0.804,29.2
$BARO,56972.750,86312.50,30.71
$IMU,56972.779,0.549,6.774,0.427,-0.05126,0.33105,1.33105,30.63
$MAG,56972.815,-0.018,-0.778,-0.795,29.3
$BARO,56972.852,86403.30,30.71
$IMU,56972.854,0.732,2.807,1.708,-0.00048,0.33349,1.35449,30.66
$MAG,56972.915,-0.019,-0.778,-0.795,29.3
$IMU,56972.929,0.854,3.662,-7.080,-0.01806,0.35302,1.37158,30.71
$BARO,56972.953,86381.27,30.71
$IMU,56973.004,-0.305,5.432,-8.728,-0.05371,0.29785,1.39404,30.71
$MAG,56973.016,-0.015,-0.774,-0.799,29.3
$BARO,56973.054,86225.53,30.71
$TIME,56973.078,30056.000,2365
$IMU,56973.080,4.211,-0.366,-2.868,-0.01757,0.38818,1.38720,30.71
$MAG,56973.117,-0.004,-0.774,-0.790,29.1
$IMU,56973.155,-1.831,3.662,-5.126,-0.04638,0.29931,1.42041,30.66
$BARO,56973.156,86388.26,30.71
$MAG,56973.218,-0.007,-0.765,-0.795,29.3
$IMU,56973.230,1.770,-2.075,-6.042,-0.01171,0.32519,1.45312,30.65
$BARO,56973.257,86311.68,30.71
$IMU,56973.305,2.075,-2.258,-9.033,-0.01416,0.34326,1.46826,30.67
$MAG,56973.319,0.006,-0.756,-0.793,29.3
$BARO,56973.359,86186.44,30.71
$IMU,56973.380,0.427,-2.075,-10.253,0.01611,0.27783,1.44628,30.68
$MAG,56973.419,0.015,-0.754,-0.787,29.3
$HUM,56973.421,28.2,31.1
$IMU,56973.455,4.577,0.854,-17.333,-0.02392,0.37158,1.54150,30.69
$BARO,56973.460,86309.80,30.71
$MAG,56973.520,0.028,-0.741,-0.786,29.3
$IMU,56973.530,-1.220,5.554,-14.404,-0.11181,0.22216,1.59960,30.67
$VBAT,56973.537,3.819
$BARO,56973.562,86183.61,30.71
$IMU,56973.605,9.704,1.037,2.075,-0.03955,0.39306,1.64257,30.69
$MAG,56973.621,0.021,-0.747,-0.784,29.3
$BARO,56973.663,86211.25,30.71
$IMU,56973.680,3.112,-2.563,-1.098,0.04492,0.32324,1.67480,30.69
$MAG,56973.722,0.037,-0.745,-0.780,29.3
$IMU,56973.755,-0.610,1.770,-13.671,-0.08935,0.24462,1.71191,30.69
$BARO,56973.764,86076.09,30.72
$MAG,56973.823,0.037,-0.739,-0.786,29.3
$IMU,56973.830,3.112,-9.338,-11.901,0.04687,0.30029,1.77636,30.73
$BARO,56973.866,86100.44,30.72
$IMU,56973.905,-1.403,1.831,-24.169,-0.01220,0.20947,1.73730,30.71
$MAG,56973.923,0.064,-0.721,-0.778,29.3
$BARO,56973.967,86123.94,30.71
$IMU,56973.980,2.258,2.136,-26.672,-0.07763,0.18212,1.78515,30.69
$MAG,56974.024,0.064,-0.715,-0.775,29.2
$IMU,56974.056,10.437,-0.610,-10.925,-0.02148,0.20117,1.77246,30.70
$BARO,56974.069,86100.44,30.72
$TIME,56974.078,30057.000,2365
$MAG,56974.125,0.055,-0.717,-0.774,29.3
$IMU,56974.131,9.948,-2.929,5.859,0.02001,0.25878,1.77685,30.69
$BARO,56974.170,86098.20,30.72
$IMU,56974.206,-0.122,-2.075,9.765,0.09472,0.22460,1.76171,30.66
$MAG,56974.226,0.049,-0.732,-0.774,29.5
$BARO,56974.272,86177.88,30.72
$IMU,56974.281,-4.455,5.310,4.028,0.11425,0.17236,1.79345,30.71
$MAG,56974.327,0.060,-0.720,-0.775,29.3
$IMU,56974.356,-5.798,3.479,-17.150,0.11669,0.10498,1.83789,30.70
$BARO,56974.373,86060.32,30.72
$MAG,56974.427,0.091,-0.699,-0.769,29.3
$IMU,56974.431,0.915,10.620,-30.761,0.04199,0.06982,1.78320,30.68
$HUM,56974.438,28.2,31.1
$BARO,56974.474,86140.68,30.72
$IMU,56974.506,5.859,13.671,-36.804,0.05712,0.11425,1.75878,30.72
$MAG,56974.528,0.118,-0.669,-0.756,29.5
$VBAT,56974.554,3.818
$BARO,56974.576,86138.54,30.73
$IMU,56974.581,1.831,16.296,-44.067,-0.09521,0.09863,1.71142,30.69
$MAG,56974.629,0.126,-0.652,-0.745,29.2
$IMU,56974.656,3.540,7.629,-16.845,-0.18017,0.07226,1.63085,30.72
$BARO,56974.677,86147.95,30.72
$MAG,56974.730,0.124,-0.651,-0.753,29.2
$IMU,56974.731,4.028,-6.408,0.183,-0.11035,0.20996,1.62988,30.69
$BARO,56974.779,86111.14,30.72
$IMU,56974.806,-11.840,-11.352,20.996,0.02148,-0.01757,1.68115,30.69
$MAG,56974.831,0.109,-0.669,-0.760,29.3
$BARO,56974.880,86191.99,30.72
$IMU,56974.881,-3.784,-8.605,26.977,0.08056,0.09960,1.62500,30.71
$MAG,56974.931,0.088,-0.690,-0.771,29.3
$IMU,56974.956,-6.652,-8.850,30.090,0.15722,0.08154,1.57177,30.76
$BARO,56974.982,86217.88,30.72
$MAG,56975.032,0.075,-0.712,-0.772,29.3
$IMU,56975.032,-11.169,-1.342,24.475,0.25048,0.09814,1.53173,30.71
$BARO,56975.083,85941.74,30.73
$IMU,56975.107,-23.681,10.192,12.451,0.13623,-0.14550,1.61230,30.73
$MAG,56975.133,0.075,-0.703,-0.783,29.3
$IMU,56975.182,-20.568,11.779,9.948,0.05517,-0.15869,1.62353,30.72
$BARO,56975.185,86034.97,30.73
$MAG,56975.234,0.079,-0.693,-0.792,29.3
$IMU,56975.257,-21.057,7.751,12.207,0.21777,-0.27685,1.60253,30.70
$BARO,56975.286,86144.80,30.73
$IMU,56975.332,-6.103,3.967,-0.488,0.13916,-0.32714,1.58251,30.72
$MAG,56975.334,0.081,-0.697,-0.787,29.5
$BARO,56975.387,86192.73,30.73
$IMU,56975.407,6.652,-9.155,-5.432,0.14990,-0.31738,1.51074,30.70
$MAG,56975.435,0.073,-0.699,-0.795,29.2
$HUM,56975.454,28.4,31.1
$IMU,56975.482,9.765,-6.286,2.502,0.17871,-0.29003,1.49658,30.74
$BARO,56975.489,86017.86,30.72
$MAG,56975.536,0.061,-0.705,-0.796,29.2
$IMU,56975.557,10.681,-1.281,6.103,0.04541,-0.28759,1.44580,30.69
$VBAT,56975.564,3.847
$BARO,56975.590,86047.38,30.72
$IMU,56975.632,13.183,-18.188,13.732,0.00585,-0.24316,1.33789,30.68
$MAG,56975.637,0.045,-0.729,-0.792,29.2
$BARO,56975.692,86018.66,30.72
$IMU,56975.707,11.230,-33.203,27.648,0.12988,-0.17919,1.32470,30.69
$MAG,56975.738,0.013,-0.748,-0.807,29.3
$IMU,56975.782,3.601,-25.573,29.357,0.48779,-0.14843,1.23876,30.71
$BARO,56975.793,86073.46,30.72
$MAG,56975.838,-0.006,-0.756,-0.814,29.3
$IMU,56975.857,-17.333,1.953,24.963,0.36914,-0.27685,1.25341,30.73
$BARO,56975.894,86098.35,30.72
$IMU,56975.932,-18.554,14.648,12.451,0.30224,-0.28906,1.23046,30.68
$MAG,56975.939,-0.003,-0.751,-0.816,29.2
$BARO,56975.996,86233.24,30.72
$IMU,56976.007,-15.686,21.850,-10.375,0.23925,-0.35888,1.19531,30.67
$MAG,56976.040,0.030,-0.732,-0.804,29.3
$TIME,56976.078,30059.000,2365
$IMU,56976.083,-11.657,21.362,-24.658,0.11523,-0.36083,1.15478,30.68
$BARO,56976.097,86155.16,30.72
$MAG,56976.141,0.045,-0.715,-0.805,29.5
$IMU,56976.158,-7.446,14.099,-21.728,0.05810,-0.30957,1.09375,30.74
$BARO,56976.199,86192.12,30.73
$IMU,56976.233,-2.685,4.150,-18.737,-0.04638,-0.29638,0.99658,30.66
$MAG,56976.242,0.055,-0.703,-0.816,29.3
$BARO,56976.300,86235.33,30.73
$IMU,56976.308,0.305,-14.099,-19.287,0.09570,-0.27685,0.90380,30.74
$MAG,56976.343,0.067,-0.693,-0.826,29.3
$IMU,56976.383,2.197,-14.099,-12.756,0.02343,-0.15917,0.83789,30.73
$BARO,56976.402,86284.55,30.73
$MAG,56976.443,0.052,-0.687,-0.844,29.3
$IMU,56976.458,-11.169,-18.188,-5.310,0.09277,-0.22509,0.77441,30.71
$HUM,56976.470,28.4,31.1
$BARO,56976.503,86296.22,30.73
$IMU,56976.533,-18.798,-13.000,-0.732,0.15087,-0.29833,0.90576,30.72
$MAG,56976.544,0.054,-0.681,-0.856,29.3
$VBAT,56976.572,3.819
$BARO,56976.604,86321.69,30.73
$IMU,56976.608,-13.916,0.610,3.845,0.03417,-0.40234,0.90283,30.69
$MAG,56976.645,0.049,-0.679,-0.862,29.3
$IMU,56976.683,-1.953,0.793,7.507,-0.16406,-0.36083,0.89257,30.72
$BARO,56976.706,86360.13,30.73
$MAG,56976.746,0.031,-0.691,-0.864,29.3
$IMU,56976.758,2.136,-11.718,26.489,0.08544,-0.35742,0.87255,30.72
$BARO,56976.807,86360.13,30.73
$IMU,56976.833,6.408,-1.098,15.991,0.22460,-0.30566,0.75244,30.73
$MAG,56976.847,0.030,-0.705,-0.852,29.3
$IMU,56976.908,7.324,11.718,6.469,0.14550,-0.18457,0.68261,30.72
$BARO,56976.909,86424.17,30.74
$MAG,56976.947,0.022,-0.717,-0.841,29.5
$IMU,56976.983,-4.211,15.441,9.155,0.00683,-0.19433,0.65625,30.73
$BARO,56977.010,86416.49,30.74
$MAG,56977.048,0.039,-0.696,-0.835,29.3
$IMU,56977.059,-8.972,12.390,-7.202,0.06982,-0.19531,0.66259,30.71
$BARO,56977.112,86414.12,30.73
$IMU,56977.134,-10.620,15.930,-12.756,0.06445,-0.14160,0.74462,30.71
$MAG,56977.149,0.043,-0.685,-0.831,29.2
$IMU,56977.209,-10.742,11.657,-1.647,0.08544,-0.25732,0.72705,30.74
$BARO,56977.213,86517.81,30.74
$MAG,56977.250,0.054,-0.679,-0.835,29.3
$IMU,56977.284,2.258,2.746,-12.390,0.11230,-0.19433,0.71337,30.72
$BARO,56977.314,86523.01,30.74
$MAG,56977.351,0.060,-0.693,-0.837,29.3
$IMU,56977.359,3.479,-3.662,-4.150,0.15087,-0.18457,0.56201,30.76
$BARO,56977.416,86544.70,30.74
$IMU,56977.434,-2.258,-1.403,-2.990,0.04980,-0.16064,0.53759,30.71
$MAG,56977.452,0.061,-0.678,-0.847,29.3
$HUM,56977.487,28.5,31.1
$IMU,56977.509,-0.732,-8.728,-4.699,0.09375,-0.16503,0.44238,30.73
$BARO,56977.517,86558.74,30.75
$MAG,56977.552,0.069,-0.667,-0.843,29.3
$VBAT,56977.582,3.821
$IMU,56977.584,3.295,-4.699,-14.526,-0.10253,-0.05615,0.32128,30.69
$BARO,56977.619,86600.47,30.74
$MAG,56977.653,0.067,-0.657,-0.843,29.3
$IMU,56977.659,-4.394,-5.065,-15.441,-0.14501,-0.13281,0.36914,30.75
$BARO,56977.720,86580.04,30.74
$IMU,56977.734,5.371,-2.807,-13.183,-0.14111,-0.15625,0.25781,30.73
$MAG,56977.754,0.067,-0.661,-0.844,29.3
$IMU,56977.809,15.625,-7.141,-1.281,-0.05664,-0.02343,0.08300,30.71
$BARO,56977.822,86617.80,30.75
$MAG,56977.855,0.064,-0.669,-0.846,29.5
$IMU,56977.884,3.967,-2.014,-1.953,-0.07031,0.06542,0.25048,30.77
$BARO,56977.923,86596.42,30.74
$MAG,56977.956,0.072,-0.670,-0.826,29.3
$IMU,56977.959,10.742,11.962,0.915,-0.18652,-0.02490,0.30126,30.76
$BARO,56978.024,86599.20,30.75
$IMU,56978.034,21.667,6.713,2.136,-0.28076,0.16650,0.24218,30.77
$MAG,56978.056,0.076,-0.667,-0.826,29.5
$TIME,56978.078,30060.000,2365
$IMU,56978.110,-39.550,-1.892,-19.958,0.45312,0.03564,0.89208,30.71
$BARO,56978.126,86540.80,30.74
$MAG,56978.157,0.099,-0.637,-0.840,29.2
$IMU,56978.185,-65.917,42.114,4.760,-0.04003,-0.69091,0.69531,30.76
$BARO,56978.227,86572.71,30.75
$MAG,56978.258,0.108,-0.646,-0.805,29.3
$IMU,56978.260,46.081,4.577,-13.427,0.38378,0.14697,0.24707,30.76
$BARO,56978.329,86562.52,30.75
$IMU,56978.335,43.701,22.460,-30.151,-0.24902,-0.21679,0.08154,30.76
$MAG,56978.359,0.144,-0.622,-0.778,29.5
$IMU,56978.410,39.245,28.381,-62.805,-0.31054,0.07812,0.23779,30.72
$BARO,56978.430,86572.90,30.75
$MAG,56978.460,0.156,-0.591,-0.751,29.5
$IMU,56978.485,13.732,14.465,-25.146,-0.50781,0.04931,0.16748,30.75
$HUM,56978.503,28.3,31.2
$BARO,56978.532,86598.93,30.75
$MAG,56978.560,0.129,-0.618,-0.796,29.5
$IMU,56978.560,6.530,-39.367,17.395,0.04052,0.14990,0.38769,30.73
$VBAT,56978.591,3.821
$BARO,56978.633,86625.48,30.75
$IMU,56978.635,-18.310,-25.939,18.493,0.07373,-0.03564,0.56591,30.75
$MAG,56978.661,0.126,-0.610,-0.802,29.5
$IMU,56978.710,-16.235,-3.234,0.976,0.01855,-0.16992,0.51074,30.78
$BARO,56978.735,86684.83,30.76
$MAG,56978.762,0.111,-0.631,-0.805,29.5
$IMU,56978.785,9.948,-15.380,17.944,0.04785,0.14404,0.54833,30.77
$BARO,56978.836,86626.99,30.76
$IMU,56978.860,4.150,-23.498,3.967,-0.05517,0.01513,0.48046,30.77
$MAG,56978.863,0.111,-0.633,-0.826,29.3
$IMU,56978.935,5.737,-11.596,-2.624,0.05175,0.36962,0.53857,30.75
$BARO,56978.937,86662.80,30.76
$MAG,56978.964,0.102,-0.625,-0.831,29.3
$IMU,56979.010,-17.700,-3.906,4.760,0.08984,0.04736,0.42724,30.76
$BARO,56979.039,86575.97,30.76
$MAG,56979.064,0.094,-0.612,-0.844,29.3
$IMU,56979.086,-21.057,-5.615,2.624,-0.08447,0.04931,0.69531,30.75
$BARO,56979.140,86630.99,30.76
$IMU,56979.161,-19.897,-16.662,11.596,0.08496,-0.01464,0.87792,30.80
$MAG,56979.165,0.088,-0.619,-0.858,29.3
$IMU,56979.236,-0.122,-16.113,11.169,0.23193,0.11425,0.95898,30.77
$BARO,56979.242,86618.24,30.76
$MAG,56979.266,0.076,-0.634,-0.864,29.3
$IMU,56979.311,10.742,-5.676,5.737,0.15527,-0.39453,0.93212,30.71
$BARO,56979.343,86703.24,30.76
$MAG,56979.367,0.079,-0.615,-0.876,29.3
$IMU,56979.386,-13.793,-4.272,-1.159,0.06103,-0.86767,1.89208,30.78
$BARO,56979.445,86738.38,30.76
$IMU,56979.461,3.234,-2.746,-19.348,-0.16357,-1.81347,-0.23876,30.75
$MAG,56979.468,0.063,-0.661,-0.853,29.5
$HUM,56979.519,28.6,31.2
$IMU,56979.536,145.263,-58.715,-11.535,0.66992,0.04736,0.93261,30.78
$BARO,56979.546,86786.06,30.76
$MAG,56979.568,0.078,-0.654,-0.825,29.3
$VBAT,56979.602,3.847
$IMU,56979.611,19.897,30.456,-26.245,0.14794,-1.53466,0.69384,30.76
$BARO,56979.647,86765.07,30.76
$MAG,56979.669,0.105,-0.682,-0.768,29.2
$IMU,56979.686,66.955,40.161,-11.474,-0.04589,-1.72070,0.47705,30.79
$BARO,56979.749,86924.54,30.77
$IMU,56979.761,102.111,32.409,9.094,0.15185,-1.48437,0.37451,30.77
$MAG,56979.770,0.084,-0.727,-0.681,29.5
$IMU,56979.836,117.675,16.723,34.790,0.09228,-2.04003,0.53662,30.78
$BARO,56979.850,86978.26,30.76
$MAG,56979.871,0.084,-0.721,-0.529,29.5
$IMU,56979.911,295.532,-1.586,-18.859,0.34375,-0.53662,-0.95117,30.75
$BARO,56979.952,86908.42,30.77
$MAG,56979.972,0.091,-0.582,-0.337,29.2
$IMU,56979.986,367.004,15.319,-41.137,0.21289,-0.21875,-1.42822,30.76
$BARO,56980.053,86826.09,30.77
$IMU,56980.061,374.328,50.659,-45.471,-0.33593,0.94531,-2.64306,30.77
$MAG,56980.072,0.069,-0.337,-0.309,29.2
$TIME,56980.078,30062.000,2365
$IMU,56980.137,205.261,9.460,-47.241,-0.49169,1.00585,-1.97851,30.77
$BARO,56980.155,86961.61,30.76
$MAG,56980.173,0.079,-0.252,-0.352,29.5
$IMU,56980.212,115.356,-33.447,-31.616,-1.25585,2.18701,-3.52832,30.80
$BARO,56980.256,86931.21,30.78
$MAG,56980.274,0.114,-0.190,-0.459,29.5
$IMU,56980.287,53.588,-108.581,-42.297,-1.49462,1.90917,-3.33349,30.81
$BARO,56980.357,86921.76,30.76
$IMU,56980.362,-48.034,-58.471,-2.319,-1.37011,1.84521,-2.21875,30.81
$MAG,56980.375,0.118,-0.270,-0.409,29.3
$IMU,56980.437,-88.562,61.523,102.905,-1.15283,1.97216,-1.50292,30.74
$BARO,56980.459,86983.06,30.77
$MAG,56980.476,0.117,-0.388,-0.349,29.5
$IMU,56980.512,-96.008,30.517,100.036,-0.28076,1.82421,-1.06591,30.76
$HUM,56980.536,29.0,31.2
$BARO,56980.560,87047.36,30.77
$MAG,56980.577,0.162,-0.426,-0.411,29.3
$IMU,56980.587,-49.072,-54.870,37.475,-0.27099,1.50878,-1.44726,30.77
$VBAT,56980.611,3.823
$BARO,56980.662,86992.96,30.77
$IMU,56980.662,-13.793,-111.450,-33.874,-1.28808,1.71093,-1.61523,30.78
$MAG,56980.677,0.193,-0.424,-0.508,29.5
$IMU,56980.737,-11.413,-118.408,44.921,-0.79199,1.28808,-1.49707,30.82
$BARO,56980.763,87028.57,30.77
$MAG,56980.778,0.181,-0.591,-0.660,29.3
$IMU,56980.812,-30.395,-164.550,190.673,0.91503,2.27880,-0.79833,30.75
$BARO,56980.865,87042.00,30.78
$MAG,56980.879,0.153,-0.627,-0.718,29.5
$IMU,56980.887,-51.269,-66.711,70.251,0.48388,1.63964,-0.49511,30.78
$IMU,56980.962,-2.807,-17.761,39.672,-0.05224,1.47949,-0.64648,30.80
$BARO,56980.966,87069.96,30.78
$MAG,56980.980,0.121,-0.672,-0.739,29.2
$IMU,56981.037,-37.536,-16.174,66.406,0.17871,1.35839,-0.27050,30.76
$BARO,56981.067,87059.04,30.77
$TIME,56981.078,30063.000,2365
$MAG,56981.081,0.093,-0.694,-0.772,29.3
$IMU,56981.113,-53.710,3.356,47.912,0.13720,0.72558,-0.17578,30.80
$BARO,56981.169,87059.13,30.78
$MAG,56981.182,0.082,-0.697,-0.760,29.5
$IMU,56981.188,-5.371,9.460,26.123,0.11425,0.94042,-0.07128,30.80
$IMU,56981.263,2.990,12.390,2.990,0.07958,0.90429,-0.23681,30.81
$BARO,56981.270,87060.60,30.78
$MAG,56981.282,0.097,-0.702,-0.748,29.5
$IMU,56981.338,0.610,30.944,-4.577,0.00048,0.78857,-0.39843,30.78
$BARO,56981.372,87072.59,30.78
$MAG,56981.383,0.099,-0.697,-0.732,29.3
$IMU,56981.413,-17.211,24.353,-5.676,-0.22607,1.29882,-0.47656,30.81
$BARO,56981.473,87069.96,30.77
$MAG,56981.484,0.105,-0.643,-0.799,29.2
$IMU,56981.488,-100.097,-12.329,-18.798,-0.19189,0.90527,-0.53955,30.80
$HUM,56981.552,28.8,31.2
$IMU,56981.563,-132.385,-38.513,2.685,-0.01367,0.96484,-0.36035,30.81
$BARO,56981.575,87090.09,30.78
$MAG,56981.585,0.084,-0.592,-0.892,29.5
$VBAT,56981.614,3.829
$IMU,56981.638,-131.774,-13.916,39.855,0.16015,0.83740,0.00390,30.78
$BARO,56981.676,87098.62,30.78
$MAG,56981.686,0.070,-0.591,-0.898,29.3
$IMU,56981.713,-93.750,21.789,80.749,0.40185,0.95996,0.26318,30.79
$BARO,56981.777,87107.47,30.78
$MAG,56981.786,0.090,-0.601,-0.868,29.5
$IMU,56981.788,-47.607,55.053,58.288,0.18115,0.93115,0.45019,30.79
$IMU,56981.863,-11.657,52.001,15.380,0.06494,0.96435,0.44873,30.78
$BARO,56981.879,87120.27,30.78
$MAG,56981.887,0.109,-0.604,-0.840,29.3
$IMU,56981.938,11.779,17.639,-15.441,-0.38964,1.32519,0.31933,30.79
$BARO,56981.980,87113.59,30.78
$MAG,56981.988,0.099,-0.582,-0.880,29.3
$IMU,56982.013,-10.437,-40.405,-30.456,-0.09228,1.38623,0.33837,30.82
$BARO,56982.082,87124.26,30.78
$IMU,56982.088,-50.537,-26.489,-5.126,0.18505,1.21679,0.52539,30.82
$MAG,56982.089,0.094,-0.553,-0.895,29.2
$IMU,56982.164,-64.453,32.592,20.629,0.01660,1.03271,0.71679,30.77
$BARO,56982.183,87139.04,30.78
$MAG,56982.190,0.117,-0.538,-0.865,29.5
$IMU,56982.239,-66.345,81.298,47.668,-0.17529,0.86132,0.80419,30.78
$BARO,56982.285,87136.79,30.78
$MAG,56982.291,0.139,-0.552,-0.826,29.3
$IMU,56982.314,-64.636,71.533,51.452,-0.29638,0.65576,1.01464,30.82
$BARO,56982.386,87140.60,30.79
$IMU,56982.389,-45.104,20.629,25.024,-0.02539,0.41162,1.11328,30.78
$MAG,56982.391,0.138,-0.558,-0.828,29.5
$IMU,56982.464,-21.362,14.343,13.000,-0.09863,0.43896,1.09667,30.82
$BARO,56982.488,87145.37,30.79
$MAG,56982.492,0.151,-0.568,-0.813,29.3
$IMU,56982.539,-13.793,12.817,17.944,-0.15625,0.49267,1.00585,30.82
$HUM,56982.569,29.0,31.2
$BARO,56982.589,87164.46,30.79
$MAG,56982.593,0.129,-0.579,-0.805,29.5
$IMU,56982.614,-16.296,6.530,26.000,-0.23583,0.51660,1.13281,30.81
$VBAT,56982.624,3.818
$IMU,56982.689,-20.263,4.577,44.982,-0.20214,0.35302,1.14160,30.80
$BARO,56982.690,87159.19,30.79
$MAG,56982.694,0.126,-0.619,-0.807,29.3
$IMU,56982.764,-4.150,-4.516,57.739,-0.12841,0.49511,1.10986,30.83
$BARO,56982.792,87157.51,30.79
$MAG,56982.795,0.090,-0.651,-0.823,29.3
$IMU,56982.839,-13.977,-4.211,43.945,-0.13037,0.45019,1.16552,30.82
$BARO,56982.893,87142.77,30.79
$MAG,56982.896,0.069,-0.676,-0.816,29.5
$IMU,56982.914,-0.610,4.699,42.541,-0.23925,0.52050,1.05615,30.82
$IMU,56982.989,11.230,3.051,51.269,-0.19824,0.69287,0.95263,30.84
$BARO,56982.995,87158.49,30.80
$MAG,56982.996,0.052,-0.718,-0.805,29.3
$IMU,56983.064,-4.577,0.366,46.508,-0.09277,0.70117,0.94335,30.85
$TIME,56983.078,30065.000,2365
$BARO,56983.096,87176.04,30.80
$MAG,56983.097,0.019,-0.744,-0.817,29.5
$IMU,56983.140,-15.319,-9.399,36.987,-0.32568,0.70019,0.90332,30.82
$BARO,56983.198,87187.35,30.80
$MAG,56983.198,-0.016,-0.708,-0.886,29.5
$IMU,56983.215,-35.583,-72.998,-15.075,-0.34619,0.56347,0.93310,30.80
$IMU,56983.290,-35.278,-143.493,-58.288,0.30371,0.42675,1.00048,30.83
$MAG,56983.299,-0.079,-0.654,-0.966,29.5
$BARO,56983.299,87199.10,30.80
$IMU,56983.365,-29.724,-103.820,-53.955,0.20654,0.38330,1.22900,30.83
$BARO,56983.400,87204.14,30.80
$MAG,56983.400,-0.099,-0.619,-1.005,29.5
$IMU,56983.440,-25.329,-55.969,-34.606,0.19042,0.25390,1.31640,30.80
$MAG,56983.500,-0.126,-0.610,-1.015,29.3
$BARO,56983.502,87204.56,30.80
$IMU,56983.515,-3.967,-25.634,-6.347,0.02001,0.23046,1.16113,30.80
$HUM,56983.585,29.0,31.2
$IMU,56983.590,30.029,-19.775,18.066,0.21875,0.60839,0.87451,30.81
$MAG,56983.601,-0.141,-0.646,-1.006,29.3
$BARO,56983.603,87205.09,30.81
$VBAT,56983.643,3.813
$IMU,56983.665,12.207,1.098,28.320,0.11376,0.57421,0.84960,30.83
$MAG,56983.702,-0.159,-0.649,-0.997,29.5
$BARO,56983.705,87202.68,30.81
$IMU,56983.740,-13.488,9.216,35.095,-0.04833,0.40625,0.99218,30.82
$MAG,56983.803,-0.160,-0.655,-1.008,29.5
$BARO,56983.806,87217.69,30.80
$IMU,56983.815,-17.639,11.230,37.963,-0.06298,0.20947,0.98144,30.83
$IMU,56983.890,-10.192,32.287,71.655,-0.03808,0.14062,1.12158,30.85
$MAG,56983.904,-0.162,-0.657,-0.996,29.5
$BARO,56983.907,87214.21,30.81
$IMU,56983.965,-0.061,93.994,131.103,-0.08789,0.17773,1.00341,30.84
$MAG,56984.004,-0.165,-0.721,-0.954,29.5
$BARO,56984.009,87221.23,30.81
$IMU,56984.040,13.977,124.694,186.401,-0.67382,0.34130,0.94726,30.82
$TIME,56984.078,30067.000,2365
$MAG,56984.105,-0.207,-0.763,-0.930,29.5
$BARO,56984.110,87220.81,30.81
$IMU,56984.115,19.836,64.636,130.249,-0.46533,0.35205,0.74560,30.82
$IMU,56984.191,11.352,23.559,99.731,-0.23193,0.38427,0.90380,30.83
$MAG,56984.206,-0.265,-0.763,-0.924,29.6
$BARO,56984.212,87223.30,30.81
$IMU,56984.266,-2.380,22.033,78.430,-0.48535,0.34912,0.85791,30.86
$MAG,56984.307,-0.298,-0.777,-0.903,29.5
$BARO,56984.313,87231.69,30.82
$IMU,56984.341,15.747,-6.286,51.635,-0.20214,0.45117,0.69384,30.87
$MAG,56984.408,-0.352,-0.790,-0.892,29.5
$BARO,56984.415,87231.08,30.82
$IMU,56984.416,19.348,-1.403,57.983,-0.07666,0.61523,0.66943,30.85
$IMU,56984.491,-2.746,0.427,36.804,-0.17187,0.24560,0.67626,30.82
$MAG,56984.509,-0.379,-0.781,-0.891,29.5
$BARO,56984.516,87240.80,30.82
$IMU,56984.566,8.728,-10.864,49.804,0.21240,0.50097,0.80517,30.80
$HUM,56984.601,28.8,31.2
$MAG,56984.609,-0.405,-0.765,-0.897,29.5
$BARO,56984.618,87254.40,30.81
$IMU,56984.641,-11.047,3.295,28.198,-0.15820,0.45849,0.86425,30.85
$VBAT,56984.661,3.824
$MAG,56984.710,-0.414,-0.769,-0.891,29.3
$IMU,56984.716,2.319,-2.990,1.953,-0.31835,0.47460,0.89404,30.86
$BARO,56984.719,87267.64,30.82
$IMU,56984.791,28.381,-15.686,19.531,-0.01367,0.57714,0.74707,30.79
$MAG,56984.811,-0.435,-0.783,-0.855,29.5
$BARO,56984.820,87259.86,30.81
$IMU,56984.866,33.142,5.859,31.921,-0.18945,0.63720,0.77343,30.85
$MAG,56984.912,-0.474,-0.778,-0.832,29.5
$BARO,56984.922,87268.81,30.83
$IMU,56984.941,27.404,3.967,40.527,-0.06250,0.68847,0.81201,30.87
$MAG,56985.013,-0.498,-0.777,-0.825,29.3
$IMU,56985.016,29.418,8.728,48.767,-0.05078,0.81396,0.78564,30.87
$BARO,56985.023,87262.37,30.83
$IMU,56985.091,28.320,6.530,26.550,-0.07617,0.96240,0.77539,30.88
$MAG,56985.113,-0.516,-0.790,-0.804,29.5
$BARO,56985.125,87266.79,30.83
$IMU,56985.167,20.324,-0.915,2.807,-0.29736,1.00390,0.72949,30.82
$MAG,56985.214,-0.504,-0.789,-0.801,29.3
$BARO,56985.226,87264.30,30.83
$IMU,56985.242,-4.455,2.075,-7.324,-0.31787,0.88623,0.84375,30.82
$MAG,56985.315,-0.520,-0.765,-0.835,29.3
$IMU,56985.317,-25.573,17.028,38.696,-0.23095,0.62695,0.92285,30.85
$BARO,56985.327,87269.42,30.83
$IMU,56985.392,-18.615,6.225,35.095,-0.06347,0.40771,0.92919,30.88
$MAG,56985.416,-0.528,-0.751,-0.832,29.5
$BARO,56985.429,87268.20,30.83
$IMU,56985.467,8.850,-6.896,14.038,0.13574,0.65527,0.79541,30.85
$MAG,56985.516,-0.562,-0.729,-0.822,29.3
$BARO,56985.530,87297.94,30.83
$IMU,56985.542,1.831,-10.375,28.076,0.32861,0.91552,0.97509,30.85
$IMU,56985.617,-28.625,12.756,12.084,-0.14599,0.77441,1.20410,30.84
$MAG,56985.617,-0.564,-0.729,-0.864,29.5
$HUM,56985.618,28.9,31.2
$BARO,56985.632,87314.05,30.83
$VBAT,56985.668,3.818
$IMU,56985.692,-24.536,11.352,-25.390,-0.22412,0.54736,1.14111,30.89
$MAG,56985.718,-0.544,-0.733,-0.873,29.3
$BARO,56985.733,87310.00,30.83
$IMU,56985.767,-0.793,7.934,-20.324,-0.49511,0.60107,1.12792,30.90
$MAG,56985.819,-0.514,-0.744,-0.852,29.3
$BARO,56985.835,87309.95,30.84
$IMU,56985.842,-8.300,-10.803,-36.560,-0.19824,0.13476,1.02392,30.83
$IMU,56985.917,25.634,-12.756,3.601,0.11230,0.67089,1.05810,30.88
$MAG,56985.920,-0.534,-0.745,-0.835,29.5
$BARO,56985.936,87330.60,30.84
$IMU,56985.992,-6.530,0.976,2.441,-0.09570,0.39306,1.23974,30.86
$MAG,56986.020,-0.519,-0.759,-0.838,29.5
$BARO,56986.037,87357.24,30.84
$IMU,56986.067,15.930,3.295,-31.555,-0.35449,0.56347,1.13720,30.89
$TIME,56986.078,30069.000,2365
$MAG,56986.121,-0.465,-0.787,-0.828,29.5
$BARO,56986.139,87338.64,30.84
$IMU,56986.142,21.362,4.455,-54.809,-0.51171,0.55810,0.99218,30.84
$IMU,56986.218,0.366,6.652,-25.024,-0.34912,0.50683,1.03466,30.84
$MAG,56986.222,-0.463,-0.792,-0.835,29.5
$BARO,56986.240,87359.26,30.84
$IMU,56986.293,2.807,7.263,4.882,-0.25292,0.56542,0.97412,30.85
$MAG,56986.323,-0.453,-0.787,-0.840,29.5
$BARO,56986.342,87360.21,30.85
$IMU,56986.368,-2.441,8.117,2.380,-0.34863,0.44384,1.00000,30.88
$MAG,56986.424,-0.466,-0.787,-0.841,29.5
$BARO,56986.443,87362.51,30.85
$IMU,56986.443,-0.244,11.169,12.634,-0.34082,0.59521,1.00146,30.91
$IMU,56986.518,-24.780,27.770,27.526,-0.46777,0.38867,1.02539,30.91
$MAG,56986.525,-0.460,-0.763,-0.870,29.5
$BARO,56986.545,87341.20,30.85
$IMU,56986.593,-27.832,30.090,28.991,-0.39306,0.29003,1.04052,30.89
$MAG,56986.625,-0.478,-0.732,-0.898,29.5
$HUM,56986.634,28.8,31.2
$BARO,56986.646,87372.91,30.85
$IMU,56986.668,-39.611,10.253,32.714,-0.09667,0.22119,1.31933,30.80
$VBAT,56986.680,3.832
$MAG,56986.726,-0.475,-0.690,-0.943,29.5
$IMU,56986.743,-57.373,17.883,23.925,-0.29394,-0.25781,1.39892,30.88
$BARO,56986.747,87357.53,30.85
$IMU,56986.818,-8.422,-3.051,-7.934,-0.20703,0.02050,1.17675,30.82
$MAG,56986.827,-0.468,-0.691,-0.939,29.5
$BARO,56986.849,87380.40,30.85
$IMU,56986.893,3.173,1.464,-18.127,-0.29589,-0.00781,1.16992,30.86
$MAG,56986.928,-0.459,-0.702,-0.940,29.5
$BARO,56986.950,87389.10,30.85
$IMU,56986.968,4.272,18.432,1.037,-0.27294,-0.05761,1.15185,30.88
$MAG,56987.029,-0.453,-0.706,-0.949,29.5
$IMU,56987.043,20.019,25.146,18.615,-0.26171,0.21240,1.00390,30.86
$BARO,56987.052,87391.17,30.85
$IMU,56987.118,3.479,24.536,-3.723,-0.54296,0.09179,0.95556,30.87
$MAG,56987.129,-0.423,-0.703,-0.946,29.5
$BARO,56987.153,87386.66,30.85
$IMU,56987.194,-2.075,5.859,1.953,-0.41845,0.05615,1.02685,30.82
$MAG,56987.230,-0.450,-0.712,-0.946,29.6
$BARO,56987.255,87400.02,30.85
$IMU,56987.269,-6.103,5.737,26.550,-0.20361,0.05615,1.13769,30.86
$MAG,56987.331,-0.444,-0.700,-0.958,29.5
$IMU,56987.344,-0.671,10.192,16.662,-0.32763,0.10498,1.10107,30.88
$BARO,56987.356,87377.76,30.86
$IMU,56987.419,12.756,7.629,6.286,-0.28369,0.22265,1.00927,30.89
$MAG,56987.432,-0.442,-0.700,-0.949,29.5
$BARO,56987.457,87380.59,30.85
$IMU,56987.494,0.549,17.456,14.831,-0.36279,0.13281,1.02148,30.92
$MAG,56987.533,-0.447,-0.688,-0.958,29.5
$BARO,56987.559,87405.43,30.86
$IMU,56987.569,-4.333,8.544,19.592,-0.29394,0.10644,1.05810,30.91
$MAG,56987.633,-0.448,-0.684,-0.961,29.5
$IMU,56987.644,-5.554,6.652,22.094,-0.15917,0.08203,1.04638,30.92
$HUM,56987.651,29.0,31.3
$BARO,56987.660,87395.46,30.86
$VBAT,56987.687,3.824
$IMU,56987.719,-9.643,13.366,10.131,-0.31738,-0.07373,1.10644,30.87
$MAG,56987.734,-0.442,-0.676,-0.985,29.5
$BARO,56987.762,87402.90,30.87
$IMU,56987.794,-1.770,-0.427,-8.300,-0.23779,-0.10888,1.21923,30.90
$MAG,56987.835,-0.444,-0.696,-0.957,29.5
$BARO,56987.863,87414.08,30.87
$IMU,56987.869,24.719,-25.146,-31.066,-0.12988,-0.16796,1.20458,30.91
$MAG,56987.936,-0.414,-0.748,-0.919,29.5
$IMU,56987.944,36.437,-43.212,-87.829,0.08984,-0.14013,1.15576,30.88
$BARO,56987.965,87432.02,30.87
$IMU,56988.019,54.748,-22.705,-96.557,-0.13916,0.12695,0.99560,30.92
$MAG,56988.037,-0.357,-0.792,-0.874,29.5
$BARO,56988.066,87437.04,30.87
$TIME,56988.078,30070.000,2365
$IMU,56988.094,44.006,-9.460,-70.190,-0.19970,0.30078,0.97070,30.89
$MAG,56988.137,-0.339,-0.816,-0.858,29.6
$BARO,56988.167,87446.14,30.87
$IMU,56988.170,14.770,-18.676,-42.358,-0.08447,0.19824,1.03955,30.90
$MAG,56988.238,-0.309,-0.826,-0.846,29.5
$IMU,56988.245,7.568,-31.677,-52.551,0.03955,0.19189,1.05957,30.91
$BARO,56988.269,87439.02,30.88
$IMU,56988.320,14.587,-42.663,-63.110,0.06884,0.22216,0.97607,30.92
$MAG,56988.339,-0.268,-0.819,-0.835,29.5
$BARO,56988.370,87462.47,30.88
$IMU,56988.395,5.187,-35.705,-46.081,0.33886,0.00830,1.02636,30.92
$MAG,56988.440,-0.258,-0.832,-0.826,29.5
$IMU,56988.470,16.540,-8.605,-46.691,0.04052,0.13183,0.94531,30.92
$BARO,56988.472,87454.79,30.88
$MAG,56988.541,-0.210,-0.834,-0.817,29.3
$IMU,56988.545,12.390,-10.803,-55.297,-0.00585,0.21826,0.92089,30.91
$BARO,56988.573,87446.09,30.88
$IMU,56988.620,-1.342,-9.155,-30.212,0.17041,0.25146,1.01953,30.88
$MAG,56988.641,-0.195,-0.829,-0.826,29.5
$HUM,56988.667,29.1,31.3
$BARO,56988.675,87465.71,30.88
$IMU,56988.695,11.596,-3.540,-22.827,-0.05712,0.32373,0.90576,30.89
$VBAT,56988.698,3.824
$MAG,56988.742,-0.171,-0.834,-0.805,29.5
$IMU,56988.770,25.329,-17.883,-38.879,-0.01855,0.44580,0.80615,30.90
$BARO,56988.776,87463.74,30.88
$MAG,56988.843,-0.151,-0.825,-0.819,29.5
$IMU,56988.845,8.239,-33.996,-42.541,-0.17333,0.36718,0.85351,30.87
$BARO,56988.877,87471.58,30.88
$IMU,56988.920,-13.305,-64.819,-15.563,0.27832,0.25488,0.89111,30.94
$MAG,56988.944,-0.187,-0.817,-0.841,29.5
$BARO,56988.979,87464.25,30.88
$IMU,56988.995,-17.333,-15.197,20.568,0.38232,0.23779,1.03955,30.93
$MAG,56989.045,-0.178,-0.825,-0.840,29.5
$IMU,56989.070,-9.887,59.936,32.348,0.00000,0.25488,0.87646,30.91
$TIME,56989.078,30071.000,2365
$BARO,56989.080,87484.72,30.88
$MAG,56989.145,-0.181,-0.822,-0.846,29.5
$IMU,56989.145,-8.972,63.659,32.836,-0.23681,0.28369,0.92724,30.92
$BARO,56989.182,87484.06,30.88
$IMU,56989.221,-10.253,20.141,34.484,-0.04687,0.19140,0.89599,30.91
$MAG,56989.246,-0.223,-0.831,-0.840,29.5
$BARO,56989.283,87469.29,30.88
$IMU,56989.296,-2.502,-21.240,62.683,0.42382,0.30615,0.92968,30.93
$MAG,56989.347,-0.292,-0.826,-0.844,29.3
$IMU,56989.371,-10.192,-22.705,60.302,0.49267,0.18310,0.97119,30.90
$BARO,56989.385,87488.82,30.90
$IMU,56989.446,-10.986,-8.972,8.789,0.18945,0.07128,0.94287,30.92
$MAG,56989.448,-0.289,-0.817,-0.865,29.5
$BARO,56989.486,87468.12,30.90
$IMU,56989.521,-21.911,-9.094,-22.033,0.20117,-0.02001,1.04980,30.89
$MAG,56989.549,-0.267,-0.798,-0.876,29.5
$BARO,56989.587,87480.92,30.90
$IMU,56989.596,-13.977,-0.061,-37.536,0.00292,-0.06884,1.02392,30.96
$MAG,56989.650,-0.237,-0.805,-0.861,29.5
$IMU,56989.671,9.704,-0.366,-34.423,-0.11279,0.05224,0.93261,30.90
$HUM,56989.684,29.0,31.3
$BARO,56989.689,87492.25,30.90
$VBAT,56989.705,3.823
$IMU,56989.746,15.930,-0.183,-25.695,-0.07568,0.17968,0.97119,30.96
$MAG,56989.750,-0.222,-0.814,-0.855,29.5
$BARO,56989.790,87488.62,30.90
$IMU,56989.821,21.423,4.272,-10.742,-0.05322,0.13769,1.05273,30.95
$MAG,56989.851,-0.214,-0.825,-0.834,29.5
$BARO,56989.892,87499.69,30.90
$IMU,56989.896,35.095,13.916,4.150,0.08251,-0.07958,1.23437,30.91
$MAG,56989.952,-0.238,-0.873,-0.732,29.5
$IMU,56989.971,94.726,53.894,48.095,0.12988,0.28613,0.58935,30.91
$BARO,56989.993,87501.66,30.90
$IMU,56990.046,86.547,68.115,53.405,-0.30712,0.99707,0.48876,30.96
$MAG,56990.053,-0.261,-0.882,-0.691,29.5
$TIME,56990.078,30072.000,2365
$BARO,56990.094,87521.53,30.90
$IMU,56990.121,-4.455,15.991,16.296,-0.18066,0.45703,0.70312,30.91
$MAG,56990.154,-0.271,-0.885,-0.681,29.5
$BARO,56990.196,87525.14,30.91
$IMU,56990.197,14.099,-3.784,-2.868,-0.09716,0.75585,0.68896,30.96
$MAG,56990.255,-0.279,-0.886,-0.687,29.5
$IMU,56990.272,-9.643,14.221,12.145,-0.11474,0.79248,0.61230,30.93
$BARO,56990.297,87507.27,30.91
$IMU,56990.347,-43.090,16.296,23.193,-0.01708,0.68212,0.69824,30.93
$MAG,56990.355,-0.297,-0.870,-0.741,29.5
$BARO,56990.399,87534.03,30.90
$IMU,56990.422,-59.692,14.160,28.259,-0.03564,0.45556,0.86425,30.94
$MAG,56990.456,-0.315,-0.849,-0.795,29.5
$IMU,56990.497,-59.570,-3.051,15.808,0.09716,0.24951,0.99218,30.93
$BARO,56990.500,87515.58,30.91
$MAG,56990.557,-0.315,-0.823,-0.838,29.5
$IMU,56990.572,-48.889,2.441,-0.854,0.06152,0.14013,1.04296,30.90
$BARO,56990.601,87520.02,30.91
$IMU,56990.647,-40.039,13.671,6.225,-0.01708,0.00341,1.06347,30.97
$MAG,56990.658,-0.306,-0.813,-0.871,29.5
$HUM,56990.700,28.9,31.3
$BARO,56990.703,87528.67,30.91
$VBAT,56990.712,3.824
$IMU,56990.722,-23.437,16.601,-5.004,-0.08154,-0.02832,1.05224,30.94
$MAG,56990.759,-0.297,-0.805,-0.883,29.5
$IMU,56990.797,-11.169,12.756,3.601,-0.14111,-0.02392,1.05664,30.96
$BARO,56990.804,87540.20,30.92
$MAG,56990.860,-0.289,-0.802,-0.871,29.3
$IMU,56990.872,1.708,5.187,-8.300,-0.10791,0.08886,1.01367,30.93
$BARO,56990.906,87541.17,30.92
$IMU,56990.947,7.690,2.258,-3.112,-0.13232,0.13671,0.98876,30.98
$MAG,56990.960,-0.298,-0.810,-0.871,29.5
$BARO,56991.007,87550.92,30.92
$IMU,56991.022,14.831,9.765,4.333,-0.25732,0.24902,0.95361,30.92
$MAG,56991.061,-0.285,-0.820,-0.858,29.5
$IMU,56991.097,19.165,2.563,-6.896,-0.25000,0.34130,0.94140,30.96
$BARO,56991.108,87554.56,30.92
$MAG,56991.162,-0.270,-0.840,-0.840,29.5
$IMU,56991.172,10.375,4.882,-13.366,-0.31884,0.28906,0.97265,30.98
$BARO,56991.210,87569.40,30.93
$IMU,56991.248,9.826,-2.868,-18.493,-0.26562,0.35791,0.98046,30.98
$MAG,56991.263,-0.256,-0.832,-0.837,29.5
$BARO,56991.311,87561.14,30.92
$IMU,56991.323,6.713,-10.803,-16.784,-0.24951,0.34179,0.98193,30.96
$MAG,56991.364,-0.259,-0.832,-0.832,29.5
$IMU,56991.398,5.859,-24.108,-18.676,-0.05810,0.23974,0.98681,30.95
$BARO,56991.413,87565.94,30.93
$MAG,56991.465,-0.231,-0.838,-0.810,29.6
$IMU,56991.473,24.291,-39.855,-45.837,-0.13867,0.22412,1.04736,30.98
$BARO,56991.514,87576.27,30.93
$IMU,56991.548,46.325,-80.627,-80.932,0.23242,0.26855,1.07177,30.96
$MAG,56991.565,-0.193,-0.864,-0.781,29.3
$BARO,56991.615,87569.18,30.93
$IMU,56991.623,67.504,-65.307,-62.438,0.52490,0.28906,1.19921,30.97
$MAG,56991.666,-0.166,-0.879,-0.699,29.6
$IMU,56991.698,105.529,-11.169,-38.391,0.04541,-0.03466,1.05371,30.96
$VBAT,56991.712,3.835
$BARO,56991.717,87575.67,30.93
$HUM,56991.717,28.8,31.3
$MAG,56991.767,-0.126,-0.846,-0.456,29.6
$IMU,56991.773,228.637,11.962,-62.805,0.09863,0.11669,0.44628,30.97
$BARO,56991.818,87599.48,30.93
$IMU,56991.848,310.668,41.809,-68.664,-0.19873,0.39208,-0.47802,30.92
$MAG,56991.868,-0.093,-0.649,-0.228,29.5
$BARO,56991.920,87598.07,30.93
$IMU,56991.923,314.270,21.240,-44.189,-0.30371,1.49267,-1.04101,30.94
$MAG,56991.969,-0.046,-0.505,-0.193,29.5
$IMU,56991.998,161.315,-43.334,-17.211,-0.24365,1.48535,-0.96093,30.99
$BARO,56992.021,87602.31,30.93
$MAG,56992.070,-0.016,-0.486,-0.208,29.5
$IMU,56992.073,32.287,-51.086,-2.563,-0.01660,1.00634,-0.56640,30.96
$TIME,56992.078,30073.000,2365
$BARO,56992.122,87612.57,30.94
$IMU,56992.148,-1.037,-16.479,-1.342,-0.24755,0.60449,-0.62548,30.98
$MAG,56992.170,-0.003,-0.469,-0.207,29.6
$BARO,56992.224,87612.57,30.94
$IMU,56992.224,26.794,-0.793,-19.531,-0.14013,0.84472,-0.78955,31.00
$MAG,56992.271,-0.028,-0.438,-0.201,29.6
$IMU,56992.299,13.977,22.888,-23.376,-0.38623,0.92529,-0.79833,30.98
$BARO,56992.325,87620.47,30.94
$MAG,56992.372,-0.049,-0.448,-0.189,29.5
$IMU,56992.374,-12.878,15.686,-16.967,-0.45751,0.90283,-0.75439,30.93
$BARO,56992.427,87613.79,30.94
$IMU,56992.449,-37.902,27.160,3.967,-0.26074,0.85595,-0.68310,30.95
$MAG,56992.473,-0.087,-0.495,-0.172,29.5
$IMU,56992.524,-46.997,68.542,23.620,0.09960,0.90136,-0.67041,30.99
$BARO,56992.528,87632.36,30.94
$MAG,56992.574,-0.246,-0.546,-0.136,29.5
$IMU,56992.599,-34.973,160.156,20.019,0.22314,0.66943,-0.63964,30.97
$BARO,56992.630,87623.85,30.94
$IMU,56992.674,5.798,183.227,-3.784,-0.42675,0.90527,-0.58398,31.01
$MAG,56992.675,-0.397,-0.528,-0.132,29.3
$VBAT,56992.724,3.824
$BARO,56992.731,87623.10,30.94
$HUM,56992.733,29.4,31.4
$IMU,56992.749,1.831,53.222,-8.300,-0.10644,1.18115,-0.73632,30.99
$MAG,56992.776,-0.381,-0.565,-0.138,29.6
$IMU,56992.824,-83.740,-33.691,-4.577,0.09863,1.32324,-0.81835,31.00
$BARO,56992.832,87632.31,30.95
$MAG,56992.876,-0.283,-0.736,-0.234,29.6
$IMU,56992.899,-202.880,-94.848,-32.653,0.00683,1.12500,-0.80859,30.98
$BARO,56992.934,87634.34,30.95
$IMU,56992.974,-262.634,-131.164,-68.237,0.30078,0.71191,-0.36914,31.00
$MAG,56992.977,-0.145,-0.856,-0.462,29.6
$BARO,56993.035,87632.97,30.94
$IMU,56993.049,-220.458,-105.590,-61.767,0.01464,0.42626,0.47802,30.98
$MAG,56993.078,-0.082,-0.852,-0.634,29.5
$TIME,56993.078,30074.000,2365
$IMU,56993.124,-127.990,-95.458,-57.067,0.07373,0.48193,0.85937,30.98
$BARO,56993.137,87647.47,30.95
$MAG,56993.179,-0.088,-0.829,-0.738,29.6
$IMU,56993.200,-81.604,-76.599,-10.253,0.23388,0.23144,0.86816,31.00
$BARO,56993.238,87647.38,30.96
$IMU,56993.275,-51.574,-49.255,-2.319,0.20263,0.26806,0.84912,30.99
$MAG,56993.280,-0.079,-0.813,-0.787,29.3
$BARO,56993.339,87652.32,30.95
$IMU,56993.350,-23.254,-23.254,-15.197,0.16601,0.07958,0.74267,31.00
$MAG,56993.381,-0.081,-0.805,-0.793,29.5
$IMU,56993.425,-10.192,-21.606,-0.854,0.34667,0.43603,0.90820,31.00
$BARO,56993.441,87643.18,30.95
$MAG,56993.482,-0.103,-0.805,-0.837,29.6
$IMU,56993.500,-44.860,-19.348,13.854,0.46533,0.24169,1.05419,31.00
$BARO,56993.542,87659.56,30.95
$IMU,56993.575,-25.085,1.342,9.277,0.29003,0.38574,1.00146,30.99
$MAG,56993.582,-0.109,-0.786,-0.856,29.5
$BARO,56993.644,87670.05,30.96
$IMU,56993.650,-26.000,-9.887,-12.573,0.28613,0.14453,0.97753,31.01
$MAG,56993.683,-0.106,-0.769,-0.871,29.5
$IMU,56993.725,-5.859,-5.859,-13.427,0.38671,0.26904,0.95556,30.96
$VBAT,56993.731,3.823
$BARO,56993.745,87657.05,30.96
$HUM,56993.750,29.1,31.4
$MAG,56993.784,-0.082,-0.772,-0.862,29.5
$IMU,56993.800,0.000,11.352,-21.118,0.12988,0.26757,0.89990,30.98
$BARO,56993.847,87671.87,30.96
$IMU,56993.875,8.789,4.821,-29.846,0.12109,0.39111,0.83593,30.94
$MAG,56993.885,-0.061,-0.757,-0.865,29.6
$BARO,56993.948,87668.02,30.96
$IMU,56993.950,2.746,7.568,-15.808,0.14111,0.29052,0.90087,31.06
$MAG,56993.986,-0.045,-0.745,-0.861,29.5
$IMU,56994.025,7.568,8.850,-18.432,0.05273,0.37841,0.89355,31.01
$BARO,56994.049,87683.70,30.97
$TIME,56994.078,30075.000,2365
$MAG,56994.087,-0.022,-0.739,-0.855,29.5
$IMU,56994.100,0.244,-0.122,-24.841,0.11767,0.35449,0.97851,31.01
$BARO,56994.151,87666.75,30.97
$IMU,56994.175,2.868,8.117,-28.259,0.01660,0.40478,0.91552,31.01
$MAG,56994.188,0.006,-0.733,-0.844,29.6
$IMU,56994.251,2.990,5.615,-19.287,0.05078,0.45117,0.93847,31.00
$BARO,56994.252,87680.06,30.97
$MAG,56994.289,0.016,-0.723,-0.846,29.6
$IMU,56994.326,-4.028,7.263,-17.089,-0.01757,0.42431,0.94238,31.01
$BARO,56994.354,87694.32,30.98
$MAG,56994.389,0.033,-0.706,-0.849,29.6
$IMU,56994.401,-4.150,1.831,-23.132,-0.01757,0.47167,0.94628,30.99
$BARO,56994.455,87685.28,30.98
$IMU,56994.476,-10.437,-5.004,-20.690,0.10009,0.43457,0.97021,31.03
$MAG,56994.490,0.039,-0.684,-0.862,29.6
$IMU,56994.551,-12.451,-0.976,-22.338,0.06250,0.36328,0.98583,30.96
$BARO,56994.556,87708.29,30.98
$MAG,56994.591,0.052,-0.663,-0.867,29.6
$IMU,56994.626,-11.718,-1.159,-21.057,0.03613,0.40722,1.00341,31.00
$BARO,56994.658,87713.94,30.98
$MAG,56994.692,0.063,-0.640,-0.873,29.5
$IMU,56994.701,-12.939,-3.723,-23.681,0.11425,0.35937,1.01269,31.04
$VBAT,56994.743,3.819
$BARO,56994.759,87717.41,30.98
$HUM,56994.766,29.2,31.4
$IMU,56994.776,-8.911,1.525,-22.766,-0.03320,0.35351,1.01806,31.01
$MAG,56994.793,0.072,-0.621,-0.886,29.5
$IMU,56994.851,-14.953,-1.647,-18.859,0.09277,0.31201,1.07910,31.03
$BARO,56994.861,87715.33,30.98
$MAG,56994.894,0.073,-0.606,-0.889,29.6
$IMU,56994.926,-17.578,1.342,-11.779,0.01416,0.23583,1.08105,31.03
$BARO,56994.962,87727.25,30.98
$MAG,56994.994,0.075,-0.585,-0.892,29.6
$IMU,56995.001,-16.540,-0.976,-7.507,0.11621,0.21191,1.11279,31.00
$BARO,56995.064,87720.18,30.98
$IMU,56995.076,-18.127,4.882,0.305,0.08593,0.12548,1.11474,31.01
$TIME,56995.078,30077.000,2365
$MAG,56995.095,0.082,-0.577,-0.904,29.5
$IMU,56995.151,-12.329,2.929,-10.559,0.18115,0.16259,1.14013,31.04
$BARO,56995.165,87733.88,30.99
$MAG,56995.196,0.085,-0.567,-0.891,29.6
$IMU,56995.227,-8.422,10.009,-12.023,0.10644,0.11230,1.14306,31.04
$BARO,56995.266,87729.64,30.99
$MAG,56995.297,0.094,-0.555,-0.886,29.6
$IMU,56995.302,-2.807,10.314,-18.737,0.07666,0.10937,1.14257,31.07
$BARO,56995.368,87731.86,30.99
$IMU,56995.377,2.746,10.375,-18.493,0.04687,0.15869,1.10693,31.02
$MAG,56995.398,0.115,-0.546,-0.879,29.6
$IMU,56995.452,9.521,8.972,-12.145,0.02832,0.26367,1.04394,31.05
$BARO,56995.469,87726.72,31.00
$MAG,56995.499,0.123,-0.538,-0.882,29.6
$IMU,56995.527,8.911,5.554,-7.995,0.08203,0.27148,1.04785,31.01
$BARO,56995.571,87737.88,30.99
$MAG,56995.600,0.121,-0.553,-0.861,29.5
$IMU,56995.602,7.446,4.577,-0.122,0.10205,0.24267,1.08154,31.03
$BARO,56995.672,87737.83,31.00
$IMU,56995.677,9.582,1.953,5.859,0.11181,0.18701,1.07568,31.01
$MAG,56995.700,0.121,-0.555,-0.855,29.5
$VBAT,56995.750,3.826
$IMU,56995.752,23.254,-4.821,-1.892,0.13720,0.32910,0.98974,31.03
$BARO,56995.773,87747.58,31.00
$HUM,56995.782,29.1,31.4
$MAG,56995.801,0.114,-0.577,-0.870,29.6
$IMU,56995.827,22.094,-12.878,-2.441,0.20654,0.39892,0.93017,31.06
$BARO,56995.875,87744.32,31.00
$MAG,56995.902,0.105,-0.570,-0.870,29.6
$IMU,56995.902,9.948,-10.681,-1.037,0.23583,0.35058,0.97509,31.06
$BARO,56995.976,87751.56,31.01
$IMU,56995.977,4.821,-5.004,3.295,0.27343,0.35498,0.95703,31.05
$MAG,56996.003,0.106,-0.576,-0.870,29.5
$IMU,56996.052,5.737,-6.652,1.831,0.25537,0.39599,0.92333,31.07
$BARO,56996.078,87753.97,31.01
$TIME,56996.078,30078.000,2365
$MAG,56996.104,0.099,-0.582,-0.876,29.5
$IMU,56996.127,-2.197,-9.155,6.408,0.33007,0.35058,0.95361,31.02
$BARO,56996.179,87761.87,31.01
$IMU,56996.203,-9.887,-4.272,8.728,0.41992,0.24072,0.97119,31.03
$MAG,56996.205,0.096,-0.589,-0.880,29.6
$IMU,56996.278,-7.324,3.051,16.540,0.33300,0.27099,0.97851,31.04
$BARO,56996.281,87754.72,31.01
$MAG,56996.305,0.094,-0.592,-0.877,29.6
$IMU,56996.353,-12.573,2.136,10.742,0.34863,0.18017,1.04248,31.09
$BARO,56996.382,87772.35,31.01
$MAG,56996.406,0.099,-0.583,-0.879,29.6
$IMU,56996.428,-9.094,5.554,3.601,0.26904,0.16357,1.06591,31.02
$BARO,56996.483,87772.91,31.02
$IMU,56996.503,-6.042,-0.549,2.075,0.35498,0.08691,1.04101,31.04
$MAG,56996.507,0.093,-0.585,-0.876,29.7
$IMU,56996.578,-6.652,2.136,2.685,0.28857,0.04541,1.11376,31.05
$BARO,56996.585,87763.38,31.01
$MAG,56996.608,0.094,-0.589,-0.886,29.5
$IMU,56996.653,2.258,-1.281,-5.126,0.31933,0.02929,1.08740,31.11
$BARO,56996.686,87775.88,31.02
$MAG,56996.709,0.088,-0.588,-0.880,29.6
$IMU,56996.728,15.808,-1.037,-3.112,0.26708,0.18457,1.01562,31.08
$VBAT,56996.762,3.839
$BARO,56996.788,87771.42,31.02
$HUM,56996.799,29.2,31.4
$IMU,56996.803,10.620,-3.479,-11.718,0.19189,0.20751,1.00341,31.01
$MAG,56996.810,0.094,-0.585,-0.889,29.5
$IMU,56996.878,-1.525,-12.207,-15.563,0.24414,0.10253,1.07226,31.06
$BARO,56996.889,87790.97,31.03
$MAG,56996.911,0.090,-0.576,-0.891,29.6
$IMU,56996.953,-1.098,-11.962,-10.009,0.23486,0.08593,1.13671,31.04
$BARO,56996.990,87798.55,31.02
$MAG,56997.011,0.091,-0.565,-0.906,29.6
$IMU,56997.028,5.554,-9.338,-9.216,0.27148,0.11181,1.13037,31.07
$TIME,56997.078,30079.000,2365
$BARO,56997.092,87779.68,31.03
$IMU,56997.103,8.911,-8.911,-7.690,0.21826,0.12988,1.10595,31.06
$MAG,56997.112,0.082,-0.571,-0.898,29.6
$IMU,56997.178,7.629,-10.009,-7.385,0.20654,0.13232,1.12695,31.07
$BARO,56997.193,87800.72,31.02
$MAG,56997.213,0.081,-0.570,-0.910,29.5
$IMU,56997.254,10.375,-8.972,-0.915,0.25537,0.09228,1.14746,31.08
$BARO,56997.295,87803.45,31.04
$MAG,56997.314,0.085,-0.588,-0.892,29.6
$IMU,56997.329,22.033,7.324,5.004,0.24951,0.14599,1.08935,31.09
$BARO,56997.396,87811.59,31.03
$IMU,56997.404,25.939,29.846,18.798,0.04785,0.22851,1.04345,31.08
$MAG,56997.415,0.093,-0.627,-0.867,29.6
$IMU,56997.479,17.395,25.085,22.399,-0.05957,0.23046,0.97216,31.09
$BARO,56997.498,87810.18,31.03
$MAG,56997.516,0.081,-0.627,-0.850,29.6
$IMU,56997.554,8.666,6.103,12.084,-0.09423,0.30517,0.97656,31.11
$BARO,56997.599,87820.46,31.04
$MAG,56997.616,0.087,-0.624,-0.867,29.6
$IMU,56997.629,-14.465,-15.747,-4.089,-0.04638,0.15869,1.01416,31.08
$BARO,56997.700,87823.68,31.04
$IMU,56997.704,-14.465,-24.414,-8.422,0.06738,0.07617,1.06005,31.05
$MAG,56997.717,0.078,-0.609,-0.888,29.6
$VBAT,56997.768,3.827
$IMU,56997.779,-1.525,-15.502,-5.676,0.02587,0.11523,1.03271,31.09
$BARO,56997.802,87820.24,31.04
$HUM,56997.815,29.2,31.4
$MAG,56997.818,0.073,-0.612,-0.885,29.6
$IMU,56997.854,-2.990,-5.554,-6.469,0.03906,0.10937,1.06445,31.08
$BARO,56997.903,87820.85,31.04
$MAG,56997.919,0.073,-0.604,-0.895,29.6
$IMU,56997.929,-2.868,1.892,-4.638,-0.20214,0.10742,1.11914,31.11
$IMU,56998.004,5.493,-19.409,-10.559,-0.14648,0.12109,1.04980,31.08
$BARO,56998.005,87844.23,31.05
$MAG,56998.020,0.058,-0.588,-0.912,29.6
$TIME,56998.078,30080.000,2365
$IMU,56998.079,4.272,-30.334,-12.695,0.09472,0.13427,1.05078,31.09
$BARO,56998.106,87837.82,31.04
$MAG,56998.121,0.058,-0.592,-0.922,29.5
$IMU,56998.154,-2.197,-13.000,-2.441,-0.07617,0.12792,1.08935,31.10
$BARO,56998.207,87838.99,31.05
$MAG,56998.221,0.049,-0.604,-0.927,29.6
$IMU,56998.230,0.854,-12.756,0.183,-0.01611,0.09716,1.07812,31.10
$IMU,56998.305,6.958,-10.620,1.586,-0.12988,0.15332,1.05664,31.12
$BARO,56998.309,87840.55,31.05
$MAG,56998.322,0.034,-0.601,-0.931,29.6
$IMU,56998.380,6.896,-17.578,7.568,-0.02001,0.12597,1.04638,31.09
$BARO,56998.410,87842.01,31.05
$MAG,56998.423,0.022,-0.619,-0.933,29.6
$IMU,56998.455,13.488,-15.258,16.601,0.01464,0.10546,1.03613,31.12
$BARO,56998.512,87841.11,31.05
$MAG,56998.524,0.012,-0.645,-0.919,29.6
$IMU,56998.530,26.428,-13.122,13.916,0.02343,0.21093,1.01220,31.10
$IMU,56998.605,32.958,-2.075,21.301,-0.01171,0.18945,1.01660,31.07
$BARO,56998.613,87854.71,31.05
$MAG,56998.625,-0.007,-0.687,-0.903,29.6
$IMU,56998.680,54.626,-6.591,20.141,0.03222,-0.00927,1.14941,31.12
$BARO,56998.715,87858.37,31.05
$MAG,56998.726,-0.025,-0.757,-0.832,29.7
$IMU,56998.755,139.343,-8.911,-5.615,0.01074,-0.33154,0.78613,31.07
$VBAT,56998.781,3.819
$BARO,56998.816,87861.15,31.05
$MAG,56998.827,0.006,-0.804,-0.607,29.6
$IMU,56998.830,287.597,-23.803,-47.546,-0.36621,-0.03320,-0.13183,31.05
$HUM,56998.832,29.2,31.5
$IMU,56998.905,355.224,-71.838,-66.223,-0.08447,1.17236,-0.65673,31.08
$BARO,56998.917,87863.78,31.06
$MAG,56998.927,0.063,-0.732,-0.445,29.6
$IMU,56998.980,208.007,-53.771,-27.954,0.09033,1.29443,-0.63818,31.10
$BARO,56999.019,87862.36,31.06
$MAG,56999.028,0.084,-0.696,-0.421,30.0
$IMU,56999.055,62.011,-3.784,-25.878,0.09082,0.95507,-0.57617,31.12
$TIME,56999.078,30080.000,2365
$BARO,56999.120,87865.95,31.06
$MAG,56999.129,0.073,-0.679,-0.399,29.6
$IMU,56999.130,-1.770,38.696,-28.503,-0.39453,0.48339,-0.47460,31.12
$IMU,56999.206,-6.591,33.630,-16.235,-0.20556,0.75488,-0.44531,31.13
$BARO,56999.222,87873.65,31.06
$MAG,56999.230,0.046,-0.682,-0.375,29.6
$IMU,56999.281,-34.606,65.063,2.746,0.02880,0.64306,-0.43310,31.11
$BARO,56999.323,87889.03,31.06
$MAG,56999.331,-0.030,-0.711,-0.310,29.7
$IMU,56999.356,-42.053,127.136,4.455,0.12060,0.51025,-0.49121,31.11
$BARO,56999.424,87882.60,31.06
$IMU,56999.431,-25.146,164.855,1.953,-0.24121,0.52490,-0.46630,31.12
$MAG,56999.432,-0.123,-0.721,-0.259,29.5
$IMU,56999.506,-16.357,103.698,-2.136,-0.27343,0.69628,-0.34472,31.08
$BARO,56999.526,87892.20,31.07
$MAG,56999.533,-0.157,-0.739,-0.250,29.6
$IMU,56999.581,-33.813,38.330,-16.174,-0.11328,0.70751,-0.47753,31.07
$BARO,56999.627,87889.98,31.07
$MAG,56999.633,-0.151,-0.771,-0.306,29.5
$IMU,56999.656,-83.923,4.028,-15.014,-0.09375,1.14013,-0.63818,31.14
$BARO,56999.729,87891.35,31.07
$IMU,56999.731,-209.411,-30.517,-15.991,0.16015,0.93945,-0.80810,31.11
$MAG,56999.734,-0.111,-0.856,-0.528,29.6
$VBAT,56999.787,3.818
$IMU,56999.806,-298.645,-31.372,-42.724,0.17138,0.17626,-0.48242,31.09
$BARO,56999.830,87904.51,31.07
$MAG,56999.835,-0.055,-0.808,-0.789,29.6
$HUM,56999.848,29.0,31.5
$IMU,56999.881,-256.896,-23.193,-59.448,0.16162,-0.16650,0.38623,31.08
$BARO,56999.932,87903.48,31.07
$MAG,56999.936,-0.024,-0.711,-0.895,29.6
$IMU,56999.956,-145.935,-11.108,-49.926,-0.22949,-0.10693,0.89599,31.08
$IMU,57000.031,-69.396,-17.211,-24.536,-0.15429,-0.01464,0.98828,31.07
$BARO,57000.033,87901.07,31.07
$MAG,57000.037,-0.019,-0.669,-0.933,29.5
$TIME,57000.078,30082.000,2365
$IMU,57000.106,-17.272,-9.826,1.342,-0.16943,0.20019,0.85351,31.13
$BARO,57000.134,87901.27,31.07
$MAG,57000.138,-0.034,-0.672,-0.946,29.7
$IMU,57000.181,-8.300,-17.517,-2.441,0.00341,0.20312,0.83398,31.13
$BARO,57000.236,87918.01,31.08
$MAG,57000.239,-0.043,-0.666,-0.951,29.7
$IMU,57000.257,-1.953,-16.662,-13.244,-0.06640,0.20898,0.87255,31.14
$IMU,57000.332,4.882,-23.071,-17.761,0.01806,0.34082,0.77050,31.12
$BARO,57000.337,87926.28,31.08
$MAG,57000.339,-0.051,-0.655,-0.955,29.6
$IMU,57000.407,-1.953,-17.089,-1.220,0.07519,0.38574,0.75048,31.11
$BARO,57000.439,87915.75,31.08
$MAG,57000.440,-0.064,-0.654,-0.969,29.7
$IMU,57000.482,-10.559,-9.094,0.732,0.18945,0.32226,0.75292,31.10
$BARO,57000.540,87946.70,31.08
$MAG,57000.541,-0.052,-0.637,-0.973,29.6
$IMU,57000.557,-8.178,-0.183,-10.986,0.17138,0.36718,0.74316,31.12
$IMU,57000.632,-10.437,10.498,-12.634,-0.01074,0.35400,0.76660,31.12
$BARO,57000.642,87935.54,31.09
$MAG,57000.642,-0.042,-0.622,-0.979,29.5
$IMU,57000.707,-11.779,6.530,-17.761,-0.00390,0.28125,0.81835,31.12
$BARO,57000.743,87956.38,31.09
$MAG,57000.743,-0.034,-0.624,-0.972,29.8
$IMU,57000.782,-3.234,4.638,-12.023,-0.04443,0.40722,0.74365,31.15
$VBAT,57000.799,3.816
$BARO,57000.844,87967.66,31.09
$MAG,57000.844,-0.037,-0.612,-0.984,29.7
$IMU,57000.857,-11.413,-1.464,1.831,-0.10644,0.44482,0.68457,31.13
$HUM,57000.864,29.3,31.4
$IMU,57000.932,-28.808,-16.601,14.526,-0.05664,0.19189,0.79101,31.13
$MAG,57000.944,-0.058,-0.588,-1.008,29.5
$BARO,57000.946,87915.79,31.09
$IMU,57001.007,-24.230,-25.207,25.573,0.17919,0.05371,0.81933,31.15
$MAG,57001.045,-0.078,-0.588,-1.020,30.0
$BARO,57001.047,87951.63,31.09
$TIME,57001.078,30083.000,2365
$IMU,57001.082,-15.808,-20.690,10.986,0.38476,0.07617,0.83105,31.13
$MAG,57001.146,-0.085,-0.559,-1.030,29.7
$BARO,57001.149,87955.62,31.10
$IMU,57001.157,-17.211,-6.713,-10.681,0.37500,0.00683,0.88037,31.16
$IMU,57001.233,-12.695,3.112,-31.127,0.39453,0.02197,0.95654,31.17
$MAG,57001.247,-0.069,-0.543,-1.023,29.6
$BARO,57001.250,87978.75,31.10
$IMU,57001.308,-5.004,8.789,-47.973,0.44140,0.10351,1.02294,31.13
$MAG,57001.348,-0.036,-0.516,-1.021,29.6
$BARO,57001.352,87985.34,31.11
$IMU,57001.383,2.441,15.747,-58.288,0.42236,0.24804,0.92968,31.14
$MAG,57001.449,-0.021,-0.481,-1.021,29.6
$BARO,57001.453,87943.19,31.11
$IMU,57001.458,-3.723,12.634,-73.486,0.36279,0.31445,0.85937,31.16
$IMU,57001.533,-13.122,10.803,-65.856,0.34960,0.26562,0.87402,31.13
$MAG,57001.550,0.001,-0.433,-1.021,29.8
$BARO,57001.554,87955.99,31.11
$IMU,57001.608,-19.714,13.366,-49.621,0.38574,0.24121,0.97216,31.12
$MAG,57001.650,0.003,-0.394,-1.015,29.6
$BARO,57001.656,87934.68,31.11
$IMU,57001.683,-19.592,11.901,-51.208,0.51855,0.27978,1.03027,31.11
$MAG,57001.751,0.027,-0.349,-1.008,30.0
$BARO,57001.757,87995.77,31.12
$IMU,57001.758,-12.451,17.761,-53.833,0.59326,0.43505,1.03613,31.11
$VBAT,57001.805,3.803
$IMU,57001.833,-7.324,26.611,-59.814,0.28271,0.48925,0.84521,31.17
$MAG,57001.852,0.028,-0.315,-0.997,30.0
$BARO,57001.859,88001.42,31.12
$HUM,57001.881,29.4,31.5
$IMU,57001.908,-10.864,9.826,-59.753,0.24658,0.37548,0.69970,31.14
$MAG,57001.953,0.010,-0.256,-0.984,29.8
$BARO,57001.960,87974.83,31.12
$IMU,57001.983,-25.817,-3.234,-45.471,0.40771,0.23876,0.68847,31.11
$MAG,57002.054,-0.007,-0.234,-0.987,29.8
$IMU,57002.058,-21.484,0.915,-34.362,0.31542,0.28808,0.81396,31.18
$BARO,57002.061,87976.12,31.12
$TIME,57002.078,30084.000,2365
$IMU,57002.133,-12.939,2.685,-29.846,0.76123,0.27539,0.81250,31.16
$MAG,57002.155,0.003,-0.214,-0.981,29.7
$BARO,57002.163,88028.07,31.13
$IMU,57002.209,-3.906,21.972,-22.094,0.30175,0.32226,0.77099,31.15
$MAG,57002.256,-0.009,-0.195,-0.967,29.6
$BARO,57002.264,87962.08,31.13
$IMU,57002.284,4.882,5.615,-49.072,0.50927,0.41992,0.66113,31.16
$MAG,57002.356,-0.019,-0.174,-0.957,29.8
$IMU,57002.359,-6.164,5.310,-28.625,0.62255,0.51318,0.71484,31.18
$BARO,57002.366,87985.09,31.13
$IMU,57002.434,-21.789,9.094,-52.001,0.62597,0.40869,0.65087,31.18
$MAG,57002.457,-0.054,-0.126,-0.948,29.7
$BARO,57002.467,88007.76,31.13
$IMU,57002.509,-20.507,15.930,-78.063,0.52636,0.43505,0.67968,31.20
$MAG,57002.558,-0.106,-0.073,-0.918,30.0
$BARO,57002.569,88042.93,31.14
$IMU,57002.584,-32.104,16.906,-73.791,0.48242,0.51367,0.81347,31.17
$IMU,57002.659,-29.724,16.418,-77.209,0.53076,0.63183,0.81152,31.20
$MAG,57002.659,-0.147,-0.033,-0.900,29.8
$BARO,57002.670,88097.34,31.14
$IMU,57002.734,-30.090,16.418,-69.824,0.41845,0.66601,0.77050,31.16
$MAG,57002.760,-0.195,0.004,-0.873,29.7
$BARO,57002.771,88046.37,31.14
$IMU,57002.809,-26.062,23.071,-64.453,0.60351,0.62402,0.73339,31.14
$VBAT,57002.814,3.808
$MAG,57002.861,-0.217,0.016,-0.855,29.6
$BARO,57002.873,88126.22,31.14
$IMU,57002.884,-17.272,36.804,-49.194,0.32910,0.56103,0.61718,31.18
$HUM,57002.897,29.1,31.6
$IMU,57002.959,-25.390,21.789,-51.513,0.46875,0.48242,0.70166,31.18
$MAG,57002.962,-0.264,0.034,-0.834,29.7
$BARO,57002.974,88107.60,31.15
$IMU,57003.034,-18.127,32.226,-50.476,0.21533,0.43945,0.67675,31.16
$MAG,57003.062,-0.288,0.040,-0.810,29.7
$BARO,57003.076,88141.82,31.15
$TIME,57003.078,30085.000,2365
$IMU,57003.109,-9.033,26.672,-35.644,0.36035,0.46191,0.75585,31.16
$MAG,57003.163,-0.298,0.036,-0.825,29.8
$BARO,57003.177,88128.20,31.15
$IMU,57003.184,12.084,12.451,-17.150,0.37109,0.36816,0.65722,31.19
$IMU,57003.260,12.512,8.850,-22.094,0.46826,0.41992,0.78857,31.18
$MAG,57003.264,-0.327,0.037,-0.826,29.7
$BARO,57003.279,88146.43,31.16
$IMU,57003.335,-7.385,3.417,-41.503,0.78710,0.56738,0.90283,31.14
$MAG,57003.365,-0.372,0.040,-0.810,29.6
$BARO,57003.380,88142.77,31.15
$IMU,57003.410,-30.273,24.719,-62.561,0.40283,0.34130,1.03369,31.16
$MAG,57003.466,-0.435,0.027,-0.790,29.6
$BARO,57003.481,88159.57,31.16
$IMU,57003.485,-14.953,15.319,-77.087,0.38720,0.55468,1.12890,31.18
$IMU,57003.560,5.737,14.038,-66.345,0.40917,0.61669,0.91943,31.15
$MAG,57003.567,-0.487,0.000,-0.810,29.6
$BARO,57003.583,88189.50,31.16
$IMU,57003.635,9.765,23.986,-45.959,0.35205,0.74804,0.90673,31.20
$MAG,57003.667,-0.519,-0.013,-0.811,29.6
$BARO,57003.684,88193.55,31.16
$IMU,57003.710,-6.958,9.033,-46.813,0.74267,0.62109,1.09765,31.21
$MAG,57003.768,-0.546,-0.034,-0.826,29.6
$IMU,57003.785,-0.976,27.404,-52.185,0.40722,0.56201,1.15332,31.19
$BARO,57003.786,88224.26,31.16
$VBAT,57003.814,3.834
$IMU,57003.860,19.775,22.033,-49.621,0.50634,0.67871,1.04199,31.22
$MAG,57003.869,-0.564,-0.078,-0.852,29.6
$BARO,57003.887,88277.30,31.16
$HUM,57003.913,29.3,31.6
$IMU,57003.935,28.381,20.385,-57.067,0.49023,0.97753,0.96044,31.23
$MAG,57003.970,-0.582,-0.097,-0.865,29.7
$BARO,57003.989,88168.15,31.17
$IMU,57004.010,4.516,31.188,-44.860,0.30078,0.62402,1.05517,31.19
$MAG,57004.071,-0.588,-0.130,-0.906,30.0
$TIME,57004.078,30085.000,2365
$IMU,57004.085,18.371,41.564,-34.118,0.27734,0.68750,1.02392,31.19
$BARO,57004.090,88269.77,31.17
$IMU,57004.160,23.254,26.733,-29.602,0.50488,0.56835,1.07080,31.20
$MAG,57004.172,-0.591,-0.166,-0.930,29.6
$BARO,57004.191,88346.60,31.18
$IMU,57004.236,36.010,8.056,-38.146,0.39062,0.84570,1.02587,31.23
$MAG,57004.273,-0.607,-0.210,-0.933,30.0
$BARO,57004.293,88245.39,31.18
$IMU,57004.311,23.010,4.699,-40.771,0.72119,1.00195,1.07226,31.25
$MAG,57004.373,-0.616,-0.268,-0.957,29.6
$IMU,57004.386,12.939,16.296,-65.795,0.49316,0.74414,1.07421,31.18
$BARO,57004.394,88306.72,31.18
$IMU,57004.461,23.071,27.282,-76.538,0.18164,0.78125,0.88330,31.20
$MAG,57004.474,-0.615,-0.315,-0.952,30.0
$BARO,57004.496,88257.24,31.19
$IMU,57004.536,12.756,3.845,-67.504,0.58349,0.51562,0.90722,31.19
$MAG,57004.575,-0.634,-0.391,-0.958,29.6
$BARO,57004.597,88359.10,31.18
$IMU,57004.611,30.517,-1.281,-84.716,0.38427,0.99414,1.32324,31.20
$MAG,57004.676,-0.645,-0.454,-0.949,29.7
$IMU,57004.686,4.638,-15.380,-77.392,0.64404,1.22802,1.43017,31.21
$BARO,57004.699,88273.67,31.18
$IMU,57004.761,18.066,-10.192,-134.338,0.73144,1.55224,0.99511,31.19
$MAG,57004.777,-0.622,-0.552,-0.946,29.6
$BARO,57004.800,88379.33,31.18
$VBAT,57004.820,3.823
$IMU,57004.836,0.549,7.568,-124.450,0.29736,1.45117,0.98828,31.19
$MAG,57004.878,-0.568,-0.615,-0.940,30.0
$BARO,57004.901,88394.32,31.18
$IMU,57004.911,-9.948,4.821,-126.281,0.66113,1.12158,0.96484,31.20
$HUM,57004.930,29.3,31.6
$MAG,57004.978,-0.508,-0.658,-0.961,29.6
$IMU,57004.986,-11.230,27.282,-93.872,0.27343,0.92822,1.05615,31.22
$BARO,57005.003,88378.48,31.19
$IMU,57005.061,-0.671,8.361,-97.290,0.33105,1.01757,1.05468,31.20
$TIME,57005.078,30088.000,2365
$MAG,57005.079,-0.457,-0.694,-0.963,29.8
$BARO,57005.104,88362.03,31.19
$IMU,57005.136,18.920,14.831,-68.725,0.31494,1.17968,0.98291,31.17
$MAG,57005.180,-0.391,-0.735,-0.934,30.0
$BARO,57005.206,88358.83,31.19
$IMU,57005.212,28.686,11.230,-86.181,0.41845,1.39746,1.01953,31.21
$MAG,57005.281,-0.319,-0.763,-0.934,29.6
$IMU,57005.287,16.296,12.878,-77.087,0.12451,0.96972,0.88281,31.21
$BARO,57005.307,88453.97,31.19
$IMU,57005.362,37.414,-4.394,-88.500,0.22363,1.44384,0.87548,31.17
$MAG,57005.382,-0.271,-0.769,-0.918,29.6
$BARO,57005.408,88433.74,31.19
$IMU,57005.437,-5.432,0.610,-58.227,0.16503,1.74511,1.26220,31.21
$MAG,57005.483,-0.232,-0.765,-0.922,30.0
$BARO,57005.510,88492.85,31.19
$IMU,57005.512,1.770,2.380,-53.161,0.41748,1.62255,0.88818,31.22
$MAG,57005.584,-0.183,-0.768,-0.904,30.0
$IMU,57005.587,28.503,16.052,-52.062,0.22949,1.72460,0.78759,31.16
$BARO,57005.611,88488.75,31.19
$IMU,57005.662,2.014,10.864,-35.400,0.43066,1.54980,0.95507,31.19
$MAG,57005.685,-0.168,-0.757,-0.894,29.6
$BARO,57005.713,88545.03,31.19
$IMU,57005.737,-4.699,9.765,-32.897,0.44824,1.45019,1.20019,31.21
$MAG,57005.785,-0.123,-0.762,-0.892,29.6
$IMU,57005.812,1.586,12.084,-41.687,0.32031,1.60546,1.17382,31.23
$BARO,57005.814,88541.94,31.20
$VBAT,57005.820,3.819
$MAG,57005.886,-0.082,-0.750,-0.886,30.0
$IMU,57005.887,1.708,17.211,-37.597,0.29492,1.54492,1.19531,31.19
$BARO,57005.915,88562.58,31.20
$HUM,57005.946,29.4,31.6
$IMU,57005.962,16.296,18.920,-40.039,0.12695,1.54833,1.15039,31.21
$MAG,57005.987,-0.040,-0.750,-0.859,29.6
$BARO,57006.017,88608.51,31.21
$IMU,57006.037,31.616,19.409,-26.306,-0.13525,1.86132,1.04833,31.26
$MAG,57006.088,-0.028,-0.735,-0.867,29.8
$IMU,57006.112,4.821,-3.540,-27.038,0.04345,1.69042,1.23144,31.19
$BARO,57006.118,88583.01,31.21
$IMU,57006.187,13.366,-2.441,-24.658,-0.06103,1.76757,1.27539,31.21
$MAG,57006.189,-0.018,-0.733,-0.864,29.6
$BARO,57006.220,88684.78,31.21
$IMU,57006.263,-6.164,2.807,-32.104,-0.10449,1.60839,1.54833,31.20
$MAG,57006.290,0.004,-0.711,-0.870,30.0
$BARO,57006.321,88668.96,31.21
$IMU,57006.338,-26.916,9.704,-12.451,-0.14013,1.22656,1.74804,31.20
$MAG,57006.391,0.007,-0.714,-0.871,30.0
$IMU,57006.413,-0.427,-1.831,-3.967,-0.03662,1.36962,1.75195,31.21
$BARO,57006.422,88682.70,31.21
$IMU,57006.488,-7.873,-6.896,-13.183,-0.08593,1.33007,1.90087,31.22
$MAG,57006.491,0.006,-0.694,-0.873,29.8
$BARO,57006.524,88698.50,31.21
$IMU,57006.563,-1.220,-1.831,3.295,0.00732,1.15039,1.92968,31.22
$MAG,57006.592,0.006,-0.711,-0.865,29.8
$BARO,57006.625,88663.03,31.22
$IMU,57006.638,19.409,5.859,5.615,0.02001,1.11425,1.89062,31.25
$MAG,57006.693,0.025,-0.700,-0.846,29.8
$IMU,57006.713,27.526,1.159,-24.414,-0.13574,1.16894,1.77929,31.24
$BARO,57006.727,88740.94,31.22
$IMU,57006.788,25.329,-0.183,-7.446,0.00781,1.22851,1.73291,31.19
$MAG,57006.794,0.021,-0.724,-0.838,30.0
$VBAT,57006.824,3.821
$BARO,57006.828,88707.69,31.23
$IMU,57006.863,10.742,8.178,-3.845,-0.04296,1.04003,1.87451,31.21
$MAG,57006.895,0.048,-0.714,-0.825,29.7
$BARO,57006.929,88724.04,31.23
$IMU,57006.938,13.427,-0.366,-37.353,-0.06787,1.03027,1.87304,31.22
$HUM,57006.963,29.3,31.6
$MAG,57006.996,0.070,-0.679,-0.819,29.8
$IMU,57007.013,12.268,1.037,-48.034,-0.19531,0.98144,1.84765,31.19
$BARO,57007.031,88698.74,31.24
$TIME,57007.078,30089.000,2365
$IMU,57007.088,15.563,2.685,-50.720,-0.39843,1.02587,1.85253,31.21
$MAG,57007.097,0.094,-0.655,-0.811,29.7
$BARO,57007.132,88754.98,31.24
$IMU,57007.163,4.028,2.929,-30.822,-0.23828,0.74072,1.90380,31.30
$MAG,57007.197,0.102,-0.645,-0.807,30.0
$BARO,57007.234,88708.40,31.24
$IMU,57007.239,21.423,7.934,-8.789,-0.09082,0.72802,1.76904,31.21
$MAG,57007.298,0.112,-0.660,-0.786,30.0
$IMU,57007.314,22.888,12.817,-1.708,-0.22314,0.81982,1.70166,31.23
$BARO,57007.335,88630.40,31.25
$IMU,57007.389,10.559,4.821,-8.850,-0.08496,0.59716,1.77978,31.22
$MAG,57007.399,0.111,-0.655,-0.774,29.7
$BARO,57007.437,88774.67,31.26
$IMU,57007.464,23.437,12.878,2.014,-0.07519,0.70019,1.63476,31.23
$MAG,57007.500,0.112,-0.679,-0.745,30.0
$BARO,57007.538,88761.75,31.26
$IMU,57007.539,20.690,19.714,17.089,-0.11474,0.76708,1.58154,31.26
$MAG,57007.601,0.118,-0.682,-0.729,29.6
$IMU,57007.614,9.094,13.305,4.333,-0.19238,0.59960,1.60351,31.23
$BARO,57007.639,88770.21,31.26
$IMU,57007.689,12.573,2.258,-10.803,-0.19140,0.55419,1.62890,31.25
$MAG,57007.702,0.114,-0.676,-0.721,29.6
$BARO,57007.741,88761.51,31.26
$IMU,57007.764,17.028,5.371,-15.808,-0.27978,0.55175,1.56298,31.21
$MAG,57007.803,0.130,-0.679,-0.711,30.0
$VBAT,57007.825,3.831
$IMU,57007.839,15.869,7.141,-2.014,-0.38427,0.57226,1.49121,31.24
$BARO,57007.842,88848.97,31.26
$MAG,57007.903,0.132,-0.669,-0.706,29.7
$IMU,57007.914,11.230,-0.915,-4.516,-0.32714,0.46533,1.57812,31.25
$BARO,57007.944,88817.79,31.26
$HUM,57007.979,29.5,31.6
$IMU,57007.989,20.324,4.272,-3.723,-0.21093,0.52197,1.51611,31.26
$MAG,57008.004,0.133,-0.688,-0.679,29.8
$BARO,57008.045,88829.30,31.26
$IMU,57008.064,24.291,22.644,20.019,-0.38867,0.60742,1.41503,31.25
$TIME,57008.078,30090.000,2365
$MAG,57008.105,0.120,-0.696,-0.654,29.7
$IMU,57008.139,18.798,4.150,11.108,-0.30810,0.57861,1.40771,31.24
$BARO,57008.147,88848.36,31.26
$MAG,57008.206,0.102,-0.702,-0.646,30.0
$IMU,57008.215,16.845,-1.647,1.159,-0.24658,0.57470,1.40673,31.30
$BARO,57008.248,88830.34,31.26
$IMU,57008.290,24.658,8.300,19.836,-0.16748,0.62939,1.30322,31.26
$MAG,57008.307,0.105,-0.717,-0.607,29.8
$BARO,57008.349,88861.67,31.26
$IMU,57008.365,25.329,16.174,28.991,-0.25341,0.73779,1.23095,31.28
$MAG,57008.408,0.079,-0.739,-0.597,30.0
$IMU,57008.440,13.122,6.896,18.981,-0.21728,0.65380,1.19921,31.26
$BARO,57008.451,88848.92,31.26
$MAG,57008.509,0.064,-0.754,-0.586,30.0
$IMU,57008.515,9.582,5.493,24.353,-0.16064,0.63525,1.15917,31.28
$BARO,57008.552,88869.78,31.26
$IMU,57008.590,6.713,4.150,17.089,-0.18798,0.59228,1.13671,31.25
$MAG,57008.609,0.055,-0.754,-0.577,30.0
$BARO,57008.654,88892.09,31.26
$IMU,57008.665,4.516,0.915,10.131,-0.20214,0.56494,1.09423,31.27
$MAG,57008.710,0.040,-0.768,-0.588,29.8
$IMU,57008.740,2.990,0.061,8.422,-0.19482,0.51220,1.06640,31.26
$BARO,57008.755,88864.52,31.26
$MAG,57008.811,0.042,-0.774,-0.582,30.0
$IMU,57008.815,8.056,-1.159,8.300,-0.14843,0.60302,1.04443,31.27
$VBAT,57008.838,3.818
$BARO,57008.857,88867.10,31.27
$IMU,57008.890,-0.915,6.652,3.356,-0.27587,0.68896,1.08496,31.24
$MAG,57008.912,0.057,-0.777,-0.574,29.8
$BARO,57008.958,88857.99,31.27
$IMU,57008.965,-5.798,-0.976,-10.375,-0.30859,0.52880,1.01757,31.29
$HUM,57008.995,29.7,31.6
$MAG,57009.013,0.043,-0.777,-0.573,29.7
$IMU,57009.040,1.098,-1.403,5.859,-0.23144,0.52832,0.97949,31.26
$BARO,57009.059,88871.37,31.27
$TIME,57009.078,30091.000,2365
$MAG,57009.114,0.039,-0.783,-0.574,29.7
$IMU,57009.115,-2.136,2.502,16.601,-0.19335,0.49462,0.93994,31.26
$BARO,57009.161,88883.26,31.28
$IMU,57009.190,0.488,0.061,3.723,-0.20361,0.43603,0.92724,31.25
$MAG,57009.215,0.031,-0.780,-0.571,29.8
$BARO,57009.262,88869.49,31.27
$IMU,57009.266,7.873,-2.746,5.065,-0.14697,0.41943,0.89208,31.22
$MAG,57009.316,0.022,-0.799,-0.565,29.7
$IMU,57009.341,9.826,-2.746,14.587,-0.21972,0.38818,0.85009,31.33
$BARO,57009.364,88883.09,31.27
$MAG,57009.416,0.009,-0.805,-0.565,30.0
$IMU,57009.416,7.629,-8.789,12.145,-0.10351,0.49218,0.82714,31.25
$BARO,57009.465,88895.62,31.27
$IMU,57009.491,1.098,-20.935,5.859,-0.20214,0.59179,0.80126,31.29
$MAG,57009.517,0.028,-0.793,-0.606,29.8
$IMU,57009.566,-19.287,-56.335,-14.831,0.01660,0.45751,0.84814,31.28
$BARO,57009.567,88880.22,31.27
$MAG,57009.618,0.037,-0.780,-0.657,30.0
$IMU,57009.641,-29.296,-53.833,-17.822,0.11425,0.43945,0.95898,31.28
$BARO,57009.668,88883.43,31.28
$IMU,57009.716,-34.179,-26.611,-4.943,-0.04541,0.32128,1.05810,31.28
$MAG,57009.719,0.037,-0.781,-0.699,30.0
$BARO,57009.770,88888.53,31.27
$IMU,57009.791,-30.456,-24.536,8.117,-0.01953,0.15722,1.02880,31.30
$MAG,57009.820,0.015,-0.775,-0.736,30.0
$VBAT,57009.842,3.826
$IMU,57009.866,-8.972,-29.724,14.099,0.07226,0.44921,0.97509,31.31
$BARO,57009.871,88892.38,31.28
$MAG,57009.921,-0.009,-0.777,-0.754,30.0
$IMU,57009.941,-22.705,-23.254,20.263,0.06884,0.31884,0.92675,31.30
$BARO,57009.972,88896.38,31.28
$HUM,57010.012,29.8,31.6
$IMU,57010.016,-20.080,-22.033,21.057,0.08398,0.36279,0.96386,31.28
$MAG,57010.022,-0.028,-0.796,-0.789,30.0
$BARO,57010.074,88895.57,31.28
$TIME,57010.078,30091.000,2365
$IMU,57010.091,-31.433,-19.409,24.047,0.11914,0.26318,1.05908,31.28
$MAG,57010.122,-0.054,-0.784,-0.819,30.0
$IMU,57010.166,-30.761,-14.404,23.742,0.12988,0.11621,1.04833,31.28
$BARO,57010.175,88897.40,31.28
$MAG,57010.223,-0.066,-0.789,-0.829,30.0
$IMU,57010.242,-10.131,-13.488,10.986,0.15966,0.15966,0.95751,31.28
$BARO,57010.277,88913.19,31.28
$IMU,57010.317,-6.408,-5.004,-1.647,0.08935,0.13720,0.90576,31.28
$MAG,57010.324,-0.069,-0.777,-0.834,29.7
$BARO,57010.378,88908.54,31.28
$IMU,57010.392,-9.399,-0.122,-8.178,0.04150,0.08203,0.90673,31.30
$MAG,57010.425,-0.054,-0.777,-0.837,29.7
$IMU,57010.467,-0.915,-4.272,-11.474,0.07226,0.09960,0.84179,31.28
$BARO,57010.479,88906.91,31.28
$MAG,57010.526,-0.048,-0.763,-0.832,29.8
$IMU,57010.542,4.760,0.915,-18.798,0.06445,0.27929,0.79394,31.30
$BARO,57010.581,88901.03,31.28
$IMU,57010.617,-14.831,4.089,-13.610,0.04785,0.31152,0.86425,31.31
$MAG,57010.627,-0.043,-0.756,-0.847,30.0
$BARO,57010.682,88909.90,31.29
$IMU,57010.692,-12.145,0.488,-1.647,0.02490,0.12646,0.77783,31.32
$MAG,57010.727,-0.049,-0.748,-0.853,30.0
$IMU,57010.767,-8.361,-5.432,-7.385,0.03369,0.24414,0.84472,31.26
$BARO,57010.784,88909.71,31.29
$MAG,57010.828,-0.045,-0.727,-0.876,29.6
$IMU,57010.842,-24.719,-4.333,-4.638,-0.07080,0.11230,0.95117,31.30
$VBAT,57010.856,3.819
$BARO,57010.885,88925.04,31.29
$IMU,57010.917,-19.531,-2.319,-4.394,-0.01562,0.01562,0.93945,31.32
$MAG,57010.929,-0.039,-0.730,-0.886,30.0
$BARO,57010.987,88941.66,31.29
$IMU,57010.992,-3.845,5.615,15.502,-0.04687,0.13916,0.90380,31.30
$HUM,57011.028,29.8,31.6
$MAG,57011.030,-0.039,-0.729,-0.883,29.8
$IMU,57011.067,-3.845,4.699,13.366,-0.02783,0.16992,0.93554,31.33
$TIME,57011.078,30093.000,2365
$BARO,57011.088,88918.53,31.29
$MAG,57011.131,-0.048,-0.741,-0.874,30.0
$IMU,57011.142,-1.037,4.455,9.704,-0.08544,0.17675,0.93554,31.32
$BARO,57011.190,88928.45,31.29
$IMU,57011.218,-1.831,-1.098,8.850,-0.10644,0.18066,0.91210,31.34
$MAG,57011.232,-0.054,-0.744,-0.879,29.8
$BARO,57011.291,88936.77,31.29
$IMU,57011.293,4.516,-3.417,11.047,-0.08496,0.24023,0.89160,31.31
$MAG,57011.333,-0.075,-0.754,-0.879,30.0
$IMU,57011.368,-0.793,-3.845,24.536,-0.07031,0.19726,0.94775,31.31
$BARO,57011.392,88923.31,31.30
$MAG,57011.433,-0.097,-0.765,-0.888,30.0
$IMU,57011.443,-3.662,-8.544,31.250,0.00097,0.15673,0.98681,31.32
$BARO,57011.494,88933.11,31.29
$IMU,57011.518,8.972,-7.507,29.357,0.04248,0.12988,0.98095,31.36
$MAG,57011.534,-0.126,-0.783,-0.862,30.0
$IMU,57011.593,19.653,-10.986,25.573,0.07812,0.23388,0.98144,31.37
$BARO,57011.595,88947.66,31.30
$MAG,57011.635,-0.156,-0.805,-0.858,29.8
$IMU,57011.668,15.930,-12.695,24.169,0.11962,0.25390,0.92333,31.33
$BARO,57011.697,88948.42,31.30
$MAG,57011.736,-0.177,-0.811,-0.855,30.0
$IMU,57011.743,6.164,-11.840,15.563,0.20263,0.28759,1.00537,31.32
$BARO,57011.798,88959.14,31.30
$IMU,57011.818,-2.075,-11.657,11.169,0.23535,0.18261,0.98730,31.37
$MAG,57011.837,-0.181,-0.807,-0.847,30.0
$VBAT,57011.860,3.823
$IMU,57011.893,3.723,-13.854,1.953,0.26074,0.18896,1.04589,31.33
$BARO,57011.899,88965.24,31.30
$MAG,57011.938,-0.190,-0.822,-0.855,30.0
$IMU,57011.968,5.554,-10.009,-3.173,0.29638,0.20410,1.00195,31.35
$BARO,57012.001,88954.49,31.31
$MAG,57012.038,-0.198,-0.808,-0.859,30.0
$IMU,57012.043,1.281,-6.042,4.699,0.37695,0.15039,1.07275,31.32
$HUM,57012.045,29.9,31.7
$TIME,57012.078,30093.000,2365
$BARO,57012.102,88955.68,31.31
$IMU,57012.118,7.873,3.967,11.230,0.27587,0.29345,1.08496,31.34
$MAG,57012.139,-0.201,-0.820,-0.846,30.0
$IMU,57012.194,3.356,2.746,-3.967,0.21923,0.23779,1.07421,31.29
$BARO,57012.204,88961.99,31.31
$MAG,57012.240,-0.181,-0.825,-0.844,30.1
$IMU,57012.269,8.178,-1.342,-15.075,0.25048,0.18945,1.02832,31.33
$BARO,57012.305,88966.21,31.31
$MAG,57012.341,-0.174,-0.814,-0.837,30.0
$IMU,57012.344,9.216,4.821,-10.864,0.32714,0.16650,0.98486,31.33
$BARO,57012.407,88961.51,31.31
$IMU,57012.419,-0.793,12.145,-12.329,0.44091,0.17480,1.01416,31.33
$MAG,57012.442,-0.141,-0.819,-0.844,29.8
$IMU,57012.494,-17.333,27.465,-34.240,0.23242,0.17431,1.10253,31.37
$BARO,57012.508,88969.60,31.31
$MAG,57012.543,-0.084,-0.786,-0.855,30.0
$IMU,57012.569,-17.456,29.785,-47.912,0.03076,0.13623,1.10888,31.33
$BARO,57012.610,88972.67,31.31
$MAG,57012.644,-0.070,-0.780,-0.840,30.0
$IMU,57012.644,-4.699,17.211,-25.634,0.03369,0.10253,1.09960,31.33
$BARO,57012.711,88978.71,31.31
$IMU,57012.719,3.540,6.042,-15.441,0.12109,0.01513,0.99462,31.34
$MAG,57012.744,-0.052,-0.774,-0.838,29.8
$IMU,57012.794,10.314,3.906,-16.296,0.15234,0.01171,0.90527,31.34
$BARO,57012.813,88978.96,31.31
$MAG,57012.845,-0.030,-0.772,-0.832,30.0
$IMU,57012.869,3.479,12.756,-28.991,0.06835,-0.02880,0.94042,31.35
$VBAT,57012.875,3.811
$BARO,57012.914,88984.78,31.31
$IMU,57012.944,-2.319,15.930,-34.057,-0.09863,-0.14355,0.93505,31.37
$MAG,57012.946,-0.001,-0.745,-0.819,30.0
$BARO,57013.015,88981.76,31.31
$IMU,57013.019,13.305,6.591,-18.676,0.05029,-0.09765,0.88964,31.35
$MAG,57013.047,0.004,-0.754,-0.813,30.0
$HUM,57013.061,29.9,31.7
$TIME,57013.078,30095.000,2365
$IMU,57013.094,22.521,4.638,6.958,-0.05761,0.02343,0.80419,31.38
$BARO,57013.117,88984.59,31.31
$MAG,57013.148,-0.015,-0.772,-0.786,30.0
$IMU,57013.169,31.799,-3.906,9.521,0.03125,0.25683,0.81884,31.34
$BARO,57013.218,89001.36,31.32
$IMU,57013.245,26.489,-4.394,17.822,0.12646,0.28173,0.93652,31.39
$MAG,57013.248,-0.030,-0.786,-0.768,30.0
$BARO,57013.320,89001.75,31.32
$IMU,57013.320,35.461,0.183,10.253,-0.07666,-0.03320,1.06298,31.36
$MAG,57013.349,-0.024,-0.807,-0.694,30.0
$IMU,57013.395,114.257,8.483,-12.756,-0.20361,0.11181,0.84472,31.33
$BARO,57013.421,89000.34,31.32
$MAG,57013.450,0.009,-0.804,-0.618,30.0
$IMU,57013.470,99.487,11.962,-21.545,-0.52539,2.25634,1.78320,31.36
$BARO,57013.523,88999.12,31.32
$IMU,57013.545,-40.710,-31.188,111.145,0.26904,1.30322,1.72851,31.37
$MAG,57013.551,-0.123,-0.859,-0.685,30.1
$IMU,57013.620,-84.411,-31.250,56.640,0.50927,0.53369,2.00439,31.34
$BARO,57013.624,89001.97,31.32
$MAG,57013.652,-0.129,-0.852,-0.723,30.0
$IMU,57013.695,-38.208,41.809,29.479,0.11035,0.68408,1.57470,31.36
$BARO,57013.726,89000.55,31.32
$MAG,57013.753,-0.201,-0.865,-0.756,30.0
$IMU,57013.770,-54.931,67.016,94.360,-0.12792,0.45458,1.53369,31.40
$BARO,57013.827,88999.51,31.32
$IMU,57013.845,-73.791,52.734,157.836,0.02392,0.04687,1.23437,31.31
$MAG,57013.853,-0.334,-0.844,-0.801,30.0
$VBAT,57013.879,3.816
$IMU,57013.920,-56.640,38.452,178.161,-0.05615,-0.07714,0.93505,31.31
$BARO,57013.928,88993.39,31.33
$MAG,57013.954,-0.463,-0.784,-0.855,30.0
$IMU,57013.995,-55.664,14.831,171.752,0.16162,-0.09912,0.55322,31.36
$BARO,57014.030,88996.80,31.33
$MAG,57014.055,-0.579,-0.675,-0.891,30.0
$IMU,57014.070,-41.931,19.531,169.555,0.07031,-0.28710,0.59472,31.39
$HUM,57014.077,30.0,31.7
$TIME,57014.078,30096.000,2365
$BARO,57014.131,88995.58,31.33
$IMU,57014.145,-13.061,28.015,135.559,0.04394,-0.19775,1.05957,31.38
$MAG,57014.156,-0.612,-0.601,-0.921,30.0
$IMU,57014.221,19.775,16.784,124.633,0.04541,-0.32812,0.98291,31.36
$BARO,57014.233,88987.71,31.33
$MAG,57014.257,-0.660,-0.558,-0.894,30.0
$IMU,57014.296,43.212,-4.638,111.572,0.20312,-0.14550,0.94580,31.36
$BARO,57014.334,88993.36,31.33
$MAG,57014.358,-0.694,-0.504,-0.882,30.0
$IMU,57014.371,44.677,-15.808,107.604,0.41992,-0.12207,0.96435,31.40
$BARO,57014.436,88994.17,31.33
$IMU,57014.446,61.096,-13.427,97.473,0.36865,0.16113,0.84082,31.36
$MAG,57014.458,-0.715,-0.453,-0.862,30.0
$IMU,57014.521,45.715,-11.413,85.449,0.37597,0.36328,0.72070,31.40
$BARO,57014.537,89002.82,31.34
$MAG,57014.559,-0.717,-0.417,-0.862,30.0
$IMU,57014.596,9.826,-2.990,54.504,0.32373,0.31542,0.95898,31.39
$BARO,57014.639,89009.11,31.34
$MAG,57014.660,-0.717,-0.360,-0.874,30.0
$IMU,57014.671,-8.544,6.530,59.997,0.40673,0.20361,1.17626,31.39
$BARO,57014.740,88996.34,31.34
$IMU,57014.746,-16.174,12.268,97.656,0.42333,-0.09912,1.27343,31.42
$MAG,57014.761,-0.682,-0.274,-0.879,30.0
$IMU,57014.821,25.268,10.192,86.120,0.53173,0.01757,0.84765,31.46
$BARO,57014.841,89004.65,31.34
$MAG,57014.862,-0.667,-0.273,-0.915,30.0
$VBAT,57014.893,3.816
$IMU,57014.896,46.264,15.319,48.706,0.42871,0.22265,0.75439,31.45
$BARO,57014.943,89000.55,31.35
$MAG,57014.963,-0.648,-0.285,-0.936,30.0
$IMU,57014.971,37.475,13.061,22.583,0.27050,0.12158,0.73779,31.38
$BARO,57015.044,88998.95,31.35
$IMU,57015.046,41.870,-14.282,-12.390,0.24902,0.58007,0.75976,31.39
$MAG,57015.063,-0.678,-0.310,-0.913,29.8
$TIME,57015.078,30097.000,2365
$HUM,57015.094,29.8,31.7
$IMU,57015.121,-19.165,-26.367,-33.264,0.47509,0.95898,1.11523,31.40
$BARO,57015.146,88996.70,31.35
$MAG,57015.164,-0.696,-0.310,-0.888,30.1
$IMU,57015.197,-97.900,5.493,-82.214,0.05859,0.08984,0.96142,31.42
$BARO,57015.247,88991.80,31.35
$MAG,57015.265,-0.703,-0.325,-0.895,30.1
$IMU,57015.272,-87.280,17.456,-81.604,0.07812,-0.11328,0.95556,31.41
$IMU,57015.347,-49.621,29.174,-56.762,-0.15039,0.03759,0.80810,31.40
$BARO,57015.349,89002.55,31.35
$MAG,57015.366,-0.681,-0.339,-0.900,30.0
$IMU,57015.422,-54.687,12.390,-58.044,-0.14257,-0.10937,0.93945,31.38
$BARO,57015.450,88994.22,31.35
$MAG,57015.467,-0.690,-0.342,-0.889,30.0
$IMU,57015.497,-57.556,-2.380,-39.062,-0.03173,-0.33544,1.10546,31.41
$BARO,57015.551,88998.87,31.35
$MAG,57015.567,-0.685,-0.333,-0.901,30.0
$IMU,57015.572,-37.841,7.690,-21.606,-0.10253,-0.42285,0.98193,31.37
$IMU,57015.647,-21.057,2.685,4.089,-0.19042,-0.26416,1.03125,31.41
$BARO,57015.653,89002.46,31.36
$MAG,57015.668,-0.693,-0.318,-0.889,30.1
$IMU,57015.722,-20.080,-18.920,7.751,-0.01708,-0.45947,0.98095,31.44
$BARO,57015.754,89002.31,31.36
$MAG,57015.769,-0.712,-0.288,-0.877,29.8
$IMU,57015.797,-2.746,-21.972,32.836,0.12402,-0.51562,0.97021,31.41
$BARO,57015.856,89001.21,31.36
$MAG,57015.870,-0.703,-0.265,-0.849,30.0
$IMU,57015.872,11.108,-24.719,41.870,0.12207,-0.56640,0.99511,31.42
$VBAT,57015.897,3.826
$IMU,57015.947,29.296,-28.076,43.579,0.17041,-0.67431,1.06005,31.39
$BARO,57015.957,88991.10,31.37
$MAG,57015.971,-0.703,-0.253,-0.846,30.0
$IMU,57016.022,61.828,-30.883,47.180,0.32177,-0.47558,0.96972,31.41
$BARO,57016.059,88996.78,31.36
$MAG,57016.072,-0.697,-0.255,-0.859,30.0
$TIME,57016.078,30098.000,2365
$IMU,57016.097,80.993,-21.118,45.593,0.39990,-0.21337,0.97656,31.42
$HUM,57016.110,29.5,31.7
$BARO,57016.160,88994.70,31.37
$MAG,57016.173,-0.684,-0.291,-0.892,30.0
$IMU,57016.173,106.506,-4.028,29.235,0.44042,0.06835,0.98779,31.42
$IMU,57016.248,132.080,8.239,3.662,0.38916,0.52636,1.03222,31.43
$BARO,57016.261,88993.68,31.37
$MAG,57016.273,-0.687,-0.373,-0.916,30.0
$IMU,57016.323,129.577,18.493,-14.709,0.33349,0.35742,0.60156,31.39
$BARO,57016.363,89001.38,31.37
$MAG,57016.374,-0.666,-0.489,-0.922,30.0
$IMU,57016.398,141.601,26.855,-33.630,0.06933,0.73974,0.38427,31.43
$BARO,57016.464,89001.55,31.38
$IMU,57016.473,108.825,18.554,-36.376,0.07812,0.88183,0.39794,31.40
$MAG,57016.475,-0.643,-0.565,-0.909,30.1
$IMU,57016.548,71.044,14.587,-22.583,0.13427,0.92187,0.42919,31.42
$BARO,57016.566,88993.66,31.38
$MAG,57016.576,-0.625,-0.610,-0.900,30.0
$IMU,57016.623,49.316,18.737,-21.789,0.15917,0.93994,0.41357,31.39
$BARO,57016.667,88996.85,31.38
$MAG,57016.677,-0.604,-0.645,-0.892,30.0
$IMU,57016.698,41.381,24.475,-20.996,0.04931,0.89746,0.29101,31.44
$BARO,57016.769,88998.48,31.38
$IMU,57016.773,41.931,8.544,-24.780,-0.03515,0.99365,0.35205,31.42
$MAG,57016.778,-0.582,-0.681,-0.874,30.0
$IMU,57016.848,26.184,-12.390,-34.790,-0.02099,0.92578,0.37353,31.41
$BARO,57016.870,89004.75,31.38
$MAG,57016.878,-0.576,-0.723,-0.846,30.1
$VBAT,57016.912,3.821
$IMU,57016.923,19.897,-3.295,-23.437,-0.17187,0.99658,0.45361,31.43
$BARO,57016.972,89012.21,31.38
$MAG,57016.979,-0.559,-0.727,-0.841,30.0
$IMU,57016.998,20.202,-7.141,-20.080,-0.38769,1.04199,0.65380,31.44
$BARO,57017.073,88999.04,31.38
$IMU,57017.073,27.221,-7.080,-16.601,-0.34960,0.79101,0.54687,31.43
$TIME,57017.078,30098.000,2365
$MAG,57017.080,-0.568,-0.760,-0.802,30.0
$HUM,57017.127,29.9,31.8
$IMU,57017.149,39.306,-6.347,-4.211,-0.29833,0.89794,0.35986,31.46
$BARO,57017.174,88999.80,31.39
$MAG,57017.181,-0.556,-0.774,-0.778,30.0
$IMU,57017.224,24.841,1.342,-6.958,-0.32421,0.84765,0.29687,31.45
$BARO,57017.276,88998.19,31.39
$MAG,57017.282,-0.558,-0.771,-0.768,30.0
$IMU,57017.299,16.784,-2.624,-0.549,-0.34619,0.83398,0.22314,31.46
$IMU,57017.374,20.812,-23.376,-4.882,-0.47656,0.98388,0.21386,31.42
$BARO,57017.377,89000.63,31.39
$MAG,57017.383,-0.564,-0.795,-0.730,30.0
$IMU,57017.449,24.353,-78.613,-26.794,-0.72460,1.00781,0.11132,31.43
$BARO,57017.479,88998.99,31.39
$MAG,57017.484,-0.558,-0.808,-0.628,30.0
$IMU,57017.524,25.329,-173.889,-41.137,-0.39062,0.96191,0.00927,31.47
$BARO,57017.580,89004.92,31.39
$MAG,57017.584,-0.523,-0.832,-0.510,30.1
$IMU,57017.599,27.465,-204.223,-34.179,-0.10791,1.00683,0.05322,31.45
$IMU,57017.674,14.526,-168.945,-26.306,0.01757,1.03222,0.18017,31.43
$BARO,57017.682,88995.53,31.40
$MAG,57017.685,-0.472,-0.840,-0.453,30.0
$IMU,57017.749,-7.629,-112.365,-24.169,-0.04248,0.94726,0.29980,31.47
$BARO,57017.783,88994.24,31.40
$MAG,57017.786,-0.421,-0.843,-0.429,30.0
$IMU,57017.824,-10.498,-70.495,-20.935,-0.09228,0.83691,0.37695,31.46
$BARO,57017.885,88993.05,31.40
$MAG,57017.887,-0.382,-0.856,-0.423,30.0
$IMU,57017.899,5.310,-40.466,-20.812,-0.21386,0.93066,0.40283,31.46
$VBAT,57017.915,3.810
$IMU,57017.974,10.192,-25.207,-15.747,-0.27978,0.87548,0.35693,31.46
$BARO,57017.986,88998.90,31.40
$MAG,57017.988,-0.375,-0.859,-0.415,30.1
$IMU,57018.049,8.789,-13.549,-6.347,-0.32031,0.89550,0.40283,31.47
$TIME,57018.078,30099.000,2365
$BARO,57018.088,88995.66,31.41
$MAG,57018.089,-0.375,-0.855,-0.411,30.1
$IMU,57018.124,-5.187,-12.390,4.394,-0.35449,0.69580,0.47998,31.47
$HUM,57018.143,30.1,31.8
$BARO,57018.189,88998.48,31.40
$MAG,57018.190,-0.375,-0.855,-0.405,30.1
$IMU,57018.200,2.441,-17.211,6.530,-0.28662,0.82177,0.42968,31.48
$IMU,57018.275,23.498,-9.216,-0.244,-0.15429,1.33300,0.41162,31.42
$BARO,57018.290,88998.24,31.41
$MAG,57018.290,-0.384,-0.844,-0.384,30.0
$IMU,57018.350,7.934,-3.417,32.958,-0.03125,0.79980,0.19335,31.49
$MAG,57018.391,-0.405,-0.832,-0.381,30.0
$BARO,57018.392,88994.41,31.41
$IMU,57018.425,16.113,-1.464,13.610,0.05322,0.91406,0.14941,31.46
$MAG,57018.492,-0.415,-0.826,-0.360,30.0
$BARO,57018.493,88997.41,31.41
$IMU,57018.500,21.362,-3.845,13.122,0.16699,1.14160,0.17919,31.46
$IMU,57018.575,6.225,-4.028,19.897,0.16503,1.05712,0.17675,31.50
$MAG,57018.593,-0.424,-0.816,-0.364,30.1
$BARO,57018.595,88997.80,31.42
$IMU,57018.650,-7.995,-3.295,7.507,0.17919,1.02832,0.23828,31.48
$MAG,57018.694,-0.426,-0.822,-0.370,30.1
$BARO,57018.696,88994.00,31.41
$IMU,57018.725,-9.338,2.258,-0.061,0.17333,0.94775,0.24023,31.45
$MAG,57018.795,-0.427,-0.817,-0.369,30.0
$BARO,57018.798,89003.65,31.42
$IMU,57018.800,-1.525,11.657,-6.958,0.10498,0.93310,0.19970,31.48
$IMU,57018.875,0.976,13.244,-7.934,0.05566,0.90429,0.23925,31.45
$MAG,57018.896,-0.426,-0.829,-0.378,30.1
$BARO,57018.899,89003.43,31.42
$VBAT,57018.930,3.823
$IMU,57018.950,0.427,8.178,-13.305,-0.00146,0.76855,0.37304,31.44
$MAG,57018.996,-0.411,-0.831,-0.379,30.1
$BARO,57019.000,88997.78,31.42
$IMU,57019.025,3.051,-2.563,-15.747,-0.15087,1.38183,0.54833,31.48
$TIME,57019.078,30100.000,2365
$MAG,57019.097,-0.405,-0.837,-0.393,30.0
$IMU,57019.100,-24.353,-24.536,8.666,-0.06005,0.90966,0.46679,31.49
$BARO,57019.102,89009.31,31.42
$HUM,57019.159,30.1,31.8
$IMU,57019.176,-24.475,-10.253,7.324,-0.13720,0.80078,0.37841,31.51
$MAG,57019.198,-0.420,-0.832,-0.405,30.0
$BARO,57019.203,89001.02,31.42
$IMU,57019.251,-2.136,4.394,30.578,-0.16992,0.79638,0.36376,31.51
$MAG,57019.299,-0.465,-0.825,-0.391,30.0
$BARO,57019.305,88990.63,31.42
$IMU,57019.326,13.916,2.624,41.442,-0.00878,0.89697,0.43310,31.48
$MAG,57019.400,-0.496,-0.808,-0.390,30.0
$IMU,57019.401,11.108,0.488,36.987,0.02734,0.86767,0.44628,31.49
$BARO,57019.406,88997.09,31.43
$IMU,57019.476,8.178,-0.305,18.676,0.06054,0.97705,0.41162,31.47
$MAG,57019.501,-0.495,-0.795,-0.372,30.1
$BARO,57019.507,89006.40,31.43
$IMU,57019.551,4.394,-5.981,13.916,0.13671,1.01806,0.40332,31.48
$MAG,57019.602,-0.496,-0.804,-0.369,30.0
$BARO,57019.609,89006.21,31.43
$IMU,57019.626,5.004,-11.291,4.089,0.09472,1.04003,0.28271,31.51
$IMU,57019.701,11.352,-18.920,-6.896,0.15576,0.97802,0.20361,31.46
$MAG,57019.702,-0.490,-0.790,-0.351,30.1
$BARO,57019.710,88995.87,31.43
$IMU,57019.776,4.150,-17.028,0.793,0.19042,0.91894,0.15673,31.55
$MAG,57019.803,-0.481,-0.790,-0.355,30.0
$BARO,57019.812,88999.63,31.44
$IMU,57019.851,-1.342,-16.296,7.995,0.27099,1.06152,0.22802,31.50
$MAG,57019.904,-0.480,-0.783,-0.339,30.0
$BARO,57019.913,89002.24,31.44
$IMU,57019.926,-12.268,-15.014,17.822,0.42236,0.92919,0.24218,31.50
$VBAT,57019.933,3.834
$IMU,57020.001,-5.065,0.366,12.329,0.48291,0.94238,0.21533,31.52
$MAG,57020.005,-0.501,-0.787,-0.354,30.1
$BARO,57020.014,88998.63,31.44
$IMU,57020.076,7.629,16.967,-4.455,0.31396,1.03662,0.21630,31.50
$TIME,57020.078,30102.000,2365
$MAG,57020.106,-0.493,-0.781,-0.360,30.0
$BARO,57020.116,88993.97,31.44
$IMU,57020.152,-4.638,8.483,-11.657,0.38330,0.97021,0.21044,31.50
$HUM,57020.176,30.1,31.8
$MAG,57020.207,-0.498,-0.792,-0.376,30.1
$BARO,57020.217,89001.24,31.45
$IMU,57020.227,-8.056,19.653,-12.512,0.31787,0.93896,0.21191,31.49
$IMU,57020.302,-2.990,27.343,-11.962,0.26318,0.93994,0.18115,31.46
$MAG,57020.307,-0.493,-0.801,-0.384,30.0
$BARO,57020.319,88991.90,31.45
$IMU,57020.377,2.807,27.465,-20.629,0.16406,0.93408,0.13378,31.51
$MAG,57020.408,-0.493,-0.811,-0.382,30.2
$BARO,57020.420,89005.23,31.45
$IMU,57020.452,3.845,19.836,-19.836,0.14160,0.95312,0.14990,31.53
$MAG,57020.509,-0.478,-0.813,-0.399,30.1
$BARO,57020.522,88995.73,31.45
$IMU,57020.527,-1.770,7.934,-12.390,0.25000,0.89062,0.18310,31.51
$IMU,57020.602,-0.122,7.385,-10.681,0.17871,0.94091,0.25146,31.52
$MAG,57020.610,-0.480,-0.823,-0.396,30.0
$BARO,57020.623,89004.16,31.46
$IMU,57020.677,6.103,7.873,-24.230,-0.03613,1.33251,0.39648,31.56
$MAG,57020.711,-0.453,-0.825,-0.390,30.1
$BARO,57020.724,89002.53,31.46
$IMU,57020.752,4.699,7.690,-26.977,-0.01660,0.85546,0.28564,31.48
$MAG,57020.812,-0.429,-0.826,-0.385,30.0
$BARO,57020.826,88989.98,31.46
$IMU,57020.827,17.517,20.568,-42.968,-0.13085,0.79980,0.30273,31.50
$IMU,57020.902,9.399,20.385,-39.855,-0.35595,0.89990,0.43164,31.50
$MAG,57020.912,-0.391,-0.838,-0.384,30.1
$BARO,57020.927,88997.82,31.47
$VBAT,57020.949,3.819
$IMU,57020.977,-6.591,3.906,-48.828,-0.42724,0.79833,0.36669,31.50
$MAG,57021.013,-0.358,-0.843,-0.385,30.1
$BARO,57021.029,89001.72,31.46
$IMU,57021.052,3.967,-1.464,-39.062,-0.44238,0.86132,0.30957,31.53
$MAG,57021.114,-0.331,-0.849,-0.381,30.2
$IMU,57021.128,2.502,-3.906,-25.512,-0.40576,0.86523,0.31738,31.53
$BARO,57021.130,89004.97,31.46
$HUM,57021.192,30.2,31.8
$IMU,57021.203,-6.469,-0.732,-22.766,-0.43066,0.84375,0.37207,31.54
$MAG,57021.215,-0.309,-0.852,-0.394,30.1
$BARO,57021.232,89003.31,31.47
$IMU,57021.278,-6.652,3.601,-17.150,-0.50341,0.81250,0.42041,31.54
$MAG,57021.316,-0.291,-0.859,-0.394,30.1
$BARO,57021.333,88998.85,31.47
$IMU,57021.353,1.647,1.281,-25.756,-0.56005,0.88037,0.48632,31.51
$MAG,57021.417,-0.273,-0.852,-0.400,30.1
$IMU,57021.428,-0.671,0.244,-16.662,-0.62304,0.77197,0.50634,31.53
$BARO,57021.434,88993.14,31.47
$IMU,57021.503,2.624,3.479,6.103,-0.54589,0.81835,0.48193,31.54
$MAG,57021.517,-0.300,-0.847,-0.385,30.1
$BARO,57021.536,89012.57,31.47
$IMU,57021.578,-0.122,16.967,28.869,-0.37060,0.85058,0.34375,31.51
$MAG,57021.618,-0.370,-0.849,-0.396,30.1
$BARO,57021.637,88993.34,31.47
$IMU,57021.653,-20.141,55.725,57.189,-0.11279,1.05615,0.25097,31.54
$MAG,57021.719,-0.486,-0.849,-0.507,30.1
$IMU,57021.728,-67.382,120.910,89.843,-0.21582,0.99218,0.17578,31.54
$BARO,57021.739,88995.34,31.47
$IMU,57021.803,-92.834,154.602,93.750,-0.29882,0.86279,0.19042,31.54
$MAG,57021.820,-0.570,-0.807,-0.657,30.1
$BARO,57021.840,89003.24,31.48
$IMU,57021.878,-91.186,151.367,83.312,-0.41210,1.24316,0.44238,31.55
$MAG,57021.921,-0.592,-0.736,-0.805,30.1
$BARO,57021.941,89006.87,31.48
$VBAT,57021.952,3.824
$IMU,57021.953,-103.149,116.333,77.758,-0.23144,0.78662,0.37402,31.57
$MAG,57022.022,-0.603,-0.625,-0.918,30.2
$IMU,57022.028,-117.553,81.848,83.923,-0.14746,0.79589,0.41357,31.52
$BARO,57022.043,88996.34,31.48
$TIME,57022.078,30105.000,2365
$IMU,57022.104,-113.342,50.354,68.542,-0.10644,0.58398,0.69824,31.54
$MAG,57022.123,-0.595,-0.529,-0.978,30.1
$BARO,57022.144,88996.31,31.48
$IMU,57022.179,-87.402,23.742,53.100,0.01904,0.54052,0.81591,31.53
$HUM,57022.209,29.6,31.9
$MAG,57022.223,-0.583,-0.445,-1.000,30.0
$BARO,57022.246,89007.23,31.48
$IMU,57022.254,-65.307,19.470,51.391,0.07861,0.44335,0.93750,31.58
$MAG,57022.324,-0.564,-0.393,-1.023,30.1
$IMU,57022.329,-39.245,24.475,43.762,0.04443,0.42480,0.95849,31.54
$BARO,57022.347,88996.46,31.49
$IMU,57022.404,-18.432,23.193,43.273,0.04394,0.51513,0.91259,31.58
$MAG,57022.425,-0.546,-0.360,-1.032,30.1
$BARO,57022.449,88996.44,31.49
$IMU,57022.479,-18.066,20.263,39.672,-0.09716,0.47607,0.89404,31.55
$MAG,57022.526,-0.525,-0.328,-1.030,30.1
$BARO,57022.550,88995.63,31.49
$IMU,57022.554,-18.737,6.652,35.583,-0.08496,0.35595,0.93554,31.57
$MAG,57022.627,-0.522,-0.309,-1.041,30.1
$IMU,57022.629,-10.559,-1.708,32.470,-0.08349,0.32666,0.95703,31.57
$BARO,57022.651,89007.77,31.49
$IMU,57022.704,-2.258,-7.934,21.362,-0.02050,0.36425,0.93359,31.53
$MAG,57022.728,-0.523,-0.291,-1.027,30.0
$BARO,57022.753,89003.67,31.50
$IMU,57022.779,-4.577,-8.972,20.263,0.01416,0.34765,0.98339,31.58
$MAG,57022.828,-0.535,-0.286,-1.029,30.1
$BARO,57022.854,89003.53,31.49
$IMU,57022.854,-4.943,-6.774,7.995,0.00292,0.33251,0.94873,31.55
$MAG,57022.929,-0.538,-0.288,-1.021,30.1
$IMU,57022.929,0.244,-8.666,1.098,0.03759,0.36230,0.95800,31.55
$BARO,57022.956,88991.29,31.50
$VBAT,57022.967,3.826
$IMU,57023.004,-0.793,-7.690,-7.019,0.00439,0.38525,0.94628,31.55
$MAG,57023.030,-0.550,-0.286,-1.018,30.2
$BARO,57023.057,88996.56,31.50
$IMU,57023.079,-3.295,-8.850,-14.099,0.03173,0.32568,0.96240,31.54
$MAG,57023.131,-0.565,-0.304,-1.014,30.2
$IMU,57023.155,0.610,-9.460,-24.719,-0.01660,0.36914,0.95507,31.55
$BARO,57023.158,89005.84,31.50
$HUM,57023.226,29.8,31.9
$IMU,57023.230,-1.037,-14.953,-31.127,-0.00097,0.30908,0.93750,31.58
$MAG,57023.232,-0.580,-0.325,-1.005,30.1
$BARO,57023.260,89000.77,31.51
$IMU,57023.305,2.014,-15.747,-34.484,0.01562,0.34082,0.97070,31.56
$MAG,57023.333,-0.598,-0.342,-0.985,30.0
$BARO,57023.361,89004.58,31.51
$IMU,57023.380,2.197,-15.075,-32.226,0.03271,0.34423,0.97705,31.55
$MAG,57023.433,-0.618,-0.369,-0.973,30.0
$IMU,57023.455,8.056,-12.145,-34.973,0.03320,0.36865,0.94238,31.57
$BARO,57023.462,88993.61,31.52
$IMU,57023.530,13.977,-10.986,-33.386,-0.01220,0.44482,0.89746,31.56
$MAG,57023.534,-0.622,-0.400,-0.979,30.1
$BARO,57023.564,88994.46,31.51
$IMU,57023.605,11.047,-14.221,-33.691,0.02246,0.49072,0.90136,31.56
$MAG,57023.635,-0.639,-0.420,-0.961,30.2
$BARO,57023.665,88997.04,31.52
$IMU,57023.680,6.408,-14.831,-24.597,0.05078,0.46679,0.90039,31.64
$MAG,57023.736,-0.645,-0.439,-0.958,30.1
$IMU,57023.755,8.239,-6.835,-17.761,0.02880,0.50878,0.89501,31.56
$BARO,57023.767,88990.98,31.52
$IMU,57023.830,5.004,-2.563,-11.901,0.03808,0.48193,0.89208,31.60
$MAG,57023.837,-0.640,-0.454,-0.955,30.1
$BARO,57023.868,88996.65,31.52
$IMU,57023.905,5.554,1.098,-7.568,0.00732,0.52050,0.88183,31.56
$MAG,57023.938,-0.643,-0.460,-0.954,30.1
$BARO,57023.970,88996.65,31.52
$VBAT,57023.970,3.823
$IMU,57023.980,1.708,0.061,-5.065,0.01660,0.49365,0.88867,31.58
$MAG,57024.039,-0.637,-0.465,-0.957,30.1
$IMU,57024.055,-0.244,0.854,-4.699,-0.00048,0.49560,0.89306,31.57
$BARO,57024.071,88988.90,31.52
$TIME,57024.078,30105.000,2365
$IMU,57024.131,-0.305,0.549,-2.197,-0.02148,0.48193,0.89453,31.53
$MAG,57024.139,-0.637,-0.460,-0.955,30.3
$BARO,57024.172,89008.72,31.53
$IMU,57024.206,-0.183,-2.319,-0.732,0.03076,0.47705,0.89746,31.61
$MAG,57024.240,-0.640,-0.462,-0.954,30.2
$HUM,57024.242,30.0,31.9
$BARO,57024.274,89008.72,31.53
$IMU,57024.281,0.000,2.136,3.051,0.00439,0.48046,0.90136,31.59
$MAG,57024.341,-0.633,-0.450,-0.955,30.1
$IMU,57024.356,-0.793,2.868,5.798,0.01660,0.46630,0.90820,31.60
$BARO,57024.375,89003.02,31.53
$IMU,57024.431,0.122,3.173,7.080,0.00341,0.46142,0.91162,31.61
$MAG,57024.442,-0.631,-0.441,-0.957,30.0
$BARO,57024.477,89001.38,31.53
$IMU,57024.506,2.380,2.136,7.690,0.01367,0.47167,0.90380,31.57
$MAG,57024.543,-0.627,-0.444,-0.961,30.2
$BARO,57024.578,88998.12,31.54
$IMU,57024.581,3.417,1.953,8.789,0.02246,0.47509,0.89550,31.58
$MAG,57024.644,-0.631,-0.445,-0.960,30.1
$IMU,57024.656,4.333,3.601,10.253,0.02148,0.50244,0.89111,31.62
$BARO,57024.679,89000.09,31.54
$IMU,57024.731,3.906,4.394,11.047,0.02783,0.49755,0.88134,31.60
$MAG,57024.745,-0.631,-0.444,-0.969,30.1
$BARO,57024.781,89001.36,31.54
$IMU,57024.806,3.234,4.394,11.169,0.03369,0.50048,0.88818,31.62
$MAG,57024.845,-0.618,-0.447,-0.966,30.2
$IMU,57024.881,3.967,3.479,8.422,0.04931,0.51416,0.88378,31.61
$BARO,57024.882,88993.83,31.54
$MAG,57024.946,-0.624,-0.436,-0.966,30.2
$IMU,57024.956,4.882,4.333,3.051,0.02294,0.51757,0.86474,31.60
$BARO,57024.984,89009.21,31.54
$VBAT,57024.986,3.827
$IMU,57025.031,2.624,2.868,-0.610,0.01708,0.52929,0.86914,31.57
$MAG,57025.047,-0.624,-0.439,-0.979,30.1
$TIME,57025.078,30107.000,2365
$BARO,57025.085,88997.02,31.55
$IMU,57025.107,-0.732,2.319,2.563,0.03662,0.52050,0.87890,31.58
$MAG,57025.148,-0.628,-0.436,-0.979,30.1
$IMU,57025.182,-0.793,4.394,4.577,0.02929,0.52490,0.88183,31.60
$BARO,57025.187,88998.43,31.55
$MAG,57025.249,-0.615,-0.436,-0.985,30.0
$IMU,57025.257,-0.610,3.784,1.647,-0.00341,0.52001,0.87011,31.62
$HUM,57025.259,29.6,31.9
$BARO,57025.288,89004.09,31.55
$IMU,57025.332,-0.610,-0.061,3.051,0.02636,0.52587,0.87402,31.64
$MAG,57025.350,-0.615,-0.432,-0.981,30.1
$BARO,57025.389,89002.50,31.55
$IMU,57025.407,-1.525,0.671,2.563,0.01464,0.51318,0.88281,31.62
$MAG,57025.451,-0.609,-0.418,-0.979,30.2
$IMU,57025.482,-0.610,-0.671,1.831,0.04003,0.51562,0.87939,31.60
$BARO,57025.491,88993.32,31.55
$MAG,57025.551,-0.618,-0.433,-0.979,30.1
$IMU,57025.557,0.000,0.366,0.854,0.04052,0.52929,0.88037,31.65
$BARO,57025.592,89007.89,31.56
$IMU,57025.632,-0.732,1.281,-2.197,0.01318,0.51318,0.87451,31.62
$MAG,57025.652,-0.615,-0.429,-0.979,30.2
$BARO,57025.694,89001.41,31.56
$IMU,57025.707,-0.366,-0.183,-3.967,0.00830,0.52343,0.87792,31.62
$MAG,57025.753,-0.604,-0.424,-0.984,30.2
$IMU,57025.782,-2.563,0.366,-2.868,0.02001,0.50244,0.88281,31.61
$BARO,57025.795,88999.56,31.56
$MAG,57025.854,-0.606,-0.423,-0.985,30.2
$IMU,57025.857,-2.014,3.356,-0.244,0.00781,0.52246,0.88916,31.60
$BARO,57025.897,88998.34,31.56
$IMU,57025.932,-3.112,2.990,-3.845,-0.00781,0.48828,0.88134,31.60
$MAG,57025.955,-0.597,-0.424,-0.985,30.0
$VBAT,57025.988,3.821
$BARO,57025.998,88994.68,31.56
$IMU,57026.007,-0.976,0.854,-7.507,-0.01806,0.52783,0.87500,31.66
$MAG,57026.056,-0.610,-0.432,-0.985,30.2
$TIME,57026.078,30108.000,2365
$IMU,57026.083,-5.126,-0.183,-5.371,-0.01953,0.49609,0.88378,31.64
$BARO,57026.099,88993.80,31.57
$MAG,57026.157,-0.610,-0.433,-0.978,30.1
$IMU,57026.158,-7.263,-0.732,-9.094,-0.02490,0.46630,0.89501,31.60
$BARO,57026.201,88991.83,31.57
$IMU,57026.233,-6.896,-0.976,-5.004,-0.02294,0.44970,0.92333,31.62
$MAG,57026.257,-0.606,-0.426,-0.985,30.1
$HUM,57026.275,29.8,32.0
$BARO,57026.302,88998.87,31.57
$IMU,57026.308,-3.967,1.464,-1.464,-0.02539,0.45605,0.91259,31.62
$MAG,57026.358,-0.607,-0.426,-0.987,30.1
$IMU,57026.383,-1.220,3.234,-0.061,-0.05126,0.46191,0.89746,31.60
$BARO,57026.404,88990.93,31.58
$IMU,57026.458,-1.708,0.854,-1.708,-0.04199,0.47509,0.89941,31.63
$MAG,57026.459,-0.604,-0.429,-0.994,30.1
$BARO,57026.505,88994.58,31.58
$IMU,57026.533,-3.051,0.427,-1.770,-0.04980,0.44433,0.91552,31.59
$MAG,57026.560,-0.600,-0.427,-0.988,30.1
$BARO,57026.607,89004.50,31.58
$IMU,57026.608,-2.258,-0.183,-3.051,-0.04638,0.44726,0.91357,31.65
$MAG,57026.661,-0.600,-0.435,-0.994,30.2
$IMU,57026.683,0.488,2.197,0.122,-0.06787,0.45654,0.90869,31.65
$BARO,57026.708,88994.97,31.58
$IMU,57026.758,-0.854,0.732,2.990,-0.02734,0.44287,0.91162,31.67
$MAG,57026.762,-0.600,-0.429,-0.988,30.1
$BARO,57026.809,88992.93,31.58
$IMU,57026.833,1.708,4.638,5.371,-0.09130,0.44921,0.90625,31.64
$MAG,57026.862,-0.603,-0.424,-0.996,30.2
$IMU,57026.908,0.549,0.854,6.591,-0.05517,0.45263,0.92187,31.65
$BARO,57026.911,88998.34,31.59
$MAG,57026.963,-0.594,-0.421,-1.000,30.2
$IMU,57026.983,3.723,1.098,9.765,-0.03076,0.50244,0.88281,31.65
$VBAT,57027.004,3.821
$BARO,57027.012,88990.07,31.58
$IMU,57027.059,0.061,3.417,12.023,-0.01025,0.46533,0.90234,31.64
$MAG,57027.064,-0.594,-0.408,-1.003,30.3
$TIME,57027.078,30110.000,2365
$BARO,57027.114,88999.77,31.59
$IMU,57027.134,-0.244,5.981,9.643,-0.05859,0.49023,0.89160,31.67
$MAG,57027.165,-0.594,-0.412,-1.009,30.3
$IMU,57027.209,0.305,3.479,6.225,-0.05175,0.50439,0.88183,31.68
$BARO,57027.215,88999.53,31.59
$MAG,57027.266,-0.594,-0.399,-1.006,30.1
$IMU,57027.284,-3.845,0.366,9.338,0.00000,0.46875,0.89306,31.66
$HUM,57027.292,29.8,32.0
$BARO,57027.317,88996.53,31.59
$IMU,57027.359,-5.065,2.075,6.469,-0.02099,0.45800,0.91503,31.68
$MAG,57027.367,-0.586,-0.393,-1.005,30.2
$BARO,57027.418,89005.36,31.60
$IMU,57027.434,-3.540,-0.976,0.854,-0.01757,0.45556,0.92041,31.69
$MAG,57027.468,-0.586,-0.397,-0.999,30.3
$IMU,57027.509,-0.549,-2.807,-4.455,-0.01123,0.46679,0.90673,31.67
$BARO,57027.519,88997.46,31.60
$MAG,57027.569,-0.591,-0.402,-1.008,30.2
$IMU,57027.584,-2.136,-2.075,-3.784,-0.02343,0.44628,0.90625,31.67
$BARO,57027.621,89000.29,31.60
$IMU,57027.659,-1.647,-2.136,-3.601,-0.01855,0.47216,0.91601,31.70
$MAG,57027.669,-0.594,-0.387,-0.994,30.1
$BARO,57027.722,88995.80,31.60
$IMU,57027.734,-3.295,-1.159,-1.953,-0.00927,0.43261,0.91943,31.66
$MAG,57027.770,-0.586,-0.393,-1.000,30.2
$IMU,57027.809,-1.708,0.244,-2.990,-0.03222,0.44433,0.91650,31.68
$BARO,57027.824,88998.63,31.60
$MAG,57027.871,-0.594,-0.396,-0.999,30.2
$IMU,57027.884,-1.953,-1.037,-2.929,-0.02734,0.44775,0.91503,31.67
$BARO,57027.925,89003.07,31.61
$IMU,57027.959,-3.662,-0.183,-1.464,-0.03271,0.43310,0.92089,31.69
$MAG,57027.972,-0.594,-0.394,-1.006,30.1
$VBAT,57028.006,3.823
$BARO,57028.026,88994.75,31.61
$IMU,57028.035,-2.136,-0.854,-2.685,-0.04052,0.42968,0.92089,31.66
$MAG,57028.073,-0.591,-0.399,-0.999,30.2
$IMU,57028.110,-1.403,-2.319,-3.479,-0.03515,0.43798,0.91699,31.67
$BARO,57028.128,88998.60,31.61
$MAG,57028.174,-0.597,-0.394,-1.002,30.2
$IMU,57028.185,-2.136,-1.708,-2.929,-0.04101,0.42968,0.92578,31.67
$BARO,57028.229,89000.99,31.61
$IMU,57028.260,-1.403,-2.014,-3.234,-0.03662,0.42333,0.92382,31.65
$MAG,57028.275,-0.601,-0.394,-1.003,30.2
$HUM,57028.308,29.9,32.0
$BARO,57028.331,89003.82,31.61
$IMU,57028.335,-1.464,-2.563,-2.380,-0.03662,0.42041,0.93017,31.67
$MAG,57028.375,-0.598,-0.393,-1.006,30.2
$IMU,57028.410,-0.793,-2.563,-0.671,-0.01171,0.42382,0.92480,31.66
$BARO,57028.432,89005.26,31.61
$MAG,57028.476,-0.597,-0.394,-0.991,30.2
$IMU,57028.485,-0.244,0.488,0.976,-0.02978,0.42675,0.91796,31.74
$BARO,57028.533,89001.60,31.61
$IMU,57028.560,-0.610,-0.366,0.305,-0.03417,0.42578,0.92333,31.71
$MAG,57028.577,-0.598,-0.397,-0.999,30.2
$BARO,57028.635,88999.70,31.62
$IMU,57028.635,-0.549,-2.197,-1.037,-0.02148,0.41357,0.92382,31.67
$MAG,57028.678,-0.597,-0.390,-0.996,30.2
$IMU,57028.710,0.976,-0.793,1.220,-0.01562,0.41992,0.93603,31.65
$BARO,57028.736,88995.05,31.62
$MAG,57028.779,-0.597,-0.390,-0.997,30.3
$IMU,57028.785,2.929,1.831,3.845,-0.03222,0.43066,0.91210,31.66
$BARO,57028.838,89002.53,31.62
$IMU,57028.860,-0.183,2.258,9.643,-0.04492,0.44189,0.90869,31.65
$MAG,57028.880,-0.601,-0.388,-1.002,30.2
$IMU,57028.935,-3.479,0.732,14.282,-0.01611,0.42236,0.93115,31.70
$BARO,57028.939,88996.46,31.62
$MAG,57028.981,-0.589,-0.375,-1.000,30.1
$IMU,57029.011,-3.051,1.953,15.991,0.00000,0.43408,0.93066,31.69
$VBAT,57029.017,3.816
$BARO,57029.041,89004.11,31.63
$TIME,57029.078,30110.000,2365
$MAG,57029.081,-0.588,-0.358,-1.006,30.1
$IMU,57029.086,-3.234,5.676,18.371,0.03027,0.41259,0.93017,31.73
$BARO,57029.142,89004.28,31.63
$IMU,57029.161,-1.464,11.108,22.338,0.02539,0.41601,0.92822,31.69
$MAG,57029.182,-0.568,-0.342,-1.020,30.2
$IMU,57029.236,-0.488,11.779,21.423,0.02246,0.42333,0.93603,31.67
$BARO,57029.243,88999.02,31.63
$MAG,57029.283,-0.553,-0.333,-1.021,30.3
$IMU,57029.311,0.305,12.451,19.714,0.03857,0.40185,0.93798,31.69
$HUM,57029.325,30.0,32.0
$BARO,57029.345,88996.56,31.64
$MAG,57029.384,-0.550,-0.327,-1.020,30.1
$IMU,57029.386,2.380,15.319,14.465,-0.00927,0.41845,0.92871,31.68
$BARO,57029.446,89000.24,31.64
$IMU,57029.461,4.638,15.869,9.948,-0.04101,0.43652,0.91650,31.70
$MAG,57029.485,-0.529,-0.334,-1.032,30.2
$IMU,57029.536,2.563,12.573,10.925,-0.02539,0.42187,0.93115,31.71
$BARO,57029.548,89001.04,31.64
$MAG,57029.586,-0.526,-0.324,-1.044,30.2
$IMU,57029.611,2.563,11.657,9.399,-0.03515,0.41845,0.93652,31.67
$BARO,57029.649,88999.21,31.64
$IMU,57029.686,2.868,9.216,0.915,-0.09472,0.42578,0.92236,31.73
$MAG,57029.687,-0.513,-0.325,-1.048,30.3
$BARO,57029.750,88998.78,31.64
$IMU,57029.761,4.760,4.150,-4.272,-0.09179,0.44335,0.90966,31.74
$MAG,57029.787,-0.507,-0.343,-1.053,30.2
$IMU,57029.836,4.089,4.272,-1.098,-0.08398,0.44677,0.90185,31.71
$BARO,57029.852,89009.11,31.64
$MAG,57029.888,-0.495,-0.340,-1.057,30.3
$IMU,57029.911,3.234,7.019,2.075,-0.11425,0.48388,0.88623,31.70
$BARO,57029.953,88996.70,31.64
$IMU,57029.986,3.356,7.202,3.173,-0.11328,0.51367,0.88623,31.73
$MAG,57029.989,-0.498,-0.346,-1.062,30.2
$VBAT,57030.018,3.832
$BARO,57030.054,88997.90,31.65
$IMU,57030.062,3.356,6.042,4.760,-0.10107,0.51318,0.86621,31.74
$TIME,57030.078,30112.000,2365
$MAG,57030.090,-0.480,-0.334,-1.060,30.2
$IMU,57030.137,0.000,5.126,1.892,-0.11718,0.49218,0.87402,31.71
$BARO,57030.156,89004.19,31.65
$MAG,57030.191,-0.478,-0.348,-1.062,30.3
$IMU,57030.212,-2.197,3.112,-4.150,-0.13671,0.47167,0.89306,31.69
$BARO,57030.257,88999.92,31.65
$IMU,57030.287,0.061,1.403,-4.699,-0.12597,0.49267,0.87841,31.74
$MAG,57030.292,-0.483,-0.342,-1.068,30.2
$HUM,57030.342,30.2,32.0
$BARO,57030.359,89000.48,31.65
$IMU,57030.362,-3.051,5.126,-1.159,-0.14892,0.46923,0.87890,31.72
$MAG,57030.393,-0.477,-0.334,-1.059,30.3
$IMU,57030.437,-5.310,5.920,3.601,-0.16406,0.45849,0.90087,31.75
$BARO,57030.460,88997.09,31.65
$MAG,57030.494,-0.472,-0.328,-1.069,30.3
$IMU,57030.512,-3.356,3.295,5.859,-0.14550,0.45312,0.89599,31.70
$BARO,57030.562,88994.22,31.65
$IMU,57030.587,-1.342,1.647,3.173,-0.13671,0.47753,0.88330,31.73
$MAG,57030.594,-0.469,-0.328,-1.074,30.3
$IMU,57030.662,-2.868,0.793,-1.953,-0.16015,0.47460,0.89062,31.73
$BARO,57030.663,89003.53,31.65
$MAG,57030.695,-0.472,-0.325,-1.069,30.2
$IMU,57030.737,-5.615,-0.610,-3.295,-0.15771,0.42822,0.90429,31.71
$BARO,57030.764,89003.70,31.66
$MAG,57030.796,-0.466,-0.321,-1.068,30.2
$IMU,57030.812,-4.821,-2.014,-1.037,-0.14941,0.41796,0.92285,31.75
$BARO,57030.866,89005.72,31.66
$IMU,57030.887,-0.854,-1.281,0.671,-0.13720,0.43603,0.91406,31.74
$MAG,57030.897,-0.465,-0.321,-1.063,30.3
$IMU,57030.962,0.061,0.000,1.403,-0.14111,0.43994,0.90234,31.67
$BARO,57030.967,88995.58,31.66
$MAG,57030.998,-0.469,-0.316,-1.063,30.2
$VBAT,57031.019,3.827
$IMU,57031.038,0.122,-0.122,1.525,-0.12207,0.43408,0.90869,31.73
$BARO,57031.069,89003.87,31.66
$TIME,57031.078,30113.000,2365
$MAG,57031.099,-0.472,-0.324,-1.062,30.1
$IMU,57031.113,-0.183,0.732,-0.793,-0.14794,0.42626,0.90869,31.70
$BARO,57031.170,88993.32,31.66
$IMU,57031.188,1.220,-0.610,-1.831,-0.12744,0.43945,0.90478,31.71
$MAG,57031.200,-0.468,-0.327,-1.068,30.2
$IMU,57031.263,0.915,1.098,-0.427,-0.14941,0.44970,0.90478,31.75
$BARO,57031.271,88986.20,31.67
$MAG,57031.301,-0.460,-0.330,-1.062,30.3
$IMU,57031.338,0.488,-0.183,-1.831,-0.13720,0.44091,0.90625,31.73
$HUM,57031.358,30.2,32.1
$BARO,57031.373,88994.29,31.67
$MAG,57031.401,-0.469,-0.324,-1.057,30.2
$IMU,57031.413,0.854,-0.244,-1.159,-0.12548,0.43261,0.91943,31.73
$BARO,57031.474,88993.29,31.67
$IMU,57031.488,3.479,1.586,-2.319,-0.14843,0.40380,0.92968,31.72
$MAG,57031.502,-0.462,-0.333,-1.068,30.3
$IMU,57031.563,11.657,-1.525,-6.042,-0.16894,0.44287,0.91064,31.71
$BARO,57031.576,89005.21,31.67
$MAG,57031.603,-0.471,-0.357,-1.065,30.3
$IMU,57031.638,16.052,-6.774,-10.498,-0.14746,0.48779,0.87402,31.74
$BARO,57031.677,88994.10,31.67
$MAG,57031.704,-0.480,-0.373,-1.060,30.3
$IMU,57031.713,14.221,-8.056,-13.427,-0.14160,0.51708,0.86083,31.71
$BARO,57031.779,88994.90,31.67
$IMU,57031.788,9.582,-7.446,-12.512,-0.13232,0.51855,0.86083,31.72
$MAG,57031.805,-0.498,-0.381,-1.065,30.3
$IMU,57031.863,6.713,-5.310,-11.901,-0.14453,0.51367,0.86718,31.76
$BARO,57031.880,89001.75,31.67
$MAG,57031.906,-0.498,-0.388,-1.062,30.3
$IMU,57031.938,5.798,-4.211,-11.047,-0.15527,0.52148,0.86425,31.76
$BARO,57031.981,88998.07,31.68
$MAG,57032.006,-0.501,-0.399,-1.056,30.3
$IMU,57032.014,5.249,-3.845,-11.840,-0.16308,0.52783,0.85449,31.73
$VBAT,57032.019,3.816
$TIME,57032.078,30115.000,2365
$BARO,57032.083,89001.51,31.68
$IMU,57032.089,4.943,-4.577,-13.427,-0.17041,0.52978,0.85546,31.73
$MAG,57032.107,-0.502,-0.406,-1.051,30.2
$IMU,57032.164,4.150,-7.751,-17.395,-0.19775,0.53271,0.84521,31.73
$BARO,57032.184,88999.53,31.68
$MAG,57032.208,-0.517,-0.430,-1.042,30.3
$IMU,57032.239,4.394,-12.512,-19.653,-0.22363,0.55859,0.83251,31.77
$BARO,57032.286,88994.02,31.68
$MAG,57032.309,-0.528,-0.432,-1.044,30.3
$IMU,57032.314,2.502,-19.042,-24.536,-0.19873,0.53662,0.83691,31.76
$HUM,57032.375,30.0,32.1
$BARO,57032.387,89009.01,31.68
$IMU,57032.389,2.380,-23.193,-21.484,-0.16796,0.51464,0.86621,31.73
$MAG,57032.410,-0.546,-0.444,-1.029,30.2
$IMU,57032.464,4.150,-21.484,-16.723,-0.14648,0.49023,0.86962,31.74
$BARO,57032.489,89002.29,31.68
$MAG,57032.511,-0.568,-0.456,-1.011,30.3
$IMU,57032.539,4.455,-18.554,-10.070,-0.17285,0.53271,0.83789,31.71
$BARO,57032.590,89000.21,31.69
$MAG,57032.612,-0.597,-0.432,-1.002,30.3
$IMU,57032.614,-11.474,-23.803,4.638,-0.15673,0.56250,0.79003,31.75
$IMU,57032.689,-40.954,-32.409,15.747,-0.00927,0.44042,0.82568,31.81
$BARO,57032.691,89003.26,31.69
$MAG,57032.713,-0.616,-0.397,-0.990,30.2
$IMU,57032.764,-56.213,-26.367,19.958,0.09179,0.33398,0.96630,31.75
$BARO,57032.793,88999.02,31.69
$MAG,57032.813,-0.625,-0.337,-0.982,30.5
$IMU,57032.839,-43.823,-15.014,14.648,0.08886,0.22607,1.00048,31.79
$BARO,57032.894,88994.10,31.69
$MAG,57032.914,-0.631,-0.322,-0.967,30.3
$IMU,57032.914,-26.550,-9.765,11.474,0.11572,0.17773,1.03759,31.75
$IMU,57032.990,-9.216,-4.150,7.751,0.01513,0.27392,1.01611,31.77
$BARO,57032.996,88995.73,31.69
$MAG,57033.015,-0.631,-0.307,-0.969,30.3
$VBAT,57033.020,3.824
$IMU,57033.065,1.586,-4.882,13.977,0.16308,0.34960,0.96044,31.74
$BARO,57033.097,89000.80,31.69
$MAG,57033.116,-0.624,-0.294,-0.972,30.3
$IMU,57033.140,-4.577,9.277,23.254,0.06494,0.25585,0.98339,31.79
$BARO,57033.198,89000.31,31.70
$IMU,57033.215,-2.380,6.225,20.751,0.06152,0.29443,0.95947,31.74
$MAG,57033.217,-0.609,-0.277,-0.969,30.3
$IMU,57033.290,-5.554,-1.159,17.700,0.09619,0.23779,1.00244,31.72
$BARO,57033.300,88995.12,31.70
$MAG,57033.318,-0.604,-0.267,-0.970,30.1
$IMU,57033.365,-2.136,-1.464,12.023,0.09570,0.24462,0.98046,31.73
$HUM,57033.391,30.2,32.1
$BARO,57033.401,89002.16,31.70
$MAG,57033.418,-0.603,-0.267,-0.978,30.3
$IMU,57033.440,-1.647,1.220,7.873,0.14697,0.23291,0.99414,31.78
$BARO,57033.503,88998.78,31.70
$IMU,57033.515,-0.427,2.197,1.953,0.09765,0.24169,0.99609,31.76
$MAG,57033.519,-0.603,-0.258,-0.976,30.2
$IMU,57033.590,-1.159,-2.868,-1.647,0.07275,0.22167,0.97216,31.74
$BARO,57033.604,89011.50,31.70
$MAG,57033.620,-0.600,-0.258,-0.972,30.2
$IMU,57033.665,-2.746,-3.112,-0.610,0.13037,0.28027,0.93847,31.73
$BARO,57033.705,88995.85,31.71
$MAG,57033.721,-0.604,-0.250,-0.973,30.3
$IMU,57033.740,-10.559,4.455,3.662,0.10205,0.22558,0.98535,31.79
$BARO,57033.807,88991.61,31.71
$IMU,57033.815,-10.620,1.708,2.014,0.08544,0.19189,0.99804,31.81
$MAG,57033.822,-0.606,-0.249,-0.969,30.3
$IMU,57033.890,-7.995,-1.159,-5.798,0.10449,0.16210,1.02148,31.80
$BARO,57033.908,88999.70,31.71
$MAG,57033.923,-0.603,-0.246,-0.964,30.3
$IMU,57033.966,-4.577,2.624,-3.845,0.10302,0.17724,0.98779,31.76
$BARO,57034.010,88999.09,31.71
$VBAT,57034.020,3.827
$MAG,57034.024,-0.595,-0.252,-0.979,30.3
$IMU,57034.041,-3.417,6.103,-1.831,0.05664,0.18164,0.99121,31.79
$TIME,57034.078,30116.000,2365
$BARO,57034.111,89008.57,31.71
$IMU,57034.116,-3.967,4.272,-1.647,0.06787,0.16308,1.00878,31.81
$MAG,57034.124,-0.595,-0.244,-0.976,30.2
$IMU,57034.191,-1.953,3.967,-1.159,0.04541,0.14843,1.00830,31.80
$BARO,57034.212,89003.07,31.71
$MAG,57034.225,-0.594,-0.249,-0.966,30.3
$IMU,57034.266,-1.281,1.831,-6.835,0.06152,0.16259,0.98535,31.78
$BARO,57034.314,89000.43,31.71
$MAG,57034.326,-0.589,-0.249,-0.979,30.3
$IMU,57034.341,-0.976,3.662,-2.685,0.03808,0.15722,0.99218,31.80
$HUM,57034.408,30.3,32.1
$BARO,57034.415,88997.85,31.71
$IMU,57034.416,-3.234,4.760,1.342,0.02734,0.14013,1.02197,31.80
$MAG,57034.427,-0.591,-0.241,-0.978,30.2
$IMU,57034.491,1.586,4.333,-1.037,0.01855,0.16113,0.98925,31.79
$BARO,57034.517,89001.41,31.72
$MAG,57034.528,-0.589,-0.241,-0.976,30.3
$IMU,57034.566,1.892,3.662,-0.305,0.00390,0.15087,1.01416,31.75
$BARO,57034.618,89000.80,31.72
$MAG,57034.629,-0.592,-0.261,-0.981,30.3
$IMU,57034.641,4.516,-0.610,-2.380,-0.00488,0.17236,1.00830,31.76
$IMU,57034.716,7.629,-5.249,-9.704,0.02001,0.17675,1.01562,31.80
$BARO,57034.720,88998.82,31.71
$MAG,57034.729,-0.603,-0.270,-0.981,30.3
$IMU,57034.791,14.404,-7.446,-16.845,0.08300,0.25927,0.95556,31.78
$BARO,57034.821,89002.02,31.72
$MAG,57034.830,-0.603,-0.282,-0.981,30.3
$IMU,57034.866,8.300,1.403,-11.291,0.01611,0.25146,0.97265,31.78
$BARO,57034.923,89004.45,31.72
$MAG,57034.931,-0.601,-0.294,-0.978,30.3
$IMU,57034.942,1.525,2.502,-3.356,-0.02343,0.22705,1.00048,31.79
$IMU,57035.017,4.272,-5.554,-4.821,0.04785,0.26757,0.97314,31.78
$VBAT,57035.020,3.829
$BARO,57035.024,88995.09,31.73
$MAG,57035.032,-0.604,-0.292,-0.984,30.3
$TIME,57035.078,30117.000,2365
$IMU,57035.092,3.051,-5.004,-2.075,0.07958,0.30810,0.96435,31.79
$BARO,57035.125,88996.07,31.73
$MAG,57035.133,-0.601,-0.288,-0.976,30.3
$IMU,57035.167,-4.699,-0.061,-1.403,0.05957,0.29931,0.95898,31.79
$BARO,57035.227,88993.85,31.73
$MAG,57035.234,-0.609,-0.286,-0.976,30.3
$IMU,57035.242,-8.911,1.647,-5.554,-0.00146,0.29492,0.96289,31.78
$IMU,57035.317,-12.573,-2.319,-8.911,0.01220,0.25878,0.96533,31.83
$BARO,57035.328,88993.80,31.73
$MAG,57035.335,-0.619,-0.280,-0.972,30.5
$IMU,57035.392,-17.028,-4.089,-6.652,0.04785,0.22119,0.97802,31.83
$HUM,57035.424,30.2,32.1
$BARO,57035.430,88998.68,31.73
$MAG,57035.435,-0.618,-0.271,-0.975,30.3
$IMU,57035.467,-19.104,-3.173,-3.662,0.04931,0.18750,0.99414,31.82
$BARO,57035.531,88998.46,31.73
$MAG,57035.536,-0.625,-0.259,-0.963,30.2
$IMU,57035.542,-19.409,-4.333,-4.577,0.02392,0.11865,0.97998,31.82
$IMU,57035.617,-21.545,-8.056,-1.464,0.08496,0.08251,0.98974,31.77
$BARO,57035.632,88994.24,31.73
$MAG,57035.637,-0.624,-0.249,-0.940,30.3
$IMU,57035.692,-25.878,-4.272,7.202,0.11083,0.02929,1.03173,31.76
$BARO,57035.734,89010.18,31.74
$MAG,57035.738,-0.618,-0.222,-0.942,30.2
$IMU,57035.767,-22.766,1.098,12.512,0.11376,0.01367,1.04638,31.80
$BARO,57035.835,88994.36,31.74
$MAG,57035.839,-0.612,-0.189,-0.942,30.3
$IMU,57035.842,-16.418,4.394,16.296,0.13232,-0.01904,1.05078,31.80
$IMU,57035.918,-8.666,8.178,13.000,0.15478,-0.03759,1.04589,31.82
$BARO,57035.937,88990.98,31.74
$MAG,57035.940,-0.601,-0.189,-0.945,30.2
$IMU,57035.993,-1.098,10.620,7.873,0.13378,-0.05419,1.03173,31.81
$VBAT,57036.021,3.824
$BARO,57036.038,89000.87,31.74
$MAG,57036.041,-0.589,-0.198,-0.954,30.3
$IMU,57036.068,6.713,11.230,3.234,0.07714,0.00488,0.99755,31.80
$TIME,57036.078,30118.000,2365
$BARO,57036.139,89003.53,31.74
$MAG,57036.142,-0.580,-0.193,-0.961,30.2
$IMU,57036.143,4.028,10.253,1.098,0.08398,0.05029,1.00195,31.80
$IMU,57036.218,1.098,15.441,3.601,0.04785,0.02880,0.97753,31.80
$BARO,57036.241,89002.89,31.74
$MAG,57036.242,-0.565,-0.190,-0.976,30.3
$IMU,57036.293,-3.662,21.240,3.234,-0.05761,0.02734,0.96582,31.84
$BARO,57036.342,88990.07,31.75
$MAG,57036.343,-0.553,-0.189,-0.982,30.3
$IMU,57036.368,-7.812,18.920,3.662,-0.07373,0.00000,0.95361,31.80
$HUM,57036.441,30.3,32.1
$IMU,57036.443,-10.681,21.606,7.263,-0.13818,-0.03369,0.94921,31.82
$BARO,57036.444,89003.89,31.74
$MAG,57036.444,-0.526,-0.169,-0.985,30.3
$IMU,57036.518,-14.404,21.789,8.911,-0.16796,-0.14257,0.98437,31.78
$BARO,57036.545,88995.14,31.75
$MAG,57036.545,-0.498,-0.160,-0.991,30.1
$IMU,57036.593,-8.117,22.338,6.225,-0.26953,-0.18115,1.04589,31.84
$MAG,57036.646,-0.486,-0.169,-0.999,30.3
$BARO,57036.647,88989.88,31.75
$IMU,57036.668,4.455,20.690,-1.464,-0.28564,-0.32714,1.09179,31.81
$IMU,57036.743,36.315,19.348,-15.319,-0.28662,-0.38378,1.17871,31.83
$MAG,57036.747,-0.481,-0.216,-1.036,30.3
$BARO,57036.748,88983.59,31.75
$IMU,57036.818,86.547,16.296,-42.358,-0.33984,-0.26953,1.01660,31.84
$MAG,57036.848,-0.486,-0.334,-1.062,30.5
$BARO,57036.850,88992.68,31.75
$IMU,57036.894,123.291,19.775,-55.480,-0.43896,0.01708,0.83935,31.81
$MAG,57036.948,-0.465,-0.462,-1.059,30.3
$BARO,57036.951,88996.12,31.75
$IMU,57036.969,127.441,23.681,-44.921,-0.52392,0.31347,0.70019,31.82
$VBAT,57037.021,3.831
$IMU,57037.044,109.802,20.385,-23.376,-0.51220,0.51074,0.58935,31.85
$MAG,57037.049,-0.439,-0.568,-1.048,30.3
$BARO,57037.052,88983.15,31.75
$TIME,57037.078,30120.000,2365
$IMU,57037.119,88.317,18.737,-2.929,-0.53906,0.68212,0.49267,31.85
$MAG,57037.150,-0.427,-0.613,-1.026,30.3
$BARO,57037.154,88993.85,31.75
$IMU,57037.194,53.710,7.385,10.375,-0.56152,0.83398,0.49218,31.79
$MAG,57037.251,-0.450,-0.622,-1.020,30.2
$BARO,57037.255,88995.68,31.75
$IMU,57037.269,18.188,-7.141,15.563,-0.47070,0.68750,0.54541,31.85
$IMU,57037.344,12.939,-5.187,16.906,-0.45312,0.65527,0.59179,31.79
$MAG,57037.352,-0.451,-0.627,-1.009,30.3
$BARO,57037.357,88992.24,31.75
$IMU,57037.419,18.310,-3.723,18.676,-0.42480,0.66992,0.64843,31.85
$MAG,57037.453,-0.463,-0.642,-0.997,30.3
$HUM,57037.457,29.9,32.1
$BARO,57037.458,89001.12,31.76
$IMU,57037.494,26.489,0.244,21.545,-0.39257,0.60253,0.64941,31.80
$MAG,57037.554,-0.471,-0.676,-0.972,30.3
$BARO,57037.559,88998.29,31.76
$IMU,57037.569,53.833,9.643,22.521,-0.36328,0.75146,0.48291,31.84
$IMU,57037.644,65.979,9.826,25.878,-0.33203,0.86572,0.31250,31.82
$MAG,57037.654,-0.483,-0.715,-0.933,30.3
$BARO,57037.661,88999.02,31.77
$IMU,57037.719,62.133,6.713,18.005,-0.29443,0.91552,0.25195,31.83
$MAG,57037.755,-0.490,-0.739,-0.900,30.3
$BARO,57037.762,88999.65,31.77
$IMU,57037.794,56.335,5.615,14.770,-0.27148,1.02148,0.17187,31.83
$MAG,57037.856,-0.495,-0.753,-0.867,30.2
$BARO,57037.864,88996.61,31.76
$IMU,57037.870,44.555,-0.305,14.526,-0.21679,1.01123,0.14501,31.83
$IMU,57037.945,33.081,-2.258,13.183,-0.17480,1.01171,0.10986,31.85
$MAG,57037.957,-0.502,-0.771,-0.849,30.3
$BARO,57037.965,89006.31,31.77
$IMU,57038.020,24.902,-2.868,11.291,-0.17529,1.00439,0.07470,31.80
$VBAT,57038.021,3.827
$MAG,57038.058,-0.520,-0.774,-0.820,30.3
$BARO,57038.067,89002.46,31.77
$IMU,57038.095,19.958,-7.507,10.742,-0.14013,1.00048,0.04150,31.82
$MAG,57038.159,-0.535,-0.774,-0.807,30.3
$BARO,57038.168,88999.99,31.77
$IMU,57038.170,11.718,-6.469,7.446,-0.14453,1.02539,0.03466,31.83
$IMU,57038.245,5.798,-10.925,5.126,-0.13720,1.06640,0.04150,31.82
$MAG,57038.260,-0.540,-0.778,-0.801,30.3
$BARO,57038.269,89005.89,31.77
$IMU,57038.320,-2.746,-14.099,4.028,-0.11425,0.99658,0.05078,31.84
$MAG,57038.361,-0.546,-0.769,-0.804,30.3
$BARO,57038.371,88997.95,31.77
$IMU,57038.395,-6.530,-12.878,3.417,-0.10449,1.00585,0.05761,31.87
$MAG,57038.462,-0.556,-0.762,-0.795,30.3
$IMU,57038.470,-8.361,-14.465,5.371,-0.10302,1.02099,0.05517,31.83
$BARO,57038.472,89001.85,31.77
$HUM,57038.474,30.4,32.1
$IMU,57038.545,-10.314,-16.662,6.408,-0.11718,1.00683,0.09521,31.84
$MAG,57038.562,-0.564,-0.757,-0.804,30.3
$BARO,57038.574,88998.53,31.78
$IMU,57038.620,-15.808,-17.150,7.263,-0.09277,1.00195,0.12207,31.82
$MAG,57038.663,-0.582,-0.742,-0.813,30.3
$BARO,57038.675,88998.53,31.78
$IMU,57038.695,-21.850,-15.258,12.634,-0.03906,1.01269,0.15087,31.85
$MAG,57038.764,-0.604,-0.712,-0.832,30.3
$IMU,57038.770,-28.808,-9.155,22.583,0.06152,1.03027,0.21826,31.81
$BARO,57038.777,89004.84,31.78
$IMU,57038.846,-37.475,-0.183,23.498,0.08886,1.01708,0.25488,31.87
$MAG,57038.865,-0.624,-0.670,-0.852,30.3
$BARO,57038.878,89003.60,31.78
$IMU,57038.921,-47.546,8.728,20.629,0.08789,1.05957,0.27001,31.87
$MAG,57038.966,-0.616,-0.637,-0.901,30.3
$BARO,57038.979,89000.36,31.78
$IMU,57038.996,-67.565,15.502,22.949,0.07763,1.00439,0.29736,31.82
$VBAT,57039.022,3.824
$MAG,57039.067,-0.619,-0.556,-0.949,30.3
$IMU,57039.071,-91.552,15.869,26.123,0.05957,0.90087,0.35644,31.86
$TIME,57039.078,30120.000,2365
$BARO,57039.081,89000.73,31.79
$IMU,57039.146,-102.539,11.291,27.770,0.03955,0.79931,0.48925,31.85
$MAG,57039.168,-0.618,-0.460,-0.979,30.3
$BARO,57039.182,89000.75,31.78
$IMU,57039.221,-107.788,0.854,26.428,0.06201,0.58789,0.61767,31.86
$MAG,57039.269,-0.631,-0.372,-0.976,30.3
$BARO,57039.284,88992.61,31.79
$IMU,57039.296,-95.642,-11.352,20.996,0.09863,0.52539,0.73730,31.87
$MAG,57039.369,-0.636,-0.301,-0.954,30.3
$IMU,57039.371,-95.275,-19.775,13.732,0.24365,0.35791,0.82861,31.86
$BARO,57039.385,89000.12,31.79
$IMU,57039.446,-85.876,-17.700,9.948,0.28857,0.24267,0.95458,31.84
$MAG,57039.470,-0.643,-0.256,-0.925,30.3
$BARO,57039.487,88989.54,31.79
$HUM,57039.490,30.2,32.2
$IMU,57039.521,-68.908,-13.305,1.953,0.34082,0.10839,1.02441,31.90
$MAG,57039.571,-0.649,-0.220,-0.907,30.3
$BARO,57039.588,88996.80,31.80
$IMU,57039.596,-48.767,-6.042,-2.136,0.41210,0.02685,1.04443,31.85
$IMU,57039.671,-32.348,8.178,-7.690,0.30908,0.00146,1.04003,31.86
$MAG,57039.672,-0.651,-0.216,-0.922,30.5
$BARO,57039.690,88993.14,31.80
$IMU,57039.746,-20.996,12.634,-15.258,0.24365,-0.02050,1.02148,31.87
$MAG,57039.773,-0.640,-0.226,-0.912,30.2
$BARO,57039.791,88997.00,31.79
$IMU,57039.822,-10.253,12.329,-12.573,0.21972,-0.03955,1.00585,31.85
$MAG,57039.874,-0.640,-0.216,-0.921,30.3
$BARO,57039.892,88998.41,31.79
$IMU,57039.897,-7.202,13.244,-8.056,0.17382,-0.01318,1.04199,31.85
$IMU,57039.972,0.854,11.962,1.220,0.17529,0.01318,1.03271,31.83
$MAG,57039.975,-0.625,-0.223,-0.927,30.5
$BARO,57039.994,88998.39,31.80
$VBAT,57040.022,3.824
$IMU,57040.047,12.939,15.014,6.103,0.13720,0.12744,0.95556,31.84
$MAG,57040.076,-0.624,-0.217,-0.954,30.5
$TIME,57040.078,30121.000,2365
$BARO,57040.095,89002.68,31.80
$IMU,57040.122,8.239,13.183,3.173,0.10009,0.20605,0.90380,31.88
$MAG,57040.176,-0.625,-0.219,-0.951,30.3
$BARO,57040.197,88995.90,31.80
$IMU,57040.197,-8.178,9.155,-4.150,0.06445,0.18994,0.92041,31.93
$IMU,57040.272,-22.216,9.094,-5.310,0.07470,0.10205,0.88916,31.89
$MAG,57040.277,-0.613,-0.208,-0.939,30.3
$BARO,57040.298,89000.77,31.80
$IMU,57040.347,-26.428,12.145,-8.850,-0.01513,0.10644,0.90185,31.90
$MAG,57040.378,-0.609,-0.195,-0.942,30.5
$BARO,57040.400,89001.02,31.80
$IMU,57040.422,-42.297,10.559,-13.244,-0.04833,-0.05664,0.93408,31.90
$MAG,57040.479,-0.609,-0.174,-0.925,30.5
$IMU,57040.497,-56.945,9.826,-13.000,-0.02490,-0.31054,0.96826,31.90
$BARO,57040.501,89009.65,31.81
$HUM,57040.507,30.2,32.2
$IMU,57040.572,-48.278,14.160,-8.117,-0.07324,-0.33105,1.00341,31.90
$MAG,57040.580,-0.598,-0.145,-0.912,30.5
$BARO,57040.602,88998.70,31.81
$IMU,57040.647,-37.231,13.671,-5.859,-0.10546,-0.43701,0.93505,31.85
$MAG,57040.681,-0.601,-0.141,-0.897,30.3
$BARO,57040.704,89001.75,31.81
$IMU,57040.722,-26.977,9.277,-7.385,-0.09570,-0.34765,0.93359,31.91
$MAG,57040.782,-0.607,-0.124,-0.889,30.6
$IMU,57040.797,-29.663,6.774,-7.080,-0.13623,-0.44775,0.94482,31.89
$BARO,57040.805,89004.19,31.81
$IMU,57040.873,-30.944,-0.488,-8.422,-0.09228,-0.51367,1.01513,31.90
$MAG,57040.883,-0.601,-0.112,-0.871,30.3
$BARO,57040.907,89005.77,31.82
$IMU,57040.948,-20.874,-3.479,-10.925,-0.05810,-0.60888,0.98730,31.89
$MAG,57040.983,-0.615,-0.114,-0.871,30.3
$BARO,57041.008,89007.96,31.82
$VBAT,57041.022,3.827
$IMU,57041.023,-5.676,1.037,-9.704,-0.07080,-0.51562,0.93896,31.89
$TIME,57041.078,30122.000,2365
$MAG,57041.084,-0.610,-0.114,-0.861,30.3
$IMU,57041.098,-4.272,-0.732,-1.953,-0.06933,-0.50976,0.90917,31.89
$BARO,57041.110,89011.57,31.82
$IMU,57041.173,-2.563,-3.295,0.122,-0.01367,-0.50683,0.94384,31.90
$MAG,57041.185,-0.613,-0.118,-0.868,30.5
$BARO,57041.211,88996.41,31.82
$IMU,57041.248,0.854,-1.220,1.586,-0.01953,-0.53662,0.94189,31.89
$MAG,57041.286,-0.615,-0.123,-0.865,30.3
$BARO,57041.312,89001.68,31.82
$IMU,57041.323,10.986,2.502,0.427,-0.04541,-0.48095,0.89501,31.92
$MAG,57041.387,-0.612,-0.121,-0.874,30.3
$IMU,57041.398,15.136,-1.098,2.380,-0.07128,-0.22509,0.83447,31.91
$BARO,57041.414,89004.31,31.82
$IMU,57041.473,2.197,-7.812,-1.770,-0.00683,-0.42675,0.89599,31.91
$MAG,57041.488,-0.612,-0.123,-0.868,30.5
$BARO,57041.515,89000.02,31.83
$HUM,57041.524,30.0,32.2
$IMU,57041.548,-20.263,-9.155,4.333,0.02441,-0.60546,1.01416,31.94
$MAG,57041.589,-0.624,-0.118,-0.864,30.3
$BARO,57041.617,89009.50,31.83
$IMU,57041.623,5.798,-2.685,3.906,0.00341,-0.48095,0.93945,31.92
$MAG,57041.689,-0.616,-0.121,-0.867,30.6
$IMU,57041.698,11.962,-5.004,-0.854,-0.02343,-0.50732,0.98730,31.89
$BARO,57041.718,89009.28,31.83
$IMU,57041.773,14.343,-11.352,-5.859,0.06298,-0.54785,0.97509,31.93
$MAG,57041.790,-0.627,-0.133,-0.874,30.3
$BARO,57041.820,89008.09,31.83
$IMU,57041.849,30.273,-4.516,3.479,0.08300,-0.43066,0.94726,31.89
$MAG,57041.891,-0.621,-0.148,-0.883,30.5
$BARO,57041.921,88997.75,31.83
$IMU,57041.924,33.569,0.671,7.385,0.06445,-0.35791,0.92919,31.87
$MAG,57041.992,-0.612,-0.168,-0.903,30.3
$IMU,57041.999,36.987,1.220,3.662,0.02978,-0.20751,0.93261,31.91
$BARO,57042.022,89000.34,31.84
$VBAT,57042.023,3.811
$IMU,57042.074,33.081,-0.122,3.295,0.05712,-0.17480,0.94189,31.89
$TIME,57042.078,30124.000,2365
$MAG,57042.093,-0.616,-0.175,-0.928,30.3
$BARO,57042.124,88997.51,31.83
$IMU,57042.149,27.160,4.882,5.126,0.02734,-0.14404,0.97021,31.92
$MAG,57042.194,-0.606,-0.187,-0.942,30.5
$IMU,57042.224,25.634,6.469,4.272,-0.00585,-0.16308,0.98291,31.94
$BARO,57042.225,89005.60,31.84
$MAG,57042.295,-0.597,-0.210,-0.955,30.5
$IMU,57042.299,29.846,5.126,2.746,0.00390,-0.09716,0.99902,31.95
$BARO,57042.327,88999.48,31.84
$IMU,57042.374,35.827,7.080,3.356,-0.01806,-0.01220,0.95556,31.94
$MAG,57042.396,-0.594,-0.232,-0.966,30.3
$BARO,57042.428,88996.22,31.85
$IMU,57042.449,31.921,7.202,5.615,-0.03759,0.08007,0.94335,31.91
$MAG,57042.496,-0.592,-0.226,-0.981,30.2
$IMU,57042.524,20.080,5.615,6.408,-0.02148,0.11279,0.98291,31.95
$BARO,57042.530,88999.85,31.85
$HUM,57042.540,30.3,32.2
$MAG,57042.597,-0.589,-0.246,-0.993,30.3
$IMU,57042.599,17.822,5.554,6.347,-0.02294,0.11083,0.97460,31.96
$BARO,57042.631,89004.70,31.85
$IMU,57042.674,15.441,7.080,2.258,-0.06933,0.16503,0.97607,31.94
$MAG,57042.698,-0.579,-0.259,-1.002,30.3
$BARO,57042.732,89000.46,31.85
$IMU,57042.749,7.446,2.990,-0.366,-0.06201,0.14599,0.98876,31.92
$MAG,57042.799,-0.576,-0.264,-0.988,30.3
$IMU,57042.825,4.455,3.234,-1.037,-0.06591,0.09863,1.02294,31.93
$BARO,57042.834,88993.36,31.85
$MAG,57042.900,-0.574,-0.273,-1.000,30.3
$IMU,57042.900,8.850,3.173,-0.183,-0.08789,0.08740,1.04394,31.91
$BARO,57042.935,89004.28,31.85
$IMU,57042.975,17.028,0.732,-0.854,-0.05615,0.12060,1.02343,31.94
$MAG,57043.001,-0.573,-0.279,-1.002,30.6
$VBAT,57043.023,3.824
$BARO,57043.037,88999.80,31.85
$IMU,57043.050,23.193,0.183,-1.098,-0.05810,0.19677,0.96875,31.94
$MAG,57043.102,-0.574,-0.300,-1.012,30.5
$IMU,57043.125,20.202,-0.244,-4.760,-0.10888,0.26513,0.95703,31.93
$BARO,57043.138,88995.95,31.86
$IMU,57043.200,14.770,-5.859,-6.225,-0.07324,0.27587,0.91796,31.95
$MAG,57043.202,-0.586,-0.319,-1.012,30.5
$BARO,57043.239,88999.14,31.86
$IMU,57043.275,6.408,-7.568,-2.746,-0.05224,0.32031,0.94482,32.00
$MAG,57043.303,-0.582,-0.319,-1.003,30.5
$BARO,57043.341,89000.77,31.86
$IMU,57043.350,-6.042,-4.699,-5.065,-0.04833,0.23681,0.96582,31.92
$MAG,57043.404,-0.585,-0.319,-1.005,30.3
$IMU,57043.425,-7.141,-2.685,0.488,-0.04931,0.20849,1.01464,31.94
$BARO,57043.442,88996.31,31.86
$IMU,57043.500,-3.540,-2.319,0.427,-0.04833,0.18701,1.01074,31.94
$MAG,57043.505,-0.582,-0.313,-0.996,30.3
$BARO,57043.544,88995.05,31.87
$HUM,57043.557,30.3,32.3
$IMU,57043.575,1.953,-3.723,-2.136,-0.06201,0.19580,0.98583,31.95
$MAG,57043.606,-0.585,-0.307,-0.991,30.3
$BARO,57043.645,88995.66,31.87
$IMU,57043.650,1.098,-4.699,-2.014,-0.02685,0.20654,1.00390,31.97
$MAG,57043.707,-0.592,-0.306,-0.994,30.3
$IMU,57043.725,-1.464,-2.929,2.502,-0.02929,0.15917,1.01025,31.95
$BARO,57043.747,88995.66,31.87
$IMU,57043.801,5.615,-3.723,2.136,-0.01855,0.20263,0.99560,31.96
$MAG,57043.808,-0.595,-0.318,-0.997,30.3
$BARO,57043.848,88995.27,31.87
$IMU,57043.876,7.873,-4.699,-1.220,-0.01464,0.22900,0.99560,31.96
$MAG,57043.909,-0.603,-0.316,-0.993,30.7
$BARO,57043.949,88993.19,31.87
$IMU,57043.951,6.774,-2.075,0.427,0.03515,0.21240,1.00292,31.99
$MAG,57044.010,-0.603,-0.330,-1.006,30.5
$VBAT,57044.023,3.827
$IMU,57044.026,10.864,5.004,6.103,0.03320,0.26123,0.98486,31.97
$BARO,57044.051,88995.61,31.87
$TIME,57044.078,30126.000,2365
$IMU,57044.101,12.451,8.117,5.187,-0.02978,0.27734,0.97265,32.00
$MAG,57044.110,-0.589,-0.333,-0.997,30.3
$BARO,57044.152,88985.25,31.87
$IMU,57044.176,12.207,2.563,-5.249,-0.03076,0.31982,0.95947,31.95
$MAG,57044.211,-0.586,-0.346,-1.008,30.5
$IMU,57044.251,11.474,0.976,-4.028,-0.01660,0.32861,0.93603,31.99
$BARO,57044.254,88997.00,31.88
$MAG,57044.312,-0.592,-0.357,-1.018,30.5
$IMU,57044.326,10.375,2.807,-3.906,-0.06347,0.39794,0.91455,31.99
$BARO,57044.355,88995.58,31.88
$IMU,57044.401,1.342,-1.708,-6.896,-0.07958,0.37060,0.94677,31.96
$MAG,57044.413,-0.589,-0.355,-1.005,30.5
$BARO,57044.456,88996.51,31.89
$IMU,57044.476,1.708,-6.896,-6.347,-0.02929,0.39892,0.90820,32.01
$MAG,57044.514,-0.585,-0.351,-0.994,30.7
$IMU,57044.551,-4.821,-2.563,-5.004,-0.05419,0.36523,0.92578,32.00
$BARO,57044.558,89001.41,31.88
$HUM,57044.573,30.2,32.3
$MAG,57044.615,-0.600,-0.354,-0.996,30.3
$IMU,57044.626,-12.451,-1.831,-1.403,-0.05908,0.30712,0.97949,31.98
$BARO,57044.659,88997.70,31.89
$IMU,57044.702,-10.009,-4.882,-0.061,-0.06201,0.29736,0.98144,32.01
$MAG,57044.716,-0.601,-0.355,-1.005,30.6
$BARO,57044.761,88995.29,31.89
$IMU,57044.777,-6.286,-12.451,-5.676,-0.02832,0.30664,0.96972,31.99
$MAG,57044.816,-0.622,-0.354,-0.988,30.5
$IMU,57044.852,-3.906,-16.601,-13.183,0.02001,0.33837,0.94726,32.01
$BARO,57044.862,89002.97,31.89
$MAG,57044.917,-0.633,-0.357,-0.975,30.3
$IMU,57044.927,-6.713,-15.014,-18.188,0.01953,0.31689,0.94433,31.99
$BARO,57044.964,88999.73,31.89
$IMU,57045.002,-12.878,-15.502,-17.944,0.04052,0.25292,0.98681,32.00
$MAG,57045.018,-0.645,-0.361,-0.966,30.3
$VBAT,57045.024,3.813
$BARO,57045.065,88994.22,31.90
$IMU,57045.077,-11.718,-14.526,-19.836,0.04199,0.23828,1.00000,31.96
$TIME,57045.078,30127.000,2365
$MAG,57045.119,-0.652,-0.373,-0.952,30.5
$IMU,57045.152,-9.582,-15.502,-22.888,0.01660,0.22119,0.98144,32.00
$BARO,57045.166,88989.95,31.90
$MAG,57045.220,-0.666,-0.385,-0.937,30.5
$IMU,57045.227,-9.094,-19.958,-25.268,0.08007,0.21582,0.97460,32.01
$BARO,57045.268,89008.57,31.90
$IMU,57045.302,-9.216,-18.859,-22.399,0.09814,0.21972,0.99169,32.01
$MAG,57045.321,-0.693,-0.378,-0.922,30.7
$BARO,57045.369,88998.19,31.91
$IMU,57045.377,-9.521,-16.418,-17.028,0.12792,0.21484,0.97412,31.98
$MAG,57045.422,-0.697,-0.393,-0.909,30.6
$IMU,57045.452,-9.948,-13.854,-10.192,0.16064,0.19873,0.97753,32.00
$BARO,57045.471,88988.49,31.90
$MAG,57045.523,-0.691,-0.397,-0.909,30.5
$IMU,57045.527,-11.962,-10.498,-8.544,0.14453,0.17138,0.98193,32.01
$BARO,57045.572,89001.26,31.90
$HUM,57045.590,30.2,32.3
$IMU,57045.602,-11.474,-10.681,-8.605,0.19580,0.16210,1.00195,31.99
$MAG,57045.623,-0.705,-0.394,-0.900,30.5
$BARO,57045.674,88993.73,31.91
$IMU,57045.677,-9.826,-6.103,-8.300,0.16064,0.15722,0.99462,32.03
$MAG,57045.724,-0.712,-0.405,-0.886,30.5
$IMU,57045.753,-6.774,-7.629,-13.305,0.18310,0.19482,0.96191,32.02
$BARO,57045.775,88998.56,31.91
$MAG,57045.825,-0.715,-0.402,-0.880,30.5
$IMU,57045.828,-11.657,-8.300,-10.864,0.23437,0.19677,0.96191,32.02
$BARO,57045.876,88997.58,31.91
$IMU,57045.903,-19.775,-1.037,-6.774,0.21289,0.11962,0.97216,32.01
$MAG,57045.926,-0.721,-0.390,-0.888,30.8
$BARO,57045.978,88990.00,31.92
$IMU,57045.978,-21.728,3.723,-5.249,0.17871,0.05371,0.99072,32.05
$VBAT,57046.024,3.823
$MAG,57046.027,-0.708,-0.378,-0.883,30.3
$IMU,57046.053,-19.042,3.234,-4.150,0.15917,0.03466,1.00048,32.03
$TIME,57046.078,30129.000,2365
$BARO,57046.079,88994.66,31.92
$MAG,57046.128,-0.712,-0.370,-0.891,30.6
$IMU,57046.128,-17.333,4.333,0.366,0.15136,-0.00732,0.98388,32.03
$BARO,57046.181,89004.99,31.92
$IMU,57046.203,-16.540,4.943,5.187,0.13671,-0.01171,0.99511,32.03
$MAG,57046.229,-0.705,-0.357,-0.906,30.7
$IMU,57046.278,-17.883,3.173,7.019,0.12695,-0.06640,1.00146,32.00
$BARO,57046.282,89002.94,31.92
$MAG,57046.329,-0.703,-0.336,-0.900,30.5
$IMU,57046.353,-15.197,0.549,7.263,0.14843,-0.07763,1.01318,32.03
$BARO,57046.383,89000.09,31.92
$IMU,57046.428,-14.221,1.342,6.408,0.13183,-0.12304,1.02246,32.02
$MAG,57046.430,-0.697,-0.331,-0.895,30.3
$BARO,57046.485,89001.90,31.93
$IMU,57046.503,-10.559,-0.610,4.028,0.11767,-0.15380,1.01123,31.99
$MAG,57046.531,-0.699,-0.324,-0.891,30.5
$IMU,57046.578,-5.859,-4.699,1.647,0.14746,-0.14306,1.01416,31.98
$BARO,57046.586,88989.76,31.92
$HUM,57046.606,30.0,32.4
$MAG,57046.632,-0.699,-0.318,-0.886,30.6
$IMU,57046.653,-2.929,-4.882,1.586,0.16113,-0.14794,1.01513,32.03
$BARO,57046.688,88999.02,31.93
$IMU,57046.729,1.464,-2.380,3.967,0.14794,-0.11132,0.99414,32.05
$MAG,57046.733,-0.708,-0.324,-0.891,30.6
$BARO,57046.789,88997.02,31.93
$IMU,57046.804,-0.122,-2.075,5.981,0.16894,-0.12158,0.98730,32.05
$MAG,57046.834,-0.694,-0.315,-0.888,30.5
$IMU,57046.879,-0.183,0.366,8.544,0.16503,-0.08642,0.98535,32.01
$BARO,57046.890,88993.29,31.94
$MAG,57046.935,-0.702,-0.300,-0.883,30.5
$IMU,57046.954,-2.441,0.061,10.009,0.17773,-0.10693,0.98437,32.04
$BARO,57046.992,88994.36,31.93
$VBAT,57047.025,3.824
$IMU,57047.029,-4.028,1.770,2.990,0.14599,-0.14599,0.99121,32.05
$MAG,57047.036,-0.702,-0.300,-0.895,30.5
$BARO,57047.093,88997.00,31.94
$IMU,57047.104,-4.943,3.234,2.258,0.09472,-0.19726,1.00683,32.07
$MAG,57047.136,-0.694,-0.295,-0.895,30.5
$IMU,57047.179,-0.061,-0.183,8.178,0.11914,-0.17089,1.00976,32.08
$BARO,57047.195,88994.51,31.94
$MAG,57047.237,-0.693,-0.288,-0.886,30.6
$IMU,57047.254,4.333,-0.793,13.854,0.14208,-0.13427,0.99072,32.06
$BARO,57047.296,88999.92,31.95
$IMU,57047.329,3.112,-0.549,13.122,0.12548,-0.14599,0.98095,32.02
$MAG,57047.338,-0.691,-0.282,-0.894,30.6
$BARO,57047.398,88998.09,31.95
$IMU,57047.404,2.258,-3.234,9.887,0.14550,-0.14746,0.99462,32.03
$MAG,57047.439,-0.688,-0.270,-0.903,30.6
$IMU,57047.479,2.441,-2.746,11.962,0.14501,-0.15136,1.00146,32.03
$BARO,57047.499,89011.47,31.95
$MAG,57047.540,-0.693,-0.267,-0.892,30.6
$IMU,57047.554,4.333,-2.990,12.817,0.13720,-0.12060,0.98779,32.05
$BARO,57047.600,88998.90,31.95
$HUM,57047.623,30.1,32.3
$IMU,57047.629,2.685,-4.150,8.056,0.16308,-0.13037,0.98925,32.04
$MAG,57047.641,-0.685,-0.259,-0.883,30.8
$BARO,57047.702,88994.66,31.95
$IMU,57047.705,1.953,-3.723,8.850,0.17431,-0.12207,0.99072,32.06
$MAG,57047.742,-0.691,-0.253,-0.883,30.5
$IMU,57047.780,3.356,-4.394,6.164,0.19091,-0.07226,0.97558,32.09
$BARO,57047.803,89002.72,31.95
$MAG,57047.843,-0.682,-0.259,-0.894,30.6
$IMU,57047.855,-1.403,-2.380,0.976,0.17626,-0.10937,0.97558,32.08
$BARO,57047.905,88998.29,31.95
$IMU,57047.930,-4.455,-0.122,-2.929,0.12597,-0.14013,0.99853,32.01
$MAG,57047.943,-0.691,-0.253,-0.877,30.3
$IMU,57048.005,-2.502,-0.976,2.075,0.14355,-0.16699,0.99707,32.09
$BARO,57048.006,89002.92,31.96
$VBAT,57048.025,3.816
$MAG,57048.044,-0.691,-0.243,-0.877,31.0
$TIME,57048.078,30129.000,2365
$IMU,57048.080,1.159,-0.976,8.300,0.15283,-0.15136,0.98681,32.09
$BARO,57048.108,89009.16,31.96
$MAG,57048.145,-0.688,-0.247,-0.891,30.7
$IMU,57048.155,2.685,-2.929,6.774,0.18554,-0.11523,0.97851,32.09
$BARO,57048.209,89004.06,31.96
$IMU,57048.230,-0.671,-0.549,4.028,0.17968,-0.12451,0.99072,32.05
$MAG,57048.246,-0.682,-0.241,-0.891,30.5
$IMU,57048.305,-1.708,2.685,5.065,0.14013,-0.14013,0.99560,32.08
$BARO,57048.311,88997.97,31.96
$MAG,57048.347,-0.670,-0.234,-0.882,30.6
$IMU,57048.380,-0.488,-0.366,1.647,0.16259,-0.14453,0.99316,32.09
$BARO,57048.412,89001.58,31.97
$MAG,57048.448,-0.679,-0.237,-0.885,30.6
$IMU,57048.455,0.061,-0.305,-0.488,0.14453,-0.13574,0.98779,32.03
$BARO,57048.513,88982.74,31.97
$IMU,57048.530,0.549,-0.915,0.000,0.17578,-0.11767,0.98535,32.05
$MAG,57048.549,-0.690,-0.238,-0.882,30.8
$IMU,57048.605,-0.671,1.770,0.610,0.15429,-0.11181,0.99072,32.06
$BARO,57048.615,88993.92,31.96
$HUM,57048.640,30.0,32.3
$MAG,57048.650,-0.682,-0.238,-0.882,30.5
$IMU,57048.681,-2.075,2.380,-0.427,0.16113,-0.13281,0.99072,32.06
$BARO,57048.716,89003.80,31.97
$MAG,57048.750,-0.679,-0.240,-0.888,30.6
$IMU,57048.756,-1.159,3.295,-0.732,0.13769,-0.13427,0.99658,32.08
$BARO,57048.818,88995.68,31.97
$IMU,57048.831,-0.610,2.502,0.061,0.13916,-0.11474,0.98632,32.08
$MAG,57048.851,-0.675,-0.232,-0.883,30.5
$IMU,57048.906,-2.624,2.624,-2.014,0.14648,-0.13232,0.99414,32.06
$BARO,57048.919,89002.36,31.98
$MAG,57048.952,-0.670,-0.234,-0.885,30.6
$IMU,57048.981,-4.150,5.554,-0.915,0.12011,-0.14794,1.00195,32.09
$BARO,57049.021,88997.09,31.98
$VBAT,57049.025,3.819
$MAG,57049.053,-0.666,-0.228,-0.897,30.7
$IMU,57049.056,-2.990,8.361,1.098,0.09863,-0.14208,0.99169,32.09
$TIME,57049.078,30131.000,2365
$BARO,57049.122,89002.36,31.98
$IMU,57049.131,-4.272,10.986,6.103,0.06152,-0.18115,0.99414,32.08
$MAG,57049.154,-0.658,-0.223,-0.915,30.7
$IMU,57049.206,-2.746,10.375,11.108,0.04833,-0.18408,0.99902,32.07
$BARO,57049.223,89002.09,31.98
$MAG,57049.255,-0.658,-0.216,-0.918,30.6
$IMU,57049.281,-1.098,8.361,15.502,0.04736,-0.17822,1.00927,32.10
$BARO,57049.325,89002.72,31.98
$MAG,57049.356,-0.639,-0.208,-0.922,31.0
$IMU,57049.356,-0.061,6.591,16.174,-0.00292,-0.18847,0.99707,32.05
$BARO,57049.426,89009.13,31.99
$IMU,57049.431,3.051,0.549,13.183,0.01904,-0.15087,0.98925,32.10
$MAG,57049.457,-0.633,-0.196,-0.927,30.7
$IMU,57049.506,0.854,-2.319,12.512,0.04052,-0.15429,0.99169,32.05
$BARO,57049.528,89000.43,31.99
$MAG,57049.557,-0.631,-0.193,-0.916,30.7
$IMU,57049.581,-0.305,-2.441,10.192,0.02050,-0.16308,0.98876,32.08
$BARO,57049.629,88999.24,31.98
$HUM,57049.656,30.1,32.4
$IMU,57049.657,-0.244,-3.845,9.643,0.04296,-0.14794,0.99658,32.09
$MAG,57049.658,-0.625,-0.180,-0.921,30.8
$BARO,57049.731,89000.02,31.99
$IMU,57049.732,-1.464,-3.051,11.535,0.04296,-0.16992,0.99658,32.09
$MAG,57049.759,-0.624,-0.171,-0.921,30.7
$IMU,57049.807,-2.258,-3.784,7.385,0.04931,-0.20263,0.99169,32.12
$BARO,57049.832,89003.26,31.99
$MAG,57049.860,-0.621,-0.171,-0.919,30.8
$IMU,57049.882,-0.061,-3.234,5.676,0.04443,-0.20361,1.00683,32.13
$BARO,57049.933,88990.83,32.00
$IMU,57049.957,2.563,0.061,4.943,0.02539,-0.19775,0.98583,32.08
$MAG,57049.961,-0.618,-0.168,-0.909,31.0
$VBAT,57050.026,3.835
$IMU,57050.032,2.990,2.197,8.361,-0.03320,-0.17724,0.99365,32.14
$BARO,57050.035,88998.92,32.00
$MAG,57050.062,-0.615,-0.168,-0.919,30.6
$TIME,57050.078,30132.000,2365
$IMU,57050.107,1.037,-1.708,4.577,-0.02392,-0.19140,1.02343,32.08
$BARO,57050.136,89000.75,32.00
$MAG,57050.163,-0.618,-0.163,-0.916,30.7
$IMU,57050.182,4.577,-4.333,1.647,-0.02294,-0.16503,1.01806,32.16
$BARO,57050.238,88999.95,32.00
$IMU,57050.257,9.643,-5.981,3.906,-0.00976,-0.13427,1.00537,32.11
$MAG,57050.264,-0.624,-0.168,-0.913,30.5
$IMU,57050.332,10.681,-6.164,4.699,-0.02685,-0.08447,0.99023,32.10
$BARO,57050.339,88994.02,32.00
$MAG,57050.364,-0.621,-0.168,-0.912,30.6
$IMU,57050.407,10.070,-11.291,3.967,0.01513,-0.04394,0.95068,32.13
$BARO,57050.440,88995.44,32.01
$MAG,57050.465,-0.634,-0.169,-0.906,30.7
$IMU,57050.482,3.051,-17.578,3.295,0.06445,-0.02880,0.92773,32.06
$BARO,57050.542,88999.29,32.01
$IMU,57050.557,-7.873,-19.836,5.493,0.15332,-0.02880,0.93359,32.16
$MAG,57050.566,-0.639,-0.166,-0.895,30.6
$IMU,57050.633,-20.202,-16.174,11.962,0.19873,-0.13671,0.93554,32.14
$BARO,57050.643,88987.54,32.00
$MAG,57050.667,-0.628,-0.139,-0.867,30.5
$HUM,57050.673,30.0,32.4
$IMU,57050.708,-23.620,-12.145,10.131,0.22412,-0.19726,0.95605,32.08
$BARO,57050.745,89002.50,32.01
$MAG,57050.768,-0.646,-0.133,-0.846,30.8
$IMU,57050.783,-24.230,-11.596,5.004,0.22851,-0.28955,0.97070,32.13
$BARO,57050.846,89001.48,32.01
$IMU,57050.858,-18.737,-15.258,-5.004,0.25585,-0.33056,0.97509,32.15
$MAG,57050.869,-0.648,-0.126,-0.823,30.8
$IMU,57050.933,-11.230,-16.540,-6.896,0.31738,-0.32666,0.97705,32.12
$BARO,57050.947,88989.12,32.01
$MAG,57050.970,-0.661,-0.124,-0.810,30.8
$IMU,57051.008,-5.432,-13.366,-5.004,0.31835,-0.28808,0.97900,32.13
$VBAT,57051.027,3.818
$BARO,57051.049,89006.31,32.01
$MAG,57051.070,-0.663,-0.135,-0.811,30.5
$TIME,57051.078,30134.000,2365
$IMU,57051.083,-2.868,-12.390,-5.310,0.35058,-0.31445,0.96386,32.13
$BARO,57051.150,89002.65,32.01
$IMU,57051.158,4.455,-10.314,-6.530,0.37255,-0.26074,0.94482,32.07
$MAG,57051.171,-0.672,-0.130,-0.804,30.6
$IMU,57051.233,5.920,-5.920,-6.896,0.30908,-0.25097,0.89355,32.11
$BARO,57051.252,88986.86,32.01
$MAG,57051.272,-0.685,-0.147,-0.799,30.8
$IMU,57051.308,6.164,-7.446,-7.141,0.31250,-0.22314,0.90380,32.13
$BARO,57051.353,89000.97,32.02
$MAG,57051.373,-0.688,-0.138,-0.790,30.8
$IMU,57051.383,-2.319,-9.765,0.122,0.38769,-0.30224,0.95507,32.08
$BARO,57051.454,88995.31,32.02
$IMU,57051.458,3.112,-6.103,-2.990,0.36132,-0.25000,0.94580,32.15
$MAG,57051.474,-0.685,-0.148,-0.792,31.0
$IMU,57051.533,11.047,-7.995,-7.629,0.36621,-0.15429,0.90722,32.13
$BARO,57051.556,89001.41,32.02
$MAG,57051.575,-0.700,-0.154,-0.784,30.8
$IMU,57051.609,7.690,-7.629,-4.943,0.38769,-0.17285,0.89599,32.11
$BARO,57051.657,89007.26,32.03
$MAG,57051.676,-0.699,-0.162,-0.787,30.6
$IMU,57051.684,6.164,-1.892,-2.197,0.36474,-0.10839,0.90136,32.13
$HUM,57051.690,29.8,32.4
$BARO,57051.759,88997.51,32.03
$IMU,57051.759,1.464,1.647,-1.647,0.36035,-0.10400,0.91552,32.16
$MAG,57051.777,-0.691,-0.162,-0.795,30.7
$IMU,57051.834,-6.835,0.122,0.183,0.38378,-0.18652,0.92041,32.13
$BARO,57051.860,89000.31,32.03
$MAG,57051.877,-0.702,-0.159,-0.781,31.0
$IMU,57051.909,-5.187,0.976,-0.061,0.35253,-0.15722,0.93554,32.12
$BARO,57051.961,89004.58,32.03
$MAG,57051.978,-0.697,-0.156,-0.786,30.5
$IMU,57051.984,-6.347,-0.427,-3.784,0.34228,-0.20654,0.91308,32.15
$VBAT,57052.027,3.824
$IMU,57052.059,-6.225,-2.624,-1.586,0.36523,-0.22558,0.92919,32.14
$BARO,57052.063,89008.84,32.03
$MAG,57052.079,-0.693,-0.156,-0.784,30.8
$IMU,57052.134,-5.981,-0.366,1.220,0.39160,-0.25097,0.93261,32.14
$BARO,57052.164,89004.33,32.04
$MAG,57052.180,-0.696,-0.157,-0.784,30.8
$IMU,57052.209,-2.563,2.929,3.967,0.36083,-0.25537,0.92968,32.14
$BARO,57052.266,88995.22,32.03
$MAG,57052.281,-0.691,-0.142,-0.789,31.0
$IMU,57052.284,0.671,2.746,2.990,0.34667,-0.23339,0.92382,32.16
$IMU,57052.359,-0.732,1.037,3.723,0.34228,-0.24755,0.91357,32.13
$BARO,57052.367,89008.35,32.04
$MAG,57052.382,-0.696,-0.144,-0.786,30.3
$IMU,57052.434,0.061,0.854,3.234,0.35400,-0.23193,0.92333,32.16
$BARO,57052.468,88994.36,32.04
$MAG,57052.483,-0.688,-0.142,-0.783,30.7
$IMU,57052.509,-0.976,0.732,3.662,0.34814,-0.24267,0.93017,32.14
$BARO,57052.570,88993.14,32.04
$MAG,57052.584,-0.681,-0.138,-0.786,30.6
$IMU,57052.585,0.183,-1.220,4.699,0.41845,-0.28173,0.91552,32.12
$IMU,57052.660,0.000,4.028,3.784,0.38720,-0.27050,0.94384,32.13
$BARO,57052.671,89007.14,32.04
$MAG,57052.685,-0.684,-0.144,-0.792,30.8
$HUM,57052.706,30.0,32.4
$IMU,57052.735,0.976,7.934,-1.098,0.34765,-0.27343,0.93847,32.11
$BARO,57052.773,88996.36,32.05
$MAG,57052.785,-0.678,-0.139,-0.802,30.8
$IMU,57052.810,5.065,7.629,1.525,0.32373,-0.25341,0.91650,32.16
$BARO,57052.874,89006.72,32.04
$IMU,57052.885,5.126,7.446,-0.854,0.28222,-0.23974,0.91064,32.12
$MAG,57052.886,-0.684,-0.150,-0.813,31.0
$IMU,57052.960,4.882,5.798,-0.671,0.28857,-0.20605,0.90576,32.18
$BARO,57052.975,89001.58,32.05
$MAG,57052.987,-0.673,-0.142,-0.816,30.7
$VBAT,57053.028,3.823
$IMU,57053.035,1.708,7.934,5.981,0.25927,-0.21582,0.93212,32.12
$BARO,57053.077,89001.75,32.05
$TIME,57053.078,30135.000,2365
$MAG,57053.088,-0.675,-0.145,-0.825,31.0
$IMU,57053.110,-2.502,4.821,-1.831,0.22119,-0.26904,0.98339,32.17
$BARO,57053.178,88994.70,32.05
$IMU,57053.185,3.845,-0.183,-9.460,0.29101,-0.24023,0.96728,32.15
$MAG,57053.189,-0.678,-0.147,-0.823,31.0
$IMU,57053.260,6.713,12.512,2.441,0.29052,-0.21386,0.93847,32.15
$BARO,57053.280,88994.70,32.05
$MAG,57053.290,-0.661,-0.150,-0.852,30.8
$IMU,57053.335,7.568,23.986,13.366,0.19335,-0.15478,0.92431,32.16
$BARO,57053.381,88999.53,32.05
$MAG,57053.391,-0.642,-0.135,-0.861,30.7
$IMU,57053.410,0.732,19.897,12.329,0.15576,-0.13818,0.96289,32.15
$BARO,57053.483,89005.82,32.05
$IMU,57053.485,-4.394,13.427,8.972,0.12988,-0.22119,0.97607,32.14
$MAG,57053.492,-0.633,-0.130,-0.876,31.0
$IMU,57053.561,-1.892,6.286,3.356,0.09863,-0.22460,0.98828,32.12
$BARO,57053.584,88999.48,32.06
$MAG,57053.593,-0.630,-0.135,-0.865,31.0
$IMU,57053.636,-0.122,-2.136,-0.244,0.13330,-0.21826,0.97900,32.14
$BARO,57053.685,89003.38,32.06
$MAG,57053.693,-0.634,-0.132,-0.859,30.8
$IMU,57053.711,2.929,-3.845,-0.244,0.17382,-0.15380,0.97851,32.17
$HUM,57053.723,29.9,32.5
$IMU,57053.786,-6.591,-2.990,-1.953,0.13085,-0.30175,1.01757,32.16
$BARO,57053.787,89007.60,32.06
$MAG,57053.794,-0.639,-0.130,-0.852,31.0
$IMU,57053.861,7.690,-3.540,-1.159,0.21826,-0.18164,0.94140,32.20
$BARO,57053.888,88996.00,32.06
$MAG,57053.895,-0.621,-0.136,-0.865,31.0
$IMU,57053.936,8.178,1.098,6.958,0.11621,-0.06542,0.93701,32.18
$BARO,57053.990,89008.57,32.06
$MAG,57053.996,-0.640,-0.129,-0.858,30.8
$IMU,57054.011,-14.953,-4.821,-12.451,0.16259,-0.35156,1.03076,32.14
$VBAT,57054.029,3.827
$TIME,57054.078,30136.000,2365
$IMU,57054.086,0.488,-0.549,2.868,0.24658,-0.21582,0.98583,32.17
$BARO,57054.091,88993.19,32.06
$MAG,57054.097,-0.621,-0.123,-0.861,30.8
$IMU,57054.161,7.019,16.723,19.714,0.14013,-0.14697,0.95556,32.16
$BARO,57054.193,88999.65,32.07
$MAG,57054.198,-0.621,-0.124,-0.873,31.0
$IMU,57054.236,-1.403,11.596,8.300,0.08349,-0.22900,0.97656,32.15
$BARO,57054.294,89005.48,32.07
$MAG,57054.299,-0.616,-0.115,-0.882,30.7
$IMU,57054.311,-2.136,3.723,0.549,0.13330,-0.25830,0.98632,32.14
$IMU,57054.386,3.784,5.920,6.408,0.09130,-0.19921,0.98339,32.17
$BARO,57054.395,88998.58,32.07
$MAG,57054.400,-0.603,-0.112,-0.888,31.0
$IMU,57054.462,2.380,1.953,0.976,0.08740,-0.21191,0.99267,32.16
$BARO,57054.497,88995.48,32.08
$MAG,57054.501,-0.597,-0.115,-0.886,31.0
$IMU,57054.537,4.577,-1.647,-3.601,0.09619,-0.19775,0.98046,32.18
$BARO,57054.598,89003.46,32.07
$MAG,57054.601,-0.609,-0.127,-0.886,30.8
$IMU,57054.612,5.249,-3.234,-5.981,0.07519,-0.19042,0.98193,32.17
$IMU,57054.687,6.530,-7.446,-10.681,0.09912,-0.16406,0.96728,32.17
$BARO,57054.700,89009.67,32.08
$MAG,57054.702,-0.622,-0.133,-0.888,30.7
$HUM,57054.739,30.0,32.5
$IMU,57054.762,3.967,-8.605,-6.408,0.12109,-0.19189,0.98583,32.19
$BARO,57054.801,88999.56,32.08
$MAG,57054.803,-0.628,-0.139,-0.885,31.0
$IMU,57054.837,3.234,-8.361,-3.906,0.14746,-0.20751,1.00292,32.19
$BARO,57054.903,89001.36,32.08
$MAG,57054.904,-0.630,-0.139,-0.880,30.7
$IMU,57054.912,7.385,-7.873,-1.220,0.16162,-0.18457,1.00000,32.21
$IMU,57054.987,10.864,-7.629,-0.244,0.17773,-0.13427,0.97607,32.19
$BARO,57055.004,89007.16,32.09
$MAG,57055.005,-0.642,-0.151,-0.886,30.8
$VBAT,57055.029,3.823
$IMU,57055.062,8.911,-7.934,-1.281,0.18359,-0.13232,0.97802,32.19
$TIME,57055.078,30137.000,2365
$BARO,57055.105,89000.51,32.08
$MAG,57055.106,-0.646,-0.157,-0.877,31.0
$IMU,57055.137,8.544,-8.178,-3.540,0.17919,-0.10888,0.97070,32.17
$BARO,57055.207,88999.46,32.09
$MAG,57055.207,-0.649,-0.163,-0.868,30.7
$IMU,57055.212,6.652,-9.765,-5.798,0.19580,-0.07226,0.98193,32.19
$IMU,57055.287,6.958,-13.122,-3.662,0.22314,-0.03564,0.95507,32.21
$BARO,57055.308,88999.46,32.09
$MAG,57055.308,-0.655,-0.172,-0.864,31.0
$IMU,57055.362,1.586,-14.221,-7.202,0.25000,-0.03564,0.94824,32.22
$MAG,57055.408,-0.670,-0.169,-0.864,30.7
$BARO,57055.410,88999.26,32.09
$IMU,57055.438,-2.258,-12.878,-2.990,0.26464,-0.04785,0.94238,32.15
$MAG,57055.509,-0.669,-0.166,-0.835,31.0
$BARO,57055.511,89002.07,32.10
$IMU,57055.513,-5.737,-13.671,-1.953,0.29003,-0.06933,0.93798,32.18
$IMU,57055.588,-8.728,-15.930,0.610,0.32666,-0.11621,0.92578,32.20
$MAG,57055.610,-0.685,-0.166,-0.831,30.8
$BARO,57055.613,89009.72,32.10
$IMU,57055.663,-6.652,-18.005,4.333,0.32421,-0.07421,0.90625,32.22
$MAG,57055.711,-0.705,-0.160,-0.805,30.7
$BARO,57055.714,88999.21,32.10
$IMU,57055.738,-9.033,-26.000,2.990,0.39355,-0.06738,0.91455,32.22
$HUM,57055.756,29.9,32.5
$MAG,57055.812,-0.699,-0.156,-0.768,30.8
$IMU,57055.813,-11.230,-33.081,-0.610,0.51025,-0.10498,0.90576,32.23
$BARO,57055.815,89004.04,32.10
$IMU,57055.888,-7.995,-35.217,-3.234,0.62011,-0.13232,0.90771,32.20
$MAG,57055.913,-0.718,-0.162,-0.745,30.8
$BARO,57055.917,89007.28,32.10
$IMU,57055.963,-12.756,-12.390,4.394,0.69628,-0.23730,0.90625,32.23
$MAG,57056.014,-0.703,-0.144,-0.759,31.0
$BARO,57056.018,89000.97,32.11
$VBAT,57056.030,3.821
$IMU,57056.038,-3.295,14.892,-4.516,0.41406,-0.13525,0.89208,32.21
$TIME,57056.078,30138.000,2365
$IMU,57056.113,-8.544,15.991,-22.644,0.38281,-0.14160,0.90966,32.19
$MAG,57056.115,-0.709,-0.171,-0.769,31.0
$BARO,57056.120,89001.38,32.10
$IMU,57056.188,-8.300,14.953,-0.549,0.40332,-0.20019,0.88330,32.22
$MAG,57056.216,-0.699,-0.151,-0.777,30.7
$BARO,57056.221,88997.29,32.11
$IMU,57056.263,-0.305,21.179,29.602,0.40771,-0.20849,0.88525,32.21
$MAG,57056.317,-0.652,-0.111,-0.799,30.6
$BARO,57056.322,88998.75,32.11
$IMU,57056.338,0.915,20.141,43.029,0.41796,-0.23974,0.92968,32.21
$IMU,57056.414,4.760,14.404,30.700,0.44287,-0.28613,0.98535,32.23
$MAG,57056.417,-0.649,-0.106,-0.813,31.0
$BARO,57056.424,89002.94,32.11
$IMU,57056.489,16.845,13.732,11.047,0.40087,-0.29101,1.00781,32.21
$MAG,57056.518,-0.642,-0.112,-0.847,31.0
$BARO,57056.525,89006.84,32.11
$IMU,57056.564,30.578,14.709,-4.699,0.33935,-0.18750,1.00341,32.23
$MAG,57056.619,-0.648,-0.133,-0.858,31.0
$BARO,57056.627,89000.43,32.12
$IMU,57056.639,33.752,12.695,-9.765,0.36816,-0.10009,0.97607,32.22
$IMU,57056.714,32.775,18.066,-11.352,0.41503,-0.09765,0.94531,32.22
$MAG,57056.720,-0.622,-0.162,-0.892,30.8
$BARO,57056.728,88989.98,32.11
$HUM,57056.772,30.2,32.5
$IMU,57056.789,33.996,34.973,-13.854,0.29589,-0.02832,0.94677,32.25
$MAG,57056.821,-0.613,-0.186,-0.936,31.0
$BARO,57056.830,88995.41,32.12
$IMU,57056.864,32.653,45.837,-12.817,0.24755,0.01953,0.94970,32.25
$MAG,57056.922,-0.579,-0.222,-0.984,30.8
$BARO,57056.931,88999.21,32.12
$IMU,57056.939,32.470,55.358,-21.484,0.04541,0.07031,0.87158,32.27
$IMU,57057.014,32.165,58.776,-35.339,-0.19970,0.23242,0.81835,32.27
$MAG,57057.023,-0.544,-0.259,-1.029,31.0
$VBAT,57057.031,3.831
$BARO,57057.032,88997.41,32.12
$TIME,57057.078,30139.000,2365
$IMU,57057.089,11.169,53.466,-24.230,-0.25146,0.22460,0.77636,32.22
$MAG,57057.124,-0.505,-0.253,-1.038,30.8
$BARO,57057.134,88996.12,32.13
$IMU,57057.164,-17.211,48.950,4.821,-0.27294,0.16894,0.88671,32.21
$MAG,57057.225,-0.451,-0.234,-1.062,30.5
$BARO,57057.235,89004.26,32.12
$IMU,57057.239,-29.602,50.720,-5.859,-0.31201,-0.04296,0.97314,32.22
$IMU,57057.314,-4.089,55.908,-30.700,-0.45605,-0.03076,0.94238,32.29
$MAG,57057.326,-0.427,-0.253,-1.071,31.1
$BARO,57057.337,88989.00,32.13
$IMU,57057.390,10.559,48.461,-44.311,-0.62695,-0.02294,0.85644,32.23
$MAG,57057.426,-0.397,-0.271,-1.087,31.0
$BARO,57057.438,88994.29,32.13
$IMU,57057.465,13.671,30.822,-41.015,-0.54101,0.04003,0.80419,32.25
$MAG,57057.527,-0.384,-0.271,-1.092,31.0
$BARO,57057.540,89003.82,32.13
$IMU,57057.540,0.610,25.695,-26.489,-0.52246,-0.00537,0.77148,32.26
$IMU,57057.615,-9.826,26.672,-27.465,-0.51220,-0.06054,0.78369,32.25
$MAG,57057.628,-0.358,-0.273,-1.090,31.0
$BARO,57057.641,89008.48,32.13
$IMU,57057.690,-11.169,41.564,-26.672,-0.66845,-0.12207,0.78662,32.25
$MAG,57057.729,-0.313,-0.270,-1.104,30.8
$BARO,57057.742,88997.90,32.13
$IMU,57057.765,-4.394,45.532,-25.146,-0.99462,-0.12451,0.75683,32.25
$HUM,57057.789,30.3,32.6
$MAG,57057.830,-0.313,-0.262,-1.105,31.0
$IMU,57057.840,-1.342,14.770,-17.211,-1.12109,-0.06689,0.70068,32.27
$BARO,57057.844,89001.94,32.14
$IMU,57057.915,-17.517,-30.639,10.009,-0.90966,-0.10546,0.66796,32.23
$MAG,57057.931,-0.346,-0.237,-1.083,31.0
$BARO,57057.945,88998.51,32.14
$IMU,57057.990,-35.461,-57.922,35.583,-0.72656,-0.02343,0.68310,32.26
$VBAT,57058.031,3.831
$MAG,57058.032,-0.406,-0.195,-1.060,31.0
$BARO,57058.047,88998.26,32.14
$IMU,57058.065,-56.152,-73.425,32.775,-0.56396,-0.26318,0.82080,32.28
$TIME,57058.078,30140.000,2365
$MAG,57058.133,-0.436,-0.139,-1.011,31.0
$IMU,57058.140,-50.659,-67.687,43.579,-0.42675,-0.37451,0.86181,32.28
$BARO,57058.148,88997.02,32.14
$IMU,57058.215,-31.982,-46.569,48.767,-0.42480,-0.31445,0.87451,32.28
$MAG,57058.234,-0.454,-0.117,-0.985,31.0
$BARO,57058.250,88998.02,32.14
$IMU,57058.290,-12.451,-53.283,16.235,-0.32080,-0.22949,0.90429,32.26
$MAG,57058.334,-0.505,-0.108,-0.964,30.8
$BARO,57058.351,88996.78,32.15
$IMU,57058.366,-3.540,-62.316,-11.047,-0.22412,-0.16748,0.87255,32.31
$MAG,57058.435,-0.535,-0.121,-0.940,30.8
$IMU,57058.441,-0.549,-56.823,-10.253,-0.04785,-0.11083,0.87792,32.26
$BARO,57058.453,89001.65,32.15
$IMU,57058.516,-5.798,-38.269,11.413,0.07617,-0.15820,0.88232,32.26
$MAG,57058.536,-0.546,-0.090,-0.912,30.8
$BARO,57058.554,88994.14,32.15
$IMU,57058.591,-15.075,-18.554,17.517,0.03076,-0.18652,0.93701,32.26
$MAG,57058.637,-0.549,-0.082,-0.897,31.0
$BARO,57058.655,89003.38,32.16
$IMU,57058.666,-25.146,-15.625,13.305,0.06640,-0.34521,1.00195,32.26
$MAG,57058.738,-0.553,-0.075,-0.886,31.0
$IMU,57058.741,-11.108,-17.089,6.530,0.10156,-0.35156,1.02929,32.26
$BARO,57058.757,88996.58,32.15
$HUM,57058.806,30.1,32.6
$IMU,57058.816,9.643,-14.465,8.300,0.29394,-0.30029,0.92822,32.28
$MAG,57058.839,-0.538,-0.064,-0.901,30.8
$BARO,57058.858,89004.84,32.16
$IMU,57058.891,15.502,10.986,32.409,0.11914,-0.33203,0.84912,32.31
$MAG,57058.940,-0.495,-0.061,-0.910,31.0
$BARO,57058.960,88999.12,32.16
$IMU,57058.966,-3.784,30.090,27.587,-0.22851,-0.21484,0.94970,32.28
$VBAT,57059.032,3.821
$MAG,57059.041,-0.529,-0.058,-0.900,30.8
$IMU,57059.041,-21.484,5.432,-17.456,-0.28320,-0.26904,0.93359,32.25
$BARO,57059.061,88999.70,32.17
$TIME,57059.078,30140.000,2365
$IMU,57059.116,-28.625,-28.442,-46.264,-0.07763,-0.34960,0.94042,32.33
$MAG,57059.142,-0.585,-0.072,-0.859,31.0
$BARO,57059.162,88995.68,32.16
$IMU,57059.191,-24.536,-40.344,-63.110,0.08154,-0.50097,0.93457,32.26
$MAG,57059.243,-0.633,-0.096,-0.810,31.0
$BARO,57059.264,89000.31,32.17
$IMU,57059.266,-10.437,-41.076,-48.706,0.19287,-0.40869,0.90576,32.28
$IMU,57059.342,-13.610,-26.306,-12.634,0.26367,-0.39941,0.95605,32.33
$MAG,57059.343,-0.642,-0.088,-0.793,31.0
$BARO,57059.365,89001.90,32.17
$IMU,57059.417,-13.916,-5.798,21.545,0.29345,-0.45410,0.97070,32.33
$MAG,57059.444,-0.619,-0.076,-0.796,31.0
$BARO,57059.467,88994.78,32.17
$IMU,57059.492,1.586,16.845,31.005,0.23730,-0.55175,0.94287,32.30
$MAG,57059.545,-0.594,-0.054,-0.819,31.0
$IMU,57059.567,8.850,21.423,28.320,0.17138,-0.48095,0.92822,32.31
$BARO,57059.568,88995.83,32.17
$IMU,57059.642,10.131,16.418,5.187,0.05957,-0.33984,0.84521,32.33
$MAG,57059.646,-0.586,-0.061,-0.837,31.0
$BARO,57059.669,89001.46,32.18
$IMU,57059.717,1.525,10.742,-9.155,0.06835,-0.31982,0.87402,32.32
$MAG,57059.747,-0.580,-0.064,-0.835,31.0
$BARO,57059.771,88999.21,32.17
$IMU,57059.792,-5.676,8.666,-8.972,0.06298,-0.39501,0.89501,32.35
$HUM,57059.823,30.0,32.6
$MAG,57059.848,-0.588,-0.067,-0.847,31.0
$IMU,57059.867,-8.361,10.131,-7.141,0.08789,-0.44335,0.92089,32.31
$BARO,57059.872,89001.07,32.17
$IMU,57059.942,-1.831,8.178,-11.596,0.01367,-0.36279,0.91650,32.29
$MAG,57059.949,-0.595,-0.067,-0.838,31.0
$BARO,57059.974,89005.50,32.18
$IMU,57060.017,-10.070,2.563,-9.277,0.10937,-0.47558,0.90478,32.33
$VBAT,57060.032,3.824
$MAG,57060.050,-0.588,-0.058,-0.832,31.0
$BARO,57060.075,88999.63,32.17
$TIME,57060.078,30143.000,2365
$IMU,57060.092,-5.554,7.507,0.061,0.07470,-0.46240,0.90234,32.27
$MAG,57060.150,-0.598,-0.072,-0.847,30.8
$IMU,57060.167,-1.464,11.291,-2.746,-0.02636,-0.44433,0.87109,32.29
$BARO,57060.176,89011.91,32.19
$IMU,57060.242,-4.089,6.286,2.624,-0.06396,-0.46923,0.89990,32.29
$MAG,57060.251,-0.585,-0.063,-0.849,31.0
$BARO,57060.278,89001.77,32.19
$IMU,57060.318,-9.216,4.516,8.117,-0.08691,-0.55810,0.92480,32.32
$MAG,57060.352,-0.577,-0.061,-0.846,30.8
$BARO,57060.379,89011.72,32.19
$IMU,57060.393,-5.004,3.356,8.361,-0.08886,-0.57958,0.94726,32.34
$MAG,57060.453,-0.576,-0.064,-0.844,31.0
$IMU,57060.468,6.347,3.479,-1.708,-0.15380,-0.53808,0.92089,32.30
$BARO,57060.481,88997.68,32.19
$IMU,57060.543,12.634,-1.953,-9.399,-0.16455,-0.51220,0.89746,32.28
$MAG,57060.554,-0.583,-0.072,-0.853,31.0
$BARO,57060.582,89004.99,32.19
$IMU,57060.618,15.441,-7.446,-12.695,-0.17041,-0.49609,0.90917,32.32
$MAG,57060.655,-0.598,-0.094,-0.858,30.8
$BARO,57060.683,89003.33,32.20
$IMU,57060.693,17.456,-11.901,-16.052,-0.20996,-0.51464,0.90039,32.33
$MAG,57060.756,-0.622,-0.100,-0.855,31.0
$IMU,57060.768,22.277,-20.690,-13.000,-0.15869,-0.46337,0.89257,32.32
$BARO,57060.785,89000.85,32.20
$HUM,57060.839,30.0,32.6
$IMU,57060.843,23.254,-26.489,-4.943,-0.09277,-0.37500,0.89697,32.33
$MAG,57060.857,-0.628,-0.111,-0.855,31.0
$BARO,57060.886,89000.90,32.20
$IMU,57060.918,22.644,-30.944,9.887,0.06689,-0.31005,0.87353,32.28
$MAG,57060.958,-0.627,-0.100,-0.841,31.0
$BARO,57060.988,88998.63,32.21
$IMU,57060.993,16.723,-30.700,30.944,0.22265,-0.21533,0.88867,32.31
$VBAT,57061.032,3.827
$MAG,57061.059,-0.618,-0.078,-0.825,31.1
$IMU,57061.068,5.249,-27.282,41.320,0.34960,-0.18798,0.90625,32.35
$BARO,57061.089,88989.71,32.21
$IMU,57061.143,4.455,-20.874,35.888,0.40039,-0.18603,0.85839,32.35
$MAG,57061.159,-0.591,-0.054,-0.816,30.7
$BARO,57061.190,89000.04,32.20
$IMU,57061.218,-3.295,-16.967,27.282,0.38671,-0.19433,0.87939,32.35
$MAG,57061.260,-0.588,-0.048,-0.807,31.0
$BARO,57061.292,88999.38,32.21
$IMU,57061.294,-14.953,-14.221,12.145,0.36425,-0.29638,0.90283,32.30
$MAG,57061.361,-0.594,-0.045,-0.789,31.0
$IMU,57061.369,-15.930,-11.596,2.441,0.35888,-0.35546,0.89697,32.31
$BARO,57061.393,89001.41,32.21
$IMU,57061.444,-12.207,-9.155,-5.676,0.30126,-0.32812,0.91064,32.33
$MAG,57061.462,-0.600,-0.046,-0.765,31.0
$BARO,57061.495,89001.82,32.21
$IMU,57061.519,-17.639,-10.253,-12.817,0.30664,-0.41015,0.93750,32.34
$MAG,57061.563,-0.613,-0.042,-0.751,31.0
$IMU,57061.594,-12.939,-9.460,-5.065,0.33349,-0.47802,0.93945,32.31
$BARO,57061.596,89006.21,32.22
$MAG,57061.664,-0.615,-0.051,-0.748,31.0
$IMU,57061.669,0.244,-5.676,-1.708,0.34375,-0.39990,0.89843,32.37
$BARO,57061.698,89002.77,32.22
$IMU,57061.744,4.089,-3.112,2.136,0.33544,-0.36230,0.83886,32.38
$MAG,57061.765,-0.613,-0.043,-0.753,30.7
$BARO,57061.799,89000.73,32.22
$IMU,57061.819,-1.220,-0.976,-3.356,0.25683,-0.33886,0.84326,32.34
$HUM,57061.856,29.7,32.6
$MAG,57061.866,-0.631,-0.049,-0.748,31.0
$IMU,57061.894,-11.779,-10.009,-12.817,0.26611,-0.43115,0.87792,32.33
$BARO,57061.900,89000.34,32.22
$MAG,57061.967,-0.640,-0.051,-0.730,31.0
$IMU,57061.969,-11.962,-15.136,-6.042,0.32470,-0.55029,0.92773,32.33
$BARO,57062.002,89010.65,32.22
$IMU,57062.044,3.845,-12.084,4.455,0.38476,-0.56347,0.87646,32.35
$VBAT,57062.050,3.813
$MAG,57062.067,-0.628,-0.043,-0.721,31.0
$TIME,57062.078,30144.000,2365
$BARO,57062.103,89002.92,32.22
$IMU,57062.119,21.728,-6.103,16.174,0.42578,-0.38281,0.82421,32.33
$MAG,57062.168,-0.606,-0.036,-0.744,30.8
$IMU,57062.194,17.395,-0.122,16.967,0.40527,-0.25146,0.84033,32.32
$BARO,57062.205,88995.02,32.22
$MAG,57062.269,-0.600,-0.034,-0.750,31.0
$IMU,57062.270,8.605,1.770,16.662,0.40283,-0.36181,0.76367,32.37
$BARO,57062.306,89002.29,32.23
$IMU,57062.345,1.342,6.774,12.451,0.33007,-0.25048,0.83691,32.42
$MAG,57062.370,-0.589,-0.025,-0.753,31.0
$BARO,57062.408,89004.11,32.23
$IMU,57062.420,-14.343,4.394,-3.601,0.23095,-0.40380,0.83544,32.35
$MAG,57062.471,-0.600,-0.025,-0.738,31.0
$IMU,57062.495,-13.793,-2.319,-4.821,0.30273,-0.45751,0.85009,32.33
$BARO,57062.509,88998.80,32.23
$IMU,57062.570,-13.916,-0.366,-1.037,0.35253,-0.51464,0.88037,32.37
$MAG,57062.572,-0.591,-0.027,-0.727,31.0
$BARO,57062.610,89011.62,32.23
$IMU,57062.645,-11.718,2.258,3.540,0.30468,-0.54150,0.93115,32.38
$MAG,57062.673,-0.598,-0.022,-0.733,31.0
$BARO,57062.712,88997.63,32.23
$IMU,57062.720,-6.713,-1.770,-6.103,0.33154,-0.61767,0.93945,32.34
$MAG,57062.774,-0.600,-0.034,-0.724,31.0
$IMU,57062.795,8.789,-2.624,-7.324,0.32861,-0.50097,0.90820,32.36
$BARO,57062.813,88997.75,32.24
$IMU,57062.870,20.874,-2.563,-2.685,0.37939,-0.42333,0.81298,32.37
$HUM,57062.872,29.9,32.6
$MAG,57062.875,-0.610,-0.030,-0.744,31.0
$BARO,57062.915,88999.58,32.24
$IMU,57062.945,21.118,1.586,-3.723,0.30908,-0.29296,0.81445,32.35
$MAG,57062.976,-0.618,-0.046,-0.751,31.0
$BARO,57063.016,89004.19,32.24
$IMU,57063.020,9.216,-3.845,-9.582,0.29785,-0.29296,0.86279,32.33
$VBAT,57063.051,3.814
$MAG,57063.076,-0.616,-0.049,-0.757,31.0
$TIME,57063.078,30145.000,2365
$IMU,57063.095,7.080,-5.310,-3.295,0.30712,-0.25634,0.85644,32.37
$BARO,57063.118,89001.38,32.24
$IMU,57063.170,0.976,-2.929,3.234,0.29492,-0.27832,0.81689,32.39
$MAG,57063.177,-0.622,-0.043,-0.747,31.0
$BARO,57063.219,88998.07,32.25
$IMU,57063.246,-0.793,-4.028,6.530,0.35595,-0.30419,0.77929,32.34
$MAG,57063.278,-0.604,-0.037,-0.744,31.0
$BARO,57063.321,89005.33,32.25
$IMU,57063.321,-15.136,-0.488,12.390,0.36474,-0.37207,0.84082,32.38
$MAG,57063.379,-0.604,-0.028,-0.730,31.0
$IMU,57063.396,-19.775,-3.479,1.464,0.34619,-0.45068,0.84863,32.39
$BARO,57063.422,88996.24,32.25
$IMU,57063.471,-10.681,-7.446,8.666,0.41699,-0.45751,0.84375,32.39
$MAG,57063.480,-0.592,-0.021,-0.721,31.0
$BARO,57063.523,88997.07,32.25
$IMU,57063.546,-11.108,0.122,6.652,0.38232,-0.48583,0.84423,32.40
$MAG,57063.581,-0.591,-0.016,-0.706,31.0
$IMU,57063.621,-5.920,1.098,3.173,0.38720,-0.49414,0.81396,32.38
$BARO,57063.625,89000.63,32.26
$MAG,57063.682,-0.586,-0.013,-0.718,31.0
$IMU,57063.696,-11.291,3.662,2.990,0.40917,-0.57080,0.85546,32.39
$BARO,57063.726,89007.16,32.25
$IMU,57063.771,-3.051,9.582,10.375,0.42529,-0.51562,0.86035,32.40
$MAG,57063.783,-0.585,-0.006,-0.718,31.1
$BARO,57063.828,89005.50,32.26
$IMU,57063.846,2.563,18.737,0.183,0.31933,-0.53222,0.84667,32.39
$MAG,57063.884,-0.583,-0.009,-0.736,31.0
$HUM,57063.889,29.9,32.6
$IMU,57063.921,7.507,20.568,-2.502,0.32519,-0.40771,0.83056,32.35
$BARO,57063.929,89000.02,32.26
$MAG,57063.985,-0.591,-0.021,-0.751,31.0
$IMU,57063.996,2.929,22.094,-11.779,0.17724,-0.37451,0.81542,32.39
$BARO,57064.030,89015.20,32.26
$VBAT,57064.053,3.803
$IMU,57064.071,2.258,12.573,-18.371,0.19482,-0.29199,0.72900,32.40
$TIME,57064.078,30145.000,2365
$MAG,57064.085,-0.583,-0.027,-0.766,31.0
$BARO,57064.132,88999.82,32.26
$IMU,57064.146,-2.746,11.596,-6.774,0.13623,-0.28564,0.69433,32.37
$MAG,57064.186,-0.586,-0.027,-0.756,31.0
$IMU,57064.222,-18.798,10.864,6.835,0.21777,-0.40234,0.79980,32.43
$BARO,57064.233,89011.13,32.26
$MAG,57064.287,-0.556,-0.006,-0.744,31.0
$IMU,57064.297,-25.817,17.517,24.658,0.16406,-0.55566,0.84326,32.38
$BARO,57064.335,89000.36,32.27
$IMU,57064.372,-22.644,23.376,21.423,0.11328,-0.64501,0.89550,32.41
$MAG,57064.388,-0.543,0.012,-0.733,31.0
$BARO,57064.436,88999.77,32.26
$IMU,57064.447,-24.536,21.484,14.648,0.02392,-0.71435,0.90429,32.40
$MAG,57064.489,-0.526,0.016,-0.723,31.0
$IMU,57064.522,-15.502,16.235,13.671,0.02539,-0.68261,0.88085,32.42
$BARO,57064.537,89006.84,32.27
$MAG,57064.590,-0.514,0.030,-0.741,31.1
$IMU,57064.597,-7.995,15.686,13.671,0.00830,-0.63134,0.83544,32.38
$BARO,57064.639,89008.01,32.27
$IMU,57064.672,-2.502,15.869,11.596,-0.03027,-0.62597,0.79980,32.41
$MAG,57064.691,-0.510,0.027,-0.751,31.0
$BARO,57064.740,89000.12,32.27
$IMU,57064.747,-12.145,12.756,3.967,-0.13476,-0.64306,0.82812,32.37
$MAG,57064.792,-0.496,0.034,-0.727,31.0
$IMU,57064.822,-12.145,3.845,6.530,-0.01660,-0.64990,0.79248,32.39
$BARO,57064.842,89004.58,32.28
$MAG,57064.892,-0.483,0.039,-0.727,31.1
$IMU,57064.897,-2.502,5.432,13.793,-0.05859,-0.57275,0.75439,32.41
$HUM,57064.906,30.1,32.7
$BARO,57064.943,89009.82,32.28
$IMU,57064.972,-10.742,4.333,2.197,-0.09472,-0.66992,0.78320,32.41
$MAG,57064.993,-0.486,0.046,-0.727,31.1
$BARO,57065.045,88995.00,32.28
$IMU,57065.047,-6.103,2.197,3.784,-0.05126,-0.64697,0.75244,32.41
$VBAT,57065.054,3.819
$TIME,57065.078,30146.000,2365
$MAG,57065.094,-0.469,0.045,-0.721,31.1
$IMU,57065.123,-1.892,2.746,15.197,0.00781,-0.66699,0.71728,32.44
$BARO,57065.146,89005.99,32.27
$MAG,57065.195,-0.466,0.058,-0.736,31.0
$IMU,57065.198,1.342,10.864,10.864,0.02294,-0.65283,0.72998,32.40
$BARO,57065.247,88999.46,32.28
$IMU,57065.273,2.258,26.733,2.075,-0.14013,-0.65869,0.78906,32.45
$MAG,57065.296,-0.456,0.043,-0.736,31.1
$IMU,57065.348,0.427,20.507,-10.864,-0.24804,-0.73095,0.77050,32.40
$BARO,57065.349,89002.85,32.29
$MAG,57065.397,-0.468,0.036,-0.739,31.1
$IMU,57065.423,2.868,-0.793,-14.526,-0.18066,-0.68457,0.76708,32.41
$BARO,57065.450,89008.92,32.29
$MAG,57065.498,-0.492,0.034,-0.723,31.0
$IMU,57065.498,-8.239,-11.474,-22.888,-0.11425,-0.69287,0.78076,32.41
$BARO,57065.552,89006.84,32.29
$IMU,57065.573,-8.239,-11.657,-23.559,-0.12109,-0.74902,0.72314,32.45
$MAG,57065.599,-0.520,0.022,-0.720,31.2
$IMU,57065.648,-1.037,-13.610,-21.118,-0.05517,-0.72070,0.75000,32.40
$BARO,57065.653,89005.92,32.29
$MAG,57065.699,-0.538,0.022,-0.705,31.0
$IMU,57065.723,-4.699,-18.188,-18.066,-0.04394,-0.83886,0.82568,32.45
$BARO,57065.755,89005.84,32.29
$IMU,57065.798,5.126,-20.202,-2.136,-0.00390,-0.79785,0.86474,32.45
$MAG,57065.800,-0.538,0.016,-0.705,31.0
$BARO,57065.856,89003.85,32.29
$IMU,57065.873,20.080,-18.859,5.004,0.01025,-0.65673,0.80908,32.43
$MAG,57065.901,-0.528,0.027,-0.715,31.1
$HUM,57065.923,30.1,32.7
$IMU,57065.948,29.357,-18.981,18.859,0.14648,-0.45703,0.64794,32.45
$BARO,57065.957,89009.50,32.30
$MAG,57066.002,-0.487,0.040,-0.753,31.1
$IMU,57066.023,30.883,-11.840,43.579,0.25927,-0.44335,0.52099,32.45
$BARO,57066.059,89006.23,32.30
$VBAT,57066.061,3.811
$TIME,57066.078,30147.000,2365
$IMU,57066.099,31.066,1.647,66.894,0.31201,-0.34912,0.49902,32.39
$MAG,57066.103,-0.423,0.052,-0.772,31.1
$BARO,57066.160,89001.55,32.30
$IMU,57066.174,25.817,24.841,66.955,0.15869,-0.18505,0.51904,32.43
$MAG,57066.204,-0.375,0.051,-0.799,31.1
$IMU,57066.249,6.652,37.841,17.089,-0.19531,-0.25634,0.53857,32.45
$BARO,57066.262,89008.60,32.31
$MAG,57066.305,-0.409,0.058,-0.768,31.1
$IMU,57066.324,-40.466,34.545,-43.457,-0.37304,-0.49023,0.64013,32.45
$BARO,57066.363,89013.47,32.30
$IMU,57066.399,-60.729,36.499,-45.715,-0.40478,-0.67968,0.67382,32.45
$MAG,57066.406,-0.430,0.049,-0.715,31.0
$BARO,57066.465,89004.75,32.31
$IMU,57066.474,-51.879,39.001,-28.930,-0.40673,-0.82763,0.57373,32.48
$MAG,57066.507,-0.460,0.049,-0.699,31.2
$IMU,57066.549,-38.940,36.193,-28.076,-0.36865,-0.90820,0.54394,32.44
$BARO,57066.566,89002.48,32.31
$MAG,57066.607,-0.478,0.045,-0.666,31.1
$IMU,57066.624,-39.123,36.682,-29.846,-0.38037,-0.93115,0.57617,32.44
$BARO,57066.667,89001.68,32.31
$IMU,57066.699,-37.902,28.076,-29.541,-0.34179,-1.01757,0.59521,32.46
$MAG,57066.708,-0.505,0.040,-0.651,31.0
$BARO,57066.769,89009.57,32.31
$IMU,57066.774,-30.700,21.606,-25.939,-0.28466,-1.04443,0.59960,32.42
$MAG,57066.809,-0.532,0.030,-0.631,31.1
$IMU,57066.849,-21.789,19.653,-16.967,-0.29492,-1.15869,0.53027,32.46
$BARO,57066.870,89013.79,32.32
$MAG,57066.910,-0.534,0.028,-0.637,31.1
$IMU,57066.924,-10.253,13.061,-12.512,-0.27539,-1.00927,0.55371,32.44
$HUM,57066.939,30.4,32.7
$BARO,57066.972,89011.13,32.32
$IMU,57066.999,-9.460,4.272,-5.676,-0.23144,-1.07470,0.52783,32.41
$MAG,57067.011,-0.543,0.031,-0.640,31.1
$VBAT,57067.062,3.819
$BARO,57067.073,89012.99,32.31
$IMU,57067.075,2.380,-1.464,-1.831,-0.24853,-0.95166,0.46923,32.43
$TIME,57067.078,30149.000,2365
$MAG,57067.112,-0.550,0.022,-0.631,31.1
$IMU,57067.150,9.948,-6.469,-1.647,-0.20312,-0.93115,0.39013,32.44
$BARO,57067.175,89008.89,32.32
$MAG,57067.213,-0.532,0.027,-0.640,31.1
$IMU,57067.225,14.892,-13.183,6.286,-0.16796,-0.83154,0.40966,32.44
$BARO,57067.276,89007.43,32.32
$IMU,57067.300,6.713,-21.606,5.554,-0.12597,-0.89501,0.40332,32.47
$MAG,57067.314,-0.538,0.030,-0.640,31.0
$IMU,57067.375,6.408,-18.798,1.525,-0.06445,-0.83349,0.42626,32.47
$BARO,57067.377,89007.65,32.33
$MAG,57067.415,-0.525,0.030,-0.636,31.0
$IMU,57067.450,0.915,-12.756,3.417,-0.08691,-0.85498,0.45361,32.48
$BARO,57067.479,89005.23,32.32
$MAG,57067.516,-0.528,0.024,-0.622,31.1
$IMU,57067.525,-4.333,-14.465,1.770,-0.06347,-0.87011,0.48730,32.48
$BARO,57067.580,89013.16,32.32
$IMU,57067.600,-5.920,-12.084,-5.065,-0.06103,-0.91503,0.51269,32.42
$MAG,57067.616,-0.538,0.024,-0.616,31.1
$IMU,57067.675,2.258,-3.234,-6.958,-0.07128,-0.88183,0.47314,32.46
$BARO,57067.682,89007.23,32.33
$MAG,57067.717,-0.541,0.024,-0.618,31.1
$IMU,57067.750,-3.112,3.173,-1.647,-0.08300,-0.85498,0.47753,32.48
$BARO,57067.783,89013.69,32.33
$MAG,57067.818,-0.544,0.021,-0.615,31.0
$IMU,57067.825,-4.882,0.427,-5.615,-0.08691,-0.90234,0.45996,32.48
$BARO,57067.885,89003.94,32.33
$IMU,57067.900,-2.624,-0.427,-8.911,-0.06494,-0.88623,0.47753,32.51
$MAG,57067.919,-0.553,0.019,-0.613,31.0
$HUM,57067.956,30.4,32.7
$IMU,57067.975,-2.563,2.868,-9.460,-0.07861,-0.93212,0.45703,32.49
$BARO,57067.986,89009.99,32.33
$MAG,57068.020,-0.558,0.009,-0.615,31.3
$IMU,57068.051,2.624,4.699,-11.230,-0.11816,-0.91113,0.43310,32.49
$VBAT,57068.079,3.814
$BARO,57068.087,89012.43,32.33
$MAG,57068.121,-0.576,0.010,-0.624,31.1
$IMU,57068.126,2.014,3.479,-10.437,-0.09765,-0.86425,0.43994,32.44
$BARO,57068.189,89011.38,32.34
$IMU,57068.201,-3.662,1.281,-4.455,-0.08544,-0.91455,0.46240,32.47
$MAG,57068.222,-0.567,0.012,-0.615,31.0
$IMU,57068.276,0.549,0.305,-5.798,-0.08251,-0.91064,0.43212,32.43
$BARO,57068.290,89018.28,32.34
$MAG,57068.323,-0.582,0.006,-0.618,31.1
$IMU,57068.351,2.075,-0.488,-3.845,-0.04003,-0.84814,0.43212,32.47
$BARO,57068.392,89008.33,32.34
$MAG,57068.424,-0.579,0.000,-0.612,31.1
$IMU,57068.426,-6.347,-3.051,0.671,-0.03955,-0.93359,0.46435,32.54
$BARO,57068.493,89010.52,32.35
$IMU,57068.501,2.929,-2.807,-5.798,-0.03173,-0.88037,0.41943,32.48
$MAG,57068.524,-0.580,0.004,-0.610,31.1
$IMU,57068.576,3.845,0.000,-3.173,-0.02929,-0.87744,0.43603,32.51
$BARO,57068.595,89011.55,32.35
$MAG,57068.625,-0.577,0.006,-0.625,31.1
$IMU,57068.651,2.380,4.760,1.525,0.01220,-0.89648,0.46582,32.50
$BARO,57068.696,89011.74,32.34
$MAG,57068.726,-0.579,0.001,-0.640,31.1
$IMU,57068.726,5.920,13.122,5.126,0.05712,-0.95507,0.52783,32.49
$BARO,57068.797,89010.28,32.35
$IMU,57068.801,4.943,14.221,9.582,0.07519,-1.00390,0.55078,32.51
$MAG,57068.827,-0.576,0.013,-0.645,31.3
$IMU,57068.876,4.089,13.793,-7.690,-0.03369,-1.05859,0.56640,32.50
$BARO,57068.899,89012.04,32.36
$MAG,57068.928,-0.592,-0.003,-0.648,31.2
$IMU,57068.951,6.225,2.258,-17.395,-0.04492,-1.03369,0.57275,32.54
$HUM,57068.973,30.3,32.7
$BARO,57069.000,89010.89,32.35
$IMU,57069.027,8.483,-6.347,-11.596,-0.01025,-1.04199,0.63037,32.50
$MAG,57069.029,-0.597,-0.013,-0.652,31.1
$TIME,57069.078,30151.000,2365
$VBAT,57069.080,3.834
$BARO,57069.102,89009.45,32.35
$IMU,57069.102,23.010,-6.103,-5.004,0.04101,-1.01123,0.58447,32.51
$MAG,57069.130,-0.594,-0.016,-0.688,31.0
$IMU,57069.177,43.395,8.972,2.929,0.06152,-0.77343,0.47070,32.50
$BARO,57069.203,89002.31,32.36
$MAG,57069.231,-0.582,-0.007,-0.724,31.0
$IMU,57069.252,40.832,24.169,15.502,-0.00439,-0.74365,0.44042,32.50
$BARO,57069.305,89007.16,32.36
$IMU,57069.327,28.381,19.104,13.061,-0.14501,-0.68310,0.58007,32.52
$MAG,57069.332,-0.571,-0.006,-0.760,31.1
$IMU,57069.402,11.840,-0.793,1.403,-0.12500,-0.86474,0.73681,32.50
$BARO,57069.406,88998.60,32.37
$MAG,57069.433,-0.562,-0.012,-0.753,31.1
$IMU,57069.477,16.296,-7.568,5.371,-0.14404,-0.80029,0.76074,32.53
$BARO,57069.507,89000.24,32.36
$MAG,57069.534,-0.565,-0.006,-0.768,31.1
$IMU,57069.552,17.333,-9.948,7.934,-0.12207,-0.80712,0.73535,32.51
$BARO,57069.609,89000.85,32.37
$IMU,57069.627,22.766,-7.873,7.873,-0.16210,-0.69726,0.68017,32.51
$MAG,57069.634,-0.553,-0.018,-0.790,31.1
$IMU,57069.702,28.808,-4.272,3.540,-0.23779,-0.61718,0.62841,32.53
$BARO,57069.710,89009.52,32.37
$MAG,57069.735,-0.565,-0.025,-0.804,31.1
$IMU,57069.777,29.602,-5.310,1.342,-0.17919,-0.48242,0.69873,32.50
$BARO,57069.812,88996.95,32.37
$MAG,57069.836,-0.556,-0.025,-0.816,31.1
$IMU,57069.852,14.221,-3.723,7.568,-0.14208,-0.55322,0.77441,32.52
$BARO,57069.913,89007.50,32.37
$IMU,57069.927,15.563,-5.432,12.451,-0.15673,-0.52539,0.78466,32.48
$MAG,57069.937,-0.546,-0.031,-0.828,31.1
$HUM,57069.989,30.2,32.8
$IMU,57070.003,19.348,-8.300,2.746,-0.14648,-0.52832,0.76367,32.51
$BARO,57070.015,89005.26,32.37
$MAG,57070.038,-0.544,-0.030,-0.838,31.1
$TIME,57070.078,30153.000,2365
$IMU,57070.078,15.747,-9.704,3.051,-0.16894,-0.49023,0.80859,32.52
$VBAT,57070.088,3.811
$BARO,57070.116,89007.26,32.37
$MAG,57070.139,-0.541,-0.027,-0.840,31.2
$IMU,57070.153,14.221,-13.732,9.399,-0.08886,-0.47949,0.83935,32.50
$BARO,57070.218,89000.55,32.38
$IMU,57070.228,16.479,-13.305,14.465,-0.07519,-0.48535,0.82373,32.52
$MAG,57070.240,-0.538,-0.027,-0.849,31.0
$IMU,57070.303,13.977,-13.854,2.868,-0.06250,-0.48583,0.85351,32.56
$BARO,57070.319,89005.23,32.37
$MAG,57070.341,-0.540,-0.034,-0.840,31.1
$IMU,57070.378,13.061,-10.131,2.258,-0.05810,-0.50341,0.89306,32.52
$BARO,57070.420,89002.80,32.38
$MAG,57070.442,-0.537,-0.033,-0.852,31.1
$IMU,57070.453,17.211,-7.751,10.620,0.02441,-0.45605,0.93115,32.50
$BARO,57070.522,88999.31,32.38
$IMU,57070.528,15.625,-3.479,9.460,0.01660,-0.51611,0.97607,32.53
$MAG,57070.543,-0.528,-0.052,-0.871,31.1
$IMU,57070.603,16.052,3.845,-1.098,-0.03076,-0.51220,1.04443,32.50
$BARO,57070.623,89008.23,32.38
$MAG,57070.644,-0.525,-0.054,-0.883,31.2
$IMU,57070.678,30.761,3.906,0.610,-0.04882,-0.39892,0.92675,32.57
$BARO,57070.725,89007.55,32.39
$MAG,57070.745,-0.531,-0.081,-0.915,31.1
$IMU,57070.753,40.466,-2.319,0.366,-0.03906,-0.32617,0.82910,32.51
$BARO,57070.826,88998.43,32.39
$IMU,57070.828,33.996,-2.075,-15.930,-0.09179,-0.37646,0.86279,32.53
$MAG,57070.845,-0.544,-0.105,-0.936,31.0
$IMU,57070.903,32.592,0.549,-18.493,-0.14843,-0.44921,0.89062,32.58
$BARO,57070.928,89007.36,32.39
$MAG,57070.946,-0.550,-0.126,-0.951,31.1
$IMU,57070.979,40.039,-6.042,-3.784,-0.15478,-0.10742,0.95361,32.51
$HUM,57071.006,30.3,32.8
$BARO,57071.029,89005.97,32.39
$MAG,57071.047,-0.556,-0.136,-0.961,31.1
$IMU,57071.054,25.817,-14.099,17.333,-0.00439,-0.21875,1.03613,32.51
$VBAT,57071.089,3.832
$IMU,57071.129,24.719,-6.286,32.348,0.05273,-0.11621,1.10888,32.52
$BARO,57071.130,89000.26,32.39
$MAG,57071.148,-0.531,-0.132,-0.973,31.2
$IMU,57071.204,28.869,0.854,36.926,0.03271,-0.00292,1.08447,32.50
$BARO,57071.232,88997.97,32.40
$MAG,57071.249,-0.511,-0.151,-0.985,31.1
$IMU,57071.279,32.165,-0.793,24.414,-0.00634,0.03955,0.95019,32.54
$BARO,57071.333,89007.50,32.40
$MAG,57071.350,-0.516,-0.163,-0.991,31.0
$IMU,57071.354,32.104,-6.958,12.023,-0.02441,0.20996,0.95507,32.53
$IMU,57071.429,22.827,-8.728,18.798,0.06005,0.24267,0.96777,32.53
$BARO,57071.435,88998.14,32.40
$MAG,57071.451,-0.501,-0.168,-1.002,31.1
$IMU,57071.504,23.437,-2.929,26.672,0.04052,0.20166,0.94580,32.53
$BARO,57071.536,88989.42,32.40
$MAG,57071.552,-0.499,-0.175,-1.017,31.2
$IMU,57071.579,27.954,-3.906,22.644,0.05273,0.18798,0.95751,32.54
$BARO,57071.638,89004.43,32.40
$MAG,57071.653,-0.495,-0.208,-1.035,31.1
$IMU,57071.654,39.550,-9.460,11.352,0.05517,0.22802,0.96093,32.53
$IMU,57071.729,51.513,-12.268,0.366,0.07275,0.29687,0.89990,32.56
$BARO,57071.739,88989.78,32.41
$MAG,57071.754,-0.507,-0.252,-1.047,31.1
$IMU,57071.804,64.086,-12.634,1.159,0.08007,0.46582,0.81298,32.52
$BARO,57071.840,88999.92,32.40
$MAG,57071.855,-0.525,-0.306,-1.048,31.2
$IMU,57071.880,61.706,-19.897,2.197,0.10498,0.57177,0.76269,32.57
$BARO,57071.942,89005.82,32.41
$MAG,57071.955,-0.544,-0.364,-1.047,31.2
$IMU,57071.955,61.218,-25.207,-5.554,0.20214,0.58886,0.75683,32.55
$HUM,57072.022,30.0,32.8
$IMU,57072.030,73.486,-16.418,-12.145,0.25634,0.64746,0.69726,32.51
$BARO,57072.043,88997.90,32.41
$MAG,57072.056,-0.549,-0.442,-1.039,31.0
$TIME,57072.078,30155.000,2365
$IMU,57072.105,91.430,3.540,-16.540,0.22216,0.75927,0.54443,32.55
$VBAT,57072.107,3.813
$BARO,57072.145,89007.79,32.41
$MAG,57072.157,-0.538,-0.541,-1.015,31.2
$IMU,57072.180,108.947,10.192,-23.437,-0.00976,0.79248,0.32031,32.58
$BARO,57072.246,89009.60,32.42
$IMU,57072.255,110.229,-15.319,-29.418,0.06201,1.06591,0.27343,32.58
$MAG,57072.258,-0.546,-0.630,-0.966,31.2
$IMU,57072.330,71.777,-18.493,-24.047,0.12353,1.08447,0.21923,32.59
$BARO,57072.348,89000.21,32.42
$MAG,57072.359,-0.538,-0.675,-0.936,31.1
$IMU,57072.405,38.940,-5.432,-22.399,0.06835,1.07958,0.19189,32.53
$BARO,57072.449,89006.50,32.42
$MAG,57072.460,-0.528,-0.705,-0.919,31.3
$IMU,57072.480,21.057,-2.563,-21.667,-0.02148,0.96435,0.17333,32.61
$BARO,57072.550,89001.65,32.42
$IMU,57072.555,23.681,-12.145,-18.554,-0.04492,0.98925,0.13085,32.57
$MAG,57072.561,-0.529,-0.711,-0.901,31.1
$IMU,57072.630,23.315,-17.456,-8.300,0.01220,1.07519,0.07275,32.54
$BARO,57072.652,88997.56,32.42
$MAG,57072.662,-0.540,-0.732,-0.882,31.2
$IMU,57072.705,14.709,-8.972,2.258,-0.03173,1.02001,0.08789,32.58
$BARO,57072.753,88996.36,32.42
$MAG,57072.763,-0.561,-0.732,-0.859,31.2
$IMU,57072.780,12.756,-21.057,15.747,-0.04150,1.02978,0.01367,32.58
$BARO,57072.855,88996.73,32.42
$IMU,57072.856,4.821,-5.737,4.455,0.15039,0.99902,0.13134,32.55
$MAG,57072.864,-0.553,-0.724,-0.864,31.1
$IMU,57072.931,10.925,12.451,-4.882,-0.07958,0.98535,0.05908,32.58
$BARO,57072.956,88999.17,32.43
$MAG,57072.965,-0.558,-0.735,-0.855,31.2
$IMU,57073.006,12.512,4.516,3.479,0.02978,1.08056,0.00195,32.55
$HUM,57073.039,30.3,32.8
$BARO,57073.058,88994.07,32.43
$MAG,57073.066,-0.549,-0.723,-0.876,31.1
$IMU,57073.081,-15.014,23.620,10.803,0.04150,1.14648,0.00585,32.58
$VBAT,57073.108,3.814
$IMU,57073.156,-50.720,31.372,14.160,-0.06250,1.18261,0.10791,32.58
$BARO,57073.159,89002.21,32.43
$MAG,57073.166,-0.544,-0.672,-0.937,31.1
$IMU,57073.231,-89.843,8.728,4.943,-0.04833,0.96582,0.17626,32.59
$BARO,57073.261,88982.30,32.43
$MAG,57073.267,-0.537,-0.609,-0.987,31.3
$IMU,57073.306,-101.989,-7.202,-3.662,0.00390,0.89892,0.40185,32.59
$BARO,57073.362,88996.26,32.44
$MAG,57073.368,-0.534,-0.529,-1.020,31.2
$IMU,57073.381,-100.769,-3.540,-4.882,0.00927,0.75878,0.49658,32.60
$IMU,57073.456,-87.097,10.742,-2.807,-0.00781,0.71142,0.56494,32.63
$BARO,57073.463,88999.53,32.43
$MAG,57073.469,-0.526,-0.477,-1.047,31.1
$IMU,57073.531,-69.885,18.859,3.417,-0.08691,0.67333,0.56738,32.57
$BARO,57073.565,88995.66,32.44
$MAG,57073.570,-0.514,-0.420,-1.060,31.2
$IMU,57073.606,-58.410,6.042,4.516,-0.06396,0.56054,0.57812,32.58
$BARO,57073.666,89000.68,32.44
$MAG,57073.671,-0.517,-0.370,-1.057,31.1
$IMU,57073.681,-53.710,-1.647,-7.629,-0.07031,0.59033,0.80419,32.57
$IMU,57073.756,-34.240,-16.723,-40.954,-0.17285,0.38183,0.84423,32.63
$BARO,57073.768,89004.72,32.44
$MAG,57073.772,-0.544,-0.396,-1.053,31.1
$IMU,57073.832,23.620,-16.296,-18.859,-0.09863,0.49804,0.91113,32.58
$BARO,57073.869,88995.36,32.44
$MAG,57073.873,-0.552,-0.411,-1.041,31.1
$IMU,57073.907,40.527,-16.052,22.399,0.03369,0.62792,0.93896,32.60
$BARO,57073.971,89003.72,32.44
$MAG,57073.974,-0.541,-0.456,-1.041,31.1
$IMU,57073.982,50.231,9.826,13.916,0.10351,0.86279,1.05712,32.63
$HUM,57074.056,30.1,32.8
$IMU,57074.057,27.954,34.118,-7.080,0.02636,1.64599,0.69042,32.57
$BARO,57074.072,89006.89,32.45
$MAG,57074.075,-0.498,-0.433,-1.069,31.2
$TIME,57074.078,30156.000,2365
$VBAT,57074.125,3.821
$IMU,57074.132,-88.562,36.132,3.479,-0.05761,0.86962,0.32861,32.60
$BARO,57074.173,88992.07,32.46
$MAG,57074.175,-0.477,-0.277,-1.069,31.0
$IMU,57074.207,-174.682,18.676,10.986,-0.31103,-0.11718,0.03759,32.59
$BARO,57074.275,88995.12,32.45
$MAG,57074.276,-0.450,-0.187,-1.042,31.2
$IMU,57074.282,-134.216,25.878,2.990,0.07177,-0.50537,0.28369,32.60
$IMU,57074.357,-63.598,79.467,26.550,-0.13427,-0.45654,0.52392,32.58
$BARO,57074.376,89004.63,32.46
$MAG,57074.377,-0.342,-0.138,-1.048,31.3
$IMU,57074.432,-30.944,90.270,24.108,-0.78466,-0.21777,0.97021,32.63
$BARO,57074.478,89002.58,32.46
$MAG,57074.478,-0.339,-0.111,-1.033,31.1
$IMU,57074.507,-40.954,32.470,-55.603,-0.14648,-0.00634,1.16943,32.59
$BARO,57074.579,89010.30,32.46
$MAG,57074.579,-0.355,-0.063,-0.982,31.2
$IMU,57074.582,-71.472,41.198,-61.950,-1.13916,0.05468,1.11376,32.59
$IMU,57074.657,-50.781,-28.503,-75.317,-0.45410,-1.01318,0.93847,32.64
$MAG,57074.680,-0.444,-0.076,-0.975,31.2
$BARO,57074.681,89010.06,32.46
$IMU,57074.732,52.673,-68.420,-29.052,-0.35546,-0.42382,1.14208,32.59
$MAG,57074.781,-0.499,-0.138,-0.999,31.2
$BARO,57074.782,89002.55,32.46
$IMU,57074.808,90.393,-88.500,14.648,-0.08496,-0.13183,1.06982,32.66
$MAG,57074.881,-0.531,-0.180,-0.997,31.1
$BARO,57074.883,89000.73,32.46
$IMU,57074.883,86.730,-84.899,39.123,0.03466,0.09326,0.99755,32.61
$IMU,57074.958,78.002,-51.879,45.898,0.13623,0.40527,1.06640,32.65
$MAG,57074.982,-0.541,-0.202,-1.009,31.1
$BARO,57074.985,89005.60,32.46
$IMU,57075.033,49.926,-11.962,33.386,0.20068,0.47607,1.05566,32.62
$HUM,57075.072,30.2,32.9
$TIME,57075.078,30157.000,2365
$MAG,57075.083,-0.508,-0.223,-1.030,31.2
$BARO,57075.086,89000.53,32.46
$IMU,57075.108,32.165,23.986,16.906,0.07470,0.50878,1.03027,32.65
$VBAT,57075.126,3.824
$IMU,57075.183,16.357,29.174,0.488,-0.06787,0.51513,0.98339,32.62
$MAG,57075.184,-0.493,-0.235,-1.042,31.2
$BARO,57075.188,89009.99,32.47
$IMU,57075.258,11.596,8.666,-9.338,0.08154,0.33837,0.93261,32.61
$MAG,57075.285,-0.481,-0.237,-1.045,31.2
$BARO,57075.289,88998.90,32.46
$IMU,57075.333,7.934,10.253,1.708,-0.03369,0.35400,0.91113,32.65
$MAG,57075.386,-0.474,-0.250,-1.062,31.1
$BARO,57075.390,89006.58,32.47
$IMU,57075.408,3.234,6.774,11.840,-0.10107,0.38867,0.92919,32.64
$IMU,57075.483,-2.990,-6.774,20.202,-0.13574,0.33349,0.89843,32.64
$MAG,57075.487,-0.474,-0.232,-1.047,31.3
$BARO,57075.492,89006.75,32.47
$IMU,57075.558,-4.394,-19.531,19.470,0.11962,0.29150,0.96289,32.61
$MAG,57075.587,-0.469,-0.220,-1.050,31.2
$BARO,57075.593,89002.24,32.48
$IMU,57075.633,-11.230,0.610,22.521,0.13281,0.35205,1.01171,32.65
$MAG,57075.688,-0.460,-0.201,-1.045,31.1
$BARO,57075.695,88999.60,32.48
$IMU,57075.708,-19.287,16.174,8.483,-0.04736,0.27929,0.96728,32.65
$IMU,57075.784,-12.329,-2.441,-1.953,0.05712,0.18457,1.00292,32.64
$MAG,57075.789,-0.465,-0.201,-1.042,31.3
$BARO,57075.796,89002.82,32.48
$IMU,57075.859,-15.869,-4.028,15.808,0.00000,0.36230,0.92431,32.66
$MAG,57075.890,-0.459,-0.160,-1.035,31.2
$BARO,57075.898,89004.19,32.49
$IMU,57075.934,-26.794,-2.807,10.559,0.10351,0.12744,0.95507,32.64
$MAG,57075.991,-0.456,-0.151,-1.027,31.3
$BARO,57075.999,89005.65,32.48
$IMU,57076.009,-19.042,9.155,3.173,0.00195,0.26513,1.06835,32.65
$TIME,57076.078,30158.000,2365
$IMU,57076.084,-22.521,4.455,-1.098,-0.05126,0.12109,1.03662,32.65
$HUM,57076.089,30.2,32.9
$MAG,57076.092,-0.444,-0.129,-1.011,31.3
$BARO,57076.100,89005.60,32.49
$VBAT,57076.143,3.811
$IMU,57076.159,-11.291,-1.281,-7.934,0.07031,0.13232,1.05517,32.69
$MAG,57076.193,-0.457,-0.135,-1.011,31.2
$BARO,57076.202,89006.45,32.48
$IMU,57076.234,0.854,1.892,-4.272,0.01269,0.14160,1.03369,32.64
$MAG,57076.294,-0.466,-0.141,-1.018,31.2
$BARO,57076.303,89007.18,32.49
$IMU,57076.309,2.624,-2.868,-3.601,0.03271,0.14843,0.97900,32.63
$IMU,57076.384,-1.281,-2.685,-2.929,0.01123,0.12988,0.97802,32.63
$MAG,57076.394,-0.459,-0.136,-1.011,31.2
$BARO,57076.405,89009.67,32.49
$IMU,57076.459,-3.112,-2.075,0.610,-0.05322,0.19824,0.99804,32.64
$MAG,57076.495,-0.457,-0.132,-1.003,31.1
$BARO,57076.506,89000.70,32.49
$IMU,57076.534,-10.986,-5.065,8.300,0.06982,0.12939,0.99462,32.68
$MAG,57076.596,-0.450,-0.121,-1.003,31.2
$BARO,57076.608,89004.48,32.50
$IMU,57076.609,-13.488,3.112,10.070,0.00048,0.07714,0.99804,32.63
$IMU,57076.685,-13.183,0.915,0.854,0.02783,0.09472,1.01562,32.66
$MAG,57076.697,-0.447,-0.112,-0.996,31.2
$BARO,57076.709,89004.72,32.50
$IMU,57076.760,-8.605,-0.732,-3.784,0.03857,0.03515,1.01855,32.65
$MAG,57076.798,-0.454,-0.109,-0.988,31.3
$BARO,57076.810,89004.11,32.50
$IMU,57076.835,-4.821,2.075,-4.638,0.01123,0.05712,1.03857,32.66
$MAG,57076.899,-0.456,-0.108,-1.000,31.3
$IMU,57076.910,-2.197,1.159,-4.089,-0.00146,0.04492,1.03417,32.66
$BARO,57076.912,88999.21,32.50
$IMU,57076.985,1.953,-0.671,-4.272,0.01318,0.06152,1.02001,32.66
$MAG,57077.000,-0.459,-0.111,-0.991,31.2
$BARO,57077.013,89002.63,32.51
$IMU,57077.060,3.173,-0.488,-4.394,0.02148,0.05126,0.99414,32.68
$TIME,57077.078,30158.000,2365
$MAG,57077.101,-0.456,-0.117,-0.997,31.2
$HUM,57077.106,30.2,32.9
$BARO,57077.115,89005.89,32.51
$IMU,57077.135,4.882,0.976,-4.638,0.00830,0.08544,1.01123,32.65
$VBAT,57077.145,3.811
$MAG,57077.202,-0.469,-0.118,-0.990,31.2
$IMU,57077.210,4.516,0.183,-4.272,-0.00585,0.07666,1.02441,32.69
$BARO,57077.216,89000.19,32.51
$IMU,57077.285,8.056,0.061,-3.540,0.00146,0.10742,1.00878,32.65
$MAG,57077.302,-0.460,-0.126,-1.008,31.3
$BARO,57077.317,89001.41,32.51
$IMU,57077.360,8.422,-0.671,-0.854,-0.00927,0.10937,1.01708,32.65
$MAG,57077.403,-0.468,-0.139,-1.009,31.1
$BARO,57077.419,89002.99,32.51
$IMU,57077.435,11.352,-2.929,-0.366,-0.03027,0.14111,0.99755,32.70
$MAG,57077.504,-0.465,-0.142,-1.015,31.3
$IMU,57077.510,10.986,-3.479,-2.624,0.07861,0.15087,0.98437,32.67
$BARO,57077.520,88999.58,32.51
$IMU,57077.585,7.690,3.784,-3.540,-0.02587,0.17871,1.00537,32.67
$MAG,57077.605,-0.463,-0.147,-1.009,31.3
$BARO,57077.622,89007.28,32.51
$IMU,57077.661,2.990,2.014,-1.037,0.01464,0.15380,0.98730,32.71
$MAG,57077.706,-0.465,-0.151,-1.020,31.2
$BARO,57077.723,89005.58,32.52
$IMU,57077.736,1.647,1.098,2.563,-0.02880,0.17236,1.00292,32.66
$MAG,57077.807,-0.466,-0.153,-1.018,31.2
$IMU,57077.811,-0.183,-1.037,2.319,0.01611,0.16650,1.00146,32.70
$BARO,57077.824,89001.70,32.52
$IMU,57077.886,-0.183,-0.244,1.281,0.00195,0.14892,0.99609,32.66
$MAG,57077.908,-0.463,-0.153,-1.020,31.2
$BARO,57077.926,88997.87,32.52
$IMU,57077.961,-1.647,0.122,-0.305,0.00585,0.15234,1.00927,32.67
$MAG,57078.009,-0.462,-0.141,-1.014,31.2
$BARO,57078.027,89001.09,32.52
$IMU,57078.036,0.671,-0.488,-0.488,0.00488,0.16699,1.00341,32.67
$TIME,57078.078,30159.000,2365
$MAG,57078.110,-0.465,-0.144,-1.023,31.3
$IMU,57078.111,-0.915,-0.854,0.427,-0.00830,0.15234,0.99755,32.71
$HUM,57078.122,30.2,33.0
$BARO,57078.129,89006.60,32.52
$VBAT,57078.149,3.814
$IMU,57078.186,-1.525,-1.708,1.770,0.01318,0.15380,1.00292,32.72
$MAG,57078.210,-0.469,-0.145,-1.017,31.3
$BARO,57078.230,89007.53,32.53
$IMU,57078.261,-2.197,-1.403,1.953,0.00439,0.13378,1.00439,32.71
