$FLYS,1
$VAR,FIRMWARE_VER,v2024.06.09.starter_pistol
$VAR,DEVICE_ID,0017003b3253501720373657
$VAR,SESSION_ID,b596a1fc2a55ef4edde1453b
$COL,GNSS,time,lat,lon,hMSL,velN,velE,velD,hAcc,vAcc,sAcc,numSV
$UNIT,GNSS,,deg,deg,m,m/s,m/s,m/s,m,m,m/s,
$DATA
$GNSS,2025-05-04T08:15:21.905Z,27.4091828,103.2443773,3168.952,-0.127,0.346,0.388,133.866,171.594,6.207,4
$GNSS,2025-05-04T08:15:22.000Z,27.4091840,103.2443761,3168.646,0.068,0.641,0.656,111.113,143.944,5.971,4
$GNSS,2025-05-04T08:15:22.050Z,27.4091888,103.2443769,3167.971,0.300,0.763,0.362,100.691,131.440,4.065,4
$GNSS,2025-05-04T08:15:22.100Z,27.4091956,103.2443769,3166.875,0.168,0.842,-0.250,83.156,108.806,1.580,4
$GNSS,2025-05-04T08:15:22.150Z,27.4091934,103.2443748,3166.899,0.015,1.108,-0.936,70.438,93.725,1.318,4
$GNSS,2025-05-04T08:15:22.200Z,27.4091884,103.2443710,3167.434,0.464,1.416,-0.943,62.326,83.887,1.105,4
$GNSS,2025-05-04T08:15:22.250Z,27.4091852,103.2443681,3167.698,0.808,1.284,-0.762,56.540,76.758,1.047,4
$GNSS,2025-05-04T08:15:22.300Z,27.4091818,103.2443678,3167.960,1.003,1.108,-0.328,52.230,71.361,1.092,4
$GNSS,2025-05-04T08:15:22.350Z,27.4091776,103.2443654,3168.334,0.823,1.023,-0.022,48.795,67.073,1.232,4
$GNSS,2025-05-04T08:15:22.400Z,27.4091729,103.2443657,3168.573,0.495,1.138,0.116,46.711,64.189,1.318,4
$GNSS,2025-05-04T08:15:22.450Z,27.4091696,103.2443670,3168.698,0.567,1.126,0.167,44.876,61.524,1.324,4
$GNSS,2025-05-04T08:15:22.500Z,27.4091673,103.2443673,3168.761,0.300,0.925,0.084,43.246,59.152,1.240,4
$GNSS,2025-05-04T08:15:22.550Z,27.4091657,103.2443683,3168.619,0.149,0.837,0.084,41.862,57.147,1.209,4
$GNSS,2025-05-04T08:15:22.600Z,27.4091654,103.2443701,3168.291,0.234,0.640,0.023,40.671,55.438,1.126,4
$GNSS,2025-05-04T08:15:22.650Z,27.4091657,103.2443724,3167.952,0.362,0.836,-0.029,39.061,53.323,1.035,4
$GNSS,2025-05-04T08:15:22.700Z,27.4091675,103.2443756,3167.390,0.523,0.846,0.056,37.722,51.700,1.073,4
$GNSS,2025-05-04T08:15:22.750Z,27.4091689,103.2443787,3166.749,0.468,0.989,0.165,36.537,50.297,1.123,4
$GNSS,2025-05-04T08:15:22.800Z,27.4091707,103.2443803,3166.273,0.412,0.768,0.264,35.507,49.120,1.201,4
$GNSS,2025-05-04T08:15:22.850Z,27.4091714,103.2443819,3165.805,0.167,0.422,0.325,34.559,48.030,1.387,4
$GNSS,2025-05-04T08:15:22.900Z,27.4091722,103.2443849,3165.114,-0.065,0.414,0.389,33.689,47.027,1.387,4
$GNSS,2025-05-04T08:15:22.950Z,27.4091746,103.2443884,3164.399,0.093,0.598,0.506,30.299,43.848,1.309,5
$GNSS,2025-05-04T08:15:23.000Z,27.4091788,103.2443925,3163.677,0.315,0.709,0.596,28.604,42.624,1.263,5
$GNSS,2025-05-04T08:15:23.050Z,27.4091817,103.2443957,3162.930,0.306,0.618,0.625,27.229,41.575,1.276,5
$GNSS,2025-05-04T08:15:23.100Z,27.4091856,103.2444018,3161.751,0.277,0.575,0.764,25.917,40.282,1.306,5
$GNSS,2025-05-04T08:15:23.150Z,27.4091897,103.2444069,3160.763,0.446,0.366,0.902,24.782,39.260,1.274,5
$GNSS,2025-05-04T08:15:23.200Z,27.4091921,103.2444106,3160.120,0.373,0.494,0.933,23.789,37.955,1.248,5
$GNSS,2025-05-04T08:15:23.250Z,27.4091942,103.2444127,3159.821,0.380,0.467,0.842,22.989,37.068,1.206,5
$GNSS,2025-05-04T08:15:23.300Z,27.4091950,103.2444136,3159.722,0.468,0.602,0.761,22.293,36.315,1.155,5
$GNSS,2025-05-04T08:15:23.350Z,27.4091973,103.2444170,3159.274,0.568,0.478,0.507,21.648,35.633,1.026,5
$GNSS,2025-05-04T08:15:23.400Z,27.4091996,103.2444173,3159.326,0.378,0.461,0.327,21.052,34.879,0.994,5
$GNSS,2025-05-04T08:15:23.450Z,27.4092011,103.2444176,3159.274,0.181,0.435,0.434,20.530,34.240,1.089,5
$GNSS,2025-05-04T08:15:23.500Z,27.4092023,103.2444169,3159.398,0.094,0.422,0.478,20.062,33.658,1.092,5
$GNSS,2025-05-04T08:15:23.550Z,27.4092035,103.2444165,3159.436,0.272,0.339,0.510,19.630,33.115,1.066,5
$GNSS,2025-05-04T08:15:23.600Z,27.4092051,103.2444170,3159.365,0.084,0.311,0.426,19.200,32.531,1.072,6
$GNSS,2025-05-04T08:15:23.650Z,27.4092066,103.2444183,3159.109,0.031,0.304,0.489,18.863,32.107,1.059,6
$GNSS,2025-05-04T08:15:23.700Z,27.4092083,103.2444189,3158.968,0.245,0.235,0.582,18.541,31.690,1.033,6
$GNSS,2025-05-04T08:15:23.750Z,27.4092091,103.2444200,3158.771,0.050,0.311,0.580,18.248,31.369,1.035,6
$GNSS,2025-05-04T08:15:23.800Z,27.4092100,103.2444201,3158.709,-0.127,0.516,0.541,17.988,31.478,0.926,6
$GNSS,2025-05-04T08:15:23.850Z,27.4092115,103.2444200,3158.615,-0.128,0.667,0.720,17.787,31.445,0.920,6
$GNSS,2025-05-04T08:15:23.900Z,27.4092135,103.2444204,3158.349,-0.009,0.617,1.014,17.479,31.184,0.936,6
$GNSS,2025-05-04T08:15:23.950Z,27.4092146,103.2444179,3159.110,0.080,0.430,0.861,16.961,30.109,0.925,8
$GNSS,2025-05-04T08:15:24.000Z,27.4092151,103.2444161,3159.828,-0.008,0.278,0.742,16.606,29.578,0.883,8
$GNSS,2025-05-04T08:15:24.050Z,27.4092151,103.2444158,3160.138,0.087,0.462,0.460,16.280,29.106,0.878,8
$GNSS,2025-05-04T08:15:24.100Z,27.4092140,103.2444158,3160.199,-0.301,0.602,0.517,15.981,28.694,0.752,8
$GNSS,2025-05-04T08:15:24.150Z,27.4092140,103.2444144,3160.744,-0.021,0.526,0.478,15.765,28.414,0.842,8
$GNSS,2025-05-04T08:15:24.200Z,27.4092129,103.2444144,3160.915,-0.208,0.491,0.378,15.567,28.065,0.772,8
$GNSS,2025-05-04T08:15:24.250Z,27.4092128,103.2444138,3161.152,-0.151,0.641,0.413,15.459,27.840,0.780,7
$GNSS,2025-05-04T08:15:24.300Z,27.4092128,103.2444146,3161.177,-0.435,0.781,0.523,15.380,27.610,0.748,7
$GNSS,2025-05-04T08:15:24.350Z,27.4092129,103.2444130,3161.811,-0.613,0.835,0.556,15.237,27.335,0.726,7
$GNSS,2025-05-04T08:15:24.400Z,27.4092128,103.2444125,3162.244,-0.095,0.903,0.463,15.243,27.360,0.763,7
$GNSS,2025-05-04T08:15:24.450Z,27.4092138,103.2444121,3162.391,0.249,0.699,0.152,15.750,27.192,0.667,7
$GNSS,2025-05-04T08:15:24.500Z,27.4092138,103.2444114,3162.497,0.231,0.481,0.051,15.911,27.159,0.633,6
$GNSS,2025-05-04T08:15:24.550Z,27.4092121,103.2444117,3163.046,0.114,0.200,0.088,15.585,26.627,0.728,6
$GNSS,2025-05-04T08:15:24.600Z,27.4092131,103.2444116,3163.095,0.410,0.100,0.180,15.918,26.320,0.719,6
$GNSS,2025-05-04T08:15:24.650Z,27.4092122,103.2444147,3162.373,0.392,0.462,0.360,15.621,25.540,0.756,7
$GNSS,2025-05-04T08:15:24.700Z,27.4092110,103.2444155,3162.205,0.269,0.331,0.338,15.308,25.181,0.788,7
$GNSS,2025-05-04T08:15:24.750Z,27.4092098,103.2444170,3161.791,0.004,-0.030,0.419,14.974,24.785,0.793,7
$GNSS,2025-05-04T08:15:24.800Z,27.4092089,103.2444171,3161.610,-0.209,-0.231,0.411,14.671,24.456,0.575,7
$GNSS,2025-05-04T08:15:24.850Z,27.4092063,103.2444177,3161.366,-0.345,-0.266,0.334,14.352,24.136,0.459,7
$GNSS,2025-05-04T08:15:24.900Z,27.4092033,103.2444220,3160.318,-0.231,-0.079,0.288,13.775,23.589,0.544,8
$GNSS,2025-05-04T08:15:24.950Z,27.4091995,103.2444253,3159.090,-0.206,0.135,0.207,13.562,23.293,0.632,8
$GNSS,2025-05-04T08:15:25.000Z,27.4091970,103.2444276,3158.190,0.137,0.192,0.088,13.342,23.026,0.646,8
$GNSS,2025-05-04T08:15:25.050Z,27.4091943,103.2444273,3157.964,0.067,-0.015,0.142,13.117,22.768,0.668,8
$GNSS,2025-05-04T08:15:25.100Z,27.4091931,103.2444269,3157.810,0.338,0.021,0.228,12.934,22.503,0.566,8
$GNSS,2025-05-04T08:15:25.150Z,27.4091911,103.2444267,3157.502,0.259,0.008,0.329,12.745,22.305,0.645,8
$GNSS,2025-05-04T08:15:25.200Z,27.4091899,103.2444257,3157.285,0.073,-0.142,0.272,12.548,22.118,0.546,8
$GNSS,2025-05-04T08:15:25.250Z,27.4091901,103.2444235,3157.659,0.360,0.107,0.227,12.313,21.654,0.580,8
$GNSS,2025-05-04T08:15:25.300Z,27.4091907,103.2444218,3158.203,0.434,0.357,0.401,12.151,21.399,0.630,8
$GNSS,2025-05-04T08:15:25.350Z,27.4091889,103.2444203,3158.415,0.071,0.331,0.410,12.007,21.265,0.676,8
$GNSS,2025-05-04T08:15:25.400Z,27.4091869,103.2444198,3158.448,-0.122,0.278,0.507,11.857,21.074,0.632,8
$GNSS,2025-05-04T08:15:25.450Z,27.4091856,103.2444203,3158.005,0.120,0.363,0.477,11.808,21.385,0.670,9
$GNSS,2025-05-04T08:15:25.500Z,27.4091858,103.2444217,3157.552,0.313,0.315,1.301,11.682,21.278,0.649,9
$GNSS,2025-05-04T08:15:25.550Z,27.4091855,103.2444235,3157.337,0.306,0.736,1.124,11.731,21.737,0.693,8
$GNSS,2025-05-04T08:15:25.600Z,27.4091785,103.2444333,3154.589,0.477,0.044,1.122,11.870,22.638,0.672,8
$GNSS,2025-05-04T08:15:25.650Z,27.4091830,103.2444306,3155.343,0.515,-0.351,1.320,11.719,22.424,0.661,7
$GNSS,2025-05-04T08:15:25.700Z,27.4091852,103.2444293,3155.717,0.394,0.055,1.389,11.520,21.928,0.708,8
$GNSS,2025-05-04T08:15:25.750Z,27.4091871,103.2444289,3156.014,0.418,0.522,1.154,11.433,21.804,0.730,8
$GNSS,2025-05-04T08:15:25.800Z,27.4091883,103.2444290,3156.106,0.153,0.693,0.997,11.310,21.674,0.728,8
$GNSS,2025-05-04T08:15:25.850Z,27.4091895,103.2444289,3156.243,0.248,0.397,1.005,11.237,21.456,0.749,8
$GNSS,2025-05-04T08:15:25.900Z,27.4091901,103.2444291,3156.176,0.271,0.390,0.941,11.178,21.343,0.774,8
$GNSS,2025-05-04T08:15:25.950Z,27.4091909,103.2444290,3156.198,0.301,0.358,0.925,11.107,21.235,0.789,8
$GNSS,2025-05-04T08:15:26.000Z,27.4091907,103.2444299,3155.884,0.340,0.502,0.989,11.036,21.133,0.738,8
$GNSS,2025-05-04T08:15:26.050Z,27.4091908,103.2444304,3155.708,0.251,0.571,1.024,10.981,21.053,0.692,8
$GNSS,2025-05-04T08:15:26.100Z,27.4091819,103.2444413,3153.215,0.280,0.486,0.960,10.972,21.214,0.676,9
$GNSS,2025-05-04T08:15:26.150Z,27.4091808,103.2444459,3152.917,0.370,-0.026,0.956,10.897,21.133,0.649,9
$GNSS,2025-05-04T08:15:26.200Z,27.4091808,103.2444501,3152.991,0.242,0.114,0.856,10.807,21.026,0.646,9
$GNSS,2025-05-04T08:15:26.250Z,27.4091804,103.2444547,3152.989,0.153,0.261,0.743,10.747,20.949,0.635,9
$GNSS,2025-05-04T08:15:26.300Z,27.4091807,103.2444581,3153.392,0.116,0.343,0.669,10.659,20.804,0.614,9
$GNSS,2025-05-04T08:15:26.350Z,27.4091825,103.2444615,3153.917,0.058,0.247,0.641,10.546,20.658,0.603,9
$GNSS,2025-05-04T08:15:26.400Z,27.4091825,103.2444652,3154.014,-0.017,-0.019,0.626,10.456,20.558,0.585,9
$GNSS,2025-05-04T08:15:26.450Z,27.4091831,103.2444674,3154.795,-0.111,-0.243,0.665,9.666,20.377,0.545,10
$GNSS,2025-05-04T08:15:26.500Z,27.4091821,103.2444702,3155.305,-0.085,-0.464,0.650,10.023,20.409,0.496,10
$GNSS,2025-05-04T08:15:26.550Z,27.4091818,103.2444735,3155.554,0.002,-0.284,0.577,10.014,20.329,0.526,10
$GNSS,2025-05-04T08:15:26.600Z,27.4091808,103.2444766,3155.981,-0.010,-0.182,0.495,9.895,20.170,0.535,11
$GNSS,2025-05-04T08:15:26.650Z,27.4091805,103.2444797,3156.191,0.133,-0.042,0.348,9.790,20.119,0.570,11
$GNSS,2025-05-04T08:15:26.700Z,27.4091785,103.2444814,3157.054,0.280,-0.272,0.398,9.670,19.967,0.489,11
$GNSS,2025-05-04T08:15:26.750Z,27.4091767,103.2444825,3157.901,0.277,-0.456,0.419,9.529,19.680,0.445,11
$GNSS,2025-05-04T08:15:26.800Z,27.4091752,103.2444842,3158.660,0.162,-0.168,0.448,9.427,19.548,0.501,11
$GNSS,2025-05-04T08:15:26.850Z,27.4091732,103.2444852,3159.610,-0.001,-0.164,0.329,9.324,19.388,0.451,11
$GNSS,2025-05-04T08:15:26.900Z,27.4091731,103.2444869,3159.925,-0.008,-0.227,0.298,9.229,19.291,0.409,11
$GNSS,2025-05-04T08:15:26.950Z,27.4091721,103.2444880,3160.768,0.016,-0.131,0.212,9.209,19.524,0.427,10
$GNSS,2025-05-04T08:15:27.000Z,27.4091731,103.2444899,3160.923,0.104,0.054,0.368,9.129,19.451,0.505,10
$GNSS,2025-05-04T08:15:27.050Z,27.4091737,103.2444918,3161.113,0.326,-0.036,0.631,9.044,19.376,0.505,10
$GNSS,2025-05-04T08:15:27.100Z,27.4091745,103.2444935,3161.181,0.296,-0.091,0.620,8.983,19.353,0.505,10
$GNSS,2025-05-04T08:15:27.150Z,27.4091773,103.2444960,3160.247,0.272,-0.093,0.559,8.819,18.819,0.514,11
$GNSS,2025-05-04T08:15:27.200Z,27.4091787,103.2444982,3159.894,0.413,0.032,0.474,8.745,18.716,0.527,11
$GNSS,2025-05-04T08:15:27.250Z,27.4091804,103.2445012,3159.290,0.067,0.178,0.659,8.715,18.808,0.488,11
$GNSS,2025-05-04T08:15:27.300Z,27.4091814,103.2445040,3158.948,-0.095,0.082,0.649,8.577,18.455,0.456,12
$GNSS,2025-05-04T08:15:27.350Z,27.4091809,103.2445060,3159.339,-0.060,0.064,0.541,8.529,18.490,0.463,12
$GNSS,2025-05-04T08:15:27.400Z,27.4091815,103.2445080,3159.252,0.145,0.128,0.513,8.467,18.474,0.512,12
$GNSS,2025-05-04T08:15:27.450Z,27.4091811,103.2445093,3159.631,0.284,0.214,0.602,8.484,18.699,0.523,11
$GNSS,2025-05-04T08:15:27.500Z,27.4091819,103.2445106,3159.652,0.269,0.148,0.684,8.393,18.580,0.517,11
$GNSS,2025-05-04T08:15:27.550Z,27.4091837,103.2445124,3159.231,0.115,0.009,0.782,8.332,18.538,0.498,11
$GNSS,2025-05-04T08:15:27.600Z,27.4091840,103.2445135,3159.437,0.119,-0.239,0.704,8.259,18.428,0.484,11
$GNSS,2025-05-04T08:15:27.650Z,27.4091831,103.2445132,3159.989,0.233,-0.654,0.743,8.216,18.416,0.487,11
$GNSS,2025-05-04T08:15:27.700Z,27.4091825,103.2445134,3160.344,0.451,-0.579,0.747,8.086,18.067,0.515,12
$GNSS,2025-05-04T08:15:27.750Z,27.4091835,103.2445141,3160.190,0.456,-0.554,0.759,8.034,18.034,0.522,12
$GNSS,2025-05-04T08:15:27.800Z,27.4091845,103.2445136,3160.197,0.366,-0.242,0.783,8.078,18.372,0.558,12
$GNSS,2025-05-04T08:15:27.850Z,27.4091842,103.2445137,3160.364,-0.267,0.079,0.348,7.948,17.959,0.403,12
$GNSS,2025-05-04T08:15:27.900Z,27.4091848,103.2445138,3160.248,-0.214,-0.496,0.279,7.896,17.886,0.346,12
$GNSS,2025-05-04T08:15:27.950Z,27.4091848,103.2445137,3160.330,-0.092,-0.506,0.280,7.827,17.763,0.368,12
$GNSS,2025-05-04T08:15:28.000Z,27.4091854,103.2445144,3160.203,0.271,0.077,0.054,7.775,17.701,0.439,12
$GNSS,2025-05-04T08:15:28.050Z,27.4091860,103.2445149,3160.093,0.379,0.040,0.015,7.707,17.576,0.402,12
$GNSS,2025-05-04T08:15:28.100Z,27.4091866,103.2445147,3160.078,-0.049,-0.539,0.007,7.608,17.371,0.409,12
$GNSS,2025-05-04T08:15:28.150Z,27.4091878,103.2445165,3159.634,-0.481,-0.503,0.189,7.512,17.202,0.305,12
$GNSS,2025-05-04T08:15:28.200Z,27.4091887,103.2445212,3158.956,-0.381,0.287,0.243,7.446,17.104,0.338,12
$GNSS,2025-05-04T08:15:28.250Z,27.4091850,103.2445232,3160.103,0.209,0.298,-0.126,7.407,17.272,0.290,12
$GNSS,2025-05-04T08:15:28.300Z,27.4091817,103.2445255,3161.013,0.220,0.457,-0.211,7.275,16.953,0.305,11
$GNSS,2025-05-04T08:15:28.350Z,27.4091797,103.2445278,3161.548,0.122,0.394,-0.113,7.180,16.763,0.311,11
$GNSS,2025-05-04T08:15:28.400Z,27.4091775,103.2445305,3161.865,-0.031,0.386,0.053,7.011,16.237,0.362,12
$GNSS,2025-05-04T08:15:28.450Z,27.4091792,103.2445329,3161.064,0.031,0.314,0.274,7.063,16.565,0.416,11
$GNSS,2025-05-04T08:15:28.500Z,27.4091741,103.2445335,3162.474,0.140,0.305,0.254,6.842,15.950,0.388,12
$GNSS,2025-05-04T08:15:28.550Z,27.4091706,103.2445335,3163.602,0.212,0.325,0.356,6.809,16.046,0.385,11
$GNSS,2025-05-04T08:15:28.600Z,27.4091688,103.2445339,3164.115,0.249,0.255,0.159,6.726,15.918,0.318,11
$GNSS,2025-05-04T08:15:28.650Z,27.4091672,103.2445336,3164.561,0.244,0.204,0.068,6.658,15.825,0.281,11
$GNSS,2025-05-04T08:15:28.700Z,27.4091672,103.2445343,3164.121,0.061,0.324,0.209,6.523,15.436,0.354,12
$GNSS,2025-05-04T08:15:28.750Z,27.4091650,103.2445335,3164.480,0.086,0.401,0.454,7.404,15.407,0.381,11
$GNSS,2025-05-04T08:15:28.800Z,27.4091634,103.2445333,3164.325,0.270,0.171,0.488,7.791,15.310,0.376,11
$GNSS,2025-05-04T08:15:28.850Z,27.4091622,103.2445323,3164.463,0.217,-0.073,0.098,7.764,15.235,0.307,11
$GNSS,2025-05-04T08:15:28.900Z,27.4091615,103.2445313,3164.622,0.024,-0.049,0.004,6.825,15.144,0.287,12
$GNSS,2025-05-04T08:15:28.950Z,27.4091600,103.2445308,3164.700,0.010,-0.158,-0.043,7.006,15.067,0.318,12
$GNSS,2025-05-04T08:15:29.000Z,27.4091583,103.2445286,3165.016,-0.051,-0.017,-0.032,6.815,14.573,0.302,11
$GNSS,2025-05-04T08:15:29.050Z,27.4091578,103.2445264,3165.128,-0.059,-0.052,-0.054,6.718,14.520,0.329,11
$GNSS,2025-05-04T08:15:29.100Z,27.4091574,103.2445247,3165.142,-0.071,-0.040,-0.115,6.628,14.466,0.348,11
$GNSS,2025-05-04T08:15:29.150Z,27.4091563,103.2445228,3165.282,-0.104,-0.101,-0.206,7.388,14.398,0.362,10
$GNSS,2025-05-04T08:15:29.200Z,27.4091552,103.2445218,3164.871,-0.112,-0.114,-0.098,7.715,14.426,0.327,10
$GNSS,2025-05-04T08:15:29.250Z,27.4091579,103.2445182,3165.340,-0.047,-0.261,-0.144,6.999,14.760,0.341,10
$GNSS,2025-05-04T08:15:29.300Z,27.4091593,103.2445194,3164.242,0.003,-0.211,-0.137,7.332,15.214,0.349,11
$GNSS,2025-05-04T08:15:29.350Z,27.4091587,103.2445194,3164.211,0.034,-0.153,-0.110,7.259,15.185,0.341,11
$GNSS,2025-05-04T08:15:29.400Z,27.4091581,103.2445209,3163.881,0.101,-0.138,-0.141,7.110,15.046,0.329,11
$GNSS,2025-05-04T08:15:29.450Z,27.4091568,103.2445216,3164.075,0.113,-0.313,-0.092,7.001,14.978,0.296,11
$GNSS,2025-05-04T08:15:29.500Z,27.4091569,103.2445225,3163.800,0.045,-0.364,0.063,6.972,15.320,0.253,11
$GNSS,2025-05-04T08:15:29.550Z,27.4091562,103.2445220,3164.201,0.208,-0.198,0.140,6.882,15.290,0.264,11
$GNSS,2025-05-04T08:15:29.600Z,27.4091561,103.2445222,3164.987,0.146,-0.256,0.096,6.790,15.207,0.254,11
$GNSS,2025-05-04T08:15:29.650Z,27.4091589,103.2445240,3164.583,0.155,-0.227,0.016,6.720,15.199,0.275,11
$GNSS,2025-05-04T08:15:29.700Z,27.4091611,103.2445263,3164.173,-0.144,-0.337,0.034,6.664,15.192,0.224,11
$GNSS,2025-05-04T08:15:29.750Z,27.4091622,103.2445286,3164.166,-0.153,-0.157,0.128,6.626,15.147,0.228,11
$GNSS,2025-05-04T08:15:29.800Z,27.4091629,103.2445306,3164.430,-0.058,-0.091,0.117,6.617,15.207,0.246,11
$GNSS,2025-05-04T08:15:29.850Z,27.4091638,103.2445330,3164.590,0.186,-0.047,0.100,6.579,15.192,0.287,11
$GNSS,2025-05-04T08:15:29.900Z,27.4091633,103.2445362,3164.878,0.236,0.083,0.164,6.565,15.036,0.304,11
$GNSS,2025-05-04T08:15:29.950Z,27.4091624,103.2445395,3165.248,0.412,-0.087,0.056,6.693,15.404,0.304,11
$GNSS,2025-05-04T08:15:30.000Z,27.4091625,103.2445438,3164.624,0.135,-0.195,0.029,6.744,15.455,0.283,11
$GNSS,2025-05-04T08:15:30.050Z,27.4091613,103.2445479,3164.481,0.171,0.002,-0.006,6.831,15.715,0.270,11
$GNSS,2025-05-04T08:15:30.100Z,27.4091597,103.2445519,3164.548,0.290,0.186,0.103,6.932,16.038,0.277,11
$GNSS,2025-05-04T08:15:30.150Z,27.4091585,103.2445550,3164.691,0.225,0.105,0.149,6.873,15.970,0.304,11
$GNSS,2025-05-04T08:15:30.200Z,27.4091581,103.2445575,3164.788,-0.055,0.013,0.122,7.888,16.214,0.333,11
$GNSS,2025-05-04T08:15:30.250Z,27.4091604,103.2445642,3165.292,-0.139,-0.191,0.018,8.387,16.278,0.223,11
$GNSS,2025-05-04T08:15:30.300Z,27.4091632,103.2445701,3165.712,-0.106,-0.037,0.032,8.223,15.958,0.240,11
$GNSS,2025-05-04T08:15:30.350Z,27.4091660,103.2445740,3165.768,0.023,0.211,0.158,8.039,15.693,0.323,11
$GNSS,2025-05-04T08:15:30.400Z,27.4091686,103.2445770,3165.764,0.148,0.036,0.140,7.873,15.450,0.326,11
$GNSS,2025-05-04T08:15:30.450Z,27.4091712,103.2445800,3165.757,0.014,-0.070,0.127,7.734,15.253,0.284,11
$GNSS,2025-05-04T08:15:30.500Z,27.4091738,103.2445832,3165.823,-0.070,-0.031,-0.005,7.628,15.114,0.247,11
$GNSS,2025-05-04T08:15:30.550Z,27.4091770,103.2445864,3165.938,-0.055,-0.037,0.012,6.689,15.217,0.220,11
$GNSS,2025-05-04T08:15:30.600Z,27.4091809,103.2445899,3166.392,0.060,0.015,-0.017,6.940,15.190,0.227,11
$GNSS,2025-05-04T08:15:30.650Z,27.4091852,103.2445932,3166.504,0.033,0.006,0.061,6.902,15.180,0.326,11
$GNSS,2025-05-04T08:15:30.700Z,27.4091902,103.2445968,3166.261,-0.002,0.049,0.073,6.837,15.162,0.340,11
$GNSS,2025-05-04T08:15:30.750Z,27.4091915,103.2445973,3167.281,-0.059,-0.042,0.129,6.681,14.749,0.277,10
$GNSS,2025-05-04T08:15:30.800Z,27.4091946,103.2445983,3167.492,0.000,0.049,0.096,6.624,14.735,0.344,10
$GNSS,2025-05-04T08:15:30.850Z,27.4091982,103.2445992,3167.406,0.052,0.104,0.071,6.567,14.723,0.305,10
$GNSS,2025-05-04T08:15:30.900Z,27.4092013,103.2446001,3167.389,-0.012,0.127,0.098,6.517,14.715,0.320,10
$GNSS,2025-05-04T08:15:30.950Z,27.4092037,103.2446010,3167.438,0.046,0.045,0.128,6.472,14.711,0.335,10
$GNSS,2025-05-04T08:15:31.000Z,27.4092060,103.2446016,3167.401,0.163,0.002,0.087,6.428,14.691,0.268,10
$GNSS,2025-05-04T08:15:31.050Z,27.4092074,103.2446022,3167.519,0.050,0.010,0.090,6.385,14.677,0.317,10
$GNSS,2025-05-04T08:15:31.100Z,27.4092088,103.2446026,3167.585,-0.036,-0.029,0.081,6.344,14.670,0.267,10
$GNSS,2025-05-04T08:15:31.150Z,27.4092105,103.2446033,3167.711,0.025,0.147,0.108,6.305,14.669,0.312,10
$GNSS,2025-05-04T08:15:31.200Z,27.4092124,103.2446050,3168.039,-0.013,0.102,0.183,6.255,14.627,0.322,10
$GNSS,2025-05-04T08:15:31.250Z,27.4092153,103.2446068,3168.008,0.129,0.021,0.071,6.226,14.617,0.276,10
$GNSS,2025-05-04T08:15:31.300Z,27.4092184,103.2446086,3167.834,0.027,0.031,0.102,6.197,14.605,0.318,10
$GNSS,2025-05-04T08:15:31.350Z,27.4092209,103.2446095,3167.585,0.090,-0.053,0.130,6.185,14.647,0.278,10
$GNSS,2025-05-04T08:15:31.400Z,27.4092233,103.2446104,3167.288,0.041,0.147,0.190,6.158,14.646,0.320,10
$GNSS,2025-05-04T08:15:31.450Z,27.4092253,103.2446111,3167.086,0.031,0.126,0.208,6.129,14.636,0.325,10
$GNSS,2025-05-04T08:15:31.500Z,27.4092264,103.2446115,3167.182,-0.002,0.091,0.078,6.105,14.643,0.309,10
$GNSS,2025-05-04T08:15:31.550Z,27.4092290,103.2446121,3166.487,0.029,0.043,0.111,6.080,14.638,0.326,10
$GNSS,2025-05-04T08:15:31.600Z,27.4092302,103.2446125,3166.245,0.017,0.012,0.210,6.057,14.632,0.319,10
$GNSS,2025-05-04T08:15:31.650Z,27.4092304,103.2446123,3166.364,0.005,0.004,0.099,6.044,14.661,0.321,10
$GNSS,2025-05-04T08:15:31.700Z,27.4092301,103.2446122,3166.657,0.070,0.045,0.007,6.022,14.649,0.237,10
$GNSS,2025-05-04T08:15:31.750Z,27.4092312,103.2446126,3166.462,0.073,0.039,0.070,6.002,14.643,0.298,10
$GNSS,2025-05-04T08:15:31.800Z,27.4092318,103.2446130,3166.386,0.114,0.163,0.283,5.989,14.660,0.329,10
$GNSS,2025-05-04T08:15:31.850Z,27.4092325,103.2446131,3166.268,-0.003,0.042,0.213,5.971,14.655,0.332,10
$GNSS,2025-05-04T08:15:31.900Z,27.4092333,103.2446132,3166.189,0.081,-0.020,0.106,5.952,14.650,0.298,10
$GNSS,2025-05-04T08:15:31.950Z,27.4092366,103.2446155,3165.100,0.170,0.006,0.110,6.053,15.088,0.284,11
$GNSS,2025-05-04T08:15:32.000Z,27.4092371,103.2446167,3165.042,0.000,0.040,0.063,6.037,15.095,0.336,11
$GNSS,2025-05-04T08:15:32.050Z,27.4092378,103.2446182,3164.873,-0.022,0.029,0.020,6.021,15.091,0.290,11
$GNSS,2025-05-04T08:15:32.100Z,27.4092378,103.2446197,3165.183,0.046,0.073,0.128,6.066,15.330,0.330,10
$GNSS,2025-05-04T08:15:32.150Z,27.4092391,103.2446214,3165.022,0.130,0.098,0.071,6.054,15.337,0.289,10
$GNSS,2025-05-04T08:15:32.200Z,27.4092405,103.2446229,3164.632,0.023,0.018,0.084,5.916,14.877,0.333,10
$GNSS,2025-05-04T08:15:32.250Z,27.4092415,103.2446243,3164.396,-0.020,0.036,0.067,5.899,14.855,0.330,10
$GNSS,2025-05-04T08:15:32.300Z,27.4092419,103.2446254,3164.312,-0.200,0.001,0.146,5.886,14.850,0.280,10
$GNSS,2025-05-04T08:15:32.350Z,27.4092424,103.2446265,3164.228,-0.036,-0.065,0.065,5.873,14.845,0.239,10
$GNSS,2025-05-04T08:15:32.400Z,27.4092430,103.2446277,3164.151,0.102,-0.006,-0.041,5.861,14.840,0.269,10
$GNSS,2025-05-04T08:15:32.450Z,27.4092452,103.2446301,3163.416,0.101,0.017,0.028,5.841,14.812,0.265,10
$GNSS,2025-05-04T08:15:32.500Z,27.4092455,103.2446319,3163.342,0.133,0.084,0.190,5.829,14.808,0.316,10
$GNSS,2025-05-04T08:15:32.550Z,27.4092457,103.2446337,3163.263,0.081,0.118,0.109,5.814,14.788,0.300,10
$GNSS,2025-05-04T08:15:32.600Z,27.4092473,103.2446364,3162.672,-0.031,0.066,0.120,5.770,14.638,0.314,10
$GNSS,2025-05-04T08:15:32.650Z,27.4092471,103.2446387,3162.733,-0.191,-0.020,0.098,5.931,15.064,0.261,10
$GNSS,2025-05-04T08:15:32.700Z,27.4092483,103.2446416,3162.333,-0.110,-0.082,0.013,6.051,15.341,0.228,10
$GNSS,2025-05-04T08:15:32.750Z,27.4092492,103.2446444,3162.077,0.153,0.012,0.063,6.167,15.661,0.265,10
$GNSS,2025-05-04T08:15:32.800Z,27.4092510,103.2446478,3161.537,0.277,0.167,0.052,6.295,16.005,0.241,10
$GNSS,2025-05-04T08:15:32.850Z,27.4092515,103.2446506,3161.353,0.138,0.056,0.173,6.387,16.264,0.285,10
$GNSS,2025-05-04T08:15:32.900Z,27.4092524,103.2446537,3161.033,-0.068,0.022,0.153,6.489,16.557,0.287,10
$GNSS,2025-05-04T08:15:32.950Z,27.4092531,103.2446568,3160.761,-0.046,-0.023,0.048,6.573,16.796,0.241,10
$GNSS,2025-05-04T08:15:33.000Z,27.4092542,103.2446601,3160.302,-0.004,-0.013,-0.016,6.613,16.899,0.282,10
$GNSS,2025-05-04T08:15:33.050Z,27.4092544,103.2446629,3160.197,0.014,0.046,0.053,6.620,16.942,0.280,10
$GNSS,2025-05-04T08:15:33.100Z,27.4092545,103.2446656,3160.108,0.061,0.042,0.024,6.624,16.977,0.241,10
$GNSS,2025-05-04T08:15:33.150Z,27.4092548,103.2446684,3159.905,-0.004,-0.037,0.066,6.633,17.022,0.238,10
$GNSS,2025-05-04T08:15:33.200Z,27.4092552,103.2446710,3159.726,0.018,-0.006,0.073,6.622,17.018,0.274,10
$GNSS,2025-05-04T08:15:33.250Z,27.4092558,103.2446736,3159.452,0.049,0.019,0.075,6.608,17.004,0.274,10
$GNSS,2025-05-04T08:15:33.300Z,27.4092566,103.2446762,3159.119,-0.001,-0.001,0.128,6.611,17.036,0.276,10
$GNSS,2025-05-04T08:15:33.350Z,27.4092572,103.2446787,3158.864,0.091,-0.068,0.025,6.617,17.077,0.252,10
$GNSS,2025-05-04T08:15:33.400Z,27.4092576,103.2446812,3158.665,-0.060,0.046,0.043,6.614,17.091,0.277,10
$GNSS,2025-05-04T08:15:33.450Z,27.4092579,103.2446836,3158.518,-0.107,-0.002,0.029,6.605,17.089,0.253,10
$GNSS,2025-05-04T08:15:33.500Z,27.4092583,103.2446859,3158.312,-0.038,-0.014,0.059,6.601,17.101,0.254,10
$GNSS,2025-05-04T08:15:33.550Z,27.4092588,103.2446883,3158.108,0.083,0.036,0.037,6.596,17.108,0.246,10
$GNSS,2025-05-04T08:15:33.600Z,27.4092592,103.2446905,3157.915,0.102,-0.044,0.007,6.597,17.130,0.258,10
$GNSS,2025-05-04T08:15:33.650Z,27.4092596,103.2446927,3157.736,-0.004,-0.016,0.011,6.595,17.145,0.201,10
$GNSS,2025-05-04T08:15:33.700Z,27.4092604,103.2446950,3157.378,-0.019,0.016,0.050,6.597,17.172,0.284,10
$GNSS,2025-05-04T08:15:33.750Z,27.4092610,103.2446971,3157.117,0.071,-0.058,-0.003,6.603,17.205,0.258,10
$GNSS,2025-05-04T08:15:33.800Z,27.4092611,103.2446991,3157.011,-0.057,0.054,0.027,6.592,17.197,0.267,10
$GNSS,2025-05-04T08:15:33.850Z,27.4092616,103.2447012,3156.769,0.054,-0.045,0.090,6.588,17.205,0.248,10
$GNSS,2025-05-04T08:15:33.900Z,27.4092618,103.2447030,3156.656,0.061,-0.026,0.094,6.580,17.202,0.258,10
$GNSS,2025-05-04T08:15:33.950Z,27.4092622,103.2447049,3156.495,0.017,-0.017,0.027,6.572,17.200,0.244,10
$GNSS,2025-05-04T08:15:34.000Z,27.4092624,103.2447068,3156.346,-0.034,0.026,-0.036,6.577,17.232,0.246,10
$GNSS,2025-05-04T08:15:34.050Z,27.4092629,103.2447087,3156.129,0.009,-0.009,0.035,6.571,17.234,0.257,10
$GNSS,2025-05-04T08:15:34.100Z,27.4092635,103.2447106,3155.897,0.030,-0.019,0.109,6.559,17.220,0.263,10
$GNSS,2025-05-04T08:15:34.150Z,27.4092640,103.2447124,3155.670,0.051,-0.048,0.023,6.551,17.217,0.243,10
$GNSS,2025-05-04T08:15:34.200Z,27.4092634,103.2447140,3155.982,0.082,-0.010,0.090,6.673,17.641,0.265,9
$GNSS,2025-05-04T08:15:34.250Z,27.4092645,103.2447158,3155.784,0.166,-0.010,-0.030,6.690,17.702,0.274,9
$GNSS,2025-05-04T08:15:34.300Z,27.4092649,103.2447177,3155.706,-0.048,0.063,-0.002,6.702,17.747,0.248,9
$GNSS,2025-05-04T08:15:34.350Z,27.4092661,103.2447195,3155.243,-0.141,-0.006,0.041,6.589,17.385,0.250,10
$GNSS,2025-05-04T08:15:34.400Z,27.4092664,103.2447209,3155.083,0.015,-0.059,-0.004,6.571,17.354,0.228,10
$GNSS,2025-05-04T08:15:34.450Z,27.4092669,103.2447222,3154.857,0.095,-0.077,0.004,6.438,16.955,0.251,11
$GNSS,2025-05-04T08:15:34.500Z,27.4092665,103.2447232,3154.880,0.049,0.065,-0.030,6.390,16.847,0.189,11
$GNSS,2025-05-04T08:15:34.550Z,27.4092665,103.2447243,3154.801,0.019,0.046,0.107,6.345,16.745,0.273,11
$GNSS,2025-05-04T08:15:34.600Z,27.4092663,103.2447250,3154.791,0.026,-0.048,-0.003,6.317,16.687,0.233,11
$GNSS,2025-05-04T08:15:34.650Z,27.4092663,103.2447257,3154.729,-0.055,-0.073,-0.022,6.295,16.650,0.191,11
$GNSS,2025-05-04T08:15:34.700Z,27.4092663,103.2447266,3154.627,-0.034,-0.054,0.151,6.274,16.613,0.239,11
$GNSS,2025-05-04T08:15:34.750Z,27.4092660,103.2447272,3154.630,0.059,0.064,0.061,6.263,16.602,0.223,11
$GNSS,2025-05-04T08:15:34.800Z,27.4092657,103.2447278,3154.668,0.067,0.074,0.074,6.244,16.567,0.224,11
$GNSS,2025-05-04T08:15:34.850Z,27.4092658,103.2447283,3154.546,-0.038,0.009,0.047,6.176,16.374,0.250,12
$GNSS,2025-05-04T08:15:34.900Z,27.4092658,103.2447285,3154.488,0.003,-0.077,-0.009,6.137,16.290,0.200,12
$GNSS,2025-05-04T08:15:34.950Z,27.4092657,103.2447287,3154.405,0.039,-0.046,0.058,6.117,16.258,0.224,12
$GNSS,2025-05-04T08:15:35.000Z,27.4092653,103.2447288,3154.456,-0.044,0.011,0.055,6.102,16.231,0.241,12
$GNSS,2025-05-04T08:15:35.050Z,27.4092646,103.2447287,3154.553,-0.052,0.010,-0.014,6.071,16.170,0.222,12
$GNSS,2025-05-04T08:15:35.100Z,27.4092643,103.2447285,3154.590,0.062,-0.030,-0.080,6.057,16.153,0.244,12
$GNSS,2025-05-04T08:15:35.150Z,27.4092640,103.2447284,3154.559,-0.002,-0.009,-0.009,6.073,16.219,0.213,12
$GNSS,2025-05-04T08:15:35.200Z,27.4092633,103.2447279,3154.695,0.098,-0.041,0.034,6.073,16.241,0.223,12
$GNSS,2025-05-04T08:15:35.250Z,27.4092625,103.2447271,3154.849,0.028,-0.063,0.068,6.082,16.287,0.211,12
$GNSS,2025-05-04T08:15:35.300Z,27.4092616,103.2447264,3154.984,-0.051,0.012,0.022,6.117,16.402,0.226,12
$GNSS,2025-05-04T08:15:35.350Z,27.4092608,103.2447256,3155.108,0.025,0.019,-0.039,6.137,16.480,0.206,12
$GNSS,2025-05-04T08:15:35.400Z,27.4092599,103.2447245,3155.278,-0.006,-0.030,0.015,6.142,16.514,0.174,12
$GNSS,2025-05-04T08:15:35.450Z,27.4092587,103.2447235,3155.491,-0.041,0.013,0.016,6.162,16.590,0.227,12
$GNSS,2025-05-04T08:15:35.500Z,27.4092575,103.2447222,3155.757,0.029,-0.025,0.016,6.174,16.644,0.221,12
$GNSS,2025-05-04T08:15:35.550Z,27.4092561,103.2447210,3156.072,0.029,0.035,0.050,6.169,16.654,0.225,12
$GNSS,2025-05-04T08:15:35.600Z,27.4092553,103.2447199,3156.230,0.273,0.003,-0.005,6.135,16.586,0.212,12
$GNSS,2025-05-04T08:15:35.650Z,27.4092546,103.2447191,3156.315,0.196,0.196,-0.069,6.234,16.935,0.170,11
$GNSS,2025-05-04T08:15:35.700Z,27.4092532,103.2447185,3156.732,0.348,0.172,-0.067,6.171,16.791,0.192,11
$GNSS,2025-05-04T08:15:35.750Z,27.4092526,103.2447187,3156.775,0.443,0.315,-0.075,6.108,16.635,0.187,11
$GNSS,2025-05-04T08:15:35.800Z,27.4092507,103.2447180,3157.232,0.121,0.595,-0.094,6.011,16.379,0.204,11
$GNSS,2025-05-04T08:15:35.850Z,27.4092508,103.2447163,3157.014,-0.214,0.478,-0.107,5.871,15.958,0.230,12
$GNSS,2025-05-04T08:15:35.900Z,27.4092466,103.2447121,3158.471,0.236,-0.162,0.120,5.537,14.966,0.253,11
$GNSS,2025-05-04T08:15:35.950Z,27.4092448,103.2447088,3159.058,0.241,-0.219,0.261,5.413,14.648,0.258,11
$GNSS,2025-05-04T08:15:36.000Z,27.4092436,103.2447059,3159.482,0.089,-0.192,0.153,5.307,14.390,0.255,11
$GNSS,2025-05-04T08:15:36.050Z,27.4092452,103.2447040,3158.824,0.111,-0.186,0.383,5.294,14.436,0.276,10
$GNSS,2025-05-04T08:15:36.100Z,27.4092437,103.2447011,3159.248,-0.036,-0.011,0.466,5.256,14.347,0.299,10
$GNSS,2025-05-04T08:15:36.150Z,27.4092420,103.2446980,3159.775,-0.098,-0.052,0.230,5.256,14.405,0.272,11
$GNSS,2025-05-04T08:15:36.200Z,27.4092403,103.2446952,3160.272,-0.156,0.101,0.133,5.152,14.064,0.309,10
$GNSS,2025-05-04T08:15:36.250Z,27.4092423,103.2446948,3159.368,-0.165,0.047,0.177,5.575,15.347,0.288,11
$GNSS,2025-05-04T08:15:36.300Z,27.4092399,103.2446933,3160.013,-0.193,0.056,0.315,5.855,16.189,0.305,10
$GNSS,2025-05-04T08:15:36.350Z,27.4092390,103.2446929,3160.171,-0.052,-0.247,0.124,5.814,15.982,0.201,10
$GNSS,2025-05-04T08:15:36.400Z,27.4092367,103.2446923,3160.866,-0.164,-0.265,-0.053,5.943,16.410,0.211,11
$GNSS,2025-05-04T08:15:36.450Z,27.4092357,103.2446921,3161.083,-0.198,-0.243,-0.139,5.972,16.520,0.237,11
$GNSS,2025-05-04T08:15:36.500Z,27.4092348,103.2446918,3161.255,0.000,-0.154,-0.068,7.351,16.742,0.249,10
$GNSS,2025-05-04T08:15:36.550Z,27.4092328,103.2446901,3161.303,-0.024,-0.056,-0.045,7.947,16.872,0.280,10
$GNSS,2025-05-04T08:15:36.600Z,27.4092312,103.2446893,3161.553,-0.079,-0.040,0.145,8.007,16.983,0.267,10
$GNSS,2025-05-04T08:15:36.650Z,27.4092298,103.2446888,3161.963,-0.143,-0.032,0.023,8.005,17.041,0.177,10
$GNSS,2025-05-04T08:15:36.700Z,27.4092274,103.2446861,3161.572,-0.074,-0.010,0.013,7.801,16.562,0.184,11
$GNSS,2025-05-04T08:15:36.750Z,27.4092244,103.2446821,3161.169,-0.071,-0.040,-0.038,7.795,16.636,0.246,11
$GNSS,2025-05-04T08:15:36.800Z,27.4092216,103.2446786,3160.825,0.034,-0.167,0.053,7.784,16.665,0.215,11
$GNSS,2025-05-04T08:15:36.850Z,27.4092206,103.2446796,3161.458,-0.018,-0.107,0.136,8.010,17.232,0.256,10
$GNSS,2025-05-04T08:15:36.900Z,27.4092188,103.2446781,3161.474,0.045,-0.025,0.239,8.092,17.466,0.316,10
$GNSS,2025-05-04T08:15:36.950Z,27.4092171,103.2446776,3161.766,-0.141,-0.002,0.128,8.141,17.587,0.241,10
$GNSS,2025-05-04T08:15:37.000Z,27.4092151,103.2446761,3161.749,-0.075,-0.091,0.033,8.352,18.117,0.182,9
$GNSS,2025-05-04T08:15:37.050Z,27.4092122,103.2446728,3161.510,-0.083,-0.040,-0.018,8.462,18.421,0.216,9
$GNSS,2025-05-04T08:15:37.100Z,27.4092098,103.2446706,3161.512,-0.038,-0.064,-0.026,8.327,18.135,0.216,10
$GNSS,2025-05-04T08:15:37.150Z,27.4092082,103.2446706,3162.028,-0.057,-0.188,0.180,8.313,18.120,0.217,10
$GNSS,2025-05-04T08:15:37.200Z,27.4092064,103.2446699,3162.382,-0.092,-0.136,0.219,8.299,18.125,0.232,10
$GNSS,2025-05-04T08:15:37.250Z,27.4092054,103.2446708,3163.000,-0.152,0.065,0.077,8.138,17.771,0.227,11
$GNSS,2025-05-04T08:15:37.300Z,27.4092038,103.2446699,3163.086,-0.028,0.049,-0.012,8.081,17.693,0.223,11
$GNSS,2025-05-04T08:15:37.350Z,27.4092025,103.2446696,3163.362,0.029,0.013,0.032,8.024,17.597,0.271,11
$GNSS,2025-05-04T08:15:37.400Z,27.4092021,103.2446714,3163.922,-0.006,0.024,0.201,7.948,17.445,0.285,11
$GNSS,2025-05-04T08:15:37.450Z,27.4092013,103.2446720,3164.329,0.010,-0.095,0.158,7.859,17.270,0.253,11
$GNSS,2025-05-04T08:15:37.500Z,27.4092007,103.2446728,3164.698,-0.096,0.074,0.116,7.797,17.185,0.249,11
$GNSS,2025-05-04T08:15:37.550Z,27.4091998,103.2446728,3164.889,0.032,0.069,0.102,7.734,17.071,0.277,11
$GNSS,2025-05-04T08:15:37.600Z,27.4092001,103.2446759,3165.600,0.097,0.054,0.139,7.647,16.833,0.285,10
$GNSS,2025-05-04T08:15:37.650Z,27.4092000,103.2446781,3166.012,-0.037,-0.003,0.206,7.617,16.773,0.276,10
$GNSS,2025-05-04T08:15:37.700Z,27.4091996,103.2446793,3166.190,-0.015,0.001,0.184,7.617,16.789,0.282,10
$GNSS,2025-05-04T08:15:37.750Z,27.4091990,103.2446799,3166.224,0.055,-0.041,0.199,7.636,16.849,0.292,10
$GNSS,2025-05-04T08:15:37.800Z,27.4091988,103.2446814,3166.480,0.127,-0.038,0.117,7.643,16.880,0.285,10
$GNSS,2025-05-04T08:15:37.850Z,27.4091982,103.2446822,3166.587,0.063,0.049,0.064,7.637,16.893,0.268,10
$GNSS,2025-05-04T08:15:37.900Z,27.4091980,103.2446839,3167.070,0.005,-0.041,0.056,7.482,16.506,0.258,11
$GNSS,2025-05-04T08:15:37.950Z,27.4091974,103.2446845,3167.239,0.065,-0.010,0.129,7.425,16.393,0.292,11
$GNSS,2025-05-04T08:15:38.000Z,27.4091968,103.2446850,3167.397,0.042,-0.010,0.109,7.352,16.247,0.291,11
$GNSS,2025-05-04T08:15:38.050Z,27.4091962,103.2446857,3167.587,-0.012,0.088,0.132,7.297,16.135,0.271,11
$GNSS,2025-05-04T08:15:38.100Z,27.4091921,103.2446751,3166.095,0.009,0.048,0.067,4.605,9.380,0.252,12
$GNSS,2025-05-04T08:15:38.150Z,27.4091909,103.2446726,3166.529,0.057,0.008,-0.003,4.554,9.276,0.215,12
$GNSS,2025-05-04T08:15:38.200Z,27.4091900,103.2446711,3167.130,0.031,-0.016,-0.109,4.530,9.250,0.247,12
$GNSS,2025-05-04T08:15:38.250Z,27.4091891,103.2446699,3167.632,-0.064,0.004,-0.104,4.497,9.206,0.278,12
$GNSS,2025-05-04T08:15:38.300Z,27.4091879,103.2446677,3167.755,-0.098,-0.012,-0.072,4.595,9.532,0.264,11
$GNSS,2025-05-04T08:15:38.350Z,27.4091869,103.2446662,3168.088,-0.112,-0.004,0.102,4.593,9.559,0.211,11
$GNSS,2025-05-04T08:15:38.400Z,27.4091863,103.2446653,3168.522,0.021,-0.003,0.182,4.609,9.617,0.270,11
$GNSS,2025-05-04T08:15:38.450Z,27.4091858,103.2446649,3169.017,0.033,-0.092,0.094,4.617,9.641,0.239,11
$GNSS,2025-05-04T08:15:38.500Z,27.4091853,103.2446645,3169.443,-0.012,-0.043,0.084,4.602,9.618,0.238,11
$GNSS,2025-05-04T08:15:38.550Z,27.4091848,103.2446641,3169.861,-0.047,0.061,0.000,4.585,9.606,0.215,11
$GNSS,2025-05-04T08:15:38.600Z,27.4091841,103.2446629,3170.150,0.061,0.013,0.006,4.562,9.576,0.216,11
$GNSS,2025-05-04T08:15:38.650Z,27.4091835,103.2446622,3170.540,0.088,0.020,0.032,4.546,9.558,0.235,11
$GNSS,2025-05-04T08:15:38.700Z,27.4091830,103.2446614,3170.901,0.015,0.028,0.043,4.537,9.555,0.251,11
$GNSS,2025-05-04T08:15:38.750Z,27.4091821,103.2446598,3171.164,-0.053,0.021,-0.080,4.527,9.551,0.278,11
$GNSS,2025-05-04T08:15:38.800Z,27.4091819,103.2446600,3171.856,0.010,0.099,-0.031,4.938,10.634,0.162,12
$GNSS,2025-05-04T08:15:38.850Z,27.4091807,103.2446569,3171.871,0.157,0.019,0.127,4.929,10.661,0.269,12
$GNSS,2025-05-04T08:15:38.900Z,27.4091798,103.2446551,3172.202,0.065,0.035,0.094,4.906,10.631,0.271,12
$GNSS,2025-05-04T08:15:38.950Z,27.4091790,103.2446533,3172.491,0.017,-0.066,0.028,4.885,10.600,0.194,12
$GNSS,2025-05-04T08:15:39.000Z,27.4091781,103.2446517,3172.788,-0.080,-0.101,0.019,4.857,10.553,0.163,12
$GNSS,2025-05-04T08:15:39.050Z,27.4091774,103.2446504,3173.111,-0.134,-0.082,-0.105,4.833,10.513,0.252,12
$GNSS,2025-05-04T08:15:39.100Z,27.4091756,103.2446466,3172.721,-0.106,-0.022,-0.038,4.361,9.320,0.263,11
$GNSS,2025-05-04T08:15:39.150Z,27.4091746,103.2446450,3172.842,-0.018,-0.027,0.066,4.334,9.258,0.232,11
$GNSS,2025-05-04T08:15:39.200Z,27.4091748,103.2446459,3173.653,-0.043,0.001,0.107,4.810,10.478,0.241,12
$GNSS,2025-05-04T08:15:39.250Z,27.4091743,103.2446449,3173.987,0.037,0.014,0.002,4.824,10.523,0.224,12
$GNSS,2025-05-04T08:15:39.300Z,27.4091736,103.2446434,3174.177,-0.029,-0.030,-0.003,4.822,10.529,0.193,12
$GNSS,2025-05-04T08:15:39.350Z,27.4091729,103.2446419,3174.306,-0.015,-0.072,-0.001,4.374,9.410,0.178,11
$GNSS,2025-05-04T08:15:39.400Z,27.4091723,103.2446407,3174.521,0.050,-0.018,0.013,4.350,9.361,0.257,11
$GNSS,2025-05-04T08:15:39.450Z,27.4091719,103.2446401,3174.844,-0.103,-0.045,0.004,4.819,10.561,0.215,12
$GNSS,2025-05-04T08:15:39.550Z,27.4091719,103.2446404,3175.331,0.033,-0.112,0.080,4.346,9.366,0.236,11
$GNSS,2025-05-04T08:15:39.600Z,27.4091717,103.2446397,3175.638,0.114,0.015,-0.050,3.826,9.356,0.217,11
$GNSS,2025-05-04T08:15:39.650Z,27.4091718,103.2446388,3175.628,-0.048,-0.004,-0.200,3.990,8.492,0.276,12
$GNSS,2025-05-04T08:15:39.700Z,27.4091709,103.2446379,3176.160,-0.063,-0.010,-0.111,4.102,8.791,0.272,12
$GNSS,2025-05-04T08:15:39.750Z,27.4091704,103.2446371,3176.553,-0.065,-0.008,0.033,4.035,8.650,0.221,12
$GNSS,2025-05-04T08:15:39.800Z,27.4091705,103.2446365,3176.824,0.069,0.037,0.031,4.216,9.645,0.231,13
$GNSS,2025-05-04T08:15:39.850Z,27.4091709,103.2446359,3176.996,-0.007,-0.083,0.069,4.160,9.582,0.204,13
$GNSS,2025-05-04T08:15:39.900Z,27.4091707,103.2446350,3177.243,0.141,-0.126,0.056,3.151,5.223,0.224,13
$GNSS,2025-05-04T08:15:39.950Z,27.4091703,103.2446343,3177.530,-0.002,-0.041,0.037,2.979,4.484,0.196,13
$GNSS,2025-05-04T08:15:40.000Z,27.4091701,103.2446336,3177.733,-0.192,-0.021,0.000,2.868,4.135,0.227,13
$GNSS,2025-05-04T08:15:40.050Z,27.4091680,103.2446308,3178.309,-0.102,-0.056,0.015,2.691,3.787,0.205,12
$GNSS,2025-05-04T08:15:40.100Z,27.4091662,103.2446282,3178.756,0.007,-0.026,0.122,2.565,3.556,0.243,12
$GNSS,2025-05-04T08:15:40.150Z,27.4091647,103.2446259,3179.166,-0.096,0.128,0.105,2.533,3.470,0.222,12
$GNSS,2025-05-04T08:15:40.200Z,27.4091651,103.2446256,3179.283,0.036,-0.070,0.101,2.503,3.413,0.229,12
$GNSS,2025-05-04T08:15:40.250Z,27.4091651,103.2446250,3179.469,0.111,-0.099,0.069,2.501,3.404,0.227,12
$GNSS,2025-05-04T08:15:40.300Z,27.4091649,103.2446243,3179.747,0.002,-0.145,0.013,2.555,3.478,0.174,12
$GNSS,2025-05-04T08:15:40.350Z,27.4091647,103.2446235,3179.983,0.055,-0.104,0.061,2.571,3.506,0.209,12
$GNSS,2025-05-04T08:15:40.400Z,27.4091643,103.2446229,3180.229,-0.212,0.087,0.065,2.578,3.525,0.213,12
$GNSS,2025-05-04T08:15:40.450Z,27.4091634,103.2446213,3180.442,-0.123,0.030,0.077,2.562,3.518,0.210,13
$GNSS,2025-05-04T08:15:40.500Z,27.4091627,103.2446197,3180.652,0.063,0.113,0.068,2.522,3.474,0.200,14
$GNSS,2025-05-04T08:15:40.550Z,27.4091621,103.2446183,3180.825,0.221,0.022,0.081,2.513,3.477,0.235,13
$GNSS,2025-05-04T08:15:40.600Z,27.4091616,103.2446171,3181.040,0.118,-0.067,0.048,2.490,3.460,0.240,13
$GNSS,2025-05-04T08:15:40.650Z,27.4091611,103.2446160,3181.264,0.042,0.053,-0.003,2.465,3.438,0.178,13
$GNSS,2025-05-04T08:15:40.700Z,27.4091606,103.2446149,3181.447,0.000,-0.003,-0.011,2.437,3.414,0.223,13
$GNSS,2025-05-04T08:15:40.750Z,27.4091602,103.2446140,3181.632,0.012,0.009,-0.068,2.415,3.396,0.242,13
$GNSS,2025-05-04T08:15:40.800Z,27.4091598,103.2446133,3181.848,-0.039,0.037,-0.045,2.423,3.420,0.240,13
$GNSS,2025-05-04T08:15:40.850Z,27.4091595,103.2446125,3182.100,-0.021,0.092,-0.080,2.471,3.502,0.209,11
$GNSS,2025-05-04T08:15:40.900Z,27.4091593,103.2446117,3182.357,0.124,0.092,-0.030,2.519,3.585,0.183,11
$GNSS,2025-05-04T08:15:40.950Z,27.4091588,103.2446108,3182.618,0.114,0.051,-0.121,2.554,3.653,0.218,11
$GNSS,2025-05-04T08:15:41.000Z,27.4091587,103.2446103,3182.911,0.174,0.109,-0.199,2.555,3.671,0.207,11
$GNSS,2025-05-04T08:15:41.050Z,27.4091585,103.2446096,3183.179,0.227,0.071,-0.074,2.554,3.689,0.204,11
$GNSS,2025-05-04T08:15:41.100Z,27.4091581,103.2446091,3183.413,0.189,0.019,-0.022,2.553,3.707,0.217,10
$GNSS,2025-05-04T08:15:41.150Z,27.4091578,103.2446085,3183.654,0.093,0.059,-0.102,2.532,3.695,0.197,11
$GNSS,2025-05-04T08:15:41.200Z,27.4091573,103.2446082,3183.889,0.020,0.109,-0.169,2.492,3.656,0.214,11
$GNSS,2025-05-04T08:15:41.250Z,27.4091571,103.2446081,3184.078,0.107,0.141,-0.053,2.444,3.600,0.151,11
$GNSS,2025-05-04T08:15:41.300Z,27.4091569,103.2446079,3184.270,0.074,0.069,0.085,2.414,3.567,0.220,11
$GNSS,2025-05-04T08:15:41.350Z,27.4091569,103.2446077,3184.478,0.071,-0.081,0.028,2.363,3.504,0.223,12
$GNSS,2025-05-04T08:15:41.400Z,27.4091566,103.2446075,3184.617,0.017,-0.175,-0.097,2.326,3.461,0.230,12
$GNSS,2025-05-04T08:15:41.450Z,27.4091563,103.2446073,3184.730,0.050,-0.114,-0.061,2.288,3.414,0.240,12
$GNSS,2025-05-04T08:15:41.500Z,27.4091561,103.2446075,3184.867,-0.006,-0.069,0.025,2.258,3.377,0.187,11
$GNSS,2025-05-04T08:15:41.550Z,27.4091556,103.2446068,3184.976,0.041,-0.120,0.062,2.243,3.365,0.216,12
$GNSS,2025-05-04T08:15:41.600Z,27.4091550,103.2446059,3185.104,0.007,0.078,0.046,2.199,3.310,0.209,13
$GNSS,2025-05-04T08:15:41.650Z,27.4091542,103.2446048,3185.281,-0.118,0.223,-0.042,2.155,3.257,0.217,13
$GNSS,2025-05-04T08:15:41.700Z,27.4091534,103.2446040,3185.344,0.049,0.113,-0.089,2.135,3.237,0.178,13
$GNSS,2025-05-04T08:15:41.750Z,27.4091528,103.2446028,3185.475,0.113,0.025,-0.035,2.095,3.188,0.203,13
$GNSS,2025-05-04T08:15:41.800Z,27.4091519,103.2446019,3185.506,0.042,0.054,0.131,2.078,3.172,0.241,13
$GNSS,2025-05-04T08:15:41.850Z,27.4091510,103.2446009,3185.529,0.039,0.037,0.067,2.067,3.165,0.231,13
$GNSS,2025-05-04T08:15:41.900Z,27.4091503,103.2446002,3185.565,0.098,0.102,0.050,2.066,3.173,0.189,13
$GNSS,2025-05-04T08:15:41.950Z,27.4091497,103.2445995,3185.619,0.125,0.058,0.098,2.057,3.168,0.228,13
$GNSS,2025-05-04T08:15:42.000Z,27.4091492,103.2445983,3185.786,-0.091,-0.089,-0.016,2.047,3.163,0.178,13
$GNSS,2025-05-04T08:15:42.050Z,27.4091487,103.2445973,3185.926,-0.209,-0.136,-0.075,2.034,3.153,0.200,13
$GNSS,2025-05-04T08:15:42.100Z,27.4091483,103.2445962,3186.050,-0.029,-0.242,-0.171,2.017,3.138,0.206,13
$GNSS,2025-05-04T08:15:42.150Z,27.4091480,103.2445954,3186.155,0.101,0.007,-0.035,2.003,3.124,0.215,13
$GNSS,2025-05-04T08:15:42.200Z,27.4091477,103.2445946,3186.274,0.112,0.158,0.143,1.989,3.110,0.209,13
$GNSS,2025-05-04T08:15:42.250Z,27.4091473,103.2445938,3186.390,-0.007,0.035,0.130,1.975,3.098,0.250,13
$GNSS,2025-05-04T08:15:42.300Z,27.4091470,103.2445930,3186.521,-0.015,-0.035,0.083,1.971,3.100,0.222,13
$GNSS,2025-05-04T08:15:42.350Z,27.4091468,103.2445923,3186.636,0.182,-0.109,-0.035,1.958,3.085,0.228,13
$GNSS,2025-05-04T08:15:42.400Z,27.4091467,103.2445917,3186.741,0.240,0.213,-0.026,1.950,3.078,0.187,13
$GNSS,2025-05-04T08:15:42.450Z,27.4091467,103.2445915,3186.860,0.450,0.368,0.169,1.958,3.096,0.211,12
$GNSS,2025-05-04T08:15:42.500Z,27.4091468,103.2445918,3186.935,0.294,0.343,0.337,1.947,3.083,0.237,13
$GNSS,2025-05-04T08:15:42.550Z,27.4091469,103.2445913,3187.013,0.322,-0.057,0.313,1.931,3.063,0.258,13
$GNSS,2025-05-04T08:15:42.600Z,27.4091467,103.2445909,3187.088,0.110,0.026,0.152,1.931,3.069,0.287,12
$GNSS,2025-05-04T08:15:42.650Z,27.4091464,103.2445902,3187.160,-0.065,0.167,0.050,1.907,3.036,0.235,12
$GNSS,2025-05-04T08:15:42.700Z,27.4091462,103.2445893,3187.236,-0.007,0.062,-0.015,1.892,3.018,0.194,11
$GNSS,2025-05-04T08:15:42.750Z,27.4091458,103.2445884,3187.281,-0.125,0.079,0.114,1.861,2.975,0.285,11
$GNSS,2025-05-04T08:15:42.800Z,27.4091455,103.2445874,3187.358,-0.060,0.048,0.073,1.835,2.940,0.288,11
$GNSS,2025-05-04T08:15:42.850Z,27.4091452,103.2445864,3187.410,0.051,-0.114,0.134,1.812,2.909,0.257,11
$GNSS,2025-05-04T08:15:42.900Z,27.4091449,103.2445854,3187.491,0.062,-0.102,-0.057,1.800,2.895,0.278,11
$GNSS,2025-05-04T08:15:42.950Z,27.4091447,103.2445845,3187.549,0.054,-0.032,-0.090,1.787,2.879,0.309,11
$GNSS,2025-05-04T08:15:43.000Z,27.4091444,103.2445837,3187.581,0.149,-0.089,0.042,1.771,2.857,0.315,11
$GNSS,2025-05-04T08:15:43.050Z,27.4091441,103.2445830,3187.610,-0.040,0.101,0.084,1.747,2.822,0.270,11
$GNSS,2025-05-04T08:15:43.100Z,27.4091437,103.2445822,3187.667,-0.094,0.064,0.039,1.724,2.790,0.299,11
$GNSS,2025-05-04T08:15:43.150Z,27.4091434,103.2445816,3187.710,-0.160,0.020,0.238,1.732,2.808,0.281,11
$GNSS,2025-05-04T08:15:43.200Z,27.4091431,103.2445808,3187.789,-0.164,0.024,0.129,1.730,2.809,0.284,12
$GNSS,2025-05-04T08:15:43.250Z,27.4091429,103.2445801,3187.851,0.017,0.004,0.044,1.717,2.791,0.288,13
$GNSS,2025-05-04T08:15:43.300Z,27.4091426,103.2445796,3187.893,0.043,-0.057,-0.028,1.703,2.773,0.266,12
$GNSS,2025-05-04T08:15:43.350Z,27.4091424,103.2445792,3187.927,0.041,0.000,0.033,1.690,2.756,0.288,12
$GNSS,2025-05-04T08:15:43.400Z,27.4091422,103.2445785,3187.978,-0.095,0.082,0.074,1.676,2.737,0.269,13
$GNSS,2025-05-04T08:15:43.450Z,27.4091418,103.2445777,3188.049,-0.131,-0.011,0.015,1.665,2.722,0.257,13
$GNSS,2025-05-04T08:15:43.500Z,27.4091417,103.2445770,3188.065,0.038,-0.081,0.120,1.656,2.712,0.254,13
$GNSS,2025-05-04T08:15:43.550Z,27.4091415,103.2445763,3188.087,-0.027,-0.042,0.160,1.648,2.702,0.257,13
$GNSS,2025-05-04T08:15:43.600Z,27.4091411,103.2445755,3188.075,-0.106,-0.030,0.148,1.618,2.657,0.252,12
$GNSS,2025-05-04T08:15:43.650Z,27.4091409,103.2445747,3188.048,0.065,0.014,0.043,1.613,2.653,0.269,12
$GNSS,2025-05-04T08:15:43.700Z,27.4091407,103.2445742,3187.987,0.075,-0.030,0.110,1.609,2.649,0.296,11
$GNSS,2025-05-04T08:15:43.750Z,27.4091404,103.2445736,3187.923,-0.083,-0.054,0.119,1.605,2.645,0.242,11
$GNSS,2025-05-04T08:15:43.800Z,27.4091402,103.2445729,3187.890,-0.028,-0.042,0.035,1.600,2.641,0.203,12
$GNSS,2025-05-04T08:15:43.850Z,27.4091401,103.2445724,3187.921,-0.025,0.043,-0.149,1.596,2.637,0.276,12
$GNSS,2025-05-04T08:15:43.900Z,27.4091399,103.2445719,3187.918,-0.070,0.058,-0.005,1.592,2.633,0.260,12
$GNSS,2025-05-04T08:15:43.950Z,27.4091399,103.2445714,3187.911,0.007,0.031,0.071,1.588,2.629,0.269,12
$GNSS,2025-05-04T08:15:44.000Z,27.4091398,103.2445710,3187.899,0.078,0.046,0.167,1.585,2.626,0.279,12
$GNSS,2025-05-04T08:15:44.050Z,27.4091398,103.2445706,3187.899,0.079,0.064,0.112,1.581,2.622,0.265,12
$GNSS,2025-05-04T08:15:44.100Z,27.4091397,103.2445700,3187.889,0.097,-0.129,0.119,1.577,2.618,0.259,12
$GNSS,2025-05-04T08:15:44.150Z,27.4091396,103.2445698,3187.856,-0.047,0.042,0.116,1.574,2.614,0.267,11
$GNSS,2025-05-04T08:15:44.200Z,27.4091395,103.2445693,3187.863,0.063,-0.064,0.012,1.571,2.610,0.291,12
$GNSS,2025-05-04T08:15:44.250Z,27.4091395,103.2445689,3187.878,0.148,-0.047,-0.075,1.568,2.607,0.303,11
$GNSS,2025-05-04T08:15:44.300Z,27.4091394,103.2445686,3187.854,0.165,-0.068,-0.083,1.565,2.603,0.309,10
$GNSS,2025-05-04T08:15:44.350Z,27.4091392,103.2445684,3187.839,0.074,0.022,-0.052,1.562,2.600,0.261,11
$GNSS,2025-05-04T08:15:44.400Z,27.4091390,103.2445681,3187.814,0.048,-0.075,-0.063,1.559,2.596,0.277,11
$GNSS,2025-05-04T08:15:44.450Z,27.4091390,103.2445678,3187.830,0.147,-0.285,-0.187,1.556,2.592,0.272,11
$GNSS,2025-05-04T08:15:44.500Z,27.4091388,103.2445676,3187.880,-0.043,-0.280,-0.269,1.574,2.624,0.239,11
$GNSS,2025-05-04T08:15:44.550Z,27.4091385,103.2445678,3187.917,-0.553,-0.098,-0.146,1.606,2.677,0.311,12
$GNSS,2025-05-04T08:15:44.600Z,27.4091383,103.2445683,3187.954,-0.399,0.006,-0.114,1.640,2.734,0.331,11
$GNSS,2025-05-04T08:15:44.650Z,27.4091382,103.2445686,3187.998,-0.394,-0.087,-0.043,1.668,2.780,0.289,11
$GNSS,2025-05-04T08:15:44.700Z,27.4091378,103.2445689,3188.021,-0.616,-0.254,-0.046,1.663,2.773,0.258,12
$GNSS,2025-05-04T08:15:44.750Z,27.4091376,103.2445692,3187.997,-0.226,-0.113,-0.019,1.655,2.760,0.232,13
$GNSS,2025-05-04T08:15:44.800Z,27.4091375,103.2445695,3187.943,0.202,0.077,0.045,1.632,2.722,0.235,13
$GNSS,2025-05-04T08:15:44.850Z,27.4091374,103.2445700,3187.887,0.318,0.245,0.156,1.642,2.740,0.223,13
$GNSS,2025-05-04T08:15:44.900Z,27.4091371,103.2445703,3187.818,0.043,0.132,0.187,1.655,2.760,0.254,13
$GNSS,2025-05-04T08:15:44.950Z,27.4091368,103.2445704,3187.745,-0.336,-0.137,0.088,1.651,2.753,0.210,13
$GNSS,2025-05-04T08:15:45.000Z,27.4091367,103.2445703,3187.643,-0.088,-0.117,-0.096,1.636,2.727,0.224,13
$GNSS,2025-05-04T08:15:45.050Z,27.4091368,103.2445703,3187.554,0.085,-0.158,-0.020,1.628,2.710,0.250,13
$GNSS,2025-05-04T08:15:45.100Z,27.4091370,103.2445700,3187.599,0.189,-0.031,-0.021,1.601,2.664,0.252,13
$GNSS,2025-05-04T08:15:45.150Z,27.4091373,103.2445696,3187.626,0.114,-0.107,-0.032,1.579,2.628,0.249,13
$GNSS,2025-05-04T08:15:45.200Z,27.4091373,103.2445694,3187.704,-0.026,-0.001,-0.067,1.567,2.608,0.251,12
$GNSS,2025-05-04T08:15:45.250Z,27.4091374,103.2445691,3187.778,-0.041,0.057,0.035,1.563,2.603,0.238,12
$GNSS,2025-05-04T08:15:45.300Z,27.4091375,103.2445686,3187.809,-0.123,0.035,0.085,1.517,2.527,0.237,12
$GNSS,2025-05-04T08:15:45.350Z,27.4091377,103.2445681,3187.860,0.035,-0.078,-0.023,1.490,2.483,0.215,13
$GNSS,2025-05-04T08:15:45.400Z,27.4091379,103.2445676,3187.898,0.059,-0.111,0.041,1.486,2.475,0.207,13
$GNSS,2025-05-04T08:15:45.450Z,27.4091381,103.2445670,3187.936,0.114,-0.079,-0.018,1.481,2.468,0.231,13
$GNSS,2025-05-04T08:15:45.500Z,27.4091382,103.2445666,3187.959,0.026,0.027,-0.026,1.477,2.461,0.186,12
$GNSS,2025-05-04T08:15:45.550Z,27.4091382,103.2445661,3188.023,0.063,-0.025,0.022,1.472,2.454,0.248,12
$GNSS,2025-05-04T08:15:45.600Z,27.4091381,103.2445658,3188.061,-0.049,-0.064,0.052,1.468,2.447,0.175,12
$GNSS,2025-05-04T08:15:45.650Z,27.4091382,103.2445655,3188.094,0.007,-0.008,-0.053,1.463,2.439,0.233,12
$GNSS,2025-05-04T08:15:45.700Z,27.4091384,103.2445651,3188.143,0.123,-0.091,-0.079,1.459,2.433,0.239,11
$GNSS,2025-05-04T08:15:45.750Z,27.4091385,103.2445649,3188.202,0.049,-0.034,-0.153,1.455,2.426,0.239,11
$GNSS,2025-05-04T08:15:45.800Z,27.4091385,103.2445647,3188.237,-0.012,0.035,0.007,1.451,2.421,0.232,10
$GNSS,2025-05-04T08:15:45.850Z,27.4091387,103.2445645,3188.277,0.020,-0.052,0.034,1.448,2.416,0.224,10
$GNSS,2025-05-04T08:15:45.900Z,27.4091388,103.2445643,3188.338,-0.002,-0.043,-0.003,1.444,2.411,0.201,10
$GNSS,2025-05-04T08:15:45.950Z,27.4091389,103.2445641,3188.393,-0.012,-0.081,-0.017,1.441,2.406,0.200,10
$GNSS,2025-05-04T08:15:46.000Z,27.4091389,103.2445640,3188.448,-0.078,0.053,0.014,1.437,2.401,0.262,10
$GNSS,2025-05-04T08:15:46.050Z,27.4091391,103.2445636,3188.461,0.089,0.061,-0.080,1.434,2.396,0.200,11
$GNSS,2025-05-04T08:15:46.100Z,27.4091391,103.2445633,3188.469,0.016,0.053,-0.023,1.430,2.391,0.169,11
$GNSS,2025-05-04T08:15:46.150Z,27.4091391,103.2445629,3188.476,-0.096,0.122,0.055,1.427,2.386,0.243,11
$GNSS,2025-05-04T08:15:46.200Z,27.4091392,103.2445626,3188.499,-0.032,0.096,-0.060,1.423,2.382,0.207,11
$GNSS,2025-05-04T08:15:46.250Z,27.4091392,103.2445623,3188.524,0.056,0.061,-0.123,1.420,2.377,0.218,10
$GNSS,2025-05-04T08:15:46.300Z,27.4091392,103.2445620,3188.532,0.034,-0.019,0.031,1.417,2.371,0.250,12
$GNSS,2025-05-04T08:15:46.350Z,27.4091393,103.2445617,3188.580,0.058,0.044,-0.039,1.414,2.366,0.214,11
$GNSS,2025-05-04T08:15:46.400Z,27.4091394,103.2445618,3188.593,0.103,0.355,0.019,1.412,2.362,0.200,10
$GNSS,2025-05-04T08:15:46.450Z,27.4091396,103.2445621,3188.601,0.064,0.659,-0.158,1.410,2.357,0.232,10
$GNSS,2025-05-04T08:15:46.500Z,27.4091397,103.2445622,3188.609,0.042,0.399,-0.345,1.409,2.354,0.218,10
$GNSS,2025-05-04T08:15:46.550Z,27.4091399,103.2445618,3188.618,0.138,-0.169,-0.378,1.407,2.351,0.298,10
$GNSS,2025-05-04T08:15:46.600Z,27.4091402,103.2445620,3188.636,0.340,0.249,-0.306,1.406,2.350,0.276,9
$GNSS,2025-05-04T08:15:46.650Z,27.4091406,103.2445620,3188.557,0.550,0.121,0.075,1.405,2.347,0.230,8
$GNSS,2025-05-04T08:15:46.700Z,27.4091409,103.2445618,3188.542,0.438,0.283,0.185,1.402,2.344,0.264,11
$GNSS,2025-05-04T08:15:46.750Z,27.4091410,103.2445617,3188.557,0.349,0.508,0.209,1.401,2.341,0.272,8
$GNSS,2025-05-04T08:15:46.800Z,27.4091411,103.2445614,3188.546,0.014,0.111,0.137,1.399,2.337,0.271,8
$GNSS,2025-05-04T08:15:46.850Z,27.4091409,103.2445613,3188.438,-0.031,-0.122,0.021,1.396,2.332,0.278,10
$GNSS,2025-05-04T08:15:46.900Z,27.4091406,103.2445613,3188.323,-0.182,-0.146,-0.030,1.394,2.330,0.282,10
$GNSS,2025-05-04T08:15:46.950Z,27.4091402,103.2445613,3188.218,-0.313,-0.161,-0.015,1.393,2.328,0.203,11
$GNSS,2025-05-04T08:15:47.000Z,27.4091405,103.2445615,3188.138,-0.021,-0.125,0.370,1.392,2.327,0.308,9
$GNSS,2025-05-04T08:15:47.050Z,27.4091407,103.2445614,3188.137,0.075,-0.432,0.211,1.391,2.326,0.348,9
$GNSS,2025-05-04T08:15:47.100Z,27.4091405,103.2445613,3188.092,0.300,-0.457,-0.007,1.389,2.323,0.342,10
$GNSS,2025-05-04T08:15:47.150Z,27.4091403,103.2445616,3188.032,0.103,-0.185,0.032,1.388,2.320,0.335,11
$GNSS,2025-05-04T08:15:47.200Z,27.4091400,103.2445618,3187.933,0.152,-0.198,0.158,1.386,2.315,0.333,12
$GNSS,2025-05-04T08:15:47.250Z,27.4091397,103.2445618,3187.868,-0.032,-0.072,0.151,1.384,2.311,0.293,13
$GNSS,2025-05-04T08:15:47.300Z,27.4091393,103.2445618,3187.817,-0.020,-0.056,0.125,1.382,2.307,0.296,13
$GNSS,2025-05-04T08:15:47.350Z,27.4091388,103.2445617,3187.782,0.011,-0.096,0.042,1.379,2.303,0.265,13
$GNSS,2025-05-04T08:15:47.400Z,27.4091385,103.2445617,3187.767,-0.038,-0.011,-0.038,1.377,2.299,0.299,13
$GNSS,2025-05-04T08:15:47.450Z,27.4091382,103.2445617,3187.744,-0.065,0.031,-0.018,1.375,2.295,0.277,12
$GNSS,2025-05-04T08:15:47.500Z,27.4091379,103.2445616,3187.698,0.047,-0.087,0.143,1.373,2.291,0.288,12
$GNSS,2025-05-04T08:15:47.550Z,27.4091378,103.2445615,3187.687,0.144,-0.135,0.144,1.371,2.288,0.290,12
$GNSS,2025-05-04T08:15:47.600Z,27.4091375,103.2445615,3187.691,-0.009,0.094,0.068,1.369,2.285,0.226,12
$GNSS,2025-05-04T08:15:47.650Z,27.4091373,103.2445615,3187.700,0.049,-0.016,0.078,1.366,2.282,0.292,12
$GNSS,2025-05-04T08:15:47.700Z,27.4091372,103.2445614,3187.713,-0.016,-0.075,-0.028,1.364,2.279,0.221,13
$GNSS,2025-05-04T08:15:47.750Z,27.4091373,103.2445613,3187.739,0.091,0.013,-0.087,1.362,2.276,0.243,12
$GNSS,2025-05-04T08:15:47.800Z,27.4091374,103.2445612,3187.777,0.064,0.012,-0.103,1.360,2.273,0.255,13
$GNSS,2025-05-04T08:15:47.850Z,27.4091376,103.2445611,3187.796,0.130,0.026,0.083,1.359,2.271,0.286,12
$GNSS,2025-05-04T08:15:47.900Z,27.4091377,103.2445611,3187.801,0.094,0.104,0.113,1.357,2.269,0.276,11
$GNSS,2025-05-04T08:15:47.950Z,27.4091378,103.2445610,3187.817,-0.021,0.062,0.040,1.355,2.267,0.222,10
$GNSS,2025-05-04T08:15:48.000Z,27.4091378,103.2445609,3187.858,-0.175,-0.048,-0.169,1.353,2.265,0.329,10
$GNSS,2025-05-04T08:15:48.050Z,27.4091378,103.2445609,3187.873,-0.101,-0.083,-0.239,1.352,2.263,0.335,10
$GNSS,2025-05-04T08:15:48.100Z,27.4091380,103.2445607,3187.866,-0.086,-0.057,-0.103,1.351,2.263,0.356,11
$GNSS,2025-05-04T08:15:48.150Z,27.4091380,103.2445606,3187.817,-0.058,-0.014,0.034,1.350,2.261,0.276,12
$GNSS,2025-05-04T08:15:48.200Z,27.4091378,103.2445605,3187.779,-0.239,-0.038,0.068,1.349,2.258,0.324,12
$GNSS,2025-05-04T08:15:48.250Z,27.4091377,103.2445604,3187.747,-0.166,-0.052,-0.063,1.347,2.255,0.364,12
$GNSS,2025-05-04T08:15:48.300Z,27.4091379,103.2445603,3187.711,0.177,-0.096,-0.012,1.346,2.254,0.357,10
$GNSS,2025-05-04T08:15:48.350Z,27.4091380,103.2445605,3187.765,0.129,-0.058,-0.033,1.346,2.252,0.405,10
$GNSS,2025-05-04T08:15:48.400Z,27.4091380,103.2445607,3187.811,-0.040,-0.134,-0.030,1.345,2.250,0.282,10
$GNSS,2025-05-04T08:15:48.450Z,27.4091382,103.2445610,3187.854,0.074,0.040,-0.064,1.345,2.249,0.309,10
$GNSS,2025-05-04T08:15:48.500Z,27.4091383,103.2445614,3187.883,0.084,0.191,-0.049,1.345,2.247,0.270,10
$GNSS,2025-05-04T08:15:48.550Z,27.4091383,103.2445618,3187.897,-0.164,0.158,0.032,1.344,2.247,0.346,10
$GNSS,2025-05-04T08:15:48.600Z,27.4091384,103.2445621,3187.934,0.049,-0.011,-0.088,1.345,2.248,0.289,10
$GNSS,2025-05-04T08:15:48.650Z,27.4091385,103.2445623,3187.981,0.139,-0.029,-0.138,1.365,2.281,0.314,10
$GNSS,2025-05-04T08:15:48.700Z,27.4091386,103.2445626,3188.021,0.094,-0.073,-0.112,1.382,2.311,0.311,10
$GNSS,2025-05-04T08:15:48.750Z,27.4091386,103.2445628,3188.051,0.026,-0.041,-0.122,1.383,2.312,0.317,11
$GNSS,2025-05-04T08:15:48.800Z,27.4091385,103.2445630,3188.097,-0.113,-0.092,-0.082,1.384,2.314,0.371,11
$GNSS,2025-05-04T08:15:48.850Z,27.4091385,103.2445633,3188.155,-0.069,0.085,-0.101,1.377,2.303,0.304,11
$GNSS,2025-05-04T08:15:48.900Z,27.4091385,103.2445637,3188.224,0.063,0.139,-0.113,1.365,2.283,0.244,11
$GNSS,2025-05-04T08:15:48.950Z,27.4091386,103.2445638,3188.309,0.233,-0.138,-0.226,1.358,2.271,0.312,11
$GNSS,2025-05-04T08:15:49.000Z,27.4091387,103.2445640,3188.338,0.078,-0.189,-0.217,1.339,2.240,0.287,12
$GNSS,2025-05-04T08:15:49.050Z,27.4091389,103.2445642,3188.383,0.132,0.150,-0.296,1.337,2.238,0.258,12
$GNSS,2025-05-04T08:15:49.100Z,27.4091388,103.2445642,3188.424,-0.143,-0.017,-0.354,1.336,2.236,0.289,12
$GNSS,2025-05-04T08:15:49.150Z,27.4091390,103.2445645,3188.417,0.176,0.014,0.025,1.335,2.235,0.276,11
$GNSS,2025-05-04T08:15:49.200Z,27.4091391,103.2445645,3188.397,0.126,-0.132,0.277,1.335,2.235,0.304,10
$GNSS,2025-05-04T08:15:49.250Z,27.4091390,103.2445646,3188.339,-0.049,0.038,0.311,1.334,2.233,0.292,10
$GNSS,2025-05-04T08:15:49.300Z,27.4091389,103.2445646,3188.316,0.022,-0.001,0.054,1.333,2.231,0.305,10
$GNSS,2025-05-04T08:15:49.350Z,27.4091387,103.2445643,3188.297,0.033,-0.039,-0.174,1.332,2.228,0.288,10
$GNSS,2025-05-04T08:15:49.400Z,27.4091385,103.2445640,3188.253,-0.066,-0.049,-0.094,1.331,2.226,0.290,10
$GNSS,2025-05-04T08:15:49.450Z,27.4091382,103.2445633,3188.302,-0.008,-0.512,-0.224,1.329,2.225,0.277,9
$GNSS,2025-05-04T08:15:49.550Z,27.4091377,103.2445629,3188.361,-0.471,-0.182,-0.386,1.330,2.226,0.396,8
$GNSS,2025-05-04T08:15:49.600Z,27.4091372,103.2445626,3188.439,-0.688,-0.087,-0.442,1.329,2.225,0.378,8
$GNSS,2025-05-04T08:15:49.650Z,27.4091372,103.2445623,3188.514,-0.201,0.055,-0.344,1.327,2.223,0.380,8
$GNSS,2025-05-04T08:15:49.700Z,27.4091374,103.2445619,3188.517,0.026,-0.154,-0.213,1.326,2.221,0.310,8
$GNSS,2025-05-04T08:15:49.750Z,27.4091376,103.2445615,3188.446,-0.025,-0.319,-0.003,1.324,2.219,0.225,10
$GNSS,2025-05-04T08:15:49.800Z,27.4091375,103.2445615,3188.497,-0.343,-0.165,-0.238,1.322,2.216,0.293,12
$GNSS,2025-05-04T08:15:49.850Z,27.4091375,103.2445613,3188.553,-0.124,-0.174,-0.169,1.362,2.283,0.247,12
$GNSS,2025-05-04T08:15:49.900Z,27.4091375,103.2445613,3188.619,-0.144,-0.055,-0.029,1.413,2.369,0.250,11
$GNSS,2025-05-04T08:15:49.950Z,27.4091376,103.2445611,3188.631,0.126,-0.296,-0.006,1.436,2.410,0.253,12
$GNSS,2025-05-04T08:15:50.000Z,27.4091378,103.2445609,3188.632,0.187,-0.170,0.018,1.428,2.397,0.293,12
$GNSS,2025-05-04T08:15:50.050Z,27.4091379,103.2445609,3188.645,0.093,-0.062,-0.034,1.417,2.379,0.286,12
$GNSS,2025-05-04T08:15:50.100Z,27.4091381,103.2445613,3188.551,-0.048,-0.088,-0.046,1.431,2.402,0.249,10
$GNSS,2025-05-04T08:15:50.150Z,27.4091382,103.2445618,3188.457,0.008,-0.085,-0.024,1.469,2.464,0.277,10
$GNSS,2025-05-04T08:15:50.200Z,27.4091384,103.2445620,3188.426,0.065,-0.020,-0.037,1.495,2.508,0.273,11
$GNSS,2025-05-04T08:15:50.250Z,27.4091383,103.2445620,3188.424,-0.019,0.134,-0.043,1.515,2.541,0.226,12
$GNSS,2025-05-04T08:15:50.300Z,27.4091384,103.2445621,3188.418,0.080,-0.008,-0.044,1.529,2.565,0.254,12
$GNSS,2025-05-04T08:15:50.350Z,27.4091384,103.2445621,3188.379,0.061,-0.055,0.003,1.544,2.590,0.255,12
$GNSS,2025-05-04T08:15:50.400Z,27.4091384,103.2445622,3188.357,0.014,-0.055,0.078,1.555,2.609,0.242,12
$GNSS,2025-05-04T08:15:50.450Z,27.4091382,103.2445622,3188.359,-0.096,-0.021,0.065,1.562,2.621,0.231,12
$GNSS,2025-05-04T08:15:50.500Z,27.4091380,103.2445625,3188.295,0.011,0.070,-0.052,1.575,2.642,0.196,13
$GNSS,2025-05-04T08:15:50.550Z,27.4091378,103.2445626,3188.235,0.122,-0.098,-0.046,1.583,2.656,0.252,13
$GNSS,2025-05-04T08:15:50.600Z,27.4091375,103.2445627,3188.198,-0.029,-0.120,0.037,1.589,2.666,0.171,13
$GNSS,2025-05-04T08:15:50.650Z,27.4091373,103.2445628,3188.181,-0.040,0.012,0.047,1.581,2.652,0.244,13
$GNSS,2025-05-04T08:15:50.700Z,27.4091371,103.2445629,3188.145,-0.046,-0.066,0.142,1.572,2.637,0.223,13
$GNSS,2025-05-04T08:15:50.750Z,27.4091370,103.2445631,3188.118,-0.007,0.017,0.061,1.568,2.629,0.254,13
$GNSS,2025-05-04T08:15:50.800Z,27.4091368,103.2445632,3188.105,-0.054,0.025,-0.001,1.569,2.631,0.255,13
$GNSS,2025-05-04T08:15:50.850Z,27.4091367,103.2445633,3188.078,0.052,-0.098,0.049,1.571,2.634,0.226,13
$GNSS,2025-05-04T08:15:50.900Z,27.4091365,103.2445635,3188.041,0.017,0.000,0.043,1.572,2.636,0.257,13
$GNSS,2025-05-04T08:15:50.950Z,27.4091364,103.2445637,3188.008,0.012,0.014,0.018,1.572,2.635,0.234,13
$GNSS,2025-05-04T08:15:51.000Z,27.4091362,103.2445638,3187.992,0.016,0.017,-0.063,1.564,2.623,0.230,13
$GNSS,2025-05-04T08:15:51.050Z,27.4091361,103.2445640,3187.963,0.059,0.025,-0.008,1.556,2.609,0.218,13
$GNSS,2025-05-04T08:15:51.100Z,27.4091360,103.2445641,3187.941,0.078,0.058,-0.061,1.550,2.599,0.197,13
$GNSS,2025-05-04T08:15:51.150Z,27.4091359,103.2445644,3187.918,0.119,0.150,-0.076,1.540,2.583,0.178,13
$GNSS,2025-05-04T08:15:51.200Z,27.4091360,103.2445645,3187.897,0.203,0.025,-0.012,1.541,2.584,0.253,12
$GNSS,2025-05-04T08:15:51.250Z,27.4091358,103.2445647,3187.902,-0.063,0.068,-0.150,1.542,2.585,0.246,12
$GNSS,2025-05-04T08:15:51.300Z,27.4091357,103.2445647,3187.901,0.069,-0.047,-0.076,1.541,2.584,0.253,12
$GNSS,2025-05-04T08:15:51.350Z,27.4091356,103.2445648,3187.875,0.058,-0.047,0.063,1.544,2.589,0.256,12
$GNSS,2025-05-04T08:15:51.400Z,27.4091355,103.2445648,3187.856,0.192,-0.011,0.006,1.547,2.594,0.264,12
$GNSS,2025-05-04T08:15:51.450Z,27.4091352,103.2445649,3187.875,0.030,0.007,-0.050,1.550,2.600,0.233,11
$GNSS,2025-05-04T08:15:51.500Z,27.4091350,103.2445650,3187.888,-0.026,-0.077,-0.139,1.539,2.581,0.235,12
$GNSS,2025-05-04T08:15:51.550Z,27.4091347,103.2445650,3187.915,-0.142,-0.075,-0.159,1.531,2.568,0.247,12
$GNSS,2025-05-04T08:15:51.600Z,27.4091345,103.2445650,3187.930,-0.108,-0.015,-0.068,1.526,2.560,0.263,12
$GNSS,2025-05-04T08:15:51.650Z,27.4091344,103.2445652,3187.928,0.076,0.014,0.055,1.518,2.546,0.260,12
$GNSS,2025-05-04T08:15:51.700Z,27.4091342,103.2445654,3187.921,0.078,0.182,0.070,1.526,2.559,0.187,12
$GNSS,2025-05-04T08:15:51.750Z,27.4091340,103.2445655,3187.919,0.083,0.168,0.068,1.528,2.563,0.186,12
$GNSS,2025-05-04T08:15:51.800Z,27.4091338,103.2445659,3187.858,0.179,0.176,0.099,1.524,2.556,0.210,13
$GNSS,2025-05-04T08:15:51.850Z,27.4091336,103.2445663,3187.809,0.177,0.229,0.186,1.514,2.539,0.215,13
$GNSS,2025-05-04T08:15:51.900Z,27.4091335,103.2445666,3187.798,0.240,0.177,0.116,1.464,2.457,0.211,14
$GNSS,2025-05-04T08:15:51.950Z,27.4091334,103.2445667,3187.775,-0.036,-0.210,0.116,1.427,2.394,0.204,14
$GNSS,2025-05-04T08:15:52.000Z,27.4091332,103.2445667,3187.757,0.016,-0.095,0.019,1.379,2.314,0.227,14
$GNSS,2025-05-04T08:15:52.050Z,27.4091333,103.2445667,3187.746,0.187,-0.133,-0.005,1.325,2.224,0.263,15
$GNSS,2025-05-04T08:15:52.100Z,27.4091335,103.2445666,3187.696,0.361,-0.015,-0.028,1.254,2.105,0.248,14
$GNSS,2025-05-04T08:15:52.150Z,27.4091339,103.2445665,3187.640,0.629,-0.010,-0.040,1.239,2.081,0.302,12
$GNSS,2025-05-04T08:15:52.200Z,27.4091342,103.2445667,3187.568,0.462,0.257,-0.094,1.238,2.079,0.235,12
$GNSS,2025-05-04T08:15:52.250Z,27.4091344,103.2445666,3187.556,0.304,-0.037,-0.081,1.237,2.078,0.334,12
$GNSS,2025-05-04T08:15:52.300Z,27.4091345,103.2445663,3187.512,0.160,-0.325,0.325,1.236,2.076,0.286,11
$GNSS,2025-05-04T08:15:52.350Z,27.4091343,103.2445659,3187.510,-0.212,-0.333,0.337,1.235,2.074,0.239,10
$GNSS,2025-05-04T08:15:52.400Z,27.4091339,103.2445659,3187.526,-0.544,-0.026,0.228,1.233,2.072,0.346,12
$GNSS,2025-05-04T08:15:52.450Z,27.4091334,103.2445661,3187.496,-0.764,0.268,0.335,1.232,2.069,0.363,12
$GNSS,2025-05-04T08:15:52.500Z,27.4091332,103.2445662,3187.503,-0.485,0.160,0.229,1.230,2.066,0.335,12
$GNSS,2025-05-04T08:15:52.550Z,27.4091330,103.2445662,3187.532,-0.289,0.011,0.161,1.228,2.063,0.319,12
$GNSS,2025-05-04T08:15:52.600Z,27.4091330,103.2445661,3187.566,-0.051,-0.070,0.117,1.226,2.061,0.268,12
$GNSS,2025-05-04T08:15:52.650Z,27.4091330,103.2445661,3187.605,0.168,-0.068,0.031,1.250,2.103,0.288,13
$GNSS,2025-05-04T08:15:52.700Z,27.4091328,103.2445660,3187.640,0.047,-0.135,-0.041,1.286,2.163,0.256,13
$GNSS,2025-05-04T08:15:52.750Z,27.4091327,103.2445660,3187.653,-0.076,-0.046,-0.007,1.314,2.212,0.199,13
$GNSS,2025-05-04T08:15:52.800Z,27.4091326,103.2445660,3187.664,-0.096,0.050,0.051,1.330,2.239,0.294,13
$GNSS,2025-05-04T08:15:52.850Z,27.4091325,103.2445659,3187.674,-0.100,0.012,0.084,1.340,2.258,0.285,13
$GNSS,2025-05-04T08:15:52.900Z,27.4091324,103.2445658,3187.684,-0.036,-0.025,0.016,1.345,2.267,0.191,13
$GNSS,2025-05-04T08:15:52.950Z,27.4091324,103.2445658,3187.672,0.017,-0.009,-0.011,1.352,2.279,0.287,13
$GNSS,2025-05-04T08:15:53.000Z,27.4091323,103.2445657,3187.674,0.008,-0.061,-0.103,1.358,2.291,0.290,13
$GNSS,2025-05-04T08:15:53.050Z,27.4091322,103.2445656,3187.663,-0.054,-0.025,0.044,1.363,2.300,0.228,13
$GNSS,2025-05-04T08:15:53.100Z,27.4091321,103.2445655,3187.681,-0.038,0.048,-0.081,1.365,2.305,0.245,13
$GNSS,2025-05-04T08:15:53.150Z,27.4091320,103.2445654,3187.687,0.054,-0.037,-0.081,1.369,2.312,0.292,13
$GNSS,2025-05-04T08:15:53.200Z,27.4091319,103.2445653,3187.680,0.071,-0.069,0.014,1.370,2.314,0.237,13
$GNSS,2025-05-04T08:15:53.250Z,27.4091318,103.2445653,3187.690,-0.053,0.050,0.071,1.370,2.316,0.275,13
$GNSS,2025-05-04T08:15:53.300Z,27.4091317,103.2445652,3187.707,0.021,0.055,0.056,1.369,2.316,0.241,13
$GNSS,2025-05-04T08:15:53.350Z,27.4091317,103.2445653,3187.717,0.127,0.092,0.018,1.368,2.314,0.178,13
$GNSS,2025-05-04T08:15:53.400Z,27.4091317,103.2445654,3187.754,0.347,0.304,-0.139,1.338,2.265,0.179,13
$GNSS,2025-05-04T08:15:53.450Z,27.4091319,103.2445659,3187.793,0.707,0.834,-0.182,1.320,2.235,0.166,13
$GNSS,2025-05-04T08:15:53.500Z,27.4091320,103.2445668,3187.713,0.495,1.457,0.221,1.254,2.124,0.208,12
$GNSS,2025-05-04T08:15:53.550Z,27.4091320,103.2445667,3187.679,0.023,0.689,0.391,1.186,2.009,0.268,12
$GNSS,2025-05-04T08:15:53.600Z,27.4091318,103.2445670,3187.691,-0.419,0.590,0.384,1.185,2.008,0.310,12
$GNSS,2025-05-04T08:15:53.650Z,27.4091319,103.2445669,3187.714,-0.017,0.035,0.079,1.184,2.008,0.317,11
$GNSS,2025-05-04T08:15:53.700Z,27.4091320,103.2445670,3187.740,0.230,0.128,-0.094,1.183,2.008,0.288,10
$GNSS,2025-05-04T08:15:53.750Z,27.4091320,103.2445669,3187.788,-0.106,-0.205,0.037,1.182,2.008,0.272,11
$GNSS,2025-05-04T08:15:53.800Z,27.4091323,103.2445668,3187.761,0.261,-0.266,0.243,1.182,2.009,0.380,10
$GNSS,2025-05-04T08:15:53.850Z,27.4091324,103.2445669,3187.779,0.316,-0.104,0.052,1.182,2.009,0.380,11
$GNSS,2025-05-04T08:15:53.900Z,27.4091327,103.2445669,3187.767,0.392,-0.147,0.052,1.181,2.008,0.318,11
$GNSS,2025-05-04T08:15:53.950Z,27.4091329,103.2445670,3187.778,0.349,0.002,0.111,1.180,2.006,0.289,12
$GNSS,2025-05-04T08:15:54.000Z,27.4091329,103.2445666,3187.785,-0.038,-0.010,0.061,1.178,2.004,0.285,13
$GNSS,2025-05-04T08:15:54.050Z,27.4091328,103.2445661,3187.856,-0.063,-0.036,0.068,1.176,2.003,0.239,12
$GNSS,2025-05-04T08:15:54.100Z,27.4091328,103.2445659,3187.904,0.081,-0.287,0.049,1.175,2.003,0.306,10
$GNSS,2025-05-04T08:15:54.150Z,27.4091329,103.2445657,3187.901,0.025,-0.158,0.047,1.174,2.003,0.253,11
$GNSS,2025-05-04T08:15:54.200Z,27.4091330,103.2445653,3187.906,0.254,-0.205,0.020,1.173,2.001,0.302,11
$GNSS,2025-05-04T08:15:54.250Z,27.4091331,103.2445649,3187.910,0.173,-0.099,0.014,1.171,1.999,0.282,12
$GNSS,2025-05-04T08:15:54.300Z,27.4091330,103.2445646,3187.927,-0.138,-0.036,0.034,1.170,1.997,0.231,12
$GNSS,2025-05-04T08:15:54.350Z,27.4091328,103.2445643,3187.985,-0.225,-0.059,-0.014,1.168,1.996,0.262,12
$GNSS,2025-05-04T08:15:54.400Z,27.4091326,103.2445641,3188.021,-0.212,0.046,-0.051,1.167,1.995,0.320,12
$GNSS,2025-05-04T08:15:54.450Z,27.4091326,103.2445638,3188.029,-0.006,-0.010,-0.092,1.166,1.993,0.348,13
$GNSS,2025-05-04T08:15:54.500Z,27.4091326,103.2445637,3188.056,0.117,-0.009,-0.138,1.164,1.992,0.271,13
$GNSS,2025-05-04T08:15:54.550Z,27.4091325,103.2445635,3188.086,0.051,-0.007,-0.085,1.163,1.991,0.288,13
$GNSS,2025-05-04T08:15:54.600Z,27.4091324,103.2445634,3188.126,-0.114,0.033,-0.078,1.161,1.989,0.336,13
$GNSS,2025-05-04T08:15:54.650Z,27.4091321,103.2445633,3188.194,-0.225,0.095,-0.317,1.160,1.988,0.345,13
$GNSS,2025-05-04T08:15:54.700Z,27.4091317,103.2445631,3188.256,-0.817,-0.066,-0.610,1.158,1.986,0.287,13
$GNSS,2025-05-04T08:15:54.750Z,27.4091315,103.2445629,3188.199,-0.854,-0.297,-0.099,1.157,1.984,0.221,13
$GNSS,2025-05-04T08:15:54.800Z,27.4091314,103.2445627,3188.178,-0.417,0.014,0.355,1.155,1.982,0.259,13
$GNSS,2025-05-04T08:15:54.850Z,27.4091314,103.2445625,3188.186,-0.062,0.115,0.446,1.153,1.980,0.324,13
$GNSS,2025-05-04T08:15:54.900Z,27.4091313,103.2445622,3188.228,-0.160,-0.063,0.139,1.152,1.979,0.257,12
$GNSS,2025-05-04T08:15:54.950Z,27.4091311,103.2445619,3188.244,-0.377,-0.048,-0.010,1.151,1.977,0.253,12
$GNSS,2025-05-04T08:15:55.000Z,27.4091309,103.2445618,3188.318,-0.375,-0.099,-0.172,1.150,1.975,0.285,11
$GNSS,2025-05-04T08:15:55.050Z,27.4091306,103.2445617,3188.377,-0.302,0.087,-0.154,1.149,1.973,0.327,11
$GNSS,2025-05-04T08:15:55.100Z,27.4091306,103.2445615,3188.443,0.242,-0.170,-0.077,1.147,1.972,0.301,11
$GNSS,2025-05-04T08:15:55.150Z,27.4091304,103.2445613,3188.551,0.199,-0.305,-0.029,1.151,1.980,0.285,11
$GNSS,2025-05-04T08:15:55.200Z,27.4091301,103.2445611,3188.653,0.030,-0.481,-0.029,1.172,2.017,0.217,12
$GNSS,2025-05-04T08:15:55.250Z,27.4091299,103.2445609,3188.783,-0.136,-0.515,-0.034,1.200,2.065,0.187,12
$GNSS,2025-05-04T08:15:55.300Z,27.4091300,103.2445608,3188.859,0.438,-0.285,0.068,1.219,2.098,0.325,12
$GNSS,2025-05-04T08:15:55.350Z,27.4091300,103.2445606,3188.908,0.453,-0.088,0.084,1.232,2.120,0.341,13
$GNSS,2025-05-04T08:15:55.400Z,27.4091298,103.2445603,3188.928,0.158,0.027,0.028,1.206,2.076,0.310,13
$GNSS,2025-05-04T08:15:55.450Z,27.4091294,103.2445600,3188.945,-0.403,-0.117,-0.048,1.177,2.027,0.269,14
$GNSS,2025-05-04T08:15:55.500Z,27.4091290,103.2445596,3189.008,-0.285,-0.294,-0.242,1.163,2.004,0.288,13
$GNSS,2025-05-04T08:15:55.550Z,27.4091287,103.2445592,3189.058,-0.205,-0.239,-0.293,1.164,2.006,0.340,12
$GNSS,2025-05-04T08:15:55.600Z,27.4091283,103.2445589,3189.091,-0.360,-0.121,-0.367,1.154,1.990,0.375,13
$GNSS,2025-05-04T08:15:55.650Z,27.4091281,103.2445587,3189.115,-0.290,-0.148,-0.192,1.171,2.020,0.338,13
$GNSS,2025-05-04T08:15:55.700Z,27.4091278,103.2445584,3189.178,-0.358,-0.153,-0.116,1.208,2.086,0.299,12
$GNSS,2025-05-04T08:15:55.750Z,27.4091277,103.2445582,3189.225,-0.060,-0.224,-0.024,1.218,2.105,0.177,13
$GNSS,2025-05-04T08:15:55.800Z,27.4091276,103.2445579,3189.280,-0.085,-0.280,-0.021,1.226,2.119,0.182,12
$GNSS,2025-05-04T08:15:55.850Z,27.4091275,103.2445576,3189.336,0.045,-0.324,-0.013,1.195,2.067,0.201,13
$GNSS,2025-05-04T08:15:55.900Z,27.4091272,103.2445574,3189.389,-0.025,-0.296,0.077,1.163,2.012,0.184,13
$GNSS,2025-05-04T08:15:55.950Z,27.4091269,103.2445573,3189.469,-0.212,0.012,0.172,1.149,1.989,0.262,12
$GNSS,2025-05-04T08:15:56.000Z,27.4091266,103.2445572,3189.553,-0.050,0.116,0.232,1.150,1.992,0.337,11
$GNSS,2025-05-04T08:15:56.050Z,27.4091262,103.2445571,3189.621,0.014,0.076,0.048,1.144,1.983,0.257,13
$GNSS,2025-05-04T08:15:56.100Z,27.4091259,103.2445568,3189.708,0.076,0.062,-0.203,1.149,1.994,0.305,12
$GNSS,2025-05-04T08:15:56.150Z,27.4091255,103.2445567,3189.757,-0.167,0.141,-0.226,1.144,1.986,0.335,12
$GNSS,2025-05-04T08:15:56.200Z,27.4091254,103.2445566,3189.736,-0.075,0.206,0.017,1.127,1.958,0.206,14
$GNSS,2025-05-04T08:15:56.250Z,27.4091253,103.2445565,3189.729,-0.067,0.390,0.040,1.113,1.935,0.222,13
$GNSS,2025-05-04T08:15:56.300Z,27.4091254,103.2445564,3189.696,0.077,0.475,0.202,1.113,1.933,0.243,13
$GNSS,2025-05-04T08:15:56.350Z,27.4091254,103.2445562,3189.666,0.210,0.213,0.299,1.112,1.932,0.342,12
$GNSS,2025-05-04T08:15:56.400Z,27.4091254,103.2445557,3189.664,0.250,0.008,0.210,1.110,1.931,0.359,14
$GNSS,2025-05-04T08:15:56.450Z,27.4091253,103.2445552,3189.602,0.021,-0.052,0.330,1.108,1.929,0.347,13
$GNSS,2025-05-04T08:15:56.500Z,27.4091251,103.2445548,3189.662,0.042,-0.087,-0.143,1.107,1.927,0.300,12
$GNSS,2025-05-04T08:15:56.550Z,27.4091250,103.2445544,3189.645,-0.016,0.067,-0.068,1.105,1.925,0.261,15
$GNSS,2025-05-04T08:15:56.600Z,27.4091249,103.2445544,3189.643,-0.100,0.537,0.041,1.103,1.924,0.185,13
$GNSS,2025-05-04T08:15:56.650Z,27.4091248,103.2445541,3189.651,0.103,0.252,-0.033,1.101,1.923,0.140,13
$GNSS,2025-05-04T08:15:56.700Z,27.4091245,103.2445538,3189.699,-0.274,-0.062,-0.211,1.100,1.922,0.362,12
$GNSS,2025-05-04T08:15:56.750Z,27.4091242,103.2445534,3189.738,-0.305,-0.194,-0.301,1.099,1.921,0.464,10
$GNSS,2025-05-04T08:15:56.800Z,27.4091243,103.2445532,3189.717,0.290,-0.330,0.051,1.097,1.919,0.329,12
$GNSS,2025-05-04T08:15:56.850Z,27.4091243,103.2445529,3189.753,0.349,-0.109,0.169,1.095,1.916,0.344,13
$GNSS,2025-05-04T08:15:56.900Z,27.4091239,103.2445527,3189.828,-0.083,-0.070,0.077,1.094,1.914,0.232,13
$GNSS,2025-05-04T08:15:56.950Z,27.4091236,103.2445525,3189.928,-0.261,-0.120,-0.101,1.092,1.912,0.230,13
$GNSS,2025-05-04T08:15:57.000Z,27.4091234,103.2445522,3189.980,-0.183,0.034,-0.192,1.090,1.910,0.312,13
$GNSS,2025-05-04T08:15:57.050Z,27.4091236,103.2445517,3189.999,0.364,-0.085,-0.216,1.088,1.908,0.273,12
$GNSS,2025-05-04T08:15:57.100Z,27.4091238,103.2445514,3189.991,0.439,-0.089,-0.018,1.086,1.906,0.242,13
$GNSS,2025-05-04T08:15:57.150Z,27.4091238,103.2445510,3189.986,0.095,-0.091,0.147,1.084,1.904,0.259,13
$GNSS,2025-05-04T08:15:57.200Z,27.4091238,103.2445508,3189.931,0.061,-0.086,0.106,1.083,1.901,0.247,12
$GNSS,2025-05-04T08:15:57.250Z,27.4091237,103.2445505,3189.895,0.068,-0.120,-0.078,1.081,1.899,0.281,12
$GNSS,2025-05-04T08:15:57.300Z,27.4091235,103.2445506,3189.877,0.098,0.001,-0.036,1.079,1.896,0.234,13
$GNSS,2025-05-04T08:15:57.350Z,27.4091234,103.2445506,3189.943,0.141,-0.012,-0.043,1.078,1.895,0.261,11
$GNSS,2025-05-04T08:15:57.400Z,27.4091233,103.2445507,3189.926,0.308,0.082,-0.059,1.078,1.896,0.182,14
$GNSS,2025-05-04T08:15:57.450Z,27.4091232,103.2445508,3189.900,0.263,0.131,0.086,1.098,1.933,0.203,14
$GNSS,2025-05-04T08:15:57.500Z,27.4091231,103.2445508,3189.831,0.125,0.048,0.123,1.072,1.888,0.260,14
$GNSS,2025-05-04T08:15:57.550Z,27.4091229,103.2445508,3189.747,0.041,0.056,0.162,1.070,1.886,0.286,14
$GNSS,2025-05-04T08:15:57.600Z,27.4091228,103.2445507,3189.737,0.147,0.113,0.082,1.068,1.884,0.212,13
$GNSS,2025-05-04T08:15:57.650Z,27.4091228,103.2445507,3189.721,0.196,0.211,0.158,1.067,1.883,0.222,13
$GNSS,2025-05-04T08:15:57.700Z,27.4091229,103.2445506,3189.754,0.229,0.121,0.186,1.065,1.881,0.239,13
$GNSS,2025-05-04T08:15:57.750Z,27.4091228,103.2445506,3189.781,0.163,0.092,0.116,1.063,1.879,0.229,13
$GNSS,2025-05-04T08:15:57.800Z,27.4091228,103.2445506,3189.760,0.002,0.026,0.061,1.062,1.877,0.274,14
$GNSS,2025-05-04T08:15:57.850Z,27.4091227,103.2445505,3189.748,-0.088,-0.054,0.013,1.060,1.874,0.177,14
$GNSS,2025-05-04T08:15:57.900Z,27.4091226,103.2445505,3189.733,-0.144,0.012,0.088,1.059,1.872,0.241,14
$GNSS,2025-05-04T08:15:57.950Z,27.4091225,103.2445504,3189.728,-0.172,0.038,0.033,1.057,1.869,0.233,14
$GNSS,2025-05-04T08:15:58.000Z,27.4091225,103.2445504,3189.717,-0.184,0.062,0.108,1.056,1.867,0.283,13
$GNSS,2025-05-04T08:15:58.050Z,27.4091224,103.2445505,3189.719,-0.192,0.039,0.081,1.055,1.864,0.289,12
$GNSS,2025-05-04T08:15:58.100Z,27.4091223,103.2445505,3189.753,-0.160,0.010,0.020,1.053,1.862,0.235,12
$GNSS,2025-05-04T08:15:58.150Z,27.4091223,103.2445505,3189.804,-0.009,0.014,-0.054,1.052,1.860,0.250,12
$GNSS,2025-05-04T08:15:58.200Z,27.4091223,103.2445506,3189.824,-0.055,-0.005,-0.036,1.051,1.858,0.248,12
$GNSS,2025-05-04T08:15:58.250Z,27.4091224,103.2445506,3189.829,0.012,-0.088,0.012,1.049,1.855,0.192,12
$GNSS,2025-05-04T08:15:58.300Z,27.4091224,103.2445506,3189.840,-0.006,-0.099,0.076,1.048,1.852,0.189,12
$GNSS,2025-05-04T08:15:58.350Z,27.4091225,103.2445505,3189.865,-0.068,-0.158,0.052,1.047,1.850,0.166,12
$GNSS,2025-05-04T08:15:58.400Z,27.4091225,103.2445505,3189.883,-0.069,0.003,0.109,1.046,1.847,0.230,12
$GNSS,2025-05-04T08:15:58.450Z,27.4091225,103.2445506,3189.917,-0.013,0.054,0.014,1.044,1.844,0.203,12
$GNSS,2025-05-04T08:15:58.500Z,27.4091225,103.2445506,3189.946,-0.030,0.124,-0.025,1.043,1.841,0.192,12
$GNSS,2025-05-04T08:15:58.550Z,27.4091226,103.2445507,3189.957,0.047,0.054,0.044,1.042,1.839,0.202,12
$GNSS,2025-05-04T08:15:58.600Z,27.4091226,103.2445507,3189.973,0.017,-0.053,0.104,1.040,1.836,0.213,12
$GNSS,2025-05-04T08:15:58.650Z,27.4091227,103.2445506,3190.003,0.040,-0.122,0.023,1.039,1.833,0.195,12
$GNSS,2025-05-04T08:15:58.700Z,27.4091226,103.2445505,3190.010,-0.050,0.004,-0.031,1.037,1.831,0.221,13
$GNSS,2025-05-04T08:15:58.750Z,27.4091226,103.2445503,3190.012,-0.067,-0.025,-0.018,1.036,1.828,0.191,13
$GNSS,2025-05-04T08:15:58.800Z,27.4091225,103.2445502,3190.021,0.024,0.072,-0.060,1.034,1.825,0.178,13
$GNSS,2025-05-04T08:15:58.850Z,27.4091225,103.2445503,3190.041,-0.006,0.053,0.018,1.032,1.822,0.188,13
$GNSS,2025-05-04T08:15:58.900Z,27.4091224,103.2445503,3190.058,-0.090,0.011,0.053,1.031,1.820,0.201,13
$GNSS,2025-05-04T08:15:58.950Z,27.4091224,103.2445502,3190.065,0.020,0.053,0.023,1.029,1.817,0.173,14
$GNSS,2025-05-04T08:15:59.000Z,27.4091223,103.2445501,3190.076,-0.056,0.037,0.020,1.028,1.815,0.200,14
$GNSS,2025-05-04T08:15:59.050Z,27.4091222,103.2445499,3190.096,-0.063,-0.020,0.005,1.026,1.813,0.177,14
$GNSS,2025-05-04T08:15:59.100Z,27.4091221,103.2445498,3190.097,-0.119,-0.013,-0.013,1.025,1.811,0.191,14
$GNSS,2025-05-04T08:15:59.150Z,27.4091221,103.2445497,3190.096,-0.024,0.058,-0.060,1.024,1.809,0.197,14
$GNSS,2025-05-04T08:15:59.200Z,27.4091221,103.2445496,3190.102,0.042,0.050,-0.065,1.022,1.807,0.180,14
$GNSS,2025-05-04T08:15:59.250Z,27.4091221,103.2445495,3190.081,0.015,0.002,0.048,1.021,1.805,0.229,14
$GNSS,2025-05-04T08:15:59.300Z,27.4091221,103.2445493,3190.058,-0.085,-0.013,0.094,1.020,1.803,0.205,14
$GNSS,2025-05-04T08:15:59.350Z,27.4091221,103.2445492,3190.037,-0.118,0.023,-0.123,1.018,1.801,0.221,13
$GNSS,2025-05-04T08:15:59.400Z,27.4091221,103.2445491,3190.018,0.057,0.035,-0.176,1.017,1.799,0.212,13
$GNSS,2025-05-04T08:15:59.450Z,27.4091222,103.2445490,3190.006,0.147,0.000,-0.200,1.016,1.797,0.217,13
$GNSS,2025-05-04T08:15:59.550Z,27.4091222,103.2445488,3190.061,0.009,-0.092,-0.034,1.016,1.798,0.197,13
$GNSS,2025-05-04T08:15:59.600Z,27.4091219,103.2445487,3190.099,-0.134,-0.035,0.010,1.030,1.823,0.209,12
$GNSS,2025-05-04T08:15:59.650Z,27.4091218,103.2445486,3190.161,0.074,-0.041,-0.136,1.012,1.793,0.248,11
$GNSS,2025-05-04T08:15:59.700Z,27.4091219,103.2445484,3190.211,0.396,0.073,-0.395,1.011,1.792,0.242,11
$GNSS,2025-05-04T08:15:59.750Z,27.4091218,103.2445482,3190.268,0.266,-0.024,-0.293,1.011,1.791,0.273,11
$GNSS,2025-05-04T08:15:59.800Z,27.4091218,103.2445482,3190.290,0.006,0.031,-0.271,1.010,1.790,0.256,10
$GNSS,2025-05-04T08:15:59.850Z,27.4091218,103.2445479,3190.338,0.299,-0.107,-0.204,1.009,1.789,0.323,10
$GNSS,2025-05-04T08:15:59.900Z,27.4091218,103.2445479,3190.317,0.350,-0.131,0.136,1.009,1.788,0.308,10
$GNSS,2025-05-04T08:15:59.950Z,27.4091218,103.2445476,3190.236,0.245,-0.297,0.279,1.008,1.787,0.232,11
$GNSS,2025-05-04T08:16:00.000Z,27.4091217,103.2445474,3190.249,0.110,-0.120,0.233,1.007,1.786,0.250,11
$GNSS,2025-05-04T08:16:00.050Z,27.4091215,103.2445473,3190.262,-0.182,0.009,0.391,1.006,1.785,0.265,11
$GNSS,2025-05-04T08:16:00.100Z,27.4091213,103.2445472,3190.316,0.000,-0.048,0.245,1.005,1.784,0.248,12
$GNSS,2025-05-04T08:16:00.150Z,27.4091213,103.2445470,3190.359,0.232,-0.237,-0.023,1.004,1.783,0.262,13
$GNSS,2025-05-04T08:16:00.200Z,27.4091213,103.2445468,3190.362,0.165,-0.024,0.044,1.016,1.805,0.230,13
$GNSS,2025-05-04T08:16:00.250Z,27.4091213,103.2445467,3190.364,0.039,0.056,0.148,1.030,1.830,0.245,13
$GNSS,2025-05-04T08:16:00.300Z,27.4091214,103.2445463,3190.351,0.052,-0.039,0.201,1.007,1.790,0.236,13
$GNSS,2025-05-04T08:16:00.350Z,27.4091215,103.2445460,3190.328,0.239,-0.152,0.158,1.021,1.815,0.234,12
$GNSS,2025-05-04T08:16:00.400Z,27.4091216,103.2445458,3190.301,0.322,-0.222,0.067,1.030,1.831,0.246,13
$GNSS,2025-05-04T08:16:00.450Z,27.4091217,103.2445456,3190.275,0.265,-0.123,0.077,1.040,1.848,0.244,13
$GNSS,2025-05-04T08:16:00.500Z,27.4091218,103.2445453,3190.252,0.260,-0.179,0.069,1.046,1.860,0.233,13
$GNSS,2025-05-04T08:16:00.550Z,27.4091218,103.2445452,3190.214,0.121,-0.061,0.173,1.054,1.874,0.230,13
$GNSS,2025-05-04T08:16:00.600Z,27.4091216,103.2445452,3190.193,-0.100,0.144,0.084,1.070,1.902,0.246,12
$GNSS,2025-05-04T08:16:00.650Z,27.4091216,103.2445451,3190.168,0.065,-0.003,0.015,1.084,1.928,0.227,12
$GNSS,2025-05-04T08:16:00.700Z,27.4091215,103.2445450,3190.157,0.155,-0.079,-0.035,1.109,1.971,0.242,12
$GNSS,2025-05-04T08:16:00.750Z,27.4091214,103.2445449,3190.133,0.155,-0.089,0.007,1.127,2.003,0.236,12
$GNSS,2025-05-04T08:16:00.800Z,27.4091214,103.2445448,3190.082,0.182,-0.162,0.059,1.147,2.039,0.229,12
$GNSS,2025-05-04T08:16:00.850Z,27.4091214,103.2445447,3190.034,0.209,-0.282,0.170,1.156,2.055,0.217,12
$GNSS,2025-05-04T08:16:00.900Z,27.4091211,103.2445449,3189.932,-0.071,0.073,0.093,1.168,2.076,0.225,13
$GNSS,2025-05-04T08:16:00.950Z,27.4091208,103.2445453,3189.844,-0.112,0.347,-0.132,1.173,2.083,0.205,13
$GNSS,2025-05-04T08:16:01.000Z,27.4091206,103.2445456,3189.733,-0.027,0.158,-0.058,1.176,2.088,0.193,13
$GNSS,2025-05-04T08:16:01.050Z,27.4091204,103.2445457,3189.602,0.054,-0.031,0.117,1.176,2.087,0.222,13
$GNSS,2025-05-04T08:16:01.100Z,27.4091203,103.2445459,3189.477,0.136,-0.174,0.220,1.176,2.087,0.219,13
$GNSS,2025-05-04T08:16:01.150Z,27.4091201,103.2445459,3189.378,0.192,-0.355,0.412,1.177,2.087,0.206,13
$GNSS,2025-05-04T08:16:01.200Z,27.4091200,103.2445456,3189.394,0.124,-0.251,0.251,1.160,2.058,0.200,13
$GNSS,2025-05-04T08:16:01.250Z,27.4091198,103.2445456,3189.440,-0.074,0.173,-0.096,1.147,2.036,0.186,13
$GNSS,2025-05-04T08:16:01.300Z,27.4091196,103.2445457,3189.480,-0.264,0.338,-0.297,1.136,2.018,0.193,13
$GNSS,2025-05-04T08:16:01.350Z,27.4091195,103.2445456,3189.503,0.003,0.125,-0.113,1.130,2.008,0.174,13
$GNSS,2025-05-04T08:16:01.400Z,27.4091195,103.2445455,3189.506,0.130,-0.081,0.096,1.129,2.007,0.200,13
$GNSS,2025-05-04T08:16:01.450Z,27.4091195,103.2445453,3189.511,0.031,-0.188,0.158,1.120,1.992,0.171,14
$GNSS,2025-05-04T08:16:01.500Z,27.4091193,103.2445451,3189.539,-0.013,-0.075,-0.001,1.121,1.993,0.145,13
$GNSS,2025-05-04T08:16:01.550Z,27.4091194,103.2445449,3189.557,0.088,-0.058,0.017,1.117,1.986,0.201,14
$GNSS,2025-05-04T08:16:01.600Z,27.4091194,103.2445447,3189.585,0.041,-0.030,-0.006,1.113,1.980,0.195,14
$GNSS,2025-05-04T08:16:01.650Z,27.4091194,103.2445445,3189.599,0.070,-0.044,0.040,1.110,1.975,0.206,14
$GNSS,2025-05-04T08:16:01.700Z,27.4091194,103.2445443,3189.615,0.013,-0.062,0.051,1.109,1.974,0.177,14
$GNSS,2025-05-04T08:16:01.750Z,27.4091195,103.2445442,3189.631,0.040,-0.063,0.023,1.104,1.965,0.187,14
$GNSS,2025-05-04T08:16:01.800Z,27.4091194,103.2445441,3189.602,0.055,-0.095,-0.031,1.114,1.983,0.194,14
$GNSS,2025-05-04T08:16:01.850Z,27.4091193,103.2445441,3189.569,0.059,-0.133,0.003,1.123,1.999,0.195,14
$GNSS,2025-05-04T08:16:01.900Z,27.4091191,103.2445441,3189.556,-0.110,-0.100,0.081,1.132,2.016,0.147,14
$GNSS,2025-05-04T08:16:01.950Z,27.4091189,103.2445442,3189.556,-0.104,-0.016,0.087,1.135,2.024,0.172,14
$GNSS,2025-05-04T08:16:02.000Z,27.4091187,103.2445442,3189.555,-0.040,-0.024,0.072,1.138,2.028,0.176,14
$GNSS,2025-05-04T08:16:02.050Z,27.4091185,103.2445442,3189.545,0.044,0.019,0.013,1.135,2.025,0.196,14
$GNSS,2025-05-04T08:16:02.100Z,27.4091184,103.2445443,3189.536,0.031,0.044,-0.124,1.135,2.024,0.193,14
$GNSS,2025-05-04T08:16:02.150Z,27.4091182,103.2445444,3189.532,-0.032,0.109,-0.139,1.135,2.026,0.227,14
$GNSS,2025-05-04T08:16:02.200Z,27.4091181,103.2445446,3189.514,0.034,0.100,-0.055,1.137,2.029,0.164,14
$GNSS,2025-05-04T08:16:02.250Z,27.4091180,103.2445446,3189.496,0.128,0.056,0.055,1.136,2.027,0.215,14
$GNSS,2025-05-04T08:16:02.300Z,27.4091179,103.2445445,3189.390,0.098,-0.016,0.076,1.111,1.982,0.241,14
$GNSS,2025-05-04T08:16:02.350Z,27.4091178,103.2445444,3189.243,0.050,-0.039,0.070,1.098,1.959,0.244,14
$GNSS,2025-05-04T08:16:02.400Z,27.4091177,103.2445443,3189.082,0.064,-0.054,0.038,1.087,1.939,0.246,14
$GNSS,2025-05-04T08:16:02.450Z,27.4091176,103.2445443,3188.914,-0.019,-0.014,-0.041,1.081,1.927,0.219,14
$GNSS,2025-05-04T08:16:02.500Z,27.4091175,103.2445443,3188.768,0.000,0.118,-0.013,1.078,1.922,0.176,14
$GNSS,2025-05-04T08:16:02.550Z,27.4091173,103.2445443,3188.624,-0.185,0.081,-0.018,1.075,1.916,0.240,14
$GNSS,2025-05-04T08:16:02.600Z,27.4091171,103.2445441,3188.481,-0.211,-0.223,-0.111,1.070,1.906,0.176,14
$GNSS,2025-05-04T08:16:02.650Z,27.4091169,103.2445440,3188.345,-0.135,-0.267,-0.158,1.065,1.897,0.177,14
$GNSS,2025-05-04T08:16:02.700Z,27.4091168,103.2445437,3188.226,0.106,-0.343,-0.059,1.053,1.876,0.193,14
$GNSS,2025-05-04T08:16:02.750Z,27.4091168,103.2445435,3188.118,0.078,-0.251,-0.024,1.041,1.854,0.196,14
$GNSS,2025-05-04T08:16:02.800Z,27.4091166,103.2445434,3188.004,0.010,-0.029,-0.079,1.032,1.838,0.213,14
$GNSS,2025-05-04T08:16:02.850Z,27.4091165,103.2445433,3187.886,-0.033,-0.038,-0.036,1.019,1.816,0.198,14
$GNSS,2025-05-04T08:16:02.900Z,27.4091165,103.2445433,3187.726,-0.019,0.008,0.005,1.019,1.814,0.205,14
$GNSS,2025-05-04T08:16:02.950Z,27.4091165,103.2445432,3187.566,-0.006,0.000,0.079,1.015,1.807,0.207,14
$GNSS,2025-05-04T08:16:03.000Z,27.4091164,103.2445431,3187.450,-0.058,-0.005,0.023,1.007,1.794,0.176,14
$GNSS,2025-05-04T08:16:03.050Z,27.4091163,103.2445430,3187.332,-0.039,-0.023,-0.029,1.002,1.784,0.205,14
$GNSS,2025-05-04T08:16:03.100Z,27.4091162,103.2445429,3187.210,0.024,-0.057,-0.056,0.996,1.774,0.216,14
$GNSS,2025-05-04T08:16:03.150Z,27.4091162,103.2445428,3187.091,-0.018,-0.049,-0.037,1.002,1.784,0.208,13
$GNSS,2025-05-04T08:16:03.200Z,27.4091161,103.2445426,3187.009,-0.060,0.002,0.004,0.988,1.759,0.194,13
$GNSS,2025-05-04T08:16:03.250Z,27.4091162,103.2445423,3186.935,0.018,-0.063,0.028,0.975,1.738,0.195,13
$GNSS,2025-05-04T08:16:03.300Z,27.4091162,103.2445421,3186.866,0.051,0.004,0.029,0.964,1.718,0.213,13
$GNSS,2025-05-04T08:16:03.350Z,27.4091162,103.2445418,3186.801,-0.034,-0.018,-0.056,0.958,1.708,0.232,13
$GNSS,2025-05-04T08:16:03.400Z,27.4091162,103.2445416,3186.722,-0.049,-0.059,-0.092,0.952,1.698,0.228,13
$GNSS,2025-05-04T08:16:03.450Z,27.4091162,103.2445414,3186.635,0.029,-0.056,-0.005,0.946,1.686,0.210,13
$GNSS,2025-05-04T08:16:03.500Z,27.4091163,103.2445411,3186.566,0.032,-0.045,-0.007,0.940,1.677,0.217,13
$GNSS,2025-05-04T08:16:03.550Z,27.4091163,103.2445409,3186.465,-0.044,-0.066,0.050,0.944,1.684,0.169,13
$GNSS,2025-05-04T08:16:03.600Z,27.4091164,103.2445407,3186.373,-0.038,0.026,0.010,0.947,1.689,0.222,13
$GNSS,2025-05-04T08:16:03.650Z,27.4091165,103.2445405,3186.283,-0.049,0.013,0.041,0.951,1.695,0.223,13
$GNSS,2025-05-04T08:16:03.700Z,27.4091166,103.2445403,3186.197,0.029,0.082,0.004,0.952,1.697,0.181,13
$GNSS,2025-05-04T08:16:03.750Z,27.4091166,103.2445402,3186.084,-0.052,0.033,0.062,0.952,1.695,0.233,13
$GNSS,2025-05-04T08:16:03.800Z,27.4091167,103.2445400,3185.989,-0.029,0.009,-0.016,0.949,1.691,0.219,13
$GNSS,2025-05-04T08:16:03.850Z,27.4091167,103.2445398,3185.897,-0.009,-0.024,0.038,0.947,1.686,0.194,13
$GNSS,2025-05-04T08:16:03.900Z,27.4091168,103.2445396,3185.806,-0.060,0.008,0.065,0.945,1.684,0.223,13
$GNSS,2025-05-04T08:16:03.950Z,27.4091168,103.2445394,3185.708,-0.050,0.012,0.060,0.946,1.685,0.227,13
$GNSS,2025-05-04T08:16:04.000Z,27.4091169,103.2445393,3185.604,0.029,-0.077,-0.010,0.943,1.679,0.214,13
$GNSS,2025-05-04T08:16:04.050Z,27.4091169,103.2445391,3185.506,0.032,0.001,0.035,0.944,1.680,0.223,12
$GNSS,2025-05-04T08:16:04.100Z,27.4091169,103.2445390,3185.409,-0.014,0.026,0.007,0.942,1.675,0.238,12
$GNSS,2025-05-04T08:16:04.150Z,27.4091169,103.2445389,3185.303,-0.081,0.085,0.040,0.941,1.673,0.252,12
$GNSS,2025-05-04T08:16:04.200Z,27.4091168,103.2445387,3185.211,-0.035,-0.025,0.080,0.941,1.674,0.215,12
$GNSS,2025-05-04T08:16:04.250Z,27.4091169,103.2445386,3185.129,0.090,0.015,0.016,0.943,1.676,0.215,12
$GNSS,2025-05-04T08:16:04.300Z,27.4091169,103.2445384,3185.034,0.046,-0.035,0.005,0.942,1.674,0.239,12
$GNSS,2025-05-04T08:16:04.350Z,27.4091169,103.2445382,3184.950,0.035,-0.100,-0.029,0.943,1.675,0.231,12
$GNSS,2025-05-04T08:16:04.400Z,27.4091170,103.2445381,3184.856,0.014,0.006,0.047,0.943,1.675,0.232,12
$GNSS,2025-05-04T08:16:04.450Z,27.4091171,103.2445379,3184.782,0.017,-0.041,-0.018,0.945,1.679,0.236,12
$GNSS,2025-05-04T08:16:04.500Z,27.4091172,103.2445377,3184.697,0.121,-0.124,-0.007,0.940,1.670,0.217,13
$GNSS,2025-05-04T08:16:04.550Z,27.4091173,103.2445374,3184.623,0.107,-0.143,0.034,0.941,1.671,0.208,13
$GNSS,2025-05-04T08:16:04.600Z,27.4091175,103.2445372,3184.549,0.171,-0.124,0.061,0.944,1.677,0.208,13
$GNSS,2025-05-04T08:16:04.650Z,27.4091176,103.2445370,3184.456,0.243,-0.027,0.166,0.958,1.702,0.246,12
$GNSS,2025-05-04T08:16:04.700Z,27.4091178,103.2445367,3184.411,0.310,-0.119,0.251,0.950,1.688,0.252,13
$GNSS,2025-05-04T08:16:04.750Z,27.4091179,103.2445366,3184.349,0.315,0.038,0.317,0.933,1.659,0.257,14
$GNSS,2025-05-04T08:16:04.800Z,27.4091180,103.2445366,3184.298,0.282,0.111,0.241,0.918,1.633,0.245,14
$GNSS,2025-05-04T08:16:04.850Z,27.4091181,103.2445366,3184.244,0.218,0.166,0.225,0.907,1.614,0.246,14
$GNSS,2025-05-04T08:16:04.900Z,27.4091181,103.2445366,3184.208,0.115,0.173,0.091,0.903,1.607,0.202,14
$GNSS,2025-05-04T08:16:04.950Z,27.4091182,103.2445367,3184.147,0.150,0.363,0.124,0.902,1.606,0.183,14
$GNSS,2025-05-04T08:16:05.000Z,27.4091182,103.2445367,3184.098,0.109,0.160,0.172,0.902,1.605,0.223,14
$GNSS,2025-05-04T08:16:05.050Z,27.4091183,103.2445366,3184.033,0.046,0.029,0.252,0.901,1.604,0.245,14
$GNSS,2025-05-04T08:16:05.100Z,27.4091183,103.2445366,3183.975,-0.043,-0.013,0.226,0.900,1.603,0.225,13
$GNSS,2025-05-04T08:16:05.150Z,27.4091183,103.2445365,3183.925,0.055,0.074,0.280,0.900,1.602,0.261,13
$GNSS,2025-05-04T08:16:05.200Z,27.4091183,103.2445364,3183.898,-0.033,0.172,0.188,0.899,1.602,0.219,13
$GNSS,2025-05-04T08:16:05.250Z,27.4091185,103.2445362,3183.871,0.121,0.029,0.080,0.899,1.601,0.292,13
$GNSS,2025-05-04T08:16:05.300Z,27.4091186,103.2445360,3183.842,0.081,0.075,-0.009,0.898,1.601,0.188,13
$GNSS,2025-05-04T08:16:05.350Z,27.4091187,103.2445358,3183.812,0.024,0.063,0.077,0.898,1.600,0.250,13
$GNSS,2025-05-04T08:16:05.400Z,27.4091187,103.2445358,3183.779,-0.041,0.255,0.130,0.897,1.600,0.199,13
$GNSS,2025-05-04T08:16:05.450Z,27.4091188,103.2445356,3183.737,-0.020,0.088,0.133,0.897,1.599,0.232,13
$GNSS,2025-05-04T08:16:05.500Z,27.4091189,103.2445354,3183.724,0.024,-0.025,0.081,0.896,1.599,0.291,13
$GNSS,2025-05-04T08:16:05.550Z,27.4091190,103.2445351,3183.701,-0.025,0.015,0.096,0.896,1.598,0.236,13
$GNSS,2025-05-04T08:16:05.600Z,27.4091191,103.2445350,3183.672,-0.029,0.043,0.090,0.896,1.598,0.227,13
$GNSS,2025-05-04T08:16:05.650Z,27.4091192,103.2445347,3183.639,0.081,-0.039,0.063,0.895,1.598,0.312,13
$GNSS,2025-05-04T08:16:05.700Z,27.4091193,103.2445345,3183.614,-0.002,-0.047,0.017,0.895,1.597,0.192,13
$GNSS,2025-05-04T08:16:05.750Z,27.4091193,103.2445343,3183.577,-0.037,0.020,0.043,0.894,1.597,0.207,13
$GNSS,2025-05-04T08:16:05.800Z,27.4091194,103.2445341,3183.543,-0.032,-0.026,0.083,0.894,1.596,0.214,13
$GNSS,2025-05-04T08:16:05.850Z,27.4091194,103.2445338,3183.523,-0.011,-0.144,0.034,0.893,1.596,0.180,13
$GNSS,2025-05-04T08:16:05.900Z,27.4091195,103.2445334,3183.506,0.017,-0.316,0.066,0.893,1.595,0.191,13
$GNSS,2025-05-04T08:16:05.950Z,27.4091196,103.2445331,3183.480,0.036,-0.290,-0.050,0.893,1.595,0.184,13
$GNSS,2025-05-04T08:16:06.000Z,27.4091196,103.2445329,3183.450,-0.012,-0.106,-0.051,0.892,1.594,0.196,13
$GNSS,2025-05-04T08:16:06.050Z,27.4091196,103.2445327,3183.437,-0.115,-0.122,-0.101,0.892,1.594,0.249,13
$GNSS,2025-05-04T08:16:06.100Z,27.4091196,103.2445324,3183.416,-0.116,-0.157,-0.066,0.891,1.593,0.220,13
$GNSS,2025-05-04T08:16:06.150Z,27.4091197,103.2445322,3183.401,0.068,-0.228,-0.014,0.891,1.593,0.197,13
$GNSS,2025-05-04T08:16:06.200Z,27.4091198,103.2445321,3183.371,0.089,-0.159,-0.018,0.890,1.592,0.240,13
$GNSS,2025-05-04T08:16:06.250Z,27.4091198,103.2445320,3183.335,-0.083,-0.129,-0.030,0.890,1.592,0.198,13
$GNSS,2025-05-04T08:16:06.300Z,27.4091198,103.2445318,3183.310,-0.153,-0.098,-0.027,0.890,1.591,0.235,13
$GNSS,2025-05-04T08:16:06.350Z,27.4091198,103.2445317,3183.277,-0.061,-0.142,-0.004,0.889,1.591,0.169,13
$GNSS,2025-05-04T08:16:06.400Z,27.4091198,103.2445315,3183.252,0.000,-0.208,-0.007,0.889,1.590,0.189,13
$GNSS,2025-05-04T08:16:06.450Z,27.4091198,103.2445314,3183.222,0.055,-0.065,0.071,0.889,1.590,0.287,13
$GNSS,2025-05-04T08:16:06.500Z,27.4091198,103.2445313,3183.192,-0.028,-0.036,0.051,0.888,1.589,0.185,13
$GNSS,2025-05-04T08:16:06.550Z,27.4091197,103.2445312,3183.171,-0.117,0.004,-0.048,0.888,1.589,0.284,13
$GNSS,2025-05-04T08:16:06.600Z,27.4091197,103.2445311,3183.139,-0.098,0.008,-0.056,0.887,1.588,0.293,13
$GNSS,2025-05-04T08:16:06.650Z,27.4091197,103.2445311,3183.104,0.019,0.048,0.034,0.887,1.587,0.211,13
$GNSS,2025-05-04T08:16:06.700Z,27.4091197,103.2445310,3183.063,0.000,-0.031,0.126,0.887,1.587,0.251,13
$GNSS,2025-05-04T08:16:06.750Z,27.4091197,103.2445309,3183.031,-0.012,0.056,0.090,0.886,1.586,0.222,13
$GNSS,2025-05-04T08:16:06.800Z,27.4091197,103.2445308,3183.014,-0.011,0.022,0.013,0.886,1.585,0.208,13
$GNSS,2025-05-04T08:16:06.850Z,27.4091195,103.2445307,3182.982,-0.233,-0.178,0.006,0.885,1.585,0.185,13
$GNSS,2025-05-04T08:16:06.900Z,27.4091193,103.2445305,3182.949,-0.308,-0.294,-0.094,0.885,1.584,0.200,13
$GNSS,2025-05-04T08:16:06.950Z,27.4091192,103.2445303,3182.913,-0.250,-0.265,-0.020,0.884,1.583,0.181,13
$GNSS,2025-05-04T08:16:07.000Z,27.4091192,103.2445302,3182.896,-0.107,-0.179,0.072,0.884,1.583,0.158,12
$GNSS,2025-05-04T08:16:07.050Z,27.4091191,103.2445301,3182.857,-0.036,-0.131,0.097,0.884,1.582,0.191,13
$GNSS,2025-05-04T08:16:07.100Z,27.4091191,103.2445300,3182.831,-0.012,-0.117,0.021,0.883,1.581,0.180,13
$GNSS,2025-05-04T08:16:07.150Z,27.4091191,103.2445299,3182.784,0.030,-0.079,0.073,0.883,1.580,0.259,13
$GNSS,2025-05-04T08:16:07.200Z,27.4091190,103.2445300,3182.756,-0.032,0.045,0.008,0.882,1.579,0.232,13
$GNSS,2025-05-04T08:16:07.250Z,27.4091190,103.2445301,3182.706,-0.029,0.129,0.026,0.882,1.579,0.205,13
$GNSS,2025-05-04T08:16:07.300Z,27.4091190,103.2445302,3182.653,0.041,0.077,0.053,0.881,1.578,0.201,13
$GNSS,2025-05-04T08:16:07.350Z,27.4091190,103.2445302,3182.617,0.033,0.028,0.015,0.881,1.577,0.207,13
$GNSS,2025-05-04T08:16:07.400Z,27.4091190,103.2445302,3182.571,0.012,-0.030,0.055,0.881,1.576,0.256,13
$GNSS,2025-05-04T08:16:07.450Z,27.4091190,103.2445301,3182.548,0.027,-0.013,0.029,0.880,1.575,0.288,13
$GNSS,2025-05-04T08:16:07.500Z,27.4091190,103.2445302,3182.510,0.012,0.027,0.030,0.880,1.574,0.219,13
$GNSS,2025-05-04T08:16:07.550Z,27.4091190,103.2445303,3182.455,0.002,0.158,-0.022,0.880,1.573,0.190,13
$GNSS,2025-05-04T08:16:07.600Z,27.4091190,103.2445303,3182.405,0.059,0.093,0.009,0.879,1.573,0.174,13
$GNSS,2025-05-04T08:16:07.650Z,27.4091191,103.2445304,3182.355,0.002,0.079,0.045,0.879,1.572,0.198,13
$GNSS,2025-05-04T08:16:07.700Z,27.4091191,103.2445304,3182.311,0.023,0.108,0.128,0.879,1.571,0.223,13
$GNSS,2025-05-04T08:16:07.750Z,27.4091191,103.2445304,3182.279,-0.055,0.092,0.087,0.878,1.570,0.211,13
$GNSS,2025-05-04T08:16:07.800Z,27.4091192,103.2445303,3182.238,0.092,0.022,0.119,0.878,1.569,0.287,14
$GNSS,2025-05-04T08:16:07.850Z,27.4091192,103.2445303,3182.222,0.028,0.024,0.002,0.878,1.569,0.191,14
$GNSS,2025-05-04T08:16:07.900Z,27.4091192,103.2445303,3182.186,-0.063,0.105,0.000,0.877,1.568,0.224,15
$GNSS,2025-05-04T08:16:07.950Z,27.4091192,103.2445303,3182.150,-0.026,0.090,0.036,0.877,1.567,0.200,15
$GNSS,2025-05-04T08:16:08.000Z,27.4091192,103.2445302,3182.110,-0.006,-0.054,0.056,0.876,1.566,0.200,15
$GNSS,2025-05-04T08:16:08.050Z,27.4091193,103.2445302,3182.059,0.055,0.040,0.115,0.876,1.564,0.248,15
$GNSS,2025-05-04T08:16:08.100Z,27.4091193,103.2445302,3181.993,-0.002,0.148,-0.056,0.875,1.563,0.174,15
$GNSS,2025-05-04T08:16:08.150Z,27.4091194,103.2445301,3181.917,0.137,0.003,-0.027,0.875,1.561,0.220,15
$GNSS,2025-05-04T08:16:08.200Z,27.4091194,103.2445300,3181.831,0.012,-0.014,-0.009,0.874,1.560,0.209,14
$GNSS,2025-05-04T08:16:08.250Z,27.4091194,103.2445300,3181.728,-0.056,-0.004,0.065,0.874,1.558,0.175,14
$GNSS,2025-05-04T08:16:08.300Z,27.4091193,103.2445299,3181.666,-0.196,0.008,-0.034,0.874,1.557,0.255,14
$GNSS,2025-05-04T08:16:08.350Z,27.4091192,103.2445296,3181.601,-0.255,-0.179,-0.005,0.873,1.555,0.187,14
$GNSS,2025-05-04T08:16:08.400Z,27.4091191,103.2445294,3181.531,-0.297,-0.255,-0.077,0.872,1.553,0.181,15
$GNSS,2025-05-04T08:16:08.450Z,27.4091191,103.2445292,3181.450,-0.085,-0.374,-0.065,0.872,1.552,0.151,15
$GNSS,2025-05-04T08:16:08.500Z,27.4091191,103.2445289,3181.357,-0.019,-0.335,0.053,0.871,1.550,0.159,15
$GNSS,2025-05-04T08:16:08.550Z,27.4091190,103.2445287,3181.285,-0.172,-0.228,0.098,0.871,1.549,0.136,15
$GNSS,2025-05-04T08:16:08.600Z,27.4091188,103.2445286,3181.213,-0.253,-0.105,0.019,0.870,1.548,0.172,15
$GNSS,2025-05-04T08:16:08.650Z,27.4091187,103.2445286,3181.139,-0.357,-0.072,-0.176,0.870,1.546,0.215,15
$GNSS,2025-05-04T08:16:08.700Z,27.4091185,103.2445285,3181.080,-0.226,-0.097,-0.201,0.869,1.545,0.222,15
$GNSS,2025-05-04T08:16:08.750Z,27.4091185,103.2445285,3181.014,-0.020,-0.028,-0.126,0.869,1.544,0.226,14
$GNSS,2025-05-04T08:16:08.800Z,27.4091186,103.2445284,3180.942,0.097,-0.013,-0.039,0.868,1.543,0.196,14
$GNSS,2025-05-04T08:16:08.850Z,27.4091186,103.2445284,3180.874,-0.042,0.013,-0.023,0.868,1.541,0.229,14
$GNSS,2025-05-04T08:16:08.900Z,27.4091185,103.2445284,3180.813,-0.175,0.001,-0.031,0.867,1.540,0.205,14
$GNSS,2025-05-04T08:16:08.950Z,27.4091183,103.2445283,3180.754,-0.402,0.034,-0.090,0.866,1.539,0.195,14
$GNSS,2025-05-04T08:16:09.000Z,27.4091182,103.2445283,3180.689,-0.255,-0.104,-0.052,0.866,1.539,0.209,12
$GNSS,2025-05-04T08:16:09.050Z,27.4091182,103.2445283,3180.660,-0.116,0.043,-0.027,0.866,1.539,0.287,12
$GNSS,2025-05-04T08:16:09.100Z,27.4091182,103.2445282,3180.630,-0.035,0.007,0.011,0.866,1.538,0.251,13
$GNSS,2025-05-04T08:16:09.150Z,27.4091182,103.2445282,3180.576,-0.041,-0.007,0.050,0.866,1.538,0.236,13
$GNSS,2025-05-04T08:16:09.200Z,27.4091183,103.2445281,3180.523,0.025,-0.030,0.047,0.866,1.538,0.239,13
$GNSS,2025-05-04T08:16:09.250Z,27.4091183,103.2445281,3180.478,-0.100,0.003,0.007,0.866,1.538,0.216,13
$GNSS,2025-05-04T08:16:09.300Z,27.4091183,103.2445280,3180.444,-0.039,0.026,-0.051,0.865,1.537,0.233,13
$GNSS,2025-05-04T08:16:09.350Z,27.4091183,103.2445280,3180.406,0.011,0.095,-0.010,0.865,1.537,0.198,13
$GNSS,2025-05-04T08:16:09.400Z,27.4091184,103.2445280,3180.360,0.036,0.039,0.032,0.865,1.536,0.231,13
$GNSS,2025-05-04T08:16:09.450Z,27.4091185,103.2445279,3180.315,0.091,0.111,0.085,0.865,1.536,0.236,13
$GNSS,2025-05-04T08:16:09.500Z,27.4091185,103.2445278,3180.271,0.077,0.045,0.152,0.865,1.535,0.246,13
$GNSS,2025-05-04T08:16:09.550Z,27.4091186,103.2445278,3180.222,0.063,0.020,0.193,0.864,1.535,0.250,13
$GNSS,2025-05-04T08:16:09.600Z,27.4091186,103.2445277,3180.184,0.004,0.058,0.069,0.864,1.534,0.247,13
$GNSS,2025-05-04T08:16:09.650Z,27.4091187,103.2445277,3180.137,0.096,0.073,0.007,0.864,1.534,0.198,13
$GNSS,2025-05-04T08:16:09.700Z,27.4091189,103.2445277,3180.093,0.190,-0.007,-0.003,0.863,1.533,0.200,13
$GNSS,2025-05-04T08:16:09.750Z,27.4091190,103.2445277,3180.042,0.202,0.111,0.067,0.863,1.533,0.205,13
$GNSS,2025-05-04T08:16:09.800Z,27.4091191,103.2445276,3180.006,0.088,0.021,0.060,0.863,1.532,0.217,13
$GNSS,2025-05-04T08:16:09.850Z,27.4091191,103.2445275,3179.955,-0.059,-0.085,0.084,0.862,1.532,0.202,13
$GNSS,2025-05-04T08:16:09.900Z,27.4091191,103.2445274,3179.899,-0.102,-0.082,0.081,0.862,1.531,0.198,13
$GNSS,2025-05-04T08:16:09.950Z,27.4091192,103.2445273,3179.856,0.001,-0.053,0.054,0.862,1.531,0.206,13
$GNSS,2025-05-04T08:16:10.000Z,27.4091192,103.2445272,3179.804,-0.026,-0.019,0.087,0.861,1.530,0.222,14
$GNSS,2025-05-04T08:16:10.050Z,27.4091193,103.2445273,3179.742,0.016,0.095,0.012,0.861,1.529,0.197,14
$GNSS,2025-05-04T08:16:10.100Z,27.4091193,103.2445272,3179.698,-0.055,0.022,-0.039,0.860,1.528,0.196,14
$GNSS,2025-05-04T08:16:10.150Z,27.4091194,103.2445272,3179.652,0.051,-0.018,-0.058,0.860,1.528,0.222,13
$GNSS,2025-05-04T08:16:10.200Z,27.4091195,103.2445271,3179.605,0.026,-0.078,0.006,0.860,1.527,0.191,13
$GNSS,2025-05-04T08:16:10.250Z,27.4091195,103.2445271,3179.547,0.023,0.000,0.026,0.859,1.527,0.222,14
$GNSS,2025-05-04T08:16:10.300Z,27.4091196,103.2445269,3179.527,0.002,0.035,0.014,0.859,1.526,0.197,13
$GNSS,2025-05-04T08:16:10.350Z,27.4091196,103.2445268,3179.500,0.015,0.040,0.022,0.858,1.525,0.200,13
$GNSS,2025-05-04T08:16:10.400Z,27.4091197,103.2445266,3179.479,0.060,-0.086,-0.041,0.858,1.525,0.205,13
$GNSS,2025-05-04T08:16:10.450Z,27.4091198,103.2445265,3179.425,0.008,-0.017,0.058,0.857,1.524,0.236,13
$GNSS,2025-05-04T08:16:10.500Z,27.4091198,103.2445264,3179.391,-0.001,-0.022,0.011,0.857,1.523,0.177,13
$GNSS,2025-05-04T08:16:10.550Z,27.4091199,103.2445263,3179.370,0.064,-0.020,-0.047,0.856,1.522,0.218,13
$GNSS,2025-05-04T08:16:10.600Z,27.4091200,103.2445262,3179.328,0.139,0.022,-0.024,0.856,1.522,0.193,13
$GNSS,2025-05-04T08:16:10.650Z,27.4091201,103.2445261,3179.298,0.142,-0.032,-0.030,0.855,1.521,0.208,13
$GNSS,2025-05-04T08:16:10.700Z,27.4091203,103.2445260,3179.251,0.181,-0.035,-0.017,0.855,1.521,0.209,13
$GNSS,2025-05-04T08:16:10.750Z,27.4091204,103.2445259,3179.202,0.019,-0.042,0.025,0.855,1.520,0.212,13
$GNSS,2025-05-04T08:16:10.800Z,27.4091204,103.2445258,3179.152,-0.061,-0.135,0.019,0.854,1.519,0.166,13
$GNSS,2025-05-04T08:16:10.850Z,27.4091204,103.2445257,3179.109,0.022,-0.090,-0.048,0.854,1.519,0.211,13
$GNSS,2025-05-04T08:16:10.900Z,27.4091205,103.2445256,3179.063,-0.004,-0.121,0.065,0.854,1.518,0.185,13
$GNSS,2025-05-04T08:16:10.950Z,27.4091205,103.2445254,3179.031,0.054,-0.036,0.026,0.854,1.517,0.233,13
$GNSS,2025-05-04T08:16:11.000Z,27.4091205,103.2445254,3178.988,-0.022,0.038,-0.015,0.853,1.517,0.215,13
$GNSS,2025-05-04T08:16:11.050Z,27.4091206,103.2445253,3178.956,0.067,0.007,-0.080,0.853,1.516,0.203,13
$GNSS,2025-05-04T08:16:11.100Z,27.4091207,103.2445253,3178.915,0.027,-0.001,-0.095,0.852,1.515,0.225,13
$GNSS,2025-05-04T08:16:11.150Z,27.4091206,103.2445251,3178.880,-0.106,-0.042,-0.022,0.852,1.515,0.204,13
$GNSS,2025-05-04T08:16:11.200Z,27.4091207,103.2445250,3178.849,-0.017,0.033,-0.040,0.852,1.514,0.230,13
$GNSS,2025-05-04T08:16:11.250Z,27.4091207,103.2445250,3178.819,-0.057,0.056,-0.077,0.851,1.513,0.243,12
$GNSS,2025-05-04T08:16:11.300Z,27.4091207,103.2445248,3178.789,0.013,-0.051,-0.088,0.851,1.512,0.222,12
$GNSS,2025-05-04T08:16:11.350Z,27.4091208,103.2445247,3178.750,0.064,-0.081,-0.045,0.851,1.512,0.212,12
$GNSS,2025-05-04T08:16:11.400Z,27.4091209,103.2445246,3178.709,0.078,-0.116,0.036,0.851,1.511,0.222,12
$GNSS,2025-05-04T08:16:11.450Z,27.4091209,103.2445245,3178.679,-0.004,0.019,-0.021,0.850,1.511,0.218,12
$GNSS,2025-05-04T08:16:11.500Z,27.4091209,103.2445245,3178.635,-0.012,0.048,-0.017,0.850,1.510,0.199,12
$GNSS,2025-05-04T08:16:11.550Z,27.4091209,103.2445244,3178.598,-0.085,-0.031,0.031,0.850,1.509,0.187,12
$GNSS,2025-05-04T08:16:11.600Z,27.4091209,103.2445243,3178.565,-0.063,-0.020,0.057,0.849,1.509,0.193,12
$GNSS,2025-05-04T08:16:11.650Z,27.4091209,103.2445243,3178.519,0.026,0.066,0.033,0.849,1.508,0.185,12
$GNSS,2025-05-04T08:16:11.700Z,27.4091209,103.2445242,3178.497,-0.023,0.067,-0.130,0.849,1.508,0.233,12
$GNSS,2025-05-04T08:16:11.750Z,27.4091209,103.2445241,3178.481,0.063,-0.037,-0.154,0.849,1.507,0.220,12
$GNSS,2025-05-04T08:16:11.800Z,27.4091210,103.2445239,3178.436,0.102,-0.121,0.074,0.848,1.506,0.233,12
$GNSS,2025-05-04T08:16:11.850Z,27.4091211,103.2445238,3178.392,0.098,-0.064,0.021,0.848,1.506,0.235,12
$GNSS,2025-05-04T08:16:11.900Z,27.4091211,103.2445238,3178.362,0.047,-0.037,-0.044,0.848,1.505,0.212,12
$GNSS,2025-05-04T08:16:11.950Z,27.4091212,103.2445237,3178.328,0.161,0.035,-0.001,0.848,1.505,0.205,12
$GNSS,2025-05-04T08:16:12.000Z,27.4091213,103.2445235,3178.302,0.231,-0.006,0.080,0.847,1.504,0.225,13
$GNSS,2025-05-04T08:16:12.050Z,27.4091214,103.2445235,3178.270,0.191,0.098,0.056,0.847,1.503,0.197,13
$GNSS,2025-05-04T08:16:12.100Z,27.4091214,103.2445235,3178.231,0.042,-0.021,0.069,0.847,1.503,0.240,13
$GNSS,2025-05-04T08:16:12.150Z,27.4091214,103.2445235,3178.187,0.010,0.061,0.021,0.847,1.502,0.195,13
$GNSS,2025-05-04T08:16:12.200Z,27.4091214,103.2445236,3178.153,-0.038,0.151,0.023,0.846,1.501,0.207,13
$GNSS,2025-05-04T08:16:12.250Z,27.4091214,103.2445237,3178.109,0.107,0.156,0.000,0.846,1.501,0.170,13
$GNSS,2025-05-04T08:16:12.300Z,27.4091215,103.2445236,3178.078,0.191,0.119,0.028,0.846,1.500,0.187,13
$GNSS,2025-05-04T08:16:12.350Z,27.4091215,103.2445237,3178.038,0.106,0.200,-0.004,0.846,1.499,0.180,13
$GNSS,2025-05-04T08:16:12.400Z,27.4091216,103.2445238,3177.980,0.025,0.217,0.044,0.846,1.498,0.215,13
$GNSS,2025-05-04T08:16:12.450Z,27.4091216,103.2445239,3177.924,0.050,0.112,0.056,0.846,1.498,0.220,13
$GNSS,2025-05-04T08:16:12.500Z,27.4091217,103.2445239,3177.860,0.002,-0.011,0.080,0.846,1.497,0.227,13
$GNSS,2025-05-04T08:16:12.550Z,27.4091217,103.2445238,3177.811,0.089,-0.084,0.020,0.846,1.496,0.230,13
$GNSS,2025-05-04T08:16:12.600Z,27.4091218,103.2445238,3177.767,0.139,0.020,0.067,0.845,1.495,0.219,15
$GNSS,2025-05-04T08:16:12.650Z,27.4091218,103.2445238,3177.721,-0.027,0.057,-0.013,0.845,1.494,0.216,15
$GNSS,2025-05-04T08:16:12.700Z,27.4091219,103.2445239,3177.661,-0.030,0.075,-0.040,0.845,1.493,0.215,15
$GNSS,2025-05-04T08:16:12.750Z,27.4091219,103.2445240,3177.590,-0.056,0.047,-0.012,0.844,1.493,0.227,15
$GNSS,2025-05-04T08:16:12.800Z,27.4091219,103.2445240,3177.537,-0.052,-0.014,0.024,0.844,1.492,0.180,15
$GNSS,2025-05-04T08:16:12.850Z,27.4091220,103.2445240,3177.492,0.012,0.043,-0.013,0.844,1.491,0.176,15
$GNSS,2025-05-04T08:16:12.900Z,27.4091220,103.2445240,3177.437,0.019,0.078,0.049,0.843,1.490,0.211,15
$GNSS,2025-05-04T08:16:12.950Z,27.4091220,103.2445240,3177.376,-0.040,-0.019,0.000,0.843,1.489,0.183,15
$GNSS,2025-05-04T08:16:13.000Z,27.4091221,103.2445241,3177.308,0.061,-0.023,-0.005,0.843,1.488,0.217,15
$GNSS,2025-05-04T08:16:13.050Z,27.4091222,103.2445241,3177.261,0.015,-0.055,-0.115,0.843,1.487,0.226,15
$GNSS,2025-05-04T08:16:13.100Z,27.4091222,103.2445241,3177.213,0.014,0.016,-0.097,0.842,1.486,0.215,15
$GNSS,2025-05-04T08:16:13.150Z,27.4091222,103.2445241,3177.162,-0.026,0.082,0.025,0.842,1.485,0.212,15
$GNSS,2025-05-04T08:16:13.200Z,27.4091223,103.2445241,3177.093,-0.039,0.035,0.195,0.842,1.484,0.219,15
$GNSS,2025-05-04T08:16:13.250Z,27.4091223,103.2445241,3177.032,-0.100,0.056,0.068,0.841,1.483,0.209,15
$GNSS,2025-05-04T08:16:13.300Z,27.4091223,103.2445241,3176.957,-0.021,0.021,0.085,0.841,1.482,0.215,15
$GNSS,2025-05-04T08:16:13.350Z,27.4091223,103.2445240,3176.891,-0.024,-0.039,-0.048,0.840,1.480,0.210,16
$GNSS,2025-05-04T08:16:13.400Z,27.4091224,103.2445239,3176.826,-0.002,-0.052,-0.089,0.839,1.479,0.215,16
$GNSS,2025-05-04T08:16:13.450Z,27.4091225,103.2445238,3176.769,0.071,-0.071,-0.048,0.839,1.477,0.206,15
$GNSS,2025-05-04T08:16:13.500Z,27.4091225,103.2445238,3176.716,0.047,0.070,0.020,0.838,1.476,0.168,15
$GNSS,2025-05-04T08:16:13.550Z,27.4091226,103.2445237,3176.661,0.046,0.062,0.096,0.838,1.475,0.217,15
$GNSS,2025-05-04T08:16:13.600Z,27.4091226,103.2445238,3176.588,0.019,0.038,0.111,0.837,1.474,0.222,14
$GNSS,2025-05-04T08:16:13.650Z,27.4091226,103.2445238,3176.538,-0.049,0.052,-0.021,0.837,1.473,0.237,14
$GNSS,2025-05-04T08:16:13.700Z,27.4091226,103.2445238,3176.485,0.055,0.023,-0.007,0.837,1.472,0.182,14
$GNSS,2025-05-04T08:16:13.750Z,27.4091227,103.2445237,3176.440,0.026,-0.048,0.046,0.836,1.470,0.230,15
$GNSS,2025-05-04T08:16:13.800Z,27.4091227,103.2445237,3176.395,0.003,0.009,0.022,0.836,1.469,0.229,15
$GNSS,2025-05-04T08:16:13.850Z,27.4091227,103.2445237,3176.343,-0.029,-0.082,0.014,0.835,1.468,0.158,15
$GNSS,2025-05-04T08:16:13.900Z,27.4091226,103.2445237,3176.279,-0.186,-0.073,-0.068,0.835,1.467,0.225,15
$GNSS,2025-05-04T08:16:13.950Z,27.4091226,103.2445236,3176.229,-0.055,-0.136,-0.122,0.835,1.466,0.207,15
$GNSS,2025-05-04T08:16:14.000Z,27.4091227,103.2445236,3176.179,0.186,0.092,-0.010,0.835,1.465,0.189,15
$GNSS,2025-05-04T08:16:14.050Z,27.4091228,103.2445236,3176.117,0.129,0.232,0.241,0.834,1.464,0.210,15
$GNSS,2025-05-04T08:16:14.100Z,27.4091227,103.2445235,3176.054,-0.281,-0.109,0.136,0.834,1.463,0.164,15
$GNSS,2025-05-04T08:16:14.150Z,27.4091226,103.2445234,3176.008,-0.066,-0.253,-0.182,0.834,1.462,0.199,15
$GNSS,2025-05-04T08:16:14.200Z,27.4091227,103.2445234,3175.958,0.178,0.002,-0.090,0.833,1.461,0.195,14
$GNSS,2025-05-04T08:16:14.250Z,27.4091227,103.2445234,3175.896,0.020,0.122,0.041,0.833,1.460,0.183,15
$GNSS,2025-05-04T08:16:14.300Z,27.4091227,103.2445233,3175.843,-0.101,-0.022,0.011,0.833,1.459,0.203,15
$GNSS,2025-05-04T08:16:14.350Z,27.4091226,103.2445233,3175.790,-0.127,-0.015,-0.055,0.832,1.458,0.254,14
$GNSS,2025-05-04T08:16:14.400Z,27.4091226,103.2445232,3175.745,-0.038,-0.096,-0.042,0.832,1.457,0.183,15
$GNSS,2025-05-04T08:16:14.450Z,27.4091227,103.2445232,3175.689,0.096,-0.034,0.055,0.832,1.456,0.263,15
$GNSS,2025-05-04T08:16:14.500Z,27.4091227,103.2445232,3175.636,0.036,0.065,0.030,0.831,1.455,0.180,15
$GNSS,2025-05-04T08:16:14.550Z,27.4091227,103.2445231,3175.588,-0.031,0.047,0.013,0.831,1.454,0.214,15
$GNSS,2025-05-04T08:16:14.600Z,27.4091226,103.2445231,3175.542,-0.040,0.001,0.032,0.830,1.452,0.179,15
$GNSS,2025-05-04T08:16:14.650Z,27.4091226,103.2445231,3175.484,-0.010,-0.054,0.038,0.830,1.451,0.177,14
$GNSS,2025-05-04T08:16:14.700Z,27.4091226,103.2445231,3175.433,0.016,-0.044,-0.002,0.830,1.450,0.205,14
$GNSS,2025-05-04T08:16:14.750Z,27.4091227,103.2445230,3175.373,0.076,-0.043,-0.050,0.829,1.449,0.203,15
$GNSS,2025-05-04T08:16:14.800Z,27.4091227,103.2445230,3175.303,0.054,-0.045,0.005,0.829,1.448,0.236,15
$GNSS,2025-05-04T08:16:14.850Z,27.4091227,103.2445230,3175.237,0.028,-0.077,0.090,0.828,1.446,0.214,15
$GNSS,2025-05-04T08:16:14.900Z,27.4091227,103.2445231,3175.174,-0.001,0.006,0.090,0.828,1.445,0.205,15
$GNSS,2025-05-04T08:16:14.950Z,27.4091227,103.2445231,3175.123,-0.012,0.041,0.051,0.827,1.444,0.199,15
$GNSS,2025-05-04T08:16:15.000Z,27.4091227,103.2445231,3175.068,-0.015,-0.014,-0.007,0.827,1.443,0.181,15
$GNSS,2025-05-04T08:16:15.050Z,27.4091227,103.2445232,3175.013,0.002,0.005,-0.045,0.827,1.442,0.198,15
$GNSS,2025-05-04T08:16:15.100Z,27.4091227,103.2445231,3174.975,0.012,-0.060,-0.016,0.826,1.441,0.187,15
$GNSS,2025-05-04T08:16:15.150Z,27.4091227,103.2445232,3174.926,-0.016,0.042,-0.040,0.826,1.440,0.213,15
$GNSS,2025-05-04T08:16:15.200Z,27.4091227,103.2445233,3174.877,-0.054,0.168,-0.030,0.825,1.438,0.201,15
$GNSS,2025-05-04T08:16:15.250Z,27.4091227,103.2445233,3174.823,-0.119,0.049,0.076,0.825,1.437,0.197,15
$GNSS,2025-05-04T08:16:15.300Z,27.4091226,103.2445233,3174.786,-0.221,0.050,-0.023,0.825,1.436,0.210,15
$GNSS,2025-05-04T08:16:15.350Z,27.4091226,103.2445233,3174.735,-0.043,0.035,-0.013,0.824,1.435,0.221,15
$GNSS,2025-05-04T08:16:15.400Z,27.4091226,103.2445233,3174.695,0.043,0.059,0.052,0.824,1.435,0.194,14
$GNSS,2025-05-04T08:16:15.450Z,27.4091227,103.2445233,3174.656,0.105,-0.024,0.089,0.823,1.434,0.235,14
$GNSS,2025-05-04T08:16:15.500Z,27.4091227,103.2445233,3174.614,0.045,0.074,0.085,0.822,1.433,0.197,14
$GNSS,2025-05-04T08:16:15.550Z,27.4091227,103.2445233,3174.589,-0.066,0.065,0.004,0.822,1.432,0.201,14
$GNSS,2025-05-04T08:16:15.600Z,27.4091226,103.2445233,3174.559,-0.085,-0.023,-0.013,0.821,1.431,0.180,14
$GNSS,2025-05-04T08:16:15.650Z,27.4091226,103.2445232,3174.531,0.050,-0.049,-0.002,0.821,1.430,0.204,14
$GNSS,2025-05-04T08:16:15.700Z,27.4091227,103.2445232,3174.491,0.023,-0.042,0.021,0.820,1.429,0.213,14
$GNSS,2025-05-04T08:16:15.750Z,27.4091226,103.2445231,3174.462,-0.024,0.016,0.032,0.819,1.429,0.182,14
$GNSS,2025-05-04T08:16:15.800Z,27.4091226,103.2445231,3174.434,-0.034,0.073,0.051,0.819,1.428,0.180,14
$GNSS,2025-05-04T08:16:15.850Z,27.4091226,103.2445231,3174.396,-0.034,0.091,0.140,0.818,1.427,0.191,15
$GNSS,2025-05-04T08:16:15.900Z,27.4091227,103.2445231,3174.369,0.048,0.043,0.091,0.818,1.426,0.214,15
$GNSS,2025-05-04T08:16:15.950Z,27.4091226,103.2445231,3174.335,-0.109,0.129,-0.018,0.817,1.425,0.185,16
$GNSS,2025-05-04T08:16:16.000Z,27.4091226,103.2445231,3174.308,-0.113,0.147,0.006,0.816,1.424,0.178,16
$GNSS,2025-05-04T08:16:16.050Z,27.4091225,103.2445232,3174.278,-0.180,0.200,-0.022,0.815,1.424,0.184,16
$GNSS,2025-05-04T08:16:16.100Z,27.4091225,103.2445233,3174.245,-0.141,0.190,0.036,0.815,1.423,0.189,15
$GNSS,2025-05-04T08:16:16.150Z,27.4091225,103.2445233,3174.189,-0.137,0.194,0.252,0.814,1.421,0.196,15
$GNSS,2025-05-04T08:16:16.200Z,27.4091225,103.2445233,3174.147,-0.176,0.151,0.272,0.813,1.420,0.199,15
$GNSS,2025-05-04T08:16:16.250Z,27.4091224,103.2445232,3174.093,-0.229,0.082,0.288,0.813,1.418,0.195,15
$GNSS,2025-05-04T08:16:16.300Z,27.4091224,103.2445232,3174.063,-0.187,0.110,0.255,0.812,1.417,0.200,15
$GNSS,2025-05-04T08:16:16.350Z,27.4091224,103.2445231,3174.045,-0.029,0.100,0.116,0.811,1.416,0.204,15
$GNSS,2025-05-04T08:16:16.400Z,27.4091225,103.2445229,3174.041,0.073,0.061,0.122,0.810,1.415,0.196,15
$GNSS,2025-05-04T08:16:16.450Z,27.4091225,103.2445227,3174.027,0.130,-0.002,0.180,0.809,1.414,0.205,15
$GNSS,2025-05-04T08:16:16.500Z,27.4091226,103.2445224,3174.022,0.104,-0.078,0.167,0.808,1.412,0.201,15
$GNSS,2025-05-04T08:16:16.550Z,27.4091227,103.2445221,3174.010,0.061,-0.042,0.197,0.807,1.411,0.200,15
$GNSS,2025-05-04T08:16:16.600Z,27.4091227,103.2445219,3174.013,0.032,0.132,0.255,0.805,1.410,0.198,14
$GNSS,2025-05-04T08:16:16.650Z,27.4091228,103.2445217,3174.016,0.095,0.126,0.353,0.804,1.409,0.202,14
$GNSS,2025-05-04T08:16:16.700Z,27.4091228,103.2445215,3174.012,-0.019,0.164,0.394,0.803,1.408,0.205,14
$GNSS,2025-05-04T08:16:16.750Z,27.4091228,103.2445214,3173.984,-0.002,0.046,0.303,0.802,1.407,0.209,14
$GNSS,2025-05-04T08:16:16.800Z,27.4091229,103.2445212,3173.977,0.034,0.064,0.108,0.801,1.406,0.201,15
$GNSS,2025-05-04T08:16:16.850Z,27.4091230,103.2445211,3173.955,0.049,0.049,0.086,0.800,1.405,0.200,14
$GNSS,2025-05-04T08:16:16.900Z,27.4091232,103.2445209,3173.946,0.137,0.049,0.159,0.799,1.404,0.196,15
$GNSS,2025-05-04T08:16:16.950Z,27.4091233,103.2445207,3173.920,0.098,0.074,0.243,0.798,1.403,0.213,14
$GNSS,2025-05-04T08:16:17.000Z,27.4091234,103.2445205,3173.895,0.061,-0.038,0.127,0.797,1.402,0.210,14
$GNSS,2025-05-04T08:16:17.050Z,27.4091235,103.2445203,3173.865,-0.029,0.004,0.062,0.796,1.400,0.222,14
$GNSS,2025-05-04T08:16:17.100Z,27.4091236,103.2445199,3173.828,-0.041,0.005,0.028,0.795,1.399,0.212,14
$GNSS,2025-05-04T08:16:17.150Z,27.4091238,103.2445195,3173.779,-0.006,0.002,0.140,0.794,1.398,0.226,14
$GNSS,2025-05-04T08:16:17.200Z,27.4091240,103.2445191,3173.739,0.017,-0.051,0.124,0.793,1.397,0.207,14
$GNSS,2025-05-04T08:16:17.250Z,27.4091241,103.2445187,3173.685,-0.004,-0.046,0.031,0.792,1.396,0.167,13
$GNSS,2025-05-04T08:16:17.300Z,27.4091242,103.2445183,3173.665,-0.077,0.036,-0.006,0.791,1.395,0.206,13
$GNSS,2025-05-04T08:16:17.350Z,27.4091243,103.2445179,3173.636,-0.040,-0.023,0.069,0.791,1.395,0.209,13
$GNSS,2025-05-04T08:16:17.400Z,27.4091244,103.2445175,3173.601,-0.028,-0.017,0.053,0.790,1.394,0.214,13
$GNSS,2025-05-04T08:16:17.450Z,27.4091245,103.2445171,3173.569,0.027,-0.018,0.049,0.789,1.393,0.222,13
$GNSS,2025-05-04T08:16:17.500Z,27.4091246,103.2445167,3173.534,0.037,-0.037,0.030,0.788,1.392,0.204,13
$GNSS,2025-05-04T08:16:17.550Z,27.4091248,103.2445163,3173.481,-0.034,-0.063,0.087,0.787,1.391,0.196,13
$GNSS,2025-05-04T08:16:17.600Z,27.4091249,103.2445160,3173.416,-0.114,0.008,0.073,0.787,1.391,0.207,13
$GNSS,2025-05-04T08:16:17.650Z,27.4091250,103.2445157,3173.353,-0.191,0.093,0.070,0.786,1.390,0.209,14
$GNSS,2025-05-04T08:16:17.700Z,27.4091251,103.2445154,3173.295,-0.185,0.026,0.045,0.786,1.390,0.192,13
$GNSS,2025-05-04T08:16:17.750Z,27.4091253,103.2445152,3173.221,-0.085,-0.045,-0.080,0.785,1.389,0.210,14
$GNSS,2025-05-04T08:16:17.800Z,27.4091253,103.2445149,3173.157,-0.252,-0.078,-0.163,0.785,1.389,0.207,14
$GNSS,2025-05-04T08:16:17.850Z,27.4091254,103.2445148,3173.080,-0.151,0.014,-0.117,0.784,1.389,0.226,14
$GNSS,2025-05-04T08:16:17.900Z,27.4091255,103.2445145,3173.038,-0.101,0.044,-0.048,0.784,1.388,0.220,14
$GNSS,2025-05-04T08:16:17.950Z,27.4091257,103.2445143,3172.989,-0.006,0.045,-0.052,0.784,1.388,0.210,14
$GNSS,2025-05-04T08:16:18.000Z,27.4091259,103.2445140,3172.948,0.142,-0.179,0.019,0.784,1.388,0.197,14
$GNSS,2025-05-04T08:16:18.050Z,27.4091261,103.2445136,3172.904,0.231,-0.103,0.036,0.783,1.388,0.205,13
$GNSS,2025-05-04T08:16:18.100Z,27.4091262,103.2445133,3172.867,-0.056,0.017,0.032,0.782,1.388,0.218,14
$GNSS,2025-05-04T08:16:18.150Z,27.4091264,103.2445130,3172.804,0.017,0.037,-0.012,0.782,1.387,0.140,14
$GNSS,2025-05-04T08:16:18.200Z,27.4091265,103.2445127,3172.745,0.042,0.098,0.053,0.781,1.386,0.188,15
$GNSS,2025-05-04T08:16:18.250Z,27.4091267,103.2445123,3172.681,0.064,-0.022,0.109,0.780,1.385,0.220,15
$GNSS,2025-05-04T08:16:18.300Z,27.4091269,103.2445118,3172.661,0.096,-0.064,0.070,0.779,1.384,0.199,15
$GNSS,2025-05-04T08:16:18.350Z,27.4091271,103.2445113,3172.631,0.017,0.019,0.116,0.778,1.383,0.232,15
$GNSS,2025-05-04T08:16:18.400Z,27.4091272,103.2445109,3172.584,-0.074,0.068,0.138,0.777,1.382,0.216,15
$GNSS,2025-05-04T08:16:18.450Z,27.4091273,103.2445105,3172.550,-0.104,0.054,0.104,0.776,1.380,0.200,15
$GNSS,2025-05-04T08:16:18.500Z,27.4091274,103.2445101,3172.495,-0.101,-0.016,0.108,0.775,1.379,0.183,15
$GNSS,2025-05-04T08:16:18.550Z,27.4091275,103.2445096,3172.455,-0.039,-0.022,-0.038,0.774,1.378,0.180,15
$GNSS,2025-05-04T08:16:18.600Z,27.4091278,103.2445092,3172.408,0.044,0.051,-0.125,0.774,1.376,0.181,15
$GNSS,2025-05-04T08:16:18.650Z,27.4091279,103.2445089,3172.355,0.032,0.091,0.025,0.773,1.375,0.143,15
$GNSS,2025-05-04T08:16:18.700Z,27.4091281,103.2445084,3172.311,0.007,0.053,0.150,0.772,1.373,0.205,15
$GNSS,2025-05-04T08:16:18.750Z,27.4091283,103.2445080,3172.242,-0.037,0.016,0.049,0.771,1.372,0.189,15
$GNSS,2025-05-04T08:16:18.800Z,27.4091285,103.2445077,3172.188,-0.094,0.075,-0.229,0.770,1.370,0.184,15
$GNSS,2025-05-04T08:16:18.850Z,27.4091287,103.2445073,3172.129,-0.057,0.106,-0.191,0.769,1.368,0.180,15
$GNSS,2025-05-04T08:16:18.900Z,27.4091290,103.2445070,3172.061,0.045,0.089,-0.032,0.768,1.366,0.136,15
$GNSS,2025-05-04T08:16:18.950Z,27.4091292,103.2445066,3171.993,0.102,-0.005,0.130,0.767,1.364,0.185,15
$GNSS,2025-05-04T08:16:19.000Z,27.4091294,103.2445062,3171.956,0.100,0.001,0.071,0.766,1.363,0.185,15
$GNSS,2025-05-04T08:16:19.050Z,27.4091295,103.2445058,3171.968,-0.034,0.168,-0.152,0.766,1.362,0.169,14
$GNSS,2025-05-04T08:16:19.100Z,27.4091296,103.2445055,3171.924,-0.123,0.160,-0.148,0.765,1.361,0.181,15
$GNSS,2025-05-04T08:16:19.150Z,27.4091297,103.2445052,3171.882,0.091,0.106,-0.038,0.764,1.360,0.146,14
$GNSS,2025-05-04T08:16:19.200Z,27.4091299,103.2445051,3171.837,0.021,0.032,0.070,0.764,1.360,0.228,14
$GNSS,2025-05-04T08:16:19.250Z,27.4091299,103.2445049,3171.814,-0.022,0.162,0.070,0.764,1.360,0.223,14
$GNSS,2025-05-04T08:16:19.300Z,27.4091301,103.2445047,3171.803,0.047,0.074,-0.023,0.763,1.359,0.163,14
$GNSS,2025-05-04T08:16:19.350Z,27.4091301,103.2445045,3171.767,-0.098,0.057,0.078,0.763,1.359,0.245,14
$GNSS,2025-05-04T08:16:19.400Z,27.4091302,103.2445043,3171.730,-0.051,-0.002,0.093,0.763,1.359,0.246,14
$GNSS,2025-05-04T08:16:19.450Z,27.4091303,103.2445040,3171.705,0.035,-0.037,0.034,0.762,1.359,0.228,14
$GNSS,2025-05-04T08:16:19.500Z,27.4091304,103.2445038,3171.672,-0.004,0.020,0.104,0.762,1.359,0.270,14
$GNSS,2025-05-04T08:16:19.550Z,27.4091305,103.2445035,3171.638,-0.009,0.063,0.133,0.762,1.359,0.268,14
$GNSS,2025-05-04T08:16:19.600Z,27.4091306,103.2445034,3171.605,-0.008,0.129,0.130,0.761,1.358,0.251,14
$GNSS,2025-05-04T08:16:19.650Z,27.4091306,103.2445031,3171.575,-0.130,0.047,0.107,0.761,1.358,0.243,14
$GNSS,2025-05-04T08:16:19.700Z,27.4091308,103.2445028,3171.554,0.087,-0.043,0.106,0.761,1.358,0.246,14
$GNSS,2025-05-04T08:16:19.750Z,27.4091309,103.2445026,3171.508,0.024,-0.004,0.215,0.760,1.358,0.263,14
$GNSS,2025-05-04T08:16:19.800Z,27.4091309,103.2445024,3171.465,-0.006,0.077,0.201,0.760,1.358,0.266,14
$GNSS,2025-05-04T08:16:19.850Z,27.4091310,103.2445020,3171.462,-0.014,0.007,0.071,0.760,1.358,0.265,14
$GNSS,2025-05-04T08:16:19.900Z,27.4091311,103.2445017,3171.431,-0.025,0.001,0.122,0.759,1.358,0.261,14
$GNSS,2025-05-04T08:16:19.950Z,27.4091312,103.2445015,3171.385,-0.043,0.070,0.225,0.759,1.358,0.269,14
$GNSS,2025-05-04T08:16:20.000Z,27.4091313,103.2445012,3171.348,-0.017,0.018,0.284,0.759,1.357,0.266,14
$GNSS,2025-05-04T08:16:20.050Z,27.4091314,103.2445010,3171.308,0.000,-0.037,0.260,0.759,1.357,0.256,14
$GNSS,2025-05-04T08:16:20.100Z,27.4091314,103.2445007,3171.293,-0.092,-0.004,0.219,0.758,1.357,0.256,14
$GNSS,2025-05-04T08:16:20.150Z,27.4091315,103.2445004,3171.255,-0.050,-0.033,0.185,0.758,1.357,0.250,14
$GNSS,2025-05-04T08:16:20.200Z,27.4091316,103.2445001,3171.214,0.051,-0.042,0.293,0.758,1.357,0.256,14
$GNSS,2025-05-04T08:16:20.250Z,27.4091317,103.2444998,3171.180,-0.020,-0.002,0.337,0.757,1.357,0.262,14
$GNSS,2025-05-04T08:16:20.300Z,27.4091318,103.2444996,3171.149,-0.080,0.098,0.263,0.757,1.357,0.266,14
$GNSS,2025-05-04T08:16:20.350Z,27.4091318,103.2444993,3171.115,-0.152,0.084,0.248,0.757,1.356,0.243,14
$GNSS,2025-05-04T08:16:20.400Z,27.4091318,103.2444991,3171.047,-0.164,0.016,0.196,0.757,1.355,0.228,14
$GNSS,2025-05-04T08:16:20.450Z,27.4091320,103.2444989,3170.994,0.035,0.035,0.171,0.756,1.355,0.236,13
$GNSS,2025-05-04T08:16:20.500Z,27.4091322,103.2444987,3170.941,0.120,0.028,0.152,0.756,1.354,0.226,13
$GNSS,2025-05-04T08:16:20.550Z,27.4091323,103.2444986,3170.893,0.055,0.069,-0.058,0.756,1.354,0.188,13
$GNSS,2025-05-04T08:16:20.600Z,27.4091324,103.2444984,3170.855,0.016,0.066,0.127,0.756,1.353,0.242,13
$GNSS,2025-05-04T08:16:20.650Z,27.4091325,103.2444982,3170.810,-0.015,0.098,0.222,0.756,1.353,0.250,13
$GNSS,2025-05-04T08:16:20.700Z,27.4091326,103.2444980,3170.762,-0.052,0.022,0.162,0.756,1.352,0.250,13
$GNSS,2025-05-04T08:16:20.750Z,27.4091327,103.2444978,3170.715,-0.024,0.010,0.064,0.756,1.352,0.252,13
$GNSS,2025-05-04T08:16:20.800Z,27.4091329,103.2444976,3170.674,0.112,0.050,0.060,0.755,1.351,0.207,14
$GNSS,2025-05-04T08:16:20.850Z,27.4091329,103.2444974,3170.665,-0.035,0.116,0.039,0.755,1.351,0.244,14
$GNSS,2025-05-04T08:16:20.900Z,27.4091329,103.2444971,3170.662,-0.111,0.017,0.127,0.755,1.351,0.269,13
$GNSS,2025-05-04T08:16:20.950Z,27.4091329,103.2444970,3170.608,-0.154,0.060,0.150,0.755,1.351,0.269,13
$GNSS,2025-05-04T08:16:21.000Z,27.4091331,103.2444970,3170.548,0.068,0.082,0.034,0.755,1.350,0.183,14
$GNSS,2025-05-04T08:16:21.050Z,27.4091332,103.2444965,3170.535,0.109,-0.075,-0.050,0.754,1.349,0.206,14
$GNSS,2025-05-04T08:16:21.100Z,27.4091333,103.2444961,3170.539,-0.042,0.066,-0.126,0.753,1.348,0.212,14
$GNSS,2025-05-04T08:16:21.150Z,27.4091335,103.2444957,3170.493,-0.011,-0.001,-0.042,0.752,1.346,0.248,14
$GNSS,2025-05-04T08:16:21.200Z,27.4091336,103.2444954,3170.422,-0.095,-0.036,0.018,0.752,1.345,0.189,13
$GNSS,2025-05-04T08:16:21.250Z,27.4091337,103.2444951,3170.360,0.041,-0.019,-0.043,0.751,1.344,0.251,13
$GNSS,2025-05-04T08:16:21.300Z,27.4091339,103.2444948,3170.320,0.059,-0.057,-0.126,0.751,1.343,0.269,13
$GNSS,2025-05-04T08:16:21.350Z,27.4091339,103.2444945,3170.279,-0.072,-0.017,-0.098,0.750,1.342,0.239,13
$GNSS,2025-05-04T08:16:21.400Z,27.4091339,103.2444942,3170.241,-0.114,-0.004,-0.043,0.749,1.341,0.191,13
$GNSS,2025-05-04T08:16:21.450Z,27.4091340,103.2444938,3170.199,0.016,-0.023,-0.066,0.749,1.340,0.288,13
$GNSS,2025-05-04T08:16:21.500Z,27.4091342,103.2444936,3170.167,0.090,0.031,-0.119,0.748,1.339,0.237,13
$GNSS,2025-05-04T08:16:21.550Z,27.4091343,103.2444933,3170.139,0.154,0.041,-0.101,0.748,1.338,0.205,13
$GNSS,2025-05-04T08:16:21.600Z,27.4091344,103.2444930,3170.086,0.115,0.061,-0.007,0.747,1.337,0.155,13
$GNSS,2025-05-04T08:16:21.650Z,27.4091346,103.2444928,3170.042,0.034,0.119,-0.039,0.747,1.336,0.130,14
$GNSS,2025-05-04T08:16:21.700Z,27.4091347,103.2444926,3169.983,0.011,0.130,-0.020,0.746,1.335,0.146,14
$GNSS,2025-05-04T08:16:21.750Z,27.4091347,103.2444924,3169.940,-0.017,-0.012,0.056,0.745,1.335,0.254,13
$GNSS,2025-05-04T08:16:21.800Z,27.4091347,103.2444920,3169.911,-0.085,-0.012,0.079,0.745,1.334,0.235,13
$GNSS,2025-05-04T08:16:21.850Z,27.4091349,103.2444917,3169.879,0.079,-0.065,0.029,0.744,1.333,0.210,13
$GNSS,2025-05-04T08:16:21.900Z,27.4091349,103.2444914,3169.857,-0.010,-0.052,-0.098,0.744,1.332,0.259,14
$GNSS,2025-05-04T08:16:21.950Z,27.4091350,103.2444911,3169.825,-0.056,-0.015,-0.132,0.743,1.331,0.248,14
$GNSS,2025-05-04T08:16:22.000Z,27.4091351,103.2444909,3169.800,0.031,0.112,-0.081,0.743,1.330,0.155,14
$GNSS,2025-05-04T08:16:22.050Z,27.4091352,103.2444907,3169.782,0.123,0.085,-0.041,0.742,1.329,0.149,14
$GNSS,2025-05-04T08:16:22.100Z,27.4091353,103.2444904,3169.749,0.095,0.015,0.019,0.742,1.328,0.189,14
$GNSS,2025-05-04T08:16:22.150Z,27.4091354,103.2444901,3169.725,0.002,-0.056,-0.029,0.741,1.327,0.202,14
$GNSS,2025-05-04T08:16:22.200Z,27.4091354,103.2444899,3169.714,-0.087,0.087,-0.091,0.740,1.326,0.214,14
$GNSS,2025-05-04T08:16:22.250Z,27.4091356,103.2444896,3169.670,0.032,0.042,-0.074,0.740,1.325,0.206,14
$GNSS,2025-05-04T08:16:22.300Z,27.4091358,103.2444892,3169.643,-0.058,-0.003,-0.098,0.739,1.324,0.232,14
$GNSS,2025-05-04T08:16:22.350Z,27.4091359,103.2444889,3169.601,-0.083,-0.059,-0.069,0.738,1.324,0.193,14
$GNSS,2025-05-04T08:16:22.400Z,27.4091361,103.2444885,3169.554,-0.017,-0.085,-0.088,0.738,1.322,0.224,14
$GNSS,2025-05-04T08:16:22.450Z,27.4091363,103.2444882,3169.502,-0.038,-0.008,-0.067,0.737,1.322,0.234,14
$GNSS,2025-05-04T08:16:22.500Z,27.4091365,103.2444879,3169.453,0.009,-0.039,-0.033,0.737,1.321,0.238,14
$GNSS,2025-05-04T08:16:22.550Z,27.4091367,103.2444876,3169.378,-0.041,-0.093,0.040,0.736,1.321,0.142,14
$GNSS,2025-05-04T08:16:22.600Z,27.4091368,103.2444873,3169.336,-0.086,-0.129,-0.167,0.736,1.320,0.236,14
$GNSS,2025-05-04T08:16:22.650Z,27.4091370,103.2444870,3169.287,-0.002,-0.147,-0.216,0.735,1.320,0.262,14
$GNSS,2025-05-04T08:16:22.700Z,27.4091371,103.2444867,3169.270,-0.071,-0.029,-0.195,0.735,1.319,0.251,14
$GNSS,2025-05-04T08:16:22.750Z,27.4091371,103.2444865,3169.236,-0.032,0.007,-0.081,0.734,1.319,0.242,14
$GNSS,2025-05-04T08:16:22.800Z,27.4091372,103.2444864,3169.183,-0.058,0.028,-0.064,0.734,1.318,0.218,14
$GNSS,2025-05-04T08:16:22.850Z,27.4091372,103.2444860,3169.166,0.013,-0.203,-0.137,0.733,1.318,0.225,14
$GNSS,2025-05-04T08:16:22.900Z,27.4091373,103.2444857,3169.158,-0.072,-0.156,-0.192,0.733,1.317,0.231,14
$GNSS,2025-05-04T08:16:22.950Z,27.4091373,103.2444855,3169.122,-0.181,0.007,-0.190,0.733,1.317,0.220,13
$GNSS,2025-05-04T08:16:23.000Z,27.4091373,103.2444854,3169.088,-0.085,-0.012,-0.192,0.732,1.317,0.243,13
$GNSS,2025-05-04T08:16:23.050Z,27.4091374,103.2444852,3169.060,0.053,0.055,-0.068,0.732,1.317,0.177,13
$GNSS,2025-05-04T08:16:23.100Z,27.4091375,103.2444851,3169.033,0.069,0.056,0.054,0.732,1.317,0.202,13
$GNSS,2025-05-04T08:16:23.150Z,27.4091375,103.2444850,3168.991,-0.028,0.130,0.102,0.731,1.316,0.248,13
$GNSS,2025-05-04T08:16:23.200Z,27.4091376,103.2444849,3168.944,0.042,0.069,-0.055,0.731,1.316,0.158,14
$GNSS,2025-05-04T08:16:23.250Z,27.4091378,103.2444848,3168.916,0.060,-0.009,-0.176,0.730,1.315,0.241,14
$GNSS,2025-05-04T08:16:23.300Z,27.4091379,103.2444847,3168.893,0.111,0.033,-0.135,0.730,1.314,0.201,14
$GNSS,2025-05-04T08:16:23.350Z,27.4091380,103.2444845,3168.870,-0.005,-0.059,-0.091,0.730,1.314,0.249,13
$GNSS,2025-05-04T08:16:23.400Z,27.4091380,103.2444844,3168.828,0.032,0.019,-0.074,0.729,1.314,0.221,13
$GNSS,2025-05-04T08:16:23.450Z,27.4091381,103.2444844,3168.796,0.047,0.087,-0.151,0.729,1.313,0.211,13
$GNSS,2025-05-04T08:16:23.500Z,27.4091382,103.2444844,3168.766,0.011,0.078,-0.120,0.728,1.313,0.218,13
$GNSS,2025-05-04T08:16:23.550Z,27.4091383,103.2444842,3168.742,-0.036,-0.042,-0.075,0.728,1.312,0.230,14
$GNSS,2025-05-04T08:16:23.600Z,27.4091384,103.2444840,3168.709,-0.034,-0.174,0.029,0.727,1.312,0.174,14
$GNSS,2025-05-04T08:16:23.650Z,27.4091385,103.2444838,3168.689,-0.017,-0.097,-0.072,0.727,1.311,0.211,14
$GNSS,2025-05-04T08:16:23.700Z,27.4091385,103.2444836,3168.665,-0.036,0.041,-0.158,0.726,1.310,0.232,14
$GNSS,2025-05-04T08:16:23.750Z,27.4091386,103.2444835,3168.634,-0.034,-0.031,-0.109,0.726,1.309,0.231,14
$GNSS,2025-05-04T08:16:23.800Z,27.4091387,103.2444833,3168.608,-0.081,-0.055,-0.080,0.725,1.309,0.196,14
$GNSS,2025-05-04T08:16:23.850Z,27.4091388,103.2444832,3168.577,-0.031,-0.013,-0.059,0.725,1.308,0.223,14
$GNSS,2025-05-04T08:16:23.900Z,27.4091388,103.2444830,3168.561,-0.083,0.051,-0.160,0.724,1.307,0.225,14
$GNSS,2025-05-04T08:16:23.950Z,27.4091390,103.2444829,3168.533,0.068,-0.021,-0.128,0.723,1.307,0.216,14
$GNSS,2025-05-04T08:16:24.000Z,27.4091391,103.2444827,3168.507,-0.047,-0.114,-0.150,0.723,1.306,0.216,14
$GNSS,2025-05-04T08:16:24.050Z,27.4091391,103.2444825,3168.476,-0.150,-0.100,-0.048,0.722,1.305,0.160,14
$GNSS,2025-05-04T08:16:24.100Z,27.4091392,103.2444822,3168.460,-0.023,-0.094,-0.139,0.722,1.305,0.225,14
$GNSS,2025-05-04T08:16:24.150Z,27.4091393,103.2444820,3168.456,0.053,0.031,-0.094,0.721,1.305,0.198,14
$GNSS,2025-05-04T08:16:24.200Z,27.4091393,103.2444817,3168.433,-0.015,-0.080,-0.072,0.721,1.305,0.212,14
$GNSS,2025-05-04T08:16:24.250Z,27.4091394,103.2444813,3168.412,-0.092,-0.168,-0.101,0.720,1.305,0.193,14
$GNSS,2025-05-04T08:16:24.300Z,27.4091395,103.2444810,3168.385,-0.038,-0.106,-0.059,0.720,1.305,0.197,14
$GNSS,2025-05-04T08:16:24.350Z,27.4091396,103.2444807,3168.349,-0.005,-0.067,-0.049,0.720,1.305,0.219,14
$GNSS,2025-05-04T08:16:24.400Z,27.4091397,103.2444804,3168.302,-0.014,-0.063,-0.049,0.719,1.305,0.219,14
$GNSS,2025-05-04T08:16:24.450Z,27.4091399,103.2444801,3168.267,-0.010,-0.087,-0.084,0.719,1.305,0.228,14
$GNSS,2025-05-04T08:16:24.500Z,27.4091400,103.2444798,3168.233,0.003,-0.085,-0.085,0.718,1.304,0.229,14
$GNSS,2025-05-04T08:16:24.550Z,27.4091401,103.2444795,3168.197,0.041,-0.112,-0.059,0.718,1.304,0.204,14
$GNSS,2025-05-04T08:16:24.600Z,27.4091404,103.2444792,3168.134,0.097,-0.125,-0.014,0.718,1.303,0.177,15
$GNSS,2025-05-04T08:16:24.650Z,27.4091405,103.2444790,3168.080,-0.024,0.008,-0.125,0.717,1.303,0.220,15
$GNSS,2025-05-04T08:16:24.700Z,27.4091408,103.2444788,3167.995,-0.017,0.046,-0.041,0.717,1.302,0.173,15
$GNSS,2025-05-04T08:16:24.750Z,27.4091410,103.2444785,3167.922,0.059,-0.079,0.035,0.716,1.301,0.165,15
$GNSS,2025-05-04T08:16:24.800Z,27.4091414,103.2444782,3167.836,0.144,-0.168,0.015,0.716,1.301,0.170,15
$GNSS,2025-05-04T08:16:24.850Z,27.4091416,103.2444780,3167.764,0.057,-0.104,-0.028,0.716,1.300,0.189,15
$GNSS,2025-05-04T08:16:24.900Z,27.4091419,103.2444777,3167.704,0.021,-0.052,-0.104,0.715,1.299,0.229,15
$GNSS,2025-05-04T08:16:24.950Z,27.4091422,103.2444775,3167.641,0.054,-0.038,-0.115,0.715,1.299,0.217,15
$GNSS,2025-05-04T08:16:25.000Z,27.4091423,103.2444772,3167.615,0.081,-0.109,-0.224,0.714,1.298,0.216,15
$GNSS,2025-05-04T08:16:25.050Z,27.4091425,103.2444771,3167.572,0.088,-0.070,-0.204,0.714,1.297,0.210,15
$GNSS,2025-05-04T08:16:25.100Z,27.4091426,103.2444770,3167.522,0.045,0.032,-0.084,0.714,1.296,0.181,15
$GNSS,2025-05-04T08:16:25.150Z,27.4091427,103.2444768,3167.494,0.040,-0.115,-0.008,0.713,1.295,0.201,15
$GNSS,2025-05-04T08:16:25.200Z,27.4091428,103.2444766,3167.476,0.036,-0.070,-0.110,0.713,1.294,0.218,15
$GNSS,2025-05-04T08:16:25.250Z,27.4091429,103.2444765,3167.465,0.039,0.004,-0.214,0.712,1.293,0.206,15
$GNSS,2025-05-04T08:16:25.300Z,27.4091429,103.2444764,3167.464,0.017,0.058,-0.262,0.712,1.292,0.207,15
$GNSS,2025-05-04T08:16:25.350Z,27.4091431,103.2444762,3167.460,0.127,0.081,-0.157,0.711,1.292,0.173,15
$GNSS,2025-05-04T08:16:25.400Z,27.4091432,103.2444761,3167.442,0.214,0.050,-0.033,0.711,1.291,0.162,15
$GNSS,2025-05-04T08:16:25.450Z,27.4091433,103.2444760,3167.410,0.125,0.041,0.085,0.710,1.290,0.187,15
$GNSS,2025-05-04T08:16:25.500Z,27.4091434,103.2444759,3167.384,0.124,0.018,0.045,0.710,1.289,0.182,15
$GNSS,2025-05-04T08:16:25.550Z,27.4091435,103.2444756,3167.365,0.136,-0.043,-0.073,0.709,1.288,0.197,15
$GNSS,2025-05-04T08:16:25.600Z,27.4091436,103.2444755,3167.347,0.068,0.030,-0.063,0.709,1.287,0.159,15
$GNSS,2025-05-04T08:16:25.650Z,27.4091437,103.2444753,3167.319,0.031,0.144,0.053,0.708,1.286,0.178,15
$GNSS,2025-05-04T08:16:25.700Z,27.4091438,103.2444751,3167.281,-0.034,0.072,0.128,0.708,1.285,0.201,15
$GNSS,2025-05-04T08:16:25.750Z,27.4091439,103.2444750,3167.241,-0.056,0.046,0.046,0.707,1.284,0.197,15
$GNSS,2025-05-04T08:16:25.800Z,27.4091440,103.2444748,3167.222,-0.021,-0.001,0.042,0.707,1.284,0.188,15
$GNSS,2025-05-04T08:16:25.850Z,27.4091441,103.2444745,3167.206,0.061,-0.062,0.090,0.707,1.283,0.200,15
$GNSS,2025-05-04T08:16:25.900Z,27.4091441,103.2444743,3167.189,-0.025,0.011,0.079,0.706,1.283,0.203,15
$GNSS,2025-05-04T08:16:25.950Z,27.4091442,103.2444741,3167.177,-0.043,0.046,0.027,0.705,1.282,0.194,15
$GNSS,2025-05-04T08:16:26.000Z,27.4091443,103.2444739,3167.159,0.037,-0.008,0.032,0.705,1.281,0.204,15
$GNSS,2025-05-04T08:16:26.050Z,27.4091444,103.2444737,3167.142,0.053,-0.059,-0.017,0.704,1.280,0.209,15
$GNSS,2025-05-04T08:16:26.100Z,27.4091444,103.2444735,3167.122,0.045,-0.025,0.004,0.704,1.279,0.204,15
$GNSS,2025-05-04T08:16:26.150Z,27.4091445,103.2444733,3167.099,-0.020,0.041,0.031,0.703,1.278,0.207,15
$GNSS,2025-05-04T08:16:26.200Z,27.4091445,103.2444731,3167.082,0.060,-0.012,0.079,0.703,1.277,0.200,15
$GNSS,2025-05-04T08:16:26.250Z,27.4091447,103.2444729,3167.038,0.103,-0.122,0.136,0.703,1.276,0.198,15
$GNSS,2025-05-04T08:16:26.300Z,27.4091448,103.2444726,3167.034,0.028,-0.025,0.001,0.702,1.275,0.194,15
$GNSS,2025-05-04T08:16:26.350Z,27.4091448,103.2444725,3167.018,-0.006,0.153,0.016,0.701,1.275,0.171,15
$GNSS,2025-05-04T08:16:26.400Z,27.4091449,103.2444723,3167.011,0.068,0.086,0.043,0.701,1.274,0.152,15
$GNSS,2025-05-04T08:16:26.450Z,27.4091450,103.2444721,3166.995,0.035,-0.058,0.049,0.700,1.273,0.199,15
$GNSS,2025-05-04T08:16:26.500Z,27.4091451,103.2444720,3166.973,-0.025,0.045,0.088,0.700,1.273,0.201,15
$GNSS,2025-05-04T08:16:26.550Z,27.4091451,103.2444718,3166.953,-0.152,0.042,0.035,0.700,1.272,0.164,15
$GNSS,2025-05-04T08:16:26.600Z,27.4091452,103.2444716,3166.932,0.021,-0.072,0.021,0.699,1.272,0.174,15
$GNSS,2025-05-04T08:16:26.650Z,27.4091453,103.2444714,3166.916,0.124,0.001,0.089,0.699,1.271,0.184,15
$GNSS,2025-05-04T08:16:26.700Z,27.4091453,103.2444711,3166.912,0.062,-0.002,0.104,0.698,1.271,0.203,15
$GNSS,2025-05-04T08:16:26.750Z,27.4091454,103.2444710,3166.890,-0.007,0.113,0.089,0.698,1.270,0.194,15
$GNSS,2025-05-04T08:16:26.800Z,27.4091455,103.2444708,3166.859,-0.022,0.005,0.039,0.697,1.270,0.191,15
$GNSS,2025-05-04T08:16:26.850Z,27.4091456,103.2444706,3166.842,0.014,-0.127,0.028,0.697,1.269,0.167,15
$GNSS,2025-05-04T08:16:26.900Z,27.4091456,103.2444703,3166.828,0.071,-0.064,0.079,0.696,1.268,0.193,15
$GNSS,2025-05-04T08:16:26.950Z,27.4091458,103.2444702,3166.804,0.156,0.051,0.220,0.696,1.268,0.199,15
$GNSS,2025-05-04T08:16:27.000Z,27.4091458,103.2444700,3166.783,0.043,0.055,0.225,0.695,1.267,0.210,15
$GNSS,2025-05-04T08:16:27.050Z,27.4091459,103.2444699,3166.754,-0.040,0.102,0.084,0.695,1.266,0.197,15
$GNSS,2025-05-04T08:16:27.100Z,27.4091461,103.2444697,3166.700,-0.017,0.091,0.019,0.694,1.266,0.180,15
$GNSS,2025-05-04T08:16:27.150Z,27.4091463,103.2444695,3166.651,-0.027,-0.007,-0.038,0.694,1.265,0.189,15
$GNSS,2025-05-04T08:16:27.200Z,27.4091465,103.2444693,3166.587,-0.043,-0.046,0.043,0.693,1.264,0.149,15
$GNSS,2025-05-04T08:16:27.250Z,27.4091466,103.2444690,3166.563,0.007,-0.101,0.134,0.693,1.263,0.178,15
$GNSS,2025-05-04T08:16:27.300Z,27.4091467,103.2444687,3166.535,0.033,-0.161,0.143,0.693,1.262,0.177,15
$GNSS,2025-05-04T08:16:27.350Z,27.4091467,103.2444685,3166.514,0.021,-0.068,-0.028,0.692,1.262,0.195,14
$GNSS,2025-05-04T08:16:27.400Z,27.4091468,103.2444684,3166.507,-0.044,-0.034,-0.120,0.692,1.261,0.214,14
$GNSS,2025-05-04T08:16:27.450Z,27.4091468,103.2444682,3166.503,-0.078,-0.011,0.000,0.691,1.261,0.157,14
$GNSS,2025-05-04T08:16:27.500Z,27.4091468,103.2444680,3166.507,-0.001,0.033,0.062,0.691,1.261,0.220,14
$GNSS,2025-05-04T08:16:27.550Z,27.4091468,103.2444679,3166.502,-0.032,0.032,0.050,0.690,1.261,0.208,14
$GNSS,2025-05-04T08:16:27.600Z,27.4091468,103.2444677,3166.495,-0.005,-0.032,0.119,0.690,1.260,0.227,14
$GNSS,2025-05-04T08:16:27.650Z,27.4091469,103.2444675,3166.485,0.046,-0.013,0.162,0.689,1.260,0.237,14
$GNSS,2025-05-04T08:16:27.700Z,27.4091469,103.2444674,3166.487,0.049,0.151,0.132,0.689,1.260,0.204,14
$GNSS,2025-05-04T08:16:27.750Z,27.4091470,103.2444673,3166.494,0.133,0.292,-0.021,0.688,1.259,0.153,14
$GNSS,2025-05-04T08:16:27.800Z,27.4091472,103.2444673,3166.464,0.176,0.201,-0.212,0.688,1.259,0.159,15
$GNSS,2025-05-04T08:16:27.850Z,27.4091475,103.2444670,3166.395,0.145,-0.022,-0.114,0.688,1.258,0.171,15
$GNSS,2025-05-04T08:16:27.900Z,27.4091478,103.2444668,3166.339,0.017,-0.020,0.075,0.687,1.257,0.201,15
$GNSS,2025-05-04T08:16:27.950Z,27.4091480,103.2444666,3166.273,-0.059,0.022,0.133,0.687,1.256,0.197,15
$GNSS,2025-05-04T08:16:28.000Z,27.4091482,103.2444665,3166.223,-0.018,0.080,-0.004,0.686,1.255,0.176,15
$GNSS,2025-05-04T08:16:28.050Z,27.4091485,103.2444663,3166.161,0.013,-0.002,-0.043,0.686,1.255,0.198,15
$GNSS,2025-05-04T08:16:28.100Z,27.4091488,103.2444660,3166.104,0.018,-0.021,-0.029,0.685,1.254,0.195,15
$GNSS,2025-05-04T08:16:28.150Z,27.4091490,103.2444658,3166.042,-0.013,-0.089,0.071,0.685,1.253,0.170,15
$GNSS,2025-05-04T08:16:28.200Z,27.4091493,103.2444656,3165.970,0.042,0.039,0.071,0.685,1.252,0.197,15
$GNSS,2025-05-04T08:16:28.250Z,27.4091495,103.2444655,3165.922,0.024,0.057,0.079,0.684,1.252,0.204,14
$GNSS,2025-05-04T08:16:28.300Z,27.4091498,103.2444653,3165.873,0.038,-0.014,0.046,0.684,1.251,0.189,15
$GNSS,2025-05-04T08:16:28.350Z,27.4091500,103.2444650,3165.825,-0.001,-0.032,0.005,0.683,1.251,0.178,15
$GNSS,2025-05-04T08:16:28.400Z,27.4091503,103.2444649,3165.771,0.060,0.036,0.067,0.683,1.250,0.189,14
$GNSS,2025-05-04T08:16:28.450Z,27.4091505,103.2444647,3165.711,0.043,0.026,0.098,0.683,1.250,0.206,14
$GNSS,2025-05-04T08:16:28.500Z,27.4091508,103.2444645,3165.666,0.001,-0.001,0.016,0.682,1.249,0.197,14
$GNSS,2025-05-04T08:16:28.550Z,27.4091510,103.2444643,3165.621,-0.067,0.021,0.054,0.682,1.249,0.168,14
$GNSS,2025-05-04T08:16:28.600Z,27.4091512,103.2444640,3165.561,-0.081,-0.067,0.025,0.681,1.248,0.150,15
$GNSS,2025-05-04T08:16:28.650Z,27.4091515,103.2444638,3165.491,0.047,0.008,0.111,0.681,1.248,0.204,15
$GNSS,2025-05-04T08:16:28.700Z,27.4091517,103.2444636,3165.423,0.061,-0.010,0.136,0.681,1.247,0.202,15
$GNSS,2025-05-04T08:16:28.750Z,27.4091520,103.2444634,3165.360,0.064,0.032,0.035,0.680,1.246,0.167,15
$GNSS,2025-05-04T08:16:28.800Z,27.4091523,103.2444633,3165.318,0.124,0.231,-0.182,0.680,1.246,0.170,15
$GNSS,2025-05-04T08:16:28.850Z,27.4091525,103.2444631,3165.265,0.005,0.080,0.048,0.679,1.245,0.192,15
$GNSS,2025-05-04T08:16:28.900Z,27.4091528,103.2444629,3165.201,-0.085,-0.101,0.218,0.679,1.245,0.194,15
$GNSS,2025-05-04T08:16:28.950Z,27.4091529,103.2444626,3165.151,-0.131,-0.159,0.098,0.679,1.244,0.165,15
$GNSS,2025-05-04T08:16:29.000Z,27.4091532,103.2444624,3165.108,-0.024,-0.004,0.010,0.678,1.244,0.148,15
$GNSS,2025-05-04T08:16:29.050Z,27.4091534,103.2444622,3165.052,0.019,0.000,0.061,0.678,1.243,0.208,15
$GNSS,2025-05-04T08:16:29.100Z,27.4091537,103.2444620,3164.997,-0.020,-0.045,0.027,0.677,1.243,0.175,15
$GNSS,2025-05-04T08:16:29.150Z,27.4091539,103.2444618,3164.940,0.020,-0.001,0.021,0.677,1.242,0.184,15
$GNSS,2025-05-04T08:16:29.200Z,27.4091541,103.2444615,3164.895,-0.029,0.006,0.053,0.676,1.242,0.189,15
$GNSS,2025-05-04T08:16:29.250Z,27.4091543,103.2444614,3164.846,-0.005,0.072,0.007,0.676,1.241,0.153,15
$GNSS,2025-05-04T08:16:29.300Z,27.4091546,103.2444610,3164.812,0.064,-0.086,0.056,0.675,1.240,0.172,15
$GNSS,2025-05-04T08:16:29.350Z,27.4091549,103.2444608,3164.747,0.167,0.022,0.054,0.675,1.239,0.153,15
$GNSS,2025-05-04T08:16:29.400Z,27.4091552,103.2444608,3164.689,0.208,0.317,-0.088,0.674,1.239,0.159,15
$GNSS,2025-05-04T08:16:29.450Z,27.4091555,103.2444607,3164.639,0.111,0.280,0.017,0.674,1.238,0.168,15
$GNSS,2025-05-04T08:16:29.550Z,27.4091556,103.2444604,3164.593,-0.199,-0.215,0.031,0.674,1.238,0.160,15
$GNSS,2025-05-04T08:16:29.600Z,27.4091558,103.2444602,3164.543,-0.086,-0.078,-0.029,0.673,1.237,0.165,15
$GNSS,2025-05-04T08:16:29.650Z,27.4091561,103.2444601,3164.483,0.154,0.143,-0.072,0.673,1.237,0.136,15
$GNSS,2025-05-04T08:16:29.700Z,27.4091563,103.2444600,3164.460,0.122,0.112,0.017,0.673,1.236,0.140,15
$GNSS,2025-05-04T08:16:29.750Z,27.4091564,103.2444598,3164.421,0.039,-0.025,0.110,0.672,1.234,0.213,15
$GNSS,2025-05-04T08:16:29.800Z,27.4091566,103.2444595,3164.347,-0.032,-0.043,0.166,0.672,1.234,0.193,15
$GNSS,2025-05-04T08:16:29.850Z,27.4091569,103.2444592,3164.270,0.030,-0.068,0.179,0.671,1.233,0.197,15
$GNSS,2025-05-04T08:16:29.900Z,27.4091571,103.2444589,3164.227,0.048,-0.021,0.086,0.671,1.232,0.229,15
$GNSS,2025-05-04T08:16:29.950Z,27.4091573,103.2444587,3164.157,0.041,0.020,-0.106,0.670,1.231,0.174,15
$GNSS,2025-05-04T08:16:30.000Z,27.4091575,103.2444586,3164.080,0.036,0.096,-0.160,0.670,1.230,0.166,15
$GNSS,2025-05-04T08:16:30.050Z,27.4091577,103.2444585,3163.993,0.044,0.231,-0.013,0.670,1.229,0.146,15
$GNSS,2025-05-04T08:16:30.100Z,27.4091579,103.2444583,3163.930,-0.018,0.148,0.191,0.669,1.227,0.188,15
$GNSS,2025-05-04T08:16:30.150Z,27.4091580,103.2444581,3163.861,-0.095,0.066,0.181,0.669,1.226,0.183,15
$GNSS,2025-05-04T08:16:30.200Z,27.4091582,103.2444578,3163.790,0.040,-0.022,0.030,0.668,1.225,0.224,16
$GNSS,2025-05-04T08:16:30.250Z,27.4091583,103.2444576,3163.726,0.005,0.066,-0.054,0.668,1.224,0.157,15
$GNSS,2025-05-04T08:16:30.300Z,27.4091585,103.2444575,3163.665,-0.029,0.172,-0.037,0.667,1.223,0.150,15
$GNSS,2025-05-04T08:16:30.350Z,27.4091587,103.2444572,3163.622,-0.026,0.027,0.009,0.667,1.222,0.180,15
$GNSS,2025-05-04T08:16:30.400Z,27.4091588,103.2444569,3163.567,-0.035,0.078,0.135,0.666,1.221,0.198,15
$GNSS,2025-05-04T08:16:30.450Z,27.4091590,103.2444567,3163.499,-0.015,0.113,0.176,0.666,1.219,0.195,15
$GNSS,2025-05-04T08:16:30.500Z,27.4091591,103.2444564,3163.443,-0.061,-0.029,0.030,0.665,1.218,0.153,16
$GNSS,2025-05-04T08:16:30.550Z,27.4091592,103.2444562,3163.379,-0.139,-0.090,-0.063,0.665,1.217,0.190,15
$GNSS,2025-05-04T08:16:30.600Z,27.4091592,103.2444559,3163.316,-0.135,-0.088,-0.036,0.664,1.216,0.179,15
$GNSS,2025-05-04T08:16:30.650Z,27.4091593,103.2444556,3163.247,-0.174,-0.141,0.084,0.664,1.215,0.141,15
$GNSS,2025-05-04T08:16:30.700Z,27.4091594,103.2444553,3163.184,-0.172,-0.092,0.177,0.663,1.214,0.155,15
$GNSS,2025-05-04T08:16:30.750Z,27.4091594,103.2444551,3163.125,-0.148,-0.094,0.088,0.663,1.212,0.148,15
$GNSS,2025-05-04T08:16:30.800Z,27.4091595,103.2444548,3163.068,-0.063,-0.175,-0.122,0.662,1.212,0.182,15
$GNSS,2025-05-04T08:16:30.850Z,27.4091596,103.2444545,3163.007,-0.108,-0.125,-0.130,0.662,1.211,0.205,15
$GNSS,2025-05-04T08:16:30.900Z,27.4091597,103.2444543,3162.943,-0.032,0.036,-0.030,0.662,1.210,0.210,15
$GNSS,2025-05-04T08:16:30.950Z,27.4091599,103.2444541,3162.898,0.007,0.090,0.016,0.661,1.210,0.149,14
$GNSS,2025-05-04T08:16:31.000Z,27.4091600,103.2444539,3162.855,-0.008,0.045,-0.009,0.661,1.209,0.152,14
$GNSS,2025-05-04T08:16:31.050Z,27.4091602,103.2444536,3162.828,0.024,-0.024,-0.052,0.661,1.209,0.220,14
$GNSS,2025-05-04T08:16:31.100Z,27.4091603,103.2444534,3162.793,0.027,-0.077,0.031,0.661,1.209,0.207,14
$GNSS,2025-05-04T08:16:31.150Z,27.4091604,103.2444533,3162.753,0.041,0.040,0.069,0.661,1.209,0.237,14
$GNSS,2025-05-04T08:16:31.200Z,27.4091606,103.2444532,3162.735,0.030,0.018,-0.021,0.661,1.209,0.174,14
$GNSS,2025-05-04T08:16:31.250Z,27.4091607,103.2444530,3162.698,-0.007,0.021,0.056,0.661,1.209,0.245,14
$GNSS,2025-05-04T08:16:31.300Z,27.4091608,103.2444529,3162.655,0.003,0.090,0.081,0.661,1.210,0.235,14
$GNSS,2025-05-04T08:16:31.350Z,27.4091609,103.2444527,3162.624,-0.023,-0.048,0.058,0.661,1.210,0.188,14
$GNSS,2025-05-04T08:16:31.400Z,27.4091611,103.2444525,3162.589,0.106,-0.050,0.064,0.661,1.210,0.258,14
$GNSS,2025-05-04T08:16:31.450Z,27.4091612,103.2444523,3162.565,-0.042,-0.114,-0.057,0.661,1.210,0.210,14
$GNSS,2025-05-04T08:16:31.500Z,27.4091612,103.2444521,3162.538,-0.132,-0.008,0.010,0.661,1.211,0.230,14
$GNSS,2025-05-04T08:16:31.550Z,27.4091613,103.2444520,3162.495,-0.123,-0.017,0.183,0.660,1.211,0.224,14
$GNSS,2025-05-04T08:16:31.600Z,27.4091613,103.2444517,3162.474,-0.031,-0.209,0.092,0.661,1.212,0.180,14
$GNSS,2025-05-04T08:16:31.650Z,27.4091614,103.2444514,3162.461,-0.096,-0.115,-0.072,0.660,1.212,0.227,14
$GNSS,2025-05-04T08:16:31.700Z,27.4091614,103.2444512,3162.450,-0.129,-0.034,-0.129,0.660,1.213,0.281,14
$GNSS,2025-05-04T08:16:31.750Z,27.4091616,103.2444511,3162.408,0.134,0.039,-0.004,0.660,1.213,0.215,14
$GNSS,2025-05-04T08:16:31.800Z,27.4091618,103.2444509,3162.388,0.127,-0.039,0.125,0.660,1.214,0.283,14
$GNSS,2025-05-04T08:16:31.850Z,27.4091619,103.2444507,3162.356,0.101,-0.006,0.189,0.660,1.213,0.283,15
$GNSS,2025-05-04T08:16:31.900Z,27.4091619,103.2444505,3162.340,-0.186,0.051,0.125,0.660,1.213,0.211,15
$GNSS,2025-05-04T08:16:31.950Z,27.4091620,103.2444503,3162.313,-0.134,-0.050,0.141,0.660,1.213,0.190,15
$GNSS,2025-05-04T08:16:32.000Z,27.4091621,103.2444500,3162.283,-0.012,-0.153,0.074,0.660,1.213,0.182,15
$GNSS,2025-05-04T08:16:32.050Z,27.4091622,103.2444499,3162.242,-0.026,0.003,0.074,0.660,1.213,0.231,15
$GNSS,2025-05-04T08:16:32.100Z,27.4091623,103.2444498,3162.202,0.070,0.025,0.190,0.660,1.213,0.255,15
$GNSS,2025-05-04T08:16:32.150Z,27.4091625,103.2444496,3162.163,0.047,0.022,0.197,0.660,1.212,0.240,16
$GNSS,2025-05-04T08:16:32.200Z,27.4091626,103.2444495,3162.129,0.145,0.037,0.159,0.660,1.212,0.229,16
$GNSS,2025-05-04T08:16:32.250Z,27.4091628,103.2444494,3162.099,0.105,0.135,0.172,0.660,1.212,0.219,16
$GNSS,2025-05-04T08:16:32.300Z,27.4091629,103.2444492,3162.078,-0.023,0.112,0.184,0.659,1.211,0.227,16
$GNSS,2025-05-04T08:16:32.350Z,27.4091630,103.2444491,3162.035,-0.004,0.069,0.344,0.659,1.211,0.230,16
$GNSS,2025-05-04T08:16:32.400Z,27.4091630,103.2444489,3162.001,-0.135,-0.107,0.068,0.659,1.210,0.164,16
$GNSS,2025-05-04T08:16:32.450Z,27.4091631,103.2444488,3161.982,-0.050,-0.052,-0.059,0.659,1.210,0.215,16
$GNSS,2025-05-04T08:16:32.500Z,27.4091632,103.2444486,3161.943,-0.061,-0.020,0.007,0.659,1.209,0.193,16
$GNSS,2025-05-04T08:16:32.550Z,27.4091633,103.2444486,3161.888,0.016,0.101,0.213,0.659,1.209,0.231,16
$GNSS,2025-05-04T08:16:32.600Z,27.4091634,103.2444485,3161.850,0.006,0.116,0.183,0.659,1.208,0.226,16
$GNSS,2025-05-04T08:16:32.650Z,27.4091635,103.2444484,3161.800,0.039,0.111,0.124,0.659,1.208,0.220,16
$GNSS,2025-05-04T08:16:32.700Z,27.4091636,103.2444483,3161.763,-0.014,0.012,0.038,0.659,1.207,0.219,16
$GNSS,2025-05-04T08:16:32.750Z,27.4091637,103.2444482,3161.740,-0.071,0.029,0.020,0.659,1.207,0.224,16
$GNSS,2025-05-04T08:16:32.800Z,27.4091637,103.2444480,3161.687,-0.130,-0.039,0.072,0.659,1.206,0.181,16
$GNSS,2025-05-04T08:16:32.850Z,27.4091638,103.2444479,3161.650,-0.081,0.000,0.009,0.659,1.206,0.214,16
$GNSS,2025-05-04T08:16:32.900Z,27.4091639,103.2444479,3161.600,-0.036,0.078,0.091,0.659,1.205,0.219,16
$GNSS,2025-05-04T08:16:32.950Z,27.4091639,103.2444478,3161.564,-0.058,0.085,0.025,0.659,1.205,0.222,16
$GNSS,2025-05-04T08:16:33.000Z,27.4091641,103.2444476,3161.514,-0.029,0.034,0.163,0.658,1.204,0.221,16
$GNSS,2025-05-04T08:16:33.050Z,27.4091642,103.2444475,3161.478,-0.004,0.018,0.075,0.658,1.204,0.226,16
$GNSS,2025-05-04T08:16:33.100Z,27.4091643,103.2444474,3161.441,0.074,0.088,-0.034,0.658,1.203,0.160,16
$GNSS,2025-05-04T08:16:33.150Z,27.4091644,103.2444474,3161.386,0.038,0.125,0.089,0.658,1.203,0.206,16
$GNSS,2025-05-04T08:16:33.200Z,27.4091645,103.2444473,3161.337,-0.179,0.103,0.189,0.658,1.202,0.211,16
$GNSS,2025-05-04T08:16:33.250Z,27.4091645,103.2444471,3161.296,-0.196,-0.122,0.012,0.658,1.202,0.180,16
$GNSS,2025-05-04T08:16:33.300Z,27.4091646,103.2444470,3161.254,0.010,-0.061,-0.175,0.658,1.202,0.222,16
$GNSS,2025-05-04T08:16:33.350Z,27.4091647,103.2444469,3161.205,0.026,-0.024,-0.041,0.658,1.201,0.213,16
$GNSS,2025-05-04T08:16:33.400Z,27.4091648,103.2444469,3161.157,-0.067,0.191,0.099,0.658,1.201,0.210,16
$GNSS,2025-05-04T08:16:33.450Z,27.4091649,103.2444467,3161.123,-0.101,0.035,0.082,0.658,1.200,0.206,16
$GNSS,2025-05-04T08:16:33.500Z,27.4091650,103.2444465,3161.067,0.074,-0.190,0.053,0.658,1.200,0.214,16
$GNSS,2025-05-04T08:16:33.550Z,27.4091651,103.2444464,3161.033,0.007,-0.143,-0.096,0.658,1.199,0.205,16
$GNSS,2025-05-04T08:16:33.600Z,27.4091652,103.2444462,3160.998,0.036,-0.088,-0.159,0.658,1.199,0.217,16
$GNSS,2025-05-04T08:16:33.650Z,27.4091654,103.2444460,3160.937,0.133,-0.156,0.008,0.658,1.198,0.229,16
$GNSS,2025-05-04T08:16:33.700Z,27.4091656,103.2444458,3160.897,0.174,-0.103,0.060,0.658,1.198,0.243,16
$GNSS,2025-05-04T08:16:33.750Z,27.4091658,103.2444456,3160.850,0.110,-0.164,0.082,0.658,1.197,0.232,16
$GNSS,2025-05-04T08:16:33.800Z,27.4091659,103.2444455,3160.800,-0.014,0.003,0.021,0.658,1.197,0.203,16
$GNSS,2025-05-04T08:16:33.850Z,27.4091660,103.2444454,3160.754,0.038,-0.021,-0.046,0.658,1.197,0.209,16
$GNSS,2025-05-04T08:16:33.900Z,27.4091661,103.2444453,3160.708,0.033,-0.030,-0.010,0.658,1.196,0.226,16
$GNSS,2025-05-04T08:16:33.950Z,27.4091663,103.2444452,3160.660,0.050,-0.045,0.008,0.658,1.196,0.237,16
$GNSS,2025-05-04T08:16:34.000Z,27.4091664,103.2444451,3160.618,0.010,-0.040,-0.050,0.658,1.196,0.218,16
$GNSS,2025-05-04T08:16:34.050Z,27.4091665,103.2444450,3160.569,0.092,-0.048,0.005,0.658,1.195,0.238,16
$GNSS,2025-05-04T08:16:34.100Z,27.4091667,103.2444448,3160.520,0.095,-0.051,0.020,0.658,1.195,0.243,16
$GNSS,2025-05-04T08:16:34.150Z,27.4091668,103.2444447,3160.484,-0.031,0.033,-0.065,0.658,1.195,0.243,16
$GNSS,2025-05-04T08:16:34.200Z,27.4091669,103.2444447,3160.438,0.040,-0.006,-0.113,0.658,1.194,0.210,16
$GNSS,2025-05-04T08:16:34.250Z,27.4091670,103.2444445,3160.392,0.075,-0.094,-0.076,0.658,1.194,0.214,16
$GNSS,2025-05-04T08:16:34.300Z,27.4091672,103.2444444,3160.342,0.029,-0.047,-0.051,0.658,1.194,0.212,16
$GNSS,2025-05-04T08:16:34.350Z,27.4091672,103.2444442,3160.325,-0.129,-0.131,-0.217,0.658,1.194,0.231,16
$GNSS,2025-05-04T08:16:34.400Z,27.4091673,103.2444441,3160.280,0.032,-0.065,-0.167,0.658,1.193,0.219,16
$GNSS,2025-05-04T08:16:34.450Z,27.4091676,103.2444440,3160.241,0.193,0.042,-0.118,0.658,1.193,0.175,16
$GNSS,2025-05-04T08:16:34.500Z,27.4091678,103.2444440,3160.197,0.184,0.129,0.058,0.658,1.193,0.197,16
$GNSS,2025-05-04T08:16:34.550Z,27.4091679,103.2444439,3160.146,0.144,0.013,0.076,0.658,1.193,0.241,16
$GNSS,2025-05-04T08:16:34.600Z,27.4091680,103.2444438,3160.106,0.004,-0.034,-0.085,0.658,1.192,0.227,16
$GNSS,2025-05-04T08:16:34.650Z,27.4091680,103.2444438,3160.066,-0.137,0.101,-0.166,0.658,1.192,0.248,16
$GNSS,2025-05-04T08:16:34.700Z,27.4091682,103.2444437,3160.024,0.034,-0.020,-0.094,0.658,1.192,0.218,16
$GNSS,2025-05-04T08:16:34.750Z,27.4091684,103.2444436,3159.977,0.139,0.000,0.043,0.659,1.192,0.227,16
$GNSS,2025-05-04T08:16:34.800Z,27.4091685,103.2444435,3159.940,-0.026,0.010,0.001,0.659,1.192,0.217,16
$GNSS,2025-05-04T08:16:34.850Z,27.4091685,103.2444434,3159.900,-0.074,-0.006,-0.108,0.659,1.192,0.251,16
$GNSS,2025-05-04T08:16:34.900Z,27.4091686,103.2444434,3159.865,0.008,0.113,-0.201,0.659,1.192,0.218,16
$GNSS,2025-05-04T08:16:34.950Z,27.4091688,103.2444434,3159.822,0.079,0.260,-0.080,0.659,1.192,0.169,16
$GNSS,2025-05-04T08:16:35.000Z,27.4091689,103.2444435,3159.775,0.083,0.368,0.016,0.659,1.192,0.177,16
$GNSS,2025-05-04T08:16:35.050Z,27.4091691,103.2444436,3159.721,0.084,0.211,0.044,0.659,1.191,0.181,16
$GNSS,2025-05-04T08:16:35.100Z,27.4091691,103.2444435,3159.686,-0.087,0.064,-0.040,0.659,1.191,0.239,16
$GNSS,2025-05-04T08:16:35.150Z,27.4091693,103.2444434,3159.643,-0.021,0.015,0.032,0.659,1.191,0.208,16
$GNSS,2025-05-04T08:16:35.200Z,27.4091694,103.2444433,3159.603,-0.017,0.054,0.006,0.659,1.191,0.202,16
$GNSS,2025-05-04T08:16:35.250Z,27.4091695,103.2444433,3159.560,0.010,0.089,-0.022,0.659,1.191,0.181,16
$GNSS,2025-05-04T08:16:35.300Z,27.4091695,103.2444432,3159.512,-0.061,0.018,-0.036,0.659,1.190,0.242,16
$GNSS,2025-05-04T08:16:35.350Z,27.4091697,103.2444431,3159.467,0.024,-0.016,-0.040,0.659,1.190,0.206,16
$GNSS,2025-05-04T08:16:35.400Z,27.4091698,103.2444430,3159.433,0.004,0.070,-0.061,0.659,1.190,0.199,16
$GNSS,2025-05-04T08:16:35.450Z,27.4091699,103.2444430,3159.382,-0.038,-0.024,0.012,0.659,1.190,0.167,16
$GNSS,2025-05-04T08:16:35.500Z,27.4091700,103.2444428,3159.340,0.008,-0.044,0.002,0.659,1.189,0.196,16
$GNSS,2025-05-04T08:16:35.550Z,27.4091700,103.2444428,3159.296,-0.073,0.040,-0.111,0.659,1.189,0.247,16
$GNSS,2025-05-04T08:16:35.600Z,27.4091702,103.2444427,3159.259,0.015,-0.023,-0.052,0.659,1.189,0.213,16
$GNSS,2025-05-04T08:16:35.650Z,27.4091703,103.2444425,3159.218,-0.067,-0.040,0.031,0.659,1.188,0.163,16
$GNSS,2025-05-04T08:16:35.700Z,27.4091704,103.2444425,3159.169,-0.025,0.077,0.080,0.659,1.188,0.208,16
$GNSS,2025-05-04T08:16:35.750Z,27.4091704,103.2444423,3159.135,-0.047,0.001,0.024,0.659,1.188,0.195,16
$GNSS,2025-05-04T08:16:35.800Z,27.4091706,103.2444422,3159.094,0.024,-0.088,-0.006,0.659,1.187,0.185,16
$GNSS,2025-05-04T08:16:35.850Z,27.4091707,103.2444421,3159.054,0.074,-0.060,-0.088,0.659,1.187,0.196,16
$GNSS,2025-05-04T08:16:35.900Z,27.4091708,103.2444420,3159.009,-0.041,0.005,-0.066,0.659,1.186,0.245,16
$GNSS,2025-05-04T08:16:35.950Z,27.4091708,103.2444419,3158.975,-0.085,0.093,-0.032,0.659,1.186,0.224,16
$GNSS,2025-05-04T08:16:36.000Z,27.4091710,103.2444418,3158.929,0.016,-0.053,0.087,0.658,1.186,0.221,16
$GNSS,2025-05-04T08:16:36.050Z,27.4091711,103.2444416,3158.887,-0.044,-0.064,0.031,0.658,1.185,0.153,16
$GNSS,2025-05-04T08:16:36.100Z,27.4091712,103.2444415,3158.848,0.058,-0.063,0.041,0.658,1.185,0.241,16
$GNSS,2025-05-04T08:16:36.150Z,27.4091712,103.2444414,3158.822,-0.093,-0.017,-0.116,0.658,1.184,0.261,16
$GNSS,2025-05-04T08:16:36.200Z,27.4091713,103.2444412,3158.785,-0.111,-0.034,-0.159,0.658,1.184,0.257,16
$GNSS,2025-05-04T08:16:36.250Z,27.4091713,103.2444411,3158.766,-0.217,-0.003,-0.152,0.658,1.183,0.263,16
$GNSS,2025-05-04T08:16:36.300Z,27.4091712,103.2444410,3158.729,-0.382,0.030,-0.129,0.658,1.183,0.252,16
$GNSS,2025-05-04T08:16:36.350Z,27.4091711,103.2444411,3158.684,-0.496,0.318,-0.060,0.658,1.183,0.223,16
$GNSS,2025-05-04T08:16:36.400Z,27.4091709,103.2444412,3158.662,-0.428,0.394,0.062,0.658,1.183,0.231,15
$GNSS,2025-05-04T08:16:36.450Z,27.4091709,103.2444411,3158.622,-0.152,0.101,0.193,0.658,1.183,0.208,16
$GNSS,2025-05-04T08:16:36.500Z,27.4091710,103.2444410,3158.588,-0.039,-0.088,0.132,0.658,1.183,0.192,16
$GNSS,2025-05-04T08:16:36.550Z,27.4091710,103.2444407,3158.593,0.089,-0.137,-0.097,0.658,1.183,0.220,15
$GNSS,2025-05-04T08:16:36.600Z,27.4091710,103.2444406,3158.602,-0.033,-0.064,-0.181,0.658,1.183,0.254,15
$GNSS,2025-05-04T08:16:36.650Z,27.4091710,103.2444404,3158.600,-0.107,-0.002,-0.106,0.657,1.183,0.257,15
$GNSS,2025-05-04T08:16:36.700Z,27.4091710,103.2444403,3158.591,-0.035,0.020,-0.009,0.657,1.183,0.235,15
$GNSS,2025-05-04T08:16:36.750Z,27.4091711,103.2444401,3158.581,0.078,-0.027,0.034,0.657,1.183,0.243,15
$GNSS,2025-05-04T08:16:36.800Z,27.4091712,103.2444399,3158.576,0.088,-0.081,0.006,0.657,1.184,0.233,14
$GNSS,2025-05-04T08:16:36.850Z,27.4091712,103.2444397,3158.579,-0.072,-0.065,-0.020,0.657,1.184,0.179,14
$GNSS,2025-05-04T08:16:36.900Z,27.4091711,103.2444395,3158.553,-0.227,-0.088,0.096,0.657,1.184,0.174,14
$GNSS,2025-05-04T08:16:36.950Z,27.4091711,103.2444393,3158.543,-0.207,-0.137,0.072,0.657,1.184,0.160,14
$GNSS,2025-05-04T08:16:37.000Z,27.4091711,103.2444391,3158.535,0.002,-0.077,0.034,0.656,1.184,0.170,14
$GNSS,2025-05-04T08:16:37.050Z,27.4091714,103.2444389,3158.507,0.250,-0.059,0.048,0.656,1.184,0.199,15
$GNSS,2025-05-04T08:16:37.100Z,27.4091715,103.2444387,3158.479,0.052,0.055,0.083,0.656,1.184,0.228,15
$GNSS,2025-05-04T08:16:37.150Z,27.4091715,103.2444386,3158.456,-0.020,0.042,0.090,0.656,1.184,0.238,15
$GNSS,2025-05-04T08:16:37.200Z,27.4091716,103.2444385,3158.425,-0.090,0.130,0.105,0.655,1.184,0.216,15
$GNSS,2025-05-04T08:16:37.250Z,27.4091715,103.2444384,3158.435,-0.180,0.177,0.054,0.655,1.184,0.214,15
$GNSS,2025-05-04T08:16:37.300Z,27.4091715,103.2444383,3158.447,-0.159,0.147,0.028,0.655,1.184,0.209,15
$GNSS,2025-05-04T08:16:37.350Z,27.4091715,103.2444381,3158.412,-0.095,0.061,0.099,0.655,1.184,0.215,15
$GNSS,2025-05-04T08:16:37.400Z,27.4091716,103.2444380,3158.387,-0.113,0.094,0.068,0.655,1.184,0.208,15
$GNSS,2025-05-04T08:16:37.450Z,27.4091716,103.2444379,3158.382,-0.081,0.086,0.025,0.654,1.184,0.214,14
$GNSS,2025-05-04T08:16:37.500Z,27.4091717,103.2444377,3158.377,0.161,-0.058,0.085,0.654,1.184,0.220,15
$GNSS,2025-05-04T08:16:37.550Z,27.4091719,103.2444374,3158.364,0.214,-0.128,0.060,0.654,1.184,0.211,15
$GNSS,2025-05-04T08:16:37.600Z,27.4091722,103.2444372,3158.341,0.278,-0.107,0.025,0.654,1.183,0.239,14
$GNSS,2025-05-04T08:16:37.650Z,27.4091724,103.2444369,3158.320,0.201,-0.185,0.034,0.654,1.183,0.231,14
$GNSS,2025-05-04T08:16:37.700Z,27.4091726,103.2444366,3158.301,0.148,-0.203,0.088,0.654,1.183,0.221,14
$GNSS,2025-05-04T08:16:37.750Z,27.4091728,103.2444363,3158.267,0.180,-0.177,0.161,0.653,1.182,0.247,14
$GNSS,2025-05-04T08:16:37.800Z,27.4091730,103.2444360,3158.232,0.077,-0.249,0.087,0.653,1.182,0.183,15
$GNSS,2025-05-04T08:16:37.850Z,27.4091731,103.2444358,3158.185,0.101,-0.203,0.051,0.653,1.181,0.204,15
$GNSS,2025-05-04T08:16:37.900Z,27.4091733,103.2444355,3158.155,0.122,-0.282,0.001,0.653,1.181,0.189,15
$GNSS,2025-05-04T08:16:37.950Z,27.4091734,103.2444353,3158.128,0.055,-0.214,0.017,0.653,1.180,0.176,15
$GNSS,2025-05-04T08:16:38.000Z,27.4091735,103.2444350,3158.106,-0.127,-0.216,0.004,0.653,1.180,0.172,15
$GNSS,2025-05-04T08:16:38.050Z,27.4091736,103.2444347,3158.081,-0.025,-0.250,-0.005,0.653,1.180,0.163,15
$GNSS,2025-05-04T08:16:38.100Z,27.4091737,103.2444344,3158.045,-0.043,-0.262,0.023,0.653,1.179,0.163,15
$GNSS,2025-05-04T08:16:38.150Z,27.4091738,103.2444342,3158.023,-0.048,-0.215,0.031,0.652,1.179,0.165,15
$GNSS,2025-05-04T08:16:38.200Z,27.4091738,103.2444339,3157.998,-0.028,-0.249,0.009,0.652,1.179,0.162,15
$GNSS,2025-05-04T08:16:38.250Z,27.4091739,103.2444336,3157.976,-0.032,-0.215,-0.003,0.652,1.178,0.165,15
$GNSS,2025-05-04T08:16:38.300Z,27.4091742,103.2444333,3157.952,0.166,-0.183,0.005,0.652,1.178,0.218,15
$GNSS,2025-05-04T08:16:38.350Z,27.4091743,103.2444331,3157.922,0.095,-0.225,-0.073,0.652,1.177,0.183,15
$GNSS,2025-05-04T08:16:38.400Z,27.4091744,103.2444328,3157.880,0.110,-0.272,-0.066,0.652,1.177,0.185,15
$GNSS,2025-05-04T08:16:38.450Z,27.4091746,103.2444326,3157.848,0.067,-0.123,-0.050,0.652,1.176,0.189,15
$GNSS,2025-05-04T08:16:38.500Z,27.4091747,103.2444324,3157.824,0.009,-0.127,-0.038,0.652,1.176,0.176,15
$GNSS,2025-05-04T08:16:38.550Z,27.4091748,103.2444322,3157.785,0.044,-0.103,-0.071,0.651,1.175,0.189,15
$GNSS,2025-05-04T08:16:38.600Z,27.4091749,103.2444321,3157.754,0.010,-0.035,-0.182,0.651,1.175,0.228,15
$GNSS,2025-05-04T08:16:38.650Z,27.4091750,103.2444320,3157.733,0.023,0.119,-0.133,0.651,1.174,0.182,15
$GNSS,2025-05-04T08:16:38.700Z,27.4091751,103.2444319,3157.679,-0.050,0.078,0.001,0.651,1.174,0.202,15
$GNSS,2025-05-04T08:16:38.750Z,27.4091752,103.2444319,3157.636,-0.039,0.144,-0.068,0.651,1.173,0.191,15
$GNSS,2025-05-04T08:16:38.800Z,27.4091753,103.2444319,3157.592,-0.052,0.234,-0.114,0.651,1.173,0.189,15
$GNSS,2025-05-04T08:16:38.850Z,27.4091753,103.2444320,3157.550,-0.091,0.390,-0.142,0.651,1.172,0.184,15
$GNSS,2025-05-04T08:16:38.900Z,27.4091753,103.2444321,3157.529,-0.163,0.585,-0.161,0.651,1.172,0.183,15
$GNSS,2025-05-04T08:16:38.950Z,27.4091755,103.2444323,3157.497,-0.007,0.681,-0.111,0.651,1.171,0.157,15
$GNSS,2025-05-04T08:16:39.000Z,27.4091756,103.2444325,3157.448,0.071,0.660,0.048,0.651,1.170,0.158,15
$GNSS,2025-05-04T08:16:39.050Z,27.4091758,103.2444328,3157.381,0.056,0.640,0.213,0.651,1.170,0.176,15
$GNSS,2025-05-04T08:16:39.100Z,27.4091759,103.2444329,3157.347,0.141,0.616,0.061,0.651,1.169,0.157,16
$GNSS,2025-05-04T08:16:39.150Z,27.4091760,103.2444330,3157.331,0.084,0.440,0.001,0.651,1.168,0.150,16
$GNSS,2025-05-04T08:16:39.200Z,27.4091762,103.2444330,3157.294,0.069,0.394,0.092,0.650,1.168,0.162,16
$GNSS,2025-05-04T08:16:39.250Z,27.4091763,103.2444331,3157.242,-0.039,0.295,0.068,0.650,1.167,0.166,16
$GNSS,2025-05-04T08:16:39.300Z,27.4091762,103.2444332,3157.202,-0.280,0.348,-0.114,0.650,1.167,0.205,16
$GNSS,2025-05-04T08:16:39.350Z,27.4091763,103.2444332,3157.163,-0.158,0.247,-0.027,0.650,1.166,0.194,16
$GNSS,2025-05-04T08:16:39.400Z,27.4091763,103.2444332,3157.128,-0.211,0.190,-0.002,0.650,1.165,0.208,16
$GNSS,2025-05-04T08:16:39.450Z,27.4091763,103.2444332,3157.086,-0.213,0.223,0.073,0.649,1.165,0.198,16
$GNSS,2025-05-04T08:16:39.500Z,27.4091761,103.2444331,3157.065,-0.426,0.226,-0.042,0.649,1.164,0.212,16
$GNSS,2025-05-04T08:16:39.550Z,27.4091760,103.2444332,3157.037,-0.608,0.391,-0.052,0.649,1.164,0.209,16
$GNSS,2025-05-04T08:16:39.600Z,27.4091758,103.2444332,3156.995,-0.599,0.303,0.110,0.649,1.164,0.199,16
$GNSS,2025-05-04T08:16:39.650Z,27.4091758,103.2444331,3156.938,-0.289,0.018,0.205,0.648,1.163,0.196,16
$GNSS,2025-05-04T08:16:39.700Z,27.4091759,103.2444329,3156.905,-0.151,-0.120,0.126,0.648,1.163,0.171,15
$GNSS,2025-05-04T08:16:39.750Z,27.4091759,103.2444327,3156.867,-0.137,-0.145,0.089,0.648,1.162,0.156,15
$GNSS,2025-05-04T08:16:39.800Z,27.4091757,103.2444325,3156.862,-0.557,-0.096,-0.094,0.648,1.161,0.234,15
$GNSS,2025-05-04T08:16:39.850Z,27.4091754,103.2444323,3156.832,-0.689,-0.136,0.039,0.648,1.161,0.217,15
$GNSS,2025-05-04T08:16:39.900Z,27.4091753,103.2444320,3156.779,-0.628,-0.329,0.182,0.648,1.161,0.181,15
$GNSS,2025-05-04T08:16:39.950Z,27.4091751,103.2444318,3156.744,-0.674,-0.289,0.163,0.648,1.160,0.189,16
$GNSS,2025-05-04T08:16:40.000Z,27.4091748,103.2444316,3156.726,-0.807,0.003,0.202,0.647,1.160,0.212,16
$GNSS,2025-05-04T08:16:40.050Z,27.4091743,103.2444314,3156.711,-1.113,0.027,0.333,0.647,1.159,0.214,15
$GNSS,2025-05-04T08:16:40.100Z,27.4091740,103.2444313,3156.657,-0.892,-0.062,0.444,0.647,1.159,0.202,15
$GNSS,2025-05-04T08:16:40.150Z,27.4091737,103.2444311,3156.580,-0.792,-0.239,0.623,0.647,1.158,0.194,15
$GNSS,2025-05-04T08:16:40.200Z,27.4091734,103.2444309,3156.524,-0.755,-0.142,0.711,0.647,1.158,0.202,15
$GNSS,2025-05-04T08:16:40.250Z,27.4091731,103.2444309,3156.515,-0.665,0.169,0.588,0.647,1.157,0.223,15
$GNSS,2025-05-04T08:16:40.300Z,27.4091730,103.2444309,3156.467,-0.510,0.238,0.530,0.646,1.157,0.241,15
$GNSS,2025-05-04T08:16:40.350Z,27.4091729,103.2444309,3156.419,-0.361,0.182,0.412,0.646,1.157,0.234,15
$GNSS,2025-05-04T08:16:40.400Z,27.4091731,103.2444307,3156.403,0.152,-0.259,0.270,0.646,1.156,0.232,15
$GNSS,2025-05-04T08:16:40.450Z,27.4091731,103.2444306,3156.350,0.073,-0.104,0.540,0.646,1.156,0.250,15
$GNSS,2025-05-04T08:16:40.500Z,27.4091731,103.2444305,3156.336,-0.021,0.080,0.400,0.646,1.155,0.258,14
$GNSS,2025-05-04T08:16:40.550Z,27.4091731,103.2444305,3156.350,-0.081,0.154,0.140,0.646,1.155,0.262,14
$GNSS,2025-05-04T08:16:40.600Z,27.4091731,103.2444305,3156.348,-0.080,0.195,0.056,0.646,1.155,0.257,13
$GNSS,2025-05-04T08:16:40.650Z,27.4091731,103.2444305,3156.328,-0.069,0.098,0.105,0.646,1.155,0.282,13
$GNSS,2025-05-04T08:16:40.700Z,27.4091731,103.2444305,3156.305,-0.023,0.058,0.139,0.646,1.154,0.266,14
$GNSS,2025-05-04T08:16:40.750Z,27.4091731,103.2444305,3156.299,0.033,0.106,-0.001,0.646,1.154,0.165,14
$GNSS,2025-05-04T08:16:40.800Z,27.4091733,103.2444304,3156.295,0.171,0.065,-0.054,0.646,1.154,0.207,14
$GNSS,2025-05-04T08:16:40.850Z,27.4091733,103.2444304,3156.290,0.066,0.108,-0.111,0.646,1.154,0.186,14
$GNSS,2025-05-04T08:16:40.900Z,27.4091734,103.2444303,3156.283,0.200,0.058,-0.117,0.646,1.153,0.235,15
$GNSS,2025-05-04T08:16:40.950Z,27.4091736,103.2444303,3156.276,0.224,0.120,-0.069,0.646,1.153,0.194,14
$GNSS,2025-05-04T08:16:41.000Z,27.4091737,103.2444302,3156.287,0.219,0.075,-0.161,0.646,1.153,0.211,15
$GNSS,2025-05-04T08:16:41.050Z,27.4091740,103.2444301,3156.275,0.477,-0.083,-0.107,0.646,1.152,0.244,15
$GNSS,2025-05-04T08:16:41.100Z,27.4091743,103.2444299,3156.281,0.731,-0.196,-0.209,0.646,1.152,0.255,15
$GNSS,2025-05-04T08:16:41.150Z,27.4091747,103.2444298,3156.293,0.859,-0.069,-0.308,0.646,1.152,0.245,15
$GNSS,2025-05-04T08:16:41.200Z,27.4091750,103.2444297,3156.324,0.652,-0.051,-0.265,0.646,1.152,0.238,15
$GNSS,2025-05-04T08:16:41.250Z,27.4091753,103.2444296,3156.345,0.586,0.037,-0.197,0.645,1.152,0.232,15
$GNSS,2025-05-04T08:16:41.300Z,27.4091755,103.2444296,3156.358,0.475,0.089,-0.180,0.645,1.151,0.210,16
$GNSS,2025-05-04T08:16:41.350Z,27.4091756,103.2444294,3156.373,0.270,-0.051,-0.153,0.645,1.151,0.233,16
$GNSS,2025-05-04T08:16:41.400Z,27.4091757,103.2444293,3156.393,0.298,-0.091,-0.229,0.645,1.151,0.245,15
$GNSS,2025-05-04T08:16:41.450Z,27.4091759,103.2444292,3156.405,0.469,-0.099,-0.279,0.645,1.150,0.222,15
$GNSS,2025-05-04T08:16:41.500Z,27.4091763,103.2444291,3156.421,0.689,-0.055,-0.375,0.645,1.150,0.227,14
$GNSS,2025-05-04T08:16:41.550Z,27.4091767,103.2444290,3156.429,0.837,0.003,-0.280,0.645,1.150,0.224,14
$GNSS,2025-05-04T08:16:41.600Z,27.4091770,103.2444289,3156.420,0.571,-0.068,-0.201,0.645,1.149,0.230,14
$GNSS,2025-05-04T08:16:41.650Z,27.4091774,103.2444289,3156.411,0.755,0.082,-0.163,0.644,1.149,0.225,14
$GNSS,2025-05-04T08:16:41.700Z,27.4091777,103.2444288,3156.412,0.529,-0.023,-0.222,0.644,1.149,0.231,14
$GNSS,2025-05-04T08:16:41.750Z,27.4091779,103.2444286,3156.404,0.304,-0.173,-0.271,0.644,1.149,0.227,15
$GNSS,2025-05-04T08:16:41.800Z,27.4091781,103.2444284,3156.373,0.366,-0.301,-0.196,0.644,1.148,0.215,15
$GNSS,2025-05-04T08:16:41.850Z,27.4091784,103.2444282,3156.343,0.408,-0.246,-0.154,0.644,1.148,0.220,15
$GNSS,2025-05-04T08:16:41.900Z,27.4091787,103.2444279,3156.339,0.385,-0.271,-0.163,0.644,1.148,0.217,15
$GNSS,2025-05-04T08:16:41.950Z,27.4091788,103.2444277,3156.310,0.198,-0.297,-0.081,0.644,1.148,0.197,15
$GNSS,2025-05-04T08:16:42.000Z,27.4091790,103.2444275,3156.279,0.214,-0.262,-0.051,0.644,1.148,0.198,15
$GNSS,2025-05-04T08:16:42.050Z,27.4091792,103.2444273,3156.250,0.227,-0.276,-0.027,0.643,1.148,0.198,15
$GNSS,2025-05-04T08:16:42.100Z,27.4091794,103.2444270,3156.223,0.272,-0.406,-0.009,0.643,1.148,0.196,15
$GNSS,2025-05-04T08:16:42.150Z,27.4091797,103.2444267,3156.211,0.359,-0.391,0.033,0.643,1.147,0.218,14
$GNSS,2025-05-04T08:16:42.200Z,27.4091800,103.2444264,3156.214,0.411,-0.367,-0.040,0.643,1.147,0.219,14
$GNSS,2025-05-04T08:16:42.250Z,27.4091803,103.2444260,3156.201,0.400,-0.479,-0.060,0.643,1.147,0.199,14
$GNSS,2025-05-04T08:16:42.300Z,27.4091804,103.2444257,3156.160,0.319,-0.468,-0.026,0.643,1.147,0.211,13
$GNSS,2025-05-04T08:16:42.350Z,27.4091808,103.2444253,3156.139,0.524,-0.546,-0.053,0.644,1.147,0.247,13
$GNSS,2025-05-04T08:16:42.400Z,27.4091811,103.2444250,3156.151,0.527,-0.449,-0.150,0.644,1.147,0.257,13
$GNSS,2025-05-04T08:16:42.450Z,27.4091813,103.2444247,3156.144,0.217,-0.446,-0.080,0.645,1.148,0.210,13
$GNSS,2025-05-04T08:16:42.500Z,27.4091816,103.2444244,3156.113,0.460,-0.343,0.042,0.646,1.148,0.282,14
$GNSS,2025-05-04T08:16:42.550Z,27.4091823,103.2444242,3156.118,0.859,-0.267,-0.019,0.646,1.148,0.326,14
$GNSS,2025-05-04T08:16:42.600Z,27.4091827,103.2444240,3156.156,0.671,-0.355,-0.240,0.647,1.149,0.282,14
$GNSS,2025-05-04T08:16:42.650Z,27.4091829,103.2444238,3156.133,0.368,-0.197,-0.201,0.648,1.149,0.272,14
$GNSS,2025-05-04T08:16:42.700Z,27.4091829,103.2444235,3156.055,0.350,-0.346,0.031,0.649,1.149,0.244,13
$GNSS,2025-05-04T08:16:42.750Z,27.4091830,103.2444232,3156.042,0.138,-0.381,-0.045,0.649,1.150,0.198,13
$GNSS,2025-05-04T08:16:42.800Z,27.4091834,103.2444230,3156.066,0.188,-0.220,-0.189,0.650,1.150,0.249,14
$GNSS,2025-05-04T08:16:42.850Z,27.4091834,103.2444228,3156.059,0.003,-0.222,-0.273,0.650,1.150,0.288,14
$GNSS,2025-05-04T08:16:42.900Z,27.4091834,103.2444227,3156.013,0.065,-0.081,-0.211,0.650,1.150,0.289,14
$GNSS,2025-05-04T08:16:42.950Z,27.4091835,103.2444225,3155.967,0.076,-0.159,0.040,0.650,1.150,0.198,14
$GNSS,2025-05-04T08:16:43.000Z,27.4091835,103.2444225,3155.936,-0.127,-0.061,0.129,0.650,1.150,0.277,14
$GNSS,2025-05-04T08:16:43.050Z,27.4091836,103.2444223,3155.913,-0.107,-0.100,0.037,0.650,1.150,0.270,14
$GNSS,2025-05-04T08:16:43.100Z,27.4091836,103.2444223,3155.927,-0.085,-0.003,-0.215,0.651,1.150,0.319,14
$GNSS,2025-05-04T08:16:43.150Z,27.4091835,103.2444222,3155.901,-0.255,0.111,-0.181,0.651,1.151,0.281,14
$GNSS,2025-05-04T08:16:43.200Z,27.4091833,103.2444221,3155.840,-0.500,0.027,0.019,0.651,1.151,0.278,14
$GNSS,2025-05-04T08:16:43.250Z,27.4091831,103.2444221,3155.785,-0.562,0.044,0.148,0.651,1.151,0.252,14
$GNSS,2025-05-04T08:16:43.300Z,27.4091830,103.2444221,3155.755,-0.338,0.134,0.144,0.651,1.151,0.263,14
$GNSS,2025-05-04T08:16:43.350Z,27.4091830,103.2444221,3155.763,-0.328,0.223,-0.005,0.651,1.151,0.235,14
$GNSS,2025-05-04T08:16:43.400Z,27.4091829,103.2444221,3155.786,-0.542,0.075,-0.216,0.652,1.151,0.286,14
$GNSS,2025-05-04T08:16:43.450Z,27.4091826,103.2444219,3155.752,-0.644,-0.133,-0.110,0.652,1.151,0.276,14
$GNSS,2025-05-04T08:16:43.500Z,27.4091824,103.2444217,3155.696,-0.595,-0.178,-0.022,0.652,1.151,0.274,14
$GNSS,2025-05-04T08:16:43.550Z,27.4091822,103.2444216,3155.649,-0.470,0.042,0.078,0.652,1.151,0.249,14
$GNSS,2025-05-04T08:16:43.600Z,27.4091822,103.2444215,3155.649,-0.394,0.008,0.069,0.652,1.151,0.255,14
$GNSS,2025-05-04T08:16:43.650Z,27.4091822,103.2444215,3155.651,-0.283,0.070,0.082,0.652,1.152,0.241,14
$GNSS,2025-05-04T08:16:43.700Z,27.4091823,103.2444215,3155.657,-0.090,0.115,0.049,0.652,1.152,0.204,14
$GNSS,2025-05-04T08:16:43.750Z,27.4091823,103.2444214,3155.643,-0.166,0.058,-0.031,0.652,1.152,0.274,14
$GNSS,2025-05-04T08:16:43.800Z,27.4091824,103.2444213,3155.618,-0.090,0.029,-0.067,0.652,1.152,0.319,14
$GNSS,2025-05-04T08:16:43.850Z,27.4091824,103.2444211,3155.603,-0.133,-0.050,-0.125,0.653,1.152,0.353,14
$GNSS,2025-05-04T08:16:43.900Z,27.4091823,103.2444210,3155.581,-0.211,-0.100,-0.084,0.653,1.152,0.368,13
$GNSS,2025-05-04T08:16:43.950Z,27.4091823,103.2444208,3155.546,-0.206,-0.124,0.004,0.654,1.152,0.369,13
$GNSS,2025-05-04T08:16:44.000Z,27.4091824,103.2444205,3155.533,-0.162,-0.284,-0.060,0.655,1.152,0.293,13
$GNSS,2025-05-04T08:16:44.050Z,27.4091825,103.2444202,3155.504,-0.025,-0.283,-0.007,0.655,1.152,0.205,14
$GNSS,2025-05-04T08:16:44.100Z,27.4091825,103.2444199,3155.481,-0.129,-0.336,-0.054,0.656,1.152,0.256,14
$GNSS,2025-05-04T08:16:44.150Z,27.4091824,103.2444196,3155.452,-0.184,-0.302,-0.073,0.656,1.152,0.288,14
$GNSS,2025-05-04T08:16:44.200Z,27.4091824,103.2444194,3155.425,-0.181,-0.210,-0.004,0.657,1.152,0.300,14
$GNSS,2025-05-04T08:16:44.250Z,27.4091825,103.2444193,3155.405,-0.202,-0.111,0.022,0.657,1.152,0.338,14
$GNSS,2025-05-04T08:16:44.300Z,27.4091826,103.2444191,3155.396,-0.213,-0.144,0.029,0.657,1.152,0.308,14
$GNSS,2025-05-04T08:16:44.350Z,27.4091827,103.2444188,3155.405,-0.155,-0.227,-0.102,0.658,1.152,0.270,14
$GNSS,2025-05-04T08:16:44.400Z,27.4091826,103.2444184,3155.380,-0.311,-0.537,-0.093,0.658,1.152,0.229,14
$GNSS,2025-05-04T08:16:44.450Z,27.4091824,103.2444181,3155.343,-0.367,-0.465,-0.086,0.658,1.151,0.246,14
$GNSS,2025-05-04T08:16:44.500Z,27.4091824,103.2444178,3155.308,-0.203,-0.308,-0.023,0.658,1.151,0.221,14
$GNSS,2025-05-04T08:16:44.550Z,27.4091825,103.2444174,3155.287,-0.058,-0.457,0.018,0.658,1.151,0.164,14
$GNSS,2025-05-04T08:16:44.600Z,27.4091825,103.2444170,3155.250,-0.117,-0.637,0.109,0.658,1.150,0.163,14
$GNSS,2025-05-04T08:16:44.650Z,27.4091825,103.2444165,3155.218,-0.100,-0.678,0.119,0.659,1.150,0.164,14
$GNSS,2025-05-04T08:16:44.700Z,27.4091826,103.2444160,3155.223,-0.088,-0.648,-0.125,0.659,1.149,0.178,14
$GNSS,2025-05-04T08:16:44.750Z,27.4091824,103.2444157,3155.217,-0.383,-0.557,-0.235,0.659,1.149,0.243,14
$GNSS,2025-05-04T08:16:44.800Z,27.4091822,103.2444153,3155.198,-0.423,-0.593,-0.245,0.659,1.149,0.238,14
$GNSS,2025-05-04T08:16:44.850Z,27.4091823,103.2444148,3155.174,-0.181,-0.626,-0.075,0.659,1.148,0.180,14
$GNSS,2025-05-04T08:16:44.900Z,27.4091823,103.2444145,3155.162,-0.081,-0.454,-0.171,0.660,1.148,0.204,14
$GNSS,2025-05-04T08:16:44.950Z,27.4091823,103.2444142,3155.123,-0.117,-0.417,-0.161,0.660,1.148,0.205,14
$GNSS,2025-05-04T08:16:45.000Z,27.4091821,103.2444139,3155.078,-0.307,-0.378,-0.112,0.660,1.147,0.222,14
$GNSS,2025-05-04T08:16:45.050Z,27.4091821,103.2444136,3155.043,-0.272,-0.446,0.060,0.660,1.147,0.173,15
$GNSS,2025-05-04T08:16:45.100Z,27.4091822,103.2444133,3155.023,-0.204,-0.343,0.080,0.660,1.147,0.164,15
$GNSS,2025-05-04T08:16:45.150Z,27.4091821,103.2444131,3154.989,-0.149,-0.178,0.068,0.660,1.146,0.171,15
$GNSS,2025-05-04T08:16:45.200Z,27.4091822,103.2444130,3154.958,-0.039,-0.070,-0.048,0.660,1.146,0.227,14
$GNSS,2025-05-04T08:16:45.250Z,27.4091822,103.2444129,3154.928,-0.067,-0.109,-0.047,0.660,1.146,0.207,14
$GNSS,2025-05-04T08:16:45.300Z,27.4091822,103.2444127,3154.882,-0.080,-0.079,0.135,0.661,1.145,0.207,14
$GNSS,2025-05-04T08:16:45.350Z,27.4091821,103.2444127,3154.857,-0.221,0.070,0.087,0.661,1.145,0.250,15
$GNSS,2025-05-04T08:16:45.400Z,27.4091821,103.2444126,3154.827,-0.216,0.119,0.099,0.661,1.144,0.253,15
$GNSS,2025-05-04T08:16:45.450Z,27.4091821,103.2444126,3154.809,-0.133,0.085,0.024,0.661,1.144,0.261,15
$GNSS,2025-05-04T08:16:45.500Z,27.4091821,103.2444126,3154.801,-0.089,0.210,-0.157,0.661,1.144,0.245,15
$GNSS,2025-05-04T08:16:45.550Z,27.4091823,103.2444126,3154.778,0.234,0.282,-0.099,0.661,1.143,0.157,15
$GNSS,2025-05-04T08:16:45.600Z,27.4091825,103.2444128,3154.744,0.330,0.437,-0.072,0.661,1.143,0.158,15
$GNSS,2025-05-04T08:16:45.650Z,27.4091827,103.2444129,3154.710,0.322,0.411,-0.001,0.661,1.143,0.167,15
$GNSS,2025-05-04T08:16:45.700Z,27.4091829,103.2444129,3154.673,0.233,0.182,0.093,0.661,1.143,0.207,15
$GNSS,2025-05-04T08:16:45.750Z,27.4091829,103.2444129,3154.636,0.032,0.144,0.088,0.660,1.142,0.219,15
$GNSS,2025-05-04T08:16:45.800Z,27.4091830,103.2444128,3154.602,0.035,0.119,0.037,0.660,1.142,0.201,15
$GNSS,2025-05-04T08:16:45.850Z,27.4091831,103.2444128,3154.575,0.070,0.182,-0.021,0.660,1.142,0.165,15
$GNSS,2025-05-04T08:16:45.900Z,27.4091832,103.2444128,3154.552,-0.025,0.181,-0.010,0.660,1.142,0.189,15
$GNSS,2025-05-04T08:16:45.950Z,27.4091833,103.2444127,3154.519,0.097,0.048,0.049,0.660,1.141,0.225,16
$GNSS,2025-05-04T08:16:46.000Z,27.4091834,103.2444126,3154.488,0.047,0.008,0.006,0.660,1.141,0.214,16
$GNSS,2025-05-04T08:16:46.050Z,27.4091834,103.2444125,3154.460,-0.014,0.103,-0.114,0.660,1.141,0.211,16
$GNSS,2025-05-04T08:16:46.100Z,27.4091834,103.2444126,3154.426,-0.127,0.173,-0.072,0.660,1.140,0.235,16
$GNSS,2025-05-04T08:16:46.150Z,27.4091834,103.2444125,3154.400,-0.049,0.196,0.006,0.660,1.140,0.192,16
$GNSS,2025-05-04T08:16:46.200Z,27.4091835,103.2444125,3154.374,0.056,0.103,0.024,0.660,1.139,0.177,16
$GNSS,2025-05-04T08:16:46.250Z,27.4091837,103.2444124,3154.342,0.101,0.079,0.036,0.659,1.139,0.200,16
$GNSS,2025-05-04T08:16:46.300Z,27.4091838,103.2444123,3154.315,0.101,0.013,0.019,0.659,1.139,0.222,16
$GNSS,2025-05-04T08:16:46.350Z,27.4091839,103.2444122,3154.291,0.100,0.027,0.067,0.659,1.138,0.243,16
$GNSS,2025-05-04T08:16:46.400Z,27.4091840,103.2444122,3154.256,0.047,0.147,0.076,0.659,1.138,0.193,16
$GNSS,2025-05-04T08:16:46.450Z,27.4091840,103.2444122,3154.239,-0.130,0.169,-0.056,0.659,1.137,0.210,16
$GNSS,2025-05-04T08:16:46.500Z,27.4091840,103.2444121,3154.224,-0.079,0.112,-0.047,0.659,1.137,0.211,16
$GNSS,2025-05-04T08:16:46.550Z,27.4091841,103.2444120,3154.191,0.040,-0.014,0.034,0.659,1.137,0.252,16
$GNSS,2025-05-04T08:16:46.600Z,27.4091842,103.2444119,3154.150,0.014,-0.046,0.080,0.659,1.136,0.225,16
$GNSS,2025-05-04T08:16:46.650Z,27.4091843,103.2444118,3154.115,0.025,0.051,0.069,0.659,1.136,0.231,16
$GNSS,2025-05-04T08:16:46.700Z,27.4091844,103.2444117,3154.101,0.064,0.100,0.025,0.658,1.135,0.185,16
$GNSS,2025-05-04T08:16:46.750Z,27.4091845,103.2444117,3154.072,0.088,0.091,0.052,0.658,1.135,0.216,16
$GNSS,2025-05-04T08:16:46.800Z,27.4091846,103.2444116,3154.040,-0.021,0.107,0.030,0.658,1.134,0.170,16
$GNSS,2025-05-04T08:16:46.850Z,27.4091848,103.2444117,3154.013,0.185,0.254,0.011,0.658,1.134,0.179,16
$GNSS,2025-05-04T08:16:46.900Z,27.4091849,103.2444117,3153.996,0.120,0.349,-0.028,0.658,1.134,0.160,16
$GNSS,2025-05-04T08:16:46.950Z,27.4091849,103.2444118,3153.975,-0.101,0.468,0.011,0.658,1.133,0.168,16
$GNSS,2025-05-04T08:16:47.000Z,27.4091848,103.2444119,3153.952,-0.363,0.429,0.028,0.658,1.133,0.228,16
$GNSS,2025-05-04T08:16:47.050Z,27.4091845,103.2444120,3153.929,-0.664,0.323,-0.052,0.658,1.133,0.290,16
$GNSS,2025-05-04T08:16:47.100Z,27.4091842,103.2444120,3153.906,-0.701,0.051,-0.090,0.658,1.133,0.378,15
$GNSS,2025-05-04T08:16:47.150Z,27.4091844,103.2444118,3153.890,-0.091,0.000,-0.009,0.659,1.133,0.335,14
$GNSS,2025-05-04T08:16:47.200Z,27.4091845,103.2444117,3153.876,-0.048,0.015,0.034,0.659,1.132,0.240,14
$GNSS,2025-05-04T08:16:47.250Z,27.4091845,103.2444117,3153.852,-0.112,0.194,0.088,0.659,1.132,0.194,14
$GNSS,2025-05-04T08:16:47.300Z,27.4091845,103.2444117,3153.843,-0.158,0.201,0.089,0.659,1.132,0.208,14
$GNSS,2025-05-04T08:16:47.350Z,27.4091846,103.2444117,3153.823,-0.118,0.214,0.086,0.659,1.132,0.193,14
$GNSS,2025-05-04T08:16:47.400Z,27.4091847,103.2444116,3153.810,-0.005,0.105,0.025,0.659,1.132,0.174,14
$GNSS,2025-05-04T08:16:47.450Z,27.4091847,103.2444115,3153.800,-0.062,0.116,-0.022,0.659,1.131,0.198,14
$GNSS,2025-05-04T08:16:47.500Z,27.4091848,103.2444115,3153.783,-0.038,0.131,0.044,0.659,1.131,0.182,14
$GNSS,2025-05-04T08:16:47.550Z,27.4091849,103.2444114,3153.765,-0.060,0.107,0.075,0.660,1.131,0.199,14
$GNSS,2025-05-04T08:16:47.600Z,27.4091850,103.2444115,3153.737,0.054,0.244,0.079,0.660,1.130,0.209,14
$GNSS,2025-05-04T08:16:47.650Z,27.4091849,103.2444114,3153.723,-0.191,0.112,0.006,0.660,1.130,0.265,14
$GNSS,2025-05-04T08:16:47.700Z,27.4091850,103.2444113,3153.715,-0.147,0.068,0.019,0.660,1.130,0.267,14
$GNSS,2025-05-04T08:16:47.750Z,27.4091850,103.2444111,3153.701,-0.083,-0.108,0.028,0.660,1.130,0.208,14
$GNSS,2025-05-04T08:16:47.800Z,27.4091851,103.2444109,3153.687,-0.033,-0.098,0.048,0.660,1.130,0.156,14
$GNSS,2025-05-04T08:16:47.850Z,27.4091852,103.2444108,3153.661,-0.003,-0.012,0.074,0.660,1.130,0.252,14
$GNSS,2025-05-04T08:16:47.900Z,27.4091852,103.2444107,3153.647,-0.090,-0.013,-0.016,0.661,1.130,0.325,14
$GNSS,2025-05-04T08:16:47.950Z,27.4091852,103.2444105,3153.634,-0.097,-0.111,-0.042,0.661,1.130,0.280,14
$GNSS,2025-05-04T08:16:48.000Z,27.4091852,103.2444103,3153.619,-0.160,-0.215,-0.086,0.661,1.130,0.274,14
$GNSS,2025-05-04T08:16:48.050Z,27.4091852,103.2444100,3153.607,-0.120,-0.228,-0.057,0.661,1.129,0.223,15
$GNSS,2025-05-04T08:16:48.100Z,27.4091853,103.2444098,3153.592,-0.095,-0.318,0.040,0.661,1.129,0.178,15
$GNSS,2025-05-04T08:16:48.150Z,27.4091853,103.2444095,3153.565,-0.108,-0.279,0.120,0.661,1.129,0.179,14
$GNSS,2025-05-04T08:16:48.200Z,27.4091853,103.2444093,3153.542,-0.086,-0.306,0.049,0.661,1.129,0.185,14
$GNSS,2025-05-04T08:16:48.250Z,27.4091855,103.2444091,3153.533,0.109,-0.232,0.060,0.662,1.129,0.206,14
$GNSS,2025-05-04T08:16:48.300Z,27.4091857,103.2444088,3153.538,0.118,-0.273,0.057,0.662,1.129,0.203,14
$GNSS,2025-05-04T08:16:48.350Z,27.4091857,103.2444085,3153.538,-0.013,-0.334,-0.047,0.662,1.129,0.205,13
$GNSS,2025-05-04T08:16:48.400Z,27.4091860,103.2444083,3153.547,0.174,-0.291,0.090,0.662,1.130,0.219,13
$GNSS,2025-05-04T08:16:48.450Z,27.4091859,103.2444080,3153.545,-0.135,-0.391,-0.024,0.663,1.130,0.242,13
$GNSS,2025-05-04T08:16:48.500Z,27.4091860,103.2444078,3153.528,0.007,-0.199,0.044,0.663,1.130,0.189,13
$GNSS,2025-05-04T08:16:48.550Z,27.4091862,103.2444076,3153.514,0.101,-0.168,-0.075,0.664,1.130,0.201,14
$GNSS,2025-05-04T08:16:48.600Z,27.4091864,103.2444074,3153.496,0.259,-0.144,-0.065,0.664,1.130,0.266,14
$GNSS,2025-05-04T08:16:48.650Z,27.4091865,103.2444071,3153.495,0.058,-0.295,-0.105,0.664,1.130,0.196,14
$GNSS,2025-05-04T08:16:48.700Z,27.4091866,103.2444069,3153.478,-0.021,-0.199,-0.051,0.665,1.130,0.215,14
$GNSS,2025-05-04T08:16:48.750Z,27.4091867,103.2444066,3153.465,-0.017,-0.314,-0.114,0.665,1.130,0.214,14
$GNSS,2025-05-04T08:16:48.800Z,27.4091869,103.2444064,3153.449,0.038,-0.222,-0.034,0.666,1.130,0.179,14
$GNSS,2025-05-04T08:16:48.850Z,27.4091869,103.2444061,3153.416,0.039,-0.406,-0.103,0.666,1.130,0.187,14
$GNSS,2025-05-04T08:16:48.900Z,27.4091868,103.2444057,3153.386,-0.088,-0.393,-0.182,0.666,1.130,0.215,14
$GNSS,2025-05-04T08:16:48.950Z,27.4091868,103.2444056,3153.391,-0.153,-0.134,-0.182,0.666,1.130,0.310,13
$GNSS,2025-05-04T08:16:49.000Z,27.4091871,103.2444054,3153.385,0.124,-0.103,-0.026,0.667,1.130,0.243,13
$GNSS,2025-05-04T08:16:49.050Z,27.4091872,103.2444053,3153.368,0.141,-0.132,0.006,0.667,1.130,0.247,13
$GNSS,2025-05-04T08:16:49.100Z,27.4091873,103.2444051,3153.355,0.058,-0.068,-0.045,0.667,1.130,0.217,13
$GNSS,2025-05-04T08:16:49.150Z,27.4091873,103.2444050,3153.348,-0.103,-0.019,-0.059,0.668,1.130,0.357,13
$GNSS,2025-05-04T08:16:49.200Z,27.4091873,103.2444049,3153.356,-0.147,-0.010,-0.075,0.669,1.131,0.391,12
$GNSS,2025-05-04T08:16:49.250Z,27.4091873,103.2444048,3153.352,-0.054,0.063,-0.117,0.670,1.131,0.296,12
$GNSS,2025-05-04T08:16:49.300Z,27.4091876,103.2444048,3153.329,0.216,0.149,0.012,0.671,1.131,0.384,12
$GNSS,2025-05-04T08:16:49.350Z,27.4091878,103.2444049,3153.328,0.193,0.299,-0.025,0.672,1.132,0.321,12
$GNSS,2025-05-04T08:16:49.400Z,27.4091879,103.2444049,3153.318,0.142,0.246,-0.052,0.673,1.132,0.301,12
$GNSS,2025-05-04T08:16:49.450Z,27.4091879,103.2444048,3153.294,0.047,0.086,-0.027,0.674,1.133,0.286,12
$GNSS,2025-05-04T08:16:49.500Z,27.4091879,103.2444047,3153.280,0.018,0.089,-0.077,0.675,1.133,0.224,12
$GNSS,2025-05-04T08:16:49.550Z,27.4091879,103.2444047,3153.264,-0.081,0.191,-0.102,0.674,1.133,0.204,13
$GNSS,2025-05-04T08:16:49.600Z,27.4091879,103.2444047,3153.241,-0.129,0.249,-0.090,0.674,1.133,0.200,13
$GNSS,2025-05-04T08:16:49.650Z,27.4091880,103.2444048,3153.232,-0.012,0.330,0.077,0.674,1.134,0.194,13
$GNSS,2025-05-04T08:16:49.700Z,27.4091879,103.2444048,3153.211,-0.326,0.201,0.034,0.674,1.134,0.276,13
$GNSS,2025-05-04T08:16:49.750Z,27.4091878,103.2444047,3153.200,-0.196,0.186,-0.057,0.674,1.134,0.278,13
$GNSS,2025-05-04T08:16:49.800Z,27.4091878,103.2444048,3153.214,-0.189,0.234,-0.125,0.675,1.135,0.266,13
$GNSS,2025-05-04T08:16:49.850Z,27.4091880,103.2444048,3153.196,0.050,0.214,0.011,0.675,1.135,0.214,13
$GNSS,2025-05-04T08:16:49.900Z,27.4091881,103.2444048,3153.163,0.086,0.156,0.096,0.676,1.135,0.282,13
$GNSS,2025-05-04T08:16:49.950Z,27.4091882,103.2444048,3153.146,-0.011,0.252,0.100,0.676,1.135,0.203,13
$GNSS,2025-05-04T08:16:50.000Z,27.4091880,103.2444048,3153.131,-0.262,0.222,-0.012,0.676,1.135,0.251,14
$GNSS,2025-05-04T08:16:50.050Z,27.4091879,103.2444049,3153.110,-0.230,0.290,-0.035,0.677,1.135,0.222,14
$GNSS,2025-05-04T08:16:50.100Z,27.4091879,103.2444049,3153.099,-0.222,0.237,-0.029,0.677,1.136,0.245,14
$GNSS,2025-05-04T08:16:50.150Z,27.4091878,103.2444050,3153.082,-0.294,0.297,-0.049,0.678,1.136,0.240,14
$GNSS,2025-05-04T08:16:50.200Z,27.4091878,103.2444050,3153.067,-0.209,0.186,-0.015,0.678,1.136,0.257,13
$GNSS,2025-05-04T08:16:50.250Z,27.4091880,103.2444050,3153.042,0.037,0.131,0.053,0.679,1.136,0.251,13
$GNSS,2025-05-04T08:16:50.300Z,27.4091881,103.2444048,3153.023,0.064,-0.033,-0.054,0.680,1.136,0.255,13
$GNSS,2025-05-04T08:16:50.350Z,27.4091883,103.2444048,3153.038,0.146,-0.021,-0.109,0.680,1.135,0.253,13
$GNSS,2025-05-04T08:16:50.400Z,27.4091883,103.2444046,3153.018,-0.057,-0.069,-0.060,0.680,1.135,0.302,13
$GNSS,2025-05-04T08:16:50.450Z,27.4091882,103.2444046,3152.998,-0.116,0.119,-0.106,0.680,1.134,0.272,13
$GNSS,2025-05-04T08:16:50.500Z,27.4091882,103.2444046,3152.968,-0.186,0.146,-0.041,0.680,1.134,0.269,14
$GNSS,2025-05-04T08:16:50.550Z,27.4091881,103.2444046,3152.941,-0.259,0.184,0.023,0.680,1.133,0.256,14
$GNSS,2025-05-04T08:16:50.600Z,27.4091881,103.2444046,3152.934,-0.148,0.197,0.019,0.680,1.133,0.222,14
$GNSS,2025-05-04T08:16:50.650Z,27.4091880,103.2444046,3152.905,-0.313,0.117,0.072,0.680,1.132,0.260,15
$GNSS,2025-05-04T08:16:50.700Z,27.4091882,103.2444045,3152.913,-0.095,0.106,0.037,0.680,1.132,0.212,15
$GNSS,2025-05-04T08:16:50.750Z,27.4091882,103.2444044,3152.882,-0.182,-0.062,0.125,0.680,1.132,0.226,15
$GNSS,2025-05-04T08:16:50.800Z,27.4091882,103.2444042,3152.867,-0.145,-0.115,0.063,0.680,1.131,0.233,15
$GNSS,2025-05-04T08:16:50.850Z,27.4091882,103.2444040,3152.846,-0.097,-0.209,-0.008,0.680,1.131,0.213,15
$GNSS,2025-05-04T08:16:50.900Z,27.4091882,103.2444038,3152.835,-0.011,-0.243,-0.143,0.680,1.131,0.208,15
$GNSS,2025-05-04T08:16:50.950Z,27.4091883,103.2444036,3152.821,0.009,-0.124,-0.187,0.680,1.131,0.232,15
$GNSS,2025-05-04T08:16:51.000Z,27.4091883,103.2444034,3152.798,-0.097,-0.266,-0.094,0.680,1.131,0.226,15
$GNSS,2025-05-04T08:16:51.050Z,27.4091884,103.2444032,3152.770,-0.048,-0.227,-0.035,0.680,1.130,0.196,15
$GNSS,2025-05-04T08:16:51.100Z,27.4091884,103.2444030,3152.733,-0.061,-0.221,-0.041,0.680,1.130,0.192,15
$GNSS,2025-05-04T08:16:51.150Z,27.4091885,103.2444028,3152.714,0.006,-0.158,-0.080,0.680,1.130,0.187,15
$GNSS,2025-05-04T08:16:51.200Z,27.4091885,103.2444026,3152.714,-0.075,-0.181,-0.145,0.680,1.129,0.222,15
$GNSS,2025-05-04T08:16:51.250Z,27.4091886,103.2444024,3152.697,-0.130,-0.208,-0.002,0.680,1.129,0.188,14
$GNSS,2025-05-04T08:16:51.300Z,27.4091886,103.2444022,3152.674,-0.102,-0.243,-0.029,0.680,1.129,0.202,14
$GNSS,2025-05-04T08:16:51.350Z,27.4091887,103.2444020,3152.639,0.044,-0.310,0.000,0.680,1.129,0.164,14
$GNSS,2025-05-04T08:16:51.400Z,27.4091887,103.2444017,3152.610,-0.029,-0.328,-0.069,0.680,1.128,0.175,14
$GNSS,2025-05-04T08:16:51.450Z,27.4091886,103.2444014,3152.590,-0.121,-0.479,-0.148,0.680,1.128,0.197,15
$GNSS,2025-05-04T08:16:51.500Z,27.4091886,103.2444011,3152.574,-0.133,-0.430,-0.106,0.680,1.128,0.181,15
$GNSS,2025-05-04T08:16:51.550Z,27.4091886,103.2444008,3152.535,-0.094,-0.348,0.072,0.680,1.127,0.141,16
$GNSS,2025-05-04T08:16:51.600Z,27.4091886,103.2444005,3152.500,-0.140,-0.299,0.026,0.680,1.127,0.147,16
$GNSS,2025-05-04T08:16:51.650Z,27.4091884,103.2444003,3152.475,-0.342,-0.207,-0.109,0.679,1.126,0.232,15
$GNSS,2025-05-04T08:16:51.700Z,27.4091884,103.2444000,3152.465,-0.200,-0.344,-0.107,0.679,1.125,0.193,15
$GNSS,2025-05-04T08:16:51.750Z,27.4091884,103.2443997,3152.464,-0.201,-0.343,-0.103,0.679,1.125,0.172,15
$GNSS,2025-05-04T08:16:51.800Z,27.4091882,103.2443996,3152.437,-0.319,-0.144,-0.092,0.679,1.125,0.209,15
$GNSS,2025-05-04T08:16:51.850Z,27.4091882,103.2443996,3152.417,-0.193,0.085,-0.146,0.679,1.124,0.245,15
$GNSS,2025-05-04T08:16:51.900Z,27.4091882,103.2443997,3152.388,-0.077,0.240,-0.140,0.678,1.124,0.201,15
$GNSS,2025-05-04T08:16:51.950Z,27.4091882,103.2443997,3152.359,-0.010,0.244,-0.055,0.678,1.124,0.177,15
$GNSS,2025-05-04T08:16:52.000Z,27.4091883,103.2443997,3152.339,0.014,0.198,-0.090,0.678,1.123,0.153,16
$GNSS,2025-05-04T08:16:52.050Z,27.4091884,103.2443997,3152.315,0.066,0.122,-0.067,0.677,1.122,0.124,16
$GNSS,2025-05-04T08:16:52.100Z,27.4091885,103.2443996,3152.298,0.130,0.183,-0.069,0.676,1.121,0.125,16
$GNSS,2025-05-04T08:16:52.150Z,27.4091886,103.2443997,3152.247,0.163,0.296,-0.015,0.675,1.120,0.132,16
$GNSS,2025-05-04T08:16:52.200Z,27.4091886,103.2443998,3152.231,0.090,0.308,-0.114,0.674,1.119,0.141,16
$GNSS,2025-05-04T08:16:52.250Z,27.4091887,103.2443999,3152.229,0.120,0.365,-0.195,0.674,1.119,0.136,16
$GNSS,2025-05-04T08:16:52.300Z,27.4091887,103.2443999,3152.224,0.151,0.342,-0.203,0.673,1.118,0.141,15
$GNSS,2025-05-04T08:16:52.350Z,27.4091887,103.2444001,3152.214,0.182,0.365,-0.107,0.672,1.117,0.139,15
$GNSS,2025-05-04T08:16:52.400Z,27.4091887,103.2444002,3152.185,0.145,0.264,-0.022,0.671,1.117,0.160,15
$GNSS,2025-05-04T08:16:52.450Z,27.4091888,103.2444004,3152.154,0.267,0.352,-0.043,0.671,1.116,0.164,16
$GNSS,2025-05-04T08:16:52.500Z,27.4091889,103.2444005,3152.160,0.366,0.474,-0.215,0.670,1.115,0.156,16
$GNSS,2025-05-04T08:16:52.550Z,27.4091890,103.2444006,3152.148,0.344,0.310,-0.186,0.669,1.115,0.147,16
$GNSS,2025-05-04T08:16:52.600Z,27.4091891,103.2444008,3152.104,0.276,0.326,-0.051,0.668,1.114,0.154,15
$GNSS,2025-05-04T08:16:52.650Z,27.4091892,103.2444012,3152.068,0.329,0.695,-0.054,0.668,1.113,0.168,15
$GNSS,2025-05-04T08:16:52.700Z,27.4091892,103.2444014,3152.085,0.344,0.581,-0.128,0.667,1.113,0.165,14
$GNSS,2025-05-04T08:16:52.750Z,27.4091893,103.2444014,3152.076,0.342,0.190,-0.065,0.666,1.112,0.159,15
$GNSS,2025-05-04T08:16:52.800Z,27.4091894,103.2444014,3152.048,0.214,0.148,0.022,0.666,1.112,0.170,15
$GNSS,2025-05-04T08:16:52.850Z,27.4091895,103.2444017,3152.002,0.334,0.291,-0.017,0.665,1.111,0.158,16
$GNSS,2025-05-04T08:16:52.900Z,27.4091895,103.2444017,3152.004,0.256,0.210,-0.168,0.665,1.111,0.154,16
$GNSS,2025-05-04T08:16:52.950Z,27.4091895,103.2444015,3152.003,0.258,-0.028,-0.110,0.664,1.111,0.174,15
$GNSS,2025-05-04T08:16:53.000Z,27.4091897,103.2444013,3152.002,0.404,-0.142,-0.116,0.663,1.110,0.171,15
$GNSS,2025-05-04T08:16:53.050Z,27.4091898,103.2444013,3152.002,0.457,-0.036,-0.195,0.663,1.110,0.169,14
$GNSS,2025-05-04T08:16:53.100Z,27.4091899,103.2444013,3151.995,0.352,0.072,-0.272,0.663,1.110,0.189,14
$GNSS,2025-05-04T08:16:53.150Z,27.4091899,103.2444012,3152.001,0.246,-0.088,-0.242,0.662,1.110,0.225,14
$GNSS,2025-05-04T08:16:53.200Z,27.4091899,103.2444012,3151.960,0.227,-0.257,-0.035,0.662,1.110,0.201,14
$GNSS,2025-05-04T08:16:53.250Z,27.4091899,103.2444008,3151.978,0.250,-0.567,-0.196,0.661,1.110,0.233,14
$GNSS,2025-05-04T08:16:53.300Z,27.4091900,103.2444005,3152.021,0.358,-0.313,-0.485,0.660,1.110,0.262,14
$GNSS,2025-05-04T08:16:53.350Z,27.4091903,103.2444004,3152.031,0.804,-0.115,-0.511,0.660,1.109,0.206,14
$GNSS,2025-05-04T08:16:53.400Z,27.4091904,103.2444004,3152.009,0.651,-0.011,-0.153,0.659,1.108,0.167,15
$GNSS,2025-05-04T08:16:53.450Z,27.4091905,103.2444004,3151.958,0.202,-0.089,0.039,0.658,1.107,0.176,16
$GNSS,2025-05-04T08:16:53.500Z,27.4091907,103.2444001,3151.927,0.290,-0.411,-0.009,0.658,1.107,0.175,16
$GNSS,2025-05-04T08:16:53.550Z,27.4091908,103.2443997,3151.917,0.430,-0.596,-0.160,0.657,1.106,0.197,16
$GNSS,2025-05-04T08:16:53.600Z,27.4091909,103.2443994,3151.891,0.186,-0.466,-0.193,0.657,1.105,0.188,15
$GNSS,2025-05-04T08:16:53.650Z,27.4091909,103.2443992,3151.868,0.031,-0.170,-0.195,0.657,1.104,0.207,15
$GNSS,2025-05-04T08:16:53.700Z,27.4091910,103.2443990,3151.850,0.142,-0.040,-0.161,0.656,1.103,0.199,15
$GNSS,2025-05-04T08:16:53.750Z,27.4091912,103.2443989,3151.818,0.258,-0.152,-0.116,0.656,1.103,0.188,15
$GNSS,2025-05-04T08:16:53.800Z,27.4091913,103.2443986,3151.783,0.303,-0.277,-0.069,0.655,1.102,0.189,15
$GNSS,2025-05-04T08:16:53.850Z,27.4091915,103.2443984,3151.750,0.257,-0.273,0.010,0.655,1.101,0.190,16
$GNSS,2025-05-04T08:16:53.900Z,27.4091915,103.2443982,3151.722,0.185,-0.193,-0.004,0.655,1.101,0.188,14
$GNSS,2025-05-04T08:16:53.950Z,27.4091916,103.2443980,3151.684,0.033,-0.168,0.016,0.654,1.100,0.152,15
$GNSS,2025-05-04T08:16:54.000Z,27.4091916,103.2443978,3151.659,-0.006,-0.116,-0.039,0.654,1.099,0.165,15
$GNSS,2025-05-04T08:16:54.050Z,27.4091917,103.2443977,3151.634,-0.046,-0.046,-0.046,0.653,1.098,0.198,15
$GNSS,2025-05-04T08:16:54.100Z,27.4091917,103.2443976,3151.603,0.022,-0.038,0.001,0.653,1.098,0.172,15
$GNSS,2025-05-04T08:16:54.150Z,27.4091917,103.2443975,3151.573,-0.004,0.019,0.034,0.653,1.097,0.209,15
$GNSS,2025-05-04T08:16:54.200Z,27.4091918,103.2443974,3151.550,0.011,0.091,0.014,0.652,1.096,0.147,15
$GNSS,2025-05-04T08:16:54.250Z,27.4091917,103.2443974,3151.519,-0.103,0.156,0.018,0.652,1.095,0.175,15
$GNSS,2025-05-04T08:16:54.300Z,27.4091916,103.2443975,3151.495,-0.184,0.250,0.040,0.652,1.095,0.167,14
$GNSS,2025-05-04T08:16:54.350Z,27.4091916,103.2443975,3151.480,-0.189,0.311,-0.019,0.651,1.094,0.171,14
$GNSS,2025-05-04T08:16:54.400Z,27.4091915,103.2443976,3151.480,-0.037,0.432,-0.080,0.651,1.094,0.149,14
$GNSS,2025-05-04T08:16:54.450Z,27.4091915,103.2443978,3151.470,0.170,0.490,-0.026,0.650,1.094,0.140,14
$GNSS,2025-05-04T08:16:54.500Z,27.4091916,103.2443981,3151.439,0.325,0.553,0.009,0.650,1.093,0.139,14
$GNSS,2025-05-04T08:16:54.550Z,27.4091917,103.2443984,3151.383,0.299,0.678,0.128,0.649,1.093,0.146,14
$GNSS,2025-05-04T08:16:54.600Z,27.4091919,103.2443985,3151.376,0.316,0.579,0.129,0.649,1.092,0.144,14
$GNSS,2025-05-04T08:16:54.650Z,27.4091920,103.2443986,3151.376,0.432,0.411,0.127,0.648,1.092,0.151,14
$GNSS,2025-05-04T08:16:54.700Z,27.4091922,103.2443989,3151.361,0.545,0.522,-0.034,0.648,1.091,0.130,14
$GNSS,2025-05-04T08:16:54.750Z,27.4091923,103.2443990,3151.358,0.445,0.442,-0.030,0.647,1.091,0.131,14
$GNSS,2025-05-04T08:16:54.800Z,27.4091923,103.2443991,3151.345,0.391,0.345,0.139,0.647,1.091,0.164,14
$GNSS,2025-05-04T08:16:54.850Z,27.4091924,103.2443993,3151.301,0.324,0.406,0.378,0.646,1.090,0.219,14
$GNSS,2025-05-04T08:16:54.900Z,27.4091927,103.2443995,3151.247,0.482,0.421,0.284,0.646,1.090,0.197,14
$GNSS,2025-05-04T08:16:54.950Z,27.4091929,103.2443995,3151.241,0.449,0.257,0.071,0.645,1.090,0.153,14
$GNSS,2025-05-04T08:16:55.000Z,27.4091930,103.2443995,3151.232,0.271,0.179,0.086,0.645,1.089,0.165,14
$GNSS,2025-05-04T08:16:55.050Z,27.4091930,103.2443995,3151.216,0.206,0.192,0.083,0.644,1.089,0.174,14
$GNSS,2025-05-04T08:16:55.100Z,27.4091930,103.2443995,3151.208,0.126,0.157,0.043,0.644,1.088,0.187,14
$GNSS,2025-05-04T08:16:55.150Z,27.4091930,103.2443995,3151.189,0.091,0.137,0.037,0.643,1.089,0.191,14
$GNSS,2025-05-04T08:16:55.200Z,27.4091930,103.2443995,3151.176,0.133,0.105,-0.007,0.643,1.089,0.153,14
$GNSS,2025-05-04T08:16:55.250Z,27.4091930,103.2443995,3151.158,0.139,0.147,0.026,0.642,1.088,0.164,14
$GNSS,2025-05-04T08:16:55.300Z,27.4091930,103.2443995,3151.150,0.141,0.053,0.031,0.642,1.088,0.166,15
$GNSS,2025-05-04T08:16:55.350Z,27.4091930,103.2443993,3151.147,0.110,-0.063,0.035,0.641,1.087,0.170,15
$GNSS,2025-05-04T08:16:55.400Z,27.4091929,103.2443992,3151.137,0.042,-0.093,0.004,0.641,1.087,0.158,15
$GNSS,2025-05-04T08:16:55.450Z,27.4091929,103.2443990,3151.133,-0.011,-0.187,-0.041,0.640,1.086,0.159,15
$GNSS,2025-05-04T08:16:55.500Z,27.4091929,103.2443988,3151.104,-0.026,-0.303,0.047,0.640,1.086,0.138,15
$GNSS,2025-05-04T08:16:55.550Z,27.4091928,103.2443986,3151.082,-0.069,-0.245,0.017,0.639,1.085,0.130,15
$GNSS,2025-05-04T08:16:55.600Z,27.4091928,103.2443983,3151.081,-0.159,-0.244,-0.014,0.639,1.085,0.136,15
$GNSS,2025-05-04T08:16:55.650Z,27.4091927,103.2443982,3151.061,-0.201,-0.128,0.013,0.638,1.084,0.146,15
$GNSS,2025-05-04T08:16:55.700Z,27.4091926,103.2443980,3151.053,-0.247,-0.199,-0.049,0.638,1.084,0.159,15
$GNSS,2025-05-04T08:16:55.750Z,27.4091925,103.2443978,3151.029,-0.225,-0.224,0.023,0.638,1.083,0.145,15
$GNSS,2025-05-04T08:16:55.800Z,27.4091924,103.2443977,3151.000,-0.212,-0.265,0.092,0.637,1.082,0.141,15
$GNSS,2025-05-04T08:16:55.850Z,27.4091923,103.2443975,3150.986,-0.249,-0.238,0.041,0.637,1.082,0.143,15
$GNSS,2025-05-04T08:16:55.900Z,27.4091922,103.2443973,3150.966,-0.152,-0.183,0.015,0.637,1.081,0.146,15
$GNSS,2025-05-04T08:16:55.950Z,27.4091922,103.2443972,3150.951,-0.136,-0.102,-0.030,0.636,1.081,0.170,14
$GNSS,2025-05-04T08:16:56.000Z,27.4091921,103.2443972,3150.938,-0.169,-0.047,-0.053,0.636,1.080,0.179,14
$GNSS,2025-05-04T08:16:56.050Z,27.4091921,103.2443971,3150.916,-0.201,-0.044,0.028,0.636,1.080,0.155,14
$GNSS,2025-05-04T08:16:56.100Z,27.4091919,103.2443970,3150.890,-0.238,-0.142,0.014,0.635,1.080,0.149,14
$GNSS,2025-05-04T08:16:56.150Z,27.4091920,103.2443968,3150.860,-0.040,-0.216,0.034,0.635,1.079,0.150,14
$GNSS,2025-05-04T08:16:56.200Z,27.4091919,103.2443967,3150.847,-0.089,-0.087,0.030,0.635,1.079,0.133,14
$GNSS,2025-05-04T08:16:56.250Z,27.4091919,103.2443966,3150.827,-0.085,-0.043,0.147,0.634,1.079,0.201,14
$GNSS,2025-05-04T08:16:56.300Z,27.4091918,103.2443965,3150.809,-0.125,0.018,0.147,0.634,1.079,0.203,15
$GNSS,2025-05-04T08:16:56.350Z,27.4091917,103.2443964,3150.809,-0.149,0.024,0.088,0.633,1.078,0.178,15
$GNSS,2025-05-04T08:16:56.400Z,27.4091916,103.2443963,3150.801,-0.181,0.013,0.095,0.633,1.078,0.172,15
$GNSS,2025-05-04T08:16:56.450Z,27.4091914,103.2443963,3150.781,-0.203,0.014,0.077,0.633,1.078,0.170,15
$GNSS,2025-05-04T08:16:56.500Z,27.4091913,103.2443962,3150.776,-0.054,-0.049,0.019,0.632,1.077,0.127,15
$GNSS,2025-05-04T08:16:56.550Z,27.4091913,103.2443961,3150.781,0.048,0.017,0.018,0.632,1.077,0.171,15
$GNSS,2025-05-04T08:16:56.600Z,27.4091912,103.2443961,3150.775,0.072,0.134,0.138,0.631,1.077,0.195,15
$GNSS,2025-05-04T08:16:56.650Z,27.4091911,103.2443961,3150.786,0.000,0.077,0.028,0.631,1.077,0.171,15
$GNSS,2025-05-04T08:16:56.700Z,27.4091910,103.2443961,3150.789,-0.054,0.066,0.001,0.630,1.076,0.178,15
$GNSS,2025-05-04T08:16:56.750Z,27.4091909,103.2443961,3150.780,-0.037,0.050,-0.008,0.630,1.076,0.176,15
$GNSS,2025-05-04T08:16:56.800Z,27.4091908,103.2443960,3150.786,-0.038,0.069,0.069,0.629,1.076,0.204,15
$GNSS,2025-05-04T08:16:56.850Z,27.4091907,103.2443961,3150.780,-0.056,0.254,0.197,0.629,1.076,0.199,15
$GNSS,2025-05-04T08:16:56.900Z,27.4091906,103.2443962,3150.777,-0.002,0.245,0.203,0.628,1.076,0.198,15
$GNSS,2025-05-04T08:16:56.950Z,27.4091905,103.2443962,3150.767,-0.038,0.205,0.130,0.628,1.075,0.198,15
$GNSS,2025-05-04T08:16:57.000Z,27.4091903,103.2443963,3150.764,-0.085,0.230,0.045,0.627,1.075,0.176,15
$GNSS,2025-05-04T08:16:57.050Z,27.4091902,103.2443964,3150.754,-0.039,0.264,0.083,0.627,1.075,0.186,15
$GNSS,2025-05-04T08:16:57.100Z,27.4091901,103.2443965,3150.749,-0.079,0.353,0.220,0.626,1.074,0.200,15
$GNSS,2025-05-04T08:16:57.150Z,27.4091900,103.2443967,3150.737,-0.021,0.434,0.282,0.626,1.074,0.202,15
$GNSS,2025-05-04T08:16:57.200Z,27.4091900,103.2443969,3150.709,0.092,0.457,0.243,0.625,1.073,0.202,15
$GNSS,2025-05-04T08:16:57.250Z,27.4091901,103.2443972,3150.651,0.293,0.439,0.382,0.625,1.073,0.195,15
$GNSS,2025-05-04T08:16:57.300Z,27.4091900,103.2443974,3150.638,0.097,0.513,0.394,0.624,1.073,0.206,14
$GNSS,2025-05-04T08:16:57.350Z,27.4091900,103.2443977,3150.622,0.043,0.695,0.467,0.624,1.073,0.208,14
$GNSS,2025-05-04T08:16:57.400Z,27.4091899,103.2443978,3150.607,0.128,0.283,0.604,0.623,1.072,0.221,14
$GNSS,2025-05-04T08:16:57.450Z,27.4091900,103.2443978,3150.544,0.243,0.123,0.808,0.623,1.072,0.228,15
$GNSS,2025-05-04T08:16:57.500Z,27.4091898,103.2443979,3150.508,-0.156,0.253,0.727,0.622,1.073,0.247,15
$GNSS,2025-05-04T08:16:57.550Z,27.4091895,103.2443982,3150.487,-0.453,0.584,0.640,0.622,1.072,0.222,15
$GNSS,2025-05-04T08:16:57.600Z,27.4091893,103.2443983,3150.466,-0.291,0.281,0.569,0.621,1.072,0.228,15
$GNSS,2025-05-04T08:16:57.650Z,27.4091891,103.2443982,3150.466,-0.292,0.069,0.630,0.621,1.072,0.218,14
$GNSS,2025-05-04T08:16:57.700Z,27.4091889,103.2443981,3150.459,-0.269,-0.190,0.538,0.620,1.071,0.202,14
$GNSS,2025-05-04T08:16:57.750Z,27.4091887,103.2443981,3150.442,-0.333,0.044,0.417,0.620,1.071,0.209,13
$GNSS,2025-05-04T08:16:57.800Z,27.4091884,103.2443982,3150.412,-0.296,0.083,0.349,0.619,1.071,0.221,15
$GNSS,2025-05-04T08:16:57.850Z,27.4091882,103.2443982,3150.374,-0.372,0.107,0.337,0.619,1.071,0.216,15
$GNSS,2025-05-04T08:16:57.900Z,27.4091880,103.2443982,3150.342,-0.224,0.018,0.435,0.618,1.070,0.230,14
$GNSS,2025-05-04T08:16:57.950Z,27.4091878,103.2443981,3150.346,-0.229,-0.090,0.281,0.618,1.070,0.207,15
$GNSS,2025-05-04T08:16:58.000Z,27.4091877,103.2443979,3150.382,-0.233,-0.160,-0.042,0.618,1.069,0.152,15
$GNSS,2025-05-04T08:16:58.050Z,27.4091876,103.2443978,3150.422,-0.170,-0.164,-0.318,0.617,1.069,0.216,15
$GNSS,2025-05-04T08:16:58.100Z,27.4091874,103.2443977,3150.448,-0.125,-0.130,-0.313,0.617,1.068,0.230,15
$GNSS,2025-05-04T08:16:58.150Z,27.4091872,103.2443976,3150.447,-0.136,-0.166,-0.103,0.616,1.068,0.175,15
$GNSS,2025-05-04T08:16:58.200Z,27.4091871,103.2443975,3150.448,-0.019,-0.271,-0.014,0.616,1.068,0.162,15
$GNSS,2025-05-04T08:16:58.250Z,27.4091870,103.2443972,3150.473,0.004,-0.361,-0.113,0.615,1.068,0.199,15
$GNSS,2025-05-04T08:16:58.300Z,27.4091869,103.2443971,3150.480,-0.070,-0.109,-0.001,0.615,1.067,0.136,15
$GNSS,2025-05-04T08:16:58.350Z,27.4091867,103.2443971,3150.491,-0.108,0.005,0.011,0.615,1.067,0.188,15
$GNSS,2025-05-04T08:16:58.400Z,27.4091865,103.2443970,3150.492,-0.162,-0.012,0.084,0.614,1.066,0.193,15
$GNSS,2025-05-04T08:16:58.450Z,27.4091864,103.2443969,3150.490,-0.195,-0.102,0.075,0.614,1.066,0.149,15
$GNSS,2025-05-04T08:16:58.500Z,27.4091862,103.2443968,3150.482,-0.113,-0.152,0.073,0.613,1.065,0.127,15
$GNSS,2025-05-04T08:16:58.550Z,27.4091861,103.2443967,3150.475,-0.132,-0.063,0.155,0.613,1.065,0.187,15
$GNSS,2025-05-04T08:16:58.600Z,27.4091860,103.2443967,3150.462,-0.120,0.005,0.287,0.613,1.064,0.223,15
$GNSS,2025-05-04T08:16:58.650Z,27.4091859,103.2443966,3150.454,-0.079,-0.015,0.268,0.612,1.064,0.213,15
$GNSS,2025-05-04T08:16:58.700Z,27.4091858,103.2443966,3150.432,-0.016,0.045,0.309,0.612,1.063,0.219,15
$GNSS,2025-05-04T08:16:58.750Z,27.4091858,103.2443966,3150.412,0.012,-0.013,0.245,0.612,1.063,0.212,15
$GNSS,2025-05-04T08:16:58.800Z,27.4091857,103.2443966,3150.386,-0.106,0.067,0.309,0.611,1.062,0.228,15
$GNSS,2025-05-04T08:16:58.850Z,27.4091856,103.2443966,3150.359,-0.128,0.020,0.389,0.611,1.062,0.229,14
$GNSS,2025-05-04T08:16:58.900Z,27.4091855,103.2443966,3150.357,-0.039,0.069,0.263,0.611,1.061,0.233,15
$GNSS,2025-05-04T08:16:58.950Z,27.4091854,103.2443966,3150.352,-0.020,0.157,0.180,0.611,1.061,0.231,15
$GNSS,2025-05-04T08:16:59.000Z,27.4091854,103.2443966,3150.361,0.107,0.043,0.079,0.610,1.060,0.178,16
$GNSS,2025-05-04T08:16:59.050Z,27.4091854,103.2443965,3150.366,0.115,0.048,0.079,0.610,1.059,0.174,16
$GNSS,2025-05-04T08:16:59.100Z,27.4091854,103.2443965,3150.356,0.040,-0.020,0.099,0.609,1.059,0.196,16
$GNSS,2025-05-04T08:16:59.150Z,27.4091853,103.2443965,3150.349,0.026,-0.028,0.019,0.609,1.058,0.189,16
$GNSS,2025-05-04T08:16:59.200Z,27.4091852,103.2443965,3150.333,-0.064,0.026,0.043,0.609,1.057,0.195,16
$GNSS,2025-05-04T08:16:59.250Z,27.4091851,103.2443965,3150.335,-0.053,0.044,0.015,0.608,1.057,0.191,16
$GNSS,2025-05-04T08:16:59.300Z,27.4091851,103.2443964,3150.337,0.072,0.050,-0.011,0.608,1.056,0.141,16
$GNSS,2025-05-04T08:16:59.350Z,27.4091851,103.2443964,3150.330,0.040,-0.036,0.030,0.608,1.056,0.178,16
$GNSS,2025-05-04T08:16:59.400Z,27.4091851,103.2443964,3150.323,-0.042,0.041,0.046,0.607,1.055,0.211,16
$GNSS,2025-05-04T08:16:59.450Z,27.4091850,103.2443963,3150.317,-0.037,0.038,0.068,0.607,1.055,0.218,16
$GNSS,2025-05-04T08:16:59.550Z,27.4091849,103.2443963,3150.325,-0.037,-0.037,-0.055,0.607,1.055,0.217,16
$GNSS,2025-05-04T08:16:59.600Z,27.4091849,103.2443963,3150.317,0.037,0.052,-0.073,0.607,1.055,0.168,16
$GNSS,2025-05-04T08:16:59.650Z,27.4091848,103.2443963,3150.315,0.026,0.024,-0.101,0.606,1.054,0.201,16
$GNSS,2025-05-04T08:16:59.700Z,27.4091848,103.2443963,3150.317,0.053,-0.010,-0.093,0.606,1.054,0.206,16
$GNSS,2025-05-04T08:16:59.750Z,27.4091848,103.2443962,3150.327,0.117,-0.073,-0.103,0.606,1.053,0.232,16
$GNSS,2025-05-04T08:16:59.800Z,27.4091848,103.2443961,3150.342,0.076,0.036,-0.129,0.605,1.053,0.212,16
$GNSS,2025-05-04T08:16:59.850Z,27.4091849,103.2443961,3150.368,0.257,-0.048,-0.247,0.605,1.052,0.236,15
$GNSS,2025-05-04T08:16:59.900Z,27.4091850,103.2443960,3150.385,0.286,-0.101,-0.205,0.605,1.052,0.251,14
$GNSS,2025-05-04T08:16:59.950Z,27.4091849,103.2443961,3150.379,0.109,0.110,-0.017,0.605,1.051,0.145,14
$GNSS,2025-05-04T08:17:00.000Z,27.4091849,103.2443962,3150.374,0.096,0.061,0.118,0.604,1.050,0.181,15
$GNSS,2025-05-04T08:17:00.050Z,27.4091850,103.2443962,3150.353,0.219,0.133,0.302,0.605,1.051,0.193,14
$GNSS,2025-05-04T08:17:00.100Z,27.4091851,103.2443964,3150.334,0.234,0.218,0.380,0.605,1.050,0.190,14
$GNSS,2025-05-04T08:17:00.150Z,27.4091852,103.2443966,3150.312,0.248,0.419,0.445,0.605,1.049,0.177,15
$GNSS,2025-05-04T08:17:00.200Z,27.4091852,103.2443968,3150.323,0.291,0.515,0.347,0.604,1.049,0.166,14
$GNSS,2025-05-04T08:17:00.250Z,27.4091853,103.2443970,3150.287,0.352,0.373,0.406,0.604,1.048,0.167,14
$GNSS,2025-05-04T08:17:00.300Z,27.4091854,103.2443973,3150.233,0.235,0.444,0.510,0.604,1.047,0.180,14
$GNSS,2025-05-04T08:17:00.350Z,27.4091855,103.2443975,3150.242,0.331,0.613,0.277,0.603,1.046,0.157,15
$GNSS,2025-05-04T08:17:00.400Z,27.4091857,103.2443977,3150.235,0.406,0.437,0.174,0.603,1.046,0.149,15
$GNSS,2025-05-04T08:17:00.450Z,27.4091859,103.2443979,3150.233,0.529,0.274,-0.075,0.602,1.045,0.155,16
$GNSS,2025-05-04T08:17:00.500Z,27.4091861,103.2443981,3150.228,0.523,0.438,-0.071,0.602,1.044,0.154,15
$GNSS,2025-05-04T08:17:00.550Z,27.4091862,103.2443984,3150.231,0.250,0.508,0.016,0.602,1.044,0.144,15
$GNSS,2025-05-04T08:17:00.600Z,27.4091862,103.2443986,3150.226,0.226,0.387,0.058,0.602,1.043,0.142,15
$GNSS,2025-05-04T08:17:00.650Z,27.4091864,103.2443986,3150.234,0.361,0.252,-0.175,0.601,1.043,0.154,14
$GNSS,2025-05-04T08:17:00.700Z,27.4091865,103.2443988,3150.241,0.443,0.279,-0.247,0.601,1.043,0.158,15
$GNSS,2025-05-04T08:17:00.750Z,27.4091866,103.2443988,3150.251,0.266,0.133,-0.243,0.601,1.043,0.192,14
$GNSS,2025-05-04T08:17:00.800Z,27.4091867,103.2443988,3150.257,0.218,0.156,-0.178,0.600,1.043,0.173,14
$GNSS,2025-05-04T08:17:00.850Z,27.4091869,103.2443988,3150.267,0.348,0.026,-0.146,0.600,1.043,0.221,14
$GNSS,2025-05-04T08:17:00.900Z,27.4091870,103.2443988,3150.284,0.393,0.027,-0.164,0.600,1.042,0.231,14
$GNSS,2025-05-04T08:17:00.950Z,27.4091870,103.2443988,3150.287,0.246,0.101,-0.092,0.600,1.042,0.162,14
$GNSS,2025-05-04T08:17:01.000Z,27.4091870,103.2443988,3150.286,0.106,0.052,-0.100,0.600,1.041,0.176,14
$GNSS,2025-05-04T08:17:01.050Z,27.4091870,103.2443989,3150.290,-0.012,0.051,-0.135,0.599,1.041,0.209,14
$GNSS,2025-05-04T08:17:01.100Z,27.4091868,103.2443989,3150.293,-0.166,0.068,-0.142,0.599,1.041,0.203,14
$GNSS,2025-05-04T08:17:01.150Z,27.4091867,103.2443989,3150.299,-0.124,-0.017,-0.136,0.599,1.040,0.207,14
$GNSS,2025-05-04T08:17:01.200Z,27.4091867,103.2443987,3150.318,-0.022,-0.193,-0.260,0.599,1.040,0.229,14
$GNSS,2025-05-04T08:17:01.250Z,27.4091867,103.2443985,3150.336,0.152,-0.381,-0.338,0.598,1.040,0.234,14
$GNSS,2025-05-04T08:17:01.300Z,27.4091867,103.2443983,3150.349,0.048,-0.332,-0.326,0.598,1.040,0.231,14
$GNSS,2025-05-04T08:17:01.350Z,27.4091864,103.2443982,3150.390,-0.295,-0.185,-0.449,0.598,1.040,0.208,14
$GNSS,2025-05-04T08:17:01.400Z,27.4091862,103.2443980,3150.435,-0.421,-0.279,-0.625,0.597,1.040,0.206,15
$GNSS,2025-05-04T08:17:01.450Z,27.4091860,103.2443978,3150.461,-0.385,-0.308,-0.468,0.597,1.039,0.196,15
$GNSS,2025-05-04T08:17:01.500Z,27.4091859,103.2443975,3150.472,-0.132,-0.417,-0.368,0.597,1.039,0.188,15
$GNSS,2025-05-04T08:17:01.550Z,27.4091857,103.2443971,3150.502,-0.299,-0.653,-0.522,0.596,1.038,0.183,15
$GNSS,2025-05-04T08:17:01.600Z,27.4091854,103.2443968,3150.521,-0.614,-0.635,-0.447,0.596,1.037,0.167,15
$GNSS,2025-05-04T08:17:01.650Z,27.4091852,103.2443965,3150.493,-0.427,-0.569,-0.216,0.596,1.037,0.147,15
$GNSS,2025-05-04T08:17:01.700Z,27.4091851,103.2443961,3150.441,-0.236,-0.729,0.011,0.595,1.036,0.123,15
$GNSS,2025-05-04T08:17:01.750Z,27.4091849,103.2443957,3150.465,-0.399,-0.647,-0.078,0.595,1.036,0.134,15
$GNSS,2025-05-04T08:17:01.800Z,27.4091845,103.2443952,3150.490,-0.756,-0.743,-0.297,0.595,1.035,0.155,15
$GNSS,2025-05-04T08:17:01.850Z,27.4091843,103.2443948,3150.450,-0.685,-0.814,-0.157,0.594,1.035,0.145,15
$GNSS,2025-05-04T08:17:01.900Z,27.4091841,103.2443944,3150.421,-0.623,-0.746,-0.096,0.594,1.035,0.141,15
$GNSS,2025-05-04T08:17:01.950Z,27.4091839,103.2443941,3150.426,-0.323,-0.641,-0.147,0.594,1.034,0.150,15
$GNSS,2025-05-04T08:17:02.000Z,27.4091838,103.2443937,3150.426,-0.319,-0.603,-0.053,0.594,1.034,0.161,15
$GNSS,2025-05-04T08:17:02.050Z,27.4091836,103.2443934,3150.421,-0.349,-0.451,0.030,0.594,1.034,0.168,15
$GNSS,2025-05-04T08:17:02.100Z,27.4091833,103.2443933,3150.426,-0.605,-0.248,-0.144,0.594,1.035,0.227,15
$GNSS,2025-05-04T08:17:02.150Z,27.4091831,103.2443933,3150.410,-0.491,-0.178,-0.136,0.594,1.035,0.232,15
$GNSS,2025-05-04T08:17:02.200Z,27.4091830,103.2443932,3150.400,-0.268,-0.161,-0.058,0.594,1.035,0.202,15
$GNSS,2025-05-04T08:17:02.250Z,27.4091830,103.2443929,3150.397,-0.002,-0.330,0.071,0.594,1.035,0.183,15
$GNSS,2025-05-04T08:17:02.300Z,27.4091829,103.2443929,3150.398,-0.201,-0.056,0.056,0.594,1.036,0.217,15
$GNSS,2025-05-04T08:17:02.350Z,27.4091828,103.2443929,3150.405,-0.180,0.122,-0.048,0.594,1.036,0.250,15
$GNSS,2025-05-04T08:17:02.400Z,27.4091827,103.2443931,3150.396,-0.169,0.265,-0.054,0.594,1.036,0.230,15
$GNSS,2025-05-04T08:17:02.450Z,27.4091827,103.2443932,3150.385,-0.068,0.327,0.044,0.594,1.037,0.186,15
$GNSS,2025-05-04T08:17:02.500Z,27.4091827,103.2443934,3150.380,-0.009,0.367,0.058,0.594,1.036,0.160,15
$GNSS,2025-05-04T08:17:02.550Z,27.4091826,103.2443936,3150.369,-0.136,0.426,0.082,0.593,1.036,0.166,16
$GNSS,2025-05-04T08:17:02.600Z,27.4091826,103.2443938,3150.358,-0.080,0.439,0.156,0.593,1.035,0.177,16
$GNSS,2025-05-04T08:17:02.650Z,27.4091826,103.2443940,3150.343,-0.037,0.574,0.269,0.592,1.034,0.176,16
$GNSS,2025-05-04T08:17:02.700Z,27.4091825,103.2443942,3150.339,-0.022,0.603,0.190,0.592,1.034,0.167,16
$GNSS,2025-05-04T08:17:02.750Z,27.4091825,103.2443945,3150.331,-0.069,0.602,-0.003,0.592,1.033,0.138,16
$GNSS,2025-05-04T08:17:02.800Z,27.4091824,103.2443949,3150.309,-0.208,0.740,0.131,0.591,1.033,0.156,16
$GNSS,2025-05-04T08:17:02.850Z,27.4091823,103.2443953,3150.268,-0.119,0.854,0.405,0.591,1.032,0.171,16
$GNSS,2025-05-04T08:17:02.900Z,27.4091823,103.2443956,3150.231,0.036,0.656,0.520,0.590,1.031,0.187,16
$GNSS,2025-05-04T08:17:02.950Z,27.4091822,103.2443959,3150.231,-0.240,0.735,0.421,0.590,1.031,0.184,16
$GNSS,2025-05-04T08:17:03.000Z,27.4091820,103.2443962,3150.231,-0.293,0.647,0.252,0.590,1.030,0.176,16
$GNSS,2025-05-04T08:17:03.050Z,27.4091820,103.2443962,3150.182,-0.105,0.089,0.367,0.589,1.029,0.215,16
$GNSS,2025-05-04T08:17:03.100Z,27.4091819,103.2443962,3150.140,-0.111,0.106,0.412,0.589,1.029,0.222,16
$GNSS,2025-05-04T08:17:03.150Z,27.4091819,103.2443963,3150.121,0.028,0.273,0.313,0.589,1.028,0.224,15
$GNSS,2025-05-04T08:17:03.200Z,27.4091819,103.2443963,3150.116,0.062,0.230,0.203,0.588,1.028,0.210,15
$GNSS,2025-05-04T08:17:03.250Z,27.4091820,103.2443963,3150.116,0.064,0.090,0.041,0.588,1.027,0.167,15
$GNSS,2025-05-04T08:17:03.300Z,27.4091819,103.2443963,3150.088,-0.046,0.024,0.130,0.588,1.026,0.228,16
$GNSS,2025-05-04T08:17:03.350Z,27.4091819,103.2443962,3150.062,-0.005,0.004,0.092,0.587,1.026,0.230,16
$GNSS,2025-05-04T08:17:03.400Z,27.4091819,103.2443962,3150.055,-0.027,0.008,0.005,0.587,1.025,0.175,16
$GNSS,2025-05-04T08:17:03.450Z,27.4091819,103.2443961,3150.056,0.050,-0.026,-0.033,0.586,1.024,0.197,16
$GNSS,2025-05-04T08:17:03.500Z,27.4091820,103.2443960,3150.063,0.072,-0.089,-0.119,0.586,1.024,0.217,16
$GNSS,2025-05-04T08:17:03.550Z,27.4091820,103.2443959,3150.072,0.097,-0.148,-0.269,0.586,1.023,0.227,16
$GNSS,2025-05-04T08:17:03.600Z,27.4091821,103.2443958,3150.073,0.189,-0.226,-0.337,0.585,1.022,0.215,16
$GNSS,2025-05-04T08:17:03.650Z,27.4091824,103.2443955,3150.072,0.443,-0.419,-0.361,0.585,1.022,0.192,16
$GNSS,2025-05-04T08:17:03.700Z,27.4091827,103.2443952,3150.069,0.703,-0.560,-0.275,0.585,1.021,0.189,16
$GNSS,2025-05-04T08:17:03.750Z,27.4091830,103.2443949,3150.067,0.513,-0.472,-0.247,0.584,1.020,0.188,16
$GNSS,2025-05-04T08:17:03.800Z,27.4091829,103.2443947,3150.098,-0.148,-0.295,-0.483,0.584,1.020,0.227,16
$GNSS,2025-05-04T08:17:03.850Z,27.4091829,103.2443944,3150.106,-0.040,-0.451,-0.497,0.584,1.019,0.207,16
$GNSS,2025-05-04T08:17:03.900Z,27.4091832,103.2443941,3150.076,0.438,-0.562,-0.217,0.583,1.018,0.187,16
$GNSS,2025-05-04T08:17:03.950Z,27.4091833,103.2443938,3150.068,0.382,-0.508,-0.211,0.583,1.017,0.193,16
$GNSS,2025-05-04T08:17:04.000Z,27.4091833,103.2443935,3150.076,0.015,-0.473,-0.352,0.583,1.017,0.189,16
$GNSS,2025-05-04T08:17:04.050Z,27.4091833,103.2443932,3150.095,-0.076,-0.604,-0.522,0.582,1.016,0.200,16
$GNSS,2025-05-04T08:17:04.100Z,27.4091835,103.2443928,3150.073,0.187,-0.738,-0.265,0.582,1.016,0.166,16
$GNSS,2025-05-04T08:17:04.150Z,27.4091836,103.2443925,3150.049,0.240,-0.549,-0.162,0.582,1.015,0.164,16
$GNSS,2025-05-04T08:17:04.200Z,27.4091836,103.2443922,3150.055,-0.005,-0.509,-0.287,0.582,1.014,0.173,16
$GNSS,2025-05-04T08:17:04.250Z,27.4091838,103.2443917,3150.044,0.269,-0.749,-0.167,0.581,1.014,0.162,16
$GNSS,2025-05-04T08:17:04.300Z,27.4091840,103.2443913,3150.037,0.357,-0.811,-0.164,0.581,1.013,0.166,16
$GNSS,2025-05-04T08:17:04.350Z,27.4091840,103.2443909,3150.028,-0.028,-0.606,-0.218,0.581,1.013,0.157,16
$GNSS,2025-05-04T08:17:04.400Z,27.4091840,103.2443906,3150.005,0.076,-0.585,-0.197,0.581,1.012,0.157,16
$GNSS,2025-05-04T08:17:04.450Z,27.4091843,103.2443903,3149.967,0.448,-0.646,0.010,0.581,1.011,0.181,16
$GNSS,2025-05-04T08:17:04.500Z,27.4091844,103.2443900,3149.941,0.160,-0.518,0.039,0.580,1.011,0.154,16
$GNSS,2025-05-04T08:17:04.550Z,27.4091845,103.2443898,3149.938,-0.054,-0.169,-0.098,0.580,1.010,0.187,16
$GNSS,2025-05-04T08:17:04.600Z,27.4091845,103.2443897,3149.939,0.057,-0.084,-0.171,0.580,1.010,0.222,16
$GNSS,2025-05-04T08:17:04.650Z,27.4091847,103.2443895,3149.928,0.316,-0.194,-0.144,0.579,1.009,0.188,16
$GNSS,2025-05-04T08:17:04.700Z,27.4091849,103.2443894,3149.911,0.348,-0.235,-0.070,0.579,1.009,0.193,16
$GNSS,2025-05-04T08:17:04.750Z,27.4091851,103.2443893,3149.887,0.284,-0.141,-0.017,0.579,1.008,0.202,15
$GNSS,2025-05-04T08:17:04.800Z,27.4091852,103.2443892,3149.887,0.185,0.005,-0.185,0.579,1.007,0.180,16
$GNSS,2025-05-04T08:17:04.850Z,27.4091853,103.2443892,3149.882,0.093,0.116,-0.181,0.579,1.007,0.165,16
$GNSS,2025-05-04T08:17:04.900Z,27.4091854,103.2443892,3149.866,0.212,0.118,-0.102,0.579,1.007,0.152,15
$GNSS,2025-05-04T08:17:04.950Z,27.4091856,103.2443893,3149.840,0.358,0.200,0.023,0.579,1.006,0.175,15
$GNSS,2025-05-04T08:17:05.000Z,27.4091858,103.2443893,3149.827,0.251,0.148,0.045,0.579,1.006,0.182,15
$GNSS,2025-05-04T08:17:05.050Z,27.4091859,103.2443894,3149.811,0.124,0.206,-0.011,0.578,1.005,0.142,15
$GNSS,2025-05-04T08:17:05.100Z,27.4091859,103.2443894,3149.789,0.077,0.087,0.000,0.578,1.005,0.148,15
$GNSS,2025-05-04T08:17:05.150Z,27.4091860,103.2443893,3149.772,0.011,0.008,-0.007,0.578,1.004,0.149,14
$GNSS,2025-05-04T08:17:05.200Z,27.4091860,103.2443893,3149.755,0.060,0.093,0.049,0.578,1.004,0.182,15
$GNSS,2025-05-04T08:17:05.250Z,27.4091861,103.2443893,3149.739,0.137,0.095,-0.006,0.578,1.003,0.164,15
$GNSS,2025-05-04T08:17:05.300Z,27.4091862,103.2443893,3149.716,0.082,0.141,0.005,0.578,1.003,0.145,14
$GNSS,2025-05-04T08:17:05.350Z,27.4091862,103.2443894,3149.689,0.000,0.159,0.067,0.578,1.003,0.163,14
$GNSS,2025-05-04T08:17:05.400Z,27.4091863,103.2443894,3149.670,0.004,0.117,0.076,0.578,1.002,0.178,14
$GNSS,2025-05-04T08:17:05.450Z,27.4091863,103.2443894,3149.653,0.022,0.076,0.055,0.578,1.002,0.181,14
$GNSS,2025-05-04T08:17:05.500Z,27.4091864,103.2443893,3149.647,-0.007,0.054,0.041,0.577,1.001,0.173,15
$GNSS,2025-05-04T08:17:05.550Z,27.4091865,103.2443893,3149.633,0.040,0.055,0.070,0.577,1.001,0.208,15
$GNSS,2025-05-04T08:17:05.600Z,27.4091865,103.2443892,3149.625,-0.016,0.074,0.009,0.577,1.000,0.144,16
$GNSS,2025-05-04T08:17:05.650Z,27.4091865,103.2443892,3149.599,-0.018,0.059,0.066,0.577,1.000,0.181,15
$GNSS,2025-05-04T08:17:05.700Z,27.4091866,103.2443892,3149.578,0.031,0.046,0.078,0.577,0.999,0.215,16
$GNSS,2025-05-04T08:17:05.750Z,27.4091866,103.2443892,3149.562,-0.023,0.027,0.063,0.577,0.999,0.189,16
$GNSS,2025-05-04T08:17:05.800Z,27.4091867,103.2443892,3149.553,0.018,0.072,0.056,0.577,0.998,0.177,16
$GNSS,2025-05-04T08:17:05.850Z,27.4091867,103.2443891,3149.541,-0.013,0.038,0.055,0.577,0.998,0.186,16
$GNSS,2025-05-04T08:17:05.900Z,27.4091867,103.2443891,3149.525,-0.045,0.044,0.027,0.577,0.998,0.175,16
$GNSS,2025-05-04T08:17:05.950Z,27.4091868,103.2443890,3149.504,0.010,0.010,0.090,0.576,0.997,0.223,15
$GNSS,2025-05-04T08:17:06.000Z,27.4091868,103.2443890,3149.489,0.018,0.019,0.062,0.576,0.997,0.227,16
$GNSS,2025-05-04T08:17:06.050Z,27.4091868,103.2443890,3149.481,0.005,0.035,0.024,0.576,0.996,0.168,16
$GNSS,2025-05-04T08:17:06.100Z,27.4091869,103.2443889,3149.467,-0.016,0.012,0.057,0.576,0.996,0.188,16
$GNSS,2025-05-04T08:17:06.150Z,27.4091869,103.2443889,3149.454,0.030,0.021,0.050,0.576,0.995,0.230,16
$GNSS,2025-05-04T08:17:06.200Z,27.4091869,103.2443888,3149.436,-0.028,0.000,0.034,0.576,0.995,0.165,16
$GNSS,2025-05-04T08:17:06.250Z,27.4091870,103.2443888,3149.422,0.004,-0.020,-0.016,0.576,0.995,0.164,16
$GNSS,2025-05-04T08:17:06.300Z,27.4091870,103.2443888,3149.407,0.032,0.026,0.002,0.576,0.994,0.169,16
$GNSS,2025-05-04T08:17:06.350Z,27.4091871,103.2443887,3149.390,0.038,-0.001,0.034,0.576,0.994,0.250,16
$GNSS,2025-05-04T08:17:06.400Z,27.4091871,103.2443887,3149.375,0.006,-0.004,0.008,0.576,0.993,0.247,16
$GNSS,2025-05-04T08:17:06.450Z,27.4091871,103.2443886,3149.369,-0.051,-0.006,-0.048,0.576,0.993,0.246,16
$GNSS,2025-05-04T08:17:06.500Z,27.4091871,103.2443886,3149.354,-0.071,0.016,0.031,0.576,0.992,0.185,16
$GNSS,2025-05-04T08:17:06.550Z,27.4091872,103.2443885,3149.336,-0.035,0.027,0.085,0.575,0.992,0.176,15
$GNSS,2025-05-04T08:17:06.600Z,27.4091872,103.2443885,3149.320,0.031,0.014,0.045,0.575,0.992,0.240,16
$GNSS,2025-05-04T08:17:06.650Z,27.4091872,103.2443884,3149.306,-0.025,-0.030,-0.040,0.575,0.991,0.211,16
$GNSS,2025-05-04T08:17:06.700Z,27.4091872,103.2443884,3149.299,-0.047,-0.015,-0.081,0.575,0.991,0.236,16
$GNSS,2025-05-04T08:17:06.750Z,27.4091873,103.2443883,3149.289,-0.009,-0.044,-0.040,0.575,0.990,0.175,16
$GNSS,2025-05-04T08:17:06.800Z,27.4091873,103.2443883,3149.275,-0.043,0.005,0.001,0.575,0.990,0.215,16
$GNSS,2025-05-04T08:17:06.850Z,27.4091873,103.2443882,3149.256,-0.045,0.012,0.030,0.575,0.989,0.173,16
$GNSS,2025-05-04T08:17:06.900Z,27.4091873,103.2443882,3149.249,-0.020,0.030,-0.023,0.575,0.989,0.209,16
$GNSS,2025-05-04T08:17:06.950Z,27.4091874,103.2443881,3149.239,-0.021,-0.034,-0.064,0.575,0.989,0.211,16
$GNSS,2025-05-04T08:17:07.000Z,27.4091874,103.2443881,3149.224,-0.024,-0.045,-0.021,0.575,0.988,0.164,16
$GNSS,2025-05-04T08:17:07.050Z,27.4091874,103.2443880,3149.213,-0.057,-0.018,-0.049,0.575,0.988,0.240,16
$GNSS,2025-05-04T08:17:07.100Z,27.4091874,103.2443880,3149.208,-0.060,0.024,-0.047,0.575,0.988,0.247,16
$GNSS,2025-05-04T08:17:07.150Z,27.4091874,103.2443879,3149.189,0.016,0.008,0.051,0.574,0.987,0.232,15
$GNSS,2025-05-04T08:17:07.200Z,27.4091875,103.2443879,3149.181,0.013,0.029,0.093,0.574,0.987,0.213,16
$GNSS,2025-05-04T08:17:07.250Z,27.4091875,103.2443878,3149.167,-0.049,0.019,0.076,0.574,0.987,0.168,16
$GNSS,2025-05-04T08:17:07.300Z,27.4091875,103.2443878,3149.161,-0.037,-0.049,-0.024,0.574,0.986,0.177,16
$GNSS,2025-05-04T08:17:07.350Z,27.4091875,103.2443877,3149.153,-0.062,0.016,0.005,0.574,0.986,0.211,16
$GNSS,2025-05-04T08:17:07.400Z,27.4091876,103.2443877,3149.138,-0.020,0.040,0.074,0.574,0.986,0.179,16
$GNSS,2025-05-04T08:17:07.450Z,27.4091876,103.2443876,3149.124,-0.016,-0.016,0.023,0.574,0.985,0.147,15
$GNSS,2025-05-04T08:17:07.500Z,27.4091876,103.2443876,3149.122,-0.018,0.000,-0.027,0.574,0.985,0.253,16
$GNSS,2025-05-04T08:17:07.550Z,27.4091876,103.2443875,3149.107,0.020,-0.022,-0.011,0.574,0.985,0.173,16
$GNSS,2025-05-04T08:17:07.600Z,27.4091876,103.2443875,3149.098,-0.084,-0.025,-0.033,0.574,0.984,0.230,16
$GNSS,2025-05-04T08:17:07.650Z,27.4091877,103.2443874,3149.091,-0.028,-0.063,-0.014,0.574,0.984,0.143,16
$GNSS,2025-05-04T08:17:07.700Z,27.4091877,103.2443873,3149.081,-0.014,0.041,0.013,0.574,0.984,0.150,16
$GNSS,2025-05-04T08:17:07.750Z,27.4091877,103.2443873,3149.070,-0.028,0.036,-0.016,0.573,0.983,0.207,16
$GNSS,2025-05-04T08:17:07.800Z,27.4091877,103.2443873,3149.051,-0.021,0.014,0.018,0.573,0.983,0.171,16
$GNSS,2025-05-04T08:17:07.850Z,27.4091877,103.2443872,3149.044,-0.040,-0.047,-0.033,0.573,0.982,0.193,16
$GNSS,2025-05-04T08:17:07.900Z,27.4091878,103.2443872,3149.031,-0.005,-0.048,-0.023,0.573,0.982,0.149,16
$GNSS,2025-05-04T08:17:07.950Z,27.4091878,103.2443871,3149.025,-0.021,0.071,-0.021,0.573,0.982,0.164,16
$GNSS,2025-05-04T08:17:08.000Z,27.4091878,103.2443871,3149.017,-0.108,0.047,-0.006,0.573,0.981,0.218,16
$GNSS,2025-05-04T08:17:08.050Z,27.4091878,103.2443871,3149.006,-0.048,-0.028,0.008,0.573,0.981,0.167,16
$GNSS,2025-05-04T08:17:08.100Z,27.4091879,103.2443870,3148.994,0.006,-0.002,0.034,0.573,0.981,0.231,16
$GNSS,2025-05-04T08:17:08.150Z,27.4091879,103.2443870,3148.982,-0.048,0.031,0.057,0.573,0.980,0.168,15
$GNSS,2025-05-04T08:17:08.200Z,27.4091878,103.2443869,3148.976,-0.115,0.030,0.038,0.573,0.980,0.195,15
$GNSS,2025-05-04T08:17:08.250Z,27.4091878,103.2443869,3148.968,-0.053,0.047,-0.024,0.573,0.980,0.223,15
$GNSS,2025-05-04T08:17:08.300Z,27.4091878,103.2443868,3148.966,-0.058,0.010,-0.045,0.573,0.979,0.263,15
$GNSS,2025-05-04T08:17:08.350Z,27.4091878,103.2443868,3148.953,-0.065,0.008,-0.048,0.573,0.979,0.263,15
$GNSS,2025-05-04T08:17:08.400Z,27.4091879,103.2443868,3148.936,0.097,-0.028,0.007,0.573,0.979,0.237,14
$GNSS,2025-05-04T08:17:08.450Z,27.4091880,103.2443867,3148.919,-0.004,-0.022,0.035,0.573,0.978,0.183,15
$GNSS,2025-05-04T08:17:08.500Z,27.4091880,103.2443867,3148.900,0.030,0.063,0.062,0.573,0.978,0.192,15
$GNSS,2025-05-04T08:17:08.550Z,27.4091880,103.2443868,3148.892,-0.077,0.114,-0.026,0.573,0.978,0.209,15
$GNSS,2025-05-04T08:17:08.600Z,27.4091880,103.2443868,3148.892,-0.115,0.202,-0.084,0.573,0.978,0.211,15
$GNSS,2025-05-04T08:17:08.650Z,27.4091879,103.2443869,3148.890,-0.182,0.264,-0.080,0.573,0.977,0.215,15
$GNSS,2025-05-04T08:17:08.700Z,27.4091880,103.2443869,3148.872,-0.091,0.103,0.093,0.573,0.977,0.181,15
$GNSS,2025-05-04T08:17:08.750Z,27.4091881,103.2443867,3148.850,0.111,-0.172,0.168,0.573,0.977,0.212,15
$GNSS,2025-05-04T08:17:08.800Z,27.4091881,103.2443866,3148.834,0.151,-0.238,-0.036,0.573,0.976,0.173,15
$GNSS,2025-05-04T08:17:08.850Z,27.4091882,103.2443865,3148.834,0.090,-0.089,-0.184,0.573,0.976,0.178,15
$GNSS,2025-05-04T08:17:08.900Z,27.4091883,103.2443866,3148.824,0.084,0.215,-0.173,0.573,0.976,0.147,15
$GNSS,2025-05-04T08:17:08.950Z,27.4091884,103.2443868,3148.823,0.121,0.518,-0.055,0.573,0.975,0.135,15
$GNSS,2025-05-04T08:17:09.000Z,27.4091885,103.2443870,3148.808,0.101,0.560,0.186,0.573,0.975,0.155,15
$GNSS,2025-05-04T08:17:09.050Z,27.4091886,103.2443871,3148.776,-0.039,0.290,0.321,0.573,0.975,0.184,15
$GNSS,2025-05-04T08:17:09.100Z,27.4091885,103.2443869,3148.759,-0.133,-0.242,0.153,0.573,0.975,0.135,15
$GNSS,2025-05-04T08:17:09.150Z,27.4091886,103.2443866,3148.767,-0.093,-0.462,-0.134,0.573,0.974,0.154,15
$GNSS,2025-05-04T08:17:09.200Z,27.4091886,103.2443863,3148.766,0.008,-0.414,-0.268,0.573,0.974,0.171,15
$GNSS,2025-05-04T08:17:09.250Z,27.4091887,103.2443863,3148.743,0.056,-0.157,-0.154,0.572,0.974,0.178,16
$GNSS,2025-05-04T08:17:09.300Z,27.4091889,103.2443864,3148.724,0.281,0.359,0.038,0.572,0.973,0.149,15
$GNSS,2025-05-04T08:17:09.350Z,27.4091891,103.2443865,3148.711,0.251,0.479,0.187,0.572,0.973,0.163,16
$GNSS,2025-05-04T08:17:09.400Z,27.4091892,103.2443867,3148.691,0.085,0.315,0.209,0.572,0.972,0.178,16
$GNSS,2025-05-04T08:17:09.450Z,27.4091891,103.2443866,3148.681,-0.092,-0.086,0.028,0.572,0.972,0.147,16
$GNSS,2025-05-04T08:17:09.550Z,27.4091890,103.2443861,3148.677,-0.164,-0.509,-0.149,0.572,0.972,0.166,15
$GNSS,2025-05-04T08:17:09.600Z,27.4091890,103.2443859,3148.662,-0.156,-0.338,-0.157,0.573,0.972,0.181,15
$GNSS,2025-05-04T08:17:09.650Z,27.4091890,103.2443860,3148.643,-0.003,0.045,-0.096,0.573,0.972,0.206,15
$GNSS,2025-05-04T08:17:09.700Z,27.4091891,103.2443861,3148.636,0.005,0.292,-0.057,0.573,0.971,0.146,15
$GNSS,2025-05-04T08:17:09.750Z,27.4091892,103.2443861,3148.632,0.073,0.249,0.016,0.573,0.971,0.142,15
$GNSS,2025-05-04T08:17:09.800Z,27.4091892,103.2443862,3148.620,-0.005,0.145,-0.032,0.573,0.971,0.137,16
$GNSS,2025-05-04T08:17:09.850Z,27.4091892,103.2443861,3148.604,-0.010,-0.131,-0.015,0.573,0.970,0.136,15
$GNSS,2025-05-04T08:17:09.900Z,27.4091892,103.2443859,3148.589,-0.052,-0.230,-0.043,0.573,0.970,0.151,14
$GNSS,2025-05-04T08:17:09.950Z,27.4091893,103.2443858,3148.584,0.034,-0.194,-0.120,0.573,0.969,0.167,14
$GNSS,2025-05-04T08:17:10.000Z,27.4091893,103.2443857,3148.571,-0.013,-0.022,-0.023,0.573,0.969,0.209,15
$GNSS,2025-05-04T08:17:10.050Z,27.4091894,103.2443857,3148.554,0.025,0.134,0.012,0.573,0.969,0.143,15
$GNSS,2025-05-04T08:17:10.100Z,27.4091893,103.2443858,3148.543,-0.094,0.114,-0.063,0.573,0.968,0.214,15
$GNSS,2025-05-04T08:17:10.150Z,27.4091893,103.2443857,3148.534,-0.069,0.015,-0.086,0.573,0.968,0.246,15
$GNSS,2025-05-04T08:17:10.200Z,27.4091894,103.2443857,3148.521,-0.059,-0.072,-0.007,0.573,0.968,0.159,15
$GNSS,2025-05-04T08:17:10.250Z,27.4091894,103.2443855,3148.519,-0.012,-0.119,-0.062,0.573,0.967,0.168,15
$GNSS,2025-05-04T08:17:10.300Z,27.4091895,103.2443855,3148.499,0.055,-0.086,-0.018,0.573,0.967,0.181,15
$GNSS,2025-05-04T08:17:10.350Z,27.4091895,103.2443854,3148.485,0.002,-0.003,-0.050,0.573,0.967,0.198,15
$GNSS,2025-05-04T08:17:10.400Z,27.4091894,103.2443855,3148.483,-0.157,0.092,-0.133,0.573,0.966,0.239,15
$GNSS,2025-05-04T08:17:10.450Z,27.4091895,103.2443854,3148.478,-0.048,0.016,-0.078,0.573,0.966,0.242,15
$GNSS,2025-05-04T08:17:10.500Z,27.4091895,103.2443853,3148.462,0.070,-0.056,-0.036,0.573,0.966,0.191,14
$GNSS,2025-05-04T08:17:10.550Z,27.4091896,103.2443853,3148.439,0.089,-0.056,0.019,0.573,0.966,0.227,14
$GNSS,2025-05-04T08:17:10.600Z,27.4091896,103.2443852,3148.420,-0.003,-0.033,-0.002,0.573,0.965,0.144,15
$GNSS,2025-05-04T08:17:10.650Z,27.4091897,103.2443852,3148.416,-0.013,0.017,-0.095,0.573,0.965,0.221,15
$GNSS,2025-05-04T08:17:10.700Z,27.4091897,103.2443852,3148.412,-0.017,0.066,-0.077,0.573,0.965,0.198,14
$GNSS,2025-05-04T08:17:10.750Z,27.4091897,103.2443852,3148.407,-0.034,0.085,-0.040,0.573,0.964,0.187,15
$GNSS,2025-05-04T08:17:10.800Z,27.4091898,103.2443851,3148.398,-0.012,-0.026,-0.043,0.573,0.964,0.218,15
$GNSS,2025-05-04T08:17:10.850Z,27.4091899,103.2443851,3148.369,0.159,-0.099,0.009,0.573,0.964,0.224,15
$GNSS,2025-05-04T08:17:10.900Z,27.4091900,103.2443850,3148.354,0.197,-0.020,-0.021,0.573,0.963,0.211,15
$GNSS,2025-05-04T08:17:10.950Z,27.4091900,103.2443850,3148.357,0.060,0.121,-0.125,0.573,0.963,0.151,15
$GNSS,2025-05-04T08:17:11.000Z,27.4091901,103.2443851,3148.342,0.024,0.245,0.026,0.573,0.963,0.136,15
$GNSS,2025-05-04T08:17:11.050Z,27.4091902,103.2443851,3148.321,0.075,0.168,0.139,0.573,0.962,0.199,15
$GNSS,2025-05-04T08:17:11.100Z,27.4091903,103.2443851,3148.305,0.068,0.108,0.064,0.573,0.962,0.202,15
$GNSS,2025-05-04T08:17:11.150Z,27.4091904,103.2443851,3148.294,0.077,0.103,-0.004,0.573,0.961,0.168,16
$GNSS,2025-05-04T08:17:11.200Z,27.4091904,103.2443851,3148.285,0.048,0.130,-0.058,0.573,0.961,0.127,16
$GNSS,2025-05-04T08:17:11.250Z,27.4091905,103.2443851,3148.271,0.017,0.071,-0.028,0.573,0.960,0.122,16
$GNSS,2025-05-04T08:17:11.300Z,27.4091906,103.2443850,3148.254,0.069,0.038,0.046,0.573,0.960,0.231,16
$GNSS,2025-05-04T08:17:11.350Z,27.4091907,103.2443849,3148.246,0.070,0.059,0.006,0.572,0.959,0.195,16
$GNSS,2025-05-04T08:17:11.400Z,27.4091908,103.2443849,3148.237,0.099,0.053,0.015,0.572,0.959,0.221,15
$GNSS,2025-05-04T08:17:11.450Z,27.4091909,103.2443848,3148.226,0.100,0.044,0.070,0.572,0.959,0.237,15
$GNSS,2025-05-04T08:17:11.500Z,27.4091910,103.2443847,3148.213,0.042,-0.013,0.053,0.572,0.958,0.218,15
$GNSS,2025-05-04T08:17:11.550Z,27.4091911,103.2443846,3148.204,-0.010,-0.043,0.044,0.571,0.958,0.148,15
$GNSS,2025-05-04T08:17:11.600Z,27.4091912,103.2443844,3148.196,0.076,-0.093,0.013,0.571,0.958,0.152,15
$GNSS,2025-05-04T08:17:11.650Z,27.4091914,103.2443843,3148.187,0.068,-0.070,-0.017,0.571,0.957,0.153,16
$GNSS,2025-05-04T08:17:11.700Z,27.4091915,103.2443842,3148.175,0.017,0.040,-0.030,0.571,0.957,0.131,16
$GNSS,2025-05-04T08:17:11.750Z,27.4091916,103.2443842,3148.148,0.057,0.189,0.103,0.570,0.956,0.173,16
$GNSS,2025-05-04T08:17:11.800Z,27.4091917,103.2443843,3148.135,0.070,0.335,0.135,0.570,0.956,0.160,16
$GNSS,2025-05-04T08:17:11.850Z,27.4091918,103.2443844,3148.122,-0.024,0.330,0.124,0.570,0.956,0.141,16
$GNSS,2025-05-04T08:17:11.900Z,27.4091919,103.2443844,3148.120,0.053,0.312,0.114,0.570,0.955,0.150,16
$GNSS,2025-05-04T08:17:11.950Z,27.4091920,103.2443845,3148.112,-0.012,0.239,0.115,0.569,0.955,0.151,16
$GNSS,2025-05-04T08:17:12.000Z,27.4091920,103.2443844,3148.097,-0.009,0.139,0.056,0.569,0.955,0.147,16
$GNSS,2025-05-04T08:17:12.050Z,27.4091921,103.2443844,3148.082,0.103,0.048,0.048,0.569,0.955,0.243,15
$GNSS,2025-05-04T08:17:12.100Z,27.4091922,103.2443843,3148.069,0.078,0.044,0.030,0.569,0.954,0.241,15
$GNSS,2025-05-04T08:17:12.150Z,27.4091923,103.2443843,3148.054,0.042,0.037,0.030,0.569,0.954,0.234,15
$GNSS,2025-05-04T08:17:12.200Z,27.4091924,103.2443842,3148.039,0.008,0.042,0.125,0.569,0.954,0.212,15
$GNSS,2025-05-04T08:17:12.250Z,27.4091925,103.2443841,3148.036,0.018,-0.005,0.092,0.569,0.954,0.221,15
$GNSS,2025-05-04T08:17:12.300Z,27.4091926,103.2443840,3148.022,0.041,-0.042,0.116,0.569,0.954,0.211,15
$GNSS,2025-05-04T08:17:12.350Z,27.4091927,103.2443838,3148.010,0.097,-0.171,0.077,0.568,0.954,0.161,14
$GNSS,2025-05-04T08:17:12.400Z,27.4091928,103.2443836,3147.998,-0.020,-0.346,0.051,0.568,0.954,0.147,14
$GNSS,2025-05-04T08:17:12.450Z,27.4091928,103.2443833,3148.002,-0.036,-0.438,0.048,0.568,0.954,0.150,14
$GNSS,2025-05-04T08:17:12.500Z,27.4091930,103.2443830,3147.984,0.145,-0.474,0.116,0.568,0.954,0.149,15
$GNSS,2025-05-04T08:17:12.550Z,27.4091930,103.2443826,3147.969,0.074,-0.587,0.124,0.569,0.954,0.163,14
$GNSS,2025-05-04T08:17:12.600Z,27.4091931,103.2443824,3147.939,0.128,-0.500,0.281,0.569,0.955,0.181,14
$GNSS,2025-05-04T08:17:12.650Z,27.4091933,103.2443820,3147.924,0.174,-0.501,0.294,0.569,0.955,0.172,15
$GNSS,2025-05-04T08:17:12.700Z,27.4091933,103.2443816,3147.896,0.034,-0.637,0.233,0.569,0.955,0.143,15
$GNSS,2025-05-04T08:17:12.750Z,27.4091934,103.2443813,3147.854,0.025,-0.621,0.240,0.569,0.955,0.142,15
$GNSS,2025-05-04T08:17:12.800Z,27.4091935,103.2443809,3147.849,0.046,-0.582,0.192,0.569,0.955,0.145,15
$GNSS,2025-05-04T08:17:12.850Z,27.4091937,103.2443805,3147.879,0.134,-0.583,0.091,0.568,0.955,0.141,15
$GNSS,2025-05-04T08:17:12.900Z,27.4091939,103.2443801,3147.893,0.144,-0.664,0.039,0.568,0.955,0.144,15
$GNSS,2025-05-04T08:17:12.950Z,27.4091940,103.2443798,3147.873,0.151,-0.499,0.128,0.568,0.955,0.136,16
$GNSS,2025-05-04T08:17:13.000Z,27.4091941,103.2443796,3147.863,0.180,-0.275,0.153,0.568,0.955,0.162,16
$GNSS,2025-05-04T08:17:13.050Z,27.4091942,103.2443794,3147.869,-0.020,-0.266,0.080,0.568,0.955,0.139,16
$GNSS,2025-05-04T08:17:13.100Z,27.4091942,103.2443792,3147.869,-0.142,-0.376,-0.014,0.568,0.954,0.189,15
$GNSS,2025-05-04T08:17:13.150Z,27.4091942,103.2443788,3147.843,-0.091,-0.551,-0.019,0.568,0.954,0.171,15
$GNSS,2025-05-04T08:17:13.200Z,27.4091943,103.2443785,3147.849,0.129,-0.442,-0.104,0.568,0.954,0.147,15
$GNSS,2025-05-04T08:17:13.250Z,27.4091945,103.2443783,3147.852,0.247,-0.258,-0.058,0.568,0.954,0.169,15
$GNSS,2025-05-04T08:17:13.300Z,27.4091946,103.2443781,3147.845,-0.064,-0.256,-0.016,0.567,0.954,0.152,15
$GNSS,2025-05-04T08:17:13.350Z,27.4091944,103.2443780,3147.823,-0.305,-0.222,-0.021,0.567,0.954,0.204,16
$GNSS,2025-05-04T08:17:13.400Z,27.4091944,103.2443778,3147.806,-0.316,-0.152,-0.012,0.567,0.953,0.206,15
$GNSS,2025-05-04T08:17:13.450Z,27.4091943,103.2443778,3147.794,-0.232,-0.024,-0.059,0.567,0.953,0.221,15
$GNSS,2025-05-04T08:17:13.500Z,27.4091943,103.2443777,3147.785,-0.182,0.023,-0.048,0.567,0.952,0.220,15
$GNSS,2025-05-04T08:17:13.550Z,27.4091942,103.2443777,3147.769,-0.195,0.124,0.009,0.567,0.952,0.193,15
$GNSS,2025-05-04T08:17:13.600Z,27.4091942,103.2443777,3147.772,-0.181,0.163,-0.060,0.567,0.951,0.182,16
$GNSS,2025-05-04T08:17:13.650Z,27.4091941,103.2443778,3147.772,-0.308,0.212,-0.089,0.567,0.951,0.205,15
$GNSS,2025-05-04T08:17:13.700Z,27.4091940,103.2443779,3147.764,-0.231,0.238,-0.070,0.566,0.950,0.190,15
$GNSS,2025-05-04T08:17:13.750Z,27.4091940,103.2443780,3147.739,-0.126,0.299,0.006,0.566,0.950,0.149,15
$GNSS,2025-05-04T08:17:13.800Z,27.4091940,103.2443781,3147.719,-0.052,0.313,0.045,0.566,0.950,0.138,15
$GNSS,2025-05-04T08:17:13.850Z,27.4091939,103.2443783,3147.705,-0.218,0.434,0.019,0.566,0.949,0.158,15
$GNSS,2025-05-04T08:17:13.900Z,27.4091939,103.2443784,3147.700,-0.221,0.390,-0.027,0.566,0.949,0.154,16
$GNSS,2025-05-04T08:17:13.950Z,27.4091938,103.2443785,3147.694,-0.181,0.341,-0.035,0.566,0.948,0.160,15
$GNSS,2025-05-04T08:17:14.000Z,27.4091938,103.2443786,3147.676,-0.088,0.281,0.023,0.566,0.948,0.142,15
$GNSS,2025-05-04T08:17:14.050Z,27.4091938,103.2443788,3147.659,-0.081,0.384,0.078,0.566,0.947,0.141,15
$GNSS,2025-05-04T08:17:14.100Z,27.4091938,103.2443789,3147.641,-0.076,0.373,0.105,0.566,0.947,0.146,15
$GNSS,2025-05-04T08:17:14.150Z,27.4091937,103.2443791,3147.625,-0.272,0.394,0.007,0.565,0.947,0.174,15
$GNSS,2025-05-04T08:17:14.200Z,27.4091937,103.2443792,3147.617,-0.218,0.284,0.020,0.565,0.946,0.161,16
$GNSS,2025-05-04T08:17:14.250Z,27.4091936,103.2443792,3147.603,-0.177,0.212,0.064,0.565,0.946,0.161,16
$GNSS,2025-05-04T08:17:14.300Z,27.4091937,103.2443792,3147.583,-0.056,0.163,0.101,0.565,0.946,0.158,16
$GNSS,2025-05-04T08:17:14.350Z,27.4091937,103.2443793,3147.576,0.010,0.197,0.019,0.565,0.945,0.127,16
$GNSS,2025-05-04T08:17:14.400Z,27.4091937,103.2443793,3147.566,-0.058,0.265,0.068,0.565,0.944,0.137,16
$GNSS,2025-05-04T08:17:14.450Z,27.4091937,103.2443794,3147.551,-0.124,0.191,0.050,0.565,0.944,0.152,15
$GNSS,2025-05-04T08:17:14.500Z,27.4091936,103.2443794,3147.542,-0.164,0.124,-0.033,0.564,0.944,0.185,15
$GNSS,2025-05-04T08:17:14.550Z,27.4091936,103.2443794,3147.535,-0.091,0.114,-0.016,0.564,0.943,0.172,15
$GNSS,2025-05-04T08:17:14.600Z,27.4091936,103.2443794,3147.525,-0.141,0.140,0.067,0.564,0.943,0.174,15
$GNSS,2025-05-04T08:17:14.650Z,27.4091936,103.2443794,3147.510,-0.109,0.034,0.076,0.564,0.942,0.183,15
$GNSS,2025-05-04T08:17:14.700Z,27.4091935,103.2443793,3147.498,-0.181,-0.040,0.011,0.564,0.942,0.207,15
$GNSS,2025-05-04T08:17:14.750Z,27.4091935,103.2443792,3147.494,-0.046,-0.096,-0.028,0.564,0.941,0.154,15
$GNSS,2025-05-04T08:17:14.800Z,27.4091935,103.2443791,3147.483,-0.058,-0.107,-0.016,0.564,0.941,0.150,15
$GNSS,2025-05-04T08:17:14.850Z,27.4091935,103.2443790,3147.471,-0.068,-0.141,-0.038,0.564,0.941,0.153,15
$GNSS,2025-05-04T08:17:14.900Z,27.4091935,103.2443788,3147.467,-0.079,-0.212,-0.062,0.564,0.940,0.147,15
$GNSS,2025-05-04T08:17:14.950Z,27.4091935,103.2443786,3147.452,-0.029,-0.300,-0.026,0.564,0.940,0.130,15
$GNSS,2025-05-04T08:17:15.000Z,27.4091934,103.2443784,3147.438,-0.147,-0.314,-0.069,0.564,0.939,0.152,15
$GNSS,2025-05-04T08:17:15.050Z,27.4091933,103.2443782,3147.421,-0.295,-0.429,-0.025,0.563,0.939,0.159,15
$GNSS,2025-05-04T08:17:15.100Z,27.4091932,103.2443779,3147.407,-0.259,-0.429,-0.081,0.563,0.938,0.154,16
$GNSS,2025-05-04T08:17:15.150Z,27.4091932,103.2443776,3147.418,-0.081,-0.399,-0.126,0.563,0.938,0.139,16
$GNSS,2025-05-04T08:17:15.200Z,27.4091933,103.2443774,3147.418,0.044,-0.403,-0.050,0.563,0.937,0.135,16
$GNSS,2025-05-04T08:17:15.250Z,27.4091931,103.2443771,3147.402,-0.266,-0.416,-0.070,0.563,0.937,0.154,16
$GNSS,2025-05-04T08:17:15.300Z,27.4091930,103.2443769,3147.371,-0.349,-0.346,-0.011,0.563,0.936,0.184,16
$GNSS,2025-05-04T08:17:15.350Z,27.4091927,103.2443767,3147.356,-0.546,-0.301,-0.035,0.563,0.935,0.188,16
$GNSS,2025-05-04T08:17:15.400Z,27.4091927,103.2443765,3147.372,-0.138,-0.213,-0.048,0.563,0.935,0.147,16
$GNSS,2025-05-04T08:17:15.450Z,27.4091928,103.2443763,3147.380,-0.070,-0.351,-0.115,0.563,0.934,0.143,16
$GNSS,2025-05-04T08:17:15.500Z,27.4091927,103.2443760,3147.368,-0.154,-0.358,-0.138,0.563,0.934,0.153,16
$GNSS,2025-05-04T08:17:15.550Z,27.4091925,103.2443759,3147.338,-0.348,-0.287,-0.081,0.563,0.933,0.179,16
$GNSS,2025-05-04T08:17:15.600Z,27.4091924,103.2443758,3147.319,-0.307,-0.120,0.019,0.563,0.933,0.195,16
$GNSS,2025-05-04T08:17:15.650Z,27.4091924,103.2443757,3147.314,-0.212,-0.083,0.020,0.563,0.932,0.190,16
$GNSS,2025-05-04T08:17:15.700Z,27.4091924,103.2443756,3147.321,-0.119,-0.078,-0.020,0.563,0.932,0.190,15
$GNSS,2025-05-04T08:17:15.750Z,27.4091924,103.2443754,3147.320,0.028,-0.106,-0.067,0.563,0.932,0.191,15
$GNSS,2025-05-04T08:17:15.800Z,27.4091925,103.2443753,3147.307,0.101,-0.186,-0.018,0.563,0.931,0.183,15
$GNSS,2025-05-04T08:17:15.850Z,27.4091925,103.2443753,3147.293,-0.006,0.003,-0.034,0.563,0.931,0.250,15
$GNSS,2025-05-04T08:17:15.900Z,27.4091925,103.2443754,3147.286,-0.005,0.190,-0.058,0.563,0.930,0.148,15
$GNSS,2025-05-04T08:17:15.950Z,27.4091926,103.2443755,3147.274,0.100,0.451,0.023,0.563,0.930,0.137,15
$GNSS,2025-05-04T08:17:16.000Z,27.4091927,103.2443757,3147.252,0.232,0.502,0.204,0.563,0.930,0.183,15
$GNSS,2025-05-04T08:17:16.050Z,27.4091930,103.2443758,3147.273,0.478,0.474,0.045,0.563,0.929,0.171,16
$GNSS,2025-05-04T08:17:16.100Z,27.4091930,103.2443759,3147.248,0.045,0.227,0.137,0.563,0.929,0.189,16
$GNSS,2025-05-04T08:17:16.150Z,27.4091930,103.2443760,3147.227,-0.136,0.181,0.088,0.563,0.928,0.185,16
$GNSS,2025-05-04T08:17:16.200Z,27.4091929,103.2443760,3147.211,-0.147,0.198,0.110,0.563,0.928,0.189,16
$GNSS,2025-05-04T08:17:16.250Z,27.4091930,103.2443761,3147.202,0.034,0.250,0.092,0.562,0.927,0.165,16
$GNSS,2025-05-04T08:17:16.300Z,27.4091931,103.2443762,3147.189,0.118,0.263,0.120,0.562,0.927,0.192,16
$GNSS,2025-05-04T08:17:16.350Z,27.4091932,103.2443763,3147.169,0.065,0.337,0.238,0.562,0.927,0.206,15
$GNSS,2025-05-04T08:17:16.400Z,27.4091933,103.2443763,3147.160,-0.033,0.290,0.207,0.562,0.927,0.199,15
$GNSS,2025-05-04T08:17:16.450Z,27.4091934,103.2443763,3147.159,-0.016,0.091,0.100,0.562,0.927,0.229,15
$GNSS,2025-05-04T08:17:16.500Z,27.4091934,103.2443763,3147.154,0.067,0.062,0.021,0.562,0.927,0.229,15
$GNSS,2025-05-04T08:17:16.550Z,27.4091935,103.2443762,3147.149,0.088,0.095,-0.050,0.562,0.927,0.206,15
$GNSS,2025-05-04T08:17:16.600Z,27.4091935,103.2443762,3147.141,-0.051,0.104,-0.039,0.562,0.927,0.155,15
$GNSS,2025-05-04T08:17:16.650Z,27.4091936,103.2443762,3147.131,-0.034,0.107,0.036,0.562,0.927,0.154,16
$GNSS,2025-05-04T08:17:16.700Z,27.4091937,103.2443762,3147.117,0.009,0.076,0.106,0.562,0.926,0.234,16
$GNSS,2025-05-04T08:17:16.750Z,27.4091938,103.2443762,3147.110,0.078,0.062,0.060,0.562,0.926,0.232,16
$GNSS,2025-05-04T08:17:16.800Z,27.4091938,103.2443761,3147.100,0.019,0.022,0.008,0.561,0.926,0.199,16
$GNSS,2025-05-04T08:17:16.850Z,27.4091939,103.2443760,3147.093,0.023,0.010,-0.015,0.561,0.925,0.213,16
$GNSS,2025-05-04T08:17:16.900Z,27.4091940,103.2443759,3147.108,0.053,-0.039,-0.086,0.561,0.925,0.213,16
$GNSS,2025-05-04T08:17:16.950Z,27.4091941,103.2443758,3147.113,0.075,-0.133,-0.123,0.561,0.925,0.187,16
$GNSS,2025-05-04T08:17:17.000Z,27.4091942,103.2443756,3147.110,0.094,-0.167,-0.159,0.561,0.924,0.182,16
$GNSS,2025-05-04T08:17:17.050Z,27.4091943,103.2443755,3147.100,0.090,-0.170,-0.109,0.560,0.924,0.166,16
$GNSS,2025-05-04T08:17:17.100Z,27.4091943,103.2443754,3147.091,0.015,-0.100,-0.081,0.560,0.923,0.184,16
$GNSS,2025-05-04T08:17:17.150Z,27.4091944,103.2443754,3147.086,-0.040,0.044,-0.050,0.560,0.923,0.211,16
$GNSS,2025-05-04T08:17:17.200Z,27.4091944,103.2443753,3147.093,0.002,0.085,-0.069,0.560,0.923,0.160,16
$GNSS,2025-05-04T08:17:17.250Z,27.4091944,103.2443753,3147.088,-0.039,0.014,-0.049,0.560,0.922,0.251,16
$GNSS,2025-05-04T08:17:17.300Z,27.4091945,103.2443753,3147.071,0.040,-0.003,0.000,0.560,0.922,0.216,16
$GNSS,2025-05-04T08:17:17.350Z,27.4091946,103.2443752,3147.051,0.112,0.041,0.069,0.560,0.921,0.237,16
$GNSS,2025-05-04T08:17:17.400Z,27.4091946,103.2443752,3147.045,-0.004,0.098,0.027,0.560,0.921,0.146,16
$GNSS,2025-05-04T08:17:17.450Z,27.4091946,103.2443753,3147.038,0.072,0.140,0.032,0.560,0.920,0.153,16
$GNSS,2025-05-04T08:17:17.500Z,27.4091946,103.2443753,3147.032,0.008,0.167,0.019,0.560,0.920,0.131,16
$GNSS,2025-05-04T08:17:17.550Z,27.4091947,103.2443753,3147.023,-0.016,0.178,0.016,0.559,0.919,0.135,16
$GNSS,2025-05-04T08:17:17.600Z,27.4091947,103.2443754,3147.004,0.009,0.124,0.040,0.559,0.919,0.146,16
$GNSS,2025-05-04T08:17:17.650Z,27.4091947,103.2443754,3146.995,0.068,0.102,0.011,0.559,0.918,0.146,16
$GNSS,2025-05-04T08:17:17.700Z,27.4091948,103.2443754,3146.984,0.014,0.153,0.011,0.559,0.918,0.127,16
$GNSS,2025-05-04T08:17:17.750Z,27.4091947,103.2443754,3146.966,-0.064,0.149,0.095,0.559,0.917,0.164,16
$GNSS,2025-05-04T08:17:17.800Z,27.4091947,103.2443754,3146.953,-0.163,0.049,0.125,0.559,0.917,0.178,16
$GNSS,2025-05-04T08:17:17.850Z,27.4091947,103.2443753,3146.945,-0.098,-0.043,0.096,0.559,0.917,0.154,16
$GNSS,2025-05-04T08:17:17.900Z,27.4091946,103.2443752,3146.947,-0.193,-0.007,0.020,0.559,0.916,0.215,16
$GNSS,2025-05-04T08:17:17.950Z,27.4091945,103.2443752,3146.944,-0.301,-0.026,-0.005,0.559,0.916,0.246,16
$GNSS,2025-05-04T08:17:18.000Z,27.4091942,103.2443751,3146.939,-0.415,-0.060,-0.029,0.559,0.915,0.239,16
$GNSS,2025-05-04T08:17:18.050Z,27.4091941,103.2443750,3146.914,-0.397,-0.144,0.088,0.559,0.915,0.182,16
$GNSS,2025-05-04T08:17:18.100Z,27.4091940,103.2443748,3146.892,-0.335,-0.313,0.173,0.559,0.915,0.144,16
$GNSS,2025-05-04T08:17:18.150Z,27.4091938,103.2443745,3146.875,-0.419,-0.393,0.179,0.559,0.914,0.145,16
$GNSS,2025-05-04T08:17:18.200Z,27.4091936,103.2443743,3146.862,-0.488,-0.428,0.216,0.559,0.914,0.146,16
$GNSS,2025-05-04T08:17:18.250Z,27.4091934,103.2443741,3146.864,-0.525,-0.270,0.134,0.559,0.914,0.162,16
$GNSS,2025-05-04T08:17:18.300Z,27.4091931,103.2443739,3146.840,-0.667,-0.342,0.091,0.559,0.913,0.165,15
$GNSS,2025-05-04T08:17:18.350Z,27.4091928,103.2443736,3146.827,-0.815,-0.532,-0.052,0.559,0.913,0.165,15
$GNSS,2025-05-04T08:17:18.400Z,27.4091925,103.2443733,3146.835,-0.617,-0.447,-0.130,0.559,0.912,0.175,14
$GNSS,2025-05-04T08:17:18.450Z,27.4091924,103.2443731,3146.829,-0.423,-0.202,-0.101,0.558,0.912,0.197,15
$GNSS,2025-05-04T08:17:18.500Z,27.4091922,103.2443730,3146.815,-0.447,-0.204,-0.048,0.558,0.912,0.183,15
$GNSS,2025-05-04T08:17:18.550Z,27.4091921,103.2443728,3146.795,-0.308,-0.367,0.058,0.558,0.911,0.134,15
$GNSS,2025-05-04T08:17:18.600Z,27.4091920,103.2443726,3146.786,-0.146,-0.271,0.110,0.558,0.911,0.125,15
$GNSS,2025-05-04T08:17:18.650Z,27.4091919,103.2443725,3146.779,-0.250,-0.100,0.095,0.558,0.910,0.159,15
$GNSS,2025-05-04T08:17:18.700Z,27.4091916,103.2443725,3146.790,-0.587,0.020,-0.105,0.558,0.910,0.205,15
$GNSS,2025-05-04T08:17:18.750Z,27.4091912,103.2443725,3146.803,-0.802,0.196,-0.172,0.558,0.910,0.215,15
$GNSS,2025-05-04T08:17:18.800Z,27.4091912,103.2443724,3146.793,-0.208,-0.080,-0.006,0.558,0.910,0.157,16
$GNSS,2025-05-04T08:17:18.850Z,27.4091912,103.2443724,3146.771,-0.054,-0.070,0.103,0.558,0.909,0.161,16
$GNSS,2025-05-04T08:17:18.900Z,27.4091911,103.2443724,3146.745,-0.049,-0.007,0.206,0.558,0.909,0.204,16
$GNSS,2025-05-04T08:17:18.950Z,27.4091910,103.2443724,3146.746,-0.229,0.108,0.074,0.558,0.909,0.181,16
$GNSS,2025-05-04T08:17:19.000Z,27.4091909,103.2443725,3146.748,-0.208,0.145,0.048,0.558,0.909,0.206,16
$GNSS,2025-05-04T08:17:19.050Z,27.4091908,103.2443725,3146.757,-0.197,0.204,0.108,0.558,0.909,0.203,16
$GNSS,2025-05-04T08:17:19.100Z,27.4091907,103.2443726,3146.747,-0.183,0.140,0.096,0.558,0.908,0.192,16
$GNSS,2025-05-04T08:17:19.150Z,27.4091906,103.2443726,3146.734,-0.135,0.114,0.089,0.557,0.908,0.191,16
$GNSS,2025-05-04T08:17:19.200Z,27.4091906,103.2443727,3146.725,-0.094,0.262,0.135,0.557,0.908,0.184,16
$GNSS,2025-05-04T08:17:19.250Z,27.4091905,103.2443729,3146.741,-0.148,0.459,0.069,0.557,0.907,0.182,16
$GNSS,2025-05-04T08:17:19.300Z,27.4091904,103.2443731,3146.731,-0.032,0.404,0.139,0.557,0.907,0.179,16
$GNSS,2025-05-04T08:17:19.350Z,27.4091904,103.2443734,3146.717,-0.050,0.502,0.136,0.557,0.907,0.180,16
$GNSS,2025-05-04T08:17:19.400Z,27.4091903,103.2443737,3146.721,-0.148,0.673,0.035,0.557,0.906,0.191,16
$GNSS,2025-05-04T08:17:19.450Z,27.4091902,103.2443740,3146.734,-0.165,0.615,0.013,0.557,0.906,0.199,15
$GNSS,2025-05-04T08:17:19.550Z,27.4091900,103.2443744,3146.721,-0.169,0.368,0.192,0.558,0.906,0.224,15
$GNSS,2025-05-04T08:17:19.600Z,27.4091897,103.2443746,3146.707,-0.368,0.470,0.277,0.557,0.906,0.212,15
$GNSS,2025-05-04T08:17:19.650Z,27.4091896,103.2443748,3146.687,-0.327,0.399,0.326,0.557,0.906,0.214,15
$GNSS,2025-05-04T08:17:19.700Z,27.4091895,103.2443749,3146.687,-0.113,0.295,0.201,0.557,0.906,0.196,16
$GNSS,2025-05-04T08:17:19.750Z,27.4091894,103.2443750,3146.708,-0.109,0.282,-0.017,0.557,0.906,0.176,16
$GNSS,2025-05-04T08:17:19.800Z,27.4091893,103.2443750,3146.694,-0.135,0.051,0.097,0.556,0.906,0.188,16
$GNSS,2025-05-04T08:17:19.850Z,27.4091893,103.2443750,3146.676,-0.105,-0.030,0.208,0.556,0.906,0.196,16
$GNSS,2025-05-04T08:17:19.900Z,27.4091892,103.2443750,3146.669,-0.095,0.023,0.207,0.556,0.906,0.206,16
$GNSS,2025-05-04T08:17:19.950Z,27.4091891,103.2443751,3146.667,-0.160,0.132,0.218,0.555,0.906,0.199,16
$GNSS,2025-05-04T08:17:20.000Z,27.4091890,103.2443751,3146.668,-0.254,0.072,0.225,0.555,0.906,0.198,16
$GNSS,2025-05-04T08:17:20.050Z,27.4091888,103.2443750,3146.664,-0.378,0.066,0.226,0.555,0.906,0.201,16
$GNSS,2025-05-04T08:17:20.100Z,27.4091886,103.2443750,3146.662,-0.443,0.004,0.172,0.555,0.905,0.201,16
$GNSS,2025-05-04T08:17:20.150Z,27.4091885,103.2443749,3146.649,-0.380,-0.177,0.136,0.555,0.905,0.176,16
$GNSS,2025-05-04T08:17:20.200Z,27.4091883,103.2443747,3146.660,-0.339,-0.218,0.117,0.554,0.904,0.157,16
$GNSS,2025-05-04T08:17:20.250Z,27.4091881,103.2443746,3146.654,-0.461,-0.160,0.135,0.554,0.904,0.180,16
$GNSS,2025-05-04T08:17:20.300Z,27.4091878,103.2443745,3146.646,-0.531,-0.259,0.054,0.554,0.904,0.165,16
$GNSS,2025-05-04T08:17:20.350Z,27.4091876,103.2443744,3146.644,-0.466,-0.192,0.045,0.554,0.904,0.173,16
$GNSS,2025-05-04T08:17:20.400Z,27.4091874,103.2443743,3146.632,-0.511,-0.177,0.226,0.554,0.903,0.207,14
$GNSS,2025-05-04T08:17:20.450Z,27.4091870,103.2443741,3146.652,-0.673,-0.177,0.219,0.554,0.903,0.209,15
$GNSS,2025-05-04T08:17:20.500Z,27.4091868,103.2443740,3146.692,-0.655,-0.018,0.028,0.554,0.903,0.263,15
$GNSS,2025-05-04T08:17:20.550Z,27.4091865,103.2443739,3146.689,-0.652,-0.097,0.064,0.554,0.902,0.244,16
$GNSS,2025-05-04T08:17:20.600Z,27.4091863,103.2443739,3146.671,-0.694,-0.023,0.103,0.554,0.902,0.229,16
$GNSS,2025-05-04T08:17:20.650Z,27.4091860,103.2443739,3146.660,-0.717,0.072,-0.004,0.554,0.902,0.189,16
$GNSS,2025-05-04T08:17:20.700Z,27.4091858,103.2443740,3146.637,-0.426,0.193,0.229,0.554,0.902,0.240,16
$GNSS,2025-05-04T08:17:20.750Z,27.4091858,103.2443740,3146.628,-0.149,0.094,0.321,0.554,0.902,0.237,16
$GNSS,2025-05-04T08:17:20.800Z,27.4091859,103.2443739,3146.629,0.149,-0.168,0.249,0.553,0.901,0.215,16
$GNSS,2025-05-04T08:17:20.850Z,27.4091858,103.2443740,3146.637,-0.164,0.172,0.171,0.554,0.901,0.220,15
$GNSS,2025-05-04T08:17:20.900Z,27.4091854,103.2443742,3146.652,-0.526,0.365,-0.001,0.554,0.901,0.258,15
$GNSS,2025-05-04T08:17:20.950Z,27.4091853,103.2443742,3146.627,-0.246,0.014,0.147,0.554,0.901,0.231,14
$GNSS,2025-05-04T08:17:21.000Z,27.4091852,103.2443741,3146.622,-0.064,-0.139,0.101,0.554,0.901,0.150,15
$GNSS,2025-05-04T08:17:21.050Z,27.4091850,103.2443742,3146.631,-0.107,0.039,-0.019,0.554,0.900,0.228,15
$GNSS,2025-05-04T08:17:21.100Z,27.4091849,103.2443742,3146.645,-0.088,0.109,-0.042,0.554,0.900,0.190,15
$GNSS,2025-05-04T08:17:21.150Z,27.4091849,103.2443742,3146.657,0.032,-0.001,-0.049,0.553,0.900,0.213,15
$GNSS,2025-05-04T08:17:21.200Z,27.4091848,103.2443742,3146.680,-0.026,0.015,-0.188,0.553,0.900,0.228,15
$GNSS,2025-05-04T08:17:21.250Z,27.4091847,103.2443742,3146.704,0.080,0.004,-0.247,0.553,0.899,0.211,15
$GNSS,2025-05-04T08:17:21.300Z,27.4091847,103.2443743,3146.727,-0.032,0.117,-0.256,0.553,0.899,0.204,15
$GNSS,2025-05-04T08:17:21.350Z,27.4091846,103.2443744,3146.749,-0.027,0.180,-0.272,0.554,0.899,0.194,15
$GNSS,2025-05-04T08:17:21.400Z,27.4091845,103.2443744,3146.774,-0.069,0.072,-0.311,0.554,0.899,0.239,15
$GNSS,2025-05-04T08:17:21.450Z,27.4091845,103.2443744,3146.786,-0.007,0.006,-0.275,0.554,0.899,0.228,15
$GNSS,2025-05-04T08:17:21.500Z,27.4091846,103.2443743,3146.816,0.149,-0.050,-0.373,0.554,0.898,0.207,15
$GNSS,2025-05-04T08:17:21.550Z,27.4091846,103.2443744,3146.833,0.200,0.120,-0.359,0.554,0.898,0.191,15
$GNSS,2025-05-04T08:17:21.600Z,27.4091849,103.2443745,3146.838,0.508,0.140,-0.218,0.554,0.898,0.194,15
$GNSS,2025-05-04T08:17:21.650Z,27.4091850,103.2443746,3146.839,0.304,0.216,-0.120,0.554,0.898,0.164,15
$GNSS,2025-05-04T08:17:21.700Z,27.4091851,103.2443747,3146.840,0.165,0.239,-0.102,0.554,0.898,0.143,15
$GNSS,2025-05-04T08:17:21.750Z,27.4091852,103.2443749,3146.841,0.158,0.422,-0.174,0.554,0.897,0.145,14
$GNSS,2025-05-04T08:17:21.800Z,27.4091853,103.2443752,3146.849,0.227,0.648,-0.178,0.554,0.897,0.144,15
$GNSS,2025-05-04T08:17:21.850Z,27.4091855,103.2443754,3146.901,0.316,0.542,-0.260,0.554,0.897,0.143,16
$GNSS,2025-05-04T08:17:21.900Z,27.4091857,103.2443756,3146.900,0.445,0.492,-0.054,0.553,0.897,0.139,15
$GNSS,2025-05-04T08:17:21.950Z,27.4091859,103.2443758,3146.905,0.333,0.413,-0.097,0.553,0.897,0.137,15
$GNSS,2025-05-04T08:17:22.000Z,27.4091860,103.2443761,3146.889,0.087,0.496,-0.026,0.553,0.897,0.145,15
$GNSS,2025-05-04T08:17:22.050Z,27.4091860,103.2443763,3146.881,-0.021,0.526,0.008,0.553,0.897,0.167,15
$GNSS,2025-05-04T08:17:22.100Z,27.4091861,103.2443765,3146.885,0.056,0.520,0.037,0.553,0.897,0.165,15
$GNSS,2025-05-04T08:17:22.150Z,27.4091861,103.2443767,3146.898,0.097,0.497,-0.048,0.553,0.897,0.153,15
$GNSS,2025-05-04T08:17:22.200Z,27.4091862,103.2443769,3146.865,0.025,0.370,0.079,0.553,0.897,0.169,16
$GNSS,2025-05-04T08:17:22.250Z,27.4091863,103.2443770,3146.825,0.165,0.176,0.197,0.553,0.896,0.208,16
$GNSS,2025-05-04T08:17:22.300Z,27.4091863,103.2443771,3146.835,0.025,0.322,0.037,0.553,0.896,0.156,16
$GNSS,2025-05-04T08:17:22.350Z,27.4091864,103.2443771,3146.839,-0.040,0.202,0.021,0.553,0.896,0.174,15
$GNSS,2025-05-04T08:17:22.400Z,27.4091863,103.2443772,3146.815,-0.252,0.224,0.131,0.554,0.896,0.240,15
$GNSS,2025-05-04T08:17:22.450Z,27.4091861,103.2443773,3146.793,-0.311,0.153,0.134,0.554,0.896,0.229,15
$GNSS,2025-05-04T08:17:22.500Z,27.4091860,103.2443773,3146.785,-0.325,0.126,0.146,0.554,0.896,0.225,15
$GNSS,2025-05-04T08:17:22.550Z,27.4091857,103.2443773,3146.821,-0.610,0.081,-0.168,0.554,0.896,0.259,15
$GNSS,2025-05-04T08:17:22.600Z,27.4091855,103.2443773,3146.842,-0.648,0.098,-0.211,0.554,0.896,0.260,15
$GNSS,2025-05-04T08:17:22.650Z,27.4091854,103.2443773,3146.826,-0.403,0.078,-0.064,0.554,0.896,0.258,14
$GNSS,2025-05-04T08:17:22.700Z,27.4091853,103.2443774,3146.792,-0.268,0.090,0.104,0.554,0.896,0.240,15
$GNSS,2025-05-04T08:17:22.750Z,27.4091853,103.2443775,3146.787,-0.193,0.145,0.041,0.555,0.895,0.239,15
$GNSS,2025-05-04T08:17:22.800Z,27.4091853,103.2443776,3146.800,-0.021,0.378,-0.028,0.555,0.895,0.154,15
$GNSS,2025-05-04T08:17:22.850Z,27.4091854,103.2443776,3146.818,-0.026,0.249,-0.113,0.555,0.895,0.160,15
$GNSS,2025-05-04T08:17:22.900Z,27.4091854,103.2443777,3146.814,-0.064,0.175,-0.060,0.555,0.895,0.175,14
$GNSS,2025-05-04T08:17:22.950Z,27.4091853,103.2443777,3146.808,-0.229,0.183,-0.056,0.555,0.895,0.210,14
$GNSS,2025-05-04T08:17:23.000Z,27.4091853,103.2443779,3146.808,-0.175,0.296,-0.088,0.555,0.895,0.186,15
$GNSS,2025-05-04T08:17:23.050Z,27.4091854,103.2443780,3146.810,-0.039,0.301,-0.064,0.555,0.895,0.160,15
$GNSS,2025-05-04T08:17:23.100Z,27.4091856,103.2443782,3146.795,0.316,0.392,0.059,0.554,0.895,0.176,15
$GNSS,2025-05-04T08:17:23.150Z,27.4091859,103.2443784,3146.788,0.455,0.556,0.042,0.554,0.895,0.170,16
$GNSS,2025-05-04T08:17:23.200Z,27.4091861,103.2443786,3146.827,0.399,0.603,-0.250,0.555,0.894,0.146,15
$GNSS,2025-05-04T08:17:23.250Z,27.4091861,103.2443787,3146.830,0.037,0.384,-0.225,0.555,0.894,0.166,14
$GNSS,2025-05-04T08:17:23.300Z,27.4091860,103.2443789,3146.823,-0.186,0.232,-0.237,0.555,0.894,0.249,15
$GNSS,2025-05-04T08:17:23.350Z,27.4091861,103.2443789,3146.823,0.117,0.205,-0.229,0.556,0.895,0.227,14
$GNSS,2025-05-04T08:17:23.400Z,27.4091861,103.2443792,3146.834,0.058,0.542,-0.277,0.556,0.895,0.232,14
$GNSS,2025-05-04T08:17:23.450Z,27.4091860,103.2443795,3146.859,-0.219,0.682,-0.357,0.557,0.895,0.233,14
$GNSS,2025-05-04T08:17:23.500Z,27.4091859,103.2443798,3146.844,-0.293,0.526,-0.148,0.557,0.896,0.215,14
$GNSS,2025-05-04T08:17:23.550Z,27.4091858,103.2443799,3146.826,-0.360,0.240,-0.040,0.557,0.896,0.276,14
$GNSS,2025-05-04T08:17:23.600Z,27.4091855,103.2443799,3146.790,-0.553,-0.073,0.154,0.558,0.896,0.210,14
$GNSS,2025-05-04T08:17:23.650Z,27.4091854,103.2443799,3146.793,-0.310,0.197,0.014,0.558,0.896,0.273,13
$GNSS,2025-05-04T08:17:23.700Z,27.4091854,103.2443799,3146.824,-0.248,0.306,-0.189,0.559,0.896,0.248,13
$GNSS,2025-05-04T08:17:23.750Z,27.4091853,103.2443799,3146.825,-0.204,0.181,-0.089,0.559,0.896,0.247,14
$GNSS,2025-05-04T08:17:23.800Z,27.4091854,103.2443799,3146.803,0.002,-0.095,0.112,0.559,0.896,0.217,13
$GNSS,2025-05-04T08:17:23.850Z,27.4091852,103.2443798,3146.802,-0.222,-0.124,0.029,0.559,0.896,0.196,13
$GNSS,2025-05-04T08:17:23.900Z,27.4091850,103.2443797,3146.806,-0.612,-0.141,-0.022,0.559,0.896,0.220,13
$GNSS,2025-05-04T08:17:23.950Z,27.4091845,103.2443796,3146.824,-1.057,-0.045,-0.183,0.559,0.896,0.214,14
$GNSS,2025-05-04T08:17:24.000Z,27.4091843,103.2443796,3146.849,-0.572,0.042,-0.299,0.559,0.896,0.221,14
$GNSS,2025-05-04T08:17:24.050Z,27.4091843,103.2443794,3146.874,-0.194,-0.178,-0.291,0.559,0.896,0.279,14
$GNSS,2025-05-04T08:17:24.100Z,27.4091840,103.2443793,3146.843,-0.630,-0.314,-0.009,0.559,0.896,0.184,15
$GNSS,2025-05-04T08:17:24.150Z,27.4091836,103.2443793,3146.786,-0.918,-0.137,0.254,0.559,0.896,0.184,15
$GNSS,2025-05-04T08:17:24.200Z,27.4091835,103.2443793,3146.786,-0.404,0.167,0.085,0.559,0.896,0.197,15
$GNSS,2025-05-04T08:17:24.250Z,27.4091836,103.2443792,3146.816,-0.001,0.008,-0.162,0.560,0.897,0.314,15
$GNSS,2025-05-04T08:17:24.300Z,27.4091835,103.2443789,3146.836,-0.285,-0.315,-0.224,0.560,0.897,0.232,15
$GNSS,2025-05-04T08:17:24.350Z,27.4091834,103.2443787,3146.837,-0.219,-0.373,-0.166,0.560,0.897,0.204,15
$GNSS,2025-05-04T08:17:24.400Z,27.4091834,103.2443786,3146.821,-0.154,-0.162,0.009,0.559,0.897,0.166,14
$GNSS,2025-05-04T08:17:24.450Z,27.4091833,103.2443786,3146.806,-0.253,-0.054,0.124,0.559,0.897,0.170,14
$GNSS,2025-05-04T08:17:24.500Z,27.4091833,103.2443785,3146.812,-0.166,-0.111,0.040,0.559,0.897,0.142,14
$GNSS,2025-05-04T08:17:24.550Z,27.4091831,103.2443785,3146.845,-0.344,-0.012,-0.207,0.559,0.898,0.233,15
$GNSS,2025-05-04T08:17:24.600Z,27.4091830,103.2443785,3146.860,-0.384,0.031,-0.239,0.558,0.898,0.255,15
$GNSS,2025-05-04T08:17:24.650Z,27.4091830,103.2443784,3146.886,-0.105,0.009,-0.374,0.558,0.898,0.335,15
$GNSS,2025-05-04T08:17:24.700Z,27.4091829,103.2443784,3146.883,-0.136,-0.058,-0.269,0.558,0.899,0.321,15
$GNSS,2025-05-04T08:17:24.750Z,27.4091829,103.2443784,3146.881,0.005,-0.042,-0.194,0.558,0.899,0.308,15
$GNSS,2025-05-04T08:17:24.800Z,27.4091830,103.2443784,3146.870,0.024,-0.018,-0.121,0.558,0.899,0.290,16
$GNSS,2025-05-04T08:17:24.850Z,27.4091827,103.2443785,3146.885,-0.462,0.212,-0.214,0.558,0.898,0.219,14
$GNSS,2025-05-04T08:17:24.900Z,27.4091826,103.2443786,3146.913,-0.378,0.352,-0.353,0.558,0.899,0.238,14
$GNSS,2025-05-04T08:17:24.950Z,27.4091824,103.2443784,3146.980,-0.408,-0.127,-0.770,0.558,0.899,0.284,15
$GNSS,2025-05-04T08:17:25.000Z,27.4091824,103.2443781,3146.998,-0.201,-0.535,-0.654,0.558,0.899,0.279,15
$GNSS,2025-05-04T08:17:25.050Z,27.4091824,103.2443780,3147.034,-0.012,-0.319,-0.746,0.558,0.899,0.299,15
$GNSS,2025-05-04T08:17:25.100Z,27.4091824,103.2443779,3147.121,0.047,0.047,-1.135,0.558,0.899,0.296,15
$GNSS,2025-05-04T08:17:25.150Z,27.4091823,103.2443777,3147.111,-0.250,-0.491,-0.638,0.558,0.899,0.294,14
$GNSS,2025-05-04T08:17:25.200Z,27.4091823,103.2443775,3147.072,-0.224,-0.515,-0.174,0.558,0.899,0.229,14
$GNSS,2025-05-04T08:17:25.250Z,27.4091820,103.2443773,3147.027,-0.606,-0.525,0.159,0.558,0.899,0.226,15
$GNSS,2025-05-04T08:17:25.300Z,27.4091822,103.2443771,3147.027,0.271,-0.268,0.101,0.558,0.899,0.197,15
$GNSS,2025-05-04T08:17:25.350Z,27.4091820,103.2443768,3147.024,-0.342,-0.582,0.135,0.558,0.899,0.194,16
$GNSS,2025-05-04T08:17:25.400Z,27.4091818,103.2443763,3147.046,-0.498,-0.765,-0.046,0.558,0.899,0.198,16
$GNSS,2025-05-04T08:17:25.450Z,27.4091816,103.2443760,3147.065,-0.243,-0.534,-0.205,0.558,0.899,0.219,16
$GNSS,2025-05-04T08:17:25.500Z,27.4091817,103.2443756,3147.102,0.060,-0.767,-0.425,0.558,0.899,0.252,16
$GNSS,2025-05-04T08:17:25.550Z,27.4091817,103.2443752,3147.138,-0.040,-0.572,-0.600,0.558,0.899,0.297,15
$GNSS,2025-05-04T08:17:25.600Z,27.4091815,103.2443751,3147.139,-0.289,-0.182,-0.440,0.558,0.899,0.301,16
$GNSS,2025-05-04T08:17:25.650Z,27.4091815,103.2443750,3147.138,-0.065,-0.273,-0.323,0.558,0.900,0.291,15
$GNSS,2025-05-04T08:17:25.700Z,27.4091814,103.2443749,3147.118,-0.193,-0.265,-0.090,0.558,0.900,0.221,15
$GNSS,2025-05-04T08:17:25.750Z,27.4091813,103.2443747,3147.085,-0.326,-0.308,0.137,0.558,0.900,0.209,15
$GNSS,2025-05-04T08:17:25.800Z,27.4091812,103.2443745,3147.075,-0.273,-0.284,0.089,0.558,0.900,0.208,15
$GNSS,2025-05-04T08:17:25.850Z,27.4091813,103.2443744,3147.113,0.035,-0.068,-0.216,0.558,0.901,0.319,15
$GNSS,2025-05-04T08:17:25.900Z,27.4091814,103.2443743,3147.129,-0.024,-0.105,-0.238,0.558,0.901,0.312,16
$GNSS,2025-05-04T08:17:25.950Z,27.4091813,103.2443742,3147.142,-0.152,-0.169,-0.223,0.558,0.901,0.284,14
$GNSS,2025-05-04T08:17:26.000Z,27.4091812,103.2443740,3147.155,-0.264,-0.285,-0.231,0.558,0.901,0.257,14
$GNSS,2025-05-04T08:17:26.050Z,27.4091810,103.2443739,3147.179,-0.470,-0.083,-0.369,0.558,0.901,0.283,15
$GNSS,2025-05-04T08:17:26.100Z,27.4091808,103.2443739,3147.178,-0.440,-0.050,-0.277,0.558,0.902,0.273,15
$GNSS,2025-05-04T08:17:26.150Z,27.4091806,103.2443740,3147.175,-0.516,0.212,-0.181,0.558,0.902,0.243,16
$GNSS,2025-05-04T08:17:26.200Z,27.4091806,103.2443741,3147.154,-0.046,0.237,-0.020,0.558,0.902,0.191,15
$GNSS,2025-05-04T08:17:26.250Z,27.4091806,103.2443743,3147.130,-0.074,0.375,0.074,0.558,0.902,0.210,15
$GNSS,2025-05-04T08:17:26.300Z,27.4091804,103.2443746,3147.177,-0.219,0.615,-0.302,0.559,0.902,0.207,14
$GNSS,2025-05-04T08:17:26.350Z,27.4091801,103.2443746,3147.187,-0.547,0.127,-0.241,0.559,0.903,0.296,13
$GNSS,2025-05-04T08:17:26.400Z,27.4091797,103.2443748,3147.137,-0.819,0.242,0.157,0.559,0.902,0.269,14
$GNSS,2025-05-04T08:17:26.450Z,27.4091798,103.2443748,3147.081,-0.055,0.135,0.495,0.559,0.903,0.300,14
$GNSS,2025-05-04T08:17:26.500Z,27.4091799,103.2443749,3147.045,0.157,0.108,0.615,0.559,0.903,0.343,14
$GNSS,2025-05-04T08:17:26.550Z,27.4091798,103.2443750,3147.063,-0.066,0.317,0.376,0.559,0.904,0.284,14
$GNSS,2025-05-04T08:17:26.600Z,27.4091798,103.2443750,3147.097,-0.055,-0.017,0.083,0.560,0.904,0.310,14
$GNSS,2025-05-04T08:17:26.650Z,27.4091797,103.2443749,3147.147,-0.191,-0.074,-0.191,0.560,0.905,0.325,14
$GNSS,2025-05-04T08:17:26.700Z,27.4091795,103.2443747,3147.132,-0.477,-0.319,-0.005,0.560,0.905,0.242,13
$GNSS,2025-05-04T08:17:26.750Z,27.4091793,103.2443746,3147.109,-0.595,-0.201,0.131,0.560,0.905,0.274,14
$GNSS,2025-05-04T08:17:26.800Z,27.4091791,103.2443745,3147.055,-0.469,-0.206,0.423,0.561,0.906,0.254,14
$GNSS,2025-05-04T08:17:26.850Z,27.4091791,103.2443741,3147.059,-0.174,-0.614,0.267,0.561,0.906,0.193,15
$GNSS,2025-05-04T08:17:26.900Z,27.4091787,103.2443738,3147.090,-0.715,-0.561,0.016,0.561,0.906,0.219,15
$GNSS,2025-05-04T08:17:26.950Z,27.4091784,103.2443735,3147.149,-0.595,-0.409,-0.350,0.561,0.907,0.299,15
$GNSS,2025-05-04T08:17:27.000Z,27.4091779,103.2443733,3147.181,-1.028,-0.414,-0.427,0.561,0.907,0.321,15
$GNSS,2025-05-04T08:17:27.050Z,27.4091777,103.2443731,3147.268,-0.503,-0.190,-0.863,0.561,0.908,0.349,15
$GNSS,2025-05-04T08:17:27.100Z,27.4091778,103.2443729,3147.351,-0.009,-0.277,-1.053,0.561,0.908,0.357,14
$GNSS,2025-05-04T08:17:27.150Z,27.4091777,103.2443728,3147.360,-0.357,-0.149,-0.713,0.561,0.909,0.344,15
$GNSS,2025-05-04T08:17:27.200Z,27.4091776,103.2443728,3147.378,-0.324,0.097,-0.564,0.561,0.909,0.355,15
$GNSS,2025-05-04T08:17:27.250Z,27.4091775,103.2443728,3147.349,-0.187,-0.007,-0.212,0.561,0.910,0.332,13
$GNSS,2025-05-04T08:17:27.300Z,27.4091778,103.2443727,3147.292,0.340,-0.151,0.202,0.561,0.910,0.277,13
$GNSS,2025-05-04T08:17:27.350Z,27.4091778,103.2443726,3147.302,0.190,-0.008,0.079,0.561,0.910,0.276,14
$GNSS,2025-05-04T08:17:27.400Z,27.4091774,103.2443726,3147.299,-0.691,0.076,0.085,0.561,0.911,0.241,13
$GNSS,2025-05-04T08:17:27.450Z,27.4091773,103.2443729,3147.334,-0.326,0.431,-0.130,0.562,0.911,0.223,13
$GNSS,2025-05-04T08:17:27.500Z,27.4091777,103.2443732,3147.331,0.584,0.617,-0.050,0.562,0.912,0.281,13
$GNSS,2025-05-04T08:17:27.550Z,27.4091776,103.2443733,3147.283,-0.083,0.384,0.239,0.562,0.912,0.277,13
$GNSS,2025-05-04T08:17:27.600Z,27.4091775,103.2443735,3147.313,-0.245,0.385,-0.030,0.562,0.913,0.202,13
$GNSS,2025-05-04T08:17:27.650Z,27.4091772,103.2443735,3147.302,-0.627,0.177,0.013,0.562,0.913,0.247,13
$GNSS,2025-05-04T08:17:27.700Z,27.4091767,103.2443737,3147.280,-0.939,0.382,0.166,0.562,0.913,0.242,14
$GNSS,2025-05-04T08:17:27.750Z,27.4091765,103.2443739,3147.254,-0.446,0.258,0.297,0.562,0.914,0.268,14
$GNSS,2025-05-04T08:17:27.800Z,27.4091764,103.2443738,3147.250,-0.227,-0.100,0.223,0.563,0.914,0.311,14
$GNSS,2025-05-04T08:17:27.850Z,27.4091763,103.2443738,3147.275,-0.161,0.005,0.014,0.563,0.914,0.285,13
$GNSS,2025-05-04T08:17:27.900Z,27.4091760,103.2443739,3147.316,-0.500,0.111,-0.214,0.563,0.914,0.266,14
$GNSS,2025-05-04T08:17:27.950Z,27.4091760,103.2443738,3147.310,-0.230,-0.129,-0.102,0.563,0.914,0.263,14
$GNSS,2025-05-04T08:17:28.000Z,27.4091761,103.2443735,3147.332,0.089,-0.482,-0.295,0.563,0.914,0.228,14
$GNSS,2025-05-04T08:17:28.050Z,27.4091759,103.2443733,3147.345,-0.291,-0.445,-0.384,0.564,0.915,0.286,13
$GNSS,2025-05-04T08:17:28.100Z,27.4091758,103.2443733,3147.328,-0.362,-0.010,-0.189,0.564,0.915,0.341,13
$GNSS,2025-05-04T08:17:28.150Z,27.4091757,103.2443734,3147.309,-0.315,0.101,-0.010,0.564,0.915,0.280,14
$GNSS,2025-05-04T08:17:28.200Z,27.4091756,103.2443733,3147.323,-0.208,-0.001,-0.084,0.565,0.915,0.286,14
$GNSS,2025-05-04T08:17:28.250Z,27.4091756,103.2443731,3147.343,-0.161,-0.393,-0.152,0.565,0.916,0.225,14
$GNSS,2025-05-04T08:17:28.300Z,27.4091758,103.2443728,3147.356,0.078,-0.533,-0.141,0.564,0.916,0.196,15
$GNSS,2025-05-04T08:17:28.350Z,27.4091758,103.2443725,3147.370,0.077,-0.585,-0.185,0.564,0.915,0.195,15
$GNSS,2025-05-04T08:17:28.400Z,27.4091757,103.2443722,3147.340,-0.317,-0.594,0.057,0.565,0.915,0.181,15
$GNSS,2025-05-04T08:17:28.450Z,27.4091754,103.2443720,3147.282,-0.555,-0.410,0.450,0.565,0.915,0.210,15
$GNSS,2025-05-04T08:17:28.500Z,27.4091755,103.2443719,3147.325,-0.091,-0.188,0.011,0.565,0.915,0.174,15
$GNSS,2025-05-04T08:17:28.550Z,27.4091754,103.2443717,3147.384,-0.136,-0.202,-0.403,0.565,0.915,0.288,15
$GNSS,2025-05-04T08:17:28.600Z,27.4091753,103.2443716,3147.403,-0.369,-0.164,-0.408,0.565,0.915,0.283,15
$GNSS,2025-05-04T08:17:28.650Z,27.4091752,103.2443714,3147.398,-0.382,-0.262,-0.245,0.564,0.915,0.269,14
$GNSS,2025-05-04T08:17:28.700Z,27.4091752,103.2443714,3147.376,-0.254,-0.139,0.003,0.564,0.915,0.228,14
$GNSS,2025-05-04T08:17:28.750Z,27.4091751,103.2443712,3147.378,-0.327,-0.250,-0.023,0.564,0.915,0.257,14
$GNSS,2025-05-04T08:17:28.800Z,27.4091750,103.2443710,3147.383,-0.292,-0.256,-0.040,0.565,0.915,0.264,13
$GNSS,2025-05-04T08:17:28.850Z,27.4091749,103.2443709,3147.383,-0.271,-0.258,-0.036,0.565,0.916,0.259,14
$GNSS,2025-05-04T08:17:28.900Z,27.4091749,103.2443708,3147.372,-0.275,-0.069,0.055,0.564,0.915,0.221,14
$GNSS,2025-05-04T08:17:28.950Z,27.4091747,103.2443708,3147.362,-0.369,0.060,0.098,0.565,0.915,0.257,14
$GNSS,2025-05-04T08:17:29.000Z,27.4091746,103.2443709,3147.414,-0.210,0.261,-0.298,0.565,0.915,0.299,15
$GNSS,2025-05-04T08:17:29.050Z,27.4091745,103.2443709,3147.425,-0.279,-0.024,-0.242,0.565,0.915,0.318,15
$GNSS,2025-05-04T08:17:29.100Z,27.4091748,103.2443709,3147.442,0.270,-0.051,-0.250,0.565,0.915,0.286,15
$GNSS,2025-05-04T08:17:29.150Z,27.4091750,103.2443707,3147.452,0.316,-0.219,-0.204,0.565,0.915,0.312,15
$GNSS,2025-05-04T08:17:29.200Z,27.4091748,103.2443708,3147.452,-0.266,0.136,-0.179,0.565,0.915,0.279,15
$GNSS,2025-05-04T08:17:29.250Z,27.4091749,103.2443709,3147.428,-0.025,0.203,0.015,0.565,0.916,0.176,15
$GNSS,2025-05-04T08:17:29.300Z,27.4091746,103.2443710,3147.386,-0.621,0.207,0.302,0.565,0.916,0.282,15
$GNSS,2025-05-04T08:17:29.350Z,27.4091743,103.2443710,3147.388,-0.669,0.089,0.128,0.565,0.916,0.233,14
$GNSS,2025-05-04T08:17:29.400Z,27.4091743,103.2443709,3147.424,-0.225,-0.182,-0.204,0.565,0.916,0.263,14
$GNSS,2025-05-04T08:17:29.450Z,27.4091743,103.2443708,3147.457,0.165,-0.158,-0.364,0.565,0.916,0.295,14
$GNSS,2025-05-04T08:17:29.550Z,27.4091741,103.2443709,3147.466,-0.231,0.091,-0.166,0.566,0.918,0.313,14
$GNSS,2025-05-04T08:17:29.600Z,27.4091741,103.2443709,3147.444,-0.150,0.075,-0.012,0.566,0.918,0.197,15
$GNSS,2025-05-04T08:17:29.650Z,27.4091740,103.2443709,3147.446,-0.059,-0.014,-0.049,0.565,0.918,0.268,15
$GNSS,2025-05-04T08:17:29.700Z,27.4091740,103.2443709,3147.458,-0.057,-0.058,-0.116,0.565,0.919,0.315,15
$GNSS,2025-05-04T08:17:29.750Z,27.4091739,103.2443708,3147.451,-0.020,-0.130,-0.027,0.565,0.919,0.189,15
$GNSS,2025-05-04T08:17:29.800Z,27.4091738,103.2443707,3147.457,-0.093,-0.150,-0.073,0.565,0.919,0.220,15
$GNSS,2025-05-04T08:17:29.850Z,27.4091738,103.2443706,3147.450,0.020,-0.170,-0.035,0.565,0.919,0.177,15
$GNSS,2025-05-04T08:17:29.900Z,27.4091739,103.2443706,3147.442,0.106,-0.156,0.011,0.565,0.919,0.180,15
$GNSS,2025-05-04T08:17:29.950Z,27.4091738,103.2443704,3147.426,-0.081,-0.239,0.107,0.565,0.919,0.179,14
$GNSS,2025-05-04T08:17:30.000Z,27.4091738,103.2443702,3147.445,-0.129,-0.379,-0.086,0.565,0.920,0.199,15
$GNSS,2025-05-04T08:17:30.050Z,27.4091737,103.2443700,3147.459,-0.026,-0.400,-0.192,0.565,0.920,0.230,15
$GNSS,2025-05-04T08:17:30.100Z,27.4091737,103.2443698,3147.456,-0.130,-0.340,-0.168,0.565,0.920,0.253,15
$GNSS,2025-05-04T08:17:30.150Z,27.4091737,103.2443697,3147.455,0.039,-0.241,-0.149,0.565,0.920,0.255,13
$GNSS,2025-05-04T08:17:30.200Z,27.4091738,103.2443695,3147.448,0.052,-0.289,-0.041,0.566,0.921,0.210,13
$GNSS,2025-05-04T08:17:30.250Z,27.4091740,103.2443693,3147.454,0.211,-0.340,-0.047,0.566,0.922,0.208,13
$GNSS,2025-05-04T08:17:30.300Z,27.4091743,103.2443693,3147.480,0.499,0.003,-0.180,0.566,0.922,0.216,13
$GNSS,2025-05-04T08:17:30.350Z,27.4091744,103.2443693,3147.481,0.247,-0.069,-0.185,0.566,0.922,0.252,14
$GNSS,2025-05-04T08:17:30.400Z,27.4091744,103.2443693,3147.481,-0.037,-0.019,-0.191,0.565,0.922,0.300,15
$GNSS,2025-05-04T08:17:30.450Z,27.4091743,103.2443692,3147.483,-0.369,-0.200,-0.157,0.565,0.922,0.215,15
$GNSS,2025-05-04T08:17:30.500Z,27.4091742,103.2443691,3147.482,-0.221,-0.111,-0.067,0.565,0.922,0.200,15
$GNSS,2025-05-04T08:17:30.550Z,27.4091740,103.2443691,3147.484,-0.148,-0.015,-0.044,0.565,0.922,0.218,15
$GNSS,2025-05-04T08:17:30.600Z,27.4091739,103.2443691,3147.485,-0.085,-0.017,-0.015,0.565,0.922,0.212,15
$GNSS,2025-05-04T08:17:30.650Z,27.4091738,103.2443692,3147.498,-0.052,0.068,-0.061,0.565,0.922,0.217,14
$GNSS,2025-05-04T08:17:30.700Z,27.4091737,103.2443691,3147.518,-0.044,-0.053,-0.101,0.565,0.921,0.274,14
$GNSS,2025-05-04T08:17:30.750Z,27.4091735,103.2443690,3147.517,-0.221,-0.349,-0.030,0.565,0.922,0.191,14
$GNSS,2025-05-04T08:17:30.800Z,27.4091732,103.2443687,3147.528,-0.384,-0.467,-0.115,0.565,0.922,0.240,13
$GNSS,2025-05-04T08:17:30.850Z,27.4091731,103.2443686,3147.559,-0.195,-0.165,-0.272,0.565,0.923,0.322,13
$GNSS,2025-05-04T08:17:30.900Z,27.4091730,103.2443685,3147.560,-0.158,-0.165,-0.170,0.565,0.923,0.302,15
$GNSS,2025-05-04T08:17:30.950Z,27.4091729,103.2443684,3147.518,-0.122,-0.314,0.044,0.565,0.924,0.163,15
$GNSS,2025-05-04T08:17:31.000Z,27.4091728,103.2443682,3147.485,-0.232,-0.456,0.099,0.565,0.924,0.168,15
$GNSS,2025-05-04T08:17:31.050Z,27.4091726,103.2443678,3147.472,-0.236,-0.693,0.055,0.565,0.925,0.186,14
$GNSS,2025-05-04T08:17:31.100Z,27.4091726,103.2443675,3147.461,-0.028,-0.666,0.083,0.565,0.926,0.187,14
$GNSS,2025-05-04T08:17:31.150Z,27.4091726,103.2443672,3147.446,0.083,-0.593,0.223,0.565,0.927,0.206,13
$GNSS,2025-05-04T08:17:31.200Z,27.4091725,103.2443670,3147.469,-0.048,-0.388,0.057,0.565,0.927,0.177,14
$GNSS,2025-05-04T08:17:31.250Z,27.4091724,103.2443668,3147.531,-0.081,-0.244,-0.328,0.565,0.928,0.341,14
$GNSS,2025-05-04T08:17:31.300Z,27.4091723,103.2443667,3147.596,-0.031,-0.136,-0.610,0.565,0.929,0.367,15
$GNSS,2025-05-04T08:17:31.350Z,27.4091722,103.2443665,3147.577,-0.135,-0.418,-0.364,0.566,0.929,0.298,15
$GNSS,2025-05-04T08:17:31.400Z,27.4091720,103.2443665,3147.628,-0.379,-0.111,-0.550,0.566,0.930,0.336,15
$GNSS,2025-05-04T08:17:31.450Z,27.4091719,103.2443664,3147.627,-0.266,-0.157,-0.367,0.566,0.930,0.331,15
$GNSS,2025-05-04T08:17:31.500Z,27.4091717,103.2443662,3147.633,-0.376,-0.280,-0.396,0.566,0.930,0.306,14
$GNSS,2025-05-04T08:17:31.550Z,27.4091715,103.2443661,3147.623,-0.488,-0.278,-0.333,0.566,0.930,0.270,14
$GNSS,2025-05-04T08:17:31.600Z,27.4091714,103.2443659,3147.628,-0.424,-0.421,-0.314,0.566,0.930,0.261,14
$GNSS,2025-05-04T08:17:31.650Z,27.4091711,103.2443656,3147.618,-0.599,-0.445,-0.151,0.566,0.931,0.208,14
$GNSS,2025-05-04T08:17:31.700Z,27.4091709,103.2443657,3147.566,-0.583,-0.017,0.193,0.566,0.931,0.211,14
$GNSS,2025-05-04T08:17:31.750Z,27.4091707,103.2443658,3147.539,-0.469,0.193,0.215,0.566,0.931,0.251,14
$GNSS,2025-05-04T08:17:31.800Z,27.4091706,103.2443657,3147.556,-0.166,-0.063,0.018,0.565,0.931,0.160,14
$GNSS,2025-05-04T08:17:31.850Z,27.4091704,103.2443654,3147.627,-0.206,-0.371,-0.442,0.565,0.931,0.289,15
$GNSS,2025-05-04T08:17:31.900Z,27.4091702,103.2443653,3147.658,-0.321,-0.105,-0.477,0.565,0.932,0.298,15
$GNSS,2025-05-04T08:17:31.950Z,27.4091702,103.2443652,3147.679,-0.014,-0.127,-0.436,0.565,0.932,0.332,16
$GNSS,2025-05-04T08:17:32.000Z,27.4091699,103.2443651,3147.682,-0.587,-0.054,-0.319,0.565,0.932,0.258,15
$GNSS,2025-05-04T08:17:32.050Z,27.4091696,103.2443650,3147.668,-0.694,-0.119,-0.169,0.565,0.932,0.207,15
$GNSS,2025-05-04T08:17:32.100Z,27.4091694,103.2443650,3147.640,-0.361,-0.206,0.022,0.565,0.931,0.168,15
$GNSS,2025-05-04T08:17:32.150Z,27.4091693,103.2443648,3147.638,-0.233,-0.227,0.015,0.564,0.931,0.170,15
$GNSS,2025-05-04T08:17:32.200Z,27.4091692,103.2443647,3147.667,-0.007,-0.113,-0.164,0.564,0.931,0.278,14
$GNSS,2025-05-04T08:17:32.250Z,27.4091692,103.2443645,3147.664,0.088,-0.246,-0.042,0.564,0.931,0.181,15
$GNSS,2025-05-04T08:17:32.300Z,27.4091693,103.2443645,3147.662,0.246,0.092,-0.038,0.564,0.931,0.183,13
$GNSS,2025-05-04T08:17:32.350Z,27.4091693,103.2443645,3147.642,-0.170,-0.018,0.070,0.564,0.930,0.177,14
$GNSS,2025-05-04T08:17:32.400Z,27.4091692,103.2443644,3147.627,-0.137,-0.108,0.098,0.564,0.930,0.179,15
$GNSS,2025-05-04T08:17:32.450Z,27.4091691,103.2443643,3147.643,-0.047,-0.168,-0.039,0.563,0.930,0.203,15
$GNSS,2025-05-04T08:17:32.500Z,27.4091691,103.2443642,3147.655,0.080,-0.095,-0.043,0.563,0.930,0.182,15
$GNSS,2025-05-04T08:17:32.550Z,27.4091691,103.2443641,3147.664,0.118,-0.037,-0.029,0.563,0.930,0.197,15
$GNSS,2025-05-04T08:17:32.600Z,27.4091690,103.2443639,3147.667,-0.048,-0.231,0.013,0.563,0.930,0.177,15
$GNSS,2025-05-04T08:17:32.650Z,27.4091689,103.2443638,3147.676,-0.208,-0.186,0.024,0.563,0.930,0.202,14
$GNSS,2025-05-04T08:17:32.700Z,27.4091688,103.2443636,3147.687,-0.023,-0.238,-0.005,0.562,0.930,0.175,14
$GNSS,2025-05-04T08:17:32.750Z,27.4091688,103.2443634,3147.690,0.051,-0.340,0.037,0.562,0.930,0.167,14
$GNSS,2025-05-04T08:17:32.800Z,27.4091688,103.2443632,3147.684,0.035,-0.346,0.140,0.562,0.930,0.185,14
$GNSS,2025-05-04T08:17:32.850Z,27.4091688,103.2443631,3147.695,0.097,-0.175,0.106,0.561,0.929,0.184,14
$GNSS,2025-05-04T08:17:32.900Z,27.4091687,103.2443629,3147.686,0.049,-0.184,0.191,0.561,0.929,0.231,14
$GNSS,2025-05-04T08:17:32.950Z,27.4091688,103.2443628,3147.685,0.162,-0.229,0.156,0.561,0.929,0.192,14
$GNSS,2025-05-04T08:17:33.000Z,27.4091688,103.2443626,3147.678,0.101,-0.249,0.223,0.560,0.930,0.230,14
$GNSS,2025-05-04T08:17:33.050Z,27.4091688,103.2443625,3147.632,0.184,-0.273,0.494,0.560,0.930,0.275,14
$GNSS,2025-05-04T08:17:33.100Z,27.4091688,103.2443623,3147.567,0.192,-0.289,0.786,0.560,0.930,0.303,14
$GNSS,2025-05-04T08:17:33.150Z,27.4091687,103.2443622,3147.570,0.057,-0.287,0.562,0.560,0.930,0.302,14
$GNSS,2025-05-04T08:17:33.200Z,27.4091685,103.2443618,3147.613,-0.233,-0.602,0.139,0.559,0.930,0.180,14
$GNSS,2025-05-04T08:17:33.250Z,27.4091685,103.2443616,3147.672,-0.079,-0.360,-0.230,0.559,0.930,0.202,14
$GNSS,2025-05-04T08:17:33.300Z,27.4091683,103.2443614,3147.679,-0.134,-0.279,-0.086,0.559,0.930,0.161,15
$GNSS,2025-05-04T08:17:33.350Z,27.4091682,103.2443613,3147.705,-0.063,-0.144,-0.087,0.558,0.930,0.191,15
$GNSS,2025-05-04T08:17:33.400Z,27.4091681,103.2443613,3147.730,0.017,-0.085,-0.111,0.558,0.930,0.260,15
$GNSS,2025-05-04T08:17:33.450Z,27.4091680,103.2443611,3147.752,0.024,-0.215,-0.128,0.557,0.931,0.196,15
$GNSS,2025-05-04T08:17:33.500Z,27.4091679,103.2443609,3147.744,-0.051,-0.412,0.004,0.557,0.930,0.148,15
$GNSS,2025-05-04T08:17:33.550Z,27.4091677,103.2443607,3147.757,-0.190,-0.248,-0.063,0.557,0.930,0.134,16
$GNSS,2025-05-04T08:17:33.600Z,27.4091674,103.2443607,3147.770,-0.271,-0.145,-0.093,0.556,0.930,0.158,16
$GNSS,2025-05-04T08:17:33.650Z,27.4091672,103.2443607,3147.766,-0.285,-0.053,0.015,0.556,0.930,0.156,15
$GNSS,2025-05-04T08:17:33.700Z,27.4091670,103.2443605,3147.764,-0.284,-0.252,0.053,0.556,0.930,0.156,15
$GNSS,2025-05-04T08:17:33.750Z,27.4091667,103.2443604,3147.762,-0.533,-0.228,0.134,0.556,0.930,0.174,15
$GNSS,2025-05-04T08:17:33.800Z,27.4091662,103.2443603,3147.752,-0.790,-0.204,0.221,0.556,0.930,0.200,15
$GNSS,2025-05-04T08:17:33.850Z,27.4091660,103.2443601,3147.748,-0.558,-0.349,0.090,0.556,0.931,0.185,15
$GNSS,2025-05-04T08:17:33.900Z,27.4091658,103.2443599,3147.756,-0.211,-0.388,-0.008,0.556,0.932,0.195,15
$GNSS,2025-05-04T08:17:33.950Z,27.4091657,103.2443597,3147.786,-0.050,-0.240,-0.226,0.556,0.933,0.260,14
$GNSS,2025-05-04T08:17:34.000Z,27.4091656,103.2443595,3147.740,-0.107,-0.319,0.015,0.556,0.933,0.178,14
$GNSS,2025-05-04T08:17:34.050Z,27.4091654,103.2443593,3147.732,-0.205,-0.385,0.102,0.555,0.933,0.150,14
$GNSS,2025-05-04T08:17:34.100Z,27.4091652,103.2443590,3147.704,-0.212,-0.503,0.369,0.555,0.933,0.182,14
$GNSS,2025-05-04T08:17:34.150Z,27.4091651,103.2443589,3147.706,-0.156,-0.224,0.343,0.555,0.932,0.214,14
$GNSS,2025-05-04T08:17:34.200Z,27.4091649,103.2443589,3147.739,-0.141,-0.052,0.185,0.555,0.932,0.210,14
$GNSS,2025-05-04T08:17:34.250Z,27.4091646,103.2443588,3147.792,-0.307,-0.032,-0.078,0.554,0.932,0.187,14
$GNSS,2025-05-04T08:17:34.300Z,27.4091645,103.2443587,3147.807,-0.155,-0.099,-0.105,0.554,0.932,0.213,14
$GNSS,2025-05-04T08:17:34.350Z,27.4091644,103.2443587,3147.837,0.084,-0.077,-0.290,0.554,0.932,0.275,14
$GNSS,2025-05-04T08:17:34.400Z,27.4091645,103.2443585,3147.851,0.200,-0.256,-0.323,0.554,0.932,0.233,15
$GNSS,2025-05-04T08:17:34.450Z,27.4091645,103.2443584,3147.857,0.061,-0.323,-0.263,0.553,0.932,0.235,14
$GNSS,2025-05-04T08:17:34.500Z,27.4091643,103.2443583,3147.892,-0.197,-0.164,-0.417,0.553,0.931,0.259,15
$GNSS,2025-05-04T08:17:34.550Z,27.4091642,103.2443582,3147.988,-0.058,-0.060,-0.859,0.553,0.931,0.294,15
$GNSS,2025-05-04T08:17:34.600Z,27.4091640,103.2443580,3148.034,-0.176,-0.268,-0.827,0.552,0.931,0.289,15
$GNSS,2025-05-04T08:17:34.650Z,27.4091639,103.2443578,3148.030,-0.150,-0.471,-0.537,0.552,0.931,0.246,15
$GNSS,2025-05-04T08:17:34.700Z,27.4091637,103.2443576,3148.021,-0.149,-0.314,-0.227,0.552,0.931,0.215,15
$GNSS,2025-05-04T08:17:34.750Z,27.4091633,103.2443575,3148.008,-0.700,-0.162,0.012,0.551,0.932,0.135,15
$GNSS,2025-05-04T08:17:34.800Z,27.4091630,103.2443575,3148.006,-0.521,-0.017,0.147,0.551,0.931,0.148,15
$GNSS,2025-05-04T08:17:34.850Z,27.4091628,103.2443575,3148.016,-0.290,-0.049,0.117,0.550,0.931,0.158,15
$GNSS,2025-05-04T08:17:34.900Z,27.4091626,103.2443573,3148.067,-0.257,-0.126,-0.210,0.550,0.931,0.216,15
$GNSS,2025-05-04T08:17:34.950Z,27.4091625,103.2443573,3148.096,0.023,-0.032,-0.298,0.550,0.931,0.334,14
$GNSS,2025-05-04T08:17:35.000Z,27.4091624,103.2443574,3148.139,-0.034,0.215,-0.500,0.549,0.931,0.330,14
$GNSS,2025-05-04T08:17:35.050Z,27.4091619,103.2443572,3148.108,-0.876,-0.278,-0.146,0.549,0.931,0.129,15
$GNSS,2025-05-04T08:17:35.100Z,27.4091617,103.2443570,3148.117,-0.446,-0.374,-0.145,0.548,0.931,0.156,14
$GNSS,2025-05-04T08:17:35.150Z,27.4091616,103.2443570,3148.174,-0.041,-0.068,-0.450,0.548,0.931,0.316,15
$GNSS,2025-05-04T08:17:35.200Z,27.4091616,103.2443570,3148.212,0.101,0.100,-0.485,0.548,0.932,0.313,14
$GNSS,2025-05-04T08:17:35.250Z,27.4091614,103.2443569,3148.240,-0.099,-0.134,-0.453,0.548,0.932,0.322,14
$GNSS,2025-05-04T08:17:35.300Z,27.4091612,103.2443567,3148.232,-0.329,-0.325,-0.198,0.547,0.932,0.214,14
$GNSS,2025-05-04T08:17:35.350Z,27.4091609,103.2443566,3148.221,-0.410,-0.228,-0.024,0.547,0.932,0.156,14
$GNSS,2025-05-04T08:17:35.400Z,27.4091607,103.2443564,3148.221,-0.158,-0.297,0.024,0.547,0.933,0.192,14
$GNSS,2025-05-04T08:17:35.450Z,27.4091606,103.2443564,3148.258,0.039,-0.072,-0.188,0.546,0.933,0.305,16
$GNSS,2025-05-04T08:17:35.500Z,27.4091606,103.2443563,3148.310,0.192,-0.139,-0.402,0.546,0.933,0.280,16
$GNSS,2025-05-04T08:17:35.550Z,27.4091606,103.2443560,3148.359,0.071,-0.373,-0.523,0.546,0.932,0.279,16
$GNSS,2025-05-04T08:17:35.600Z,27.4091605,103.2443557,3148.398,0.052,-0.527,-0.544,0.546,0.932,0.279,15
$GNSS,2025-05-04T08:17:35.650Z,27.4091604,103.2443554,3148.456,-0.101,-0.484,-0.766,0.545,0.933,0.294,16
$GNSS,2025-05-04T08:17:35.700Z,27.4091605,103.2443553,3148.459,0.241,-0.362,-0.526,0.545,0.933,0.292,16
$GNSS,2025-05-04T08:17:35.750Z,27.4091604,103.2443550,3148.460,-0.012,-0.579,-0.366,0.545,0.933,0.235,15
$GNSS,2025-05-04T08:17:35.800Z,27.4091603,103.2443547,3148.459,-0.119,-0.411,-0.238,0.544,0.933,0.240,15
$GNSS,2025-05-04T08:17:35.850Z,27.4091601,103.2443545,3148.453,-0.330,-0.391,-0.097,0.544,0.933,0.197,16
$GNSS,2025-05-04T08:17:35.900Z,27.4091601,103.2443542,3148.442,-0.003,-0.430,0.023,0.544,0.933,0.178,15
$GNSS,2025-05-04T08:17:35.950Z,27.4091602,103.2443539,3148.441,0.198,-0.454,0.019,0.543,0.932,0.174,16
$GNSS,2025-05-04T08:17:36.000Z,27.4091603,103.2443537,3148.435,0.135,-0.274,0.071,0.543,0.932,0.177,15
$GNSS,2025-05-04T08:17:36.050Z,27.4091603,103.2443537,3148.428,0.051,-0.019,0.050,0.543,0.933,0.235,15
$GNSS,2025-05-04T08:17:36.100Z,27.4091601,103.2443537,3148.430,-0.176,-0.053,-0.037,0.542,0.933,0.168,15
$GNSS,2025-05-04T08:17:36.150Z,27.4091600,103.2443536,3148.415,-0.234,-0.124,0.052,0.542,0.933,0.168,15
$GNSS,2025-05-04T08:17:36.200Z,27.4091600,103.2443535,3148.396,-0.216,-0.011,0.148,0.542,0.933,0.197,15
$GNSS,2025-05-04T08:17:36.250Z,27.4091598,103.2443535,3148.384,-0.321,0.015,0.181,0.542,0.933,0.193,16
$GNSS,2025-05-04T08:17:36.300Z,27.4091596,103.2443534,3148.377,-0.315,-0.180,0.120,0.541,0.932,0.167,16
$GNSS,2025-05-04T08:17:36.350Z,27.4091596,103.2443532,3148.372,-0.140,-0.176,0.022,0.541,0.932,0.148,16
$GNSS,2025-05-04T08:17:36.400Z,27.4091597,103.2443530,3148.384,0.119,-0.272,-0.119,0.541,0.932,0.181,16
$GNSS,2025-05-04T08:17:36.450Z,27.4091597,103.2443528,3148.393,0.072,-0.427,-0.165,0.540,0.933,0.196,15
$GNSS,2025-05-04T08:17:36.500Z,27.4091596,103.2443526,3148.392,-0.084,-0.334,-0.133,0.540,0.933,0.208,15
$GNSS,2025-05-04T08:17:36.550Z,27.4091596,103.2443524,3148.376,-0.095,-0.314,-0.021,0.540,0.933,0.167,15
$GNSS,2025-05-04T08:17:36.600Z,27.4091597,103.2443523,3148.347,0.214,-0.171,0.177,0.539,0.933,0.199,15
$GNSS,2025-05-04T08:17:36.650Z,27.4091598,103.2443521,3148.303,0.280,-0.404,0.340,0.539,0.933,0.187,16
$GNSS,2025-05-04T08:17:36.700Z,27.4091599,103.2443518,3148.275,0.259,-0.454,0.348,0.539,0.933,0.189,15
$GNSS,2025-05-04T08:17:36.750Z,27.4091600,103.2443515,3148.264,0.131,-0.572,0.266,0.539,0.933,0.178,15
$GNSS,2025-05-04T08:17:36.800Z,27.4091600,103.2443510,3148.285,0.020,-0.810,-0.011,0.539,0.933,0.177,14
$GNSS,2025-05-04T08:17:36.850Z,27.4091598,103.2443506,3148.266,-0.320,-0.831,-0.032,0.539,0.933,0.193,14
$GNSS,2025-05-04T08:17:36.900Z,27.4091597,103.2443503,3148.231,-0.389,-0.470,0.045,0.538,0.933,0.201,15
$GNSS,2025-05-04T08:17:36.950Z,27.4091597,103.2443502,3148.211,0.016,-0.322,0.090,0.538,0.933,0.171,14
$GNSS,2025-05-04T08:17:37.000Z,27.4091597,103.2443500,3148.195,-0.065,-0.309,0.135,0.538,0.933,0.195,14
$GNSS,2025-05-04T08:17:37.050Z,27.4091596,103.2443497,3148.172,-0.220,-0.482,0.196,0.538,0.933,0.202,14
$GNSS,2025-05-04T08:17:37.100Z,27.4091595,103.2443495,3148.188,-0.284,-0.350,0.012,0.538,0.933,0.179,14
$GNSS,2025-05-04T08:17:37.150Z,27.4091593,103.2443492,3148.197,-0.356,-0.462,-0.051,0.538,0.933,0.202,14
$GNSS,2025-05-04T08:17:37.200Z,27.4091593,103.2443491,3148.250,-0.020,-0.225,-0.466,0.538,0.932,0.268,15
$GNSS,2025-05-04T08:17:37.250Z,27.4091593,103.2443489,3148.249,-0.087,-0.249,-0.323,0.538,0.932,0.259,15
$GNSS,2025-05-04T08:17:37.300Z,27.4091592,103.2443486,3148.227,-0.248,-0.516,-0.084,0.538,0.932,0.185,15
$GNSS,2025-05-04T08:17:37.350Z,27.4091592,103.2443483,3148.236,0.007,-0.459,-0.188,0.538,0.931,0.174,16
$GNSS,2025-05-04T08:17:37.400Z,27.4091591,103.2443481,3148.263,-0.330,-0.253,-0.371,0.538,0.931,0.251,15
$GNSS,2025-05-04T08:17:37.450Z,27.4091588,103.2443479,3148.262,-0.526,-0.409,-0.305,0.538,0.930,0.238,15
$GNSS,2025-05-04T08:17:37.500Z,27.4091588,103.2443475,3148.296,-0.204,-0.573,-0.594,0.538,0.930,0.253,15
$GNSS,2025-05-04T08:17:37.550Z,27.4091587,103.2443472,3148.314,-0.275,-0.656,-0.567,0.538,0.930,0.245,15
$GNSS,2025-05-04T08:17:37.600Z,27.4091585,103.2443467,3148.324,-0.372,-0.722,-0.491,0.538,0.929,0.234,15
$GNSS,2025-05-04T08:17:37.650Z,27.4091585,103.2443464,3148.322,-0.196,-0.556,-0.373,0.538,0.929,0.235,15
$GNSS,2025-05-04T08:17:37.700Z,27.4091582,103.2443462,3148.313,-0.515,-0.527,-0.287,0.538,0.929,0.230,16
$GNSS,2025-05-04T08:17:37.750Z,27.4091579,103.2443459,3148.318,-0.603,-0.470,-0.310,0.538,0.929,0.239,15
$GNSS,2025-05-04T08:17:37.800Z,27.4091579,103.2443456,3148.317,-0.254,-0.578,-0.182,0.538,0.929,0.218,15
$GNSS,2025-05-04T08:17:37.850Z,27.4091579,103.2443453,3148.322,-0.024,-0.377,-0.176,0.538,0.929,0.245,15
$GNSS,2025-05-04T08:17:37.900Z,27.4091579,103.2443448,3148.368,-0.091,-0.666,-0.504,0.538,0.929,0.254,16
$GNSS,2025-05-04T08:17:37.950Z,27.4091579,103.2443444,3148.408,0.025,-0.677,-0.706,0.538,0.928,0.304,14
$GNSS,2025-05-04T08:17:38.000Z,27.4091580,103.2443441,3148.401,0.052,-0.543,-0.477,0.538,0.928,0.311,14
$GNSS,2025-05-04T08:17:38.050Z,27.4091583,103.2443438,3148.379,0.468,-0.707,-0.206,0.538,0.928,0.292,14
$GNSS,2025-05-04T08:17:38.100Z,27.4091583,103.2443434,3148.397,0.142,-0.706,-0.348,0.538,0.928,0.318,14
$GNSS,2025-05-04T08:17:38.150Z,27.4091585,103.2443428,3148.457,0.311,-0.755,-0.700,0.538,0.928,0.364,15
$GNSS,2025-05-04T08:17:38.200Z,27.4091584,103.2443423,3148.529,-0.124,-0.660,-1.065,0.538,0.928,0.435,15
$GNSS,2025-05-04T08:17:38.250Z,27.4091583,103.2443420,3148.555,-0.132,-0.625,-0.939,0.538,0.928,0.402,15
$GNSS,2025-05-04T08:17:38.300Z,27.4091587,103.2443417,3148.610,0.744,-0.462,-1.051,0.539,0.928,0.410,15
$GNSS,2025-05-04T08:17:38.350Z,27.4091587,103.2443415,3148.583,-0.004,-0.680,-0.540,0.539,0.928,0.400,15
$GNSS,2025-05-04T08:17:38.400Z,27.4091587,103.2443411,3148.592,-0.065,-0.641,-0.508,0.539,0.928,0.331,15
$GNSS,2025-05-04T08:17:38.450Z,27.4091584,103.2443409,3148.556,-0.646,-0.544,-0.085,0.539,0.927,0.265,14
$GNSS,2025-05-04T08:17:38.500Z,27.4091582,103.2443406,3148.570,-0.504,-0.412,-0.251,0.539,0.927,0.302,13
$GNSS,2025-05-04T08:17:38.550Z,27.4091579,103.2443404,3148.535,-0.678,-0.568,0.049,0.539,0.927,0.249,14
$GNSS,2025-05-04T08:17:38.600Z,27.4091575,103.2443401,3148.515,-0.846,-0.426,0.077,0.539,0.927,0.249,14
$GNSS,2025-05-04T08:17:38.650Z,27.4091574,103.2443401,3148.514,-0.411,-0.025,-0.024,0.539,0.927,0.290,13
$GNSS,2025-05-04T08:17:38.700Z,27.4091571,103.2443401,3148.523,-0.598,0.202,-0.137,0.539,0.927,0.257,14
$GNSS,2025-05-04T08:17:38.750Z,27.4091567,103.2443402,3148.533,-0.804,0.243,-0.229,0.539,0.926,0.258,15
$GNSS,2025-05-04T08:17:38.800Z,27.4091564,103.2443401,3148.537,-0.713,-0.060,-0.256,0.540,0.926,0.259,14
$GNSS,2025-05-04T08:17:38.850Z,27.4091560,103.2443402,3148.543,-0.874,0.155,-0.298,0.540,0.926,0.288,13
$GNSS,2025-05-04T08:17:38.900Z,27.4091560,103.2443402,3148.555,-0.271,0.314,-0.345,0.540,0.926,0.243,13
$GNSS,2025-05-04T08:17:38.950Z,27.4091558,103.2443402,3148.566,-0.524,-0.001,-0.348,0.540,0.926,0.245,14
$GNSS,2025-05-04T08:17:39.000Z,27.4091555,103.2443401,3148.568,-0.699,-0.146,-0.313,0.540,0.925,0.231,15
$GNSS,2025-05-04T08:17:39.050Z,27.4091552,103.2443399,3148.590,-0.691,-0.221,-0.453,0.540,0.925,0.246,15
$GNSS,2025-05-04T08:17:39.100Z,27.4091548,103.2443399,3148.596,-0.735,-0.048,-0.347,0.540,0.925,0.275,14
$GNSS,2025-05-04T08:17:39.150Z,27.4091543,103.2443398,3148.610,-1.067,-0.077,-0.336,0.540,0.925,0.237,15
$GNSS,2025-05-04T08:17:39.200Z,27.4091544,103.2443396,3148.647,-0.199,-0.120,-0.527,0.540,0.925,0.294,15
$GNSS,2025-05-04T08:17:39.250Z,27.4091545,103.2443393,3148.679,0.065,-0.482,-0.600,0.540,0.925,0.270,16
$GNSS,2025-05-04T08:17:39.300Z,27.4091541,103.2443390,3148.678,-0.638,-0.633,-0.430,0.540,0.924,0.236,16
$GNSS,2025-05-04T08:17:39.350Z,27.4091537,103.2443388,3148.643,-0.854,-0.458,-0.066,0.540,0.924,0.242,15
$GNSS,2025-05-04T08:17:39.400Z,27.4091537,103.2443385,3148.641,-0.323,-0.526,-0.073,0.540,0.924,0.174,16
$GNSS,2025-05-04T08:17:39.450Z,27.4091535,103.2443382,3148.669,-0.386,-0.491,-0.313,0.540,0.924,0.212,16
$GNSS,2025-05-04T08:17:39.550Z,27.4091529,103.2443377,3148.713,-0.824,-0.357,-0.507,0.541,0.924,0.268,16
$GNSS,2025-05-04T08:17:39.600Z,27.4091524,103.2443373,3148.726,-0.956,-0.618,-0.481,0.541,0.924,0.227,16
$GNSS,2025-05-04T08:17:39.650Z,27.4091520,103.2443372,3148.724,-0.886,-0.260,-0.358,0.541,0.924,0.234,15
$GNSS,2025-05-04T08:17:39.700Z,27.4091517,103.2443372,3148.712,-0.834,0.089,-0.178,0.541,0.923,0.238,15
$GNSS,2025-05-04T08:17:39.750Z,27.4091514,103.2443373,3148.692,-0.734,0.164,0.026,0.541,0.923,0.267,15
$GNSS,2025-05-04T08:17:39.800Z,27.4091509,103.2443372,3148.682,-0.958,-0.001,0.064,0.541,0.923,0.215,15
$GNSS,2025-05-04T08:17:39.850Z,27.4091505,103.2443372,3148.694,-0.889,0.138,-0.147,0.541,0.922,0.232,15
$GNSS,2025-05-04T08:17:39.900Z,27.4091500,103.2443373,3148.696,-1.119,0.342,-0.191,0.541,0.922,0.245,14
$GNSS,2025-05-04T08:17:39.950Z,27.4091496,103.2443376,3148.679,-0.905,0.509,-0.054,0.541,0.922,0.222,15
$GNSS,2025-05-04T08:17:40.000Z,27.4091494,103.2443378,3148.673,-0.527,0.549,-0.063,0.541,0.922,0.180,15
$GNSS,2025-05-04T08:17:40.050Z,27.4091492,103.2443380,3148.662,-0.443,0.423,-0.003,0.541,0.921,0.176,14
$GNSS,2025-05-04T08:17:40.100Z,27.4091489,103.2443381,3148.641,-0.704,0.354,0.101,0.541,0.921,0.219,14
$GNSS,2025-05-04T08:17:40.150Z,27.4091484,103.2443383,3148.636,-0.951,0.420,-0.006,0.541,0.921,0.221,14
$GNSS,2025-05-04T08:17:40.200Z,27.4091481,103.2443384,3148.650,-0.723,0.332,-0.183,0.541,0.921,0.235,14
$GNSS,2025-05-04T08:17:40.250Z,27.4091480,103.2443383,3148.664,-0.383,0.075,-0.233,0.541,0.920,0.251,14
$GNSS,2025-05-04T08:17:40.300Z,27.4091477,103.2443384,3148.653,-0.583,0.124,-0.085,0.541,0.920,0.229,15
$GNSS,2025-05-04T08:17:40.350Z,27.4091473,103.2443385,3148.626,-0.854,0.350,0.063,0.541,0.920,0.225,15
$GNSS,2025-05-04T08:17:40.400Z,27.4091469,103.2443386,3148.605,-0.790,0.232,0.115,0.541,0.919,0.231,15
$GNSS,2025-05-04T08:17:40.450Z,27.4091465,103.2443387,3148.592,-0.974,0.336,0.083,0.541,0.919,0.235,15
$GNSS,2025-05-04T08:17:40.500Z,27.4091460,103.2443388,3148.597,-0.984,0.244,-0.064,0.541,0.919,0.229,15
$GNSS,2025-05-04T08:17:40.550Z,27.4091457,103.2443388,3148.584,-0.782,0.170,0.020,0.541,0.918,0.222,15
$GNSS,2025-05-04T08:17:40.600Z,27.4091452,103.2443388,3148.560,-1.013,0.094,0.129,0.541,0.918,0.215,15
$GNSS,2025-05-04T08:17:40.650Z,27.4091446,103.2443387,3148.542,-1.238,-0.157,0.127,0.541,0.918,0.203,16
$GNSS,2025-05-04T08:17:40.700Z,27.4091442,103.2443386,3148.555,-0.873,-0.091,-0.138,0.541,0.917,0.221,16
$GNSS,2025-05-04T08:17:40.750Z,27.4091438,103.2443386,3148.571,-0.899,0.032,-0.273,0.541,0.917,0.248,15
$GNSS,2025-05-04T08:17:40.800Z,27.4091434,103.2443384,3148.547,-0.951,-0.270,-0.018,0.541,0.917,0.193,15
$GNSS,2025-05-04T08:17:40.850Z,27.4091429,103.2443384,3148.537,-1.039,0.017,-0.049,0.541,0.917,0.207,14
$GNSS,2025-05-04T08:17:40.900Z,27.4091426,103.2443384,3148.558,-0.707,0.219,-0.290,0.541,0.916,0.275,15
$GNSS,2025-05-04T08:17:40.950Z,27.4091421,103.2443385,3148.527,-0.936,0.150,0.053,0.541,0.916,0.248,14
$GNSS,2025-05-04T08:17:41.000Z,27.4091419,103.2443386,3148.492,-0.685,0.226,0.311,0.541,0.916,0.237,14
$GNSS,2025-05-04T08:17:41.050Z,27.4091415,103.2443386,3148.514,-0.826,0.298,-0.061,0.541,0.916,0.242,14
$GNSS,2025-05-04T08:17:41.100Z,27.4091409,103.2443387,3148.530,-1.183,0.418,-0.262,0.541,0.915,0.240,15
$GNSS,2025-05-04T08:17:41.150Z,27.4091403,103.2443388,3148.529,-1.294,0.222,-0.232,0.541,0.915,0.232,15
$GNSS,2025-05-04T08:17:41.200Z,27.4091397,103.2443391,3148.505,-1.284,0.521,-0.037,0.541,0.914,0.230,15
$GNSS,2025-05-04T08:17:41.250Z,27.4091391,103.2443393,3148.486,-1.385,0.567,0.068,0.541,0.914,0.232,15
$GNSS,2025-05-04T08:17:41.300Z,27.4091385,103.2443397,3148.463,-1.275,0.844,0.193,0.541,0.914,0.223,15
$GNSS,2025-05-04T08:17:41.350Z,27.4091381,103.2443402,3148.459,-0.959,1.023,0.123,0.541,0.914,0.191,15
$GNSS,2025-05-04T08:17:41.400Z,27.4091375,103.2443406,3148.445,-1.086,1.010,0.110,0.541,0.913,0.189,15
$GNSS,2025-05-04T08:17:41.450Z,27.4091369,103.2443411,3148.415,-1.314,0.952,0.229,0.541,0.913,0.186,15
$GNSS,2025-05-04T08:17:41.500Z,27.4091364,103.2443415,3148.387,-1.245,0.913,0.287,0.541,0.913,0.180,16
$GNSS,2025-05-04T08:17:41.550Z,27.4091359,103.2443418,3148.408,-0.866,0.833,0.009,0.540,0.913,0.179,16
$GNSS,2025-05-04T08:17:41.600Z,27.4091354,103.2443420,3148.423,-0.917,0.446,-0.063,0.540,0.913,0.175,15
$GNSS,2025-05-04T08:17:41.650Z,27.4091348,103.2443422,3148.421,-1.161,0.479,-0.075,0.540,0.913,0.176,14
$GNSS,2025-05-04T08:17:41.700Z,27.4091343,103.2443424,3148.401,-0.916,0.428,0.078,0.540,0.912,0.169,14
$GNSS,2025-05-04T08:17:41.750Z,27.4091339,103.2443425,3148.409,-0.678,0.314,0.028,0.539,0.912,0.165,15
$GNSS,2025-05-04T08:17:41.800Z,27.4091335,103.2443427,3148.395,-0.749,0.277,0.194,0.539,0.912,0.168,15
$GNSS,2025-05-04T08:17:41.850Z,27.4091329,103.2443428,3148.395,-0.943,0.319,0.196,0.538,0.911,0.171,15
$GNSS,2025-05-04T08:17:41.900Z,27.4091323,103.2443429,3148.413,-1.100,0.274,0.038,0.538,0.911,0.167,15
$GNSS,2025-05-04T08:17:41.950Z,27.4091317,103.2443430,3148.428,-0.934,0.200,-0.010,0.538,0.910,0.162,16
$GNSS,2025-05-04T08:17:42.000Z,27.4091312,103.2443431,3148.422,-0.843,0.279,0.094,0.537,0.910,0.159,15
$GNSS,2025-05-04T08:17:42.050Z,27.4091306,103.2443432,3148.381,-1.179,0.149,0.335,0.537,0.910,0.166,15
$GNSS,2025-05-04T08:17:42.100Z,27.4091299,103.2443431,3148.378,-1.350,-0.027,0.160,0.537,0.910,0.170,14
$GNSS,2025-05-04T08:17:42.150Z,27.4091293,103.2443431,3148.435,-1.117,0.161,-0.392,0.536,0.910,0.198,14
$GNSS,2025-05-04T08:17:42.200Z,27.4091287,103.2443432,3148.440,-1.000,0.178,-0.287,0.536,0.910,0.192,14
$GNSS,2025-05-04T08:17:42.250Z,27.4091282,103.2443434,3148.445,-0.957,0.495,-0.256,0.536,0.910,0.202,13
$GNSS,2025-05-04T08:17:42.300Z,27.4091277,103.2443437,3148.449,-0.997,0.579,-0.203,0.536,0.910,0.201,13
$GNSS,2025-05-04T08:17:42.350Z,27.4091271,103.2443440,3148.439,-1.023,0.578,-0.060,0.536,0.910,0.184,14
$GNSS,2025-05-04T08:17:42.400Z,27.4091267,103.2443442,3148.415,-0.847,0.530,0.087,0.535,0.910,0.167,14
$GNSS,2025-05-04T08:17:42.450Z,27.4091261,103.2443444,3148.374,-0.971,0.360,0.336,0.535,0.910,0.183,16
$GNSS,2025-05-04T08:17:42.500Z,27.4091256,103.2443446,3148.343,-0.916,0.369,0.423,0.535,0.910,0.188,16
$GNSS,2025-05-04T08:17:42.550Z,27.4091251,103.2443450,3148.301,-0.806,0.757,0.543,0.534,0.910,0.194,15
$GNSS,2025-05-04T08:17:42.600Z,27.4091246,103.2443454,3148.268,-1.004,0.779,0.563,0.534,0.910,0.188,15
$GNSS,2025-05-04T08:17:42.650Z,27.4091242,103.2443456,3148.190,-0.898,0.433,0.772,0.534,0.910,0.212,15
$GNSS,2025-05-04T08:17:42.700Z,27.4091237,103.2443458,3148.153,-0.853,0.432,0.680,0.534,0.910,0.205,15
$GNSS,2025-05-04T08:17:42.750Z,27.4091231,103.2443460,3148.102,-1.042,0.409,0.818,0.533,0.911,0.205,15
$GNSS,2025-05-04T08:17:42.800Z,27.4091228,103.2443461,3148.057,-0.744,0.271,0.827,0.533,0.911,0.227,15
$GNSS,2025-05-04T08:17:42.850Z,27.4091224,103.2443462,3148.008,-0.692,0.310,0.834,0.533,0.911,0.254,15
$GNSS,2025-05-04T08:17:42.900Z,27.4091219,103.2443465,3147.957,-0.855,0.475,0.903,0.532,0.911,0.233,15
$GNSS,2025-05-04T08:17:42.950Z,27.4091215,103.2443467,3147.919,-0.610,0.558,0.814,0.532,0.911,0.239,15
$GNSS,2025-05-04T08:17:43.000Z,27.4091211,103.2443468,3147.873,-0.617,0.287,0.905,0.532,0.911,0.252,15
$GNSS,2025-05-04T08:17:43.050Z,27.4091208,103.2443471,3147.806,-0.602,0.438,1.091,0.532,0.911,0.260,16
$GNSS,2025-05-04T08:17:43.100Z,27.4091205,103.2443471,3147.784,-0.490,0.298,0.764,0.532,0.911,0.252,16
$GNSS,2025-05-04T08:17:43.150Z,27.4091200,103.2443471,3147.787,-0.671,0.146,0.454,0.531,0.911,0.212,16
$GNSS,2025-05-04T08:17:43.200Z,27.4091197,103.2443471,3147.789,-0.611,0.039,0.264,0.531,0.911,0.192,16
$GNSS,2025-05-04T08:17:43.250Z,27.4091194,103.2443471,3147.805,-0.423,0.083,0.029,0.531,0.911,0.167,16
$GNSS,2025-05-04T08:17:43.300Z,27.4091191,103.2443471,3147.825,-0.461,0.149,-0.111,0.530,0.911,0.174,16
$GNSS,2025-05-04T08:17:43.350Z,27.4091187,103.2443472,3147.830,-0.609,0.160,-0.092,0.530,0.911,0.172,16
$GNSS,2025-05-04T08:17:43.400Z,27.4091184,103.2443472,3147.816,-0.492,0.036,0.083,0.530,0.911,0.176,16
$GNSS,2025-05-04T08:17:43.450Z,27.4091182,103.2443473,3147.782,-0.244,0.192,0.342,0.530,0.911,0.237,16
$GNSS,2025-05-04T08:17:43.500Z,27.4091179,103.2443475,3147.756,-0.362,0.437,0.385,0.529,0.911,0.216,16
$GNSS,2025-05-04T08:17:43.550Z,27.4091176,103.2443477,3147.761,-0.482,0.389,0.112,0.529,0.911,0.169,16
$GNSS,2025-05-04T08:17:43.600Z,27.4091175,103.2443477,3147.778,-0.273,0.098,-0.119,0.529,0.911,0.168,16
$GNSS,2025-05-04T08:17:43.650Z,27.4091173,103.2443476,3147.799,-0.187,0.030,-0.206,0.528,0.911,0.209,16
$GNSS,2025-05-04T08:17:43.700Z,27.4091171,103.2443477,3147.823,-0.211,0.152,-0.141,0.528,0.911,0.170,16
$GNSS,2025-05-04T08:17:43.750Z,27.4091169,103.2443478,3147.828,-0.307,0.314,-0.092,0.528,0.911,0.151,16
$GNSS,2025-05-04T08:17:43.800Z,27.4091167,103.2443479,3147.829,-0.325,0.366,-0.188,0.528,0.911,0.167,15
$GNSS,2025-05-04T08:17:43.850Z,27.4091165,103.2443480,3147.829,-0.290,0.258,-0.257,0.528,0.911,0.196,15
$GNSS,2025-05-04T08:17:43.900Z,27.4091164,103.2443481,3147.835,-0.216,0.235,-0.358,0.527,0.911,0.209,15
$GNSS,2025-05-04T08:17:43.950Z,27.4091162,103.2443481,3147.848,-0.379,0.183,-0.407,0.527,0.911,0.243,15
$GNSS,2025-05-04T08:17:44.000Z,27.4091160,103.2443482,3147.855,-0.454,0.227,-0.347,0.527,0.911,0.220,15
$GNSS,2025-05-04T08:17:44.050Z,27.4091158,103.2443482,3147.872,-0.464,0.114,-0.246,0.528,0.911,0.248,15
$GNSS,2025-05-04T08:17:44.100Z,27.4091155,103.2443482,3147.879,-0.489,-0.031,-0.131,0.528,0.912,0.238,15
$GNSS,2025-05-04T08:17:44.150Z,27.4091152,103.2443481,3147.887,-0.668,-0.118,-0.232,0.528,0.912,0.240,16
$GNSS,2025-05-04T08:17:44.200Z,27.4091148,103.2443481,3147.880,-0.670,0.019,-0.259,0.528,0.913,0.232,16
$GNSS,2025-05-04T08:17:44.250Z,27.4091146,103.2443481,3147.910,-0.439,0.071,-0.214,0.528,0.913,0.260,15
$GNSS,2025-05-04T08:17:44.300Z,27.4091144,103.2443481,3147.919,-0.598,0.021,-0.071,0.529,0.914,0.280,14
$GNSS,2025-05-04T08:17:44.350Z,27.4091141,103.2443480,3147.932,-0.548,-0.037,-0.044,0.529,0.914,0.258,16
$GNSS,2025-05-04T08:17:44.400Z,27.4091138,103.2443480,3147.933,-0.551,-0.110,-0.038,0.529,0.914,0.256,16
$GNSS,2025-05-04T08:17:44.450Z,27.4091134,103.2443478,3147.952,-0.793,-0.199,-0.194,0.529,0.915,0.228,16
$GNSS,2025-05-04T08:17:44.500Z,27.4091129,103.2443477,3147.946,-1.074,-0.125,-0.161,0.529,0.916,0.212,16
$GNSS,2025-05-04T08:17:44.550Z,27.4091124,103.2443476,3147.943,-0.909,-0.230,-0.137,0.529,0.916,0.223,16
$GNSS,2025-05-04T08:17:44.600Z,27.4091121,103.2443474,3147.941,-0.701,-0.296,-0.134,0.530,0.917,0.247,16
$GNSS,2025-05-04T08:17:44.650Z,27.4091119,103.2443474,3147.958,-0.417,-0.088,-0.219,0.530,0.917,0.262,15
$GNSS,2025-05-04T08:17:44.700Z,27.4091119,103.2443473,3147.997,-0.281,0.044,-0.256,0.530,0.917,0.263,16
$GNSS,2025-05-04T08:17:44.750Z,27.4091118,103.2443474,3148.046,-0.235,0.150,-0.400,0.530,0.917,0.247,16
$GNSS,2025-05-04T08:17:44.800Z,27.4091117,103.2443474,3148.091,-0.260,0.047,-0.559,0.530,0.917,0.263,16
$GNSS,2025-05-04T08:17:44.850Z,27.4091115,103.2443473,3148.096,-0.284,-0.041,-0.444,0.530,0.918,0.262,16
$GNSS,2025-05-04T08:17:44.900Z,27.4091114,103.2443474,3148.094,-0.173,0.063,-0.371,0.530,0.918,0.265,16
$GNSS,2025-05-04T08:17:44.950Z,27.4091112,103.2443474,3148.094,-0.299,0.055,-0.314,0.530,0.919,0.269,16
$GNSS,2025-05-04T08:17:45.000Z,27.4091110,103.2443474,3148.097,-0.501,0.122,-0.179,0.531,0.919,0.250,15
$GNSS,2025-05-04T08:17:45.050Z,27.4091107,103.2443475,3148.097,-0.594,0.152,-0.102,0.531,0.920,0.253,15
$GNSS,2025-05-04T08:17:45.100Z,27.4091105,103.2443476,3148.100,-0.413,0.233,-0.054,0.531,0.921,0.224,16
$GNSS,2025-05-04T08:17:45.150Z,27.4091104,103.2443476,3148.100,-0.290,0.201,-0.009,0.531,0.921,0.214,16
$GNSS,2025-05-04T08:17:45.200Z,27.4091104,103.2443476,3148.130,-0.143,-0.004,-0.164,0.531,0.921,0.262,16
$GNSS,2025-05-04T08:17:45.250Z,27.4091103,103.2443475,3148.167,-0.181,-0.067,-0.335,0.532,0.921,0.278,16
$GNSS,2025-05-04T08:17:45.300Z,27.4091103,103.2443474,3148.186,-0.134,-0.166,-0.359,0.532,0.921,0.279,16
$GNSS,2025-05-04T08:17:45.350Z,27.4091102,103.2443473,3148.186,-0.282,-0.119,-0.327,0.532,0.922,0.284,16
$GNSS,2025-05-04T08:17:45.400Z,27.4091100,103.2443473,3148.186,-0.332,-0.066,-0.302,0.532,0.922,0.293,16
$GNSS,2025-05-04T08:17:45.450Z,27.4091099,103.2443472,3148.205,-0.277,-0.177,-0.262,0.532,0.923,0.272,16
$GNSS,2025-05-04T08:17:45.500Z,27.4091097,103.2443471,3148.222,-0.350,-0.187,-0.285,0.532,0.923,0.306,15
$GNSS,2025-05-04T08:17:45.550Z,27.4091095,103.2443468,3148.227,-0.368,-0.430,-0.334,0.533,0.923,0.288,15
$GNSS,2025-05-04T08:17:45.600Z,27.4091097,103.2443467,3148.287,0.002,-0.221,-0.447,0.533,0.923,0.264,16
$GNSS,2025-05-04T08:17:45.650Z,27.4091100,103.2443466,3148.371,0.414,-0.038,-0.535,0.533,0.923,0.228,16
$GNSS,2025-05-04T08:17:45.700Z,27.4091099,103.2443464,3148.399,-0.052,-0.326,-0.514,0.533,0.923,0.272,16
$GNSS,2025-05-04T08:17:45.750Z,27.4091098,103.2443461,3148.445,-0.213,-0.439,-0.727,0.534,0.923,0.292,15
$GNSS,2025-05-04T08:17:45.800Z,27.4091099,103.2443459,3148.529,0.125,-0.350,-1.029,0.534,0.923,0.279,15
$GNSS,2025-05-04T08:17:45.850Z,27.4091098,103.2443458,3148.560,-0.055,-0.253,-0.894,0.534,0.923,0.288,15
$GNSS,2025-05-04T08:17:45.900Z,27.4091098,103.2443456,3148.551,-0.185,-0.363,-0.663,0.534,0.923,0.291,15
$GNSS,2025-05-04T08:17:45.950Z,27.4091098,103.2443455,3148.567,-0.061,-0.262,-0.630,0.535,0.924,0.291,15
$GNSS,2025-05-04T08:17:46.000Z,27.4091097,103.2443453,3148.557,-0.153,-0.323,-0.464,0.535,0.924,0.307,14
$GNSS,2025-05-04T08:17:46.050Z,27.4091098,103.2443452,3148.594,0.130,-0.147,-0.563,0.535,0.924,0.312,14
$GNSS,2025-05-04T08:17:46.100Z,27.4091098,103.2443451,3148.622,-0.075,-0.134,-0.590,0.536,0.925,0.335,14
$GNSS,2025-05-04T08:17:46.150Z,27.4091097,103.2443450,3148.647,-0.081,-0.152,-0.621,0.536,0.925,0.335,15
$GNSS,2025-05-04T08:17:46.200Z,27.4091097,103.2443449,3148.645,-0.081,-0.146,-0.496,0.536,0.925,0.316,15
$GNSS,2025-05-04T08:17:46.250Z,27.4091096,103.2443449,3148.636,-0.231,-0.116,-0.368,0.537,0.925,0.316,15
$GNSS,2025-05-04T08:17:46.300Z,27.4091094,103.2443448,3148.663,-0.387,-0.147,-0.472,0.537,0.926,0.319,14
$GNSS,2025-05-04T08:17:46.350Z,27.4091092,103.2443447,3148.655,-0.407,-0.192,-0.285,0.538,0.926,0.292,15
$GNSS,2025-05-04T08:17:46.400Z,27.4091090,103.2443447,3148.641,-0.420,-0.016,-0.128,0.538,0.926,0.273,15
$GNSS,2025-05-04T08:17:46.450Z,27.4091088,103.2443447,3148.629,-0.499,0.017,-0.068,0.538,0.927,0.258,15
$GNSS,2025-05-04T08:17:46.500Z,27.4091087,103.2443447,3148.646,-0.329,0.128,-0.141,0.538,0.927,0.255,16
$GNSS,2025-05-04T08:17:46.550Z,27.4091086,103.2443447,3148.681,-0.288,0.084,-0.326,0.538,0.927,0.289,16
$GNSS,2025-05-04T08:17:46.600Z,27.4091085,103.2443448,3148.690,-0.366,0.088,-0.323,0.539,0.927,0.288,16
$GNSS,2025-05-04T08:17:46.650Z,27.4091084,103.2443448,3148.702,-0.265,-0.004,-0.288,0.539,0.928,0.285,15
$GNSS,2025-05-04T08:17:46.700Z,27.4091082,103.2443447,3148.695,-0.417,-0.028,-0.174,0.539,0.928,0.258,15
$GNSS,2025-05-04T08:17:46.750Z,27.4091079,103.2443446,3148.697,-0.474,-0.193,-0.188,0.539,0.928,0.260,15
$GNSS,2025-05-04T08:17:46.800Z,27.4091078,103.2443445,3148.703,-0.365,-0.245,-0.241,0.539,0.929,0.265,15
$GNSS,2025-05-04T08:17:46.850Z,27.4091076,103.2443443,3148.719,-0.406,-0.282,-0.280,0.540,0.929,0.261,16
$GNSS,2025-05-04T08:17:46.900Z,27.4091075,103.2443440,3148.694,-0.293,-0.546,-0.100,0.540,0.929,0.208,16
$GNSS,2025-05-04T08:17:46.950Z,27.4091072,103.2443436,3148.640,-0.458,-0.814,0.037,0.540,0.929,0.199,16
$GNSS,2025-05-04T08:17:47.000Z,27.4091069,103.2443432,3148.632,-0.555,-0.648,-0.018,0.540,0.930,0.232,16
$GNSS,2025-05-04T08:17:47.050Z,27.4091067,103.2443430,3148.633,-0.581,-0.472,-0.004,0.540,0.930,0.235,16
$GNSS,2025-05-04T08:17:47.100Z,27.4091064,103.2443427,3148.628,-0.581,-0.441,0.043,0.540,0.930,0.225,16
$GNSS,2025-05-04T08:17:47.150Z,27.4091062,103.2443425,3148.613,-0.548,-0.479,0.113,0.540,0.931,0.226,16
$GNSS,2025-05-04T08:17:47.200Z,27.4091059,103.2443422,3148.607,-0.532,-0.427,0.060,0.540,0.931,0.236,16
$GNSS,2025-05-04T08:17:47.250Z,27.4091056,103.2443420,3148.617,-0.701,-0.388,-0.080,0.540,0.931,0.227,16
$GNSS,2025-05-04T08:17:47.300Z,27.4091054,103.2443417,3148.603,-0.580,-0.403,-0.048,0.540,0.931,0.225,16
$GNSS,2025-05-04T08:17:47.350Z,27.4091052,103.2443415,3148.618,-0.547,-0.453,-0.146,0.541,0.932,0.247,16
$GNSS,2025-05-04T08:17:47.400Z,27.4091051,103.2443413,3148.657,-0.327,-0.235,-0.240,0.541,0.932,0.270,16
$GNSS,2025-05-04T08:17:47.450Z,27.4091050,103.2443412,3148.641,-0.325,-0.260,-0.040,0.541,0.931,0.199,16
$GNSS,2025-05-04T08:17:47.500Z,27.4091048,103.2443409,3148.607,-0.405,-0.377,0.085,0.541,0.932,0.213,16
$GNSS,2025-05-04T08:17:47.550Z,27.4091045,103.2443408,3148.595,-0.551,-0.203,0.077,0.541,0.932,0.219,16
$GNSS,2025-05-04T08:17:47.600Z,27.4091043,103.2443407,3148.592,-0.549,-0.020,0.082,0.541,0.932,0.222,16
$GNSS,2025-05-04T08:17:47.650Z,27.4091041,103.2443407,3148.596,-0.538,0.054,0.005,0.541,0.932,0.201,16
$GNSS,2025-05-04T08:17:47.700Z,27.4091038,103.2443407,3148.583,-0.589,-0.051,-0.015,0.541,0.932,0.210,16
$GNSS,2025-05-04T08:17:47.750Z,27.4091037,103.2443407,3148.575,-0.385,0.025,-0.016,0.541,0.932,0.206,16
$GNSS,2025-05-04T08:17:47.800Z,27.4091034,103.2443406,3148.576,-0.525,-0.027,0.019,0.541,0.932,0.206,16
$GNSS,2025-05-04T08:17:47.850Z,27.4091033,103.2443408,3148.554,-0.378,0.242,0.106,0.541,0.932,0.171,16
$GNSS,2025-05-04T08:17:47.900Z,27.4091031,103.2443409,3148.548,-0.430,0.298,0.039,0.541,0.933,0.163,16
$GNSS,2025-05-04T08:17:47.950Z,27.4091028,103.2443409,3148.544,-0.582,0.143,-0.012,0.541,0.933,0.198,16
$GNSS,2025-05-04T08:17:48.000Z,27.4091025,103.2443410,3148.526,-0.714,0.194,-0.035,0.541,0.933,0.216,15
$GNSS,2025-05-04T08:17:48.050Z,27.4091022,103.2443411,3148.527,-0.520,0.200,-0.044,0.541,0.933,0.195,16
$GNSS,2025-05-04T08:17:48.100Z,27.4091020,103.2443411,3148.534,-0.330,0.082,-0.051,0.541,0.933,0.209,16
$GNSS,2025-05-04T08:17:48.150Z,27.4091018,103.2443411,3148.540,-0.274,0.136,-0.059,0.541,0.933,0.182,16
$GNSS,2025-05-04T08:17:48.200Z,27.4091018,103.2443412,3148.549,-0.104,0.111,-0.115,0.541,0.933,0.212,16
$GNSS,2025-05-04T08:17:48.250Z,27.4091018,103.2443412,3148.547,-0.025,0.059,-0.176,0.541,0.933,0.252,16
$GNSS,2025-05-04T08:17:48.300Z,27.4091018,103.2443411,3148.555,0.001,-0.070,-0.215,0.542,0.933,0.256,16
$GNSS,2025-05-04T08:17:48.350Z,27.4091018,103.2443410,3148.549,0.072,-0.165,-0.156,0.542,0.933,0.219,16
$GNSS,2025-05-04T08:17:48.400Z,27.4091018,103.2443409,3148.528,-0.009,-0.188,-0.077,0.542,0.933,0.193,16
$GNSS,2025-05-04T08:17:48.450Z,27.4091018,103.2443408,3148.524,-0.031,-0.171,-0.062,0.542,0.933,0.191,16
$GNSS,2025-05-04T08:17:48.500Z,27.4091018,103.2443407,3148.541,-0.115,-0.090,-0.107,0.542,0.933,0.263,16
$GNSS,2025-05-04T08:17:48.550Z,27.4091017,103.2443405,3148.535,-0.176,-0.204,-0.077,0.543,0.933,0.229,16
$GNSS,2025-05-04T08:17:48.600Z,27.4091017,103.2443404,3148.524,-0.073,-0.309,-0.037,0.543,0.933,0.154,16
$GNSS,2025-05-04T08:17:48.650Z,27.4091016,103.2443402,3148.507,-0.161,-0.277,0.027,0.543,0.933,0.160,16
$GNSS,2025-05-04T08:17:48.700Z,27.4091015,103.2443400,3148.488,-0.245,-0.339,0.012,0.543,0.933,0.188,16
$GNSS,2025-05-04T08:17:48.750Z,27.4091013,103.2443398,3148.492,-0.300,-0.335,-0.029,0.543,0.933,0.195,15
$GNSS,2025-05-04T08:17:48.800Z,27.4091012,103.2443397,3148.499,-0.355,-0.228,-0.049,0.544,0.933,0.227,15
$GNSS,2025-05-04T08:17:48.850Z,27.4091011,103.2443395,3148.497,-0.208,-0.359,-0.058,0.544,0.933,0.178,16
$GNSS,2025-05-04T08:17:48.900Z,27.4091009,103.2443393,3148.497,-0.341,-0.324,-0.195,0.544,0.933,0.223,16
$GNSS,2025-05-04T08:17:48.950Z,27.4091007,103.2443391,3148.504,-0.342,-0.200,-0.256,0.544,0.933,0.250,15
$GNSS,2025-05-04T08:17:49.000Z,27.4091005,103.2443390,3148.495,-0.388,-0.180,-0.103,0.544,0.934,0.228,15
$GNSS,2025-05-04T08:17:49.050Z,27.4091004,103.2443389,3148.486,-0.324,-0.198,0.006,0.544,0.934,0.205,14
$GNSS,2025-05-04T08:17:49.100Z,27.4091003,103.2443387,3148.467,-0.179,-0.243,0.032,0.544,0.934,0.177,14
$GNSS,2025-05-04T08:17:49.150Z,27.4091003,103.2443386,3148.458,-0.095,-0.283,0.044,0.544,0.935,0.158,14
$GNSS,2025-05-04T08:17:49.200Z,27.4091001,103.2443385,3148.466,-0.279,-0.096,-0.097,0.545,0.935,0.260,14
$GNSS,2025-05-04T08:17:49.250Z,27.4091000,103.2443385,3148.459,-0.347,0.045,-0.030,0.545,0.935,0.253,14
$GNSS,2025-05-04T08:17:49.300Z,27.4090999,103.2443384,3148.451,-0.220,-0.062,0.010,0.545,0.935,0.261,14
$GNSS,2025-05-04T08:17:49.350Z,27.4090997,103.2443384,3148.449,-0.274,0.014,-0.041,0.546,0.935,0.287,14
$GNSS,2025-05-04T08:17:49.400Z,27.4090995,103.2443385,3148.428,-0.363,0.129,-0.039,0.546,0.935,0.290,14
$GNSS,2025-05-04T08:17:49.450Z,27.4090994,103.2443385,3148.407,-0.225,0.062,0.001,0.546,0.935,0.275,14
$GNSS,2025-05-04T08:17:49.500Z,27.4090993,103.2443386,3148.379,-0.177,0.271,0.073,0.546,0.935,0.196,14
$GNSS,2025-05-04T08:17:49.550Z,27.4090993,103.2443388,3148.367,-0.186,0.289,0.070,0.547,0.935,0.198,14
$GNSS,2025-05-04T08:17:49.600Z,27.4090991,103.2443389,3148.353,-0.331,0.261,0.054,0.547,0.935,0.221,14
$GNSS,2025-05-04T08:17:49.650Z,27.4090989,103.2443391,3148.345,-0.429,0.412,-0.007,0.547,0.935,0.234,14
$GNSS,2025-05-04T08:17:49.700Z,27.4090986,103.2443392,3148.354,-0.561,0.419,-0.055,0.548,0.935,0.256,14
$GNSS,2025-05-04T08:17:49.750Z,27.4090984,103.2443394,3148.366,-0.465,0.430,-0.209,0.548,0.935,0.259,14
$GNSS,2025-05-04T08:17:49.800Z,27.4090984,103.2443396,3148.361,-0.155,0.326,-0.178,0.548,0.936,0.217,14
$GNSS,2025-05-04T08:17:49.850Z,27.4090983,103.2443397,3148.335,-0.204,0.232,-0.007,0.549,0.936,0.222,15
$GNSS,2025-05-04T08:17:49.900Z,27.4090981,103.2443398,3148.323,-0.401,0.264,0.085,0.549,0.936,0.241,15
$GNSS,2025-05-04T08:17:49.950Z,27.4090978,103.2443400,3148.317,-0.554,0.361,0.077,0.549,0.936,0.242,15
$GNSS,2025-05-04T08:17:50.000Z,27.4090977,103.2443402,3148.321,-0.427,0.403,-0.009,0.550,0.936,0.236,15
$GNSS,2025-05-04T08:17:50.050Z,27.4090975,103.2443403,3148.317,-0.408,0.262,-0.073,0.550,0.936,0.249,15
$GNSS,2025-05-04T08:17:50.100Z,27.4090974,103.2443404,3148.324,-0.199,0.230,-0.101,0.550,0.936,0.243,15
$GNSS,2025-05-04T08:17:50.150Z,27.4090974,103.2443404,3148.309,-0.045,0.110,0.042,0.550,0.936,0.187,15
$GNSS,2025-05-04T08:17:50.200Z,27.4090974,103.2443404,3148.296,-0.029,-0.121,0.015,0.550,0.936,0.170,15
$GNSS,2025-05-04T08:17:50.250Z,27.4090974,103.2443403,3148.290,0.043,-0.134,-0.051,0.551,0.936,0.180,15
$GNSS,2025-05-04T08:17:50.300Z,27.4090975,103.2443402,3148.306,0.100,-0.145,-0.098,0.551,0.936,0.196,15
$GNSS,2025-05-04T08:17:50.350Z,27.4090976,103.2443402,3148.303,0.180,-0.013,-0.013,0.551,0.935,0.251,15
$GNSS,2025-05-04T08:17:50.400Z,27.4090977,103.2443402,3148.293,0.196,-0.023,0.046,0.551,0.935,0.269,15
$GNSS,2025-05-04T08:17:50.450Z,27.4090977,103.2443401,3148.270,0.083,-0.088,0.060,0.551,0.935,0.249,15
$GNSS,2025-05-04T08:17:50.500Z,27.4090977,103.2443401,3148.276,0.005,-0.086,-0.035,0.552,0.935,0.174,15
$GNSS,2025-05-04T08:17:50.550Z,27.4090977,103.2443400,3148.273,0.028,-0.171,-0.031,0.552,0.935,0.162,15
$GNSS,2025-05-04T08:17:50.600Z,27.4090978,103.2443399,3148.279,0.146,-0.114,-0.129,0.552,0.935,0.197,15
$GNSS,2025-05-04T08:17:50.650Z,27.4090979,103.2443399,3148.267,0.106,-0.100,-0.091,0.552,0.935,0.192,15
$GNSS,2025-05-04T08:17:50.700Z,27.4090978,103.2443399,3148.251,-0.007,0.013,-0.072,0.552,0.935,0.231,15
$GNSS,2025-05-04T08:17:50.750Z,27.4090978,103.2443399,3148.244,-0.074,0.025,-0.045,0.553,0.934,0.248,15
$GNSS,2025-05-04T08:17:50.800Z,27.4090979,103.2443399,3148.250,0.048,0.010,0.039,0.553,0.934,0.257,15
$GNSS,2025-05-04T08:17:50.850Z,27.4090979,103.2443398,3148.238,0.094,-0.109,0.013,0.553,0.934,0.197,15
$GNSS,2025-05-04T08:17:50.900Z,27.4090980,103.2443398,3148.226,0.036,-0.046,-0.011,0.553,0.935,0.188,15
$GNSS,2025-05-04T08:17:50.950Z,27.4090979,103.2443398,3148.218,-0.128,-0.042,0.035,0.553,0.935,0.232,14
$GNSS,2025-05-04T08:17:51.000Z,27.4090979,103.2443398,3148.222,-0.101,0.022,0.009,0.553,0.935,0.248,14
$GNSS,2025-05-04T08:17:51.050Z,27.4090978,103.2443398,3148.216,-0.141,0.006,0.089,0.553,0.935,0.215,14
$GNSS,2025-05-04T08:17:51.100Z,27.4090978,103.2443397,3148.216,-0.116,0.014,0.025,0.554,0.935,0.241,14
$GNSS,2025-05-04T08:17:51.150Z,27.4090977,103.2443397,3148.214,-0.097,0.028,-0.038,0.554,0.935,0.276,14
$GNSS,2025-05-04T08:17:51.200Z,27.4090978,103.2443398,3148.220,0.017,0.068,-0.156,0.554,0.935,0.216,14
$GNSS,2025-05-04T08:17:51.250Z,27.4090977,103.2443397,3148.218,-0.046,-0.064,-0.190,0.554,0.936,0.264,14
$GNSS,2025-05-04T08:17:51.300Z,27.4090977,103.2443397,3148.206,-0.071,-0.046,-0.060,0.554,0.936,0.265,14
$GNSS,2025-05-04T08:17:51.350Z,27.4090977,103.2443397,3148.204,-0.028,-0.017,0.006,0.555,0.936,0.202,14
$GNSS,2025-05-04T08:17:51.400Z,27.4090977,103.2443396,3148.221,-0.164,-0.095,-0.022,0.555,0.936,0.221,15
$GNSS,2025-05-04T08:17:51.450Z,27.4090976,103.2443395,3148.222,-0.306,-0.165,-0.022,0.555,0.936,0.225,15
$GNSS,2025-05-04T08:17:51.500Z,27.4090974,103.2443394,3148.216,-0.388,-0.250,-0.035,0.555,0.936,0.225,15
$GNSS,2025-05-04T08:17:51.550Z,27.4090971,103.2443392,3148.183,-0.559,-0.449,-0.039,0.555,0.936,0.252,15
$GNSS,2025-05-04T08:17:51.600Z,27.4090971,103.2443391,3148.177,-0.301,-0.171,-0.020,0.555,0.936,0.235,16
$GNSS,2025-05-04T08:17:51.650Z,27.4090970,103.2443391,3148.164,-0.147,0.032,0.080,0.555,0.937,0.207,16
$GNSS,2025-05-04T08:17:51.700Z,27.4090969,103.2443392,3148.154,-0.197,0.068,0.078,0.555,0.937,0.201,16
$GNSS,2025-05-04T08:17:51.750Z,27.4090969,103.2443391,3148.163,-0.063,-0.018,0.028,0.555,0.937,0.213,16
$GNSS,2025-05-04T08:17:51.800Z,27.4090968,103.2443391,3148.162,-0.223,-0.071,-0.041,0.555,0.937,0.240,16
$GNSS,2025-05-04T08:17:51.850Z,27.4090968,103.2443391,3148.161,-0.089,-0.058,-0.070,0.555,0.937,0.255,16
$GNSS,2025-05-04T08:17:51.900Z,27.4090968,103.2443391,3148.179,-0.114,0.024,-0.197,0.555,0.937,0.251,16
$GNSS,2025-05-04T08:17:51.950Z,27.4090968,103.2443391,3148.166,-0.040,0.129,-0.151,0.555,0.937,0.203,16
$GNSS,2025-05-04T08:17:52.000Z,27.4090967,103.2443392,3148.151,-0.156,0.082,-0.083,0.555,0.937,0.212,15
$GNSS,2025-05-04T08:17:52.050Z,27.4090967,103.2443392,3148.153,-0.132,0.041,0.053,0.555,0.938,0.188,15
$GNSS,2025-05-04T08:17:52.100Z,27.4090967,103.2443391,3148.146,-0.076,-0.146,0.128,0.555,0.938,0.198,15
$GNSS,2025-05-04T08:17:52.150Z,27.4090967,103.2443390,3148.142,0.049,-0.274,0.006,0.555,0.938,0.179,15
$GNSS,2025-05-04T08:17:52.200Z,27.4090967,103.2443389,3148.137,0.077,-0.054,-0.100,0.555,0.938,0.206,16
$GNSS,2025-05-04T08:17:52.250Z,27.4090967,103.2443390,3148.135,-0.008,0.024,-0.041,0.555,0.939,0.226,15
$GNSS,2025-05-04T08:17:52.300Z,27.4090966,103.2443389,3148.136,-0.053,-0.017,0.091,0.556,0.939,0.211,15
$GNSS,2025-05-04T08:17:52.350Z,27.4090966,103.2443389,3148.146,-0.039,-0.059,-0.009,0.556,0.939,0.215,16
$GNSS,2025-05-04T08:17:52.400Z,27.4090965,103.2443389,3148.129,-0.072,-0.046,0.012,0.556,0.939,0.203,16
$GNSS,2025-05-04T08:17:52.450Z,27.4090964,103.2443388,3148.135,-0.138,-0.063,-0.094,0.556,0.940,0.237,16
$GNSS,2025-05-04T08:17:52.500Z,27.4090964,103.2443388,3148.128,0.061,-0.025,0.001,0.556,0.940,0.187,16
$GNSS,2025-05-04T08:17:52.550Z,27.4090963,103.2443388,3148.127,-0.047,-0.072,-0.028,0.556,0.940,0.238,16
$GNSS,2025-05-04T08:17:52.600Z,27.4090962,103.2443387,3148.125,-0.049,-0.049,-0.020,0.556,0.941,0.238,16
$GNSS,2025-05-04T08:17:52.650Z,27.4090962,103.2443387,3148.117,-0.056,-0.089,0.052,0.556,0.941,0.222,16
$GNSS,2025-05-04T08:17:52.700Z,27.4090961,103.2443386,3148.115,0.022,-0.032,0.089,0.556,0.941,0.232,15
$GNSS,2025-05-04T08:17:52.750Z,27.4090961,103.2443386,3148.111,0.036,0.011,0.049,0.556,0.942,0.245,15
$GNSS,2025-05-04T08:17:52.800Z,27.4090961,103.2443386,3148.111,0.136,-0.003,-0.013,0.556,0.942,0.204,15
$GNSS,2025-05-04T08:17:52.850Z,27.4090961,103.2443385,3148.107,0.000,-0.033,-0.001,0.556,0.942,0.198,15
$GNSS,2025-05-04T08:17:52.900Z,27.4090960,103.2443385,3148.094,-0.012,-0.020,-0.019,0.556,0.943,0.240,15
$GNSS,2025-05-04T08:17:52.950Z,27.4090960,103.2443385,3148.084,0.097,0.020,-0.028,0.557,0.943,0.217,15
$GNSS,2025-05-04T08:17:53.000Z,27.4090961,103.2443386,3148.079,0.144,0.092,-0.006,0.557,0.943,0.230,15
$GNSS,2025-05-04T08:17:53.050Z,27.4090960,103.2443385,3148.088,0.019,-0.050,-0.032,0.557,0.944,0.199,15
$GNSS,2025-05-04T08:17:53.100Z,27.4090959,103.2443384,3148.094,-0.075,-0.046,-0.066,0.557,0.944,0.244,15
$GNSS,2025-05-04T08:17:53.150Z,27.4090958,103.2443384,3148.091,-0.093,-0.016,-0.045,0.557,0.944,0.235,15
$GNSS,2025-05-04T08:17:53.200Z,27.4090959,103.2443384,3148.079,0.104,0.046,0.007,0.557,0.945,0.231,15
$GNSS,2025-05-04T08:17:53.250Z,27.4090958,103.2443385,3148.070,-0.004,0.060,-0.051,0.557,0.945,0.206,16
$GNSS,2025-05-04T08:17:53.300Z,27.4090958,103.2443384,3148.074,0.051,0.026,-0.101,0.557,0.945,0.219,16
$GNSS,2025-05-04T08:17:53.350Z,27.4090957,103.2443384,3148.072,-0.014,-0.107,-0.060,0.557,0.945,0.223,15
$GNSS,2025-05-04T08:17:53.400Z,27.4090957,103.2443383,3148.064,-0.011,-0.063,0.030,0.557,0.946,0.215,15
$GNSS,2025-05-04T08:17:53.450Z,27.4090957,103.2443384,3148.063,0.049,0.147,0.007,0.557,0.946,0.228,16
$GNSS,2025-05-04T08:17:53.500Z,27.4090956,103.2443384,3148.066,0.052,0.023,-0.071,0.558,0.946,0.224,16
$GNSS,2025-05-04T08:17:53.550Z,27.4090956,103.2443383,3148.055,-0.016,-0.067,-0.054,0.558,0.947,0.228,16
$GNSS,2025-05-04T08:17:53.600Z,27.4090955,103.2443384,3148.055,0.021,0.048,-0.032,0.558,0.947,0.215,16
$GNSS,2025-05-04T08:17:53.650Z,27.4090955,103.2443384,3148.060,0.035,0.101,-0.034,0.558,0.948,0.219,16
$GNSS,2025-05-04T08:17:53.700Z,27.4090955,103.2443383,3148.068,0.114,-0.091,0.034,0.558,0.948,0.182,16
$GNSS,2025-05-04T08:17:53.750Z,27.4090954,103.2443383,3148.065,0.038,-0.034,-0.040,0.558,0.948,0.197,16
$GNSS,2025-05-04T08:17:53.800Z,27.4090953,103.2443383,3148.054,-0.103,-0.003,-0.076,0.558,0.948,0.213,16
$GNSS,2025-05-04T08:17:53.850Z,27.4090953,103.2443383,3148.066,0.032,0.049,-0.093,0.558,0.949,0.216,16
$GNSS,2025-05-04T08:17:53.900Z,27.4090953,103.2443382,3148.070,0.090,-0.008,0.013,0.558,0.949,0.186,16
$GNSS,2025-05-04T08:17:53.950Z,27.4090952,103.2443381,3148.080,0.042,-0.047,-0.028,0.558,0.949,0.187,16
$GNSS,2025-05-04T08:17:54.000Z,27.4090952,103.2443381,3148.087,-0.016,-0.037,-0.047,0.558,0.950,0.234,14
$GNSS,2025-05-04T08:17:54.050Z,27.4090952,103.2443380,3148.101,0.124,0.019,-0.040,0.558,0.950,0.203,15
$GNSS,2025-05-04T08:17:54.100Z,27.4090952,103.2443380,3148.102,0.097,0.029,-0.037,0.558,0.950,0.202,15
$GNSS,2025-05-04T08:17:54.150Z,27.4090952,103.2443381,3148.099,0.127,0.088,-0.040,0.558,0.951,0.207,15
$GNSS,2025-05-04T08:17:54.200Z,27.4090952,103.2443381,3148.102,0.112,0.158,-0.073,0.558,0.951,0.201,15
$GNSS,2025-05-04T08:17:54.250Z,27.4090952,103.2443382,3148.102,0.054,0.054,-0.120,0.558,0.951,0.213,15
$GNSS,2025-05-04T08:17:54.300Z,27.4090952,103.2443382,3148.091,0.017,0.043,-0.110,0.558,0.951,0.218,15
$GNSS,2025-05-04T08:17:54.350Z,27.4090952,103.2443382,3148.077,0.020,0.081,-0.029,0.558,0.951,0.180,15
$GNSS,2025-05-04T08:17:54.400Z,27.4090952,103.2443383,3148.066,0.121,0.090,0.020,0.558,0.951,0.229,15
$GNSS,2025-05-04T08:17:54.450Z,27.4090953,103.2443383,3148.052,0.088,0.103,0.047,0.558,0.951,0.229,15
$GNSS,2025-05-04T08:17:54.500Z,27.4090953,103.2443383,3148.048,0.111,0.125,-0.003,0.558,0.951,0.212,15
$GNSS,2025-05-04T08:17:54.550Z,27.4090953,103.2443383,3148.031,0.112,0.028,0.076,0.558,0.951,0.255,14
$GNSS,2025-05-04T08:17:54.600Z,27.4090953,103.2443384,3148.031,0.066,0.132,0.081,0.558,0.952,0.231,15
$GNSS,2025-05-04T08:17:54.650Z,27.4090953,103.2443384,3148.021,0.050,0.062,-0.002,0.558,0.952,0.228,15
$GNSS,2025-05-04T08:17:54.700Z,27.4090953,103.2443384,3148.021,0.066,-0.014,-0.030,0.558,0.952,0.195,15
$GNSS,2025-05-04T08:17:54.750Z,27.4090953,103.2443383,3148.011,0.016,-0.064,-0.006,0.558,0.952,0.170,14
$GNSS,2025-05-04T08:17:54.800Z,27.4090953,103.2443383,3148.003,-0.026,0.023,0.078,0.558,0.953,0.215,14
$GNSS,2025-05-04T08:17:54.850Z,27.4090953,103.2443383,3148.004,0.021,0.026,0.024,0.559,0.953,0.254,15
$GNSS,2025-05-04T08:17:54.900Z,27.4090953,103.2443383,3147.991,0.036,0.005,0.054,0.559,0.953,0.271,15
$GNSS,2025-05-04T08:17:54.950Z,27.4090954,103.2443382,3147.994,0.154,0.011,0.061,0.559,0.953,0.282,15
$GNSS,2025-05-04T08:17:55.000Z,27.4090954,103.2443382,3147.981,0.016,-0.059,0.042,0.559,0.954,0.195,15
$GNSS,2025-05-04T08:17:55.050Z,27.4090954,103.2443382,3147.971,0.018,0.063,0.042,0.559,0.954,0.221,15
$GNSS,2025-05-04T08:17:55.100Z,27.4090955,103.2443382,3147.975,0.139,0.090,0.077,0.560,0.954,0.275,15
$GNSS,2025-05-04T08:17:55.150Z,27.4090955,103.2443381,3147.969,0.004,-0.079,0.029,0.560,0.955,0.177,15
$GNSS,2025-05-04T08:17:55.200Z,27.4090956,103.2443382,3147.966,0.085,0.077,-0.034,0.560,0.955,0.235,15
$GNSS,2025-05-04T08:17:55.250Z,27.4090955,103.2443381,3147.948,-0.009,-0.077,-0.037,0.560,0.955,0.201,15
$GNSS,2025-05-04T08:17:55.300Z,27.4090956,103.2443380,3147.947,0.071,-0.108,-0.010,0.560,0.955,0.178,15
$GNSS,2025-05-04T08:17:55.350Z,27.4090956,103.2443379,3147.937,0.069,-0.072,0.025,0.561,0.956,0.208,15
$GNSS,2025-05-04T08:17:55.400Z,27.4090957,103.2443379,3147.929,0.089,-0.043,0.040,0.561,0.956,0.238,15
$GNSS,2025-05-04T08:17:55.450Z,27.4090958,103.2443378,3147.923,0.222,-0.164,0.045,0.561,0.956,0.214,15
$GNSS,2025-05-04T08:17:55.500Z,27.4090959,103.2443377,3147.924,0.145,-0.225,-0.038,0.561,0.956,0.193,15
$GNSS,2025-05-04T08:17:55.550Z,27.4090959,103.2443376,3147.913,0.091,-0.116,-0.023,0.561,0.956,0.200,15
$GNSS,2025-05-04T08:17:55.600Z,27.4090959,103.2443376,3147.898,0.088,-0.081,0.033,0.561,0.956,0.259,15
$GNSS,2025-05-04T08:17:55.650Z,27.4090959,103.2443375,3147.904,-0.078,-0.106,-0.032,0.562,0.955,0.236,15
$GNSS,2025-05-04T08:17:55.700Z,27.4090959,103.2443375,3147.899,-0.007,-0.103,0.032,0.562,0.955,0.173,15
$GNSS,2025-05-04T08:17:55.750Z,27.4090959,103.2443374,3147.899,-0.002,-0.073,0.040,0.562,0.956,0.180,15
$GNSS,2025-05-04T08:17:55.800Z,27.4090960,103.2443374,3147.902,0.091,-0.105,0.030,0.562,0.956,0.210,15
$GNSS,2025-05-04T08:17:55.850Z,27.4090959,103.2443374,3147.893,-0.030,-0.017,-0.074,0.563,0.956,0.257,15
$GNSS,2025-05-04T08:17:55.900Z,27.4090959,103.2443373,3147.873,-0.032,-0.023,-0.103,0.563,0.956,0.251,15
$GNSS,2025-05-04T08:17:55.950Z,27.4090959,103.2443373,3147.861,0.003,-0.030,-0.058,0.563,0.956,0.217,15
$GNSS,2025-05-04T08:17:56.000Z,27.4090959,103.2443374,3147.864,0.042,0.074,0.006,0.563,0.956,0.202,15
$GNSS,2025-05-04T08:17:56.050Z,27.4090960,103.2443374,3147.856,0.067,0.011,0.070,0.563,0.956,0.282,15
$GNSS,2025-05-04T08:17:56.100Z,27.4090960,103.2443373,3147.870,0.038,-0.012,-0.016,0.564,0.956,0.233,15
$GNSS,2025-05-04T08:17:56.150Z,27.4090960,103.2443373,3147.865,-0.118,0.026,-0.029,0.564,0.956,0.294,15
$GNSS,2025-05-04T08:17:56.200Z,27.4090960,103.2443373,3147.854,-0.044,-0.021,-0.026,0.564,0.956,0.289,15
$GNSS,2025-05-04T08:17:56.250Z,27.4090959,103.2443373,3147.846,-0.061,-0.033,0.015,0.565,0.956,0.243,15
$GNSS,2025-05-04T08:17:56.300Z,27.4090959,103.2443373,3147.827,-0.002,-0.024,0.099,0.565,0.956,0.227,15
$GNSS,2025-05-04T08:17:56.350Z,27.4090960,103.2443373,3147.828,0.118,0.014,0.084,0.565,0.955,0.305,15
$GNSS,2025-05-04T08:17:56.400Z,27.4090960,103.2443372,3147.819,-0.014,-0.053,0.048,0.565,0.955,0.169,15
$GNSS,2025-05-04T08:17:56.450Z,27.4090960,103.2443372,3147.820,0.039,-0.017,-0.093,0.566,0.955,0.197,15
$GNSS,2025-05-04T08:17:56.500Z,27.4090960,103.2443372,3147.817,-0.044,-0.008,-0.089,0.566,0.955,0.276,15
$GNSS,2025-05-04T08:17:56.550Z,27.4090960,103.2443372,3147.809,0.020,0.013,0.047,0.566,0.954,0.264,15
$GNSS,2025-05-04T08:17:56.600Z,27.4090960,103.2443372,3147.815,-0.043,0.000,-0.019,0.566,0.954,0.306,15
$GNSS,2025-05-04T08:17:56.650Z,27.4090961,103.2443372,3147.807,0.089,-0.025,0.034,0.567,0.954,0.301,15
$GNSS,2025-05-04T08:17:56.700Z,27.4090961,103.2443371,3147.794,0.039,-0.051,0.063,0.567,0.954,0.254,15
$GNSS,2025-05-04T08:17:56.750Z,27.4090961,103.2443371,3147.791,0.010,0.004,0.045,0.567,0.954,0.250,15
$GNSS,2025-05-04T08:17:56.800Z,27.4090962,103.2443371,3147.786,0.070,-0.010,0.125,0.567,0.953,0.269,15
$GNSS,2025-05-04T08:17:56.850Z,27.4090962,103.2443370,3147.784,0.133,-0.071,0.059,0.567,0.953,0.277,15
$GNSS,2025-05-04T08:17:56.900Z,27.4090963,103.2443369,3147.796,0.036,-0.128,-0.025,0.568,0.953,0.180,15
$GNSS,2025-05-04T08:17:56.950Z,27.4090963,103.2443370,3147.789,0.033,0.015,-0.058,0.568,0.953,0.179,15
$GNSS,2025-05-04T08:17:57.000Z,27.4090962,103.2443370,3147.786,-0.066,0.018,-0.088,0.568,0.953,0.276,15
$GNSS,2025-05-04T08:17:57.050Z,27.4090963,103.2443369,3147.789,0.069,-0.064,-0.042,0.568,0.953,0.212,15
$GNSS,2025-05-04T08:17:57.100Z,27.4090963,103.2443369,3147.784,-0.027,-0.059,-0.057,0.569,0.953,0.209,15
$GNSS,2025-05-04T08:17:57.150Z,27.4090963,103.2443369,3147.784,-0.052,0.020,-0.063,0.569,0.952,0.271,15
$GNSS,2025-05-04T08:17:57.200Z,27.4090962,103.2443369,3147.778,-0.088,0.022,-0.049,0.569,0.952,0.275,15
$GNSS,2025-05-04T08:17:57.250Z,27.4090963,103.2443368,3147.777,0.009,-0.039,-0.035,0.569,0.952,0.186,15
$GNSS,2025-05-04T08:17:57.300Z,27.4090962,103.2443368,3147.774,-0.006,-0.006,-0.039,0.569,0.952,0.245,15
$GNSS,2025-05-04T08:17:57.350Z,27.4090963,103.2443368,3147.769,0.006,0.044,-0.020,0.569,0.952,0.157,15
$GNSS,2025-05-04T08:17:57.400Z,27.4090963,103.2443368,3147.778,-0.032,0.016,-0.067,0.570,0.952,0.264,15
$GNSS,2025-05-04T08:17:57.450Z,27.4090963,103.2443367,3147.772,0.075,-0.076,0.039,0.570,0.952,0.250,15
$GNSS,2025-05-04T08:17:57.500Z,27.4090963,103.2443367,3147.765,0.002,-0.052,-0.034,0.570,0.951,0.176,15
$GNSS,2025-05-04T08:17:57.550Z,27.4090962,103.2443367,3147.752,-0.061,0.064,-0.083,0.570,0.951,0.261,15
$GNSS,2025-05-04T08:17:57.600Z,27.4090963,103.2443368,3147.736,0.089,0.088,-0.041,0.570,0.951,0.157,15
$GNSS,2025-05-04T08:17:57.650Z,27.4090963,103.2443368,3147.731,0.071,0.123,0.039,0.570,0.951,0.181,15
$GNSS,2025-05-04T08:17:57.700Z,27.4090963,103.2443370,3147.718,-0.111,0.259,0.042,0.571,0.951,0.183,15
$GNSS,2025-05-04T08:17:57.750Z,27.4090962,103.2443371,3147.706,-0.179,0.337,0.074,0.571,0.950,0.187,15
$GNSS,2025-05-04T08:17:57.800Z,27.4090961,103.2443373,3147.698,-0.219,0.311,0.042,0.571,0.950,0.196,15
$GNSS,2025-05-04T08:17:57.850Z,27.4090961,103.2443374,3147.702,-0.120,0.276,0.005,0.571,0.950,0.179,15
$GNSS,2025-05-04T08:17:57.900Z,27.4090960,103.2443375,3147.697,-0.099,0.243,0.028,0.572,0.950,0.181,15
$GNSS,2025-05-04T08:17:57.950Z,27.4090959,103.2443376,3147.681,-0.258,0.169,0.039,0.572,0.950,0.247,15
$GNSS,2025-05-04T08:17:58.000Z,27.4090959,103.2443376,3147.671,-0.054,0.152,0.151,0.572,0.950,0.196,15
$GNSS,2025-05-04T08:17:58.050Z,27.4090958,103.2443376,3147.662,-0.242,0.062,0.126,0.573,0.950,0.238,15
$GNSS,2025-05-04T08:17:58.100Z,27.4090957,103.2443377,3147.650,-0.315,0.101,0.147,0.573,0.951,0.241,15
$GNSS,2025-05-04T08:17:58.150Z,27.4090956,103.2443377,3147.645,-0.191,0.013,0.160,0.573,0.951,0.231,15
$GNSS,2025-05-04T08:17:58.200Z,27.4090955,103.2443378,3147.642,-0.147,0.115,0.139,0.573,0.951,0.219,15
$GNSS,2025-05-04T08:17:58.250Z,27.4090955,103.2443378,3147.647,-0.005,0.101,0.070,0.573,0.952,0.233,14
$GNSS,2025-05-04T08:17:58.300Z,27.4090954,103.2443378,3147.677,-0.074,0.077,-0.115,0.573,0.952,0.219,15
$GNSS,2025-05-04T08:17:58.350Z,27.4090953,103.2443379,3147.698,-0.090,0.116,-0.159,0.573,0.952,0.219,14
$GNSS,2025-05-04T08:17:58.400Z,27.4090953,103.2443379,3147.705,0.203,0.064,-0.125,0.573,0.952,0.209,13
$GNSS,2025-05-04T08:17:58.450Z,27.4090952,103.2443378,3147.676,0.003,-0.134,-0.104,0.573,0.953,0.246,13
$GNSS,2025-05-04T08:17:58.500Z,27.4090951,103.2443378,3147.675,0.061,-0.081,-0.120,0.573,0.953,0.257,13
$GNSS,2025-05-04T08:17:58.550Z,27.4090950,103.2443378,3147.673,-0.047,-0.010,-0.030,0.573,0.953,0.215,13
$GNSS,2025-05-04T08:17:58.600Z,27.4090949,103.2443379,3147.678,-0.028,0.059,0.019,0.573,0.953,0.277,13
$GNSS,2025-05-04T08:17:58.650Z,27.4090948,103.2443379,3147.693,0.006,0.043,-0.112,0.573,0.953,0.220,13
$GNSS,2025-05-04T08:17:58.700Z,27.4090948,103.2443379,3147.704,0.057,0.034,-0.182,0.573,0.953,0.238,13
$GNSS,2025-05-04T08:17:58.750Z,27.4090947,103.2443379,3147.697,0.064,-0.062,-0.123,0.573,0.953,0.316,13
$GNSS,2025-05-04T08:17:58.800Z,27.4090947,103.2443378,3147.695,0.131,-0.055,-0.078,0.573,0.953,0.307,13
$GNSS,2025-05-04T08:17:58.850Z,27.4090946,103.2443379,3147.704,-0.024,-0.029,-0.040,0.573,0.954,0.256,13
$GNSS,2025-05-04T08:17:58.900Z,27.4090945,103.2443378,3147.712,-0.021,-0.046,-0.016,0.573,0.954,0.224,13
$GNSS,2025-05-04T08:17:58.950Z,27.4090945,103.2443378,3147.721,0.146,-0.091,-0.095,0.573,0.954,0.317,13
$GNSS,2025-05-04T08:17:59.000Z,27.4090946,103.2443377,3147.720,0.257,-0.085,-0.106,0.573,0.954,0.299,13
$GNSS,2025-05-04T08:17:59.050Z,27.4090946,103.2443376,3147.724,0.148,-0.135,-0.118,0.573,0.954,0.329,13
$GNSS,2025-05-04T08:17:59.100Z,27.4090945,103.2443377,3147.726,0.093,0.048,0.031,0.573,0.955,0.196,13
$GNSS,2025-05-04T08:17:59.150Z,27.4090944,103.2443377,3147.729,0.079,-0.101,0.024,0.573,0.955,0.209,14
$GNSS,2025-05-04T08:17:59.200Z,27.4090944,103.2443376,3147.727,0.034,-0.066,0.015,0.573,0.956,0.214,14
$GNSS,2025-05-04T08:17:59.250Z,27.4090943,103.2443376,3147.724,0.040,-0.069,0.036,0.573,0.956,0.196,15
$GNSS,2025-05-04T08:17:59.300Z,27.4090942,103.2443376,3147.728,-0.032,0.046,0.065,0.572,0.957,0.241,15
$GNSS,2025-05-04T08:17:59.350Z,27.4090941,103.2443377,3147.743,-0.105,0.095,0.009,0.572,0.957,0.197,14
$GNSS,2025-05-04T08:17:59.400Z,27.4090939,103.2443377,3147.756,-0.185,0.008,-0.076,0.572,0.958,0.215,14
$GNSS,2025-05-04T08:17:59.450Z,27.4090939,103.2443376,3147.753,-0.105,-0.060,-0.154,0.572,0.958,0.267,14
$GNSS,2025-05-04T08:17:59.550Z,27.4090938,103.2443376,3147.745,-0.043,0.004,-0.015,0.573,0.961,0.225,14
$GNSS,2025-05-04T08:17:59.600Z,27.4090937,103.2443376,3147.738,-0.015,-0.047,-0.063,0.573,0.961,0.282,14
$GNSS,2025-05-04T08:17:59.650Z,27.4090937,103.2443375,3147.724,-0.015,0.013,-0.094,0.573,0.962,0.280,14
$GNSS,2025-05-04T08:17:59.700Z,27.4090937,103.2443375,3147.718,0.133,0.035,-0.085,0.572,0.963,0.207,14
$GNSS,2025-05-04T08:17:59.750Z,27.4090938,103.2443376,3147.718,0.131,0.051,-0.051,0.572,0.963,0.199,14
$GNSS,2025-05-04T08:17:59.800Z,27.4090937,103.2443375,3147.729,-0.032,0.008,-0.074,0.572,0.964,0.273,14
$GNSS,2025-05-04T08:17:59.850Z,27.4090937,103.2443376,3147.717,0.068,0.107,-0.035,0.572,0.964,0.208,14
$GNSS,2025-05-04T08:17:59.900Z,27.4090937,103.2443375,3147.695,0.006,-0.091,-0.043,0.572,0.965,0.210,14
$GNSS,2025-05-04T08:17:59.950Z,27.4090937,103.2443375,3147.680,-0.016,0.003,-0.062,0.572,0.965,0.274,15
$GNSS,2025-05-04T08:18:00.000Z,27.4090937,103.2443375,3147.684,-0.001,0.039,-0.072,0.572,0.965,0.232,15
$GNSS,2025-05-04T08:18:00.050Z,27.4090937,103.2443375,3147.684,0.029,0.001,-0.022,0.572,0.965,0.206,15
$GNSS,2025-05-04T08:18:00.100Z,27.4090937,103.2443375,3147.676,0.014,0.049,0.012,0.572,0.966,0.201,15
$GNSS,2025-05-04T08:18:00.150Z,27.4090938,103.2443375,3147.664,0.123,0.039,-0.014,0.572,0.966,0.219,15
$GNSS,2025-05-04T08:18:00.200Z,27.4090938,103.2443375,3147.652,0.057,0.028,-0.062,0.572,0.966,0.205,15
$GNSS,2025-05-04T08:18:00.250Z,27.4090939,103.2443375,3147.647,0.075,0.022,-0.038,0.572,0.966,0.204,15
$GNSS,2025-05-04T08:18:00.300Z,27.4090938,103.2443374,3147.658,-0.035,-0.111,-0.106,0.572,0.966,0.237,15
$GNSS,2025-05-04T08:18:00.350Z,27.4090939,103.2443374,3147.656,0.044,-0.044,-0.035,0.572,0.967,0.178,15
$GNSS,2025-05-04T08:18:00.400Z,27.4090938,103.2443374,3147.638,-0.032,-0.007,-0.083,0.572,0.967,0.266,15
$GNSS,2025-05-04T08:18:00.450Z,27.4090939,103.2443374,3147.636,-0.019,0.051,-0.053,0.572,0.967,0.205,15
$GNSS,2025-05-04T08:18:00.500Z,27.4090939,103.2443374,3147.638,0.083,0.008,-0.027,0.572,0.967,0.229,15
$GNSS,2025-05-04T08:18:00.550Z,27.4090940,103.2443374,3147.633,0.147,0.005,0.022,0.572,0.967,0.259,15
$GNSS,2025-05-04T08:18:00.600Z,27.4090940,103.2443374,3147.617,0.036,0.022,-0.065,0.572,0.967,0.205,15
$GNSS,2025-05-04T08:18:00.650Z,27.4090941,103.2443374,3147.602,0.027,-0.038,-0.071,0.572,0.968,0.212,15
$GNSS,2025-05-04T08:18:00.700Z,27.4090941,103.2443374,3147.595,0.018,0.022,-0.092,0.572,0.968,0.222,15
$GNSS,2025-05-04T08:18:00.750Z,27.4090940,103.2443374,3147.600,-0.063,0.025,-0.049,0.572,0.968,0.239,15
$GNSS,2025-05-04T08:18:00.800Z,27.4090941,103.2443374,3147.607,-0.016,0.039,-0.026,0.572,0.968,0.178,15
$GNSS,2025-05-04T08:18:00.850Z,27.4090941,103.2443374,3147.589,-0.020,-0.015,0.036,0.572,0.968,0.207,15
$GNSS,2025-05-04T08:18:00.900Z,27.4090941,103.2443374,3147.569,0.098,0.042,0.054,0.572,0.969,0.279,15
$GNSS,2025-05-04T08:18:00.950Z,27.4090941,103.2443374,3147.571,-0.006,-0.007,-0.073,0.572,0.969,0.266,15
$GNSS,2025-05-04T08:18:01.000Z,27.4090941,103.2443373,3147.559,0.034,-0.037,-0.071,0.572,0.969,0.219,15
$GNSS,2025-05-04T08:18:01.050Z,27.4090941,103.2443373,3147.556,-0.038,-0.034,-0.036,0.572,0.969,0.273,15
$GNSS,2025-05-04T08:18:01.100Z,27.4090942,103.2443373,3147.546,-0.011,-0.002,0.058,0.572,0.970,0.240,15
$GNSS,2025-05-04T08:18:01.150Z,27.4090942,103.2443373,3147.534,-0.014,0.020,0.043,0.573,0.970,0.229,15
$GNSS,2025-05-04T08:18:01.200Z,27.4090942,103.2443373,3147.521,0.018,0.034,-0.001,0.573,0.970,0.194,15
$GNSS,2025-05-04T08:18:01.250Z,27.4090942,103.2443373,3147.527,-0.015,0.002,-0.029,0.573,0.970,0.264,15
$GNSS,2025-05-04T08:18:01.300Z,27.4090943,103.2443373,3147.518,-0.034,0.080,0.059,0.573,0.970,0.186,15
$GNSS,2025-05-04T08:18:01.350Z,27.4090942,103.2443373,3147.515,-0.077,0.010,0.015,0.573,0.970,0.235,15
$GNSS,2025-05-04T08:18:01.400Z,27.4090942,103.2443372,3147.494,-0.069,-0.106,0.029,0.573,0.970,0.206,15
$GNSS,2025-05-04T08:18:01.450Z,27.4090943,103.2443372,3147.497,0.065,-0.020,-0.001,0.573,0.970,0.227,15
$GNSS,2025-05-04T08:18:01.500Z,27.4090944,103.2443372,3147.496,-0.005,0.009,0.069,0.573,0.970,0.230,15
$GNSS,2025-05-04T08:18:01.550Z,27.4090944,103.2443373,3147.495,-0.060,0.087,0.079,0.573,0.970,0.185,15
$GNSS,2025-05-04T08:18:01.600Z,27.4090944,103.2443372,3147.494,0.041,-0.040,0.037,0.573,0.969,0.220,15
$GNSS,2025-05-04T08:18:01.650Z,27.4090944,103.2443372,3147.502,-0.017,0.007,-0.025,0.573,0.969,0.255,15
$GNSS,2025-05-04T08:18:01.700Z,27.4090945,103.2443372,3147.498,0.057,-0.019,0.017,0.573,0.969,0.246,15
$GNSS,2025-05-04T08:18:01.750Z,27.4090946,103.2443372,3147.491,0.033,-0.053,0.088,0.573,0.969,0.219,15
$GNSS,2025-05-04T08:18:01.800Z,27.4090946,103.2443372,3147.506,-0.041,-0.004,0.008,0.573,0.969,0.233,15
$GNSS,2025-05-04T08:18:01.850Z,27.4090946,103.2443372,3147.506,0.038,0.043,0.031,0.574,0.969,0.243,15
$GNSS,2025-05-04T08:18:01.900Z,27.4090946,103.2443372,3147.509,-0.038,-0.015,-0.015,0.574,0.969,0.259,15
$GNSS,2025-05-04T08:18:01.950Z,27.4090947,103.2443371,3147.512,0.025,-0.024,-0.001,0.574,0.968,0.187,15
$GNSS,2025-05-04T08:18:02.000Z,27.4090948,103.2443371,3147.520,0.041,-0.009,-0.063,0.574,0.968,0.186,15
$GNSS,2025-05-04T08:18:02.050Z,27.4090948,103.2443371,3147.514,0.018,0.005,-0.029,0.574,0.968,0.184,15
$GNSS,2025-05-04T08:18:02.100Z,27.4090948,103.2443371,3147.517,0.029,-0.013,-0.025,0.574,0.968,0.187,15
$GNSS,2025-05-04T08:18:02.150Z,27.4090948,103.2443371,3147.522,-0.100,-0.049,-0.076,0.574,0.968,0.273,15
$GNSS,2025-05-04T08:18:02.200Z,27.4090948,103.2443371,3147.537,-0.101,-0.025,-0.085,0.574,0.968,0.278,15
$GNSS,2025-05-04T08:18:02.250Z,27.4090949,103.2443371,3147.545,0.111,0.021,-0.030,0.574,0.968,0.216,15
$GNSS,2025-05-04T08:18:02.300Z,27.4090950,103.2443371,3147.539,0.038,0.017,-0.027,0.574,0.968,0.186,15
$GNSS,2025-05-04T08:18:02.350Z,27.4090950,103.2443370,3147.534,-0.017,-0.057,-0.059,0.574,0.968,0.234,15
$GNSS,2025-05-04T08:18:02.400Z,27.4090950,103.2443370,3147.533,-0.024,-0.058,-0.065,0.574,0.968,0.242,15
$GNSS,2025-05-04T08:18:02.450Z,27.4090951,103.2443370,3147.529,0.025,0.013,-0.066,0.574,0.968,0.195,15
$GNSS,2025-05-04T08:18:02.500Z,27.4090952,103.2443370,3147.529,0.092,0.015,0.032,0.575,0.968,0.273,15
$GNSS,2025-05-04T08:18:02.550Z,27.4090952,103.2443370,3147.539,0.000,-0.035,0.040,0.575,0.968,0.181,15
$GNSS,2025-05-04T08:18:02.600Z,27.4090952,103.2443369,3147.541,-0.020,-0.091,-0.023,0.575,0.968,0.179,15
$GNSS,2025-05-04T08:18:02.650Z,27.4090952,103.2443369,3147.544,0.001,-0.004,-0.078,0.575,0.968,0.225,15
$GNSS,2025-05-04T08:18:02.700Z,27.4090953,103.2443369,3147.542,0.026,-0.036,-0.038,0.575,0.968,0.188,15
$GNSS,2025-05-04T08:18:02.750Z,27.4090953,103.2443369,3147.543,-0.068,-0.029,0.032,0.575,0.968,0.199,15
$GNSS,2025-05-04T08:18:02.800Z,27.4090954,103.2443369,3147.552,0.096,0.044,0.045,0.575,0.968,0.268,15
$GNSS,2025-05-04T08:18:02.850Z,27.4090954,103.2443369,3147.552,-0.013,0.029,0.020,0.575,0.968,0.182,15
$GNSS,2025-05-04T08:18:02.900Z,27.4090954,103.2443369,3147.571,0.006,-0.049,-0.049,0.575,0.968,0.200,15
$GNSS,2025-05-04T08:18:02.950Z,27.4090955,103.2443368,3147.571,0.072,-0.134,0.014,0.575,0.968,0.172,15
$GNSS,2025-05-04T08:18:03.000Z,27.4090955,103.2443367,3147.585,-0.046,-0.171,-0.037,0.575,0.967,0.183,15
$GNSS,2025-05-04T08:18:03.050Z,27.4090956,103.2443367,3147.582,0.087,-0.002,0.090,0.575,0.967,0.269,15
$GNSS,2025-05-04T08:18:03.100Z,27.4090957,103.2443367,3147.588,0.111,0.027,0.003,0.576,0.967,0.250,15
$GNSS,2025-05-04T08:18:03.150Z,27.4090956,103.2443366,3147.595,0.005,-0.083,-0.160,0.576,0.967,0.215,15
$GNSS,2025-05-04T08:18:03.200Z,27.4090957,103.2443365,3147.600,0.032,-0.224,-0.178,0.576,0.967,0.189,15
$GNSS,2025-05-04T08:18:03.250Z,27.4090957,103.2443364,3147.601,-0.036,-0.151,-0.084,0.576,0.966,0.202,15
$GNSS,2025-05-04T08:18:03.300Z,27.4090957,103.2443362,3147.609,-0.036,-0.245,-0.086,0.576,0.966,0.185,15
$GNSS,2025-05-04T08:18:03.350Z,27.4090958,103.2443362,3147.626,0.028,-0.100,-0.113,0.576,0.966,0.197,15
$GNSS,2025-05-04T08:18:03.400Z,27.4090959,103.2443361,3147.648,0.143,-0.047,-0.061,0.576,0.966,0.216,15
$GNSS,2025-05-04T08:18:03.450Z,27.4090959,103.2443360,3147.644,0.023,-0.256,-0.045,0.576,0.966,0.176,15
$GNSS,2025-05-04T08:18:03.500Z,27.4090959,103.2443358,3147.638,0.013,-0.227,-0.064,0.576,0.966,0.190,15
$GNSS,2025-05-04T08:18:03.550Z,27.4090959,103.2443357,3147.639,0.112,-0.240,-0.127,0.576,0.967,0.178,15
$GNSS,2025-05-04T08:18:03.600Z,27.4090960,103.2443356,3147.634,0.100,-0.217,-0.096,0.576,0.967,0.181,15
$GNSS,2025-05-04T08:18:03.650Z,27.4090960,103.2443354,3147.634,0.122,-0.246,-0.040,0.576,0.966,0.169,15
$GNSS,2025-05-04T08:18:03.700Z,27.4090961,103.2443353,3147.638,0.082,-0.215,-0.065,0.576,0.966,0.167,15
$GNSS,2025-05-04T08:18:03.750Z,27.4090961,103.2443352,3147.648,0.003,-0.208,-0.129,0.576,0.966,0.190,15
$GNSS,2025-05-04T08:18:03.800Z,27.4090961,103.2443351,3147.649,0.002,-0.147,-0.072,0.577,0.966,0.182,15
$GNSS,2025-05-04T08:18:03.850Z,27.4090963,103.2443350,3147.653,0.211,-0.103,-0.051,0.577,0.966,0.204,15
$GNSS,2025-05-04T08:18:03.900Z,27.4090963,103.2443350,3147.650,0.177,-0.090,-0.096,0.577,0.966,0.179,15
$GNSS,2025-05-04T08:18:03.950Z,27.4090963,103.2443350,3147.648,-0.022,0.002,-0.139,0.577,0.966,0.222,15
$GNSS,2025-05-04T08:18:04.000Z,27.4090963,103.2443349,3147.651,-0.001,-0.013,-0.109,0.577,0.966,0.222,15
$GNSS,2025-05-04T08:18:04.050Z,27.4090963,103.2443349,3147.639,-0.029,-0.028,0.009,0.577,0.966,0.233,15
$GNSS,2025-05-04T08:18:04.100Z,27.4090963,103.2443349,3147.639,-0.121,0.106,-0.015,0.577,0.966,0.195,15
$GNSS,2025-05-04T08:18:04.150Z,27.4090963,103.2443350,3147.646,-0.147,0.194,-0.076,0.577,0.966,0.186,15
$GNSS,2025-05-04T08:18:04.200Z,27.4090961,103.2443350,3147.639,-0.263,0.086,-0.056,0.577,0.966,0.241,15
$GNSS,2025-05-04T08:18:04.250Z,27.4090962,103.2443351,3147.641,-0.111,0.217,0.020,0.577,0.966,0.161,15
$GNSS,2025-05-04T08:18:04.300Z,27.4090960,103.2443352,3147.632,-0.285,0.271,-0.026,0.578,0.966,0.201,15
$GNSS,2025-05-04T08:18:04.350Z,27.4090958,103.2443354,3147.630,-0.380,0.340,-0.189,0.577,0.967,0.210,15
$GNSS,2025-05-04T08:18:04.400Z,27.4090956,103.2443355,3147.629,-0.500,0.311,-0.223,0.577,0.967,0.221,15
$GNSS,2025-05-04T08:18:04.450Z,27.4090955,103.2443357,3147.640,-0.317,0.394,-0.161,0.577,0.967,0.199,15
$GNSS,2025-05-04T08:18:04.500Z,27.4090955,103.2443358,3147.636,-0.236,0.347,0.023,0.578,0.967,0.178,15
$GNSS,2025-05-04T08:18:04.550Z,27.4090952,103.2443359,3147.609,-0.481,0.249,0.051,0.578,0.967,0.215,15
$GNSS,2025-05-04T08:18:04.600Z,27.4090952,103.2443361,3147.602,-0.238,0.241,0.024,0.578,0.967,0.194,15
$GNSS,2025-05-04T08:18:04.650Z,27.4090951,103.2443361,3147.577,-0.107,0.107,0.112,0.578,0.967,0.196,15
$GNSS,2025-05-04T08:18:04.700Z,27.4090951,103.2443362,3147.565,-0.092,0.095,0.124,0.578,0.967,0.201,15
$GNSS,2025-05-04T08:18:04.750Z,27.4090951,103.2443362,3147.572,-0.171,0.136,0.079,0.578,0.967,0.193,15
$GNSS,2025-05-04T08:18:04.800Z,27.4090950,103.2443363,3147.578,-0.191,0.063,0.097,0.578,0.967,0.206,15
$GNSS,2025-05-04T08:18:04.850Z,27.4090950,103.2443363,3147.583,-0.155,0.039,0.105,0.578,0.967,0.201,15
$GNSS,2025-05-04T08:18:04.900Z,27.4090950,103.2443362,3147.577,-0.097,-0.085,0.071,0.578,0.967,0.175,15
$GNSS,2025-05-04T08:18:04.950Z,27.4090950,103.2443361,3147.574,-0.080,-0.193,0.065,0.578,0.967,0.169,15
$GNSS,2025-05-04T08:18:05.000Z,27.4090949,103.2443359,3147.574,-0.180,-0.358,0.002,0.578,0.967,0.216,15
$GNSS,2025-05-04T08:18:05.050Z,27.4090949,103.2443356,3147.567,-0.183,-0.392,0.078,0.578,0.967,0.201,15
$GNSS,2025-05-04T08:18:05.100Z,27.4090949,103.2443354,3147.560,-0.118,-0.460,0.062,0.578,0.967,0.184,15
$GNSS,2025-05-04T08:18:05.150Z,27.4090950,103.2443352,3147.569,0.105,-0.354,0.017,0.578,0.967,0.151,15
$GNSS,2025-05-04T08:18:05.200Z,27.4090950,103.2443349,3147.562,0.104,-0.553,-0.032,0.578,0.967,0.150,15
$GNSS,2025-05-04T08:18:05.250Z,27.4090949,103.2443345,3147.574,-0.087,-0.659,-0.189,0.578,0.968,0.186,15
$GNSS,2025-05-04T08:18:05.300Z,27.4090948,103.2443343,3147.587,-0.258,-0.364,-0.141,0.578,0.968,0.196,15
$GNSS,2025-05-04T08:18:05.350Z,27.4090946,103.2443342,3147.580,-0.418,-0.296,-0.089,0.578,0.968,0.236,15
$GNSS,2025-05-04T08:18:05.400Z,27.4090944,103.2443339,3147.565,-0.400,-0.444,-0.189,0.578,0.968,0.226,15
$GNSS,2025-05-04T08:18:05.450Z,27.4090943,103.2443337,3147.558,-0.162,-0.378,-0.184,0.579,0.968,0.227,14
$GNSS,2025-05-04T08:18:05.500Z,27.4090942,103.2443336,3147.558,-0.171,-0.163,-0.043,0.579,0.969,0.229,15
$GNSS,2025-05-04T08:18:05.550Z,27.4090940,103.2443336,3147.561,-0.322,0.005,-0.028,0.579,0.969,0.239,16
$GNSS,2025-05-04T08:18:05.600Z,27.4090938,103.2443338,3147.564,-0.415,0.319,-0.057,0.579,0.969,0.204,16
$GNSS,2025-05-04T08:18:05.650Z,27.4090937,103.2443340,3147.585,-0.219,0.481,-0.162,0.579,0.969,0.176,16
$GNSS,2025-05-04T08:18:05.700Z,27.4090937,103.2443342,3147.560,-0.095,0.375,-0.117,0.579,0.968,0.173,16
$GNSS,2025-05-04T08:18:05.750Z,27.4090935,103.2443343,3147.545,-0.215,0.309,-0.074,0.579,0.968,0.198,16
$GNSS,2025-05-04T08:18:05.800Z,27.4090935,103.2443344,3147.576,-0.294,0.237,-0.044,0.579,0.968,0.216,16
$GNSS,2025-05-04T08:18:05.850Z,27.4090933,103.2443345,3147.593,-0.288,0.162,-0.073,0.579,0.967,0.190,16
$GNSS,2025-05-04T08:18:05.900Z,27.4090932,103.2443346,3147.593,-0.239,0.231,-0.171,0.579,0.967,0.184,16
$GNSS,2025-05-04T08:18:05.950Z,27.4090930,103.2443347,3147.581,-0.285,0.169,-0.067,0.578,0.967,0.185,16
$GNSS,2025-05-04T08:18:06.000Z,27.4090929,103.2443347,3147.575,-0.214,0.067,0.101,0.578,0.967,0.207,16
$GNSS,2025-05-04T08:18:06.050Z,27.4090927,103.2443346,3147.569,-0.343,-0.131,0.174,0.578,0.967,0.234,15
$GNSS,2025-05-04T08:18:06.100Z,27.4090925,103.2443345,3147.560,-0.513,-0.195,0.168,0.578,0.966,0.226,16
$GNSS,2025-05-04T08:18:06.150Z,27.4090923,103.2443344,3147.557,-0.480,-0.138,0.042,0.578,0.966,0.200,15
$GNSS,2025-05-04T08:18:06.200Z,27.4090922,103.2443342,3147.588,-0.357,-0.313,-0.160,0.578,0.966,0.191,16
$GNSS,2025-05-04T08:18:06.250Z,27.4090919,103.2443339,3147.576,-0.545,-0.613,-0.092,0.578,0.966,0.167,16
$GNSS,2025-05-04T08:18:06.300Z,27.4090915,103.2443335,3147.548,-0.821,-0.862,-0.049,0.577,0.966,0.189,16
$GNSS,2025-05-04T08:18:06.350Z,27.4090914,103.2443333,3147.559,-0.474,-0.331,-0.071,0.577,0.965,0.192,16
$GNSS,2025-05-04T08:18:06.400Z,27.4090910,103.2443329,3147.525,-0.778,-0.826,0.122,0.577,0.965,0.167,16
$GNSS,2025-05-04T08:18:06.450Z,27.4090907,103.2443325,3147.572,-0.770,-0.657,-0.283,0.577,0.965,0.193,16
$GNSS,2025-05-04T08:18:06.500Z,27.4090904,103.2443322,3147.559,-0.710,-0.565,-0.135,0.577,0.965,0.187,16
$GNSS,2025-05-04T08:18:06.550Z,27.4090902,103.2443320,3147.594,-0.565,-0.316,-0.322,0.577,0.965,0.218,16
$GNSS,2025-05-04T08:18:06.600Z,27.4090900,103.2443319,3147.584,-0.479,-0.189,-0.117,0.576,0.965,0.203,16
$GNSS,2025-05-04T08:18:06.650Z,27.4090898,103.2443318,3147.576,-0.405,-0.258,-0.055,0.576,0.965,0.191,16
$GNSS,2025-05-04T08:18:06.700Z,27.4090896,103.2443315,3147.579,-0.533,-0.383,-0.172,0.576,0.965,0.203,16
$GNSS,2025-05-04T08:18:06.750Z,27.4090893,103.2443314,3147.584,-0.717,-0.154,-0.228,0.576,0.965,0.216,16
$GNSS,2025-05-04T08:18:06.800Z,27.4090889,103.2443314,3147.576,-0.778,0.065,-0.081,0.576,0.965,0.208,16
$GNSS,2025-05-04T08:18:06.850Z,27.4090887,103.2443314,3147.560,-0.523,0.032,0.058,0.576,0.965,0.198,16
$GNSS,2025-05-04T08:18:06.900Z,27.4090886,103.2443314,3147.550,-0.370,-0.112,0.014,0.575,0.965,0.200,16
$GNSS,2025-05-04T08:18:06.950Z,27.4090884,103.2443312,3147.554,-0.539,-0.218,-0.096,0.575,0.965,0.206,15
$GNSS,2025-05-04T08:18:07.000Z,27.4090880,103.2443311,3147.546,-0.683,-0.156,-0.077,0.575,0.965,0.207,15
$GNSS,2025-05-04T08:18:07.050Z,27.4090878,103.2443311,3147.577,-0.479,0.069,-0.154,0.575,0.965,0.209,16
$GNSS,2025-05-04T08:18:07.100Z,27.4090876,103.2443311,3147.575,-0.469,0.127,-0.092,0.575,0.965,0.200,16
$GNSS,2025-05-04T08:18:07.150Z,27.4090874,103.2443312,3147.555,-0.464,0.126,-0.035,0.574,0.965,0.194,16
$GNSS,2025-05-04T08:18:07.200Z,27.4090871,103.2443312,3147.537,-0.662,0.136,-0.044,0.574,0.966,0.193,16
$GNSS,2025-05-04T08:18:07.250Z,27.4090867,103.2443312,3147.533,-0.830,0.032,-0.044,0.574,0.966,0.200,16
$GNSS,2025-05-04T08:18:07.300Z,27.4090864,103.2443311,3147.552,-0.806,-0.086,-0.070,0.574,0.966,0.199,16
$GNSS,2025-05-04T08:18:07.350Z,27.4090861,103.2443311,3147.557,-0.577,-0.089,-0.080,0.574,0.966,0.206,16
$GNSS,2025-05-04T08:18:07.400Z,27.4090858,103.2443310,3147.521,-0.614,-0.197,0.062,0.573,0.965,0.191,16
$GNSS,2025-05-04T08:18:07.450Z,27.4090856,103.2443309,3147.521,-0.435,-0.165,0.055,0.573,0.965,0.178,16
$GNSS,2025-05-04T08:18:07.500Z,27.4090853,103.2443307,3147.535,-0.385,-0.344,-0.024,0.573,0.965,0.174,16
$GNSS,2025-05-04T08:18:07.550Z,27.4090850,103.2443303,3147.534,-0.511,-0.638,-0.084,0.573,0.965,0.190,16
$GNSS,2025-05-04T08:18:07.600Z,27.4090848,103.2443300,3147.536,-0.426,-0.582,-0.172,0.573,0.965,0.192,16
$GNSS,2025-05-04T08:18:07.650Z,27.4090847,103.2443297,3147.532,-0.213,-0.494,-0.162,0.572,0.965,0.195,16
$GNSS,2025-05-04T08:18:07.700Z,27.4090848,103.2443294,3147.521,0.015,-0.552,-0.061,0.572,0.965,0.159,16
$GNSS,2025-05-04T08:18:07.750Z,27.4090847,103.2443289,3147.486,-0.066,-0.822,0.054,0.572,0.965,0.158,16
$GNSS,2025-05-04T08:18:07.800Z,27.4090846,103.2443285,3147.486,-0.159,-0.861,-0.137,0.572,0.965,0.176,16
$GNSS,2025-05-04T08:18:07.850Z,27.4090844,103.2443281,3147.495,-0.391,-0.709,-0.254,0.572,0.966,0.222,16
$GNSS,2025-05-04T08:18:07.900Z,27.4090842,103.2443278,3147.514,-0.404,-0.611,-0.225,0.572,0.966,0.232,16
$GNSS,2025-05-04T08:18:07.950Z,27.4090842,103.2443276,3147.498,-0.219,-0.409,-0.017,0.572,0.966,0.186,16
$GNSS,2025-05-04T08:18:08.000Z,27.4090840,103.2443273,3147.486,-0.264,-0.429,-0.045,0.572,0.966,0.189,16
$GNSS,2025-05-04T08:18:08.050Z,27.4090839,103.2443271,3147.490,-0.314,-0.396,-0.159,0.572,0.966,0.237,15
$GNSS,2025-05-04T08:18:08.100Z,27.4090837,103.2443269,3147.479,-0.353,-0.389,-0.057,0.572,0.966,0.233,15
$GNSS,2025-05-04T08:18:08.150Z,27.4090835,103.2443267,3147.453,-0.362,-0.340,0.096,0.572,0.966,0.228,15
$GNSS,2025-05-04T08:18:08.200Z,27.4090833,103.2443265,3147.456,-0.490,-0.342,0.049,0.572,0.966,0.211,16
$GNSS,2025-05-04T08:18:08.250Z,27.4090831,103.2443264,3147.459,-0.478,-0.249,0.029,0.572,0.966,0.203,16
$GNSS,2025-05-04T08:18:08.300Z,27.4090828,103.2443263,3147.443,-0.568,-0.130,-0.033,0.572,0.966,0.199,15
$GNSS,2025-05-04T08:18:08.350Z,27.4090825,103.2443264,3147.436,-0.516,0.123,-0.081,0.572,0.966,0.203,15
$GNSS,2025-05-04T08:18:08.400Z,27.4090823,103.2443264,3147.442,-0.409,0.199,-0.068,0.572,0.967,0.182,15
$GNSS,2025-05-04T08:18:08.450Z,27.4090821,103.2443265,3147.427,-0.550,0.211,0.023,0.572,0.967,0.181,15
$GNSS,2025-05-04T08:18:08.500Z,27.4090815,103.2443266,3147.406,-1.081,0.112,-0.099,0.572,0.967,0.209,15
$GNSS,2025-05-04T08:18:08.550Z,27.4090810,103.2443265,3147.399,-1.058,0.034,-0.092,0.572,0.967,0.214,15
$GNSS,2025-05-04T08:18:08.600Z,27.4090807,103.2443267,3147.393,-0.722,0.341,0.028,0.572,0.967,0.165,15
$GNSS,2025-05-04T08:18:08.650Z,27.4090803,103.2443269,3147.408,-0.840,0.431,-0.016,0.572,0.967,0.168,15
$GNSS,2025-05-04T08:18:08.700Z,27.4090800,103.2443269,3147.405,-0.707,0.108,0.126,0.572,0.967,0.189,15
$GNSS,2025-05-04T08:18:08.750Z,27.4090796,103.2443269,3147.391,-0.687,-0.025,0.060,0.572,0.967,0.202,15
$GNSS,2025-05-04T08:18:08.800Z,27.4090793,103.2443270,3147.386,-0.554,0.141,-0.035,0.572,0.967,0.179,15
$GNSS,2025-05-04T08:18:08.850Z,27.4090791,103.2443270,3147.370,-0.306,0.097,0.072,0.572,0.967,0.163,15
$GNSS,2025-05-04T08:18:08.900Z,27.4090790,103.2443270,3147.371,-0.280,0.051,-0.016,0.571,0.967,0.175,15
$GNSS,2025-05-04T08:18:08.950Z,27.4090788,103.2443270,3147.388,-0.236,0.044,-0.117,0.571,0.967,0.192,15
$GNSS,2025-05-04T08:18:09.000Z,27.4090786,103.2443269,3147.411,-0.373,-0.176,-0.137,0.571,0.967,0.211,15
$GNSS,2025-05-04T08:18:09.050Z,27.4090785,103.2443266,3147.414,-0.155,-0.407,-0.066,0.571,0.968,0.221,15
$GNSS,2025-05-04T08:18:09.100Z,27.4090785,103.2443264,3147.416,0.083,-0.506,-0.106,0.571,0.968,0.204,15
$GNSS,2025-05-04T08:18:09.150Z,27.4090786,103.2443260,3147.407,0.197,-0.651,-0.142,0.571,0.968,0.195,15
$GNSS,2025-05-04T08:18:09.200Z,27.4090787,103.2443257,3147.391,0.345,-0.594,-0.071,0.571,0.968,0.171,15
$GNSS,2025-05-04T08:18:09.250Z,27.4090788,103.2443255,3147.380,0.311,-0.473,-0.039,0.571,0.969,0.164,14
$GNSS,2025-05-04T08:18:09.300Z,27.4090790,103.2443253,3147.373,0.393,-0.402,0.015,0.571,0.969,0.157,14
$GNSS,2025-05-04T08:18:09.350Z,27.4090790,103.2443250,3147.362,0.159,-0.516,0.100,0.571,0.969,0.185,15
$GNSS,2025-05-04T08:18:09.400Z,27.4090789,103.2443248,3147.358,-0.092,-0.370,0.060,0.571,0.969,0.232,15
$GNSS,2025-05-04T08:18:09.450Z,27.4090788,103.2443247,3147.359,-0.219,-0.278,0.000,0.571,0.969,0.247,15
$GNSS,2025-05-04T08:18:09.550Z,27.4090787,103.2443247,3147.353,-0.097,0.086,-0.094,0.571,0.971,0.213,15
$GNSS,2025-05-04T08:18:09.600Z,27.4090785,103.2443247,3147.361,-0.175,0.125,-0.099,0.571,0.971,0.183,14
$GNSS,2025-05-04T08:18:09.650Z,27.4090783,103.2443248,3147.367,-0.387,0.252,-0.093,0.571,0.972,0.171,14
$GNSS,2025-05-04T08:18:09.700Z,27.4090779,103.2443249,3147.365,-0.789,0.246,-0.186,0.571,0.972,0.179,14
$GNSS,2025-05-04T08:18:09.750Z,27.4090776,103.2443251,3147.386,-0.684,0.369,-0.260,0.571,0.972,0.182,14
$GNSS,2025-05-04T08:18:09.800Z,27.4090774,103.2443253,3147.375,-0.426,0.455,-0.048,0.571,0.972,0.166,14
$GNSS,2025-05-04T08:18:09.850Z,27.4090771,103.2443255,3147.357,-0.633,0.338,-0.054,0.571,0.972,0.168,14
$GNSS,2025-05-04T08:18:09.900Z,27.4090767,103.2443256,3147.347,-0.804,0.279,-0.100,0.571,0.973,0.179,14
$GNSS,2025-05-04T08:18:09.950Z,27.4090764,103.2443258,3147.348,-0.667,0.306,-0.069,0.571,0.973,0.169,14
$GNSS,2025-05-04T08:18:10.000Z,27.4090761,103.2443259,3147.342,-0.521,0.311,-0.004,0.571,0.973,0.168,14
$GNSS,2025-05-04T08:18:10.050Z,27.4090759,103.2443259,3147.313,-0.516,-0.065,0.067,0.571,0.973,0.184,14
$GNSS,2025-05-04T08:18:10.100Z,27.4090757,103.2443259,3147.314,-0.323,0.116,-0.053,0.571,0.973,0.178,14
$GNSS,2025-05-04T08:18:10.150Z,27.4090756,103.2443260,3147.311,-0.177,0.129,-0.079,0.571,0.973,0.189,14
$GNSS,2025-05-04T08:18:10.200Z,27.4090755,103.2443261,3147.311,-0.116,0.193,-0.024,0.571,0.974,0.195,14
$GNSS,2025-05-04T08:18:10.250Z,27.4090755,103.2443261,3147.299,-0.111,0.083,-0.051,0.570,0.974,0.191,15
$GNSS,2025-05-04T08:18:10.300Z,27.4090754,103.2443261,3147.272,-0.008,0.089,-0.003,0.570,0.974,0.196,14
$GNSS,2025-05-04T08:18:10.350Z,27.4090754,103.2443261,3147.257,-0.079,-0.084,-0.034,0.570,0.974,0.189,14
$GNSS,2025-05-04T08:18:10.400Z,27.4090753,103.2443261,3147.241,0.001,-0.008,0.010,0.570,0.974,0.225,14
$GNSS,2025-05-04T08:18:10.450Z,27.4090753,103.2443261,3147.241,0.027,0.088,-0.058,0.570,0.974,0.196,15
$GNSS,2025-05-04T08:18:10.500Z,27.4090753,103.2443261,3147.234,-0.001,0.038,-0.029,0.570,0.974,0.207,15
$GNSS,2025-05-04T08:18:10.550Z,27.4090753,103.2443261,3147.202,0.044,-0.035,0.029,0.569,0.974,0.210,15
$GNSS,2025-05-04T08:18:10.600Z,27.4090753,103.2443260,3147.197,0.016,-0.043,-0.010,0.569,0.974,0.186,15
$GNSS,2025-05-04T08:18:10.650Z,27.4090753,103.2443260,3147.186,0.061,0.010,-0.029,0.569,0.974,0.176,15
$GNSS,2025-05-04T08:18:10.700Z,27.4090752,103.2443260,3147.177,0.024,0.020,-0.086,0.569,0.974,0.224,15
$GNSS,2025-05-04T08:18:10.750Z,27.4090752,103.2443260,3147.160,-0.044,-0.028,-0.010,0.569,0.974,0.177,15
$GNSS,2025-05-04T08:18:10.800Z,27.4090752,103.2443260,3147.145,0.066,0.080,0.051,0.569,0.974,0.189,15
$GNSS,2025-05-04T08:18:10.850Z,27.4090752,103.2443260,3147.131,0.119,0.042,0.072,0.569,0.974,0.199,15
$GNSS,2025-05-04T08:18:10.900Z,27.4090752,103.2443260,3147.130,-0.032,0.018,-0.006,0.569,0.974,0.212,15
$GNSS,2025-05-04T08:18:10.950Z,27.4090751,103.2443260,3147.120,-0.040,0.059,0.002,0.568,0.974,0.205,15
$GNSS,2025-05-04T08:18:11.000Z,27.4090751,103.2443260,3147.098,0.021,-0.045,0.064,0.568,0.974,0.221,15
$GNSS,2025-05-04T08:18:11.050Z,27.4090751,103.2443259,3147.094,-0.022,-0.001,0.028,0.568,0.974,0.197,15
$GNSS,2025-05-04T08:18:11.100Z,27.4090751,103.2443259,3147.082,0.039,-0.044,-0.044,0.568,0.974,0.198,15
$GNSS,2025-05-04T08:18:11.150Z,27.4090750,103.2443259,3147.070,-0.052,0.038,-0.050,0.568,0.974,0.233,15
$GNSS,2025-05-04T08:18:11.200Z,27.4090750,103.2443259,3147.059,-0.072,0.086,0.014,0.568,0.974,0.202,15
$GNSS,2025-05-04T08:18:11.250Z,27.4090749,103.2443259,3147.044,-0.038,0.054,0.052,0.568,0.974,0.199,15
$GNSS,2025-05-04T08:18:11.300Z,27.4090749,103.2443259,3147.034,-0.028,-0.028,0.035,0.568,0.974,0.188,15
$GNSS,2025-05-04T08:18:11.350Z,27.4090748,103.2443258,3147.032,-0.042,-0.042,-0.042,0.568,0.974,0.189,15
$GNSS,2025-05-04T08:18:11.400Z,27.4090748,103.2443258,3147.015,-0.037,0.024,-0.010,0.568,0.974,0.211,15
$GNSS,2025-05-04T08:18:11.450Z,27.4090748,103.2443258,3146.996,-0.073,0.013,0.018,0.568,0.974,0.192,15
$GNSS,2025-05-04T08:18:11.500Z,27.4090747,103.2443258,3146.985,-0.021,0.048,0.007,0.567,0.974,0.197,15
$GNSS,2025-05-04T08:18:11.550Z,27.4090747,103.2443258,3146.972,0.028,-0.040,0.021,0.567,0.974,0.209,15
$GNSS,2025-05-04T08:18:11.600Z,27.4090746,103.2443257,3146.972,-0.080,-0.075,-0.088,0.567,0.974,0.194,15
$GNSS,2025-05-04T08:18:11.650Z,27.4090746,103.2443257,3146.972,-0.064,-0.005,-0.129,0.567,0.974,0.218,15
$GNSS,2025-05-04T08:18:11.700Z,27.4090745,103.2443257,3146.954,0.025,0.023,-0.047,0.567,0.974,0.196,15
$GNSS,2025-05-04T08:18:11.750Z,27.4090745,103.2443257,3146.939,-0.070,0.039,0.061,0.567,0.974,0.191,15
$GNSS,2025-05-04T08:18:11.800Z,27.4090744,103.2443257,3146.929,-0.016,-0.021,0.102,0.567,0.974,0.211,15
$GNSS,2025-05-04T08:18:11.850Z,27.4090744,103.2443257,3146.922,0.041,0.006,0.013,0.567,0.973,0.191,15
$GNSS,2025-05-04T08:18:11.900Z,27.4090744,103.2443257,3146.924,-0.006,0.048,-0.056,0.567,0.973,0.210,15
$GNSS,2025-05-04T08:18:11.950Z,27.4090744,103.2443256,3146.916,0.013,-0.039,0.039,0.567,0.973,0.212,15
$GNSS,2025-05-04T08:18:12.000Z,27.4090743,103.2443256,3146.906,-0.034,-0.026,0.003,0.567,0.973,0.170,15
$GNSS,2025-05-04T08:18:12.050Z,27.4090742,103.2443256,3146.891,-0.038,0.025,-0.014,0.566,0.973,0.207,15
$GNSS,2025-05-04T08:18:12.100Z,27.4090742,103.2443255,3146.883,-0.020,-0.039,0.003,0.566,0.973,0.172,15
$GNSS,2025-05-04T08:18:12.150Z,27.4090742,103.2443255,3146.875,-0.001,0.016,0.047,0.566,0.973,0.208,15
$GNSS,2025-05-04T08:18:12.200Z,27.4090741,103.2443255,3146.860,0.013,-0.067,0.009,0.566,0.973,0.192,15
$GNSS,2025-05-04T08:18:12.250Z,27.4090741,103.2443254,3146.855,-0.032,-0.052,-0.021,0.566,0.973,0.177,15
$GNSS,2025-05-04T08:18:12.300Z,27.4090740,103.2443254,3146.847,-0.040,0.021,-0.035,0.566,0.973,0.216,15
$GNSS,2025-05-04T08:18:12.350Z,27.4090740,103.2443254,3146.838,-0.021,0.015,0.040,0.566,0.973,0.198,15
$GNSS,2025-05-04T08:18:12.400Z,27.4090740,103.2443254,3146.834,-0.002,-0.015,0.046,0.566,0.973,0.214,15
$GNSS,2025-05-04T08:18:12.450Z,27.4090739,103.2443253,3146.829,-0.064,-0.056,0.014,0.566,0.973,0.184,15
$GNSS,2025-05-04T08:18:12.500Z,27.4090738,103.2443253,3146.818,-0.014,-0.048,-0.026,0.566,0.974,0.195,15
$GNSS,2025-05-04T08:18:12.550Z,27.4090738,103.2443253,3146.809,-0.019,0.039,-0.039,0.566,0.974,0.203,15
$GNSS,2025-05-04T08:18:12.600Z,27.4090737,103.2443252,3146.803,0.014,-0.049,0.000,0.565,0.974,0.183,15
$GNSS,2025-05-04T08:18:12.650Z,27.4090736,103.2443252,3146.800,-0.022,0.025,0.001,0.565,0.974,0.179,15
$GNSS,2025-05-04T08:18:12.700Z,27.4090736,103.2443252,3146.786,-0.041,-0.028,-0.023,0.565,0.974,0.198,15
$GNSS,2025-05-04T08:18:12.750Z,27.4090735,103.2443252,3146.782,0.058,-0.038,-0.005,0.565,0.974,0.177,15
$GNSS,2025-05-04T08:18:12.800Z,27.4090735,103.2443251,3146.773,-0.062,-0.052,0.007,0.565,0.975,0.184,15
$GNSS,2025-05-04T08:18:12.850Z,27.4090734,103.2443251,3146.753,-0.003,0.033,0.049,0.565,0.975,0.208,15
$GNSS,2025-05-04T08:18:12.900Z,27.4090734,103.2443251,3146.764,0.011,0.000,-0.016,0.565,0.975,0.197,15
$GNSS,2025-05-04T08:18:12.950Z,27.4090733,103.2443251,3146.756,0.014,0.099,0.079,0.565,0.975,0.194,16
$GNSS,2025-05-04T08:18:13.000Z,27.4090733,103.2443251,3146.752,-0.017,0.011,0.017,0.565,0.975,0.188,16
$GNSS,2025-05-04T08:18:13.050Z,27.4090732,103.2443251,3146.740,0.010,-0.089,0.058,0.564,0.975,0.196,16
$GNSS,2025-05-04T08:18:13.100Z,27.4090732,103.2443251,3146.733,-0.007,0.024,-0.019,0.564,0.975,0.210,15
$GNSS,2025-05-04T08:18:13.150Z,27.4090732,103.2443251,3146.720,0.042,0.007,-0.026,0.564,0.975,0.183,15
$GNSS,2025-05-04T08:18:13.200Z,27.4090731,103.2443251,3146.702,-0.045,0.009,-0.013,0.564,0.975,0.202,15
$GNSS,2025-05-04T08:18:13.250Z,27.4090731,103.2443250,3146.705,0.057,-0.002,0.010,0.564,0.975,0.193,15
$GNSS,2025-05-04T08:18:13.300Z,27.4090731,103.2443250,3146.700,-0.001,0.050,-0.014,0.564,0.975,0.209,13
$GNSS,2025-05-04T08:18:13.350Z,27.4090731,103.2443250,3146.689,-0.022,-0.003,0.020,0.564,0.975,0.190,15
$GNSS,2025-05-04T08:18:13.400Z,27.4090730,103.2443250,3146.674,0.036,-0.059,0.047,0.564,0.975,0.220,15
$GNSS,2025-05-04T08:18:13.450Z,27.4090730,103.2443250,3146.670,0.047,-0.003,-0.039,0.564,0.975,0.191,15
$GNSS,2025-05-04T08:18:13.500Z,27.4090730,103.2443250,3146.666,-0.003,0.082,-0.023,0.564,0.975,0.191,15
$GNSS,2025-05-04T08:18:13.550Z,27.4090729,103.2443250,3146.654,-0.032,0.026,-0.028,0.564,0.975,0.215,15
$GNSS,2025-05-04T08:18:13.600Z,27.4090729,103.2443250,3146.651,0.060,-0.026,-0.026,0.564,0.975,0.192,15
$GNSS,2025-05-04T08:18:13.650Z,27.4090729,103.2443249,3146.639,0.050,-0.108,0.016,0.564,0.975,0.198,15
$GNSS,2025-05-04T08:18:13.700Z,27.4090729,103.2443249,3146.632,-0.057,0.026,0.039,0.564,0.975,0.193,15
$GNSS,2025-05-04T08:18:13.750Z,27.4090728,103.2443249,3146.625,-0.017,0.089,0.025,0.564,0.975,0.189,15
$GNSS,2025-05-04T08:18:13.800Z,27.4090728,103.2443249,3146.613,-0.041,0.043,-0.021,0.564,0.975,0.219,14
$GNSS,2025-05-04T08:18:13.850Z,27.4090728,103.2443249,3146.604,0.064,-0.072,0.034,0.564,0.975,0.217,15
$GNSS,2025-05-04T08:18:13.900Z,27.4090728,103.2443249,3146.595,0.036,0.031,0.043,0.564,0.975,0.203,15
$GNSS,2025-05-04T08:18:13.950Z,27.4090728,103.2443248,3146.594,-0.014,0.013,0.016,0.564,0.975,0.196,15
$GNSS,2025-05-04T08:18:14.000Z,27.4090727,103.2443248,3146.585,-0.016,-0.046,-0.005,0.564,0.975,0.176,15
$GNSS,2025-05-04T08:18:14.050Z,27.4090727,103.2443248,3146.559,0.012,-0.010,0.068,0.563,0.975,0.219,15
$GNSS,2025-05-04T08:18:14.100Z,27.4090727,103.2443248,3146.555,0.045,0.069,0.030,0.563,0.975,0.179,15
$GNSS,2025-05-04T08:18:14.150Z,27.4090727,103.2443248,3146.556,0.025,0.099,0.043,0.563,0.975,0.183,15
$GNSS,2025-05-04T08:18:14.200Z,27.4090727,103.2443247,3146.551,0.026,-0.070,0.077,0.563,0.975,0.211,15
$GNSS,2025-05-04T08:18:14.250Z,27.4090727,103.2443247,3146.543,0.023,-0.029,0.083,0.563,0.975,0.219,15
$GNSS,2025-05-04T08:18:14.300Z,27.4090726,103.2443247,3146.532,-0.008,0.012,0.021,0.563,0.975,0.203,15
$GNSS,2025-05-04T08:18:14.350Z,27.4090726,103.2443247,3146.520,0.026,0.011,0.017,0.563,0.975,0.196,15
$GNSS,2025-05-04T08:18:14.400Z,27.4090726,103.2443247,3146.508,0.021,0.063,0.073,0.563,0.975,0.200,15
$GNSS,2025-05-04T08:18:14.450Z,27.4090726,103.2443247,3146.504,0.110,0.042,0.075,0.563,0.975,0.197,15
$GNSS,2025-05-04T08:18:14.500Z,27.4090726,103.2443247,3146.501,0.055,0.030,-0.012,0.563,0.975,0.173,15
$GNSS,2025-05-04T08:18:14.550Z,27.4090726,103.2443247,3146.498,-0.035,-0.047,-0.013,0.563,0.975,0.175,15
$GNSS,2025-05-04T08:18:14.600Z,27.4090726,103.2443246,3146.489,0.025,-0.015,0.039,0.563,0.976,0.219,15
$GNSS,2025-05-04T08:18:14.650Z,27.4090726,103.2443246,3146.481,0.073,0.037,0.099,0.563,0.976,0.208,15
$GNSS,2025-05-04T08:18:14.700Z,27.4090725,103.2443246,3146.466,-0.007,0.003,0.002,0.563,0.976,0.192,15
$GNSS,2025-05-04T08:18:14.750Z,27.4090725,103.2443246,3146.465,0.046,0.004,-0.053,0.563,0.976,0.194,15
$GNSS,2025-05-04T08:18:14.800Z,27.4090725,103.2443246,3146.449,0.035,0.005,0.010,0.563,0.976,0.189,15
$GNSS,2025-05-04T08:18:14.850Z,27.4090725,103.2443246,3146.436,0.047,0.003,0.034,0.563,0.976,0.205,15
$GNSS,2025-05-04T08:18:14.900Z,27.4090725,103.2443246,3146.434,0.038,0.053,0.073,0.563,0.976,0.201,15
$GNSS,2025-05-04T08:18:14.950Z,27.4090725,103.2443245,3146.428,0.004,-0.041,-0.001,0.562,0.976,0.185,15
$GNSS,2025-05-04T08:18:15.000Z,27.4090725,103.2443245,3146.409,0.025,-0.050,0.001,0.562,0.975,0.194,15
$GNSS,2025-05-04T08:18:15.050Z,27.4090725,103.2443245,3146.405,0.041,0.006,-0.048,0.562,0.975,0.193,15
$GNSS,2025-05-04T08:18:15.100Z,27.4090725,103.2443245,3146.395,0.029,0.019,0.029,0.562,0.975,0.198,15
$GNSS,2025-05-04T08:18:15.150Z,27.4090724,103.2443245,3146.382,-0.032,0.098,0.081,0.562,0.975,0.195,15
$GNSS,2025-05-04T08:18:15.200Z,27.4090724,103.2443245,3146.377,0.044,-0.011,0.069,0.562,0.975,0.218,15
$GNSS,2025-05-04T08:18:15.250Z,27.4090724,103.2443245,3146.371,-0.027,0.023,-0.016,0.562,0.975,0.226,14
$GNSS,2025-05-04T08:18:15.300Z,27.4090724,103.2443245,3146.360,0.068,-0.033,-0.088,0.562,0.975,0.197,15
$GNSS,2025-05-04T08:18:15.350Z,27.4090724,103.2443244,3146.351,0.051,-0.052,-0.080,0.562,0.975,0.198,15
$GNSS,2025-05-04T08:18:15.400Z,27.4090725,103.2443245,3146.345,0.067,0.068,-0.025,0.562,0.975,0.170,14
$GNSS,2025-05-04T08:18:15.450Z,27.4090724,103.2443245,3146.335,0.003,0.056,0.062,0.562,0.975,0.199,15
$GNSS,2025-05-04T08:18:15.500Z,27.4090725,103.2443245,3146.336,0.038,0.080,0.001,0.562,0.975,0.173,15
$GNSS,2025-05-04T08:18:15.550Z,27.4090725,103.2443244,3146.326,0.054,-0.046,-0.046,0.562,0.975,0.199,15
$GNSS,2025-05-04T08:18:15.600Z,27.4090725,103.2443244,3146.318,0.013,0.004,-0.085,0.562,0.975,0.213,15
$GNSS,2025-05-04T08:18:15.650Z,27.4090725,103.2443245,3146.311,-0.021,0.115,-0.024,0.562,0.975,0.195,15
$GNSS,2025-05-04T08:18:15.700Z,27.4090725,103.2443244,3146.300,0.059,0.025,-0.006,0.562,0.975,0.176,15
$GNSS,2025-05-04T08:18:15.750Z,27.4090725,103.2443244,3146.295,0.122,0.056,0.011,0.562,0.975,0.181,15
$GNSS,2025-05-04T08:18:15.800Z,27.4090725,103.2443245,3146.292,0.073,0.117,-0.065,0.562,0.975,0.167,15
$GNSS,2025-05-04T08:18:15.850Z,27.4090725,103.2443246,3146.279,-0.028,0.138,-0.089,0.562,0.975,0.209,15
$GNSS,2025-05-04T08:18:15.900Z,27.4090725,103.2443245,3146.284,-0.006,-0.009,-0.071,0.562,0.975,0.223,15
$GNSS,2025-05-04T08:18:15.950Z,27.4090726,103.2443244,3146.278,0.112,-0.056,-0.052,0.562,0.976,0.197,15
$GNSS,2025-05-04T08:18:16.000Z,27.4090726,103.2443245,3146.264,0.086,0.112,-0.065,0.562,0.976,0.167,15
$GNSS,2025-05-04T08:18:16.050Z,27.4090726,103.2443245,3146.255,-0.001,0.018,-0.068,0.561,0.976,0.216,15
$GNSS,2025-05-04T08:18:16.100Z,27.4090725,103.2443245,3146.250,-0.013,-0.001,-0.073,0.561,0.976,0.225,15
$GNSS,2025-05-04T08:18:16.150Z,27.4090725,103.2443245,3146.251,0.056,0.087,-0.027,0.561,0.976,0.161,15
$GNSS,2025-05-04T08:18:16.200Z,27.4090726,103.2443245,3146.244,0.112,0.035,0.066,0.561,0.976,0.199,15
$GNSS,2025-05-04T08:18:16.250Z,27.4090726,103.2443245,3146.243,0.177,0.013,0.052,0.561,0.976,0.200,16
$GNSS,2025-05-04T08:18:16.300Z,27.4090726,103.2443245,3146.246,0.107,-0.015,-0.070,0.561,0.976,0.206,16
$GNSS,2025-05-04T08:18:16.350Z,27.4090726,103.2443245,3146.251,0.183,-0.041,-0.067,0.560,0.976,0.210,16
$GNSS,2025-05-04T08:18:16.400Z,27.4090726,103.2443245,3146.270,0.274,0.034,-0.018,0.560,0.976,0.188,16
$GNSS,2025-05-04T08:18:16.450Z,27.4090726,103.2443245,3146.269,0.290,0.018,-0.020,0.560,0.976,0.190,16
$GNSS,2025-05-04T08:18:16.500Z,27.4090727,103.2443245,3146.249,0.304,0.082,-0.041,0.560,0.976,0.178,16
$GNSS,2025-05-04T08:18:16.550Z,27.4090728,103.2443246,3146.262,0.378,0.163,-0.117,0.560,0.976,0.201,15
$GNSS,2025-05-04T08:18:16.600Z,27.4090728,103.2443247,3146.278,0.394,0.151,-0.087,0.560,0.976,0.200,15
$GNSS,2025-05-04T08:18:16.650Z,27.4090730,103.2443248,3146.273,0.483,0.166,0.007,0.560,0.976,0.198,14
$GNSS,2025-05-04T08:18:16.700Z,27.4090730,103.2443249,3146.252,0.342,0.125,0.032,0.560,0.977,0.194,14
$GNSS,2025-05-04T08:18:16.750Z,27.4090730,103.2443250,3146.254,0.244,0.170,0.017,0.560,0.977,0.178,14
$GNSS,2025-05-04T08:18:16.800Z,27.4090731,103.2443251,3146.260,0.299,0.263,-0.024,0.560,0.978,0.173,14
$GNSS,2025-05-04T08:18:16.850Z,27.4090731,103.2443252,3146.269,0.317,0.163,0.005,0.559,0.978,0.189,14
$GNSS,2025-05-04T08:18:16.900Z,27.4090733,103.2443253,3146.275,0.441,0.187,0.040,0.560,0.979,0.195,14
$GNSS,2025-05-04T08:18:16.950Z,27.4090733,103.2443254,3146.290,0.403,0.163,0.008,0.559,0.979,0.192,14
$GNSS,2025-05-04T08:18:17.000Z,27.4090734,103.2443254,3146.288,0.302,0.053,-0.032,0.559,0.980,0.205,14
$GNSS,2025-05-04T08:18:17.050Z,27.4090735,103.2443253,3146.281,0.267,-0.066,-0.150,0.559,0.981,0.257,14
$GNSS,2025-05-04T08:18:17.100Z,27.4090735,103.2443254,3146.278,0.234,0.097,-0.065,0.559,0.981,0.198,14
$GNSS,2025-05-04T08:18:17.150Z,27.4090735,103.2443255,3146.280,0.304,0.223,-0.040,0.559,0.982,0.175,14
$GNSS,2025-05-04T08:18:17.200Z,27.4090736,103.2443256,3146.285,0.259,0.188,0.006,0.559,0.983,0.175,14
$GNSS,2025-05-04T08:18:17.250Z,27.4090735,103.2443256,3146.293,0.122,0.046,0.031,0.559,0.983,0.192,13
$GNSS,2025-05-04T08:18:17.300Z,27.4090735,103.2443255,3146.311,0.146,-0.219,-0.031,0.559,0.984,0.288,13
$GNSS,2025-05-04T08:18:17.350Z,27.4090735,103.2443253,3146.308,0.063,-0.361,0.027,0.560,0.985,0.254,13
$GNSS,2025-05-04T08:18:17.400Z,27.4090735,103.2443252,3146.325,0.156,-0.285,0.056,0.560,0.986,0.263,13
$GNSS,2025-05-04T08:18:17.450Z,27.4090733,103.2443252,3146.319,-0.011,-0.088,0.078,0.560,0.987,0.217,13
$GNSS,2025-05-04T08:18:17.500Z,27.4090733,103.2443251,3146.323,-0.039,-0.122,-0.026,0.560,0.988,0.229,13
$GNSS,2025-05-04T08:18:17.550Z,27.4090732,103.2443249,3146.306,-0.077,-0.236,0.069,0.560,0.989,0.198,13
$GNSS,2025-05-04T08:18:17.600Z,27.4090731,103.2443247,3146.325,-0.080,-0.351,0.035,0.561,0.990,0.215,13
$GNSS,2025-05-04T08:18:17.650Z,27.4090731,103.2443244,3146.354,0.106,-0.601,-0.014,0.561,0.991,0.265,13
$GNSS,2025-05-04T08:18:17.700Z,27.4090731,103.2443240,3146.340,0.025,-0.722,-0.056,0.561,0.992,0.258,13
$GNSS,2025-05-04T08:18:17.750Z,27.4090729,103.2443239,3146.320,-0.250,-0.368,-0.007,0.561,0.993,0.193,13
$GNSS,2025-05-04T08:18:17.800Z,27.4090728,103.2443239,3146.351,-0.117,-0.091,0.037,0.561,0.994,0.184,13
$GNSS,2025-05-04T08:18:17.850Z,27.4090727,103.2443238,3146.367,-0.001,-0.111,0.168,0.561,0.994,0.241,13
$GNSS,2025-05-04T08:18:17.900Z,27.4090726,103.2443238,3146.374,-0.067,-0.110,0.176,0.561,0.995,0.241,13
$GNSS,2025-05-04T08:18:17.950Z,27.4090726,103.2443236,3146.365,0.007,-0.231,0.068,0.562,0.996,0.246,13
$GNSS,2025-05-04T08:18:18.000Z,27.4090726,103.2443235,3146.361,0.010,-0.184,-0.128,0.562,0.997,0.329,13
$GNSS,2025-05-04T08:18:18.050Z,27.4090726,103.2443233,3146.369,0.103,-0.237,-0.184,0.563,0.997,0.364,13
$GNSS,2025-05-04T08:18:18.100Z,27.4090726,103.2443232,3146.361,0.178,-0.279,-0.013,0.563,0.998,0.338,13
$GNSS,2025-05-04T08:18:18.150Z,27.4090726,103.2443231,3146.355,0.173,-0.210,0.101,0.563,0.999,0.306,13
$GNSS,2025-05-04T08:18:18.200Z,27.4090727,103.2443231,3146.362,0.230,-0.075,0.100,0.564,0.999,0.269,13
$GNSS,2025-05-04T08:18:18.250Z,27.4090729,103.2443230,3146.385,0.478,-0.179,0.055,0.565,1.000,0.303,13
$GNSS,2025-05-04T08:18:18.300Z,27.4090730,103.2443229,3146.371,0.426,-0.137,0.103,0.565,1.000,0.263,13
$GNSS,2025-05-04T08:18:18.350Z,27.4090732,103.2443229,3146.336,0.409,0.034,0.208,0.565,1.000,0.220,13
$GNSS,2025-05-04T08:18:18.400Z,27.4090734,103.2443229,3146.324,0.404,0.019,0.129,0.565,1.001,0.224,13
$GNSS,2025-05-04T08:18:18.450Z,27.4090738,103.2443225,3146.238,0.662,-0.460,0.168,0.565,1.001,0.268,13
$GNSS,2025-05-04T08:18:18.500Z,27.4090740,103.2443226,3146.235,0.674,0.016,0.188,0.565,1.001,0.225,13
$GNSS,2025-05-04T08:18:18.550Z,27.4090742,103.2443227,3146.253,0.667,0.142,0.305,0.566,1.002,0.219,13
$GNSS,2025-05-04T08:18:18.600Z,27.4090745,103.2443227,3146.265,0.599,0.125,0.278,0.566,1.002,0.222,13
$GNSS,2025-05-04T08:18:18.650Z,27.4090746,103.2443226,3146.262,0.376,-0.187,0.164,0.566,1.002,0.260,13
$GNSS,2025-05-04T08:18:18.700Z,27.4090748,103.2443225,3146.263,0.277,-0.066,0.057,0.566,1.003,0.256,13
$GNSS,2025-05-04T08:18:18.750Z,27.4090749,103.2443226,3146.257,0.423,0.077,0.168,0.567,1.004,0.231,13
$GNSS,2025-05-04T08:18:18.800Z,27.4090752,103.2443223,3146.218,0.568,-0.420,0.259,0.567,1.005,0.304,13
$GNSS,2025-05-04T08:18:18.850Z,27.4090754,103.2443221,3146.210,0.567,-0.296,0.250,0.567,1.005,0.278,13
$GNSS,2025-05-04T08:18:18.900Z,27.4090755,103.2443221,3146.216,0.437,-0.149,0.271,0.568,1.005,0.259,13
$GNSS,2025-05-04T08:18:18.950Z,27.4090756,103.2443221,3146.232,0.317,-0.006,0.251,0.568,1.006,0.252,13
$GNSS,2025-05-04T08:18:19.000Z,27.4090757,103.2443220,3146.241,0.356,-0.145,0.160,0.569,1.006,0.259,13
$GNSS,2025-05-04T08:18:19.050Z,27.4090758,103.2443220,3146.251,0.212,0.024,0.093,0.569,1.007,0.244,13
$GNSS,2025-05-04T08:18:19.100Z,27.4090758,103.2443220,3146.240,0.226,0.057,0.199,0.569,1.007,0.258,13
$GNSS,2025-05-04T08:18:19.150Z,27.4090758,103.2443221,3146.267,0.032,0.140,0.089,0.569,1.008,0.284,14
$GNSS,2025-05-04T08:18:19.200Z,27.4090758,103.2443220,3146.273,0.079,-0.006,0.090,0.570,1.008,0.259,14
$GNSS,2025-05-04T08:18:19.250Z,27.4090759,103.2443219,3146.303,0.143,-0.052,-0.083,0.570,1.008,0.325,14
$GNSS,2025-05-04T08:18:19.300Z,27.4090759,103.2443219,3146.310,0.110,-0.058,-0.078,0.570,1.009,0.353,14
$GNSS,2025-05-04T08:18:19.350Z,27.4090759,103.2443219,3146.307,0.135,-0.096,0.000,0.570,1.009,0.298,14
$GNSS,2025-05-04T08:18:19.400Z,27.4090759,103.2443219,3146.305,-0.029,-0.026,0.083,0.570,1.009,0.300,14
$GNSS,2025-05-04T08:18:19.450Z,27.4090758,103.2443218,3146.301,-0.097,-0.050,0.140,0.570,1.010,0.293,14
$GNSS,2025-05-04T08:18:19.500Z,27.4090759,103.2443217,3146.324,0.101,-0.160,0.041,0.571,1.010,0.234,14
$GNSS,2025-05-04T08:18:19.550Z,27.4090760,103.2443215,3146.352,0.199,-0.290,0.006,0.571,1.011,0.261,14
$GNSS,2025-05-04T08:18:19.600Z,27.4090760,103.2443214,3146.348,0.052,-0.255,0.063,0.571,1.011,0.197,14
$GNSS,2025-05-04T08:18:19.650Z,27.4090760,103.2443213,3146.346,0.046,-0.243,0.060,0.571,1.012,0.198,13
$GNSS,2025-05-04T08:18:19.700Z,27.4090760,103.2443211,3146.338,0.170,-0.370,0.011,0.571,1.012,0.249,13
$GNSS,2025-05-04T08:18:19.750Z,27.4090760,103.2443210,3146.352,0.039,-0.119,0.056,0.571,1.013,0.185,14
$GNSS,2025-05-04T08:18:19.800Z,27.4090761,103.2443210,3146.351,0.192,-0.016,0.164,0.571,1.013,0.239,13
$GNSS,2025-05-04T08:18:19.850Z,27.4090762,103.2443209,3146.353,0.195,-0.062,0.164,0.571,1.014,0.241,13
$GNSS,2025-05-04T08:18:19.900Z,27.4090761,103.2443209,3146.343,-0.007,-0.044,0.221,0.572,1.015,0.320,13
$GNSS,2025-05-04T08:18:19.950Z,27.4090762,103.2443208,3146.352,0.032,-0.090,0.068,0.572,1.016,0.216,13
$GNSS,2025-05-04T08:18:20.000Z,27.4090762,103.2443207,3146.375,0.078,-0.102,-0.066,0.572,1.017,0.304,13
$GNSS,2025-05-04T08:18:20.050Z,27.4090762,103.2443206,3146.392,0.155,-0.087,0.011,0.572,1.017,0.250,13
$GNSS,2025-05-04T08:18:20.100Z,27.4090763,103.2443207,3146.384,0.174,0.024,0.134,0.572,1.018,0.243,13
$GNSS,2025-05-04T08:18:20.150Z,27.4090763,103.2443207,3146.391,0.083,0.099,0.084,0.572,1.019,0.243,13
$GNSS,2025-05-04T08:18:20.200Z,27.4090763,103.2443207,3146.388,0.053,0.060,0.039,0.572,1.020,0.223,13
$GNSS,2025-05-04T08:18:20.250Z,27.4090763,103.2443207,3146.410,0.041,0.066,-0.046,0.572,1.021,0.214,13
$GNSS,2025-05-04T08:18:20.300Z,27.4090764,103.2443207,3146.417,0.195,0.080,-0.020,0.572,1.022,0.212,13
$GNSS,2025-05-04T08:18:20.350Z,27.4090765,103.2443206,3146.423,0.139,-0.023,0.053,0.572,1.022,0.194,13
$GNSS,2025-05-04T08:18:20.400Z,27.4090765,103.2443206,3146.444,0.078,0.011,0.050,0.572,1.023,0.217,14
$GNSS,2025-05-04T08:18:20.450Z,27.4090765,103.2443207,3146.428,0.169,0.072,0.067,0.572,1.023,0.207,14
$GNSS,2025-05-04T08:18:20.500Z,27.4090765,103.2443207,3146.425,0.044,0.026,0.075,0.572,1.023,0.255,14
$GNSS,2025-05-04T08:18:20.550Z,27.4090766,103.2443207,3146.435,0.058,0.068,0.079,0.572,1.023,0.235,14
$GNSS,2025-05-04T08:18:20.600Z,27.4090766,103.2443207,3146.443,0.082,0.078,0.054,0.572,1.023,0.214,14
$GNSS,2025-05-04T08:18:20.650Z,27.4090767,103.2443207,3146.444,0.120,0.058,0.123,0.572,1.023,0.225,14
$GNSS,2025-05-04T08:18:20.700Z,27.4090767,103.2443207,3146.439,0.101,0.108,0.107,0.572,1.023,0.225,14
$GNSS,2025-05-04T08:18:20.750Z,27.4090767,103.2443208,3146.448,0.039,0.170,0.075,0.572,1.023,0.204,14
$GNSS,2025-05-04T08:18:20.800Z,27.4090768,103.2443209,3146.469,0.127,0.302,-0.019,0.572,1.023,0.178,13
$GNSS,2025-05-04T08:18:20.850Z,27.4090769,103.2443211,3146.466,0.196,0.282,0.058,0.572,1.023,0.212,14
$GNSS,2025-05-04T08:18:20.900Z,27.4090769,103.2443212,3146.459,0.075,0.209,0.082,0.572,1.023,0.197,13
$GNSS,2025-05-04T08:18:20.950Z,27.4090770,103.2443213,3146.448,0.147,0.276,0.080,0.571,1.022,0.166,13
$GNSS,2025-05-04T08:18:21.000Z,27.4090770,103.2443213,3146.443,0.107,0.069,0.101,0.571,1.021,0.189,13
$GNSS,2025-05-04T08:18:21.050Z,27.4090770,103.2443213,3146.433,0.059,0.022,0.068,0.571,1.021,0.196,14
$GNSS,2025-05-04T08:18:21.100Z,27.4090770,103.2443214,3146.423,0.118,0.047,0.097,0.570,1.020,0.174,14
$GNSS,2025-05-04T08:18:21.150Z,27.4090771,103.2443214,3146.413,0.118,0.048,0.120,0.570,1.019,0.191,14
$GNSS,2025-05-04T08:18:21.200Z,27.4090772,103.2443214,3146.404,0.100,0.082,0.107,0.569,1.019,0.184,14
$GNSS,2025-05-04T08:18:21.250Z,27.4090772,103.2443215,3146.398,0.078,0.049,0.103,0.569,1.018,0.187,15
$GNSS,2025-05-04T08:18:21.300Z,27.4090772,103.2443215,3146.397,0.044,0.031,0.103,0.569,1.018,0.197,15
$GNSS,2025-05-04T08:18:21.350Z,27.4090772,103.2443214,3146.394,0.017,-0.125,0.134,0.568,1.017,0.157,15
$GNSS,2025-05-04T08:18:21.400Z,27.4090771,103.2443213,3146.408,-0.023,-0.110,0.019,0.568,1.017,0.125,15
$GNSS,2025-05-04T08:18:21.450Z,27.4090771,103.2443213,3146.412,-0.012,-0.086,-0.051,0.567,1.016,0.162,15
$GNSS,2025-05-04T08:18:21.500Z,27.4090771,103.2443212,3146.420,0.079,-0.145,-0.114,0.567,1.015,0.168,15
$GNSS,2025-05-04T08:18:21.550Z,27.4090772,103.2443211,3146.408,0.166,-0.135,-0.069,0.567,1.015,0.159,15
$GNSS,2025-05-04T08:18:21.600Z,27.4090772,103.2443211,3146.398,0.161,-0.125,-0.001,0.566,1.014,0.160,15
$GNSS,2025-05-04T08:18:21.650Z,27.4090772,103.2443211,3146.396,0.098,-0.058,0.095,0.566,1.014,0.187,15
$GNSS,2025-05-04T08:18:21.700Z,27.4090772,103.2443210,3146.398,0.098,-0.106,0.093,0.565,1.013,0.170,16
$GNSS,2025-05-04T08:18:21.750Z,27.4090772,103.2443210,3146.391,0.095,-0.086,0.116,0.565,1.013,0.178,16
$GNSS,2025-05-04T08:18:21.800Z,27.4090772,103.2443210,3146.380,0.059,-0.022,0.062,0.565,1.012,0.184,16
$GNSS,2025-05-04T08:18:21.850Z,27.4090772,103.2443210,3146.379,-0.009,-0.016,-0.058,0.564,1.012,0.200,15
$GNSS,2025-05-04T08:18:21.900Z,27.4090771,103.2443210,3146.382,-0.070,-0.048,-0.070,0.564,1.011,0.183,15
$GNSS,2025-05-04T08:18:21.950Z,27.4090771,103.2443210,3146.382,0.017,-0.081,-0.023,0.563,1.011,0.152,15
$GNSS,2025-05-04T08:18:22.000Z,27.4090771,103.2443210,3146.385,0.020,0.018,0.044,0.563,1.010,0.200,15
$GNSS,2025-05-04T08:18:22.050Z,27.4090770,103.2443210,3146.383,0.011,0.005,0.027,0.562,1.010,0.204,15
$GNSS,2025-05-04T08:18:22.100Z,27.4090770,103.2443210,3146.383,0.014,-0.070,-0.032,0.562,1.009,0.162,15
$GNSS,2025-05-04T08:18:22.150Z,27.4090769,103.2443209,3146.389,-0.074,-0.019,-0.098,0.562,1.009,0.203,15
$GNSS,2025-05-04T08:18:22.200Z,27.4090769,103.2443209,3146.378,-0.075,0.005,-0.030,0.561,1.009,0.162,15
$GNSS,2025-05-04T08:18:22.250Z,27.4090768,103.2443209,3146.383,-0.015,-0.044,-0.013,0.561,1.009,0.159,15
$GNSS,2025-05-04T08:18:22.300Z,27.4090768,103.2443208,3146.391,-0.002,-0.045,-0.018,0.560,1.009,0.167,15
$GNSS,2025-05-04T08:18:22.350Z,27.4090768,103.2443208,3146.404,-0.027,-0.056,-0.100,0.560,1.009,0.213,15
$GNSS,2025-05-04T08:18:22.400Z,27.4090767,103.2443207,3146.414,-0.038,-0.062,-0.113,0.560,1.009,0.211,15
$GNSS,2025-05-04T08:18:22.450Z,27.4090767,103.2443207,3146.417,-0.015,-0.009,-0.075,0.559,1.008,0.214,15
$GNSS,2025-05-04T08:18:22.500Z,27.4090767,103.2443207,3146.422,0.004,-0.020,-0.108,0.559,1.008,0.213,15
$GNSS,2025-05-04T08:18:22.550Z,27.4090767,103.2443207,3146.415,-0.015,-0.040,0.015,0.558,1.008,0.133,15
$GNSS,2025-05-04T08:18:22.600Z,27.4090766,103.2443206,3146.415,-0.045,-0.014,0.065,0.558,1.008,0.184,15
$GNSS,2025-05-04T08:18:22.650Z,27.4090766,103.2443206,3146.416,0.047,0.015,0.030,0.558,1.008,0.179,15
$GNSS,2025-05-04T08:18:22.700Z,27.4090766,103.2443206,3146.405,-0.016,0.036,-0.014,0.557,1.008,0.145,16
$GNSS,2025-05-04T08:18:22.750Z,27.4090766,103.2443206,3146.410,0.026,0.067,-0.046,0.557,1.008,0.156,16
$GNSS,2025-05-04T08:18:22.800Z,27.4090765,103.2443206,3146.402,0.008,0.031,0.019,0.556,1.008,0.175,16
$GNSS,2025-05-04T08:18:22.850Z,27.4090765,103.2443206,3146.399,0.000,0.044,-0.020,0.556,1.008,0.148,16
$GNSS,2025-05-04T08:18:22.900Z,27.4090765,103.2443206,3146.389,-0.007,-0.026,-0.021,0.555,1.008,0.184,16
$GNSS,2025-05-04T08:18:22.950Z,27.4090764,103.2443206,3146.372,-0.050,0.020,0.074,0.555,1.007,0.191,16
$GNSS,2025-05-04T08:18:23.000Z,27.4090764,103.2443206,3146.364,0.022,0.009,0.109,0.554,1.007,0.223,15
$GNSS,2025-05-04T08:18:23.050Z,27.4090764,103.2443205,3146.355,0.021,-0.020,0.154,0.554,1.008,0.219,15
$GNSS,2025-05-04T08:18:23.100Z,27.4090764,103.2443205,3146.351,0.040,0.054,0.061,0.554,1.008,0.203,15
$GNSS,2025-05-04T08:18:23.150Z,27.4090763,103.2443205,3146.350,0.002,0.050,-0.018,0.553,1.008,0.144,15
$GNSS,2025-05-04T08:18:23.200Z,27.4090763,103.2443205,3146.341,0.007,0.016,0.027,0.553,1.008,0.218,15
$GNSS,2025-05-04T08:18:23.250Z,27.4090763,103.2443205,3146.333,-0.022,-0.043,0.027,0.553,1.008,0.152,15
$GNSS,2025-05-04T08:18:23.300Z,27.4090762,103.2443205,3146.325,0.005,-0.017,0.047,0.552,1.008,0.197,15
$GNSS,2025-05-04T08:18:23.350Z,27.4090762,103.2443205,3146.331,0.012,-0.032,0.043,0.552,1.008,0.167,15
$GNSS,2025-05-04T08:18:23.400Z,27.4090762,103.2443205,3146.324,0.009,0.033,0.096,0.551,1.007,0.207,15
$GNSS,2025-05-04T08:18:23.450Z,27.4090762,103.2443205,3146.326,0.006,-0.019,0.022,0.551,1.007,0.152,15
$GNSS,2025-05-04T08:18:23.500Z,27.4090762,103.2443205,3146.328,0.029,0.065,-0.020,0.551,1.006,0.139,15
$GNSS,2025-05-04T08:18:23.550Z,27.4090761,103.2443205,3146.327,-0.046,-0.053,0.000,0.550,1.006,0.149,15
$GNSS,2025-05-04T08:18:23.600Z,27.4090761,103.2443205,3146.328,0.034,0.039,-0.034,0.550,1.005,0.146,15
$GNSS,2025-05-04T08:18:23.650Z,27.4090761,103.2443205,3146.329,-0.028,0.033,0.034,0.550,1.005,0.174,15
$GNSS,2025-05-04T08:18:23.700Z,27.4090761,103.2443205,3146.332,-0.014,0.030,-0.012,0.549,1.005,0.130,15
$GNSS,2025-05-04T08:18:23.750Z,27.4090761,103.2443205,3146.327,0.053,0.020,0.022,0.549,1.004,0.160,15
$GNSS,2025-05-04T08:18:23.800Z,27.4090761,103.2443205,3146.326,-0.017,0.017,0.081,0.548,1.004,0.193,15
$GNSS,2025-05-04T08:18:23.850Z,27.4090761,103.2443205,3146.325,0.060,0.058,0.101,0.548,1.003,0.190,15
$GNSS,2025-05-04T08:18:23.900Z,27.4090761,103.2443205,3146.329,0.005,0.055,0.072,0.548,1.003,0.193,15
$GNSS,2025-05-04T08:18:23.950Z,27.4090761,103.2443205,3146.331,-0.018,0.013,0.019,0.547,1.003,0.177,15
$GNSS,2025-05-04T08:18:24.000Z,27.4090761,103.2443205,3146.326,0.014,0.027,0.021,0.547,1.002,0.176,15
$GNSS,2025-05-04T08:18:24.050Z,27.4090761,103.2443205,3146.326,-0.044,0.069,0.061,0.547,1.002,0.176,15
$GNSS,2025-05-04T08:18:24.100Z,27.4090761,103.2443205,3146.326,-0.022,-0.006,0.109,0.546,1.001,0.187,15
$GNSS,2025-05-04T08:18:24.150Z,27.4090761,103.2443205,3146.338,0.010,0.036,-0.008,0.546,1.001,0.134,15
$GNSS,2025-05-04T08:18:24.200Z,27.4090761,103.2443205,3146.338,0.025,0.003,-0.022,0.546,1.000,0.166,15
$GNSS,2025-05-04T08:18:24.250Z,27.4090761,103.2443204,3146.348,-0.055,-0.009,-0.018,0.545,1.000,0.149,15
$GNSS,2025-05-04T08:18:24.300Z,27.4090760,103.2443204,3146.351,-0.180,0.046,-0.017,0.545,0.999,0.146,15
$GNSS,2025-05-04T08:18:24.350Z,27.4090759,103.2443204,3146.364,-0.282,-0.023,-0.080,0.545,0.999,0.155,15
$GNSS,2025-05-04T08:18:24.400Z,27.4090757,103.2443203,3146.380,-0.368,-0.025,-0.109,0.544,0.999,0.158,16
$GNSS,2025-05-04T08:18:24.450Z,27.4090754,103.2443203,3146.392,-0.390,-0.054,-0.124,0.544,0.998,0.166,16
$GNSS,2025-05-04T08:18:24.500Z,27.4090753,103.2443202,3146.400,-0.275,-0.078,-0.104,0.544,0.998,0.165,15
$GNSS,2025-05-04T08:18:24.550Z,27.4090751,103.2443202,3146.422,-0.216,-0.038,-0.156,0.543,0.998,0.171,15
$GNSS,2025-05-04T08:18:24.600Z,27.4090749,103.2443202,3146.443,-0.363,0.084,-0.182,0.543,0.997,0.169,14
$GNSS,2025-05-04T08:18:24.650Z,27.4090746,103.2443202,3146.477,-0.523,0.040,-0.272,0.543,0.997,0.169,14
$GNSS,2025-05-04T08:18:24.700Z,27.4090744,103.2443202,3146.495,-0.383,0.000,-0.231,0.543,0.997,0.173,14
$GNSS,2025-05-04T08:18:24.750Z,27.4090743,103.2443202,3146.510,-0.120,0.013,-0.172,0.542,0.997,0.187,14
$GNSS,2025-05-04T08:18:24.800Z,27.4090741,103.2443201,3146.525,-0.180,-0.008,-0.101,0.542,0.997,0.173,14
$GNSS,2025-05-04T08:18:24.850Z,27.4090740,103.2443201,3146.538,-0.213,0.067,-0.098,0.542,0.996,0.177,14
$GNSS,2025-05-04T08:18:24.900Z,27.4090738,103.2443201,3146.575,-0.400,0.040,-0.147,0.542,0.996,0.175,14
$GNSS,2025-05-04T08:18:24.950Z,27.4090736,103.2443201,3146.593,-0.364,0.105,-0.153,0.542,0.996,0.174,14
$GNSS,2025-05-04T08:18:25.000Z,27.4090734,103.2443201,3146.603,-0.306,0.117,-0.101,0.542,0.996,0.174,14
$GNSS,2025-05-04T08:18:25.050Z,27.4090732,103.2443201,3146.618,-0.280,0.057,-0.045,0.542,0.996,0.174,14
$GNSS,2025-05-04T08:18:25.100Z,27.4090730,103.2443200,3146.659,-0.390,0.007,-0.077,0.541,0.995,0.175,14
$GNSS,2025-05-04T08:18:25.150Z,27.4090727,103.2443200,3146.699,-0.508,0.017,-0.150,0.541,0.995,0.174,14
$GNSS,2025-05-04T08:18:25.200Z,27.4090724,103.2443200,3146.725,-0.580,0.006,-0.066,0.541,0.995,0.175,14
$GNSS,2025-05-04T08:18:25.250Z,27.4090721,103.2443200,3146.754,-0.540,0.123,-0.147,0.541,0.995,0.193,14
$GNSS,2025-05-04T08:18:25.300Z,27.4090719,103.2443200,3146.762,-0.447,0.131,-0.245,0.541,0.994,0.180,14
$GNSS,2025-05-04T08:18:25.350Z,27.4090717,103.2443200,3146.776,-0.338,0.061,-0.272,0.541,0.994,0.185,14
$GNSS,2025-05-04T08:18:25.400Z,27.4090715,103.2443200,3146.777,-0.358,0.010,-0.173,0.541,0.994,0.187,14
$GNSS,2025-05-04T08:18:25.450Z,27.4090713,103.2443201,3146.770,-0.344,0.187,-0.124,0.540,0.994,0.195,14
$GNSS,2025-05-04T08:18:25.500Z,27.4090711,103.2443201,3146.789,-0.339,0.107,-0.189,0.540,0.994,0.196,14
$GNSS,2025-05-04T08:18:25.550Z,27.4090710,103.2443201,3146.806,-0.302,0.177,-0.160,0.540,0.994,0.213,14
$GNSS,2025-05-04T08:18:25.600Z,27.4090708,103.2443201,3146.817,-0.278,0.004,-0.112,0.540,0.994,0.178,15
$GNSS,2025-05-04T08:18:25.650Z,27.4090706,103.2443201,3146.819,-0.198,-0.079,-0.085,0.540,0.994,0.147,15
$GNSS,2025-05-04T08:18:25.700Z,27.4090705,103.2443200,3146.832,-0.187,-0.080,-0.146,0.539,0.994,0.173,15
$GNSS,2025-05-04T08:18:25.750Z,27.4090704,103.2443200,3146.872,-0.234,-0.009,-0.232,0.539,0.993,0.186,15
$GNSS,2025-05-04T08:18:25.800Z,27.4090702,103.2443200,3146.871,-0.245,0.012,-0.161,0.539,0.993,0.179,15
$GNSS,2025-05-04T08:18:25.850Z,27.4090701,103.2443201,3146.876,-0.289,0.082,-0.093,0.539,0.993,0.159,15
$GNSS,2025-05-04T08:18:25.900Z,27.4090700,103.2443201,3146.891,-0.158,0.028,-0.070,0.538,0.992,0.164,14
$GNSS,2025-05-04T08:18:25.950Z,27.4090699,103.2443201,3146.914,-0.120,0.105,-0.081,0.538,0.992,0.168,14
$GNSS,2025-05-04T08:18:26.000Z,27.4090699,103.2443201,3146.923,0.011,0.011,-0.089,0.538,0.992,0.208,14
$GNSS,2025-05-04T08:18:26.050Z,27.4090700,103.2443201,3146.914,0.119,-0.017,-0.009,0.537,0.991,0.148,14
$GNSS,2025-05-04T08:18:26.100Z,27.4090700,103.2443201,3146.906,0.114,0.037,-0.006,0.537,0.991,0.153,14
$GNSS,2025-05-04T08:18:26.150Z,27.4090701,103.2443201,3146.895,0.135,-0.020,0.036,0.537,0.991,0.151,14
$GNSS,2025-05-04T08:18:26.200Z,27.4090701,103.2443200,3146.899,0.026,-0.076,-0.009,0.536,0.991,0.155,14
$GNSS,2025-05-04T08:18:26.250Z,27.4090700,103.2443200,3146.901,-0.073,0.031,-0.003,0.536,0.990,0.137,14
$GNSS,2025-05-04T08:18:26.300Z,27.4090700,103.2443200,3146.900,-0.098,0.002,-0.021,0.536,0.990,0.161,14
$GNSS,2025-05-04T08:18:26.350Z,27.4090699,103.2443200,3146.897,-0.162,0.054,-0.003,0.535,0.990,0.139,14
$GNSS,2025-05-04T08:18:26.400Z,27.4090699,103.2443201,3146.895,-0.162,0.113,0.014,0.535,0.990,0.129,15
$GNSS,2025-05-04T08:18:26.450Z,27.4090698,103.2443201,3146.894,-0.192,0.116,0.065,0.535,0.990,0.134,15
$GNSS,2025-05-04T08:18:26.500Z,27.4090696,103.2443201,3146.878,-0.300,0.121,0.137,0.534,0.990,0.143,16
$GNSS,2025-05-04T08:18:26.550Z,27.4090694,103.2443202,3146.859,-0.460,0.179,0.127,0.534,0.989,0.136,16
$GNSS,2025-05-04T08:18:26.600Z,27.4090692,103.2443203,3146.846,-0.488,0.246,0.059,0.534,0.989,0.131,16
$GNSS,2025-05-04T08:18:26.650Z,27.4090690,103.2443204,3146.850,-0.343,0.273,0.047,0.533,0.988,0.131,16
$GNSS,2025-05-04T08:18:26.700Z,27.4090689,103.2443205,3146.872,-0.352,0.306,-0.030,0.533,0.988,0.127,16
$GNSS,2025-05-04T08:18:26.750Z,27.4090687,103.2443206,3146.883,-0.493,0.268,-0.052,0.533,0.987,0.140,16
$GNSS,2025-05-04T08:18:26.800Z,27.4090683,103.2443206,3146.886,-0.695,0.198,-0.044,0.532,0.986,0.154,16
$GNSS,2025-05-04T08:18:26.850Z,27.4090680,103.2443208,3146.858,-0.679,0.295,0.055,0.532,0.986,0.146,16
$GNSS,2025-05-04T08:18:26.900Z,27.4090678,103.2443209,3146.845,-0.477,0.274,0.069,0.531,0.986,0.138,16
$GNSS,2025-05-04T08:18:26.950Z,27.4090675,103.2443210,3146.844,-0.552,0.266,-0.007,0.531,0.985,0.142,16
$GNSS,2025-05-04T08:18:27.000Z,27.4090673,103.2443210,3146.837,-0.466,0.210,-0.005,0.531,0.985,0.141,16
$GNSS,2025-05-04T08:18:27.050Z,27.4090672,103.2443211,3146.822,-0.329,0.170,0.046,0.530,0.984,0.138,16
$GNSS,2025-05-04T08:18:27.100Z,27.4090671,103.2443211,3146.802,-0.323,0.114,0.070,0.530,0.984,0.151,16
$GNSS,2025-05-04T08:18:27.150Z,27.4090669,103.2443211,3146.794,-0.295,0.057,-0.005,0.530,0.984,0.164,16
$GNSS,2025-05-04T08:18:27.200Z,27.4090668,103.2443211,3146.799,-0.268,0.101,-0.067,0.529,0.983,0.162,16
$GNSS,2025-05-04T08:18:27.250Z,27.4090667,103.2443211,3146.794,-0.257,-0.013,0.016,0.529,0.983,0.159,16
$GNSS,2025-05-04T08:18:27.300Z,27.4090667,103.2443210,3146.778,-0.216,-0.156,0.072,0.529,0.983,0.160,15
$GNSS,2025-05-04T08:18:27.350Z,27.4090666,103.2443209,3146.778,-0.240,-0.169,0.034,0.528,0.982,0.171,16
$GNSS,2025-05-04T08:18:27.400Z,27.4090665,103.2443207,3146.780,-0.260,-0.270,0.004,0.528,0.981,0.171,16
$GNSS,2025-05-04T08:18:27.450Z,27.4090665,103.2443206,3146.784,-0.194,-0.247,0.014,0.528,0.981,0.163,16
$GNSS,2025-05-04T08:18:27.500Z,27.4090664,103.2443203,3146.782,-0.188,-0.407,0.030,0.527,0.980,0.169,15
$GNSS,2025-05-04T08:18:27.550Z,27.4090663,103.2443200,3146.765,-0.276,-0.478,0.127,0.527,0.980,0.158,16
$GNSS,2025-05-04T08:18:27.600Z,27.4090662,103.2443196,3146.734,-0.289,-0.769,0.170,0.527,0.979,0.151,16
$GNSS,2025-05-04T08:18:27.650Z,27.4090662,103.2443192,3146.708,-0.099,-0.680,0.276,0.526,0.979,0.152,16
$GNSS,2025-05-04T08:18:27.700Z,27.4090662,103.2443188,3146.712,-0.140,-0.724,0.208,0.526,0.979,0.152,16
$GNSS,2025-05-04T08:18:27.750Z,27.4090660,103.2443183,3146.713,-0.387,-0.956,0.033,0.526,0.978,0.158,16
$GNSS,2025-05-04T08:18:27.800Z,27.4090659,103.2443178,3146.682,-0.237,-0.948,0.044,0.525,0.978,0.151,16
$GNSS,2025-05-04T08:18:27.850Z,27.4090659,103.2443174,3146.654,-0.200,-0.749,0.188,0.525,0.977,0.159,16
$GNSS,2025-05-04T08:18:27.900Z,27.4090656,103.2443170,3146.655,-0.416,-0.602,0.152,0.525,0.977,0.170,16
$GNSS,2025-05-04T08:18:27.950Z,27.4090655,103.2443166,3146.659,-0.336,-0.726,0.212,0.525,0.977,0.169,15
$GNSS,2025-05-04T08:18:28.000Z,27.4090653,103.2443162,3146.650,-0.319,-0.797,0.245,0.524,0.977,0.173,15
$GNSS,2025-05-04T08:18:28.050Z,27.4090652,103.2443159,3146.622,-0.307,-0.599,0.228,0.524,0.977,0.173,15
$GNSS,2025-05-04T08:18:28.100Z,27.4090651,103.2443156,3146.599,-0.264,-0.539,0.144,0.524,0.976,0.163,15
$GNSS,2025-05-04T08:18:28.150Z,27.4090650,103.2443153,3146.583,-0.254,-0.505,0.191,0.524,0.976,0.187,15
$GNSS,2025-05-04T08:18:28.200Z,27.4090649,103.2443151,3146.576,-0.213,-0.369,0.236,0.523,0.976,0.182,16
$GNSS,2025-05-04T08:18:28.250Z,27.4090648,103.2443149,3146.566,-0.120,-0.274,0.317,0.523,0.975,0.192,16
$GNSS,2025-05-04T08:18:28.300Z,27.4090648,103.2443148,3146.547,-0.121,-0.220,0.306,0.523,0.975,0.196,15
$GNSS,2025-05-04T08:18:28.350Z,27.4090647,103.2443146,3146.531,-0.095,-0.273,0.181,0.522,0.975,0.179,15
$GNSS,2025-05-04T08:18:28.400Z,27.4090647,103.2443144,3146.511,-0.145,-0.342,0.162,0.522,0.975,0.168,15
$GNSS,2025-05-04T08:18:28.450Z,27.4090646,103.2443142,3146.494,-0.147,-0.292,0.178,0.522,0.975,0.163,15
$GNSS,2025-05-04T08:18:28.500Z,27.4090646,103.2443141,3146.479,-0.113,-0.249,0.234,0.522,0.974,0.168,16
$GNSS,2025-05-04T08:18:28.550Z,27.4090645,103.2443139,3146.458,-0.143,-0.312,0.262,0.521,0.974,0.170,16
$GNSS,2025-05-04T08:18:28.600Z,27.4090644,103.2443137,3146.436,-0.119,-0.249,0.295,0.521,0.974,0.182,16
$GNSS,2025-05-04T08:18:28.650Z,27.4090643,103.2443136,3146.404,-0.188,-0.193,0.335,0.521,0.973,0.169,16
$GNSS,2025-05-04T08:18:28.700Z,27.4090643,103.2443135,3146.400,-0.092,-0.092,0.264,0.521,0.973,0.174,16
$GNSS,2025-05-04T08:18:28.750Z,27.4090642,103.2443135,3146.407,-0.116,-0.041,0.218,0.521,0.972,0.173,16
$GNSS,2025-05-04T08:18:28.800Z,27.4090641,103.2443134,3146.416,-0.050,-0.027,0.175,0.520,0.972,0.179,16
$GNSS,2025-05-04T08:18:28.850Z,27.4090641,103.2443134,3146.421,-0.062,-0.040,0.144,0.520,0.971,0.172,16
$GNSS,2025-05-04T08:18:28.900Z,27.4090640,103.2443133,3146.419,-0.116,-0.073,0.123,0.520,0.971,0.164,15
$GNSS,2025-05-04T08:18:28.950Z,27.4090639,103.2443133,3146.416,-0.141,-0.003,0.084,0.520,0.970,0.158,15
$GNSS,2025-05-04T08:18:29.000Z,27.4090638,103.2443133,3146.422,-0.147,-0.052,0.051,0.520,0.970,0.164,15
$GNSS,2025-05-04T08:18:29.050Z,27.4090638,103.2443132,3146.420,-0.125,-0.059,0.057,0.519,0.970,0.169,15
$GNSS,2025-05-04T08:18:29.100Z,27.4090637,103.2443131,3146.413,-0.152,-0.030,0.186,0.519,0.969,0.176,15
$GNSS,2025-05-04T08:18:29.150Z,27.4090636,103.2443131,3146.409,-0.131,-0.014,0.211,0.519,0.969,0.183,15
$GNSS,2025-05-04T08:18:29.200Z,27.4090635,103.2443130,3146.414,-0.102,-0.035,0.072,0.519,0.969,0.176,15
$GNSS,2025-05-04T08:18:29.250Z,27.4090634,103.2443130,3146.417,-0.025,-0.023,-0.032,0.519,0.969,0.207,15
$GNSS,2025-05-04T08:18:29.300Z,27.4090634,103.2443130,3146.419,-0.009,-0.031,-0.056,0.518,0.968,0.205,15
$GNSS,2025-05-04T08:18:29.350Z,27.4090633,103.2443129,3146.420,-0.013,-0.011,-0.045,0.518,0.968,0.206,15
$GNSS,2025-05-04T08:18:29.400Z,27.4090632,103.2443129,3146.421,-0.047,0.034,0.016,0.518,0.968,0.142,15
$GNSS,2025-05-04T08:18:29.450Z,27.4090632,103.2443129,3146.410,-0.039,-0.035,0.106,0.518,0.968,0.192,15
$GNSS,2025-05-04T08:18:29.550Z,27.4090631,103.2443128,3146.413,0.005,0.050,0.004,0.518,0.968,0.211,15
$GNSS,2025-05-04T08:18:29.600Z,27.4090631,103.2443128,3146.416,-0.109,-0.057,-0.014,0.518,0.968,0.201,15
$GNSS,2025-05-04T08:18:29.650Z,27.4090630,103.2443127,3146.413,-0.101,0.007,0.012,0.518,0.968,0.147,15
$GNSS,2025-05-04T08:18:29.700Z,27.4090629,103.2443127,3146.413,-0.013,0.055,0.064,0.518,0.968,0.202,15
$GNSS,2025-05-04T08:18:29.750Z,27.4090629,103.2443126,3146.418,-0.016,-0.017,0.073,0.518,0.968,0.198,15
$GNSS,2025-05-04T08:18:29.800Z,27.4090628,103.2443126,3146.410,-0.047,-0.060,0.053,0.518,0.968,0.197,15
$GNSS,2025-05-04T08:18:29.850Z,27.4090628,103.2443125,3146.412,-0.042,-0.031,0.062,0.518,0.968,0.191,15
$GNSS,2025-05-04T08:18:29.900Z,27.4090627,103.2443124,3146.412,0.014,-0.047,0.133,0.517,0.968,0.199,14
$GNSS,2025-05-04T08:18:29.950Z,27.4090628,103.2443124,3146.414,0.128,0.045,0.074,0.517,0.967,0.194,14
$GNSS,2025-05-04T08:18:30.000Z,27.4090628,103.2443124,3146.418,0.067,0.005,-0.007,0.517,0.967,0.159,14
$GNSS,2025-05-04T08:18:30.050Z,27.4090628,103.2443123,3146.420,0.011,-0.112,-0.091,0.517,0.967,0.200,14
$GNSS,2025-05-04T08:18:30.100Z,27.4090628,103.2443123,3146.419,0.082,-0.034,-0.066,0.517,0.967,0.156,14
$GNSS,2025-05-04T08:18:30.150Z,27.4090628,103.2443122,3146.422,0.087,-0.028,0.028,0.517,0.967,0.142,15
$GNSS,2025-05-04T08:18:30.200Z,27.4090629,103.2443122,3146.430,0.097,0.000,-0.028,0.516,0.966,0.150,15
$GNSS,2025-05-04T08:18:30.250Z,27.4090629,103.2443121,3146.436,0.083,0.053,-0.017,0.516,0.966,0.196,15
$GNSS,2025-05-04T08:18:30.300Z,27.4090630,103.2443120,3146.445,0.073,-0.042,-0.027,0.516,0.966,0.124,15
$GNSS,2025-05-04T08:18:30.350Z,27.4090630,103.2443119,3146.462,0.022,-0.019,-0.060,0.516,0.965,0.176,15
$GNSS,2025-05-04T08:18:30.400Z,27.4090631,103.2443118,3146.467,0.062,-0.071,-0.011,0.516,0.965,0.130,15
$GNSS,2025-05-04T08:18:30.450Z,27.4090631,103.2443118,3146.471,0.065,-0.020,0.034,0.516,0.964,0.152,15
$GNSS,2025-05-04T08:18:30.500Z,27.4090632,103.2443117,3146.482,0.074,0.024,-0.009,0.515,0.964,0.174,15
$GNSS,2025-05-04T08:18:30.550Z,27.4090632,103.2443117,3146.495,0.085,0.014,-0.060,0.515,0.963,0.163,15
$GNSS,2025-05-04T08:18:30.600Z,27.4090633,103.2443116,3146.506,0.138,-0.112,-0.022,0.515,0.963,0.123,15
$GNSS,2025-05-04T08:18:30.650Z,27.4090633,103.2443115,3146.512,0.127,-0.048,-0.021,0.515,0.963,0.129,15
$GNSS,2025-05-04T08:18:30.700Z,27.4090634,103.2443114,3146.519,0.116,-0.076,-0.021,0.515,0.962,0.127,15
$GNSS,2025-05-04T08:18:30.750Z,27.4090634,103.2443113,3146.517,0.092,-0.043,0.017,0.515,0.962,0.138,15
$GNSS,2025-05-04T08:18:30.800Z,27.4090634,103.2443112,3146.517,0.117,-0.140,0.049,0.515,0.962,0.143,15
$GNSS,2025-05-04T08:18:30.850Z,27.4090634,103.2443111,3146.521,0.109,-0.148,-0.036,0.515,0.962,0.145,15
$GNSS,2025-05-04T08:18:30.900Z,27.4090635,103.2443111,3146.518,0.180,-0.040,-0.064,0.515,0.962,0.151,15
$GNSS,2025-05-04T08:18:30.950Z,27.4090635,103.2443110,3146.523,0.105,-0.080,-0.049,0.514,0.961,0.136,15
$GNSS,2025-05-04T08:18:31.000Z,27.4090636,103.2443109,3146.527,0.118,-0.076,-0.019,0.515,0.961,0.157,15
$GNSS,2025-05-04T08:18:31.050Z,27.4090636,103.2443109,3146.535,0.097,-0.099,-0.025,0.515,0.962,0.167,14
$GNSS,2025-05-04T08:18:31.100Z,27.4090637,103.2443108,3146.542,0.205,-0.085,-0.049,0.515,0.962,0.166,14
$GNSS,2025-05-04T08:18:31.150Z,27.4090638,103.2443107,3146.547,0.109,-0.069,-0.033,0.515,0.962,0.161,15
$GNSS,2025-05-04T08:18:31.200Z,27.4090639,103.2443107,3146.555,0.124,-0.009,-0.034,0.515,0.962,0.179,15
$GNSS,2025-05-04T08:18:31.250Z,27.4090639,103.2443106,3146.554,0.121,-0.028,-0.025,0.515,0.962,0.168,15
$GNSS,2025-05-04T08:18:31.300Z,27.4090640,103.2443105,3146.567,0.106,-0.116,-0.064,0.515,0.963,0.166,15
$GNSS,2025-05-04T08:18:31.350Z,27.4090641,103.2443105,3146.574,0.150,0.001,-0.059,0.515,0.963,0.173,15
$GNSS,2025-05-04T08:18:31.400Z,27.4090641,103.2443105,3146.576,0.098,0.025,-0.001,0.516,0.963,0.207,15
$GNSS,2025-05-04T08:18:31.450Z,27.4090642,103.2443105,3146.584,0.167,0.024,-0.020,0.516,0.963,0.181,15
$GNSS,2025-05-04T08:18:31.500Z,27.4090643,103.2443104,3146.586,0.146,-0.017,-0.027,0.516,0.963,0.179,15
$GNSS,2025-05-04T08:18:31.550Z,27.4090643,103.2443104,3146.587,-0.001,0.036,-0.006,0.515,0.963,0.166,15
$GNSS,2025-05-04T08:18:31.600Z,27.4090643,103.2443103,3146.580,0.060,-0.061,0.062,0.515,0.962,0.173,15
$GNSS,2025-05-04T08:18:31.650Z,27.4090643,103.2443103,3146.583,0.031,0.007,0.036,0.515,0.961,0.177,16
$GNSS,2025-05-04T08:18:31.700Z,27.4090644,103.2443102,3146.583,0.058,0.011,0.028,0.514,0.961,0.150,16
$GNSS,2025-05-04T08:18:31.750Z,27.4090645,103.2443102,3146.585,0.018,-0.005,-0.076,0.514,0.960,0.173,16
$GNSS,2025-05-04T08:18:31.800Z,27.4090645,103.2443102,3146.583,-0.042,0.056,-0.081,0.514,0.959,0.170,16
$GNSS,2025-05-04T08:18:31.850Z,27.4090645,103.2443101,3146.584,-0.058,0.019,0.023,0.513,0.959,0.127,16
$GNSS,2025-05-04T08:18:31.900Z,27.4090645,103.2443101,3146.586,0.021,0.073,0.127,0.513,0.958,0.168,16
$GNSS,2025-05-04T08:18:31.950Z,27.4090645,103.2443101,3146.578,-0.007,0.013,0.092,0.513,0.957,0.172,16
$GNSS,2025-05-04T08:18:32.000Z,27.4090646,103.2443100,3146.576,-0.009,-0.030,-0.042,0.512,0.957,0.167,16
$GNSS,2025-05-04T08:18:32.050Z,27.4090646,103.2443100,3146.575,-0.036,-0.017,-0.054,0.512,0.956,0.174,16
$GNSS,2025-05-04T08:18:32.100Z,27.4090646,103.2443099,3146.572,-0.022,0.032,-0.015,0.512,0.956,0.148,16
$GNSS,2025-05-04T08:18:32.150Z,27.4090646,103.2443099,3146.571,0.003,-0.009,0.040,0.511,0.955,0.182,16
$GNSS,2025-05-04T08:18:32.200Z,27.4090646,103.2443098,3146.567,-0.059,-0.023,0.094,0.511,0.954,0.157,16
$GNSS,2025-05-04T08:18:32.250Z,27.4090646,103.2443098,3146.567,-0.069,-0.033,0.080,0.511,0.954,0.151,16
$GNSS,2025-05-04T08:18:32.300Z,27.4090646,103.2443097,3146.561,-0.039,0.017,-0.032,0.511,0.953,0.168,16
$GNSS,2025-05-04T08:18:32.350Z,27.4090646,103.2443097,3146.550,-0.013,0.000,-0.064,0.510,0.953,0.182,16
$GNSS,2025-05-04T08:18:32.400Z,27.4090646,103.2443097,3146.536,-0.009,-0.032,0.007,0.510,0.952,0.149,16
$GNSS,2025-05-04T08:18:32.450Z,27.4090646,103.2443096,3146.542,-0.034,-0.038,0.002,0.510,0.952,0.157,16
$GNSS,2025-05-04T08:18:32.500Z,27.4090647,103.2443096,3146.542,-0.025,0.020,-0.004,0.509,0.951,0.132,16
$GNSS,2025-05-04T08:18:32.550Z,27.4090647,103.2443096,3146.544,-0.048,0.009,-0.052,0.509,0.951,0.171,16
$GNSS,2025-05-04T08:18:32.600Z,27.4090647,103.2443095,3146.537,-0.033,0.009,0.007,0.509,0.950,0.122,16
$GNSS,2025-05-04T08:18:32.650Z,27.4090647,103.2443095,3146.543,0.006,-0.015,-0.043,0.509,0.950,0.176,15
$GNSS,2025-05-04T08:18:32.700Z,27.4090648,103.2443094,3146.544,-0.002,-0.036,0.032,0.508,0.949,0.183,15
$GNSS,2025-05-04T08:18:32.750Z,27.4090648,103.2443094,3146.542,-0.013,0.002,-0.022,0.508,0.949,0.184,15
$GNSS,2025-05-04T08:18:32.800Z,27.4090648,103.2443094,3146.541,0.016,0.021,-0.051,0.508,0.948,0.183,15
$GNSS,2025-05-04T08:18:32.850Z,27.4090649,103.2443093,3146.543,-0.012,-0.044,-0.059,0.508,0.948,0.181,15
$GNSS,2025-05-04T08:18:32.900Z,27.4090649,103.2443093,3146.549,-0.035,-0.004,-0.045,0.507,0.948,0.181,15
$GNSS,2025-05-04T08:18:32.950Z,27.4090649,103.2443092,3146.546,-0.017,-0.021,-0.003,0.507,0.947,0.174,15
$GNSS,2025-05-04T08:18:33.000Z,27.4090649,103.2443092,3146.543,0.003,0.016,-0.004,0.507,0.947,0.175,15
$GNSS,2025-05-04T08:18:33.050Z,27.4090650,103.2443092,3146.542,-0.013,0.042,0.021,0.507,0.946,0.156,15
$GNSS,2025-05-04T08:18:33.100Z,27.4090650,103.2443091,3146.545,-0.025,-0.036,-0.036,0.507,0.946,0.181,15
$GNSS,2025-05-04T08:18:33.150Z,27.4090650,103.2443091,3146.541,-0.006,-0.067,-0.027,0.506,0.945,0.171,15
$GNSS,2025-05-04T08:18:33.200Z,27.4090651,103.2443090,3146.545,0.060,0.009,0.000,0.506,0.945,0.144,15
$GNSS,2025-05-04T08:18:33.250Z,27.4090652,103.2443090,3146.552,0.058,0.011,-0.035,0.506,0.944,0.149,15
$GNSS,2025-05-04T08:18:33.300Z,27.4090652,103.2443090,3146.552,0.032,0.041,-0.045,0.506,0.944,0.178,15
$GNSS,2025-05-04T08:18:33.350Z,27.4090653,103.2443089,3146.554,0.031,0.012,-0.056,0.505,0.944,0.172,15
$GNSS,2025-05-04T08:18:33.400Z,27.4090653,103.2443090,3146.558,0.011,0.104,-0.097,0.505,0.943,0.183,15
$GNSS,2025-05-04T08:18:33.450Z,27.4090653,103.2443090,3146.560,-0.003,0.128,-0.120,0.505,0.943,0.182,15
$GNSS,2025-05-04T08:18:33.500Z,27.4090654,103.2443091,3146.575,-0.005,0.197,-0.161,0.505,0.942,0.180,15
$GNSS,2025-05-04T08:18:33.550Z,27.4090653,103.2443091,3146.597,-0.101,0.216,-0.077,0.505,0.942,0.158,15
$GNSS,2025-05-04T08:18:33.600Z,27.4090652,103.2443091,3146.607,-0.141,0.158,0.044,0.504,0.942,0.140,15
$GNSS,2025-05-04T08:18:33.650Z,27.4090652,103.2443091,3146.621,-0.183,0.097,0.076,0.504,0.941,0.130,15
$GNSS,2025-05-04T08:18:33.700Z,27.4090651,103.2443091,3146.623,-0.112,0.059,0.104,0.504,0.941,0.148,15
$GNSS,2025-05-04T08:18:33.750Z,27.4090651,103.2443090,3146.618,-0.008,-0.055,0.076,0.504,0.941,0.175,15
$GNSS,2025-05-04T08:18:33.800Z,27.4090652,103.2443090,3146.622,0.098,-0.052,-0.017,0.504,0.940,0.126,15
$GNSS,2025-05-04T08:18:33.850Z,27.4090653,103.2443089,3146.629,0.169,-0.029,-0.096,0.503,0.940,0.137,15
$GNSS,2025-05-04T08:18:33.900Z,27.4090654,103.2443088,3146.637,0.258,-0.103,-0.109,0.503,0.940,0.129,15
$GNSS,2025-05-04T08:18:33.950Z,27.4090656,103.2443088,3146.646,0.268,0.049,-0.221,0.503,0.939,0.152,15
$GNSS,2025-05-04T08:18:34.000Z,27.4090657,103.2443087,3146.637,0.218,-0.082,-0.151,0.503,0.939,0.138,15
$GNSS,2025-05-04T08:18:34.050Z,27.4090657,103.2443086,3146.637,0.090,-0.104,0.073,0.503,0.939,0.163,15
$GNSS,2025-05-04T08:18:34.100Z,27.4090657,103.2443085,3146.630,0.041,-0.029,0.238,0.503,0.939,0.196,16
$GNSS,2025-05-04T08:18:34.150Z,27.4090658,103.2443085,3146.630,0.025,-0.026,0.189,0.503,0.938,0.200,16
$GNSS,2025-05-04T08:18:34.200Z,27.4090658,103.2443085,3146.623,0.019,0.045,0.019,0.502,0.938,0.165,16
$GNSS,2025-05-04T08:18:34.250Z,27.4090658,103.2443085,3146.629,0.022,0.090,-0.177,0.502,0.937,0.185,16
$GNSS,2025-05-04T08:18:34.300Z,27.4090658,103.2443085,3146.647,-0.005,0.175,-0.321,0.502,0.937,0.187,16
$GNSS,2025-05-04T08:18:34.350Z,27.4090658,103.2443086,3146.670,-0.021,0.186,-0.347,0.502,0.936,0.186,16
$GNSS,2025-05-04T08:18:34.400Z,27.4090658,103.2443087,3146.671,-0.071,0.212,-0.158,0.502,0.936,0.170,16
$GNSS,2025-05-04T08:18:34.450Z,27.4090657,103.2443087,3146.674,-0.170,0.123,0.074,0.501,0.935,0.137,16
$GNSS,2025-05-04T08:18:34.500Z,27.4090657,103.2443087,3146.672,-0.199,0.087,0.091,0.501,0.935,0.139,15
$GNSS,2025-05-04T08:18:34.550Z,27.4090656,103.2443086,3146.679,-0.145,-0.018,0.075,0.501,0.934,0.153,15
$GNSS,2025-05-04T08:18:34.600Z,27.4090656,103.2443086,3146.676,-0.069,-0.007,0.028,0.501,0.934,0.148,15
$GNSS,2025-05-04T08:18:34.650Z,27.4090656,103.2443086,3146.674,-0.090,0.070,0.053,0.501,0.934,0.141,15
$GNSS,2025-05-04T08:18:34.700Z,27.4090656,103.2443085,3146.682,-0.088,-0.054,0.082,0.501,0.933,0.153,15
$GNSS,2025-05-04T08:18:34.750Z,27.4090656,103.2443085,3146.687,-0.064,0.002,0.094,0.501,0.933,0.155,15
$GNSS,2025-05-04T08:18:34.800Z,27.4090656,103.2443084,3146.680,-0.058,-0.039,0.059,0.501,0.932,0.153,15
$GNSS,2025-05-04T08:18:34.850Z,27.4090656,103.2443084,3146.685,-0.021,-0.036,-0.039,0.501,0.932,0.203,15
$GNSS,2025-05-04T08:18:34.900Z,27.4090656,103.2443083,3146.694,0.071,-0.021,-0.020,0.501,0.932,0.141,15
$GNSS,2025-05-04T08:18:34.950Z,27.4090656,103.2443083,3146.697,-0.016,-0.005,-0.002,0.501,0.931,0.182,15
$GNSS,2025-05-04T08:18:35.000Z,27.4090656,103.2443083,3146.692,-0.046,-0.011,0.011,0.501,0.931,0.156,15
$GNSS,2025-05-04T08:18:35.050Z,27.4090656,103.2443082,3146.688,-0.056,0.002,-0.012,0.501,0.931,0.176,15
$GNSS,2025-05-04T08:18:35.100Z,27.4090656,103.2443082,3146.685,0.018,0.010,-0.040,0.501,0.930,0.167,15
$GNSS,2025-05-04T08:18:35.150Z,27.4090656,103.2443082,3146.678,-0.014,0.029,-0.016,0.500,0.930,0.166,15
$GNSS,2025-05-04T08:18:35.200Z,27.4090656,103.2443082,3146.676,-0.030,0.002,-0.051,0.500,0.930,0.203,15
$GNSS,2025-05-04T08:18:35.250Z,27.4090656,103.2443082,3146.675,-0.052,0.005,-0.052,0.500,0.930,0.199,15
$GNSS,2025-05-04T08:18:35.300Z,27.4090656,103.2443081,3146.675,-0.016,0.014,-0.022,0.500,0.930,0.187,15
$GNSS,2025-05-04T08:18:35.350Z,27.4090656,103.2443082,3146.671,-0.006,0.056,-0.056,0.500,0.929,0.168,15
$GNSS,2025-05-04T08:18:35.400Z,27.4090655,103.2443082,3146.667,-0.071,0.034,-0.040,0.500,0.929,0.183,15
$GNSS,2025-05-04T08:18:35.450Z,27.4090655,103.2443081,3146.666,-0.046,0.033,0.015,0.500,0.929,0.159,15
$GNSS,2025-05-04T08:18:35.500Z,27.4090655,103.2443081,3146.661,-0.090,0.029,0.022,0.500,0.929,0.145,15
$GNSS,2025-05-04T08:18:35.550Z,27.4090655,103.2443081,3146.653,-0.084,-0.007,0.014,0.500,0.928,0.146,16
$GNSS,2025-05-04T08:18:35.600Z,27.4090654,103.2443081,3146.653,-0.072,0.036,0.014,0.500,0.928,0.144,16
$GNSS,2025-05-04T08:18:35.650Z,27.4090654,103.2443081,3146.646,-0.088,0.023,0.047,0.500,0.928,0.144,16
$GNSS,2025-05-04T08:18:35.700Z,27.4090654,103.2443080,3146.639,-0.062,-0.022,0.059,0.500,0.928,0.147,16
$GNSS,2025-05-04T08:18:35.750Z,27.4090653,103.2443079,3146.650,-0.143,-0.063,-0.035,0.500,0.927,0.167,16
$GNSS,2025-05-04T08:18:35.800Z,27.4090653,103.2443079,3146.639,-0.061,0.004,0.010,0.500,0.927,0.144,16
$GNSS,2025-05-04T08:18:35.850Z,27.4090653,103.2443079,3146.631,-0.032,0.001,-0.013,0.500,0.927,0.170,16
$GNSS,2025-05-04T08:18:35.900Z,27.4090653,103.2443079,3146.624,-0.080,-0.012,0.028,0.499,0.927,0.143,16
$GNSS,2025-05-04T08:18:35.950Z,27.4090653,103.2443078,3146.616,-0.080,-0.020,0.075,0.499,0.926,0.149,16
$GNSS,2025-05-04T08:18:36.000Z,27.4090652,103.2443078,3146.608,-0.097,-0.042,0.038,0.499,0.926,0.145,16
$GNSS,2025-05-04T08:18:36.050Z,27.4090652,103.2443078,3146.616,0.008,0.070,-0.042,0.499,0.926,0.153,16
$GNSS,2025-05-04T08:18:36.100Z,27.4090653,103.2443078,3146.617,0.021,0.112,-0.020,0.499,0.926,0.153,16
$GNSS,2025-05-04T08:18:36.150Z,27.4090653,103.2443078,3146.605,0.020,0.089,0.021,0.499,0.926,0.169,16
$GNSS,2025-05-04T08:18:36.200Z,27.4090654,103.2443078,3146.601,0.296,-0.091,-0.048,0.499,0.925,0.145,16
$GNSS,2025-05-04T08:18:36.250Z,27.4090657,103.2443077,3146.599,0.506,-0.216,-0.106,0.499,0.925,0.155,16
$GNSS,2025-05-04T08:18:36.300Z,27.4090658,103.2443075,3146.603,0.425,-0.251,-0.103,0.499,0.925,0.165,16
$GNSS,2025-05-04T08:18:36.350Z,27.4090659,103.2443074,3146.587,0.208,-0.208,0.009,0.499,0.924,0.167,16
$GNSS,2025-05-04T08:18:36.400Z,27.4090659,103.2443074,3146.576,-0.029,-0.018,-0.006,0.499,0.923,0.197,16
$GNSS,2025-05-04T08:18:36.450Z,27.4090660,103.2443075,3146.582,0.046,0.180,-0.079,0.499,0.923,0.129,16
$GNSS,2025-05-04T08:18:36.500Z,27.4090659,103.2443076,3146.604,-0.205,0.202,-0.284,0.498,0.922,0.195,16
$GNSS,2025-05-04T08:18:36.550Z,27.4090659,103.2443077,3146.605,-0.008,0.184,-0.245,0.498,0.921,0.171,16
$GNSS,2025-05-04T08:18:36.600Z,27.4090660,103.2443078,3146.587,0.168,0.116,-0.129,0.498,0.921,0.147,16
$GNSS,2025-05-04T08:18:36.650Z,27.4090660,103.2443078,3146.574,0.058,0.075,-0.089,0.498,0.920,0.136,16
$GNSS,2025-05-04T08:18:36.700Z,27.4090660,103.2443079,3146.567,-0.020,0.070,-0.075,0.498,0.919,0.182,15
$GNSS,2025-05-04T08:18:36.750Z,27.4090660,103.2443079,3146.567,-0.122,0.069,-0.058,0.498,0.919,0.216,15
$GNSS,2025-05-04T08:18:36.800Z,27.4090660,103.2443079,3146.558,-0.001,0.121,-0.018,0.498,0.918,0.136,15
$GNSS,2025-05-04T08:18:36.850Z,27.4090661,103.2443080,3146.557,0.062,0.138,0.007,0.498,0.917,0.134,15
$GNSS,2025-05-04T08:18:36.900Z,27.4090661,103.2443080,3146.552,-0.003,0.056,-0.032,0.498,0.917,0.159,15
$GNSS,2025-05-04T08:18:36.950Z,27.4090661,103.2443080,3146.545,0.006,0.055,-0.050,0.498,0.916,0.160,15
$GNSS,2025-05-04T08:18:37.000Z,27.4090661,103.2443081,3146.541,-0.012,0.057,-0.088,0.498,0.916,0.189,15
$GNSS,2025-05-04T08:18:37.050Z,27.4090661,103.2443081,3146.536,-0.058,0.172,-0.055,0.498,0.915,0.181,14
$GNSS,2025-05-04T08:18:37.100Z,27.4090660,103.2443083,3146.527,-0.139,0.298,-0.047,0.498,0.915,0.164,15
$GNSS,2025-05-04T08:18:37.150Z,27.4090659,103.2443084,3146.520,-0.358,0.275,0.018,0.498,0.914,0.191,15
$GNSS,2025-05-04T08:18:37.200Z,27.4090656,103.2443084,3146.512,-0.595,0.149,0.076,0.498,0.914,0.202,15
$GNSS,2025-05-04T08:18:37.250Z,27.4090654,103.2443084,3146.485,-0.493,-0.010,0.340,0.498,0.914,0.189,15
$GNSS,2025-05-04T08:18:37.300Z,27.4090653,103.2443083,3146.464,-0.284,-0.141,0.342,0.498,0.913,0.178,15
$GNSS,2025-05-04T08:18:37.350Z,27.4090652,103.2443082,3146.442,-0.149,-0.242,0.298,0.498,0.913,0.180,16
$GNSS,2025-05-04T08:18:37.400Z,27.4090652,103.2443081,3146.423,-0.066,-0.163,0.208,0.498,0.913,0.173,16
$GNSS,2025-05-04T08:18:37.450Z,27.4090651,103.2443080,3146.404,-0.136,-0.175,0.237,0.498,0.913,0.170,16
$GNSS,2025-05-04T08:18:37.500Z,27.4090651,103.2443079,3146.385,-0.170,-0.065,0.213,0.497,0.912,0.170,16
$GNSS,2025-05-04T08:18:37.550Z,27.4090650,103.2443079,3146.362,-0.177,-0.058,0.310,0.497,0.912,0.169,16
$GNSS,2025-05-04T08:18:37.600Z,27.4090649,103.2443078,3146.343,-0.185,-0.074,0.340,0.497,0.912,0.168,16
$GNSS,2025-05-04T08:18:37.650Z,27.4090649,103.2443077,3146.326,-0.128,-0.176,0.266,0.497,0.912,0.169,16
$GNSS,2025-05-04T08:18:37.700Z,27.4090648,103.2443076,3146.317,-0.024,-0.134,0.133,0.497,0.911,0.157,16
$GNSS,2025-05-04T08:18:37.750Z,27.4090648,103.2443076,3146.317,-0.078,0.012,0.093,0.497,0.911,0.160,16
$GNSS,2025-05-04T08:18:37.800Z,27.4090647,103.2443076,3146.309,-0.153,0.010,0.094,0.497,0.911,0.149,16
$GNSS,2025-05-04T08:18:37.850Z,27.4090647,103.2443075,3146.309,-0.086,-0.011,0.103,0.497,0.911,0.159,16
$GNSS,2025-05-04T08:18:37.900Z,27.4090646,103.2443075,3146.305,-0.061,0.016,0.105,0.497,0.910,0.166,16
$GNSS,2025-05-04T08:18:37.950Z,27.4090646,103.2443074,3146.309,-0.023,-0.059,0.057,0.497,0.910,0.169,16
$GNSS,2025-05-04T08:18:38.000Z,27.4090646,103.2443073,3146.316,-0.051,-0.025,0.024,0.496,0.910,0.177,16
$GNSS,2025-05-04T08:18:38.050Z,27.4090646,103.2443073,3146.317,0.013,-0.002,0.088,0.496,0.909,0.186,16
$GNSS,2025-05-04T08:18:38.100Z,27.4090646,103.2443072,3146.323,0.023,-0.006,0.112,0.496,0.909,0.185,16
$GNSS,2025-05-04T08:18:38.150Z,27.4090645,103.2443072,3146.336,0.050,-0.002,-0.018,0.496,0.909,0.144,16
$GNSS,2025-05-04T08:18:38.200Z,27.4090645,103.2443071,3146.338,-0.006,-0.025,-0.052,0.496,0.909,0.189,16
$GNSS,2025-05-04T08:18:38.250Z,27.4090646,103.2443071,3146.346,0.075,-0.012,-0.050,0.496,0.908,0.140,16
$GNSS,2025-05-04T08:18:38.300Z,27.4090646,103.2443070,3146.350,0.023,-0.041,0.019,0.496,0.908,0.145,16
$GNSS,2025-05-04T08:18:38.350Z,27.4090647,103.2443070,3146.352,0.093,-0.020,-0.055,0.496,0.908,0.138,16
$GNSS,2025-05-04T08:18:38.400Z,27.4090647,103.2443069,3146.356,0.044,-0.026,-0.051,0.495,0.907,0.147,16
$GNSS,2025-05-04T08:18:38.450Z,27.4090648,103.2443068,3146.362,0.060,0.018,-0.065,0.495,0.907,0.156,16
$GNSS,2025-05-04T08:18:38.500Z,27.4090649,103.2443068,3146.356,0.127,0.007,0.010,0.495,0.907,0.157,16
$GNSS,2025-05-04T08:18:38.550Z,27.4090649,103.2443067,3146.350,0.028,-0.045,-0.017,0.495,0.907,0.137,16
$GNSS,2025-05-04T08:18:38.600Z,27.4090650,103.2443066,3146.354,0.065,-0.042,-0.043,0.495,0.906,0.132,16
$GNSS,2025-05-04T08:18:38.650Z,27.4090651,103.2443066,3146.359,0.125,-0.003,-0.014,0.495,0.906,0.139,16
$GNSS,2025-05-04T08:18:38.700Z,27.4090651,103.2443065,3146.364,0.147,-0.054,-0.009,0.495,0.906,0.129,16
$GNSS,2025-05-04T08:18:38.750Z,27.4090652,103.2443064,3146.364,0.075,-0.033,-0.085,0.494,0.906,0.148,15
$GNSS,2025-05-04T08:18:38.800Z,27.4090653,103.2443064,3146.375,0.174,-0.037,-0.175,0.494,0.906,0.148,15
$GNSS,2025-05-04T08:18:38.850Z,27.4090654,103.2443063,3146.378,0.149,-0.107,-0.184,0.494,0.906,0.150,15
$GNSS,2025-05-04T08:18:38.900Z,27.4090655,103.2443062,3146.386,0.127,-0.130,-0.204,0.494,0.905,0.158,15
$GNSS,2025-05-04T08:18:38.950Z,27.4090656,103.2443061,3146.399,0.145,-0.111,-0.209,0.494,0.905,0.155,15
$GNSS,2025-05-04T08:18:39.000Z,27.4090657,103.2443060,3146.418,0.167,-0.090,-0.290,0.494,0.905,0.162,15
$GNSS,2025-05-04T08:18:39.050Z,27.4090658,103.2443059,3146.432,0.141,-0.203,-0.351,0.494,0.905,0.170,15
$GNSS,2025-05-04T08:18:39.100Z,27.4090659,103.2443058,3146.446,0.254,-0.159,-0.354,0.494,0.905,0.160,16
$GNSS,2025-05-04T08:18:39.150Z,27.4090660,103.2443057,3146.455,0.272,-0.135,-0.344,0.493,0.905,0.164,16
$GNSS,2025-05-04T08:18:39.200Z,27.4090661,103.2443056,3146.465,0.284,-0.068,-0.279,0.493,0.905,0.161,16
$GNSS,2025-05-04T08:18:39.250Z,27.4090663,103.2443057,3146.461,0.325,0.063,-0.207,0.493,0.905,0.159,16
$GNSS,2025-05-04T08:18:39.300Z,27.4090664,103.2443058,3146.465,0.404,0.156,-0.275,0.493,0.904,0.162,16
$GNSS,2025-05-04T08:18:39.350Z,27.4090666,103.2443058,3146.450,0.359,0.071,-0.246,0.493,0.904,0.151,15
$GNSS,2025-05-04T08:18:39.400Z,27.4090668,103.2443059,3146.440,0.342,0.148,-0.266,0.493,0.904,0.154,15
$GNSS,2025-05-04T08:18:39.450Z,27.4090669,103.2443061,3146.447,0.360,0.400,-0.231,0.492,0.904,0.167,15
$GNSS,2025-05-04T08:18:39.550Z,27.4090673,103.2443067,3146.446,0.393,0.631,-0.111,0.493,0.904,0.144,16
$GNSS,2025-05-04T08:18:39.600Z,27.4090675,103.2443071,3146.444,0.405,0.783,-0.162,0.492,0.904,0.155,16
$GNSS,2025-05-04T08:18:39.650Z,27.4090677,103.2443075,3146.428,0.316,0.820,-0.068,0.492,0.904,0.146,16
$GNSS,2025-05-04T08:18:39.700Z,27.4090678,103.2443079,3146.417,0.202,0.743,-0.049,0.492,0.904,0.155,16
$GNSS,2025-05-04T08:18:39.750Z,27.4090679,103.2443083,3146.420,0.133,0.799,-0.029,0.491,0.904,0.153,16
$GNSS,2025-05-04T08:18:39.800Z,27.4090679,103.2443086,3146.417,0.051,0.685,-0.076,0.491,0.903,0.147,16
$GNSS,2025-05-04T08:18:39.850Z,27.4090680,103.2443089,3146.423,-0.013,0.593,-0.124,0.491,0.903,0.153,16
$GNSS,2025-05-04T08:18:39.900Z,27.4090680,103.2443092,3146.436,-0.006,0.621,-0.087,0.491,0.903,0.164,15
$GNSS,2025-05-04T08:18:39.950Z,27.4090680,103.2443094,3146.423,0.045,0.392,-0.004,0.490,0.903,0.163,15
$GNSS,2025-05-04T08:18:40.000Z,27.4090681,103.2443096,3146.404,0.138,0.356,0.031,0.490,0.903,0.150,15
$GNSS,2025-05-04T08:18:40.050Z,27.4090682,103.2443097,3146.384,0.141,0.274,0.044,0.490,0.903,0.148,15
$GNSS,2025-05-04T08:18:40.100Z,27.4090682,103.2443099,3146.386,0.078,0.429,0.096,0.489,0.903,0.167,15
$GNSS,2025-05-04T08:18:40.150Z,27.4090683,103.2443101,3146.381,0.179,0.425,0.115,0.489,0.903,0.153,15
$GNSS,2025-05-04T08:18:40.200Z,27.4090684,103.2443104,3146.394,0.234,0.486,0.029,0.489,0.903,0.153,15
$GNSS,2025-05-04T08:18:40.250Z,27.4090685,103.2443106,3146.413,0.261,0.416,-0.021,0.489,0.903,0.144,15
$GNSS,2025-05-04T08:18:40.300Z,27.4090686,103.2443108,3146.432,0.294,0.389,0.033,0.489,0.903,0.142,15
$GNSS,2025-05-04T08:18:40.350Z,27.4090688,103.2443108,3146.425,0.340,0.246,0.007,0.488,0.902,0.143,15
$GNSS,2025-05-04T08:18:40.400Z,27.4090690,103.2443109,3146.416,0.359,0.213,-0.051,0.488,0.902,0.146,16
$GNSS,2025-05-04T08:18:40.450Z,27.4090693,103.2443109,3146.421,0.501,0.064,-0.112,0.488,0.902,0.175,15
$GNSS,2025-05-04T08:18:40.500Z,27.4090695,103.2443110,3146.416,0.478,0.107,0.071,0.488,0.902,0.164,15
$GNSS,2025-05-04T08:18:40.550Z,27.4090697,103.2443111,3146.408,0.588,0.205,0.209,0.488,0.901,0.164,15
$GNSS,2025-05-04T08:18:40.600Z,27.4090700,103.2443113,3146.409,0.610,0.463,0.275,0.488,0.901,0.159,15
$GNSS,2025-05-04T08:18:40.650Z,27.4090703,103.2443115,3146.407,0.584,0.305,0.183,0.487,0.901,0.156,15
$GNSS,2025-05-04T08:18:40.700Z,27.4090706,103.2443115,3146.408,0.772,0.083,0.021,0.487,0.901,0.165,15
$GNSS,2025-05-04T08:18:40.750Z,27.4090711,103.2443116,3146.410,0.924,0.314,0.011,0.487,0.901,0.161,15
$GNSS,2025-05-04T08:18:40.800Z,27.4090714,103.2443118,3146.423,0.801,0.491,0.039,0.487,0.901,0.149,15
$GNSS,2025-05-04T08:18:40.850Z,27.4090717,103.2443119,3146.434,0.644,0.193,0.024,0.487,0.901,0.160,15
$GNSS,2025-05-04T08:18:40.900Z,27.4090719,103.2443119,3146.441,0.521,0.117,-0.074,0.487,0.901,0.169,15
$GNSS,2025-05-04T08:18:40.950Z,27.4090722,103.2443120,3146.447,0.635,0.161,-0.065,0.486,0.900,0.169,15
$GNSS,2025-05-04T08:18:41.000Z,27.4090725,103.2443121,3146.461,0.650,0.175,-0.066,0.486,0.900,0.180,15
$GNSS,2025-05-04T08:18:41.050Z,27.4090728,103.2443121,3146.479,0.692,0.017,-0.091,0.486,0.900,0.195,15
$GNSS,2025-05-04T08:18:41.100Z,27.4090730,103.2443121,3146.467,0.352,0.033,0.042,0.486,0.900,0.176,15
$GNSS,2025-05-04T08:18:41.150Z,27.4090731,103.2443122,3146.448,0.243,0.090,0.117,0.486,0.900,0.173,15
$GNSS,2025-05-04T08:18:41.200Z,27.4090733,103.2443122,3146.444,0.294,0.131,0.141,0.486,0.900,0.173,15
$GNSS,2025-05-04T08:18:41.250Z,27.4090734,103.2443122,3146.461,0.423,-0.009,0.030,0.486,0.900,0.171,15
$GNSS,2025-05-04T08:18:41.300Z,27.4090736,103.2443121,3146.492,0.466,-0.114,-0.106,0.486,0.900,0.188,15
$GNSS,2025-05-04T08:18:41.350Z,27.4090738,103.2443121,3146.505,0.319,0.005,-0.135,0.486,0.900,0.182,15
$GNSS,2025-05-04T08:18:41.400Z,27.4090739,103.2443122,3146.496,0.180,0.053,0.002,0.486,0.900,0.160,15
$GNSS,2025-05-04T08:18:41.450Z,27.4090739,103.2443121,3146.486,0.135,-0.024,0.059,0.485,0.900,0.182,15
$GNSS,2025-05-04T08:18:41.500Z,27.4090741,103.2443121,3146.487,0.216,-0.101,0.067,0.485,0.899,0.179,15
$GNSS,2025-05-04T08:18:41.550Z,27.4090741,103.2443120,3146.498,0.167,-0.071,0.010,0.485,0.899,0.171,16
$GNSS,2025-05-04T08:18:41.600Z,27.4090742,103.2443119,3146.516,0.153,-0.158,-0.088,0.485,0.899,0.203,16
$GNSS,2025-05-04T08:18:41.650Z,27.4090742,103.2443119,3146.525,0.057,-0.003,-0.053,0.485,0.899,0.213,15
$GNSS,2025-05-04T08:18:41.700Z,27.4090742,103.2443119,3146.526,-0.029,-0.057,-0.033,0.485,0.899,0.198,15
$GNSS,2025-05-04T08:18:41.750Z,27.4090743,103.2443118,3146.522,0.059,-0.101,0.075,0.485,0.899,0.194,15
$GNSS,2025-05-04T08:18:41.800Z,27.4090743,103.2443118,3146.527,0.024,-0.054,0.092,0.486,0.899,0.209,15
$GNSS,2025-05-04T08:18:41.850Z,27.4090743,103.2443117,3146.532,0.035,-0.058,0.060,0.486,0.900,0.202,15
$GNSS,2025-05-04T08:18:41.900Z,27.4090743,103.2443117,3146.544,-0.056,-0.077,-0.047,0.486,0.900,0.199,15
$GNSS,2025-05-04T08:18:41.950Z,27.4090743,103.2443116,3146.545,-0.082,-0.112,-0.015,0.486,0.900,0.174,15
$GNSS,2025-05-04T08:18:42.000Z,27.4090742,103.2443116,3146.549,-0.135,-0.033,-0.001,0.486,0.900,0.194,15
$GNSS,2025-05-04T08:18:42.050Z,27.4090743,103.2443115,3146.545,-0.047,-0.150,0.033,0.487,0.901,0.175,15
$GNSS,2025-05-04T08:18:42.100Z,27.4090742,103.2443114,3146.541,-0.213,-0.123,0.058,0.487,0.901,0.181,15
$GNSS,2025-05-04T08:18:42.150Z,27.4090740,103.2443113,3146.544,-0.379,-0.201,0.095,0.487,0.901,0.182,15
$GNSS,2025-05-04T08:18:42.200Z,27.4090738,103.2443112,3146.554,-0.379,-0.158,0.114,0.488,0.901,0.191,15
$GNSS,2025-05-04T08:18:42.250Z,27.4090737,103.2443113,3146.562,-0.434,-0.012,0.104,0.488,0.902,0.217,15
$GNSS,2025-05-04T08:18:42.300Z,27.4090734,103.2443113,3146.571,-0.540,0.108,0.079,0.488,0.902,0.228,15
$GNSS,2025-05-04T08:18:42.350Z,27.4090731,103.2443113,3146.564,-0.623,0.002,0.176,0.488,0.902,0.227,15
$GNSS,2025-05-04T08:18:42.400Z,27.4090730,103.2443112,3146.556,-0.362,-0.185,0.192,0.489,0.903,0.195,15
$GNSS,2025-05-04T08:18:42.450Z,27.4090729,103.2443109,3146.554,-0.337,-0.521,0.143,0.489,0.903,0.173,15
$GNSS,2025-05-04T08:18:42.500Z,27.4090727,103.2443106,3146.556,-0.417,-0.521,0.122,0.489,0.904,0.172,15
$GNSS,2025-05-04T08:18:42.550Z,27.4090724,103.2443108,3146.546,-0.597,0.075,0.258,0.490,0.904,0.248,15
$GNSS,2025-05-04T08:18:42.600Z,27.4090720,103.2443111,3146.548,-0.712,0.541,0.267,0.490,0.905,0.271,15
$GNSS,2025-05-04T08:18:42.650Z,27.4090718,103.2443113,3146.563,-0.533,0.435,0.173,0.490,0.905,0.269,15
$GNSS,2025-05-04T08:18:42.700Z,27.4090716,103.2443114,3146.566,-0.354,0.137,0.227,0.490,0.906,0.270,15
$GNSS,2025-05-04T08:18:42.750Z,27.4090714,103.2443113,3146.571,-0.392,-0.173,0.239,0.491,0.907,0.210,15
$GNSS,2025-05-04T08:18:42.800Z,27.4090713,103.2443111,3146.565,-0.371,-0.268,0.161,0.491,0.907,0.188,15
$GNSS,2025-05-04T08:18:42.850Z,27.4090712,103.2443111,3146.557,-0.378,-0.025,0.108,0.491,0.908,0.227,15
$GNSS,2025-05-04T08:18:42.900Z,27.4090711,103.2443110,3146.548,-0.231,-0.038,0.073,0.492,0.908,0.238,15
$GNSS,2025-05-04T08:18:42.950Z,27.4090710,103.2443110,3146.539,-0.221,-0.107,0.126,0.492,0.909,0.214,15
$GNSS,2025-05-04T08:18:43.000Z,27.4090709,103.2443109,3146.538,-0.191,-0.154,0.210,0.492,0.909,0.203,15
$GNSS,2025-05-04T08:18:43.050Z,27.4090708,103.2443109,3146.542,-0.071,-0.114,0.239,0.493,0.910,0.227,15
$GNSS,2025-05-04T08:18:43.100Z,27.4090707,103.2443110,3146.545,-0.143,0.150,0.202,0.493,0.911,0.277,15
$GNSS,2025-05-04T08:18:43.150Z,27.4090707,103.2443111,3146.543,-0.049,0.058,0.201,0.493,0.912,0.286,15
$GNSS,2025-05-04T08:18:43.200Z,27.4090707,103.2443111,3146.526,-0.027,0.064,0.263,0.493,0.913,0.285,15
$GNSS,2025-05-04T08:18:43.250Z,27.4090707,103.2443111,3146.524,-0.035,-0.027,0.182,0.494,0.913,0.262,15
$GNSS,2025-05-04T08:18:43.300Z,27.4090708,103.2443110,3146.520,0.151,-0.085,0.177,0.494,0.914,0.246,15
$GNSS,2025-05-04T08:18:43.350Z,27.4090709,103.2443111,3146.518,0.286,0.051,0.193,0.495,0.915,0.215,15
$GNSS,2025-05-04T08:18:43.400Z,27.4090711,103.2443110,3146.520,0.391,-0.052,0.080,0.495,0.915,0.225,15
$GNSS,2025-05-04T08:18:43.450Z,27.4090713,103.2443110,3146.519,0.434,0.026,-0.009,0.495,0.916,0.217,15
$GNSS,2025-05-04T08:18:43.500Z,27.4090715,103.2443111,3146.503,0.391,0.089,0.050,0.495,0.917,0.198,15
$GNSS,2025-05-04T08:18:43.550Z,27.4090716,103.2443112,3146.501,0.385,0.192,0.106,0.496,0.917,0.182,15
$GNSS,2025-05-04T08:18:43.600Z,27.4090719,103.2443112,3146.496,0.588,0.051,0.123,0.496,0.917,0.200,15
$GNSS,2025-05-04T08:18:43.650Z,27.4090721,103.2443111,3146.496,0.509,-0.168,0.120,0.496,0.918,0.214,15
$GNSS,2025-05-04T08:18:43.700Z,27.4090724,103.2443110,3146.500,0.519,-0.184,0.105,0.497,0.918,0.212,15
$GNSS,2025-05-04T08:18:43.750Z,27.4090725,103.2443110,3146.512,0.403,-0.117,0.101,0.497,0.919,0.218,15
$GNSS,2025-05-04T08:18:43.800Z,27.4090728,103.2443110,3146.499,0.422,-0.039,0.077,0.497,0.919,0.203,15
$GNSS,2025-05-04T08:18:43.850Z,27.4090731,103.2443109,3146.486,0.621,-0.128,0.088,0.497,0.920,0.210,15
$GNSS,2025-05-04T08:18:43.900Z,27.4090733,103.2443109,3146.493,0.554,-0.025,0.036,0.498,0.920,0.200,15
$GNSS,2025-05-04T08:18:43.950Z,27.4090735,103.2443109,3146.502,0.468,0.002,0.038,0.498,0.921,0.198,15
$GNSS,2025-05-04T08:18:44.000Z,27.4090736,103.2443109,3146.501,0.190,-0.079,0.118,0.498,0.921,0.222,15
$GNSS,2025-05-04T08:18:44.050Z,27.4090737,103.2443109,3146.515,0.247,-0.012,0.108,0.498,0.921,0.205,15
$GNSS,2025-05-04T08:18:44.100Z,27.4090738,103.2443109,3146.528,0.204,-0.048,0.054,0.499,0.922,0.218,15
$GNSS,2025-05-04T08:18:44.150Z,27.4090739,103.2443109,3146.527,0.137,0.013,0.000,0.499,0.922,0.198,15
$GNSS,2025-05-04T08:18:44.200Z,27.4090740,103.2443108,3146.529,0.172,-0.060,-0.005,0.499,0.922,0.217,15
$GNSS,2025-05-04T08:18:44.250Z,27.4090740,103.2443108,3146.515,0.109,0.027,0.118,0.499,0.923,0.215,15
$GNSS,2025-05-04T08:18:44.300Z,27.4090740,103.2443108,3146.511,-0.044,-0.010,0.027,0.499,0.923,0.202,15
$GNSS,2025-05-04T08:18:44.350Z,27.4090740,103.2443108,3146.516,-0.032,-0.047,-0.018,0.500,0.923,0.185,15
$GNSS,2025-05-04T08:18:44.400Z,27.4090740,103.2443107,3146.525,-0.037,-0.087,-0.036,0.500,0.923,0.189,15
$GNSS,2025-05-04T08:18:44.450Z,27.4090740,103.2443106,3146.523,0.028,-0.096,0.027,0.500,0.924,0.196,15
$GNSS,2025-05-04T08:18:44.500Z,27.4090740,103.2443107,3146.522,-0.069,0.038,0.048,0.500,0.924,0.224,15
$GNSS,2025-05-04T08:18:44.550Z,27.4090740,103.2443106,3146.517,-0.144,-0.005,-0.004,0.500,0.924,0.200,15
$GNSS,2025-05-04T08:18:44.600Z,27.4090739,103.2443106,3146.516,-0.072,0.017,0.003,0.500,0.924,0.210,15
$GNSS,2025-05-04T08:18:44.650Z,27.4090739,103.2443106,3146.516,-0.015,-0.025,0.099,0.500,0.924,0.221,15
$GNSS,2025-05-04T08:18:44.700Z,27.4090740,103.2443105,3146.518,0.053,-0.080,0.075,0.500,0.924,0.196,15
$GNSS,2025-05-04T08:18:44.750Z,27.4090739,103.2443106,3146.516,-0.137,0.123,0.031,0.500,0.924,0.225,15
$GNSS,2025-05-04T08:18:44.800Z,27.4090738,103.2443107,3146.515,-0.285,0.165,0.022,0.501,0.925,0.215,15
$GNSS,2025-05-04T08:18:44.850Z,27.4090737,103.2443108,3146.507,-0.253,0.210,-0.021,0.501,0.925,0.207,15
$GNSS,2025-05-04T08:18:44.900Z,27.4090736,103.2443108,3146.522,-0.248,0.116,-0.007,0.501,0.925,0.207,15
$GNSS,2025-05-04T08:18:44.950Z,27.4090736,103.2443107,3146.528,-0.074,-0.091,-0.070,0.501,0.925,0.193,15
$GNSS,2025-05-04T08:18:45.000Z,27.4090737,103.2443106,3146.527,0.094,-0.141,-0.129,0.501,0.925,0.229,15
$GNSS,2025-05-04T08:18:45.050Z,27.4090738,103.2443105,3146.535,0.104,-0.235,-0.146,0.501,0.925,0.221,15
$GNSS,2025-05-04T08:18:45.100Z,27.4090738,103.2443104,3146.542,0.077,-0.242,-0.059,0.501,0.926,0.197,15
$GNSS,2025-05-04T08:18:45.150Z,27.4090740,103.2443103,3146.544,0.254,-0.180,-0.014,0.501,0.926,0.211,15
$GNSS,2025-05-04T08:18:45.200Z,27.4090741,103.2443102,3146.552,0.236,-0.136,-0.068,0.502,0.926,0.248,15
$GNSS,2025-05-04T08:18:45.250Z,27.4090742,103.2443102,3146.550,0.252,-0.118,-0.057,0.502,0.926,0.227,15
$GNSS,2025-05-04T08:18:45.300Z,27.4090742,103.2443102,3146.534,0.151,-0.052,0.055,0.502,0.926,0.226,15
$GNSS,2025-05-04T08:18:45.350Z,27.4090742,103.2443101,3146.524,0.010,-0.049,-0.030,0.502,0.926,0.196,15
$GNSS,2025-05-04T08:18:45.400Z,27.4090743,103.2443101,3146.515,0.078,-0.102,-0.006,0.502,0.926,0.209,15
$GNSS,2025-05-04T08:18:45.450Z,27.4090742,103.2443101,3146.509,-0.043,-0.077,0.008,0.502,0.926,0.156,15
$GNSS,2025-05-04T08:18:45.500Z,27.4090742,103.2443101,3146.509,0.047,-0.087,-0.036,0.502,0.925,0.192,15
$GNSS,2025-05-04T08:18:45.550Z,27.4090743,103.2443101,3146.496,0.063,-0.067,-0.072,0.502,0.925,0.194,15
$GNSS,2025-05-04T08:18:45.600Z,27.4090742,103.2443101,3146.485,-0.081,-0.065,-0.150,0.502,0.925,0.233,15
$GNSS,2025-05-04T08:18:45.650Z,27.4090742,103.2443101,3146.487,-0.050,-0.044,-0.081,0.502,0.925,0.230,15
$GNSS,2025-05-04T08:18:45.700Z,27.4090742,103.2443101,3146.482,-0.023,-0.023,0.004,0.502,0.925,0.170,15
$GNSS,2025-05-04T08:18:45.750Z,27.4090742,103.2443101,3146.477,0.091,-0.034,-0.032,0.502,0.925,0.217,15
$GNSS,2025-05-04T08:18:45.800Z,27.4090743,103.2443100,3146.471,0.259,-0.146,-0.117,0.502,0.925,0.218,15
$GNSS,2025-05-04T08:18:45.850Z,27.4090745,103.2443099,3146.457,0.379,-0.237,-0.134,0.502,0.925,0.212,15
$GNSS,2025-05-04T08:18:45.900Z,27.4090747,103.2443098,3146.432,0.361,-0.284,-0.006,0.502,0.925,0.208,15
$GNSS,2025-05-04T08:18:45.950Z,27.4090747,103.2443097,3146.421,0.201,-0.220,0.034,0.502,0.925,0.192,15
$GNSS,2025-05-04T08:18:46.000Z,27.4090747,103.2443097,3146.408,-0.014,-0.080,0.062,0.502,0.924,0.171,15
$GNSS,2025-05-04T08:18:46.050Z,27.4090748,103.2443097,3146.393,0.129,-0.060,0.115,0.502,0.924,0.222,16
$GNSS,2025-05-04T08:18:46.100Z,27.4090749,103.2443096,3146.383,0.186,-0.142,0.171,0.503,0.924,0.232,16
$GNSS,2025-05-04T08:18:46.150Z,27.4090751,103.2443095,3146.372,0.276,-0.137,0.159,0.503,0.924,0.252,16
$GNSS,2025-05-04T08:18:46.200Z,27.4090751,103.2443094,3146.362,0.146,-0.235,0.150,0.503,0.924,0.208,16
$GNSS,2025-05-04T08:18:46.250Z,27.4090751,103.2443094,3146.356,0.084,-0.127,0.042,0.503,0.924,0.198,16
$GNSS,2025-05-04T08:18:46.300Z,27.4090751,103.2443093,3146.353,-0.061,-0.192,0.033,0.503,0.924,0.172,16
$GNSS,2025-05-04T08:18:46.350Z,27.4090752,103.2443092,3146.348,0.128,-0.123,0.167,0.503,0.923,0.211,16
$GNSS,2025-05-04T08:18:46.400Z,27.4090753,103.2443092,3146.352,0.205,-0.097,0.152,0.503,0.923,0.223,16
$GNSS,2025-05-04T08:18:46.450Z,27.4090753,103.2443091,3146.361,0.071,-0.160,-0.029,0.503,0.923,0.199,16
$GNSS,2025-05-04T08:18:46.500Z,27.4090754,103.2443090,3146.364,0.192,-0.117,-0.048,0.503,0.923,0.225,16
$GNSS,2025-05-04T08:18:46.550Z,27.4090753,103.2443090,3146.376,-0.091,-0.060,-0.189,0.504,0.923,0.233,16
$GNSS,2025-05-04T08:18:46.600Z,27.4090753,103.2443089,3146.380,-0.120,-0.136,-0.066,0.504,0.923,0.221,15
$GNSS,2025-05-04T08:18:46.650Z,27.4090753,103.2443089,3146.400,-0.031,0.036,-0.133,0.504,0.923,0.211,16
$GNSS,2025-05-04T08:18:46.700Z,27.4090752,103.2443089,3146.418,-0.074,0.012,-0.226,0.504,0.923,0.199,16
$GNSS,2025-05-04T08:18:46.750Z,27.4090751,103.2443089,3146.429,-0.164,-0.007,-0.266,0.503,0.923,0.189,16
$GNSS,2025-05-04T08:18:46.800Z,27.4090750,103.2443089,3146.432,-0.185,-0.104,-0.163,0.503,0.922,0.175,16
$GNSS,2025-05-04T08:18:46.850Z,27.4090749,103.2443088,3146.447,-0.299,-0.144,-0.088,0.503,0.922,0.151,16
$GNSS,2025-05-04T08:18:46.900Z,27.4090748,103.2443087,3146.458,-0.368,-0.172,-0.061,0.503,0.921,0.152,16
$GNSS,2025-05-04T08:18:46.950Z,27.4090746,103.2443086,3146.493,-0.316,0.014,-0.124,0.502,0.921,0.156,16
$GNSS,2025-05-04T08:18:47.000Z,27.4090744,103.2443085,3146.525,-0.475,-0.006,-0.245,0.502,0.921,0.178,16
$GNSS,2025-05-04T08:18:47.050Z,27.4090741,103.2443085,3146.526,-0.620,-0.073,-0.360,0.502,0.920,0.164,16
$GNSS,2025-05-04T08:18:47.100Z,27.4090740,103.2443083,3146.530,-0.272,-0.348,-0.272,0.502,0.920,0.176,15
$GNSS,2025-05-04T08:18:47.150Z,27.4090739,103.2443082,3146.532,-0.215,-0.289,-0.226,0.502,0.919,0.177,15
$GNSS,2025-05-04T08:18:47.200Z,27.4090737,103.2443082,3146.495,-0.446,-0.052,-0.168,0.502,0.919,0.153,16
$GNSS,2025-05-04T08:18:47.250Z,27.4090735,103.2443083,3146.465,-0.479,-0.029,-0.122,0.501,0.918,0.141,16
$GNSS,2025-05-04T08:18:47.300Z,27.4090733,103.2443083,3146.446,-0.493,0.010,-0.096,0.501,0.918,0.138,16
$GNSS,2025-05-04T08:18:47.350Z,27.4090731,103.2443082,3146.443,-0.397,-0.027,-0.133,0.501,0.917,0.146,16
$GNSS,2025-05-04T08:18:47.400Z,27.4090730,103.2443083,3146.434,-0.314,0.133,-0.131,0.501,0.917,0.137,15
$GNSS,2025-05-04T08:18:47.450Z,27.4090729,103.2443083,3146.444,-0.127,0.236,-0.193,0.501,0.916,0.156,16
$GNSS,2025-05-04T08:18:47.500Z,27.4090728,103.2443083,3146.447,-0.208,0.023,-0.234,0.500,0.916,0.179,16
$GNSS,2025-05-04T08:18:47.550Z,27.4090727,103.2443083,3146.446,-0.224,0.001,-0.288,0.500,0.915,0.187,16
$GNSS,2025-05-04T08:18:47.600Z,27.4090727,103.2443084,3146.452,-0.164,0.060,-0.381,0.500,0.915,0.197,16
$GNSS,2025-05-04T08:18:47.650Z,27.4090727,103.2443084,3146.461,-0.078,0.055,-0.396,0.500,0.914,0.212,15
$GNSS,2025-05-04T08:18:47.700Z,27.4090726,103.2443084,3146.460,-0.061,0.087,-0.281,0.500,0.914,0.202,15
$GNSS,2025-05-04T08:18:47.750Z,27.4090726,103.2443084,3146.460,-0.106,0.091,-0.230,0.500,0.913,0.191,15
$GNSS,2025-05-04T08:18:47.800Z,27.4090726,103.2443085,3146.450,-0.052,0.120,-0.131,0.500,0.913,0.173,15
$GNSS,2025-05-04T08:18:47.850Z,27.4090726,103.2443085,3146.446,-0.060,0.081,-0.126,0.500,0.913,0.184,15
$GNSS,2025-05-04T08:18:47.900Z,27.4090725,103.2443084,3146.443,-0.077,-0.004,-0.208,0.500,0.913,0.230,15
$GNSS,2025-05-04T08:18:47.950Z,27.4090725,103.2443084,3146.437,-0.024,0.004,-0.252,0.500,0.913,0.231,15
$GNSS,2025-05-04T08:18:48.000Z,27.4090726,103.2443084,3146.422,0.062,0.050,-0.232,0.499,0.913,0.209,16
$GNSS,2025-05-04T08:18:48.050Z,27.4090726,103.2443084,3146.412,0.083,0.069,-0.192,0.499,0.912,0.201,16
$GNSS,2025-05-04T08:18:48.100Z,27.4090727,103.2443084,3146.413,0.114,0.066,-0.158,0.499,0.912,0.179,16
$GNSS,2025-05-04T08:18:48.150Z,27.4090727,103.2443084,3146.411,0.086,0.079,-0.111,0.499,0.912,0.169,16
$GNSS,2025-05-04T08:18:48.200Z,27.4090728,103.2443085,3146.413,0.102,0.054,-0.124,0.499,0.911,0.173,16
$GNSS,2025-05-04T08:18:48.250Z,27.4090728,103.2443085,3146.408,0.066,-0.017,-0.097,0.499,0.911,0.187,16
$GNSS,2025-05-04T08:18:48.300Z,27.4090728,103.2443085,3146.404,-0.006,0.022,-0.085,0.498,0.911,0.195,16
$GNSS,2025-05-04T08:18:48.350Z,27.4090728,103.2443085,3146.401,-0.055,0.058,-0.059,0.498,0.910,0.142,16
$GNSS,2025-05-04T08:18:48.400Z,27.4090727,103.2443086,3146.393,-0.111,0.202,-0.024,0.498,0.910,0.125,16
$GNSS,2025-05-04T08:18:48.450Z,27.4090727,103.2443087,3146.387,-0.157,0.205,-0.025,0.498,0.909,0.127,16
$GNSS,2025-05-04T08:18:48.500Z,27.4090726,103.2443087,3146.399,-0.151,0.243,-0.101,0.498,0.909,0.134,16
$GNSS,2025-05-04T08:18:48.550Z,27.4090725,103.2443088,3146.399,-0.278,0.138,-0.037,0.498,0.909,0.134,16
$GNSS,2025-05-04T08:18:48.600Z,27.4090724,103.2443088,3146.409,-0.246,0.128,-0.036,0.497,0.908,0.128,16
$GNSS,2025-05-04T08:18:48.650Z,27.4090723,103.2443088,3146.418,-0.307,0.128,-0.018,0.497,0.908,0.128,16
$GNSS,2025-05-04T08:18:48.700Z,27.4090721,103.2443088,3146.422,-0.324,0.189,0.012,0.497,0.907,0.129,16
$GNSS,2025-05-04T08:18:48.750Z,27.4090720,103.2443089,3146.427,-0.389,0.221,-0.090,0.497,0.907,0.130,16
$GNSS,2025-05-04T08:18:48.800Z,27.4090718,103.2443090,3146.439,-0.350,0.194,-0.192,0.497,0.907,0.141,16
$GNSS,2025-05-04T08:18:48.850Z,27.4090717,103.2443091,3146.449,-0.344,0.213,-0.155,0.497,0.906,0.134,16
$GNSS,2025-05-04T08:18:48.900Z,27.4090716,103.2443091,3146.458,-0.371,0.286,-0.090,0.497,0.906,0.126,16
$GNSS,2025-05-04T08:18:48.950Z,27.4090714,103.2443093,3146.459,-0.275,0.289,0.007,0.497,0.905,0.135,15
$GNSS,2025-05-04T08:18:49.000Z,27.4090714,103.2443093,3146.454,-0.219,0.127,-0.007,0.497,0.905,0.130,15
$GNSS,2025-05-04T08:18:49.050Z,27.4090713,103.2443093,3146.452,-0.205,0.019,-0.059,0.496,0.905,0.147,15
$GNSS,2025-05-04T08:18:49.100Z,27.4090712,103.2443093,3146.449,-0.153,0.079,-0.057,0.496,0.905,0.134,15
$GNSS,2025-05-04T08:18:49.150Z,27.4090711,103.2443093,3146.458,-0.200,0.026,-0.082,0.496,0.904,0.149,16
$GNSS,2025-05-04T08:18:49.200Z,27.4090711,103.2443092,3146.465,-0.174,-0.028,-0.058,0.496,0.904,0.164,16
$GNSS,2025-05-04T08:18:49.250Z,27.4090711,103.2443092,3146.459,-0.008,0.020,-0.025,0.496,0.904,0.178,16
$GNSS,2025-05-04T08:18:49.300Z,27.4090712,103.2443092,3146.453,0.160,-0.059,-0.028,0.496,0.904,0.120,16
$GNSS,2025-05-04T08:18:49.350Z,27.4090713,103.2443091,3146.453,0.302,-0.123,-0.067,0.496,0.903,0.121,16
$GNSS,2025-05-04T08:18:49.400Z,27.4090715,103.2443089,3146.450,0.293,-0.260,0.032,0.495,0.903,0.127,16
$GNSS,2025-05-04T08:18:49.450Z,27.4090716,103.2443087,3146.450,0.268,-0.314,0.002,0.495,0.903,0.133,15
$GNSS,2025-05-04T08:18:49.550Z,27.4090719,103.2443083,3146.438,0.303,-0.388,-0.014,0.496,0.903,0.146,15
$GNSS,2025-05-04T08:18:49.600Z,27.4090721,103.2443083,3146.422,0.259,-0.034,-0.027,0.496,0.903,0.131,15
$GNSS,2025-05-04T08:18:49.650Z,27.4090721,103.2443084,3146.401,0.079,0.126,0.066,0.496,0.903,0.204,15
$GNSS,2025-05-04T08:18:49.700Z,27.4090721,103.2443083,3146.414,0.015,0.063,0.076,0.496,0.903,0.200,15
$GNSS,2025-05-04T08:18:49.750Z,27.4090722,103.2443083,3146.430,0.130,0.043,0.082,0.495,0.902,0.181,15
$GNSS,2025-05-04T08:18:49.800Z,27.4090722,103.2443082,3146.436,0.102,0.014,-0.031,0.495,0.902,0.144,15
$GNSS,2025-05-04T08:18:49.850Z,27.4090723,103.2443082,3146.444,0.032,-0.032,-0.070,0.495,0.902,0.177,15
$GNSS,2025-05-04T08:18:49.900Z,27.4090723,103.2443082,3146.432,-0.035,0.007,0.048,0.495,0.902,0.164,15
$GNSS,2025-05-04T08:18:49.950Z,27.4090723,103.2443081,3146.424,-0.076,0.002,0.095,0.495,0.901,0.164,15
$GNSS,2025-05-04T08:18:50.000Z,27.4090723,103.2443081,3146.427,-0.024,0.064,0.076,0.495,0.901,0.180,15
$GNSS,2025-05-04T08:18:50.050Z,27.4090723,103.2443080,3146.430,0.063,-0.045,0.067,0.495,0.901,0.162,15
$GNSS,2025-05-04T08:18:50.100Z,27.4090723,103.2443080,3146.424,0.014,-0.069,0.050,0.494,0.901,0.175,15
$GNSS,2025-05-04T08:18:50.150Z,27.4090723,103.2443079,3146.418,-0.003,-0.092,0.034,0.494,0.900,0.176,15
$GNSS,2025-05-04T08:18:50.200Z,27.4090724,103.2443078,3146.409,0.006,-0.025,0.090,0.494,0.900,0.192,15
$GNSS,2025-05-04T08:18:50.250Z,27.4090724,103.2443078,3146.396,-0.070,-0.061,0.147,0.494,0.900,0.186,15
$GNSS,2025-05-04T08:18:50.300Z,27.4090724,103.2443077,3146.382,-0.064,-0.059,0.233,0.494,0.900,0.184,15
$GNSS,2025-05-04T08:18:50.350Z,27.4090724,103.2443076,3146.384,-0.017,-0.084,0.172,0.494,0.899,0.181,15
$GNSS,2025-05-04T08:18:50.400Z,27.4090724,103.2443075,3146.390,0.068,-0.033,0.012,0.494,0.899,0.129,15
$GNSS,2025-05-04T08:18:50.450Z,27.4090725,103.2443075,3146.404,0.161,0.058,-0.181,0.494,0.899,0.177,15
$GNSS,2025-05-04T08:18:50.500Z,27.4090726,103.2443075,3146.400,0.150,0.078,-0.111,0.494,0.898,0.168,15
$GNSS,2025-05-04T08:18:50.550Z,27.4090726,103.2443075,3146.395,0.085,0.009,-0.029,0.494,0.898,0.157,15
$GNSS,2025-05-04T08:18:50.600Z,27.4090726,103.2443074,3146.390,-0.062,-0.146,-0.020,0.494,0.898,0.192,15
$GNSS,2025-05-04T08:18:50.650Z,27.4090726,103.2443073,3146.378,-0.027,-0.147,0.020,0.494,0.898,0.183,15
$GNSS,2025-05-04T08:18:50.700Z,27.4090726,103.2443072,3146.371,0.037,-0.086,-0.011,0.494,0.898,0.155,15
$GNSS,2025-05-04T08:18:50.750Z,27.4090726,103.2443072,3146.375,0.078,0.047,-0.064,0.494,0.898,0.183,15
$GNSS,2025-05-04T08:18:50.800Z,27.4090726,103.2443072,3146.367,-0.053,0.062,-0.080,0.494,0.898,0.159,15
$GNSS,2025-05-04T08:18:50.850Z,27.4090726,103.2443072,3146.371,0.025,0.191,-0.159,0.494,0.898,0.180,15
$GNSS,2025-05-04T08:18:50.900Z,27.4090726,103.2443073,3146.378,0.022,0.263,-0.167,0.493,0.897,0.175,16
$GNSS,2025-05-04T08:18:50.950Z,27.4090727,103.2443075,3146.392,0.128,0.368,-0.193,0.493,0.897,0.187,16
$GNSS,2025-05-04T08:18:51.000Z,27.4090728,103.2443076,3146.395,0.152,0.280,-0.224,0.493,0.897,0.177,16
$GNSS,2025-05-04T08:18:51.050Z,27.4090728,103.2443076,3146.404,0.094,0.158,-0.224,0.493,0.896,0.178,16
$GNSS,2025-05-04T08:18:51.100Z,27.4090729,103.2443077,3146.404,0.125,0.265,-0.195,0.493,0.896,0.169,16
$GNSS,2025-05-04T08:18:51.150Z,27.4090730,103.2443079,3146.403,0.162,0.379,-0.087,0.493,0.896,0.189,15
$GNSS,2025-05-04T08:18:51.200Z,27.4090731,103.2443080,3146.410,0.146,0.382,-0.113,0.492,0.896,0.187,15
$GNSS,2025-05-04T08:18:51.250Z,27.4090731,103.2443081,3146.418,0.119,0.265,-0.118,0.492,0.895,0.189,15
$GNSS,2025-05-04T08:18:51.300Z,27.4090731,103.2443082,3146.435,0.044,0.199,-0.128,0.492,0.895,0.198,15
$GNSS,2025-05-04T08:18:51.350Z,27.4090732,103.2443082,3146.445,0.022,0.168,-0.084,0.492,0.895,0.172,16
$GNSS,2025-05-04T08:18:51.400Z,27.4090732,103.2443083,3146.454,0.039,0.156,-0.181,0.492,0.895,0.175,16
$GNSS,2025-05-04T08:18:51.450Z,27.4090732,103.2443084,3146.451,-0.001,0.197,-0.150,0.491,0.894,0.169,16
$GNSS,2025-05-04T08:18:51.500Z,27.4090732,103.2443085,3146.445,-0.023,0.166,-0.067,0.491,0.894,0.160,16
$GNSS,2025-05-04T08:18:51.550Z,27.4090733,103.2443084,3146.447,0.079,0.030,-0.039,0.491,0.894,0.162,16
$GNSS,2025-05-04T08:18:51.600Z,27.4090734,103.2443084,3146.454,0.213,-0.004,-0.043,0.491,0.893,0.146,16
$GNSS,2025-05-04T08:18:51.650Z,27.4090735,103.2443084,3146.456,0.161,0.013,-0.071,0.491,0.893,0.146,16
$GNSS,2025-05-04T08:18:51.700Z,27.4090736,103.2443084,3146.455,0.094,0.025,-0.097,0.490,0.893,0.164,16
$GNSS,2025-05-04T08:18:51.750Z,27.4090736,103.2443084,3146.462,-0.054,0.051,-0.173,0.490,0.892,0.184,16
$GNSS,2025-05-04T08:18:51.800Z,27.4090736,103.2443084,3146.454,-0.094,0.053,-0.043,0.490,0.892,0.153,16
$GNSS,2025-05-04T08:18:51.850Z,27.4090735,103.2443083,3146.445,-0.144,-0.129,0.086,0.490,0.891,0.159,16
$GNSS,2025-05-04T08:18:51.900Z,27.4090735,103.2443081,3146.448,-0.130,-0.372,0.055,0.489,0.891,0.173,16
$GNSS,2025-05-04T08:18:51.950Z,27.4090734,103.2443079,3146.444,-0.189,-0.410,0.040,0.489,0.891,0.175,16
$GNSS,2025-05-04T08:18:52.000Z,27.4090734,103.2443077,3146.423,-0.174,-0.342,0.147,0.489,0.890,0.175,16
$GNSS,2025-05-04T08:18:52.050Z,27.4090733,103.2443076,3146.414,-0.183,-0.168,0.209,0.489,0.890,0.174,16
$GNSS,2025-05-04T08:18:52.100Z,27.4090732,103.2443075,3146.409,-0.188,-0.162,0.134,0.488,0.890,0.173,16
$GNSS,2025-05-04T08:18:52.150Z,27.4090732,103.2443074,3146.406,-0.148,-0.178,0.142,0.488,0.889,0.191,15
$GNSS,2025-05-04T08:18:52.200Z,27.4090732,103.2443073,3146.401,-0.113,-0.211,0.175,0.488,0.889,0.188,15
$GNSS,2025-05-04T08:18:52.250Z,27.4090731,103.2443071,3146.393,-0.105,-0.227,0.126,0.488,0.889,0.182,16
$GNSS,2025-05-04T08:18:52.300Z,27.4090731,103.2443070,3146.388,-0.048,-0.128,0.115,0.488,0.888,0.190,16
$GNSS,2025-05-04T08:18:52.350Z,27.4090731,103.2443069,3146.376,-0.086,-0.139,0.180,0.488,0.888,0.169,16
$GNSS,2025-05-04T08:18:52.400Z,27.4090731,103.2443069,3146.394,0.006,-0.023,0.127,0.488,0.888,0.177,16
$GNSS,2025-05-04T08:18:52.450Z,27.4090731,103.2443067,3146.396,-0.071,-0.182,0.101,0.488,0.887,0.158,16
$GNSS,2025-05-04T08:18:52.500Z,27.4090731,103.2443065,3146.379,-0.146,-0.355,0.157,0.487,0.887,0.154,16
$GNSS,2025-05-04T08:18:52.550Z,27.4090731,103.2443063,3146.356,-0.131,-0.373,0.293,0.487,0.886,0.163,16
$GNSS,2025-05-04T08:18:52.600Z,27.4090730,103.2443060,3146.339,-0.152,-0.387,0.277,0.487,0.886,0.177,15
$GNSS,2025-05-04T08:18:52.650Z,27.4090729,103.2443058,3146.312,-0.107,-0.418,0.345,0.487,0.886,0.179,15
$GNSS,2025-05-04T08:18:52.700Z,27.4090728,103.2443056,3146.301,-0.208,-0.353,0.253,0.487,0.886,0.170,15
$GNSS,2025-05-04T08:18:52.750Z,27.4090727,103.2443054,3146.286,-0.264,-0.239,0.193,0.487,0.886,0.169,15
$GNSS,2025-05-04T08:18:52.800Z,27.4090726,103.2443054,3146.268,-0.191,-0.135,0.069,0.487,0.886,0.164,16
$GNSS,2025-05-04T08:18:52.850Z,27.4090726,103.2443052,3146.251,-0.114,-0.266,-0.007,0.487,0.886,0.179,16
$GNSS,2025-05-04T08:18:52.900Z,27.4090726,103.2443051,3146.245,-0.021,-0.181,-0.011,0.487,0.886,0.177,15
$GNSS,2025-05-04T08:18:52.950Z,27.4090726,103.2443051,3146.251,-0.073,-0.087,-0.067,0.487,0.886,0.208,15
$GNSS,2025-05-04T08:18:53.000Z,27.4090725,103.2443050,3146.253,-0.052,-0.091,-0.109,0.487,0.886,0.220,15
$GNSS,2025-05-04T08:18:53.050Z,27.4090725,103.2443050,3146.252,-0.014,-0.002,-0.111,0.487,0.886,0.224,15
$GNSS,2025-05-04T08:18:53.100Z,27.4090726,103.2443050,3146.249,0.055,0.089,-0.096,0.487,0.886,0.181,15
$GNSS,2025-05-04T08:18:53.150Z,27.4090726,103.2443050,3146.255,0.029,0.143,-0.131,0.487,0.886,0.171,15
$GNSS,2025-05-04T08:18:53.200Z,27.4090726,103.2443051,3146.249,0.039,0.147,-0.057,0.487,0.886,0.162,15
$GNSS,2025-05-04T08:18:53.250Z,27.4090726,103.2443051,3146.260,0.074,0.083,-0.095,0.487,0.886,0.169,15
$GNSS,2025-05-04T08:18:53.300Z,27.4090726,103.2443050,3146.255,0.021,-0.054,-0.032,0.487,0.886,0.183,15
$GNSS,2025-05-04T08:18:53.350Z,27.4090726,103.2443050,3146.249,-0.012,-0.016,-0.020,0.487,0.887,0.216,15
$GNSS,2025-05-04T08:18:53.400Z,27.4090727,103.2443050,3146.240,0.044,0.028,-0.026,0.487,0.887,0.155,15
$GNSS,2025-05-04T08:18:53.450Z,27.4090727,103.2443050,3146.229,-0.006,-0.027,-0.073,0.487,0.887,0.219,15
$GNSS,2025-05-04T08:18:53.500Z,27.4090727,103.2443050,3146.225,0.020,-0.044,-0.086,0.487,0.887,0.208,15
$GNSS,2025-05-04T08:18:53.550Z,27.4090727,103.2443049,3146.212,-0.004,-0.060,0.004,0.487,0.887,0.162,15
$GNSS,2025-05-04T08:18:53.600Z,27.4090727,103.2443049,3146.200,0.002,-0.026,0.061,0.487,0.887,0.191,15
$GNSS,2025-05-04T08:18:53.650Z,27.4090727,103.2443049,3146.190,0.007,0.058,0.090,0.488,0.887,0.210,15
$GNSS,2025-05-04T08:18:53.700Z,27.4090727,103.2443048,3146.188,0.020,-0.074,0.020,0.488,0.887,0.154,15
$GNSS,2025-05-04T08:18:53.750Z,27.4090727,103.2443048,3146.180,-0.016,-0.030,-0.028,0.488,0.886,0.202,15
$GNSS,2025-05-04T08:18:53.800Z,27.4090727,103.2443048,3146.174,-0.052,-0.013,0.029,0.488,0.886,0.157,15
$GNSS,2025-05-04T08:18:53.850Z,27.4090727,103.2443047,3146.177,0.062,0.050,-0.028,0.488,0.886,0.164,15
$GNSS,2025-05-04T08:18:53.900Z,27.4090728,103.2443048,3146.168,0.134,0.075,-0.007,0.488,0.886,0.163,15
$GNSS,2025-05-04T08:18:53.950Z,27.4090728,103.2443047,3146.181,0.065,0.032,-0.116,0.488,0.886,0.180,15
$GNSS,2025-05-04T08:18:54.000Z,27.4090728,103.2443047,3146.182,-0.020,0.054,-0.064,0.488,0.886,0.170,15
$GNSS,2025-05-04T08:18:54.050Z,27.4090728,103.2443047,3146.170,-0.022,0.076,0.058,0.488,0.886,0.183,15
$GNSS,2025-05-04T08:18:54.100Z,27.4090728,103.2443047,3146.167,0.022,0.077,0.055,0.488,0.886,0.194,15
$GNSS,2025-05-04T08:18:54.150Z,27.4090729,103.2443047,3146.174,0.084,0.047,-0.051,0.488,0.886,0.161,15
$GNSS,2025-05-04T08:18:54.200Z,27.4090729,103.2443047,3146.178,0.013,0.003,-0.072,0.488,0.886,0.193,15
$GNSS,2025-05-04T08:18:54.250Z,27.4090729,103.2443047,3146.171,-0.014,-0.004,-0.045,0.488,0.886,0.198,15
$GNSS,2025-05-04T08:18:54.300Z,27.4090729,103.2443047,3146.169,0.015,0.043,-0.077,0.488,0.886,0.178,15
$GNSS,2025-05-04T08:18:54.350Z,27.4090729,103.2443047,3146.165,0.064,0.106,-0.077,0.488,0.886,0.165,15
$GNSS,2025-05-04T08:18:54.400Z,27.4090729,103.2443047,3146.165,0.040,-0.050,-0.072,0.488,0.886,0.176,15
$GNSS,2025-05-04T08:18:54.450Z,27.4090729,103.2443046,3146.157,-0.015,-0.052,-0.046,0.488,0.886,0.195,15
$GNSS,2025-05-04T08:18:54.500Z,27.4090730,103.2443046,3146.151,-0.014,-0.086,-0.059,0.488,0.886,0.189,15
$GNSS,2025-05-04T08:18:54.550Z,27.4090730,103.2443045,3146.143,-0.002,-0.085,0.014,0.488,0.886,0.160,15
$GNSS,2025-05-04T08:18:54.600Z,27.4090730,103.2443045,3146.143,-0.035,-0.061,0.010,0.488,0.886,0.167,15
$GNSS,2025-05-04T08:18:54.650Z,27.4090729,103.2443044,3146.132,-0.032,-0.047,0.112,0.488,0.886,0.179,15
$GNSS,2025-05-04T08:18:54.700Z,27.4090730,103.2443044,3146.107,-0.019,-0.094,0.240,0.488,0.886,0.183,15
$GNSS,2025-05-04T08:18:54.750Z,27.4090729,103.2443042,3146.093,-0.110,-0.156,0.281,0.488,0.885,0.176,15
$GNSS,2025-05-04T08:18:54.800Z,27.4090729,103.2443042,3146.076,-0.135,-0.118,0.206,0.488,0.885,0.171,15
$GNSS,2025-05-04T08:18:54.850Z,27.4090728,103.2443041,3146.050,-0.105,-0.181,0.255,0.488,0.885,0.173,15
$GNSS,2025-05-04T08:18:54.900Z,27.4090728,103.2443039,3146.043,0.007,-0.278,0.303,0.489,0.885,0.171,15
$GNSS,2025-05-04T08:18:54.950Z,27.4090728,103.2443037,3146.026,-0.035,-0.224,0.456,0.489,0.885,0.186,15
$GNSS,2025-05-04T08:18:55.000Z,27.4090728,103.2443036,3145.989,-0.076,-0.195,0.624,0.489,0.885,0.188,15
$GNSS,2025-05-04T08:18:55.050Z,27.4090728,103.2443035,3145.947,-0.062,-0.201,0.664,0.489,0.885,0.189,15
$GNSS,2025-05-04T08:18:55.100Z,27.4090728,103.2443033,3145.940,-0.091,-0.196,0.588,0.489,0.884,0.187,15
$GNSS,2025-05-04T08:18:55.150Z,27.4090727,103.2443032,3145.916,-0.206,-0.091,0.650,0.489,0.884,0.185,15
$GNSS,2025-05-04T08:18:55.200Z,27.4090726,103.2443031,3145.865,-0.189,-0.169,0.771,0.489,0.884,0.206,15
$GNSS,2025-05-04T08:18:55.250Z,27.4090728,103.2443031,3145.816,0.290,-0.126,0.640,0.489,0.884,0.197,15
$GNSS,2025-05-04T08:18:55.300Z,27.4090728,103.2443031,3145.764,-0.078,-0.038,0.786,0.489,0.884,0.211,15
$GNSS,2025-05-04T08:18:55.350Z,27.4090727,103.2443030,3145.740,-0.123,-0.042,0.628,0.489,0.883,0.221,15
$GNSS,2025-05-04T08:18:55.400Z,27.4090726,103.2443029,3145.749,-0.165,0.018,0.160,0.489,0.883,0.175,15
$GNSS,2025-05-04T08:18:55.450Z,27.4090726,103.2443028,3145.765,-0.007,0.016,-0.065,0.489,0.883,0.195,15
$GNSS,2025-05-04T08:18:55.500Z,27.4090727,103.2443028,3145.762,0.079,-0.014,-0.056,0.489,0.883,0.160,15
$GNSS,2025-05-04T08:18:55.550Z,27.4090727,103.2443028,3145.745,0.053,-0.042,0.039,0.489,0.882,0.157,15
$GNSS,2025-05-04T08:18:55.600Z,27.4090727,103.2443027,3145.726,0.020,-0.098,0.030,0.489,0.882,0.152,15
$GNSS,2025-05-04T08:18:55.650Z,27.4090728,103.2443027,3145.716,0.047,-0.091,-0.093,0.489,0.882,0.188,15
$GNSS,2025-05-04T08:18:55.700Z,27.4090728,103.2443027,3145.716,0.084,0.016,-0.143,0.489,0.882,0.193,15
$GNSS,2025-05-04T08:18:55.750Z,27.4090729,103.2443026,3145.733,0.143,0.031,-0.266,0.489,0.881,0.202,15
$GNSS,2025-05-04T08:18:55.800Z,27.4090729,103.2443027,3145.739,0.118,0.122,-0.299,0.489,0.881,0.199,15
$GNSS,2025-05-04T08:18:55.850Z,27.4090729,103.2443027,3145.730,-0.002,0.110,-0.177,0.489,0.881,0.194,15
$GNSS,2025-05-04T08:18:55.900Z,27.4090730,103.2443028,3145.702,0.113,0.109,0.080,0.489,0.881,0.178,15
$GNSS,2025-05-04T08:18:55.950Z,27.4090731,103.2443028,3145.688,0.224,0.008,0.081,0.489,0.880,0.150,15
$GNSS,2025-05-04T08:18:56.000Z,27.4090732,103.2443027,3145.694,0.252,-0.029,-0.044,0.489,0.880,0.139,15
$GNSS,2025-05-04T08:18:56.050Z,27.4090733,103.2443026,3145.689,0.127,-0.005,-0.030,0.489,0.880,0.141,15
$GNSS,2025-05-04T08:18:56.100Z,27.4090734,103.2443026,3145.690,0.115,-0.004,-0.052,0.489,0.879,0.153,15
$GNSS,2025-05-04T08:18:56.150Z,27.4090735,103.2443025,3145.701,0.197,-0.015,-0.083,0.489,0.879,0.142,15
$GNSS,2025-05-04T08:18:56.200Z,27.4090736,103.2443025,3145.711,0.197,0.014,-0.147,0.489,0.878,0.158,15
$GNSS,2025-05-04T08:18:56.250Z,27.4090737,103.2443024,3145.725,0.192,-0.030,-0.243,0.489,0.878,0.174,15
$GNSS,2025-05-04T08:18:56.300Z,27.4090738,103.2443024,3145.738,0.279,-0.053,-0.323,0.489,0.878,0.175,15
$GNSS,2025-05-04T08:18:56.350Z,27.4090739,103.2443024,3145.742,0.145,0.026,-0.237,0.489,0.878,0.179,15
$GNSS,2025-05-04T08:18:56.400Z,27.4090739,103.2443024,3145.748,-0.004,0.089,-0.152,0.489,0.878,0.190,15
$GNSS,2025-05-04T08:18:56.450Z,27.4090738,103.2443025,3145.765,-0.055,0.180,-0.232,0.489,0.877,0.187,15
$GNSS,2025-05-04T08:18:56.500Z,27.4090738,103.2443025,3145.783,-0.060,0.260,-0.282,0.489,0.877,0.195,15
$GNSS,2025-05-04T08:18:56.550Z,27.4090737,103.2443027,3145.806,-0.193,0.458,-0.373,0.489,0.877,0.188,15
$GNSS,2025-05-04T08:18:56.600Z,27.4090736,103.2443029,3145.837,-0.198,0.458,-0.486,0.489,0.876,0.189,15
$GNSS,2025-05-04T08:18:56.650Z,27.4090736,103.2443030,3145.850,-0.155,0.330,-0.369,0.489,0.876,0.174,15
$GNSS,2025-05-04T08:18:56.700Z,27.4090735,103.2443032,3145.864,-0.142,0.330,-0.458,0.489,0.876,0.174,15
$GNSS,2025-05-04T08:18:56.750Z,27.4090734,103.2443035,3145.875,-0.197,0.516,-0.441,0.490,0.876,0.194,15
$GNSS,2025-05-04T08:18:56.800Z,27.4090733,103.2443038,3145.900,-0.262,0.618,-0.508,0.490,0.877,0.197,15
$GNSS,2025-05-04T08:18:56.850Z,27.4090733,103.2443041,3145.901,-0.137,0.592,-0.298,0.490,0.877,0.191,16
$GNSS,2025-05-04T08:18:56.900Z,27.4090733,103.2443043,3145.918,0.030,0.572,-0.288,0.490,0.878,0.200,16
$GNSS,2025-05-04T08:18:56.950Z,27.4090733,103.2443046,3145.936,0.042,0.642,-0.314,0.490,0.878,0.212,16
$GNSS,2025-05-04T08:18:57.000Z,27.4090734,103.2443048,3145.932,0.163,0.403,-0.147,0.491,0.878,0.185,16
$GNSS,2025-05-04T08:18:57.050Z,27.4090735,103.2443049,3145.921,0.243,0.069,-0.033,0.490,0.878,0.167,16
$GNSS,2025-05-04T08:18:57.100Z,27.4090737,103.2443048,3145.938,0.349,-0.100,-0.088,0.490,0.877,0.160,16
$GNSS,2025-05-04T08:18:57.150Z,27.4090738,103.2443047,3145.963,0.161,-0.091,-0.198,0.490,0.877,0.165,16
$GNSS,2025-05-04T08:18:57.200Z,27.4090738,103.2443048,3145.974,-0.014,0.098,-0.197,0.490,0.876,0.171,16
$GNSS,2025-05-04T08:18:57.250Z,27.4090737,103.2443049,3145.976,-0.166,0.202,-0.133,0.489,0.876,0.158,16
$GNSS,2025-05-04T08:18:57.300Z,27.4090738,103.2443050,3145.972,0.097,0.176,-0.054,0.489,0.876,0.147,16
$GNSS,2025-05-04T08:18:57.350Z,27.4090739,103.2443050,3145.951,0.190,-0.047,-0.053,0.489,0.875,0.198,16
$GNSS,2025-05-04T08:18:57.400Z,27.4090740,103.2443049,3145.932,0.227,-0.342,-0.044,0.489,0.875,0.151,16
$GNSS,2025-05-04T08:18:57.450Z,27.4090741,103.2443047,3145.924,0.196,-0.417,-0.057,0.489,0.874,0.144,16
$GNSS,2025-05-04T08:18:57.500Z,27.4090742,103.2443046,3145.920,0.179,-0.295,0.008,0.489,0.874,0.163,16
$GNSS,2025-05-04T08:18:57.550Z,27.4090743,103.2443044,3145.917,0.160,-0.229,-0.046,0.489,0.873,0.164,16
$GNSS,2025-05-04T08:18:57.600Z,27.4090743,103.2443043,3145.921,0.043,-0.336,-0.103,0.489,0.873,0.146,16
$GNSS,2025-05-04T08:18:57.650Z,27.4090743,103.2443041,3145.915,0.046,-0.342,-0.046,0.489,0.872,0.153,15
$GNSS,2025-05-04T08:18:57.700Z,27.4090743,103.2443039,3145.913,0.023,-0.432,-0.068,0.489,0.872,0.146,15
$GNSS,2025-05-04T08:18:57.750Z,27.4090743,103.2443037,3145.902,0.031,-0.443,-0.061,0.489,0.871,0.147,15
$GNSS,2025-05-04T08:18:57.800Z,27.4090744,103.2443035,3145.881,0.099,-0.304,0.050,0.489,0.871,0.172,15
$GNSS,2025-05-04T08:18:57.850Z,27.4090743,103.2443035,3145.856,-0.026,-0.204,0.099,0.489,0.871,0.150,15
$GNSS,2025-05-04T08:18:57.900Z,27.4090743,103.2443034,3145.845,-0.022,-0.234,0.055,0.489,0.870,0.146,15
$GNSS,2025-05-04T08:18:57.950Z,27.4090743,103.2443033,3145.854,-0.056,-0.188,-0.075,0.489,0.870,0.144,15
$GNSS,2025-05-04T08:18:58.000Z,27.4090743,103.2443032,3145.853,-0.050,-0.082,0.038,0.489,0.869,0.122,16
$GNSS,2025-05-04T08:18:58.050Z,27.4090743,103.2443031,3145.838,-0.103,-0.036,0.158,0.488,0.869,0.155,16
$GNSS,2025-05-04T08:18:58.100Z,27.4090742,103.2443032,3145.828,-0.214,0.006,0.025,0.488,0.868,0.164,16
$GNSS,2025-05-04T08:18:58.150Z,27.4090741,103.2443033,3145.822,-0.209,0.124,-0.090,0.488,0.868,0.196,16
$GNSS,2025-05-04T08:18:58.200Z,27.4090739,103.2443034,3145.805,-0.421,0.276,0.063,0.488,0.867,0.170,16
$GNSS,2025-05-04T08:18:58.250Z,27.4090737,103.2443035,3145.786,-0.554,0.134,0.242,0.488,0.867,0.163,16
$GNSS,2025-05-04T08:18:58.300Z,27.4090734,103.2443034,3145.753,-0.571,-0.119,0.407,0.488,0.867,0.168,16
$GNSS,2025-05-04T08:18:58.350Z,27.4090731,103.2443033,3145.721,-0.735,-0.260,0.445,0.488,0.867,0.172,16
$GNSS,2025-05-04T08:18:58.400Z,27.4090728,103.2443031,3145.692,-0.660,-0.307,0.426,0.488,0.867,0.164,16
$GNSS,2025-05-04T08:18:58.450Z,27.4090726,103.2443030,3145.690,-0.446,-0.145,0.335,0.488,0.866,0.161,16
$GNSS,2025-05-04T08:18:58.500Z,27.4090725,103.2443028,3145.675,-0.328,-0.224,0.415,0.488,0.866,0.167,15
$GNSS,2025-05-04T08:18:58.550Z,27.4090724,103.2443027,3145.615,-0.285,-0.360,0.647,0.488,0.866,0.183,15
$GNSS,2025-05-04T08:18:58.600Z,27.4090723,103.2443024,3145.549,-0.133,-0.545,0.892,0.488,0.866,0.186,15
$GNSS,2025-05-04T08:18:58.650Z,27.4090724,103.2443022,3145.496,0.138,-0.465,0.827,0.488,0.866,0.189,15
$GNSS,2025-05-04T08:18:58.700Z,27.4090726,103.2443020,3145.469,0.246,-0.258,0.600,0.488,0.866,0.193,15
$GNSS,2025-05-04T08:18:58.750Z,27.4090725,103.2443019,3145.465,-0.023,-0.163,0.424,0.488,0.866,0.201,15
$GNSS,2025-05-04T08:18:58.800Z,27.4090726,103.2443016,3145.448,0.077,-0.343,0.470,0.488,0.865,0.188,15
$GNSS,2025-05-04T08:18:58.850Z,27.4090727,103.2443014,3145.437,0.237,-0.341,0.174,0.488,0.865,0.158,14
$GNSS,2025-05-04T08:18:58.900Z,27.4090728,103.2443013,3145.439,0.227,-0.201,-0.124,0.488,0.865,0.180,14
$GNSS,2025-05-04T08:18:58.950Z,27.4090729,103.2443013,3145.434,0.143,-0.019,-0.096,0.488,0.865,0.179,14
$GNSS,2025-05-04T08:18:59.000Z,27.4090730,103.2443013,3145.430,0.153,-0.026,0.000,0.488,0.865,0.138,14
$GNSS,2025-05-04T08:18:59.050Z,27.4090730,103.2443012,3145.420,0.021,-0.099,0.054,0.488,0.865,0.161,14
$GNSS,2025-05-04T08:18:59.100Z,27.4090730,103.2443011,3145.412,0.072,-0.171,-0.036,0.488,0.864,0.173,14
$GNSS,2025-05-04T08:18:59.150Z,27.4090730,103.2443011,3145.410,0.027,-0.052,-0.194,0.488,0.864,0.229,14
$GNSS,2025-05-04T08:18:59.200Z,27.4090730,103.2443011,3145.420,-0.036,0.033,-0.296,0.488,0.864,0.227,14
$GNSS,2025-05-04T08:18:59.250Z,27.4090730,103.2443011,3145.447,0.033,0.064,-0.435,0.488,0.864,0.223,14
$GNSS,2025-05-04T08:18:59.300Z,27.4090731,103.2443012,3145.456,0.135,0.214,-0.457,0.489,0.863,0.190,14
$GNSS,2025-05-04T08:18:59.350Z,27.4090731,103.2443013,3145.466,0.067,0.217,-0.316,0.488,0.863,0.186,15
$GNSS,2025-05-04T08:18:59.400Z,27.4090732,103.2443014,3145.504,0.043,0.336,-0.431,0.488,0.863,0.187,15
$GNSS,2025-05-04T08:18:59.450Z,27.4090732,103.2443015,3145.550,0.087,0.311,-0.657,0.488,0.863,0.198,15
$GNSS,2025-05-04T08:18:59.550Z,27.4090734,103.2443019,3145.602,0.262,0.451,-0.635,0.489,0.863,0.236,15
$GNSS,2025-05-04T08:18:59.600Z,27.4090735,103.2443021,3145.608,0.283,0.305,-0.514,0.489,0.863,0.220,15
$GNSS,2025-05-04T08:18:59.650Z,27.4090736,103.2443021,3145.617,0.292,0.237,-0.373,0.489,0.864,0.207,15
$GNSS,2025-05-04T08:18:59.700Z,27.4090737,103.2443023,3145.624,0.217,0.276,-0.329,0.489,0.864,0.209,15
$GNSS,2025-05-04T08:18:59.750Z,27.4090739,103.2443023,3145.643,0.340,0.226,-0.319,0.488,0.864,0.203,15
$GNSS,2025-05-04T08:18:59.800Z,27.4090741,103.2443024,3145.654,0.428,0.200,-0.273,0.488,0.864,0.188,15
$GNSS,2025-05-04T08:18:59.850Z,27.4090742,103.2443024,3145.652,0.367,0.127,-0.226,0.488,0.863,0.178,16
$GNSS,2025-05-04T08:18:59.900Z,27.4090744,103.2443025,3145.638,0.273,0.059,-0.129,0.488,0.863,0.171,16
$GNSS,2025-05-04T08:18:59.950Z,27.4090745,103.2443025,3145.624,0.313,-0.001,-0.075,0.488,0.863,0.146,16
$GNSS,2025-05-04T08:19:00.000Z,27.4090745,103.2443024,3145.626,0.111,-0.137,-0.121,0.488,0.863,0.170,16
$GNSS,2025-05-04T08:19:00.050Z,27.4090745,103.2443024,3145.625,0.010,-0.021,-0.126,0.488,0.862,0.214,16
$GNSS,2025-05-04T08:19:00.100Z,27.4090745,103.2443025,3145.619,-0.035,0.002,-0.066,0.487,0.862,0.207,16
$GNSS,2025-05-04T08:19:00.150Z,27.4090745,103.2443024,3145.611,-0.072,-0.061,-0.041,0.487,0.862,0.198,16
$GNSS,2025-05-04T08:19:00.200Z,27.4090744,103.2443024,3145.595,-0.067,-0.166,0.031,0.487,0.862,0.188,16
$GNSS,2025-05-04T08:19:00.250Z,27.4090744,103.2443023,3145.587,-0.198,-0.192,0.095,0.487,0.862,0.187,16
$GNSS,2025-05-04T08:19:00.300Z,27.4090742,103.2443022,3145.577,-0.251,-0.079,0.063,0.487,0.862,0.167,16
$GNSS,2025-05-04T08:19:00.350Z,27.4090741,103.2443022,3145.566,-0.339,-0.086,0.004,0.487,0.862,0.169,16
$GNSS,2025-05-04T08:19:00.400Z,27.4090739,103.2443021,3145.559,-0.442,-0.101,-0.057,0.487,0.862,0.161,16
$GNSS,2025-05-04T08:19:00.450Z,27.4090737,103.2443022,3145.544,-0.412,0.005,-0.032,0.486,0.862,0.155,16
$GNSS,2025-05-04T08:19:00.500Z,27.4090734,103.2443021,3145.540,-0.531,-0.078,-0.002,0.486,0.862,0.172,15
$GNSS,2025-05-04T08:19:00.550Z,27.4090732,103.2443021,3145.542,-0.450,-0.017,0.076,0.486,0.862,0.163,15
$GNSS,2025-05-04T08:19:00.600Z,27.4090730,103.2443021,3145.544,-0.460,-0.020,0.126,0.486,0.862,0.157,15
$GNSS,2025-05-04T08:19:00.650Z,27.4090728,103.2443020,3145.532,-0.453,-0.202,0.036,0.486,0.862,0.175,16
$GNSS,2025-05-04T08:19:00.700Z,27.4090725,103.2443019,3145.523,-0.490,-0.183,-0.027,0.486,0.862,0.172,16
$GNSS,2025-05-04T08:19:00.750Z,27.4090724,103.2443018,3145.546,-0.270,-0.091,-0.145,0.486,0.862,0.188,16
$GNSS,2025-05-04T08:19:00.800Z,27.4090723,103.2443019,3145.546,-0.273,0.071,-0.052,0.486,0.862,0.156,15
$GNSS,2025-05-04T08:19:00.850Z,27.4090722,103.2443018,3145.553,-0.275,-0.002,-0.059,0.486,0.861,0.177,15
$GNSS,2025-05-04T08:19:00.900Z,27.4090722,103.2443018,3145.549,-0.145,-0.103,0.019,0.486,0.861,0.200,15
$GNSS,2025-05-04T08:19:00.950Z,27.4090721,103.2443017,3145.546,-0.099,-0.142,-0.014,0.486,0.861,0.195,15
$GNSS,2025-05-04T08:19:01.000Z,27.4090721,103.2443016,3145.554,-0.099,-0.152,-0.024,0.486,0.861,0.190,16
$GNSS,2025-05-04T08:19:01.050Z,27.4090721,103.2443014,3145.550,-0.092,-0.270,-0.031,0.486,0.861,0.193,16
$GNSS,2025-05-04T08:19:01.100Z,27.4090720,103.2443012,3145.552,-0.119,-0.281,0.005,0.485,0.861,0.194,16
$GNSS,2025-05-04T08:19:01.150Z,27.4090720,103.2443010,3145.544,-0.073,-0.331,0.102,0.485,0.860,0.189,16
$GNSS,2025-05-04T08:19:01.200Z,27.4090720,103.2443008,3145.541,0.038,-0.425,0.094,0.485,0.860,0.165,16
$GNSS,2025-05-04T08:19:01.250Z,27.4090721,103.2443006,3145.548,0.019,-0.421,0.023,0.485,0.860,0.170,16
$GNSS,2025-05-04T08:19:01.300Z,27.4090721,103.2443004,3145.549,0.080,-0.322,0.060,0.485,0.860,0.161,16
$GNSS,2025-05-04T08:19:01.350Z,27.4090721,103.2443002,3145.553,0.053,-0.292,0.082,0.485,0.859,0.170,16
$GNSS,2025-05-04T08:19:01.400Z,27.4090722,103.2443000,3145.563,0.059,-0.364,0.070,0.485,0.859,0.189,16
$GNSS,2025-05-04T08:19:01.450Z,27.4090722,103.2442997,3145.563,-0.044,-0.441,0.100,0.485,0.859,0.188,16
$GNSS,2025-05-04T08:19:01.500Z,27.4090721,103.2442994,3145.566,-0.072,-0.614,0.041,0.485,0.859,0.180,16
$GNSS,2025-05-04T08:19:01.550Z,27.4090721,103.2442991,3145.586,0.093,-0.503,-0.121,0.485,0.859,0.165,16
$GNSS,2025-05-04T08:19:01.600Z,27.4090723,103.2442989,3145.603,0.366,-0.373,-0.166,0.485,0.859,0.147,16
$GNSS,2025-05-04T08:19:01.650Z,27.4090725,103.2442987,3145.620,0.391,-0.328,-0.260,0.485,0.858,0.139,16
$GNSS,2025-05-04T08:19:01.700Z,27.4090727,103.2442985,3145.612,0.338,-0.453,-0.175,0.484,0.858,0.131,16
$GNSS,2025-05-04T08:19:01.750Z,27.4090728,103.2442983,3145.615,0.216,-0.316,-0.196,0.484,0.858,0.143,16
$GNSS,2025-05-04T08:19:01.800Z,27.4090728,103.2442982,3145.606,0.044,-0.236,-0.116,0.484,0.858,0.152,16
$GNSS,2025-05-04T08:19:01.850Z,27.4090728,103.2442981,3145.593,-0.098,-0.108,-0.050,0.484,0.857,0.199,16
$GNSS,2025-05-04T08:19:01.900Z,27.4090727,103.2442982,3145.578,-0.138,0.041,-0.052,0.484,0.857,0.210,16
$GNSS,2025-05-04T08:19:01.950Z,27.4090727,103.2442982,3145.577,-0.056,0.066,-0.025,0.484,0.856,0.178,16
$GNSS,2025-05-04T08:19:02.000Z,27.4090727,103.2442981,3145.581,-0.002,-0.018,-0.055,0.484,0.856,0.189,16
$GNSS,2025-05-04T08:19:02.050Z,27.4090727,103.2442982,3145.574,-0.010,0.054,-0.036,0.484,0.855,0.151,16
$GNSS,2025-05-04T08:19:02.100Z,27.4090727,103.2442982,3145.565,-0.062,0.136,-0.034,0.484,0.855,0.159,15
$GNSS,2025-05-04T08:19:02.150Z,27.4090726,103.2442983,3145.551,-0.107,0.111,0.014,0.484,0.855,0.178,15
$GNSS,2025-05-04T08:19:02.200Z,27.4090726,103.2442983,3145.544,-0.118,0.057,-0.033,0.484,0.854,0.205,16
$GNSS,2025-05-04T08:19:02.250Z,27.4090726,103.2442983,3145.540,0.020,-0.023,-0.019,0.484,0.854,0.169,16
$GNSS,2025-05-04T08:19:02.300Z,27.4090726,103.2442983,3145.530,-0.004,0.101,-0.046,0.484,0.853,0.137,16
$GNSS,2025-05-04T08:19:02.350Z,27.4090725,103.2442985,3145.527,-0.138,0.185,-0.060,0.484,0.853,0.161,16
$GNSS,2025-05-04T08:19:02.400Z,27.4090724,103.2442986,3145.530,-0.342,0.235,-0.067,0.484,0.853,0.163,16
$GNSS,2025-05-04T08:19:02.450Z,27.4090722,103.2442986,3145.518,-0.493,0.193,0.089,0.484,0.852,0.159,16
$GNSS,2025-05-04T08:19:02.500Z,27.4090720,103.2442986,3145.506,-0.406,-0.017,0.204,0.484,0.852,0.162,16
$GNSS,2025-05-04T08:19:02.550Z,27.4090720,103.2442984,3145.494,-0.177,-0.232,0.240,0.484,0.852,0.170,16
$GNSS,2025-05-04T08:19:02.600Z,27.4090721,103.2442983,3145.488,0.180,-0.239,0.099,0.483,0.852,0.149,15
$GNSS,2025-05-04T08:19:02.650Z,27.4090721,103.2442981,3145.492,0.001,-0.201,-0.045,0.483,0.851,0.160,15
$GNSS,2025-05-04T08:19:02.700Z,27.4090721,103.2442981,3145.499,0.044,-0.058,-0.036,0.483,0.851,0.144,15
$GNSS,2025-05-04T08:19:02.750Z,27.4090721,103.2442980,3145.512,-0.082,-0.092,0.019,0.483,0.851,0.157,16
$GNSS,2025-05-04T08:19:02.800Z,27.4090721,103.2442980,3145.533,-0.074,-0.066,-0.022,0.483,0.850,0.170,16
$GNSS,2025-05-04T08:19:02.850Z,27.4090722,103.2442979,3145.546,-0.027,-0.097,0.022,0.483,0.850,0.147,16
$GNSS,2025-05-04T08:19:02.900Z,27.4090722,103.2442978,3145.567,0.006,-0.116,-0.071,0.483,0.850,0.171,16
$GNSS,2025-05-04T08:19:02.950Z,27.4090722,103.2442978,3145.583,0.016,-0.058,-0.114,0.483,0.849,0.180,16
$GNSS,2025-05-04T08:19:03.000Z,27.4090723,103.2442978,3145.598,0.011,0.077,-0.111,0.483,0.849,0.164,16
$GNSS,2025-05-04T08:19:03.050Z,27.4090724,103.2442978,3145.615,0.032,0.029,0.006,0.483,0.849,0.170,16
$GNSS,2025-05-04T08:19:03.100Z,27.4090724,103.2442978,3145.633,0.010,0.103,0.043,0.483,0.849,0.177,16
$GNSS,2025-05-04T08:19:03.150Z,27.4090724,103.2442978,3145.653,-0.022,-0.017,-0.035,0.483,0.848,0.199,16
$GNSS,2025-05-04T08:19:03.200Z,27.4090725,103.2442978,3145.675,0.004,0.023,-0.031,0.482,0.848,0.161,16
$GNSS,2025-05-04T08:19:03.250Z,27.4090725,103.2442978,3145.686,-0.003,0.027,0.004,0.482,0.848,0.160,16
$GNSS,2025-05-04T08:19:03.300Z,27.4090725,103.2442978,3145.709,-0.039,-0.015,-0.091,0.482,0.848,0.197,16
$GNSS,2025-05-04T08:19:03.350Z,27.4090726,103.2442978,3145.718,0.014,0.031,-0.046,0.482,0.847,0.159,16
$GNSS,2025-05-04T08:19:03.400Z,27.4090726,103.2442978,3145.735,0.006,0.103,-0.032,0.482,0.847,0.152,16
$GNSS,2025-05-04T08:19:03.450Z,27.4090727,103.2442978,3145.752,0.012,0.058,0.069,0.482,0.846,0.183,16
$GNSS,2025-05-04T08:19:03.500Z,27.4090727,103.2442978,3145.773,-0.031,0.084,-0.014,0.482,0.846,0.150,16
$GNSS,2025-05-04T08:19:03.550Z,27.4090727,103.2442979,3145.795,-0.054,0.123,-0.068,0.482,0.846,0.153,16
$GNSS,2025-05-04T08:19:03.600Z,27.4090727,103.2442979,3145.804,-0.035,0.137,-0.024,0.482,0.845,0.166,16
$GNSS,2025-05-04T08:19:03.650Z,27.4090727,103.2442980,3145.809,-0.049,0.145,-0.009,0.481,0.845,0.165,16
$GNSS,2025-05-04T08:19:03.700Z,27.4090727,103.2442981,3145.817,-0.070,0.153,-0.112,0.481,0.845,0.168,16
$GNSS,2025-05-04T08:19:03.750Z,27.4090727,103.2442982,3145.822,-0.041,0.228,-0.125,0.481,0.845,0.172,16
$GNSS,2025-05-04T08:19:03.800Z,27.4090727,103.2442983,3145.826,-0.014,0.205,-0.038,0.481,0.845,0.173,16
$GNSS,2025-05-04T08:19:03.850Z,27.4090727,103.2442984,3145.833,-0.026,0.223,-0.047,0.481,0.844,0.172,16
$GNSS,2025-05-04T08:19:03.900Z,27.4090727,103.2442984,3145.835,0.014,0.164,-0.048,0.481,0.844,0.181,16
$GNSS,2025-05-04T08:19:03.950Z,27.4090727,103.2442985,3145.842,-0.007,0.224,-0.080,0.481,0.844,0.177,16
$GNSS,2025-05-04T08:19:04.000Z,27.4090728,103.2442986,3145.843,-0.005,0.288,-0.073,0.480,0.844,0.181,16
$GNSS,2025-05-04T08:19:04.050Z,27.4090728,103.2442988,3145.840,0.028,0.284,-0.005,0.480,0.844,0.170,16
$GNSS,2025-05-04T08:19:04.100Z,27.4090728,103.2442989,3145.851,-0.030,0.274,-0.048,0.480,0.843,0.166,16
$GNSS,2025-05-04T08:19:04.150Z,27.4090728,103.2442990,3145.855,-0.006,0.271,-0.008,0.480,0.843,0.179,15
$GNSS,2025-05-04T08:19:04.200Z,27.4090728,103.2442991,3145.870,-0.009,0.183,-0.073,0.480,0.843,0.171,16
$GNSS,2025-05-04T08:19:04.250Z,27.4090728,103.2442991,3145.881,-0.063,0.098,-0.085,0.480,0.843,0.162,16
$GNSS,2025-05-04T08:19:04.300Z,27.4090728,103.2442991,3145.889,-0.019,0.100,-0.026,0.480,0.842,0.158,16
$GNSS,2025-05-04T08:19:04.350Z,27.4090729,103.2442991,3145.894,0.061,0.046,0.032,0.479,0.842,0.171,16
$GNSS,2025-05-04T08:19:04.400Z,27.4090730,103.2442991,3145.918,0.086,-0.049,0.016,0.479,0.841,0.130,16
$GNSS,2025-05-04T08:19:04.450Z,27.4090731,103.2442990,3145.939,0.125,-0.087,0.002,0.479,0.841,0.126,16
$GNSS,2025-05-04T08:19:04.500Z,27.4090731,103.2442990,3145.950,0.114,-0.122,0.011,0.479,0.841,0.134,16
$GNSS,2025-05-04T08:19:04.550Z,27.4090732,103.2442989,3145.964,0.119,-0.223,-0.025,0.479,0.840,0.143,16
$GNSS,2025-05-04T08:19:04.600Z,27.4090733,103.2442987,3145.973,0.163,-0.271,-0.026,0.479,0.840,0.138,16
$GNSS,2025-05-04T08:19:04.650Z,27.4090734,103.2442985,3145.989,0.128,-0.290,0.005,0.479,0.839,0.147,16
$GNSS,2025-05-04T08:19:04.700Z,27.4090735,103.2442983,3146.002,0.216,-0.430,0.050,0.479,0.839,0.145,16
$GNSS,2025-05-04T08:19:04.750Z,27.4090736,103.2442980,3146.029,0.199,-0.480,-0.055,0.478,0.839,0.148,16
$GNSS,2025-05-04T08:19:04.800Z,27.4090737,103.2442978,3146.046,0.272,-0.344,-0.133,0.478,0.838,0.139,16
$GNSS,2025-05-04T08:19:04.850Z,27.4090739,103.2442977,3146.060,0.221,-0.301,-0.115,0.478,0.838,0.141,16
$GNSS,2025-05-04T08:19:04.900Z,27.4090739,103.2442974,3146.059,0.107,-0.447,-0.044,0.478,0.838,0.162,16
$GNSS,2025-05-04T08:19:04.950Z,27.4090739,103.2442972,3146.066,0.042,-0.382,-0.054,0.478,0.838,0.153,16
$GNSS,2025-05-04T08:19:05.000Z,27.4090739,103.2442970,3146.070,0.003,-0.317,-0.089,0.478,0.837,0.154,16
$GNSS,2025-05-04T08:19:05.050Z,27.4090740,103.2442968,3146.068,0.095,-0.409,-0.004,0.478,0.837,0.144,16
$GNSS,2025-05-04T08:19:05.100Z,27.4090741,103.2442967,3146.077,0.165,-0.315,-0.011,0.477,0.837,0.147,16
$GNSS,2025-05-04T08:19:05.150Z,27.4090741,103.2442966,3146.092,0.112,-0.179,-0.065,0.477,0.837,0.143,16
$GNSS,2025-05-04T08:19:05.200Z,27.4090742,103.2442965,3146.106,0.033,-0.167,-0.061,0.477,0.837,0.167,16
$GNSS,2025-05-04T08:19:05.250Z,27.4090742,103.2442963,3146.123,0.009,-0.201,-0.068,0.477,0.836,0.175,16
$GNSS,2025-05-04T08:19:05.300Z,27.4090742,103.2442962,3146.121,-0.008,-0.250,-0.006,0.477,0.836,0.176,16
$GNSS,2025-05-04T08:19:05.350Z,27.4090742,103.2442961,3146.122,0.041,-0.194,0.003,0.477,0.836,0.165,16
$GNSS,2025-05-04T08:19:05.400Z,27.4090742,103.2442960,3146.125,0.085,-0.142,0.027,0.477,0.836,0.149,16
$GNSS,2025-05-04T08:19:05.450Z,27.4090743,103.2442959,3146.127,0.042,-0.135,0.012,0.477,0.836,0.164,16
$GNSS,2025-05-04T08:19:05.500Z,27.4090742,103.2442958,3146.116,-0.028,-0.119,0.033,0.477,0.836,0.170,16
$GNSS,2025-05-04T08:19:05.550Z,27.4090742,103.2442958,3146.118,-0.079,-0.013,0.038,0.476,0.836,0.154,16
$GNSS,2025-05-04T08:19:05.600Z,27.4090742,103.2442957,3146.117,-0.087,-0.060,0.013,0.476,0.836,0.162,16
$GNSS,2025-05-04T08:19:05.650Z,27.4090741,103.2442957,3146.125,-0.093,-0.075,-0.092,0.476,0.835,0.178,16
$GNSS,2025-05-04T08:19:05.700Z,27.4090741,103.2442956,3146.121,-0.036,-0.009,-0.074,0.476,0.835,0.179,16
$GNSS,2025-05-04T08:19:05.750Z,27.4090740,103.2442957,3146.122,-0.151,0.048,0.042,0.476,0.835,0.136,16
$GNSS,2025-05-04T08:19:05.800Z,27.4090740,103.2442956,3146.131,-0.115,0.029,0.066,0.476,0.835,0.145,16
$GNSS,2025-05-04T08:19:05.850Z,27.4090739,103.2442957,3146.134,-0.056,0.084,-0.007,0.476,0.835,0.134,16
$GNSS,2025-05-04T08:19:05.900Z,27.4090739,103.2442957,3146.142,-0.095,0.044,-0.104,0.476,0.835,0.155,16
$GNSS,2025-05-04T08:19:05.950Z,27.4090738,103.2442957,3146.148,-0.176,0.062,-0.126,0.476,0.834,0.148,16
$GNSS,2025-05-04T08:19:06.000Z,27.4090737,103.2442958,3146.153,-0.175,0.232,-0.046,0.475,0.834,0.134,16
$GNSS,2025-05-04T08:19:06.050Z,27.4090736,103.2442960,3146.156,-0.243,0.239,-0.021,0.475,0.834,0.136,16
$GNSS,2025-05-04T08:19:06.100Z,27.4090735,103.2442961,3146.159,-0.250,0.224,-0.026,0.475,0.834,0.141,16
$GNSS,2025-05-04T08:19:06.150Z,27.4090734,103.2442961,3146.154,-0.202,0.153,0.083,0.475,0.833,0.142,16
$GNSS,2025-05-04T08:19:06.200Z,27.4090733,103.2442962,3146.158,-0.298,0.143,0.083,0.475,0.833,0.140,16
$GNSS,2025-05-04T08:19:06.250Z,27.4090732,103.2442962,3146.162,-0.300,0.171,0.046,0.475,0.833,0.138,16
$GNSS,2025-05-04T08:19:06.300Z,27.4090730,103.2442963,3146.166,-0.315,0.184,0.009,0.475,0.833,0.136,16
$GNSS,2025-05-04T08:19:06.350Z,27.4090729,103.2442964,3146.165,-0.188,0.264,0.038,0.475,0.833,0.138,16
$GNSS,2025-05-04T08:19:06.400Z,27.4090729,103.2442964,3146.187,-0.154,0.132,-0.015,0.475,0.832,0.134,16
$GNSS,2025-05-04T08:19:06.450Z,27.4090727,103.2442965,3146.202,-0.297,0.111,-0.045,0.475,0.832,0.137,16
$GNSS,2025-05-04T08:19:06.500Z,27.4090726,103.2442965,3146.207,-0.217,0.104,0.003,0.475,0.832,0.138,16
$GNSS,2025-05-04T08:19:06.550Z,27.4090725,103.2442965,3146.209,-0.224,0.035,0.021,0.475,0.832,0.137,16
$GNSS,2025-05-04T08:19:06.600Z,27.4090725,103.2442965,3146.211,-0.168,-0.003,-0.015,0.475,0.831,0.144,16
$GNSS,2025-05-04T08:19:06.650Z,27.4090724,103.2442965,3146.221,-0.055,-0.054,-0.011,0.474,0.831,0.163,16
$GNSS,2025-05-04T08:19:06.700Z,27.4090725,103.2442965,3146.219,0.028,-0.009,-0.005,0.474,0.831,0.139,16
$GNSS,2025-05-04T08:19:06.750Z,27.4090725,103.2442964,3146.223,0.097,-0.069,-0.093,0.474,0.831,0.155,16
$GNSS,2025-05-04T08:19:06.800Z,27.4090725,103.2442964,3146.220,0.065,-0.037,-0.123,0.474,0.831,0.171,16
$GNSS,2025-05-04T08:19:06.850Z,27.4090725,103.2442963,3146.221,0.037,-0.125,-0.050,0.474,0.831,0.181,16
$GNSS,2025-05-04T08:19:06.900Z,27.4090725,103.2442962,3146.219,0.066,-0.207,-0.028,0.474,0.831,0.171,16
$GNSS,2025-05-04T08:19:06.950Z,27.4090726,103.2442961,3146.211,0.068,-0.174,0.051,0.474,0.831,0.164,16
$GNSS,2025-05-04T08:19:07.000Z,27.4090726,103.2442960,3146.210,0.061,-0.120,0.025,0.474,0.831,0.180,16
$GNSS,2025-05-04T08:19:07.050Z,27.4090727,103.2442960,3146.201,0.127,-0.069,0.022,0.474,0.831,0.191,16
$GNSS,2025-05-04T08:19:07.100Z,27.4090727,103.2442959,3146.204,0.059,-0.248,0.094,0.475,0.832,0.199,16
$GNSS,2025-05-04T08:19:07.150Z,27.4090728,103.2442959,3146.199,0.104,-0.031,0.068,0.475,0.832,0.169,16
$GNSS,2025-05-04T08:19:07.200Z,27.4090728,103.2442958,3146.197,0.141,-0.093,0.060,0.475,0.832,0.152,16
$GNSS,2025-05-04T08:19:07.250Z,27.4090729,103.2442957,3146.203,0.152,-0.102,0.004,0.475,0.831,0.137,16
$GNSS,2025-05-04T08:19:07.300Z,27.4090730,103.2442957,3146.203,0.145,-0.073,0.037,0.475,0.831,0.146,16
$GNSS,2025-05-04T08:19:07.350Z,27.4090731,103.2442956,3146.201,0.145,-0.108,0.097,0.475,0.831,0.161,16
$GNSS,2025-05-04T08:19:07.400Z,27.4090731,103.2442955,3146.204,0.053,-0.125,0.087,0.475,0.831,0.173,16
$GNSS,2025-05-04T08:19:07.450Z,27.4090731,103.2442954,3146.208,0.041,-0.160,0.058,0.474,0.831,0.170,16
$GNSS,2025-05-04T08:19:07.500Z,27.4090732,103.2442954,3146.203,0.032,-0.103,0.040,0.474,0.831,0.167,16
$GNSS,2025-05-04T08:19:07.550Z,27.4090732,103.2442953,3146.197,0.015,-0.057,0.075,0.474,0.831,0.179,16
$GNSS,2025-05-04T08:19:07.600Z,27.4090732,103.2442953,3146.195,-0.015,-0.031,0.101,0.474,0.830,0.182,16
$GNSS,2025-05-04T08:19:07.650Z,27.4090732,103.2442953,3146.199,-0.035,-0.020,0.052,0.474,0.830,0.170,16
$GNSS,2025-05-04T08:19:07.700Z,27.4090732,103.2442953,3146.196,-0.021,-0.026,-0.025,0.474,0.830,0.176,16
$GNSS,2025-05-04T08:19:07.750Z,27.4090732,103.2442953,3146.194,0.048,0.012,-0.004,0.474,0.830,0.142,16
$GNSS,2025-05-04T08:19:07.800Z,27.4090732,103.2442953,3146.196,-0.011,0.084,0.036,0.474,0.830,0.168,16
$GNSS,2025-05-04T08:19:07.850Z,27.4090732,103.2442953,3146.191,-0.078,0.072,0.087,0.474,0.830,0.154,16
$GNSS,2025-05-04T08:19:07.900Z,27.4090732,103.2442953,3146.192,-0.121,-0.007,0.005,0.474,0.830,0.137,16
$GNSS,2025-05-04T08:19:07.950Z,27.4090731,103.2442953,3146.186,-0.162,-0.060,0.068,0.474,0.830,0.149,16
$GNSS,2025-05-04T08:19:08.000Z,27.4090731,103.2442953,3146.181,-0.078,0.003,0.100,0.473,0.830,0.161,16
$GNSS,2025-05-04T08:19:08.050Z,27.4090731,103.2442952,3146.186,-0.056,0.019,0.034,0.473,0.829,0.142,16
$GNSS,2025-05-04T08:19:08.100Z,27.4090731,103.2442953,3146.180,-0.073,0.080,0.069,0.473,0.829,0.150,16
$GNSS,2025-05-04T08:19:08.150Z,27.4090730,103.2442953,3146.169,-0.084,0.017,0.144,0.473,0.829,0.165,16
$GNSS,2025-05-04T08:19:08.200Z,27.4090730,103.2442952,3146.157,-0.057,-0.022,0.088,0.473,0.829,0.169,16
$GNSS,2025-05-04T08:19:08.250Z,27.4090730,103.2442952,3146.161,-0.108,0.024,-0.004,0.473,0.829,0.135,16
$GNSS,2025-05-04T08:19:08.300Z,27.4090730,103.2442952,3146.164,-0.001,-0.025,-0.007,0.473,0.829,0.168,16
$GNSS,2025-05-04T08:19:08.350Z,27.4090730,103.2442952,3146.164,0.015,0.067,-0.034,0.473,0.829,0.176,16
$GNSS,2025-05-04T08:19:08.400Z,27.4090731,103.2442951,3146.164,-0.022,-0.008,0.050,0.473,0.828,0.176,16
$GNSS,2025-05-04T08:19:08.450Z,27.4090731,103.2442951,3146.164,-0.006,-0.014,0.054,0.473,0.828,0.185,16
$GNSS,2025-05-04T08:19:08.500Z,27.4090731,103.2442950,3146.163,-0.043,-0.049,0.039,0.473,0.828,0.172,16
$GNSS,2025-05-04T08:19:08.550Z,27.4090731,103.2442950,3146.168,-0.067,-0.092,0.049,0.473,0.828,0.172,16
$GNSS,2025-05-04T08:19:08.600Z,27.4090731,103.2442949,3146.170,-0.059,-0.089,0.073,0.472,0.827,0.161,16
$GNSS,2025-05-04T08:19:08.650Z,27.4090731,103.2442948,3146.176,-0.092,-0.090,0.040,0.472,0.827,0.153,16
$GNSS,2025-05-04T08:19:08.700Z,27.4090730,103.2442948,3146.178,-0.134,-0.089,0.042,0.472,0.827,0.147,16
$GNSS,2025-05-04T08:19:08.750Z,27.4090730,103.2442947,3146.189,-0.103,-0.103,0.030,0.472,0.827,0.150,16
$GNSS,2025-05-04T08:19:08.800Z,27.4090730,103.2442946,3146.187,-0.075,-0.106,0.080,0.472,0.826,0.155,16
$GNSS,2025-05-04T08:19:08.850Z,27.4090730,103.2442945,3146.186,-0.114,-0.205,0.118,0.472,0.826,0.159,16
$GNSS,2025-05-04T08:19:08.900Z,27.4090729,103.2442943,3146.170,-0.196,-0.324,0.245,0.472,0.826,0.176,16
$GNSS,2025-05-04T08:19:08.950Z,27.4090728,103.2442941,3146.147,-0.262,-0.238,0.378,0.472,0.826,0.175,16
$GNSS,2025-05-04T08:19:09.000Z,27.4090727,103.2442939,3146.129,-0.299,-0.332,0.456,0.472,0.826,0.177,16
$GNSS,2025-05-04T08:19:09.050Z,27.4090726,103.2442937,3146.111,-0.204,-0.364,0.434,0.472,0.826,0.183,16
$GNSS,2025-05-04T08:19:09.100Z,27.4090726,103.2442935,3146.079,-0.132,-0.394,0.509,0.472,0.826,0.177,16
$GNSS,2025-05-04T08:19:09.150Z,27.4090726,103.2442933,3146.047,-0.121,-0.355,0.580,0.472,0.826,0.179,16
$GNSS,2025-05-04T08:19:09.200Z,27.4090725,103.2442931,3146.017,-0.233,-0.267,0.570,0.472,0.826,0.179,16
$GNSS,2025-05-04T08:19:09.250Z,27.4090724,103.2442929,3145.979,-0.233,-0.312,0.655,0.472,0.826,0.181,16
$GNSS,2025-05-04T08:19:09.300Z,27.4090723,103.2442927,3145.936,-0.139,-0.398,0.727,0.472,0.826,0.179,16
$GNSS,2025-05-04T08:19:09.350Z,27.4090722,103.2442924,3145.898,-0.204,-0.442,0.808,0.473,0.826,0.188,16
$GNSS,2025-05-04T08:19:09.400Z,27.4090722,103.2442923,3145.850,-0.215,-0.233,0.795,0.473,0.826,0.190,16
$GNSS,2025-05-04T08:19:09.450Z,27.4090720,103.2442922,3145.803,-0.273,-0.228,0.834,0.473,0.826,0.190,16
$GNSS,2025-05-04T08:19:09.500Z,27.4090720,103.2442921,3145.737,-0.238,-0.217,0.925,0.473,0.826,0.196,16
$GNSS,2025-05-04T08:19:09.550Z,27.4090719,103.2442920,3145.678,-0.187,-0.261,0.949,0.472,0.826,0.196,16
$GNSS,2025-05-04T08:19:09.600Z,27.4090718,103.2442917,3145.617,-0.116,-0.394,1.118,0.472,0.826,0.197,16
$GNSS,2025-05-04T08:19:09.650Z,27.4090717,103.2442915,3145.554,-0.191,-0.423,1.203,0.472,0.826,0.195,16
$GNSS,2025-05-04T08:19:09.700Z,27.4090716,103.2442912,3145.501,-0.319,-0.486,1.148,0.472,0.826,0.179,16
$GNSS,2025-05-04T08:19:09.750Z,27.4090715,103.2442911,3145.446,-0.301,-0.308,0.972,0.472,0.826,0.180,16
$GNSS,2025-05-04T08:19:09.800Z,27.4090714,103.2442909,3145.387,-0.170,-0.351,1.027,0.473,0.826,0.189,16
$GNSS,2025-05-04T08:19:09.850Z,27.4090713,103.2442907,3145.336,-0.254,-0.399,1.078,0.473,0.826,0.186,16
$GNSS,2025-05-04T08:19:09.900Z,27.4090712,103.2442905,3145.288,-0.379,-0.378,1.142,0.473,0.826,0.191,16
$GNSS,2025-05-04T08:19:09.950Z,27.4090710,103.2442903,3145.247,-0.385,-0.297,1.100,0.473,0.826,0.186,16
$GNSS,2025-05-04T08:19:10.000Z,27.4090709,103.2442900,3145.183,-0.219,-0.481,1.267,0.473,0.826,0.188,16
$GNSS,2025-05-04T08:19:10.050Z,27.4090708,103.2442897,3145.081,-0.252,-0.731,1.548,0.473,0.825,0.186,16
$GNSS,2025-05-04T08:19:10.100Z,27.4090707,103.2442893,3144.999,-0.439,-0.715,1.514,0.473,0.825,0.197,16
$GNSS,2025-05-04T08:19:10.150Z,27.4090704,103.2442889,3144.939,-0.560,-0.824,1.372,0.473,0.825,0.194,16
$GNSS,2025-05-04T08:19:10.200Z,27.4090701,103.2442881,3144.887,-0.742,-1.322,1.354,0.473,0.825,0.189,16
$GNSS,2025-05-04T08:19:10.250Z,27.4090696,103.2442871,3144.846,-1.004,-1.896,1.130,0.473,0.825,0.186,16
$GNSS,2025-05-04T08:19:10.300Z,27.4090691,103.2442859,3144.804,-1.143,-2.336,0.947,0.473,0.825,0.176,16
$GNSS,2025-05-04T08:19:10.350Z,27.4090685,103.2442844,3144.758,-1.422,-2.878,0.923,0.473,0.825,0.176,16
$GNSS,2025-05-04T08:19:10.400Z,27.4090677,103.2442824,3144.706,-1.848,-3.793,0.987,0.473,0.825,0.178,16
$GNSS,2025-05-04T08:19:10.450Z,27.4090667,103.2442800,3144.653,-2.322,-4.596,1.002,0.473,0.825,0.182,16
$GNSS,2025-05-04T08:19:10.500Z,27.4090655,103.2442774,3144.611,-2.584,-5.116,1.089,0.474,0.825,0.182,16
$GNSS,2025-05-04T08:19:10.550Z,27.4090645,103.2442753,3144.535,-2.012,-3.776,1.861,0.473,0.824,0.162,16
$GNSS,2025-05-04T08:19:10.600Z,27.4090641,103.2442739,3144.355,-1.158,-2.924,3.061,0.473,0.824,0.187,16
$GNSS,2025-05-04T08:19:10.650Z,27.4090633,103.2442721,3144.119,-1.864,-3.569,3.953,0.473,0.824,0.194,16
$GNSS,2025-05-04T08:19:10.700Z,27.4090622,103.2442699,3143.895,-2.553,-4.210,4.023,0.473,0.824,0.172,16
$GNSS,2025-05-04T08:19:10.750Z,27.4090613,103.2442680,3143.669,-2.121,-3.845,4.296,0.473,0.824,0.172,16
$GNSS,2025-05-04T08:19:10.800Z,27.4090605,103.2442662,3143.428,-1.775,-3.546,4.689,0.473,0.824,0.178,16
$GNSS,2025-05-04T08:19:10.850Z,27.4090597,103.2442644,3143.166,-1.871,-3.470,5.117,0.473,0.824,0.187,16
$GNSS,2025-05-04T08:19:10.900Z,27.4090588,103.2442625,3142.867,-1.964,-3.667,5.603,0.473,0.824,0.184,16
$GNSS,2025-05-04T08:19:10.950Z,27.4090580,103.2442608,3142.549,-1.843,-3.568,5.970,0.473,0.824,0.186,16
$GNSS,2025-05-04T08:19:11.000Z,27.4090572,103.2442588,3142.215,-1.926,-3.761,6.402,0.473,0.824,0.195,16
$GNSS,2025-05-04T08:19:11.050Z,27.4090563,103.2442569,3141.860,-1.910,-3.813,6.858,0.474,0.824,0.197,16
$GNSS,2025-05-04T08:19:11.100Z,27.4090555,103.2442549,3141.476,-1.876,-3.928,7.297,0.474,0.824,0.193,16
$GNSS,2025-05-04T08:19:11.150Z,27.4090547,103.2442530,3141.074,-1.810,-3.808,7.639,0.474,0.824,0.195,16
$GNSS,2025-05-04T08:19:11.200Z,27.4090540,103.2442512,3140.648,-1.789,-3.636,8.121,0.474,0.824,0.197,16
$GNSS,2025-05-04T08:19:11.250Z,27.4090531,103.2442493,3140.216,-1.928,-3.739,8.521,0.474,0.824,0.197,16
$GNSS,2025-05-04T08:19:11.300Z,27.4090522,103.2442475,3139.750,-1.954,-3.654,8.977,0.474,0.824,0.199,16
$GNSS,2025-05-04T08:19:11.350Z,27.4090514,103.2442456,3139.246,-1.990,-3.868,9.508,0.475,0.824,0.198,16
$GNSS,2025-05-04T08:19:11.400Z,27.4090505,103.2442436,3138.751,-1.901,-3.939,9.816,0.475,0.824,0.203,16
$GNSS,2025-05-04T08:19:11.450Z,27.4090497,103.2442416,3138.216,-1.943,-3.923,10.303,0.475,0.824,0.201,16
$GNSS,2025-05-04T08:19:11.500Z,27.4090489,103.2442397,3137.655,-2.009,-3.905,10.746,0.475,0.824,0.200,16
$GNSS,2025-05-04T08:19:11.550Z,27.4090479,103.2442377,3137.094,-2.084,-3.976,11.058,0.475,0.824,0.197,16
$GNSS,2025-05-04T08:19:11.600Z,27.4090470,103.2442356,3136.506,-2.077,-3.985,11.541,0.475,0.824,0.197,16
$GNSS,2025-05-04T08:19:11.650Z,27.4090461,103.2442336,3135.903,-2.019,-4.049,11.962,0.475,0.823,0.198,16
$GNSS,2025-05-04T08:19:11.700Z,27.4090452,103.2442315,3135.286,-2.053,-3.936,12.330,0.475,0.823,0.197,16
$GNSS,2025-05-04T08:19:11.750Z,27.4090442,103.2442295,3134.623,-2.236,-4.086,12.920,0.475,0.823,0.197,16
$GNSS,2025-05-04T08:19:11.800Z,27.4090432,103.2442273,3133.946,-2.284,-4.238,13.300,0.476,0.823,0.196,16
$GNSS,2025-05-04T08:19:11.850Z,27.4090423,103.2442252,3133.260,-2.248,-4.282,13.568,0.476,0.823,0.196,16
$GNSS,2025-05-04T08:19:11.900Z,27.4090413,103.2442230,3132.548,-2.161,-4.225,13.994,0.476,0.823,0.196,16
$GNSS,2025-05-04T08:19:11.950Z,27.4090404,103.2442209,3131.807,-2.101,-4.205,14.562,0.476,0.823,0.196,16
$GNSS,2025-05-04T08:19:12.000Z,27.4090395,103.2442187,3131.021,-2.081,-4.317,15.130,0.476,0.823,0.190,16
$GNSS,2025-05-04T08:19:12.050Z,27.4090386,103.2442166,3130.230,-2.189,-4.363,15.498,0.476,0.823,0.196,16
$GNSS,2025-05-04T08:19:12.100Z,27.4090375,103.2442143,3129.427,-2.310,-4.363,15.867,0.476,0.823,0.196,16
$GNSS,2025-05-04T08:19:12.150Z,27.4090365,103.2442121,3128.599,-2.412,-4.352,16.335,0.477,0.822,0.190,16
$GNSS,2025-05-04T08:19:12.200Z,27.4090354,103.2442099,3127.741,-2.377,-4.336,16.835,0.477,0.822,0.190,16
$GNSS,2025-05-04T08:19:12.250Z,27.4090344,103.2442076,3126.877,-2.318,-4.537,17.162,0.477,0.822,0.194,16
$GNSS,2025-05-04T08:19:12.300Z,27.4090334,103.2442051,3125.987,-2.277,-4.779,17.535,0.477,0.822,0.192,16
$GNSS,2025-05-04T08:19:12.350Z,27.4090323,103.2442026,3125.088,-2.378,-4.922,17.879,0.477,0.822,0.191,16
$GNSS,2025-05-04T08:19:12.400Z,27.4090312,103.2442000,3124.161,-2.604,-5.077,18.355,0.477,0.822,0.189,16
$GNSS,2025-05-04T08:19:12.450Z,27.4090299,103.2441972,3123.235,-2.780,-5.387,18.566,0.478,0.821,0.188,16
$GNSS,2025-05-04T08:19:12.500Z,27.4090287,103.2441943,3122.292,-2.763,-5.649,18.761,0.478,0.821,0.188,16
$GNSS,2025-05-04T08:19:12.550Z,27.4090274,103.2441913,3121.335,-2.841,-5.853,18.999,0.478,0.821,0.188,16
$GNSS,2025-05-04T08:19:12.600Z,27.4090261,103.2441882,3120.366,-2.951,-6.097,19.311,0.478,0.821,0.189,16
$GNSS,2025-05-04T08:19:12.650Z,27.4090247,103.2441849,3119.381,-3.042,-6.401,19.670,0.478,0.821,0.191,16
$GNSS,2025-05-04T08:19:12.700Z,27.4090233,103.2441816,3118.389,-3.137,-6.625,19.837,0.478,0.821,0.191,16
$GNSS,2025-05-04T08:19:12.750Z,27.4090219,103.2441781,3117.365,-3.207,-6.910,20.149,0.478,0.821,0.186,16
$GNSS,2025-05-04T08:19:12.800Z,27.4090204,103.2441744,3116.337,-3.262,-7.217,20.404,0.479,0.821,0.185,16
$GNSS,2025-05-04T08:19:12.850Z,27.4090189,103.2441706,3115.291,-3.358,-7.483,20.719,0.479,0.820,0.184,16
$GNSS,2025-05-04T08:19:12.900Z,27.4090173,103.2441666,3114.243,-3.586,-7.856,20.865,0.479,0.820,0.184,16
$GNSS,2025-05-04T08:19:12.950Z,27.4090157,103.2441623,3113.188,-3.680,-8.383,20.985,0.479,0.820,0.184,16
$GNSS,2025-05-04T08:19:13.000Z,27.4090140,103.2441579,3112.140,-3.660,-8.614,20.958,0.479,0.820,0.183,16
$GNSS,2025-05-04T08:19:13.050Z,27.4090124,103.2441534,3111.073,-3.649,-8.839,21.242,0.479,0.820,0.181,16
$GNSS,2025-05-04T08:19:13.100Z,27.4090107,103.2441487,3109.983,-3.716,-9.115,21.645,0.479,0.820,0.180,16
$GNSS,2025-05-04T08:19:13.150Z,27.4090090,103.2441440,3108.892,-3.804,-9.401,21.711,0.480,0.821,0.180,16
$GNSS,2025-05-04T08:19:13.200Z,27.4090073,103.2441391,3107.782,-3.903,-9.653,21.868,0.480,0.820,0.183,16
$GNSS,2025-05-04T08:19:13.250Z,27.4090055,103.2441340,3106.681,-3.971,-10.009,21.976,0.480,0.820,0.182,16
$GNSS,2025-05-04T08:19:13.300Z,27.4090037,103.2441288,3105.571,-3.996,-10.284,22.125,0.480,0.820,0.181,16
$GNSS,2025-05-04T08:19:13.350Z,27.4090018,103.2441234,3104.460,-4.071,-10.610,22.285,0.480,0.820,0.178,16
$GNSS,2025-05-04T08:19:13.400Z,27.4089999,103.2441179,3103.341,-4.207,-10.785,22.402,0.480,0.821,0.179,16
$GNSS,2025-05-04T08:19:13.450Z,27.4089980,103.2441122,3102.211,-4.244,-11.166,22.465,0.480,0.821,0.179,16
$GNSS,2025-05-04T08:19:13.500Z,27.4089961,103.2441064,3101.067,-4.293,-11.531,22.566,0.481,0.821,0.179,16
$GNSS,2025-05-04T08:19:13.550Z,27.4089942,103.2441004,3099.931,-4.328,-11.843,22.679,0.481,0.821,0.179,16
$GNSS,2025-05-04T08:19:13.600Z,27.4089922,103.2440943,3098.790,-4.283,-12.055,22.781,0.481,0.821,0.181,16
$GNSS,2025-05-04T08:19:13.650Z,27.4089902,103.2440879,3097.634,-4.478,-12.498,23.061,0.481,0.821,0.181,16
$GNSS,2025-05-04T08:19:13.700Z,27.4089881,103.2440815,3096.479,-4.660,-12.725,23.151,0.481,0.821,0.181,16
$GNSS,2025-05-04T08:19:13.750Z,27.4089860,103.2440749,3095.308,-4.617,-13.034,23.259,0.481,0.821,0.181,16
$GNSS,2025-05-04T08:19:13.800Z,27.4089839,103.2440680,3094.143,-4.629,-13.462,23.293,0.481,0.821,0.181,16
$GNSS,2025-05-04T08:19:13.850Z,27.4089818,103.2440610,3092.980,-4.654,-13.877,23.231,0.482,0.822,0.180,16
$GNSS,2025-05-04T08:19:13.900Z,27.4089797,103.2440538,3091.814,-4.798,-14.180,23.188,0.482,0.822,0.180,16
$GNSS,2025-05-04T08:19:13.950Z,27.4089775,103.2440464,3090.659,-4.833,-14.483,23.236,0.482,0.822,0.180,16
$GNSS,2025-05-04T08:19:14.000Z,27.4089753,103.2440389,3089.494,-4.890,-14.820,23.406,0.482,0.822,0.180,16
$GNSS,2025-05-04T08:19:14.050Z,27.4089731,103.2440312,3088.311,-4.820,-15.187,23.464,0.482,0.822,0.180,16
$GNSS,2025-05-04T08:19:14.100Z,27.4089709,103.2440233,3087.141,-4.969,-15.678,23.331,0.482,0.822,0.180,16
$GNSS,2025-05-04T08:19:14.150Z,27.4089686,103.2440151,3085.986,-5.059,-15.998,23.237,0.482,0.822,0.179,16
$GNSS,2025-05-04T08:19:14.200Z,27.4089663,103.2440068,3084.840,-5.128,-16.320,23.146,0.483,0.822,0.179,16
$GNSS,2025-05-04T08:19:14.250Z,27.4089639,103.2439984,3083.684,-5.120,-16.605,23.160,0.483,0.823,0.179,16
$GNSS,2025-05-04T08:19:14.300Z,27.4089616,103.2439898,3082.522,-5.161,-16.997,23.177,0.483,0.823,0.179,16
$GNSS,2025-05-04T08:19:14.350Z,27.4089593,103.2439809,3081.363,-5.280,-17.415,23.129,0.483,0.823,0.178,16
$GNSS,2025-05-04T08:19:14.400Z,27.4089568,103.2439719,3080.211,-5.355,-17.794,23.074,0.483,0.823,0.178,16
$GNSS,2025-05-04T08:19:14.450Z,27.4089544,103.2439627,3079.071,-5.378,-18.103,22.970,0.483,0.823,0.177,16
$GNSS,2025-05-04T08:19:14.500Z,27.4089519,103.2439533,3077.934,-5.439,-18.493,22.897,0.483,0.823,0.177,16
$GNSS,2025-05-04T08:19:14.550Z,27.4089495,103.2439438,3076.790,-5.511,-18.759,22.801,0.484,0.824,0.176,16
$GNSS,2025-05-04T08:19:14.600Z,27.4089470,103.2439342,3075.644,-5.533,-19.032,22.908,0.484,0.824,0.176,16
$GNSS,2025-05-04T08:19:14.650Z,27.4089445,103.2439243,3074.496,-5.580,-19.413,22.942,0.484,0.824,0.176,16
$GNSS,2025-05-04T08:19:14.700Z,27.4089419,103.2439143,3073.352,-5.675,-19.773,22.821,0.484,0.824,0.176,16
$GNSS,2025-05-04T08:19:14.750Z,27.4089393,103.2439041,3072.208,-5.846,-20.086,22.801,0.484,0.824,0.173,16
$GNSS,2025-05-04T08:19:14.800Z,27.4089367,103.2438938,3071.086,-5.795,-20.335,22.717,0.484,0.824,0.174,16
$GNSS,2025-05-04T08:19:14.850Z,27.4089340,103.2438833,3069.956,-5.881,-20.661,22.651,0.485,0.824,0.174,16
$GNSS,2025-05-04T08:19:14.900Z,27.4089313,103.2438728,3068.821,-6.010,-20.862,22.621,0.485,0.824,0.174,16
$GNSS,2025-05-04T08:19:14.950Z,27.4089286,103.2438621,3067.680,-6.042,-21.174,22.665,0.485,0.825,0.174,16
$GNSS,2025-05-04T08:19:15.000Z,27.4089258,103.2438512,3066.551,-6.125,-21.513,22.636,0.485,0.825,0.177,16
$GNSS,2025-05-04T08:19:15.050Z,27.4089230,103.2438401,3065.425,-6.232,-21.844,22.586,0.485,0.825,0.177,16
$GNSS,2025-05-04T08:19:15.100Z,27.4089201,103.2438288,3064.311,-6.319,-22.092,22.507,0.485,0.825,0.177,16
$GNSS,2025-05-04T08:19:15.150Z,27.4089173,103.2438175,3063.190,-6.378,-22.403,22.376,0.485,0.825,0.174,16
$GNSS,2025-05-04T08:19:15.200Z,27.4089144,103.2438060,3062.073,-6.412,-22.671,22.338,0.486,0.825,0.173,16
$GNSS,2025-05-04T08:19:15.250Z,27.4089115,103.2437944,3060.953,-6.423,-22.922,22.311,0.486,0.825,0.176,15
$GNSS,2025-05-04T08:19:15.300Z,27.4089086,103.2437826,3059.834,-6.378,-23.295,22.297,0.486,0.825,0.176,15
$GNSS,2025-05-04T08:19:15.350Z,27.4089057,103.2437706,3058.728,-6.494,-23.540,22.218,0.486,0.825,0.177,15
$GNSS,2025-05-04T08:19:15.400Z,27.4089028,103.2437586,3057.621,-6.521,-23.735,22.121,0.486,0.825,0.177,16
$GNSS,2025-05-04T08:19:15.450Z,27.4088999,103.2437465,3056.515,-6.383,-23.973,22.032,0.487,0.825,0.177,16
$GNSS,2025-05-04T08:19:15.500Z,27.4088969,103.2437342,3055.418,-6.560,-24.271,21.922,0.487,0.826,0.178,16
$GNSS,2025-05-04T08:19:15.550Z,27.4088940,103.2437218,3054.322,-6.521,-24.558,21.929,0.487,0.826,0.178,16
$GNSS,2025-05-04T08:19:15.600Z,27.4088910,103.2437091,3053.222,-6.529,-24.873,21.980,0.487,0.826,0.179,16
$GNSS,2025-05-04T08:19:15.650Z,27.4088880,103.2436964,3052.129,-6.664,-25.179,21.881,0.488,0.826,0.179,16
$GNSS,2025-05-04T08:19:15.700Z,27.4088850,103.2436836,3051.043,-6.690,-25.304,21.677,0.488,0.826,0.179,16
$GNSS,2025-05-04T08:19:15.750Z,27.4088820,103.2436707,3049.966,-6.723,-25.506,21.634,0.488,0.826,0.178,16
$GNSS,2025-05-04T08:19:15.800Z,27.4088789,103.2436577,3048.883,-6.780,-25.670,21.730,0.488,0.827,0.178,16
$GNSS,2025-05-04T08:19:15.850Z,27.4088758,103.2436445,3047.799,-6.838,-25.945,21.714,0.488,0.827,0.178,16
$GNSS,2025-05-04T08:19:15.900Z,27.4088727,103.2436312,3046.723,-6.855,-26.245,21.589,0.489,0.827,0.178,16
$GNSS,2025-05-04T08:19:15.950Z,27.4088696,103.2436179,3045.644,-6.962,-26.398,21.441,0.489,0.827,0.178,16
$GNSS,2025-05-04T08:19:16.000Z,27.4088664,103.2436044,3044.581,-7.045,-26.646,21.401,0.489,0.827,0.178,16
$GNSS,2025-05-04T08:19:16.050Z,27.4088632,103.2435908,3043.513,-7.095,-26.785,21.423,0.489,0.827,0.178,16
$GNSS,2025-05-04T08:19:16.100Z,27.4088600,103.2435771,3042.450,-7.099,-26.909,21.344,0.489,0.828,0.176,16
$GNSS,2025-05-04T08:19:16.150Z,27.4088567,103.2435634,3041.394,-7.214,-27.175,21.251,0.490,0.828,0.180,16
$GNSS,2025-05-04T08:19:16.200Z,27.4088535,103.2435495,3040.337,-7.301,-27.402,21.147,0.490,0.828,0.180,16
$GNSS,2025-05-04T08:19:16.250Z,27.4088501,103.2435355,3039.288,-7.346,-27.601,21.047,0.490,0.828,0.180,16
$GNSS,2025-05-04T08:19:16.300Z,27.4088468,103.2435215,3038.248,-7.466,-27.753,20.915,0.490,0.828,0.176,16
$GNSS,2025-05-04T08:19:16.350Z,27.4088435,103.2435073,3037.200,-7.391,-27.988,20.934,0.490,0.828,0.178,16
$GNSS,2025-05-04T08:19:16.400Z,27.4088401,103.2434931,3036.169,-7.386,-28.128,20.731,0.491,0.829,0.177,16
$GNSS,2025-05-04T08:19:16.450Z,27.4088367,103.2434787,3035.141,-7.474,-28.402,20.614,0.491,0.829,0.177,16
$GNSS,2025-05-04T08:19:16.500Z,27.4088333,103.2434642,3034.112,-7.590,-28.674,20.516,0.491,0.829,0.178,16
$GNSS,2025-05-04T08:19:16.550Z,27.4088299,103.2434496,3033.102,-7.615,-28.787,20.404,0.491,0.829,0.178,16
$GNSS,2025-05-04T08:19:16.600Z,27.4088265,103.2434349,3032.083,-7.561,-28.975,20.422,0.491,0.829,0.178,16
$GNSS,2025-05-04T08:19:16.650Z,27.4088231,103.2434201,3031.072,-7.530,-29.196,20.259,0.492,0.829,0.178,16
$GNSS,2025-05-04T08:19:16.700Z,27.4088197,103.2434052,3030.078,-7.570,-29.420,20.048,0.492,0.829,0.178,16
$GNSS,2025-05-04T08:19:16.750Z,27.4088162,103.2433902,3029.086,-7.614,-29.684,19.871,0.492,0.829,0.178,16
$GNSS,2025-05-04T08:19:16.800Z,27.4088128,103.2433751,3028.100,-7.696,-29.863,19.687,0.492,0.829,0.178,16
$GNSS,2025-05-04T08:19:16.850Z,27.4088093,103.2433599,3027.130,-7.675,-30.051,19.565,0.492,0.830,0.178,16
$GNSS,2025-05-04T08:19:16.900Z,27.4088059,103.2433445,3026.162,-7.629,-30.252,19.458,0.493,0.830,0.178,16
$GNSS,2025-05-04T08:19:16.950Z,27.4088024,103.2433291,3025.199,-7.690,-30.400,19.361,0.493,0.830,0.178,16
$GNSS,2025-05-04T08:19:17.000Z,27.4087989,103.2433136,3024.236,-7.783,-30.594,19.320,0.493,0.830,0.178,16
$GNSS,2025-05-04T08:19:17.050Z,27.4087954,103.2432980,3023.287,-7.736,-30.799,19.104,0.493,0.830,0.178,16
$GNSS,2025-05-04T08:19:17.100Z,27.4087919,103.2432824,3022.349,-7.708,-30.971,18.901,0.493,0.830,0.178,16
$GNSS,2025-05-04T08:19:17.150Z,27.4087885,103.2432666,3021.422,-7.632,-31.066,18.768,0.494,0.830,0.178,16
$GNSS,2025-05-04T08:19:17.200Z,27.4087850,103.2432508,3020.475,-7.738,-31.239,18.759,0.494,0.831,0.196,16
$GNSS,2025-05-04T08:19:17.250Z,27.4087815,103.2432350,3019.544,-7.847,-31.356,18.713,0.495,0.831,0.230,16
$GNSS,2025-05-04T08:19:17.300Z,27.4087779,103.2432189,3018.615,-7.866,-31.597,18.671,0.495,0.832,0.231,16
$GNSS,2025-05-04T08:19:17.350Z,27.4087744,103.2432029,3017.701,-7.783,-31.774,18.442,0.496,0.832,0.231,16
$GNSS,2025-05-04T08:19:17.400Z,27.4087709,103.2431868,3016.794,-7.850,-31.879,18.162,0.496,0.833,0.231,16
$GNSS,2025-05-04T08:19:17.450Z,27.4087673,103.2431706,3015.908,-7.841,-32.012,17.955,0.497,0.833,0.233,16
$GNSS,2025-05-04T08:19:17.500Z,27.4087637,103.2431543,3015.009,-7.973,-32.063,18.017,0.497,0.834,0.215,16
$GNSS,2025-05-04T08:19:17.550Z,27.4087601,103.2431379,3014.118,-7.956,-32.286,18.048,0.498,0.834,0.186,16
$GNSS,2025-05-04T08:19:17.600Z,27.4087565,103.2431214,3013.242,-7.943,-32.446,17.938,0.498,0.834,0.181,16
$GNSS,2025-05-04T08:19:17.650Z,27.4087529,103.2431049,3012.365,-8.012,-32.560,17.663,0.498,0.834,0.178,16
$GNSS,2025-05-04T08:19:17.700Z,27.4087493,103.2430884,3011.496,-8.000,-32.693,17.430,0.498,0.834,0.178,16
$GNSS,2025-05-04T08:19:17.750Z,27.4087457,103.2430717,3010.655,-8.091,-32.767,17.239,0.498,0.835,0.181,16
$GNSS,2025-05-04T08:19:17.800Z,27.4087420,103.2430550,3009.811,-8.030,-32.934,17.167,0.498,0.835,0.181,16
$GNSS,2025-05-04T08:19:17.850Z,27.4087384,103.2430383,3008.969,-8.011,-33.043,17.036,0.499,0.835,0.181,16
$GNSS,2025-05-04T08:19:17.900Z,27.4087348,103.2430215,3008.126,-8.059,-33.150,16.948,0.499,0.835,0.181,16
$GNSS,2025-05-04T08:19:17.950Z,27.4087311,103.2430047,3007.277,-8.126,-33.292,16.890,0.499,0.835,0.181,16
$GNSS,2025-05-04T08:19:18.000Z,27.4087274,103.2429877,3006.461,-8.160,-33.422,16.675,0.499,0.835,0.181,16
$GNSS,2025-05-04T08:19:18.050Z,27.4087238,103.2429708,3005.632,-8.073,-33.496,16.553,0.499,0.835,0.182,16
$GNSS,2025-05-04T08:19:18.100Z,27.4087202,103.2429537,3004.822,-8.019,-33.597,16.469,0.499,0.836,0.182,16
$GNSS,2025-05-04T08:19:18.150Z,27.4087166,103.2429367,3004.010,-7.938,-33.633,16.406,0.500,0.836,0.182,16
$GNSS,2025-05-04T08:19:18.200Z,27.4087130,103.2429196,3003.205,-7.931,-33.745,16.253,0.500,0.836,0.179,16
$GNSS,2025-05-04T08:19:18.250Z,27.4087094,103.2429024,3002.404,-8.072,-34.010,16.041,0.500,0.836,0.179,16
$GNSS,2025-05-04T08:19:18.300Z,27.4087058,103.2428851,3001.624,-8.003,-34.110,15.784,0.500,0.836,0.179,16
$GNSS,2025-05-04T08:19:18.350Z,27.4087022,103.2428678,3000.853,-7.849,-34.237,15.648,0.500,0.836,0.176,16
$GNSS,2025-05-04T08:19:18.400Z,27.4086987,103.2428504,3000.076,-7.836,-34.359,15.516,0.500,0.836,0.179,16
$GNSS,2025-05-04T08:19:18.450Z,27.4086952,103.2428330,2999.309,-7.782,-34.400,15.416,0.500,0.837,0.178,16
$GNSS,2025-05-04T08:19:18.500Z,27.4086917,103.2428156,2998.543,-7.657,-34.439,15.375,0.501,0.837,0.173,16
$GNSS,2025-05-04T08:19:18.550Z,27.4086883,103.2427980,2997.797,-7.515,-34.676,15.146,0.501,0.837,0.174,16
$GNSS,2025-05-04T08:19:18.600Z,27.4086850,103.2427804,2997.050,-7.508,-34.878,14.911,0.501,0.837,0.175,16
$GNSS,2025-05-04T08:19:18.650Z,27.4086816,103.2427627,2996.315,-7.497,-34.902,14.765,0.501,0.837,0.176,16
$GNSS,2025-05-04T08:19:18.700Z,27.4086783,103.2427450,2995.587,-7.371,-35.014,14.634,0.501,0.837,0.176,16
$GNSS,2025-05-04T08:19:18.750Z,27.4086750,103.2427272,2994.858,-7.300,-35.137,14.581,0.501,0.838,0.178,16
$GNSS,2025-05-04T08:19:18.800Z,27.4086718,103.2427094,2994.129,-7.095,-35.231,14.506,0.501,0.838,0.178,16
$GNSS,2025-05-04T08:19:18.850Z,27.4086686,103.2426915,2993.409,-7.103,-35.346,14.372,0.501,0.838,0.178,16
$GNSS,2025-05-04T08:19:18.900Z,27.4086654,103.2426736,2992.694,-7.109,-35.368,14.242,0.501,0.838,0.178,16
$GNSS,2025-05-04T08:19:18.950Z,27.4086622,103.2426556,2991.994,-6.957,-35.470,14.114,0.501,0.839,0.178,16
$GNSS,2025-05-04T08:19:19.000Z,27.4086592,103.2426376,2991.297,-6.716,-35.560,14.027,0.501,0.839,0.178,16
$GNSS,2025-05-04T08:19:19.050Z,27.4086562,103.2426196,2990.616,-6.578,-35.492,13.909,0.501,0.839,0.184,16
$GNSS,2025-05-04T08:19:19.100Z,27.4086533,103.2426016,2989.928,-6.536,-35.577,13.794,0.501,0.839,0.186,16
$GNSS,2025-05-04T08:19:19.150Z,27.4086503,103.2425835,2989.235,-6.573,-35.772,13.764,0.502,0.839,0.186,16
$GNSS,2025-05-04T08:19:19.200Z,27.4086474,103.2425653,2988.550,-6.493,-35.998,13.724,0.502,0.839,0.186,16
$GNSS,2025-05-04T08:19:19.250Z,27.4086445,103.2425471,2987.864,-6.288,-35.907,13.722,0.502,0.840,0.186,16
$GNSS,2025-05-04T08:19:19.300Z,27.4086418,103.2425289,2987.191,-6.079,-35.870,13.600,0.502,0.840,0.186,16
$GNSS,2025-05-04T08:19:19.350Z,27.4086391,103.2425107,2986.525,-5.994,-35.983,13.368,0.502,0.840,0.189,16
$GNSS,2025-05-04T08:19:19.400Z,27.4086364,103.2424925,2985.864,-5.873,-36.103,13.250,0.502,0.840,0.176,16
$GNSS,2025-05-04T08:19:19.450Z,27.4086339,103.2424741,2985.217,-5.673,-36.161,13.154,0.502,0.840,0.186,16
$GNSS,2025-05-04T08:19:19.550Z,27.4086289,103.2424374,2983.939,-5.408,-36.330,12.671,0.503,0.842,0.186,16
$GNSS,2025-05-04T08:19:19.600Z,27.4086266,103.2424191,2983.303,-5.208,-36.305,12.660,0.503,0.842,0.179,16
$GNSS,2025-05-04T08:19:19.650Z,27.4086243,103.2424007,2982.679,-5.070,-36.357,12.669,0.503,0.842,0.179,16
$GNSS,2025-05-04T08:19:19.700Z,27.4086221,103.2423823,2982.057,-4.983,-36.365,12.508,0.503,0.843,0.178,16
$GNSS,2025-05-04T08:19:19.750Z,27.4086199,103.2423638,2981.440,-4.748,-36.507,12.301,0.503,0.843,0.178,16
$GNSS,2025-05-04T08:19:19.800Z,27.4086179,103.2423453,2980.820,-4.613,-36.573,12.225,0.503,0.843,0.178,16
$GNSS,2025-05-04T08:19:19.850Z,27.4086159,103.2423268,2980.212,-4.400,-36.624,12.094,0.503,0.843,0.178,16
$GNSS,2025-05-04T08:19:19.900Z,27.4086139,103.2423084,2979.615,-4.298,-36.532,11.975,0.503,0.844,0.179,16
$GNSS,2025-05-04T08:19:19.950Z,27.4086121,103.2422899,2979.021,-4.183,-36.431,11.893,0.503,0.844,0.181,16
$GNSS,2025-05-04T08:19:20.000Z,27.4086102,103.2422714,2978.428,-4.040,-36.554,11.990,0.503,0.844,0.181,16
$GNSS,2025-05-04T08:19:20.050Z,27.4086085,103.2422528,2977.826,-3.989,-36.717,11.952,0.503,0.844,0.181,16
$GNSS,2025-05-04T08:19:20.100Z,27.4086067,103.2422343,2977.225,-3.855,-36.715,11.813,0.503,0.845,0.181,16
$GNSS,2025-05-04T08:19:20.150Z,27.4086051,103.2422158,2976.623,-3.740,-36.658,11.867,0.503,0.845,0.181,16
$GNSS,2025-05-04T08:19:20.200Z,27.4086035,103.2421973,2976.033,-3.486,-36.579,11.870,0.503,0.845,0.181,16
$GNSS,2025-05-04T08:19:20.250Z,27.4086020,103.2421788,2975.452,-3.382,-36.532,11.814,0.504,0.845,0.181,16
$GNSS,2025-05-04T08:19:20.300Z,27.4086005,103.2421602,2974.863,-3.324,-36.625,11.728,0.504,0.846,0.181,16
$GNSS,2025-05-04T08:19:20.350Z,27.4085990,103.2421417,2974.276,-3.199,-36.703,11.673,0.504,0.846,0.182,16
$GNSS,2025-05-04T08:19:20.400Z,27.4085976,103.2421231,2973.699,-3.100,-36.702,11.567,0.504,0.846,0.183,16
$GNSS,2025-05-04T08:19:20.450Z,27.4085963,103.2421046,2973.115,-2.948,-36.687,11.478,0.504,0.847,0.183,16
$GNSS,2025-05-04T08:19:20.500Z,27.4085951,103.2420861,2972.534,-2.820,-36.550,11.495,0.504,0.847,0.189,16
$GNSS,2025-05-04T08:19:20.550Z,27.4085939,103.2420676,2971.958,-2.714,-36.563,11.538,0.504,0.847,0.189,16
$GNSS,2025-05-04T08:19:20.600Z,27.4085927,103.2420491,2971.381,-2.595,-36.615,11.495,0.504,0.847,0.188,16
$GNSS,2025-05-04T08:19:20.650Z,27.4085916,103.2420305,2970.806,-2.488,-36.791,11.431,0.504,0.847,0.188,16
$GNSS,2025-05-04T08:19:20.700Z,27.4085905,103.2420120,2970.247,-2.349,-36.738,11.208,0.504,0.848,0.187,16
$GNSS,2025-05-04T08:19:20.750Z,27.4085896,103.2419935,2969.685,-2.154,-36.606,11.174,0.504,0.848,0.193,16
$GNSS,2025-05-04T08:19:20.800Z,27.4085887,103.2419750,2969.120,-2.061,-36.476,11.262,0.504,0.848,0.193,16
$GNSS,2025-05-04T08:19:20.850Z,27.4085878,103.2419565,2968.564,-2.028,-36.585,11.240,0.504,0.848,0.186,16
$GNSS,2025-05-04T08:19:20.900Z,27.4085869,103.2419380,2967.998,-1.948,-36.678,11.188,0.504,0.848,0.185,16
$GNSS,2025-05-04T08:19:20.950Z,27.4085861,103.2419195,2967.444,-1.896,-36.688,11.008,0.504,0.848,0.186,16
$GNSS,2025-05-04T08:19:21.000Z,27.4085853,103.2419010,2966.894,-1.743,-36.638,10.810,0.504,0.849,0.186,16
$GNSS,2025-05-04T08:19:21.050Z,27.4085846,103.2418826,2966.350,-1.589,-36.534,10.753,0.504,0.849,0.186,16
$GNSS,2025-05-04T08:19:21.100Z,27.4085839,103.2418641,2965.804,-1.546,-36.593,10.805,0.504,0.849,0.185,16
$GNSS,2025-05-04T08:19:21.150Z,27.4085833,103.2418457,2965.264,-1.477,-36.522,10.766,0.504,0.849,0.185,16
$GNSS,2025-05-04T08:19:21.200Z,27.4085826,103.2418272,2964.732,-1.426,-36.497,10.725,0.503,0.849,0.185,16
$GNSS,2025-05-04T08:19:21.250Z,27.4085820,103.2418087,2964.202,-1.350,-36.569,10.691,0.503,0.849,0.184,16
$GNSS,2025-05-04T08:19:21.300Z,27.4085814,103.2417903,2963.687,-1.255,-36.513,10.408,0.503,0.849,0.184,16
$GNSS,2025-05-04T08:19:21.350Z,27.4085809,103.2417718,2963.157,-1.198,-36.513,10.285,0.503,0.849,0.184,16
$GNSS,2025-05-04T08:19:21.400Z,27.4085805,103.2417535,2962.621,-1.100,-36.446,10.405,0.503,0.850,0.184,16
$GNSS,2025-05-04T08:19:21.450Z,27.4085800,103.2417351,2962.102,-1.047,-36.364,10.474,0.503,0.850,0.183,16
$GNSS,2025-05-04T08:19:21.500Z,27.4085796,103.2417167,2961.588,-0.912,-36.317,10.521,0.503,0.850,0.183,16
$GNSS,2025-05-04T08:19:21.550Z,27.4085792,103.2416983,2961.073,-0.946,-36.443,10.326,0.503,0.850,0.183,16
$GNSS,2025-05-04T08:19:21.600Z,27.4085788,103.2416799,2960.570,-0.808,-36.377,10.170,0.503,0.850,0.183,16
$GNSS,2025-05-04T08:19:21.650Z,27.4085785,103.2416615,2960.057,-0.783,-36.365,10.200,0.503,0.850,0.183,16
$GNSS,2025-05-04T08:19:21.700Z,27.4085781,103.2416433,2959.529,-0.750,-36.226,10.291,0.502,0.850,0.182,16
$GNSS,2025-05-04T08:19:21.750Z,27.4085778,103.2416249,2959.014,-0.741,-36.280,10.314,0.502,0.850,0.183,16
$GNSS,2025-05-04T08:19:21.800Z,27.4085775,103.2416066,2958.515,-0.627,-36.265,10.260,0.502,0.850,0.182,16
$GNSS,2025-05-04T08:19:21.850Z,27.4085773,103.2415882,2958.009,-0.562,-36.319,10.177,0.502,0.851,0.182,16
$GNSS,2025-05-04T08:19:21.900Z,27.4085771,103.2415699,2957.497,-0.540,-36.214,10.094,0.502,0.851,0.182,16
$GNSS,2025-05-04T08:19:21.950Z,27.4085768,103.2415517,2956.995,-0.542,-36.137,10.136,0.502,0.851,0.182,16
$GNSS,2025-05-04T08:19:22.000Z,27.4085766,103.2415334,2956.484,-0.477,-36.143,10.145,0.502,0.851,0.175,16
$GNSS,2025-05-04T08:19:22.050Z,27.4085764,103.2415152,2955.983,-0.480,-36.102,10.069,0.502,0.851,0.175,16
$GNSS,2025-05-04T08:19:22.100Z,27.4085762,103.2414969,2955.475,-0.426,-36.123,10.019,0.502,0.851,0.175,16
$GNSS,2025-05-04T08:19:22.150Z,27.4085760,103.2414787,2954.972,-0.405,-36.121,9.955,0.502,0.852,0.175,16
$GNSS,2025-05-04T08:19:22.200Z,27.4085759,103.2414604,2954.472,-0.368,-36.110,9.995,0.501,0.852,0.175,16
$GNSS,2025-05-04T08:19:22.250Z,27.4085757,103.2414422,2953.975,-0.382,-36.006,9.908,0.501,0.852,0.175,16
$GNSS,2025-05-04T08:19:22.300Z,27.4085756,103.2414241,2953.482,-0.385,-35.939,9.880,0.501,0.852,0.175,16
$GNSS,2025-05-04T08:19:22.350Z,27.4085754,103.2414060,2952.980,-0.340,-35.828,9.966,0.501,0.852,0.175,16
$GNSS,2025-05-04T08:19:22.400Z,27.4085753,103.2413879,2952.477,-0.355,-35.845,10.038,0.501,0.852,0.175,16
$GNSS,2025-05-04T08:19:22.450Z,27.4085751,103.2413697,2951.987,-0.408,-35.968,9.924,0.501,0.853,0.174,16
$GNSS,2025-05-04T08:19:22.500Z,27.4085749,103.2413515,2951.493,-0.391,-35.946,9.800,0.501,0.853,0.175,16
$GNSS,2025-05-04T08:19:22.550Z,27.4085748,103.2413335,2950.992,-0.392,-35.796,9.759,0.501,0.853,0.176,16
$GNSS,2025-05-04T08:19:22.600Z,27.4085746,103.2413154,2950.505,-0.328,-35.674,9.786,0.501,0.853,0.173,16
$GNSS,2025-05-04T08:19:22.650Z,27.4085744,103.2412974,2950.014,-0.392,-35.683,9.812,0.501,0.853,0.175,16
$GNSS,2025-05-04T08:19:22.700Z,27.4085743,103.2412793,2949.527,-0.391,-35.672,9.851,0.500,0.853,0.175,16
$GNSS,2025-05-04T08:19:22.750Z,27.4085741,103.2412613,2949.025,-0.358,-35.692,9.883,0.500,0.854,0.175,16
$GNSS,2025-05-04T08:19:22.800Z,27.4085740,103.2412433,2948.529,-0.395,-35.665,9.801,0.500,0.854,0.175,16
$GNSS,2025-05-04T08:19:22.850Z,27.4085738,103.2412254,2948.041,-0.399,-35.552,9.688,0.500,0.854,0.175,16
$GNSS,2025-05-04T08:19:22.900Z,27.4085736,103.2412074,2947.553,-0.482,-35.524,9.671,0.500,0.854,0.175,16
$GNSS,2025-05-04T08:19:22.950Z,27.4085734,103.2411895,2947.058,-0.476,-35.538,9.849,0.500,0.854,0.175,16
$GNSS,2025-05-04T08:19:23.000Z,27.4085732,103.2411715,2946.557,-0.485,-35.498,9.920,0.500,0.854,0.175,16
$GNSS,2025-05-04T08:19:23.050Z,27.4085730,103.2411536,2946.060,-0.400,-35.503,9.917,0.500,0.855,0.175,16
$GNSS,2025-05-04T08:19:23.100Z,27.4085728,103.2411357,2945.550,-0.456,-35.471,9.966,0.500,0.855,0.175,16
$GNSS,2025-05-04T08:19:23.150Z,27.4085726,103.2411178,2945.055,-0.440,-35.410,9.944,0.500,0.855,0.175,16
$GNSS,2025-05-04T08:19:23.200Z,27.4085724,103.2411000,2944.544,-0.491,-35.271,10.104,0.499,0.855,0.174,16
$GNSS,2025-05-04T08:19:23.250Z,27.4085722,103.2410821,2944.034,-0.503,-35.349,10.177,0.499,0.855,0.174,16
$GNSS,2025-05-04T08:19:23.300Z,27.4085720,103.2410642,2943.526,-0.503,-35.329,10.158,0.499,0.855,0.172,16
$GNSS,2025-05-04T08:19:23.350Z,27.4085718,103.2410464,2942.998,-0.508,-35.286,10.164,0.499,0.856,0.172,16
$GNSS,2025-05-04T08:19:23.400Z,27.4085715,103.2410286,2942.482,-0.588,-35.317,10.278,0.499,0.856,0.172,16
$GNSS,2025-05-04T08:19:23.450Z,27.4085713,103.2410108,2941.956,-0.583,-35.290,10.403,0.499,0.856,0.172,16
$GNSS,2025-05-04T08:19:23.500Z,27.4085710,103.2409929,2941.426,-0.544,-35.295,10.555,0.499,0.856,0.172,16
$GNSS,2025-05-04T08:19:23.550Z,27.4085708,103.2409751,2940.894,-0.532,-35.203,10.596,0.499,0.856,0.172,16
$GNSS,2025-05-04T08:19:23.600Z,27.4085706,103.2409573,2940.367,-0.563,-35.244,10.568,0.499,0.856,0.172,16
$GNSS,2025-05-04T08:19:23.650Z,27.4085703,103.2409395,2939.833,-0.636,-35.216,10.655,0.498,0.856,0.172,16
$GNSS,2025-05-04T08:19:23.700Z,27.4085700,103.2409217,2939.288,-0.650,-35.288,10.702,0.498,0.856,0.172,16
$GNSS,2025-05-04T08:19:23.750Z,27.4085697,103.2409039,2938.739,-0.623,-35.192,10.697,0.498,0.856,0.172,16
$GNSS,2025-05-04T08:19:23.800Z,27.4085695,103.2408862,2938.203,-0.596,-35.087,10.799,0.498,0.857,0.172,16
$GNSS,2025-05-04T08:19:23.850Z,27.4085692,103.2408684,2937.652,-0.592,-35.169,10.917,0.498,0.857,0.172,16
$GNSS,2025-05-04T08:19:23.900Z,27.4085689,103.2408507,2937.101,-0.653,-35.141,10.999,0.498,0.857,0.172,16
$GNSS,2025-05-04T08:19:23.950Z,27.4085686,103.2408328,2936.545,-0.722,-35.241,11.098,0.498,0.857,0.172,16
$GNSS,2025-05-04T08:19:24.000Z,27.4085683,103.2408151,2935.983,-0.746,-35.133,11.105,0.498,0.857,0.172,16
$GNSS,2025-05-04T08:19:24.050Z,27.4085680,103.2407973,2935.420,-0.717,-35.223,11.172,0.498,0.857,0.172,16
$GNSS,2025-05-04T08:19:24.100Z,27.4085677,103.2407795,2934.850,-0.743,-35.180,11.281,0.497,0.857,0.172,16
$GNSS,2025-05-04T08:19:24.150Z,27.4085673,103.2407618,2934.277,-0.765,-35.093,11.348,0.497,0.857,0.172,16
$GNSS,2025-05-04T08:19:24.200Z,27.4085670,103.2407440,2933.707,-0.764,-35.090,11.407,0.497,0.857,0.172,16
$GNSS,2025-05-04T08:19:24.250Z,27.4085667,103.2407263,2933.137,-0.790,-35.105,11.443,0.497,0.858,0.173,16
$GNSS,2025-05-04T08:19:24.300Z,27.4085663,103.2407085,2932.559,-0.805,-35.118,11.466,0.497,0.858,0.173,16
$GNSS,2025-05-04T08:19:24.350Z,27.4085659,103.2406908,2931.988,-0.875,-35.128,11.418,0.497,0.858,0.173,16
$GNSS,2025-05-04T08:19:24.400Z,27.4085655,103.2406731,2931.406,-0.896,-35.070,11.481,0.497,0.858,0.173,16
$GNSS,2025-05-04T08:19:24.450Z,27.4085651,103.2406554,2930.821,-0.982,-34.992,11.711,0.497,0.858,0.173,16
$GNSS,2025-05-04T08:19:24.500Z,27.4085647,103.2406377,2930.226,-0.932,-34.973,11.935,0.497,0.858,0.173,16
$GNSS,2025-05-04T08:19:24.550Z,27.4085643,103.2406200,2929.631,-0.921,-35.039,11.932,0.496,0.858,0.173,16
$GNSS,2025-05-04T08:19:24.600Z,27.4085639,103.2406023,2929.039,-0.888,-34.999,11.856,0.496,0.858,0.173,16
$GNSS,2025-05-04T08:19:24.650Z,27.4085634,103.2405846,2928.457,-0.992,-35.058,11.754,0.496,0.859,0.173,16
$GNSS,2025-05-04T08:19:24.700Z,27.4085630,103.2405669,2927.859,-0.972,-34.954,11.828,0.496,0.859,0.173,16
$GNSS,2025-05-04T08:19:24.750Z,27.4085626,103.2405493,2927.268,-0.984,-34.886,11.911,0.496,0.859,0.173,16
$GNSS,2025-05-04T08:19:24.800Z,27.4085621,103.2405316,2926.669,-0.990,-34.952,12.121,0.496,0.859,0.173,16
$GNSS,2025-05-04T08:19:24.850Z,27.4085617,103.2405139,2926.048,-1.055,-34.977,12.298,0.496,0.859,0.173,16
$GNSS,2025-05-04T08:19:24.900Z,27.4085612,103.2404962,2925.436,-0.983,-34.991,12.150,0.496,0.859,0.173,16
$GNSS,2025-05-04T08:19:24.950Z,27.4085608,103.2404785,2924.838,-1.033,-34.944,12.044,0.496,0.859,0.173,16
$GNSS,2025-05-04T08:19:25.000Z,27.4085603,103.2404609,2924.236,-0.998,-34.933,12.012,0.496,0.859,0.173,16
$GNSS,2025-05-04T08:19:25.050Z,27.4085599,103.2404433,2923.630,-0.968,-34.866,12.092,0.495,0.859,0.173,16
$GNSS,2025-05-04T08:19:25.100Z,27.4085594,103.2404257,2923.022,-1.037,-34.758,12.134,0.495,0.860,0.172,16
$GNSS,2025-05-04T08:19:25.150Z,27.4085590,103.2404081,2922.402,-0.971,-34.791,12.221,0.495,0.860,0.172,16
$GNSS,2025-05-04T08:19:25.200Z,27.4085585,103.2403905,2921.782,-1.097,-34.961,12.245,0.495,0.860,0.172,16
$GNSS,2025-05-04T08:19:25.250Z,27.4085581,103.2403728,2921.172,-1.066,-34.870,12.242,0.495,0.860,0.179,15
$GNSS,2025-05-04T08:19:25.300Z,27.4085576,103.2403553,2920.552,-1.120,-34.809,12.287,0.495,0.860,0.180,15
$GNSS,2025-05-04T08:19:25.350Z,27.4085571,103.2403376,2919.935,-1.070,-34.848,12.373,0.495,0.860,0.180,15
$GNSS,2025-05-04T08:19:25.400Z,27.4085566,103.2403200,2919.308,-1.141,-34.856,12.401,0.495,0.860,0.170,16
$GNSS,2025-05-04T08:19:25.450Z,27.4085561,103.2403024,2918.686,-1.211,-34.872,12.354,0.495,0.860,0.176,16
$GNSS,2025-05-04T08:19:25.500Z,27.4085555,103.2402848,2918.073,-1.233,-34.799,12.295,0.495,0.860,0.176,16
$GNSS,2025-05-04T08:19:25.550Z,27.4085550,103.2402672,2917.443,-1.232,-34.836,12.412,0.494,0.861,0.175,16
$GNSS,2025-05-04T08:19:25.600Z,27.4085545,103.2402496,2916.809,-1.174,-34.846,12.533,0.494,0.861,0.168,16
$GNSS,2025-05-04T08:19:25.650Z,27.4085539,103.2402320,2916.176,-1.219,-34.852,12.548,0.494,0.861,0.169,16
$GNSS,2025-05-04T08:19:25.700Z,27.4085533,103.2402144,2915.554,-1.330,-34.875,12.534,0.494,0.861,0.169,16
$GNSS,2025-05-04T08:19:25.750Z,27.4085527,103.2401968,2914.938,-1.381,-34.871,12.467,0.494,0.861,0.167,16
$GNSS,2025-05-04T08:19:25.800Z,27.4085521,103.2401792,2914.307,-1.339,-34.779,12.503,0.494,0.861,0.167,16
$GNSS,2025-05-04T08:19:25.850Z,27.4085515,103.2401617,2913.672,-1.328,-34.732,12.544,0.493,0.861,0.163,16
$GNSS,2025-05-04T08:19:25.900Z,27.4085509,103.2401441,2913.032,-1.394,-34.747,12.590,0.493,0.860,0.164,16
$GNSS,2025-05-04T08:19:25.950Z,27.4085502,103.2401265,2912.387,-1.435,-34.827,12.597,0.493,0.860,0.164,16
$GNSS,2025-05-04T08:19:26.000Z,27.4085496,103.2401090,2911.754,-1.500,-34.812,12.548,0.493,0.860,0.164,16
$GNSS,2025-05-04T08:19:26.050Z,27.4085489,103.2400914,2911.118,-1.527,-34.785,12.544,0.493,0.860,0.164,16
$GNSS,2025-05-04T08:19:26.100Z,27.4085482,103.2400739,2910.476,-1.560,-34.633,12.622,0.492,0.860,0.164,16
$GNSS,2025-05-04T08:19:26.150Z,27.4085475,103.2400564,2909.837,-1.575,-34.676,12.735,0.492,0.860,0.162,16
$GNSS,2025-05-04T08:19:26.200Z,27.4085467,103.2400389,2909.185,-1.694,-34.644,12.860,0.492,0.860,0.162,16
$GNSS,2025-05-04T08:19:26.250Z,27.4085460,103.2400214,2908.527,-1.649,-34.753,12.959,0.492,0.860,0.164,16
$GNSS,2025-05-04T08:19:26.300Z,27.4085452,103.2400038,2907.877,-1.754,-34.776,12.902,0.492,0.860,0.163,16
$GNSS,2025-05-04T08:19:26.350Z,27.4085444,103.2399863,2907.222,-1.787,-34.664,12.828,0.491,0.860,0.164,16
$GNSS,2025-05-04T08:19:26.400Z,27.4085436,103.2399689,2906.566,-1.847,-34.580,12.843,0.491,0.860,0.163,16
$GNSS,2025-05-04T08:19:26.450Z,27.4085427,103.2399514,2905.914,-1.989,-34.641,12.901,0.491,0.860,0.162,16
$GNSS,2025-05-04T08:19:26.500Z,27.4085418,103.2399339,2905.258,-2.011,-34.641,13.061,0.491,0.860,0.162,16
$GNSS,2025-05-04T08:19:26.550Z,27.4085409,103.2399164,2904.599,-2.029,-34.648,13.077,0.491,0.859,0.162,16
$GNSS,2025-05-04T08:19:26.600Z,27.4085400,103.2398989,2903.933,-2.064,-34.634,13.046,0.490,0.859,0.163,16
$GNSS,2025-05-04T08:19:26.650Z,27.4085390,103.2398814,2903.270,-2.159,-34.634,13.107,0.490,0.859,0.163,16
$GNSS,2025-05-04T08:19:26.700Z,27.4085380,103.2398639,2902.612,-2.272,-34.614,13.019,0.490,0.859,0.163,16
$GNSS,2025-05-04T08:19:26.750Z,27.4085370,103.2398465,2901.958,-2.302,-34.555,12.981,0.490,0.859,0.163,16
$GNSS,2025-05-04T08:19:26.800Z,27.4085359,103.2398290,2901.295,-2.374,-34.598,13.004,0.489,0.859,0.163,16
$GNSS,2025-05-04T08:19:26.850Z,27.4085348,103.2398116,2900.633,-2.465,-34.570,13.035,0.489,0.859,0.163,16
$GNSS,2025-05-04T08:19:26.900Z,27.4085337,103.2397941,2899.971,-2.540,-34.662,13.115,0.489,0.858,0.163,16
$GNSS,2025-05-04T08:19:26.950Z,27.4085326,103.2397766,2899.317,-2.514,-34.623,13.110,0.489,0.858,0.172,16
$GNSS,2025-05-04T08:19:27.000Z,27.4085314,103.2397591,2898.666,-2.549,-34.601,12.979,0.489,0.858,0.171,16
$GNSS,2025-05-04T08:19:27.050Z,27.4085302,103.2397416,2898.015,-2.672,-34.605,12.979,0.488,0.858,0.171,16
$GNSS,2025-05-04T08:19:27.100Z,27.4085289,103.2397241,2897.367,-2.841,-34.518,12.999,0.488,0.858,0.171,16
$GNSS,2025-05-04T08:19:27.150Z,27.4085277,103.2397066,2896.712,-2.843,-34.610,13.001,0.488,0.857,0.171,16
$GNSS,2025-05-04T08:19:27.200Z,27.4085264,103.2396891,2896.072,-2.831,-34.659,12.904,0.488,0.857,0.171,16
$GNSS,2025-05-04T08:19:27.250Z,27.4085251,103.2396716,2895.424,-2.901,-34.582,12.947,0.488,0.857,0.171,16
$GNSS,2025-05-04T08:19:27.300Z,27.4085238,103.2396541,2894.768,-2.921,-34.597,13.114,0.487,0.857,0.171,16
$GNSS,2025-05-04T08:19:27.350Z,27.4085224,103.2396366,2894.109,-3.032,-34.621,13.108,0.487,0.856,0.171,16
$GNSS,2025-05-04T08:19:27.400Z,27.4085210,103.2396190,2893.461,-3.148,-34.670,12.986,0.487,0.856,0.171,16
$GNSS,2025-05-04T08:19:27.450Z,27.4085196,103.2396015,2892.816,-3.126,-34.665,12.869,0.487,0.856,0.171,16
$GNSS,2025-05-04T08:19:27.500Z,27.4085182,103.2395841,2892.178,-3.134,-34.540,12.798,0.487,0.856,0.175,16
$GNSS,2025-05-04T08:19:27.550Z,27.4085167,103.2395665,2891.527,-3.244,-34.624,12.877,0.487,0.856,0.184,16
$GNSS,2025-05-04T08:19:27.600Z,27.4085153,103.2395490,2890.875,-3.303,-34.704,12.871,0.487,0.856,0.187,16
$GNSS,2025-05-04T08:19:27.650Z,27.4085138,103.2395315,2890.220,-3.364,-34.625,12.945,0.487,0.856,0.208,16
$GNSS,2025-05-04T08:19:27.700Z,27.4085122,103.2395140,2889.573,-3.438,-34.651,12.987,0.487,0.856,0.224,16
$GNSS,2025-05-04T08:19:27.750Z,27.4085107,103.2394965,2888.920,-3.454,-34.568,12.996,0.487,0.857,0.229,16
$GNSS,2025-05-04T08:19:27.800Z,27.4085091,103.2394790,2888.276,-3.481,-34.592,12.911,0.487,0.857,0.192,16
$GNSS,2025-05-04T08:19:27.850Z,27.4085075,103.2394615,2887.627,-3.558,-34.645,12.834,0.487,0.857,0.191,16
$GNSS,2025-05-04T08:19:27.900Z,27.4085059,103.2394440,2886.977,-3.582,-34.656,12.871,0.487,0.857,0.205,16
$GNSS,2025-05-04T08:19:27.950Z,27.4085043,103.2394265,2886.322,-3.567,-34.625,13.033,0.488,0.857,0.204,16
$GNSS,2025-05-04T08:19:28.000Z,27.4085026,103.2394090,2885.657,-3.757,-34.675,13.103,0.488,0.858,0.205,16
$GNSS,2025-05-04T08:19:28.050Z,27.4085009,103.2393914,2885.004,-3.785,-34.672,13.093,0.488,0.858,0.203,16
$GNSS,2025-05-04T08:19:28.100Z,27.4084991,103.2393739,2884.353,-3.846,-34.638,13.103,0.488,0.858,0.204,16
$GNSS,2025-05-04T08:19:28.150Z,27.4084975,103.2393564,2883.695,-3.760,-34.647,13.104,0.488,0.859,0.204,16
$GNSS,2025-05-04T08:19:28.200Z,27.4084957,103.2393389,2883.028,-3.800,-34.621,13.120,0.488,0.859,0.204,16
$GNSS,2025-05-04T08:19:28.250Z,27.4084940,103.2393214,2882.370,-3.914,-34.686,13.118,0.488,0.859,0.203,16
$GNSS,2025-05-04T08:19:28.300Z,27.4084922,103.2393039,2881.713,-4.011,-34.673,13.129,0.488,0.859,0.197,16
$GNSS,2025-05-04T08:19:28.350Z,27.4084903,103.2392863,2881.048,-4.084,-34.787,13.181,0.488,0.860,0.198,16
$GNSS,2025-05-04T08:19:28.400Z,27.4084885,103.2392687,2880.374,-4.003,-34.694,13.330,0.488,0.860,0.197,16
$GNSS,2025-05-04T08:19:28.450Z,27.4084867,103.2392512,2879.716,-3.994,-34.645,13.334,0.488,0.860,0.198,16
$GNSS,2025-05-04T08:19:28.500Z,27.4084849,103.2392336,2879.059,-4.077,-34.749,13.305,0.488,0.861,0.197,16
$GNSS,2025-05-04T08:19:28.550Z,27.4084830,103.2392161,2878.391,-4.146,-34.777,13.259,0.488,0.861,0.197,16
$GNSS,2025-05-04T08:19:28.600Z,27.4084812,103.2391985,2877.723,-4.063,-34.789,13.189,0.488,0.861,0.198,16
$GNSS,2025-05-04T08:19:28.650Z,27.4084794,103.2391809,2877.059,-4.051,-34.732,13.146,0.488,0.861,0.198,16
$GNSS,2025-05-04T08:19:28.700Z,27.4084775,103.2391634,2876.397,-4.138,-34.772,13.311,0.489,0.862,0.198,16
$GNSS,2025-05-04T08:19:28.750Z,27.4084756,103.2391458,2875.735,-4.231,-34.765,13.329,0.489,0.862,0.198,16
$GNSS,2025-05-04T08:19:28.800Z,27.4084737,103.2391281,2875.055,-4.286,-34.898,13.326,0.489,0.862,0.198,16
$GNSS,2025-05-04T08:19:28.850Z,27.4084718,103.2391105,2874.391,-4.207,-34.905,13.206,0.489,0.863,0.197,16
$GNSS,2025-05-04T08:19:28.900Z,27.4084699,103.2390929,2873.739,-4.113,-34.818,13.123,0.489,0.863,0.197,16
$GNSS,2025-05-04T08:19:28.950Z,27.4084680,103.2390753,2873.078,-4.204,-34.810,13.203,0.489,0.863,0.197,16
$GNSS,2025-05-04T08:19:29.000Z,27.4084661,103.2390576,2872.413,-4.217,-34.939,13.285,0.489,0.863,0.198,16
$GNSS,2025-05-04T08:19:29.050Z,27.4084642,103.2390400,2871.742,-4.253,-34.943,13.247,0.489,0.864,0.197,16
$GNSS,2025-05-04T08:19:29.100Z,27.4084623,103.2390223,2871.071,-4.241,-34.906,13.260,0.489,0.864,0.197,16
$GNSS,2025-05-04T08:19:29.150Z,27.4084604,103.2390046,2870.408,-4.293,-35.019,13.294,0.489,0.864,0.197,16
$GNSS,2025-05-04T08:19:29.200Z,27.4084584,103.2389869,2869.741,-4.300,-34.981,13.320,0.489,0.865,0.198,16
$GNSS,2025-05-04T08:19:29.250Z,27.4084565,103.2389693,2869.067,-4.275,-34.937,13.381,0.489,0.865,0.204,16
$GNSS,2025-05-04T08:19:29.300Z,27.4084546,103.2389516,2868.395,-4.332,-34.941,13.450,0.489,0.865,0.204,16
$GNSS,2025-05-04T08:19:29.350Z,27.4084526,103.2389339,2867.723,-4.375,-35.131,13.403,0.489,0.865,0.204,16
$GNSS,2025-05-04T08:19:29.400Z,27.4084506,103.2389162,2867.036,-4.384,-34.963,13.395,0.489,0.866,0.204,16
$GNSS,2025-05-04T08:19:29.450Z,27.4084486,103.2388985,2866.366,-4.419,-35.026,13.397,0.489,0.866,0.204,16
$GNSS,2025-05-04T08:19:29.550Z,27.4084446,103.2388631,2865.014,-4.491,-35.047,13.528,0.490,0.867,0.208,16
$GNSS,2025-05-04T08:19:29.600Z,27.4084426,103.2388454,2864.346,-4.381,-35.053,13.454,0.490,0.868,0.198,16
$GNSS,2025-05-04T08:19:29.650Z,27.4084406,103.2388276,2863.669,-4.494,-35.138,13.348,0.490,0.868,0.197,16
$GNSS,2025-05-04T08:19:29.700Z,27.4084386,103.2388099,2863.001,-4.522,-35.054,13.294,0.490,0.868,0.197,16
$GNSS,2025-05-04T08:19:29.750Z,27.4084365,103.2387922,2862.330,-4.628,-35.147,13.379,0.490,0.868,0.197,16
$GNSS,2025-05-04T08:19:29.800Z,27.4084345,103.2387745,2861.661,-4.487,-35.029,13.476,0.490,0.869,0.197,16
$GNSS,2025-05-04T08:19:29.850Z,27.4084324,103.2387567,2860.982,-4.515,-35.146,13.430,0.490,0.869,0.196,16
$GNSS,2025-05-04T08:19:29.900Z,27.4084304,103.2387389,2860.300,-4.543,-35.195,13.333,0.490,0.869,0.196,16
$GNSS,2025-05-04T08:19:29.950Z,27.4084283,103.2387212,2859.650,-4.571,-35.145,13.217,0.490,0.869,0.196,16
$GNSS,2025-05-04T08:19:30.000Z,27.4084262,103.2387034,2858.983,-4.660,-35.179,13.302,0.490,0.869,0.196,16
$GNSS,2025-05-04T08:19:30.050Z,27.4084241,103.2386856,2858.311,-4.626,-35.179,13.232,0.490,0.870,0.196,16
$GNSS,2025-05-04T08:19:30.100Z,27.4084221,103.2386678,2857.643,-4.587,-35.197,13.257,0.490,0.870,0.201,16
$GNSS,2025-05-04T08:19:30.150Z,27.4084200,103.2386500,2856.975,-4.593,-35.179,13.321,0.490,0.870,0.199,16
$GNSS,2025-05-04T08:19:30.200Z,27.4084179,103.2386322,2856.322,-4.582,-35.252,13.236,0.490,0.870,0.198,16
$GNSS,2025-05-04T08:19:30.250Z,27.4084159,103.2386144,2855.653,-4.607,-35.270,13.186,0.490,0.870,0.198,16
$GNSS,2025-05-04T08:19:30.300Z,27.4084138,103.2385965,2854.984,-4.626,-35.316,13.171,0.491,0.871,0.198,16
$GNSS,2025-05-04T08:19:30.350Z,27.4084117,103.2385787,2854.332,-4.614,-35.220,13.093,0.491,0.871,0.198,16
$GNSS,2025-05-04T08:19:30.400Z,27.4084096,103.2385609,2853.671,-4.601,-35.270,13.085,0.491,0.871,0.198,16
$GNSS,2025-05-04T08:19:30.450Z,27.4084075,103.2385431,2853.017,-4.670,-35.257,13.070,0.491,0.871,0.200,16
$GNSS,2025-05-04T08:19:30.500Z,27.4084054,103.2385252,2852.363,-4.681,-35.293,13.080,0.491,0.871,0.200,16
$GNSS,2025-05-04T08:19:30.550Z,27.4084033,103.2385074,2851.712,-4.608,-35.332,13.048,0.491,0.872,0.199,16
$GNSS,2025-05-04T08:19:30.600Z,27.4084013,103.2384895,2851.060,-4.579,-35.356,12.897,0.491,0.872,0.199,16
$GNSS,2025-05-04T08:19:30.650Z,27.4083992,103.2384716,2850.421,-4.577,-35.404,12.815,0.491,0.872,0.199,16
$GNSS,2025-05-04T08:19:30.700Z,27.4083971,103.2384537,2849.774,-4.588,-35.374,12.843,0.491,0.872,0.199,16
$GNSS,2025-05-04T08:19:30.750Z,27.4083950,103.2384359,2849.131,-4.594,-35.337,12.791,0.491,0.872,0.199,16
$GNSS,2025-05-04T08:19:30.800Z,27.4083930,103.2384180,2848.492,-4.575,-35.328,12.713,0.491,0.873,0.199,16
$GNSS,2025-05-04T08:19:30.850Z,27.4083909,103.2384001,2847.853,-4.613,-35.462,12.636,0.491,0.873,0.200,16
$GNSS,2025-05-04T08:19:30.900Z,27.4083888,103.2383822,2847.206,-4.597,-35.439,12.693,0.491,0.873,0.199,16
$GNSS,2025-05-04T08:19:30.950Z,27.4083868,103.2383644,2846.564,-4.523,-35.327,12.693,0.491,0.873,0.201,16
$GNSS,2025-05-04T08:19:31.000Z,27.4083847,103.2383465,2845.931,-4.510,-35.394,12.590,0.491,0.873,0.200,16
$GNSS,2025-05-04T08:19:31.050Z,27.4083827,103.2383286,2845.289,-4.535,-35.438,12.606,0.491,0.873,0.200,16
$GNSS,2025-05-04T08:19:31.100Z,27.4083807,103.2383106,2844.651,-4.548,-35.448,12.642,0.491,0.874,0.201,16
$GNSS,2025-05-04T08:19:31.150Z,27.4083786,103.2382927,2844.012,-4.495,-35.460,12.678,0.491,0.874,0.200,16
$GNSS,2025-05-04T08:19:31.200Z,27.4083766,103.2382748,2843.375,-4.524,-35.384,12.671,0.491,0.874,0.200,16
$GNSS,2025-05-04T08:19:31.250Z,27.4083746,103.2382569,2842.727,-4.499,-35.476,12.725,0.491,0.874,0.199,16
$GNSS,2025-05-04T08:19:31.300Z,27.4083725,103.2382389,2842.083,-4.514,-35.518,12.731,0.491,0.874,0.199,16
$GNSS,2025-05-04T08:19:31.350Z,27.4083705,103.2382210,2841.436,-4.500,-35.503,12.742,0.491,0.875,0.199,16
$GNSS,2025-05-04T08:19:31.400Z,27.4083685,103.2382030,2840.793,-4.522,-35.515,12.805,0.492,0.875,0.199,16
$GNSS,2025-05-04T08:19:31.450Z,27.4083665,103.2381851,2840.157,-4.472,-35.461,12.872,0.492,0.875,0.198,16
$GNSS,2025-05-04T08:19:31.500Z,27.4083644,103.2381672,2839.512,-4.506,-35.546,12.760,0.492,0.875,0.199,16
$GNSS,2025-05-04T08:19:31.550Z,27.4083624,103.2381492,2838.873,-4.546,-35.486,12.658,0.492,0.875,0.200,16
$GNSS,2025-05-04T08:19:31.600Z,27.4083603,103.2381313,2838.225,-4.513,-35.475,12.774,0.492,0.876,0.200,16
$GNSS,2025-05-04T08:19:31.650Z,27.4083583,103.2381134,2837.581,-4.468,-35.481,12.836,0.492,0.876,0.200,16
$GNSS,2025-05-04T08:19:31.700Z,27.4083563,103.2380954,2836.952,-4.501,-35.585,12.783,0.492,0.876,0.207,16
$GNSS,2025-05-04T08:19:31.750Z,27.4083543,103.2380774,2836.305,-4.485,-35.627,12.705,0.492,0.876,0.208,16
$GNSS,2025-05-04T08:19:31.800Z,27.4083522,103.2380594,2835.663,-4.517,-35.587,12.594,0.492,0.876,0.208,16
$GNSS,2025-05-04T08:19:31.850Z,27.4083502,103.2380415,2835.028,-4.556,-35.512,12.600,0.492,0.877,0.208,16
$GNSS,2025-05-04T08:19:31.900Z,27.4083481,103.2380235,2834.396,-4.523,-35.546,12.635,0.492,0.877,0.207,16
$GNSS,2025-05-04T08:19:31.950Z,27.4083461,103.2380055,2833.759,-4.535,-35.657,12.710,0.492,0.877,0.208,16
$GNSS,2025-05-04T08:19:32.000Z,27.4083440,103.2379874,2833.108,-4.594,-35.669,12.779,0.492,0.877,0.208,16
$GNSS,2025-05-04T08:19:32.050Z,27.4083420,103.2379695,2832.466,-4.519,-35.611,12.702,0.492,0.878,0.208,16
$GNSS,2025-05-04T08:19:32.100Z,27.4083399,103.2379515,2831.833,-4.597,-35.584,12.634,0.492,0.878,0.208,16
$GNSS,2025-05-04T08:19:32.150Z,27.4083378,103.2379334,2831.192,-4.638,-35.661,12.675,0.492,0.878,0.209,16
$GNSS,2025-05-04T08:19:32.200Z,27.4083357,103.2379154,2830.553,-4.626,-35.645,12.692,0.493,0.878,0.209,16
$GNSS,2025-05-04T08:19:32.250Z,27.4083336,103.2378974,2829.920,-4.727,-35.670,12.672,0.493,0.878,0.195,16
$GNSS,2025-05-04T08:19:32.300Z,27.4083315,103.2378794,2829.269,-4.729,-35.629,12.691,0.493,0.879,0.195,16
$GNSS,2025-05-04T08:19:32.350Z,27.4083293,103.2378613,2828.620,-4.785,-35.728,12.746,0.493,0.879,0.195,16
$GNSS,2025-05-04T08:19:32.400Z,27.4083271,103.2378433,2827.978,-4.841,-35.704,12.828,0.493,0.879,0.196,16
$GNSS,2025-05-04T08:19:32.450Z,27.4083249,103.2378253,2827.328,-4.822,-35.611,12.886,0.493,0.879,0.195,16
$GNSS,2025-05-04T08:19:32.500Z,27.4083227,103.2378073,2826.676,-4.866,-35.716,12.870,0.493,0.879,0.195,16
$GNSS,2025-05-04T08:19:32.550Z,27.4083205,103.2377892,2826.031,-4.984,-35.735,12.785,0.493,0.880,0.195,16
$GNSS,2025-05-04T08:19:32.600Z,27.4083182,103.2377711,2825.394,-5.012,-35.776,12.753,0.493,0.880,0.195,16
$GNSS,2025-05-04T08:19:32.650Z,27.4083160,103.2377530,2824.741,-5.003,-35.779,12.775,0.493,0.880,0.195,16
$GNSS,2025-05-04T08:19:32.700Z,27.4083137,103.2377350,2824.090,-5.039,-35.669,12.702,0.493,0.880,0.194,16
$GNSS,2025-05-04T08:19:32.750Z,27.4083114,103.2377170,2823.435,-5.070,-35.695,12.759,0.493,0.880,0.194,16
$GNSS,2025-05-04T08:19:32.800Z,27.4083091,103.2376989,2822.778,-5.180,-35.836,12.859,0.493,0.881,0.195,16
$GNSS,2025-05-04T08:19:32.850Z,27.4083067,103.2376808,2822.123,-5.202,-35.772,12.915,0.493,0.881,0.195,16
$GNSS,2025-05-04T08:19:32.900Z,27.4083044,103.2376627,2821.473,-5.181,-35.757,12.879,0.493,0.881,0.195,16
$GNSS,2025-05-04T08:19:32.950Z,27.4083020,103.2376447,2820.808,-5.295,-35.730,12.930,0.493,0.881,0.195,16
$GNSS,2025-05-04T08:19:33.000Z,27.4082996,103.2376266,2820.161,-5.327,-35.758,12.944,0.493,0.881,0.195,16
$GNSS,2025-05-04T08:19:33.050Z,27.4082971,103.2376085,2819.507,-5.448,-35.859,12.899,0.493,0.882,0.194,16
$GNSS,2025-05-04T08:19:33.100Z,27.4082947,103.2375904,2818.849,-5.404,-35.785,12.876,0.493,0.882,0.195,16
$GNSS,2025-05-04T08:19:33.150Z,27.4082922,103.2375724,2818.181,-5.454,-35.735,12.927,0.493,0.882,0.195,16
$GNSS,2025-05-04T08:19:33.200Z,27.4082897,103.2375543,2817.522,-5.513,-35.813,13.001,0.493,0.882,0.195,16
$GNSS,2025-05-04T08:19:33.250Z,27.4082872,103.2375362,2816.868,-5.588,-35.872,12.956,0.493,0.882,0.195,16
$GNSS,2025-05-04T08:19:33.300Z,27.4082847,103.2375181,2816.219,-5.631,-35.837,12.952,0.493,0.883,0.195,16
$GNSS,2025-05-04T08:19:33.350Z,27.4082821,103.2375000,2815.566,-5.698,-35.824,12.986,0.493,0.883,0.195,16
$GNSS,2025-05-04T08:19:33.400Z,27.4082796,103.2374819,2814.908,-5.669,-35.789,12.993,0.493,0.883,0.195,16
$GNSS,2025-05-04T08:19:33.450Z,27.4082769,103.2374638,2814.240,-5.798,-35.806,13.093,0.493,0.883,0.195,16
$GNSS,2025-05-04T08:19:33.500Z,27.4082743,103.2374456,2813.580,-5.858,-35.861,13.048,0.493,0.883,0.195,16
$GNSS,2025-05-04T08:19:33.550Z,27.4082717,103.2374275,2812.916,-5.823,-35.854,13.088,0.493,0.883,0.195,16
$GNSS,2025-05-04T08:19:33.600Z,27.4082690,103.2374094,2812.269,-5.865,-35.879,13.056,0.493,0.884,0.195,16
$GNSS,2025-05-04T08:19:33.650Z,27.4082663,103.2373912,2811.604,-6.004,-35.899,13.061,0.493,0.884,0.195,16
$GNSS,2025-05-04T08:19:33.700Z,27.4082635,103.2373731,2810.932,-6.151,-35.911,13.152,0.493,0.884,0.194,16
$GNSS,2025-05-04T08:19:33.750Z,27.4082608,103.2373550,2810.268,-6.093,-35.873,13.195,0.493,0.884,0.194,16
$GNSS,2025-05-04T08:19:33.800Z,27.4082581,103.2373368,2809.605,-6.064,-35.895,13.168,0.493,0.884,0.194,16
$GNSS,2025-05-04T08:19:33.850Z,27.4082552,103.2373187,2808.944,-6.205,-35.898,13.096,0.493,0.885,0.194,16
$GNSS,2025-05-04T08:19:33.900Z,27.4082524,103.2373005,2808.275,-6.341,-35.907,13.137,0.493,0.885,0.194,16
$GNSS,2025-05-04T08:19:33.950Z,27.4082494,103.2372824,2807.611,-6.486,-35.907,13.148,0.493,0.885,0.197,16
$GNSS,2025-05-04T08:19:34.000Z,27.4082466,103.2372642,2806.955,-6.411,-35.974,13.181,0.493,0.885,0.197,16
$GNSS,2025-05-04T08:19:34.050Z,27.4082437,103.2372460,2806.304,-6.441,-35.956,13.170,0.493,0.885,0.196,16
$GNSS,2025-05-04T08:19:34.100Z,27.4082407,103.2372278,2805.639,-6.449,-35.984,13.111,0.493,0.885,0.196,16
$GNSS,2025-05-04T08:19:34.150Z,27.4082378,103.2372097,2804.982,-6.551,-35.951,12.983,0.493,0.885,0.196,16
$GNSS,2025-05-04T08:19:34.200Z,27.4082348,103.2371915,2804.318,-6.635,-36.030,12.994,0.493,0.885,0.197,16
$GNSS,2025-05-04T08:19:34.250Z,27.4082317,103.2371733,2803.661,-6.716,-35.960,13.040,0.493,0.886,0.196,16
$GNSS,2025-05-04T08:19:34.300Z,27.4082287,103.2371551,2803.010,-6.676,-35.977,13.016,0.493,0.886,0.196,16
$GNSS,2025-05-04T08:19:34.350Z,27.4082257,103.2371369,2802.356,-6.728,-36.079,12.985,0.493,0.886,0.196,16
$GNSS,2025-05-04T08:19:34.400Z,27.4082227,103.2371186,2801.703,-6.714,-36.031,13.007,0.493,0.886,0.196,16
$GNSS,2025-05-04T08:19:34.450Z,27.4082196,103.2371004,2801.048,-6.773,-36.023,12.904,0.493,0.886,0.196,16
$GNSS,2025-05-04T08:19:34.500Z,27.4082165,103.2370822,2800.401,-6.846,-36.036,12.871,0.493,0.886,0.196,16
$GNSS,2025-05-04T08:19:34.550Z,27.4082134,103.2370639,2799.751,-6.892,-36.152,12.863,0.494,0.887,0.196,16
$GNSS,2025-05-04T08:19:34.600Z,27.4082103,103.2370457,2799.105,-6.904,-36.092,12.845,0.494,0.887,0.196,16
$GNSS,2025-05-04T08:19:34.650Z,27.4082072,103.2370274,2798.464,-6.860,-36.174,12.804,0.494,0.887,0.196,16
$GNSS,2025-05-04T08:19:34.700Z,27.4082041,103.2370092,2797.813,-6.922,-36.108,12.787,0.494,0.887,0.196,16
$GNSS,2025-05-04T08:19:34.750Z,27.4082009,103.2369909,2797.174,-7.004,-36.191,12.587,0.494,0.887,0.196,16
$GNSS,2025-05-04T08:19:34.800Z,27.4081977,103.2369726,2796.544,-7.104,-36.241,12.551,0.494,0.887,0.196,16
$GNSS,2025-05-04T08:19:34.850Z,27.4081945,103.2369543,2795.913,-7.110,-36.156,12.551,0.494,0.887,0.196,16
$GNSS,2025-05-04T08:19:34.900Z,27.4081912,103.2369360,2795.291,-7.246,-36.171,12.484,0.494,0.888,0.196,16
$GNSS,2025-05-04T08:19:34.950Z,27.4081880,103.2369177,2794.673,-7.211,-36.224,12.404,0.494,0.888,0.196,16
$GNSS,2025-05-04T08:19:35.000Z,27.4081847,103.2368994,2794.066,-7.242,-36.283,12.249,0.494,0.888,0.196,16
$GNSS,2025-05-04T08:19:35.050Z,27.4081814,103.2368810,2793.454,-7.329,-36.335,12.077,0.494,0.888,0.205,16
$GNSS,2025-05-04T08:19:35.100Z,27.4081780,103.2368626,2792.852,-7.352,-36.342,12.000,0.494,0.888,0.196,16
$GNSS,2025-05-04T08:19:35.150Z,27.4081747,103.2368443,2792.250,-7.407,-36.358,11.945,0.494,0.888,0.196,16
$GNSS,2025-05-04T08:19:35.200Z,27.4081714,103.2368259,2791.655,-7.279,-36.422,11.934,0.494,0.888,0.196,16
$GNSS,2025-05-04T08:19:35.250Z,27.4081681,103.2368075,2791.065,-7.307,-36.408,11.859,0.494,0.889,0.196,16
$GNSS,2025-05-04T08:19:35.300Z,27.4081648,103.2367891,2790.478,-7.464,-36.413,11.795,0.494,0.889,0.196,16
$GNSS,2025-05-04T08:19:35.350Z,27.4081614,103.2367706,2789.892,-7.399,-36.441,11.632,0.494,0.889,0.196,16
$GNSS,2025-05-04T08:19:35.400Z,27.4081582,103.2367522,2789.319,-7.149,-36.526,11.396,0.494,0.889,0.196,16
$GNSS,2025-05-04T08:19:35.450Z,27.4081549,103.2367337,2788.742,-7.232,-36.587,11.298,0.494,0.889,0.196,16
$GNSS,2025-05-04T08:19:35.500Z,27.4081517,103.2367152,2788.185,-7.162,-36.508,11.298,0.494,0.889,0.195,16
$GNSS,2025-05-04T08:19:35.550Z,27.4081485,103.2366967,2787.610,-7.180,-36.588,11.340,0.494,0.889,0.195,16
$GNSS,2025-05-04T08:19:35.600Z,27.4081452,103.2366783,2787.035,-7.163,-36.574,11.327,0.494,0.890,0.195,16
$GNSS,2025-05-04T08:19:35.650Z,27.4081420,103.2366598,2786.475,-7.061,-36.595,11.252,0.494,0.890,0.195,16
$GNSS,2025-05-04T08:19:35.700Z,27.4081389,103.2366413,2785.915,-6.926,-36.583,11.201,0.494,0.890,0.194,16
$GNSS,2025-05-04T08:19:35.750Z,27.4081358,103.2366228,2785.348,-6.940,-36.514,11.078,0.494,0.890,0.195,16
$GNSS,2025-05-04T08:19:35.800Z,27.4081327,103.2366043,2784.787,-6.951,-36.665,11.069,0.494,0.890,0.194,16
$GNSS,2025-05-04T08:19:35.850Z,27.4081295,103.2365858,2784.218,-6.935,-36.628,11.190,0.494,0.890,0.195,16
$GNSS,2025-05-04T08:19:35.900Z,27.4081264,103.2365673,2783.663,-6.916,-36.658,11.146,0.494,0.890,0.203,16
$GNSS,2025-05-04T08:19:35.950Z,27.4081233,103.2365488,2783.101,-6.786,-36.617,11.125,0.494,0.891,0.204,16
$GNSS,2025-05-04T08:19:36.000Z,27.4081203,103.2365302,2782.545,-6.831,-36.638,11.088,0.494,0.891,0.204,16
$GNSS,2025-05-04T08:19:36.050Z,27.4081171,103.2365117,2781.989,-6.907,-36.611,11.121,0.495,0.891,0.204,16
$GNSS,2025-05-04T08:19:36.100Z,27.4081140,103.2364932,2781.423,-6.894,-36.643,11.183,0.495,0.891,0.194,16
$GNSS,2025-05-04T08:19:36.150Z,27.4081109,103.2364747,2780.877,-6.933,-36.705,11.036,0.495,0.891,0.194,16
$GNSS,2025-05-04T08:19:36.200Z,27.4081078,103.2364562,2780.335,-6.930,-36.533,10.842,0.495,0.891,0.194,16
$GNSS,2025-05-04T08:19:36.250Z,27.4081047,103.2364377,2779.781,-6.885,-36.575,10.909,0.495,0.892,0.194,16
$GNSS,2025-05-04T08:19:36.300Z,27.4081015,103.2364192,2779.226,-6.978,-36.615,10.959,0.495,0.892,0.194,16
$GNSS,2025-05-04T08:19:36.350Z,27.4080983,103.2364007,2778.677,-7.146,-36.657,10.925,0.495,0.892,0.194,16
$GNSS,2025-05-04T08:19:36.400Z,27.4080950,103.2363822,2778.133,-7.280,-36.617,10.836,0.495,0.892,0.194,16
$GNSS,2025-05-04T08:19:36.450Z,27.4080917,103.2363637,2777.586,-7.217,-36.602,10.821,0.495,0.892,0.195,16
$GNSS,2025-05-04T08:19:36.500Z,27.4080885,103.2363453,2777.031,-7.201,-36.512,10.783,0.495,0.892,0.195,16
$GNSS,2025-05-04T08:19:36.550Z,27.4080852,103.2363268,2776.488,-7.355,-36.532,10.794,0.495,0.892,0.195,16
$GNSS,2025-05-04T08:19:36.600Z,27.4080818,103.2363083,2775.945,-7.463,-36.557,10.826,0.495,0.893,0.195,16
$GNSS,2025-05-04T08:19:36.650Z,27.4080784,103.2362898,2775.406,-7.566,-36.612,10.840,0.495,0.893,0.194,16
$GNSS,2025-05-04T08:19:36.700Z,27.4080749,103.2362713,2774.868,-7.635,-36.548,10.749,0.495,0.893,0.195,16
$GNSS,2025-05-04T08:19:36.750Z,27.4080715,103.2362529,2774.328,-7.706,-36.469,10.658,0.495,0.893,0.204,16
$GNSS,2025-05-04T08:19:36.800Z,27.4080680,103.2362345,2773.794,-7.758,-36.379,10.653,0.495,0.893,0.204,16
$GNSS,2025-05-04T08:19:36.850Z,27.4080644,103.2362161,2773.259,-7.810,-36.386,10.738,0.495,0.893,0.204,16
$GNSS,2025-05-04T08:19:36.900Z,27.4080609,103.2361977,2772.722,-7.946,-36.420,10.777,0.495,0.893,0.204,16
$GNSS,2025-05-04T08:19:36.950Z,27.4080572,103.2361793,2772.164,-8.120,-36.433,10.781,0.495,0.893,0.204,16
$GNSS,2025-05-04T08:19:37.000Z,27.4080535,103.2361609,2771.645,-8.121,-36.359,10.611,0.495,0.893,0.203,16
$GNSS,2025-05-04T08:19:37.050Z,27.4080499,103.2361425,2771.120,-8.098,-36.326,10.630,0.495,0.893,0.204,16
$GNSS,2025-05-04T08:19:37.100Z,27.4080462,103.2361242,2770.579,-8.199,-36.279,10.741,0.495,0.893,0.204,16
$GNSS,2025-05-04T08:19:37.150Z,27.4080425,103.2361059,2770.032,-8.235,-36.207,10.842,0.495,0.893,0.204,16
$GNSS,2025-05-04T08:19:37.200Z,27.4080388,103.2360876,2769.480,-8.332,-36.232,10.854,0.495,0.893,0.204,16
$GNSS,2025-05-04T08:19:37.250Z,27.4080350,103.2360692,2768.950,-8.392,-36.277,10.677,0.495,0.893,0.204,16
$GNSS,2025-05-04T08:19:37.300Z,27.4080312,103.2360509,2768.418,-8.451,-36.276,10.572,0.495,0.893,0.203,16
$GNSS,2025-05-04T08:19:37.350Z,27.4080273,103.2360326,2767.883,-8.505,-36.228,10.627,0.495,0.893,0.204,16
$GNSS,2025-05-04T08:19:37.400Z,27.4080235,103.2360142,2767.340,-8.542,-36.296,10.714,0.495,0.893,0.204,16
$GNSS,2025-05-04T08:19:37.450Z,27.4080196,103.2359959,2766.797,-8.579,-36.257,10.706,0.495,0.893,0.204,16
$GNSS,2025-05-04T08:19:37.500Z,27.4080157,103.2359775,2766.268,-8.635,-36.319,10.590,0.495,0.893,0.204,16
$GNSS,2025-05-04T08:19:37.550Z,27.4080118,103.2359591,2765.741,-8.652,-36.343,10.551,0.495,0.893,0.204,16
$GNSS,2025-05-04T08:19:37.600Z,27.4080079,103.2359408,2765.211,-8.700,-36.327,10.582,0.495,0.893,0.204,16
$GNSS,2025-05-04T08:19:37.650Z,27.4080040,103.2359225,2764.672,-8.682,-36.212,10.522,0.495,0.894,0.204,16
$GNSS,2025-05-04T08:19:37.700Z,27.4080001,103.2359041,2764.143,-8.641,-36.263,10.468,0.495,0.894,0.204,16
$GNSS,2025-05-04T08:19:37.750Z,27.4079962,103.2358858,2763.618,-8.753,-36.283,10.441,0.496,0.894,0.192,16
$GNSS,2025-05-04T08:19:37.800Z,27.4079922,103.2358675,2763.085,-8.685,-36.195,10.504,0.496,0.894,0.204,16
$GNSS,2025-05-04T08:19:37.850Z,27.4079883,103.2358492,2762.558,-8.729,-36.268,10.534,0.496,0.894,0.202,16
$GNSS,2025-05-04T08:19:37.900Z,27.4079843,103.2358309,2762.035,-8.772,-36.256,10.435,0.496,0.894,0.203,16
$GNSS,2025-05-04T08:19:37.950Z,27.4079804,103.2358125,2761.515,-8.768,-36.334,10.342,0.496,0.894,0.201,16
$GNSS,2025-05-04T08:19:38.000Z,27.4079765,103.2357942,2761.000,-8.707,-36.272,10.333,0.496,0.895,0.201,16
$GNSS,2025-05-04T08:19:38.050Z,27.4079725,103.2357759,2760.473,-8.741,-36.204,10.383,0.496,0.895,0.201,16
$GNSS,2025-05-04T08:19:38.100Z,27.4079685,103.2357576,2759.947,-8.826,-36.246,10.346,0.496,0.895,0.201,16
$GNSS,2025-05-04T08:19:38.150Z,27.4079645,103.2357393,2759.422,-8.815,-36.241,10.289,0.496,0.895,0.201,16
$GNSS,2025-05-04T08:19:38.200Z,27.4079606,103.2357209,2758.922,-8.765,-36.277,10.147,0.496,0.895,0.201,16
$GNSS,2025-05-04T08:19:38.250Z,27.4079566,103.2357026,2758.420,-8.772,-36.171,10.114,0.496,0.895,0.201,16
$GNSS,2025-05-04T08:19:38.300Z,27.4079527,103.2356844,2757.915,-8.696,-36.157,10.024,0.496,0.895,0.201,16
$GNSS,2025-05-04T08:19:38.350Z,27.4079487,103.2356660,2757.406,-8.762,-36.267,9.983,0.496,0.895,0.201,16
$GNSS,2025-05-04T08:19:38.400Z,27.4079447,103.2356477,2756.897,-8.860,-36.319,9.963,0.496,0.896,0.201,16
$GNSS,2025-05-04T08:19:38.450Z,27.4079408,103.2356293,2756.392,-8.779,-36.292,9.966,0.496,0.896,0.201,16
$GNSS,2025-05-04T08:19:38.500Z,27.4079369,103.2356111,2755.899,-8.706,-36.157,9.913,0.496,0.896,0.201,16
$GNSS,2025-05-04T08:19:38.550Z,27.4079330,103.2355927,2755.409,-8.617,-36.277,9.883,0.496,0.896,0.201,16
$GNSS,2025-05-04T08:19:38.600Z,27.4079290,103.2355744,2754.921,-8.735,-36.322,9.736,0.496,0.896,0.201,16
$GNSS,2025-05-04T08:19:38.650Z,27.4079251,103.2355561,2754.432,-8.631,-36.183,9.649,0.496,0.896,0.200,16
$GNSS,2025-05-04T08:19:38.700Z,27.4079213,103.2355378,2753.941,-8.493,-36.239,9.632,0.496,0.896,0.200,16
$GNSS,2025-05-04T08:19:38.750Z,27.4079175,103.2355195,2753.458,-8.416,-36.277,9.604,0.496,0.897,0.203,16
$GNSS,2025-05-04T08:19:38.800Z,27.4079137,103.2355011,2752.969,-8.363,-36.331,9.612,0.496,0.897,0.203,16
$GNSS,2025-05-04T08:19:38.850Z,27.4079099,103.2354827,2752.475,-8.346,-36.378,9.615,0.496,0.897,0.203,16
$GNSS,2025-05-04T08:19:38.900Z,27.4079062,103.2354643,2752.005,-8.194,-36.409,9.440,0.496,0.897,0.203,16
$GNSS,2025-05-04T08:19:38.950Z,27.4079027,103.2354460,2751.533,-7.973,-36.309,9.410,0.496,0.897,0.203,16
$GNSS,2025-05-04T08:19:39.000Z,27.4078991,103.2354276,2751.061,-7.809,-36.388,9.415,0.496,0.897,0.203,16
$GNSS,2025-05-04T08:19:39.050Z,27.4078956,103.2354092,2750.573,-7.743,-36.336,9.484,0.496,0.897,0.203,16
$GNSS,2025-05-04T08:19:39.100Z,27.4078922,103.2353908,2750.083,-7.652,-36.400,9.538,0.496,0.898,0.203,16
$GNSS,2025-05-04T08:19:39.150Z,27.4078887,103.2353723,2749.616,-7.674,-36.546,9.495,0.497,0.898,0.206,16
$GNSS,2025-05-04T08:19:39.200Z,27.4078854,103.2353539,2749.136,-7.408,-36.535,9.500,0.497,0.898,0.206,16
$GNSS,2025-05-04T08:19:39.250Z,27.4078822,103.2353355,2748.658,-7.167,-36.399,9.446,0.497,0.898,0.206,16
$GNSS,2025-05-04T08:19:39.300Z,27.4078790,103.2353171,2748.195,-7.085,-36.367,9.326,0.497,0.898,0.206,16
$GNSS,2025-05-04T08:19:39.350Z,27.4078758,103.2352987,2747.710,-7.056,-36.391,9.371,0.497,0.899,0.206,16
$GNSS,2025-05-04T08:19:39.400Z,27.4078726,103.2352803,2747.243,-7.009,-36.540,9.328,0.497,0.899,0.206,16
$GNSS,2025-05-04T08:19:39.450Z,27.4078695,103.2352617,2746.783,-6.934,-36.611,9.258,0.497,0.899,0.203,16
$GNSS,2025-05-04T08:19:39.550Z,27.4078634,103.2352248,2745.854,-6.688,-36.540,9.249,0.498,0.900,0.215,16
$GNSS,2025-05-04T08:19:39.600Z,27.4078604,103.2352064,2745.387,-6.658,-36.403,9.226,0.498,0.900,0.204,16
$GNSS,2025-05-04T08:19:39.650Z,27.4078574,103.2351880,2744.921,-6.615,-36.483,9.201,0.498,0.901,0.203,16
$GNSS,2025-05-04T08:19:39.700Z,27.4078544,103.2351695,2744.453,-6.646,-36.509,9.214,0.498,0.901,0.203,16
$GNSS,2025-05-04T08:19:39.750Z,27.4078515,103.2351510,2743.997,-6.627,-36.557,9.197,0.498,0.901,0.203,16
$GNSS,2025-05-04T08:19:39.800Z,27.4078485,103.2351326,2743.527,-6.540,-36.514,9.274,0.498,0.901,0.203,16
$GNSS,2025-05-04T08:19:39.850Z,27.4078456,103.2351142,2743.066,-6.492,-36.491,9.284,0.498,0.901,0.203,16
$GNSS,2025-05-04T08:19:39.900Z,27.4078427,103.2350958,2742.599,-6.493,-36.399,9.198,0.498,0.901,0.203,16
$GNSS,2025-05-04T08:19:39.950Z,27.4078397,103.2350774,2742.134,-6.470,-36.401,9.165,0.498,0.901,0.203,16
$GNSS,2025-05-04T08:19:40.000Z,27.4078368,103.2350589,2741.661,-6.544,-36.470,9.200,0.498,0.901,0.203,16
$GNSS,2025-05-04T08:19:40.050Z,27.4078339,103.2350405,2741.195,-6.460,-36.410,9.261,0.498,0.902,0.203,16
$GNSS,2025-05-04T08:19:40.100Z,27.4078310,103.2350221,2740.717,-6.465,-36.505,9.402,0.498,0.902,0.203,16
$GNSS,2025-05-04T08:19:40.150Z,27.4078281,103.2350037,2740.258,-6.392,-36.372,9.355,0.498,0.902,0.202,16
$GNSS,2025-05-04T08:19:40.200Z,27.4078252,103.2349853,2739.770,-6.418,-36.388,9.444,0.498,0.902,0.203,16
$GNSS,2025-05-04T08:19:40.250Z,27.4078223,103.2349669,2739.292,-6.402,-36.431,9.420,0.498,0.902,0.204,16
$GNSS,2025-05-04T08:19:40.300Z,27.4078194,103.2349485,2738.831,-6.385,-36.461,9.271,0.498,0.902,0.204,16
$GNSS,2025-05-04T08:19:40.350Z,27.4078165,103.2349301,2738.364,-6.326,-36.312,9.272,0.498,0.902,0.203,16
$GNSS,2025-05-04T08:19:40.400Z,27.4078138,103.2349118,2737.890,-6.214,-36.318,9.350,0.498,0.903,0.204,16
$GNSS,2025-05-04T08:19:40.450Z,27.4078109,103.2348934,2737.422,-6.276,-36.382,9.316,0.498,0.903,0.204,16
$GNSS,2025-05-04T08:19:40.500Z,27.4078081,103.2348750,2736.950,-6.275,-36.406,9.299,0.498,0.903,0.204,16
$GNSS,2025-05-04T08:19:40.550Z,27.4078053,103.2348566,2736.489,-6.211,-36.359,9.236,0.498,0.903,0.204,16
$GNSS,2025-05-04T08:19:40.600Z,27.4078025,103.2348383,2736.028,-6.185,-36.326,9.138,0.499,0.903,0.204,16
$GNSS,2025-05-04T08:19:40.650Z,27.4077997,103.2348198,2735.568,-6.091,-36.441,9.060,0.499,0.903,0.204,16
$GNSS,2025-05-04T08:19:40.700Z,27.4077970,103.2348015,2735.109,-6.078,-36.315,9.111,0.499,0.904,0.204,16
$GNSS,2025-05-04T08:19:40.750Z,27.4077943,103.2347832,2734.632,-6.013,-36.269,9.153,0.499,0.904,0.204,16
$GNSS,2025-05-04T08:19:40.800Z,27.4077916,103.2347648,2734.180,-6.024,-36.375,9.168,0.499,0.904,0.204,16
$GNSS,2025-05-04T08:19:40.850Z,27.4077889,103.2347464,2733.727,-5.938,-36.440,9.167,0.499,0.904,0.204,16
$GNSS,2025-05-04T08:19:40.900Z,27.4077862,103.2347281,2733.264,-5.868,-36.263,9.176,0.499,0.904,0.204,16
$GNSS,2025-05-04T08:19:40.950Z,27.4077836,103.2347097,2732.807,-5.806,-36.228,9.115,0.499,0.904,0.202,16
$GNSS,2025-05-04T08:19:41.000Z,27.4077810,103.2346914,2732.345,-5.824,-36.215,9.137,0.499,0.904,0.203,16
$GNSS,2025-05-04T08:19:41.050Z,27.4077784,103.2346731,2731.875,-5.837,-36.344,9.262,0.499,0.905,0.203,16
$GNSS,2025-05-04T08:19:41.100Z,27.4077757,103.2346547,2731.392,-5.781,-36.368,9.343,0.499,0.905,0.204,16
$GNSS,2025-05-04T08:19:41.150Z,27.4077731,103.2346364,2730.929,-5.763,-36.193,9.222,0.499,0.905,0.204,16
$GNSS,2025-05-04T08:19:41.200Z,27.4077706,103.2346182,2730.466,-5.701,-36.118,9.288,0.499,0.905,0.204,16
$GNSS,2025-05-04T08:19:41.250Z,27.4077680,103.2345999,2730.002,-5.735,-36.087,9.308,0.499,0.905,0.203,16
$GNSS,2025-05-04T08:19:41.300Z,27.4077654,103.2345817,2729.522,-5.787,-36.135,9.410,0.499,0.905,0.204,16
$GNSS,2025-05-04T08:19:41.350Z,27.4077628,103.2345634,2729.035,-5.719,-36.193,9.555,0.499,0.905,0.204,16
$GNSS,2025-05-04T08:19:41.400Z,27.4077602,103.2345450,2728.548,-5.690,-36.231,9.527,0.499,0.906,0.204,16
$GNSS,2025-05-04T08:19:41.450Z,27.4077576,103.2345268,2728.068,-5.713,-36.061,9.511,0.499,0.906,0.204,16
$GNSS,2025-05-04T08:19:41.500Z,27.4077550,103.2345086,2727.585,-5.802,-36.114,9.567,0.499,0.906,0.204,16
$GNSS,2025-05-04T08:19:41.550Z,27.4077524,103.2344903,2727.099,-5.821,-36.082,9.670,0.499,0.906,0.205,16
$GNSS,2025-05-04T08:19:41.600Z,27.4077498,103.2344721,2726.606,-5.711,-36.005,9.701,0.499,0.906,0.205,16
$GNSS,2025-05-04T08:19:41.650Z,27.4077472,103.2344539,2726.108,-5.752,-36.072,9.709,0.499,0.906,0.204,16
$GNSS,2025-05-04T08:19:41.700Z,27.4077446,103.2344357,2725.610,-5.839,-35.985,9.761,0.499,0.907,0.205,16
$GNSS,2025-05-04T08:19:41.750Z,27.4077420,103.2344175,2725.104,-5.711,-35.979,9.929,0.500,0.907,0.205,16
$GNSS,2025-05-04T08:19:41.800Z,27.4077394,103.2343994,2724.606,-5.741,-35.926,9.976,0.500,0.907,0.205,16
$GNSS,2025-05-04T08:19:41.850Z,27.4077368,103.2343812,2724.102,-5.783,-35.920,9.983,0.500,0.907,0.204,16
$GNSS,2025-05-04T08:19:41.900Z,27.4077342,103.2343631,2723.597,-5.782,-35.900,9.986,0.500,0.907,0.204,16
$GNSS,2025-05-04T08:19:41.950Z,27.4077316,103.2343450,2723.080,-5.787,-35.900,10.042,0.500,0.907,0.205,16
$GNSS,2025-05-04T08:19:42.000Z,27.4077289,103.2343268,2722.565,-5.847,-35.913,10.173,0.500,0.908,0.205,16
$GNSS,2025-05-04T08:19:42.050Z,27.4077263,103.2343086,2722.047,-5.828,-35.945,10.330,0.500,0.908,0.205,16
$GNSS,2025-05-04T08:19:42.100Z,27.4077237,103.2342905,2721.534,-5.782,-35.872,10.261,0.500,0.908,0.204,16
$GNSS,2025-05-04T08:19:42.150Z,27.4077211,103.2342725,2721.021,-5.708,-35.726,10.254,0.500,0.908,0.204,16
$GNSS,2025-05-04T08:19:42.200Z,27.4077186,103.2342543,2720.499,-5.688,-35.836,10.297,0.500,0.908,0.204,16
$GNSS,2025-05-04T08:19:42.250Z,27.4077160,103.2342362,2719.974,-5.685,-35.796,10.322,0.500,0.908,0.203,16
$GNSS,2025-05-04T08:19:42.300Z,27.4077134,103.2342182,2719.443,-5.748,-35.777,10.450,0.500,0.908,0.204,16
$GNSS,2025-05-04T08:19:42.350Z,27.4077108,103.2342001,2718.918,-5.748,-35.817,10.492,0.500,0.909,0.204,16
$GNSS,2025-05-04T08:19:42.400Z,27.4077083,103.2341820,2718.386,-5.650,-35.791,10.511,0.500,0.909,0.204,16
$GNSS,2025-05-04T08:19:42.450Z,27.4077057,103.2341639,2717.853,-5.625,-35.760,10.493,0.500,0.909,0.203,16
$GNSS,2025-05-04T08:19:42.500Z,27.4077032,103.2341459,2717.319,-5.640,-35.637,10.476,0.500,0.909,0.203,16
$GNSS,2025-05-04T08:19:42.550Z,27.4077006,103.2341279,2716.783,-5.602,-35.652,10.599,0.500,0.909,0.203,16
$GNSS,2025-05-04T08:19:42.600Z,27.4076981,103.2341098,2716.249,-5.609,-35.727,10.612,0.500,0.909,0.203,16
$GNSS,2025-05-04T08:19:42.650Z,27.4076956,103.2340917,2715.710,-5.615,-35.793,10.660,0.500,0.909,0.204,16
$GNSS,2025-05-04T08:19:42.700Z,27.4076930,103.2340737,2715.172,-5.612,-35.616,10.684,0.500,0.910,0.205,16
$GNSS,2025-05-04T08:19:42.750Z,27.4076905,103.2340557,2714.624,-5.618,-35.616,10.682,0.500,0.910,0.204,16
$GNSS,2025-05-04T08:19:42.800Z,27.4076880,103.2340377,2714.077,-5.546,-35.661,10.772,0.500,0.910,0.202,16
$GNSS,2025-05-04T08:19:42.850Z,27.4076855,103.2340196,2713.529,-5.584,-35.707,10.794,0.500,0.910,0.202,16
$GNSS,2025-05-04T08:19:42.900Z,27.4076830,103.2340016,2712.968,-5.558,-35.673,10.859,0.500,0.910,0.203,16
$GNSS,2025-05-04T08:19:42.950Z,27.4076804,103.2339836,2712.413,-5.582,-35.596,10.886,0.500,0.910,0.202,16
$GNSS,2025-05-04T08:19:43.000Z,27.4076779,103.2339656,2711.868,-5.631,-35.614,10.961,0.500,0.910,0.202,16
$GNSS,2025-05-04T08:19:43.050Z,27.4076753,103.2339476,2711.303,-5.669,-35.582,11.064,0.501,0.910,0.202,16
$GNSS,2025-05-04T08:19:43.100Z,27.4076728,103.2339297,2710.755,-5.611,-35.581,10.994,0.501,0.911,0.202,16
$GNSS,2025-05-04T08:19:43.150Z,27.4076703,103.2339117,2710.194,-5.619,-35.583,10.943,0.501,0.911,0.202,16
$GNSS,2025-05-04T08:19:43.200Z,27.4076677,103.2338937,2709.632,-5.607,-35.506,10.957,0.501,0.911,0.202,16
$GNSS,2025-05-04T08:19:43.250Z,27.4076652,103.2338758,2709.067,-5.667,-35.541,11.076,0.501,0.911,0.203,16
$GNSS,2025-05-04T08:19:43.300Z,27.4076626,103.2338578,2708.507,-5.711,-35.489,11.133,0.501,0.911,0.204,16
$GNSS,2025-05-04T08:19:43.350Z,27.4076600,103.2338399,2707.944,-5.740,-35.452,11.125,0.501,0.911,0.204,16
$GNSS,2025-05-04T08:19:43.400Z,27.4076574,103.2338220,2707.376,-5.660,-35.466,11.133,0.501,0.911,0.204,16
$GNSS,2025-05-04T08:19:43.450Z,27.4076549,103.2338041,2706.816,-5.642,-35.496,11.088,0.501,0.912,0.203,16
$GNSS,2025-05-04T08:19:43.500Z,27.4076523,103.2337861,2706.246,-5.668,-35.498,11.132,0.501,0.912,0.203,16
$GNSS,2025-05-04T08:19:43.550Z,27.4076497,103.2337682,2705.684,-5.741,-35.433,11.212,0.501,0.912,0.203,16
$GNSS,2025-05-04T08:19:43.600Z,27.4076471,103.2337503,2705.118,-5.725,-35.373,11.148,0.501,0.912,0.203,16
$GNSS,2025-05-04T08:19:43.650Z,27.4076446,103.2337324,2704.546,-5.699,-35.430,11.151,0.501,0.912,0.201,16
$GNSS,2025-05-04T08:19:43.700Z,27.4076420,103.2337145,2703.992,-5.678,-35.414,11.171,0.501,0.912,0.201,16
$GNSS,2025-05-04T08:19:43.750Z,27.4076394,103.2336966,2703.430,-5.689,-35.430,11.107,0.501,0.912,0.203,16
$GNSS,2025-05-04T08:19:43.800Z,27.4076369,103.2336787,2702.860,-5.658,-35.399,11.070,0.501,0.912,0.201,16
$GNSS,2025-05-04T08:19:43.850Z,27.4076343,103.2336608,2702.317,-5.749,-35.429,10.987,0.501,0.913,0.201,16
$GNSS,2025-05-04T08:19:43.900Z,27.4076317,103.2336429,2701.756,-5.682,-35.415,11.018,0.501,0.913,0.201,16
$GNSS,2025-05-04T08:19:43.950Z,27.4076291,103.2336250,2701.205,-5.698,-35.446,10.948,0.501,0.913,0.203,16
$GNSS,2025-05-04T08:19:44.000Z,27.4076266,103.2336071,2700.662,-5.694,-35.474,10.898,0.501,0.913,0.203,16
$GNSS,2025-05-04T08:19:44.050Z,27.4076240,103.2335892,2700.115,-5.668,-35.407,10.834,0.501,0.913,0.203,16
$GNSS,2025-05-04T08:19:44.100Z,27.4076214,103.2335713,2699.572,-5.716,-35.462,10.709,0.501,0.913,0.203,16
$GNSS,2025-05-04T08:19:44.150Z,27.4076188,103.2335533,2699.032,-5.721,-35.469,10.675,0.501,0.913,0.203,16
$GNSS,2025-05-04T08:19:44.200Z,27.4076162,103.2335355,2698.489,-5.813,-35.393,10.715,0.501,0.914,0.203,16
$GNSS,2025-05-04T08:19:44.250Z,27.4076136,103.2335176,2697.946,-5.783,-35.347,10.812,0.501,0.914,0.203,16
$GNSS,2025-05-04T08:19:44.300Z,27.4076110,103.2334997,2697.420,-5.887,-35.377,10.777,0.501,0.914,0.202,16
$GNSS,2025-05-04T08:19:44.350Z,27.4076083,103.2334818,2696.876,-5.957,-35.427,10.740,0.501,0.914,0.202,16
$GNSS,2025-05-04T08:19:44.400Z,27.4076056,103.2334639,2696.320,-5.821,-35.396,10.708,0.501,0.914,0.202,16
$GNSS,2025-05-04T08:19:44.450Z,27.4076030,103.2334461,2695.777,-5.839,-35.240,10.671,0.501,0.914,0.201,16
$GNSS,2025-05-04T08:19:44.500Z,27.4076003,103.2334283,2695.244,-5.975,-35.286,10.729,0.501,0.914,0.202,16
$GNSS,2025-05-04T08:19:44.550Z,27.4075976,103.2334105,2694.706,-6.028,-35.268,10.734,0.501,0.914,0.201,16
$GNSS,2025-05-04T08:19:44.600Z,27.4075949,103.2333926,2694.164,-6.010,-35.271,10.674,0.501,0.914,0.201,16
$GNSS,2025-05-04T08:19:44.650Z,27.4075921,103.2333748,2693.626,-6.067,-35.214,10.658,0.501,0.915,0.203,16
$GNSS,2025-05-04T08:19:44.700Z,27.4075893,103.2333570,2693.084,-6.134,-35.212,10.684,0.501,0.915,0.203,16
$GNSS,2025-05-04T08:19:44.750Z,27.4075866,103.2333392,2692.553,-6.129,-35.215,10.615,0.501,0.915,0.203,16
$GNSS,2025-05-04T08:19:44.800Z,27.4075838,103.2333215,2692.026,-6.151,-35.080,10.484,0.501,0.915,0.202,16
$GNSS,2025-05-04T08:19:44.850Z,27.4075810,103.2333037,2691.492,-6.176,-35.167,10.462,0.502,0.915,0.201,16
$GNSS,2025-05-04T08:19:44.900Z,27.4075782,103.2332860,2690.972,-6.163,-35.102,10.396,0.502,0.915,0.203,16
$GNSS,2025-05-04T08:19:44.950Z,27.4075755,103.2332683,2690.457,-6.101,-35.123,10.326,0.502,0.915,0.203,16
$GNSS,2025-05-04T08:19:45.000Z,27.4075726,103.2332505,2689.929,-6.297,-35.182,10.239,0.502,0.915,0.203,16
$GNSS,2025-05-04T08:19:45.050Z,27.4075698,103.2332327,2689.424,-6.237,-35.113,10.064,0.502,0.916,0.203,16
$GNSS,2025-05-04T08:19:45.100Z,27.4075670,103.2332151,2688.927,-6.225,-35.018,9.952,0.502,0.916,0.203,16
$GNSS,2025-05-04T08:19:45.150Z,27.4075642,103.2331974,2688.445,-6.201,-35.003,9.770,0.502,0.916,0.203,16
$GNSS,2025-05-04T08:19:45.200Z,27.4075614,103.2331797,2687.958,-6.219,-34.945,9.683,0.502,0.916,0.203,16
$GNSS,2025-05-04T08:19:45.250Z,27.4075586,103.2331620,2687.483,-6.243,-34.965,9.562,0.502,0.916,0.203,16
$GNSS,2025-05-04T08:19:45.300Z,27.4075557,103.2331444,2687.006,-6.232,-34.890,9.407,0.502,0.916,0.203,16
$GNSS,2025-05-04T08:19:45.350Z,27.4075528,103.2331267,2686.537,-6.485,-34.972,9.309,0.502,0.916,0.203,16
$GNSS,2025-05-04T08:19:45.400Z,27.4075498,103.2331091,2686.075,-6.544,-34.906,9.239,0.502,0.916,0.203,16
$GNSS,2025-05-04T08:19:45.450Z,27.4075469,103.2330915,2685.610,-6.568,-34.821,9.203,0.502,0.917,0.203,16
$GNSS,2025-05-04T08:19:45.500Z,27.4075439,103.2330739,2685.143,-6.582,-34.849,9.155,0.502,0.917,0.203,16
$GNSS,2025-05-04T08:19:45.550Z,27.4075408,103.2330563,2684.688,-6.744,-34.780,9.071,0.502,0.917,0.203,16
$GNSS,2025-05-04T08:19:45.600Z,27.4075378,103.2330388,2684.235,-6.751,-34.780,8.931,0.502,0.917,0.204,16
$GNSS,2025-05-04T08:19:45.650Z,27.4075347,103.2330212,2683.798,-6.831,-34.737,8.782,0.502,0.917,0.204,16
$GNSS,2025-05-04T08:19:45.700Z,27.4075316,103.2330037,2683.374,-6.798,-34.629,8.651,0.502,0.917,0.204,16
$GNSS,2025-05-04T08:19:45.750Z,27.4075285,103.2329863,2682.947,-6.956,-34.554,8.602,0.502,0.917,0.204,16
$GNSS,2025-05-04T08:19:45.800Z,27.4075253,103.2329688,2682.530,-6.980,-34.600,8.505,0.502,0.917,0.204,16
$GNSS,2025-05-04T08:19:45.850Z,27.4075222,103.2329513,2682.083,-6.919,-34.650,8.489,0.502,0.918,0.204,16
$GNSS,2025-05-04T08:19:45.900Z,27.4075191,103.2329338,2681.667,-7.002,-34.578,8.346,0.502,0.918,0.203,16
$GNSS,2025-05-04T08:19:45.950Z,27.4075159,103.2329163,2681.257,-7.062,-34.527,8.290,0.502,0.918,0.203,16
$GNSS,2025-05-04T08:19:46.000Z,27.4075127,103.2328989,2680.851,-7.088,-34.459,8.182,0.502,0.918,0.203,16
$GNSS,2025-05-04T08:19:46.050Z,27.4075095,103.2328816,2680.456,-7.075,-34.347,8.052,0.502,0.918,0.201,16
$GNSS,2025-05-04T08:19:46.100Z,27.4075063,103.2328642,2680.060,-7.008,-34.402,7.952,0.502,0.918,0.201,16
$GNSS,2025-05-04T08:19:46.150Z,27.4075031,103.2328468,2679.651,-7.081,-34.350,7.942,0.502,0.918,0.197,16
$GNSS,2025-05-04T08:19:46.200Z,27.4074999,103.2328294,2679.257,-7.149,-34.471,7.838,0.502,0.918,0.198,16
$GNSS,2025-05-04T08:19:46.250Z,27.4074967,103.2328121,2678.872,-6.988,-34.357,7.703,0.502,0.919,0.199,16
$GNSS,2025-05-04T08:19:46.300Z,27.4074935,103.2327947,2678.494,-7.011,-34.359,7.537,0.502,0.919,0.197,16
$GNSS,2025-05-04T08:19:46.350Z,27.4074904,103.2327775,2678.113,-6.970,-34.110,7.473,0.502,0.919,0.199,16
$GNSS,2025-05-04T08:19:46.400Z,27.4074872,103.2327602,2677.737,-6.982,-34.225,7.413,0.502,0.919,0.199,16
$GNSS,2025-05-04T08:19:46.450Z,27.4074841,103.2327429,2677.370,-6.972,-34.242,7.412,0.502,0.919,0.199,16
$GNSS,2025-05-04T08:19:46.500Z,27.4074809,103.2327256,2677.002,-7.021,-34.160,7.331,0.502,0.920,0.199,16
$GNSS,2025-05-04T08:19:46.550Z,27.4074778,103.2327084,2676.636,-7.011,-34.141,7.217,0.502,0.920,0.199,16
$GNSS,2025-05-04T08:19:46.600Z,27.4074746,103.2326912,2676.272,-6.998,-34.042,7.137,0.502,0.920,0.199,16
$GNSS,2025-05-04T08:19:46.650Z,27.4074714,103.2326739,2675.914,-6.990,-34.102,7.189,0.502,0.920,0.199,16
$GNSS,2025-05-04T08:19:46.700Z,27.4074683,103.2326568,2675.561,-7.010,-33.967,7.092,0.503,0.920,0.199,16
$GNSS,2025-05-04T08:19:46.750Z,27.4074651,103.2326396,2675.202,-7.011,-33.892,7.050,0.503,0.921,0.199,16
$GNSS,2025-05-04T08:19:46.800Z,27.4074619,103.2326225,2674.832,-7.082,-33.893,7.013,0.503,0.921,0.199,16
$GNSS,2025-05-04T08:19:46.850Z,27.4074587,103.2326054,2674.468,-7.097,-33.895,7.034,0.503,0.921,0.200,16
$GNSS,2025-05-04T08:19:46.900Z,27.4074555,103.2325883,2674.126,-7.074,-33.791,7.070,0.503,0.921,0.200,16
$GNSS,2025-05-04T08:19:46.950Z,27.4074523,103.2325714,2673.768,-7.016,-33.547,7.098,0.503,0.922,0.200,16
$GNSS,2025-05-04T08:19:47.000Z,27.4074491,103.2325543,2673.400,-7.057,-33.702,7.099,0.503,0.922,0.200,16
$GNSS,2025-05-04T08:19:47.050Z,27.4074459,103.2325374,2673.046,-7.116,-33.598,7.056,0.503,0.922,0.200,16
$GNSS,2025-05-04T08:19:47.100Z,27.4074427,103.2325204,2672.688,-7.075,-33.590,7.068,0.503,0.922,0.200,16
$GNSS,2025-05-04T08:19:47.150Z,27.4074395,103.2325035,2672.324,-7.084,-33.535,7.142,0.503,0.922,0.200,16
$GNSS,2025-05-04T08:19:47.200Z,27.4074364,103.2324865,2671.957,-7.029,-33.542,7.161,0.503,0.923,0.200,16
$GNSS,2025-05-04T08:19:47.250Z,27.4074333,103.2324695,2671.604,-6.923,-33.575,7.081,0.503,0.923,0.200,16
$GNSS,2025-05-04T08:19:47.300Z,27.4074301,103.2324527,2671.242,-6.888,-33.406,7.048,0.503,0.923,0.200,16
$GNSS,2025-05-04T08:19:47.350Z,27.4074271,103.2324358,2670.878,-6.812,-33.326,7.085,0.503,0.923,0.200,16
$GNSS,2025-05-04T08:19:47.400Z,27.4074240,103.2324190,2670.522,-6.819,-33.368,7.107,0.503,0.923,0.200,16
$GNSS,2025-05-04T08:19:47.450Z,27.4074209,103.2324021,2670.155,-6.742,-33.377,7.173,0.503,0.924,0.200,16
$GNSS,2025-05-04T08:19:47.500Z,27.4074180,103.2323853,2669.805,-6.576,-33.295,7.051,0.503,0.924,0.200,16
$GNSS,2025-05-04T08:19:47.550Z,27.4074151,103.2323685,2669.448,-6.469,-33.229,7.007,0.503,0.924,0.200,16
$GNSS,2025-05-04T08:19:47.600Z,27.4074121,103.2323517,2669.076,-6.537,-33.262,7.123,0.503,0.924,0.200,16
$GNSS,2025-05-04T08:19:47.650Z,27.4074092,103.2323349,2668.709,-6.412,-33.220,7.222,0.503,0.925,0.200,16
$GNSS,2025-05-04T08:19:47.700Z,27.4074064,103.2323181,2668.367,-6.353,-33.160,7.032,0.503,0.925,0.200,16
$GNSS,2025-05-04T08:19:47.750Z,27.4074035,103.2323014,2668.019,-6.217,-33.123,6.897,0.503,0.925,0.200,16
$GNSS,2025-05-04T08:19:47.800Z,27.4074008,103.2322847,2667.654,-6.141,-33.120,6.951,0.503,0.925,0.200,16
$GNSS,2025-05-04T08:19:47.850Z,27.4073980,103.2322680,2667.296,-6.130,-33.035,7.026,0.503,0.925,0.200,16
$GNSS,2025-05-04T08:19:47.900Z,27.4073952,103.2322513,2666.940,-6.145,-33.000,7.097,0.503,0.926,0.200,16
$GNSS,2025-05-04T08:19:47.950Z,27.4073925,103.2322347,2666.580,-6.051,-32.951,7.125,0.503,0.926,0.200,16
$GNSS,2025-05-04T08:19:48.000Z,27.4073898,103.2322180,2666.228,-6.094,-32.909,7.103,0.503,0.926,0.200,16
$GNSS,2025-05-04T08:19:48.050Z,27.4073870,103.2322014,2665.870,-6.070,-32.886,7.067,0.503,0.926,0.200,16
$GNSS,2025-05-04T08:19:48.100Z,27.4073843,103.2321849,2665.491,-5.966,-32.769,7.140,0.503,0.927,0.200,16
$GNSS,2025-05-04T08:19:48.150Z,27.4073816,103.2321683,2665.137,-5.963,-32.789,7.164,0.503,0.927,0.200,16
$GNSS,2025-05-04T08:19:48.200Z,27.4073789,103.2321517,2664.763,-5.993,-32.767,7.224,0.503,0.927,0.200,16
$GNSS,2025-05-04T08:19:48.250Z,27.4073762,103.2321352,2664.384,-5.926,-32.662,7.306,0.503,0.927,0.200,16
$GNSS,2025-05-04T08:19:48.300Z,27.4073736,103.2321188,2664.008,-5.828,-32.513,7.416,0.503,0.927,0.200,16
$GNSS,2025-05-04T08:19:48.350Z,27.4073710,103.2321024,2663.637,-5.869,-32.576,7.456,0.503,0.928,0.199,16
$GNSS,2025-05-04T08:19:48.400Z,27.4073683,103.2320859,2663.256,-5.823,-32.569,7.539,0.503,0.928,0.199,16
$GNSS,2025-05-04T08:19:48.450Z,27.4073657,103.2320694,2662.859,-5.881,-32.558,7.597,0.504,0.928,0.199,16
$GNSS,2025-05-04T08:19:48.500Z,27.4073630,103.2320531,2662.474,-5.844,-32.385,7.613,0.504,0.928,0.199,16
$GNSS,2025-05-04T08:19:48.550Z,27.4073604,103.2320367,2662.088,-5.797,-32.350,7.661,0.504,0.928,0.200,16
$GNSS,2025-05-04T08:19:48.600Z,27.4073578,103.2320204,2661.688,-5.768,-32.293,7.750,0.504,0.928,0.198,16
$GNSS,2025-05-04T08:19:48.650Z,27.4073552,103.2320041,2661.284,-5.727,-32.340,7.844,0.504,0.929,0.198,16
$GNSS,2025-05-04T08:19:48.700Z,27.4073527,103.2319878,2660.878,-5.635,-32.290,7.930,0.504,0.929,0.197,16
$GNSS,2025-05-04T08:19:48.750Z,27.4073502,103.2319715,2660.470,-5.593,-32.253,8.020,0.504,0.929,0.197,16
$GNSS,2025-05-04T08:19:48.800Z,27.4073476,103.2319552,2660.072,-5.634,-32.211,7.928,0.504,0.929,0.199,16
$GNSS,2025-05-04T08:19:48.850Z,27.4073451,103.2319389,2659.649,-5.564,-32.215,8.082,0.504,0.929,0.198,16
$GNSS,2025-05-04T08:19:48.900Z,27.4073426,103.2319227,2659.240,-5.573,-32.121,8.124,0.504,0.930,0.199,16
$GNSS,2025-05-04T08:19:48.950Z,27.4073401,103.2319065,2658.832,-5.517,-32.032,8.108,0.504,0.930,0.198,16
$GNSS,2025-05-04T08:19:49.000Z,27.4073376,103.2318904,2658.418,-5.471,-31.935,8.124,0.504,0.930,0.198,16
$GNSS,2025-05-04T08:19:49.050Z,27.4073351,103.2318742,2658.001,-5.519,-31.985,8.171,0.504,0.930,0.198,16
$GNSS,2025-05-04T08:19:49.100Z,27.4073326,103.2318580,2657.574,-5.535,-32.047,8.247,0.504,0.930,0.198,16
$GNSS,2025-05-04T08:19:49.150Z,27.4073301,103.2318419,2657.160,-5.516,-31.979,8.254,0.504,0.931,0.198,16
$GNSS,2025-05-04T08:19:49.200Z,27.4073277,103.2318258,2656.745,-5.449,-31.844,8.213,0.504,0.931,0.210,16
$GNSS,2025-05-04T08:19:49.250Z,27.4073252,103.2318097,2656.321,-5.528,-31.789,8.279,0.504,0.931,0.210,16
$GNSS,2025-05-04T08:19:49.300Z,27.4073227,103.2317937,2655.911,-5.505,-31.691,8.350,0.504,0.931,0.211,16
$GNSS,2025-05-04T08:19:49.350Z,27.4073202,103.2317776,2655.477,-5.511,-31.802,8.418,0.504,0.931,0.210,16
$GNSS,2025-05-04T08:19:49.400Z,27.4073177,103.2317615,2655.058,-5.557,-31.792,8.446,0.504,0.931,0.210,16
$GNSS,2025-05-04T08:19:49.450Z,27.4073152,103.2317455,2654.640,-5.577,-31.709,8.425,0.504,0.931,0.210,16
$GNSS,2025-05-04T08:19:49.550Z,27.4073101,103.2317135,2653.807,-5.677,-31.623,8.381,0.505,0.932,0.223,16
$GNSS,2025-05-04T08:19:49.600Z,27.4073075,103.2316976,2653.382,-5.644,-31.510,8.501,0.505,0.932,0.211,16
$GNSS,2025-05-04T08:19:49.650Z,27.4073050,103.2316817,2652.943,-5.620,-31.520,8.591,0.505,0.932,0.211,16
$GNSS,2025-05-04T08:19:49.700Z,27.4073024,103.2316657,2652.510,-5.721,-31.574,8.700,0.505,0.932,0.211,16
$GNSS,2025-05-04T08:19:49.750Z,27.4072999,103.2316498,2652.075,-5.721,-31.484,8.719,0.505,0.932,0.211,16
$GNSS,2025-05-04T08:19:49.800Z,27.4072973,103.2316339,2651.633,-5.741,-31.430,8.747,0.505,0.932,0.211,16
$GNSS,2025-05-04T08:19:49.850Z,27.4072946,103.2316180,2651.195,-5.821,-31.381,8.750,0.505,0.932,0.211,16
$GNSS,2025-05-04T08:19:49.900Z,27.4072920,103.2316021,2650.749,-5.809,-31.405,8.859,0.505,0.931,0.212,16
$GNSS,2025-05-04T08:19:49.950Z,27.4072894,103.2315864,2650.299,-5.914,-31.260,9.009,0.505,0.931,0.212,16
$GNSS,2025-05-04T08:19:50.000Z,27.4072867,103.2315705,2649.831,-5.916,-31.354,9.192,0.505,0.931,0.212,16
$GNSS,2025-05-04T08:19:50.050Z,27.4072839,103.2315546,2649.360,-6.108,-31.328,9.339,0.505,0.931,0.212,16
$GNSS,2025-05-04T08:19:50.100Z,27.4072812,103.2315389,2648.910,-6.139,-31.160,9.202,0.505,0.931,0.212,16
$GNSS,2025-05-04T08:19:50.150Z,27.4072784,103.2315232,2648.450,-6.254,-31.120,9.306,0.505,0.931,0.212,16
$GNSS,2025-05-04T08:19:50.200Z,27.4072755,103.2315074,2647.975,-6.268,-31.203,9.430,0.505,0.931,0.212,16
$GNSS,2025-05-04T08:19:50.250Z,27.4072727,103.2314916,2647.498,-6.377,-31.176,9.499,0.505,0.931,0.213,16
$GNSS,2025-05-04T08:19:50.300Z,27.4072697,103.2314759,2647.017,-6.496,-31.084,9.573,0.505,0.931,0.212,16
$GNSS,2025-05-04T08:19:50.350Z,27.4072667,103.2314602,2646.537,-6.704,-31.142,9.549,0.505,0.931,0.212,16
$GNSS,2025-05-04T08:19:50.400Z,27.4072637,103.2314445,2646.070,-6.694,-31.076,9.498,0.505,0.931,0.214,16
$GNSS,2025-05-04T08:19:50.450Z,27.4072606,103.2314288,2645.595,-6.788,-30.996,9.503,0.505,0.931,0.212,16
$GNSS,2025-05-04T08:19:50.500Z,27.4072575,103.2314132,2645.119,-6.851,-30.900,9.610,0.505,0.931,0.213,16
$GNSS,2025-05-04T08:19:50.550Z,27.4072544,103.2313974,2644.626,-6.897,-31.145,9.761,0.505,0.931,0.206,16
$GNSS,2025-05-04T08:19:50.600Z,27.4072512,103.2313816,2644.135,-7.151,-31.222,9.726,0.505,0.931,0.205,16
$GNSS,2025-05-04T08:19:50.650Z,27.4072480,103.2313660,2643.668,-7.171,-30.955,9.578,0.505,0.931,0.206,16
$GNSS,2025-05-04T08:19:50.700Z,27.4072447,103.2313503,2643.179,-7.303,-30.979,9.628,0.505,0.931,0.206,16
$GNSS,2025-05-04T08:19:50.750Z,27.4072415,103.2313346,2642.702,-7.270,-31.033,9.693,0.505,0.931,0.206,16
$GNSS,2025-05-04T08:19:50.800Z,27.4072381,103.2313190,2642.217,-7.442,-31.011,9.723,0.505,0.931,0.206,16
$GNSS,2025-05-04T08:19:50.850Z,27.4072347,103.2313033,2641.735,-7.526,-31.045,9.690,0.505,0.930,0.206,16
$GNSS,2025-05-04T08:19:50.900Z,27.4072313,103.2312876,2641.235,-7.587,-31.036,9.766,0.505,0.930,0.206,16
$GNSS,2025-05-04T08:19:50.950Z,27.4072279,103.2312718,2640.760,-7.736,-31.093,9.750,0.505,0.930,0.206,16
$GNSS,2025-05-04T08:19:51.000Z,27.4072244,103.2312562,2640.274,-7.786,-31.010,9.870,0.505,0.930,0.204,16
$GNSS,2025-05-04T08:19:51.050Z,27.4072208,103.2312405,2639.766,-7.872,-30.964,10.005,0.505,0.930,0.203,16
$GNSS,2025-05-04T08:19:51.100Z,27.4072172,103.2312249,2639.281,-8.000,-30.982,9.931,0.505,0.930,0.203,16
$GNSS,2025-05-04T08:19:51.150Z,27.4072136,103.2312091,2638.801,-7.967,-31.097,9.885,0.505,0.930,0.203,16
$GNSS,2025-05-04T08:19:51.200Z,27.4072101,103.2311934,2638.297,-8.000,-31.057,9.943,0.505,0.930,0.203,16
$GNSS,2025-05-04T08:19:51.250Z,27.4072064,103.2311777,2637.807,-8.035,-31.056,9.815,0.505,0.930,0.203,16
$GNSS,2025-05-04T08:19:51.300Z,27.4072028,103.2311620,2637.314,-8.173,-31.180,9.838,0.505,0.930,0.203,16
$GNSS,2025-05-04T08:19:51.350Z,27.4071990,103.2311463,2636.837,-8.293,-30.986,9.801,0.505,0.929,0.202,16
$GNSS,2025-05-04T08:19:51.400Z,27.4071953,103.2311307,2636.350,-8.369,-30.955,9.779,0.505,0.929,0.203,16
$GNSS,2025-05-04T08:19:51.450Z,27.4071915,103.2311149,2635.859,-8.470,-31.095,9.734,0.505,0.929,0.202,16
$GNSS,2025-05-04T08:19:51.500Z,27.4071877,103.2310993,2635.375,-8.435,-31.040,9.723,0.505,0.929,0.202,16
$GNSS,2025-05-04T08:19:51.550Z,27.4071838,103.2310836,2634.892,-8.583,-31.004,9.730,0.505,0.929,0.202,16
$GNSS,2025-05-04T08:19:51.600Z,27.4071799,103.2310679,2634.419,-8.633,-31.003,9.704,0.505,0.929,0.203,16
$GNSS,2025-05-04T08:19:51.650Z,27.4071760,103.2310522,2633.956,-8.779,-31.005,9.561,0.505,0.929,0.202,16
$GNSS,2025-05-04T08:19:51.700Z,27.4071720,103.2310366,2633.479,-8.771,-30.994,9.476,0.505,0.929,0.202,16
$GNSS,2025-05-04T08:19:51.750Z,27.4071681,103.2310209,2633.010,-8.745,-30.961,9.393,0.505,0.928,0.203,16
$GNSS,2025-05-04T08:19:51.800Z,27.4071641,103.2310053,2632.545,-8.850,-30.985,9.386,0.505,0.928,0.201,16
$GNSS,2025-05-04T08:19:51.850Z,27.4071601,103.2309896,2632.082,-8.950,-31.010,9.359,0.505,0.928,0.201,16
$GNSS,2025-05-04T08:19:51.900Z,27.4071561,103.2309740,2631.614,-8.929,-30.924,9.395,0.505,0.928,0.201,16
$GNSS,2025-05-04T08:19:51.950Z,27.4071520,103.2309583,2631.147,-9.012,-31.033,9.353,0.505,0.928,0.202,16
$GNSS,2025-05-04T08:19:52.000Z,27.4071480,103.2309426,2630.683,-9.021,-31.008,9.291,0.505,0.928,0.201,16
$GNSS,2025-05-04T08:19:52.050Z,27.4071440,103.2309269,2630.218,-8.949,-31.020,9.264,0.505,0.928,0.201,16
$GNSS,2025-05-04T08:19:52.100Z,27.4071399,103.2309113,2629.770,-9.082,-30.934,9.174,0.505,0.928,0.201,16
$GNSS,2025-05-04T08:19:52.150Z,27.4071358,103.2308957,2629.312,-9.061,-30.918,9.322,0.505,0.927,0.201,16
$GNSS,2025-05-04T08:19:52.200Z,27.4071317,103.2308800,2628.853,-9.094,-30.955,9.255,0.505,0.927,0.209,16
$GNSS,2025-05-04T08:19:52.250Z,27.4071276,103.2308643,2628.389,-9.070,-31.121,9.189,0.505,0.927,0.210,16
$GNSS,2025-05-04T08:19:52.300Z,27.4071235,103.2308486,2627.929,-9.068,-31.072,9.154,0.505,0.927,0.210,16
$GNSS,2025-05-04T08:19:52.350Z,27.4071194,103.2308329,2627.475,-9.103,-30.895,9.140,0.505,0.927,0.210,16
$GNSS,2025-05-04T08:19:52.400Z,27.4071154,103.2308173,2627.019,-9.007,-30.908,9.089,0.505,0.927,0.211,16
$GNSS,2025-05-04T08:19:52.450Z,27.4071114,103.2308016,2626.570,-8.879,-31.079,9.021,0.505,0.927,0.212,16
$GNSS,2025-05-04T08:19:52.500Z,27.4071073,103.2307858,2626.121,-8.950,-31.175,8.961,0.505,0.927,0.204,16
$GNSS,2025-05-04T08:19:52.550Z,27.4071033,103.2307701,2625.671,-8.823,-31.184,8.958,0.505,0.927,0.204,16
$GNSS,2025-05-04T08:19:52.600Z,27.4070994,103.2307544,2625.204,-8.691,-31.072,9.093,0.505,0.927,0.202,16
$GNSS,2025-05-04T08:19:52.650Z,27.4070956,103.2307387,2624.766,-8.637,-31.032,9.033,0.505,0.927,0.200,16
$GNSS,2025-05-04T08:19:52.700Z,27.4070917,103.2307230,2624.323,-8.540,-31.082,8.964,0.505,0.927,0.202,16
$GNSS,2025-05-04T08:19:52.750Z,27.4070879,103.2307073,2623.872,-8.479,-31.195,8.933,0.505,0.927,0.203,16
$GNSS,2025-05-04T08:19:52.800Z,27.4070842,103.2306914,2623.405,-8.291,-31.333,9.033,0.505,0.928,0.205,16
$GNSS,2025-05-04T08:19:52.850Z,27.4070805,103.2306756,2622.942,-8.139,-31.232,9.090,0.505,0.928,0.205,16
$GNSS,2025-05-04T08:19:52.900Z,27.4070768,103.2306598,2622.495,-8.093,-31.246,9.047,0.505,0.928,0.203,16
$GNSS,2025-05-04T08:19:52.950Z,27.4070732,103.2306440,2622.039,-8.005,-31.252,9.088,0.506,0.928,0.205,16
$GNSS,2025-05-04T08:19:53.000Z,27.4070697,103.2306282,2621.570,-7.808,-31.276,9.132,0.506,0.928,0.204,16
$GNSS,2025-05-04T08:19:53.050Z,27.4070663,103.2306124,2621.100,-7.662,-31.397,9.166,0.506,0.928,0.203,16
$GNSS,2025-05-04T08:19:53.100Z,27.4070628,103.2305965,2620.641,-7.689,-31.424,9.181,0.506,0.928,0.203,16
$GNSS,2025-05-04T08:19:53.150Z,27.4070593,103.2305806,2620.169,-7.663,-31.376,9.184,0.506,0.928,0.203,16
$GNSS,2025-05-04T08:19:53.200Z,27.4070559,103.2305649,2619.714,-7.593,-31.182,9.093,0.506,0.929,0.203,16
$GNSS,2025-05-04T08:19:53.250Z,27.4070526,103.2305490,2619.247,-7.443,-31.313,9.223,0.506,0.929,0.202,16
$GNSS,2025-05-04T08:19:53.300Z,27.4070492,103.2305332,2618.778,-7.538,-31.329,9.324,0.506,0.929,0.203,16
$GNSS,2025-05-04T08:19:53.350Z,27.4070458,103.2305173,2618.293,-7.468,-31.490,9.443,0.506,0.929,0.203,16
$GNSS,2025-05-04T08:19:53.400Z,27.4070424,103.2305014,2617.809,-7.465,-31.367,9.417,0.506,0.929,0.204,16
$GNSS,2025-05-04T08:19:53.450Z,27.4070391,103.2304856,2617.332,-7.359,-31.394,9.435,0.506,0.929,0.203,16
$GNSS,2025-05-04T08:19:53.500Z,27.4070358,103.2304697,2616.849,-7.383,-31.395,9.526,0.506,0.929,0.199,16
$GNSS,2025-05-04T08:19:53.550Z,27.4070324,103.2304539,2616.358,-7.343,-31.281,9.537,0.506,0.930,0.203,16
$GNSS,2025-05-04T08:19:53.600Z,27.4070291,103.2304381,2615.876,-7.370,-31.299,9.585,0.506,0.930,0.199,16
$GNSS,2025-05-04T08:19:53.650Z,27.4070258,103.2304222,2615.394,-7.341,-31.483,9.680,0.506,0.930,0.199,16
$GNSS,2025-05-04T08:19:53.700Z,27.4070225,103.2304063,2614.894,-7.237,-31.431,9.693,0.506,0.930,0.199,16
$GNSS,2025-05-04T08:19:53.750Z,27.4070193,103.2303905,2614.387,-7.177,-31.313,9.710,0.506,0.930,0.199,16
$GNSS,2025-05-04T08:19:53.800Z,27.4070160,103.2303746,2613.891,-7.269,-31.470,9.768,0.506,0.930,0.207,16
$GNSS,2025-05-04T08:19:53.850Z,27.4070127,103.2303586,2613.397,-7.210,-31.528,9.779,0.506,0.931,0.220,16
$GNSS,2025-05-04T08:19:53.900Z,27.4070096,103.2303427,2612.894,-7.061,-31.463,9.863,0.506,0.931,0.203,16
$GNSS,2025-05-04T08:19:53.950Z,27.4070064,103.2303268,2612.416,-6.979,-31.424,9.732,0.506,0.932,0.203,16
$GNSS,2025-05-04T08:19:54.000Z,27.4070033,103.2303109,2611.929,-6.809,-31.441,9.722,0.506,0.932,0.220,16
$GNSS,2025-05-04T08:19:54.050Z,27.4070003,103.2302950,2611.443,-6.756,-31.516,9.665,0.506,0.932,0.203,16
$GNSS,2025-05-04T08:19:54.100Z,27.4069973,103.2302791,2610.945,-6.628,-31.519,9.662,0.506,0.933,0.203,16
$GNSS,2025-05-04T08:19:54.150Z,27.4069944,103.2302631,2610.457,-6.474,-31.568,9.530,0.506,0.933,0.203,16
$GNSS,2025-05-04T08:19:54.200Z,27.4069916,103.2302472,2609.989,-6.286,-31.544,9.554,0.506,0.934,0.203,16
$GNSS,2025-05-04T08:19:54.250Z,27.4069887,103.2302312,2609.506,-6.262,-31.698,9.553,0.507,0.934,0.204,16
$GNSS,2025-05-04T08:19:54.300Z,27.4069859,103.2302152,2609.028,-6.165,-31.660,9.443,0.507,0.934,0.205,16
$GNSS,2025-05-04T08:19:54.350Z,27.4069832,103.2301991,2608.557,-6.015,-31.778,9.354,0.507,0.935,0.205,16
$GNSS,2025-05-04T08:19:54.400Z,27.4069806,103.2301832,2608.098,-5.901,-31.539,9.257,0.507,0.935,0.205,16
$GNSS,2025-05-04T08:19:54.450Z,27.4069779,103.2301672,2607.609,-5.865,-31.713,9.354,0.507,0.936,0.205,16
$GNSS,2025-05-04T08:19:54.500Z,27.4069753,103.2301511,2607.176,-5.770,-31.684,9.261,0.507,0.936,0.204,16
$GNSS,2025-05-04T08:19:54.550Z,27.4069728,103.2301350,2606.703,-5.602,-31.937,9.214,0.507,0.937,0.204,16
$GNSS,2025-05-04T08:19:54.600Z,27.4069703,103.2301189,2606.233,-5.539,-31.806,9.132,0.507,0.937,0.205,16
$GNSS,2025-05-04T08:19:54.650Z,27.4069678,103.2301029,2605.769,-5.421,-31.753,9.067,0.507,0.938,0.205,16
$GNSS,2025-05-04T08:19:54.700Z,27.4069654,103.2300869,2605.336,-5.346,-31.639,8.933,0.507,0.938,0.205,16
$GNSS,2025-05-04T08:19:54.750Z,27.4069630,103.2300708,2604.886,-5.282,-31.826,8.930,0.507,0.938,0.204,16
$GNSS,2025-05-04T08:19:54.800Z,27.4069607,103.2300547,2604.439,-5.298,-31.880,8.953,0.507,0.939,0.202,16
$GNSS,2025-05-04T08:19:54.850Z,27.4069583,103.2300387,2603.981,-5.176,-31.770,8.974,0.507,0.939,0.202,16
$GNSS,2025-05-04T08:19:54.900Z,27.4069561,103.2300226,2603.517,-5.032,-31.793,8.897,0.507,0.940,0.204,16
$GNSS,2025-05-04T08:19:54.950Z,27.4069538,103.2300065,2603.067,-4.983,-31.836,8.853,0.507,0.940,0.204,16
$GNSS,2025-05-04T08:19:55.000Z,27.4069516,103.2299905,2602.640,-4.935,-31.764,8.861,0.508,0.940,0.202,16
$GNSS,2025-05-04T08:19:55.050Z,27.4069494,103.2299744,2602.189,-4.906,-31.782,8.913,0.508,0.941,0.203,16
$GNSS,2025-05-04T08:19:55.100Z,27.4069473,103.2299583,2601.746,-4.674,-31.824,8.793,0.508,0.941,0.203,16
$GNSS,2025-05-04T08:19:55.150Z,27.4069452,103.2299423,2601.309,-4.615,-31.804,8.701,0.508,0.941,0.203,16
$GNSS,2025-05-04T08:19:55.200Z,27.4069431,103.2299262,2600.882,-4.584,-31.780,8.578,0.508,0.942,0.203,16
$GNSS,2025-05-04T08:19:55.250Z,27.4069411,103.2299102,2600.446,-4.411,-31.703,8.682,0.508,0.942,0.203,16
$GNSS,2025-05-04T08:19:55.300Z,27.4069392,103.2298941,2599.998,-4.362,-31.858,8.700,0.508,0.942,0.203,16
$GNSS,2025-05-04T08:19:55.350Z,27.4069372,103.2298780,2599.552,-4.281,-31.772,8.622,0.508,0.943,0.203,16
$GNSS,2025-05-04T08:19:55.400Z,27.4069354,103.2298620,2599.132,-4.156,-31.753,8.518,0.508,0.943,0.203,16
$GNSS,2025-05-04T08:19:55.450Z,27.4069336,103.2298460,2598.698,-3.985,-31.754,8.521,0.508,0.943,0.203,16
$GNSS,2025-05-04T08:19:55.500Z,27.4069318,103.2298299,2598.278,-3.921,-31.707,8.516,0.508,0.944,0.202,16
$GNSS,2025-05-04T08:19:55.550Z,27.4069301,103.2298139,2597.850,-3.812,-31.780,8.572,0.508,0.944,0.202,16
$GNSS,2025-05-04T08:19:55.600Z,27.4069284,103.2297979,2597.428,-3.797,-31.633,8.529,0.508,0.944,0.202,16
$GNSS,2025-05-04T08:19:55.650Z,27.4069268,103.2297819,2596.981,-3.582,-31.689,8.549,0.508,0.945,0.202,16
$GNSS,2025-05-04T08:19:55.700Z,27.4069252,103.2297659,2596.557,-3.396,-31.737,8.442,0.508,0.945,0.202,16
$GNSS,2025-05-04T08:19:55.750Z,27.4069237,103.2297499,2596.140,-3.304,-31.619,8.420,0.508,0.945,0.202,16
$GNSS,2025-05-04T08:19:55.800Z,27.4069223,103.2297338,2595.711,-3.269,-31.721,8.540,0.509,0.946,0.202,16
$GNSS,2025-05-04T08:19:55.850Z,27.4069208,103.2297178,2595.278,-3.172,-31.729,8.619,0.509,0.946,0.203,16
$GNSS,2025-05-04T08:19:55.900Z,27.4069195,103.2297018,2594.833,-3.019,-31.726,8.686,0.509,0.947,0.203,16
$GNSS,2025-05-04T08:19:55.950Z,27.4069182,103.2296858,2594.388,-2.950,-31.736,8.651,0.509,0.947,0.203,16
$GNSS,2025-05-04T08:19:56.000Z,27.4069170,103.2296697,2593.964,-2.682,-31.748,8.676,0.509,0.947,0.203,16
$GNSS,2025-05-04T08:19:56.050Z,27.4069159,103.2296537,2593.520,-2.495,-31.641,8.811,0.509,0.948,0.205,16
$GNSS,2025-05-04T08:19:56.100Z,27.4069148,103.2296378,2593.061,-2.373,-31.610,8.848,0.509,0.948,0.204,16
$GNSS,2025-05-04T08:19:56.150Z,27.4069138,103.2296217,2592.620,-2.175,-31.703,8.820,0.509,0.948,0.203,16
$GNSS,2025-05-04T08:19:56.200Z,27.4069129,103.2296056,2592.168,-2.036,-31.900,8.958,0.509,0.949,0.203,16
$GNSS,2025-05-04T08:19:56.250Z,27.4069120,103.2295896,2591.708,-1.980,-31.726,9.082,0.509,0.949,0.203,16
$GNSS,2025-05-04T08:19:56.300Z,27.4069112,103.2295737,2591.229,-1.741,-31.593,9.113,0.509,0.950,0.203,16
$GNSS,2025-05-04T08:19:56.350Z,27.4069106,103.2295576,2590.768,-1.503,-31.804,9.066,0.509,0.950,0.203,16
$GNSS,2025-05-04T08:19:56.400Z,27.4069100,103.2295416,2590.319,-1.242,-31.607,9.227,0.509,0.950,0.203,16
$GNSS,2025-05-04T08:19:56.450Z,27.4069095,103.2295256,2589.840,-1.198,-31.695,9.397,0.509,0.951,0.203,16
$GNSS,2025-05-04T08:19:56.500Z,27.4069091,103.2295096,2589.368,-0.984,-31.711,9.358,0.509,0.951,0.203,16
$GNSS,2025-05-04T08:19:56.550Z,27.4069088,103.2294935,2588.879,-0.698,-31.739,9.471,0.510,0.951,0.203,16
$GNSS,2025-05-04T08:19:56.600Z,27.4069086,103.2294776,2588.393,-0.475,-31.672,9.540,0.510,0.952,0.208,16
$GNSS,2025-05-04T08:19:56.650Z,27.4069085,103.2294616,2587.896,-0.246,-31.643,9.634,0.510,0.952,0.209,16
$GNSS,2025-05-04T08:19:56.700Z,27.4069085,103.2294456,2587.387,0.047,-31.561,9.768,0.510,0.952,0.210,16
$GNSS,2025-05-04T08:19:56.750Z,27.4069086,103.2294296,2586.900,0.244,-31.732,9.906,0.510,0.953,0.209,16
$GNSS,2025-05-04T08:19:56.800Z,27.4069089,103.2294136,2586.404,0.564,-31.630,10.035,0.510,0.953,0.211,16
$GNSS,2025-05-04T08:19:56.850Z,27.4069093,103.2293976,2585.906,0.790,-31.643,10.012,0.510,0.953,0.211,16
$GNSS,2025-05-04T08:19:56.900Z,27.4069098,103.2293817,2585.384,1.042,-31.594,10.164,0.510,0.953,0.213,16
$GNSS,2025-05-04T08:19:56.950Z,27.4069105,103.2293658,2584.855,1.489,-31.495,10.300,0.510,0.954,0.213,16
$GNSS,2025-05-04T08:19:57.000Z,27.4069113,103.2293498,2584.316,1.682,-31.636,10.498,0.510,0.954,0.214,16
$GNSS,2025-05-04T08:19:57.050Z,27.4069121,103.2293338,2583.790,1.865,-31.574,10.569,0.510,0.954,0.212,16
$GNSS,2025-05-04T08:19:57.100Z,27.4069131,103.2293179,2583.262,2.095,-31.500,10.623,0.511,0.955,0.212,16
$GNSS,2025-05-04T08:19:57.150Z,27.4069142,103.2293020,2582.724,2.442,-31.542,10.725,0.511,0.955,0.213,16
$GNSS,2025-05-04T08:19:57.200Z,27.4069155,103.2292860,2582.186,2.754,-31.558,10.836,0.511,0.955,0.213,16
$GNSS,2025-05-04T08:19:57.250Z,27.4069168,103.2292702,2581.636,2.925,-31.353,10.894,0.511,0.956,0.207,16
$GNSS,2025-05-04T08:19:57.300Z,27.4069183,103.2292543,2581.073,3.131,-31.509,11.007,0.511,0.956,0.208,16
$GNSS,2025-05-04T08:19:57.350Z,27.4069198,103.2292383,2580.516,3.426,-31.533,11.204,0.511,0.956,0.212,16
$GNSS,2025-05-04T08:19:57.400Z,27.4069215,103.2292225,2579.962,3.730,-31.418,11.189,0.511,0.957,0.209,16
$GNSS,2025-05-04T08:19:57.450Z,27.4069233,103.2292067,2579.372,3.896,-31.266,11.345,0.511,0.957,0.217,16
$GNSS,2025-05-04T08:19:57.500Z,27.4069252,103.2291908,2578.810,4.106,-31.323,11.402,0.511,0.957,0.217,16
$GNSS,2025-05-04T08:19:57.550Z,27.4069271,103.2291750,2578.229,4.266,-31.435,11.526,0.511,0.957,0.217,16
$GNSS,2025-05-04T08:19:57.600Z,27.4069292,103.2291591,2577.638,4.489,-31.437,11.567,0.512,0.958,0.217,16
$GNSS,2025-05-04T08:19:57.650Z,27.4069313,103.2291433,2577.054,4.708,-31.274,11.684,0.512,0.958,0.217,16
$GNSS,2025-05-04T08:19:57.700Z,27.4069336,103.2291274,2576.458,4.983,-31.322,11.839,0.512,0.958,0.217,16
$GNSS,2025-05-04T08:19:57.750Z,27.4069360,103.2291116,2575.852,5.258,-31.286,11.961,0.512,0.958,0.218,16
$GNSS,2025-05-04T08:19:57.800Z,27.4069384,103.2290958,2575.240,5.335,-31.318,12.042,0.512,0.959,0.218,16
$GNSS,2025-05-04T08:19:57.850Z,27.4069410,103.2290801,2574.630,5.651,-31.217,12.123,0.512,0.959,0.218,16
$GNSS,2025-05-04T08:19:57.900Z,27.4069437,103.2290643,2574.030,5.902,-31.222,12.168,0.512,0.959,0.218,16
$GNSS,2025-05-04T08:19:57.950Z,27.4069464,103.2290485,2573.406,6.025,-31.265,12.282,0.512,0.959,0.219,16
$GNSS,2025-05-04T08:19:58.000Z,27.4069493,103.2290327,2572.781,6.350,-31.201,12.324,0.512,0.960,0.219,16
$GNSS,2025-05-04T08:19:58.050Z,27.4069524,103.2290170,2572.161,6.643,-31.133,12.437,0.513,0.960,0.219,16
$GNSS,2025-05-04T08:19:58.100Z,27.4069555,103.2290012,2571.527,6.862,-31.183,12.519,0.513,0.960,0.220,16
$GNSS,2025-05-04T08:19:58.150Z,27.4069588,103.2289855,2570.901,7.198,-31.128,12.618,0.513,0.960,0.220,16
$GNSS,2025-05-04T08:19:58.200Z,27.4069621,103.2289698,2570.264,7.355,-31.078,12.633,0.513,0.961,0.220,16
$GNSS,2025-05-04T08:19:58.250Z,27.4069656,103.2289541,2569.613,7.671,-31.024,12.719,0.513,0.961,0.218,16
$GNSS,2025-05-04T08:19:58.300Z,27.4069692,103.2289385,2568.960,7.909,-31.008,12.855,0.513,0.961,0.219,16
$GNSS,2025-05-04T08:19:58.350Z,27.4069729,103.2289228,2568.314,8.163,-30.971,12.946,0.513,0.961,0.219,16
$GNSS,2025-05-04T08:19:58.400Z,27.4069767,103.2289071,2567.659,8.402,-31.048,13.037,0.513,0.962,0.219,16
$GNSS,2025-05-04T08:19:58.450Z,27.4069806,103.2288915,2567.005,8.630,-30.935,12.972,0.513,0.962,0.220,16
$GNSS,2025-05-04T08:19:58.500Z,27.4069847,103.2288759,2566.349,9.012,-30.843,13.043,0.514,0.962,0.220,16
$GNSS,2025-05-04T08:19:58.550Z,27.4069889,103.2288604,2565.689,9.167,-30.744,13.160,0.514,0.962,0.220,16
$GNSS,2025-05-04T08:19:58.600Z,27.4069932,103.2288448,2565.016,9.419,-30.858,13.294,0.514,0.962,0.220,16
$GNSS,2025-05-04T08:19:58.650Z,27.4069976,103.2288293,2564.350,9.695,-30.796,13.289,0.514,0.963,0.221,16
$GNSS,2025-05-04T08:19:58.700Z,27.4070020,103.2288136,2563.695,9.821,-30.878,13.307,0.514,0.963,0.224,16
$GNSS,2025-05-04T08:19:58.750Z,27.4070066,103.2287981,2563.016,10.026,-30.758,13.370,0.514,0.963,0.230,16
$GNSS,2025-05-04T08:19:58.800Z,27.4070112,103.2287825,2562.355,10.303,-30.801,13.414,0.514,0.964,0.225,16
$GNSS,2025-05-04T08:19:58.850Z,27.4070160,103.2287670,2561.674,10.553,-30.728,13.593,0.515,0.964,0.231,16
$GNSS,2025-05-04T08:19:58.900Z,27.4070209,103.2287515,2560.999,10.796,-30.623,13.528,0.515,0.964,0.233,16
$GNSS,2025-05-04T08:19:58.950Z,27.4070258,103.2287360,2560.314,10.918,-30.688,13.518,0.515,0.965,0.228,16
$GNSS,2025-05-04T08:19:59.000Z,27.4070309,103.2287205,2559.627,11.113,-30.691,13.642,0.515,0.965,0.212,16
$GNSS,2025-05-04T08:19:59.050Z,27.4070360,103.2287050,2558.924,11.246,-30.683,13.792,0.515,0.965,0.212,16
$GNSS,2025-05-04T08:19:59.100Z,27.4070412,103.2286895,2558.233,11.452,-30.637,13.804,0.515,0.966,0.214,16
$GNSS,2025-05-04T08:19:59.150Z,27.4070465,103.2286741,2557.523,11.651,-30.604,13.890,0.515,0.966,0.214,16
$GNSS,2025-05-04T08:19:59.200Z,27.4070519,103.2286586,2556.826,11.962,-30.621,13.986,0.516,0.966,0.214,16
$GNSS,2025-05-04T08:19:59.250Z,27.4070573,103.2286431,2556.136,12.065,-30.626,13.984,0.516,0.967,0.214,16
$GNSS,2025-05-04T08:19:59.300Z,27.4070628,103.2286276,2555.425,12.057,-30.709,14.003,0.516,0.967,0.231,16
$GNSS,2025-05-04T08:19:59.350Z,27.4070683,103.2286122,2554.722,12.219,-30.610,14.083,0.516,0.967,0.218,16
$GNSS,2025-05-04T08:19:59.400Z,27.4070739,103.2285967,2554.003,12.384,-30.568,14.251,0.516,0.968,0.212,16
$GNSS,2025-05-04T08:19:59.450Z,27.4070796,103.2285812,2553.288,12.539,-30.591,14.373,0.516,0.968,0.212,16
$GNSS,2025-05-04T08:19:59.500Z,27.4070853,103.2285658,2552.564,12.621,-30.645,14.405,0.516,0.968,0.212,16
$GNSS,2025-05-04T08:19:59.550Z,27.4070910,103.2285503,2551.844,12.731,-30.666,14.378,0.516,0.968,0.212,16
$GNSS,2025-05-04T08:19:59.600Z,27.4070968,103.2285348,2551.120,12.751,-30.681,14.371,0.516,0.969,0.211,16
$GNSS,2025-05-04T08:19:59.650Z,27.4071026,103.2285193,2550.385,12.900,-30.588,14.497,0.516,0.969,0.212,16
$GNSS,2025-05-04T08:19:59.700Z,27.4071085,103.2285039,2549.651,13.004,-30.614,14.617,0.517,0.969,0.210,16
$GNSS,2025-05-04T08:19:59.750Z,27.4071145,103.2284884,2548.919,13.130,-30.659,14.671,0.517,0.969,0.210,16
$GNSS,2025-05-04T08:19:59.800Z,27.4071205,103.2284729,2548.190,13.259,-30.659,14.637,0.517,0.970,0.210,16
$GNSS,2025-05-04T08:19:59.850Z,27.4071265,103.2284574,2547.451,13.311,-30.740,14.597,0.517,0.970,0.210,16
$GNSS,2025-05-04T08:19:59.900Z,27.4071326,103.2284418,2546.716,13.437,-30.771,14.632,0.517,0.970,0.210,16
$GNSS,2025-05-04T08:19:59.950Z,27.4071387,103.2284263,2545.978,13.573,-30.739,14.695,0.517,0.970,0.210,16
$GNSS,2025-05-04T08:20:00.000Z,27.4071449,103.2284108,2545.233,13.637,-30.714,14.724,0.517,0.971,0.210,16
$GNSS,2025-05-04T08:20:00.050Z,27.4071510,103.2283953,2544.485,13.594,-30.757,14.720,0.517,0.971,0.204,16
$GNSS,2025-05-04T08:20:00.100Z,27.4071573,103.2283797,2543.730,13.826,-30.817,14.815,0.517,0.971,0.209,16
$GNSS,2025-05-04T08:20:00.150Z,27.4071635,103.2283641,2542.987,13.934,-30.776,14.831,0.517,0.972,0.210,16
$GNSS,2025-05-04T08:20:00.200Z,27.4071699,103.2283485,2542.246,14.011,-30.827,14.879,0.517,0.972,0.210,16
$GNSS,2025-05-04T08:20:00.250Z,27.4071762,103.2283330,2541.495,14.080,-30.712,14.972,0.517,0.972,0.204,16
$GNSS,2025-05-04T08:20:00.300Z,27.4071826,103.2283175,2540.722,14.200,-30.808,15.022,0.517,0.973,0.204,16
$GNSS,2025-05-04T08:20:00.350Z,27.4071891,103.2283018,2539.988,14.251,-30.938,14.885,0.517,0.973,0.204,16
$GNSS,2025-05-04T08:20:00.400Z,27.4071955,103.2282862,2539.238,14.365,-30.958,14.868,0.517,0.973,0.219,16
$GNSS,2025-05-04T08:20:00.450Z,27.4072021,103.2282705,2538.487,14.461,-30.984,14.903,0.518,0.974,0.219,16
$GNSS,2025-05-04T08:20:00.500Z,27.4072087,103.2282549,2537.735,14.543,-30.898,14.877,0.518,0.974,0.219,16
$GNSS,2025-05-04T08:20:00.550Z,27.4072153,103.2282393,2536.977,14.675,-30.884,15.023,0.518,0.975,0.219,16
$GNSS,2025-05-04T08:20:00.600Z,27.4072220,103.2282237,2536.227,14.802,-30.894,15.117,0.518,0.975,0.219,16
$GNSS,2025-05-04T08:20:00.650Z,27.4072287,103.2282081,2535.481,14.932,-30.906,15.107,0.518,0.975,0.219,16
$GNSS,2025-05-04T08:20:00.700Z,27.4072354,103.2281925,2534.728,14.916,-30.861,14.997,0.518,0.976,0.219,16
$GNSS,2025-05-04T08:20:00.750Z,27.4072422,103.2281768,2533.982,15.052,-30.942,14.948,0.519,0.976,0.219,16
$GNSS,2025-05-04T08:20:00.800Z,27.4072492,103.2281611,2533.221,15.358,-31.112,15.020,0.519,0.976,0.203,16
$GNSS,2025-05-04T08:20:00.850Z,27.4072561,103.2281455,2532.473,15.405,-30.967,14.994,0.519,0.977,0.204,16
$GNSS,2025-05-04T08:20:00.900Z,27.4072631,103.2281299,2531.699,15.412,-30.950,15.122,0.519,0.977,0.204,16
$GNSS,2025-05-04T08:20:00.950Z,27.4072701,103.2281143,2530.937,15.559,-30.733,15.170,0.519,0.977,0.209,16
$GNSS,2025-05-04T08:20:01.000Z,27.4072772,103.2280988,2530.174,15.731,-30.847,15.195,0.519,0.978,0.209,16
$GNSS,2025-05-04T08:20:01.050Z,27.4072844,103.2280831,2529.413,15.812,-30.884,15.171,0.519,0.978,0.209,16
$GNSS,2025-05-04T08:20:01.100Z,27.4072915,103.2280675,2528.646,15.852,-30.921,15.176,0.519,0.978,0.218,16
$GNSS,2025-05-04T08:20:01.150Z,27.4072988,103.2280519,2527.902,16.125,-30.849,15.202,0.519,0.978,0.219,16
$GNSS,2025-05-04T08:20:01.200Z,27.4073061,103.2280363,2527.143,16.249,-30.811,15.299,0.520,0.979,0.232,16
$GNSS,2025-05-04T08:20:01.250Z,27.4073135,103.2280207,2526.385,16.410,-30.847,15.316,0.520,0.979,0.224,16
$GNSS,2025-05-04T08:20:01.300Z,27.4073210,103.2280052,2525.634,16.548,-30.742,15.162,0.520,0.980,0.223,16
$GNSS,2025-05-04T08:20:01.350Z,27.4073285,103.2279896,2524.860,16.549,-30.778,15.228,0.520,0.980,0.232,16
$GNSS,2025-05-04T08:20:01.400Z,27.4073361,103.2279742,2524.090,16.804,-30.633,15.278,0.520,0.980,0.232,16
$GNSS,2025-05-04T08:20:01.450Z,27.4073438,103.2279587,2523.338,16.993,-30.655,15.223,0.521,0.981,0.233,16
$GNSS,2025-05-04T08:20:01.500Z,27.4073515,103.2279431,2522.594,17.110,-30.760,15.162,0.521,0.981,0.233,16
$GNSS,2025-05-04T08:20:01.550Z,27.4073593,103.2279276,2521.831,17.208,-30.682,15.155,0.521,0.982,0.223,16
$GNSS,2025-05-04T08:20:01.600Z,27.4073671,103.2279121,2521.084,17.472,-30.658,15.110,0.521,0.982,0.222,16
$GNSS,2025-05-04T08:20:01.650Z,27.4073751,103.2278966,2520.334,17.609,-30.574,15.035,0.522,0.982,0.224,16
$GNSS,2025-05-04T08:20:01.700Z,27.4073831,103.2278812,2519.583,17.754,-30.462,15.037,0.522,0.983,0.224,16
$GNSS,2025-05-04T08:20:01.750Z,27.4073912,103.2278659,2518.840,17.927,-30.344,15.060,0.522,0.983,0.224,16
$GNSS,2025-05-04T08:20:01.800Z,27.4073994,103.2278505,2518.084,18.215,-30.466,15.081,0.522,0.984,0.224,16
$GNSS,2025-05-04T08:20:01.850Z,27.4074077,103.2278351,2517.348,18.325,-30.341,14.949,0.523,0.984,0.220,16
$GNSS,2025-05-04T08:20:01.900Z,27.4074161,103.2278199,2516.604,18.527,-30.132,14.893,0.523,0.985,0.219,16
$GNSS,2025-05-04T08:20:01.950Z,27.4074245,103.2278048,2515.865,18.705,-29.970,14.869,0.523,0.985,0.219,16
$GNSS,2025-05-04T08:20:02.000Z,27.4074331,103.2277896,2515.107,19.027,-30.061,14.878,0.524,0.986,0.219,16
$GNSS,2025-05-04T08:20:02.050Z,27.4074418,103.2277744,2514.380,19.210,-30.052,14.809,0.524,0.987,0.221,16
$GNSS,2025-05-04T08:20:02.100Z,27.4074506,103.2277592,2513.651,19.471,-29.975,14.763,0.525,0.987,0.229,16
$GNSS,2025-05-04T08:20:02.150Z,27.4074594,103.2277442,2512.915,19.562,-29.749,14.780,0.525,0.988,0.229,16
$GNSS,2025-05-04T08:20:02.200Z,27.4074683,103.2277293,2512.177,19.667,-29.561,14.618,0.525,0.988,0.229,16
$GNSS,2025-05-04T08:20:02.250Z,27.4074774,103.2277145,2511.432,20.025,-29.490,14.610,0.526,0.989,0.229,16
$GNSS,2025-05-04T08:20:02.300Z,27.4074865,103.2276996,2510.705,20.297,-29.438,14.629,0.526,0.990,0.231,16
$GNSS,2025-05-04T08:20:02.350Z,27.4074957,103.2276847,2509.981,20.365,-29.398,14.577,0.527,0.990,0.231,16
$GNSS,2025-05-04T08:20:02.400Z,27.4075051,103.2276699,2509.255,20.744,-29.277,14.546,0.527,0.991,0.231,16
$GNSS,2025-05-04T08:20:02.450Z,27.4075145,103.2276552,2508.538,20.900,-29.230,14.441,0.528,0.992,0.223,16
$GNSS,2025-05-04T08:20:02.500Z,27.4075240,103.2276405,2507.808,21.024,-29.125,14.417,0.528,0.992,0.223,16
$GNSS,2025-05-04T08:20:02.550Z,27.4075336,103.2276259,2507.082,21.129,-29.009,14.386,0.528,0.993,0.223,16
$GNSS,2025-05-04T08:20:02.600Z,27.4075432,103.2276112,2506.396,21.407,-28.822,14.262,0.529,0.994,0.222,16
$GNSS,2025-05-04T08:20:02.650Z,27.4075530,103.2275968,2505.649,21.586,-28.811,14.370,0.529,0.995,0.222,16
$GNSS,2025-05-04T08:20:02.700Z,27.4075629,103.2275821,2504.934,21.790,-28.925,14.282,0.530,0.995,0.230,16
$GNSS,2025-05-04T08:20:02.750Z,27.4075727,103.2275678,2504.216,21.829,-28.494,14.215,0.530,0.996,0.223,16
$GNSS,2025-05-04T08:20:02.800Z,27.4075827,103.2275535,2503.484,21.994,-28.371,14.292,0.530,0.995,0.200,16
$GNSS,2025-05-04T08:20:02.850Z,27.4075927,103.2275391,2502.749,22.283,-28.466,14.352,0.530,0.995,0.193,16
$GNSS,2025-05-04T08:20:02.900Z,27.4076028,103.2275248,2502.035,22.351,-28.407,14.329,0.530,0.995,0.189,16
$GNSS,2025-05-04T08:20:02.950Z,27.4076130,103.2275105,2501.322,22.556,-28.307,14.282,0.530,0.995,0.186,16
$GNSS,2025-05-04T08:20:03.000Z,27.4076232,103.2274962,2500.607,22.580,-28.176,14.103,0.529,0.994,0.184,16
$GNSS,2025-05-04T08:20:03.050Z,27.4076336,103.2274822,2499.881,22.907,-27.986,14.130,0.529,0.994,0.186,16
$GNSS,2025-05-04T08:20:03.100Z,27.4076439,103.2274680,2499.177,22.938,-27.968,14.027,0.529,0.994,0.182,16
$GNSS,2025-05-04T08:20:03.150Z,27.4076544,103.2274539,2498.469,23.295,-27.881,14.037,0.529,0.994,0.183,16
$GNSS,2025-05-04T08:20:03.200Z,27.4076649,103.2274398,2497.789,23.294,-27.842,13.873,0.529,0.994,0.179,16
$GNSS,2025-05-04T08:20:03.250Z,27.4076754,103.2274258,2497.088,23.349,-27.771,13.766,0.529,0.994,0.179,16
$GNSS,2025-05-04T08:20:03.300Z,27.4076861,103.2274119,2496.391,23.633,-27.563,13.738,0.529,0.995,0.180,16
$GNSS,2025-05-04T08:20:03.350Z,27.4076968,103.2273980,2495.694,23.760,-27.505,13.678,0.529,0.995,0.183,16
$GNSS,2025-05-04T08:20:03.400Z,27.4077076,103.2273842,2495.012,23.917,-27.457,13.618,0.528,0.995,0.180,16
$GNSS,2025-05-04T08:20:03.450Z,27.4077184,103.2273703,2494.338,23.985,-27.416,13.504,0.528,0.995,0.170,16
$GNSS,2025-05-04T08:20:03.500Z,27.4077293,103.2273565,2493.663,24.085,-27.355,13.459,0.528,0.995,0.175,16
$GNSS,2025-05-04T08:20:03.550Z,27.4077402,103.2273427,2492.992,24.248,-27.309,13.442,0.528,0.995,0.173,16
$GNSS,2025-05-04T08:20:03.600Z,27.4077512,103.2273290,2492.314,24.379,-27.138,13.411,0.528,0.995,0.173,16
$GNSS,2025-05-04T08:20:03.650Z,27.4077623,103.2273153,2491.632,24.485,-27.208,13.274,0.528,0.995,0.173,16
$GNSS,2025-05-04T08:20:03.700Z,27.4077733,103.2273016,2490.956,24.471,-27.111,13.117,0.527,0.995,0.174,16
$GNSS,2025-05-04T08:20:03.750Z,27.4077844,103.2272879,2490.307,24.578,-27.170,13.094,0.527,0.996,0.174,16
$GNSS,2025-05-04T08:20:03.800Z,27.4077955,103.2272743,2489.650,24.706,-26.929,13.168,0.527,0.995,0.178,16
$GNSS,2025-05-04T08:20:03.850Z,27.4078067,103.2272607,2488.995,24.809,-26.915,13.085,0.527,0.995,0.178,16
$GNSS,2025-05-04T08:20:03.900Z,27.4078180,103.2272470,2488.335,24.868,-26.950,13.065,0.527,0.996,0.170,16
$GNSS,2025-05-04T08:20:03.950Z,27.4078292,103.2272334,2487.685,24.863,-27.035,12.891,0.527,0.996,0.170,16
$GNSS,2025-05-04T08:20:04.000Z,27.4078404,103.2272198,2487.031,24.902,-26.971,12.770,0.526,0.996,0.170,16
$GNSS,2025-05-04T08:20:04.050Z,27.4078517,103.2272062,2486.399,24.964,-26.862,12.710,0.526,0.996,0.169,16
$GNSS,2025-05-04T08:20:04.100Z,27.4078629,103.2271926,2485.772,24.983,-26.846,12.628,0.526,0.996,0.175,15
$GNSS,2025-05-04T08:20:04.150Z,27.4078743,103.2271790,2485.137,25.058,-26.892,12.511,0.526,0.996,0.175,15
$GNSS,2025-05-04T08:20:04.200Z,27.4078855,103.2271654,2484.511,25.015,-26.938,12.406,0.526,0.996,0.174,16
$GNSS,2025-05-04T08:20:04.250Z,27.4078968,103.2271518,2483.931,24.987,-26.941,12.211,0.526,0.995,0.172,16
$GNSS,2025-05-04T08:20:04.300Z,27.4079081,103.2271382,2483.319,25.093,-26.886,12.131,0.525,0.995,0.171,16
$GNSS,2025-05-04T08:20:04.350Z,27.4079194,103.2271246,2482.693,25.081,-26.903,12.094,0.525,0.995,0.171,16
$GNSS,2025-05-04T08:20:04.400Z,27.4079307,103.2271109,2482.071,24.981,-27.039,11.991,0.525,0.995,0.171,16
$GNSS,2025-05-04T08:20:04.450Z,27.4079420,103.2270973,2481.475,24.967,-26.981,12.010,0.525,0.994,0.171,16
$GNSS,2025-05-04T08:20:04.500Z,27.4079532,103.2270837,2480.886,24.967,-26.968,12.009,0.524,0.994,0.171,16
$GNSS,2025-05-04T08:20:04.550Z,27.4079645,103.2270700,2480.303,24.838,-27.051,11.838,0.524,0.994,0.170,16
$GNSS,2025-05-04T08:20:04.600Z,27.4079757,103.2270563,2479.717,24.875,-27.096,11.700,0.524,0.993,0.170,16
$GNSS,2025-05-04T08:20:04.650Z,27.4079869,103.2270426,2479.126,24.802,-27.105,11.615,0.524,0.993,0.170,16
$GNSS,2025-05-04T08:20:04.700Z,27.4079981,103.2270289,2478.545,24.723,-27.163,11.698,0.523,0.993,0.169,16
$GNSS,2025-05-04T08:20:04.750Z,27.4080092,103.2270150,2477.969,24.590,-27.288,11.733,0.523,0.992,0.169,16
$GNSS,2025-05-04T08:20:04.800Z,27.4080202,103.2270012,2477.376,24.497,-27.339,11.741,0.523,0.992,0.170,16
$GNSS,2025-05-04T08:20:04.850Z,27.4080313,103.2269874,2476.794,24.420,-27.380,11.637,0.523,0.992,0.165,16
$GNSS,2025-05-04T08:20:04.900Z,27.4080422,103.2269735,2476.219,24.189,-27.474,11.536,0.522,0.991,0.164,16
$GNSS,2025-05-04T08:20:04.950Z,27.4080530,103.2269595,2475.643,24.060,-27.596,11.615,0.522,0.991,0.164,16
$GNSS,2025-05-04T08:20:05.000Z,27.4080638,103.2269455,2475.065,23.876,-27.649,11.792,0.522,0.990,0.178,16
$GNSS,2025-05-04T08:20:05.050Z,27.4080745,103.2269315,2474.474,23.737,-27.766,11.869,0.522,0.990,0.178,16
$GNSS,2025-05-04T08:20:05.100Z,27.4080852,103.2269175,2473.888,23.535,-27.740,11.766,0.521,0.989,0.181,16
$GNSS,2025-05-04T08:20:05.150Z,27.4080957,103.2269033,2473.300,23.258,-27.966,11.753,0.521,0.989,0.181,16
$GNSS,2025-05-04T08:20:05.200Z,27.4081060,103.2268890,2472.720,22.872,-28.222,11.767,0.521,0.989,0.180,16
$GNSS,2025-05-04T08:20:05.250Z,27.4081162,103.2268747,2472.122,22.562,-28.311,11.910,0.521,0.988,0.179,16
$GNSS,2025-05-04T08:20:05.300Z,27.4081262,103.2268603,2471.523,22.236,-28.424,11.992,0.520,0.988,0.180,16
$GNSS,2025-05-04T08:20:05.350Z,27.4081360,103.2268459,2470.923,21.858,-28.563,12.171,0.520,0.987,0.180,16
$GNSS,2025-05-04T08:20:05.400Z,27.4081457,103.2268314,2470.305,21.490,-28.598,12.303,0.520,0.987,0.177,16
$GNSS,2025-05-04T08:20:05.450Z,27.4081553,103.2268168,2469.677,21.089,-28.762,12.416,0.520,0.986,0.178,16
$GNSS,2025-05-04T08:20:05.500Z,27.4081646,103.2268022,2469.046,20.678,-28.912,12.552,0.520,0.986,0.177,16
$GNSS,2025-05-04T08:20:05.550Z,27.4081737,103.2267874,2468.423,20.174,-29.111,12.695,0.520,0.985,0.168,16
$GNSS,2025-05-04T08:20:05.600Z,27.4081826,103.2267726,2467.774,19.824,-29.166,12.944,0.520,0.985,0.159,16
$GNSS,2025-05-04T08:20:05.650Z,27.4081913,103.2267578,2467.100,19.263,-29.282,13.330,0.519,0.984,0.160,16
$GNSS,2025-05-04T08:20:05.700Z,27.4081998,103.2267430,2466.417,18.722,-29.287,13.644,0.519,0.984,0.162,16
$GNSS,2025-05-04T08:20:05.750Z,27.4082080,103.2267281,2465.721,18.226,-29.340,13.962,0.520,0.983,0.165,16
$GNSS,2025-05-04T08:20:05.800Z,27.4082160,103.2267132,2465.004,17.642,-29.480,14.257,0.520,0.983,0.164,16
$GNSS,2025-05-04T08:20:05.850Z,27.4082237,103.2266983,2464.276,17.055,-29.485,14.522,0.520,0.983,0.165,16
$GNSS,2025-05-04T08:20:05.900Z,27.4082311,103.2266833,2463.527,16.547,-29.510,14.927,0.520,0.982,0.165,16
$GNSS,2025-05-04T08:20:05.950Z,27.4082383,103.2266684,2462.744,15.883,-29.502,15.372,0.520,0.982,0.161,16
$GNSS,2025-05-04T08:20:06.000Z,27.4082451,103.2266535,2461.956,15.203,-29.424,15.828,0.520,0.982,0.161,16
$GNSS,2025-05-04T08:20:06.050Z,27.4082517,103.2266387,2461.126,14.652,-29.194,16.426,0.520,0.982,0.163,16
$GNSS,2025-05-04T08:20:06.100Z,27.4082580,103.2266240,2460.281,14.032,-29.057,16.932,0.520,0.981,0.175,16
$GNSS,2025-05-04T08:20:06.150Z,27.4082641,103.2266093,2459.403,13.459,-29.034,17.463,0.520,0.981,0.176,16
$GNSS,2025-05-04T08:20:06.200Z,27.4082698,103.2265947,2458.493,12.869,-28.909,17.975,0.520,0.981,0.171,16
$GNSS,2025-05-04T08:20:06.250Z,27.4082754,103.2265803,2457.545,12.290,-28.619,18.503,0.521,0.981,0.178,16
$GNSS,2025-05-04T08:20:06.300Z,27.4082806,103.2265660,2456.580,11.682,-28.307,19.097,0.521,0.981,0.173,16
$GNSS,2025-05-04T08:20:06.350Z,27.4082856,103.2265519,2455.579,11.184,-28.045,19.875,0.521,0.981,0.174,16
$GNSS,2025-05-04T08:20:06.400Z,27.4082905,103.2265378,2454.543,10.780,-27.782,20.500,0.521,0.981,0.172,16
$GNSS,2025-05-04T08:20:06.450Z,27.4082950,103.2265239,2453.498,10.293,-27.472,20.971,0.522,0.981,0.178,16
$GNSS,2025-05-04T08:20:06.500Z,27.4082994,103.2265102,2452.406,9.735,-27.073,21.660,0.522,0.981,0.181,16
$GNSS,2025-05-04T08:20:06.550Z,27.4083036,103.2264969,2451.270,9.331,-26.695,22.205,0.523,0.981,0.183,16
$GNSS,2025-05-04T08:20:06.600Z,27.4083076,103.2264837,2450.099,8.926,-26.256,22.878,0.523,0.981,0.189,16
$GNSS,2025-05-04T08:20:06.650Z,27.4083114,103.2264707,2448.924,8.628,-25.685,23.454,0.523,0.981,0.192,16
$GNSS,2025-05-04T08:20:06.700Z,27.4083153,103.2264581,2447.700,8.580,-25.036,24.073,0.524,0.982,0.197,16
$GNSS,2025-05-04T08:20:06.750Z,27.4083190,103.2264457,2446.443,8.388,-24.704,24.712,0.524,0.982,0.202,16
$GNSS,2025-05-04T08:20:06.800Z,27.4083226,103.2264338,2445.125,8.003,-23.952,25.500,0.525,0.983,0.209,16
$GNSS,2025-05-04T08:20:06.850Z,27.4083259,103.2264219,2443.786,7.553,-23.502,26.300,0.525,0.983,0.212,16
$GNSS,2025-05-04T08:20:06.900Z,27.4083294,103.2264105,2442.376,7.699,-23.065,27.036,0.526,0.984,0.218,16
$GNSS,2025-05-04T08:20:06.950Z,27.4083327,103.2263993,2440.999,7.596,-22.320,27.536,0.526,0.984,0.232,16
$GNSS,2025-05-04T08:20:07.000Z,27.4083361,103.2263884,2439.584,7.599,-21.757,28.038,0.526,0.985,0.241,16
$GNSS,2025-05-04T08:20:07.050Z,27.4083395,103.2263778,2438.110,7.648,-21.299,28.636,0.526,0.986,0.242,16
$GNSS,2025-05-04T08:20:07.100Z,27.4083430,103.2263676,2436.581,7.699,-20.814,29.305,0.527,0.987,0.232,16
$GNSS,2025-05-04T08:20:07.150Z,27.4083465,103.2263575,2435.087,7.747,-20.151,29.744,0.527,0.987,0.232,16
$GNSS,2025-05-04T08:20:07.200Z,27.4083501,103.2263477,2433.567,8.034,-19.728,30.168,0.527,0.988,0.247,16
$GNSS,2025-05-04T08:20:07.250Z,27.4083538,103.2263382,2431.983,8.241,-19.162,30.710,0.527,0.988,0.250,16
$GNSS,2025-05-04T08:20:07.300Z,27.4083577,103.2263291,2430.385,8.647,-18.567,31.061,0.528,0.989,0.257,16
$GNSS,2025-05-04T08:20:07.350Z,27.4083618,103.2263201,2428.773,9.085,-18.157,31.403,0.528,0.989,0.265,16
$GNSS,2025-05-04T08:20:07.400Z,27.4083660,103.2263114,2427.125,9.248,-17.687,31.953,0.529,0.990,0.263,16
$GNSS,2025-05-04T08:20:07.450Z,27.4083702,103.2263029,2425.523,9.519,-17.126,32.306,0.529,0.991,0.264,16
$GNSS,2025-05-04T08:20:07.500Z,27.4083747,103.2262945,2423.864,9.881,-16.888,32.634,0.529,0.991,0.269,16
$GNSS,2025-05-04T08:20:07.550Z,27.4083794,103.2262866,2422.151,10.451,-16.246,33.135,0.529,0.992,0.271,16
$GNSS,2025-05-04T08:20:07.600Z,27.4083843,103.2262789,2420.429,10.846,-15.658,33.427,0.530,0.992,0.274,16
$GNSS,2025-05-04T08:20:07.650Z,27.4083894,103.2262712,2418.705,11.194,-15.373,33.657,0.530,0.993,0.277,16
$GNSS,2025-05-04T08:20:07.700Z,27.4083947,103.2262636,2416.985,11.594,-15.206,33.910,0.530,0.993,0.277,16
$GNSS,2025-05-04T08:20:07.750Z,27.4084002,103.2262561,2415.244,12.034,-15.139,34.297,0.530,0.994,0.279,16
$GNSS,2025-05-04T08:20:07.800Z,27.4084059,103.2262487,2413.477,12.597,-14.846,34.625,0.530,0.994,0.278,16
$GNSS,2025-05-04T08:20:07.850Z,27.4084118,103.2262415,2411.669,13.071,-14.447,34.940,0.530,0.995,0.276,16
$GNSS,2025-05-04T08:20:07.900Z,27.4084179,103.2262342,2409.894,13.566,-14.370,35.113,0.531,0.995,0.275,16
$GNSS,2025-05-04T08:20:07.950Z,27.4084242,103.2262270,2408.106,13.861,-14.413,35.382,0.531,0.995,0.274,16
$GNSS,2025-05-04T08:20:08.000Z,27.4084308,103.2262198,2406.318,14.441,-14.220,35.635,0.531,0.995,0.307,16
$GNSS,2025-05-04T08:20:08.050Z,27.4084376,103.2262127,2404.507,15.007,-14.142,35.806,0.531,0.995,0.317,16
$GNSS,2025-05-04T08:20:08.100Z,27.4084444,103.2262055,2402.683,15.257,-14.225,35.827,0.531,0.995,0.270,16
$GNSS,2025-05-04T08:20:08.150Z,27.4084514,103.2261982,2400.888,15.500,-14.406,35.783,0.531,0.995,0.257,16
$GNSS,2025-05-04T08:20:08.200Z,27.4084586,103.2261908,2399.117,15.688,-14.600,35.767,0.531,0.994,0.259,16
$GNSS,2025-05-04T08:20:08.250Z,27.4084658,103.2261833,2397.311,15.930,-14.778,35.851,0.531,0.994,0.257,16
$GNSS,2025-05-04T08:20:08.300Z,27.4084731,103.2261757,2395.503,16.272,-14.996,35.907,0.531,0.994,0.251,16
$GNSS,2025-05-04T08:20:08.350Z,27.4084806,103.2261680,2393.700,16.480,-15.272,35.855,0.531,0.993,0.241,16
$GNSS,2025-05-04T08:20:08.400Z,27.4084881,103.2261600,2391.901,16.673,-15.769,35.852,0.531,0.993,0.244,16
$GNSS,2025-05-04T08:20:08.450Z,27.4084958,103.2261518,2390.108,16.888,-16.085,35.913,0.531,0.992,0.233,16
$GNSS,2025-05-04T08:20:08.500Z,27.4085035,103.2261434,2388.305,17.002,-16.483,36.008,0.530,0.992,0.226,16
$GNSS,2025-05-04T08:20:08.550Z,27.4085111,103.2261349,2386.497,16.799,-16.852,36.051,0.530,0.991,0.218,16
$GNSS,2025-05-04T08:20:08.600Z,27.4085186,103.2261261,2384.697,16.749,-17.342,36.015,0.530,0.991,0.216,16
$GNSS,2025-05-04T08:20:08.650Z,27.4085262,103.2261170,2382.897,16.701,-17.858,36.055,0.530,0.990,0.217,16
$GNSS,2025-05-04T08:20:08.700Z,27.4085336,103.2261077,2381.104,16.537,-18.231,36.093,0.530,0.990,0.216,16
$GNSS,2025-05-04T08:20:08.750Z,27.4085410,103.2260983,2379.295,16.291,-18.635,36.182,0.530,0.989,0.214,16
$GNSS,2025-05-04T08:20:08.800Z,27.4085482,103.2260886,2377.485,16.028,-18.991,36.247,0.530,0.989,0.213,16
$GNSS,2025-05-04T08:20:08.850Z,27.4085553,103.2260788,2375.671,15.686,-19.397,36.354,0.530,0.988,0.210,16
$GNSS,2025-05-04T08:20:08.900Z,27.4085622,103.2260687,2373.842,15.227,-19.759,36.548,0.529,0.988,0.209,16
$GNSS,2025-05-04T08:20:08.950Z,27.4085689,103.2260585,2372.007,14.852,-20.085,36.745,0.529,0.987,0.200,16
$GNSS,2025-05-04T08:20:09.000Z,27.4085753,103.2260481,2370.173,14.296,-20.552,36.885,0.529,0.987,0.198,16
$GNSS,2025-05-04T08:20:09.050Z,27.4085815,103.2260376,2368.325,13.748,-20.762,36.961,0.529,0.986,0.191,16
$GNSS,2025-05-04T08:20:09.100Z,27.4085874,103.2260269,2366.466,13.073,-21.049,37.133,0.529,0.986,0.190,16
$GNSS,2025-05-04T08:20:09.150Z,27.4085931,103.2260161,2364.598,12.478,-21.345,37.321,0.529,0.986,0.191,16
$GNSS,2025-05-04T08:20:09.200Z,27.4085984,103.2260052,2362.715,11.788,-21.458,37.563,0.529,0.985,0.191,16
$GNSS,2025-05-04T08:20:09.250Z,27.4086034,103.2259943,2360.820,11.029,-21.580,37.803,0.529,0.985,0.191,16
$GNSS,2025-05-04T08:20:09.300Z,27.4086079,103.2259833,2358.929,10.213,-21.675,38.053,0.529,0.985,0.192,16
$GNSS,2025-05-04T08:20:09.350Z,27.4086122,103.2259722,2357.026,9.517,-21.761,38.233,0.529,0.984,0.186,16
$GNSS,2025-05-04T08:20:09.400Z,27.4086162,103.2259612,2355.097,8.810,-21.733,38.519,0.529,0.984,0.186,16
$GNSS,2025-05-04T08:20:09.450Z,27.4086198,103.2259503,2353.159,8.009,-21.625,38.821,0.529,0.984,0.194,16
$GNSS,2025-05-04T08:20:09.500Z,27.4086230,103.2259394,2351.196,7.226,-21.565,39.181,0.529,0.984,0.196,16
$GNSS,2025-05-04T08:20:09.550Z,27.4086259,103.2259287,2349.217,6.401,-21.208,39.508,0.530,0.984,0.195,16
$GNSS,2025-05-04T08:20:09.600Z,27.4086284,103.2259180,2347.248,5.735,-21.029,39.740,0.530,0.984,0.196,16
$GNSS,2025-05-04T08:20:09.650Z,27.4086307,103.2259074,2345.240,5.171,-20.935,40.046,0.530,0.983,0.190,16
$GNSS,2025-05-04T08:20:09.700Z,27.4086327,103.2258969,2343.217,4.564,-20.838,40.348,0.530,0.983,0.194,16
$GNSS,2025-05-04T08:20:09.750Z,27.4086343,103.2258866,2341.190,3.729,-20.271,40.688,0.530,0.983,0.197,16
$GNSS,2025-05-04T08:20:09.800Z,27.4086358,103.2258766,2339.149,3.250,-19.805,40.916,0.531,0.983,0.198,16
$GNSS,2025-05-04T08:20:09.850Z,27.4086371,103.2258669,2337.056,2.886,-19.381,41.316,0.531,0.983,0.200,16
$GNSS,2025-05-04T08:20:09.900Z,27.4086382,103.2258572,2334.964,2.537,-19.265,41.661,0.531,0.983,0.203,16
$GNSS,2025-05-04T08:20:09.950Z,27.4086392,103.2258478,2332.852,2.236,-18.863,42.078,0.531,0.983,0.205,16
$GNSS,2025-05-04T08:20:10.000Z,27.4086399,103.2258386,2330.704,1.627,-18.346,42.501,0.532,0.983,0.208,16
$GNSS,2025-05-04T08:20:10.050Z,27.4086404,103.2258297,2328.549,1.163,-17.914,42.861,0.532,0.983,0.209,16
$GNSS,2025-05-04T08:20:10.100Z,27.4086406,103.2258210,2326.353,0.699,-17.423,43.442,0.532,0.983,0.210,16
$GNSS,2025-05-04T08:20:10.150Z,27.4086408,103.2258125,2324.146,0.340,-16.928,43.915,0.533,0.983,0.211,16
$GNSS,2025-05-04T08:20:10.200Z,27.4086408,103.2258042,2321.920,0.049,-16.668,44.204,0.533,0.983,0.211,16
$GNSS,2025-05-04T08:20:10.250Z,27.4086406,103.2257962,2319.660,-0.290,-16.163,44.604,0.533,0.983,0.212,16
$GNSS,2025-05-04T08:20:10.300Z,27.4086402,103.2257886,2317.373,-0.887,-15.373,45.146,0.533,0.983,0.213,15
$GNSS,2025-05-04T08:20:10.350Z,27.4086396,103.2257810,2315.084,-1.269,-15.124,45.509,0.534,0.983,0.214,15
$GNSS,2025-05-04T08:20:10.400Z,27.4086388,103.2257737,2312.784,-1.793,-14.704,45.809,0.534,0.983,0.214,15
$GNSS,2025-05-04T08:20:10.450Z,27.4086377,103.2257666,2310.483,-2.273,-14.267,46.023,0.534,0.983,0.215,15
$GNSS,2025-05-04T08:20:10.500Z,27.4086364,103.2257596,2308.163,-2.685,-13.783,46.449,0.535,0.982,0.216,15
$GNSS,2025-05-04T08:20:10.550Z,27.4086349,103.2257530,2305.824,-3.147,-13.247,46.784,0.535,0.982,0.227,15
$GNSS,2025-05-04T08:20:10.600Z,27.4086331,103.2257466,2303.473,-3.842,-12.686,46.989,0.535,0.982,0.232,15
$GNSS,2025-05-04T08:20:10.650Z,27.4086310,103.2257405,2301.119,-4.493,-12.193,47.124,0.535,0.982,0.233,15
$GNSS,2025-05-04T08:20:10.700Z,27.4086287,103.2257346,2298.737,-5.145,-11.841,47.309,0.535,0.982,0.232,15
$GNSS,2025-05-04T08:20:10.750Z,27.4086261,103.2257289,2296.353,-5.600,-11.400,47.594,0.535,0.982,0.230,15
$GNSS,2025-05-04T08:20:10.800Z,27.4086234,103.2257234,2293.966,-5.986,-11.054,47.841,0.535,0.982,0.226,15
$GNSS,2025-05-04T08:20:10.850Z,27.4086204,103.2257181,2291.549,-6.464,-10.660,48.137,0.535,0.982,0.225,15
$GNSS,2025-05-04T08:20:10.900Z,27.4086172,103.2257129,2289.123,-6.992,-10.277,48.349,0.535,0.982,0.225,15
$GNSS,2025-05-04T08:20:10.950Z,27.4086138,103.2257081,2286.683,-7.592,-9.787,48.535,0.535,0.982,0.225,15
$GNSS,2025-05-04T08:20:11.000Z,27.4086101,103.2257033,2284.252,-8.132,-9.526,48.651,0.535,0.981,0.227,15
$GNSS,2025-05-04T08:20:11.050Z,27.4086062,103.2256987,2281.793,-8.524,-9.257,48.952,0.535,0.981,0.227,15
$GNSS,2025-05-04T08:20:11.100Z,27.4086020,103.2256944,2279.326,-9.223,-8.785,49.266,0.536,0.981,0.210,15
$GNSS,2025-05-04T08:20:11.150Z,27.4085976,103.2256902,2276.853,-9.568,-8.431,49.440,0.536,0.981,0.203,15
$GNSS,2025-05-04T08:20:11.200Z,27.4085931,103.2256861,2274.382,-10.025,-8.186,49.502,0.536,0.981,0.204,15
$GNSS,2025-05-04T08:20:11.250Z,27.4085883,103.2256822,2271.906,-10.450,-7.831,49.616,0.536,0.981,0.206,15
$GNSS,2025-05-04T08:20:11.300Z,27.4085833,103.2256784,2269.432,-10.995,-7.458,49.688,0.536,0.982,0.211,15
$GNSS,2025-05-04T08:20:11.350Z,27.4085782,103.2256749,2266.938,-11.370,-6.994,49.873,0.537,0.982,0.213,15
$GNSS,2025-05-04T08:20:11.400Z,27.4085728,103.2256716,2264.447,-11.883,-6.669,50.083,0.537,0.982,0.213,15
$GNSS,2025-05-04T08:20:11.450Z,27.4085672,103.2256684,2261.948,-12.358,-6.310,50.189,0.537,0.982,0.214,15
$GNSS,2025-05-04T08:20:11.500Z,27.4085614,103.2256655,2259.432,-12.916,-5.911,50.187,0.537,0.982,0.215,15
$GNSS,2025-05-04T08:20:11.550Z,27.4085553,103.2256628,2256.923,-13.395,-5.392,50.290,0.537,0.982,0.215,15
$GNSS,2025-05-04T08:20:11.600Z,27.4085491,103.2256603,2254.418,-13.845,-5.015,50.239,0.538,0.982,0.216,15
$GNSS,2025-05-04T08:20:11.650Z,27.4085426,103.2256581,2251.890,-14.300,-4.558,50.413,0.538,0.982,0.209,15
$GNSS,2025-05-04T08:20:11.700Z,27.4085360,103.2256561,2249.363,-14.765,-4.023,50.570,0.538,0.983,0.208,15
$GNSS,2025-05-04T08:20:11.750Z,27.4085291,103.2256543,2246.832,-15.188,-3.633,50.646,0.538,0.983,0.209,15
$GNSS,2025-05-04T08:20:11.800Z,27.4085220,103.2256528,2244.310,-15.685,-3.165,50.613,0.539,0.983,0.210,15
$GNSS,2025-05-04T08:20:11.850Z,27.4085147,103.2256514,2241.774,-16.076,-2.716,50.811,0.539,0.983,0.210,15
$GNSS,2025-05-04T08:20:11.900Z,27.4085073,103.2256503,2239.235,-16.505,-2.253,50.810,0.539,0.983,0.209,15
$GNSS,2025-05-04T08:20:11.950Z,27.4084997,103.2256495,2236.685,-17.022,-1.840,50.805,0.539,0.983,0.209,15
$GNSS,2025-05-04T08:20:12.000Z,27.4084918,103.2256489,2234.161,-17.436,-1.241,50.683,0.540,0.983,0.209,15
$GNSS,2025-05-04T08:20:12.050Z,27.4084838,103.2256486,2231.622,-17.796,-0.746,50.842,0.540,0.983,0.210,15
$GNSS,2025-05-04T08:20:12.100Z,27.4084755,103.2256485,2229.080,-18.220,-0.251,50.949,0.540,0.983,0.208,15
$GNSS,2025-05-04T08:20:12.150Z,27.4084671,103.2256487,2226.544,-18.667,0.215,50.925,0.540,0.983,0.208,15
$GNSS,2025-05-04T08:20:12.200Z,27.4084585,103.2256491,2224.009,-19.038,0.727,50.836,0.541,0.983,0.208,15
$GNSS,2025-05-04T08:20:12.250Z,27.4084497,103.2256498,2221.483,-19.485,1.236,50.763,0.541,0.983,0.208,15
$GNSS,2025-05-04T08:20:12.300Z,27.4084408,103.2256507,2218.959,-19.762,1.746,50.739,0.541,0.983,0.208,15
$GNSS,2025-05-04T08:20:12.350Z,27.4084317,103.2256519,2216.414,-20.114,2.204,50.871,0.541,0.983,0.208,15
$GNSS,2025-05-04T08:20:12.400Z,27.4084224,103.2256534,2213.874,-20.635,2.747,50.816,0.542,0.984,0.208,15
$GNSS,2025-05-04T08:20:12.450Z,27.4084130,103.2256551,2211.349,-20.923,3.202,50.596,0.542,0.984,0.208,15
$GNSS,2025-05-04T08:20:12.500Z,27.4084034,103.2256569,2208.856,-21.172,3.718,50.536,0.542,0.984,0.208,15
$GNSS,2025-05-04T08:20:12.550Z,27.4083937,103.2256591,2206.322,-21.574,4.259,50.681,0.543,0.984,0.209,15
$GNSS,2025-05-04T08:20:12.600Z,27.4083837,103.2256617,2203.798,-22.027,4.943,50.572,0.543,0.984,0.206,15
$GNSS,2025-05-04T08:20:12.650Z,27.4083737,103.2256645,2201.289,-22.395,5.458,50.334,0.543,0.984,0.207,15
$GNSS,2025-05-04T08:20:12.700Z,27.4083634,103.2256675,2198.772,-22.776,5.900,50.256,0.543,0.985,0.211,15
$GNSS,2025-05-04T08:20:12.750Z,27.4083530,103.2256707,2196.272,-23.134,6.226,50.198,0.544,0.985,0.213,15
$GNSS,2025-05-04T08:20:12.800Z,27.4083424,103.2256742,2193.765,-23.435,6.697,50.124,0.544,0.986,0.214,15
$GNSS,2025-05-04T08:20:12.850Z,27.4083317,103.2256779,2191.252,-23.752,7.279,50.135,0.544,0.986,0.215,15
$GNSS,2025-05-04T08:20:12.900Z,27.4083209,103.2256820,2188.756,-24.076,7.876,49.857,0.544,0.987,0.215,15
$GNSS,2025-05-04T08:20:12.950Z,27.4083100,103.2256863,2186.274,-24.442,8.303,49.553,0.544,0.987,0.216,15
$GNSS,2025-05-04T08:20:13.000Z,27.4082988,103.2256907,2183.802,-24.750,8.656,49.519,0.545,0.988,0.216,15
$GNSS,2025-05-04T08:20:13.050Z,27.4082875,103.2256953,2181.324,-25.011,9.075,49.561,0.545,0.988,0.217,15
$GNSS,2025-05-04T08:20:13.100Z,27.4082762,103.2257002,2178.848,-25.295,9.534,49.458,0.545,0.989,0.217,15
$GNSS,2025-05-04T08:20:13.150Z,27.4082646,103.2257053,2176.387,-25.658,9.986,49.308,0.545,0.989,0.217,15
$GNSS,2025-05-04T08:20:13.200Z,27.4082529,103.2257106,2173.936,-25.958,10.468,49.181,0.545,0.990,0.215,15
$GNSS,2025-05-04T08:20:13.250Z,27.4082410,103.2257162,2171.478,-26.320,10.929,49.094,0.546,0.990,0.214,15
$GNSS,2025-05-04T08:20:13.300Z,27.4082290,103.2257220,2169.045,-26.643,11.349,48.858,0.546,0.990,0.213,15
$GNSS,2025-05-04T08:20:13.350Z,27.4082168,103.2257278,2166.622,-26.943,11.622,48.697,0.546,0.991,0.212,15
$GNSS,2025-05-04T08:20:13.400Z,27.4082045,103.2257339,2164.201,-27.264,12.005,48.550,0.546,0.991,0.211,15
$GNSS,2025-05-04T08:20:13.450Z,27.4081921,103.2257402,2161.778,-27.625,12.277,48.374,0.546,0.991,0.208,15
$GNSS,2025-05-04T08:20:13.500Z,27.4081795,103.2257467,2159.360,-27.940,12.760,48.245,0.546,0.992,0.207,15
$GNSS,2025-05-04T08:20:13.550Z,27.4081668,103.2257534,2156.962,-28.161,13.190,48.162,0.546,0.992,0.210,15
$GNSS,2025-05-04T08:20:13.600Z,27.4081539,103.2257602,2154.570,-28.477,13.480,48.041,0.547,0.993,0.224,15
$GNSS,2025-05-04T08:20:13.650Z,27.4081409,103.2257672,2152.179,-28.742,13.755,47.903,0.547,0.993,0.231,15
$GNSS,2025-05-04T08:20:13.700Z,27.4081278,103.2257743,2149.801,-29.104,14.079,47.763,0.547,0.994,0.232,15
$GNSS,2025-05-04T08:20:13.750Z,27.4081145,103.2257816,2147.423,-29.385,14.428,47.622,0.548,0.995,0.232,15
$GNSS,2025-05-04T08:20:13.800Z,27.4081011,103.2257891,2145.056,-29.705,14.651,47.453,0.548,0.996,0.232,15
$GNSS,2025-05-04T08:20:13.850Z,27.4080876,103.2257966,2142.699,-29.876,14.839,47.273,0.549,0.997,0.230,15
$GNSS,2025-05-04T08:20:13.900Z,27.4080740,103.2258043,2140.353,-30.153,15.279,47.137,0.549,0.998,0.230,15
$GNSS,2025-05-04T08:20:13.950Z,27.4080602,103.2258122,2138.016,-30.517,15.553,46.997,0.550,0.999,0.229,15
$GNSS,2025-05-04T08:20:14.000Z,27.4080463,103.2258202,2135.689,-30.776,15.889,46.869,0.550,0.999,0.227,15
$GNSS,2025-05-04T08:20:14.050Z,27.4080323,103.2258283,2133.371,-30.993,16.149,46.665,0.550,1.000,0.227,15
$GNSS,2025-05-04T08:20:14.100Z,27.4080182,103.2258366,2131.045,-31.214,16.203,46.534,0.551,1.001,0.224,15
$GNSS,2025-05-04T08:20:14.150Z,27.4080039,103.2258448,2128.741,-31.558,16.385,46.361,0.551,1.002,0.222,15
$GNSS,2025-05-04T08:20:14.200Z,27.4079896,103.2258533,2126.447,-31.707,16.756,46.331,0.551,1.002,0.222,15
$GNSS,2025-05-04T08:20:14.250Z,27.4079751,103.2258618,2124.167,-31.925,16.980,46.193,0.552,1.003,0.222,15
$GNSS,2025-05-04T08:20:14.300Z,27.4079605,103.2258704,2121.875,-32.200,17.051,46.135,0.552,1.004,0.221,15
$GNSS,2025-05-04T08:20:14.350Z,27.4079457,103.2258790,2119.617,-32.569,17.140,45.944,0.553,1.005,0.221,15
$GNSS,2025-05-04T08:20:14.400Z,27.4079309,103.2258877,2117.365,-32.724,17.370,45.868,0.553,1.005,0.221,15
$GNSS,2025-05-04T08:20:14.450Z,27.4079160,103.2258965,2115.100,-32.991,17.445,45.667,0.553,1.006,0.221,15
$GNSS,2025-05-04T08:20:14.500Z,27.4079010,103.2259053,2112.833,-33.252,17.478,45.381,0.554,1.007,0.223,15
$GNSS,2025-05-04T08:20:14.550Z,27.4078858,103.2259143,2110.594,-33.494,17.686,45.123,0.554,1.007,0.224,15
$GNSS,2025-05-04T08:20:14.600Z,27.4078705,103.2259232,2108.380,-33.905,17.794,44.952,0.554,1.008,0.224,15
$GNSS,2025-05-04T08:20:14.650Z,27.4078548,103.2259322,2106.189,-34.444,17.999,44.717,0.555,1.009,0.224,15
$GNSS,2025-05-04T08:20:14.700Z,27.4078391,103.2259414,2104.005,-34.793,18.134,44.332,0.555,1.010,0.224,15
$GNSS,2025-05-04T08:20:14.750Z,27.4078232,103.2259505,2101.832,-35.046,18.253,44.000,0.556,1.010,0.224,15
$GNSS,2025-05-04T08:20:14.800Z,27.4078072,103.2259599,2099.666,-35.337,18.480,43.834,0.556,1.011,0.224,15
$GNSS,2025-05-04T08:20:14.850Z,27.4077909,103.2259691,2097.535,-35.825,18.541,43.528,0.556,1.012,0.223,15
$GNSS,2025-05-04T08:20:14.900Z,27.4077745,103.2259786,2095.410,-36.210,18.811,43.141,0.557,1.012,0.224,15
$GNSS,2025-05-04T08:20:14.950Z,27.4077580,103.2259880,2093.322,-36.442,18.741,42.721,0.557,1.013,0.223,15
$GNSS,2025-05-04T08:20:15.000Z,27.4077413,103.2259974,2091.241,-36.761,18.765,42.418,0.557,1.014,0.225,15
$GNSS,2025-05-04T08:20:15.050Z,27.4077246,103.2260070,2089.134,-37.044,18.941,42.242,0.558,1.015,0.225,15
$GNSS,2025-05-04T08:20:15.100Z,27.4077077,103.2260166,2087.052,-37.444,18.942,41.988,0.558,1.015,0.225,15
$GNSS,2025-05-04T08:20:15.150Z,27.4076907,103.2260262,2084.998,-37.584,19.056,41.673,0.559,1.016,0.224,15
$GNSS,2025-05-04T08:20:15.200Z,27.4076734,103.2260356,2082.966,-38.026,18.870,41.394,0.559,1.017,0.224,15
$GNSS,2025-05-04T08:20:15.250Z,27.4076560,103.2260451,2080.962,-38.358,18.865,41.032,0.560,1.018,0.224,15
$GNSS,2025-05-04T08:20:15.300Z,27.4076386,103.2260546,2078.928,-38.752,18.898,40.808,0.560,1.019,0.222,15
$GNSS,2025-05-04T08:20:15.350Z,27.4076209,103.2260642,2076.932,-39.019,18.920,40.513,0.560,1.019,0.222,15
$GNSS,2025-05-04T08:20:15.400Z,27.4076031,103.2260737,2074.955,-39.222,18.906,40.184,0.561,1.020,0.223,15
$GNSS,2025-05-04T08:20:15.450Z,27.4075852,103.2260831,2072.992,-39.584,18.749,39.842,0.561,1.021,0.221,15
$GNSS,2025-05-04T08:20:15.500Z,27.4075672,103.2260924,2071.043,-39.911,18.522,39.581,0.562,1.022,0.224,15
$GNSS,2025-05-04T08:20:15.550Z,27.4075490,103.2261017,2069.100,-40.249,18.463,39.289,0.562,1.023,0.221,15
$GNSS,2025-05-04T08:20:15.600Z,27.4075307,103.2261110,2067.147,-40.548,18.479,39.144,0.563,1.024,0.220,15
$GNSS,2025-05-04T08:20:15.650Z,27.4075122,103.2261201,2065.243,-40.827,18.108,38.814,0.563,1.025,0.219,15
$GNSS,2025-05-04T08:20:15.700Z,27.4074936,103.2261290,2063.325,-41.094,17.745,38.523,0.563,1.025,0.218,15
$GNSS,2025-05-04T08:20:15.750Z,27.4074748,103.2261378,2061.459,-41.513,17.540,38.259,0.564,1.026,0.217,15
$GNSS,2025-05-04T08:20:15.800Z,27.4074558,103.2261465,2059.597,-41.914,17.456,37.981,0.564,1.027,0.212,15
$GNSS,2025-05-04T08:20:15.850Z,27.4074368,103.2261551,2057.719,-42.149,17.029,37.645,0.565,1.028,0.212,15
$GNSS,2025-05-04T08:20:15.900Z,27.4074176,103.2261635,2055.901,-42.385,16.800,37.120,0.565,1.029,0.214,15
$GNSS,2025-05-04T08:20:15.950Z,27.4073984,103.2261721,2054.069,-42.469,16.931,36.972,0.566,1.030,0.218,15
$GNSS,2025-05-04T08:20:16.000Z,27.4073790,103.2261800,2052.236,-42.964,16.044,36.855,0.567,1.031,0.217,15
$GNSS,2025-05-04T08:20:16.050Z,27.4073593,103.2261877,2050.442,-43.479,15.500,36.606,0.567,1.031,0.188,15
$GNSS,2025-05-04T08:20:16.100Z,27.4073396,103.2261954,2048.644,-43.683,15.248,36.375,0.567,1.031,0.176,15
$GNSS,2025-05-04T08:20:16.150Z,27.4073198,103.2262031,2046.857,-43.749,15.185,36.241,0.567,1.031,0.173,15
$GNSS,2025-05-04T08:20:16.200Z,27.4072999,103.2262104,2045.076,-44.048,14.729,36.074,0.567,1.032,0.172,15
$GNSS,2025-05-04T08:20:16.250Z,27.4072799,103.2262177,2043.317,-44.101,14.533,35.798,0.567,1.032,0.171,15
$GNSS,2025-05-04T08:20:16.300Z,27.4072598,103.2262248,2041.563,-44.418,14.187,35.545,0.567,1.032,0.169,15
$GNSS,2025-05-04T08:20:16.350Z,27.4072397,103.2262318,2039.786,-44.677,13.774,35.475,0.567,1.032,0.171,15
$GNSS,2025-05-04T08:20:16.400Z,27.4072194,103.2262387,2038.037,-44.986,13.618,35.299,0.567,1.032,0.170,15
$GNSS,2025-05-04T08:20:16.450Z,27.4071990,103.2262453,2036.312,-45.090,13.227,35.028,0.567,1.032,0.169,15
$GNSS,2025-05-04T08:20:16.500Z,27.4071786,103.2262518,2034.581,-45.223,12.905,34.788,0.567,1.033,0.169,15
$GNSS,2025-05-04T08:20:16.550Z,27.4071581,103.2262582,2032.869,-45.419,12.788,34.541,0.568,1.033,0.170,15
$GNSS,2025-05-04T08:20:16.600Z,27.4071374,103.2262645,2031.192,-45.708,12.568,34.276,0.568,1.033,0.170,15
$GNSS,2025-05-04T08:20:16.650Z,27.4071167,103.2262708,2029.514,-45.649,12.456,33.953,0.568,1.034,0.174,15
$GNSS,2025-05-04T08:20:16.700Z,27.4070960,103.2262769,2027.876,-45.714,12.229,33.726,0.568,1.034,0.174,15
$GNSS,2025-05-04T08:20:16.750Z,27.4070751,103.2262827,2026.228,-46.247,11.730,33.530,0.568,1.035,0.178,15
$GNSS,2025-05-04T08:20:16.800Z,27.4070543,103.2262887,2024.580,-46.072,11.856,33.313,0.568,1.035,0.180,15
$GNSS,2025-05-04T08:20:16.850Z,27.4070332,103.2262944,2022.930,-46.465,11.448,33.095,0.568,1.036,0.184,15
$GNSS,2025-05-04T08:20:16.900Z,27.4070121,103.2263000,2021.308,-46.627,11.233,32.858,0.568,1.037,0.185,15
$GNSS,2025-05-04T08:20:16.950Z,27.4069911,103.2263056,2019.664,-46.721,11.033,32.834,0.568,1.038,0.186,15
$GNSS,2025-05-04T08:20:17.000Z,27.4069699,103.2263110,2018.037,-46.746,10.858,32.684,0.569,1.039,0.187,15
$GNSS,2025-05-04T08:20:17.050Z,27.4069487,103.2263164,2016.413,-47.016,10.629,32.345,0.569,1.040,0.187,15
$GNSS,2025-05-04T08:20:17.100Z,27.4069274,103.2263216,2014.815,-47.061,10.446,32.084,0.569,1.041,0.186,15
$GNSS,2025-05-04T08:20:17.150Z,27.4069061,103.2263268,2013.210,-47.196,10.321,32.015,0.569,1.041,0.187,15
$GNSS,2025-05-04T08:20:17.200Z,27.4068847,103.2263319,2011.617,-47.370,10.164,31.964,0.569,1.042,0.186,15
$GNSS,2025-05-04T08:20:17.250Z,27.4068632,103.2263370,2010.048,-47.589,10.162,31.773,0.569,1.043,0.187,15
$GNSS,2025-05-04T08:20:17.300Z,27.4068418,103.2263421,2008.474,-47.501,10.077,31.420,0.569,1.044,0.191,15
$GNSS,2025-05-04T08:20:17.350Z,27.4068203,103.2263470,2006.899,-47.608,9.800,31.227,0.569,1.045,0.191,15
$GNSS,2025-05-04T08:20:17.400Z,27.4067987,103.2263519,2005.354,-47.718,9.693,30.934,0.569,1.046,0.194,15
$GNSS,2025-05-04T08:20:17.450Z,27.4067771,103.2263568,2003.832,-47.929,9.734,30.748,0.570,1.047,0.195,15
$GNSS,2025-05-04T08:20:17.500Z,27.4067554,103.2263616,2002.312,-48.044,9.537,30.637,0.570,1.048,0.196,15
$GNSS,2025-05-04T08:20:17.550Z,27.4067337,103.2263664,2000.805,-48.015,9.603,30.351,0.570,1.049,0.194,15
$GNSS,2025-05-04T08:20:17.600Z,27.4067121,103.2263714,1999.278,-47.985,9.720,30.020,0.570,1.051,0.193,15
$GNSS,2025-05-04T08:20:17.650Z,27.4066902,103.2263763,1997.805,-48.277,9.736,29.831,0.570,1.052,0.193,15
$GNSS,2025-05-04T08:20:17.700Z,27.4066684,103.2263812,1996.356,-48.276,9.737,29.640,0.570,1.053,0.193,15
$GNSS,2025-05-04T08:20:17.750Z,27.4066466,103.2263862,1994.892,-48.233,9.926,29.419,0.571,1.054,0.189,15
$GNSS,2025-05-04T08:20:17.800Z,27.4066248,103.2263912,1993.416,-48.260,9.998,29.283,0.571,1.054,0.189,15
$GNSS,2025-05-04T08:20:17.850Z,27.4066029,103.2263963,1991.967,-48.482,10.079,29.080,0.571,1.055,0.189,15
$GNSS,2025-05-04T08:20:17.900Z,27.4065811,103.2264016,1990.526,-48.373,10.359,28.801,0.571,1.056,0.189,15
$GNSS,2025-05-04T08:20:17.950Z,27.4065593,103.2264068,1989.090,-48.372,10.328,28.717,0.571,1.057,0.185,15
$GNSS,2025-05-04T08:20:18.000Z,27.4065374,103.2264123,1987.693,-48.315,10.796,28.612,0.571,1.058,0.184,15
$GNSS,2025-05-04T08:20:18.050Z,27.4065157,103.2264179,1986.265,-48.121,11.048,28.643,0.571,1.058,0.186,15
$GNSS,2025-05-04T08:20:18.100Z,27.4064939,103.2264237,1984.855,-48.199,11.414,28.467,0.571,1.059,0.185,15
$GNSS,2025-05-04T08:20:18.150Z,27.4064722,103.2264297,1983.460,-48.130,11.812,28.275,0.571,1.060,0.182,15
$GNSS,2025-05-04T08:20:18.200Z,27.4064505,103.2264358,1982.040,-47.994,11.941,28.279,0.572,1.061,0.182,15
$GNSS,2025-05-04T08:20:18.250Z,27.4064289,103.2264420,1980.632,-47.957,12.260,28.218,0.572,1.062,0.188,15
$GNSS,2025-05-04T08:20:18.300Z,27.4064074,103.2264486,1979.204,-47.699,12.784,28.273,0.572,1.063,0.189,15
$GNSS,2025-05-04T08:20:18.350Z,27.4063861,103.2264553,1977.819,-47.209,13.241,28.325,0.572,1.063,0.188,15
$GNSS,2025-05-04T08:20:18.400Z,27.4063647,103.2264624,1976.434,-47.348,13.784,28.124,0.573,1.064,0.193,15
$GNSS,2025-05-04T08:20:18.450Z,27.4063434,103.2264693,1975.000,-47.265,13.807,28.248,0.573,1.065,0.192,15
$GNSS,2025-05-04T08:20:18.500Z,27.4063222,103.2264766,1973.610,-47.069,14.184,28.287,0.574,1.065,0.188,15
$GNSS,2025-05-04T08:20:18.550Z,27.4063009,103.2264838,1972.214,-47.119,14.288,28.337,0.574,1.066,0.186,15
$GNSS,2025-05-04T08:20:18.600Z,27.4062798,103.2264915,1970.776,-46.902,14.902,28.582,0.574,1.066,0.179,15
$GNSS,2025-05-04T08:20:18.650Z,27.4062585,103.2264991,1969.368,-46.921,15.107,28.713,0.575,1.067,0.178,15
$GNSS,2025-05-04T08:20:18.700Z,27.4062373,103.2265064,1967.918,-46.960,14.620,28.527,0.575,1.067,0.175,15
$GNSS,2025-05-04T08:20:18.750Z,27.4062164,103.2265144,1966.472,-46.517,15.435,28.548,0.575,1.067,0.168,15
$GNSS,2025-05-04T08:20:18.800Z,27.4061955,103.2265227,1965.031,-46.315,16.181,28.631,0.575,1.067,0.166,15
$GNSS,2025-05-04T08:20:18.850Z,27.4061747,103.2265312,1963.592,-46.179,16.652,28.737,0.576,1.068,0.172,15
$GNSS,2025-05-04T08:20:18.900Z,27.4061540,103.2265397,1962.169,-45.944,16.808,28.786,0.576,1.068,0.172,15
$GNSS,2025-05-04T08:20:18.950Z,27.4061332,103.2265482,1960.749,-45.874,16.772,28.871,0.576,1.068,0.174,15
$GNSS,2025-05-04T08:20:19.000Z,27.4061126,103.2265568,1959.334,-45.706,16.946,28.811,0.577,1.068,0.172,15
$GNSS,2025-05-04T08:20:19.050Z,27.4060920,103.2265656,1957.863,-45.701,17.263,29.083,0.577,1.069,0.173,15
$GNSS,2025-05-04T08:20:19.100Z,27.4060714,103.2265744,1956.414,-45.648,17.383,29.037,0.577,1.069,0.170,15
$GNSS,2025-05-04T08:20:19.150Z,27.4060509,103.2265833,1954.954,-45.491,17.546,29.173,0.577,1.069,0.172,15
$GNSS,2025-05-04T08:20:19.200Z,27.4060305,103.2265923,1953.505,-45.221,17.802,29.217,0.578,1.069,0.170,15
$GNSS,2025-05-04T08:20:19.250Z,27.4060100,103.2266014,1952.057,-45.314,17.968,29.218,0.578,1.069,0.171,15
$GNSS,2025-05-04T08:20:19.300Z,27.4059896,103.2266105,1950.595,-45.268,18.006,29.265,0.579,1.070,0.175,15
$GNSS,2025-05-04T08:20:19.350Z,27.4059692,103.2266197,1949.119,-45.164,18.201,29.395,0.579,1.070,0.177,15
$GNSS,2025-05-04T08:20:19.400Z,27.4059488,103.2266291,1947.645,-45.100,18.473,29.599,0.580,1.070,0.175,15
$GNSS,2025-05-04T08:20:19.450Z,27.4059284,103.2266383,1946.163,-45.241,18.279,29.537,0.580,1.070,0.175,15
$GNSS,2025-05-04T08:20:19.500Z,27.4059081,103.2266477,1944.685,-45.044,18.509,29.494,0.581,1.071,0.180,15
$GNSS,2025-05-04T08:20:19.550Z,27.4058878,103.2266572,1943.214,-44.966,18.637,29.536,0.582,1.071,0.181,15
$GNSS,2025-05-04T08:20:19.600Z,27.4058674,103.2266663,1941.754,-45.112,18.247,29.441,0.583,1.071,0.183,15
$GNSS,2025-05-04T08:20:19.650Z,27.4058471,103.2266758,1940.258,-44.966,18.648,29.708,0.583,1.071,0.184,15
$GNSS,2025-05-04T08:20:19.700Z,27.4058269,103.2266854,1938.770,-44.871,18.876,29.815,0.584,1.072,0.177,15
$GNSS,2025-05-04T08:20:19.750Z,27.4058067,103.2266950,1937.277,-44.758,18.937,29.779,0.585,1.072,0.176,15
$GNSS,2025-05-04T08:20:19.800Z,27.4057866,103.2267046,1935.797,-44.605,18.952,29.676,0.586,1.072,0.178,15
$GNSS,2025-05-04T08:20:19.850Z,27.4057664,103.2267143,1934.304,-44.679,19.112,29.914,0.587,1.072,0.183,15
$GNSS,2025-05-04T08:20:19.900Z,27.4057462,103.2267238,1932.802,-44.773,18.942,30.101,0.587,1.073,0.182,15
$GNSS,2025-05-04T08:20:19.950Z,27.4057260,103.2267335,1931.289,-44.727,19.113,30.146,0.588,1.073,0.185,15
$GNSS,2025-05-04T08:20:20.000Z,27.4057059,103.2267433,1929.783,-44.589,19.239,30.043,0.589,1.073,0.185,15
$GNSS,2025-05-04T08:20:20.050Z,27.4056858,103.2267529,1928.293,-44.579,19.143,30.115,0.590,1.074,0.183,15
$GNSS,2025-05-04T08:20:20.100Z,27.4056657,103.2267625,1926.770,-44.492,19.002,30.290,0.591,1.074,0.184,15
$GNSS,2025-05-04T08:20:20.150Z,27.4056455,103.2267722,1925.265,-44.676,19.165,30.320,0.592,1.074,0.188,15
$GNSS,2025-05-04T08:20:20.200Z,27.4056255,103.2267820,1923.742,-44.494,19.269,30.335,0.594,1.075,0.184,15
$GNSS,2025-05-04T08:20:20.250Z,27.4056055,103.2267918,1922.235,-44.389,19.421,30.312,0.595,1.075,0.184,15
$GNSS,2025-05-04T08:20:20.300Z,27.4055854,103.2268018,1920.731,-44.463,19.633,30.427,0.596,1.075,0.184,15
$GNSS,2025-05-04T08:20:20.350Z,27.4055654,103.2268119,1919.200,-44.409,19.791,30.577,0.597,1.076,0.179,15
$GNSS,2025-05-04T08:20:20.400Z,27.4055454,103.2268219,1917.662,-44.235,19.838,30.703,0.598,1.076,0.179,15
$GNSS,2025-05-04T08:20:20.450Z,27.4055255,103.2268320,1916.152,-44.141,19.892,30.611,0.599,1.076,0.185,15
$GNSS,2025-05-04T08:20:20.500Z,27.4055056,103.2268421,1914.614,-44.030,19.925,30.842,0.600,1.077,0.180,15
$GNSS,2025-05-04T08:20:20.550Z,27.4054856,103.2268522,1913.069,-44.161,19.933,31.041,0.601,1.077,0.179,15
$GNSS,2025-05-04T08:20:20.600Z,27.4054657,103.2268618,1911.521,-44.140,19.443,30.994,0.602,1.077,0.176,15
$GNSS,2025-05-04T08:20:20.650Z,27.4054457,103.2268717,1909.971,-44.219,19.466,30.989,0.603,1.078,0.176,15
$GNSS,2025-05-04T08:20:20.700Z,27.4054257,103.2268815,1908.401,-44.224,19.520,31.226,0.605,1.078,0.177,15
$GNSS,2025-05-04T08:20:20.750Z,27.4054058,103.2268915,1906.849,-44.199,19.680,31.409,0.606,1.078,0.177,15
$GNSS,2025-05-04T08:20:20.800Z,27.4053858,103.2269014,1905.287,-44.209,19.609,31.417,0.607,1.078,0.177,15
$GNSS,2025-05-04T08:20:20.850Z,27.4053659,103.2269113,1903.700,-44.092,19.554,31.460,0.608,1.079,0.176,14
$GNSS,2025-05-04T08:20:20.900Z,27.4053461,103.2269213,1902.137,-43.953,19.715,31.477,0.609,1.079,0.181,14
$GNSS,2025-05-04T08:20:20.950Z,27.4053263,103.2269315,1900.565,-43.900,19.989,31.697,0.610,1.079,0.183,14
$GNSS,2025-05-04T08:20:21.000Z,27.4053064,103.2269414,1898.973,-43.978,19.780,31.854,0.611,1.080,0.183,14
$GNSS,2025-05-04T08:20:21.050Z,27.4052865,103.2269512,1897.389,-44.025,19.463,31.826,0.611,1.080,0.184,14
$GNSS,2025-05-04T08:20:21.100Z,27.4052666,103.2269611,1895.796,-44.089,19.564,31.842,0.612,1.080,0.186,14
$GNSS,2025-05-04T08:20:21.150Z,27.4052467,103.2269710,1894.239,-44.004,19.553,31.838,0.613,1.080,0.212,14
$GNSS,2025-05-04T08:20:21.200Z,27.4052269,103.2269809,1892.642,-43.904,19.634,31.880,0.614,1.080,0.186,15
$GNSS,2025-05-04T08:20:21.250Z,27.4052070,103.2269905,1891.023,-44.063,19.223,32.121,0.614,1.081,0.189,15
$GNSS,2025-05-04T08:20:21.300Z,27.4051870,103.2269999,1889.428,-44.194,18.830,32.105,0.615,1.081,0.195,15
$GNSS,2025-05-04T08:20:21.350Z,27.4051671,103.2270099,1887.811,-44.020,19.417,32.251,0.615,1.081,0.200,15
$GNSS,2025-05-04T08:20:21.400Z,27.4051473,103.2270196,1886.210,-44.020,19.388,32.315,0.616,1.081,0.195,15
$GNSS,2025-05-04T08:20:21.450Z,27.4051272,103.2270292,1884.632,-44.287,19.050,32.142,0.616,1.082,0.191,15
$GNSS,2025-05-04T08:20:21.500Z,27.4051072,103.2270389,1883.015,-44.250,19.208,32.361,0.617,1.082,0.185,15
$GNSS,2025-05-04T08:20:21.550Z,27.4050874,103.2270486,1881.391,-44.015,19.216,32.393,0.617,1.082,0.208,15
$GNSS,2025-05-04T08:20:21.600Z,27.4050675,103.2270583,1879.767,-44.103,19.152,32.451,0.618,1.083,0.204,15
$GNSS,2025-05-04T08:20:21.650Z,27.4050475,103.2270679,1878.144,-44.183,19.146,32.699,0.618,1.083,0.203,15
$GNSS,2025-05-04T08:20:21.700Z,27.4050275,103.2270774,1876.550,-44.267,18.825,32.605,0.619,1.083,0.255,15
$GNSS,2025-05-04T08:20:21.750Z,27.4050074,103.2270867,1874.964,-44.350,18.538,32.278,0.619,1.083,0.259,15
$GNSS,2025-05-04T08:20:21.800Z,27.4049874,103.2270962,1873.341,-44.382,18.814,32.431,0.620,1.084,0.257,15
$GNSS,2025-05-04T08:20:21.850Z,27.4049673,103.2271056,1871.707,-44.378,18.617,32.671,0.620,1.084,0.248,15
$GNSS,2025-05-04T08:20:21.900Z,27.4049474,103.2271151,1870.074,-44.231,18.773,32.649,0.621,1.084,0.242,15
$GNSS,2025-05-04T08:20:21.950Z,27.4049273,103.2271245,1868.442,-44.372,18.661,32.637,0.621,1.085,0.213,14
$GNSS,2025-05-04T08:20:22.000Z,27.4049073,103.2271339,1866.807,-44.377,18.641,32.664,0.622,1.085,0.194,14
$GNSS,2025-05-04T08:20:22.050Z,27.4048872,103.2271431,1865.164,-44.522,18.433,32.735,0.622,1.085,0.192,14
$GNSS,2025-05-04T08:20:22.100Z,27.4048672,103.2271525,1863.541,-44.359,18.535,32.793,0.623,1.086,0.193,14
$GNSS,2025-05-04T08:20:22.150Z,27.4048471,103.2271617,1861.904,-44.473,18.310,32.793,0.624,1.086,0.192,14
$GNSS,2025-05-04T08:20:22.200Z,27.4048269,103.2271708,1860.276,-44.685,18.055,32.721,0.624,1.086,0.189,14
$GNSS,2025-05-04T08:20:22.250Z,27.4048067,103.2271798,1858.633,-44.661,17.930,32.815,0.625,1.087,0.191,14
$GNSS,2025-05-04T08:20:22.300Z,27.4047866,103.2271889,1856.999,-44.572,17.991,32.845,0.625,1.087,0.196,14
$GNSS,2025-05-04T08:20:22.350Z,27.4047664,103.2271979,1855.380,-44.611,17.847,32.838,0.626,1.087,0.196,14
$GNSS,2025-05-04T08:20:22.400Z,27.4047461,103.2272067,1853.732,-44.874,17.607,32.865,0.627,1.088,0.197,14
$GNSS,2025-05-04T08:20:22.450Z,27.4047260,103.2272158,1852.064,-44.799,17.757,32.793,0.628,1.088,0.194,14
$GNSS,2025-05-04T08:20:22.500Z,27.4047058,103.2272249,1850.429,-44.743,17.880,32.888,0.629,1.089,0.196,14
$GNSS,2025-05-04T08:20:22.550Z,27.4046856,103.2272338,1848.832,-44.643,17.774,32.968,0.629,1.089,0.195,14
$GNSS,2025-05-04T08:20:22.600Z,27.4046652,103.2272426,1847.166,-44.989,17.552,33.031,0.631,1.089,0.199,14
$GNSS,2025-05-04T08:20:22.650Z,27.4046449,103.2272514,1845.516,-44.975,17.486,32.896,0.632,1.090,0.202,14
$GNSS,2025-05-04T08:20:22.700Z,27.4046247,103.2272604,1843.889,-44.916,17.611,32.744,0.634,1.090,0.203,14
$GNSS,2025-05-04T08:20:22.750Z,27.4046044,103.2272692,1842.242,-44.915,17.547,32.820,0.636,1.091,0.203,14
$GNSS,2025-05-04T08:20:22.800Z,27.4045842,103.2272780,1840.625,-44.722,17.420,32.738,0.637,1.091,0.202,14
$GNSS,2025-05-04T08:20:22.850Z,27.4045639,103.2272866,1838.982,-44.945,17.282,32.882,0.639,1.092,0.202,14
$GNSS,2025-05-04T08:20:22.900Z,27.4045437,103.2272956,1837.332,-44.868,17.583,33.031,0.641,1.092,0.201,14
$GNSS,2025-05-04T08:20:22.950Z,27.4045231,103.2273040,1835.698,-45.196,17.103,32.859,0.642,1.093,0.196,14
$GNSS,2025-05-04T08:20:23.000Z,27.4045026,103.2273122,1834.051,-45.323,16.638,32.706,0.643,1.093,0.197,14
$GNSS,2025-05-04T08:20:23.050Z,27.4044823,103.2273208,1832.443,-45.111,16.806,32.664,0.645,1.093,0.195,14
$GNSS,2025-05-04T08:20:23.100Z,27.4044618,103.2273290,1830.817,-45.201,16.605,32.799,0.646,1.094,0.195,14
$GNSS,2025-05-04T08:20:23.150Z,27.4044415,103.2273379,1829.180,-45.068,17.130,32.805,0.647,1.094,0.194,14
$GNSS,2025-05-04T08:20:23.200Z,27.4044211,103.2273464,1827.528,-45.214,16.944,32.775,0.648,1.095,0.195,14
$GNSS,2025-05-04T08:20:23.250Z,27.4044007,103.2273550,1825.872,-45.233,16.993,32.703,0.650,1.095,0.195,14
$GNSS,2025-05-04T08:20:23.300Z,27.4043803,103.2273635,1824.239,-45.120,16.935,32.723,0.651,1.096,0.196,14
$GNSS,2025-05-04T08:20:23.350Z,27.4043600,103.2273722,1822.638,-45.097,17.091,32.793,0.653,1.096,0.198,14
$GNSS,2025-05-04T08:20:23.400Z,27.4043395,103.2273809,1821.002,-45.273,17.108,32.836,0.655,1.097,0.196,13
$GNSS,2025-05-04T08:20:23.450Z,27.4043193,103.2273899,1819.347,-44.950,17.422,32.727,0.656,1.097,0.196,13
$GNSS,2025-05-04T08:20:23.500Z,27.4042990,103.2273984,1817.708,-45.027,17.150,32.588,0.658,1.098,0.197,13
$GNSS,2025-05-04T08:20:23.550Z,27.4042789,103.2274077,1816.088,-44.797,17.789,32.678,0.660,1.098,0.246,13
$GNSS,2025-05-04T08:20:23.600Z,27.4042587,103.2274168,1814.445,-44.816,17.867,32.735,0.662,1.099,0.242,13
$GNSS,2025-05-04T08:20:23.650Z,27.4042385,103.2274258,1812.794,-44.731,17.817,32.832,0.664,1.099,0.271,13
$GNSS,2025-05-04T08:20:23.700Z,27.4042180,103.2274339,1811.134,-45.003,17.003,32.962,0.666,1.100,0.263,13
$GNSS,2025-05-04T08:20:23.750Z,27.4041977,103.2274425,1809.475,-45.014,16.965,33.002,0.668,1.100,0.258,13
$GNSS,2025-05-04T08:20:23.800Z,27.4041775,103.2274513,1807.815,-44.790,17.119,33.103,0.670,1.101,0.245,13
$GNSS,2025-05-04T08:20:23.850Z,27.4041572,103.2274600,1806.204,-44.988,17.208,33.020,0.673,1.102,0.230,13
$GNSS,2025-05-04T08:20:23.900Z,27.4041370,103.2274688,1804.558,-44.771,17.288,33.101,0.675,1.102,0.220,13
$GNSS,2025-05-04T08:20:23.950Z,27.4041170,103.2274781,1802.918,-44.577,17.798,33.109,0.678,1.103,0.206,12
$GNSS,2025-05-04T08:20:24.000Z,27.4040965,103.2274864,1801.279,-44.967,17.241,33.102,0.680,1.104,0.207,12
$GNSS,2025-05-04T08:20:24.050Z,27.4040763,103.2274949,1799.601,-44.741,16.972,33.222,0.684,1.104,0.210,12
$GNSS,2025-05-04T08:20:24.100Z,27.4040559,103.2275030,1797.939,-44.939,16.634,33.104,0.689,1.105,0.214,12
$GNSS,2025-05-04T08:20:24.150Z,27.4040358,103.2275119,1796.303,-44.729,17.010,33.040,0.692,1.106,0.212,12
$GNSS,2025-05-04T08:20:24.200Z,27.4040153,103.2275200,1794.648,-45.075,16.736,33.117,0.697,1.107,0.216,12
$GNSS,2025-05-04T08:20:24.250Z,27.4039950,103.2275288,1793.041,-45.091,16.916,32.970,0.701,1.107,0.215,12
$GNSS,2025-05-04T08:20:24.300Z,27.4039747,103.2275373,1791.412,-44.905,16.860,32.914,0.705,1.108,0.217,12
$GNSS,2025-05-04T08:20:24.350Z,27.4039543,103.2275453,1789.720,-45.040,16.507,32.946,0.709,1.109,0.218,12
$GNSS,2025-05-04T08:20:24.400Z,27.4039342,103.2275542,1788.086,-44.847,16.904,32.874,0.712,1.110,0.220,12
$GNSS,2025-05-04T08:20:24.450Z,27.4039139,103.2275627,1786.466,-45.041,16.938,32.970,0.716,1.111,0.222,12
$GNSS,2025-05-04T08:20:24.500Z,27.4038937,103.2275717,1784.859,-44.814,17.220,32.872,0.718,1.111,0.222,12
$GNSS,2025-05-04T08:20:24.550Z,27.4038732,103.2275791,1783.188,-44.935,16.289,33.133,0.720,1.112,0.225,12
$GNSS,2025-05-04T08:20:24.600Z,27.4038527,103.2275874,1781.597,-45.121,16.352,32.785,0.723,1.113,0.240,12
$GNSS,2025-05-04T08:20:24.650Z,27.4038322,103.2275951,1779.970,-45.212,15.934,32.560,0.726,1.115,0.251,12
$GNSS,2025-05-04T08:20:24.700Z,27.4038115,103.2276024,1778.331,-45.447,15.316,32.524,0.729,1.116,0.256,12
$GNSS,2025-05-04T08:20:24.750Z,27.4037909,103.2276100,1776.680,-45.636,15.272,32.636,0.732,1.118,0.265,12
$GNSS,2025-05-04T08:20:24.800Z,27.4037702,103.2276174,1775.035,-45.659,15.049,32.601,0.734,1.120,0.264,12
$GNSS,2025-05-04T08:20:24.850Z,27.4037493,103.2276241,1773.406,-45.881,14.368,32.571,0.735,1.121,0.275,12
$GNSS,2025-05-04T08:20:24.900Z,27.4037284,103.2276310,1771.791,-46.093,14.082,32.362,0.737,1.123,0.274,12
$GNSS,2025-05-04T08:20:24.950Z,27.4037076,103.2276382,1770.184,-46.050,14.137,32.202,0.739,1.125,0.276,12
$GNSS,2025-05-04T08:20:25.000Z,27.4036867,103.2276451,1768.586,-46.190,13.984,32.195,0.739,1.127,0.262,13
$GNSS,2025-05-04T08:20:25.050Z,27.4036658,103.2276523,1766.995,-46.371,14.089,32.099,0.740,1.129,0.255,13
$GNSS,2025-05-04T08:20:25.100Z,27.4036449,103.2276594,1765.458,-46.299,14.010,31.747,0.740,1.130,0.271,13
$GNSS,2025-05-04T08:20:25.150Z,27.4036241,103.2276663,1763.953,-46.091,13.829,31.342,0.741,1.131,0.329,13
$GNSS,2025-05-04T08:20:25.200Z,27.4036033,103.2276735,1762.518,-46.082,14.014,30.926,0.741,1.133,0.363,13
$GNSS,2025-05-04T08:20:25.250Z,27.4035822,103.2276802,1760.976,-46.548,13.506,31.135,0.742,1.134,0.336,13
$GNSS,2025-05-04T08:20:25.300Z,27.4035611,103.2276866,1759.418,-46.737,12.954,31.064,0.742,1.135,0.278,13
$GNSS,2025-05-04T08:20:25.350Z,27.4035398,103.2276927,1757.827,-47.109,12.449,31.030,0.743,1.135,0.267,13
$GNSS,2025-05-04T08:20:25.400Z,27.4035182,103.2276985,1756.275,-47.599,11.967,31.044,0.744,1.136,0.264,12
$GNSS,2025-05-04T08:20:25.450Z,27.4034972,103.2277051,1754.806,-46.746,12.530,30.524,0.744,1.137,0.253,12
$GNSS,2025-05-04T08:20:25.500Z,27.4034760,103.2277111,1753.292,-46.914,12.154,30.444,0.745,1.137,0.232,12
$GNSS,2025-05-04T08:20:25.550Z,27.4034547,103.2277170,1751.776,-47.278,11.798,30.427,0.745,1.138,0.234,12
$GNSS,2025-05-04T08:20:25.600Z,27.4034333,103.2277230,1750.270,-47.288,11.856,30.319,0.746,1.139,0.239,12
$GNSS,2025-05-04T08:20:25.650Z,27.4034118,103.2277289,1748.780,-47.510,11.786,30.289,0.746,1.139,0.242,12
$GNSS,2025-05-04T08:20:25.700Z,27.4033904,103.2277349,1747.332,-47.474,11.899,29.940,0.747,1.140,0.244,12
$GNSS,2025-05-04T08:20:25.750Z,27.4033689,103.2277409,1745.862,-47.634,11.832,29.648,0.748,1.141,0.241,12
$GNSS,2025-05-04T08:20:25.800Z,27.4033472,103.2277468,1744.407,-47.983,11.795,29.492,0.748,1.142,0.235,12
$GNSS,2025-05-04T08:20:25.850Z,27.4033255,103.2277526,1742.978,-48.027,11.553,29.192,0.749,1.143,0.239,12
$GNSS,2025-05-04T08:20:25.900Z,27.4033041,103.2277585,1741.544,-47.739,11.673,28.780,0.749,1.143,0.249,12
$GNSS,2025-05-04T08:20:25.950Z,27.4032824,103.2277647,1740.171,-47.915,12.059,28.420,0.750,1.144,0.249,12
$GNSS,2025-05-04T08:20:26.000Z,27.4032606,103.2277707,1738.778,-48.263,11.909,28.362,0.751,1.145,0.257,12
$GNSS,2025-05-04T08:20:26.050Z,27.4032388,103.2277766,1737.386,-48.289,11.867,28.053,0.752,1.146,0.258,12
$GNSS,2025-05-04T08:20:26.100Z,27.4032169,103.2277825,1736.053,-48.509,11.805,27.565,0.752,1.147,0.260,12
$GNSS,2025-05-04T08:20:26.150Z,27.4031950,103.2277887,1734.738,-48.463,12.065,27.114,0.753,1.148,0.260,12
$GNSS,2025-05-04T08:20:26.200Z,27.4031731,103.2277951,1733.441,-48.490,12.403,26.835,0.753,1.149,0.261,11
$GNSS,2025-05-04T08:20:26.250Z,27.4031513,103.2278013,1732.110,-48.432,12.406,26.600,0.754,1.150,0.255,12
$GNSS,2025-05-04T08:20:26.300Z,27.4031295,103.2278076,1730.800,-48.472,12.536,26.284,0.755,1.150,0.253,11
$GNSS,2025-05-04T08:20:26.350Z,27.4031075,103.2278144,1729.585,-48.479,13.048,25.893,0.755,1.151,0.248,11
$GNSS,2025-05-04T08:20:26.400Z,27.4030855,103.2278211,1728.376,-48.465,13.195,25.525,0.756,1.152,0.250,11
$GNSS,2025-05-04T08:20:26.450Z,27.4030633,103.2278279,1727.177,-48.755,13.487,25.221,0.756,1.153,0.273,12
$GNSS,2025-05-04T08:20:26.500Z,27.4030412,103.2278349,1725.978,-48.718,13.748,24.957,0.757,1.154,0.277,12
$GNSS,2025-05-04T08:20:26.550Z,27.4030192,103.2278421,1724.806,-48.536,14.058,24.540,0.758,1.156,0.276,12
$GNSS,2025-05-04T08:20:26.600Z,27.4029977,103.2278496,1723.629,-47.995,14.786,24.096,0.759,1.157,0.266,12
$GNSS,2025-05-04T08:20:26.650Z,27.4029758,103.2278572,1722.486,-48.210,14.915,23.799,0.759,1.158,0.259,12
$GNSS,2025-05-04T08:20:26.700Z,27.4029539,103.2278648,1721.362,-48.202,15.080,23.504,0.760,1.159,0.260,12
$GNSS,2025-05-04T08:20:26.750Z,27.4029322,103.2278727,1720.235,-47.879,15.462,23.267,0.761,1.161,0.259,12
$GNSS,2025-05-04T08:20:26.800Z,27.4029104,103.2278806,1719.099,-48.127,15.582,23.220,0.762,1.162,0.260,12
$GNSS,2025-05-04T08:20:26.850Z,27.4028888,103.2278886,1717.964,-47.900,15.779,23.044,0.762,1.163,0.261,12
$GNSS,2025-05-04T08:20:26.900Z,27.4028671,103.2278968,1716.886,-47.789,16.126,22.689,0.763,1.165,0.260,12
$GNSS,2025-05-04T08:20:26.950Z,27.4028453,103.2279055,1715.839,-47.668,16.735,22.482,0.764,1.166,0.263,12
$GNSS,2025-05-04T08:20:27.000Z,27.4028236,103.2279146,1714.814,-47.573,17.397,22.291,0.765,1.168,0.265,12
$GNSS,2025-05-04T08:20:27.050Z,27.4028018,103.2279238,1713.796,-47.534,17.677,22.024,0.766,1.169,0.268,12
$GNSS,2025-05-04T08:20:27.100Z,27.4027802,103.2279328,1712.767,-47.613,17.696,21.758,0.767,1.171,0.270,12
$GNSS,2025-05-04T08:20:27.150Z,27.4027587,103.2279420,1711.710,-47.434,18.166,21.565,0.768,1.172,0.271,12
$GNSS,2025-05-04T08:20:27.200Z,27.4027375,103.2279518,1710.674,-46.908,18.849,21.373,0.769,1.174,0.275,12
$GNSS,2025-05-04T08:20:27.250Z,27.4027165,103.2279616,1709.616,-46.596,19.218,21.331,0.770,1.176,0.277,12
$GNSS,2025-05-04T08:20:27.300Z,27.4026956,103.2279714,1708.549,-46.459,19.422,21.291,0.771,1.177,0.277,12
$GNSS,2025-05-04T08:20:27.350Z,27.4026748,103.2279811,1707.474,-46.382,19.394,21.093,0.772,1.179,0.279,12
$GNSS,2025-05-04T08:20:27.400Z,27.4026541,103.2279912,1706.405,-46.052,20.016,20.929,0.774,1.180,0.278,12
$GNSS,2025-05-04T08:20:27.450Z,27.4026335,103.2280017,1705.368,-45.648,20.572,20.876,0.775,1.182,0.282,13
$GNSS,2025-05-04T08:20:27.500Z,27.4026131,103.2280120,1704.311,-45.480,20.477,20.834,0.776,1.184,0.282,13
$GNSS,2025-05-04T08:20:27.550Z,27.4025927,103.2280221,1703.245,-45.487,20.347,20.872,0.777,1.185,0.282,13
$GNSS,2025-05-04T08:20:27.600Z,27.4025724,103.2280327,1702.185,-45.110,20.835,20.921,0.778,1.187,0.281,13
$GNSS,2025-05-04T08:20:27.650Z,27.4025520,103.2280434,1701.170,-45.075,20.957,20.815,0.780,1.188,0.283,13
$GNSS,2025-05-04T08:20:27.700Z,27.4025318,103.2280534,1700.091,-45.218,20.461,20.741,0.781,1.190,0.283,13
$GNSS,2025-05-04T08:20:27.750Z,27.4025114,103.2280643,1699.101,-44.980,21.018,20.610,0.782,1.192,0.287,13
$GNSS,2025-05-04T08:20:27.800Z,27.4024911,103.2280754,1698.096,-44.793,21.480,20.610,0.783,1.193,0.289,13
$GNSS,2025-05-04T08:20:27.850Z,27.4024708,103.2280865,1697.122,-44.720,21.700,20.480,0.784,1.195,0.285,13
$GNSS,2025-05-04T08:20:27.900Z,27.4024506,103.2280973,1696.132,-44.674,21.388,20.386,0.785,1.197,0.289,13
$GNSS,2025-05-04T08:20:27.950Z,27.4024301,103.2281079,1695.165,-44.993,20.995,20.171,0.786,1.198,0.287,13
$GNSS,2025-05-04T08:20:28.000Z,27.4024098,103.2281185,1694.182,-44.938,20.948,20.028,0.787,1.200,0.280,13
$GNSS,2025-05-04T08:20:28.050Z,27.4023898,103.2281291,1693.162,-44.690,21.035,20.033,0.788,1.202,0.287,13
$GNSS,2025-05-04T08:20:28.100Z,27.4023696,103.2281396,1692.186,-44.759,20.880,19.908,0.789,1.203,0.286,13
$GNSS,2025-05-04T08:20:28.150Z,27.4023494,103.2281502,1691.207,-44.745,20.825,19.829,0.790,1.205,0.287,13
$GNSS,2025-05-04T08:20:28.200Z,27.4023290,103.2281606,1690.230,-45.000,20.555,19.880,0.791,1.207,0.288,13
$GNSS,2025-05-04T08:20:28.250Z,27.4023088,103.2281705,1689.218,-44.956,20.118,19.882,0.792,1.209,0.289,13
$GNSS,2025-05-04T08:20:28.300Z,27.4022885,103.2281804,1688.226,-45.049,19.822,19.791,0.792,1.211,0.279,13
$GNSS,2025-05-04T08:20:28.350Z,27.4022683,103.2281899,1687.208,-45.055,19.324,19.708,0.793,1.213,0.250,13
$GNSS,2025-05-04T08:20:28.400Z,27.4022481,103.2281994,1686.226,-45.020,19.033,19.568,0.793,1.214,0.249,13
$GNSS,2025-05-04T08:20:28.450Z,27.4022276,103.2282088,1685.262,-45.078,18.678,19.637,0.794,1.216,0.246,13
$GNSS,2025-05-04T08:20:28.500Z,27.4022071,103.2282181,1684.332,-45.208,18.400,19.581,0.794,1.217,0.246,13
$GNSS,2025-05-04T08:20:28.550Z,27.4021865,103.2282271,1683.356,-45.425,18.058,19.544,0.795,1.219,0.246,13
$GNSS,2025-05-04T08:20:28.600Z,27.4021659,103.2282359,1682.425,-45.566,17.602,19.298,0.795,1.221,0.246,13
$GNSS,2025-05-04T08:20:28.650Z,27.4021453,103.2282445,1681.496,-45.495,17.194,19.105,0.796,1.222,0.245,13
$GNSS,2025-05-04T08:20:28.700Z,27.4021247,103.2282530,1680.571,-45.543,16.944,18.971,0.796,1.224,0.249,13
$GNSS,2025-05-04T08:20:28.750Z,27.4021041,103.2282613,1679.651,-45.534,16.570,18.905,0.797,1.226,0.256,13
$GNSS,2025-05-04T08:20:28.800Z,27.4020834,103.2282696,1678.717,-45.672,16.474,18.901,0.797,1.228,0.257,13
$GNSS,2025-05-04T08:20:28.850Z,27.4020626,103.2282775,1677.801,-45.961,15.898,18.758,0.798,1.229,0.255,13
$GNSS,2025-05-04T08:20:28.900Z,27.4020420,103.2282851,1676.820,-46.021,15.390,18.718,0.798,1.230,0.239,13
$GNSS,2025-05-04T08:20:28.950Z,27.4020214,103.2282926,1675.867,-45.846,15.144,18.594,0.798,1.231,0.241,13
$GNSS,2025-05-04T08:20:29.000Z,27.4020008,103.2283000,1674.946,-45.731,14.902,18.510,0.799,1.232,0.241,13
$GNSS,2025-05-04T08:20:29.050Z,27.4019799,103.2283072,1674.087,-45.909,14.350,18.284,0.799,1.233,0.240,13
$GNSS,2025-05-04T08:20:29.100Z,27.4019589,103.2283143,1673.226,-46.162,14.232,18.016,0.799,1.235,0.254,13
$GNSS,2025-05-04T08:20:29.150Z,27.4019380,103.2283212,1672.378,-46.137,13.812,17.611,0.800,1.237,0.254,13
$GNSS,2025-05-04T08:20:29.200Z,27.4019172,103.2283276,1671.514,-46.156,13.167,17.399,0.800,1.239,0.251,13
$GNSS,2025-05-04T08:20:29.250Z,27.4018963,103.2283340,1670.669,-46.254,12.834,17.311,0.801,1.241,0.251,13
$GNSS,2025-05-04T08:20:29.300Z,27.4018753,103.2283403,1669.841,-46.355,12.586,17.151,0.801,1.243,0.250,13
$GNSS,2025-05-04T08:20:29.350Z,27.4018543,103.2283464,1669.026,-46.399,12.334,16.893,0.801,1.244,0.251,13
$GNSS,2025-05-04T08:20:29.400Z,27.4018334,103.2283522,1668.195,-46.320,11.761,16.761,0.802,1.246,0.250,12
$GNSS,2025-05-04T08:20:29.450Z,27.4018125,103.2283578,1667.377,-46.220,11.335,16.570,0.802,1.248,0.250,12
$GNSS,2025-05-04T08:20:29.500Z,27.4017916,103.2283631,1666.564,-46.246,10.763,16.454,0.802,1.250,0.249,12
$GNSS,2025-05-04T08:20:29.550Z,27.4017708,103.2283685,1665.751,-46.139,10.661,16.478,0.803,1.252,0.264,12
$GNSS,2025-05-04T08:20:29.600Z,27.4017499,103.2283737,1664.938,-46.199,10.428,16.516,0.804,1.255,0.267,12
$GNSS,2025-05-04T08:20:29.650Z,27.4017288,103.2283788,1664.124,-46.471,10.212,16.492,0.804,1.257,0.267,12
$GNSS,2025-05-04T08:20:29.700Z,27.4017080,103.2283838,1663.316,-46.251,9.959,16.380,0.805,1.260,0.267,12
$GNSS,2025-05-04T08:20:29.750Z,27.4016871,103.2283884,1662.504,-46.226,9.432,16.397,0.806,1.263,0.265,12
$GNSS,2025-05-04T08:20:29.800Z,27.4016661,103.2283927,1661.736,-46.245,8.881,16.137,0.806,1.266,0.265,12
$GNSS,2025-05-04T08:20:29.850Z,27.4016452,103.2283971,1660.967,-46.352,8.704,15.942,0.807,1.268,0.265,12
$GNSS,2025-05-04T08:20:29.900Z,27.4016242,103.2284011,1660.207,-46.283,8.306,15.787,0.808,1.271,0.264,12
$GNSS,2025-05-04T08:20:29.950Z,27.4016034,103.2284050,1659.408,-46.224,7.892,15.858,0.808,1.274,0.265,12
$GNSS,2025-05-04T08:20:30.000Z,27.4015825,103.2284087,1658.604,-46.282,7.566,15.754,0.809,1.277,0.264,12
$GNSS,2025-05-04T08:20:30.050Z,27.4015616,103.2284121,1657.843,-46.284,6.989,15.524,0.810,1.279,0.263,12
$GNSS,2025-05-04T08:20:30.100Z,27.4015408,103.2284153,1657.103,-46.204,6.542,15.343,0.810,1.282,0.262,13
$GNSS,2025-05-04T08:20:30.150Z,27.4015199,103.2284184,1656.338,-46.213,6.325,15.213,0.811,1.285,0.265,13
$GNSS,2025-05-04T08:20:30.200Z,27.4014990,103.2284212,1655.603,-46.283,5.847,15.172,0.811,1.287,0.263,13
$GNSS,2025-05-04T08:20:30.250Z,27.4014781,103.2284239,1654.880,-46.197,5.508,15.128,0.812,1.290,0.264,13
$GNSS,2025-05-04T08:20:30.300Z,27.4014572,103.2284263,1654.146,-46.132,5.052,14.939,0.813,1.292,0.263,13
$GNSS,2025-05-04T08:20:30.350Z,27.4014365,103.2284286,1653.407,-46.033,4.723,14.779,0.813,1.295,0.263,13
$GNSS,2025-05-04T08:20:30.400Z,27.4014157,103.2284307,1652.703,-45.957,4.363,14.612,0.814,1.297,0.260,13
$GNSS,2025-05-04T08:20:30.450Z,27.4013948,103.2284325,1652.042,-45.989,3.845,14.510,0.814,1.300,0.261,13
$GNSS,2025-05-04T08:20:30.500Z,27.4013739,103.2284341,1651.370,-46.177,3.483,14.358,0.815,1.302,0.261,13
$GNSS,2025-05-04T08:20:30.550Z,27.4013530,103.2284358,1650.719,-45.962,3.328,14.252,0.816,1.303,0.254,14
$GNSS,2025-05-04T08:20:30.600Z,27.4013323,103.2284372,1650.049,-45.800,2.953,14.149,0.816,1.305,0.252,14
$GNSS,2025-05-04T08:20:30.650Z,27.4013117,103.2284383,1649.365,-45.831,2.392,14.001,0.816,1.305,0.239,14
$GNSS,2025-05-04T08:20:30.700Z,27.4012911,103.2284391,1648.650,-45.851,1.843,13.726,0.817,1.305,0.236,14
$GNSS,2025-05-04T08:20:30.750Z,27.4012704,103.2284397,1647.987,-45.868,1.374,13.609,0.817,1.306,0.235,14
$GNSS,2025-05-04T08:20:30.800Z,27.4012498,103.2284403,1647.343,-45.647,1.218,13.492,0.817,1.306,0.234,14
$GNSS,2025-05-04T08:20:30.850Z,27.4012292,103.2284407,1646.714,-45.532,0.919,13.342,0.818,1.307,0.234,14
$GNSS,2025-05-04T08:20:30.900Z,27.4012086,103.2284408,1646.091,-45.661,0.467,13.160,0.818,1.307,0.233,14
$GNSS,2025-05-04T08:20:30.950Z,27.4011880,103.2284408,1645.488,-45.491,0.083,12.872,0.819,1.308,0.232,14
$GNSS,2025-05-04T08:20:31.000Z,27.4011677,103.2284405,1644.823,-45.422,-0.327,12.781,0.819,1.309,0.230,14
$GNSS,2025-05-04T08:20:31.050Z,27.4011472,103.2284401,1644.210,-45.311,-0.622,12.679,0.819,1.309,0.229,14
$GNSS,2025-05-04T08:20:31.100Z,27.4011266,103.2284396,1643.663,-45.323,-0.896,12.355,0.820,1.310,0.228,14
$GNSS,2025-05-04T08:20:31.150Z,27.4011062,103.2284390,1643.077,-45.215,-1.087,12.168,0.820,1.311,0.225,14
$GNSS,2025-05-04T08:20:31.200Z,27.4010858,103.2284383,1642.491,-45.111,-1.324,12.077,0.820,1.312,0.225,14
$GNSS,2025-05-04T08:20:31.250Z,27.4010657,103.2284375,1641.866,-44.946,-1.497,12.013,0.820,1.312,0.224,14
$GNSS,2025-05-04T08:20:31.300Z,27.4010454,103.2284365,1641.274,-44.950,-1.815,11.905,0.821,1.313,0.223,14
$GNSS,2025-05-04T08:20:31.350Z,27.4010251,103.2284354,1640.724,-44.902,-2.018,11.864,0.821,1.314,0.223,14
$GNSS,2025-05-04T08:20:31.400Z,27.4010047,103.2284342,1640.194,-44.773,-2.221,11.775,0.821,1.315,0.222,14
$GNSS,2025-05-04T08:20:31.450Z,27.4009845,103.2284330,1639.623,-44.714,-2.404,11.699,0.821,1.315,0.222,14
$GNSS,2025-05-04T08:20:31.500Z,27.4009644,103.2284317,1639.042,-44.672,-2.391,11.702,0.822,1.316,0.221,14
$GNSS,2025-05-04T08:20:31.550Z,27.4009442,103.2284305,1638.468,-44.675,-2.508,11.779,0.822,1.317,0.220,14
$GNSS,2025-05-04T08:20:31.600Z,27.4009240,103.2284290,1637.924,-44.532,-2.732,11.731,0.822,1.318,0.220,14
$GNSS,2025-05-04T08:20:31.650Z,27.4009038,103.2284276,1637.360,-44.446,-2.755,11.852,0.823,1.318,0.219,15
$GNSS,2025-05-04T08:20:31.700Z,27.4008838,103.2284261,1636.772,-44.257,-2.818,11.936,0.823,1.319,0.220,14
$GNSS,2025-05-04T08:20:31.750Z,27.4008637,103.2284245,1636.211,-44.342,-2.999,11.850,0.823,1.320,0.220,14
$GNSS,2025-05-04T08:20:31.800Z,27.4008437,103.2284228,1635.620,-44.450,-3.318,11.829,0.823,1.321,0.219,14
$GNSS,2025-05-04T08:20:31.850Z,27.4008238,103.2284210,1635.040,-44.161,-3.380,11.683,0.824,1.322,0.219,14
$GNSS,2025-05-04T08:20:31.900Z,27.4008039,103.2284193,1634.455,-44.072,-3.435,11.870,0.824,1.322,0.219,14
$GNSS,2025-05-04T08:20:31.950Z,27.4007839,103.2284175,1633.882,-44.009,-3.452,11.939,0.824,1.323,0.219,14
$GNSS,2025-05-04T08:20:32.000Z,27.4007641,103.2284158,1633.298,-43.927,-3.498,12.011,0.824,1.324,0.219,14
$GNSS,2025-05-04T08:20:32.050Z,27.4007443,103.2284139,1632.717,-43.817,-3.589,11.988,0.825,1.325,0.219,14
$GNSS,2025-05-04T08:20:32.100Z,27.4007246,103.2284119,1632.105,-43.753,-3.863,11.988,0.825,1.326,0.219,13
$GNSS,2025-05-04T08:20:32.150Z,27.4007050,103.2284100,1631.486,-43.587,-3.821,12.115,0.825,1.326,0.218,13
$GNSS,2025-05-04T08:20:32.200Z,27.4006854,103.2284080,1630.873,-43.388,-3.870,12.287,0.825,1.327,0.218,13
$GNSS,2025-05-04T08:20:32.250Z,27.4006657,103.2284059,1630.272,-43.385,-4.052,12.381,0.825,1.327,0.200,14
$GNSS,2025-05-04T08:20:32.300Z,27.4006462,103.2284038,1629.649,-43.240,-4.099,12.429,0.825,1.328,0.199,14
$GNSS,2025-05-04T08:20:32.350Z,27.4006267,103.2284017,1629.024,-43.314,-4.128,12.486,0.825,1.328,0.197,14
$GNSS,2025-05-04T08:20:32.400Z,27.4006072,103.2283996,1628.392,-43.173,-4.114,12.537,0.825,1.328,0.193,14
$GNSS,2025-05-04T08:20:32.450Z,27.4005878,103.2283973,1627.763,-43.047,-4.343,12.565,0.825,1.328,0.193,14
$GNSS,2025-05-04T08:20:32.500Z,27.4005683,103.2283951,1627.167,-42.871,-4.351,12.450,0.825,1.329,0.193,14
$GNSS,2025-05-04T08:20:32.550Z,27.4005490,103.2283928,1626.554,-42.919,-4.397,12.432,0.825,1.329,0.193,14
$GNSS,2025-05-04T08:20:32.600Z,27.4005296,103.2283905,1625.909,-42.949,-4.519,12.520,0.825,1.329,0.193,14
$GNSS,2025-05-04T08:20:32.650Z,27.4005102,103.2283882,1625.301,-42.928,-4.551,12.495,0.825,1.329,0.193,14
$GNSS,2025-05-04T08:20:32.700Z,27.4004909,103.2283858,1624.694,-42.743,-4.684,12.540,0.825,1.330,0.193,14
$GNSS,2025-05-04T08:20:32.750Z,27.4004716,103.2283832,1624.103,-42.549,-4.912,12.417,0.824,1.330,0.192,14
$GNSS,2025-05-04T08:20:32.800Z,27.4004525,103.2283806,1623.482,-42.455,-5.130,12.393,0.824,1.330,0.192,14
$GNSS,2025-05-04T08:20:32.850Z,27.4004333,103.2283780,1622.858,-42.534,-5.117,12.478,0.824,1.330,0.190,14
$GNSS,2025-05-04T08:20:32.900Z,27.4004141,103.2283755,1622.230,-42.438,-5.053,12.586,0.824,1.331,0.188,15
$GNSS,2025-05-04T08:20:32.950Z,27.4003948,103.2283728,1621.635,-42.503,-5.119,12.475,0.824,1.331,0.187,15
$GNSS,2025-05-04T08:20:33.000Z,27.4003757,103.2283700,1621.021,-42.404,-5.364,12.571,0.824,1.331,0.187,15
$GNSS,2025-05-04T08:20:33.050Z,27.4003567,103.2283671,1620.397,-42.054,-5.659,12.501,0.823,1.331,0.186,15
$GNSS,2025-05-04T08:20:33.100Z,27.4003377,103.2283641,1619.781,-42.070,-5.771,12.523,0.823,1.331,0.186,15
$GNSS,2025-05-04T08:20:33.150Z,27.4003187,103.2283610,1619.165,-42.063,-5.888,12.448,0.823,1.331,0.184,15
$GNSS,2025-05-04T08:20:33.200Z,27.4002997,103.2283579,1618.531,-42.085,-6.053,12.467,0.823,1.331,0.188,15
$GNSS,2025-05-04T08:20:33.250Z,27.4002808,103.2283548,1617.900,-41.951,-6.149,12.568,0.823,1.332,0.189,15
$GNSS,2025-05-04T08:20:33.300Z,27.4002619,103.2283518,1617.278,-41.902,-5.953,12.617,0.822,1.332,0.183,15
$GNSS,2025-05-04T08:20:33.350Z,27.4002430,103.2283486,1616.643,-41.760,-6.213,12.607,0.822,1.332,0.183,15
$GNSS,2025-05-04T08:20:33.400Z,27.4002242,103.2283453,1616.028,-41.631,-6.432,12.530,0.822,1.331,0.180,15
$GNSS,2025-05-04T08:20:33.450Z,27.4002055,103.2283419,1615.409,-41.529,-6.529,12.465,0.822,1.331,0.181,15
$GNSS,2025-05-04T08:20:33.500Z,27.4001868,103.2283385,1614.774,-41.585,-6.659,12.540,0.821,1.331,0.180,15
$GNSS,2025-05-04T08:20:33.550Z,27.4001680,103.2283351,1614.149,-41.571,-6.681,12.563,0.821,1.332,0.187,14
$GNSS,2025-05-04T08:20:33.600Z,27.4001493,103.2283316,1613.519,-41.344,-6.824,12.660,0.821,1.332,0.185,14
$GNSS,2025-05-04T08:20:33.650Z,27.4001307,103.2283281,1612.882,-41.378,-6.883,12.669,0.821,1.332,0.187,14
$GNSS,2025-05-04T08:20:33.700Z,27.4001121,103.2283244,1612.253,-41.119,-7.149,12.642,0.820,1.332,0.187,15
$GNSS,2025-05-04T08:20:33.750Z,27.4000936,103.2283207,1611.615,-41.055,-7.194,12.735,0.820,1.332,0.184,15
$GNSS,2025-05-04T08:20:33.800Z,27.4000751,103.2283171,1610.940,-41.090,-7.146,12.942,0.820,1.333,0.184,15
$GNSS,2025-05-04T08:20:33.850Z,27.4000566,103.2283135,1610.300,-41.041,-7.155,12.946,0.819,1.333,0.184,15
$GNSS,2025-05-04T08:20:33.900Z,27.4000381,103.2283098,1609.647,-41.016,-7.182,12.938,0.819,1.333,0.184,15
$GNSS,2025-05-04T08:20:33.950Z,27.4000196,103.2283060,1609.011,-40.902,-7.354,12.982,0.819,1.333,0.184,15
$GNSS,2025-05-04T08:20:34.000Z,27.4000012,103.2283022,1608.357,-40.756,-7.475,13.015,0.818,1.333,0.185,15
$GNSS,2025-05-04T08:20:34.050Z,27.3999829,103.2282984,1607.682,-40.619,-7.468,13.115,0.818,1.333,0.188,15
$GNSS,2025-05-04T08:20:34.100Z,27.3999645,103.2282948,1607.031,-40.770,-7.171,13.197,0.818,1.333,0.188,15
$GNSS,2025-05-04T08:20:34.150Z,27.3999462,103.2282909,1606.365,-40.638,-7.455,13.213,0.817,1.333,0.204,14
$GNSS,2025-05-04T08:20:34.200Z,27.3999279,103.2282871,1605.686,-40.548,-7.558,13.223,0.817,1.333,0.204,14
$GNSS,2025-05-04T08:20:34.250Z,27.3999096,103.2282834,1605.032,-40.468,-7.369,13.231,0.817,1.333,0.191,14
$GNSS,2025-05-04T08:20:34.300Z,27.3998914,103.2282797,1604.352,-40.446,-7.234,13.425,0.816,1.333,0.191,15
$GNSS,2025-05-04T08:20:34.350Z,27.3998732,103.2282761,1603.657,-40.314,-7.297,13.645,0.816,1.333,0.191,15
$GNSS,2025-05-04T08:20:34.400Z,27.3998551,103.2282724,1602.974,-40.188,-7.351,13.697,0.815,1.333,0.191,15
$GNSS,2025-05-04T08:20:34.450Z,27.3998369,103.2282687,1602.284,-40.287,-7.283,13.785,0.815,1.333,0.191,15
$GNSS,2025-05-04T08:20:34.500Z,27.3998188,103.2282651,1601.578,-40.272,-7.209,13.897,0.814,1.333,0.191,15
$GNSS,2025-05-04T08:20:34.550Z,27.3998007,103.2282616,1600.859,-40.257,-7.022,14.044,0.814,1.333,0.190,15
$GNSS,2025-05-04T08:20:34.600Z,27.3997827,103.2282581,1600.134,-39.987,-7.048,13.960,0.813,1.332,0.186,15
$GNSS,2025-05-04T08:20:34.650Z,27.3997647,103.2282546,1599.416,-40.095,-7.082,13.968,0.812,1.332,0.184,15
$GNSS,2025-05-04T08:20:34.700Z,27.3997467,103.2282511,1598.684,-39.976,-6.984,14.089,0.812,1.331,0.184,15
$GNSS,2025-05-04T08:20:34.750Z,27.3997285,103.2282473,1598.029,-40.034,-7.068,14.169,0.811,1.331,0.183,15
$GNSS,2025-05-04T08:20:34.800Z,27.3997104,103.2282439,1597.324,-40.088,-6.743,14.099,0.810,1.331,0.185,15
$GNSS,2025-05-04T08:20:34.850Z,27.3996924,103.2282405,1596.597,-40.108,-6.693,13.942,0.810,1.330,0.186,15
$GNSS,2025-05-04T08:20:34.900Z,27.3996743,103.2282370,1595.890,-40.091,-6.809,13.875,0.809,1.330,0.187,16
$GNSS,2025-05-04T08:20:34.950Z,27.3996563,103.2282335,1595.223,-39.945,-6.895,13.797,0.808,1.329,0.187,16
$GNSS,2025-05-04T08:20:35.000Z,27.3996382,103.2282300,1594.531,-39.970,-6.729,13.907,0.808,1.329,0.187,16
$GNSS,2025-05-04T08:20:35.050Z,27.3996203,103.2282266,1593.844,-39.866,-6.686,13.877,0.807,1.328,0.187,16
$GNSS,2025-05-04T08:20:35.100Z,27.3996023,103.2282233,1593.135,-39.874,-6.713,13.826,0.806,1.328,0.196,16
$GNSS,2025-05-04T08:20:35.150Z,27.3995842,103.2282200,1592.458,-40.079,-6.424,13.814,0.806,1.328,0.196,16
$GNSS,2025-05-04T08:20:35.200Z,27.3995662,103.2282165,1591.799,-39.795,-6.706,13.685,0.805,1.327,0.197,16
$GNSS,2025-05-04T08:20:35.250Z,27.3995483,103.2282131,1591.089,-39.666,-6.736,13.845,0.804,1.327,0.196,16
$GNSS,2025-05-04T08:20:35.300Z,27.3995304,103.2282096,1590.391,-39.646,-6.830,13.904,0.804,1.326,0.195,16
$GNSS,2025-05-04T08:20:35.350Z,27.3995126,103.2282061,1589.668,-39.689,-6.836,13.987,0.803,1.326,0.195,16
$GNSS,2025-05-04T08:20:35.400Z,27.3994948,103.2282026,1588.957,-39.514,-6.849,14.065,0.802,1.325,0.195,16
$GNSS,2025-05-04T08:20:35.450Z,27.3994769,103.2281991,1588.235,-39.572,-6.904,14.149,0.802,1.325,0.195,16
$GNSS,2025-05-04T08:20:35.500Z,27.3994591,103.2281956,1587.515,-39.537,-6.955,14.194,0.801,1.324,0.203,15
$GNSS,2025-05-04T08:20:35.550Z,27.3994413,103.2281920,1586.794,-39.542,-6.966,14.266,0.800,1.324,0.203,15
$GNSS,2025-05-04T08:20:35.600Z,27.3994235,103.2281885,1586.066,-39.426,-6.906,14.327,0.800,1.324,0.202,15
$GNSS,2025-05-04T08:20:35.650Z,27.3994058,103.2281849,1585.347,-39.337,-7.069,14.357,0.799,1.323,0.184,16
$GNSS,2025-05-04T08:20:35.700Z,27.3993880,103.2281812,1584.606,-39.496,-7.201,14.502,0.798,1.323,0.185,16
$GNSS,2025-05-04T08:20:35.750Z,27.3993702,103.2281774,1583.869,-39.424,-7.340,14.560,0.797,1.322,0.181,16
$GNSS,2025-05-04T08:20:35.800Z,27.3993524,103.2281735,1583.161,-39.367,-7.522,14.443,0.796,1.322,0.181,16
$GNSS,2025-05-04T08:20:35.850Z,27.3993347,103.2281696,1582.430,-39.404,-7.700,14.372,0.796,1.321,0.180,16
$GNSS,2025-05-04T08:20:35.900Z,27.3993170,103.2281655,1581.714,-39.255,-7.866,14.181,0.795,1.321,0.179,16
$GNSS,2025-05-04T08:20:35.950Z,27.3992993,103.2281614,1580.987,-39.253,-8.023,14.135,0.794,1.320,0.179,16
$GNSS,2025-05-04T08:20:36.000Z,27.3992816,103.2281572,1580.272,-39.269,-8.157,14.235,0.793,1.319,0.180,16
$GNSS,2025-05-04T08:20:36.050Z,27.3992639,103.2281529,1579.552,-39.290,-8.288,14.354,0.793,1.319,0.184,15
$GNSS,2025-05-04T08:20:36.100Z,27.3992462,103.2281485,1578.850,-39.155,-8.485,14.270,0.792,1.319,0.183,15
$GNSS,2025-05-04T08:20:36.150Z,27.3992285,103.2281441,1578.134,-39.127,-8.652,14.297,0.791,1.319,0.183,15
$GNSS,2025-05-04T08:20:36.200Z,27.3992109,103.2281398,1577.396,-38.989,-8.864,14.164,0.791,1.318,0.179,16
$GNSS,2025-05-04T08:20:36.250Z,27.3991933,103.2281353,1576.681,-39.034,-9.090,14.130,0.790,1.318,0.181,16
$GNSS,2025-05-04T08:20:36.300Z,27.3991757,103.2281307,1575.945,-38.946,-9.340,14.204,0.790,1.317,0.178,16
$GNSS,2025-05-04T08:20:36.350Z,27.3991581,103.2281261,1575.197,-38.931,-9.450,14.374,0.789,1.317,0.179,16
$GNSS,2025-05-04T08:20:36.400Z,27.3991407,103.2281213,1574.464,-38.565,-9.706,14.284,0.788,1.317,0.179,16
$GNSS,2025-05-04T08:20:36.450Z,27.3991232,103.2281165,1573.720,-38.625,-9.811,14.305,0.807,1.349,0.179,16
$GNSS,2025-05-04T08:20:36.500Z,27.3991057,103.2281114,1572.999,-38.645,-9.969,14.450,0.825,1.380,0.180,16
$GNSS,2025-05-04T08:20:36.550Z,27.3990882,103.2281064,1572.235,-38.655,-10.252,14.640,0.842,1.407,0.180,16
$GNSS,2025-05-04T08:20:36.600Z,27.3990709,103.2281012,1571.461,-38.462,-10.462,14.705,0.849,1.420,0.190,16
$GNSS,2025-05-04T08:20:36.650Z,27.3990535,103.2280960,1570.696,-38.387,-10.654,14.793,0.854,1.430,0.189,16
$GNSS,2025-05-04T08:20:36.700Z,27.3990363,103.2280906,1569.901,-38.174,-10.819,15.011,0.854,1.430,0.190,16
$GNSS,2025-05-04T08:20:36.750Z,27.3990191,103.2280851,1569.112,-38.027,-11.068,15.141,0.855,1.434,0.192,16
$GNSS,2025-05-04T08:20:36.800Z,27.3990020,103.2280795,1568.316,-37.978,-11.332,15.304,0.849,1.423,0.194,16
$GNSS,2025-05-04T08:20:36.850Z,27.3989848,103.2280737,1567.498,-37.991,-11.614,15.512,0.854,1.432,0.202,15
$GNSS,2025-05-04T08:20:36.900Z,27.3989678,103.2280679,1566.666,-37.901,-11.880,15.641,0.863,1.449,0.202,15
$GNSS,2025-05-04T08:20:36.950Z,27.3989507,103.2280617,1565.878,-37.599,-12.236,15.594,0.870,1.461,0.202,15
$GNSS,2025-05-04T08:20:37.000Z,27.3989338,103.2280554,1565.077,-37.502,-12.544,15.723,0.876,1.471,0.202,15
$GNSS,2025-05-04T08:20:37.050Z,27.3989169,103.2280490,1564.230,-37.353,-12.873,15.830,0.874,1.468,0.202,15
$GNSS,2025-05-04T08:20:37.100Z,27.3989002,103.2280425,1563.372,-37.248,-13.132,15.938,0.876,1.472,0.199,15
$GNSS,2025-05-04T08:20:37.150Z,27.3988834,103.2280358,1562.542,-37.250,-13.510,15.937,0.883,1.485,0.199,15
$GNSS,2025-05-04T08:20:37.200Z,27.3988667,103.2280289,1561.711,-36.898,-13.861,16.066,0.890,1.496,0.199,15
$GNSS,2025-05-04T08:20:37.250Z,27.3988501,103.2280218,1560.872,-36.636,-14.106,16.221,0.894,1.505,0.194,15
$GNSS,2025-05-04T08:20:37.300Z,27.3988336,103.2280146,1560.021,-36.528,-14.429,16.376,0.897,1.510,0.191,15
$GNSS,2025-05-04T08:20:37.350Z,27.3988172,103.2280073,1559.167,-36.389,-14.727,16.354,0.894,1.505,0.192,15
$GNSS,2025-05-04T08:20:37.400Z,27.3988008,103.2279998,1558.295,-36.296,-15.010,16.507,0.897,1.512,0.193,15
$GNSS,2025-05-04T08:20:37.450Z,27.3987846,103.2279922,1557.431,-36.057,-15.350,16.734,0.899,1.516,0.193,15
$GNSS,2025-05-04T08:20:37.500Z,27.3987684,103.2279844,1556.555,-35.809,-15.530,16.888,0.897,1.512,0.193,15
$GNSS,2025-05-04T08:20:37.550Z,27.3987523,103.2279766,1555.662,-35.733,-15.769,17.019,0.896,1.511,0.193,15
$GNSS,2025-05-04T08:20:37.600Z,27.3987362,103.2279685,1554.762,-35.567,-16.139,17.157,0.904,1.526,0.193,15
$GNSS,2025-05-04T08:20:37.650Z,27.3987202,103.2279604,1553.851,-35.398,-16.354,17.355,0.910,1.537,0.193,15
$GNSS,2025-05-04T08:20:37.700Z,27.3987044,103.2279521,1552.941,-35.180,-16.699,17.448,0.924,1.561,0.199,14
$GNSS,2025-05-04T08:20:37.750Z,27.3986886,103.2279437,1552.010,-35.030,-16.864,17.609,0.929,1.570,0.200,14
$GNSS,2025-05-04T08:20:37.800Z,27.3986729,103.2279350,1551.085,-34.788,-17.215,17.775,0.934,1.579,0.199,14
$GNSS,2025-05-04T08:20:37.850Z,27.3986573,103.2279262,1550.147,-34.560,-17.515,18.073,0.940,1.590,0.199,14
$GNSS,2025-05-04T08:20:37.900Z,27.3986418,103.2279174,1549.197,-34.334,-17.683,18.268,0.950,1.608,0.200,14
$GNSS,2025-05-04T08:20:37.950Z,27.3986264,103.2279084,1548.242,-34.175,-17.995,18.327,0.949,1.606,0.182,15
$GNSS,2025-05-04T08:20:38.000Z,27.3986110,103.2278989,1547.313,-34.015,-18.388,18.445,0.821,1.391,0.178,15
$GNSS,2025-05-04T08:20:38.050Z,27.3985958,103.2278895,1546.338,-33.807,-18.558,18.759,0.773,1.311,0.179,15
$GNSS,2025-05-04T08:20:38.100Z,27.3985806,103.2278799,1545.380,-33.587,-18.774,18.930,0.773,1.311,0.182,15
$GNSS,2025-05-04T08:20:38.150Z,27.3985656,103.2278701,1544.417,-33.389,-19.071,19.103,0.773,1.311,0.182,15
$GNSS,2025-05-04T08:20:38.200Z,27.3985506,103.2278602,1543.447,-33.197,-19.293,19.163,0.772,1.311,0.182,15
$GNSS,2025-05-04T08:20:38.250Z,27.3985358,103.2278502,1542.451,-32.966,-19.612,19.358,0.772,1.311,0.179,15
$GNSS,2025-05-04T08:20:38.300Z,27.3985211,103.2278402,1541.450,-32.740,-19.763,19.539,0.771,1.311,0.183,15
$GNSS,2025-05-04T08:20:38.350Z,27.3985064,103.2278299,1540.442,-32.676,-20.014,19.770,0.771,1.311,0.184,15
$GNSS,2025-05-04T08:20:38.400Z,27.3984918,103.2278195,1539.432,-32.490,-20.362,19.947,0.771,1.312,0.184,15
$GNSS,2025-05-04T08:20:38.450Z,27.3984773,103.2278092,1538.390,-32.283,-20.353,20.127,0.770,1.312,0.180,15
$GNSS,2025-05-04T08:20:38.500Z,27.3984629,103.2277986,1537.358,-32.042,-20.623,20.250,0.770,1.312,0.180,15
$GNSS,2025-05-04T08:20:38.550Z,27.3984485,103.2277879,1536.335,-31.860,-20.903,20.290,0.769,1.312,0.180,15
$GNSS,2025-05-04T08:20:38.600Z,27.3984343,103.2277772,1535.286,-31.738,-21.124,20.332,0.769,1.312,0.180,15
$GNSS,2025-05-04T08:20:38.650Z,27.3984201,103.2277664,1534.237,-31.588,-21.307,20.519,0.769,1.312,0.184,15
$GNSS,2025-05-04T08:20:38.700Z,27.3984059,103.2277555,1533.165,-31.538,-21.449,20.786,0.769,1.313,0.188,15
$GNSS,2025-05-04T08:20:38.750Z,27.3983918,103.2277445,1532.100,-31.394,-21.577,20.971,0.768,1.313,0.187,15
$GNSS,2025-05-04T08:20:38.800Z,27.3983777,103.2277334,1531.043,-31.257,-21.713,21.114,0.768,1.314,0.186,15
$GNSS,2025-05-04T08:20:38.850Z,27.3983637,103.2277223,1529.961,-31.086,-21.988,21.207,0.768,1.314,0.183,15
$GNSS,2025-05-04T08:20:38.900Z,27.3983497,103.2277110,1528.877,-30.966,-22.137,21.242,0.768,1.314,0.195,15
$GNSS,2025-05-04T08:20:38.950Z,27.3983359,103.2276998,1527.774,-30.678,-22.252,21.398,0.767,1.314,0.195,15
$GNSS,2025-05-04T08:20:39.000Z,27.3983220,103.2276884,1526.692,-30.779,-22.334,21.496,0.767,1.314,0.194,15
$GNSS,2025-05-04T08:20:39.050Z,27.3983082,103.2276771,1525.554,-30.717,-22.662,21.606,0.767,1.314,0.194,16
$GNSS,2025-05-04T08:20:39.100Z,27.3982944,103.2276659,1524.402,-30.651,-22.740,21.697,0.766,1.314,0.190,16
$GNSS,2025-05-04T08:20:39.150Z,27.3982806,103.2276546,1523.266,-30.561,-22.767,21.868,0.868,1.490,0.183,16
$GNSS,2025-05-04T08:20:39.200Z,27.3982668,103.2276431,1522.125,-30.517,-22.934,22.007,0.940,1.613,0.182,16
$GNSS,2025-05-04T08:20:39.250Z,27.3982531,103.2276316,1520.996,-30.367,-22.945,22.032,0.989,1.698,0.182,16
$GNSS,2025-05-04T08:20:39.300Z,27.3982393,103.2276200,1519.870,-30.395,-23.169,22.013,1.022,1.756,0.180,16
$GNSS,2025-05-04T08:20:39.350Z,27.3982257,103.2276082,1518.743,-30.451,-23.393,21.944,0.875,1.504,0.176,16
$GNSS,2025-05-04T08:20:39.400Z,27.3982120,103.2275963,1517.623,-30.424,-23.489,21.886,0.764,1.313,0.175,16
$GNSS,2025-05-04T08:20:39.450Z,27.3981984,103.2275843,1516.507,-30.284,-23.580,21.949,0.764,1.313,0.175,16
$GNSS,2025-05-04T08:20:39.550Z,27.3981711,103.2275603,1514.297,-30.234,-23.690,22.069,0.764,1.315,0.186,16
$GNSS,2025-05-04T08:20:39.600Z,27.3981575,103.2275482,1513.177,-30.289,-23.771,22.174,0.763,1.314,0.175,16
$GNSS,2025-05-04T08:20:39.650Z,27.3981438,103.2275361,1512.056,-30.288,-23.796,22.155,0.763,1.314,0.173,16
$GNSS,2025-05-04T08:20:39.700Z,27.3981303,103.2275240,1510.919,-30.193,-23.862,22.117,0.762,1.314,0.169,16
$GNSS,2025-05-04T08:20:39.750Z,27.3981167,103.2275121,1509.754,-30.207,-23.876,22.211,0.761,1.313,0.170,16
$GNSS,2025-05-04T08:20:39.800Z,27.3981032,103.2275000,1508.623,-30.171,-23.870,22.276,0.761,1.313,0.172,16
$GNSS,2025-05-04T08:20:39.850Z,27.3980896,103.2274881,1507.458,-30.164,-23.879,22.422,0.760,1.313,0.172,16
$GNSS,2025-05-04T08:20:39.900Z,27.3980759,103.2274761,1506.289,-30.259,-23.963,22.505,0.798,1.380,0.172,16
$GNSS,2025-05-04T08:20:39.950Z,27.3980623,103.2274642,1505.120,-30.384,-23.922,22.438,0.911,1.576,0.149,16
$GNSS,2025-05-04T08:20:40.000Z,27.3980486,103.2274522,1503.979,-30.378,-23.882,22.486,0.782,1.353,0.189,16
$GNSS,2025-05-04T08:20:40.050Z,27.3980349,103.2274401,1502.843,-30.365,-23.865,22.495,0.758,1.312,0.210,16
$GNSS,2025-05-04T08:20:40.100Z,27.3980213,103.2274281,1501.667,-30.343,-23.976,22.636,0.757,1.313,0.193,16
$GNSS,2025-05-04T08:20:40.150Z,27.3980076,103.2274163,1500.467,-30.399,-23.868,22.685,0.804,1.395,0.193,16
$GNSS,2025-05-04T08:20:40.200Z,27.3979939,103.2274043,1499.292,-30.472,-23.846,22.752,0.756,1.313,0.190,16
$GNSS,2025-05-04T08:20:40.250Z,27.3979802,103.2273921,1498.129,-30.524,-23.957,22.863,0.755,1.312,0.189,16
$GNSS,2025-05-04T08:20:40.300Z,27.3979664,103.2273801,1496.967,-30.591,-23.784,22.989,0.755,1.312,0.185,16
$GNSS,2025-05-04T08:20:40.350Z,27.3979527,103.2273681,1495.799,-30.645,-23.777,23.024,0.754,1.312,0.192,16
$GNSS,2025-05-04T08:20:40.400Z,27.3979388,103.2273560,1494.652,-30.743,-23.775,22.904,0.753,1.312,0.180,16
$GNSS,2025-05-04T08:20:40.450Z,27.3979250,103.2273440,1493.470,-30.766,-23.817,22.777,0.753,1.311,0.179,16
$GNSS,2025-05-04T08:20:40.500Z,27.3979111,103.2273320,1492.296,-30.922,-23.720,22.810,0.752,1.311,0.179,16
$GNSS,2025-05-04T08:20:40.550Z,27.3978972,103.2273200,1491.139,-31.022,-23.647,22.887,0.751,1.310,0.185,16
$GNSS,2025-05-04T08:20:40.600Z,27.3978831,103.2273080,1489.985,-31.128,-23.656,22.904,0.750,1.310,0.181,16
$GNSS,2025-05-04T08:20:40.650Z,27.3978691,103.2272961,1488.820,-31.208,-23.628,22.864,0.750,1.309,0.179,16
$GNSS,2025-05-04T08:20:40.700Z,27.3978551,103.2272841,1487.663,-31.205,-23.581,22.752,0.749,1.309,0.179,16
$GNSS,2025-05-04T08:20:40.750Z,27.3978410,103.2272723,1486.505,-31.268,-23.455,22.697,0.748,1.308,0.179,16
$GNSS,2025-05-04T08:20:40.800Z,27.3978269,103.2272605,1485.333,-31.430,-23.435,22.705,0.747,1.308,0.179,16
$GNSS,2025-05-04T08:20:40.850Z,27.3978127,103.2272485,1484.192,-31.506,-23.491,22.738,0.747,1.307,0.179,16
$GNSS,2025-05-04T08:20:40.900Z,27.3977985,103.2272367,1483.077,-31.518,-23.337,22.704,0.746,1.306,0.181,15
$GNSS,2025-05-04T08:20:40.950Z,27.3977842,103.2272249,1481.945,-31.725,-23.331,22.686,0.745,1.305,0.181,14
$GNSS,2025-05-04T08:20:41.000Z,27.3977698,103.2272132,1480.801,-31.833,-23.246,22.607,0.745,1.305,0.181,14
$GNSS,2025-05-04T08:20:41.050Z,27.3977555,103.2272015,1479.656,-31.900,-23.151,22.608,0.744,1.304,0.181,15
$GNSS,2025-05-04T08:20:41.100Z,27.3977410,103.2271899,1478.526,-32.059,-23.049,22.608,0.744,1.303,0.182,15
$GNSS,2025-05-04T08:20:41.150Z,27.3977265,103.2271783,1477.402,-32.123,-23.009,22.554,0.743,1.303,0.182,15
$GNSS,2025-05-04T08:20:41.200Z,27.3977120,103.2271666,1476.263,-32.215,-23.035,22.518,0.742,1.302,0.181,15
$GNSS,2025-05-04T08:20:41.250Z,27.3976975,103.2271551,1475.121,-32.254,-22.934,22.575,0.742,1.301,0.182,15
$GNSS,2025-05-04T08:20:41.300Z,27.3976829,103.2271436,1473.977,-32.370,-22.877,22.569,0.741,1.300,0.181,16
$GNSS,2025-05-04T08:20:41.350Z,27.3976683,103.2271321,1472.863,-32.502,-22.657,22.422,0.741,1.300,0.181,16
$GNSS,2025-05-04T08:20:41.400Z,27.3976536,103.2271207,1471.747,-32.562,-22.529,22.468,0.740,1.299,0.181,16
$GNSS,2025-05-04T08:20:41.450Z,27.3976389,103.2271093,1470.597,-32.743,-22.598,22.522,0.739,1.298,0.189,16
$GNSS,2025-05-04T08:20:41.500Z,27.3976241,103.2270980,1469.453,-32.858,-22.519,22.432,0.739,1.297,0.190,16
$GNSS,2025-05-04T08:20:41.550Z,27.3976093,103.2270867,1468.320,-32.871,-22.394,22.275,0.738,1.297,0.190,16
$GNSS,2025-05-04T08:20:41.600Z,27.3975945,103.2270754,1467.187,-32.969,-22.326,22.262,0.737,1.296,0.185,16
$GNSS,2025-05-04T08:20:41.650Z,27.3975795,103.2270643,1466.052,-33.265,-22.102,22.270,0.737,1.295,0.184,16
$GNSS,2025-05-04T08:20:41.700Z,27.3975645,103.2270531,1464.910,-33.350,-22.073,22.384,0.736,1.295,0.184,16
$GNSS,2025-05-04T08:20:41.750Z,27.3975495,103.2270420,1463.778,-33.335,-21.968,22.317,0.735,1.294,0.184,16
$GNSS,2025-05-04T08:20:41.800Z,27.3975345,103.2270310,1462.660,-33.382,-21.902,22.187,0.735,1.293,0.179,16
$GNSS,2025-05-04T08:20:41.850Z,27.3975193,103.2270200,1461.546,-33.582,-21.758,22.142,0.734,1.292,0.179,16
$GNSS,2025-05-04T08:20:41.900Z,27.3975042,103.2270090,1460.422,-33.685,-21.706,22.277,0.733,1.291,0.181,16
$GNSS,2025-05-04T08:20:41.950Z,27.3974890,103.2269981,1459.296,-33.637,-21.604,22.339,0.732,1.290,0.181,16
$GNSS,2025-05-04T08:20:42.000Z,27.3974738,103.2269873,1458.168,-33.697,-21.482,22.375,0.732,1.289,0.199,16
$GNSS,2025-05-04T08:20:42.050Z,27.3974585,103.2269764,1457.036,-33.878,-21.432,22.383,0.731,1.289,0.200,16
$GNSS,2025-05-04T08:20:42.100Z,27.3974432,103.2269657,1455.913,-33.968,-21.265,22.378,0.731,1.288,0.200,16
$GNSS,2025-05-04T08:20:42.150Z,27.3974279,103.2269550,1454.780,-34.061,-21.162,22.469,0.730,1.287,0.200,16
$GNSS,2025-05-04T08:20:42.200Z,27.3974125,103.2269442,1453.646,-34.118,-21.148,22.522,0.730,1.286,0.200,16
$GNSS,2025-05-04T08:20:42.250Z,27.3973971,103.2269336,1452.502,-34.138,-21.024,22.570,0.729,1.286,0.200,16
$GNSS,2025-05-04T08:20:42.300Z,27.3973817,103.2269230,1451.360,-34.213,-20.985,22.581,0.728,1.285,0.200,16
$GNSS,2025-05-04T08:20:42.350Z,27.3973662,103.2269124,1450.230,-34.338,-20.938,22.566,0.728,1.284,0.200,16
$GNSS,2025-05-04T08:20:42.400Z,27.3973507,103.2269019,1449.081,-34.375,-20.831,22.718,0.727,1.284,0.201,16
$GNSS,2025-05-04T08:20:42.450Z,27.3973352,103.2268914,1447.926,-34.453,-20.717,22.813,0.727,1.283,0.200,16
$GNSS,2025-05-04T08:20:42.500Z,27.3973196,103.2268809,1446.774,-34.604,-20.697,22.870,0.726,1.282,0.200,16
$GNSS,2025-05-04T08:20:42.550Z,27.3973039,103.2268705,1445.613,-34.757,-20.666,22.880,0.726,1.282,0.200,16
$GNSS,2025-05-04T08:20:42.600Z,27.3972883,103.2268601,1444.459,-34.631,-20.489,22.877,0.725,1.281,0.200,16
$GNSS,2025-05-04T08:20:42.650Z,27.3972727,103.2268498,1443.324,-34.606,-20.503,22.853,0.724,1.280,0.200,16
$GNSS,2025-05-04T08:20:42.700Z,27.3972570,103.2268394,1442.173,-34.713,-20.495,22.923,0.724,1.280,0.201,16
$GNSS,2025-05-04T08:20:42.750Z,27.3972413,103.2268291,1441.008,-34.883,-20.357,22.971,0.723,1.279,0.201,16
$GNSS,2025-05-04T08:20:42.800Z,27.3972256,103.2268188,1439.839,-34.988,-20.410,23.058,0.723,1.278,0.201,16
$GNSS,2025-05-04T08:20:42.850Z,27.3972098,103.2268085,1438.676,-35.022,-20.385,23.081,0.722,1.278,0.201,16
$GNSS,2025-05-04T08:20:42.900Z,27.3971940,103.2267982,1437.520,-34.992,-20.388,23.005,0.722,1.277,0.200,16
$GNSS,2025-05-04T08:20:42.950Z,27.3971783,103.2267879,1436.365,-35.005,-20.325,22.899,0.721,1.276,0.200,16
$GNSS,2025-05-04T08:20:43.000Z,27.3971625,103.2267776,1435.209,-35.050,-20.317,22.910,0.720,1.276,0.200,16
$GNSS,2025-05-04T08:20:43.050Z,27.3971467,103.2267674,1434.049,-35.073,-20.255,22.965,0.720,1.275,0.201,16
$GNSS,2025-05-04T08:20:43.100Z,27.3971309,103.2267571,1432.885,-35.055,-20.300,23.057,0.719,1.274,0.201,16
$GNSS,2025-05-04T08:20:43.150Z,27.3971150,103.2267469,1431.724,-35.237,-20.275,23.024,0.719,1.274,0.201,16
$GNSS,2025-05-04T08:20:43.200Z,27.3970991,103.2267366,1430.567,-35.255,-20.260,22.993,0.718,1.273,0.201,16
$GNSS,2025-05-04T08:20:43.250Z,27.3970832,103.2267263,1429.415,-35.304,-20.268,23.048,0.718,1.273,0.202,16
$GNSS,2025-05-04T08:20:43.300Z,27.3970674,103.2267161,1428.249,-35.265,-20.245,22.900,0.717,1.272,0.201,16
$GNSS,2025-05-04T08:20:43.350Z,27.3970515,103.2267059,1427.095,-35.291,-20.312,22.716,0.717,1.272,0.201,16
$GNSS,2025-05-04T08:20:43.400Z,27.3970356,103.2266956,1425.949,-35.290,-20.275,22.746,0.716,1.272,0.201,16
$GNSS,2025-05-04T08:20:43.450Z,27.3970196,103.2266853,1424.803,-35.398,-20.309,22.837,0.716,1.271,0.202,16
$GNSS,2025-05-04T08:20:43.500Z,27.3970036,103.2266751,1423.644,-35.515,-20.257,22.871,0.716,1.271,0.202,16
$GNSS,2025-05-04T08:20:43.550Z,27.3969877,103.2266649,1422.497,-35.448,-20.249,22.765,0.715,1.270,0.202,16
$GNSS,2025-05-04T08:20:43.600Z,27.3969718,103.2266547,1421.351,-35.379,-20.217,22.691,0.715,1.270,0.202,16
$GNSS,2025-05-04T08:20:43.650Z,27.3969558,103.2266445,1420.216,-35.537,-20.163,22.613,0.714,1.269,0.202,16
$GNSS,2025-05-04T08:20:43.700Z,27.3969397,103.2266342,1419.086,-35.605,-20.222,22.582,0.714,1.269,0.202,16
$GNSS,2025-05-04T08:20:43.750Z,27.3969236,103.2266240,1417.947,-35.745,-20.211,22.502,0.713,1.268,0.202,16
$GNSS,2025-05-04T08:20:43.800Z,27.3969076,103.2266138,1416.816,-35.717,-20.125,22.402,0.713,1.268,0.202,16
$GNSS,2025-05-04T08:20:43.850Z,27.3968915,103.2266037,1415.683,-35.689,-20.091,22.425,0.712,1.267,0.202,16
$GNSS,2025-05-04T08:20:43.900Z,27.3968754,103.2265935,1414.558,-35.670,-20.108,22.353,0.712,1.267,0.202,16
$GNSS,2025-05-04T08:20:43.950Z,27.3968593,103.2265834,1413.445,-35.760,-20.010,22.314,0.711,1.267,0.202,16
$GNSS,2025-05-04T08:20:44.000Z,27.3968432,103.2265733,1412.328,-35.845,-19.990,22.273,0.711,1.266,0.202,16
$GNSS,2025-05-04T08:20:44.050Z,27.3968270,103.2265632,1411.211,-35.954,-19.985,22.131,0.710,1.266,0.189,16
$GNSS,2025-05-04T08:20:44.100Z,27.3968108,103.2265532,1410.081,-35.931,-19.900,22.123,0.710,1.265,0.201,16
$GNSS,2025-05-04T08:20:44.150Z,27.3967947,103.2265432,1408.964,-35.890,-19.813,22.172,0.709,1.265,0.189,16
$GNSS,2025-05-04T08:20:44.200Z,27.3967785,103.2265332,1407.849,-35.931,-19.748,22.163,0.708,1.265,0.210,15
$GNSS,2025-05-04T08:20:44.250Z,27.3967623,103.2265232,1406.738,-35.951,-19.661,22.145,0.708,1.264,0.212,15
$GNSS,2025-05-04T08:20:44.300Z,27.3967459,103.2265133,1405.609,-36.209,-19.677,22.157,0.707,1.264,0.210,15
$GNSS,2025-05-04T08:20:44.350Z,27.3967296,103.2265034,1404.495,-36.205,-19.630,22.043,0.707,1.264,0.203,16
$GNSS,2025-05-04T08:20:44.400Z,27.3967133,103.2264935,1403.386,-36.188,-19.513,22.081,0.706,1.263,0.201,16
$GNSS,2025-05-04T08:20:44.450Z,27.3966971,103.2264837,1402.276,-36.081,-19.416,22.090,0.706,1.262,0.200,16
$GNSS,2025-05-04T08:20:44.500Z,27.3966808,103.2264739,1401.155,-36.192,-19.297,22.094,0.705,1.262,0.201,16
$GNSS,2025-05-04T08:20:44.550Z,27.3966644,103.2264642,1400.044,-36.366,-19.244,22.079,0.705,1.261,0.202,16
$GNSS,2025-05-04T08:20:44.600Z,27.3966480,103.2264546,1398.924,-36.475,-19.095,22.128,0.704,1.261,0.201,16
$GNSS,2025-05-04T08:20:44.650Z,27.3966315,103.2264450,1397.787,-36.471,-19.074,22.303,0.703,1.260,0.190,16
$GNSS,2025-05-04T08:20:44.700Z,27.3966151,103.2264353,1396.654,-36.459,-19.068,22.360,0.703,1.260,0.168,16
$GNSS,2025-05-04T08:20:44.750Z,27.3965987,103.2264257,1395.529,-36.397,-19.036,22.280,0.702,1.259,0.170,16
$GNSS,2025-05-04T08:20:44.800Z,27.3965822,103.2264162,1394.411,-36.549,-18.859,22.224,0.701,1.259,0.169,16
$GNSS,2025-05-04T08:20:44.850Z,27.3965658,103.2264067,1393.286,-36.543,-18.806,22.173,0.700,1.258,0.179,16
$GNSS,2025-05-04T08:20:44.900Z,27.3965493,103.2263972,1392.163,-36.661,-18.774,22.104,0.700,1.258,0.166,16
$GNSS,2025-05-04T08:20:44.950Z,27.3965328,103.2263878,1391.043,-36.654,-18.660,22.114,0.699,1.258,0.165,16
$GNSS,2025-05-04T08:20:45.000Z,27.3965162,103.2263784,1389.926,-36.857,-18.583,22.229,0.698,1.257,0.164,16
$GNSS,2025-05-04T08:20:45.050Z,27.3964996,103.2263690,1388.816,-36.878,-18.700,22.155,0.697,1.257,0.153,16
$GNSS,2025-05-04T08:20:45.100Z,27.3964830,103.2263596,1387.721,-36.831,-18.612,21.936,0.696,1.257,0.146,16
$GNSS,2025-05-04T08:20:45.150Z,27.3964665,103.2263502,1386.615,-36.769,-18.552,21.839,0.695,1.256,0.146,16
$GNSS,2025-05-04T08:20:45.200Z,27.3964498,103.2263409,1385.512,-36.956,-18.525,21.744,0.694,1.256,0.147,16
$GNSS,2025-05-04T08:20:45.250Z,27.3964331,103.2263315,1384.423,-37.072,-18.509,21.665,0.694,1.256,0.147,16
$GNSS,2025-05-04T08:20:45.300Z,27.3964165,103.2263222,1383.336,-37.044,-18.447,21.546,0.693,1.256,0.146,16
$GNSS,2025-05-04T08:20:45.350Z,27.3963997,103.2263129,1382.274,-37.130,-18.368,21.380,0.692,1.255,0.146,16
$GNSS,2025-05-04T08:20:45.400Z,27.3963830,103.2263036,1381.197,-37.194,-18.294,21.324,0.691,1.255,0.157,16
$GNSS,2025-05-04T08:20:45.450Z,27.3963663,103.2262944,1380.120,-37.152,-18.268,21.317,0.690,1.255,0.157,16
$GNSS,2025-05-04T08:20:45.500Z,27.3963495,103.2262852,1379.053,-37.251,-18.231,21.194,0.690,1.254,0.159,16
$GNSS,2025-05-04T08:20:45.550Z,27.3963326,103.2262767,1377.834,-37.393,-18.205,21.015,0.937,1.706,0.154,16
$GNSS,2025-05-04T08:20:45.600Z,27.3963158,103.2262682,1376.638,-37.419,-18.078,20.902,1.221,2.226,0.151,16
$GNSS,2025-05-04T08:20:45.650Z,27.3962990,103.2262597,1375.483,-37.359,-18.027,20.836,1.344,2.452,0.156,16
$GNSS,2025-05-04T08:20:45.700Z,27.3962821,103.2262511,1374.327,-37.364,-17.936,20.677,1.425,2.601,0.156,16
$GNSS,2025-05-04T08:20:45.750Z,27.3962652,103.2262421,1373.286,-37.515,-17.851,20.597,1.213,2.217,0.162,16
$GNSS,2025-05-04T08:20:45.800Z,27.3962483,103.2262337,1372.123,-37.670,-17.803,20.456,1.356,2.480,0.161,16
$GNSS,2025-05-04T08:20:45.850Z,27.3962313,103.2262253,1370.965,-37.659,-17.796,20.498,1.433,2.622,0.161,16
$GNSS,2025-05-04T08:20:45.900Z,27.3962143,103.2262163,1369.955,-37.581,-17.812,20.282,1.220,2.234,0.166,16
$GNSS,2025-05-04T08:20:45.950Z,27.3961974,103.2262073,1368.954,-37.639,-17.740,20.020,1.040,1.904,0.165,16
$GNSS,2025-05-04T08:20:46.000Z,27.3961804,103.2261983,1367.965,-37.784,-17.616,19.831,0.887,1.625,0.165,16
$GNSS,2025-05-04T08:20:46.050Z,27.3961633,103.2261894,1366.979,-37.743,-17.511,19.736,0.757,1.388,0.162,16
$GNSS,2025-05-04T08:20:46.100Z,27.3961463,103.2261805,1365.984,-37.813,-17.516,19.704,0.679,1.246,0.155,16
$GNSS,2025-05-04T08:20:46.150Z,27.3961293,103.2261716,1365.012,-37.829,-17.519,19.532,0.678,1.245,0.157,16
$GNSS,2025-05-04T08:20:46.200Z,27.3961122,103.2261628,1364.042,-37.921,-17.455,19.272,0.678,1.244,0.157,16
$GNSS,2025-05-04T08:20:46.250Z,27.3960951,103.2261540,1363.078,-37.935,-17.370,19.124,0.677,1.243,0.159,16
$GNSS,2025-05-04T08:20:46.300Z,27.3960780,103.2261452,1362.133,-37.958,-17.376,19.005,0.676,1.243,0.159,16
$GNSS,2025-05-04T08:20:46.350Z,27.3960609,103.2261364,1361.174,-37.925,-17.373,18.955,0.675,1.242,0.160,16
$GNSS,2025-05-04T08:20:46.400Z,27.3960438,103.2261280,1360.126,-37.887,-17.360,18.838,0.796,1.466,0.154,16
$GNSS,2025-05-04T08:20:46.450Z,27.3960268,103.2261197,1359.084,-37.934,-17.312,18.795,1.009,1.860,0.152,16
$GNSS,2025-05-04T08:20:46.500Z,27.3960097,103.2261109,1358.141,-38.002,-17.367,18.714,0.862,1.590,0.142,16
$GNSS,2025-05-04T08:20:46.550Z,27.3959926,103.2261025,1357.124,-37.924,-17.324,18.518,1.031,1.903,0.144,16
$GNSS,2025-05-04T08:20:46.600Z,27.3959755,103.2260941,1356.114,-38.042,-17.327,18.376,1.121,2.072,0.152,16
$GNSS,2025-05-04T08:20:46.650Z,27.3959584,103.2260857,1355.105,-38.023,-17.371,18.281,1.182,2.185,0.147,16
$GNSS,2025-05-04T08:20:46.700Z,27.3959413,103.2260772,1354.113,-38.037,-17.376,18.131,1.211,2.241,0.149,16
$GNSS,2025-05-04T08:20:46.750Z,27.3959242,103.2260688,1353.128,-37.989,-17.370,18.055,1.231,2.280,0.154,16
$GNSS,2025-05-04T08:20:46.800Z,27.3959071,103.2260603,1352.135,-37.982,-17.507,18.016,1.241,2.302,0.158,16
$GNSS,2025-05-04T08:20:46.850Z,27.3958900,103.2260517,1351.152,-38.031,-17.516,17.943,1.238,2.298,0.158,16
$GNSS,2025-05-04T08:20:46.900Z,27.3958729,103.2260432,1350.182,-38.058,-17.524,17.820,1.235,2.294,0.161,16
$GNSS,2025-05-04T08:20:46.950Z,27.3958557,103.2260346,1349.219,-38.018,-17.599,17.741,1.223,2.272,0.161,16
$GNSS,2025-05-04T08:20:47.000Z,27.3958387,103.2260259,1348.266,-37.961,-17.598,17.681,1.205,2.240,0.158,16
$GNSS,2025-05-04T08:20:47.050Z,27.3958216,103.2260173,1347.308,-37.905,-17.603,17.664,1.191,2.216,0.159,16
$GNSS,2025-05-04T08:20:47.100Z,27.3958045,103.2260086,1346.342,-37.954,-17.747,17.730,1.180,2.198,0.159,16
$GNSS,2025-05-04T08:20:47.150Z,27.3957874,103.2259996,1345.458,-37.994,-17.729,17.724,1.007,1.876,0.164,16
$GNSS,2025-05-04T08:20:47.200Z,27.3957703,103.2259909,1344.507,-38.094,-17.705,17.555,1.041,1.940,0.162,16
$GNSS,2025-05-04T08:20:47.250Z,27.3957531,103.2259821,1343.562,-38.116,-17.784,17.520,1.063,1.983,0.162,16
$GNSS,2025-05-04T08:20:47.300Z,27.3957361,103.2259733,1342.633,-37.856,-17.896,17.488,1.078,2.013,0.161,16
$GNSS,2025-05-04T08:20:47.350Z,27.3957191,103.2259644,1341.697,-37.790,-17.959,17.443,1.080,2.018,0.161,16
$GNSS,2025-05-04T08:20:47.400Z,27.3957021,103.2259555,1340.769,-37.826,-18.064,17.349,1.081,2.021,0.164,16
$GNSS,2025-05-04T08:20:47.450Z,27.3956850,103.2259465,1339.841,-37.911,-18.164,17.354,1.082,2.024,0.162,16
$GNSS,2025-05-04T08:20:47.500Z,27.3956679,103.2259374,1338.909,-37.984,-18.221,17.393,1.082,2.024,0.167,16
$GNSS,2025-05-04T08:20:47.550Z,27.3956508,103.2259284,1337.983,-37.917,-18.256,17.272,1.082,2.025,0.166,16
$GNSS,2025-05-04T08:20:47.600Z,27.3956338,103.2259193,1337.070,-37.752,-18.340,17.119,1.075,2.013,0.162,16
$GNSS,2025-05-04T08:20:47.650Z,27.3956169,103.2259102,1336.159,-37.685,-18.427,17.136,1.070,2.003,0.167,16
$GNSS,2025-05-04T08:20:47.700Z,27.3956000,103.2259010,1335.228,-37.607,-18.534,17.243,1.065,1.996,0.169,16
$GNSS,2025-05-04T08:20:47.750Z,27.3955829,103.2258917,1334.317,-37.754,-18.597,17.266,1.054,1.976,0.169,16
$GNSS,2025-05-04T08:20:47.800Z,27.3955660,103.2258824,1333.402,-37.625,-18.725,17.332,1.047,1.962,0.169,16
$GNSS,2025-05-04T08:20:47.850Z,27.3955491,103.2258731,1332.487,-37.474,-18.768,17.278,1.048,1.965,0.167,16
$GNSS,2025-05-04T08:20:47.900Z,27.3955323,103.2258637,1331.558,-37.407,-18.887,17.270,1.048,1.967,0.167,16
$GNSS,2025-05-04T08:20:47.950Z,27.3955154,103.2258543,1330.623,-37.551,-18.916,17.403,1.049,1.969,0.154,16
$GNSS,2025-05-04T08:20:48.000Z,27.3954985,103.2258449,1329.698,-37.479,-19.016,17.437,1.041,1.955,0.154,16
$GNSS,2025-05-04T08:20:48.050Z,27.3954817,103.2258354,1328.785,-37.386,-19.024,17.405,1.026,1.929,0.159,16
$GNSS,2025-05-04T08:20:48.100Z,27.3954649,103.2258258,1327.861,-37.294,-19.159,17.427,1.016,1.910,0.159,16
$GNSS,2025-05-04T08:20:48.150Z,27.3954481,103.2258162,1326.945,-37.204,-19.289,17.470,1.008,1.896,0.160,16
$GNSS,2025-05-04T08:20:48.200Z,27.3954313,103.2258064,1326.026,-37.238,-19.432,17.544,0.995,1.873,0.160,16
$GNSS,2025-05-04T08:20:48.250Z,27.3954146,103.2257967,1325.110,-37.184,-19.521,17.539,0.986,1.857,0.160,16
$GNSS,2025-05-04T08:20:48.300Z,27.3953979,103.2257869,1324.185,-37.096,-19.526,17.573,0.979,1.844,0.159,16
$GNSS,2025-05-04T08:20:48.350Z,27.3953812,103.2257771,1323.259,-37.100,-19.591,17.571,0.974,1.836,0.158,16
$GNSS,2025-05-04T08:20:48.400Z,27.3953645,103.2257672,1322.350,-37.035,-19.763,17.462,0.963,1.817,0.159,16
$GNSS,2025-05-04T08:20:48.450Z,27.3953478,103.2257572,1321.448,-36.887,-19.891,17.372,0.956,1.804,0.158,16
$GNSS,2025-05-04T08:20:48.500Z,27.3953313,103.2257473,1320.519,-36.761,-20.001,17.413,0.950,1.794,0.158,16
$GNSS,2025-05-04T08:20:48.550Z,27.3953147,103.2257372,1319.611,-36.870,-20.119,17.382,0.946,1.787,0.159,16
$GNSS,2025-05-04T08:20:48.600Z,27.3952981,103.2257270,1318.717,-36.810,-20.250,17.372,0.943,1.783,0.159,16
$GNSS,2025-05-04T08:20:48.650Z,27.3952815,103.2257168,1317.823,-36.779,-20.346,17.146,0.941,1.779,0.160,16
$GNSS,2025-05-04T08:20:48.700Z,27.3952650,103.2257066,1316.918,-36.697,-20.328,17.138,0.933,1.765,0.160,16
$GNSS,2025-05-04T08:20:48.750Z,27.3952485,103.2256963,1316.015,-36.595,-20.484,17.265,0.927,1.754,0.160,16
$GNSS,2025-05-04T08:20:48.800Z,27.3952321,103.2256860,1315.111,-36.490,-20.582,17.258,0.923,1.747,0.160,16
$GNSS,2025-05-04T08:20:48.850Z,27.3952157,103.2256756,1314.208,-36.489,-20.732,17.333,0.919,1.741,0.160,16
$GNSS,2025-05-04T08:20:48.900Z,27.3951992,103.2256652,1313.305,-36.486,-20.836,17.297,0.911,1.727,0.160,16
$GNSS,2025-05-04T08:20:48.950Z,27.3951829,103.2256547,1312.397,-36.342,-20.830,17.297,0.905,1.716,0.160,16
$GNSS,2025-05-04T08:20:49.000Z,27.3951665,103.2256441,1311.511,-36.283,-21.063,17.291,0.895,1.698,0.160,16
$GNSS,2025-05-04T08:20:49.050Z,27.3951502,103.2256335,1310.604,-36.302,-21.133,17.269,0.888,1.684,0.160,16
$GNSS,2025-05-04T08:20:49.100Z,27.3951339,103.2256229,1309.697,-36.195,-21.135,17.290,0.877,1.665,0.160,16
$GNSS,2025-05-04T08:20:49.150Z,27.3951176,103.2256123,1308.819,-36.155,-21.137,17.258,0.866,1.644,0.172,16
$GNSS,2025-05-04T08:20:49.200Z,27.3951013,103.2256015,1307.932,-36.055,-21.272,17.243,0.858,1.629,0.173,16
$GNSS,2025-05-04T08:20:49.250Z,27.3950851,103.2255908,1307.040,-36.111,-21.348,17.181,0.851,1.618,0.161,16
$GNSS,2025-05-04T08:20:49.300Z,27.3950688,103.2255801,1306.156,-36.138,-21.421,17.092,0.847,1.610,0.161,16
$GNSS,2025-05-04T08:20:49.350Z,27.3950525,103.2255692,1305.282,-36.052,-21.449,17.080,0.843,1.604,0.172,16
$GNSS,2025-05-04T08:20:49.400Z,27.3950363,103.2255584,1304.388,-35.924,-21.470,17.217,0.841,1.600,0.161,16
$GNSS,2025-05-04T08:20:49.450Z,27.3950202,103.2255476,1303.501,-35.901,-21.569,17.114,0.838,1.596,0.161,16
$GNSS,2025-05-04T08:20:49.500Z,27.3950040,103.2255368,1302.618,-35.904,-21.538,17.022,0.837,1.594,0.161,16
$GNSS,2025-05-04T08:20:49.550Z,27.3949879,103.2255259,1301.741,-35.843,-21.627,17.048,0.836,1.593,0.162,16
$GNSS,2025-05-04T08:20:49.600Z,27.3949717,103.2255151,1300.845,-35.811,-21.634,17.030,0.835,1.592,0.163,16
$GNSS,2025-05-04T08:20:49.650Z,27.3949556,103.2255041,1299.966,-35.876,-21.788,17.042,0.834,1.592,0.162,16
$GNSS,2025-05-04T08:20:49.700Z,27.3949395,103.2254931,1299.093,-35.673,-21.816,16.977,0.839,1.601,0.161,16
$GNSS,2025-05-04T08:20:49.750Z,27.3949235,103.2254821,1298.217,-35.635,-21.806,16.914,0.837,1.598,0.161,16
$GNSS,2025-05-04T08:20:49.800Z,27.3949074,103.2254711,1297.339,-35.620,-21.905,16.934,0.835,1.596,0.161,16
$GNSS,2025-05-04T08:20:49.850Z,27.3948914,103.2254601,1296.460,-35.519,-21.990,16.908,0.834,1.594,0.161,16
$GNSS,2025-05-04T08:20:49.900Z,27.3948755,103.2254490,1295.576,-35.442,-22.068,16.819,0.833,1.593,0.161,16
$GNSS,2025-05-04T08:20:49.950Z,27.3948595,103.2254379,1294.713,-35.513,-22.177,16.759,0.828,1.583,0.161,16
$GNSS,2025-05-04T08:20:50.000Z,27.3948435,103.2254267,1293.853,-35.466,-22.078,16.756,0.829,1.586,0.161,16
$GNSS,2025-05-04T08:20:50.050Z,27.3948275,103.2254156,1292.995,-35.433,-22.112,16.767,0.829,1.588,0.161,16
$GNSS,2025-05-04T08:20:50.100Z,27.3948116,103.2254044,1292.154,-35.324,-22.138,16.802,0.711,1.362,0.168,16
$GNSS,2025-05-04T08:20:50.150Z,27.3947957,103.2253930,1291.321,-35.303,-22.247,16.798,0.644,1.233,0.189,16
$GNSS,2025-05-04T08:20:50.200Z,27.3947798,103.2253817,1290.490,-35.281,-22.309,16.740,0.644,1.233,0.201,16
$GNSS,2025-05-04T08:20:50.250Z,27.3947639,103.2253704,1289.650,-35.191,-22.400,16.780,0.644,1.233,0.217,16
$GNSS,2025-05-04T08:20:50.300Z,27.3947481,103.2253590,1288.814,-35.081,-22.420,16.662,0.644,1.234,0.177,16
$GNSS,2025-05-04T08:20:50.350Z,27.3947323,103.2253478,1287.917,-35.180,-22.423,16.733,0.643,1.234,0.160,16
$GNSS,2025-05-04T08:20:50.400Z,27.3947165,103.2253365,1287.049,-35.109,-22.506,16.794,0.690,1.323,0.158,16
$GNSS,2025-05-04T08:20:50.450Z,27.3947006,103.2253252,1286.183,-35.076,-22.554,16.797,0.754,1.447,0.151,16
$GNSS,2025-05-04T08:20:50.500Z,27.3946849,103.2253138,1285.306,-34.932,-22.598,16.807,0.797,1.530,0.151,16
$GNSS,2025-05-04T08:20:50.550Z,27.3946692,103.2253022,1284.489,-34.868,-22.730,16.755,0.683,1.312,0.154,16
$GNSS,2025-05-04T08:20:50.600Z,27.3946535,103.2252907,1283.654,-34.826,-22.700,16.746,0.641,1.233,0.154,16
$GNSS,2025-05-04T08:20:50.650Z,27.3946378,103.2252793,1282.771,-34.895,-22.723,16.750,0.675,1.298,0.156,16
$GNSS,2025-05-04T08:20:50.700Z,27.3946220,103.2252679,1281.901,-34.934,-22.794,16.682,0.732,1.409,0.158,16
$GNSS,2025-05-04T08:20:50.750Z,27.3946063,103.2252564,1281.042,-34.808,-22.857,16.611,0.770,1.483,0.156,16
$GNSS,2025-05-04T08:20:50.800Z,27.3945907,103.2252449,1280.188,-34.717,-22.932,16.563,0.796,1.535,0.156,16
$GNSS,2025-05-04T08:20:50.850Z,27.3945751,103.2252332,1279.358,-34.634,-22.982,16.660,0.682,1.315,0.156,16
$GNSS,2025-05-04T08:20:50.900Z,27.3945595,103.2252215,1278.505,-34.575,-23.057,16.739,0.639,1.233,0.156,16
$GNSS,2025-05-04T08:20:50.950Z,27.3945439,103.2252100,1277.632,-34.627,-23.078,16.593,0.666,1.287,0.156,16
$GNSS,2025-05-04T08:20:51.000Z,27.3945283,103.2251984,1276.779,-34.683,-23.119,16.431,0.719,1.389,0.156,16
$GNSS,2025-05-04T08:20:51.050Z,27.3945128,103.2251868,1275.939,-34.482,-23.026,16.424,0.754,1.458,0.156,16
$GNSS,2025-05-04T08:20:51.100Z,27.3944972,103.2251751,1275.100,-34.483,-23.126,16.465,0.779,1.507,0.156,16
$GNSS,2025-05-04T08:20:51.150Z,27.3944817,103.2251636,1274.208,-34.488,-23.128,16.605,0.802,1.552,0.157,16
$GNSS,2025-05-04T08:20:51.200Z,27.3944661,103.2251518,1273.383,-34.597,-23.193,16.578,0.687,1.331,0.153,16
$GNSS,2025-05-04T08:20:51.250Z,27.3944505,103.2251401,1272.549,-34.522,-23.084,16.704,0.636,1.234,0.153,16
$GNSS,2025-05-04T08:20:51.300Z,27.3944350,103.2251283,1271.729,-34.338,-23.114,16.648,0.636,1.234,0.156,16
$GNSS,2025-05-04T08:20:51.350Z,27.3944196,103.2251166,1270.888,-34.305,-23.180,16.673,0.636,1.234,0.156,16
$GNSS,2025-05-04T08:20:51.400Z,27.3944041,103.2251047,1270.057,-34.256,-23.253,16.752,0.635,1.234,0.156,16
$GNSS,2025-05-04T08:20:51.450Z,27.3943886,103.2250929,1269.215,-34.309,-23.244,16.890,0.635,1.234,0.156,16
$GNSS,2025-05-04T08:20:51.500Z,27.3943732,103.2250811,1268.337,-34.286,-23.325,17.031,0.634,1.234,0.156,16
$GNSS,2025-05-04T08:20:51.550Z,27.3943578,103.2250693,1267.479,-34.185,-23.289,17.075,0.634,1.234,0.156,16
$GNSS,2025-05-04T08:20:51.600Z,27.3943424,103.2250574,1266.648,-34.066,-23.455,16.956,0.634,1.234,0.156,16
$GNSS,2025-05-04T08:20:51.650Z,27.3943270,103.2250454,1265.816,-34.129,-23.485,16.828,0.633,1.234,0.156,16
$GNSS,2025-05-04T08:20:51.700Z,27.3943116,103.2250335,1264.965,-34.122,-23.489,16.866,0.633,1.234,0.155,16
$GNSS,2025-05-04T08:20:51.750Z,27.3942963,103.2250216,1264.113,-33.970,-23.471,16.924,0.633,1.234,0.155,16
$GNSS,2025-05-04T08:20:51.800Z,27.3942810,103.2250096,1263.266,-33.936,-23.615,16.954,0.632,1.234,0.156,16
$GNSS,2025-05-04T08:20:51.850Z,27.3942657,103.2249976,1262.427,-33.856,-23.729,17.028,0.632,1.234,0.156,16
$GNSS,2025-05-04T08:20:51.900Z,27.3942504,103.2249856,1261.569,-33.932,-23.694,17.008,0.631,1.234,0.156,16
$GNSS,2025-05-04T08:20:51.950Z,27.3942352,103.2249735,1260.723,-33.822,-23.711,16.888,0.631,1.234,0.156,16
$GNSS,2025-05-04T08:20:52.000Z,27.3942200,103.2249616,1259.840,-33.707,-23.749,16.978,0.631,1.234,0.167,16
$GNSS,2025-05-04T08:20:52.050Z,27.3942049,103.2249497,1258.936,-33.558,-23.813,17.200,0.630,1.233,0.168,16
$GNSS,2025-05-04T08:20:52.100Z,27.3941898,103.2249376,1258.052,-33.502,-23.882,17.237,0.649,1.270,0.168,16
$GNSS,2025-05-04T08:20:52.150Z,27.3941747,103.2249257,1257.157,-33.545,-23.820,17.248,0.695,1.361,0.167,16
$GNSS,2025-05-04T08:20:52.200Z,27.3941595,103.2249136,1256.294,-33.621,-23.827,17.263,0.630,1.233,0.167,16
$GNSS,2025-05-04T08:20:52.250Z,27.3941443,103.2249015,1255.440,-33.629,-23.885,17.286,0.629,1.233,0.167,16
$GNSS,2025-05-04T08:20:52.300Z,27.3941292,103.2248894,1254.595,-33.497,-23.837,17.248,0.629,1.233,0.163,16
$GNSS,2025-05-04T08:20:52.350Z,27.3941142,103.2248773,1253.713,-33.357,-23.804,17.346,0.629,1.233,0.163,16
$GNSS,2025-05-04T08:20:52.400Z,27.3940992,103.2248652,1252.838,-33.320,-23.834,17.484,0.629,1.234,0.162,16
$GNSS,2025-05-04T08:20:52.450Z,27.3940841,103.2248532,1251.972,-33.373,-23.757,17.524,0.628,1.234,0.163,16
$GNSS,2025-05-04T08:20:52.500Z,27.3940690,103.2248411,1251.097,-33.374,-23.781,17.619,0.628,1.234,0.163,16
$GNSS,2025-05-04T08:20:52.550Z,27.3940539,103.2248291,1250.205,-33.471,-23.669,17.755,0.628,1.234,0.163,16
$GNSS,2025-05-04T08:20:52.600Z,27.3940388,103.2248170,1249.318,-33.508,-23.729,17.847,0.628,1.234,0.163,16
$GNSS,2025-05-04T08:20:52.650Z,27.3940238,103.2248050,1248.429,-33.417,-23.714,17.715,0.627,1.234,0.163,16
$GNSS,2025-05-04T08:20:52.700Z,27.3940087,103.2247931,1247.548,-33.361,-23.632,17.589,0.627,1.234,0.160,16
$GNSS,2025-05-04T08:20:52.750Z,27.3939936,103.2247811,1246.668,-33.409,-23.501,17.633,0.627,1.234,0.161,16
$GNSS,2025-05-04T08:20:52.800Z,27.3939785,103.2247691,1245.795,-33.484,-23.547,17.705,0.627,1.234,0.161,16
$GNSS,2025-05-04T08:20:52.850Z,27.3939633,103.2247572,1244.917,-33.593,-23.560,17.696,0.626,1.234,0.161,16
$GNSS,2025-05-04T08:20:52.900Z,27.3939482,103.2247453,1244.036,-33.678,-23.499,17.516,0.626,1.234,0.164,16
$GNSS,2025-05-04T08:20:52.950Z,27.3939329,103.2247334,1243.181,-33.707,-23.352,17.297,0.626,1.235,0.164,16
$GNSS,2025-05-04T08:20:53.000Z,27.3939177,103.2247216,1242.341,-33.747,-23.220,17.168,0.626,1.235,0.164,16
$GNSS,2025-05-04T08:20:53.050Z,27.3939024,103.2247098,1241.484,-33.820,-23.216,17.107,0.625,1.234,0.159,16
$GNSS,2025-05-04T08:20:53.100Z,27.3938872,103.2246981,1240.614,-33.779,-23.188,17.035,0.625,1.233,0.159,16
$GNSS,2025-05-04T08:20:53.150Z,27.3938720,103.2246863,1239.771,-33.805,-23.166,16.908,0.624,1.233,0.159,16
$GNSS,2025-05-04T08:20:53.200Z,27.3938566,103.2246746,1238.956,-33.983,-22.992,16.729,0.624,1.232,0.159,16
$GNSS,2025-05-04T08:20:53.250Z,27.3938412,103.2246631,1238.120,-34.132,-22.869,16.616,0.623,1.232,0.157,16
$GNSS,2025-05-04T08:20:53.300Z,27.3938258,103.2246515,1237.308,-34.164,-22.853,16.478,0.623,1.231,0.154,16
$GNSS,2025-05-04T08:20:53.350Z,27.3938104,103.2246400,1236.492,-34.050,-22.707,16.378,0.622,1.231,0.154,16
$GNSS,2025-05-04T08:20:53.400Z,27.3937951,103.2246285,1235.672,-34.080,-22.605,16.276,0.622,1.230,0.153,16
$GNSS,2025-05-04T08:20:53.450Z,27.3937796,103.2246171,1234.871,-34.263,-22.474,16.231,0.621,1.230,0.153,16
$GNSS,2025-05-04T08:20:53.500Z,27.3937641,103.2246058,1234.064,-34.359,-22.311,16.174,0.621,1.229,0.155,16
$GNSS,2025-05-04T08:20:53.550Z,27.3937485,103.2245945,1233.283,-34.397,-22.249,15.912,0.620,1.229,0.155,16
$GNSS,2025-05-04T08:20:53.600Z,27.3937330,103.2245833,1232.484,-34.386,-22.193,15.750,0.620,1.228,0.155,16
$GNSS,2025-05-04T08:20:53.650Z,27.3937175,103.2245721,1231.719,-34.442,-22.056,15.553,0.619,1.228,0.155,16
$GNSS,2025-05-04T08:20:53.700Z,27.3937019,103.2245610,1230.951,-34.503,-21.898,15.515,0.619,1.227,0.154,16
$GNSS,2025-05-04T08:20:53.750Z,27.3936863,103.2245499,1230.190,-34.540,-21.806,15.345,0.618,1.226,0.152,16
$GNSS,2025-05-04T08:20:53.800Z,27.3936707,103.2245389,1229.439,-34.615,-21.703,15.179,0.618,1.225,0.157,16
$GNSS,2025-05-04T08:20:53.850Z,27.3936550,103.2245279,1228.687,-34.691,-21.614,15.081,0.617,1.225,0.157,16
$GNSS,2025-05-04T08:20:53.900Z,27.3936394,103.2245170,1227.949,-34.572,-21.448,14.946,0.617,1.224,0.157,16
$GNSS,2025-05-04T08:20:53.950Z,27.3936238,103.2245062,1227.209,-34.622,-21.387,14.888,0.616,1.223,0.157,16
$GNSS,2025-05-04T08:20:54.000Z,27.3936081,103.2244953,1226.485,-34.642,-21.287,14.750,0.616,1.222,0.157,16
$GNSS,2025-05-04T08:20:54.050Z,27.3935924,103.2244846,1225.770,-34.695,-21.166,14.682,0.615,1.221,0.158,16
$GNSS,2025-05-04T08:20:54.100Z,27.3935767,103.2244738,1225.061,-34.663,-21.100,14.517,0.614,1.220,0.158,16
$GNSS,2025-05-04T08:20:54.150Z,27.3935611,103.2244631,1224.346,-34.624,-21.058,14.275,0.614,1.219,0.158,16
$GNSS,2025-05-04T08:20:54.200Z,27.3935455,103.2244525,1223.635,-34.669,-20.945,14.150,0.613,1.219,0.158,16
$GNSS,2025-05-04T08:20:54.250Z,27.3935299,103.2244419,1222.948,-34.590,-20.878,14.009,0.613,1.218,0.154,16
$GNSS,2025-05-04T08:20:54.300Z,27.3935142,103.2244314,1222.260,-34.652,-20.798,13.875,0.612,1.217,0.155,16
$GNSS,2025-05-04T08:20:54.350Z,27.3934986,103.2244209,1221.576,-34.652,-20.713,13.774,0.612,1.216,0.155,16
$GNSS,2025-05-04T08:20:54.400Z,27.3934830,103.2244104,1220.890,-34.636,-20.647,13.653,0.611,1.216,0.155,16
$GNSS,2025-05-04T08:20:54.450Z,27.3934674,103.2243999,1220.217,-34.580,-20.683,13.487,0.611,1.215,0.155,16
$GNSS,2025-05-04T08:20:54.500Z,27.3934518,103.2243895,1219.552,-34.484,-20.578,13.295,0.610,1.214,0.155,16
$GNSS,2025-05-04T08:20:54.550Z,27.3934363,103.2243791,1218.893,-34.355,-20.485,13.204,0.610,1.213,0.155,16
$GNSS,2025-05-04T08:20:54.600Z,27.3934208,103.2243687,1218.241,-34.483,-20.448,13.068,0.609,1.213,0.160,16
$GNSS,2025-05-04T08:20:54.650Z,27.3934053,103.2243584,1217.606,-34.418,-20.384,12.807,0.608,1.212,0.155,16
$GNSS,2025-05-04T08:20:54.700Z,27.3933898,103.2243481,1216.984,-34.359,-20.336,12.627,0.608,1.211,0.157,16
$GNSS,2025-05-04T08:20:54.750Z,27.3933743,103.2243378,1216.354,-34.233,-20.320,12.578,0.607,1.211,0.158,16
$GNSS,2025-05-04T08:20:54.800Z,27.3933589,103.2243276,1215.746,-34.107,-20.243,12.421,0.606,1.210,0.159,16
$GNSS,2025-05-04T08:20:54.850Z,27.3933435,103.2243173,1215.150,-34.059,-20.300,12.224,0.606,1.210,0.159,16
$GNSS,2025-05-04T08:20:54.900Z,27.3933282,103.2243070,1214.573,-33.959,-20.240,11.955,0.605,1.209,0.159,16
$GNSS,2025-05-04T08:20:54.950Z,27.3933129,103.2242968,1213.988,-33.873,-20.164,11.663,0.605,1.209,0.152,16
$GNSS,2025-05-04T08:20:55.000Z,27.3932977,103.2242866,1213.415,-33.798,-20.144,11.462,0.604,1.208,0.163,16
$GNSS,2025-05-04T08:20:55.050Z,27.3932825,103.2242765,1212.852,-33.678,-20.139,11.314,0.603,1.208,0.163,16
$GNSS,2025-05-04T08:20:55.100Z,27.3932674,103.2242662,1212.306,-33.517,-20.155,11.164,0.603,1.207,0.163,16
$GNSS,2025-05-04T08:20:55.150Z,27.3932523,103.2242561,1211.773,-33.489,-20.033,10.899,0.602,1.207,0.163,16
$GNSS,2025-05-04T08:20:55.200Z,27.3932372,103.2242460,1211.247,-33.330,-20.047,10.646,0.602,1.206,0.163,16
$GNSS,2025-05-04T08:20:55.250Z,27.3932223,103.2242358,1210.724,-33.170,-20.052,10.463,0.601,1.206,0.163,16
$GNSS,2025-05-04T08:20:55.300Z,27.3932073,103.2242257,1210.219,-33.123,-19.958,10.244,0.600,1.205,0.163,16
$GNSS,2025-05-04T08:20:55.350Z,27.3931925,103.2242156,1209.732,-32.851,-19.971,10.042,0.600,1.205,0.163,16
$GNSS,2025-05-04T08:20:55.400Z,27.3931778,103.2242055,1209.246,-32.703,-19.929,9.902,0.599,1.204,0.163,16
$GNSS,2025-05-04T08:20:55.450Z,27.3931630,103.2241955,1208.786,-32.655,-19.845,9.533,0.599,1.204,0.163,16
$GNSS,2025-05-04T08:20:55.500Z,27.3931484,103.2241855,1208.341,-32.473,-19.708,9.204,0.598,1.204,0.163,16
$GNSS,2025-05-04T08:20:55.550Z,27.3931338,103.2241755,1207.911,-32.341,-19.602,8.862,0.598,1.203,0.163,16
$GNSS,2025-05-04T08:20:55.600Z,27.3931193,103.2241656,1207.491,-32.134,-19.665,8.597,0.597,1.203,0.164,16
$GNSS,2025-05-04T08:20:55.650Z,27.3931048,103.2241556,1207.092,-31.909,-19.664,8.318,0.596,1.202,0.156,16
$GNSS,2025-05-04T08:20:55.700Z,27.3930905,103.2241456,1206.707,-31.750,-19.617,8.024,0.596,1.202,0.156,16
$GNSS,2025-05-04T08:20:55.750Z,27.3930763,103.2241359,1206.340,-31.554,-19.327,7.647,0.595,1.201,0.156,16
$GNSS,2025-05-04T08:20:55.800Z,27.3930621,103.2241260,1205.995,-31.280,-19.328,7.254,0.595,1.201,0.156,16
$GNSS,2025-05-04T08:20:55.850Z,27.3930481,103.2241163,1205.664,-31.058,-19.246,6.957,0.594,1.201,0.156,16
$GNSS,2025-05-04T08:20:55.900Z,27.3930343,103.2241067,1205.302,-30.747,-19.174,6.659,0.594,1.200,0.169,16
$GNSS,2025-05-04T08:20:55.950Z,27.3930204,103.2240971,1205.005,-30.591,-19.041,6.239,0.593,1.199,0.168,16
$GNSS,2025-05-04T08:20:56.000Z,27.3930067,103.2240875,1204.738,-30.444,-18.899,5.864,0.593,1.199,0.170,16
$GNSS,2025-05-04T08:20:56.050Z,27.3929931,103.2240780,1204.480,-30.122,-18.733,5.562,0.592,1.198,0.171,16
$GNSS,2025-05-04T08:20:56.100Z,27.3929796,103.2240685,1204.240,-29.871,-18.667,5.254,0.592,1.198,0.170,16
$GNSS,2025-05-04T08:20:56.150Z,27.3929662,103.2240591,1204.002,-29.575,-18.623,5.000,0.591,1.197,0.170,16
$GNSS,2025-05-04T08:20:56.200Z,27.3929530,103.2240496,1203.776,-29.259,-18.570,4.727,0.591,1.197,0.170,16
$GNSS,2025-05-04T08:20:56.250Z,27.3929399,103.2240403,1203.579,-28.964,-18.475,4.347,0.590,1.196,0.172,16
$GNSS,2025-05-04T08:20:56.300Z,27.3929270,103.2240310,1203.403,-28.564,-18.278,4.015,0.590,1.195,0.175,16
$GNSS,2025-05-04T08:20:56.350Z,27.3929143,103.2240218,1203.242,-28.192,-18.118,3.667,0.590,1.195,0.175,16
$GNSS,2025-05-04T08:20:56.400Z,27.3929017,103.2240127,1203.101,-27.926,-17.932,3.326,0.589,1.194,0.175,16
$GNSS,2025-05-04T08:20:56.450Z,27.3928892,103.2240037,1202.959,-27.577,-17.820,3.085,0.589,1.194,0.175,16
$GNSS,2025-05-04T08:20:56.500Z,27.3928769,103.2239946,1202.828,-27.277,-17.876,2.824,0.588,1.193,0.177,16
$GNSS,2025-05-04T08:20:56.550Z,27.3928647,103.2239857,1202.731,-26.979,-17.608,2.452,0.588,1.193,0.177,16
$GNSS,2025-05-04T08:20:56.600Z,27.3928526,103.2239768,1202.636,-26.792,-17.507,2.221,0.588,1.193,0.178,16
$GNSS,2025-05-04T08:20:56.650Z,27.3928406,103.2239681,1202.553,-26.606,-17.326,1.980,0.587,1.192,0.176,16
$GNSS,2025-05-04T08:20:56.700Z,27.3928288,103.2239595,1202.444,-26.296,-17.230,1.778,0.587,1.192,0.188,16
$GNSS,2025-05-04T08:20:56.750Z,27.3928171,103.2239509,1202.352,-25.902,-17.143,1.507,0.586,1.192,0.189,16
$GNSS,2025-05-04T08:20:56.800Z,27.3928056,103.2239425,1202.266,-25.601,-16.878,1.188,0.588,1.195,0.189,16
$GNSS,2025-05-04T08:20:56.850Z,27.3927942,103.2239341,1202.188,-25.212,-16.886,1.031,0.633,1.288,0.189,16
$GNSS,2025-05-04T08:20:56.900Z,27.3927830,103.2239257,1202.121,-24.952,-16.871,0.871,0.664,1.351,0.189,16
$GNSS,2025-05-04T08:20:56.950Z,27.3927719,103.2239173,1202.068,-24.639,-16.785,0.682,0.686,1.395,0.189,16
$GNSS,2025-05-04T08:20:57.000Z,27.3927609,103.2239090,1202.017,-24.234,-16.718,0.521,0.700,1.426,0.189,16
$GNSS,2025-05-04T08:20:57.050Z,27.3927502,103.2239007,1201.979,-23.928,-16.550,0.368,0.711,1.447,0.190,16
$GNSS,2025-05-04T08:20:57.100Z,27.3927396,103.2238926,1201.951,-23.488,-16.436,0.146,0.723,1.473,0.190,16
$GNSS,2025-05-04T08:20:57.150Z,27.3927292,103.2238845,1201.940,-23.154,-16.265,-0.146,0.727,1.481,0.190,16
$GNSS,2025-05-04T08:20:57.200Z,27.3927189,103.2238764,1201.934,-22.768,-16.231,-0.240,0.729,1.486,0.190,16
$GNSS,2025-05-04T08:20:57.250Z,27.3927089,103.2238684,1201.935,-22.255,-16.064,-0.414,0.731,1.490,0.190,16
$GNSS,2025-05-04T08:20:57.300Z,27.3926991,103.2238604,1201.944,-21.821,-15.958,-0.554,0.732,1.492,0.191,16
$GNSS,2025-05-04T08:20:57.350Z,27.3926894,103.2238525,1201.962,-21.529,-15.852,-0.729,0.732,1.494,0.191,16
$GNSS,2025-05-04T08:20:57.400Z,27.3926799,103.2238447,1201.992,-21.142,-15.737,-0.907,0.732,1.495,0.192,16
$GNSS,2025-05-04T08:20:57.450Z,27.3926705,103.2238369,1202.028,-20.723,-15.571,-1.021,0.732,1.495,0.193,16
$GNSS,2025-05-04T08:20:57.500Z,27.3926614,103.2238293,1202.046,-20.289,-15.337,-1.056,0.732,1.495,0.193,16
$GNSS,2025-05-04T08:20:57.550Z,27.3926524,103.2238217,1202.098,-20.059,-15.261,-1.298,0.737,1.505,0.193,16
$GNSS,2025-05-04T08:20:57.600Z,27.3926435,103.2238142,1202.140,-19.775,-15.073,-1.346,0.740,1.512,0.193,16
$GNSS,2025-05-04T08:20:57.650Z,27.3926347,103.2238068,1202.198,-19.523,-14.923,-1.429,0.742,1.517,0.192,16
$GNSS,2025-05-04T08:20:57.700Z,27.3926260,103.2237994,1202.233,-19.195,-14.794,-1.389,0.743,1.520,0.192,16
$GNSS,2025-05-04T08:20:57.750Z,27.3926176,103.2237920,1202.280,-18.684,-14.778,-1.447,0.740,1.513,0.192,16
$GNSS,2025-05-04T08:20:57.800Z,27.3926094,103.2237845,1202.366,-18.287,-14.754,-1.435,0.631,1.291,0.178,16
$GNSS,2025-05-04T08:20:57.850Z,27.3926013,103.2237771,1202.469,-17.911,-14.678,-1.511,0.579,1.185,0.178,16
$GNSS,2025-05-04T08:20:57.900Z,27.3925934,103.2237697,1202.556,-17.560,-14.486,-1.494,0.578,1.184,0.182,16
$GNSS,2025-05-04T08:20:57.950Z,27.3925856,103.2237624,1202.643,-17.213,-14.457,-1.497,0.578,1.184,0.181,16
$GNSS,2025-05-04T08:20:58.000Z,27.3925779,103.2237551,1202.724,-16.925,-14.281,-1.577,0.578,1.184,0.182,16
$GNSS,2025-05-04T08:20:58.050Z,27.3925705,103.2237480,1202.807,-16.554,-14.099,-1.515,0.577,1.183,0.182,16
$GNSS,2025-05-04T08:20:58.100Z,27.3925631,103.2237408,1202.902,-16.366,-14.018,-1.499,0.577,1.183,0.182,16
$GNSS,2025-05-04T08:20:58.150Z,27.3925558,103.2237338,1202.985,-16.078,-13.856,-1.471,0.577,1.183,0.181,16
$GNSS,2025-05-04T08:20:58.200Z,27.3925486,103.2237268,1203.075,-15.835,-13.694,-1.434,0.577,1.182,0.181,16
$GNSS,2025-05-04T08:20:58.250Z,27.3925416,103.2237199,1203.145,-15.662,-13.580,-1.325,0.576,1.182,0.181,16
$GNSS,2025-05-04T08:20:58.300Z,27.3925346,103.2237131,1203.205,-15.454,-13.535,-1.260,0.576,1.182,0.181,16
$GNSS,2025-05-04T08:20:58.350Z,27.3925277,103.2237062,1203.269,-15.301,-13.484,-1.165,0.576,1.182,0.180,16
$GNSS,2025-05-04T08:20:58.400Z,27.3925208,103.2236994,1203.320,-15.138,-13.374,-0.915,0.576,1.181,0.179,16
$GNSS,2025-05-04T08:20:58.450Z,27.3925141,103.2236927,1203.358,-14.922,-13.170,-0.726,0.575,1.181,0.179,16
$GNSS,2025-05-04T08:20:58.500Z,27.3925075,103.2236860,1203.403,-14.647,-13.182,-0.761,0.575,1.181,0.178,16
$GNSS,2025-05-04T08:20:58.550Z,27.3925010,103.2236794,1203.447,-14.392,-13.017,-0.656,0.575,1.181,0.189,16
$GNSS,2025-05-04T08:20:58.600Z,27.3924945,103.2236730,1203.489,-14.197,-12.717,-0.638,0.575,1.181,0.190,16
$GNSS,2025-05-04T08:20:58.650Z,27.3924881,103.2236666,1203.524,-14.185,-12.444,-0.558,0.575,1.180,0.189,16
$GNSS,2025-05-04T08:20:58.700Z,27.3924818,103.2236603,1203.553,-14.035,-12.371,-0.417,0.574,1.180,0.189,16
$GNSS,2025-05-04T08:20:58.750Z,27.3924756,103.2236541,1203.581,-13.667,-12.277,-0.242,0.574,1.180,0.189,16
$GNSS,2025-05-04T08:20:58.800Z,27.3924696,103.2236478,1203.585,-13.317,-12.389,-0.011,0.574,1.180,0.190,16
$GNSS,2025-05-04T08:20:58.850Z,27.3924637,103.2236415,1203.581,-13.200,-12.237,0.096,0.574,1.180,0.188,16
$GNSS,2025-05-04T08:20:58.900Z,27.3924577,103.2236353,1203.579,-13.131,-12.178,0.269,0.574,1.180,0.188,16
$GNSS,2025-05-04T08:20:58.950Z,27.3924518,103.2236292,1203.557,-13.007,-12.021,0.617,0.574,1.180,0.187,16
$GNSS,2025-05-04T08:20:59.000Z,27.3924460,103.2236231,1203.530,-12.830,-12.005,0.814,0.574,1.180,0.187,16
$GNSS,2025-05-04T08:20:59.050Z,27.3924404,103.2236172,1203.466,-12.637,-11.747,1.028,0.574,1.180,0.168,16
$GNSS,2025-05-04T08:20:59.100Z,27.3924348,103.2236112,1203.403,-12.477,-11.723,1.120,0.573,1.179,0.167,16
$GNSS,2025-05-04T08:20:59.150Z,27.3924292,103.2236052,1203.342,-12.278,-11.844,1.269,0.573,1.179,0.185,16
$GNSS,2025-05-04T08:20:59.200Z,27.3924238,103.2235992,1203.263,-12.054,-11.825,1.519,0.573,1.179,0.185,16
$GNSS,2025-05-04T08:20:59.250Z,27.3924184,103.2235932,1203.182,-11.862,-11.758,1.687,0.573,1.179,0.185,16
$GNSS,2025-05-04T08:20:59.300Z,27.3924131,103.2235872,1203.102,-11.700,-11.755,1.895,0.573,1.179,0.184,16
$GNSS,2025-05-04T08:20:59.350Z,27.3924080,103.2235812,1203.002,-11.453,-11.669,2.198,0.573,1.179,0.184,16
$GNSS,2025-05-04T08:20:59.400Z,27.3924028,103.2235753,1202.882,-11.439,-11.617,2.481,0.573,1.179,0.184,16
$GNSS,2025-05-04T08:20:59.450Z,27.3923977,103.2235694,1202.751,-11.304,-11.573,2.772,0.573,1.179,0.183,16
$GNSS,2025-05-04T08:20:59.550Z,27.3923875,103.2235577,1202.432,-11.257,-11.543,3.363,0.573,1.181,0.182,16
$GNSS,2025-05-04T08:20:59.600Z,27.3923824,103.2235519,1202.253,-11.281,-11.419,3.669,0.573,1.181,0.179,16
$GNSS,2025-05-04T08:20:59.650Z,27.3923773,103.2235462,1202.053,-11.284,-11.248,4.027,0.573,1.181,0.178,16
$GNSS,2025-05-04T08:20:59.700Z,27.3923723,103.2235406,1201.834,-11.170,-11.129,4.447,0.573,1.182,0.181,16
$GNSS,2025-05-04T08:20:59.750Z,27.3923672,103.2235349,1201.594,-11.198,-11.111,4.922,0.573,1.182,0.180,16
$GNSS,2025-05-04T08:20:59.800Z,27.3923622,103.2235292,1201.325,-11.181,-11.198,5.333,0.573,1.182,0.174,16
$GNSS,2025-05-04T08:20:59.850Z,27.3923571,103.2235234,1201.049,-11.294,-11.329,5.625,0.573,1.182,0.174,16
$GNSS,2025-05-04T08:20:59.900Z,27.3923520,103.2235178,1200.754,-11.221,-11.190,5.859,0.573,1.182,0.174,16
$GNSS,2025-05-04T08:20:59.950Z,27.3923469,103.2235122,1200.442,-11.354,-10.941,6.158,0.573,1.183,0.173,16
$GNSS,2025-05-04T08:21:00.000Z,27.3923417,103.2235068,1200.093,-11.411,-10.875,6.584,0.573,1.183,0.173,16
$GNSS,2025-05-04T08:21:00.050Z,27.3923365,103.2235011,1199.771,-11.595,-11.082,6.781,0.573,1.183,0.173,16
$GNSS,2025-05-04T08:21:00.100Z,27.3923316,103.2234953,1199.449,-10.810,-11.219,6.728,0.573,1.183,0.175,16
$GNSS,2025-05-04T08:21:00.150Z,27.3923270,103.2234899,1199.107,-10.196,-10.871,6.765,0.573,1.183,0.177,16
$GNSS,2025-05-04T08:21:00.200Z,27.3923224,103.2234844,1198.739,-10.197,-10.812,7.378,0.573,1.184,0.176,16
$GNSS,2025-05-04T08:21:00.250Z,27.3923177,103.2234787,1198.336,-10.428,-11.070,7.995,0.572,1.184,0.176,16
$GNSS,2025-05-04T08:21:00.300Z,27.3923129,103.2234732,1197.906,-10.560,-10.824,8.467,0.572,1.184,0.176,16
$GNSS,2025-05-04T08:21:00.350Z,27.3923081,103.2234678,1197.483,-10.666,-10.716,8.707,0.572,1.184,0.187,16
$GNSS,2025-05-04T08:21:00.400Z,27.3923031,103.2234623,1197.081,-10.862,-10.663,8.690,0.572,1.184,0.195,16
$GNSS,2025-05-04T08:21:00.450Z,27.3922982,103.2234570,1196.612,-11.013,-10.647,9.030,0.572,1.184,0.196,16
$GNSS,2025-05-04T08:21:00.500Z,27.3922932,103.2234515,1196.124,-11.081,-10.739,9.488,0.572,1.184,0.197,16
$GNSS,2025-05-04T08:21:00.550Z,27.3922884,103.2234461,1195.608,-10.729,-10.762,9.935,0.572,1.184,0.197,16
$GNSS,2025-05-04T08:21:00.600Z,27.3922837,103.2234407,1195.104,-10.455,-10.714,10.124,0.572,1.184,0.198,16
$GNSS,2025-05-04T08:21:00.650Z,27.3922791,103.2234352,1194.603,-10.253,-10.661,10.257,0.572,1.184,0.198,16
$GNSS,2025-05-04T08:21:00.700Z,27.3922744,103.2234299,1194.088,-10.261,-10.555,10.464,0.572,1.185,0.198,16
$GNSS,2025-05-04T08:21:00.750Z,27.3922698,103.2234245,1193.557,-10.269,-10.532,10.769,0.572,1.185,0.191,16
$GNSS,2025-05-04T08:21:00.800Z,27.3922652,103.2234191,1193.002,-10.302,-10.591,11.073,0.572,1.185,0.197,16
$GNSS,2025-05-04T08:21:00.850Z,27.3922605,103.2234137,1192.438,-10.274,-10.657,11.372,0.572,1.185,0.198,16
$GNSS,2025-05-04T08:21:00.900Z,27.3922559,103.2234082,1191.856,-10.205,-10.907,11.512,0.572,1.185,0.191,16
$GNSS,2025-05-04T08:21:00.950Z,27.3922513,103.2234026,1191.276,-10.146,-10.927,11.740,0.572,1.185,0.193,16
$GNSS,2025-05-04T08:21:01.000Z,27.3922468,103.2233971,1190.662,-10.102,-10.840,12.074,0.572,1.185,0.193,16
$GNSS,2025-05-04T08:21:01.050Z,27.3922423,103.2233917,1190.051,-10.037,-10.746,12.204,0.572,1.185,0.193,16
$GNSS,2025-05-04T08:21:01.100Z,27.3922378,103.2233862,1189.453,-9.932,-10.672,12.241,0.572,1.185,0.192,16
$GNSS,2025-05-04T08:21:01.150Z,27.3922334,103.2233807,1188.838,-9.751,-10.844,12.311,0.572,1.185,0.190,16
$GNSS,2025-05-04T08:21:01.200Z,27.3922291,103.2233752,1188.241,-9.506,-10.814,12.384,0.572,1.185,0.190,16
$GNSS,2025-05-04T08:21:01.250Z,27.3922249,103.2233697,1187.625,-9.262,-10.834,12.434,0.572,1.185,0.193,16
$GNSS,2025-05-04T08:21:01.300Z,27.3922208,103.2233643,1187.015,-9.000,-10.513,12.511,0.572,1.185,0.193,16
$GNSS,2025-05-04T08:21:01.350Z,27.3922170,103.2233594,1186.405,-8.638,-9.865,12.018,0.572,1.185,0.193,16
$GNSS,2025-05-04T08:21:01.400Z,27.3922135,103.2233551,1185.808,-7.660,-8.676,12.149,0.572,1.185,0.197,16
$GNSS,2025-05-04T08:21:01.450Z,27.3922100,103.2233507,1185.190,-7.739,-8.517,13.187,0.572,1.185,0.202,16
$GNSS,2025-05-04T08:21:01.500Z,27.3922065,103.2233461,1184.508,-7.749,-8.953,13.461,0.571,1.185,0.201,16
$GNSS,2025-05-04T08:21:01.550Z,27.3922033,103.2233419,1183.839,-7.112,-8.345,13.462,0.571,1.185,0.205,16
$GNSS,2025-05-04T08:21:01.600Z,27.3922004,103.2233385,1183.110,-6.590,-7.286,13.758,0.571,1.185,0.219,16
$GNSS,2025-05-04T08:21:01.650Z,27.3921976,103.2233356,1182.338,-6.344,-6.217,14.550,0.570,1.184,0.225,16
$GNSS,2025-05-04T08:21:01.700Z,27.3921949,103.2233329,1181.512,-6.092,-5.750,15.573,0.642,1.333,0.227,16
$GNSS,2025-05-04T08:21:01.750Z,27.3921924,103.2233304,1180.633,-5.769,-5.369,16.311,0.695,1.445,0.231,16
$GNSS,2025-05-04T08:21:01.800Z,27.3921902,103.2233282,1179.733,-5.076,-4.669,17.193,0.593,1.233,0.236,16
$GNSS,2025-05-04T08:21:01.850Z,27.3921880,103.2233259,1178.784,-5.005,-4.636,18.238,0.569,1.183,0.241,16
$GNSS,2025-05-04T08:21:01.900Z,27.3921857,103.2233231,1177.818,-5.324,-5.677,18.993,0.569,1.183,0.250,16
$GNSS,2025-05-04T08:21:01.950Z,27.3921834,103.2233199,1176.838,-5.241,-6.292,19.271,0.569,1.184,0.274,16
$GNSS,2025-05-04T08:21:02.000Z,27.3921807,103.2233169,1175.852,-5.767,-6.067,19.399,0.570,1.185,0.311,16
$GNSS,2025-05-04T08:21:02.050Z,27.3921775,103.2233145,1174.772,-6.885,-5.246,20.047,0.572,1.187,0.434,16
$GNSS,2025-05-04T08:21:02.100Z,27.3921744,103.2233125,1173.670,-7.028,-4.430,20.510,0.574,1.188,0.560,16
$GNSS,2025-05-04T08:21:02.150Z,27.3921710,103.2233098,1172.669,-7.593,-4.762,20.035,0.576,1.191,0.580,16
$GNSS,2025-05-04T08:21:02.200Z,27.3921672,103.2233071,1171.702,-8.341,-4.805,19.555,0.579,1.193,0.634,15
$GNSS,2025-05-04T08:21:02.250Z,27.3921637,103.2233045,1170.837,-8.175,-4.635,18.746,0.582,1.196,0.686,15
$GNSS,2025-05-04T08:21:02.300Z,27.3921605,103.2233016,1170.035,-7.656,-4.979,17.947,0.586,1.200,0.728,15
$GNSS,2025-05-04T08:21:02.350Z,27.3921580,103.2232986,1169.320,-6.730,-5.173,17.000,0.590,1.204,0.782,16
$GNSS,2025-05-04T08:21:02.400Z,27.3921556,103.2232960,1168.601,-6.049,-5.023,16.379,0.595,1.208,0.824,16
$GNSS,2025-05-04T08:21:02.450Z,27.3921537,103.2232945,1167.905,-5.176,-3.964,15.773,0.598,1.213,0.866,16
$GNSS,2025-05-04T08:21:02.500Z,27.3921526,103.2232929,1167.207,-3.879,-3.455,15.292,0.603,1.219,0.920,16
$GNSS,2025-05-04T08:21:02.550Z,27.3921516,103.2232910,1166.570,-2.958,-3.426,14.789,0.607,1.225,0.927,16
$GNSS,2025-05-04T08:21:02.600Z,27.3921504,103.2232888,1166.055,-2.648,-3.654,14.060,0.610,1.231,0.929,16
$GNSS,2025-05-04T08:21:02.650Z,27.3921490,103.2232870,1165.645,-2.680,-3.446,13.179,0.613,1.237,0.920,16
$GNSS,2025-05-04T08:21:02.700Z,27.3921481,103.2232850,1165.301,-1.993,-3.419,12.261,0.615,1.241,0.840,16
$GNSS,2025-05-04T08:21:02.750Z,27.3921479,103.2232829,1165.055,-0.628,-3.470,11.248,0.617,1.245,0.768,16
$GNSS,2025-05-04T08:21:02.800Z,27.3921482,103.2232810,1164.891,0.631,-3.230,10.121,0.618,1.245,0.728,16
$GNSS,2025-05-04T08:21:02.850Z,27.3921485,103.2232791,1164.682,1.023,-3.197,9.296,0.620,1.246,0.646,16
$GNSS,2025-05-04T08:21:02.900Z,27.3921487,103.2232776,1164.407,0.892,-2.912,8.762,0.621,1.245,0.548,16
$GNSS,2025-05-04T08:21:02.950Z,27.3921489,103.2232759,1164.195,0.822,-2.968,8.122,0.622,1.244,0.483,16
$GNSS,2025-05-04T08:21:03.000Z,27.3921494,103.2232740,1163.976,1.157,-3.220,7.575,0.622,1.244,0.468,16
$GNSS,2025-05-04T08:21:03.050Z,27.3921501,103.2232722,1163.767,1.635,-3.352,7.065,0.623,1.244,0.459,16
$GNSS,2025-05-04T08:21:03.100Z,27.3921510,103.2232704,1163.520,1.980,-3.414,6.731,0.623,1.245,0.451,16
$GNSS,2025-05-04T08:21:03.150Z,27.3921519,103.2232687,1163.194,1.976,-3.387,6.717,0.624,1.245,0.440,16
$GNSS,2025-05-04T08:21:03.200Z,27.3921529,103.2232671,1162.859,2.066,-3.268,6.710,0.624,1.244,0.422,16
$GNSS,2025-05-04T08:21:03.250Z,27.3921538,103.2232655,1162.548,1.984,-3.285,6.621,0.624,1.244,0.412,16
$GNSS,2025-05-04T08:21:03.300Z,27.3921548,103.2232637,1162.237,2.217,-3.455,6.552,0.625,1.244,0.404,16
$GNSS,2025-05-04T08:21:03.350Z,27.3921559,103.2232618,1161.905,2.349,-3.707,6.555,0.625,1.244,0.389,16
$GNSS,2025-05-04T08:21:03.400Z,27.3921570,103.2232600,1161.588,2.218,-3.765,6.467,0.625,1.243,0.368,16
$GNSS,2025-05-04T08:21:03.450Z,27.3921581,103.2232578,1161.241,2.338,-4.266,6.546,0.625,1.243,0.358,16
$GNSS,2025-05-04T08:21:03.500Z,27.3921593,103.2232554,1160.902,2.538,-4.693,6.614,0.625,1.243,0.335,16
$GNSS,2025-05-04T08:21:03.550Z,27.3921607,103.2232530,1160.556,2.779,-4.840,6.716,0.625,1.243,0.325,16
$GNSS,2025-05-04T08:21:03.600Z,27.3921621,103.2232507,1160.210,3.089,-4.635,6.790,0.625,1.242,0.329,16
$GNSS,2025-05-04T08:21:03.650Z,27.3921637,103.2232484,1159.847,3.278,-4.730,6.907,0.624,1.242,0.322,16
$GNSS,2025-05-04T08:21:03.700Z,27.3921653,103.2232461,1159.502,3.460,-4.590,6.867,0.625,1.242,0.344,16
$GNSS,2025-05-04T08:21:03.750Z,27.3921670,103.2232438,1159.175,3.682,-4.582,6.745,0.625,1.243,0.359,16
$GNSS,2025-05-04T08:21:03.800Z,27.3921687,103.2232413,1158.823,3.704,-4.894,6.823,0.625,1.243,0.362,16
$GNSS,2025-05-04T08:21:03.850Z,27.3921704,103.2232387,1158.480,3.697,-5.183,6.797,0.625,1.244,0.360,16
$GNSS,2025-05-04T08:21:03.900Z,27.3921720,103.2232359,1158.146,3.492,-5.481,6.749,0.626,1.244,0.361,16
$GNSS,2025-05-04T08:21:03.950Z,27.3921736,103.2232330,1157.817,3.510,-5.775,6.690,0.626,1.244,0.356,16
$GNSS,2025-05-04T08:21:04.000Z,27.3921752,103.2232300,1157.496,3.545,-5.925,6.661,0.626,1.245,0.336,16
$GNSS,2025-05-04T08:21:04.050Z,27.3921772,103.2232270,1157.166,4.104,-5.970,6.601,0.626,1.245,0.328,16
$GNSS,2025-05-04T08:21:04.100Z,27.3921791,103.2232239,1156.854,4.260,-6.219,6.431,0.626,1.245,0.321,16
$GNSS,2025-05-04T08:21:04.150Z,27.3921811,103.2232206,1156.517,4.158,-6.484,6.442,0.626,1.246,0.304,16
$GNSS,2025-05-04T08:21:04.200Z,27.3921830,103.2232173,1156.260,4.237,-6.460,6.165,0.626,1.246,0.301,16
$GNSS,2025-05-04T08:21:04.250Z,27.3921848,103.2232141,1155.972,4.030,-6.479,6.122,0.626,1.247,0.304,16
$GNSS,2025-05-04T08:21:04.300Z,27.3921866,103.2232109,1155.659,4.076,-6.347,6.164,0.626,1.248,0.318,16
$GNSS,2025-05-04T08:21:04.350Z,27.3921886,103.2232077,1155.353,4.327,-6.328,6.080,0.626,1.249,0.318,16
$GNSS,2025-05-04T08:21:04.400Z,27.3921907,103.2232045,1155.081,4.488,-6.301,5.889,0.626,1.250,0.319,16
$GNSS,2025-05-04T08:21:04.450Z,27.3921927,103.2232014,1154.793,4.551,-6.210,5.862,0.626,1.250,0.320,16
$GNSS,2025-05-04T08:21:04.500Z,27.3921948,103.2231983,1154.473,4.496,-6.438,5.834,0.626,1.251,0.308,16
$GNSS,2025-05-04T08:21:04.550Z,27.3921968,103.2231953,1154.163,4.432,-6.353,5.790,0.625,1.251,0.293,16
$GNSS,2025-05-04T08:21:04.600Z,27.3921988,103.2231923,1153.877,4.504,-6.268,5.639,0.625,1.251,0.274,16
$GNSS,2025-05-04T08:21:04.650Z,27.3922009,103.2231891,1153.627,4.476,-6.238,5.449,0.624,1.250,0.262,16
$GNSS,2025-05-04T08:21:04.700Z,27.3922029,103.2231862,1153.320,4.517,-6.160,5.400,0.624,1.250,0.264,16
$GNSS,2025-05-04T08:21:04.750Z,27.3922050,103.2231833,1153.038,4.665,-6.165,5.325,0.623,1.250,0.258,16
$GNSS,2025-05-04T08:21:04.800Z,27.3922072,103.2231804,1152.763,4.664,-6.139,5.205,0.623,1.249,0.253,16
$GNSS,2025-05-04T08:21:04.850Z,27.3922092,103.2231774,1152.493,4.608,-6.182,5.026,0.634,1.274,0.250,16
$GNSS,2025-05-04T08:21:04.900Z,27.3922112,103.2231744,1152.218,4.412,-6.223,4.975,0.645,1.296,0.257,15
$GNSS,2025-05-04T08:21:04.950Z,27.3922131,103.2231714,1151.963,4.253,-6.203,4.866,0.648,1.304,0.257,15
$GNSS,2025-05-04T08:21:05.000Z,27.3922150,103.2231684,1151.693,4.144,-6.339,4.854,0.645,1.298,0.255,15
$GNSS,2025-05-04T08:21:05.050Z,27.3922170,103.2231653,1151.428,4.192,-6.299,4.767,0.643,1.295,0.252,15
$GNSS,2025-05-04T08:21:05.100Z,27.3922188,103.2231622,1151.178,3.978,-6.370,4.680,0.632,1.274,0.248,16
$GNSS,2025-05-04T08:21:05.150Z,27.3922204,103.2231591,1150.938,3.643,-6.300,4.677,0.620,1.250,0.249,16
$GNSS,2025-05-04T08:21:05.200Z,27.3922219,103.2231561,1150.677,3.432,-6.264,4.796,0.619,1.248,0.251,16
$GNSS,2025-05-04T08:21:05.250Z,27.3922236,103.2231529,1150.470,3.653,-6.288,4.733,0.618,1.247,0.229,16
$GNSS,2025-05-04T08:21:05.300Z,27.3922253,103.2231497,1150.267,3.692,-6.293,4.509,0.617,1.247,0.223,16
$GNSS,2025-05-04T08:21:05.350Z,27.3922269,103.2231466,1150.061,3.405,-6.121,4.245,0.617,1.246,0.212,16
$GNSS,2025-05-04T08:21:05.400Z,27.3922283,103.2231436,1149.875,3.164,-5.891,4.094,0.616,1.245,0.209,16
$GNSS,2025-05-04T08:21:05.450Z,27.3922297,103.2231407,1149.690,2.893,-5.752,4.016,0.616,1.245,0.208,16
$GNSS,2025-05-04T08:21:05.500Z,27.3922309,103.2231379,1149.483,2.638,-5.697,4.068,0.615,1.244,0.211,16
$GNSS,2025-05-04T08:21:05.550Z,27.3922321,103.2231350,1149.273,2.501,-5.877,4.086,0.615,1.244,0.210,16
$GNSS,2025-05-04T08:21:05.600Z,27.3922332,103.2231320,1149.056,2.360,-6.102,4.160,0.615,1.244,0.208,16
$GNSS,2025-05-04T08:21:05.650Z,27.3922341,103.2231290,1148.850,2.118,-6.158,4.169,0.614,1.243,0.206,16
$GNSS,2025-05-04T08:21:05.700Z,27.3922349,103.2231259,1148.650,1.776,-5.963,4.274,0.614,1.243,0.206,16
$GNSS,2025-05-04T08:21:05.750Z,27.3922356,103.2231230,1148.449,1.410,-5.657,4.315,0.613,1.242,0.203,16
$GNSS,2025-05-04T08:21:05.800Z,27.3922361,103.2231202,1148.268,1.193,-5.475,4.309,0.613,1.241,0.203,16
$GNSS,2025-05-04T08:21:05.850Z,27.3922366,103.2231175,1148.054,0.964,-5.419,4.303,0.613,1.241,0.208,16
$GNSS,2025-05-04T08:21:05.900Z,27.3922369,103.2231148,1147.836,0.729,-5.361,4.246,0.612,1.241,0.209,16
$GNSS,2025-05-04T08:21:05.950Z,27.3922372,103.2231123,1147.615,0.522,-5.174,4.256,0.612,1.240,0.211,16
$GNSS,2025-05-04T08:21:06.000Z,27.3922372,103.2231098,1147.388,0.136,-4.917,4.428,0.612,1.240,0.214,16
$GNSS,2025-05-04T08:21:06.050Z,27.3922372,103.2231076,1147.153,-0.104,-4.495,4.787,0.612,1.239,0.208,16
$GNSS,2025-05-04T08:21:06.100Z,27.3922371,103.2231054,1146.931,-0.253,-4.277,5.021,0.611,1.238,0.209,16
$GNSS,2025-05-04T08:21:06.150Z,27.3922369,103.2231031,1146.711,-0.416,-4.263,5.081,0.611,1.238,0.207,16
$GNSS,2025-05-04T08:21:06.200Z,27.3922366,103.2231010,1146.481,-0.536,-4.159,4.945,0.610,1.237,0.204,16
$GNSS,2025-05-04T08:21:06.250Z,27.3922363,103.2230990,1146.247,-0.750,-3.935,4.967,0.610,1.236,0.204,16
$GNSS,2025-05-04T08:21:06.300Z,27.3922358,103.2230971,1146.001,-1.044,-3.680,5.189,0.610,1.235,0.205,16
$GNSS,2025-05-04T08:21:06.350Z,27.3922353,103.2230952,1145.744,-1.235,-3.689,5.434,0.609,1.234,0.205,16
$GNSS,2025-05-04T08:21:06.400Z,27.3922345,103.2230933,1145.477,-1.581,-3.624,5.635,0.609,1.234,0.203,16
$GNSS,2025-05-04T08:21:06.450Z,27.3922339,103.2230916,1145.192,-1.576,-3.507,5.731,0.609,1.233,0.202,16
$GNSS,2025-05-04T08:21:06.500Z,27.3922332,103.2230898,1144.904,-1.511,-3.458,5.863,0.608,1.232,0.202,16
$GNSS,2025-05-04T08:21:06.550Z,27.3922324,103.2230881,1144.613,-1.833,-3.490,5.962,0.608,1.231,0.198,16
$GNSS,2025-05-04T08:21:06.600Z,27.3922315,103.2230864,1144.321,-2.072,-3.326,5.941,0.607,1.230,0.195,16
$GNSS,2025-05-04T08:21:06.650Z,27.3922305,103.2230850,1144.012,-2.319,-2.909,5.979,0.607,1.229,0.192,16
$GNSS,2025-05-04T08:21:06.700Z,27.3922294,103.2230837,1143.707,-2.455,-2.697,6.105,0.606,1.228,0.193,16
$GNSS,2025-05-04T08:21:06.750Z,27.3922283,103.2230825,1143.399,-2.559,-2.629,6.225,0.606,1.227,0.192,16
$GNSS,2025-05-04T08:21:06.800Z,27.3922270,103.2230813,1143.077,-2.831,-2.515,6.362,0.605,1.226,0.191,16
$GNSS,2025-05-04T08:21:06.850Z,27.3922257,103.2230802,1142.749,-3.021,-2.268,6.457,0.605,1.225,0.190,16
$GNSS,2025-05-04T08:21:06.900Z,27.3922242,103.2230792,1142.428,-3.254,-2.033,6.461,0.605,1.224,0.189,16
$GNSS,2025-05-04T08:21:06.950Z,27.3922226,103.2230783,1142.113,-3.473,-1.812,6.526,0.604,1.223,0.189,16
$GNSS,2025-05-04T08:21:07.000Z,27.3922209,103.2230775,1141.789,-3.726,-1.635,6.660,0.604,1.222,0.188,16
$GNSS,2025-05-04T08:21:07.050Z,27.3922191,103.2230769,1141.469,-3.994,-1.303,6.604,0.603,1.221,0.187,16
$GNSS,2025-05-04T08:21:07.100Z,27.3922172,103.2230765,1141.138,-4.330,-0.892,6.578,0.603,1.220,0.187,16
$GNSS,2025-05-04T08:21:07.150Z,27.3922152,103.2230763,1140.813,-4.483,-0.490,6.702,0.602,1.219,0.188,16
$GNSS,2025-05-04T08:21:07.200Z,27.3922132,103.2230762,1140.487,-4.518,-0.119,6.771,0.602,1.218,0.190,16
$GNSS,2025-05-04T08:21:07.250Z,27.3922111,103.2230763,1140.168,-4.624,0.091,6.760,0.602,1.217,0.190,16
$GNSS,2025-05-04T08:21:07.300Z,27.3922090,103.2230764,1139.845,-4.630,0.250,6.665,0.601,1.216,0.190,16
$GNSS,2025-05-04T08:21:07.350Z,27.3922070,103.2230766,1139.528,-4.619,0.332,6.791,0.601,1.215,0.191,16
$GNSS,2025-05-04T08:21:07.400Z,27.3922048,103.2230768,1139.196,-4.762,0.320,6.955,0.600,1.214,0.190,16
$GNSS,2025-05-04T08:21:07.450Z,27.3922025,103.2230771,1138.874,-5.137,0.555,6.941,0.600,1.213,0.191,16
$GNSS,2025-05-04T08:21:07.500Z,27.3921999,103.2230775,1138.551,-5.653,0.768,6.835,0.600,1.212,0.190,16
$GNSS,2025-05-04T08:21:07.550Z,27.3921974,103.2230780,1138.234,-5.807,1.077,6.479,0.599,1.212,0.179,16
$GNSS,2025-05-04T08:21:07.600Z,27.3921948,103.2230787,1137.926,-5.691,1.355,6.359,0.599,1.211,0.189,16
$GNSS,2025-05-04T08:21:07.650Z,27.3921923,103.2230796,1137.619,-5.652,1.713,6.384,0.598,1.210,0.192,16
$GNSS,2025-05-04T08:21:07.700Z,27.3921898,103.2230806,1137.315,-5.653,1.955,6.368,0.598,1.209,0.192,16
$GNSS,2025-05-04T08:21:07.750Z,27.3921873,103.2230818,1137.009,-5.606,2.317,6.400,0.597,1.208,0.192,16
$GNSS,2025-05-04T08:21:07.800Z,27.3921847,103.2230830,1136.721,-5.546,2.324,6.398,0.597,1.207,0.192,16
$GNSS,2025-05-04T08:21:07.850Z,27.3921822,103.2230842,1136.426,-5.575,2.462,6.410,0.597,1.206,0.192,16
$GNSS,2025-05-04T08:21:07.900Z,27.3921795,103.2230855,1136.136,-5.976,2.534,6.278,0.596,1.205,0.191,16
$GNSS,2025-05-04T08:21:07.950Z,27.3921768,103.2230868,1135.858,-6.064,2.706,6.081,0.596,1.204,0.190,16
$GNSS,2025-05-04T08:21:08.000Z,27.3921741,103.2230884,1135.571,-5.985,3.086,5.951,0.595,1.203,0.192,16
$GNSS,2025-05-04T08:21:08.050Z,27.3921714,103.2230901,1135.296,-5.936,3.443,5.896,0.595,1.202,0.193,16
$GNSS,2025-05-04T08:21:08.100Z,27.3921688,103.2230920,1135.012,-5.911,3.835,5.957,0.595,1.201,0.194,16
$GNSS,2025-05-04T08:21:08.150Z,27.3921661,103.2230941,1134.720,-5.946,4.142,5.974,0.594,1.200,0.183,16
$GNSS,2025-05-04T08:21:08.200Z,27.3921634,103.2230963,1134.445,-6.017,4.321,5.894,0.594,1.200,0.183,16
$GNSS,2025-05-04T08:21:08.250Z,27.3921606,103.2230985,1134.180,-6.107,4.381,5.882,0.593,1.199,0.180,16
$GNSS,2025-05-04T08:21:08.300Z,27.3921579,103.2231008,1133.914,-6.134,4.561,5.843,0.593,1.198,0.180,16
$GNSS,2025-05-04T08:21:08.350Z,27.3921551,103.2231033,1133.638,-6.170,4.957,5.884,0.593,1.198,0.181,16
$GNSS,2025-05-04T08:21:08.400Z,27.3921523,103.2231060,1133.367,-6.241,5.260,5.743,0.592,1.197,0.180,16
$GNSS,2025-05-04T08:21:08.450Z,27.3921495,103.2231087,1133.091,-6.253,5.533,5.700,0.592,1.196,0.180,16
$GNSS,2025-05-04T08:21:08.500Z,27.3921468,103.2231116,1132.824,-6.129,5.736,5.727,0.591,1.196,0.184,16
$GNSS,2025-05-04T08:21:08.550Z,27.3921441,103.2231146,1132.556,-6.033,5.849,5.817,0.591,1.195,0.189,16
$GNSS,2025-05-04T08:21:08.600Z,27.3921413,103.2231175,1132.304,-6.011,5.920,5.724,0.591,1.194,0.199,16
$GNSS,2025-05-04T08:21:08.650Z,27.3921386,103.2231205,1132.077,-6.122,5.889,5.359,0.590,1.193,0.197,16
$GNSS,2025-05-04T08:21:08.700Z,27.3921359,103.2231233,1131.834,-6.079,5.800,5.080,0.590,1.192,0.195,16
$GNSS,2025-05-04T08:21:08.750Z,27.3921333,103.2231263,1131.604,-5.814,5.773,4.989,0.590,1.191,0.219,16
$GNSS,2025-05-04T08:21:08.800Z,27.3921306,103.2231293,1131.385,-5.786,5.990,5.170,0.589,1.190,0.221,16
$GNSS,2025-05-04T08:21:08.850Z,27.3921280,103.2231324,1131.148,-5.798,6.144,5.165,0.589,1.190,0.221,16
$GNSS,2025-05-04T08:21:08.900Z,27.3921254,103.2231356,1130.923,-5.736,6.215,4.922,0.589,1.189,0.225,16
$GNSS,2025-05-04T08:21:08.950Z,27.3921229,103.2231387,1130.713,-5.707,6.253,4.709,0.588,1.188,0.225,16
$GNSS,2025-05-04T08:21:09.000Z,27.3921202,103.2231418,1130.504,-5.797,6.248,4.701,0.588,1.187,0.203,16
$GNSS,2025-05-04T08:21:09.050Z,27.3921176,103.2231451,1130.275,-5.809,6.489,4.754,0.588,1.187,0.202,16
$GNSS,2025-05-04T08:21:09.100Z,27.3921151,103.2231485,1130.055,-5.594,6.674,4.774,0.588,1.186,0.202,16
$GNSS,2025-05-04T08:21:09.150Z,27.3921127,103.2231519,1129.846,-5.412,6.863,4.796,0.587,1.185,0.203,16
$GNSS,2025-05-04T08:21:09.200Z,27.3921102,103.2231553,1129.652,-5.418,6.729,4.640,0.587,1.184,0.202,16
$GNSS,2025-05-04T08:21:09.250Z,27.3921077,103.2231586,1129.451,-5.557,6.587,4.545,0.587,1.183,0.202,16
$GNSS,2025-05-04T08:21:09.300Z,27.3921052,103.2231620,1129.247,-5.587,6.652,4.475,0.586,1.183,0.202,16
$GNSS,2025-05-04T08:21:09.350Z,27.3921026,103.2231654,1129.046,-5.665,6.897,4.471,0.586,1.182,0.203,16
$GNSS,2025-05-04T08:21:09.400Z,27.3921001,103.2231690,1128.845,-5.644,7.017,4.415,0.586,1.181,0.203,16
$GNSS,2025-05-04T08:21:09.450Z,27.3920976,103.2231725,1128.651,-5.583,7.085,4.369,0.586,1.180,0.202,16
$GNSS,2025-05-04T08:21:09.550Z,27.3920925,103.2231796,1128.239,-5.582,7.014,4.411,0.586,1.181,0.217,16
$GNSS,2025-05-04T08:21:09.600Z,27.3920900,103.2231831,1128.047,-5.632,7.000,4.348,0.586,1.180,0.204,16
$GNSS,2025-05-04T08:21:09.650Z,27.3920874,103.2231866,1127.860,-5.681,6.883,4.232,0.586,1.179,0.203,16
$GNSS,2025-05-04T08:21:09.700Z,27.3920849,103.2231900,1127.672,-5.634,6.844,4.138,0.585,1.179,0.204,16
$GNSS,2025-05-04T08:21:09.750Z,27.3920824,103.2231934,1127.486,-5.593,6.773,4.016,0.585,1.178,0.204,16
$GNSS,2025-05-04T08:21:09.800Z,27.3920799,103.2231967,1127.313,-5.501,6.567,3.993,0.585,1.177,0.204,16
$GNSS,2025-05-04T08:21:09.850Z,27.3920774,103.2231998,1127.142,-5.423,6.246,3.993,0.585,1.177,0.204,16
$GNSS,2025-05-04T08:21:09.900Z,27.3920749,103.2232029,1126.978,-5.591,6.104,3.939,0.584,1.176,0.205,16
$GNSS,2025-05-04T08:21:09.950Z,27.3920724,103.2232059,1126.799,-5.648,5.990,3.869,0.584,1.175,0.205,16
$GNSS,2025-05-04T08:21:10.000Z,27.3920699,103.2232090,1126.622,-5.552,6.134,3.841,0.584,1.175,0.196,16
$GNSS,2025-05-04T08:21:10.050Z,27.3920674,103.2232122,1126.448,-5.501,6.354,3.833,0.584,1.174,0.196,16
$GNSS,2025-05-04T08:21:10.100Z,27.3920648,103.2232154,1126.277,-5.606,6.365,3.907,0.583,1.173,0.205,16
$GNSS,2025-05-04T08:21:10.150Z,27.3920623,103.2232185,1126.126,-5.636,6.118,3.783,0.583,1.173,0.205,16
$GNSS,2025-05-04T08:21:10.200Z,27.3920598,103.2232214,1125.948,-5.578,5.902,3.798,0.583,1.172,0.204,16
$GNSS,2025-05-04T08:21:10.250Z,27.3920573,103.2232244,1125.761,-5.601,5.879,3.851,0.583,1.172,0.198,16
$GNSS,2025-05-04T08:21:10.300Z,27.3920548,103.2232273,1125.582,-5.594,5.849,3.896,0.582,1.171,0.180,16
$GNSS,2025-05-04T08:21:10.350Z,27.3920523,103.2232301,1125.420,-5.567,5.614,3.835,0.582,1.171,0.177,16
$GNSS,2025-05-04T08:21:10.400Z,27.3920498,103.2232328,1125.246,-5.374,5.458,3.866,0.582,1.170,0.178,16
$GNSS,2025-05-04T08:21:10.450Z,27.3920475,103.2232356,1125.070,-5.281,5.499,3.890,0.581,1.170,0.179,16
$GNSS,2025-05-04T08:21:10.500Z,27.3920451,103.2232383,1124.885,-5.343,5.557,3.913,0.581,1.169,0.175,16
$GNSS,2025-05-04T08:21:10.550Z,27.3920426,103.2232411,1124.695,-5.428,5.537,3.911,0.581,1.169,0.175,16
$GNSS,2025-05-04T08:21:10.600Z,27.3920402,103.2232438,1124.519,-5.474,5.407,3.859,0.580,1.169,0.174,16
$GNSS,2025-05-04T08:21:10.650Z,27.3920377,103.2232464,1124.338,-5.445,5.248,3.880,0.580,1.169,0.174,16
$GNSS,2025-05-04T08:21:10.700Z,27.3920352,103.2232489,1124.148,-5.482,5.197,3.969,0.579,1.168,0.174,16
$GNSS,2025-05-04T08:21:10.750Z,27.3920327,103.2232516,1123.965,-5.664,5.344,3.990,0.579,1.168,0.173,16
$GNSS,2025-05-04T08:21:10.800Z,27.3920301,103.2232543,1123.778,-5.731,5.390,4.027,0.579,1.168,0.169,16
$GNSS,2025-05-04T08:21:10.850Z,27.3920275,103.2232570,1123.581,-5.742,5.388,4.119,0.578,1.167,0.167,16
$GNSS,2025-05-04T08:21:10.900Z,27.3920250,103.2232596,1123.372,-5.583,5.299,4.133,0.578,1.167,0.168,16
$GNSS,2025-05-04T08:21:10.950Z,27.3920226,103.2232621,1123.180,-5.467,5.061,4.023,0.577,1.167,0.168,16
$GNSS,2025-05-04T08:21:11.000Z,27.3920201,103.2232645,1123.000,-5.466,4.968,3.902,0.577,1.167,0.167,16
$GNSS,2025-05-04T08:21:11.050Z,27.3920176,103.2232670,1122.803,-5.662,5.046,3.977,0.577,1.166,0.169,16
$GNSS,2025-05-04T08:21:11.100Z,27.3920150,103.2232697,1122.596,-5.759,5.317,4.133,0.576,1.166,0.169,16
$GNSS,2025-05-04T08:21:11.150Z,27.3920124,103.2232724,1122.402,-5.728,5.431,4.086,0.576,1.166,0.169,16
$GNSS,2025-05-04T08:21:11.200Z,27.3920099,103.2232750,1122.212,-5.674,5.193,4.136,0.576,1.166,0.169,16
$GNSS,2025-05-04T08:21:11.250Z,27.3920073,103.2232773,1122.016,-5.666,4.824,4.249,0.575,1.165,0.171,16
$GNSS,2025-05-04T08:21:11.300Z,27.3920047,103.2232795,1121.822,-5.679,4.394,4.296,0.575,1.165,0.172,16
$GNSS,2025-05-04T08:21:11.350Z,27.3920022,103.2232816,1121.614,-5.699,4.265,4.250,0.574,1.164,0.172,16
$GNSS,2025-05-04T08:21:11.400Z,27.3919997,103.2232837,1121.404,-5.642,4.299,4.250,0.574,1.164,0.173,16
$GNSS,2025-05-04T08:21:11.450Z,27.3919972,103.2232859,1121.205,-5.533,4.396,4.290,0.574,1.164,0.173,16
$GNSS,2025-05-04T08:21:11.500Z,27.3919948,103.2232881,1121.006,-5.411,4.383,4.268,0.573,1.163,0.171,16
$GNSS,2025-05-04T08:21:11.550Z,27.3919925,103.2232902,1120.815,-5.204,4.359,4.214,0.573,1.163,0.171,16
$GNSS,2025-05-04T08:21:11.600Z,27.3919902,103.2232924,1120.615,-5.186,4.277,4.236,0.573,1.162,0.171,16
$GNSS,2025-05-04T08:21:11.650Z,27.3919878,103.2232946,1120.416,-5.264,4.496,4.271,0.572,1.162,0.171,16
$GNSS,2025-05-04T08:21:11.700Z,27.3919854,103.2232969,1120.204,-5.364,4.552,4.381,0.572,1.161,0.171,16
$GNSS,2025-05-04T08:21:11.750Z,27.3919830,103.2232991,1119.998,-5.399,4.575,4.404,0.572,1.161,0.174,16
$GNSS,2025-05-04T08:21:11.800Z,27.3919807,103.2233014,1119.810,-5.235,4.537,4.325,0.571,1.160,0.174,16
$GNSS,2025-05-04T08:21:11.850Z,27.3919785,103.2233036,1119.624,-4.986,4.438,4.156,0.571,1.160,0.173,16
$GNSS,2025-05-04T08:21:11.900Z,27.3919763,103.2233058,1119.419,-4.803,4.423,4.165,0.571,1.159,0.168,16
$GNSS,2025-05-04T08:21:11.950Z,27.3919741,103.2233079,1119.209,-4.928,4.279,4.396,0.570,1.159,0.170,16
$GNSS,2025-05-04T08:21:12.000Z,27.3919716,103.2233102,1118.963,-5.621,4.519,4.594,0.570,1.159,0.177,16
$GNSS,2025-05-04T08:21:12.050Z,27.3919690,103.2233126,1118.736,-5.740,4.808,4.575,0.570,1.159,0.176,16
$GNSS,2025-05-04T08:21:12.100Z,27.3919665,103.2233150,1118.510,-5.520,4.834,4.685,0.569,1.158,0.177,16
$GNSS,2025-05-04T08:21:12.150Z,27.3919641,103.2233174,1118.283,-5.444,4.681,4.710,0.569,1.158,0.177,16
$GNSS,2025-05-04T08:21:12.200Z,27.3919615,103.2233197,1118.062,-5.704,4.656,4.578,0.569,1.158,0.176,16
$GNSS,2025-05-04T08:21:12.250Z,27.3919588,103.2233220,1117.829,-6.039,4.660,4.640,0.568,1.157,0.175,16
$GNSS,2025-05-04T08:21:12.300Z,27.3919560,103.2233245,1117.594,-6.180,4.795,4.738,0.568,1.157,0.177,16
$GNSS,2025-05-04T08:21:12.350Z,27.3919533,103.2233268,1117.364,-6.165,4.738,4.780,0.567,1.157,0.171,16
$GNSS,2025-05-04T08:21:12.400Z,27.3919505,103.2233292,1117.144,-6.115,4.618,4.722,0.567,1.157,0.172,16
$GNSS,2025-05-04T08:21:12.450Z,27.3919479,103.2233314,1116.929,-6.013,4.417,4.753,0.567,1.157,0.167,16
$GNSS,2025-05-04T08:21:12.500Z,27.3919452,103.2233335,1116.697,-5.995,4.338,4.749,0.566,1.156,0.174,16
$GNSS,2025-05-04T08:21:12.550Z,27.3919425,103.2233357,1116.453,-6.001,4.262,4.833,0.566,1.156,0.173,16
$GNSS,2025-05-04T08:21:12.600Z,27.3919399,103.2233378,1116.234,-5.875,4.120,4.708,0.566,1.156,0.188,16
$GNSS,2025-05-04T08:21:12.650Z,27.3919373,103.2233398,1116.023,-5.830,4.133,4.668,0.566,1.155,0.189,16
$GNSS,2025-05-04T08:21:12.700Z,27.3919347,103.2233419,1115.807,-5.719,4.095,4.669,0.565,1.154,0.190,16
$GNSS,2025-05-04T08:21:12.750Z,27.3919322,103.2233439,1115.573,-5.600,3.951,4.738,0.565,1.154,0.190,16
$GNSS,2025-05-04T08:21:12.800Z,27.3919297,103.2233459,1115.352,-5.584,3.926,4.781,0.565,1.153,0.190,16
$GNSS,2025-05-04T08:21:12.850Z,27.3919272,103.2233479,1115.124,-5.632,3.962,4.775,0.565,1.153,0.190,16
$GNSS,2025-05-04T08:21:12.900Z,27.3919247,103.2233498,1114.897,-5.697,3.949,4.757,0.564,1.152,0.188,16
$GNSS,2025-05-04T08:21:12.950Z,27.3919221,103.2233517,1114.677,-5.638,3.836,4.713,0.564,1.151,0.188,16
$GNSS,2025-05-04T08:21:13.000Z,27.3919196,103.2233537,1114.462,-5.646,3.907,4.709,0.564,1.151,0.188,16
$GNSS,2025-05-04T08:21:13.050Z,27.3919170,103.2233557,1114.248,-5.720,3.971,4.798,0.564,1.150,0.188,16
$GNSS,2025-05-04T08:21:13.100Z,27.3919144,103.2233577,1114.029,-5.783,4.019,4.805,0.564,1.150,0.188,16
$GNSS,2025-05-04T08:21:13.150Z,27.3919118,103.2233597,1113.805,-5.833,4.142,4.674,0.563,1.149,0.184,16
$GNSS,2025-05-04T08:21:13.200Z,27.3919092,103.2233618,1113.589,-5.829,4.118,4.600,0.563,1.149,0.176,16
$GNSS,2025-05-04T08:21:13.250Z,27.3919066,103.2233638,1113.370,-5.897,4.085,4.646,0.563,1.149,0.177,16
$GNSS,2025-05-04T08:21:13.300Z,27.3919039,103.2233659,1113.166,-5.951,4.062,4.667,0.563,1.148,0.177,16
$GNSS,2025-05-04T08:21:13.350Z,27.3919012,103.2233678,1112.950,-5.915,3.969,4.673,0.562,1.148,0.177,16
$GNSS,2025-05-04T08:21:13.400Z,27.3918986,103.2233698,1112.737,-5.868,3.898,4.674,0.562,1.148,0.177,16
$GNSS,2025-05-04T08:21:13.450Z,27.3918960,103.2233717,1112.513,-5.861,3.906,4.581,0.562,1.147,0.174,16
$GNSS,2025-05-04T08:21:13.500Z,27.3918934,103.2233736,1112.303,-5.805,3.806,4.594,0.562,1.147,0.175,16
$GNSS,2025-05-04T08:21:13.550Z,27.3918908,103.2233753,1112.103,-5.625,3.444,4.517,0.561,1.147,0.172,16
$GNSS,2025-05-04T08:21:13.600Z,27.3918884,103.2233769,1111.892,-5.450,3.195,4.359,0.561,1.147,0.170,16
$GNSS,2025-05-04T08:21:13.650Z,27.3918860,103.2233784,1111.691,-5.245,3.140,4.200,0.561,1.146,0.174,16
$GNSS,2025-05-04T08:21:13.700Z,27.3918839,103.2233801,1111.458,-4.965,3.372,4.491,0.561,1.147,0.177,16
$GNSS,2025-05-04T08:21:13.750Z,27.3918817,103.2233818,1111.192,-4.837,3.333,5.059,0.560,1.147,0.187,16
$GNSS,2025-05-04T08:21:13.800Z,27.3918795,103.2233835,1110.922,-5.066,3.253,5.507,0.560,1.147,0.200,16
$GNSS,2025-05-04T08:21:13.850Z,27.3918770,103.2233851,1110.652,-5.424,3.265,5.546,0.561,1.148,0.229,16
$GNSS,2025-05-04T08:21:13.900Z,27.3918744,103.2233867,1110.424,-5.465,3.342,4.935,0.561,1.149,0.244,16
$GNSS,2025-05-04T08:21:13.950Z,27.3918722,103.2233884,1110.181,-5.036,3.372,4.558,0.562,1.150,0.259,16
$GNSS,2025-05-04T08:21:14.000Z,27.3918694,103.2233898,1110.015,-5.618,3.000,4.067,0.563,1.151,0.262,16
$GNSS,2025-05-04T08:21:14.050Z,27.3918667,103.2233910,1109.830,-5.893,2.650,3.918,0.564,1.153,0.273,16
$GNSS,2025-05-04T08:21:14.100Z,27.3918638,103.2233924,1109.646,-6.243,2.586,4.053,0.564,1.154,0.275,16
$GNSS,2025-05-04T08:21:14.150Z,27.3918610,103.2233936,1109.430,-6.265,2.392,4.208,0.565,1.156,0.274,16
$GNSS,2025-05-04T08:21:14.200Z,27.3918584,103.2233947,1109.190,-5.979,2.260,4.327,0.566,1.158,0.277,16
$GNSS,2025-05-04T08:21:14.250Z,27.3918560,103.2233958,1108.942,-5.566,2.243,4.200,0.567,1.160,0.267,16
$GNSS,2025-05-04T08:21:14.300Z,27.3918533,103.2233971,1108.745,-5.834,2.487,4.023,0.567,1.162,0.266,16
$GNSS,2025-05-04T08:21:14.350Z,27.3918506,103.2233981,1108.529,-5.941,2.259,4.018,0.568,1.164,0.267,16
$GNSS,2025-05-04T08:21:14.400Z,27.3918477,103.2233992,1108.399,-6.209,2.152,3.658,0.569,1.166,0.265,16
$GNSS,2025-05-04T08:21:14.450Z,27.3918448,103.2234001,1108.223,-6.387,1.878,3.789,0.569,1.168,0.267,16
$GNSS,2025-05-04T08:21:14.500Z,27.3918420,103.2234008,1108.059,-6.227,1.453,3.772,0.570,1.171,0.277,16
$GNSS,2025-05-04T08:21:14.550Z,27.3918393,103.2234014,1107.882,-6.010,1.134,3.844,0.571,1.174,0.283,16
$GNSS,2025-05-04T08:21:14.600Z,27.3918366,103.2234022,1107.672,-6.024,1.407,3.892,0.572,1.177,0.285,16
$GNSS,2025-05-04T08:21:14.650Z,27.3918338,103.2234030,1107.466,-6.242,1.633,3.853,0.572,1.180,0.272,16
$GNSS,2025-05-04T08:21:14.700Z,27.3918309,103.2234041,1107.289,-6.308,2.126,3.688,0.573,1.183,0.263,16
$GNSS,2025-05-04T08:21:14.750Z,27.3918278,103.2234051,1107.170,-6.592,1.909,3.241,0.574,1.187,0.261,16
$GNSS,2025-05-04T08:21:14.800Z,27.3918248,103.2234062,1106.994,-6.646,2.192,3.146,0.574,1.189,0.243,16
$GNSS,2025-05-04T08:21:14.850Z,27.3918216,103.2234071,1106.887,-6.904,1.815,3.079,0.574,1.192,0.232,16
$GNSS,2025-05-04T08:21:14.900Z,27.3918180,103.2234081,1106.826,-7.651,1.757,3.057,0.575,1.193,0.224,16
$GNSS,2025-05-04T08:21:14.950Z,27.3918143,103.2234090,1106.683,-8.190,1.714,3.271,0.575,1.195,0.266,16
$GNSS,2025-05-04T08:21:15.000Z,27.3918105,103.2234100,1106.721,-8.107,1.840,2.864,0.575,1.195,0.355,16
$GNSS,2025-05-04T08:21:15.050Z,27.3918072,103.2234110,1106.694,-7.415,1.732,2.693,0.575,1.195,0.403,15
$GNSS,2025-05-04T08:21:15.100Z,27.3918040,103.2234116,1106.456,-7.276,1.357,2.909,0.575,1.196,0.362,15
$GNSS,2025-05-04T08:21:15.150Z,27.3918009,103.2234120,1106.161,-7.291,1.133,3.188,0.575,1.196,0.306,15
$GNSS,2025-05-04T08:21:15.200Z,27.3917977,103.2234126,1105.993,-7.138,1.097,3.240,0.575,1.198,0.297,15
$GNSS,2025-05-04T08:21:15.250Z,27.3917945,103.2234131,1105.790,-7.101,1.115,3.495,0.575,1.200,0.276,15
$GNSS,2025-05-04T08:21:15.300Z,27.3917916,103.2234136,1105.577,-6.762,1.061,3.707,0.576,1.201,0.245,15
$GNSS,2025-05-04T08:21:15.350Z,27.3917886,103.2234140,1105.335,-6.733,0.986,3.942,0.576,1.201,0.229,16
$GNSS,2025-05-04T08:21:15.400Z,27.3917857,103.2234144,1105.097,-6.670,0.810,4.019,0.575,1.201,0.212,16
$GNSS,2025-05-04T08:21:15.450Z,27.3917829,103.2234147,1104.890,-6.340,0.626,3.975,0.575,1.201,0.208,16
$GNSS,2025-05-04T08:21:15.500Z,27.3917800,103.2234148,1104.706,-6.253,0.424,3.939,0.575,1.200,0.206,16
$GNSS,2025-05-04T08:21:15.550Z,27.3917773,103.2234150,1104.496,-6.235,0.435,4.018,0.574,1.200,0.204,16
$GNSS,2025-05-04T08:21:15.600Z,27.3917745,103.2234152,1104.287,-6.272,0.382,4.085,0.574,1.200,0.194,16
$GNSS,2025-05-04T08:21:15.650Z,27.3917717,103.2234153,1104.083,-6.127,0.315,4.128,0.574,1.199,0.194,16
$GNSS,2025-05-04T08:21:15.700Z,27.3917690,103.2234153,1103.902,-5.996,0.176,4.127,0.573,1.199,0.193,16
$GNSS,2025-05-04T08:21:15.750Z,27.3917663,103.2234153,1103.709,-6.022,-0.004,4.171,0.573,1.199,0.184,16
$GNSS,2025-05-04T08:21:15.800Z,27.3917636,103.2234153,1103.497,-6.130,0.085,4.262,0.573,1.198,0.177,16
$GNSS,2025-05-04T08:21:15.850Z,27.3917608,103.2234153,1103.293,-6.170,0.115,4.292,0.572,1.198,0.189,16
$GNSS,2025-05-04T08:21:15.900Z,27.3917580,103.2234152,1103.085,-6.167,-0.126,4.295,0.572,1.197,0.190,16
$GNSS,2025-05-04T08:21:15.950Z,27.3917552,103.2234151,1102.877,-6.101,-0.124,4.235,0.572,1.197,0.188,16
$GNSS,2025-05-04T08:21:16.000Z,27.3917524,103.2234150,1102.661,-6.200,-0.132,4.323,0.571,1.196,0.188,16
$GNSS,2025-05-04T08:21:16.050Z,27.3917497,103.2234148,1102.449,-6.116,-0.237,4.397,0.571,1.196,0.189,16
$GNSS,2025-05-04T08:21:16.100Z,27.3917469,103.2234146,1102.244,-6.043,-0.253,4.332,0.571,1.196,0.187,16
$GNSS,2025-05-04T08:21:16.150Z,27.3917442,103.2234144,1102.032,-6.154,-0.313,4.317,0.571,1.195,0.185,16
$GNSS,2025-05-04T08:21:16.200Z,27.3917413,103.2234142,1101.833,-6.241,-0.371,4.289,0.570,1.195,0.183,16
$GNSS,2025-05-04T08:21:16.250Z,27.3917385,103.2234139,1101.623,-6.306,-0.427,4.291,0.570,1.195,0.181,16
$GNSS,2025-05-04T08:21:16.300Z,27.3917356,103.2234136,1101.398,-6.384,-0.599,4.321,0.570,1.195,0.180,16
$GNSS,2025-05-04T08:21:16.350Z,27.3917328,103.2234132,1101.188,-6.274,-0.677,4.324,0.569,1.194,0.181,16
$GNSS,2025-05-04T08:21:16.400Z,27.3917299,103.2234128,1100.990,-6.310,-0.712,4.295,0.569,1.194,0.177,16
$GNSS,2025-05-04T08:21:16.450Z,27.3917271,103.2234123,1100.776,-6.334,-0.868,4.298,0.569,1.195,0.178,16
$GNSS,2025-05-04T08:21:16.500Z,27.3917242,103.2234117,1100.584,-6.269,-0.924,4.206,0.569,1.195,0.179,16
$GNSS,2025-05-04T08:21:16.550Z,27.3917214,103.2234111,1100.384,-6.251,-1.140,4.234,0.568,1.195,0.180,16
$GNSS,2025-05-04T08:21:16.600Z,27.3917186,103.2234104,1100.167,-6.249,-1.150,4.296,0.568,1.195,0.181,16
$GNSS,2025-05-04T08:21:16.650Z,27.3917158,103.2234097,1099.973,-6.214,-1.266,4.199,0.568,1.195,0.180,16
$GNSS,2025-05-04T08:21:16.700Z,27.3917130,103.2234090,1099.761,-6.209,-1.356,4.226,0.568,1.195,0.180,16
$GNSS,2025-05-04T08:21:16.750Z,27.3917102,103.2234082,1099.551,-6.232,-1.406,4.242,0.568,1.195,0.180,16
$GNSS,2025-05-04T08:21:16.800Z,27.3917074,103.2234074,1099.365,-6.228,-1.565,4.147,0.567,1.195,0.167,16
$GNSS,2025-05-04T08:21:16.850Z,27.3917047,103.2234065,1099.178,-6.164,-1.615,4.116,0.567,1.195,0.166,16
$GNSS,2025-05-04T08:21:16.900Z,27.3917019,103.2234057,1098.973,-6.137,-1.629,4.064,0.567,1.195,0.165,16
$GNSS,2025-05-04T08:21:16.950Z,27.3916992,103.2234048,1098.781,-5.995,-1.673,3.983,0.567,1.195,0.165,16
$GNSS,2025-05-04T08:21:17.000Z,27.3916966,103.2234038,1098.601,-5.950,-1.876,3.942,0.567,1.194,0.170,16
$GNSS,2025-05-04T08:21:17.050Z,27.3916939,103.2234027,1098.429,-5.851,-1.975,3.919,0.567,1.194,0.171,16
$GNSS,2025-05-04T08:21:17.100Z,27.3916913,103.2234017,1098.236,-5.720,-1.959,3.924,0.567,1.194,0.173,16
$GNSS,2025-05-04T08:21:17.150Z,27.3916889,103.2234006,1098.056,-5.511,-2.037,3.857,0.567,1.194,0.176,16
$GNSS,2025-05-04T08:21:17.200Z,27.3916864,103.2233995,1097.876,-5.521,-2.251,3.827,0.566,1.194,0.175,16
$GNSS,2025-05-04T08:21:17.250Z,27.3916840,103.2233982,1097.709,-5.420,-2.361,3.693,0.566,1.194,0.180,16
$GNSS,2025-05-04T08:21:17.300Z,27.3916815,103.2233970,1097.553,-5.382,-2.346,3.569,0.566,1.194,0.180,16
$GNSS,2025-05-04T08:21:17.350Z,27.3916791,103.2233958,1097.373,-5.362,-2.368,3.585,0.566,1.194,0.181,16
$GNSS,2025-05-04T08:21:17.400Z,27.3916768,103.2233945,1097.175,-5.151,-2.504,3.715,0.566,1.194,0.184,16
$GNSS,2025-05-04T08:21:17.450Z,27.3916745,103.2233930,1097.003,-5.184,-2.772,3.736,0.566,1.194,0.185,16
$GNSS,2025-05-04T08:21:17.500Z,27.3916721,103.2233914,1096.845,-5.100,-3.034,3.696,0.565,1.193,0.187,16
$GNSS,2025-05-04T08:21:17.550Z,27.3916699,103.2233898,1096.682,-4.979,-3.059,3.641,0.565,1.193,0.189,16
$GNSS,2025-05-04T08:21:17.600Z,27.3916678,103.2233881,1096.515,-4.696,-3.057,3.582,0.565,1.193,0.196,16
$GNSS,2025-05-04T08:21:17.650Z,27.3916657,103.2233865,1096.339,-4.676,-3.204,3.515,0.565,1.193,0.190,16
$GNSS,2025-05-04T08:21:17.700Z,27.3916636,103.2233847,1096.165,-4.537,-3.351,3.574,0.565,1.193,0.193,16
$GNSS,2025-05-04T08:21:17.750Z,27.3916616,103.2233828,1095.998,-4.464,-3.571,3.640,0.565,1.193,0.195,16
$GNSS,2025-05-04T08:21:17.800Z,27.3916596,103.2233808,1095.837,-4.316,-3.846,3.681,0.565,1.193,0.197,16
$GNSS,2025-05-04T08:21:17.850Z,27.3916577,103.2233787,1095.658,-4.214,-3.952,3.774,0.564,1.193,0.197,16
$GNSS,2025-05-04T08:21:17.900Z,27.3916559,103.2233766,1095.465,-4.021,-3.963,3.810,0.564,1.193,0.199,16
$GNSS,2025-05-04T08:21:17.950Z,27.3916542,103.2233744,1095.289,-3.805,-4.204,3.736,0.564,1.193,0.207,16
$GNSS,2025-05-04T08:21:18.000Z,27.3916525,103.2233721,1095.113,-3.700,-4.361,3.754,0.564,1.193,0.206,16
$GNSS,2025-05-04T08:21:18.050Z,27.3916508,103.2233697,1094.939,-3.636,-4.494,3.855,0.564,1.193,0.208,16
$GNSS,2025-05-04T08:21:18.100Z,27.3916493,103.2233672,1094.755,-3.454,-4.750,3.878,0.564,1.193,0.209,16
$GNSS,2025-05-04T08:21:18.150Z,27.3916478,103.2233648,1094.581,-3.187,-4.708,3.850,0.564,1.193,0.210,16
$GNSS,2025-05-04T08:21:18.200Z,27.3916465,103.2233622,1094.397,-2.919,-4.926,3.891,0.563,1.193,0.212,16
$GNSS,2025-05-04T08:21:18.250Z,27.3916453,103.2233595,1094.213,-2.685,-5.156,3.927,0.563,1.193,0.213,16
$GNSS,2025-05-04T08:21:18.300Z,27.3916441,103.2233568,1094.041,-2.564,-5.136,3.925,0.563,1.193,0.213,16
$GNSS,2025-05-04T08:21:18.350Z,27.3916430,103.2233541,1093.860,-2.418,-5.223,3.927,0.563,1.193,0.214,16
$GNSS,2025-05-04T08:21:18.400Z,27.3916420,103.2233514,1093.673,-2.257,-5.287,3.809,0.563,1.193,0.214,16
$GNSS,2025-05-04T08:21:18.450Z,27.3916410,103.2233486,1093.494,-2.070,-5.429,3.902,0.563,1.193,0.214,16
$GNSS,2025-05-04T08:21:18.500Z,27.3916402,103.2233457,1093.312,-1.786,-5.465,3.974,0.563,1.193,0.215,16
$GNSS,2025-05-04T08:21:18.550Z,27.3916395,103.2233429,1093.138,-1.533,-5.556,3.845,0.562,1.193,0.215,16
$GNSS,2025-05-04T08:21:18.600Z,27.3916389,103.2233400,1092.972,-1.339,-5.579,3.770,0.562,1.193,0.215,16
$GNSS,2025-05-04T08:21:18.650Z,27.3916384,103.2233371,1092.777,-1.151,-5.649,3.828,0.562,1.193,0.216,16
$GNSS,2025-05-04T08:21:18.700Z,27.3916379,103.2233341,1092.596,-0.997,-5.691,3.827,0.562,1.193,0.216,16
$GNSS,2025-05-04T08:21:18.750Z,27.3916375,103.2233311,1092.416,-0.957,-5.861,3.842,0.562,1.193,0.216,16
$GNSS,2025-05-04T08:21:18.800Z,27.3916371,103.2233281,1092.239,-0.848,-5.901,3.810,0.562,1.193,0.215,16
$GNSS,2025-05-04T08:21:18.850Z,27.3916368,103.2233250,1092.062,-0.645,-5.957,3.800,0.562,1.193,0.215,16
$GNSS,2025-05-04T08:21:18.900Z,27.3916367,103.2233220,1091.868,-0.354,-5.919,3.710,0.561,1.193,0.215,16
$GNSS,2025-05-04T08:21:18.950Z,27.3916366,103.2233189,1091.678,-0.211,-5.954,3.641,0.561,1.193,0.222,16
$GNSS,2025-05-04T08:21:19.000Z,27.3916366,103.2233158,1091.515,-0.015,-5.968,3.614,0.561,1.193,0.222,16
$GNSS,2025-05-04T08:21:19.050Z,27.3916366,103.2233127,1091.342,0.154,-5.981,3.669,0.561,1.193,0.212,16
$GNSS,2025-05-04T08:21:19.100Z,27.3916367,103.2233096,1091.171,0.182,-6.036,3.642,0.561,1.193,0.203,16
$GNSS,2025-05-04T08:21:19.150Z,27.3916369,103.2233065,1090.987,0.273,-6.005,3.644,0.561,1.193,0.203,16
$GNSS,2025-05-04T08:21:19.200Z,27.3916370,103.2233034,1090.856,0.427,-6.052,3.405,0.561,1.193,0.201,16
$GNSS,2025-05-04T08:21:19.250Z,27.3916373,103.2233003,1090.700,0.679,-6.041,3.373,0.560,1.193,0.201,16
$GNSS,2025-05-04T08:21:19.300Z,27.3916377,103.2232971,1090.545,0.869,-6.037,3.332,0.560,1.193,0.208,16
$GNSS,2025-05-04T08:21:19.350Z,27.3916381,103.2232940,1090.386,0.851,-6.033,3.338,0.560,1.193,0.208,16
$GNSS,2025-05-04T08:21:19.400Z,27.3916385,103.2232910,1090.220,0.909,-5.974,3.335,0.560,1.193,0.220,16
$GNSS,2025-05-04T08:21:19.450Z,27.3916389,103.2232879,1090.086,0.805,-5.970,3.352,0.560,1.193,0.222,16
$GNSS,2025-05-04T08:21:19.550Z,27.3916396,103.2232818,1089.760,0.899,-5.966,3.395,0.560,1.195,0.230,16
$GNSS,2025-05-04T08:21:19.600Z,27.3916401,103.2232788,1089.606,0.947,-5.883,3.347,0.560,1.195,0.219,16
$GNSS,2025-05-04T08:21:19.650Z,27.3916406,103.2232758,1089.462,1.143,-5.734,3.288,0.560,1.195,0.217,16
$GNSS,2025-05-04T08:21:19.700Z,27.3916412,103.2232728,1089.297,1.269,-5.789,3.299,0.560,1.195,0.217,16
$GNSS,2025-05-04T08:21:19.750Z,27.3916418,103.2232700,1089.142,1.332,-5.615,3.276,0.559,1.195,0.216,16
$GNSS,2025-05-04T08:21:19.800Z,27.3916423,103.2232670,1088.977,1.225,-5.684,3.262,0.559,1.195,0.216,16
$GNSS,2025-05-04T08:21:19.850Z,27.3916429,103.2232642,1088.835,1.299,-5.579,3.231,0.559,1.195,0.216,16
$GNSS,2025-05-04T08:21:19.900Z,27.3916435,103.2232614,1088.664,1.212,-5.401,3.269,0.559,1.195,0.217,16
$GNSS,2025-05-04T08:21:19.950Z,27.3916440,103.2232586,1088.534,1.233,-5.327,3.219,0.559,1.195,0.216,16
$GNSS,2025-05-04T08:21:20.000Z,27.3916445,103.2232559,1088.387,1.191,-5.311,3.261,0.559,1.195,0.217,16
$GNSS,2025-05-04T08:21:20.050Z,27.3916451,103.2232532,1088.250,1.228,-5.262,3.265,0.558,1.195,0.217,16
$GNSS,2025-05-04T08:21:20.100Z,27.3916457,103.2232506,1088.097,1.344,-5.067,3.205,0.558,1.196,0.216,16
$GNSS,2025-05-04T08:21:20.150Z,27.3916463,103.2232480,1087.958,1.311,-5.043,3.139,0.558,1.196,0.221,16
$GNSS,2025-05-04T08:21:20.200Z,27.3916468,103.2232455,1087.817,1.182,-4.924,3.052,0.558,1.196,0.214,16
$GNSS,2025-05-04T08:21:20.250Z,27.3916473,103.2232430,1087.673,1.074,-4.822,3.041,0.558,1.196,0.216,16
$GNSS,2025-05-04T08:21:20.300Z,27.3916477,103.2232406,1087.535,1.033,-4.754,3.050,0.557,1.196,0.216,16
$GNSS,2025-05-04T08:21:20.350Z,27.3916482,103.2232382,1087.389,1.048,-4.683,3.041,0.557,1.196,0.215,16
$GNSS,2025-05-04T08:21:20.400Z,27.3916487,103.2232359,1087.232,1.031,-4.543,3.068,0.557,1.196,0.214,16
$GNSS,2025-05-04T08:21:20.450Z,27.3916491,103.2232336,1087.103,1.015,-4.439,3.053,0.557,1.196,0.210,16
$GNSS,2025-05-04T08:21:20.500Z,27.3916496,103.2232314,1086.951,0.952,-4.295,3.063,0.556,1.196,0.210,16
$GNSS,2025-05-04T08:21:20.550Z,27.3916500,103.2232293,1086.815,0.977,-4.231,3.050,0.556,1.196,0.214,16
$GNSS,2025-05-04T08:21:20.600Z,27.3916504,103.2232272,1086.679,0.834,-4.180,3.097,0.556,1.196,0.215,16
$GNSS,2025-05-04T08:21:20.650Z,27.3916508,103.2232252,1086.547,0.899,-3.865,3.124,0.555,1.196,0.212,16
$GNSS,2025-05-04T08:21:20.700Z,27.3916514,103.2232235,1086.386,1.272,-3.344,3.337,0.555,1.196,0.213,16
$GNSS,2025-05-04T08:21:20.750Z,27.3916520,103.2232219,1086.204,1.296,-3.126,3.628,0.555,1.196,0.214,16
$GNSS,2025-05-04T08:21:20.800Z,27.3916526,103.2232204,1085.948,1.134,-3.059,4.409,0.555,1.196,0.223,16
$GNSS,2025-05-04T08:21:20.850Z,27.3916529,103.2232187,1085.718,0.796,-3.519,4.743,0.554,1.197,0.232,16
$GNSS,2025-05-04T08:21:20.900Z,27.3916533,103.2232170,1085.514,0.877,-3.279,4.412,0.555,1.198,0.239,16
$GNSS,2025-05-04T08:21:20.950Z,27.3916537,103.2232155,1085.323,1.002,-3.068,3.922,0.555,1.199,0.247,16
$GNSS,2025-05-04T08:21:21.000Z,27.3916544,103.2232137,1085.105,1.368,-3.379,3.924,0.555,1.199,0.273,16
$GNSS,2025-05-04T08:21:21.050Z,27.3916549,103.2232120,1084.872,1.121,-3.505,4.150,0.555,1.200,0.303,16
$GNSS,2025-05-04T08:21:21.100Z,27.3916553,103.2232100,1084.631,0.870,-3.761,4.292,0.555,1.202,0.351,16
$GNSS,2025-05-04T08:21:21.150Z,27.3916555,103.2232082,1084.390,0.452,-3.704,4.503,0.556,1.203,0.411,16
$GNSS,2025-05-04T08:21:21.200Z,27.3916559,103.2232065,1084.085,0.583,-3.600,4.957,0.556,1.204,0.487,16
$GNSS,2025-05-04T08:21:21.250Z,27.3916562,103.2232046,1083.836,0.735,-3.705,4.918,0.556,1.205,0.507,16
$GNSS,2025-05-04T08:21:21.300Z,27.3916565,103.2232025,1083.588,0.660,-4.004,4.732,0.556,1.206,0.505,16
$GNSS,2025-05-04T08:21:21.350Z,27.3916565,103.2232004,1083.346,-0.053,-4.158,4.706,0.557,1.207,0.425,16
$GNSS,2025-05-04T08:21:21.400Z,27.3916562,103.2231982,1083.081,-0.598,-4.329,4.968,0.557,1.209,0.359,16
$GNSS,2025-05-04T08:21:21.450Z,27.3916558,103.2231962,1082.805,-0.868,-4.197,5.219,0.557,1.210,0.314,16
$GNSS,2025-05-04T08:21:21.500Z,27.3916554,103.2231942,1082.556,-0.943,-4.015,5.367,0.557,1.211,0.279,16
$GNSS,2025-05-04T08:21:21.550Z,27.3916550,103.2231922,1082.280,-0.869,-4.112,5.489,0.557,1.212,0.259,16
$GNSS,2025-05-04T08:21:21.600Z,27.3916544,103.2231902,1081.987,-1.389,-3.879,5.492,0.557,1.213,0.255,16
$GNSS,2025-05-04T08:21:21.650Z,27.3916535,103.2231881,1081.716,-1.820,-4.124,5.482,0.557,1.213,0.238,16
$GNSS,2025-05-04T08:21:21.700Z,27.3916523,103.2231858,1081.449,-2.507,-4.560,5.688,0.557,1.213,0.237,16
$GNSS,2025-05-04T08:21:21.750Z,27.3916512,103.2231832,1081.116,-2.738,-5.245,6.191,0.557,1.213,0.238,16
$GNSS,2025-05-04T08:21:21.800Z,27.3916501,103.2231805,1080.778,-2.631,-5.398,6.566,0.557,1.213,0.244,16
$GNSS,2025-05-04T08:21:21.850Z,27.3916491,103.2231780,1080.371,-2.390,-4.951,6.938,0.557,1.214,0.250,16
$GNSS,2025-05-04T08:21:21.900Z,27.3916484,103.2231760,1080.001,-1.771,-4.149,7.087,0.557,1.214,0.251,16
$GNSS,2025-05-04T08:21:21.950Z,27.3916476,103.2231739,1079.661,-1.819,-4.109,7.077,0.557,1.215,0.259,16
$GNSS,2025-05-04T08:21:22.000Z,27.3916467,103.2231719,1079.345,-2.014,-3.969,6.967,0.556,1.215,0.248,16
$GNSS,2025-05-04T08:21:22.050Z,27.3916457,103.2231698,1079.011,-2.172,-4.114,6.980,0.556,1.216,0.243,16
$GNSS,2025-05-04T08:21:22.100Z,27.3916447,103.2231677,1078.637,-2.307,-4.163,7.286,0.556,1.216,0.238,16
$GNSS,2025-05-04T08:21:22.150Z,27.3916436,103.2231656,1078.275,-2.435,-4.128,7.441,0.556,1.216,0.235,16
$GNSS,2025-05-04T08:21:22.200Z,27.3916426,103.2231635,1077.918,-2.364,-4.083,7.483,0.556,1.216,0.235,15
$GNSS,2025-05-04T08:21:22.250Z,27.3916414,103.2231615,1077.547,-2.591,-3.928,7.421,0.555,1.217,0.232,15
$GNSS,2025-05-04T08:21:22.300Z,27.3916401,103.2231594,1077.214,-2.669,-3.998,7.433,0.555,1.217,0.234,16
$GNSS,2025-05-04T08:21:22.350Z,27.3916389,103.2231572,1076.846,-2.793,-4.208,7.627,0.555,1.216,0.230,16
$GNSS,2025-05-04T08:21:22.400Z,27.3916376,103.2231550,1076.450,-2.880,-4.295,7.773,0.555,1.216,0.228,16
$GNSS,2025-05-04T08:21:22.450Z,27.3916363,103.2231527,1076.067,-2.937,-4.453,7.888,0.555,1.216,0.222,16
$GNSS,2025-05-04T08:21:22.500Z,27.3916349,103.2231504,1075.682,-2.972,-4.441,7.873,0.555,1.216,0.220,16
$GNSS,2025-05-04T08:21:22.550Z,27.3916335,103.2231481,1075.291,-3.197,-4.540,7.940,0.555,1.216,0.217,16
$GNSS,2025-05-04T08:21:22.600Z,27.3916319,103.2231457,1074.887,-3.360,-4.605,8.066,0.554,1.216,0.216,16
$GNSS,2025-05-04T08:21:22.650Z,27.3916304,103.2231433,1074.480,-3.387,-4.711,8.215,0.554,1.216,0.215,16
$GNSS,2025-05-04T08:21:22.700Z,27.3916288,103.2231408,1074.073,-3.575,-4.768,8.346,0.554,1.216,0.214,16
$GNSS,2025-05-04T08:21:22.750Z,27.3916271,103.2231384,1073.643,-3.754,-4.612,8.506,0.554,1.216,0.214,16
$GNSS,2025-05-04T08:21:22.800Z,27.3916253,103.2231359,1073.226,-3.993,-4.885,8.603,0.554,1.216,0.209,16
$GNSS,2025-05-04T08:21:22.850Z,27.3916234,103.2231334,1072.781,-4.118,-4.946,8.754,0.554,1.215,0.207,16
$GNSS,2025-05-04T08:21:22.900Z,27.3916215,103.2231309,1072.338,-4.193,-4.942,8.848,0.554,1.215,0.206,16
$GNSS,2025-05-04T08:21:22.950Z,27.3916196,103.2231284,1071.890,-4.180,-4.922,9.031,0.554,1.215,0.205,16
$GNSS,2025-05-04T08:21:23.000Z,27.3916178,103.2231258,1071.420,-4.145,-5.009,9.114,0.553,1.215,0.206,16
$GNSS,2025-05-04T08:21:23.050Z,27.3916159,103.2231233,1070.963,-4.093,-5.016,9.105,0.553,1.214,0.205,16
$GNSS,2025-05-04T08:21:23.100Z,27.3916141,103.2231207,1070.505,-4.008,-5.024,9.170,0.553,1.214,0.205,16
$GNSS,2025-05-04T08:21:23.150Z,27.3916123,103.2231180,1070.040,-4.011,-5.261,9.209,0.553,1.214,0.205,16
$GNSS,2025-05-04T08:21:23.200Z,27.3916104,103.2231154,1069.598,-4.043,-5.195,9.125,0.553,1.214,0.204,16
$GNSS,2025-05-04T08:21:23.250Z,27.3916086,103.2231127,1069.154,-3.979,-5.284,9.108,0.553,1.214,0.204,16
$GNSS,2025-05-04T08:21:23.300Z,27.3916068,103.2231099,1068.710,-3.917,-5.428,9.086,0.553,1.214,0.204,16
$GNSS,2025-05-04T08:21:23.350Z,27.3916050,103.2231071,1068.246,-3.907,-5.563,9.068,0.552,1.213,0.204,16
$GNSS,2025-05-04T08:21:23.400Z,27.3916033,103.2231041,1067.786,-3.859,-5.788,9.159,0.552,1.213,0.204,16
$GNSS,2025-05-04T08:21:23.450Z,27.3916015,103.2231011,1067.332,-3.915,-5.902,9.237,0.552,1.213,0.204,16
$GNSS,2025-05-04T08:21:23.500Z,27.3915998,103.2230981,1066.874,-3.844,-5.858,9.289,0.552,1.213,0.204,16
$GNSS,2025-05-04T08:21:23.550Z,27.3915981,103.2230950,1066.428,-3.664,-6.095,9.334,0.552,1.213,0.205,16
$GNSS,2025-05-04T08:21:23.600Z,27.3915965,103.2230919,1065.989,-3.568,-6.101,9.291,0.552,1.213,0.202,16
$GNSS,2025-05-04T08:21:23.650Z,27.3915950,103.2230887,1065.529,-3.275,-6.292,9.175,0.552,1.213,0.204,16
$GNSS,2025-05-04T08:21:23.700Z,27.3915936,103.2230854,1065.063,-3.195,-6.442,9.131,0.551,1.212,0.205,16
$GNSS,2025-05-04T08:21:23.750Z,27.3915923,103.2230819,1064.613,-2.911,-6.794,9.061,0.551,1.212,0.205,16
$GNSS,2025-05-04T08:21:23.800Z,27.3915911,103.2230783,1064.143,-2.770,-7.063,9.190,0.551,1.212,0.201,16
$GNSS,2025-05-04T08:21:23.850Z,27.3915898,103.2230747,1063.673,-2.767,-7.153,9.411,0.551,1.211,0.201,16
$GNSS,2025-05-04T08:21:23.900Z,27.3915886,103.2230710,1063.187,-2.671,-7.234,9.669,0.550,1.211,0.203,16
$GNSS,2025-05-04T08:21:23.950Z,27.3915875,103.2230674,1062.694,-2.503,-7.230,9.832,0.550,1.211,0.205,16
$GNSS,2025-05-04T08:21:24.000Z,27.3915865,103.2230637,1062.210,-2.196,-7.320,9.810,0.550,1.210,0.203,16
$GNSS,2025-05-04T08:21:24.050Z,27.3915856,103.2230599,1061.734,-1.977,-7.484,9.755,0.550,1.210,0.209,16
$GNSS,2025-05-04T08:21:24.100Z,27.3915849,103.2230561,1061.254,-1.495,-7.419,9.814,0.549,1.210,0.213,16
$GNSS,2025-05-04T08:21:24.150Z,27.3915844,103.2230523,1060.737,-1.292,-7.490,9.957,0.549,1.210,0.212,16
$GNSS,2025-05-04T08:21:24.200Z,27.3915839,103.2230485,1060.207,-1.042,-7.613,10.259,0.549,1.209,0.209,16
$GNSS,2025-05-04T08:21:24.250Z,27.3915836,103.2230446,1059.669,-0.841,-7.720,10.510,0.549,1.209,0.212,16
$GNSS,2025-05-04T08:21:24.300Z,27.3915834,103.2230406,1059.139,-0.453,-7.864,10.688,0.548,1.209,0.208,16
$GNSS,2025-05-04T08:21:24.350Z,27.3915834,103.2230367,1058.605,0.027,-7.758,10.778,0.548,1.208,0.210,16
$GNSS,2025-05-04T08:21:24.400Z,27.3915836,103.2230328,1058.074,0.391,-7.690,10.809,0.548,1.208,0.209,16
$GNSS,2025-05-04T08:21:24.450Z,27.3915838,103.2230289,1057.508,0.520,-7.706,11.008,0.547,1.208,0.213,16
$GNSS,2025-05-04T08:21:24.500Z,27.3915843,103.2230250,1056.942,0.999,-7.671,11.236,0.547,1.208,0.216,16
$GNSS,2025-05-04T08:21:24.550Z,27.3915850,103.2230211,1056.384,1.431,-7.736,11.284,0.547,1.207,0.219,16
$GNSS,2025-05-04T08:21:24.600Z,27.3915857,103.2230172,1055.829,1.582,-7.797,11.304,0.546,1.207,0.225,16
$GNSS,2025-05-04T08:21:24.650Z,27.3915868,103.2230133,1055.256,2.213,-7.857,11.502,0.546,1.207,0.221,16
$GNSS,2025-05-04T08:21:24.700Z,27.3915880,103.2230093,1054.668,2.666,-7.775,11.746,0.546,1.207,0.223,16
$GNSS,2025-05-04T08:21:24.750Z,27.3915895,103.2230055,1054.062,3.197,-7.547,11.966,0.546,1.207,0.234,16
$GNSS,2025-05-04T08:21:24.800Z,27.3915911,103.2230019,1053.441,3.430,-7.328,12.183,0.546,1.207,0.236,16
$GNSS,2025-05-04T08:21:24.850Z,27.3915928,103.2229982,1052.803,3.699,-7.272,12.494,0.546,1.207,0.238,16
$GNSS,2025-05-04T08:21:24.900Z,27.3915948,103.2229945,1052.169,4.241,-7.282,12.781,0.545,1.207,0.232,16
$GNSS,2025-05-04T08:21:24.950Z,27.3915970,103.2229910,1051.521,4.708,-7.084,12.940,0.545,1.207,0.236,16
$GNSS,2025-05-04T08:21:25.000Z,27.3915992,103.2229875,1050.873,4.937,-6.936,13.147,0.545,1.207,0.246,15
$GNSS,2025-05-04T08:21:25.050Z,27.3916017,103.2229841,1050.188,5.262,-6.848,13.462,0.545,1.207,0.250,15
$GNSS,2025-05-04T08:21:25.100Z,27.3916042,103.2229807,1049.479,5.563,-6.703,13.690,0.545,1.207,0.243,15
$GNSS,2025-05-04T08:21:25.150Z,27.3916069,103.2229775,1048.792,5.860,-6.308,13.985,0.545,1.208,0.247,15
$GNSS,2025-05-04T08:21:25.200Z,27.3916097,103.2229745,1048.061,5.927,-6.046,14.174,0.545,1.208,0.244,15
$GNSS,2025-05-04T08:21:25.250Z,27.3916126,103.2229716,1047.345,6.338,-5.749,14.330,0.545,1.208,0.249,15
$GNSS,2025-05-04T08:21:25.300Z,27.3916157,103.2229689,1046.584,6.744,-5.347,14.623,0.545,1.208,0.253,15
$GNSS,2025-05-04T08:21:25.350Z,27.3916191,103.2229665,1045.841,7.277,-4.855,14.692,0.545,1.208,0.256,15
$GNSS,2025-05-04T08:21:25.400Z,27.3916225,103.2229642,1045.092,7.641,-4.686,14.658,0.545,1.208,0.249,15
$GNSS,2025-05-04T08:21:25.450Z,27.3916262,103.2229620,1044.349,7.901,-4.365,14.713,0.545,1.208,0.248,15
$GNSS,2025-05-04T08:21:25.500Z,27.3916299,103.2229600,1043.586,8.228,-4.078,14.952,0.545,1.209,0.262,15
$GNSS,2025-05-04T08:21:25.550Z,27.3916338,103.2229581,1042.813,8.455,-3.789,15.175,0.545,1.210,0.273,15
$GNSS,2025-05-04T08:21:25.600Z,27.3916377,103.2229565,1042.029,8.630,-3.398,15.523,0.545,1.211,0.276,15
$GNSS,2025-05-04T08:21:25.650Z,27.3916419,103.2229552,1041.235,9.154,-2.690,15.789,0.546,1.212,0.283,15
$GNSS,2025-05-04T08:21:25.700Z,27.3916461,103.2229542,1040.451,9.311,-2.092,15.714,0.546,1.213,0.286,15
$GNSS,2025-05-04T08:21:25.750Z,27.3916505,103.2229535,1039.648,9.642,-1.642,15.735,0.546,1.214,0.289,15
$GNSS,2025-05-04T08:21:25.800Z,27.3916550,103.2229529,1038.825,9.778,-1.170,15.919,0.547,1.216,0.281,15
$GNSS,2025-05-04T08:21:25.850Z,27.3916595,103.2229526,1038.007,9.971,-0.698,16.142,0.547,1.217,0.283,15
$GNSS,2025-05-04T08:21:25.900Z,27.3916641,103.2229526,1037.172,10.147,-0.280,16.453,0.547,1.218,0.283,15
$GNSS,2025-05-04T08:21:25.950Z,27.3916688,103.2229529,1036.345,10.312,0.354,16.616,0.548,1.219,0.294,15
$GNSS,2025-05-04T08:21:26.000Z,27.3916735,103.2229534,1035.516,10.428,0.871,16.598,0.548,1.221,0.296,15
$GNSS,2025-05-04T08:21:26.050Z,27.3916783,103.2229541,1034.668,10.557,1.383,16.626,0.548,1.222,0.296,15
$GNSS,2025-05-04T08:21:26.100Z,27.3916831,103.2229551,1033.821,10.593,1.748,16.758,0.549,1.223,0.294,15
$GNSS,2025-05-04T08:21:26.150Z,27.3916879,103.2229563,1032.975,10.559,2.228,16.927,0.549,1.224,0.294,15
$GNSS,2025-05-04T08:21:26.200Z,27.3916928,103.2229578,1032.110,10.715,2.765,17.245,0.549,1.226,0.295,15
$GNSS,2025-05-04T08:21:26.250Z,27.3916975,103.2229596,1031.219,10.590,3.492,17.329,0.550,1.227,0.296,15
$GNSS,2025-05-04T08:21:26.300Z,27.3917021,103.2229619,1030.368,10.215,4.260,17.284,0.550,1.228,0.295,15
$GNSS,2025-05-04T08:21:26.350Z,27.3917067,103.2229644,1029.499,10.106,4.800,17.335,0.550,1.229,0.295,15
$GNSS,2025-05-04T08:21:26.400Z,27.3917112,103.2229670,1028.625,10.150,5.131,17.436,0.550,1.231,0.295,15
$GNSS,2025-05-04T08:21:26.450Z,27.3917159,103.2229698,1027.737,10.288,5.330,17.698,0.551,1.232,0.288,15
$GNSS,2025-05-04T08:21:26.500Z,27.3917204,103.2229729,1026.898,10.030,5.702,17.923,0.551,1.232,0.288,16
$GNSS,2025-05-04T08:21:26.550Z,27.3917247,103.2229762,1026.044,9.610,6.305,17.808,0.551,1.233,0.287,16
$GNSS,2025-05-04T08:21:26.600Z,27.3917288,103.2229798,1025.192,9.132,7.012,17.484,0.551,1.233,0.280,16
$GNSS,2025-05-04T08:21:26.650Z,27.3917326,103.2229838,1024.326,8.597,7.796,17.335,0.551,1.233,0.282,16
$GNSS,2025-05-04T08:21:26.700Z,27.3917363,103.2229879,1023.461,8.207,8.197,17.352,0.551,1.233,0.281,16
$GNSS,2025-05-04T08:21:26.750Z,27.3917396,103.2229924,1022.542,7.461,8.788,17.654,0.551,1.233,0.279,16
$GNSS,2025-05-04T08:21:26.800Z,27.3917427,103.2229971,1021.662,6.996,9.220,17.664,0.551,1.234,0.278,16
$GNSS,2025-05-04T08:21:26.850Z,27.3917456,103.2230020,1020.775,6.684,9.464,17.849,0.552,1.234,0.276,16
$GNSS,2025-05-04T08:21:26.900Z,27.3917484,103.2230069,1019.873,6.159,9.676,17.806,0.552,1.233,0.251,16
$GNSS,2025-05-04T08:21:26.950Z,27.3917508,103.2230119,1018.973,5.572,9.954,17.893,0.551,1.232,0.226,16
$GNSS,2025-05-04T08:21:27.000Z,27.3917529,103.2230171,1018.151,4.944,10.066,17.892,0.551,1.231,0.220,16
$GNSS,2025-05-04T08:21:27.050Z,27.3917548,103.2230223,1017.285,4.324,10.229,17.956,0.551,1.229,0.214,16
$GNSS,2025-05-04T08:21:27.100Z,27.3917563,103.2230275,1016.390,3.606,10.320,17.964,0.550,1.228,0.213,16
$GNSS,2025-05-04T08:21:27.150Z,27.3917577,103.2230328,1015.476,3.024,10.400,18.113,0.550,1.227,0.213,16
$GNSS,2025-05-04T08:21:27.200Z,27.3917587,103.2230380,1014.576,2.347,10.426,18.102,0.550,1.226,0.211,16
$GNSS,2025-05-04T08:21:27.250Z,27.3917595,103.2230433,1013.687,1.936,10.419,18.134,0.549,1.225,0.209,16
$GNSS,2025-05-04T08:21:27.300Z,27.3917600,103.2230487,1012.808,1.280,10.536,18.261,0.549,1.224,0.210,16
$GNSS,2025-05-04T08:21:27.350Z,27.3917603,103.2230539,1011.906,0.588,10.343,18.243,0.549,1.223,0.212,16
$GNSS,2025-05-04T08:21:27.400Z,27.3917599,103.2230591,1011.018,-0.581,10.322,18.051,0.549,1.223,0.213,16
$GNSS,2025-05-04T08:21:27.450Z,27.3917593,103.2230641,1010.125,-1.399,9.831,17.927,0.548,1.222,0.215,16
$GNSS,2025-05-04T08:21:27.500Z,27.3917583,103.2230689,1009.239,-2.088,9.588,17.922,0.548,1.221,0.216,16
$GNSS,2025-05-04T08:21:27.550Z,27.3917571,103.2230736,1008.327,-2.644,9.382,18.201,0.548,1.220,0.215,16
$GNSS,2025-05-04T08:21:27.600Z,27.3917555,103.2230781,1007.415,-3.278,8.998,18.349,0.548,1.220,0.212,16
$GNSS,2025-05-04T08:21:27.650Z,27.3917537,103.2230825,1006.521,-3.944,8.617,18.240,0.547,1.219,0.210,16
$GNSS,2025-05-04T08:21:27.700Z,27.3917515,103.2230866,1005.639,-4.774,8.100,17.954,0.547,1.219,0.209,16
$GNSS,2025-05-04T08:21:27.750Z,27.3917491,103.2230904,1004.760,-5.312,7.669,17.830,0.547,1.218,0.209,16
$GNSS,2025-05-04T08:21:27.800Z,27.3917465,103.2230940,1003.868,-5.802,7.250,17.864,0.547,1.217,0.210,16
$GNSS,2025-05-04T08:21:27.850Z,27.3917436,103.2230974,1002.987,-6.354,6.777,17.759,0.547,1.217,0.211,16
$GNSS,2025-05-04T08:21:27.900Z,27.3917404,103.2231005,1002.109,-7.115,6.200,17.637,0.546,1.216,0.210,16
$GNSS,2025-05-04T08:21:27.950Z,27.3917369,103.2231034,1001.237,-7.812,5.756,17.491,0.546,1.216,0.218,16
$GNSS,2025-05-04T08:21:28.000Z,27.3917330,103.2231062,1000.379,-8.508,5.476,17.398,0.546,1.215,0.216,16
$GNSS,2025-05-04T08:21:28.050Z,27.3917289,103.2231087,999.497,-9.178,5.068,17.360,0.546,1.215,0.201,16
$GNSS,2025-05-04T08:21:28.100Z,27.3917245,103.2231109,998.652,-9.708,4.562,17.132,0.546,1.214,0.204,16
$GNSS,2025-05-04T08:21:28.150Z,27.3917197,103.2231129,997.817,-10.386,3.994,16.931,0.546,1.214,0.204,16
$GNSS,2025-05-04T08:21:28.200Z,27.3917149,103.2231145,996.991,-10.690,3.318,16.654,0.546,1.214,0.204,16
$GNSS,2025-05-04T08:21:28.250Z,27.3917099,103.2231159,996.163,-11.188,2.879,16.212,0.546,1.213,0.205,16
$GNSS,2025-05-04T08:21:28.300Z,27.3917047,103.2231173,995.376,-11.553,2.671,15.808,0.545,1.213,0.206,16
$GNSS,2025-05-04T08:21:28.350Z,27.3916993,103.2231183,994.618,-11.862,2.101,15.502,0.545,1.213,0.208,16
$GNSS,2025-05-04T08:21:28.400Z,27.3916936,103.2231190,993.876,-12.439,1.530,15.241,0.545,1.213,0.206,16
$GNSS,2025-05-04T08:21:28.450Z,27.3916878,103.2231195,993.145,-12.879,0.971,14.859,0.545,1.212,0.212,16
$GNSS,2025-05-04T08:21:28.500Z,27.3916819,103.2231197,992.449,-13.124,0.462,14.296,0.545,1.212,0.212,16
$GNSS,2025-05-04T08:21:28.550Z,27.3916759,103.2231196,991.755,-13.354,0.019,13.939,0.545,1.212,0.211,16
$GNSS,2025-05-04T08:21:28.600Z,27.3916697,103.2231193,991.107,-13.654,-0.484,13.505,0.545,1.211,0.211,16
$GNSS,2025-05-04T08:21:28.650Z,27.3916634,103.2231189,990.475,-13.916,-0.817,13.109,0.545,1.211,0.199,16
$GNSS,2025-05-04T08:21:28.700Z,27.3916569,103.2231183,989.846,-14.231,-1.044,12.773,0.545,1.211,0.198,16
$GNSS,2025-05-04T08:21:28.750Z,27.3916504,103.2231174,989.233,-14.497,-1.747,12.519,0.545,1.211,0.199,16
$GNSS,2025-05-04T08:21:28.800Z,27.3916437,103.2231162,988.648,-14.678,-2.358,12.035,0.545,1.211,0.197,16
$GNSS,2025-05-04T08:21:28.850Z,27.3916371,103.2231149,988.099,-14.680,-2.463,11.546,0.545,1.211,0.196,16
$GNSS,2025-05-04T08:21:28.900Z,27.3916303,103.2231134,987.577,-14.847,-2.891,11.015,0.545,1.211,0.202,16
$GNSS,2025-05-04T08:21:28.950Z,27.3916235,103.2231117,987.072,-15.039,-3.245,10.510,0.545,1.211,0.201,16
$GNSS,2025-05-04T08:21:29.000Z,27.3916167,103.2231099,986.582,-15.091,-3.576,10.105,0.545,1.212,0.193,16
$GNSS,2025-05-04T08:21:29.050Z,27.3916098,103.2231079,986.117,-15.264,-3.807,9.616,0.545,1.212,0.184,16
$GNSS,2025-05-04T08:21:29.100Z,27.3916028,103.2231057,985.691,-15.477,-4.217,9.188,0.545,1.212,0.182,16
$GNSS,2025-05-04T08:21:29.150Z,27.3915960,103.2231034,985.273,-15.247,-4.488,8.698,0.545,1.212,0.180,16
$GNSS,2025-05-04T08:21:29.200Z,27.3915892,103.2231010,984.879,-15.068,-4.674,8.357,0.545,1.212,0.179,16
$GNSS,2025-05-04T08:21:29.250Z,27.3915824,103.2230984,984.490,-15.076,-5.034,7.959,0.544,1.211,0.171,16
$GNSS,2025-05-04T08:21:29.300Z,27.3915755,103.2230957,984.157,-15.214,-5.356,7.577,0.544,1.211,0.169,16
$GNSS,2025-05-04T08:21:29.350Z,27.3915687,103.2230928,983.812,-15.041,-5.666,7.324,0.544,1.211,0.170,16
$GNSS,2025-05-04T08:21:29.400Z,27.3915621,103.2230899,983.472,-14.703,-5.598,6.846,0.544,1.211,0.173,16
$GNSS,2025-05-04T08:21:29.450Z,27.3915555,103.2230868,983.166,-14.608,-6.094,6.547,0.544,1.211,0.172,16
$GNSS,2025-05-04T08:21:29.550Z,27.3915424,103.2230802,982.590,-14.333,-6.580,5.889,0.545,1.212,0.179,16
$GNSS,2025-05-04T08:21:29.600Z,27.3915359,103.2230769,982.343,-14.325,-6.549,5.622,0.545,1.212,0.168,16
$GNSS,2025-05-04T08:21:29.650Z,27.3915296,103.2230734,982.109,-13.962,-6.839,5.286,0.545,1.212,0.161,16
$GNSS,2025-05-04T08:21:29.700Z,27.3915235,103.2230700,981.857,-13.714,-6.777,4.987,0.545,1.212,0.165,16
$GNSS,2025-05-04T08:21:29.750Z,27.3915172,103.2230664,981.646,-13.768,-7.035,4.549,0.545,1.212,0.167,16
$GNSS,2025-05-04T08:21:29.800Z,27.3915110,103.2230628,981.463,-13.763,-7.114,4.312,0.545,1.212,0.167,16
$GNSS,2025-05-04T08:21:29.850Z,27.3915050,103.2230592,981.260,-13.381,-7.138,4.154,0.545,1.212,0.172,16
$GNSS,2025-05-04T08:21:29.900Z,27.3914990,103.2230557,981.085,-13.240,-6.961,3.834,0.545,1.212,0.185,16
$GNSS,2025-05-04T08:21:29.950Z,27.3914931,103.2230520,980.906,-13.053,-7.179,3.622,0.545,1.212,0.186,16
$GNSS,2025-05-04T08:21:30.000Z,27.3914873,103.2230482,980.765,-12.806,-7.411,3.364,0.545,1.212,0.185,16
$GNSS,2025-05-04T08:21:30.050Z,27.3914814,103.2230444,980.656,-12.912,-7.511,3.046,0.545,1.212,0.192,16
$GNSS,2025-05-04T08:21:30.100Z,27.3914759,103.2230408,980.493,-12.370,-7.198,2.880,0.545,1.213,0.188,16
$GNSS,2025-05-04T08:21:30.150Z,27.3914703,103.2230370,980.378,-12.250,-7.407,2.580,0.545,1.213,0.189,16
$GNSS,2025-05-04T08:21:30.200Z,27.3914649,103.2230331,980.274,-12.025,-7.703,2.424,0.545,1.213,0.195,16
$GNSS,2025-05-04T08:21:30.250Z,27.3914595,103.2230291,980.182,-11.853,-7.885,2.235,0.544,1.213,0.197,16
$GNSS,2025-05-04T08:21:30.300Z,27.3914543,103.2230253,980.038,-11.606,-7.572,2.171,0.544,1.213,0.200,16
$GNSS,2025-05-04T08:21:30.350Z,27.3914491,103.2230213,979.934,-11.523,-7.741,1.971,0.544,1.214,0.202,16
$GNSS,2025-05-04T08:21:30.400Z,27.3914441,103.2230173,979.829,-11.256,-7.899,1.946,0.545,1.214,0.201,16
$GNSS,2025-05-04T08:21:30.450Z,27.3914390,103.2230133,979.783,-11.139,-7.942,1.651,0.545,1.214,0.206,16
$GNSS,2025-05-04T08:21:30.500Z,27.3914342,103.2230093,979.775,-10.735,-7.919,1.413,0.545,1.214,0.209,16
$GNSS,2025-05-04T08:21:30.550Z,27.3914293,103.2230053,979.676,-10.779,-7.956,1.446,0.545,1.215,0.213,16
$GNSS,2025-05-04T08:21:30.600Z,27.3914247,103.2230013,979.592,-10.315,-7.903,1.332,0.545,1.215,0.208,16
$GNSS,2025-05-04T08:21:30.650Z,27.3914201,103.2229973,979.510,-10.211,-7.852,1.360,0.545,1.215,0.206,16
$GNSS,2025-05-04T08:21:30.700Z,27.3914156,103.2229932,979.414,-9.990,-7.931,1.355,0.545,1.215,0.206,16
$GNSS,2025-05-04T08:21:30.750Z,27.3914112,103.2229892,979.349,-9.783,-7.940,1.304,0.545,1.216,0.215,16
$GNSS,2025-05-04T08:21:30.800Z,27.3914069,103.2229852,979.270,-9.550,-7.812,1.319,0.545,1.216,0.219,16
$GNSS,2025-05-04T08:21:30.850Z,27.3914025,103.2229812,979.286,-9.685,-7.983,0.932,0.545,1.216,0.210,16
$GNSS,2025-05-04T08:21:30.900Z,27.3913983,103.2229772,979.245,-9.279,-7.942,0.775,0.545,1.217,0.208,16
$GNSS,2025-05-04T08:21:30.950Z,27.3913941,103.2229732,979.203,-9.267,-7.774,0.827,0.545,1.217,0.206,16
$GNSS,2025-05-04T08:21:31.000Z,27.3913900,103.2229692,979.185,-9.102,-7.976,0.800,0.545,1.217,0.206,16
$GNSS,2025-05-04T08:21:31.050Z,27.3913861,103.2229652,979.110,-8.815,-7.901,0.927,0.545,1.217,0.212,16
$GNSS,2025-05-04T08:21:31.100Z,27.3913822,103.2229612,979.066,-8.583,-7.922,0.854,0.545,1.218,0.212,16
$GNSS,2025-05-04T08:21:31.150Z,27.3913784,103.2229571,979.039,-8.468,-7.932,0.802,0.545,1.219,0.228,16
$GNSS,2025-05-04T08:21:31.200Z,27.3913746,103.2229532,979.049,-8.479,-7.817,0.583,0.545,1.220,0.226,16
$GNSS,2025-05-04T08:21:31.250Z,27.3913709,103.2229494,979.002,-8.237,-7.526,0.758,0.545,1.221,0.227,16
$GNSS,2025-05-04T08:21:31.300Z,27.3913673,103.2229455,978.901,-8.015,-7.594,1.029,0.545,1.222,0.231,16
$GNSS,2025-05-04T08:21:31.350Z,27.3913637,103.2229414,978.850,-7.922,-7.940,0.967,0.545,1.223,0.222,16
$GNSS,2025-05-04T08:21:31.400Z,27.3913602,103.2229375,978.822,-7.824,-7.746,0.910,0.545,1.224,0.225,16
$GNSS,2025-05-04T08:21:31.450Z,27.3913567,103.2229337,978.764,-7.777,-7.538,1.033,0.546,1.225,0.228,16
$GNSS,2025-05-04T08:21:31.500Z,27.3913533,103.2229299,978.709,-7.613,-7.478,0.982,0.546,1.226,0.229,16
$GNSS,2025-05-04T08:21:31.550Z,27.3913500,103.2229260,978.646,-7.327,-7.613,1.036,0.546,1.228,0.226,16
$GNSS,2025-05-04T08:21:31.600Z,27.3913469,103.2229221,978.578,-6.908,-7.784,1.125,0.546,1.229,0.217,16
$GNSS,2025-05-04T08:21:31.650Z,27.3913439,103.2229183,978.543,-6.798,-7.452,1.045,0.546,1.230,0.219,16
$GNSS,2025-05-04T08:21:31.700Z,27.3913407,103.2229145,978.465,-6.929,-7.439,1.084,0.546,1.231,0.218,16
$GNSS,2025-05-04T08:21:31.750Z,27.3913378,103.2229108,978.450,-6.542,-7.303,1.012,0.546,1.232,0.198,16
$GNSS,2025-05-04T08:21:31.800Z,27.3913350,103.2229072,978.403,-6.314,-7.122,1.080,0.546,1.233,0.194,16
$GNSS,2025-05-04T08:21:31.850Z,27.3913321,103.2229034,978.324,-6.241,-7.346,0.983,0.545,1.233,0.187,16
$GNSS,2025-05-04T08:21:31.900Z,27.3913293,103.2228996,978.265,-6.280,-7.473,0.961,0.545,1.233,0.175,16
$GNSS,2025-05-04T08:21:31.950Z,27.3913264,103.2228959,978.211,-6.221,-7.217,1.047,0.545,1.232,0.175,16
$GNSS,2025-05-04T08:21:32.000Z,27.3913237,103.2228923,978.110,-6.041,-7.068,1.239,0.545,1.232,0.174,16
$GNSS,2025-05-04T08:21:32.050Z,27.3913210,103.2228886,978.015,-5.892,-7.085,1.259,0.545,1.231,0.173,16
$GNSS,2025-05-04T08:21:32.100Z,27.3913184,103.2228851,978.044,-5.743,-7.018,0.971,0.544,1.231,0.167,16
$GNSS,2025-05-04T08:21:32.150Z,27.3913159,103.2228815,978.001,-5.550,-6.980,1.008,0.544,1.231,0.167,16
$GNSS,2025-05-04T08:21:32.200Z,27.3913133,103.2228780,977.941,-5.520,-6.976,1.028,0.544,1.231,0.170,16
$GNSS,2025-05-04T08:21:32.250Z,27.3913108,103.2228746,977.869,-5.592,-6.612,1.205,0.544,1.231,0.165,16
$GNSS,2025-05-04T08:21:32.300Z,27.3913083,103.2228712,977.785,-5.438,-6.681,1.365,0.543,1.231,0.168,16
$GNSS,2025-05-04T08:21:32.350Z,27.3913059,103.2228678,977.722,-5.221,-6.587,1.361,0.543,1.231,0.167,16
$GNSS,2025-05-04T08:21:32.400Z,27.3913036,103.2228645,977.670,-5.181,-6.614,1.325,0.543,1.231,0.168,16
$GNSS,2025-05-04T08:21:32.450Z,27.3913012,103.2228611,977.583,-5.196,-6.690,1.461,0.543,1.231,0.169,16
$GNSS,2025-05-04T08:21:32.500Z,27.3912989,103.2228579,977.516,-5.128,-6.356,1.519,0.542,1.231,0.175,16
$GNSS,2025-05-04T08:21:32.550Z,27.3912965,103.2228547,977.449,-5.243,-6.206,1.605,0.542,1.231,0.179,16
$GNSS,2025-05-04T08:21:32.600Z,27.3912941,103.2228515,977.342,-5.251,-6.346,1.776,0.542,1.231,0.163,16
$GNSS,2025-05-04T08:21:32.650Z,27.3912918,103.2228482,977.225,-5.091,-6.399,1.931,0.542,1.231,0.161,16
$GNSS,2025-05-04T08:21:32.700Z,27.3912895,103.2228451,977.133,-5.002,-6.181,1.939,0.541,1.231,0.161,16
$GNSS,2025-05-04T08:21:32.750Z,27.3912872,103.2228419,977.064,-5.132,-6.309,1.884,0.541,1.231,0.164,16
$GNSS,2025-05-04T08:21:32.800Z,27.3912848,103.2228388,976.994,-5.133,-6.115,1.897,0.541,1.231,0.165,16
$GNSS,2025-05-04T08:21:32.850Z,27.3912825,103.2228358,976.878,-5.076,-5.805,2.088,0.541,1.231,0.167,16
$GNSS,2025-05-04T08:21:32.900Z,27.3912803,103.2228328,976.767,-4.962,-5.894,2.122,0.541,1.231,0.171,16
$GNSS,2025-05-04T08:21:32.950Z,27.3912779,103.2228299,976.690,-5.148,-5.829,2.094,0.540,1.231,0.170,16
$GNSS,2025-05-04T08:21:33.000Z,27.3912756,103.2228270,976.544,-5.075,-5.727,2.183,0.540,1.231,0.170,16
$GNSS,2025-05-04T08:21:33.050Z,27.3912733,103.2228243,976.447,-5.095,-5.422,2.159,0.540,1.231,0.169,16
$GNSS,2025-05-04T08:21:33.100Z,27.3912711,103.2228214,976.329,-5.010,-5.613,2.249,0.540,1.231,0.170,16
$GNSS,2025-05-04T08:21:33.150Z,27.3912688,103.2228186,976.206,-5.102,-5.498,2.324,0.540,1.231,0.171,16
$GNSS,2025-05-04T08:21:33.200Z,27.3912665,103.2228158,976.084,-5.067,-5.486,2.429,0.540,1.231,0.172,16
$GNSS,2025-05-04T08:21:33.250Z,27.3912641,103.2228132,975.962,-5.227,-5.212,2.427,0.539,1.230,0.166,16
$GNSS,2025-05-04T08:21:33.300Z,27.3912616,103.2228105,975.844,-5.498,-5.366,2.431,0.539,1.230,0.166,16
$GNSS,2025-05-04T08:21:33.350Z,27.3912592,103.2228079,975.728,-5.348,-5.043,2.441,0.539,1.230,0.172,16
$GNSS,2025-05-04T08:21:33.400Z,27.3912569,103.2228053,975.592,-5.094,-5.156,2.512,0.539,1.230,0.172,16
$GNSS,2025-05-04T08:21:33.450Z,27.3912545,103.2228028,975.479,-5.188,-4.980,2.469,0.539,1.230,0.166,16
$GNSS,2025-05-04T08:21:33.500Z,27.3912521,103.2228003,975.363,-5.278,-4.958,2.452,0.539,1.230,0.163,16
$GNSS,2025-05-04T08:21:33.550Z,27.3912498,103.2227978,975.214,-5.222,-4.876,2.446,0.538,1.230,0.160,16
$GNSS,2025-05-04T08:21:33.600Z,27.3912474,103.2227954,975.091,-5.243,-4.838,2.483,0.538,1.230,0.159,16
$GNSS,2025-05-04T08:21:33.650Z,27.3912450,103.2227929,974.948,-5.250,-4.818,2.646,0.538,1.229,0.163,16
$GNSS,2025-05-04T08:21:33.700Z,27.3912427,103.2227905,974.854,-5.101,-4.731,2.544,0.538,1.229,0.164,16
$GNSS,2025-05-04T08:21:33.750Z,27.3912403,103.2227881,974.724,-5.226,-4.791,2.510,0.538,1.229,0.165,16
$GNSS,2025-05-04T08:21:33.800Z,27.3912379,103.2227857,974.636,-5.162,-4.737,2.445,0.537,1.229,0.165,16
$GNSS,2025-05-04T08:21:33.850Z,27.3912356,103.2227834,974.501,-5.149,-4.596,2.528,0.537,1.229,0.166,16
$GNSS,2025-05-04T08:21:33.900Z,27.3912334,103.2227811,974.369,-4.870,-4.538,2.448,0.537,1.229,0.168,16
$GNSS,2025-05-04T08:21:33.950Z,27.3912312,103.2227787,974.244,-4.934,-4.624,2.445,0.537,1.229,0.167,16
$GNSS,2025-05-04T08:21:34.000Z,27.3912290,103.2227764,974.147,-4.853,-4.544,2.320,0.537,1.228,0.168,16
$GNSS,2025-05-04T08:21:34.050Z,27.3912269,103.2227741,974.006,-4.666,-4.612,2.332,0.536,1.228,0.166,16
$GNSS,2025-05-04T08:21:34.100Z,27.3912248,103.2227719,973.906,-4.640,-4.395,2.126,0.536,1.228,0.164,16
$GNSS,2025-05-04T08:21:34.150Z,27.3912226,103.2227697,973.781,-4.894,-4.249,2.247,0.536,1.228,0.164,16
$GNSS,2025-05-04T08:21:34.200Z,27.3912204,103.2227676,973.686,-4.754,-4.279,2.262,0.536,1.228,0.167,16
$GNSS,2025-05-04T08:21:34.250Z,27.3912183,103.2227653,973.596,-4.683,-4.446,2.182,0.536,1.228,0.167,16
$GNSS,2025-05-04T08:21:34.300Z,27.3912163,103.2227633,973.498,-4.371,-3.980,2.081,0.536,1.228,0.164,16
$GNSS,2025-05-04T08:21:34.350Z,27.3912144,103.2227611,973.373,-4.288,-4.326,2.228,0.536,1.227,0.167,16
$GNSS,2025-05-04T08:21:34.400Z,27.3912125,103.2227589,973.286,-4.271,-4.235,2.156,0.536,1.227,0.166,16
$GNSS,2025-05-04T08:21:34.450Z,27.3912107,103.2227568,973.196,-4.028,-4.245,2.013,0.535,1.227,0.164,16
$GNSS,2025-05-04T08:21:34.500Z,27.3912088,103.2227548,973.069,-4.049,-3.906,1.933,0.535,1.227,0.163,16
$GNSS,2025-05-04T08:21:34.550Z,27.3912070,103.2227529,972.989,-4.007,-3.788,1.910,0.535,1.227,0.163,16
$GNSS,2025-05-04T08:21:34.600Z,27.3912052,103.2227508,972.884,-3.947,-4.091,2.003,0.535,1.227,0.175,16
$GNSS,2025-05-04T08:21:34.650Z,27.3912036,103.2227490,972.820,-3.623,-3.592,1.860,0.535,1.226,0.172,16
$GNSS,2025-05-04T08:21:34.700Z,27.3912019,103.2227473,972.716,-3.731,-3.459,1.982,0.535,1.226,0.175,16
$GNSS,2025-05-04T08:21:34.750Z,27.3912003,103.2227454,972.588,-3.522,-3.660,2.199,0.535,1.227,0.187,16
$GNSS,2025-05-04T08:21:34.800Z,27.3911989,103.2227436,972.469,-3.228,-3.554,2.328,0.535,1.227,0.194,16
$GNSS,2025-05-04T08:21:34.850Z,27.3911975,103.2227419,972.390,-3.021,-3.344,2.246,0.534,1.227,0.199,16
$GNSS,2025-05-04T08:21:34.900Z,27.3911962,103.2227403,972.239,-3.044,-3.117,2.385,0.534,1.227,0.203,16
$GNSS,2025-05-04T08:21:34.950Z,27.3911948,103.2227389,972.142,-3.043,-2.799,2.386,0.534,1.227,0.206,16
$GNSS,2025-05-04T08:21:35.000Z,27.3911935,103.2227374,972.034,-2.728,-2.912,2.458,0.534,1.228,0.215,16
$GNSS,2025-05-04T08:21:35.050Z,27.3911923,103.2227360,971.881,-2.703,-2.812,2.713,0.534,1.228,0.221,16
$GNSS,2025-05-04T08:21:35.100Z,27.3911912,103.2227346,971.768,-2.415,-2.776,2.750,0.534,1.228,0.226,16
$GNSS,2025-05-04T08:21:35.150Z,27.3911901,103.2227334,971.647,-2.498,-2.554,2.714,0.534,1.229,0.224,16
$GNSS,2025-05-04T08:21:35.200Z,27.3911889,103.2227320,971.475,-2.650,-2.714,2.763,0.534,1.229,0.218,16
$GNSS,2025-05-04T08:21:35.250Z,27.3911879,103.2227306,971.330,-2.316,-2.628,2.752,0.534,1.229,0.228,16
$GNSS,2025-05-04T08:21:35.300Z,27.3911870,103.2227295,971.203,-1.862,-2.235,2.786,0.533,1.229,0.241,16
$GNSS,2025-05-04T08:21:35.350Z,27.3911861,103.2227285,970.993,-2.036,-2.060,3.033,0.533,1.229,0.243,16
$GNSS,2025-05-04T08:21:35.400Z,27.3911850,103.2227275,970.969,-2.317,-1.843,1.920,0.533,1.229,0.221,16
$GNSS,2025-05-04T08:21:35.450Z,27.3911838,103.2227268,970.907,-2.464,-1.544,1.236,0.533,1.229,0.211,16
$GNSS,2025-05-04T08:21:35.500Z,27.3911830,103.2227260,970.867,-2.024,-1.487,1.060,0.533,1.230,0.241,16
$GNSS,2025-05-04T08:21:35.550Z,27.3911823,103.2227253,970.873,-1.587,-1.523,0.630,0.533,1.231,0.232,16
$GNSS,2025-05-04T08:21:35.600Z,27.3911818,103.2227246,970.836,-1.156,-1.350,0.384,0.533,1.232,0.219,16
$GNSS,2025-05-04T08:21:35.650Z,27.3911813,103.2227241,970.831,-1.031,-1.002,0.053,0.533,1.232,0.183,16
$GNSS,2025-05-04T08:21:35.700Z,27.3911808,103.2227238,970.809,-1.194,-0.665,0.029,0.533,1.232,0.190,16
$GNSS,2025-05-04T08:21:35.750Z,27.3911803,103.2227235,970.836,-1.002,-0.625,-0.097,0.533,1.232,0.176,16
$GNSS,2025-05-04T08:21:35.800Z,27.3911798,103.2227231,970.897,-1.109,-0.670,-0.304,0.533,1.232,0.180,16
$GNSS,2025-05-04T08:21:35.850Z,27.3911796,103.2227231,970.924,-0.708,-0.167,-0.315,0.532,1.232,0.222,16
$GNSS,2025-05-04T08:21:35.900Z,27.3911794,103.2227230,970.940,-0.305,-0.182,-0.168,0.532,1.232,0.213,16
$GNSS,2025-05-04T08:21:35.950Z,27.3911793,103.2227227,970.995,-0.331,-0.575,-0.150,0.532,1.231,0.174,16
$GNSS,2025-05-04T08:21:36.000Z,27.3911792,103.2227223,971.012,-0.309,-0.749,-0.123,0.532,1.231,0.171,16
$GNSS,2025-05-04T08:21:36.050Z,27.3911790,103.2227220,970.991,-0.367,-0.769,-0.028,0.532,1.231,0.160,16
$GNSS,2025-05-04T08:21:36.100Z,27.3911790,103.2227216,971.000,-0.079,-0.671,-0.166,0.532,1.230,0.217,16
$GNSS,2025-05-04T08:21:36.150Z,27.3911789,103.2227213,970.985,-0.071,-0.615,-0.091,0.532,1.230,0.211,16
$GNSS,2025-05-04T08:21:36.200Z,27.3911790,103.2227209,970.992,0.006,-0.803,-0.065,0.532,1.230,0.213,16
$GNSS,2025-05-04T08:21:36.250Z,27.3911789,103.2227205,970.987,-0.098,-1.014,0.085,0.532,1.230,0.191,16
$GNSS,2025-05-04T08:21:36.300Z,27.3911788,103.2227200,970.993,-0.315,-0.970,0.104,0.532,1.230,0.167,16
$GNSS,2025-05-04T08:21:36.350Z,27.3911786,103.2227196,971.003,-0.317,-0.889,0.053,0.531,1.229,0.173,16
$GNSS,2025-05-04T08:21:36.400Z,27.3911785,103.2227192,970.962,-0.275,-0.779,0.289,0.531,1.229,0.185,16
$GNSS,2025-05-04T08:21:36.450Z,27.3911782,103.2227187,970.928,-0.561,-1.150,0.350,0.531,1.229,0.166,16
$GNSS,2025-05-04T08:21:36.500Z,27.3911779,103.2227184,970.960,-0.716,-0.551,0.129,0.531,1.229,0.150,16
$GNSS,2025-05-04T08:21:36.550Z,27.3911775,103.2227182,970.954,-0.795,-0.450,0.223,0.531,1.229,0.160,16
$GNSS,2025-05-04T08:21:36.600Z,27.3911772,103.2227180,970.938,-0.620,-0.487,0.251,0.531,1.229,0.177,16
$GNSS,2025-05-04T08:21:36.650Z,27.3911771,103.2227176,970.952,-0.413,-0.674,0.030,0.531,1.229,0.164,16
$GNSS,2025-05-04T08:21:36.700Z,27.3911767,103.2227173,971.028,-0.626,-0.608,-0.443,0.531,1.229,0.211,16
$GNSS,2025-05-04T08:21:36.750Z,27.3911763,103.2227168,971.018,-1.039,-0.923,-0.210,0.531,1.229,0.160,16
$GNSS,2025-05-04T08:21:36.800Z,27.3911756,103.2227164,971.010,-1.323,-0.814,-0.040,0.530,1.229,0.155,16
$GNSS,2025-05-04T08:21:36.850Z,27.3911750,103.2227163,971.000,-1.469,-0.310,0.147,0.530,1.229,0.170,16
$GNSS,2025-05-04T08:21:36.900Z,27.3911744,103.2227162,970.994,-1.173,-0.175,0.181,0.530,1.230,0.175,16
$GNSS,2025-05-04T08:21:36.950Z,27.3911738,103.2227160,971.031,-1.413,-0.336,-0.036,0.530,1.230,0.183,16
$GNSS,2025-05-04T08:21:37.000Z,27.3911732,103.2227158,971.035,-1.342,-0.517,-0.001,0.530,1.231,0.202,16
$GNSS,2025-05-04T08:21:37.050Z,27.3911728,103.2227158,970.986,-1.001,-0.049,0.193,0.530,1.231,0.219,16
$GNSS,2025-05-04T08:21:37.100Z,27.3911724,103.2227161,970.985,-0.919,0.565,0.077,0.530,1.232,0.226,16
$GNSS,2025-05-04T08:21:37.150Z,27.3911719,103.2227163,971.018,-1.067,0.409,-0.078,0.531,1.233,0.217,16
$GNSS,2025-05-04T08:21:37.200Z,27.3911715,103.2227162,971.037,-0.946,-0.053,-0.095,0.531,1.234,0.208,16
$GNSS,2025-05-04T08:21:37.250Z,27.3911710,103.2227161,970.966,-1.070,-0.191,0.271,0.531,1.235,0.214,16
$GNSS,2025-05-04T08:21:37.300Z,27.3911706,103.2227162,970.942,-0.939,0.120,0.314,0.531,1.236,0.229,16
$GNSS,2025-05-04T08:21:37.350Z,27.3911703,103.2227161,970.959,-0.731,-0.174,0.162,0.531,1.237,0.211,16
$GNSS,2025-05-04T08:21:37.400Z,27.3911700,103.2227161,971.001,-0.533,-0.037,0.013,0.532,1.237,0.206,16
$GNSS,2025-05-04T08:21:37.450Z,27.3911698,103.2227162,970.995,-0.573,0.073,0.057,0.532,1.238,0.215,16
$GNSS,2025-05-04T08:21:37.500Z,27.3911696,103.2227162,970.957,-0.527,0.087,0.129,0.532,1.239,0.228,16
$GNSS,2025-05-04T08:21:37.550Z,27.3911694,103.2227161,970.926,-0.308,-0.098,0.156,0.532,1.240,0.252,16
$GNSS,2025-05-04T08:21:37.600Z,27.3911695,103.2227160,970.907,-0.040,-0.116,0.211,0.533,1.241,0.379,16
$GNSS,2025-05-04T08:21:37.650Z,27.3911695,103.2227159,970.866,0.023,-0.209,0.389,0.533,1.242,0.354,16
$GNSS,2025-05-04T08:21:37.700Z,27.3911695,103.2227158,970.882,0.044,-0.255,0.247,0.533,1.241,0.274,16
$GNSS,2025-05-04T08:21:37.750Z,27.3911695,103.2227157,970.885,-0.147,-0.268,0.155,0.532,1.241,0.191,16
$GNSS,2025-05-04T08:21:37.800Z,27.3911694,103.2227154,970.885,-0.152,-0.508,0.065,0.532,1.241,0.174,16
$GNSS,2025-05-04T08:21:37.850Z,27.3911694,103.2227151,970.898,-0.079,-0.520,-0.051,0.532,1.240,0.198,16
$GNSS,2025-05-04T08:21:37.900Z,27.3911693,103.2227149,970.902,-0.111,-0.378,-0.075,0.532,1.240,0.200,16
$GNSS,2025-05-04T08:21:37.950Z,27.3911692,103.2227146,970.912,-0.281,-0.584,-0.127,0.532,1.240,0.185,16
$GNSS,2025-05-04T08:21:38.000Z,27.3911690,103.2227141,970.937,-0.356,-0.999,-0.223,0.532,1.240,0.184,16
$GNSS,2025-05-04T08:21:38.050Z,27.3911688,103.2227134,970.939,-0.470,-1.197,-0.210,0.532,1.240,0.176,16
$GNSS,2025-05-04T08:21:38.100Z,27.3911686,103.2227131,970.949,-0.464,-0.820,-0.220,0.531,1.240,0.184,16
$GNSS,2025-05-04T08:21:38.150Z,27.3911684,103.2227129,970.922,-0.559,-0.354,-0.004,0.531,1.240,0.152,16
$GNSS,2025-05-04T08:21:38.200Z,27.3911681,103.2227128,970.931,-0.563,-0.229,-0.079,0.531,1.239,0.158,16
$GNSS,2025-05-04T08:21:38.250Z,27.3911678,103.2227125,970.993,-0.725,-0.573,-0.349,0.531,1.239,0.192,16
$GNSS,2025-05-04T08:21:38.300Z,27.3911674,103.2227123,971.028,-0.687,-0.398,-0.248,0.530,1.239,0.184,16
$GNSS,2025-05-04T08:21:38.350Z,27.3911672,103.2227124,971.007,-0.548,-0.032,0.007,0.530,1.238,0.153,16
$GNSS,2025-05-04T08:21:38.400Z,27.3911670,103.2227124,971.004,-0.374,0.144,-0.010,0.530,1.238,0.168,16
$GNSS,2025-05-04T08:21:38.450Z,27.3911669,103.2227126,971.006,-0.317,0.217,-0.042,0.530,1.238,0.182,16
$GNSS,2025-05-04T08:21:38.500Z,27.3911667,103.2227126,971.019,-0.399,0.177,-0.094,0.530,1.237,0.184,16
$GNSS,2025-05-04T08:21:38.550Z,27.3911665,103.2227128,971.015,-0.452,0.345,-0.009,0.530,1.237,0.182,16
$GNSS,2025-05-04T08:21:38.600Z,27.3911663,103.2227131,971.023,-0.478,0.512,0.025,0.530,1.237,0.194,16
$GNSS,2025-05-04T08:21:38.650Z,27.3911661,103.2227135,971.029,-0.556,0.698,0.060,0.530,1.237,0.198,16
$GNSS,2025-05-04T08:21:38.700Z,27.3911659,103.2227140,970.995,-0.521,0.911,0.109,0.530,1.237,0.205,16
$GNSS,2025-05-04T08:21:38.750Z,27.3911656,103.2227143,971.001,-0.621,0.705,0.099,0.530,1.237,0.202,16
$GNSS,2025-05-04T08:21:38.800Z,27.3911654,103.2227148,970.995,-0.471,0.804,0.248,0.530,1.237,0.227,16
$GNSS,2025-05-04T08:21:38.850Z,27.3911652,103.2227152,970.988,-0.462,0.904,0.142,0.530,1.237,0.225,16
$GNSS,2025-05-04T08:21:38.900Z,27.3911649,103.2227157,971.005,-0.730,0.906,-0.042,0.530,1.237,0.219,15
$GNSS,2025-05-04T08:21:38.950Z,27.3911647,103.2227159,971.029,-0.461,0.550,-0.121,0.530,1.237,0.221,15
$GNSS,2025-05-04T08:21:39.000Z,27.3911646,103.2227161,971.004,-0.252,0.389,0.062,0.531,1.237,0.230,15
$GNSS,2025-05-04T08:21:39.050Z,27.3911644,103.2227163,970.983,-0.419,0.258,0.152,0.531,1.238,0.208,15
$GNSS,2025-05-04T08:21:39.100Z,27.3911643,103.2227165,970.976,-0.434,0.358,0.121,0.531,1.238,0.215,16
$GNSS,2025-05-04T08:21:39.150Z,27.3911641,103.2227167,970.997,-0.334,0.494,0.060,0.531,1.238,0.233,16
$GNSS,2025-05-04T08:21:39.200Z,27.3911640,103.2227169,971.005,-0.123,0.522,0.098,0.532,1.238,0.255,16
$GNSS,2025-05-04T08:21:39.250Z,27.3911640,103.2227170,971.008,-0.024,0.270,0.170,0.532,1.239,0.302,16
$GNSS,2025-05-04T08:21:39.300Z,27.3911640,103.2227170,971.017,-0.037,0.058,0.177,0.532,1.239,0.321,16
$GNSS,2025-05-04T08:21:39.350Z,27.3911640,103.2227170,971.037,-0.059,-0.015,0.059,0.533,1.239,0.216,16
$GNSS,2025-05-04T08:21:39.400Z,27.3911640,103.2227170,971.035,0.060,0.066,0.040,0.533,1.239,0.265,16
$GNSS,2025-05-04T08:21:39.450Z,27.3911642,103.2227171,971.055,0.338,0.110,-0.068,0.533,1.240,0.160,16
$GNSS,2025-05-04T08:21:39.500Z,27.3911644,103.2227171,971.090,0.547,0.148,-0.104,0.534,1.240,0.160,16
$GNSS,2025-05-04T08:21:39.550Z,27.3911646,103.2227171,971.123,0.450,0.229,-0.043,0.534,1.240,0.177,16
$GNSS,2025-05-04T08:21:39.600Z,27.3911647,103.2227176,971.102,0.245,0.601,0.000,0.534,1.240,0.240,16
$GNSS,2025-05-04T08:21:39.650Z,27.3911647,103.2227179,971.107,-0.094,0.616,-0.126,0.535,1.241,0.301,16
$GNSS,2025-05-04T08:21:39.700Z,27.3911646,103.2227179,971.135,-0.115,0.213,-0.047,0.535,1.241,0.291,16
$GNSS,2025-05-04T08:21:39.750Z,27.3911645,103.2227179,971.178,-0.105,0.176,-0.072,0.535,1.241,0.283,16
$GNSS,2025-05-04T08:21:39.800Z,27.3911645,103.2227180,971.187,0.046,0.244,-0.036,0.535,1.241,0.232,16
$GNSS,2025-05-04T08:21:39.850Z,27.3911645,103.2227181,971.209,0.157,0.249,-0.056,0.535,1.241,0.181,16
$GNSS,2025-05-04T08:21:39.900Z,27.3911645,103.2227182,971.227,0.096,0.353,-0.128,0.535,1.241,0.215,16
$GNSS,2025-05-04T08:21:39.950Z,27.3911646,103.2227185,971.199,0.153,0.444,0.029,0.535,1.241,0.201,16
$GNSS,2025-05-04T08:21:40.000Z,27.3911647,103.2227187,971.199,0.139,0.576,0.071,0.535,1.241,0.210,16
$GNSS,2025-05-04T08:21:40.050Z,27.3911648,103.2227190,971.206,0.254,0.681,0.098,0.535,1.241,0.206,16
$GNSS,2025-05-04T08:21:40.100Z,27.3911649,103.2227194,971.217,0.300,0.747,0.171,0.535,1.241,0.214,16
$GNSS,2025-05-04T08:21:40.150Z,27.3911650,103.2227196,971.235,0.325,0.549,0.171,0.535,1.241,0.215,16
$GNSS,2025-05-04T08:21:40.200Z,27.3911653,103.2227199,971.233,0.659,0.669,0.094,0.536,1.242,0.195,15
$GNSS,2025-05-04T08:21:40.250Z,27.3911655,103.2227202,971.257,0.537,0.632,-0.189,0.536,1.242,0.186,15
$GNSS,2025-05-04T08:21:40.300Z,27.3911656,103.2227205,971.273,0.242,0.582,-0.220,0.536,1.242,0.214,15
$GNSS,2025-05-04T08:21:40.350Z,27.3911656,103.2227209,971.275,-0.080,0.807,-0.013,0.536,1.243,0.229,15
$GNSS,2025-05-04T08:21:40.400Z,27.3911657,103.2227212,971.250,0.172,0.627,0.297,0.536,1.243,0.231,15
$GNSS,2025-05-04T08:21:40.450Z,27.3911659,103.2227213,971.240,0.316,0.205,0.292,0.536,1.243,0.270,15
$GNSS,2025-05-04T08:21:40.500Z,27.3911660,103.2227214,971.234,0.240,0.219,0.191,0.536,1.244,0.249,15
$GNSS,2025-05-04T08:21:40.550Z,27.3911660,103.2227217,971.247,0.040,0.435,0.014,0.537,1.244,0.218,15
$GNSS,2025-05-04T08:21:40.600Z,27.3911658,103.2227219,971.237,-0.261,0.419,0.013,0.537,1.245,0.248,15
$GNSS,2025-05-04T08:21:40.650Z,27.3911657,103.2227221,971.233,-0.266,0.349,0.046,0.537,1.245,0.250,15
$GNSS,2025-05-04T08:21:40.700Z,27.3911656,103.2227223,971.247,-0.382,0.251,0.006,0.537,1.245,0.258,15
$GNSS,2025-05-04T08:21:40.750Z,27.3911654,103.2227223,971.258,-0.351,0.077,0.064,0.537,1.245,0.222,15
$GNSS,2025-05-04T08:21:40.800Z,27.3911653,103.2227223,971.257,-0.388,0.067,0.141,0.538,1.245,0.212,15
$GNSS,2025-05-04T08:21:40.850Z,27.3911651,103.2227224,971.207,-0.365,0.104,0.238,0.538,1.246,0.215,16
$GNSS,2025-05-04T08:21:40.900Z,27.3911651,103.2227224,971.176,-0.208,0.037,0.307,0.538,1.246,0.246,16
$GNSS,2025-05-04T08:21:40.950Z,27.3911650,103.2227224,971.187,-0.285,0.001,0.194,0.538,1.246,0.211,16
$GNSS,2025-05-04T08:21:41.000Z,27.3911649,103.2227224,971.193,-0.197,-0.034,-0.086,0.538,1.246,0.245,16
$GNSS,2025-05-04T08:21:41.050Z,27.3911649,103.2227224,971.182,-0.073,0.052,-0.134,0.538,1.246,0.302,16
$GNSS,2025-05-04T08:21:41.100Z,27.3911648,103.2227224,971.173,-0.079,-0.098,0.020,0.538,1.247,0.183,16
$GNSS,2025-05-04T08:21:41.150Z,27.3911648,103.2227223,971.152,-0.074,-0.002,0.213,0.538,1.247,0.281,16
$GNSS,2025-05-04T08:21:41.200Z,27.3911648,103.2227224,971.147,-0.145,0.145,0.252,0.538,1.247,0.257,16
$GNSS,2025-05-04T08:21:41.250Z,27.3911648,103.2227225,971.155,0.096,0.182,0.263,0.538,1.247,0.277,16
$GNSS,2025-05-04T08:21:41.300Z,27.3911649,103.2227225,971.171,0.161,0.158,0.204,0.539,1.248,0.260,16
$GNSS,2025-05-04T08:21:41.350Z,27.3911650,103.2227225,971.168,0.200,0.121,0.182,0.539,1.248,0.253,16
$GNSS,2025-05-04T08:21:41.400Z,27.3911651,103.2227226,971.182,0.255,0.096,0.057,0.539,1.248,0.201,16
$GNSS,2025-05-04T08:21:41.450Z,27.3911653,103.2227226,971.195,0.345,0.122,-0.037,0.539,1.248,0.178,16
$GNSS,2025-05-04T08:21:41.500Z,27.3911655,103.2227227,971.200,0.404,0.159,-0.034,0.539,1.248,0.179,16
$GNSS,2025-05-04T08:21:41.550Z,27.3911657,103.2227227,971.193,0.336,0.145,0.044,0.539,1.248,0.187,16
$GNSS,2025-05-04T08:21:41.600Z,27.3911658,103.2227229,971.178,0.220,0.201,0.027,0.539,1.248,0.177,16
$GNSS,2025-05-04T08:21:41.650Z,27.3911659,103.2227230,971.181,0.233,0.289,-0.065,0.539,1.249,0.175,16
$GNSS,2025-05-04T08:21:41.700Z,27.3911660,103.2227231,971.153,0.117,0.248,0.041,0.539,1.248,0.189,16
$GNSS,2025-05-04T08:21:41.750Z,27.3911661,103.2227233,971.129,0.045,0.283,0.128,0.539,1.248,0.210,16
$GNSS,2025-05-04T08:21:41.800Z,27.3911662,103.2227234,971.122,0.174,0.232,0.158,0.539,1.248,0.211,16
$GNSS,2025-05-04T08:21:41.850Z,27.3911663,103.2227235,971.139,0.148,0.210,-0.022,0.539,1.248,0.173,16
$GNSS,2025-05-04T08:21:41.900Z,27.3911663,103.2227235,971.146,0.079,0.059,-0.041,0.539,1.248,0.171,16
$GNSS,2025-05-04T08:21:41.950Z,27.3911663,103.2227233,971.154,-0.107,-0.221,-0.039,0.539,1.248,0.186,16
$GNSS,2025-05-04T08:21:42.000Z,27.3911662,103.2227232,971.131,-0.218,-0.188,0.001,0.539,1.249,0.172,16
$GNSS,2025-05-04T08:21:42.050Z,27.3911661,103.2227231,971.119,-0.278,-0.168,-0.052,0.539,1.249,0.190,16
$GNSS,2025-05-04T08:21:42.100Z,27.3911661,103.2227229,971.114,-0.174,-0.269,0.019,0.539,1.249,0.191,16
$GNSS,2025-05-04T08:21:42.150Z,27.3911660,103.2227228,971.123,-0.231,-0.294,0.043,0.539,1.249,0.178,16
$GNSS,2025-05-04T08:21:42.200Z,27.3911658,103.2227226,971.131,-0.394,-0.297,0.004,0.539,1.249,0.191,16
$GNSS,2025-05-04T08:21:42.250Z,27.3911655,103.2227225,971.128,-0.665,-0.219,-0.105,0.539,1.250,0.203,16
$GNSS,2025-05-04T08:21:42.300Z,27.3911653,103.2227223,971.104,-0.651,-0.338,-0.003,0.540,1.250,0.194,16
$GNSS,2025-05-04T08:21:42.350Z,27.3911650,103.2227220,971.084,-0.575,-0.452,0.144,0.540,1.250,0.193,16
$GNSS,2025-05-04T08:21:42.400Z,27.3911647,103.2227219,971.120,-0.687,-0.181,0.009,0.540,1.250,0.178,16
$GNSS,2025-05-04T08:21:42.450Z,27.3911643,103.2227217,971.162,-0.842,-0.216,-0.010,0.540,1.251,0.178,16
$GNSS,2025-05-04T08:21:42.500Z,27.3911638,103.2227214,971.166,-0.995,-0.455,-0.004,0.540,1.251,0.178,16
$GNSS,2025-05-04T08:21:42.550Z,27.3911634,103.2227211,971.128,-1.111,-0.594,0.096,0.540,1.251,0.170,16
$GNSS,2025-05-04T08:21:42.600Z,27.3911630,103.2227209,971.139,-0.921,-0.398,-0.131,0.541,1.251,0.186,15
$GNSS,2025-05-04T08:21:42.650Z,27.3911626,103.2227207,971.140,-0.732,-0.396,-0.200,0.541,1.251,0.196,15
$GNSS,2025-05-04T08:21:42.700Z,27.3911621,103.2227205,971.134,-1.182,-0.392,-0.182,0.541,1.251,0.196,15
$GNSS,2025-05-04T08:21:42.750Z,27.3911616,103.2227202,971.118,-1.130,-0.500,0.078,0.541,1.251,0.180,15
$GNSS,2025-05-04T08:21:42.800Z,27.3911613,103.2227198,971.126,-0.888,-0.605,0.274,0.541,1.252,0.183,15
$GNSS,2025-05-04T08:21:42.850Z,27.3911609,103.2227196,971.109,-0.796,-0.360,0.256,0.541,1.252,0.179,15
$GNSS,2025-05-04T08:21:42.900Z,27.3911607,103.2227196,971.093,-0.473,-0.114,0.114,0.542,1.252,0.184,15
$GNSS,2025-05-04T08:21:42.950Z,27.3911605,103.2227194,971.095,-0.468,-0.262,0.077,0.542,1.252,0.182,15
$GNSS,2025-05-04T08:21:43.000Z,27.3911603,103.2227192,971.098,-0.529,-0.411,0.116,0.542,1.253,0.190,15
$GNSS,2025-05-04T08:21:43.050Z,27.3911601,103.2227190,971.078,-0.517,-0.327,0.180,0.542,1.253,0.196,15
$GNSS,2025-05-04T08:21:43.100Z,27.3911599,103.2227190,971.050,-0.359,-0.128,0.207,0.542,1.253,0.199,15
$GNSS,2025-05-04T08:21:43.150Z,27.3911598,103.2227190,971.052,-0.250,-0.042,0.077,0.543,1.254,0.201,15
$GNSS,2025-05-04T08:21:43.200Z,27.3911597,103.2227189,971.051,-0.249,-0.125,0.095,0.543,1.254,0.196,15
$GNSS,2025-05-04T08:21:43.250Z,27.3911597,103.2227187,971.063,-0.192,-0.211,0.084,0.543,1.254,0.190,15
$GNSS,2025-05-04T08:21:43.300Z,27.3911597,103.2227186,971.073,0.001,-0.135,-0.001,0.543,1.255,0.204,15
$GNSS,2025-05-04T08:21:43.350Z,27.3911597,103.2227185,971.080,0.077,-0.177,-0.109,0.543,1.255,0.236,15
$GNSS,2025-05-04T08:21:43.400Z,27.3911600,103.2227183,971.066,0.413,-0.322,-0.020,0.544,1.256,0.225,15
$GNSS,2025-05-04T08:21:43.450Z,27.3911602,103.2227182,971.060,0.440,-0.282,-0.077,0.544,1.256,0.219,15
$GNSS,2025-05-04T08:21:43.500Z,27.3911605,103.2227181,971.067,0.507,-0.273,-0.124,0.544,1.257,0.215,15
$GNSS,2025-05-04T08:21:43.550Z,27.3911607,103.2227180,971.092,0.447,-0.205,-0.140,0.544,1.257,0.210,15
$GNSS,2025-05-04T08:21:43.600Z,27.3911609,103.2227178,971.138,0.308,-0.248,-0.203,0.544,1.258,0.221,15
$GNSS,2025-05-04T08:21:43.650Z,27.3911609,103.2227176,971.139,0.121,-0.445,-0.171,0.544,1.258,0.243,15
$GNSS,2025-05-04T08:21:43.700Z,27.3911610,103.2227175,971.149,0.053,-0.234,-0.296,0.545,1.258,0.270,15
$GNSS,2025-05-04T08:21:43.750Z,27.3911612,103.2227175,971.145,0.235,-0.044,-0.286,0.545,1.259,0.229,15
$GNSS,2025-05-04T08:21:43.800Z,27.3911614,103.2227175,971.136,0.451,0.036,-0.190,0.545,1.259,0.171,15
$GNSS,2025-05-04T08:21:43.850Z,27.3911618,103.2227175,971.205,0.577,0.045,-0.244,0.545,1.259,0.164,16
$GNSS,2025-05-04T08:21:43.900Z,27.3911622,103.2227175,971.275,0.562,-0.089,-0.152,0.545,1.259,0.171,16
$GNSS,2025-05-04T08:21:43.950Z,27.3911625,103.2227175,971.345,0.560,0.099,-0.029,0.574,1.325,0.152,16
$GNSS,2025-05-04T08:21:44.000Z,27.3911629,103.2227177,971.392,0.573,0.220,0.085,0.620,1.429,0.172,16
$GNSS,2025-05-04T08:21:44.050Z,27.3911633,103.2227177,971.431,0.589,0.071,0.220,0.649,1.497,0.189,16
$GNSS,2025-05-04T08:21:44.100Z,27.3911636,103.2227176,971.492,0.585,-0.177,0.204,0.668,1.539,0.188,16
$GNSS,2025-05-04T08:21:44.150Z,27.3911637,103.2227175,971.516,0.366,-0.208,0.137,0.570,1.313,0.190,16
$GNSS,2025-05-04T08:21:44.200Z,27.3911638,103.2227174,971.540,0.248,-0.015,0.051,0.545,1.257,0.176,16
$GNSS,2025-05-04T08:21:44.250Z,27.3911639,103.2227175,971.545,0.151,0.095,0.012,0.545,1.257,0.170,16
$GNSS,2025-05-04T08:21:44.300Z,27.3911639,103.2227176,971.549,0.076,0.132,-0.008,0.545,1.257,0.166,16
$GNSS,2025-05-04T08:21:44.350Z,27.3911640,103.2227177,971.539,0.166,0.149,0.007,0.545,1.257,0.156,16
$GNSS,2025-05-04T08:21:44.400Z,27.3911641,103.2227177,971.548,0.204,0.128,-0.008,0.544,1.257,0.151,16
$GNSS,2025-05-04T08:21:44.450Z,27.3911642,103.2227178,971.542,0.205,0.139,-0.015,0.544,1.257,0.158,16
$GNSS,2025-05-04T08:21:44.500Z,27.3911643,103.2227179,971.544,0.153,0.098,-0.013,0.544,1.257,0.162,16
$GNSS,2025-05-04T08:21:44.550Z,27.3911643,103.2227179,971.549,0.122,0.105,-0.007,0.543,1.257,0.166,16
$GNSS,2025-05-04T08:21:44.600Z,27.3911643,103.2227179,971.558,0.040,0.028,0.042,0.543,1.257,0.222,16
$GNSS,2025-05-04T08:21:44.650Z,27.3911644,103.2227179,971.558,0.040,-0.015,0.046,0.543,1.258,0.228,16
$GNSS,2025-05-04T08:21:44.700Z,27.3911644,103.2227180,971.553,0.079,0.050,0.097,0.543,1.258,0.231,16
$GNSS,2025-05-04T08:21:44.750Z,27.3911644,103.2227180,971.571,0.057,0.035,0.064,0.542,1.259,0.227,16
$GNSS,2025-05-04T08:21:44.800Z,27.3911645,103.2227180,971.579,0.026,0.041,0.032,0.542,1.259,0.211,16
$GNSS,2025-05-04T08:21:44.850Z,27.3911644,103.2227181,971.580,-0.071,0.048,-0.056,0.542,1.260,0.209,16
$GNSS,2025-05-04T08:21:44.900Z,27.3911645,103.2227181,971.570,-0.004,0.035,-0.078,0.541,1.260,0.263,16
$GNSS,2025-05-04T08:21:44.950Z,27.3911645,103.2227181,971.574,0.003,-0.055,0.002,0.541,1.261,0.180,16
$GNSS,2025-05-04T08:21:45.000Z,27.3911645,103.2227181,971.587,-0.018,0.000,0.041,0.541,1.261,0.262,16
$GNSS,2025-05-04T08:21:45.050Z,27.3911645,103.2227181,971.602,-0.021,-0.045,0.030,0.540,1.262,0.212,16
$GNSS,2025-05-04T08:21:45.100Z,27.3911645,103.2227180,971.604,-0.051,-0.055,0.065,0.540,1.263,0.228,16
$GNSS,2025-05-04T08:21:45.150Z,27.3911644,103.2227180,971.599,-0.040,-0.036,0.050,0.540,1.263,0.231,16
$GNSS,2025-05-04T08:21:45.200Z,27.3911644,103.2227179,971.603,-0.060,-0.096,0.055,0.540,1.264,0.205,16
$GNSS,2025-05-04T08:21:45.250Z,27.3911644,103.2227178,971.607,-0.094,-0.193,0.086,0.539,1.264,0.199,16
$GNSS,2025-05-04T08:21:45.300Z,27.3911644,103.2227177,971.622,-0.060,-0.154,0.066,0.539,1.265,0.198,16
$GNSS,2025-05-04T08:21:45.350Z,27.3911643,103.2227176,971.648,-0.122,-0.199,-0.023,0.539,1.265,0.180,16
$GNSS,2025-05-04T08:21:45.400Z,27.3911643,103.2227175,971.645,-0.132,-0.197,-0.057,0.538,1.265,0.177,16
$GNSS,2025-05-04T08:21:45.450Z,27.3911643,103.2227174,971.641,-0.119,-0.204,-0.055,0.538,1.265,0.177,16
$GNSS,2025-05-04T08:21:45.500Z,27.3911642,103.2227173,971.655,-0.059,-0.214,-0.049,0.538,1.264,0.178,16
$GNSS,2025-05-04T08:21:45.550Z,27.3911643,103.2227172,971.647,0.026,-0.175,0.028,0.538,1.264,0.178,16
$GNSS,2025-05-04T08:21:45.600Z,27.3911643,103.2227172,971.674,0.010,-0.149,-0.026,0.537,1.263,0.185,16
$GNSS,2025-05-04T08:21:45.650Z,27.3911643,103.2227171,971.670,-0.059,-0.049,-0.029,0.537,1.263,0.180,16
$GNSS,2025-05-04T08:21:45.700Z,27.3911643,103.2227170,971.671,-0.056,-0.152,-0.071,0.537,1.262,0.191,16
$GNSS,2025-05-04T08:21:45.750Z,27.3911643,103.2227170,971.684,0.011,-0.089,-0.087,0.537,1.262,0.215,16
$GNSS,2025-05-04T08:21:45.800Z,27.3911643,103.2227169,971.696,-0.012,-0.123,-0.024,0.536,1.262,0.182,16
$GNSS,2025-05-04T08:21:45.850Z,27.3911643,103.2227168,971.703,-0.013,-0.096,0.038,0.536,1.261,0.177,16
$GNSS,2025-05-04T08:21:45.900Z,27.3911643,103.2227168,971.707,0.000,-0.065,0.039,0.536,1.261,0.185,16
$GNSS,2025-05-04T08:21:45.950Z,27.3911643,103.2227168,971.717,0.035,-0.016,0.048,0.536,1.260,0.206,16
$GNSS,2025-05-04T08:21:46.000Z,27.3911643,103.2227167,971.733,0.036,0.003,0.053,0.535,1.260,0.211,16
$GNSS,2025-05-04T08:21:46.050Z,27.3911643,103.2227167,971.742,0.106,-0.078,0.008,0.535,1.260,0.173,16
$GNSS,2025-05-04T08:21:46.100Z,27.3911643,103.2227166,971.751,0.014,-0.112,0.005,0.535,1.259,0.180,16
$GNSS,2025-05-04T08:21:46.150Z,27.3911644,103.2227166,971.764,0.083,-0.007,0.062,0.535,1.259,0.188,16
$GNSS,2025-05-04T08:21:46.200Z,27.3911644,103.2227165,971.771,0.022,-0.052,0.125,0.534,1.258,0.209,16
$GNSS,2025-05-04T08:21:46.250Z,27.3911644,103.2227164,971.786,0.039,-0.064,0.053,0.534,1.258,0.188,16
$GNSS,2025-05-04T08:21:46.300Z,27.3911644,103.2227164,971.789,0.081,-0.056,-0.012,0.534,1.258,0.173,16
$GNSS,2025-05-04T08:21:46.350Z,27.3911645,103.2227163,971.803,0.045,-0.051,-0.015,0.534,1.257,0.181,16
$GNSS,2025-05-04T08:21:46.400Z,27.3911645,103.2227163,971.806,0.024,-0.088,0.115,0.534,1.257,0.196,16
$GNSS,2025-05-04T08:21:46.450Z,27.3911645,103.2227162,971.819,0.034,-0.065,0.111,0.533,1.256,0.199,16
$GNSS,2025-05-04T08:21:46.500Z,27.3911645,103.2227161,971.833,0.070,-0.048,0.118,0.533,1.256,0.199,16
$GNSS,2025-05-04T08:21:46.550Z,27.3911645,103.2227161,971.836,0.057,-0.129,0.105,0.533,1.256,0.189,16
$GNSS,2025-05-04T08:21:46.600Z,27.3911645,103.2227160,971.840,0.033,-0.088,0.072,0.533,1.255,0.189,16
$GNSS,2025-05-04T08:21:46.650Z,27.3911646,103.2227159,971.851,0.041,-0.050,-0.043,0.532,1.255,0.194,16
$GNSS,2025-05-04T08:21:46.700Z,27.3911646,103.2227159,971.863,0.022,-0.027,0.006,0.532,1.254,0.179,16
$GNSS,2025-05-04T08:21:46.750Z,27.3911646,103.2227158,971.870,0.042,-0.079,0.072,0.532,1.254,0.188,16
$GNSS,2025-05-04T08:21:46.800Z,27.3911646,103.2227158,971.865,0.014,-0.088,0.135,0.532,1.253,0.196,16
$GNSS,2025-05-04T08:21:46.850Z,27.3911646,103.2227157,971.872,-0.001,-0.059,0.062,0.532,1.253,0.189,16
$GNSS,2025-05-04T08:21:46.900Z,27.3911646,103.2227157,971.880,0.024,-0.009,-0.009,0.531,1.253,0.175,16
$GNSS,2025-05-04T08:21:46.950Z,27.3911646,103.2227157,971.888,0.016,-0.007,-0.009,0.531,1.252,0.182,16
$GNSS,2025-05-04T08:21:47.000Z,27.3911646,103.2227156,971.900,0.055,-0.032,0.014,0.531,1.252,0.175,16
$GNSS,2025-05-04T08:21:47.050Z,27.3911646,103.2227156,971.894,0.017,-0.049,0.032,0.531,1.251,0.184,16
$GNSS,2025-05-04T08:21:47.100Z,27.3911646,103.2227156,971.883,0.008,-0.052,0.071,0.530,1.251,0.193,16
$GNSS,2025-05-04T08:21:47.150Z,27.3911646,103.2227155,971.902,-0.004,-0.038,0.054,0.530,1.251,0.192,16
$GNSS,2025-05-04T08:21:47.200Z,27.3911645,103.2227155,971.907,-0.003,-0.012,0.063,0.530,1.250,0.206,16
$GNSS,2025-05-04T08:21:47.250Z,27.3911646,103.2227155,971.903,0.049,0.034,0.071,0.530,1.250,0.198,16
$GNSS,2025-05-04T08:21:47.300Z,27.3911646,103.2227155,971.913,0.029,0.018,-0.030,0.530,1.250,0.178,16
$GNSS,2025-05-04T08:21:47.350Z,27.3911645,103.2227155,971.911,0.010,0.003,0.021,0.529,1.249,0.209,16
$GNSS,2025-05-04T08:21:47.400Z,27.3911645,103.2227154,971.924,-0.027,-0.074,0.020,0.529,1.249,0.172,16
$GNSS,2025-05-04T08:21:47.450Z,27.3911645,103.2227154,971.926,-0.019,-0.029,-0.020,0.529,1.249,0.194,16
$GNSS,2025-05-04T08:21:47.500Z,27.3911645,103.2227154,971.929,-0.029,0.039,0.004,0.529,1.249,0.182,16
$GNSS,2025-05-04T08:21:47.550Z,27.3911645,103.2227155,971.927,0.026,0.077,0.097,0.529,1.248,0.211,16
$GNSS,2025-05-04T08:21:47.600Z,27.3911644,103.2227155,971.930,-0.011,0.070,0.074,0.529,1.248,0.210,16
$GNSS,2025-05-04T08:21:47.650Z,27.3911644,103.2227155,971.941,-0.011,0.082,0.014,0.529,1.248,0.193,16
$GNSS,2025-05-04T08:21:47.700Z,27.3911644,103.2227155,971.944,-0.072,-0.047,0.014,0.529,1.248,0.197,16
$GNSS,2025-05-04T08:21:47.750Z,27.3911644,103.2227154,971.943,0.061,-0.010,0.002,0.529,1.249,0.206,16
$GNSS,2025-05-04T08:21:47.800Z,27.3911644,103.2227155,971.936,0.013,0.043,0.027,0.529,1.249,0.230,16
$GNSS,2025-05-04T08:21:47.850Z,27.3911644,103.2227155,971.937,-0.035,0.124,0.029,0.529,1.249,0.226,16
$GNSS,2025-05-04T08:21:47.900Z,27.3911644,103.2227155,971.949,0.026,-0.002,0.040,0.529,1.250,0.229,16
$GNSS,2025-05-04T08:21:47.950Z,27.3911644,103.2227155,971.944,-0.033,0.015,0.130,0.530,1.250,0.237,16
$GNSS,2025-05-04T08:21:48.000Z,27.3911644,103.2227155,971.944,0.019,0.102,0.072,0.530,1.251,0.242,16
$GNSS,2025-05-04T08:21:48.050Z,27.3911643,103.2227155,971.945,-0.095,0.073,0.070,0.530,1.251,0.222,16
$GNSS,2025-05-04T08:21:48.100Z,27.3911643,103.2227155,971.939,0.027,0.059,0.124,0.530,1.252,0.241,16
$GNSS,2025-05-04T08:21:48.150Z,27.3911643,103.2227156,971.938,0.079,0.107,0.163,0.530,1.252,0.237,16
$GNSS,2025-05-04T08:21:48.200Z,27.3911643,103.2227155,971.952,-0.019,0.032,0.055,0.530,1.252,0.239,16
$GNSS,2025-05-04T08:21:48.250Z,27.3911643,103.2227155,971.946,-0.081,-0.030,0.091,0.531,1.253,0.214,16
$GNSS,2025-05-04T08:21:48.300Z,27.3911643,103.2227155,971.936,-0.045,-0.006,0.167,0.531,1.253,0.234,16
$GNSS,2025-05-04T08:21:48.350Z,27.3911642,103.2227155,971.938,-0.024,-0.006,0.197,0.531,1.254,0.237,16
$GNSS,2025-05-04T08:21:48.400Z,27.3911643,103.2227155,971.934,0.089,0.104,0.190,0.531,1.254,0.238,16
$GNSS,2025-05-04T08:21:48.450Z,27.3911643,103.2227155,971.939,0.014,0.033,0.186,0.531,1.255,0.242,16
$GNSS,2025-05-04T08:21:48.500Z,27.3911642,103.2227155,971.952,-0.003,-0.013,0.168,0.531,1.255,0.238,16
$GNSS,2025-05-04T08:21:48.550Z,27.3911642,103.2227154,971.949,0.001,-0.005,0.193,0.531,1.255,0.239,16
$GNSS,2025-05-04T08:21:48.600Z,27.3911643,103.2227154,971.931,0.061,0.031,0.262,0.532,1.256,0.242,16
$GNSS,2025-05-04T08:21:48.650Z,27.3911643,103.2227154,971.937,0.052,0.013,0.118,0.532,1.256,0.238,16
$GNSS,2025-05-04T08:21:48.700Z,27.3911642,103.2227154,971.928,-0.095,-0.042,0.215,0.532,1.257,0.225,16
$GNSS,2025-05-04T08:21:48.750Z,27.3911642,103.2227153,971.932,-0.007,-0.079,0.187,0.532,1.257,0.227,16
$GNSS,2025-05-04T08:21:48.800Z,27.3911643,103.2227153,971.944,0.088,0.019,0.211,0.532,1.257,0.240,16
$GNSS,2025-05-04T08:21:48.850Z,27.3911643,103.2227153,971.954,0.064,0.012,0.186,0.532,1.258,0.241,16
$GNSS,2025-05-04T08:21:48.900Z,27.3911643,103.2227152,971.945,0.031,-0.080,0.248,0.532,1.258,0.233,16
$GNSS,2025-05-04T08:21:48.950Z,27.3911643,103.2227151,971.962,0.009,-0.159,0.126,0.532,1.259,0.211,16
$GNSS,2025-05-04T08:21:49.000Z,27.3911643,103.2227152,971.953,0.038,0.086,0.214,0.533,1.259,0.249,16
$GNSS,2025-05-04T08:21:49.050Z,27.3911643,103.2227151,971.951,0.101,-0.023,0.158,0.533,1.260,0.232,16
$GNSS,2025-05-04T08:21:49.100Z,27.3911643,103.2227151,971.945,0.029,-0.005,0.101,0.533,1.260,0.243,16
$GNSS,2025-05-04T08:21:49.150Z,27.3911643,103.2227151,971.951,0.078,0.008,0.110,0.533,1.261,0.234,16
$GNSS,2025-05-04T08:21:49.200Z,27.3911644,103.2227150,971.947,0.100,-0.105,0.149,0.533,1.261,0.226,16
$GNSS,2025-05-04T08:21:49.250Z,27.3911644,103.2227150,971.952,0.086,0.032,0.169,0.533,1.262,0.243,16
$GNSS,2025-05-04T08:21:49.300Z,27.3911644,103.2227150,971.957,-0.033,-0.030,0.151,0.533,1.262,0.243,16
$GNSS,2025-05-04T08:21:49.350Z,27.3911644,103.2227150,971.949,0.046,0.099,0.130,0.533,1.263,0.257,16
$GNSS,2025-05-04T08:21:49.400Z,27.3911644,103.2227150,971.931,0.019,0.049,0.148,0.533,1.263,0.263,16
$GNSS,2025-05-04T08:21:49.450Z,27.3911644,103.2227150,971.937,0.022,-0.020,0.216,0.534,1.264,0.250,16
$GNSS,2025-05-04T08:21:49.500Z,27.3911645,103.2227150,971.936,0.091,-0.047,0.194,0.534,1.264,0.238,16
$GNSS,2025-05-04T08:21:49.550Z,27.3911644,103.2227150,971.948,-0.041,0.018,0.098,0.534,1.265,0.256,16
$GNSS,2025-05-04T08:21:49.600Z,27.3911644,103.2227150,971.948,0.041,0.058,0.098,0.534,1.265,0.256,16
$GNSS,2025-05-04T08:21:49.650Z,27.3911645,103.2227150,971.936,0.098,0.047,0.162,0.534,1.265,0.244,16
$GNSS,2025-05-04T08:21:49.700Z,27.3911644,103.2227150,971.935,-0.119,-0.011,0.247,0.534,1.266,0.243,16
$GNSS,2025-05-04T08:21:49.750Z,27.3911644,103.2227150,971.934,0.039,0.095,0.174,0.534,1.266,0.263,16
$GNSS,2025-05-04T08:21:49.800Z,27.3911644,103.2227150,971.939,0.018,0.058,0.070,0.535,1.267,0.260,16
$GNSS,2025-05-04T08:21:49.850Z,27.3911644,103.2227150,971.940,0.054,-0.020,0.057,0.535,1.267,0.223,16
$GNSS,2025-05-04T08:21:49.900Z,27.3911644,103.2227150,971.930,-0.028,-0.018,0.125,0.535,1.268,0.245,16
$GNSS,2025-05-04T08:21:49.950Z,27.3911644,103.2227150,971.936,0.021,0.028,0.145,0.535,1.268,0.259,16
$GNSS,2025-05-04T08:21:50.000Z,27.3911644,103.2227150,971.950,0.001,0.040,0.099,0.535,1.269,0.265,16
$GNSS,2025-05-04T08:21:50.050Z,27.3911644,103.2227150,971.950,0.010,0.027,0.028,0.535,1.269,0.253,16
$GNSS,2025-05-04T08:21:50.100Z,27.3911644,103.2227150,971.928,-0.017,-0.055,0.111,0.535,1.269,0.226,16
$GNSS,2025-05-04T08:21:50.150Z,27.3911644,103.2227150,971.935,0.051,0.019,0.116,0.535,1.270,0.243,16
$GNSS,2025-05-04T08:21:50.200Z,27.3911644,103.2227150,971.926,0.036,0.039,0.129,0.536,1.271,0.249,16
$GNSS,2025-05-04T08:21:50.250Z,27.3911644,103.2227150,971.936,0.018,0.023,0.087,0.536,1.271,0.251,16
$GNSS,2025-05-04T08:21:50.300Z,27.3911644,103.2227149,971.940,0.004,-0.054,0.021,0.536,1.272,0.213,16
$GNSS,2025-05-04T08:21:50.350Z,27.3911644,103.2227149,971.956,-0.022,-0.046,-0.018,0.536,1.272,0.220,16
$GNSS,2025-05-04T08:21:50.400Z,27.3911644,103.2227149,971.934,0.017,-0.015,0.021,0.536,1.273,0.222,16
$GNSS,2025-05-04T08:21:50.450Z,27.3911645,103.2227149,971.924,0.099,0.031,0.063,0.536,1.273,0.213,16
$GNSS,2025-05-04T08:21:50.500Z,27.3911645,103.2227148,971.931,0.022,-0.049,0.070,0.536,1.274,0.228,16
$GNSS,2025-05-04T08:21:50.550Z,27.3911644,103.2227148,971.948,-0.001,0.024,0.022,0.536,1.274,0.249,16
$GNSS,2025-05-04T08:21:50.600Z,27.3911644,103.2227147,971.954,-0.011,-0.084,-0.002,0.536,1.275,0.216,16
$GNSS,2025-05-04T08:21:50.650Z,27.3911644,103.2227147,971.948,-0.009,-0.014,-0.034,0.536,1.275,0.254,16
$GNSS,2025-05-04T08:21:50.700Z,27.3911645,103.2227147,971.939,0.056,0.008,-0.014,0.536,1.276,0.192,16
$GNSS,2025-05-04T08:21:50.750Z,27.3911645,103.2227147,971.924,0.050,-0.008,0.095,0.536,1.276,0.241,16
$GNSS,2025-05-04T08:21:50.800Z,27.3911645,103.2227147,971.930,-0.017,0.047,0.078,0.537,1.277,0.259,16
$GNSS,2025-05-04T08:21:50.850Z,27.3911645,103.2227146,971.944,0.017,-0.110,0.053,0.537,1.277,0.215,16
$GNSS,2025-05-04T08:21:50.900Z,27.3911645,103.2227146,971.945,0.123,-0.063,-0.028,0.537,1.278,0.214,16
$GNSS,2025-05-04T08:21:50.950Z,27.3911645,103.2227146,971.954,0.056,0.013,-0.067,0.537,1.279,0.226,16
$GNSS,2025-05-04T08:21:51.000Z,27.3911645,103.2227145,971.944,-0.009,-0.025,-0.019,0.537,1.279,0.238,16
$GNSS,2025-05-04T08:21:51.050Z,27.3911645,103.2227145,971.928,0.041,-0.027,0.111,0.537,1.280,0.243,16
$GNSS,2025-05-04T08:21:51.100Z,27.3911645,103.2227145,971.944,-0.054,-0.012,0.006,0.537,1.280,0.188,16
$GNSS,2025-05-04T08:21:51.150Z,27.3911646,103.2227144,971.950,0.084,-0.072,-0.098,0.537,1.281,0.243,16
$GNSS,2025-05-04T08:21:51.200Z,27.3911645,103.2227144,971.946,-0.007,-0.005,-0.101,0.537,1.281,0.252,16
$GNSS,2025-05-04T08:21:51.250Z,27.3911645,103.2227144,971.933,0.007,0.043,0.031,0.537,1.282,0.230,16
$GNSS,2025-05-04T08:21:51.300Z,27.3911645,103.2227144,971.949,-0.146,0.056,0.050,0.537,1.282,0.213,16
$GNSS,2025-05-04T08:21:51.350Z,27.3911644,103.2227144,971.953,-0.104,0.024,0.071,0.537,1.283,0.221,16
$GNSS,2025-05-04T08:21:51.400Z,27.3911644,103.2227145,971.950,-0.070,0.107,-0.010,0.537,1.283,0.212,16
$GNSS,2025-05-04T08:21:51.450Z,27.3911644,103.2227144,971.955,-0.006,-0.032,-0.061,0.537,1.284,0.248,16
$GNSS,2025-05-04T08:21:51.500Z,27.3911644,103.2227144,971.963,-0.023,-0.064,-0.072,0.538,1.284,0.237,16
$GNSS,2025-05-04T08:21:51.550Z,27.3911643,103.2227144,971.951,-0.142,0.081,-0.014,0.538,1.285,0.208,16
$GNSS,2025-05-04T08:21:51.600Z,27.3911642,103.2227145,971.950,-0.199,0.137,0.003,0.538,1.285,0.210,16
$GNSS,2025-05-04T08:21:51.650Z,27.3911641,103.2227145,971.954,-0.140,0.030,-0.034,0.538,1.286,0.207,16
$GNSS,2025-05-04T08:21:51.700Z,27.3911641,103.2227144,971.955,-0.047,-0.087,-0.037,0.538,1.286,0.212,16
$GNSS,2025-05-04T08:21:51.750Z,27.3911641,103.2227144,971.970,-0.120,0.019,-0.073,0.538,1.287,0.213,16
$GNSS,2025-05-04T08:21:51.800Z,27.3911640,103.2227144,971.962,-0.096,-0.007,0.020,0.538,1.288,0.196,16
$GNSS,2025-05-04T08:21:51.850Z,27.3911640,103.2227144,971.964,-0.129,-0.015,0.030,0.538,1.288,0.195,16
$GNSS,2025-05-04T08:21:51.900Z,27.3911639,103.2227144,971.957,-0.110,0.025,0.011,0.538,1.289,0.200,16
$GNSS,2025-05-04T08:21:51.950Z,27.3911639,103.2227144,971.956,-0.001,0.002,-0.030,0.538,1.289,0.244,16
$GNSS,2025-05-04T08:21:52.000Z,27.3911639,103.2227144,971.967,0.002,0.041,0.001,0.538,1.290,0.207,16
$GNSS,2025-05-04T08:21:52.050Z,27.3911639,103.2227144,971.968,-0.038,0.106,0.047,0.538,1.290,0.233,16
$GNSS,2025-05-04T08:21:52.100Z,27.3911639,103.2227144,971.957,-0.037,0.085,0.049,0.538,1.291,0.237,16
$GNSS,2025-05-04T08:21:52.150Z,27.3911639,103.2227145,971.962,-0.028,0.092,0.036,0.538,1.291,0.228,16
$GNSS,2025-05-04T08:21:52.200Z,27.3911639,103.2227145,971.953,0.037,0.031,0.064,0.538,1.292,0.239,16
$GNSS,2025-05-04T08:21:52.250Z,27.3911639,103.2227144,971.952,-0.018,-0.049,-0.006,0.539,1.292,0.208,16
$GNSS,2025-05-04T08:21:52.300Z,27.3911638,103.2227145,971.951,-0.048,0.088,0.017,0.539,1.293,0.211,16
$GNSS,2025-05-04T08:21:52.350Z,27.3911638,103.2227145,971.959,-0.019,0.088,0.015,0.539,1.293,0.209,16
$GNSS,2025-05-04T08:21:52.400Z,27.3911639,103.2227145,971.966,0.055,0.075,0.062,0.539,1.294,0.220,16
$GNSS,2025-05-04T08:21:52.450Z,27.3911639,103.2227145,971.970,0.025,-0.020,0.053,0.539,1.294,0.233,16
$GNSS,2025-05-04T08:21:52.500Z,27.3911639,103.2227144,971.951,0.083,-0.073,0.096,0.539,1.295,0.222,16
$GNSS,2025-05-04T08:21:52.550Z,27.3911639,103.2227145,971.961,-0.003,0.152,-0.016,0.539,1.295,0.204,16
$GNSS,2025-05-04T08:21:52.600Z,27.3911639,103.2227145,971.965,0.027,0.036,-0.021,0.539,1.296,0.203,16
$GNSS,2025-05-04T08:21:52.650Z,27.3911639,103.2227145,971.959,0.032,0.082,-0.005,0.539,1.296,0.200,16
$GNSS,2025-05-04T08:21:52.700Z,27.3911639,103.2227145,971.967,0.046,0.034,-0.004,0.539,1.297,0.193,16
$GNSS,2025-05-04T08:21:52.750Z,27.3911640,103.2227144,971.955,0.030,-0.101,0.010,0.539,1.298,0.213,16
$GNSS,2025-05-04T08:21:52.800Z,27.3911640,103.2227144,971.955,0.057,-0.033,0.028,0.539,1.298,0.211,16
$GNSS,2025-05-04T08:21:52.850Z,27.3911639,103.2227144,971.960,-0.061,0.015,0.006,0.539,1.299,0.201,16
$GNSS,2025-05-04T08:21:52.900Z,27.3911640,103.2227144,971.964,0.080,0.043,-0.002,0.539,1.299,0.194,16
$GNSS,2025-05-04T08:21:52.950Z,27.3911640,103.2227145,971.972,0.084,0.116,0.034,0.539,1.300,0.209,16
$GNSS,2025-05-04T08:21:53.000Z,27.3911640,103.2227145,971.968,0.045,-0.026,-0.008,0.539,1.300,0.214,16
$GNSS,2025-05-04T08:21:53.050Z,27.3911641,103.2227145,971.953,0.025,-0.009,0.071,0.539,1.300,0.242,16
$GNSS,2025-05-04T08:21:53.100Z,27.3911641,103.2227145,971.951,0.050,0.011,0.070,0.540,1.301,0.235,16
$GNSS,2025-05-04T08:21:53.150Z,27.3911641,103.2227144,971.953,-0.027,-0.066,0.026,0.540,1.301,0.196,16
$GNSS,2025-05-04T08:21:53.200Z,27.3911640,103.2227144,971.962,-0.051,0.021,0.009,0.540,1.302,0.211,16
$GNSS,2025-05-04T08:21:53.250Z,27.3911641,103.2227144,971.970,0.130,0.005,0.028,0.540,1.302,0.202,16
$GNSS,2025-05-04T08:21:53.300Z,27.3911641,103.2227145,971.955,-0.013,0.093,0.036,0.540,1.302,0.227,16
$GNSS,2025-05-04T08:21:53.350Z,27.3911641,103.2227145,971.940,-0.013,0.040,-0.025,0.540,1.303,0.211,16
$GNSS,2025-05-04T08:21:53.400Z,27.3911641,103.2227145,971.945,-0.023,0.013,0.003,0.540,1.303,0.214,16
$GNSS,2025-05-04T08:21:53.450Z,27.3911640,103.2227145,971.963,-0.035,-0.010,-0.049,0.540,1.303,0.233,16
$GNSS,2025-05-04T08:21:53.500Z,27.3911640,103.2227144,971.974,-0.014,-0.017,-0.045,0.540,1.304,0.245,16
$GNSS,2025-05-04T08:21:53.550Z,27.3911640,103.2227144,971.972,-0.114,0.020,-0.058,0.540,1.304,0.212,16
$GNSS,2025-05-04T08:21:53.600Z,27.3911639,103.2227144,971.973,-0.036,-0.063,-0.057,0.540,1.305,0.230,16
$GNSS,2025-05-04T08:21:53.650Z,27.3911639,103.2227144,971.971,-0.064,-0.025,-0.057,0.540,1.305,0.223,16
$GNSS,2025-05-04T08:21:53.700Z,27.3911639,103.2227144,971.961,-0.026,0.057,-0.084,0.540,1.305,0.224,16
$GNSS,2025-05-04T08:21:53.750Z,27.3911639,103.2227144,971.959,-0.027,0.049,-0.068,0.541,1.306,0.223,16
$GNSS,2025-05-04T08:21:53.800Z,27.3911639,103.2227144,971.967,0.019,0.001,-0.011,0.541,1.306,0.207,16
$GNSS,2025-05-04T08:21:53.850Z,27.3911639,103.2227144,971.960,-0.040,-0.061,0.045,0.541,1.307,0.199,16
$GNSS,2025-05-04T08:21:53.900Z,27.3911639,103.2227144,971.958,-0.024,0.031,0.001,0.541,1.307,0.219,16
$GNSS,2025-05-04T08:21:53.950Z,27.3911638,103.2227144,971.972,-0.103,0.065,-0.028,0.541,1.307,0.211,16
$GNSS,2025-05-04T08:21:54.000Z,27.3911638,103.2227145,971.970,0.062,0.094,-0.001,0.541,1.308,0.202,16
$GNSS,2025-05-04T08:21:54.050Z,27.3911639,103.2227146,971.956,0.095,0.135,0.049,0.541,1.308,0.211,16
$GNSS,2025-05-04T08:21:54.100Z,27.3911638,103.2227145,971.978,-0.046,-0.072,-0.029,0.541,1.309,0.214,16
$GNSS,2025-05-04T08:21:54.150Z,27.3911638,103.2227145,971.981,-0.013,-0.004,-0.107,0.541,1.309,0.244,16
$GNSS,2025-05-04T08:21:54.200Z,27.3911638,103.2227144,971.984,-0.004,-0.068,-0.045,0.541,1.310,0.234,16
$GNSS,2025-05-04T08:21:54.250Z,27.3911639,103.2227144,971.975,0.152,-0.009,-0.016,0.541,1.310,0.199,16
$GNSS,2025-05-04T08:21:54.300Z,27.3911639,103.2227145,971.984,0.102,0.052,-0.092,0.541,1.311,0.205,16
$GNSS,2025-05-04T08:21:54.350Z,27.3911640,103.2227144,971.978,0.082,-0.036,-0.063,0.542,1.311,0.223,16
$GNSS,2025-05-04T08:21:54.400Z,27.3911640,103.2227144,971.984,0.032,-0.042,-0.035,0.542,1.311,0.234,16
$GNSS,2025-05-04T08:21:54.450Z,27.3911640,103.2227144,971.988,0.120,0.017,-0.024,0.542,1.312,0.198,16
$GNSS,2025-05-04T08:21:54.500Z,27.3911641,103.2227144,971.979,0.125,-0.087,0.022,0.542,1.312,0.206,16
$GNSS,2025-05-04T08:21:54.550Z,27.3911642,103.2227143,971.964,0.179,-0.074,0.058,0.542,1.312,0.203,16
$GNSS,2025-05-04T08:21:54.600Z,27.3911643,103.2227143,971.963,0.224,-0.119,0.068,0.542,1.313,0.205,16
$GNSS,2025-05-04T08:21:54.650Z,27.3911644,103.2227143,971.998,0.288,0.045,0.060,0.542,1.313,0.195,16
$GNSS,2025-05-04T08:21:54.700Z,27.3911644,103.2227143,971.999,0.241,0.052,0.117,0.542,1.313,0.203,16
$GNSS,2025-05-04T08:21:54.750Z,27.3911645,103.2227143,972.007,0.181,0.091,0.051,0.542,1.314,0.200,16
$GNSS,2025-05-04T08:21:54.800Z,27.3911645,103.2227143,972.004,0.049,-0.102,0.016,0.542,1.315,0.233,16
$GNSS,2025-05-04T08:21:54.850Z,27.3911645,103.2227142,972.008,-0.026,-0.161,-0.012,0.543,1.315,0.234,16
$GNSS,2025-05-04T08:21:54.900Z,27.3911645,103.2227141,972.020,0.024,-0.131,-0.118,0.543,1.316,0.254,16
$GNSS,2025-05-04T08:21:54.950Z,27.3911645,103.2227141,972.035,0.085,-0.049,-0.186,0.543,1.317,0.250,16
$GNSS,2025-05-04T08:21:55.000Z,27.3911646,103.2227141,971.996,0.007,-0.063,0.018,0.543,1.318,0.226,16
$GNSS,2025-05-04T08:21:55.050Z,27.3911646,103.2227141,971.999,0.081,-0.003,0.036,0.543,1.319,0.211,16
$GNSS,2025-05-04T08:21:55.100Z,27.3911646,103.2227140,972.005,0.070,-0.044,-0.058,0.543,1.320,0.230,16
$GNSS,2025-05-04T08:21:55.150Z,27.3911646,103.2227140,972.013,0.040,-0.068,-0.034,0.543,1.321,0.230,16
$GNSS,2025-05-04T08:21:55.200Z,27.3911647,103.2227140,972.015,0.102,-0.018,-0.013,0.543,1.322,0.205,16
$GNSS,2025-05-04T08:21:55.250Z,27.3911647,103.2227140,972.014,0.029,-0.029,0.008,0.543,1.323,0.215,16
$GNSS,2025-05-04T08:21:55.300Z,27.3911647,103.2227140,972.010,0.072,0.025,-0.016,0.544,1.325,0.209,16
$GNSS,2025-05-04T08:21:55.350Z,27.3911647,103.2227140,972.017,0.080,0.023,-0.040,0.544,1.326,0.217,16
$GNSS,2025-05-04T08:21:55.400Z,27.3911647,103.2227139,972.020,0.020,-0.067,-0.077,0.544,1.327,0.253,16
$GNSS,2025-05-04T08:21:55.450Z,27.3911647,103.2227140,972.034,0.028,0.025,-0.044,0.544,1.328,0.248,16
$GNSS,2025-05-04T08:21:55.500Z,27.3911647,103.2227140,972.033,-0.004,0.019,-0.031,0.544,1.330,0.258,16
$GNSS,2025-05-04T08:21:55.550Z,27.3911647,103.2227140,972.038,-0.073,-0.011,-0.062,0.544,1.331,0.236,16
$GNSS,2025-05-04T08:21:55.600Z,27.3911647,103.2227140,972.047,0.034,0.017,-0.157,0.544,1.333,0.273,16
$GNSS,2025-05-04T08:21:55.650Z,27.3911647,103.2227140,972.039,0.041,0.096,-0.086,0.544,1.333,0.227,16
$GNSS,2025-05-04T08:21:55.700Z,27.3911647,103.2227140,972.025,0.077,0.030,0.014,0.544,1.334,0.199,16
$GNSS,2025-05-04T08:21:55.750Z,27.3911647,103.2227140,972.020,0.022,-0.019,0.033,0.544,1.334,0.243,16
$GNSS,2025-05-04T08:21:55.800Z,27.3911647,103.2227140,972.061,0.004,0.063,-0.077,0.545,1.335,0.237,16
$GNSS,2025-05-04T08:21:55.850Z,27.3911647,103.2227140,972.066,-0.033,0.021,-0.055,0.545,1.336,0.244,16
$GNSS,2025-05-04T08:21:55.900Z,27.3911647,103.2227141,972.062,0.008,0.085,-0.034,0.545,1.337,0.229,16
$GNSS,2025-05-04T08:21:55.950Z,27.3911647,103.2227141,972.049,0.004,0.082,-0.090,0.545,1.338,0.242,16
$GNSS,2025-05-04T08:21:56.000Z,27.3911647,103.2227141,972.059,-0.013,0.037,-0.090,0.545,1.339,0.257,16
$GNSS,2025-05-04T08:21:56.050Z,27.3911646,103.2227141,972.054,-0.040,0.016,-0.069,0.545,1.340,0.251,16
$GNSS,2025-05-04T08:21:56.100Z,27.3911646,103.2227142,972.068,-0.005,0.098,-0.101,0.545,1.342,0.243,16
$GNSS,2025-05-04T08:21:56.150Z,27.3911646,103.2227142,972.051,-0.052,0.153,-0.005,0.546,1.343,0.233,15
$GNSS,2025-05-04T08:21:56.200Z,27.3911646,103.2227142,972.068,-0.086,0.002,-0.076,0.546,1.345,0.238,15
$GNSS,2025-05-04T08:21:56.250Z,27.3911646,103.2227142,972.075,-0.006,-0.055,-0.040,0.546,1.346,0.261,15
$GNSS,2025-05-04T08:21:56.300Z,27.3911645,103.2227142,972.087,0.006,0.019,-0.088,0.546,1.348,0.277,15
$GNSS,2025-05-04T08:21:56.350Z,27.3911645,103.2227142,972.071,-0.033,-0.019,-0.016,0.546,1.349,0.228,16
$GNSS,2025-05-04T08:21:56.400Z,27.3911644,103.2227142,972.072,-0.131,0.035,0.025,0.546,1.351,0.217,16
$GNSS,2025-05-04T08:21:56.450Z,27.3911644,103.2227142,972.082,-0.061,-0.053,0.001,0.547,1.352,0.213,16
$GNSS,2025-05-04T08:21:56.500Z,27.3911644,103.2227142,972.077,-0.043,0.064,-0.005,0.547,1.354,0.228,16
$GNSS,2025-05-04T08:21:56.550Z,27.3911644,103.2227142,972.090,-0.044,0.004,-0.043,0.547,1.355,0.247,16
$GNSS,2025-05-04T08:21:56.600Z,27.3911644,103.2227141,972.095,0.101,-0.162,-0.030,0.547,1.357,0.225,16
$GNSS,2025-05-04T08:21:56.650Z,27.3911644,103.2227140,972.092,-0.018,-0.116,-0.011,0.547,1.358,0.225,16
$GNSS,2025-05-04T08:21:56.700Z,27.3911643,103.2227141,972.102,-0.123,0.048,-0.026,0.547,1.360,0.213,16
$GNSS,2025-05-04T08:21:56.750Z,27.3911643,103.2227140,972.107,-0.086,-0.035,0.001,0.548,1.361,0.206,16
$GNSS,2025-05-04T08:21:56.800Z,27.3911643,103.2227141,972.095,0.012,0.066,0.049,0.548,1.363,0.249,16
$GNSS,2025-05-04T08:21:56.850Z,27.3911643,103.2227141,972.102,0.049,0.069,-0.035,0.548,1.364,0.225,16
$GNSS,2025-05-04T08:21:56.900Z,27.3911643,103.2227141,972.101,0.046,-0.018,-0.025,0.548,1.366,0.229,16
$GNSS,2025-05-04T08:21:56.950Z,27.3911643,103.2227140,972.097,0.004,-0.081,-0.002,0.548,1.367,0.224,16
$GNSS,2025-05-04T08:21:57.000Z,27.3911644,103.2227140,972.134,0.122,-0.080,-0.043,0.548,1.368,0.223,16
$GNSS,2025-05-04T08:21:57.050Z,27.3911643,103.2227141,972.130,-0.001,0.162,0.031,0.548,1.370,0.228,16
$GNSS,2025-05-04T08:21:57.100Z,27.3911643,103.2227141,972.122,-0.037,0.132,-0.039,0.549,1.371,0.227,16
$GNSS,2025-05-04T08:21:57.150Z,27.3911644,103.2227142,972.117,0.118,0.152,0.020,0.549,1.373,0.216,16
$GNSS,2025-05-04T08:21:57.200Z,27.3911644,103.2227143,972.110,0.112,0.158,0.016,0.549,1.374,0.216,16
$GNSS,2025-05-04T08:21:57.250Z,27.3911645,103.2227144,972.120,0.244,0.170,0.036,0.549,1.375,0.209,16
$GNSS,2025-05-04T08:21:57.300Z,27.3911646,103.2227144,972.113,0.221,0.132,0.075,0.549,1.377,0.215,16
$GNSS,2025-05-04T08:21:57.350Z,27.3911647,103.2227146,972.101,0.169,0.336,0.122,0.549,1.378,0.227,16
$GNSS,2025-05-04T08:21:57.400Z,27.3911647,103.2227146,972.098,0.115,0.179,0.024,0.550,1.380,0.217,16
$GNSS,2025-05-04T08:21:57.450Z,27.3911648,103.2227147,972.094,0.189,0.198,0.103,0.550,1.381,0.224,16
$GNSS,2025-05-04T08:21:57.500Z,27.3911649,103.2227148,972.124,0.180,0.180,0.003,0.550,1.382,0.209,16
$GNSS,2025-05-04T08:21:57.550Z,27.3911650,103.2227149,972.117,0.216,0.179,-0.005,0.550,1.384,0.207,16
$GNSS,2025-05-04T08:21:57.600Z,27.3911650,103.2227150,972.115,0.164,0.143,0.005,0.550,1.385,0.211,16
$GNSS,2025-05-04T08:21:57.650Z,27.3911651,103.2227151,972.090,0.162,0.293,0.142,0.550,1.386,0.237,16
$GNSS,2025-05-04T08:21:57.700Z,27.3911652,103.2227153,972.089,0.139,0.346,0.088,0.550,1.386,0.232,16
$GNSS,2025-05-04T08:21:57.750Z,27.3911652,103.2227155,972.073,0.067,0.321,0.099,0.551,1.387,0.239,16
$GNSS,2025-05-04T08:21:57.800Z,27.3911652,103.2227156,972.093,0.044,0.289,0.000,0.551,1.388,0.231,16
$GNSS,2025-05-04T08:21:57.850Z,27.3911652,103.2227158,972.101,-0.054,0.338,-0.054,0.551,1.389,0.232,16
$GNSS,2025-05-04T08:21:57.900Z,27.3911651,103.2227159,972.111,-0.043,0.316,-0.086,0.551,1.390,0.231,16
$GNSS,2025-05-04T08:21:57.950Z,27.3911651,103.2227161,972.133,-0.087,0.313,-0.125,0.551,1.391,0.232,16
$GNSS,2025-05-04T08:21:58.000Z,27.3911650,103.2227163,972.153,-0.093,0.382,-0.088,0.551,1.392,0.231,16
$GNSS,2025-05-04T08:21:58.050Z,27.3911650,103.2227165,972.174,-0.172,0.399,-0.096,0.552,1.393,0.230,16
$GNSS,2025-05-04T08:21:58.100Z,27.3911649,103.2227167,972.154,-0.163,0.334,-0.057,0.552,1.394,0.234,16
$GNSS,2025-05-04T08:21:58.150Z,27.3911648,103.2227170,972.132,-0.109,0.693,0.036,0.552,1.395,0.228,16
$GNSS,2025-05-04T08:21:58.200Z,27.3911647,103.2227175,972.158,-0.211,0.805,0.014,0.552,1.396,0.198,16
$GNSS,2025-05-04T08:21:58.250Z,27.3911647,103.2227177,972.154,-0.097,0.535,0.018,0.552,1.396,0.174,16
$GNSS,2025-05-04T08:21:58.300Z,27.3911646,103.2227178,972.132,-0.070,0.360,-0.006,0.551,1.395,0.172,16
$GNSS,2025-05-04T08:21:58.350Z,27.3911645,103.2227180,972.093,-0.169,0.570,0.038,0.551,1.395,0.174,16
$GNSS,2025-05-04T08:21:58.400Z,27.3911644,103.2227184,972.090,-0.192,0.723,0.034,0.551,1.394,0.175,16
$GNSS,2025-05-04T08:21:58.450Z,27.3911644,103.2227186,972.101,-0.181,0.542,0.042,0.550,1.394,0.176,16
$GNSS,2025-05-04T08:21:58.500Z,27.3911643,103.2227188,972.102,-0.165,0.375,-0.017,0.550,1.394,0.177,16
$GNSS,2025-05-04T08:21:58.550Z,27.3911642,103.2227189,972.073,-0.164,0.430,-0.006,0.550,1.394,0.181,16
$GNSS,2025-05-04T08:21:58.600Z,27.3911641,103.2227191,972.061,-0.253,0.381,-0.075,0.550,1.394,0.187,16
$GNSS,2025-05-04T08:21:58.650Z,27.3911639,103.2227192,972.056,-0.420,0.308,-0.136,0.550,1.394,0.186,16
$GNSS,2025-05-04T08:21:58.700Z,27.3911636,103.2227193,972.064,-0.570,0.161,-0.211,0.550,1.394,0.185,16
$GNSS,2025-05-04T08:21:58.750Z,27.3911633,103.2227193,972.043,-0.657,0.046,-0.282,0.549,1.394,0.187,16
$GNSS,2025-05-04T08:21:58.800Z,27.3911629,103.2227191,972.029,-0.775,-0.206,-0.356,0.549,1.394,0.187,16
$GNSS,2025-05-04T08:21:58.850Z,27.3911626,103.2227189,972.056,-0.670,-0.327,-0.276,0.549,1.394,0.178,16
$GNSS,2025-05-04T08:21:58.900Z,27.3911624,103.2227189,972.092,-0.443,-0.195,-0.131,0.549,1.394,0.176,16
$GNSS,2025-05-04T08:21:58.950Z,27.3911622,103.2227187,972.104,-0.476,-0.334,-0.068,0.549,1.394,0.186,16
$GNSS,2025-05-04T08:21:59.000Z,27.3911621,103.2227184,972.098,-0.361,-0.466,-0.241,0.548,1.394,0.210,16
$GNSS,2025-05-04T08:21:59.050Z,27.3911620,103.2227182,972.100,-0.173,-0.337,-0.358,0.548,1.395,0.229,16
$GNSS,2025-05-04T08:21:59.100Z,27.3911620,103.2227180,972.111,-0.050,-0.241,-0.314,0.548,1.395,0.248,16
$GNSS,2025-05-04T08:21:59.150Z,27.3911620,103.2227179,972.129,0.002,-0.173,-0.262,0.548,1.395,0.253,16
$GNSS,2025-05-04T08:21:59.200Z,27.3911620,103.2227178,972.138,0.096,-0.201,-0.200,0.548,1.395,0.238,16
$GNSS,2025-05-04T08:21:59.250Z,27.3911620,103.2227176,972.137,0.044,-0.238,-0.264,0.548,1.395,0.251,16
$GNSS,2025-05-04T08:21:59.300Z,27.3911620,103.2227175,972.154,-0.032,-0.249,-0.344,0.548,1.395,0.258,16
$GNSS,2025-05-04T08:21:59.350Z,27.3911620,103.2227173,972.142,0.067,-0.289,-0.292,0.548,1.395,0.245,16
$GNSS,2025-05-04T08:21:59.400Z,27.3911621,103.2227171,972.129,0.056,-0.356,-0.216,0.547,1.394,0.232,16
$GNSS,2025-05-04T08:21:59.450Z,27.3911621,103.2227168,972.113,0.124,-0.519,-0.172,0.547,1.394,0.219,16
$GNSS,2025-05-04T08:21:59.500Z,27.3911622,103.2227165,972.115,0.126,-0.590,-0.242,0.547,1.393,0.227,16
$GNSS,2025-05-04T08:21:59.550Z,27.3911623,103.2227163,972.121,0.171,-0.387,-0.177,0.547,1.393,0.229,16
$GNSS,2025-05-04T08:21:59.600Z,27.3911624,103.2227161,972.120,0.299,-0.385,-0.089,0.547,1.393,0.212,16
$GNSS,2025-05-04T08:21:59.650Z,27.3911626,103.2227159,972.112,0.253,-0.401,-0.024,0.547,1.393,0.205,16
$GNSS,2025-05-04T08:21:59.700Z,27.3911626,103.2227157,972.110,0.129,-0.467,-0.034,0.547,1.393,0.216,16
$GNSS,2025-05-04T08:21:59.750Z,27.3911627,103.2227154,972.130,0.095,-0.492,-0.010,0.548,1.393,0.216,16
$GNSS,2025-05-04T08:21:59.800Z,27.3911628,103.2227152,972.126,0.244,-0.356,-0.081,0.548,1.393,0.218,16
$GNSS,2025-05-04T08:21:59.850Z,27.3911629,103.2227149,972.152,0.384,-0.476,-0.159,0.548,1.393,0.216,16
$GNSS,2025-05-04T08:21:59.900Z,27.3911631,103.2227147,972.153,0.416,-0.444,-0.117,0.548,1.393,0.216,16
$GNSS,2025-05-04T08:21:59.950Z,27.3911631,103.2227146,972.129,0.049,-0.267,-0.017,0.548,1.393,0.227,16
$GNSS,2025-05-04T08:22:00.000Z,27.3911632,103.2227144,972.108,0.188,-0.359,-0.108,0.549,1.393,0.236,16
$GNSS,2025-05-04T08:22:00.050Z,27.3911633,103.2227142,972.108,0.197,-0.387,-0.058,0.549,1.393,0.233,16
$GNSS,2025-05-04T08:22:00.100Z,27.3911635,103.2227140,972.147,0.354,-0.414,-0.113,0.549,1.394,0.234,16
$GNSS,2025-05-04T08:22:00.150Z,27.3911637,103.2227136,972.194,0.519,-0.562,-0.173,0.550,1.394,0.240,16
$GNSS,2025-05-04T08:22:00.200Z,27.3911638,103.2227135,972.186,0.303,-0.364,-0.135,0.550,1.394,0.241,16
$GNSS,2025-05-04T08:22:00.250Z,27.3911640,103.2227134,972.168,0.239,-0.263,-0.123,0.551,1.394,0.243,16
$GNSS,2025-05-04T08:22:00.300Z,27.3911641,103.2227133,972.169,0.147,-0.276,-0.089,0.551,1.395,0.250,16
$GNSS,2025-05-04T08:22:00.350Z,27.3911642,103.2227132,972.188,0.229,-0.331,-0.130,0.552,1.395,0.250,16
$GNSS,2025-05-04T08:22:00.400Z,27.3911643,103.2227130,972.200,0.267,-0.291,-0.094,0.552,1.395,0.236,16
$GNSS,2025-05-04T08:22:00.450Z,27.3911645,103.2227129,972.213,0.358,-0.174,-0.181,0.553,1.395,0.229,16
$GNSS,2025-05-04T08:22:00.500Z,27.3911646,103.2227128,972.214,0.350,-0.216,-0.155,0.553,1.396,0.233,16
$GNSS,2025-05-04T08:22:00.550Z,27.3911647,103.2227126,972.242,0.332,-0.302,-0.188,0.554,1.396,0.246,16
$GNSS,2025-05-04T08:22:00.600Z,27.3911648,103.2227125,972.257,0.207,-0.159,-0.137,0.554,1.396,0.243,16
$GNSS,2025-05-04T08:22:00.650Z,27.3911649,103.2227124,972.235,0.227,-0.168,-0.064,0.555,1.396,0.222,16
$GNSS,2025-05-04T08:22:00.700Z,27.3911650,103.2227123,972.209,0.186,-0.179,-0.090,0.555,1.396,0.233,16
$GNSS,2025-05-04T08:22:00.750Z,27.3911651,103.2227122,972.182,0.259,-0.258,-0.136,0.555,1.396,0.229,16
$GNSS,2025-05-04T08:22:00.800Z,27.3911652,103.2227121,972.179,0.180,-0.145,-0.100,0.555,1.396,0.231,16
$GNSS,2025-05-04T08:22:00.850Z,27.3911652,103.2227121,972.186,0.157,-0.050,-0.106,0.556,1.396,0.214,16
$GNSS,2025-05-04T08:22:00.900Z,27.3911653,103.2227120,972.197,0.151,-0.048,-0.183,0.556,1.396,0.237,16
$GNSS,2025-05-04T08:22:00.950Z,27.3911653,103.2227119,972.205,0.154,-0.111,-0.167,0.556,1.396,0.242,16
$GNSS,2025-05-04T08:22:01.000Z,27.3911654,103.2227119,972.214,0.231,0.046,-0.119,0.556,1.396,0.183,16
$GNSS,2025-05-04T08:22:01.050Z,27.3911656,103.2227120,972.203,0.318,0.158,-0.001,0.557,1.396,0.183,16
$GNSS,2025-05-04T08:22:01.100Z,27.3911657,103.2227121,972.218,0.400,0.237,0.038,0.556,1.395,0.186,16
$GNSS,2025-05-04T08:22:01.150Z,27.3911658,103.2227121,972.236,0.315,0.253,0.115,0.556,1.395,0.192,16
$GNSS,2025-05-04T08:22:01.200Z,27.3911659,103.2227122,972.242,0.331,0.260,0.168,0.556,1.394,0.198,16
$GNSS,2025-05-04T08:22:01.250Z,27.3911660,103.2227123,972.248,0.322,0.269,0.188,0.556,1.394,0.197,16
$GNSS,2025-05-04T08:22:01.300Z,27.3911661,103.2227123,972.259,0.356,0.200,0.248,0.555,1.393,0.197,16
$GNSS,2025-05-04T08:22:01.350Z,27.3911663,103.2227124,972.233,0.326,0.175,0.318,0.555,1.393,0.215,16
$GNSS,2025-05-04T08:22:01.400Z,27.3911663,103.2227126,972.225,0.231,0.299,0.290,0.554,1.393,0.219,16
$GNSS,2025-05-04T08:22:01.450Z,27.3911664,103.2227128,972.204,0.183,0.418,0.317,0.554,1.393,0.217,16
$GNSS,2025-05-04T08:22:01.500Z,27.3911664,103.2227129,972.237,0.108,0.391,0.190,0.554,1.393,0.207,16
$GNSS,2025-05-04T08:22:01.550Z,27.3911663,103.2227130,972.237,-0.108,0.181,0.142,0.553,1.393,0.204,16
$GNSS,2025-05-04T08:22:01.600Z,27.3911662,103.2227131,972.243,-0.166,0.292,0.084,0.553,1.394,0.181,16
$GNSS,2025-05-04T08:22:01.650Z,27.3911660,103.2227133,972.242,-0.341,0.354,0.064,0.553,1.393,0.183,16
$GNSS,2025-05-04T08:22:01.700Z,27.3911659,103.2227134,972.230,-0.209,0.263,0.125,0.552,1.393,0.198,16
$GNSS,2025-05-04T08:22:01.750Z,27.3911658,103.2227135,972.234,-0.100,0.255,0.116,0.552,1.393,0.205,16
$GNSS,2025-05-04T08:22:01.800Z,27.3911657,103.2227137,972.234,-0.222,0.234,0.111,0.552,1.393,0.193,16
$GNSS,2025-05-04T08:22:01.850Z,27.3911655,103.2227138,972.233,-0.385,0.214,0.030,0.552,1.393,0.176,16
$GNSS,2025-05-04T08:22:01.900Z,27.3911653,103.2227139,972.233,-0.380,0.242,0.017,0.551,1.393,0.175,16
$GNSS,2025-05-04T08:22:01.950Z,27.3911651,103.2227141,972.253,-0.397,0.317,-0.032,0.551,1.394,0.176,16
$GNSS,2025-05-04T08:22:02.000Z,27.3911649,103.2227142,972.254,-0.334,0.301,0.019,0.551,1.394,0.175,16
$GNSS,2025-05-04T08:22:02.050Z,27.3911649,103.2227145,972.256,-0.220,0.414,0.108,0.551,1.394,0.183,16
$GNSS,2025-05-04T08:22:02.100Z,27.3911647,103.2227147,972.230,-0.230,0.450,0.245,0.550,1.395,0.197,16
$GNSS,2025-05-04T08:22:02.150Z,27.3911647,103.2227150,972.213,-0.160,0.491,0.235,0.550,1.395,0.200,16
$GNSS,2025-05-04T08:22:02.200Z,27.3911646,103.2227153,972.207,-0.132,0.509,0.185,0.550,1.395,0.199,16
$GNSS,2025-05-04T08:22:02.250Z,27.3911646,103.2227155,972.197,-0.087,0.492,0.279,0.550,1.396,0.207,16
$GNSS,2025-05-04T08:22:02.300Z,27.3911645,103.2227159,972.196,-0.061,0.601,0.343,0.549,1.396,0.199,16
$GNSS,2025-05-04T08:22:02.350Z,27.3911645,103.2227163,972.206,-0.015,0.749,0.307,0.549,1.396,0.188,16
$GNSS,2025-05-04T08:22:02.400Z,27.3911645,103.2227166,972.170,-0.072,0.660,0.329,0.549,1.396,0.194,16
$GNSS,2025-05-04T08:22:02.450Z,27.3911645,103.2227168,972.131,0.042,0.366,0.299,0.549,1.396,0.212,16
$GNSS,2025-05-04T08:22:02.500Z,27.3911644,103.2227169,972.105,-0.050,0.170,0.357,0.548,1.396,0.252,16
$GNSS,2025-05-04T08:22:02.550Z,27.3911644,103.2227170,972.121,0.007,0.143,0.299,0.548,1.396,0.249,16
$GNSS,2025-05-04T08:22:02.600Z,27.3911644,103.2227171,972.116,-0.058,0.189,0.330,0.548,1.396,0.247,16
$GNSS,2025-05-04T08:22:02.650Z,27.3911643,103.2227173,972.134,-0.091,0.217,0.208,0.548,1.397,0.233,16
$GNSS,2025-05-04T08:22:02.700Z,27.3911643,103.2227174,972.123,-0.057,0.164,0.244,0.548,1.397,0.259,16
$GNSS,2025-05-04T08:22:02.750Z,27.3911643,103.2227176,972.106,-0.048,0.214,0.266,0.548,1.397,0.257,16
$GNSS,2025-05-04T08:22:02.800Z,27.3911643,103.2227176,972.105,-0.025,0.091,0.145,0.547,1.396,0.270,16
$GNSS,2025-05-04T08:22:02.850Z,27.3911643,103.2227177,972.088,0.082,0.074,0.146,0.547,1.396,0.252,16
$GNSS,2025-05-04T08:22:02.900Z,27.3911643,103.2227177,972.101,-0.003,0.059,-0.004,0.547,1.396,0.201,16
$GNSS,2025-05-04T08:22:02.950Z,27.3911643,103.2227178,972.090,0.050,0.008,-0.021,0.547,1.395,0.180,16
$GNSS,2025-05-04T08:22:03.000Z,27.3911644,103.2227178,972.074,0.019,-0.023,-0.013,0.547,1.395,0.234,16
$GNSS,2025-05-04T08:22:03.050Z,27.3911644,103.2227178,972.061,-0.018,-0.055,0.008,0.547,1.395,0.182,16
$GNSS,2025-05-04T08:22:03.100Z,27.3911644,103.2227177,972.034,0.044,-0.129,-0.006,0.547,1.394,0.217,16
$GNSS,2025-05-04T08:22:03.150Z,27.3911645,103.2227177,972.026,0.074,-0.066,-0.045,0.547,1.394,0.230,16
$GNSS,2025-05-04T08:22:03.200Z,27.3911645,103.2227176,972.001,0.060,-0.159,-0.036,0.547,1.394,0.226,16
$GNSS,2025-05-04T08:22:03.250Z,27.3911645,103.2227176,972.002,-0.063,-0.095,-0.058,0.547,1.394,0.214,16
$GNSS,2025-05-04T08:22:03.300Z,27.3911645,103.2227176,971.995,-0.023,-0.144,-0.017,0.547,1.393,0.204,16
$GNSS,2025-05-04T08:22:03.350Z,27.3911645,103.2227176,971.977,0.092,-0.029,0.100,0.547,1.393,0.221,16
$GNSS,2025-05-04T08:22:03.400Z,27.3911646,103.2227175,971.955,0.178,-0.106,0.168,0.547,1.393,0.215,16
$GNSS,2025-05-04T08:22:03.450Z,27.3911647,103.2227175,971.943,0.191,-0.071,0.134,0.547,1.392,0.212,16
$GNSS,2025-05-04T08:22:03.500Z,27.3911647,103.2227175,971.942,0.049,-0.132,-0.107,0.547,1.392,0.245,16
$GNSS,2025-05-04T08:22:03.550Z,27.3911647,103.2227174,971.934,-0.016,-0.113,-0.152,0.547,1.392,0.248,16
$GNSS,2025-05-04T08:22:03.600Z,27.3911647,103.2227174,971.910,-0.023,-0.084,-0.116,0.547,1.392,0.248,16
$GNSS,2025-05-04T08:22:03.650Z,27.3911648,103.2227173,971.885,0.084,-0.204,-0.029,0.547,1.391,0.233,16
$GNSS,2025-05-04T08:22:03.700Z,27.3911649,103.2227172,971.899,0.168,-0.283,-0.166,0.547,1.391,0.247,16
$GNSS,2025-05-04T08:22:03.750Z,27.3911649,103.2227171,971.913,0.066,-0.296,-0.288,0.547,1.391,0.252,16
$GNSS,2025-05-04T08:22:03.800Z,27.3911649,103.2227171,971.915,-0.092,-0.067,-0.213,0.546,1.391,0.238,16
$GNSS,2025-05-04T08:22:03.850Z,27.3911648,103.2227170,971.913,-0.249,-0.142,-0.134,0.546,1.391,0.189,16
$GNSS,2025-05-04T08:22:03.900Z,27.3911646,103.2227170,971.932,-0.279,-0.137,-0.118,0.546,1.391,0.181,16
$GNSS,2025-05-04T08:22:03.950Z,27.3911645,103.2227169,971.961,-0.155,-0.235,-0.139,0.546,1.391,0.192,16
$GNSS,2025-05-04T08:22:04.000Z,27.3911645,103.2227167,971.981,-0.023,-0.324,-0.259,0.546,1.391,0.218,16
$GNSS,2025-05-04T08:22:04.050Z,27.3911645,103.2227166,972.002,-0.008,-0.276,-0.220,0.546,1.391,0.220,16
$GNSS,2025-05-04T08:22:04.100Z,27.3911645,103.2227164,972.004,-0.111,-0.246,-0.154,0.546,1.390,0.206,16
$GNSS,2025-05-04T08:22:04.150Z,27.3911644,103.2227163,972.024,-0.076,-0.150,-0.161,0.545,1.390,0.227,16
$GNSS,2025-05-04T08:22:04.200Z,27.3911644,103.2227162,972.021,-0.104,-0.234,-0.177,0.545,1.390,0.211,16
$GNSS,2025-05-04T08:22:04.250Z,27.3911643,103.2227161,972.016,-0.159,-0.140,-0.115,0.545,1.391,0.195,16
$GNSS,2025-05-04T08:22:04.300Z,27.3911643,103.2227160,972.031,-0.124,-0.195,-0.123,0.545,1.391,0.197,16
$GNSS,2025-05-04T08:22:04.350Z,27.3911642,103.2227159,972.046,-0.126,-0.132,-0.076,0.545,1.391,0.192,16
$GNSS,2025-05-04T08:22:04.400Z,27.3911642,103.2227158,972.062,-0.098,-0.131,-0.039,0.545,1.392,0.192,16
$GNSS,2025-05-04T08:22:04.450Z,27.3911641,103.2227158,972.064,-0.087,-0.156,-0.018,0.545,1.392,0.186,16
$GNSS,2025-05-04T08:22:04.500Z,27.3911641,103.2227157,972.065,-0.016,-0.096,0.023,0.544,1.392,0.188,16
$GNSS,2025-05-04T08:22:04.550Z,27.3911641,103.2227156,972.062,-0.013,-0.104,0.011,0.544,1.393,0.185,16
$GNSS,2025-05-04T08:22:04.600Z,27.3911641,103.2227156,972.058,-0.029,-0.054,0.053,0.544,1.393,0.216,16
$GNSS,2025-05-04T08:22:04.650Z,27.3911641,103.2227156,972.055,0.012,-0.023,0.022,0.544,1.393,0.213,16
$GNSS,2025-05-04T08:22:04.700Z,27.3911641,103.2227155,972.059,-0.010,-0.033,-0.019,0.544,1.394,0.199,16
$GNSS,2025-05-04T08:22:04.750Z,27.3911641,103.2227155,972.068,0.037,-0.044,0.018,0.543,1.394,0.184,16
$GNSS,2025-05-04T08:22:04.800Z,27.3911641,103.2227155,972.075,-0.024,0.008,0.013,0.543,1.394,0.193,16
$GNSS,2025-05-04T08:22:04.850Z,27.3911642,103.2227154,972.065,0.005,-0.068,-0.045,0.543,1.395,0.206,16
$GNSS,2025-05-04T08:22:04.900Z,27.3911642,103.2227154,972.074,-0.022,-0.065,-0.073,0.543,1.395,0.222,16
$GNSS,2025-05-04T08:22:04.950Z,27.3911642,103.2227154,972.075,-0.010,-0.045,-0.017,0.542,1.396,0.187,16
$GNSS,2025-05-04T08:22:05.000Z,27.3911642,103.2227153,972.072,-0.042,-0.091,0.005,0.542,1.396,0.176,16
$GNSS,2025-05-04T08:22:05.050Z,27.3911641,103.2227153,972.063,-0.080,-0.029,0.014,0.542,1.396,0.175,16
$GNSS,2025-05-04T08:22:05.100Z,27.3911641,103.2227153,972.068,-0.012,0.024,-0.054,0.542,1.397,0.240,16
$GNSS,2025-05-04T08:22:05.150Z,27.3911642,103.2227153,972.080,0.106,-0.011,-0.001,0.542,1.397,0.170,16
$GNSS,2025-05-04T08:22:05.200Z,27.3911643,103.2227153,972.058,0.169,0.015,0.138,0.541,1.397,0.208,16
$GNSS,2025-05-04T08:22:05.250Z,27.3911643,103.2227154,972.067,0.076,0.045,0.013,0.541,1.397,0.166,16
$GNSS,2025-05-04T08:22:05.300Z,27.3911644,103.2227154,972.075,0.066,0.008,-0.017,0.541,1.396,0.167,16
$GNSS,2025-05-04T08:22:05.350Z,27.3911644,103.2227154,972.064,0.018,0.091,-0.001,0.540,1.396,0.166,16
$GNSS,2025-05-04T08:22:05.400Z,27.3911644,103.2227154,972.047,0.055,0.031,-0.012,0.540,1.395,0.161,16
$GNSS,2025-05-04T08:22:05.450Z,27.3911644,103.2227153,972.047,0.006,-0.107,-0.018,0.540,1.395,0.176,16
$GNSS,2025-05-04T08:22:05.500Z,27.3911645,103.2227153,972.050,0.090,-0.048,-0.008,0.540,1.394,0.173,16
$GNSS,2025-05-04T08:22:05.550Z,27.3911645,103.2227153,972.046,0.090,0.010,-0.035,0.539,1.394,0.172,16
$GNSS,2025-05-04T08:22:05.600Z,27.3911645,103.2227153,972.048,-0.021,-0.031,-0.015,0.539,1.394,0.182,16
$GNSS,2025-05-04T08:22:05.650Z,27.3911645,103.2227153,972.052,0.009,0.018,-0.002,0.539,1.393,0.160,16
$GNSS,2025-05-04T08:22:05.700Z,27.3911645,103.2227152,972.041,0.028,-0.106,-0.058,0.538,1.393,0.196,16
$GNSS,2025-05-04T08:22:05.750Z,27.3911645,103.2227151,972.044,0.001,-0.160,-0.087,0.538,1.393,0.194,16
$GNSS,2025-05-04T08:22:05.800Z,27.3911645,103.2227151,972.058,-0.058,-0.080,-0.109,0.538,1.392,0.210,16
$GNSS,2025-05-04T08:22:05.850Z,27.3911645,103.2227151,972.038,-0.059,-0.054,-0.015,0.538,1.392,0.164,16
$GNSS,2025-05-04T08:22:05.900Z,27.3911645,103.2227150,972.030,-0.012,-0.079,-0.002,0.537,1.392,0.167,16
$GNSS,2025-05-04T08:22:05.950Z,27.3911644,103.2227150,972.032,-0.096,-0.093,-0.052,0.537,1.391,0.178,16
$GNSS,2025-05-04T08:22:06.000Z,27.3911644,103.2227149,972.029,-0.158,-0.133,-0.102,0.537,1.391,0.189,16
$GNSS,2025-05-04T08:22:06.050Z,27.3911643,103.2227149,972.036,-0.146,-0.070,-0.164,0.537,1.391,0.205,16
$GNSS,2025-05-04T08:22:06.100Z,27.3911643,103.2227148,972.023,-0.108,-0.086,-0.086,0.536,1.391,0.194,16
$GNSS,2025-05-04T08:22:06.150Z,27.3911642,103.2227147,972.011,-0.106,-0.148,-0.098,0.536,1.391,0.192,16
$GNSS,2025-05-04T08:22:06.200Z,27.3911641,103.2227147,972.008,-0.162,-0.058,-0.093,0.536,1.391,0.189,16
$GNSS,2025-05-04T08:22:06.250Z,27.3911641,103.2227147,972.002,-0.131,-0.101,-0.013,0.536,1.390,0.169,16
$GNSS,2025-05-04T08:22:06.300Z,27.3911641,103.2227147,971.997,-0.087,-0.026,0.034,0.536,1.390,0.173,16
$GNSS,2025-05-04T08:22:06.350Z,27.3911640,103.2227147,971.974,-0.047,-0.006,-0.032,0.535,1.390,0.194,16
$GNSS,2025-05-04T08:22:06.400Z,27.3911641,103.2227146,971.963,0.009,-0.026,-0.061,0.535,1.390,0.225,16
$GNSS,2025-05-04T08:22:06.450Z,27.3911640,103.2227147,971.953,-0.048,0.077,0.011,0.535,1.390,0.183,16
$GNSS,2025-05-04T08:22:06.500Z,27.3911640,103.2227147,971.943,-0.022,0.033,0.018,0.535,1.389,0.192,16
$GNSS,2025-05-04T08:22:06.550Z,27.3911640,103.2227147,971.941,-0.005,0.014,0.134,0.534,1.389,0.226,16
$GNSS,2025-05-04T08:22:06.600Z,27.3911640,103.2227147,971.929,-0.039,0.017,0.120,0.534,1.389,0.221,16
$GNSS,2025-05-04T08:22:06.650Z,27.3911640,103.2227147,971.917,0.026,-0.020,-0.006,0.534,1.389,0.180,16
$GNSS,2025-05-04T08:22:06.700Z,27.3911641,103.2227148,971.902,0.040,0.008,0.024,0.534,1.389,0.193,16
$GNSS,2025-05-04T08:22:06.750Z,27.3911641,103.2227148,971.895,0.016,-0.025,0.044,0.533,1.389,0.210,16
$GNSS,2025-05-04T08:22:06.800Z,27.3911641,103.2227148,971.885,-0.034,0.056,0.035,0.533,1.388,0.189,16
$GNSS,2025-05-04T08:22:06.850Z,27.3911640,103.2227149,971.873,-0.070,0.088,0.084,0.533,1.388,0.196,16
$GNSS,2025-05-04T08:22:06.900Z,27.3911641,103.2227149,971.877,0.125,0.102,0.080,0.533,1.388,0.191,16
$GNSS,2025-05-04T08:22:06.950Z,27.3911641,103.2227150,971.875,0.077,0.068,0.097,0.532,1.388,0.204,16
$GNSS,2025-05-04T08:22:07.000Z,27.3911641,103.2227150,971.857,-0.032,0.077,0.097,0.532,1.388,0.212,16
$GNSS,2025-05-04T08:22:07.050Z,27.3911641,103.2227150,971.842,-0.034,0.037,0.013,0.532,1.387,0.185,16
$GNSS,2025-05-04T08:22:07.100Z,27.3911641,103.2227151,971.840,0.014,0.031,-0.016,0.532,1.387,0.172,16
$GNSS,2025-05-04T08:22:07.150Z,27.3911642,103.2227151,971.822,0.052,-0.001,0.078,0.531,1.387,0.211,16
$GNSS,2025-05-04T08:22:07.200Z,27.3911642,103.2227151,971.805,0.030,0.114,0.102,0.531,1.386,0.203,16
$GNSS,2025-05-04T08:22:07.250Z,27.3911642,103.2227151,971.819,0.049,0.039,0.074,0.531,1.386,0.207,16
$GNSS,2025-05-04T08:22:07.300Z,27.3911642,103.2227152,971.814,-0.007,0.047,0.033,0.531,1.386,0.202,16
$GNSS,2025-05-04T08:22:07.350Z,27.3911642,103.2227152,971.789,0.028,0.100,0.102,0.531,1.385,0.213,16
$GNSS,2025-05-04T08:22:07.400Z,27.3911643,103.2227153,971.772,0.056,0.077,0.148,0.530,1.385,0.219,16
$GNSS,2025-05-04T08:22:07.450Z,27.3911643,103.2227153,971.762,-0.003,0.099,0.137,0.530,1.384,0.225,16
$GNSS,2025-05-04T08:22:07.500Z,27.3911643,103.2227153,971.749,-0.019,0.088,0.118,0.530,1.383,0.224,16
$GNSS,2025-05-04T08:22:07.550Z,27.3911643,103.2227154,971.734,-0.006,0.061,0.134,0.530,1.383,0.226,16
$GNSS,2025-05-04T08:22:07.600Z,27.3911643,103.2227154,971.724,0.003,0.104,0.033,0.530,1.382,0.197,16
$GNSS,2025-05-04T08:22:07.650Z,27.3911643,103.2227155,971.705,-0.056,0.144,0.019,0.529,1.382,0.192,16
$GNSS,2025-05-04T08:22:07.700Z,27.3911643,103.2227156,971.690,0.013,0.146,0.108,0.529,1.381,0.207,16
$GNSS,2025-05-04T08:22:07.750Z,27.3911643,103.2227156,971.666,0.026,0.173,0.220,0.529,1.380,0.213,16
$GNSS,2025-05-04T08:22:07.800Z,27.3911643,103.2227157,971.650,-0.051,0.208,0.167,0.529,1.380,0.210,16
$GNSS,2025-05-04T08:22:07.850Z,27.3911643,103.2227158,971.651,-0.053,0.185,0.091,0.529,1.379,0.203,16
$GNSS,2025-05-04T08:22:07.900Z,27.3911642,103.2227159,971.635,-0.052,0.232,0.182,0.528,1.379,0.210,16
$GNSS,2025-05-04T08:22:07.950Z,27.3911642,103.2227160,971.612,-0.027,0.196,0.161,0.528,1.378,0.208,16
$GNSS,2025-05-04T08:22:08.000Z,27.3911643,103.2227161,971.596,-0.002,0.198,0.142,0.528,1.378,0.210,16
$GNSS,2025-05-04T08:22:08.050Z,27.3911642,103.2227162,971.585,-0.059,0.159,0.172,0.528,1.377,0.221,16
$GNSS,2025-05-04T08:22:08.100Z,27.3911642,103.2227163,971.573,-0.046,0.175,0.146,0.528,1.377,0.219,16
$GNSS,2025-05-04T08:22:08.150Z,27.3911643,103.2227163,971.562,0.035,0.198,0.155,0.528,1.376,0.225,16
$GNSS,2025-05-04T08:22:08.200Z,27.3911642,103.2227164,971.554,-0.063,0.214,0.160,0.528,1.376,0.235,16
$GNSS,2025-05-04T08:22:08.250Z,27.3911642,103.2227166,971.546,-0.053,0.226,0.155,0.527,1.375,0.226,16
$GNSS,2025-05-04T08:22:08.300Z,27.3911642,103.2227167,971.542,-0.069,0.241,0.125,0.528,1.375,0.248,16
$GNSS,2025-05-04T08:22:08.350Z,27.3911642,103.2227167,971.548,-0.058,0.077,0.062,0.528,1.375,0.256,16
$GNSS,2025-05-04T08:22:08.400Z,27.3911642,103.2227167,971.546,0.086,0.099,0.071,0.528,1.376,0.217,16
$GNSS,2025-05-04T08:22:08.450Z,27.3911642,103.2227169,971.535,-0.036,0.247,0.107,0.528,1.376,0.251,16
$GNSS,2025-05-04T08:22:08.500Z,27.3911642,103.2227169,971.533,0.026,0.113,0.060,0.528,1.376,0.241,16
$GNSS,2025-05-04T08:22:08.550Z,27.3911642,103.2227169,971.527,0.036,0.004,0.035,0.528,1.376,0.221,16
$GNSS,2025-05-04T08:22:08.600Z,27.3911642,103.2227169,971.527,-0.090,0.065,0.048,0.529,1.376,0.244,16
$GNSS,2025-05-04T08:22:08.650Z,27.3911642,103.2227169,971.527,0.025,0.086,0.051,0.529,1.377,0.241,16
$GNSS,2025-05-04T08:22:08.700Z,27.3911642,103.2227170,971.520,-0.067,0.084,0.116,0.529,1.377,0.261,16
$GNSS,2025-05-04T08:22:08.750Z,27.3911642,103.2227170,971.531,0.081,0.078,0.078,0.529,1.377,0.226,16
$GNSS,2025-05-04T08:22:08.800Z,27.3911642,103.2227171,971.514,-0.039,0.133,0.126,0.529,1.377,0.265,16
$GNSS,2025-05-04T08:22:08.850Z,27.3911642,103.2227171,971.528,0.044,0.074,0.047,0.529,1.378,0.229,16
$GNSS,2025-05-04T08:22:08.900Z,27.3911643,103.2227172,971.525,0.064,0.130,0.108,0.530,1.378,0.240,16
$GNSS,2025-05-04T08:22:08.950Z,27.3911642,103.2227172,971.520,-0.021,0.012,0.141,0.530,1.378,0.251,16
$GNSS,2025-05-04T08:22:09.000Z,27.3911642,103.2227172,971.516,-0.015,0.084,0.187,0.530,1.378,0.262,16
$GNSS,2025-05-04T08:22:09.050Z,27.3911642,103.2227173,971.508,-0.056,0.102,0.255,0.530,1.379,0.261,16
$GNSS,2025-05-04T08:22:09.100Z,27.3911642,103.2227173,971.506,0.040,0.101,0.205,0.530,1.379,0.259,16
$GNSS,2025-05-04T08:22:09.150Z,27.3911643,103.2227173,971.508,0.063,0.004,0.137,0.530,1.379,0.244,16
$GNSS,2025-05-04T08:22:09.200Z,27.3911643,103.2227173,971.506,0.074,-0.013,0.147,0.530,1.379,0.240,16
$GNSS,2025-05-04T08:22:09.250Z,27.3911643,103.2227173,971.495,0.030,-0.038,0.211,0.531,1.380,0.242,16
$GNSS,2025-05-04T08:22:09.300Z,27.3911643,103.2227173,971.486,0.001,0.036,0.209,0.531,1.380,0.259,16
$GNSS,2025-05-04T08:22:09.350Z,27.3911643,103.2227173,971.494,0.045,0.040,0.213,0.531,1.380,0.256,16
$GNSS,2025-05-04T08:22:09.400Z,27.3911644,103.2227173,971.501,0.116,0.039,0.148,0.531,1.380,0.236,16
$GNSS,2025-05-04T08:22:09.450Z,27.3911644,103.2227173,971.491,0.033,-0.052,0.187,0.531,1.381,0.238,16
$GNSS,2025-05-04T08:22:09.500Z,27.3911644,103.2227172,971.488,-0.069,-0.088,0.157,0.531,1.381,0.210,16
$GNSS,2025-05-04T08:22:09.550Z,27.3911644,103.2227173,971.482,0.038,0.111,0.207,0.531,1.381,0.261,16
$GNSS,2025-05-04T08:22:09.600Z,27.3911644,103.2227173,971.484,0.060,0.059,0.282,0.531,1.381,0.257,16
$GNSS,2025-05-04T08:22:09.650Z,27.3911644,103.2227173,971.470,0.080,-0.052,0.324,0.531,1.381,0.244,16
$GNSS,2025-05-04T08:22:09.700Z,27.3911645,103.2227172,971.474,0.104,-0.141,0.272,0.532,1.382,0.229,16
$GNSS,2025-05-04T08:22:09.750Z,27.3911644,103.2227173,971.479,-0.154,0.090,0.162,0.532,1.382,0.247,16
$GNSS,2025-05-04T08:22:09.800Z,27.3911643,103.2227173,971.486,-0.088,0.100,0.131,0.532,1.382,0.259,16
$GNSS,2025-05-04T08:22:09.850Z,27.3911644,103.2227173,971.463,0.098,0.047,0.213,0.532,1.382,0.252,16
$GNSS,2025-05-04T08:22:09.900Z,27.3911644,103.2227174,971.454,0.021,0.037,0.232,0.532,1.383,0.261,16
$GNSS,2025-05-04T08:22:09.950Z,27.3911644,103.2227174,971.462,0.060,0.029,0.234,0.532,1.383,0.258,16
$GNSS,2025-05-04T08:22:10.000Z,27.3911644,103.2227173,971.457,-0.009,-0.098,0.152,0.532,1.383,0.220,16
$GNSS,2025-05-04T08:22:10.050Z,27.3911644,103.2227173,971.456,0.020,-0.077,0.138,0.532,1.383,0.228,16
$GNSS,2025-05-04T08:22:10.100Z,27.3911644,103.2227173,971.458,0.020,-0.003,0.169,0.532,1.384,0.256,16
$GNSS,2025-05-04T08:22:10.150Z,27.3911644,103.2227173,971.454,-0.044,-0.009,0.194,0.533,1.384,0.252,16
$GNSS,2025-05-04T08:22:10.200Z,27.3911645,103.2227173,971.449,0.080,0.033,0.232,0.533,1.384,0.260,16
$GNSS,2025-05-04T08:22:10.250Z,27.3911644,103.2227173,971.434,-0.028,0.048,0.184,0.533,1.384,0.268,16
$GNSS,2025-05-04T08:22:10.300Z,27.3911644,103.2227173,971.440,-0.032,0.006,0.126,0.533,1.385,0.257,16
$GNSS,2025-05-04T08:22:10.350Z,27.3911644,103.2227174,971.445,-0.006,0.089,0.145,0.533,1.385,0.270,16
$GNSS,2025-05-04T08:22:10.400Z,27.3911644,103.2227173,971.445,-0.032,-0.028,0.089,0.533,1.385,0.232,16
$GNSS,2025-05-04T08:22:10.450Z,27.3911644,103.2227173,971.442,-0.007,-0.089,0.076,0.533,1.385,0.205,16
$GNSS,2025-05-04T08:22:10.500Z,27.3911644,103.2227173,971.414,-0.026,-0.060,0.178,0.533,1.386,0.236,16
$GNSS,2025-05-04T08:22:10.550Z,27.3911644,103.2227173,971.422,-0.003,-0.003,0.100,0.534,1.386,0.255,16
$GNSS,2025-05-04T08:22:10.600Z,27.3911644,103.2227173,971.426,0.047,0.074,0.057,0.534,1.386,0.234,16
$GNSS,2025-05-04T08:22:10.650Z,27.3911644,103.2227173,971.423,-0.095,-0.081,0.126,0.534,1.386,0.203,16
$GNSS,2025-05-04T08:22:10.700Z,27.3911644,103.2227173,971.426,-0.022,0.035,0.116,0.534,1.386,0.265,16
$GNSS,2025-05-04T08:22:10.750Z,27.3911644,103.2227173,971.419,0.013,0.086,0.115,0.534,1.387,0.264,16
$GNSS,2025-05-04T08:22:10.800Z,27.3911644,103.2227173,971.427,0.031,0.025,0.042,0.534,1.387,0.242,16
$GNSS,2025-05-04T08:22:10.850Z,27.3911644,103.2227173,971.426,0.041,-0.019,0.073,0.534,1.387,0.239,16
$GNSS,2025-05-04T08:22:10.900Z,27.3911644,103.2227173,971.423,0.008,0.028,0.060,0.534,1.388,0.265,16
$GNSS,2025-05-04T08:22:10.950Z,27.3911644,103.2227174,971.420,-0.066,0.031,0.046,0.535,1.388,0.238,16
$GNSS,2025-05-04T08:22:11.000Z,27.3911644,103.2227174,971.428,0.009,0.098,0.068,0.535,1.388,0.252,16
$GNSS,2025-05-04T08:22:11.050Z,27.3911644,103.2227174,971.416,0.014,-0.064,0.059,0.535,1.388,0.214,16
$GNSS,2025-05-04T08:22:11.100Z,27.3911644,103.2227174,971.408,0.060,0.019,0.013,0.535,1.389,0.195,16
$GNSS,2025-05-04T08:22:11.150Z,27.3911644,103.2227174,971.426,0.085,-0.028,-0.055,0.535,1.389,0.232,16
$GNSS,2025-05-04T08:22:11.200Z,27.3911645,103.2227174,971.414,0.031,0.084,-0.003,0.535,1.389,0.200,16
$GNSS,2025-05-04T08:22:11.250Z,27.3911645,103.2227174,971.422,0.116,-0.018,-0.004,0.535,1.390,0.207,16
$GNSS,2025-05-04T08:22:11.300Z,27.3911646,103.2227174,971.430,0.088,-0.035,-0.017,0.535,1.390,0.222,16
$GNSS,2025-05-04T08:22:11.350Z,27.3911646,103.2227173,971.450,0.011,-0.136,-0.114,0.536,1.390,0.261,16
$GNSS,2025-05-04T08:22:11.400Z,27.3911646,103.2227173,971.438,0.055,-0.023,-0.067,0.536,1.390,0.249,16
$GNSS,2025-05-04T08:22:11.450Z,27.3911646,103.2227174,971.426,0.091,0.013,-0.022,0.536,1.391,0.197,16
$GNSS,2025-05-04T08:22:11.500Z,27.3911647,103.2227173,971.417,0.133,-0.063,-0.012,0.536,1.391,0.227,16
$GNSS,2025-05-04T08:22:11.550Z,27.3911648,103.2227173,971.428,0.176,-0.088,-0.042,0.536,1.391,0.230,16
$GNSS,2025-05-04T08:22:11.600Z,27.3911648,103.2227172,971.430,0.131,-0.061,-0.066,0.536,1.392,0.234,16
$GNSS,2025-05-04T08:22:11.650Z,27.3911649,103.2227172,971.402,0.150,-0.047,-0.004,0.537,1.392,0.215,16
$GNSS,2025-05-04T08:22:11.700Z,27.3911649,103.2227172,971.383,0.032,-0.043,0.003,0.537,1.392,0.230,16
$GNSS,2025-05-04T08:22:11.750Z,27.3911650,103.2227171,971.389,0.179,-0.187,0.019,0.537,1.393,0.220,16
$GNSS,2025-05-04T08:22:11.800Z,27.3911651,103.2227171,971.391,0.088,-0.054,0.049,0.537,1.393,0.224,16
$GNSS,2025-05-04T08:22:11.850Z,27.3911651,103.2227171,971.372,0.086,-0.006,0.072,0.537,1.393,0.237,16
$GNSS,2025-05-04T08:22:11.900Z,27.3911651,103.2227171,971.379,0.047,-0.118,-0.107,0.537,1.394,0.247,16
$GNSS,2025-05-04T08:22:11.950Z,27.3911652,103.2227170,971.375,0.071,-0.171,-0.106,0.537,1.394,0.239,16
$GNSS,2025-05-04T08:22:12.000Z,27.3911653,103.2227169,971.361,0.127,-0.164,-0.018,0.537,1.395,0.223,16
$GNSS,2025-05-04T08:22:12.050Z,27.3911653,103.2227168,971.360,0.137,-0.192,-0.007,0.537,1.395,0.215,16
$GNSS,2025-05-04T08:22:12.100Z,27.3911654,103.2227166,971.344,0.166,-0.339,-0.047,0.537,1.396,0.229,16
$GNSS,2025-05-04T08:22:12.150Z,27.3911655,103.2227165,971.333,0.241,-0.302,-0.064,0.538,1.396,0.233,16
$GNSS,2025-05-04T08:22:12.200Z,27.3911657,103.2227164,971.337,0.364,-0.226,-0.028,0.538,1.397,0.225,16
$GNSS,2025-05-04T08:22:12.250Z,27.3911658,103.2227162,971.314,0.242,-0.438,-0.008,0.538,1.398,0.233,16
$GNSS,2025-05-04T08:22:12.300Z,27.3911660,103.2227160,971.284,0.270,-0.339,0.062,0.538,1.399,0.221,16
$GNSS,2025-05-04T08:22:12.350Z,27.3911662,103.2227159,971.297,0.471,-0.257,0.057,0.538,1.400,0.220,16
$GNSS,2025-05-04T08:22:12.400Z,27.3911664,103.2227158,971.306,0.372,-0.202,0.076,0.539,1.401,0.221,16
$GNSS,2025-05-04T08:22:12.450Z,27.3911665,103.2227157,971.306,0.383,-0.269,0.045,0.539,1.402,0.222,16
$GNSS,2025-05-04T08:22:12.500Z,27.3911668,103.2227156,971.305,0.427,-0.252,0.101,0.539,1.403,0.223,16
$GNSS,2025-05-04T08:22:12.550Z,27.3911671,103.2227155,971.294,0.643,-0.144,0.273,0.539,1.405,0.229,16
$GNSS,2025-05-04T08:22:12.600Z,27.3911672,103.2227155,971.286,0.393,-0.073,0.205,0.539,1.406,0.236,16
$GNSS,2025-05-04T08:22:12.650Z,27.3911674,103.2227154,971.250,0.271,-0.135,0.247,0.539,1.407,0.255,16
$GNSS,2025-05-04T08:22:12.700Z,27.3911675,103.2227153,971.205,0.252,-0.168,0.275,0.540,1.408,0.259,16
$GNSS,2025-05-04T08:22:12.750Z,27.3911676,103.2227152,971.184,0.314,-0.162,0.173,0.540,1.410,0.244,16
$GNSS,2025-05-04T08:22:12.800Z,27.3911678,103.2227151,971.185,0.371,-0.330,0.098,0.540,1.411,0.230,16
$GNSS,2025-05-04T08:22:12.850Z,27.3911680,103.2227150,971.265,0.354,-0.276,-0.091,0.540,1.412,0.222,16
$GNSS,2025-05-04T08:22:12.900Z,27.3911681,103.2227150,971.271,0.294,-0.160,-0.014,0.540,1.412,0.189,16
$GNSS,2025-05-04T08:22:12.950Z,27.3911681,103.2227148,971.218,0.139,-0.196,-0.035,0.540,1.411,0.190,16
$GNSS,2025-05-04T08:22:13.000Z,27.3911682,103.2227147,971.140,0.092,-0.179,0.032,0.540,1.411,0.187,16
$GNSS,2025-05-04T08:22:13.050Z,27.3911682,103.2227146,971.135,0.032,-0.177,0.002,0.540,1.410,0.183,16
$GNSS,2025-05-04T08:22:13.100Z,27.3911682,103.2227146,971.128,0.086,-0.124,0.006,0.539,1.410,0.183,16
$GNSS,2025-05-04T08:22:13.150Z,27.3911683,103.2227145,971.131,0.093,-0.153,-0.117,0.539,1.410,0.216,16
$GNSS,2025-05-04T08:22:13.200Z,27.3911683,103.2227145,971.140,0.025,-0.092,-0.136,0.539,1.409,0.248,16
$GNSS,2025-05-04T08:22:13.250Z,27.3911683,103.2227144,971.101,0.061,-0.154,0.033,0.539,1.409,0.185,16
$GNSS,2025-05-04T08:22:13.300Z,27.3911683,103.2227143,971.085,0.040,-0.175,-0.013,0.538,1.409,0.173,16
$GNSS,2025-05-04T08:22:13.350Z,27.3911683,103.2227143,971.095,-0.008,-0.089,-0.089,0.538,1.409,0.226,16
$GNSS,2025-05-04T08:22:13.400Z,27.3911683,103.2227143,971.085,-0.075,-0.087,-0.137,0.538,1.409,0.231,16
$GNSS,2025-05-04T08:22:13.450Z,27.3911683,103.2227142,971.083,0.000,-0.123,-0.157,0.538,1.409,0.237,16
$GNSS,2025-05-04T08:22:13.500Z,27.3911683,103.2227142,971.071,0.004,-0.061,-0.084,0.538,1.409,0.243,16
$GNSS,2025-05-04T08:22:13.550Z,27.3911682,103.2227142,971.062,-0.035,-0.010,-0.116,0.538,1.409,0.258,16
$GNSS,2025-05-04T08:22:13.600Z,27.3911682,103.2227142,971.056,0.015,-0.047,-0.137,0.537,1.409,0.257,16
$GNSS,2025-05-04T08:22:13.650Z,27.3911682,103.2227142,971.048,-0.018,-0.010,-0.160,0.537,1.409,0.261,16
$GNSS,2025-05-04T08:22:13.700Z,27.3911682,103.2227143,971.044,0.013,-0.003,-0.170,0.537,1.409,0.259,16
$GNSS,2025-05-04T08:22:13.750Z,27.3911683,103.2227143,971.035,0.087,0.112,-0.131,0.537,1.409,0.209,16
$GNSS,2025-05-04T08:22:13.800Z,27.3911683,103.2227143,971.025,0.074,0.013,-0.130,0.537,1.410,0.235,16
$GNSS,2025-05-04T08:22:13.850Z,27.3911683,103.2227144,971.016,0.049,0.087,-0.229,0.537,1.410,0.243,16
$GNSS,2025-05-04T08:22:13.900Z,27.3911683,103.2227144,971.002,0.036,0.097,-0.220,0.536,1.410,0.242,16
$GNSS,2025-05-04T08:22:13.950Z,27.3911683,103.2227145,970.986,0.038,0.042,-0.125,0.536,1.410,0.242,16
$GNSS,2025-05-04T08:22:14.000Z,27.3911684,103.2227145,970.985,0.090,0.062,-0.091,0.536,1.410,0.204,16
$GNSS,2025-05-04T08:22:14.050Z,27.3911684,103.2227146,970.984,0.081,0.078,-0.150,0.536,1.410,0.225,16
$GNSS,2025-05-04T08:22:14.100Z,27.3911684,103.2227147,970.979,0.065,0.094,-0.230,0.536,1.410,0.238,16
$GNSS,2025-05-04T08:22:14.150Z,27.3911684,103.2227147,970.977,0.001,0.084,-0.300,0.536,1.410,0.247,16
$GNSS,2025-05-04T08:22:14.200Z,27.3911685,103.2227147,970.963,0.058,0.080,-0.255,0.535,1.410,0.240,16
$GNSS,2025-05-04T08:22:14.250Z,27.3911685,103.2227148,970.940,0.017,0.046,-0.182,0.535,1.410,0.247,16
$GNSS,2025-05-04T08:22:14.300Z,27.3911685,103.2227148,970.921,0.033,0.065,-0.118,0.535,1.410,0.230,16
$GNSS,2025-05-04T08:22:14.350Z,27.3911685,103.2227149,970.931,0.028,0.047,-0.108,0.535,1.410,0.235,16
$GNSS,2025-05-04T08:22:14.400Z,27.3911685,103.2227149,970.939,0.079,0.046,-0.178,0.535,1.410,0.235,16
$GNSS,2025-05-04T08:22:14.450Z,27.3911685,103.2227150,970.919,0.006,0.128,-0.248,0.535,1.410,0.236,16
$GNSS,2025-05-04T08:22:14.500Z,27.3911685,103.2227151,970.907,0.033,0.125,-0.214,0.535,1.410,0.232,16
$GNSS,2025-05-04T08:22:14.550Z,27.3911685,103.2227151,970.889,-0.027,0.037,-0.145,0.534,1.410,0.247,16
$GNSS,2025-05-04T08:22:14.600Z,27.3911685,103.2227151,970.888,-0.073,0.086,-0.149,0.534,1.410,0.229,16
$GNSS,2025-05-04T08:22:14.650Z,27.3911684,103.2227152,970.887,-0.139,0.129,-0.180,0.534,1.410,0.217,16
$GNSS,2025-05-04T08:22:14.700Z,27.3911683,103.2227153,970.892,-0.144,0.083,-0.246,0.534,1.410,0.232,16
$GNSS,2025-05-04T08:22:14.750Z,27.3911683,103.2227153,970.891,-0.089,0.064,-0.262,0.534,1.411,0.244,16
$GNSS,2025-05-04T08:22:14.800Z,27.3911682,103.2227154,970.886,-0.110,0.115,-0.190,0.534,1.411,0.224,16
$GNSS,2025-05-04T08:22:14.850Z,27.3911682,103.2227154,970.885,-0.050,0.028,-0.131,0.534,1.411,0.247,16
$GNSS,2025-05-04T08:22:14.900Z,27.3911681,103.2227155,970.885,-0.109,0.039,-0.173,0.534,1.411,0.236,16
$GNSS,2025-05-04T08:22:14.950Z,27.3911681,103.2227156,970.891,-0.080,0.114,-0.127,0.534,1.412,0.218,16
$GNSS,2025-05-04T08:22:15.000Z,27.3911680,103.2227156,970.898,-0.089,0.019,-0.158,0.533,1.412,0.240,16
$GNSS,2025-05-04T08:22:15.050Z,27.3911680,103.2227156,970.886,-0.087,0.040,-0.163,0.533,1.412,0.238,16
$GNSS,2025-05-04T08:22:15.100Z,27.3911679,103.2227157,970.879,-0.061,0.022,-0.180,0.533,1.413,0.249,16
$GNSS,2025-05-04T08:22:15.150Z,27.3911679,103.2227157,970.892,-0.073,-0.051,-0.171,0.533,1.413,0.242,16
$GNSS,2025-05-04T08:22:15.200Z,27.3911678,103.2227157,970.910,-0.147,-0.006,-0.171,0.533,1.414,0.225,16
$GNSS,2025-05-04T08:22:15.250Z,27.3911678,103.2227158,970.904,-0.065,0.044,-0.131,0.533,1.414,0.239,16
$GNSS,2025-05-04T08:22:15.300Z,27.3911678,103.2227158,970.886,-0.041,0.042,-0.052,0.532,1.414,0.218,16
$GNSS,2025-05-04T08:22:15.350Z,27.3911677,103.2227158,970.886,-0.069,0.017,-0.067,0.532,1.415,0.219,16
$GNSS,2025-05-04T08:22:15.400Z,27.3911677,103.2227159,970.887,-0.031,0.037,-0.110,0.532,1.415,0.249,16
$GNSS,2025-05-04T08:22:15.450Z,27.3911677,103.2227159,970.888,-0.023,0.068,-0.127,0.532,1.416,0.243,16
$GNSS,2025-05-04T08:22:15.500Z,27.3911677,103.2227159,970.882,-0.017,-0.023,-0.067,0.532,1.416,0.250,16
$GNSS,2025-05-04T08:22:15.550Z,27.3911677,103.2227159,970.872,0.024,-0.136,-0.037,0.532,1.417,0.192,16
$GNSS,2025-05-04T08:22:15.600Z,27.3911677,103.2227159,970.861,0.035,-0.028,-0.057,0.532,1.417,0.235,16
$GNSS,2025-05-04T08:22:15.650Z,27.3911677,103.2227159,970.856,-0.054,0.037,-0.056,0.532,1.418,0.218,16
$GNSS,2025-05-04T08:22:15.700Z,27.3911677,103.2227160,970.861,-0.012,0.046,-0.056,0.532,1.419,0.229,16
$GNSS,2025-05-04T08:22:15.750Z,27.3911677,103.2227160,970.859,0.086,-0.075,-0.085,0.532,1.419,0.215,16
$GNSS,2025-05-04T08:22:15.800Z,27.3911677,103.2227159,970.864,-0.002,-0.081,-0.099,0.531,1.420,0.233,16
$GNSS,2025-05-04T08:22:15.850Z,27.3911676,103.2227160,970.847,-0.135,0.014,-0.003,0.531,1.420,0.173,16
$GNSS,2025-05-04T08:22:15.900Z,27.3911676,103.2227160,970.840,0.056,0.057,0.084,0.531,1.421,0.220,16
$GNSS,2025-05-04T08:22:15.950Z,27.3911677,103.2227161,970.833,0.165,0.006,0.001,0.531,1.421,0.171,16
$GNSS,2025-05-04T08:22:16.000Z,27.3911677,103.2227160,970.820,0.072,-0.084,-0.088,0.531,1.422,0.215,16
$GNSS,2025-05-04T08:22:16.050Z,27.3911677,103.2227160,970.833,-0.094,-0.078,-0.122,0.531,1.422,0.218,16
$GNSS,2025-05-04T08:22:16.100Z,27.3911677,103.2227161,970.819,-0.052,0.012,-0.071,0.531,1.423,0.232,16
$GNSS,2025-05-04T08:22:16.150Z,27.3911677,103.2227161,970.822,0.036,0.057,-0.034,0.531,1.423,0.188,16
$GNSS,2025-05-04T08:22:16.200Z,27.3911677,103.2227162,970.831,0.042,0.029,-0.021,0.531,1.423,0.182,16
$GNSS,2025-05-04T08:22:16.250Z,27.3911677,103.2227162,970.799,0.041,-0.030,0.044,0.531,1.423,0.215,16
$GNSS,2025-05-04T08:22:16.300Z,27.3911677,103.2227161,970.780,0.007,-0.092,0.050,0.530,1.424,0.196,16
$GNSS,2025-05-04T08:22:16.350Z,27.3911677,103.2227162,970.769,-0.030,-0.054,0.022,0.530,1.424,0.181,16
$GNSS,2025-05-04T08:22:16.400Z,27.3911677,103.2227162,970.772,-0.018,0.003,0.031,0.530,1.424,0.233,16
$GNSS,2025-05-04T08:22:16.450Z,27.3911677,103.2227162,970.761,-0.011,-0.068,0.047,0.530,1.425,0.200,16
$GNSS,2025-05-04T08:22:16.500Z,27.3911677,103.2227162,970.744,0.018,-0.091,0.076,0.530,1.425,0.210,16
$GNSS,2025-05-04T08:22:16.550Z,27.3911677,103.2227162,970.729,0.000,-0.059,0.101,0.530,1.425,0.232,16
$GNSS,2025-05-04T08:22:16.600Z,27.3911677,103.2227162,970.728,0.055,-0.091,0.040,0.530,1.425,0.192,16
$GNSS,2025-05-04T08:22:16.650Z,27.3911677,103.2227162,970.727,0.008,-0.044,0.045,0.530,1.425,0.214,16
$GNSS,2025-05-04T08:22:16.700Z,27.3911677,103.2227162,970.697,0.052,-0.068,0.085,0.530,1.426,0.214,16
$GNSS,2025-05-04T08:22:16.750Z,27.3911677,103.2227162,970.674,0.052,-0.068,0.155,0.530,1.426,0.232,16
$GNSS,2025-05-04T08:22:16.800Z,27.3911677,103.2227162,970.680,0.021,-0.099,0.107,0.529,1.426,0.215,16
$GNSS,2025-05-04T08:22:16.850Z,27.3911677,103.2227161,970.671,0.006,-0.178,0.092,0.529,1.426,0.195,16
$GNSS,2025-05-04T08:22:16.900Z,27.3911677,103.2227161,970.671,-0.006,-0.138,0.092,0.529,1.426,0.200,16
$GNSS,2025-05-04T08:22:16.950Z,27.3911677,103.2227161,970.654,-0.036,-0.137,0.083,0.529,1.426,0.196,16
$GNSS,2025-05-04T08:22:17.000Z,27.3911677,103.2227161,970.636,0.043,-0.071,0.112,0.529,1.427,0.224,16
$GNSS,2025-05-04T08:22:17.050Z,27.3911677,103.2227160,970.611,0.035,-0.101,0.130,0.529,1.427,0.221,16
$GNSS,2025-05-04T08:22:17.100Z,27.3911677,103.2227160,970.608,-0.059,-0.150,0.072,0.529,1.427,0.188,16
$GNSS,2025-05-04T08:22:17.150Z,27.3911677,103.2227159,970.589,0.012,-0.181,0.152,0.529,1.427,0.208,16
$GNSS,2025-05-04T08:22:17.200Z,27.3911677,103.2227159,970.560,0.033,-0.173,0.129,0.529,1.427,0.205,16
$GNSS,2025-05-04T08:22:17.250Z,27.3911678,103.2227159,970.549,0.153,-0.092,0.113,0.529,1.428,0.203,16
$GNSS,2025-05-04T08:22:17.300Z,27.3911678,103.2227159,970.536,0.099,-0.019,0.225,0.529,1.428,0.238,16
$GNSS,2025-05-04T08:22:17.350Z,27.3911678,103.2227159,970.539,0.073,-0.065,0.183,0.529,1.428,0.234,16
$GNSS,2025-05-04T08:22:17.400Z,27.3911679,103.2227159,970.521,0.101,-0.037,0.187,0.529,1.429,0.234,16
$GNSS,2025-05-04T08:22:17.450Z,27.3911679,103.2227159,970.493,0.068,-0.117,0.200,0.529,1.429,0.229,16
$GNSS,2025-05-04T08:22:17.500Z,27.3911679,103.2227158,970.464,0.049,-0.106,0.276,0.528,1.429,0.240,16
$GNSS,2025-05-04T08:22:17.550Z,27.3911679,103.2227158,970.452,0.071,-0.063,0.293,0.528,1.430,0.245,16
$GNSS,2025-05-04T08:22:17.600Z,27.3911680,103.2227159,970.448,0.069,-0.023,0.280,0.528,1.430,0.248,16
$GNSS,2025-05-04T08:22:17.650Z,27.3911680,103.2227159,970.426,0.091,-0.004,0.282,0.528,1.430,0.245,16
$GNSS,2025-05-04T08:22:17.700Z,27.3911681,103.2227159,970.413,0.185,0.014,0.255,0.528,1.430,0.230,16
$GNSS,2025-05-04T08:22:17.750Z,27.3911681,103.2227160,970.406,0.115,0.070,0.199,0.528,1.431,0.232,16
$GNSS,2025-05-04T08:22:17.800Z,27.3911681,103.2227161,970.392,0.038,0.109,0.217,0.528,1.431,0.240,16
$GNSS,2025-05-04T08:22:17.850Z,27.3911681,103.2227162,970.393,-0.013,0.202,0.233,0.528,1.431,0.231,16
$GNSS,2025-05-04T08:22:17.900Z,27.3911680,103.2227163,970.379,-0.179,0.187,0.111,0.528,1.431,0.197,16
$GNSS,2025-05-04T08:22:17.950Z,27.3911679,103.2227165,970.364,-0.209,0.216,0.024,0.528,1.431,0.182,16
$GNSS,2025-05-04T08:22:18.000Z,27.3911679,103.2227166,970.357,-0.123,0.186,-0.080,0.528,1.431,0.190,16
$GNSS,2025-05-04T08:22:18.050Z,27.3911679,103.2227167,970.362,0.041,0.241,0.112,0.527,1.431,0.194,16
$GNSS,2025-05-04T08:22:18.100Z,27.3911679,103.2227169,970.359,0.067,0.192,0.213,0.527,1.430,0.223,16
$GNSS,2025-05-04T08:22:18.150Z,27.3911680,103.2227170,970.357,0.058,0.182,0.152,0.527,1.430,0.211,16
$GNSS,2025-05-04T08:22:18.200Z,27.3911679,103.2227171,970.358,-0.067,0.182,0.062,0.527,1.429,0.191,16
$GNSS,2025-05-04T08:22:18.250Z,27.3911679,103.2227173,970.375,-0.058,0.245,0.020,0.527,1.429,0.179,16
$GNSS,2025-05-04T08:22:18.300Z,27.3911678,103.2227174,970.381,-0.086,0.262,-0.014,0.526,1.429,0.174,16
$GNSS,2025-05-04T08:22:18.350Z,27.3911677,103.2227176,970.374,-0.207,0.349,0.033,0.526,1.428,0.180,16
$GNSS,2025-05-04T08:22:18.400Z,27.3911676,103.2227178,970.375,-0.330,0.342,-0.087,0.526,1.428,0.184,16
$GNSS,2025-05-04T08:22:18.450Z,27.3911674,103.2227180,970.365,-0.298,0.414,-0.056,0.526,1.428,0.181,16
$GNSS,2025-05-04T08:22:18.500Z,27.3911673,103.2227182,970.355,-0.256,0.256,-0.067,0.526,1.428,0.183,16
$GNSS,2025-05-04T08:22:18.550Z,27.3911672,103.2227184,970.379,-0.280,0.324,-0.180,0.526,1.428,0.184,16
$GNSS,2025-05-04T08:22:18.600Z,27.3911670,103.2227186,970.381,-0.352,0.321,-0.165,0.525,1.429,0.181,16
$GNSS,2025-05-04T08:22:18.650Z,27.3911668,103.2227188,970.369,-0.421,0.436,-0.110,0.525,1.429,0.184,16
$GNSS,2025-05-04T08:22:18.700Z,27.3911666,103.2227190,970.373,-0.543,0.400,-0.140,0.525,1.429,0.188,16
$GNSS,2025-05-04T08:22:18.750Z,27.3911663,103.2227193,970.388,-0.546,0.461,-0.183,0.525,1.429,0.187,16
$GNSS,2025-05-04T08:22:18.800Z,27.3911661,103.2227196,970.385,-0.515,0.652,-0.123,0.525,1.429,0.189,16
$GNSS,2025-05-04T08:22:18.850Z,27.3911658,103.2227200,970.374,-0.591,0.631,-0.040,0.525,1.430,0.189,16
$GNSS,2025-05-04T08:22:18.900Z,27.3911655,103.2227202,970.376,-0.648,0.489,-0.058,0.525,1.430,0.186,16
$GNSS,2025-05-04T08:22:18.950Z,27.3911652,103.2227204,970.362,-0.584,0.346,-0.050,0.525,1.430,0.183,16
$GNSS,2025-05-04T08:22:19.000Z,27.3911651,103.2227207,970.352,-0.395,0.543,0.087,0.525,1.430,0.192,16
$GNSS,2025-05-04T08:22:19.050Z,27.3911649,103.2227212,970.345,-0.278,0.832,0.292,0.525,1.430,0.194,16
$GNSS,2025-05-04T08:22:19.100Z,27.3911648,103.2227215,970.380,-0.254,0.553,0.121,0.525,1.431,0.187,16
$GNSS,2025-05-04T08:22:19.150Z,27.3911648,103.2227217,970.393,-0.120,0.320,0.001,0.525,1.431,0.179,16
$GNSS,2025-05-04T08:22:19.200Z,27.3911647,103.2227219,970.368,-0.179,0.357,0.028,0.524,1.432,0.181,16
$GNSS,2025-05-04T08:22:19.250Z,27.3911644,103.2227222,970.319,-0.407,0.619,0.103,0.524,1.432,0.204,16
$GNSS,2025-05-04T08:22:19.300Z,27.3911642,103.2227224,970.310,-0.489,0.411,0.015,0.524,1.432,0.203,16
$GNSS,2025-05-04T08:22:19.350Z,27.3911642,103.2227223,970.284,-0.157,-0.023,-0.018,0.524,1.433,0.185,16
$GNSS,2025-05-04T08:22:19.400Z,27.3911641,103.2227223,970.286,-0.088,-0.091,0.022,0.524,1.433,0.185,16
$GNSS,2025-05-04T08:22:19.450Z,27.3911640,103.2227224,970.252,-0.144,0.203,0.276,0.525,1.434,0.248,16
$GNSS,2025-05-04T08:22:19.550Z,27.3911639,103.2227227,970.216,-0.212,0.268,0.362,0.525,1.437,0.268,16
$GNSS,2025-05-04T08:22:19.600Z,27.3911638,103.2227228,970.226,-0.211,0.244,0.226,0.526,1.437,0.236,16
$GNSS,2025-05-04T08:22:19.650Z,27.3911637,103.2227228,970.234,-0.150,-0.019,0.069,0.526,1.438,0.222,16
$GNSS,2025-05-04T08:22:19.700Z,27.3911636,103.2227229,970.236,-0.137,-0.007,-0.059,0.526,1.439,0.216,16
$GNSS,2025-05-04T08:22:19.750Z,27.3911636,103.2227228,970.221,0.015,-0.015,-0.151,0.526,1.439,0.281,16
$GNSS,2025-05-04T08:22:19.800Z,27.3911637,103.2227228,970.200,0.299,-0.043,-0.255,0.526,1.440,0.243,16
$GNSS,2025-05-04T08:22:19.850Z,27.3911640,103.2227228,970.153,0.497,0.082,-0.167,0.526,1.441,0.213,16
$GNSS,2025-05-04T08:22:19.900Z,27.3911642,103.2227228,970.143,0.545,-0.088,-0.108,0.526,1.442,0.215,16
$GNSS,2025-05-04T08:22:19.950Z,27.3911644,103.2227227,970.176,0.406,-0.326,-0.132,0.526,1.443,0.208,16
$GNSS,2025-05-04T08:22:20.000Z,27.3911645,103.2227227,970.243,0.290,-0.215,-0.232,0.527,1.444,0.236,16
$GNSS,2025-05-04T08:22:20.050Z,27.3911647,103.2227226,970.225,0.508,-0.181,-0.121,0.527,1.445,0.205,16
$GNSS,2025-05-04T08:22:20.100Z,27.3911650,103.2227224,970.183,0.668,-0.282,-0.058,0.527,1.446,0.207,16
$GNSS,2025-05-04T08:22:20.150Z,27.3911653,103.2227223,970.193,0.546,-0.256,-0.092,0.527,1.446,0.209,16
$GNSS,2025-05-04T08:22:20.200Z,27.3911655,103.2227223,970.180,0.546,-0.139,0.063,0.527,1.446,0.204,16
$GNSS,2025-05-04T08:22:20.250Z,27.3911657,103.2227221,970.137,0.413,-0.181,0.011,0.527,1.447,0.196,16
$GNSS,2025-05-04T08:22:20.300Z,27.3911658,103.2227221,970.075,0.330,0.019,0.141,0.527,1.447,0.211,16
$GNSS,2025-05-04T08:22:20.350Z,27.3911660,103.2227220,970.063,0.452,-0.309,0.089,0.527,1.448,0.202,16
$GNSS,2025-05-04T08:22:20.400Z,27.3911663,103.2227217,970.078,0.717,-0.616,0.091,0.527,1.448,0.196,16
$GNSS,2025-05-04T08:22:20.450Z,27.3911666,103.2227216,970.119,0.491,-0.296,0.177,0.527,1.449,0.201,16
$GNSS,2025-05-04T08:22:20.500Z,27.3911666,103.2227216,970.112,0.229,-0.099,0.207,0.527,1.449,0.244,16
$GNSS,2025-05-04T08:22:20.550Z,27.3911667,103.2227216,970.068,0.260,-0.057,0.194,0.527,1.450,0.234,16
$GNSS,2025-05-04T08:22:20.600Z,27.3911669,103.2227215,970.047,0.300,-0.118,0.131,0.527,1.451,0.211,16
$GNSS,2025-05-04T08:22:20.650Z,27.3911671,103.2227215,970.056,0.468,-0.128,0.107,0.527,1.452,0.198,16
$GNSS,2025-05-04T08:22:20.700Z,27.3911672,103.2227214,970.047,0.318,-0.108,0.113,0.527,1.453,0.216,16
$GNSS,2025-05-04T08:22:20.750Z,27.3911673,103.2227215,970.035,0.142,0.024,0.138,0.528,1.454,0.270,16
$GNSS,2025-05-04T08:22:20.800Z,27.3911673,103.2227216,970.044,-0.017,0.145,0.105,0.528,1.455,0.244,16
$GNSS,2025-05-04T08:22:20.850Z,27.3911672,103.2227217,970.039,-0.161,0.180,0.102,0.528,1.455,0.224,16
$GNSS,2025-05-04T08:22:20.900Z,27.3911672,103.2227217,970.024,-0.059,0.027,0.106,0.528,1.456,0.301,16
$GNSS,2025-05-04T08:22:20.950Z,27.3911673,103.2227217,970.023,0.183,0.022,0.100,0.528,1.457,0.242,16
$GNSS,2025-05-04T08:22:21.000Z,27.3911674,103.2227217,970.007,0.287,-0.065,0.172,0.529,1.458,0.241,16
$GNSS,2025-05-04T08:22:21.050Z,27.3911675,103.2227216,969.977,0.239,-0.155,0.220,0.529,1.459,0.254,16
$GNSS,2025-05-04T08:22:21.100Z,27.3911675,103.2227216,969.960,0.103,-0.070,0.236,0.529,1.460,0.303,16
$GNSS,2025-05-04T08:22:21.150Z,27.3911675,103.2227216,969.955,0.001,-0.081,0.148,0.529,1.460,0.298,16
$GNSS,2025-05-04T08:22:21.200Z,27.3911676,103.2227216,969.956,0.019,-0.079,0.071,0.529,1.460,0.250,16
$GNSS,2025-05-04T08:22:21.250Z,27.3911676,103.2227216,969.981,0.077,-0.045,0.001,0.529,1.459,0.201,16
$GNSS,2025-05-04T08:22:21.300Z,27.3911677,103.2227216,969.983,0.125,-0.020,0.036,0.529,1.459,0.200,16
$GNSS,2025-05-04T08:22:21.350Z,27.3911677,103.2227217,969.961,0.028,0.005,0.023,0.529,1.458,0.232,16
$GNSS,2025-05-04T08:22:21.400Z,27.3911677,103.2227217,969.956,-0.019,0.032,-0.020,0.529,1.458,0.217,16
$GNSS,2025-05-04T08:22:21.450Z,27.3911676,103.2227217,969.953,-0.113,0.033,-0.109,0.529,1.458,0.238,16
$GNSS,2025-05-04T08:22:21.500Z,27.3911676,103.2227218,969.974,-0.029,0.011,-0.106,0.528,1.458,0.268,16
$GNSS,2025-05-04T08:22:21.550Z,27.3911675,103.2227217,969.976,-0.183,-0.072,-0.115,0.528,1.458,0.211,16
$GNSS,2025-05-04T08:22:21.600Z,27.3911674,103.2227218,969.956,-0.199,-0.012,-0.026,0.528,1.457,0.186,16
$GNSS,2025-05-04T08:22:21.650Z,27.3911674,103.2227218,969.979,-0.124,0.014,-0.031,0.528,1.457,0.195,16
$GNSS,2025-05-04T08:22:21.700Z,27.3911674,103.2227219,969.975,-0.057,0.105,0.049,0.528,1.457,0.219,16
$GNSS,2025-05-04T08:22:21.750Z,27.3911673,103.2227219,969.950,-0.066,0.025,0.066,0.528,1.457,0.226,16
$GNSS,2025-05-04T08:22:21.800Z,27.3911673,103.2227219,969.922,-0.056,0.030,0.028,0.528,1.457,0.208,16
$GNSS,2025-05-04T08:22:21.850Z,27.3911672,103.2227220,969.932,-0.163,0.076,-0.035,0.528,1.457,0.200,16
$GNSS,2025-05-04T08:22:21.900Z,27.3911672,103.2227220,969.928,-0.175,0.018,0.023,0.528,1.457,0.185,16
$GNSS,2025-05-04T08:22:21.950Z,27.3911671,103.2227221,969.927,-0.102,0.085,0.102,0.528,1.456,0.223,16
$GNSS,2025-05-04T08:22:22.000Z,27.3911671,103.2227222,969.897,-0.093,0.104,0.131,0.528,1.457,0.230,16
$GNSS,2025-05-04T08:22:22.050Z,27.3911670,103.2227222,969.890,-0.217,0.056,0.067,0.528,1.457,0.196,16
$GNSS,2025-05-04T08:22:22.100Z,27.3911669,103.2227223,969.901,-0.200,0.127,0.015,0.528,1.457,0.211,16
$GNSS,2025-05-04T08:22:22.150Z,27.3911668,103.2227224,969.887,-0.157,0.192,0.002,0.528,1.457,0.216,16
$GNSS,2025-05-04T08:22:22.200Z,27.3911668,103.2227224,969.871,-0.126,0.079,-0.020,0.528,1.457,0.207,16
$GNSS,2025-05-04T08:22:22.250Z,27.3911667,103.2227224,969.848,-0.146,-0.045,0.032,0.528,1.457,0.174,16
$GNSS,2025-05-04T08:22:22.300Z,27.3911667,103.2227224,969.842,-0.115,-0.026,-0.010,0.528,1.456,0.178,16
$GNSS,2025-05-04T08:22:22.350Z,27.3911666,103.2227223,969.841,-0.105,-0.014,-0.128,0.528,1.456,0.230,16
$GNSS,2025-05-04T08:22:22.400Z,27.3911666,103.2227223,969.833,-0.102,-0.093,-0.106,0.528,1.456,0.221,16
$GNSS,2025-05-04T08:22:22.450Z,27.3911666,103.2227221,969.828,-0.042,-0.255,-0.222,0.528,1.456,0.240,16
$GNSS,2025-05-04T08:22:22.500Z,27.3911666,103.2227220,969.824,-0.031,-0.221,-0.145,0.528,1.456,0.233,16
$GNSS,2025-05-04T08:22:22.550Z,27.3911666,103.2227218,969.816,0.092,-0.373,-0.133,0.528,1.455,0.227,16
$GNSS,2025-05-04T08:22:22.600Z,27.3911667,103.2227217,969.826,0.085,-0.287,-0.190,0.528,1.455,0.234,16
$GNSS,2025-05-04T08:22:22.650Z,27.3911667,103.2227215,969.837,0.155,-0.387,-0.206,0.529,1.455,0.228,16
$GNSS,2025-05-04T08:22:22.700Z,27.3911668,103.2227212,969.828,0.141,-0.641,-0.156,0.529,1.455,0.224,16
$GNSS,2025-05-04T08:22:22.750Z,27.3911670,103.2227208,969.797,0.351,-0.773,-0.018,0.529,1.456,0.211,16
$GNSS,2025-05-04T08:22:22.800Z,27.3911671,103.2227204,969.783,0.347,-0.808,0.032,0.529,1.456,0.206,16
$GNSS,2025-05-04T08:22:22.850Z,27.3911673,103.2227199,969.789,0.342,-0.885,-0.050,0.529,1.456,0.205,16
$GNSS,2025-05-04T08:22:22.900Z,27.3911674,103.2227195,969.759,0.301,-0.913,-0.011,0.529,1.457,0.198,16
$GNSS,2025-05-04T08:22:22.950Z,27.3911675,103.2227192,969.748,0.141,-0.639,0.065,0.529,1.457,0.194,16
$GNSS,2025-05-04T08:22:23.000Z,27.3911676,103.2227189,969.755,0.285,-0.550,0.011,0.529,1.457,0.195,16
$GNSS,2025-05-04T08:22:23.050Z,27.3911679,103.2227186,969.754,0.550,-0.692,0.018,0.529,1.458,0.269,16
$GNSS,2025-05-04T08:22:23.100Z,27.3911680,103.2227183,969.724,0.256,-0.655,0.133,0.530,1.459,0.302,16
$GNSS,2025-05-04T08:22:23.150Z,27.3911681,103.2227181,969.701,0.128,-0.418,0.269,0.530,1.460,0.251,16
$GNSS,2025-05-04T08:22:23.200Z,27.3911681,103.2227181,969.671,0.043,-0.168,0.378,0.531,1.460,0.261,16
$GNSS,2025-05-04T08:22:23.250Z,27.3911681,103.2227180,969.668,0.041,-0.111,0.290,0.531,1.461,0.264,16
$GNSS,2025-05-04T08:22:23.300Z,27.3911682,103.2227180,969.637,0.210,-0.073,0.278,0.531,1.462,0.263,15
$GNSS,2025-05-04T08:22:23.350Z,27.3911683,103.2227179,969.615,0.078,-0.124,0.212,0.532,1.463,0.254,15
$GNSS,2025-05-04T08:22:23.400Z,27.3911683,103.2227179,969.595,0.037,-0.107,0.175,0.532,1.463,0.253,15
$GNSS,2025-05-04T08:22:23.450Z,27.3911684,103.2227179,969.580,0.161,-0.069,0.217,0.532,1.464,0.258,15
$GNSS,2025-05-04T08:22:23.500Z,27.3911684,103.2227178,969.584,0.178,-0.139,0.162,0.532,1.465,0.239,15
$GNSS,2025-05-04T08:22:23.550Z,27.3911685,103.2227178,969.570,0.128,-0.020,0.158,0.532,1.465,0.265,15
$GNSS,2025-05-04T08:22:23.600Z,27.3911685,103.2227177,969.561,0.007,-0.129,0.033,0.533,1.466,0.223,15
$GNSS,2025-05-04T08:22:23.650Z,27.3911686,103.2227177,969.553,0.111,-0.050,0.016,0.533,1.467,0.221,16
$GNSS,2025-05-04T08:22:23.700Z,27.3911686,103.2227177,969.539,0.086,-0.066,0.053,0.533,1.468,0.231,15
$GNSS,2025-05-04T08:22:23.750Z,27.3911686,103.2227177,969.531,0.066,0.034,0.115,0.533,1.468,0.276,16
$GNSS,2025-05-04T08:22:23.800Z,27.3911687,103.2227178,969.499,0.056,0.065,0.246,0.534,1.469,0.282,16
$GNSS,2025-05-04T08:22:23.850Z,27.3911687,103.2227177,969.486,0.146,-0.151,0.281,0.534,1.470,0.256,16
$GNSS,2025-05-04T08:22:23.900Z,27.3911688,103.2227176,969.492,0.107,-0.172,0.143,0.534,1.470,0.231,16
$GNSS,2025-05-04T08:22:23.950Z,27.3911688,103.2227175,969.494,0.095,-0.208,-0.089,0.534,1.471,0.225,16
$GNSS,2025-05-04T08:22:24.000Z,27.3911688,103.2227175,969.501,0.030,-0.092,-0.128,0.534,1.472,0.255,16
$GNSS,2025-05-04T08:22:24.050Z,27.3911689,103.2227174,969.483,0.010,-0.122,-0.062,0.534,1.472,0.229,16
$GNSS,2025-05-04T08:22:24.100Z,27.3911689,103.2227173,969.466,0.033,-0.158,0.063,0.535,1.473,0.214,16
$GNSS,2025-05-04T08:22:24.150Z,27.3911689,103.2227173,969.443,0.084,-0.008,0.105,0.535,1.474,0.259,16
$GNSS,2025-05-04T08:22:24.200Z,27.3911690,103.2227174,969.436,0.042,0.038,0.080,0.535,1.474,0.262,16
$GNSS,2025-05-04T08:22:24.250Z,27.3911689,103.2227174,969.457,-0.066,0.042,0.078,0.535,1.475,0.237,16
$GNSS,2025-05-04T08:22:24.300Z,27.3911689,103.2227174,969.441,-0.048,0.012,0.150,0.535,1.475,0.260,16
$GNSS,2025-05-04T08:22:24.350Z,27.3911690,103.2227175,969.411,0.040,0.081,0.213,0.535,1.476,0.268,16
$GNSS,2025-05-04T08:22:24.400Z,27.3911690,103.2227174,969.383,0.102,-0.046,0.154,0.535,1.477,0.255,16
$GNSS,2025-05-04T08:22:24.450Z,27.3911691,103.2227175,969.374,0.111,0.009,0.108,0.536,1.477,0.251,16
$GNSS,2025-05-04T08:22:24.500Z,27.3911691,103.2227174,969.353,0.014,-0.060,0.075,0.536,1.478,0.242,16
$GNSS,2025-05-04T08:22:24.550Z,27.3911691,103.2227174,969.355,-0.035,-0.069,-0.009,0.536,1.478,0.210,16
$GNSS,2025-05-04T08:22:24.600Z,27.3911691,103.2227174,969.358,-0.010,0.006,-0.051,0.536,1.479,0.264,16
$GNSS,2025-05-04T08:22:24.650Z,27.3911690,103.2227174,969.336,-0.103,0.016,0.019,0.536,1.479,0.205,16
$GNSS,2025-05-04T08:22:24.700Z,27.3911690,103.2227174,969.337,-0.022,-0.022,-0.036,0.536,1.480,0.251,16
$GNSS,2025-05-04T08:22:24.750Z,27.3911690,103.2227173,969.350,-0.013,-0.148,-0.193,0.536,1.480,0.254,16
$GNSS,2025-05-04T08:22:24.800Z,27.3911690,103.2227173,969.363,0.016,-0.104,-0.263,0.537,1.481,0.261,16
$GNSS,2025-05-04T08:22:24.850Z,27.3911691,103.2227172,969.360,0.010,-0.089,-0.122,0.537,1.481,0.250,16
$GNSS,2025-05-04T08:22:24.900Z,27.3911690,103.2227172,969.350,-0.140,-0.015,-0.045,0.537,1.482,0.223,16
$GNSS,2025-05-04T08:22:24.950Z,27.3911690,103.2227172,969.342,-0.061,0.002,-0.053,0.537,1.482,0.237,16
$GNSS,2025-05-04T08:22:25.000Z,27.3911690,103.2227172,969.323,-0.004,-0.050,-0.077,0.537,1.483,0.255,16
$GNSS,2025-05-04T08:22:25.050Z,27.3911691,103.2227172,969.313,0.141,0.006,-0.007,0.537,1.483,0.206,16
$GNSS,2025-05-04T08:22:25.100Z,27.3911691,103.2227172,969.323,0.141,0.027,0.003,0.537,1.484,0.203,16
$GNSS,2025-05-04T08:22:25.150Z,27.3911692,103.2227172,969.312,0.079,-0.052,0.063,0.537,1.484,0.224,16
$GNSS,2025-05-04T08:22:25.200Z,27.3911692,103.2227172,969.279,0.084,-0.010,0.185,0.537,1.485,0.255,16
$GNSS,2025-05-04T08:22:25.250Z,27.3911693,103.2227172,969.243,0.131,0.069,0.221,0.537,1.485,0.251,16
$GNSS,2025-05-04T08:22:25.300Z,27.3911693,103.2227172,969.250,0.013,0.020,0.007,0.538,1.486,0.217,16
$GNSS,2025-05-04T08:22:25.350Z,27.3911693,103.2227172,969.245,0.101,0.031,0.029,0.538,1.487,0.213,16
$GNSS,2025-05-04T08:22:25.400Z,27.3911694,103.2227172,969.222,0.082,-0.089,0.124,0.538,1.487,0.236,16
$GNSS,2025-05-04T08:22:25.450Z,27.3911694,103.2227172,969.192,0.055,0.018,0.104,0.538,1.488,0.257,16
$GNSS,2025-05-04T08:22:25.500Z,27.3911694,103.2227173,969.188,0.015,0.150,0.057,0.538,1.488,0.220,16
$GNSS,2025-05-04T08:22:25.550Z,27.3911694,103.2227173,969.174,-0.006,0.082,0.040,0.538,1.489,0.224,16
$GNSS,2025-05-04T08:22:25.600Z,27.3911694,103.2227173,969.157,-0.042,-0.009,0.136,0.538,1.489,0.255,16
$GNSS,2025-05-04T08:22:25.650Z,27.3911694,103.2227173,969.162,-0.019,-0.023,0.074,0.538,1.490,0.251,16
$GNSS,2025-05-04T08:22:25.700Z,27.3911693,103.2227174,969.174,-0.151,0.093,0.028,0.538,1.491,0.206,16
$GNSS,2025-05-04T08:22:25.750Z,27.3911692,103.2227175,969.187,-0.179,0.202,-0.056,0.539,1.491,0.216,16
$GNSS,2025-05-04T08:22:25.800Z,27.3911692,103.2227176,969.187,-0.121,0.260,-0.035,0.539,1.492,0.214,16
$GNSS,2025-05-04T08:22:25.850Z,27.3911691,103.2227177,969.195,-0.173,0.176,-0.147,0.539,1.492,0.226,16
$GNSS,2025-05-04T08:22:25.900Z,27.3911690,103.2227178,969.171,-0.199,0.176,-0.052,0.539,1.493,0.207,16
$GNSS,2025-05-04T08:22:25.950Z,27.3911690,103.2227179,969.159,-0.116,0.218,0.085,0.539,1.493,0.217,16
$GNSS,2025-05-04T08:22:26.000Z,27.3911690,103.2227180,969.153,-0.033,0.173,0.098,0.539,1.494,0.240,16
$GNSS,2025-05-04T08:22:26.050Z,27.3911690,103.2227181,969.142,-0.024,0.207,0.181,0.540,1.494,0.242,16
$GNSS,2025-05-04T08:22:26.100Z,27.3911690,103.2227182,969.106,0.104,0.232,0.323,0.540,1.495,0.255,16
$GNSS,2025-05-04T08:22:26.150Z,27.3911691,103.2227184,969.052,0.101,0.275,0.499,0.540,1.496,0.263,16
$GNSS,2025-05-04T08:22:26.200Z,27.3911690,103.2227186,969.010,-0.149,0.408,0.509,0.540,1.496,0.259,16
$GNSS,2025-05-04T08:22:26.250Z,27.3911689,103.2227187,969.018,-0.138,0.209,0.286,0.540,1.497,0.254,16
$GNSS,2025-05-04T08:22:26.300Z,27.3911689,103.2227187,969.023,-0.042,0.069,0.124,0.541,1.497,0.257,16
$GNSS,2025-05-04T08:22:26.350Z,27.3911690,103.2227188,968.993,0.083,0.105,0.138,0.541,1.498,0.252,16
$GNSS,2025-05-04T08:22:26.400Z,27.3911690,103.2227187,968.911,0.076,0.089,0.237,0.541,1.498,0.273,16
$GNSS,2025-05-04T08:22:26.450Z,27.3911690,103.2227188,968.866,0.072,0.157,0.265,0.541,1.498,0.268,16
$GNSS,2025-05-04T08:22:26.500Z,27.3911690,103.2227189,968.855,-0.053,0.135,0.188,0.541,1.499,0.262,16
$GNSS,2025-05-04T08:22:26.550Z,27.3911690,103.2227190,968.876,-0.041,0.149,0.083,0.541,1.499,0.243,16
$GNSS,2025-05-04T08:22:26.600Z,27.3911690,103.2227191,968.924,0.042,0.132,0.004,0.541,1.499,0.212,16
$GNSS,2025-05-04T08:22:26.650Z,27.3911690,103.2227191,968.904,-0.047,0.033,0.047,0.541,1.499,0.254,16
$GNSS,2025-05-04T08:22:26.700Z,27.3911690,103.2227191,968.900,0.087,0.033,-0.016,0.542,1.499,0.202,16
$GNSS,2025-05-04T08:22:26.750Z,27.3911691,103.2227191,968.876,0.035,0.044,-0.020,0.542,1.499,0.197,16
$GNSS,2025-05-04T08:22:26.800Z,27.3911690,103.2227191,968.868,-0.061,0.057,-0.050,0.542,1.499,0.241,16
$GNSS,2025-05-04T08:22:26.850Z,27.3911690,103.2227192,968.857,0.024,0.067,0.072,0.542,1.499,0.258,16
$GNSS,2025-05-04T08:22:26.900Z,27.3911691,103.2227192,968.840,0.037,0.082,0.151,0.542,1.500,0.274,16
$GNSS,2025-05-04T08:22:26.950Z,27.3911690,103.2227192,968.854,-0.048,0.072,0.075,0.543,1.500,0.254,16
$GNSS,2025-05-04T08:22:27.000Z,27.3911691,103.2227193,968.837,0.055,0.043,0.025,0.543,1.500,0.236,16
$GNSS,2025-05-04T08:22:27.050Z,27.3911691,103.2227193,968.833,0.093,0.067,0.005,0.543,1.501,0.214,16
$GNSS,2025-05-04T08:22:27.100Z,27.3911691,103.2227193,968.809,0.012,0.065,0.075,0.543,1.501,0.268,16
$GNSS,2025-05-04T08:22:27.150Z,27.3911690,103.2227194,968.820,-0.165,0.148,0.053,0.543,1.502,0.231,16
$GNSS,2025-05-04T08:22:27.200Z,27.3911690,103.2227196,968.798,-0.127,0.273,0.182,0.543,1.502,0.241,16
$GNSS,2025-05-04T08:22:27.250Z,27.3911690,103.2227197,968.793,0.005,0.274,0.097,0.544,1.503,0.230,16
$GNSS,2025-05-04T08:22:27.300Z,27.3911690,103.2227198,968.800,-0.011,0.264,-0.002,0.544,1.504,0.221,16
$GNSS,2025-05-04T08:22:27.350Z,27.3911689,103.2227199,968.788,-0.091,0.235,0.068,0.544,1.505,0.236,16
$GNSS,2025-05-04T08:22:27.400Z,27.3911689,103.2227200,968.800,-0.134,0.088,-0.044,0.544,1.505,0.249,16
$GNSS,2025-05-04T08:22:27.450Z,27.3911689,103.2227200,968.802,0.048,0.094,-0.152,0.545,1.506,0.243,16
$GNSS,2025-05-04T08:22:27.500Z,27.3911689,103.2227201,968.815,-0.042,0.107,-0.184,0.545,1.507,0.265,16
$GNSS,2025-05-04T08:22:27.550Z,27.3911688,103.2227201,968.810,-0.101,0.121,-0.141,0.545,1.507,0.253,16
$GNSS,2025-05-04T08:22:27.600Z,27.3911688,103.2227202,968.810,-0.121,0.097,-0.084,0.545,1.508,0.253,16
$GNSS,2025-05-04T08:22:27.650Z,27.3911687,103.2227202,968.819,-0.128,0.069,-0.130,0.545,1.509,0.269,16
$GNSS,2025-05-04T08:22:27.700Z,27.3911686,103.2227203,968.803,-0.176,0.144,-0.242,0.546,1.509,0.264,16
$GNSS,2025-05-04T08:22:27.750Z,27.3911685,103.2227203,968.810,-0.148,0.103,-0.363,0.546,1.510,0.272,16
$GNSS,2025-05-04T08:22:27.800Z,27.3911686,103.2227204,968.794,0.038,0.077,-0.262,0.546,1.510,0.256,16
$GNSS,2025-05-04T08:22:27.850Z,27.3911686,103.2227204,968.781,0.109,0.087,-0.192,0.546,1.511,0.229,16
$GNSS,2025-05-04T08:22:27.900Z,27.3911688,103.2227205,968.762,0.248,0.146,-0.030,0.546,1.511,0.200,16
$GNSS,2025-05-04T08:22:27.950Z,27.3911687,103.2227207,968.726,-0.130,0.293,0.205,0.546,1.511,0.246,16
$GNSS,2025-05-04T08:22:28.000Z,27.3911685,103.2227208,968.715,-0.311,0.271,0.220,0.546,1.510,0.235,16
$GNSS,2025-05-04T08:22:28.050Z,27.3911683,103.2227211,968.734,-0.427,0.594,0.345,0.547,1.510,0.220,16
$GNSS,2025-05-04T08:22:28.100Z,27.3911680,103.2227215,968.754,-0.573,0.727,0.438,0.547,1.510,0.203,15
$GNSS,2025-05-04T08:22:28.150Z,27.3911681,103.2227219,968.629,-0.038,0.703,0.833,0.547,1.510,0.251,16
$GNSS,2025-05-04T08:22:28.200Z,27.3911679,103.2227223,968.469,-0.359,0.790,0.967,0.547,1.510,0.293,16
$GNSS,2025-05-04T08:22:28.250Z,27.3911674,103.2227227,968.457,-0.931,0.786,0.768,0.547,1.510,0.280,16
$GNSS,2025-05-04T08:22:28.300Z,27.3911673,103.2227226,968.419,-0.424,-0.152,0.947,0.547,1.510,0.333,16
$GNSS,2025-05-04T08:22:28.350Z,27.3911674,103.2227226,968.427,0.083,0.059,0.832,0.547,1.510,0.363,16
$GNSS,2025-05-04T08:22:28.400Z,27.3911673,103.2227229,968.406,-0.132,0.425,0.719,0.547,1.511,0.331,16
$GNSS,2025-05-04T08:22:28.450Z,27.3911673,103.2227233,968.326,-0.096,0.748,0.968,0.547,1.511,0.347,16
$GNSS,2025-05-04T08:22:28.500Z,27.3911671,103.2227233,968.268,-0.377,0.122,0.945,0.548,1.512,0.341,16
$GNSS,2025-05-04T08:22:28.550Z,27.3911671,103.2227229,968.229,0.077,-0.593,0.670,0.548,1.513,0.322,16
$GNSS,2025-05-04T08:22:28.600Z,27.3911671,103.2227228,968.198,-0.003,-0.254,0.458,0.548,1.514,0.317,16
$GNSS,2025-05-04T08:22:28.650Z,27.3911671,103.2227229,968.153,-0.049,0.005,0.545,0.548,1.515,0.340,16
$GNSS,2025-05-04T08:22:28.700Z,27.3911670,103.2227225,968.205,-0.184,-0.676,0.488,0.548,1.515,0.303,16
$GNSS,2025-05-04T08:22:28.750Z,27.3911669,103.2227223,968.265,-0.176,-0.411,0.229,0.549,1.516,0.296,16
$GNSS,2025-05-04T08:22:28.800Z,27.3911669,103.2227225,968.255,-0.043,0.270,0.098,0.549,1.517,0.298,16
$GNSS,2025-05-04T08:22:28.850Z,27.3911669,103.2227226,968.204,-0.013,0.190,0.174,0.549,1.518,0.321,16
$GNSS,2025-05-04T08:22:28.900Z,27.3911670,103.2227225,968.141,0.148,0.021,0.207,0.549,1.519,0.340,16
$GNSS,2025-05-04T08:22:28.950Z,27.3911670,103.2227224,968.141,0.205,-0.134,0.107,0.550,1.520,0.285,16
$GNSS,2025-05-04T08:22:29.000Z,27.3911671,103.2227223,968.200,0.068,-0.240,-0.063,0.550,1.521,0.267,16
$GNSS,2025-05-04T08:22:29.050Z,27.3911671,103.2227222,968.170,0.134,-0.257,0.141,0.550,1.522,0.280,16
$GNSS,2025-05-04T08:22:29.100Z,27.3911672,103.2227221,968.153,0.136,-0.047,0.155,0.551,1.523,0.349,16
$GNSS,2025-05-04T08:22:29.150Z,27.3911672,103.2227221,968.153,0.137,-0.072,0.105,0.551,1.524,0.322,16
$GNSS,2025-05-04T08:22:29.200Z,27.3911673,103.2227220,968.141,0.123,-0.164,0.130,0.551,1.525,0.318,16
$GNSS,2025-05-04T08:22:29.250Z,27.3911672,103.2227218,968.114,-0.049,-0.256,0.200,0.552,1.526,0.305,16
$GNSS,2025-05-04T08:22:29.300Z,27.3911673,103.2227218,968.151,0.057,-0.149,0.081,0.552,1.527,0.284,16
$GNSS,2025-05-04T08:22:29.350Z,27.3911673,103.2227217,968.141,0.010,-0.124,0.160,0.552,1.528,0.350,16
$GNSS,2025-05-04T08:22:29.400Z,27.3911673,103.2227217,968.114,0.057,-0.069,0.301,0.552,1.529,0.392,16
$GNSS,2025-05-04T08:22:29.450Z,27.3911673,103.2227217,968.132,0.058,-0.110,0.205,0.552,1.530,0.359,16
$GNSS,2025-05-04T08:22:29.500Z,27.3911673,103.2227217,968.131,-0.017,0.001,0.198,0.553,1.531,0.392,16
$GNSS,2025-05-04T08:22:29.550Z,27.3911673,103.2227217,968.141,0.049,0.004,0.071,0.553,1.533,0.351,16
$GNSS,2025-05-04T08:22:29.600Z,27.3911673,103.2227216,968.121,-0.022,-0.109,0.031,0.553,1.534,0.257,16
$GNSS,2025-05-04T08:22:29.650Z,27.3911673,103.2227216,968.105,0.081,-0.070,0.063,0.553,1.535,0.296,16
$GNSS,2025-05-04T08:22:29.700Z,27.3911673,103.2227216,968.098,0.083,0.039,0.136,0.553,1.536,0.353,16
$GNSS,2025-05-04T08:22:29.750Z,27.3911672,103.2227216,968.091,-0.159,-0.008,0.068,0.553,1.537,0.244,16
$GNSS,2025-05-04T08:22:29.800Z,27.3911672,103.2227216,968.084,-0.077,0.007,0.082,0.554,1.538,0.299,16
$GNSS,2025-05-04T08:22:29.850Z,27.3911672,103.2227217,968.096,0.041,0.060,0.091,0.554,1.538,0.313,16
$GNSS,2025-05-04T08:22:29.900Z,27.3911673,103.2227217,968.090,0.065,0.030,0.131,0.554,1.540,0.331,16
$GNSS,2025-05-04T08:22:29.950Z,27.3911673,103.2227218,968.097,0.069,0.057,0.028,0.554,1.541,0.235,16
$GNSS,2025-05-04T08:22:30.000Z,27.3911672,103.2227218,968.103,-0.026,0.055,-0.027,0.554,1.543,0.267,16
$GNSS,2025-05-04T08:22:30.050Z,27.3911672,103.2227218,968.102,-0.005,-0.048,0.013,0.555,1.545,0.242,16
$GNSS,2025-05-04T08:22:30.100Z,27.3911673,103.2227218,968.081,0.070,-0.038,0.113,0.555,1.546,0.332,16
$GNSS,2025-05-04T08:22:30.150Z,27.3911673,103.2227218,968.088,-0.004,-0.057,0.025,0.555,1.548,0.263,16
$GNSS,2025-05-04T08:22:30.200Z,27.3911673,103.2227219,968.086,0.071,0.041,0.018,0.556,1.550,0.223,16
$GNSS,2025-05-04T08:22:30.250Z,27.3911673,103.2227219,968.063,0.071,0.056,0.055,0.556,1.552,0.257,16
$GNSS,2025-05-04T08:22:30.300Z,27.3911673,103.2227219,968.056,0.053,-0.027,0.026,0.556,1.553,0.263,16
$GNSS,2025-05-04T08:22:30.350Z,27.3911674,103.2227219,968.057,0.106,-0.077,0.043,0.556,1.555,0.252,16
$GNSS,2025-05-04T08:22:30.400Z,27.3911674,103.2227219,968.034,-0.022,-0.032,0.112,0.557,1.557,0.350,16
$GNSS,2025-05-04T08:22:30.450Z,27.3911674,103.2227219,968.052,0.090,-0.004,0.002,0.557,1.559,0.232,16
$GNSS,2025-05-04T08:22:30.500Z,27.3911674,103.2227219,968.044,0.051,-0.084,-0.002,0.557,1.560,0.225,16
$GNSS,2025-05-04T08:22:30.550Z,27.3911675,103.2227219,968.036,0.083,0.017,0.064,0.557,1.562,0.281,16
$GNSS,2025-05-04T08:22:30.600Z,27.3911675,103.2227220,968.025,0.048,0.000,0.134,0.558,1.563,0.336,16
$GNSS,2025-05-04T08:22:30.650Z,27.3911675,103.2227220,968.032,0.026,0.025,0.052,0.558,1.564,0.302,16
$GNSS,2025-05-04T08:22:30.700Z,27.3911674,103.2227221,967.989,0.022,0.144,0.071,0.558,1.566,0.240,16
$GNSS,2025-05-04T08:22:30.750Z,27.3911674,103.2227222,967.998,-0.028,0.241,-0.023,0.558,1.567,0.223,16
$GNSS,2025-05-04T08:22:30.800Z,27.3911673,103.2227224,967.981,-0.186,0.320,-0.099,0.559,1.569,0.239,16
$GNSS,2025-05-04T08:22:30.850Z,27.3911672,103.2227225,967.992,-0.114,0.186,-0.168,0.559,1.570,0.279,16
$GNSS,2025-05-04T08:22:30.900Z,27.3911671,103.2227226,968.000,-0.329,0.205,-0.262,0.559,1.572,0.274,16
$GNSS,2025-05-04T08:22:30.950Z,27.3911670,103.2227227,968.060,-0.177,0.138,-0.434,0.560,1.573,0.319,16
$GNSS,2025-05-04T08:22:31.000Z,27.3911671,103.2227227,968.111,0.093,0.007,-0.544,0.560,1.575,0.332,16
$GNSS,2025-05-04T08:22:31.050Z,27.3911671,103.2227229,968.133,0.123,0.301,-0.412,0.560,1.576,0.297,16
$GNSS,2025-05-04T08:22:31.100Z,27.3911669,103.2227231,968.123,-0.382,0.504,-0.351,0.561,1.578,0.258,16
$GNSS,2025-05-04T08:22:31.150Z,27.3911665,103.2227233,968.163,-0.729,0.338,-0.480,0.561,1.580,0.262,16
$GNSS,2025-05-04T08:22:31.200Z,27.3911664,103.2227234,968.138,-0.276,0.300,-0.225,0.561,1.581,0.252,16
$GNSS,2025-05-04T08:22:31.250Z,27.3911664,103.2227237,968.158,-0.152,0.362,-0.127,0.561,1.582,0.224,15
$GNSS,2025-05-04T08:22:31.300Z,27.3911663,103.2227238,968.228,-0.242,0.227,-0.268,0.561,1.584,0.265,15
$GNSS,2025-05-04T08:22:31.350Z,27.3911659,103.2227238,968.201,-0.558,0.148,-0.384,0.561,1.585,0.266,15
$GNSS,2025-05-04T08:22:31.400Z,27.3911657,103.2227239,968.198,-0.526,0.215,-0.485,0.561,1.586,0.277,16
$GNSS,2025-05-04T08:22:31.450Z,27.3911657,103.2227239,968.298,-0.079,-0.083,-0.664,0.561,1.586,0.333,16
$GNSS,2025-05-04T08:22:31.500Z,27.3911658,103.2227241,968.375,0.113,0.094,-0.634,0.561,1.587,0.318,16
$GNSS,2025-05-04T08:22:31.550Z,27.3911654,103.2227242,968.355,-0.687,0.291,-0.645,0.562,1.588,0.280,16
$GNSS,2025-05-04T08:22:31.600Z,27.3911651,103.2227243,968.341,-0.571,0.238,-0.509,0.562,1.589,0.280,16
$GNSS,2025-05-04T08:22:31.650Z,27.3911650,103.2227243,968.366,-0.253,0.022,-0.389,0.562,1.591,0.316,15
$GNSS,2025-05-04T08:22:31.700Z,27.3911649,103.2227243,968.370,-0.247,-0.014,-0.336,0.562,1.590,0.305,15
$GNSS,2025-05-04T08:22:31.750Z,27.3911648,103.2227242,968.302,-0.187,-0.164,-0.316,0.562,1.590,0.309,16
$GNSS,2025-05-04T08:22:31.800Z,27.3911647,103.2227242,968.319,-0.228,0.046,-0.334,0.562,1.591,0.313,16
$GNSS,2025-05-04T08:22:31.850Z,27.3911646,103.2227243,968.363,-0.161,0.056,-0.374,0.562,1.591,0.321,16
$GNSS,2025-05-04T08:22:31.900Z,27.3911646,103.2227243,968.366,-0.052,0.026,-0.283,0.562,1.591,0.323,16
$GNSS,2025-05-04T08:22:31.950Z,27.3911646,103.2227242,968.311,-0.028,-0.105,-0.118,0.562,1.591,0.285,16
$GNSS,2025-05-04T08:22:32.000Z,27.3911646,103.2227241,968.247,0.036,-0.149,-0.061,0.562,1.591,0.230,16
$GNSS,2025-05-04T08:22:32.050Z,27.3911645,103.2227241,968.230,-0.020,-0.100,-0.018,0.562,1.590,0.215,16
$GNSS,2025-05-04T08:22:32.100Z,27.3911645,103.2227242,968.252,-0.083,0.130,-0.008,0.562,1.589,0.199,15
$GNSS,2025-05-04T08:22:32.150Z,27.3911644,103.2227243,968.236,-0.083,0.062,-0.006,0.562,1.588,0.207,16
$GNSS,2025-05-04T08:22:32.200Z,27.3911644,103.2227243,968.243,-0.144,0.058,-0.029,0.562,1.587,0.200,16
$GNSS,2025-05-04T08:22:32.250Z,27.3911644,103.2227243,968.233,-0.005,-0.145,-0.066,0.562,1.586,0.218,16
$GNSS,2025-05-04T08:22:32.300Z,27.3911643,103.2227242,968.258,-0.019,-0.179,-0.228,0.562,1.585,0.260,16
$GNSS,2025-05-04T08:22:32.350Z,27.3911643,103.2227242,968.248,-0.111,-0.189,-0.197,0.561,1.585,0.250,16
$GNSS,2025-05-04T08:22:32.400Z,27.3911643,103.2227242,968.236,0.044,-0.062,-0.131,0.561,1.584,0.259,16
$GNSS,2025-05-04T08:22:32.450Z,27.3911642,103.2227241,968.225,-0.117,-0.203,-0.143,0.561,1.584,0.221,16
$GNSS,2025-05-04T08:22:32.500Z,27.3911641,103.2227240,968.221,-0.277,-0.184,-0.150,0.561,1.583,0.213,16
$GNSS,2025-05-04T08:22:32.550Z,27.3911639,103.2227240,968.272,-0.285,-0.196,-0.324,0.561,1.583,0.239,16
$GNSS,2025-05-04T08:22:32.600Z,27.3911637,103.2227240,968.296,-0.447,-0.107,-0.447,0.561,1.582,0.234,16
$GNSS,2025-05-04T08:22:32.650Z,27.3911635,103.2227240,968.265,-0.309,0.053,-0.344,0.561,1.582,0.238,16
$GNSS,2025-05-04T08:22:32.700Z,27.3911634,103.2227239,968.218,-0.256,-0.078,-0.213,0.561,1.582,0.242,16
$GNSS,2025-05-04T08:22:32.750Z,27.3911633,103.2227239,968.190,-0.230,-0.152,-0.102,0.561,1.582,0.224,16
$GNSS,2025-05-04T08:22:32.800Z,27.3911631,103.2227237,968.213,-0.421,-0.363,-0.168,0.561,1.582,0.220,16
$GNSS,2025-05-04T08:22:32.850Z,27.3911628,103.2227234,968.226,-0.647,-0.617,-0.241,0.561,1.583,0.218,16
$GNSS,2025-05-04T08:22:32.900Z,27.3911626,103.2227232,968.243,-0.506,-0.592,-0.256,0.561,1.583,0.209,16
$GNSS,2025-05-04T08:22:32.950Z,27.3911625,103.2227230,968.207,-0.288,-0.469,-0.137,0.561,1.583,0.197,16
$GNSS,2025-05-04T08:22:33.000Z,27.3911623,103.2227228,968.160,-0.292,-0.385,-0.102,0.561,1.583,0.193,16
$GNSS,2025-05-04T08:22:33.050Z,27.3911620,103.2227224,968.158,-0.554,-0.613,-0.217,0.561,1.583,0.190,16
$GNSS,2025-05-04T08:22:33.100Z,27.3911618,103.2227221,968.193,-0.584,-0.689,-0.303,0.560,1.583,0.195,16
$GNSS,2025-05-04T08:22:33.150Z,27.3911614,103.2227218,968.208,-0.715,-0.636,-0.280,0.561,1.584,0.236,16
$GNSS,2025-05-04T08:22:33.200Z,27.3911612,103.2227216,968.217,-0.596,-0.512,-0.224,0.561,1.586,0.239,16
$GNSS,2025-05-04T08:22:33.250Z,27.3911609,103.2227213,968.224,-0.637,-0.607,-0.205,0.561,1.587,0.251,15
$GNSS,2025-05-04T08:22:33.300Z,27.3911606,103.2227211,968.269,-0.592,-0.426,-0.242,0.562,1.588,0.238,16
$GNSS,2025-05-04T08:22:33.350Z,27.3911604,103.2227209,968.306,-0.472,-0.499,-0.336,0.562,1.589,0.235,16
$GNSS,2025-05-04T08:22:33.400Z,27.3911602,103.2227207,968.304,-0.369,-0.395,-0.264,0.562,1.590,0.247,15
$GNSS,2025-05-04T08:22:33.450Z,27.3911600,103.2227205,968.275,-0.433,-0.431,-0.205,0.562,1.591,0.247,14
$GNSS,2025-05-04T08:22:33.500Z,27.3911599,103.2227203,968.253,-0.370,-0.345,-0.101,0.562,1.592,0.248,14
$GNSS,2025-05-04T08:22:33.550Z,27.3911596,103.2227202,968.252,-0.556,-0.304,-0.104,0.563,1.592,0.245,14
$GNSS,2025-05-04T08:22:33.600Z,27.3911594,103.2227201,968.286,-0.542,-0.272,-0.146,0.563,1.593,0.249,15
$GNSS,2025-05-04T08:22:33.650Z,27.3911591,103.2227200,968.306,-0.578,-0.425,-0.182,0.563,1.594,0.243,16
$GNSS,2025-05-04T08:22:33.700Z,27.3911589,103.2227198,968.319,-0.508,-0.403,-0.157,0.563,1.595,0.235,16
$GNSS,2025-05-04T08:22:33.750Z,27.3911587,103.2227197,968.327,-0.446,-0.338,-0.056,0.563,1.595,0.221,16
$GNSS,2025-05-04T08:22:33.800Z,27.3911586,103.2227195,968.315,-0.312,-0.310,0.067,0.563,1.595,0.220,16
$GNSS,2025-05-04T08:22:33.850Z,27.3911584,103.2227194,968.331,-0.293,-0.275,0.035,0.563,1.594,0.208,16
$GNSS,2025-05-04T08:22:33.900Z,27.3911581,103.2227192,968.254,-0.432,-0.258,0.097,0.563,1.593,0.209,16
$GNSS,2025-05-04T08:22:33.950Z,27.3911579,103.2227192,968.306,-0.452,-0.120,0.008,0.563,1.592,0.205,16
$GNSS,2025-05-04T08:22:34.000Z,27.3911577,103.2227193,968.354,-0.512,-0.026,0.027,0.563,1.591,0.211,16
$GNSS,2025-05-04T08:22:34.050Z,27.3911575,103.2227193,968.346,-0.497,0.137,0.153,0.562,1.590,0.217,16
$GNSS,2025-05-04T08:22:34.100Z,27.3911573,103.2227194,968.320,-0.331,0.225,0.178,0.562,1.588,0.225,16
$GNSS,2025-05-04T08:22:34.150Z,27.3911573,103.2227194,968.306,-0.103,0.016,0.166,0.562,1.588,0.265,16
$GNSS,2025-05-04T08:22:34.200Z,27.3911572,103.2227194,968.291,-0.042,-0.008,0.217,0.562,1.587,0.286,16
$GNSS,2025-05-04T08:22:34.250Z,27.3911572,103.2227194,968.299,-0.041,-0.013,0.166,0.562,1.586,0.282,16
$GNSS,2025-05-04T08:22:34.300Z,27.3911571,103.2227195,968.315,-0.115,0.155,0.057,0.562,1.586,0.238,16
$GNSS,2025-05-04T08:22:34.350Z,27.3911571,103.2227196,968.292,-0.137,0.267,0.083,0.562,1.586,0.247,16
$GNSS,2025-05-04T08:22:34.400Z,27.3911569,103.2227198,968.298,-0.200,0.280,0.085,0.562,1.586,0.250,16
$GNSS,2025-05-04T08:22:34.450Z,27.3911567,103.2227200,968.268,-0.397,0.428,0.176,0.562,1.585,0.256,16
$GNSS,2025-05-04T08:22:34.500Z,27.3911566,103.2227200,968.262,-0.226,0.182,0.198,0.562,1.585,0.273,16
$GNSS,2025-05-04T08:22:34.550Z,27.3911566,103.2227201,968.247,-0.098,0.205,0.207,0.563,1.585,0.284,16
$GNSS,2025-05-04T08:22:34.600Z,27.3911566,103.2227203,968.208,0.014,0.298,0.182,0.563,1.585,0.265,16
$GNSS,2025-05-04T08:22:34.650Z,27.3911566,103.2227204,968.197,-0.036,0.210,0.027,0.563,1.585,0.249,16
$GNSS,2025-05-04T08:22:34.700Z,27.3911565,103.2227205,968.192,-0.071,0.206,-0.021,0.563,1.585,0.233,16
$GNSS,2025-05-04T08:22:34.750Z,27.3911566,103.2227206,968.171,0.124,0.202,0.081,0.564,1.585,0.242,16
$GNSS,2025-05-04T08:22:34.800Z,27.3911565,103.2227207,968.194,-0.093,0.275,0.193,0.564,1.585,0.271,16
$GNSS,2025-05-04T08:22:34.850Z,27.3911564,103.2227210,968.179,-0.200,0.540,0.162,0.564,1.585,0.247,16
$GNSS,2025-05-04T08:22:34.900Z,27.3911562,103.2227211,968.202,-0.210,0.380,0.079,0.564,1.585,0.245,16
$GNSS,2025-05-04T08:22:34.950Z,27.3911562,103.2227212,968.228,0.001,0.363,0.030,0.565,1.585,0.241,15
$GNSS,2025-05-04T08:22:35.000Z,27.3911561,103.2227214,968.235,-0.148,0.421,0.040,0.565,1.584,0.256,15
$GNSS,2025-05-04T08:22:35.050Z,27.3911560,103.2227216,968.253,-0.161,0.348,-0.123,0.565,1.584,0.249,15
$GNSS,2025-05-04T08:22:35.100Z,27.3911560,103.2227218,968.253,-0.095,0.359,-0.196,0.566,1.584,0.222,16
$GNSS,2025-05-04T08:22:35.150Z,27.3911562,103.2227220,968.262,0.132,0.379,-0.260,0.566,1.584,0.186,16
$GNSS,2025-05-04T08:22:35.200Z,27.3911562,103.2227221,968.296,0.201,0.252,-0.275,0.566,1.584,0.201,15
$GNSS,2025-05-04T08:22:35.250Z,27.3911562,103.2227224,968.298,0.036,0.367,-0.100,0.566,1.583,0.191,15
$GNSS,2025-05-04T08:22:35.300Z,27.3911562,103.2227225,968.337,0.072,0.297,-0.095,0.567,1.583,0.194,15
$GNSS,2025-05-04T08:22:35.350Z,27.3911561,103.2227226,968.367,-0.048,0.368,0.015,0.567,1.583,0.215,15
$GNSS,2025-05-04T08:22:35.400Z,27.3911560,103.2227228,968.392,-0.002,0.343,-0.029,0.567,1.582,0.211,15
$GNSS,2025-05-04T08:22:35.450Z,27.3911560,103.2227229,968.425,0.003,0.269,-0.095,0.567,1.582,0.200,15
$GNSS,2025-05-04T08:22:35.500Z,27.3911560,103.2227230,968.440,0.068,0.208,-0.111,0.567,1.581,0.195,16
$GNSS,2025-05-04T08:22:35.550Z,27.3911561,103.2227231,968.445,0.160,0.145,0.015,0.566,1.580,0.195,16
$GNSS,2025-05-04T08:22:35.600Z,27.3911562,103.2227233,968.445,0.161,0.317,0.223,0.566,1.580,0.242,16
$GNSS,2025-05-04T08:22:35.650Z,27.3911562,103.2227236,968.446,0.160,0.416,0.259,0.566,1.579,0.241,16
$GNSS,2025-05-04T08:22:35.700Z,27.3911563,103.2227237,968.446,0.096,0.276,0.204,0.566,1.578,0.244,16
$GNSS,2025-05-04T08:22:35.750Z,27.3911564,103.2227238,968.422,0.182,0.153,0.263,0.566,1.578,0.257,16
$GNSS,2025-05-04T08:22:35.800Z,27.3911564,103.2227238,968.422,0.102,0.019,0.288,0.566,1.577,0.272,16
$GNSS,2025-05-04T08:22:35.850Z,27.3911564,103.2227237,968.432,0.134,-0.075,0.182,0.566,1.577,0.239,16
$GNSS,2025-05-04T08:22:35.900Z,27.3911564,103.2227237,968.452,0.029,0.038,0.090,0.565,1.576,0.264,16
$GNSS,2025-05-04T08:22:35.950Z,27.3911563,103.2227238,968.464,-0.085,0.069,-0.042,0.565,1.575,0.206,16
$GNSS,2025-05-04T08:22:36.000Z,27.3911563,103.2227241,968.501,-0.005,0.476,-0.477,0.565,1.575,0.215,16
$GNSS,2025-05-04T08:22:36.050Z,27.3911567,103.2227245,968.568,0.731,0.950,-0.897,0.565,1.574,0.198,16
$GNSS,2025-05-04T08:22:36.100Z,27.3911572,103.2227249,968.560,1.075,0.680,-0.448,0.565,1.574,0.195,16
$GNSS,2025-05-04T08:22:36.150Z,27.3911577,103.2227255,968.520,1.061,1.007,0.359,0.565,1.574,0.219,16
$GNSS,2025-05-04T08:22:36.200Z,27.3911579,103.2227256,968.458,0.607,0.317,0.795,0.565,1.574,0.265,16
$GNSS,2025-05-04T08:22:36.250Z,27.3911579,103.2227252,968.360,-0.051,-0.748,0.928,0.565,1.574,0.235,16
$GNSS,2025-05-04T08:22:36.300Z,27.3911579,103.2227251,968.293,0.113,-0.374,1.081,0.565,1.574,0.294,16
$GNSS,2025-05-04T08:22:36.350Z,27.3911579,103.2227251,968.285,0.106,0.016,1.032,0.565,1.574,0.356,16
$GNSS,2025-05-04T08:22:36.400Z,27.3911579,103.2227248,968.306,0.015,-0.483,0.602,0.565,1.574,0.369,15
$GNSS,2025-05-04T08:22:36.450Z,27.3911579,103.2227243,968.246,0.043,-0.817,0.997,0.566,1.575,0.342,15
$GNSS,2025-05-04T08:22:36.500Z,27.3911579,103.2227243,968.225,-0.065,-0.105,0.918,0.566,1.576,0.366,15
$GNSS,2025-05-04T08:22:36.550Z,27.3911580,103.2227243,968.168,0.264,-0.095,0.582,0.566,1.576,0.372,15
$GNSS,2025-05-04T08:22:36.600Z,27.3911582,103.2227240,968.120,0.427,-0.437,0.357,0.567,1.577,0.277,15
$GNSS,2025-05-04T08:22:36.650Z,27.3911579,103.2227235,968.188,-0.412,-0.865,0.050,0.567,1.577,0.230,16
$GNSS,2025-05-04T08:22:36.700Z,27.3911576,103.2227230,968.235,-0.411,-0.897,0.013,0.567,1.577,0.222,16
$GNSS,2025-05-04T08:22:36.750Z,27.3911574,103.2227227,968.222,-0.538,-0.726,0.331,0.567,1.578,0.236,15
$GNSS,2025-05-04T08:22:36.800Z,27.3911572,103.2227225,968.256,-0.387,-0.415,0.132,0.567,1.578,0.231,15
$GNSS,2025-05-04T08:22:36.850Z,27.3911573,103.2227223,968.285,0.167,-0.413,-0.109,0.567,1.578,0.211,15
$GNSS,2025-05-04T08:22:36.900Z,27.3911574,103.2227222,968.304,0.192,-0.290,-0.205,0.567,1.579,0.257,16
$GNSS,2025-05-04T08:22:36.950Z,27.3911573,103.2227220,968.294,-0.053,-0.349,-0.233,0.567,1.579,0.316,15
$GNSS,2025-05-04T08:22:37.000Z,27.3911573,103.2227220,968.334,-0.022,-0.018,-0.197,0.568,1.580,0.371,15
$GNSS,2025-05-04T08:22:37.050Z,27.3911573,103.2227219,968.309,-0.136,-0.175,-0.112,0.568,1.580,0.310,15
$GNSS,2025-05-04T08:22:37.100Z,27.3911573,103.2227219,968.278,-0.017,-0.059,-0.123,0.568,1.580,0.359,15
$GNSS,2025-05-04T08:22:37.150Z,27.3911574,103.2227219,968.269,0.259,-0.035,-0.196,0.569,1.581,0.280,16
$GNSS,2025-05-04T08:22:37.200Z,27.3911575,103.2227219,968.233,0.129,-0.113,-0.086,0.569,1.581,0.264,16
$GNSS,2025-05-04T08:22:37.250Z,27.3911576,103.2227218,968.210,0.165,-0.124,-0.031,0.569,1.581,0.246,16
$GNSS,2025-05-04T08:22:37.300Z,27.3911576,103.2227218,968.214,0.142,-0.025,-0.020,0.569,1.581,0.255,16
$GNSS,2025-05-04T08:22:37.350Z,27.3911576,103.2227218,968.230,0.070,0.026,-0.034,0.570,1.581,0.258,16
$GNSS,2025-05-04T08:22:37.400Z,27.3911576,103.2227218,968.199,-0.166,-0.130,-0.025,0.570,1.581,0.252,16
$GNSS,2025-05-04T08:22:37.450Z,27.3911576,103.2227218,968.150,-0.056,-0.037,0.033,0.570,1.581,0.255,16
$GNSS,2025-05-04T08:22:37.500Z,27.3911576,103.2227217,968.142,0.082,-0.129,0.019,0.570,1.581,0.219,16
$GNSS,2025-05-04T08:22:37.550Z,27.3911576,103.2227216,968.128,-0.056,-0.166,0.072,0.570,1.581,0.228,16
$GNSS,2025-05-04T08:22:37.600Z,27.3911575,103.2227216,968.130,-0.139,-0.027,0.048,0.571,1.581,0.270,16
$GNSS,2025-05-04T08:22:37.650Z,27.3911574,103.2227216,968.154,-0.279,0.051,-0.081,0.571,1.581,0.350,16
$GNSS,2025-05-04T08:22:37.700Z,27.3911572,103.2227216,968.160,-0.340,-0.070,-0.180,0.571,1.582,0.478,16
$GNSS,2025-05-04T08:22:37.750Z,27.3911570,103.2227215,968.159,-0.434,-0.202,-0.173,0.571,1.582,0.529,16
$GNSS,2025-05-04T08:22:37.800Z,27.3911568,103.2227215,968.136,-0.443,-0.064,-0.086,0.571,1.582,0.576,16
$GNSS,2025-05-04T08:22:37.850Z,27.3911568,103.2227214,968.105,-0.133,-0.078,0.045,0.571,1.582,0.463,15
$GNSS,2025-05-04T08:22:37.900Z,27.3911568,103.2227214,968.090,-0.052,-0.078,0.099,0.572,1.582,0.462,15
$GNSS,2025-05-04T08:22:37.950Z,27.3911569,103.2227213,968.067,0.033,-0.092,0.101,0.572,1.582,0.404,15
$GNSS,2025-05-04T08:22:38.000Z,27.3911569,103.2227213,968.033,-0.028,-0.107,0.136,0.572,1.582,0.355,15
$GNSS,2025-05-04T08:22:38.050Z,27.3911568,103.2227214,968.031,-0.148,0.177,0.102,0.572,1.582,0.252,15
$GNSS,2025-05-04T08:22:38.100Z,27.3911567,103.2227216,968.058,-0.273,0.393,0.044,0.572,1.583,0.208,14
$GNSS,2025-05-04T08:22:38.150Z,27.3911570,103.2227212,968.008,0.503,-0.486,0.112,0.572,1.583,0.224,15
$GNSS,2025-05-04T08:22:38.200Z,27.3911569,103.2227212,968.041,-0.004,-0.084,-0.063,0.572,1.583,0.268,15
$GNSS,2025-05-04T08:22:38.250Z,27.3911566,103.2227213,968.081,-0.681,0.024,-0.017,0.573,1.583,0.255,15
$GNSS,2025-05-04T08:22:38.300Z,27.3911564,103.2227214,968.089,-0.424,0.235,0.137,0.573,1.584,0.248,15
$GNSS,2025-05-04T08:22:38.350Z,27.3911564,103.2227214,968.038,-0.214,0.050,0.230,0.573,1.585,0.308,15
$GNSS,2025-05-04T08:22:38.400Z,27.3911563,103.2227214,968.015,-0.057,0.067,0.011,0.574,1.586,0.289,15
$GNSS,2025-05-04T08:22:38.450Z,27.3911565,103.2227216,968.007,0.195,0.279,-0.050,0.575,1.587,0.351,14
$GNSS,2025-05-04T08:22:38.500Z,27.3911565,103.2227217,968.005,0.103,0.127,-0.065,0.576,1.589,0.381,14
$GNSS,2025-05-04T08:22:38.550Z,27.3911564,103.2227216,967.989,-0.087,-0.067,0.038,0.577,1.591,0.414,14
$GNSS,2025-05-04T08:22:38.600Z,27.3911563,103.2227214,967.957,-0.156,-0.278,0.194,0.579,1.593,0.410,14
$GNSS,2025-05-04T08:22:38.650Z,27.3911563,103.2227215,967.977,-0.030,-0.095,0.104,0.580,1.595,0.428,14
$GNSS,2025-05-04T08:22:38.700Z,27.3911563,103.2227215,967.966,-0.140,0.076,0.133,0.581,1.598,0.405,15
$GNSS,2025-05-04T08:22:38.750Z,27.3911561,103.2227215,967.987,-0.221,-0.116,0.027,0.583,1.601,0.413,15
$GNSS,2025-05-04T08:22:38.800Z,27.3911562,103.2227215,967.984,0.033,0.031,-0.017,0.584,1.604,0.416,15
$GNSS,2025-05-04T08:22:38.850Z,27.3911563,103.2227216,967.942,0.197,0.131,0.103,0.585,1.607,0.403,15
$GNSS,2025-05-04T08:22:38.900Z,27.3911564,103.2227216,967.910,0.167,0.043,0.165,0.587,1.610,0.434,15
$GNSS,2025-05-04T08:22:38.950Z,27.3911564,103.2227217,967.897,-0.012,0.127,0.204,0.588,1.614,0.428,15
$GNSS,2025-05-04T08:22:39.000Z,27.3911563,103.2227215,967.865,-0.089,-0.124,0.224,0.590,1.617,0.477,15
$GNSS,2025-05-04T08:22:39.050Z,27.3911562,103.2227215,967.858,-0.154,-0.130,0.166,0.591,1.621,0.457,15
$GNSS,2025-05-04T08:22:39.100Z,27.3911561,103.2227215,967.808,-0.150,-0.002,0.279,0.593,1.624,0.475,15
$GNSS,2025-05-04T08:22:39.150Z,27.3911560,103.2227215,967.772,-0.156,0.013,0.298,0.594,1.628,0.474,15
$GNSS,2025-05-04T08:22:39.200Z,27.3911559,103.2227215,967.758,-0.288,-0.048,0.306,0.596,1.632,0.464,15
$GNSS,2025-05-04T08:22:39.250Z,27.3911558,103.2227215,967.765,-0.229,-0.064,0.289,0.597,1.636,0.471,15
$GNSS,2025-05-04T08:22:39.300Z,27.3911558,103.2227214,967.734,-0.157,-0.117,0.452,0.599,1.640,0.481,15
$GNSS,2025-05-04T08:22:39.350Z,27.3911557,103.2227213,967.658,-0.122,-0.137,0.689,0.600,1.644,0.484,16
$GNSS,2025-05-04T08:22:39.400Z,27.3911558,103.2227216,967.682,-0.019,0.219,0.619,0.602,1.648,0.454,16
$GNSS,2025-05-04T08:22:39.450Z,27.3911559,103.2227217,967.683,0.103,0.123,0.591,0.603,1.653,0.468,15
$GNSS,2025-05-04T08:22:39.500Z,27.3911560,103.2227217,967.677,0.102,0.042,0.482,0.604,1.657,0.475,15
$GNSS,2025-05-04T08:22:39.550Z,27.3911558,103.2227215,967.635,-0.110,-0.182,0.397,0.606,1.661,0.472,15
$GNSS,2025-05-04T08:22:39.600Z,27.3911557,103.2227214,967.610,-0.216,-0.137,0.370,0.607,1.665,0.463,16
$GNSS,2025-05-04T08:22:39.650Z,27.3911558,103.2227214,967.600,-0.016,-0.094,0.438,0.609,1.670,0.481,15
$GNSS,2025-05-04T08:22:39.700Z,27.3911556,103.2227214,967.630,-0.238,-0.183,0.305,0.610,1.674,0.447,16
$GNSS,2025-05-04T08:22:39.750Z,27.3911555,103.2227213,967.579,-0.269,-0.057,0.380,0.612,1.678,0.451,16
$GNSS,2025-05-04T08:22:39.800Z,27.3911554,103.2227215,967.604,-0.216,0.040,0.366,0.613,1.682,0.445,16
$GNSS,2025-05-04T08:22:39.850Z,27.3911556,103.2227215,967.614,0.039,0.053,0.411,0.614,1.686,0.467,16
$GNSS,2025-05-04T08:22:39.900Z,27.3911558,103.2227215,967.614,0.251,-0.036,0.325,0.616,1.690,0.448,16
$GNSS,2025-05-04T08:22:39.950Z,27.3911558,103.2227215,967.607,0.074,-0.097,0.344,0.617,1.694,0.467,16
$GNSS,2025-05-04T08:22:40.000Z,27.3911557,103.2227214,967.585,-0.022,-0.088,0.346,0.619,1.699,0.469,16
$GNSS,2025-05-04T08:22:40.050Z,27.3911557,103.2227214,967.527,-0.041,-0.064,0.333,0.620,1.703,0.467,16
$GNSS,2025-05-04T08:22:40.100Z,27.3911557,103.2227214,967.535,0.034,0.008,0.308,0.622,1.707,0.464,16
$GNSS,2025-05-04T08:22:40.150Z,27.3911558,103.2227214,967.556,0.070,-0.130,0.239,0.623,1.711,0.441,16
