$FLYS,1
$VAR,DEVICE_ID,converted
$VAR,SESSION_ID,45805cd2e02f4b51aef88357
$COL,GNSS,time,lat,lon,hMSL,velN,velE,velD,hAcc,vAcc,sAcc,numSV
$UNIT,GNSS,,deg,deg,m,m/s,m/s,m/s,m,m,m/s,
$DATA
$GNSS,2023-09-06T01:14:20.800Z,40.4283641,-111.7249487,2371.145,-0.05,-0.17,-0.04,0.353,0.582,0.17,16
$GNSS,2023-09-06T01:14:20.850Z,40.4283641,-111.7249487,2371.149,-0.04,-0.01,-0.07,0.353,0.582,0.22,16
$GNSS,2023-09-06T01:14:20.900Z,40.4283640,-111.7249487,2371.156,-0.14,-0.04,-0.13,0.354,0.582,0.22,16
$GNSS,2023-09-06T01:14:20.950Z,40.4283640,-111.7249488,2371.151,-0.18,-0.05,-0.03,0.354,0.582,0.20,16
$GNSS,2023-09-06T01:14:21.000Z,40.4283639,-111.7249488,2371.152,-0.12,-0.05,-0.05,0.354,0.583,0.21,16
$GNSS,2023-09-06T01:14:21.050Z,40.4283639,-111.7249489,2371.157,0.01,-0.14,-0.04,0.354,0.583,0.19,16
$GNSS,2023-09-06T01:14:21.100Z,40.4283640,-111.7249490,2371.154,0.03,-0.12,0.09,0.355,0.583,0.21,16
$GNSS,2023-09-06T01:14:21.150Z,40.4283640,-111.7249490,2371.128,0.00,-0.17,0.21,0.355,0.583,0.19,16
$GNSS,2023-09-06T01:14:21.250Z,40.4283639,-111.7249492,2371.122,-0.05,-0.09,0.03,0.357,0.585,0.15,16
$GNSS,2023-09-06T01:14:21.300Z,40.4283639,-111.7249492,2371.122,0.00,0.02,-0.05,0.357,0.585,0.21,16
$GNSS,2023-09-06T01:14:21.350Z,40.4283640,-111.7249492,2371.121,0.03,-0.01,0.00,0.357,0.585,0.23,16
$GNSS,2023-09-06T01:14:21.400Z,40.4283640,-111.7249492,2371.123,-0.06,0.02,0.01,0.357,0.585,0.22,16
$GNSS,2023-09-06T01:14:21.450Z,40.4283639,-111.7249492,2371.124,-0.05,-0.06,0.11,0.358,0.585,0.17,16
$GNSS,2023-09-06T01:14:21.500Z,40.4283640,-111.7249492,2371.115,0.01,-0.03,0.20,0.358,0.586,0.21,16
$GNSS,2023-09-06T01:14:21.550Z,40.4283640,-111.7249493,2371.114,-0.01,-0.05,0.07,0.358,0.586,0.20,16
$GNSS,2023-09-06T01:14:21.600Z,40.4283640,-111.7249493,2371.108,-0.03,-0.06,0.03,0.359,0.586,0.15,16
$GNSS,2023-09-06T01:14:21.650Z,40.4283639,-111.7249492,2371.114,-0.16,0.09,-0.13,0.359,0.586,0.25,16
$GNSS,2023-09-06T01:14:21.700Z,40.4283639,-111.7249492,2371.123,-0.04,0.03,-0.12,0.359,0.586,0.23,16
$GNSS,2023-09-06T01:14:21.750Z,40.4283639,-111.7249493,2371.129,-0.06,-0.03,-0.01,0.360,0.586,0.17,16
$GNSS,2023-09-06T01:14:21.800Z,40.4283638,-111.7249493,2371.123,-0.07,-0.07,0.05,0.360,0.587,0.14,16
$GNSS,2023-09-06T01:14:21.850Z,40.4283638,-111.7249493,2371.124,-0.03,-0.04,-0.02,0.360,0.587,0.17,16
$GNSS,2023-09-06T01:14:21.900Z,40.4283638,-111.7249494,2371.117,-0.03,-0.08,-0.02,0.360,0.587,0.17,16
$GNSS,2023-09-06T01:14:21.950Z,40.4283639,-111.7249494,2371.116,0.01,0.00,-0.02,0.361,0.587,0.18,16
$GNSS,2023-09-06T01:14:22.000Z,40.4283638,-111.7249494,2371.121,-0.04,0.00,-0.03,0.361,0.587,0.24,16
$GNSS,2023-09-06T01:14:22.050Z,40.4283639,-111.7249494,2371.117,0.01,-0.03,0.03,0.361,0.588,0.23,16
$GNSS,2023-09-06T01:14:22.100Z,40.4283639,-111.7249493,2371.114,0.02,0.04,0.01,0.362,0.588,0.16,16
$GNSS,2023-09-06T01:14:22.150Z,40.4283639,-111.7249493,2371.106,0.04,0.02,0.03,0.362,0.588,0.20,16
$GNSS,2023-09-06T01:14:22.250Z,40.4283641,-111.7249493,2371.112,0.17,0.03,-0.13,0.364,0.590,0.18,16
$GNSS,2023-09-06T01:14:22.300Z,40.4283642,-111.7249493,2371.106,0.24,0.04,-0.03,0.364,0.590,0.19,16
$GNSS,2023-09-06T01:14:22.350Z,40.4283643,-111.7249492,2371.105,0.20,0.09,0.03,0.364,0.590,0.19,16
$GNSS,2023-09-06T01:14:22.400Z,40.4283644,-111.7249492,2371.096,0.20,0.06,0.05,0.364,0.590,0.20,16
$GNSS,2023-09-06T01:14:22.450Z,40.4283645,-111.7249491,2371.093,0.30,0.08,0.04,0.365,0.590,0.19,16
$GNSS,2023-09-06T01:14:22.500Z,40.4283647,-111.7249491,2371.102,0.27,0.12,-0.02,0.365,0.590,0.17,16
$GNSS,2023-09-06T01:14:22.550Z,40.4283648,-111.7249490,2371.110,0.32,0.13,-0.09,0.365,0.590,0.16,16
$GNSS,2023-09-06T01:14:22.600Z,40.4283650,-111.7249490,2371.107,0.44,0.03,-0.02,0.365,0.590,0.20,16
$GNSS,2023-09-06T01:14:22.650Z,40.4283651,-111.7249489,2371.108,0.25,0.12,-0.07,0.366,0.590,0.16,16
$GNSS,2023-09-06T01:14:22.700Z,40.4283653,-111.7249489,2371.104,0.28,-0.02,-0.06,0.366,0.590,0.21,16
$GNSS,2023-09-06T01:14:22.750Z,40.4283654,-111.7249488,2371.104,0.26,0.12,-0.03,0.366,0.591,0.18,16
$GNSS,2023-09-06T01:14:22.800Z,40.4283655,-111.7249487,2371.115,0.29,0.15,-0.03,0.367,0.591,0.18,16
$GNSS,2023-09-06T01:14:22.850Z,40.4283656,-111.7249487,2371.113,0.21,0.06,-0.02,0.367,0.591,0.19,16
$GNSS,2023-09-06T01:14:22.900Z,40.4283657,-111.7249486,2371.107,0.20,0.14,0.04,0.367,0.591,0.18,16
$GNSS,2023-09-06T01:14:22.950Z,40.4283658,-111.7249486,2371.108,0.27,0.08,-0.03,0.368,0.592,0.18,16
$GNSS,2023-09-06T01:14:23.000Z,40.4283659,-111.7249486,2371.106,0.16,-0.04,-0.03,0.368,0.592,0.21,16
$GNSS,2023-09-06T01:14:23.050Z,40.4283660,-111.7249486,2371.102,0.23,-0.05,0.10,0.368,0.592,0.22,16
$GNSS,2023-09-06T01:14:23.100Z,40.4283661,-111.7249486,2371.103,0.18,0.02,0.03,0.368,0.592,0.20,16
$GNSS,2023-09-06T01:14:23.150Z,40.4283662,-111.7249487,2371.083,0.22,-0.12,0.07,0.369,0.592,0.21,16
$GNSS,2023-09-06T01:14:23.250Z,40.4283665,-111.7249487,2371.099,0.27,0.02,-0.04,0.370,0.594,0.22,16
$GNSS,2023-09-06T01:14:23.300Z,40.4283665,-111.7249487,2371.098,0.08,0.07,-0.06,0.370,0.594,0.16,16
$GNSS,2023-09-06T01:14:23.350Z,40.4283665,-111.7249487,2371.094,0.08,0.01,0.00,0.371,0.594,0.21,16
$GNSS,2023-09-06T01:14:23.400Z,40.4283666,-111.7249487,2371.084,0.07,-0.01,0.11,0.371,0.594,0.23,16
$GNSS,2023-09-06T01:14:23.450Z,40.4283666,-111.7249487,2371.083,0.02,-0.09,0.12,0.371,0.595,0.20,16
$GNSS,2023-09-06T01:14:23.500Z,40.4283665,-111.7249488,2371.084,-0.12,-0.03,0.08,0.371,0.595,0.18,16
$GNSS,2023-09-06T01:14:23.550Z,40.4283666,-111.7249488,2371.070,0.06,-0.08,0.14,0.372,0.595,0.22,16
$GNSS,2023-09-06T01:14:23.600Z,40.4283666,-111.7249488,2371.071,0.04,0.00,0.02,0.372,0.595,0.23,16
$GNSS,2023-09-06T01:14:23.650Z,40.4283666,-111.7249488,2371.066,0.02,0.06,-0.10,0.372,0.595,0.18,16
$GNSS,2023-09-06T01:14:23.700Z,40.4283666,-111.7249487,2371.069,-0.10,0.10,-0.08,0.372,0.596,0.23,16
$GNSS,2023-09-06T01:14:23.750Z,40.4283666,-111.7249487,2371.077,-0.04,0.08,-0.06,0.373,0.596,0.21,16
$GNSS,2023-09-06T01:14:23.800Z,40.4283666,-111.7249487,2371.081,-0.04,-0.08,0.05,0.373,0.596,0.15,16
$GNSS,2023-09-06T01:14:23.850Z,40.4283665,-111.7249489,2371.076,-0.18,-0.17,0.10,0.373,0.596,0.15,16
$GNSS,2023-09-06T01:14:23.900Z,40.4283664,-111.7249490,2371.084,-0.22,-0.18,0.09,0.374,0.596,0.16,16
$GNSS,2023-09-06T01:14:23.950Z,40.4283663,-111.7249491,2371.071,-0.23,-0.20,0.08,0.374,0.597,0.16,16
$GNSS,2023-09-06T01:14:24.000Z,40.4283662,-111.7249491,2371.052,-0.11,-0.04,0.12,0.374,0.597,0.17,16
$GNSS,2023-09-06T01:14:24.050Z,40.4283661,-111.7249491,2371.041,-0.22,-0.01,0.10,0.374,0.597,0.18,16
$GNSS,2023-09-06T01:14:24.100Z,40.4283661,-111.7249492,2371.048,-0.17,-0.10,0.11,0.374,0.597,0.16,16
$GNSS,2023-09-06T01:14:24.150Z,40.4283661,-111.7249493,2371.054,-0.05,-0.10,0.15,0.375,0.597,0.18,16
$GNSS,2023-09-06T01:14:24.250Z,40.4283660,-111.7249493,2371.053,-0.15,-0.02,0.07,0.376,0.599,0.19,16
$GNSS,2023-09-06T01:14:24.300Z,40.4283659,-111.7249494,2371.055,-0.17,-0.14,0.01,0.376,0.599,0.17,16
$GNSS,2023-09-06T01:14:24.350Z,40.4283658,-111.7249495,2371.046,-0.18,-0.13,0.08,0.376,0.599,0.16,16
$GNSS,2023-09-06T01:14:24.400Z,40.4283658,-111.7249496,2371.039,-0.11,-0.15,0.09,0.377,0.599,0.15,16
$GNSS,2023-09-06T01:14:24.450Z,40.4283658,-111.7249496,2371.020,-0.08,0.01,0.15,0.377,0.599,0.20,16
$GNSS,2023-09-06T01:14:24.500Z,40.4283657,-111.7249495,2371.032,-0.19,0.16,0.06,0.377,0.599,0.21,16
$GNSS,2023-09-06T01:14:24.550Z,40.4283656,-111.7249494,2371.040,-0.08,0.08,0.05,0.377,0.600,0.21,16
$GNSS,2023-09-06T01:14:24.600Z,40.4283656,-111.7249494,2371.038,0.01,0.07,0.10,0.378,0.600,0.21,16
$GNSS,2023-09-06T01:14:24.650Z,40.4283658,-111.7249495,2371.029,0.25,-0.07,0.12,0.378,0.600,0.25,16
$GNSS,2023-09-06T01:14:24.700Z,40.4283659,-111.7249495,2371.025,0.20,-0.06,0.06,0.378,0.600,0.25,16
$GNSS,2023-09-06T01:14:24.750Z,40.4283659,-111.7249495,2371.031,0.18,0.02,0.01,0.379,0.600,0.21,16
$GNSS,2023-09-06T01:14:24.800Z,40.4283660,-111.7249495,2371.025,0.19,0.02,0.05,0.379,0.600,0.22,16
$GNSS,2023-09-06T01:14:24.850Z,40.4283661,-111.7249494,2371.028,0.22,0.08,-0.02,0.379,0.600,0.19,16
$GNSS,2023-09-06T01:14:24.900Z,40.4283662,-111.7249494,2371.025,0.11,-0.02,-0.04,0.379,0.601,0.20,16
$GNSS,2023-09-06T01:14:24.950Z,40.4283663,-111.7249494,2371.014,0.18,-0.05,0.01,0.379,0.601,0.22,16
$GNSS,2023-09-06T01:14:25.000Z,40.4283663,-111.7249494,2371.009,0.10,0.01,0.05,0.380,0.601,0.22,16
$GNSS,2023-09-06T01:14:25.050Z,40.4283664,-111.7249495,2371.007,0.19,-0.07,0.07,0.380,0.601,0.23,16
$GNSS,2023-09-06T01:14:25.100Z,40.4283665,-111.7249496,2371.006,0.09,-0.13,-0.01,0.380,0.601,0.21,16
$GNSS,2023-09-06T01:14:25.150Z,40.4283665,-111.7249496,2371.004,0.08,-0.03,-0.04,0.380,0.601,0.19,16
$GNSS,2023-09-06T01:14:25.250Z,40.4283664,-111.7249495,2371.013,-0.11,0.02,-0.09,0.381,0.603,0.24,16
$GNSS,2023-09-06T01:14:25.300Z,40.4283664,-111.7249495,2371.013,-0.15,0.01,-0.18,0.381,0.603,0.23,16
$GNSS,2023-09-06T01:14:25.350Z,40.4283663,-111.7249495,2371.016,-0.10,-0.01,-0.18,0.381,0.603,0.23,16
$GNSS,2023-09-06T01:14:25.400Z,40.4283662,-111.7249496,2371.024,-0.20,-0.06,-0.09,0.382,0.604,0.21,16
$GNSS,2023-09-06T01:14:25.450Z,40.4283662,-111.7249496,2371.016,-0.21,-0.09,0.08,0.382,0.604,0.16,16
$GNSS,2023-09-06T01:14:25.500Z,40.4283661,-111.7249497,2371.007,-0.15,-0.12,0.05,0.382,0.604,0.15,16
$GNSS,2023-09-06T01:14:25.550Z,40.4283660,-111.7249498,2371.010,-0.12,-0.15,-0.07,0.382,0.604,0.19,16
$GNSS,2023-09-06T01:14:25.600Z,40.4283659,-111.7249497,2371.011,-0.21,0.12,-0.10,0.382,0.604,0.24,16
$GNSS,2023-09-06T01:14:25.650Z,40.4283658,-111.7249497,2371.010,-0.33,-0.02,-0.14,0.383,0.604,0.22,16
$GNSS,2023-09-06T01:14:25.700Z,40.4283657,-111.7249496,2371.002,-0.13,0.10,-0.12,0.383,0.604,0.24,16
$GNSS,2023-09-06T01:14:25.750Z,40.4283657,-111.7249496,2371.002,-0.08,0.12,-0.12,0.383,0.604,0.22,16
$GNSS,2023-09-06T01:14:25.800Z,40.4283657,-111.7249495,2371.000,-0.06,0.10,-0.03,0.383,0.605,0.21,16
$GNSS,2023-09-06T01:14:25.850Z,40.4283657,-111.7249496,2371.001,-0.09,-0.06,-0.05,0.384,0.605,0.21,16
$GNSS,2023-09-06T01:14:25.900Z,40.4283657,-111.7249496,2371.001,0.07,-0.03,-0.05,0.384,0.605,0.20,16
$GNSS,2023-09-06T01:14:25.950Z,40.4283657,-111.7249495,2370.999,0.04,0.06,-0.09,0.384,0.605,0.17,16
$GNSS,2023-09-06T01:14:26.000Z,40.4283657,-111.7249495,2370.998,0.01,0.04,-0.06,0.384,0.605,0.18,16
$GNSS,2023-09-06T01:14:26.050Z,40.4283657,-111.7249495,2370.999,-0.03,-0.02,-0.10,0.385,0.605,0.22,16
$GNSS,2023-09-06T01:14:26.100Z,40.4283657,-111.7249495,2371.001,0.02,0.06,-0.07,0.385,0.605,0.17,16
$GNSS,2023-09-06T01:14:26.150Z,40.4283658,-111.7249495,2371.002,0.07,0.00,-0.13,0.385,0.606,0.18,16
$GNSS,2023-09-06T01:14:26.250Z,40.4283658,-111.7249495,2371.007,-0.01,0.01,-0.05,0.386,0.607,0.23,16
$GNSS,2023-09-06T01:14:26.300Z,40.4283658,-111.7249495,2371.002,-0.03,0.08,-0.01,0.387,0.607,0.19,16
$GNSS,2023-09-06T01:14:26.350Z,40.4283658,-111.7249495,2371.000,0.04,-0.03,-0.07,0.387,0.608,0.20,16
$GNSS,2023-09-06T01:14:26.400Z,40.4283658,-111.7249495,2371.005,0.02,0.03,-0.12,0.387,0.608,0.20,16
$GNSS,2023-09-06T01:14:26.450Z,40.4283659,-111.7249495,2371.014,0.14,0.06,-0.13,0.387,0.608,0.17,16
$GNSS,2023-09-06T01:14:26.500Z,40.4283659,-111.7249494,2371.012,0.00,0.03,-0.08,0.387,0.608,0.20,16
$GNSS,2023-09-06T01:14:26.550Z,40.4283659,-111.7249494,2371.007,-0.06,-0.01,-0.04,0.387,0.608,0.22,16
$GNSS,2023-09-06T01:14:26.600Z,40.4283659,-111.7249495,2371.009,0.00,-0.01,0.00,0.388,0.609,0.17,16
$GNSS,2023-09-06T01:14:26.650Z,40.4283659,-111.7249495,2371.014,0.02,0.02,-0.02,0.388,0.609,0.16,16
$GNSS,2023-09-06T01:14:26.700Z,40.4283659,-111.7249495,2371.006,-0.06,-0.01,0.00,0.388,0.609,0.20,16
$GNSS,2023-09-06T01:14:26.750Z,40.4283659,-111.7249494,2371.008,0.00,0.09,0.02,0.388,0.609,0.18,16
$GNSS,2023-09-06T01:14:26.800Z,40.4283658,-111.7249494,2371.012,-0.09,0.10,-0.02,0.388,0.609,0.21,16
$GNSS,2023-09-06T01:14:26.850Z,40.4283658,-111.7249494,2371.011,-0.04,-0.05,-0.02,0.388,0.609,0.18,16
$GNSS,2023-09-06T01:14:26.900Z,40.4283658,-111.7249494,2371.004,-0.07,-0.02,0.05,0.389,0.610,0.17,16
$GNSS,2023-09-06T01:14:26.950Z,40.4283657,-111.7249495,2371.001,-0.11,-0.03,0.03,0.389,0.610,0.18,16
$GNSS,2023-09-06T01:14:27.000Z,40.4283657,-111.7249494,2371.003,-0.14,0.03,0.03,0.389,0.610,0.21,16
$GNSS,2023-09-06T01:14:27.050Z,40.4283656,-111.7249494,2371.005,-0.16,0.02,0.02,0.389,0.610,0.21,16
$GNSS,2023-09-06T01:14:27.100Z,40.4283655,-111.7249495,2371.001,-0.14,-0.07,-0.04,0.389,0.610,0.19,16
$GNSS,2023-09-06T01:14:27.150Z,40.4283655,-111.7249494,2370.997,-0.17,0.13,-0.08,0.390,0.611,0.22,16
$GNSS,2023-09-06T01:14:27.250Z,40.4283654,-111.7249494,2370.998,-0.05,0.00,0.04,0.391,0.612,0.19,16
$GNSS,2023-09-06T01:14:27.300Z,40.4283654,-111.7249494,2370.992,0.02,0.00,0.14,0.391,0.612,0.22,16
$GNSS,2023-09-06T01:14:27.350Z,40.4283655,-111.7249494,2370.971,0.09,-0.02,0.21,0.391,0.612,0.23,16
$GNSS,2023-09-06T01:14:27.400Z,40.4283655,-111.7249494,2370.973,0.11,0.03,0.08,0.391,0.613,0.22,16
$GNSS,2023-09-06T01:14:27.450Z,40.4283656,-111.7249494,2370.979,0.09,-0.01,-0.02,0.392,0.613,0.21,16
$GNSS,2023-09-06T01:14:27.500Z,40.4283656,-111.7249494,2370.975,0.07,0.01,-0.02,0.392,0.613,0.19,16
$GNSS,2023-09-06T01:14:27.550Z,40.4283657,-111.7249494,2370.973,0.16,-0.05,0.03,0.392,0.613,0.22,16
$GNSS,2023-09-06T01:14:27.600Z,40.4283658,-111.7249494,2370.964,0.23,0.05,0.11,0.392,0.613,0.21,16
$GNSS,2023-09-06T01:14:27.650Z,40.4283660,-111.7249494,2370.950,0.27,-0.09,0.18,0.392,0.614,0.23,16
$GNSS,2023-09-06T01:14:27.700Z,40.4283661,-111.7249495,2370.944,0.32,-0.06,0.07,0.392,0.614,0.22,16
$GNSS,2023-09-06T01:14:27.750Z,40.4283662,-111.7249496,2370.946,0.29,-0.11,-0.01,0.393,0.614,0.22,16
$GNSS,2023-09-06T01:14:27.800Z,40.4283663,-111.7249496,2370.948,0.23,-0.07,-0.06,0.393,0.614,0.21,16
$GNSS,2023-09-06T01:14:27.850Z,40.4283665,-111.7249496,2370.948,0.24,0.03,0.05,0.393,0.614,0.21,16
$GNSS,2023-09-06T01:14:27.900Z,40.4283666,-111.7249496,2370.948,0.22,0.00,0.01,0.393,0.614,0.21,16
$GNSS,2023-09-06T01:14:27.950Z,40.4283667,-111.7249496,2370.941,0.18,0.01,0.00,0.393,0.614,0.19,16
$GNSS,2023-09-06T01:14:28.000Z,40.4283668,-111.7249496,2370.933,0.28,0.02,0.07,0.393,0.614,0.20,16
$GNSS,2023-09-06T01:14:28.050Z,40.4283669,-111.7249496,2370.934,0.21,-0.04,0.09,0.393,0.615,0.21,16
$GNSS,2023-09-06T01:14:28.100Z,40.4283670,-111.7249496,2370.948,0.20,0.03,0.04,0.394,0.615,0.20,16
$GNSS,2023-09-06T01:14:28.150Z,40.4283671,-111.7249496,2370.943,0.14,0.03,0.02,0.394,0.615,0.19,16
$GNSS,2023-09-06T01:14:28.250Z,40.4283672,-111.7249496,2370.936,0.20,-0.07,0.01,0.395,0.617,0.22,16
$GNSS,2023-09-06T01:14:28.300Z,40.4283673,-111.7249497,2370.936,0.16,-0.09,0.06,0.395,0.617,0.23,16
$GNSS,2023-09-06T01:14:28.350Z,40.4283674,-111.7249497,2370.928,0.09,-0.04,0.07,0.395,0.617,0.23,16
$GNSS,2023-09-06T01:14:28.400Z,40.4283673,-111.7249497,2370.929,-0.07,-0.09,0.04,0.395,0.617,0.15,16
$GNSS,2023-09-06T01:14:28.450Z,40.4283673,-111.7249498,2370.917,-0.06,-0.13,0.13,0.395,0.617,0.17,16
$GNSS,2023-09-06T01:14:28.500Z,40.4283673,-111.7249498,2370.899,0.00,-0.04,0.20,0.395,0.617,0.20,16
$GNSS,2023-09-06T01:14:28.550Z,40.4283673,-111.7249498,2370.891,0.00,0.05,0.14,0.395,0.617,0.21,16
$GNSS,2023-09-06T01:14:28.600Z,40.4283673,-111.7249498,2370.887,-0.14,-0.03,0.08,0.396,0.617,0.18,16
$GNSS,2023-09-06T01:14:28.650Z,40.4283673,-111.7249498,2370.880,-0.03,-0.07,0.19,0.396,0.617,0.19,16
$GNSS,2023-09-06T01:14:28.700Z,40.4283673,-111.7249499,2370.888,-0.01,-0.10,0.13,0.396,0.617,0.18,16
$GNSS,2023-09-06T01:14:28.750Z,40.4283673,-111.7249500,2370.885,0.04,-0.20,0.12,0.396,0.617,0.18,16
$GNSS,2023-09-06T01:14:28.800Z,40.4283673,-111.7249501,2370.875,0.08,-0.06,0.15,0.396,0.617,0.22,16
$GNSS,2023-09-06T01:14:28.850Z,40.4283673,-111.7249501,2370.874,0.00,-0.08,0.13,0.396,0.616,0.18,16
$GNSS,2023-09-06T01:14:28.900Z,40.4283673,-111.7249501,2370.881,-0.10,-0.03,0.06,0.396,0.616,0.17,16
$GNSS,2023-09-06T01:14:28.950Z,40.4283672,-111.7249501,2370.882,-0.19,0.00,-0.02,0.396,0.616,0.22,16
$GNSS,2023-09-06T01:14:29.000Z,40.4283672,-111.7249502,2370.881,-0.06,-0.09,0.03,0.397,0.616,0.15,16
$GNSS,2023-09-06T01:14:29.050Z,40.4283671,-111.7249502,2370.882,-0.05,-0.03,0.00,0.397,0.615,0.18,16
$GNSS,2023-09-06T01:14:29.100Z,40.4283672,-111.7249502,2370.871,0.03,-0.03,0.10,0.397,0.615,0.21,16
$GNSS,2023-09-06T01:14:29.150Z,40.4283672,-111.7249502,2370.862,0.05,-0.04,0.21,0.397,0.615,0.20,16
$GNSS,2023-09-06T01:14:29.250Z,40.4283673,-111.7249503,2370.843,0.13,-0.05,0.12,0.398,0.616,0.25,16
$GNSS,2023-09-06T01:14:29.300Z,40.4283674,-111.7249503,2370.840,0.05,-0.02,0.09,0.398,0.616,0.23,16
$GNSS,2023-09-06T01:14:29.350Z,40.4283674,-111.7249504,2370.836,0.05,-0.05,0.20,0.399,0.616,0.21,16
$GNSS,2023-09-06T01:14:29.400Z,40.4283674,-111.7249504,2370.836,0.06,-0.05,0.14,0.399,0.616,0.22,16
$GNSS,2023-09-06T01:14:29.450Z,40.4283675,-111.7249504,2370.828,0.02,0.05,0.13,0.399,0.616,0.20,16
$GNSS,2023-09-06T01:14:29.500Z,40.4283675,-111.7249503,2370.819,0.04,0.10,0.06,0.399,0.616,0.18,16
$GNSS,2023-09-06T01:14:29.550Z,40.4283675,-111.7249502,2370.818,-0.02,0.10,0.05,0.399,0.616,0.18,16
$GNSS,2023-09-06T01:14:29.600Z,40.4283676,-111.7249502,2370.811,0.13,0.06,0.14,0.400,0.616,0.23,16
$GNSS,2023-09-06T01:14:29.650Z,40.4283677,-111.7249503,2370.808,0.24,-0.05,0.10,0.400,0.616,0.26,16
$GNSS,2023-09-06T01:14:29.700Z,40.4283677,-111.7249502,2370.807,0.14,0.01,-0.01,0.400,0.616,0.22,16
$GNSS,2023-09-06T01:14:29.750Z,40.4283677,-111.7249502,2370.810,0.05,0.09,-0.08,0.400,0.616,0.15,16
$GNSS,2023-09-06T01:14:29.800Z,40.4283678,-111.7249501,2370.819,0.06,0.16,-0.07,0.401,0.616,0.15,16
$GNSS,2023-09-06T01:14:29.850Z,40.4283678,-111.7249501,2370.810,0.15,0.03,-0.01,0.401,0.616,0.21,16
$GNSS,2023-09-06T01:14:29.900Z,40.4283679,-111.7249501,2370.803,0.19,-0.02,0.00,0.401,0.616,0.23,16
$GNSS,2023-09-06T01:14:29.950Z,40.4283680,-111.7249500,2370.810,0.08,0.01,-0.06,0.401,0.617,0.18,16
$GNSS,2023-09-06T01:14:30.000Z,40.4283679,-111.7249500,2370.808,-0.08,0.02,0.07,0.401,0.617,0.19,16
$GNSS,2023-09-06T01:14:30.050Z,40.4283679,-111.7249500,2370.791,-0.14,-0.04,0.16,0.402,0.617,0.17,16
$GNSS,2023-09-06T01:14:30.100Z,40.4283679,-111.7249500,2370.777,-0.03,-0.01,0.20,0.402,0.617,0.20,16
$GNSS,2023-09-06T01:14:30.150Z,40.4283680,-111.7249500,2370.761,0.27,-0.03,0.17,0.402,0.617,0.26,16
$GNSS,2023-09-06T01:14:30.250Z,40.4283680,-111.7249500,2370.770,-0.08,0.05,-0.04,0.404,0.618,0.27,16
$GNSS,2023-09-06T01:14:30.300Z,40.4283680,-111.7249500,2370.768,0.03,0.03,0.00,0.404,0.619,0.16,16
$GNSS,2023-09-06T01:14:30.350Z,40.4283680,-111.7249500,2370.761,0.03,-0.01,-0.09,0.404,0.619,0.20,16
$GNSS,2023-09-06T01:14:30.400Z,40.4283681,-111.7249500,2370.758,0.06,-0.03,-0.09,0.404,0.619,0.19,16
$GNSS,2023-09-06T01:14:30.450Z,40.4283681,-111.7249500,2370.745,0.01,-0.02,-0.07,0.404,0.619,0.20,16
$GNSS,2023-09-06T01:14:30.500Z,40.4283681,-111.7249499,2370.744,0.01,0.07,-0.02,0.405,0.619,0.16,16
$GNSS,2023-09-06T01:14:30.550Z,40.4283681,-111.7249499,2370.738,-0.10,0.08,0.08,0.405,0.619,0.20,16
$GNSS,2023-09-06T01:14:30.600Z,40.4283680,-111.7249498,2370.743,-0.11,0.11,-0.01,0.405,0.620,0.23,16
$GNSS,2023-09-06T01:14:30.650Z,40.4283680,-111.7249498,2370.744,0.05,0.06,-0.05,0.405,0.620,0.15,16
$GNSS,2023-09-06T01:14:30.700Z,40.4283681,-111.7249498,2370.737,0.05,-0.11,-0.07,0.405,0.620,0.19,16
$GNSS,2023-09-06T01:14:30.750Z,40.4283681,-111.7249498,2370.734,0.04,-0.07,-0.07,0.406,0.620,0.19,16
$GNSS,2023-09-06T01:14:30.800Z,40.4283681,-111.7249499,2370.724,0.06,-0.05,0.04,0.406,0.620,0.25,16
$GNSS,2023-09-06T01:14:30.850Z,40.4283682,-111.7249499,2370.714,0.04,-0.05,0.11,0.406,0.620,0.24,16
$GNSS,2023-09-06T01:14:30.900Z,40.4283681,-111.7249498,2370.719,-0.05,0.05,-0.02,0.406,0.621,0.24,16
$GNSS,2023-09-06T01:14:30.950Z,40.4283681,-111.7249498,2370.725,0.04,0.03,-0.10,0.406,0.621,0.18,16
$GNSS,2023-09-06T01:14:31.000Z,40.4283682,-111.7249498,2370.725,0.10,0.06,-0.06,0.406,0.621,0.16,16
$GNSS,2023-09-06T01:14:31.050Z,40.4283682,-111.7249497,2370.718,0.05,0.05,-0.05,0.407,0.621,0.15,16
$GNSS,2023-09-06T01:14:31.100Z,40.4283682,-111.7249497,2370.708,-0.03,0.01,0.00,0.407,0.621,0.23,16
$GNSS,2023-09-06T01:14:31.150Z,40.4283682,-111.7249497,2370.710,-0.09,0.00,0.06,0.407,0.621,0.18,16
$GNSS,2023-09-06T01:14:31.250Z,40.4283682,-111.7249498,2370.688,0.02,-0.08,0.12,0.408,0.623,0.23,16
$GNSS,2023-09-06T01:14:31.300Z,40.4283682,-111.7249498,2370.678,0.09,-0.07,0.09,0.408,0.623,0.25,16
$GNSS,2023-09-06T01:14:31.350Z,40.4283682,-111.7249498,2370.659,-0.01,-0.07,0.13,0.408,0.623,0.20,16
$GNSS,2023-09-06T01:14:31.400Z,40.4283682,-111.7249499,2370.645,-0.03,-0.11,0.11,0.408,0.623,0.17,16
$GNSS,2023-09-06T01:14:31.450Z,40.4283683,-111.7249500,2370.641,0.14,-0.14,0.12,0.409,0.624,0.24,16
$GNSS,2023-09-06T01:14:31.500Z,40.4283683,-111.7249500,2370.634,0.05,-0.05,0.03,0.409,0.624,0.24,16
$GNSS,2023-09-06T01:14:31.550Z,40.4283684,-111.7249500,2370.625,0.14,0.01,0.13,0.409,0.624,0.25,16
$GNSS,2023-09-06T01:14:31.600Z,40.4283684,-111.7249500,2370.615,0.03,-0.05,0.11,0.409,0.624,0.23,16
$GNSS,2023-09-06T01:14:31.650Z,40.4283684,-111.7249501,2370.596,0.02,-0.12,0.26,0.409,0.624,0.20,16
$GNSS,2023-09-06T01:14:31.700Z,40.4283685,-111.7249501,2370.592,0.05,-0.06,0.26,0.409,0.624,0.22,16
$GNSS,2023-09-06T01:14:31.750Z,40.4283685,-111.7249502,2370.564,0.13,-0.16,0.32,0.409,0.624,0.22,16
$GNSS,2023-09-06T01:14:31.800Z,40.4283686,-111.7249502,2370.549,0.13,-0.13,0.25,0.409,0.624,0.22,16
$GNSS,2023-09-06T01:14:31.850Z,40.4283687,-111.7249504,2370.531,0.13,-0.19,0.30,0.409,0.624,0.21,16
$GNSS,2023-09-06T01:14:31.900Z,40.4283687,-111.7249505,2370.511,0.14,-0.17,0.46,0.409,0.624,0.22,16
$GNSS,2023-09-06T01:14:31.950Z,40.4283688,-111.7249505,2370.485,0.14,-0.12,0.52,0.409,0.624,0.22,16
$GNSS,2023-09-06T01:14:32.000Z,40.4283689,-111.7249506,2370.454,0.25,-0.19,0.51,0.410,0.624,0.22,16
$GNSS,2023-09-06T01:14:32.050Z,40.4283690,-111.7249509,2370.434,0.22,-0.37,0.40,0.410,0.624,0.20,16
$GNSS,2023-09-06T01:14:32.100Z,40.4283691,-111.7249510,2370.396,0.17,-0.30,0.49,0.410,0.624,0.21,16
$GNSS,2023-09-06T01:14:32.150Z,40.4283692,-111.7249511,2370.352,0.22,-0.24,0.56,0.410,0.624,0.22,16
$GNSS,2023-09-06T01:14:32.250Z,40.4283694,-111.7249515,2370.296,0.22,-0.30,0.61,0.411,0.626,0.25,16
$GNSS,2023-09-06T01:14:32.300Z,40.4283696,-111.7249517,2370.261,0.42,-0.39,0.73,0.411,0.626,0.23,16
$GNSS,2023-09-06T01:14:32.350Z,40.4283697,-111.7249519,2370.214,0.25,-0.31,0.83,0.411,0.625,0.23,16
$GNSS,2023-09-06T01:14:32.400Z,40.4283699,-111.7249521,2370.158,0.38,-0.33,0.94,0.411,0.625,0.23,16
$GNSS,2023-09-06T01:14:32.450Z,40.4283700,-111.7249523,2370.113,0.26,-0.36,0.94,0.411,0.625,0.22,16
$GNSS,2023-09-06T01:14:32.500Z,40.4283702,-111.7249526,2370.045,0.32,-0.45,1.14,0.411,0.625,0.22,16
$GNSS,2023-09-06T01:14:32.550Z,40.4283705,-111.7249529,2369.970,0.58,-0.60,1.22,0.411,0.625,0.23,16
$GNSS,2023-09-06T01:14:32.600Z,40.4283708,-111.7249533,2369.905,0.64,-0.73,1.26,0.411,0.625,0.22,16
$GNSS,2023-09-06T01:14:32.650Z,40.4283711,-111.7249537,2369.842,0.66,-0.70,1.28,0.411,0.625,0.24,16
$GNSS,2023-09-06T01:14:32.700Z,40.4283715,-111.7249543,2369.788,0.77,-0.89,1.21,0.412,0.625,0.24,16
$GNSS,2023-09-06T01:14:32.750Z,40.4283720,-111.7249549,2369.721,1.10,-1.06,1.28,0.412,0.624,0.23,16
$GNSS,2023-09-06T01:14:32.800Z,40.4283727,-111.7249557,2369.645,1.57,-1.34,1.36,0.412,0.624,0.23,16
$GNSS,2023-09-06T01:14:32.850Z,40.4283737,-111.7249568,2369.590,2.08,-1.78,1.14,0.412,0.624,0.22,16
$GNSS,2023-09-06T01:14:32.900Z,40.4283750,-111.7249582,2369.581,2.93,-2.37,0.57,0.413,0.624,0.21,16
$GNSS,2023-09-06T01:14:32.950Z,40.4283766,-111.7249599,2369.557,3.47,-3.00,0.29,0.413,0.624,0.21,16
$GNSS,2023-09-06T01:14:33.000Z,40.4283784,-111.7249621,2369.535,4.11,-3.62,0.24,0.413,0.624,0.21,16
$GNSS,2023-09-06T01:14:33.050Z,40.4283802,-111.7249641,2369.482,3.74,-3.44,0.87,0.413,0.624,0.24,16
$GNSS,2023-09-06T01:14:33.100Z,40.4283814,-111.7249653,2369.346,2.73,-2.18,1.99,0.414,0.624,0.28,16
$GNSS,2023-09-06T01:14:33.150Z,40.4283825,-111.7249667,2369.151,2.20,-2.35,3.11,0.414,0.624,0.29,16
$GNSS,2023-09-06T01:14:33.250Z,40.4283852,-111.7249694,2368.842,3.11,-2.31,3.02,0.416,0.626,0.35,16
$GNSS,2023-09-06T01:14:33.300Z,40.4283866,-111.7249709,2368.621,2.95,-2.51,3.68,0.416,0.626,0.32,16
$GNSS,2023-09-06T01:14:33.350Z,40.4283879,-111.7249725,2368.387,2.63,-2.60,4.37,0.417,0.626,0.31,16
$GNSS,2023-09-06T01:14:33.400Z,40.4283892,-111.7249741,2368.101,2.47,-2.68,5.12,0.417,0.627,0.30,16
$GNSS,2023-09-06T01:14:33.450Z,40.4283904,-111.7249757,2367.768,2.51,-2.72,5.87,0.418,0.627,0.27,16
$GNSS,2023-09-06T01:14:33.500Z,40.4283917,-111.7249772,2367.460,2.72,-2.53,6.16,0.418,0.627,0.27,16
$GNSS,2023-09-06T01:14:33.550Z,40.4283932,-111.7249788,2367.097,3.07,-2.61,6.69,0.419,0.626,0.27,16
$GNSS,2023-09-06T01:14:33.600Z,40.4283946,-111.7249804,2366.724,3.03,-2.72,7.02,0.419,0.626,0.26,16
$GNSS,2023-09-06T01:14:33.650Z,40.4283960,-111.7249819,2366.318,2.87,-2.62,7.55,0.419,0.626,0.26,16
$GNSS,2023-09-06T01:14:33.700Z,40.4283973,-111.7249835,2365.907,2.77,-2.71,7.94,0.420,0.626,0.26,16
$GNSS,2023-09-06T01:14:33.750Z,40.4283986,-111.7249851,2365.473,2.71,-2.79,8.33,0.420,0.626,0.26,16
$GNSS,2023-09-06T01:14:33.800Z,40.4283998,-111.7249868,2365.004,2.64,-2.79,8.83,0.420,0.626,0.25,16
$GNSS,2023-09-06T01:14:33.850Z,40.4284011,-111.7249884,2364.531,2.77,-2.76,9.21,0.421,0.626,0.25,16
$GNSS,2023-09-06T01:14:33.900Z,40.4284024,-111.7249900,2364.018,2.75,-2.75,9.77,0.421,0.626,0.24,16
$GNSS,2023-09-06T01:14:33.950Z,40.4284037,-111.7249918,2363.502,2.73,-2.92,10.13,0.421,0.626,0.24,16
$GNSS,2023-09-06T01:14:34.000Z,40.4284050,-111.7249936,2362.971,2.72,-3.03,10.54,0.422,0.626,0.24,16
$GNSS,2023-09-06T01:14:34.050Z,40.4284063,-111.7249954,2362.406,2.71,-3.00,11.03,0.422,0.626,0.23,16
$GNSS,2023-09-06T01:14:34.100Z,40.4284076,-111.7249970,2361.801,2.68,-2.87,11.52,0.422,0.626,0.25,16
$GNSS,2023-09-06T01:14:34.150Z,40.4284089,-111.7249988,2361.183,2.86,-2.98,11.90,0.423,0.626,0.24,16
$GNSS,2023-09-06T01:14:34.250Z,40.4284116,-111.7250023,2359.886,2.86,-3.02,12.96,0.424,0.627,0.27,16
$GNSS,2023-09-06T01:14:34.300Z,40.4284129,-111.7250040,2359.207,2.82,-2.91,13.35,0.425,0.626,0.23,16
$GNSS,2023-09-06T01:14:34.350Z,40.4284143,-111.7250058,2358.503,2.95,-2.96,13.77,0.425,0.626,0.23,16
$GNSS,2023-09-06T01:14:34.400Z,40.4284158,-111.7250075,2357.790,3.09,-3.01,14.06,0.425,0.626,0.23,16
$GNSS,2023-09-06T01:14:34.450Z,40.4284172,-111.7250093,2357.051,3.02,-3.04,14.45,0.425,0.625,0.22,16
$GNSS,2023-09-06T01:14:34.500Z,40.4284185,-111.7250111,2356.274,3.04,-3.19,14.89,0.425,0.625,0.22,16
$GNSS,2023-09-06T01:14:34.550Z,40.4284200,-111.7250129,2355.489,3.09,-3.15,15.31,0.426,0.625,0.22,16
$GNSS,2023-09-06T01:14:34.600Z,40.4284215,-111.7250148,2354.685,3.19,-3.10,15.80,0.426,0.624,0.22,16
$GNSS,2023-09-06T01:14:34.650Z,40.4284230,-111.7250166,2353.843,3.10,-3.19,16.41,0.426,0.624,0.22,16
$GNSS,2023-09-06T01:14:34.700Z,40.4284244,-111.7250186,2352.987,3.05,-3.33,16.86,0.427,0.624,0.23,16
$GNSS,2023-09-06T01:14:34.750Z,40.4284259,-111.7250206,2352.108,3.21,-3.33,17.27,0.427,0.624,0.23,16
$GNSS,2023-09-06T01:14:34.800Z,40.4284273,-111.7250225,2351.213,3.11,-3.34,17.55,0.427,0.624,0.23,16
$GNSS,2023-09-06T01:14:34.850Z,40.4284288,-111.7250244,2350.300,3.25,-3.34,17.88,0.427,0.623,0.23,16
$GNSS,2023-09-06T01:14:34.900Z,40.4284305,-111.7250264,2349.361,3.49,-3.30,18.41,0.428,0.623,0.23,16
$GNSS,2023-09-06T01:14:34.950Z,40.4284320,-111.7250284,2348.405,3.34,-3.45,18.80,0.428,0.623,0.23,16
$GNSS,2023-09-06T01:14:35.000Z,40.4284336,-111.7250304,2347.422,3.33,-3.54,19.28,0.428,0.622,0.22,16
$GNSS,2023-09-06T01:14:35.050Z,40.4284352,-111.7250325,2346.422,3.57,-3.56,19.71,0.429,0.622,0.22,16
$GNSS,2023-09-06T01:14:35.100Z,40.4284369,-111.7250347,2345.414,3.61,-3.74,19.95,0.429,0.622,0.22,16
$GNSS,2023-09-06T01:14:35.150Z,40.4284386,-111.7250369,2344.371,3.67,-3.82,20.40,0.429,0.621,0.22,16
$GNSS,2023-09-06T01:14:35.250Z,40.4284421,-111.7250414,2342.222,3.83,-3.84,21.66,0.431,0.622,0.25,16
$GNSS,2023-09-06T01:14:35.300Z,40.4284439,-111.7250438,2341.110,3.94,-4.06,21.96,0.431,0.622,0.23,16
$GNSS,2023-09-06T01:14:35.350Z,40.4284458,-111.7250462,2339.978,4.15,-4.22,22.19,0.431,0.621,0.22,16
$GNSS,2023-09-06T01:14:35.400Z,40.4284477,-111.7250487,2338.844,4.34,-4.27,22.36,0.432,0.621,0.22,16
$GNSS,2023-09-06T01:14:35.450Z,40.4284499,-111.7250512,2337.688,4.60,-4.32,22.76,0.432,0.621,0.22,16
$GNSS,2023-09-06T01:14:35.500Z,40.4284519,-111.7250537,2336.506,4.45,-4.38,23.18,0.432,0.620,0.22,16
$GNSS,2023-09-06T01:14:35.550Z,40.4284541,-111.7250564,2335.319,4.76,-4.50,23.47,0.433,0.620,0.22,16
$GNSS,2023-09-06T01:14:35.600Z,40.4284564,-111.7250591,2334.107,5.01,-4.65,23.90,0.433,0.620,0.22,16
$GNSS,2023-09-06T01:14:35.650Z,40.4284589,-111.7250620,2332.893,5.24,-4.80,24.12,0.433,0.619,0.22,16
$GNSS,2023-09-06T01:14:35.700Z,40.4284614,-111.7250648,2331.663,5.52,-4.87,24.42,0.434,0.619,0.22,16
$GNSS,2023-09-06T01:14:35.750Z,40.4284639,-111.7250677,2330.409,5.55,-5.02,24.65,0.434,0.619,0.22,16
$GNSS,2023-09-06T01:14:35.800Z,40.4284666,-111.7250708,2329.141,5.78,-5.19,24.99,0.434,0.618,0.22,16
$GNSS,2023-09-06T01:14:35.850Z,40.4284693,-111.7250739,2327.873,5.98,-5.35,25.23,0.435,0.618,0.22,16
$GNSS,2023-09-06T01:14:35.900Z,40.4284723,-111.7250771,2326.585,6.36,-5.46,25.56,0.435,0.618,0.22,16
$GNSS,2023-09-06T01:14:35.950Z,40.4284753,-111.7250805,2325.292,6.61,-5.68,25.73,0.435,0.618,0.22,16
$GNSS,2023-09-06T01:14:36.000Z,40.4284783,-111.7250839,2323.985,6.82,-5.92,25.87,0.436,0.618,0.22,16
$GNSS,2023-09-06T01:14:36.050Z,40.4284815,-111.7250875,2322.672,7.08,-6.07,26.01,0.436,0.617,0.22,16
$GNSS,2023-09-06T01:14:36.100Z,40.4284850,-111.7250912,2321.355,7.44,-6.33,26.29,0.436,0.617,0.22,16
$GNSS,2023-09-06T01:14:36.150Z,40.4284884,-111.7250951,2320.018,7.58,-6.61,26.52,0.437,0.617,0.22,16
$GNSS,2023-09-06T01:14:36.250Z,40.4284957,-111.7251034,2317.335,8.13,-7.13,26.86,0.439,0.617,0.26,16
$GNSS,2023-09-06T01:14:36.300Z,40.4284995,-111.7251076,2315.983,8.42,-7.26,26.88,0.439,0.617,0.23,16
$GNSS,2023-09-06T01:14:36.350Z,40.4285034,-111.7251120,2314.619,8.73,-7.42,27.10,0.439,0.617,0.23,16
$GNSS,2023-09-06T01:14:36.400Z,40.4285075,-111.7251166,2313.250,8.89,-7.85,27.29,0.440,0.617,0.23,16
$GNSS,2023-09-06T01:14:36.450Z,40.4285117,-111.7251214,2311.885,9.10,-8.14,27.41,0.440,0.616,0.23,16
$GNSS,2023-09-06T01:14:36.500Z,40.4285159,-111.7251264,2310.498,9.47,-8.40,27.53,0.440,0.616,0.23,16
$GNSS,2023-09-06T01:14:36.550Z,40.4285203,-111.7251314,2309.106,9.61,-8.64,27.70,0.441,0.616,0.23,16
$GNSS,2023-09-06T01:14:36.600Z,40.4285248,-111.7251367,2307.708,9.87,-8.91,27.88,0.441,0.616,0.23,16
$GNSS,2023-09-06T01:14:36.650Z,40.4285293,-111.7251422,2306.311,10.06,-9.28,27.94,0.441,0.616,0.23,16
$GNSS,2023-09-06T01:14:36.700Z,40.4285340,-111.7251478,2304.909,10.25,-9.49,28.00,0.442,0.615,0.23,16
$GNSS,2023-09-06T01:14:36.750Z,40.4285388,-111.7251535,2303.496,10.59,-9.78,28.23,0.442,0.615,0.23,16
$GNSS,2023-09-06T01:14:36.800Z,40.4285437,-111.7251594,2302.089,10.90,-10.03,28.17,0.442,0.615,0.23,16
$GNSS,2023-09-06T01:14:36.850Z,40.4285487,-111.7251656,2300.669,11.03,-10.42,28.27,0.443,0.615,0.23,16
$GNSS,2023-09-06T01:14:36.900Z,40.4285538,-111.7251718,2299.246,11.16,-10.61,28.44,0.443,0.614,0.23,16
$GNSS,2023-09-06T01:14:36.950Z,40.4285589,-111.7251782,2297.817,11.36,-10.89,28.58,0.444,0.614,0.23,16
$GNSS,2023-09-06T01:14:37.000Z,40.4285642,-111.7251848,2296.385,11.64,-11.10,28.70,0.444,0.614,0.23,16
$GNSS,2023-09-06T01:14:37.050Z,40.4285696,-111.7251915,2294.952,11.80,-11.36,28.77,0.444,0.614,0.23,16
$GNSS,2023-09-06T01:14:37.100Z,40.4285750,-111.7251984,2293.511,12.02,-11.67,28.77,0.445,0.613,0.23,16
$GNSS,2023-09-06T01:14:37.150Z,40.4285806,-111.7252055,2292.068,12.34,-12.07,28.81,0.445,0.613,0.23,16
$GNSS,2023-09-06T01:14:37.250Z,40.4285919,-111.7252202,2289.178,12.67,-12.62,28.88,0.447,0.614,0.26,16
$GNSS,2023-09-06T01:14:37.300Z,40.4285977,-111.7252278,2287.730,12.81,-12.88,29.02,0.447,0.614,0.24,16
$GNSS,2023-09-06T01:14:37.350Z,40.4286036,-111.7252356,2286.262,12.83,-13.12,29.25,0.448,0.613,0.24,16
$GNSS,2023-09-06T01:14:37.400Z,40.4286096,-111.7252435,2284.797,13.20,-13.46,29.30,0.448,0.613,0.24,16
$GNSS,2023-09-06T01:14:37.450Z,40.4286156,-111.7252517,2283.341,13.32,-13.83,29.20,0.448,0.613,0.23,16
$GNSS,2023-09-06T01:14:37.500Z,40.4286216,-111.7252600,2281.884,13.48,-14.18,29.09,0.449,0.612,0.23,16
$GNSS,2023-09-06T01:14:37.550Z,40.4286278,-111.7252686,2280.432,13.69,-14.51,29.07,0.449,0.612,0.23,16
$GNSS,2023-09-06T01:14:37.600Z,40.4286341,-111.7252773,2278.968,13.85,-14.76,29.24,0.449,0.612,0.23,16
$GNSS,2023-09-06T01:14:37.650Z,40.4286404,-111.7252862,2277.508,13.90,-15.07,29.28,0.450,0.611,0.23,16
$GNSS,2023-09-06T01:14:37.700Z,40.4286466,-111.7252952,2276.041,13.91,-15.40,29.28,0.450,0.611,0.23,16
$GNSS,2023-09-06T01:14:37.750Z,40.4286529,-111.7253045,2274.570,13.99,-15.83,29.27,0.450,0.611,0.23,16
$GNSS,2023-09-06T01:14:37.800Z,40.4286593,-111.7253140,2273.112,14.18,-16.09,29.24,0.450,0.610,0.23,16
$GNSS,2023-09-06T01:14:37.850Z,40.4286658,-111.7253238,2271.654,14.31,-16.47,29.26,0.451,0.610,0.23,16
$GNSS,2023-09-06T01:14:37.900Z,40.4286723,-111.7253337,2270.190,14.40,-16.74,29.29,0.451,0.609,0.23,16
$GNSS,2023-09-06T01:14:37.950Z,40.4286788,-111.7253437,2268.720,14.43,-17.13,29.31,0.451,0.609,0.21,16
$GNSS,2023-09-06T01:14:38.000Z,40.4286853,-111.7253540,2267.250,14.46,-17.44,29.37,0.451,0.608,0.21,16
$GNSS,2023-09-06T01:14:38.050Z,40.4286918,-111.7253646,2265.781,14.42,-17.82,29.44,0.451,0.608,0.21,16
$GNSS,2023-09-06T01:14:38.100Z,40.4286984,-111.7253752,2264.329,14.57,-18.01,29.31,0.451,0.608,0.21,16
$GNSS,2023-09-06T01:14:38.150Z,40.4287050,-111.7253861,2262.874,14.64,-18.36,29.26,0.451,0.607,0.21,16
$GNSS,2023-09-06T01:14:38.200Z,40.4287116,-111.7253972,2261.416,14.49,-18.86,29.24,0.451,0.607,0.21,16
$GNSS,2023-09-06T01:14:38.250Z,40.4287182,-111.7254085,2259.949,14.60,-19.19,29.22,0.451,0.607,0.20,16
$GNSS,2023-09-06T01:14:38.300Z,40.4287248,-111.7254200,2258.498,14.77,-19.52,29.11,0.451,0.606,0.20,16
$GNSS,2023-09-06T01:14:38.350Z,40.4287315,-111.7254319,2257.054,14.73,-20.00,29.05,0.451,0.606,0.20,16
$GNSS,2023-09-06T01:14:38.400Z,40.4287382,-111.7254440,2255.615,14.77,-20.50,28.82,0.450,0.606,0.19,16
$GNSS,2023-09-06T01:14:38.450Z,40.4287448,-111.7254563,2254.188,14.71,-20.97,28.59,0.450,0.606,0.20,16
$GNSS,2023-09-06T01:14:38.500Z,40.4287514,-111.7254688,2252.773,14.55,-21.14,28.51,0.450,0.605,0.19,16
$GNSS,2023-09-06T01:14:38.550Z,40.4287581,-111.7254816,2251.353,14.67,-21.60,28.52,0.449,0.605,0.19,16
$GNSS,2023-09-06T01:14:38.600Z,40.4287646,-111.7254947,2249.932,14.56,-22.13,28.37,0.449,0.605,0.19,16
$GNSS,2023-09-06T01:14:38.650Z,40.4287712,-111.7255078,2248.524,14.61,-22.34,28.19,0.448,0.605,0.19,16
$GNSS,2023-09-06T01:14:38.700Z,40.4287778,-111.7255213,2247.144,14.57,-22.76,27.92,0.448,0.605,0.19,16
$GNSS,2023-09-06T01:14:38.750Z,40.4287845,-111.7255350,2245.767,14.70,-23.22,27.80,0.448,0.605,0.19,16
$GNSS,2023-09-06T01:14:38.800Z,40.4287911,-111.7255490,2244.408,14.67,-23.61,27.42,0.447,0.605,0.19,16
$GNSS,2023-09-06T01:14:38.850Z,40.4287977,-111.7255631,2243.065,14.62,-24.01,27.06,0.447,0.604,0.19,16
$GNSS,2023-09-06T01:14:38.900Z,40.4288044,-111.7255775,2241.726,14.65,-24.39,26.94,0.446,0.604,0.19,16
$GNSS,2023-09-06T01:14:38.950Z,40.4288109,-111.7255921,2240.397,14.50,-24.65,26.70,0.446,0.604,0.19,16
$GNSS,2023-09-06T01:14:39.000Z,40.4288175,-111.7256068,2239.071,14.53,-25.00,26.66,0.446,0.604,0.18,16
$GNSS,2023-09-06T01:14:39.050Z,40.4288241,-111.7256219,2237.768,14.58,-25.48,26.36,0.445,0.604,0.18,16
$GNSS,2023-09-06T01:14:39.100Z,40.4288307,-111.7256371,2236.482,14.58,-25.77,26.04,0.445,0.604,0.18,16
$GNSS,2023-09-06T01:14:39.150Z,40.4288373,-111.7256525,2235.207,14.52,-26.12,25.66,0.445,0.604,0.18,16
$GNSS,2023-09-06T01:14:39.200Z,40.4288438,-111.7256681,2233.948,14.54,-26.46,25.20,0.444,0.604,0.18,16
$GNSS,2023-09-06T01:14:39.250Z,40.4288504,-111.7256839,2232.702,14.55,-26.76,25.04,0.443,0.604,0.18,16
$GNSS,2023-09-06T01:14:39.300Z,40.4288570,-111.7257000,2231.462,14.57,-27.17,24.96,0.443,0.604,0.18,16
$GNSS,2023-09-06T01:14:39.350Z,40.4288635,-111.7257160,2230.227,14.52,-27.23,24.74,0.442,0.604,0.18,16
$GNSS,2023-09-06T01:14:39.400Z,40.4288701,-111.7257323,2228.993,14.48,-27.67,24.61,0.442,0.604,0.18,16
$GNSS,2023-09-06T01:14:39.450Z,40.4288766,-111.7257488,2227.778,14.48,-27.93,24.39,0.442,0.604,0.18,16
$GNSS,2023-09-06T01:14:39.500Z,40.4288832,-111.7257654,2226.587,14.54,-28.07,24.10,0.441,0.605,0.18,16
$GNSS,2023-09-06T01:14:39.550Z,40.4288898,-111.7257821,2225.411,14.50,-28.35,23.84,0.441,0.605,0.18,16
$GNSS,2023-09-06T01:14:39.600Z,40.4288963,-111.7257989,2224.222,14.51,-28.50,23.74,0.441,0.605,0.18,16
$GNSS,2023-09-06T01:14:39.650Z,40.4289029,-111.7258159,2223.047,14.57,-28.88,23.51,0.441,0.605,0.18,16
$GNSS,2023-09-06T01:14:39.700Z,40.4289094,-111.7258331,2221.891,14.40,-29.14,23.35,0.440,0.605,0.18,16
$GNSS,2023-09-06T01:14:39.750Z,40.4289159,-111.7258504,2220.723,14.45,-29.22,23.26,0.440,0.605,0.18,16
$GNSS,2023-09-06T01:14:39.800Z,40.4289225,-111.7258676,2219.563,14.50,-29.37,23.13,0.440,0.605,0.18,16
$GNSS,2023-09-06T01:14:39.850Z,40.4289290,-111.7258852,2218.436,14.43,-29.66,22.98,0.440,0.606,0.18,16
$GNSS,2023-09-06T01:14:39.900Z,40.4289355,-111.7259029,2217.314,14.43,-29.95,22.78,0.440,0.606,0.18,16
$GNSS,2023-09-06T01:14:39.950Z,40.4289421,-111.7259205,2216.186,14.50,-30.04,22.63,0.439,0.606,0.18,16
$GNSS,2023-09-06T01:14:40.000Z,40.4289486,-111.7259383,2215.050,14.45,-30.22,22.51,0.439,0.606,0.18,16
$GNSS,2023-09-06T01:14:40.050Z,40.4289551,-111.7259563,2213.932,14.39,-30.41,22.29,0.439,0.607,0.18,16
$GNSS,2023-09-06T01:14:40.100Z,40.4289616,-111.7259744,2212.825,14.40,-30.80,22.32,0.438,0.607,0.19,16
$GNSS,2023-09-06T01:14:40.150Z,40.4289681,-111.7259926,2211.721,14.38,-30.83,22.21,0.438,0.607,0.20,16
$GNSS,2023-09-06T01:14:40.200Z,40.4289746,-111.7260109,2210.608,14.37,-31.05,22.01,0.438,0.607,0.20,16
$GNSS,2023-09-06T01:14:40.250Z,40.4289810,-111.7260292,2209.510,14.22,-31.07,21.81,0.438,0.607,0.19,16
$GNSS,2023-09-06T01:14:40.300Z,40.4289875,-111.7260476,2208.453,14.30,-31.30,21.56,0.438,0.608,0.19,16
$GNSS,2023-09-06T01:14:40.350Z,40.4289939,-111.7260664,2207.398,14.18,-31.80,21.48,0.437,0.608,0.18,16
$GNSS,2023-09-06T01:14:40.400Z,40.4290003,-111.7260853,2206.345,14.07,-31.90,21.29,0.437,0.608,0.19,16
$GNSS,2023-09-06T01:14:40.450Z,40.4290066,-111.7261041,2205.296,14.04,-31.95,21.09,0.437,0.608,0.19,16
$GNSS,2023-09-06T01:14:40.500Z,40.4290130,-111.7261230,2204.253,14.07,-32.06,20.90,0.436,0.609,0.20,16
$GNSS,2023-09-06T01:14:40.550Z,40.4290194,-111.7261420,2203.220,14.05,-32.27,20.74,0.436,0.609,0.20,16
$GNSS,2023-09-06T01:14:40.600Z,40.4290257,-111.7261612,2202.200,13.88,-32.42,20.57,0.436,0.609,0.20,16
$GNSS,2023-09-06T01:14:40.650Z,40.4290320,-111.7261805,2201.196,13.89,-32.71,20.39,0.435,0.610,0.20,16
$GNSS,2023-09-06T01:14:40.700Z,40.4290383,-111.7261999,2200.184,13.98,-32.86,20.27,0.435,0.610,0.22,16
$GNSS,2023-09-06T01:14:40.750Z,40.4290446,-111.7262192,2199.180,13.90,-32.83,20.21,0.435,0.611,0.21,16
$GNSS,2023-09-06T01:14:40.800Z,40.4290508,-111.7262389,2198.189,13.60,-33.26,20.16,0.435,0.611,0.20,16
$GNSS,2023-09-06T01:14:40.850Z,40.4290569,-111.7262584,2197.185,13.63,-33.10,19.94,0.435,0.611,0.21,15
$GNSS,2023-09-06T01:14:40.900Z,40.4290631,-111.7262780,2196.201,13.62,-33.30,19.79,0.434,0.612,0.20,16
$GNSS,2023-09-06T01:14:40.950Z,40.4290693,-111.7262979,2195.215,13.53,-33.61,19.82,0.434,0.612,0.21,15
$GNSS,2023-09-06T01:14:41.000Z,40.4290753,-111.7263176,2194.244,13.33,-33.52,19.58,0.434,0.612,0.21,16
$GNSS,2023-09-06T01:14:41.050Z,40.4290815,-111.7263376,2193.287,13.47,-33.80,19.40,0.434,0.613,0.21,16
$GNSS,2023-09-06T01:14:41.100Z,40.4290875,-111.7263578,2192.329,13.24,-34.14,19.29,0.433,0.613,0.21,16
$GNSS,2023-09-06T01:14:41.150Z,40.4290935,-111.7263780,2191.369,13.20,-34.21,19.19,0.433,0.613,0.21,16
$GNSS,2023-09-06T01:14:41.200Z,40.4290995,-111.7263982,2190.418,13.07,-34.24,19.03,0.433,0.613,0.21,16
$GNSS,2023-09-06T01:14:41.250Z,40.4291053,-111.7264183,2189.465,13.02,-34.24,18.85,0.433,0.614,0.21,16
$GNSS,2023-09-06T01:14:41.300Z,40.4291111,-111.7264386,2188.542,12.88,-34.46,18.61,0.432,0.614,0.21,16
$GNSS,2023-09-06T01:14:41.350Z,40.4291170,-111.7264592,2187.622,12.83,-34.84,18.65,0.432,0.614,0.20,16
$GNSS,2023-09-06T01:14:41.400Z,40.4291228,-111.7264797,2186.717,12.81,-34.80,18.50,0.432,0.615,0.20,16
$GNSS,2023-09-06T01:14:41.450Z,40.4291285,-111.7265002,2185.808,12.72,-34.77,18.26,0.432,0.615,0.20,16
$GNSS,2023-09-06T01:14:41.500Z,40.4291342,-111.7265208,2184.901,12.67,-34.90,18.08,0.431,0.615,0.20,16
$GNSS,2023-09-06T01:14:41.550Z,40.4291400,-111.7265414,2184.008,12.69,-35.03,17.93,0.431,0.615,0.20,16
$GNSS,2023-09-06T01:14:41.600Z,40.4291457,-111.7265622,2183.119,12.59,-35.24,17.86,0.431,0.615,0.20,16
$GNSS,2023-09-06T01:14:41.650Z,40.4291513,-111.7265830,2182.236,12.52,-35.26,17.73,0.431,0.616,0.19,16
$GNSS,2023-09-06T01:14:41.700Z,40.4291570,-111.7266038,2181.363,12.55,-35.33,17.60,0.431,0.616,0.19,16
$GNSS,2023-09-06T01:14:41.750Z,40.4291626,-111.7266246,2180.480,12.54,-35.36,17.60,0.430,0.616,0.19,16
$GNSS,2023-09-06T01:14:41.800Z,40.4291683,-111.7266455,2179.617,12.51,-35.46,17.44,0.430,0.617,0.19,16
$GNSS,2023-09-06T01:14:41.850Z,40.4291740,-111.7266666,2178.758,12.57,-35.67,17.30,0.430,0.617,0.19,16
$GNSS,2023-09-06T01:14:41.900Z,40.4291796,-111.7266876,2177.893,12.47,-35.71,17.23,0.429,0.617,0.19,16
$GNSS,2023-09-06T01:14:41.950Z,40.4291852,-111.7267088,2177.032,12.46,-35.88,17.14,0.429,0.617,0.19,16
$GNSS,2023-09-06T01:14:42.000Z,40.4291908,-111.7267300,2176.166,12.44,-35.97,17.23,0.429,0.617,0.19,16
$GNSS,2023-09-06T01:14:42.050Z,40.4291964,-111.7267511,2175.312,12.37,-35.93,17.21,0.429,0.618,0.19,16
$GNSS,2023-09-06T01:14:42.100Z,40.4292020,-111.7267723,2174.459,12.31,-35.90,17.13,0.429,0.618,0.19,16
$GNSS,2023-09-06T01:14:42.150Z,40.4292075,-111.7267935,2173.602,12.29,-36.00,17.08,0.428,0.618,0.19,16
$GNSS,2023-09-06T01:14:42.250Z,40.4292185,-111.7268360,2171.921,12.14,-36.16,16.85,0.429,0.620,0.21,16
$GNSS,2023-09-06T01:14:42.300Z,40.4292239,-111.7268573,2171.084,12.13,-36.18,16.91,0.429,0.620,0.19,16
$GNSS,2023-09-06T01:14:42.350Z,40.4292293,-111.7268786,2170.238,12.04,-36.10,16.91,0.429,0.620,0.19,16
$GNSS,2023-09-06T01:14:42.400Z,40.4292348,-111.7268999,2169.405,12.09,-36.21,16.74,0.428,0.620,0.18,16
$GNSS,2023-09-06T01:14:42.450Z,40.4292402,-111.7269213,2168.570,11.98,-36.31,16.67,0.428,0.620,0.18,16
$GNSS,2023-09-06T01:14:42.500Z,40.4292455,-111.7269428,2167.745,11.92,-36.46,16.55,0.428,0.620,0.19,16
$GNSS,2023-09-06T01:14:42.550Z,40.4292508,-111.7269644,2166.930,11.80,-36.67,16.38,0.428,0.620,0.19,16
$GNSS,2023-09-06T01:14:42.600Z,40.4292562,-111.7269860,2166.136,11.79,-36.62,16.13,0.428,0.620,0.19,16
$GNSS,2023-09-06T01:14:42.650Z,40.4292615,-111.7270074,2165.342,11.82,-36.51,15.85,0.427,0.620,0.19,16
$GNSS,2023-09-06T01:14:42.700Z,40.4292668,-111.7270290,2164.560,11.78,-36.57,15.79,0.427,0.620,0.18,16
$GNSS,2023-09-06T01:14:42.750Z,40.4292721,-111.7270506,2163.774,11.77,-36.68,15.77,0.427,0.620,0.18,16
$GNSS,2023-09-06T01:14:42.800Z,40.4292774,-111.7270722,2162.994,11.85,-36.73,15.64,0.427,0.620,0.18,16
$GNSS,2023-09-06T01:14:42.850Z,40.4292827,-111.7270939,2162.203,11.63,-36.83,15.61,0.427,0.621,0.18,16
$GNSS,2023-09-06T01:14:42.900Z,40.4292879,-111.7271157,2161.422,11.70,-36.93,15.68,0.427,0.621,0.19,16
$GNSS,2023-09-06T01:14:42.950Z,40.4292932,-111.7271374,2160.657,11.71,-36.83,15.54,0.427,0.621,0.19,16
$GNSS,2023-09-06T01:14:43.000Z,40.4292985,-111.7271590,2159.899,11.62,-36.77,15.44,0.427,0.621,0.19,16
$GNSS,2023-09-06T01:14:43.050Z,40.4293037,-111.7271808,2159.140,11.61,-36.92,15.32,0.426,0.621,0.19,16
$GNSS,2023-09-06T01:14:43.100Z,40.4293089,-111.7272026,2158.372,11.56,-37.04,15.24,0.426,0.621,0.19,16
$GNSS,2023-09-06T01:14:43.150Z,40.4293141,-111.7272244,2157.610,11.47,-37.11,15.16,0.426,0.621,0.19,16
$GNSS,2023-09-06T01:14:43.250Z,40.4293245,-111.7272681,2156.111,11.56,-37.05,14.96,0.427,0.622,0.20,16
$GNSS,2023-09-06T01:14:43.300Z,40.4293296,-111.7272899,2155.375,11.44,-36.97,14.91,0.427,0.622,0.19,16
$GNSS,2023-09-06T01:14:43.350Z,40.4293347,-111.7273118,2154.651,11.30,-37.13,14.82,0.426,0.622,0.19,16
$GNSS,2023-09-06T01:14:43.400Z,40.4293398,-111.7273337,2153.914,11.21,-37.15,14.77,0.426,0.623,0.19,16
$GNSS,2023-09-06T01:14:43.450Z,40.4293449,-111.7273555,2153.184,11.29,-37.16,14.57,0.426,0.623,0.19,16
$GNSS,2023-09-06T01:14:43.500Z,40.4293500,-111.7273775,2152.453,11.34,-37.27,14.49,0.426,0.623,0.18,16
$GNSS,2023-09-06T01:14:43.550Z,40.4293551,-111.7273994,2151.737,11.25,-37.13,14.38,0.426,0.623,0.18,16
$GNSS,2023-09-06T01:14:43.600Z,40.4293601,-111.7274213,2151.034,11.20,-37.23,14.27,0.426,0.623,0.18,16
$GNSS,2023-09-06T01:14:43.650Z,40.4293651,-111.7274433,2150.340,11.15,-37.29,14.06,0.426,0.623,0.18,16
$GNSS,2023-09-06T01:14:43.700Z,40.4293702,-111.7274653,2149.655,11.20,-37.31,13.77,0.426,0.624,0.18,16
$GNSS,2023-09-06T01:14:43.750Z,40.4293752,-111.7274872,2148.974,11.04,-37.18,13.73,0.426,0.624,0.18,16
$GNSS,2023-09-06T01:14:43.800Z,40.4293802,-111.7275091,2148.298,11.18,-37.17,13.59,0.426,0.624,0.18,16
$GNSS,2023-09-06T01:14:43.850Z,40.4293852,-111.7275311,2147.635,11.12,-37.34,13.34,0.425,0.625,0.18,16
$GNSS,2023-09-06T01:14:43.900Z,40.4293902,-111.7275530,2146.976,11.04,-37.35,13.08,0.425,0.625,0.18,16
$GNSS,2023-09-06T01:14:43.950Z,40.4293951,-111.7275749,2146.337,10.99,-37.17,12.93,0.425,0.625,0.18,16
$GNSS,2023-09-06T01:14:44.000Z,40.4294001,-111.7275969,2145.687,11.01,-37.27,12.95,0.425,0.625,0.18,16
$GNSS,2023-09-06T01:14:44.050Z,40.4294050,-111.7276189,2145.033,10.85,-37.40,12.99,0.425,0.626,0.18,16
$GNSS,2023-09-06T01:14:44.100Z,40.4294099,-111.7276409,2144.406,10.81,-37.27,12.80,0.425,0.626,0.18,16
$GNSS,2023-09-06T01:14:44.150Z,40.4294148,-111.7276629,2143.792,10.84,-37.27,12.52,0.425,0.626,0.18,16
$GNSS,2023-09-06T01:14:44.250Z,40.4294244,-111.7277067,2142.555,10.71,-37.20,12.31,0.426,0.628,0.19,16
$GNSS,2023-09-06T01:14:44.300Z,40.4294292,-111.7277286,2141.921,10.61,-37.26,12.38,0.426,0.628,0.18,16
$GNSS,2023-09-06T01:14:44.350Z,40.4294340,-111.7277505,2141.316,10.57,-37.21,12.30,0.426,0.628,0.18,16
$GNSS,2023-09-06T01:14:44.400Z,40.4294387,-111.7277726,2140.715,10.49,-37.31,12.26,0.426,0.629,0.18,16
$GNSS,2023-09-06T01:14:44.450Z,40.4294434,-111.7277945,2140.098,10.45,-37.22,12.18,0.426,0.629,0.18,16
$GNSS,2023-09-06T01:14:44.500Z,40.4294481,-111.7278164,2139.501,10.51,-37.19,11.98,0.426,0.629,0.18,16
$GNSS,2023-09-06T01:14:44.550Z,40.4294528,-111.7278383,2138.917,10.33,-37.19,11.79,0.426,0.629,0.18,16
$GNSS,2023-09-06T01:14:44.600Z,40.4294574,-111.7278601,2138.335,10.27,-37.05,11.76,0.426,0.630,0.18,16
$GNSS,2023-09-06T01:14:44.650Z,40.4294620,-111.7278820,2137.746,10.28,-37.16,11.79,0.426,0.630,0.18,16
$GNSS,2023-09-06T01:14:44.700Z,40.4294667,-111.7279039,2137.157,10.27,-37.16,11.79,0.426,0.630,0.18,16
$GNSS,2023-09-06T01:14:44.750Z,40.4294712,-111.7279258,2136.575,10.16,-37.21,11.63,0.425,0.630,0.18,16
$GNSS,2023-09-06T01:14:44.800Z,40.4294758,-111.7279476,2136.000,10.12,-37.11,11.43,0.425,0.631,0.18,16
$GNSS,2023-09-06T01:14:44.850Z,40.4294803,-111.7279695,2135.433,10.15,-37.09,11.30,0.425,0.631,0.18,16
$GNSS,2023-09-06T01:14:44.900Z,40.4294848,-111.7279913,2134.867,9.99,-37.06,11.34,0.425,0.631,0.18,16
$GNSS,2023-09-06T01:14:44.950Z,40.4294893,-111.7280131,2134.309,9.90,-37.06,11.27,0.425,0.631,0.18,16
$GNSS,2023-09-06T01:14:45.000Z,40.4294937,-111.7280349,2133.750,9.93,-37.00,11.08,0.425,0.631,0.18,16
$GNSS,2023-09-06T01:14:45.050Z,40.4294982,-111.7280567,2133.208,9.85,-37.04,10.92,0.425,0.632,0.18,16
$GNSS,2023-09-06T01:14:45.100Z,40.4295025,-111.7280785,2132.671,9.70,-36.93,10.87,0.425,0.632,0.18,16
$GNSS,2023-09-06T01:14:45.150Z,40.4295069,-111.7281002,2132.119,9.61,-36.95,10.97,0.425,0.632,0.18,16
$GNSS,2023-09-06T01:14:45.250Z,40.4295155,-111.7281437,2131.034,9.59,-36.94,10.83,0.426,0.634,0.20,16
$GNSS,2023-09-06T01:14:45.300Z,40.4295198,-111.7281655,2130.499,9.49,-36.92,10.74,0.425,0.634,0.19,16
$GNSS,2023-09-06T01:14:45.350Z,40.4295240,-111.7281872,2129.965,9.43,-36.84,10.66,0.425,0.634,0.19,16
$GNSS,2023-09-06T01:14:45.400Z,40.4295282,-111.7282088,2129.440,9.25,-36.81,10.54,0.425,0.635,0.19,16
$GNSS,2023-09-06T01:14:45.450Z,40.4295323,-111.7282306,2128.908,9.30,-36.90,10.49,0.425,0.635,0.19,16
$GNSS,2023-09-06T01:14:45.500Z,40.4295365,-111.7282522,2128.388,9.18,-36.78,10.53,0.425,0.635,0.19,16
$GNSS,2023-09-06T01:14:45.550Z,40.4295406,-111.7282739,2127.877,9.10,-36.67,10.51,0.425,0.635,0.19,16
$GNSS,2023-09-06T01:14:45.600Z,40.4295447,-111.7282955,2127.339,9.10,-36.77,10.48,0.425,0.635,0.18,16
$GNSS,2023-09-06T01:14:45.650Z,40.4295488,-111.7283171,2126.812,9.10,-36.73,10.41,0.425,0.636,0.18,16
$GNSS,2023-09-06T01:14:45.700Z,40.4295529,-111.7283388,2126.300,9.05,-36.73,10.35,0.425,0.636,0.18,16
$GNSS,2023-09-06T01:14:45.750Z,40.4295570,-111.7283604,2125.788,9.04,-36.70,10.38,0.425,0.636,0.18,16
$GNSS,2023-09-06T01:14:45.800Z,40.4295610,-111.7283820,2125.284,8.90,-36.59,10.28,0.425,0.636,0.18,16
$GNSS,2023-09-06T01:14:45.850Z,40.4295649,-111.7284035,2124.761,8.81,-36.59,10.30,0.425,0.637,0.18,16
$GNSS,2023-09-06T01:14:45.900Z,40.4295689,-111.7284251,2124.248,8.78,-36.63,10.20,0.424,0.637,0.18,16
$GNSS,2023-09-06T01:14:45.950Z,40.4295728,-111.7284468,2123.750,8.72,-36.78,10.01,0.424,0.637,0.18,16
$GNSS,2023-09-06T01:14:46.000Z,40.4295766,-111.7284683,2123.254,8.55,-36.54,9.88,0.424,0.637,0.18,16
$GNSS,2023-09-06T01:14:46.050Z,40.4295805,-111.7284897,2122.763,8.46,-36.40,9.89,0.424,0.638,0.18,16
$GNSS,2023-09-06T01:14:46.100Z,40.4295843,-111.7285112,2122.271,8.44,-36.44,9.95,0.424,0.638,0.18,16
$GNSS,2023-09-06T01:14:46.150Z,40.4295880,-111.7285328,2121.775,8.36,-36.61,9.92,0.424,0.638,0.18,16
$GNSS,2023-09-06T01:14:46.250Z,40.4295953,-111.7285758,2120.801,7.98,-36.50,9.55,0.425,0.640,0.21,16
$GNSS,2023-09-06T01:14:46.300Z,40.4295989,-111.7285973,2120.343,7.94,-36.44,9.48,0.425,0.640,0.20,16
$GNSS,2023-09-06T01:14:46.350Z,40.4296025,-111.7286188,2119.876,7.93,-36.52,9.51,0.424,0.640,0.20,16
$GNSS,2023-09-06T01:14:46.400Z,40.4296060,-111.7286402,2119.397,7.85,-36.44,9.52,0.424,0.641,0.20,16
$GNSS,2023-09-06T01:14:46.450Z,40.4296094,-111.7286617,2118.929,7.68,-36.50,9.44,0.424,0.641,0.20,16
$GNSS,2023-09-06T01:14:46.500Z,40.4296129,-111.7286832,2118.452,7.60,-36.52,9.46,0.424,0.641,0.19,16
$GNSS,2023-09-06T01:14:46.550Z,40.4296163,-111.7287047,2117.993,7.59,-36.38,9.39,0.424,0.642,0.18,16
$GNSS,2023-09-06T01:14:46.600Z,40.4296197,-111.7287262,2117.540,7.56,-36.45,9.29,0.423,0.642,0.18,16
$GNSS,2023-09-06T01:14:46.650Z,40.4296230,-111.7287476,2117.067,7.40,-36.37,9.27,0.423,0.642,0.18,16
$GNSS,2023-09-06T01:14:46.700Z,40.4296264,-111.7287690,2116.619,7.41,-36.45,9.17,0.423,0.643,0.18,16
$GNSS,2023-09-06T01:14:46.750Z,40.4296297,-111.7287905,2116.175,7.41,-36.42,8.99,0.423,0.643,0.19,16
$GNSS,2023-09-06T01:14:46.800Z,40.4296330,-111.7288119,2115.724,7.37,-36.30,8.86,0.423,0.643,0.19,16
$GNSS,2023-09-06T01:14:46.850Z,40.4296363,-111.7288332,2115.293,7.33,-36.19,8.74,0.423,0.643,0.19,16
$GNSS,2023-09-06T01:14:46.900Z,40.4296395,-111.7288545,2114.861,7.22,-36.29,8.67,0.423,0.643,0.19,16
$GNSS,2023-09-06T01:14:46.950Z,40.4296428,-111.7288759,2114.418,7.26,-36.31,8.76,0.423,0.644,0.19,16
$GNSS,2023-09-06T01:14:47.000Z,40.4296461,-111.7288973,2113.974,7.39,-36.26,8.76,0.423,0.644,0.18,16
$GNSS,2023-09-06T01:14:47.050Z,40.4296495,-111.7289185,2113.556,7.33,-36.08,8.69,0.423,0.644,0.19,16
$GNSS,2023-09-06T01:14:47.100Z,40.4296528,-111.7289398,2113.130,7.31,-36.13,8.67,0.423,0.644,0.19,16
$GNSS,2023-09-06T01:14:47.150Z,40.4296560,-111.7289611,2112.708,7.19,-36.09,8.60,0.423,0.644,0.19,16
$GNSS,2023-09-06T01:14:47.250Z,40.4296624,-111.7290034,2111.850,7.13,-35.94,8.45,0.423,0.646,0.19,16
$GNSS,2023-09-06T01:14:47.300Z,40.4296657,-111.7290246,2111.418,7.16,-35.97,8.66,0.423,0.646,0.19,16
$GNSS,2023-09-06T01:14:47.350Z,40.4296689,-111.7290459,2110.980,7.08,-36.03,8.75,0.423,0.646,0.19,16
$GNSS,2023-09-06T01:14:47.400Z,40.4296720,-111.7290671,2110.553,6.93,-36.04,8.66,0.423,0.647,0.19,16
$GNSS,2023-09-06T01:14:47.450Z,40.4296751,-111.7290883,2110.129,6.86,-35.98,8.59,0.423,0.647,0.19,16
$GNSS,2023-09-06T01:14:47.500Z,40.4296781,-111.7291094,2109.709,6.78,-35.90,8.49,0.423,0.647,0.19,16
$GNSS,2023-09-06T01:14:47.550Z,40.4296811,-111.7291306,2109.274,6.64,-35.85,8.70,0.423,0.647,0.19,16
$GNSS,2023-09-06T01:14:47.600Z,40.4296841,-111.7291517,2108.833,6.60,-35.83,8.79,0.423,0.647,0.19,16
$GNSS,2023-09-06T01:14:47.650Z,40.4296870,-111.7291728,2108.407,6.54,-35.88,8.72,0.423,0.648,0.19,16
$GNSS,2023-09-06T01:14:47.700Z,40.4296899,-111.7291940,2107.972,6.45,-36.00,8.71,0.423,0.648,0.19,16
$GNSS,2023-09-06T01:14:47.750Z,40.4296928,-111.7292152,2107.527,6.32,-35.92,8.78,0.423,0.648,0.19,16
$GNSS,2023-09-06T01:14:47.800Z,40.4296956,-111.7292362,2107.088,6.20,-35.67,8.86,0.422,0.648,0.18,16
$GNSS,2023-09-06T01:14:47.850Z,40.4296984,-111.7292572,2106.641,6.15,-35.74,9.01,0.422,0.648,0.18,16
$GNSS,2023-09-06T01:14:47.900Z,40.4297011,-111.7292783,2106.181,6.03,-35.84,9.16,0.422,0.648,0.18,16
$GNSS,2023-09-06T01:14:47.950Z,40.4297038,-111.7292994,2105.732,6.07,-35.82,9.06,0.422,0.648,0.18,16
$GNSS,2023-09-06T01:14:48.000Z,40.4297064,-111.7293205,2105.295,5.89,-35.72,8.91,0.422,0.649,0.18,16
$GNSS,2023-09-06T01:14:48.050Z,40.4297090,-111.7293415,2104.836,5.79,-35.75,8.92,0.422,0.649,0.18,16
$GNSS,2023-09-06T01:14:48.100Z,40.4297116,-111.7293625,2104.377,5.69,-35.69,9.03,0.422,0.649,0.18,16
$GNSS,2023-09-06T01:14:48.150Z,40.4297141,-111.7293835,2103.934,5.64,-35.64,9.03,0.422,0.649,0.19,16
$GNSS,2023-09-06T01:14:48.250Z,40.4297191,-111.7294256,2103.018,5.48,-35.76,9.06,0.423,0.651,0.20,16
$GNSS,2023-09-06T01:14:48.300Z,40.4297215,-111.7294466,2102.567,5.38,-35.73,8.95,0.422,0.651,0.19,16
$GNSS,2023-09-06T01:14:48.350Z,40.4297238,-111.7294676,2102.134,5.17,-35.64,8.84,0.422,0.651,0.19,16
$GNSS,2023-09-06T01:14:48.400Z,40.4297261,-111.7294885,2101.691,5.20,-35.53,8.82,0.422,0.651,0.19,16
$GNSS,2023-09-06T01:14:48.450Z,40.4297285,-111.7295094,2101.245,5.22,-35.45,8.82,0.422,0.651,0.19,16
$GNSS,2023-09-06T01:14:48.500Z,40.4297308,-111.7295303,2100.803,5.16,-35.53,8.80,0.422,0.651,0.19,16
$GNSS,2023-09-06T01:14:48.550Z,40.4297330,-111.7295513,2100.356,4.94,-35.63,8.95,0.422,0.651,0.19,16
$GNSS,2023-09-06T01:14:48.600Z,40.4297353,-111.7295723,2099.918,4.98,-35.60,8.95,0.422,0.651,0.19,16
$GNSS,2023-09-06T01:14:48.650Z,40.4297375,-111.7295931,2099.471,4.96,-35.44,8.86,0.422,0.652,0.19,16
$GNSS,2023-09-06T01:14:48.700Z,40.4297397,-111.7296140,2099.029,4.98,-35.40,8.80,0.421,0.652,0.19,16
$GNSS,2023-09-06T01:14:48.750Z,40.4297419,-111.7296348,2098.578,4.88,-35.31,8.97,0.421,0.652,0.19,16
$GNSS,2023-09-06T01:14:48.800Z,40.4297441,-111.7296556,2098.134,4.77,-35.37,9.15,0.421,0.652,0.19,16
$GNSS,2023-09-06T01:14:48.850Z,40.4297463,-111.7296765,2097.681,4.92,-35.40,9.24,0.421,0.652,0.19,16
$GNSS,2023-09-06T01:14:48.900Z,40.4297485,-111.7296973,2097.232,4.88,-35.35,9.05,0.421,0.652,0.19,16
$GNSS,2023-09-06T01:14:48.950Z,40.4297508,-111.7297180,2096.776,5.04,-35.19,9.05,0.421,0.653,0.19,16
$GNSS,2023-09-06T01:14:49.000Z,40.4297530,-111.7297387,2096.316,4.97,-35.19,9.15,0.421,0.653,0.19,16
$GNSS,2023-09-06T01:14:49.050Z,40.4297552,-111.7297595,2095.854,4.94,-35.27,9.27,0.421,0.653,0.19,16
$GNSS,2023-09-06T01:14:49.100Z,40.4297575,-111.7297802,2095.382,5.10,-35.17,9.43,0.421,0.653,0.19,16
$GNSS,2023-09-06T01:14:49.150Z,40.4297597,-111.7298010,2094.907,4.98,-35.21,9.39,0.421,0.653,0.19,16
$GNSS,2023-09-06T01:14:49.250Z,40.4297642,-111.7298425,2093.970,5.02,-35.24,9.38,0.422,0.655,0.20,16
$GNSS,2023-09-06T01:14:49.300Z,40.4297666,-111.7298631,2093.500,5.13,-35.13,9.46,0.422,0.655,0.19,16
$GNSS,2023-09-06T01:14:49.350Z,40.4297689,-111.7298838,2093.024,5.14,-35.11,9.42,0.422,0.655,0.19,16
$GNSS,2023-09-06T01:14:49.400Z,40.4297711,-111.7299045,2092.561,5.01,-35.13,9.28,0.422,0.656,0.19,16
$GNSS,2023-09-06T01:14:49.450Z,40.4297733,-111.7299252,2092.093,4.98,-35.10,9.29,0.422,0.656,0.19,16
$GNSS,2023-09-06T01:14:49.500Z,40.4297756,-111.7299459,2091.631,5.04,-35.14,9.28,0.422,0.656,0.19,16
$GNSS,2023-09-06T01:14:49.550Z,40.4297779,-111.7299665,2091.166,5.10,-35.09,9.28,0.422,0.656,0.19,16
$GNSS,2023-09-06T01:14:49.600Z,40.4297802,-111.7299872,2090.697,5.08,-35.07,9.37,0.422,0.656,0.19,16
$GNSS,2023-09-06T01:14:49.650Z,40.4297824,-111.7300078,2090.223,4.97,-35.05,9.40,0.422,0.656,0.19,16
$GNSS,2023-09-06T01:14:49.700Z,40.4297846,-111.7300285,2089.748,4.99,-35.08,9.42,0.422,0.657,0.19,16
$GNSS,2023-09-06T01:14:49.750Z,40.4297869,-111.7300491,2089.273,5.04,-35.10,9.47,0.422,0.657,0.19,16
$GNSS,2023-09-06T01:14:49.800Z,40.4297891,-111.7300698,2088.795,4.99,-35.13,9.55,0.422,0.657,0.19,16
$GNSS,2023-09-06T01:14:49.850Z,40.4297914,-111.7300904,2088.320,5.08,-34.97,9.54,0.422,0.657,0.19,16
$GNSS,2023-09-06T01:14:49.900Z,40.4297937,-111.7301109,2087.827,5.11,-34.85,9.69,0.422,0.657,0.19,16
$GNSS,2023-09-06T01:14:49.950Z,40.4297960,-111.7301315,2087.342,5.03,-34.92,9.80,0.422,0.658,0.19,16
$GNSS,2023-09-06T01:14:50.000Z,40.4297983,-111.7301522,2086.849,5.16,-35.07,9.90,0.422,0.658,0.19,16
$GNSS,2023-09-06T01:14:50.050Z,40.4298006,-111.7301728,2086.352,5.16,-34.98,9.84,0.422,0.658,0.19,16
$GNSS,2023-09-06T01:14:50.100Z,40.4298030,-111.7301932,2085.875,5.26,-34.74,9.74,0.422,0.658,0.19,16
$GNSS,2023-09-06T01:14:50.150Z,40.4298054,-111.7302137,2085.369,5.32,-34.83,9.91,0.422,0.658,0.20,15
$GNSS,2023-09-06T01:14:50.250Z,40.4298102,-111.7302548,2084.358,5.41,-34.84,10.13,0.423,0.660,0.21,15
$GNSS,2023-09-06T01:14:50.300Z,40.4298127,-111.7302753,2083.860,5.55,-34.83,10.12,0.423,0.660,0.20,15
$GNSS,2023-09-06T01:14:50.350Z,40.4298153,-111.7302957,2083.363,5.60,-34.72,10.00,0.423,0.661,0.20,15
$GNSS,2023-09-06T01:14:50.400Z,40.4298179,-111.7303162,2082.868,5.90,-34.81,9.90,0.423,0.661,0.18,15
$GNSS,2023-09-06T01:14:50.450Z,40.4298206,-111.7303366,2082.373,5.90,-34.67,9.89,0.423,0.661,0.18,15
$GNSS,2023-09-06T01:14:50.500Z,40.4298232,-111.7303570,2081.859,5.97,-34.63,10.01,0.423,0.662,0.18,15
$GNSS,2023-09-06T01:14:50.550Z,40.4298260,-111.7303774,2081.366,6.06,-34.62,10.02,0.423,0.662,0.18,15
$GNSS,2023-09-06T01:14:50.600Z,40.4298288,-111.7303978,2080.868,6.18,-34.60,10.08,0.423,0.662,0.18,15
$GNSS,2023-09-06T01:14:50.650Z,40.4298315,-111.7304182,2080.370,6.16,-34.65,10.01,0.423,0.663,0.18,15
$GNSS,2023-09-06T01:14:50.700Z,40.4298344,-111.7304386,2079.864,6.34,-34.64,10.03,0.423,0.663,0.18,15
$GNSS,2023-09-06T01:14:50.750Z,40.4298373,-111.7304589,2079.364,6.36,-34.54,10.05,0.423,0.663,0.18,15
$GNSS,2023-09-06T01:14:50.800Z,40.4298402,-111.7304793,2078.870,6.48,-34.49,10.04,0.423,0.664,0.18,15
$GNSS,2023-09-06T01:14:50.850Z,40.4298431,-111.7304995,2078.365,6.56,-34.47,10.00,0.423,0.664,0.18,15
$GNSS,2023-09-06T01:14:50.900Z,40.4298461,-111.7305199,2077.876,6.67,-34.45,9.94,0.423,0.664,0.19,15
$GNSS,2023-09-06T01:14:50.950Z,40.4298492,-111.7305401,2077.369,6.75,-34.47,10.00,0.423,0.665,0.19,15
$GNSS,2023-09-06T01:14:51.000Z,40.4298522,-111.7305605,2076.870,6.75,-34.47,10.02,0.423,0.665,0.19,15
$GNSS,2023-09-06T01:14:51.050Z,40.4298553,-111.7305807,2076.364,6.93,-34.41,10.03,0.423,0.665,0.18,15
$GNSS,2023-09-06T01:14:51.100Z,40.4298585,-111.7306010,2075.871,6.97,-34.37,10.03,0.423,0.666,0.18,15
$GNSS,2023-09-06T01:14:51.150Z,40.4298617,-111.7306212,2075.372,7.17,-34.38,10.10,0.423,0.666,0.18,15
$GNSS,2023-09-06T01:14:51.250Z,40.4298683,-111.7306617,2074.357,7.37,-34.37,10.07,0.424,0.668,0.19,15
$GNSS,2023-09-06T01:14:51.300Z,40.4298716,-111.7306819,2073.856,7.39,-34.29,9.98,0.424,0.668,0.18,15
$GNSS,2023-09-06T01:14:51.350Z,40.4298750,-111.7307020,2073.366,7.47,-34.22,9.87,0.424,0.668,0.18,15
$GNSS,2023-09-06T01:14:51.400Z,40.4298784,-111.7307222,2072.862,7.65,-34.21,9.98,0.424,0.669,0.18,15
$GNSS,2023-09-06T01:14:51.450Z,40.4298819,-111.7307424,2072.370,7.77,-34.22,10.04,0.424,0.669,0.18,15
$GNSS,2023-09-06T01:14:51.500Z,40.4298854,-111.7307625,2071.867,7.72,-34.16,10.09,0.424,0.669,0.18,15
$GNSS,2023-09-06T01:14:51.550Z,40.4298889,-111.7307825,2071.351,7.79,-34.02,10.18,0.424,0.670,0.18,15
$GNSS,2023-09-06T01:14:51.600Z,40.4298925,-111.7308026,2070.845,7.89,-34.08,10.14,0.424,0.670,0.18,15
$GNSS,2023-09-06T01:14:51.650Z,40.4298961,-111.7308228,2070.351,8.01,-34.23,10.01,0.424,0.670,0.18,15
$GNSS,2023-09-06T01:14:51.700Z,40.4298997,-111.7308428,2069.841,8.03,-34.12,10.07,0.424,0.671,0.18,15
$GNSS,2023-09-06T01:14:51.750Z,40.4299033,-111.7308628,2069.314,8.07,-33.94,10.26,0.424,0.671,0.18,15
$GNSS,2023-09-06T01:14:51.800Z,40.4299069,-111.7308829,2068.805,8.03,-34.03,10.34,0.424,0.671,0.18,15
$GNSS,2023-09-06T01:14:51.850Z,40.4299105,-111.7309029,2068.286,7.98,-34.07,10.43,0.424,0.671,0.18,15
$GNSS,2023-09-06T01:14:51.900Z,40.4299142,-111.7309230,2067.767,8.08,-34.13,10.37,0.424,0.672,0.18,15
$GNSS,2023-09-06T01:14:51.950Z,40.4299177,-111.7309432,2067.245,8.04,-34.15,10.30,0.424,0.672,0.18,15
$GNSS,2023-09-06T01:14:52.000Z,40.4299213,-111.7309632,2066.729,7.93,-33.99,10.28,0.424,0.672,0.18,15
$GNSS,2023-09-06T01:14:52.050Z,40.4299249,-111.7309832,2066.212,8.05,-33.99,10.33,0.424,0.673,0.18,15
$GNSS,2023-09-06T01:14:52.100Z,40.4299286,-111.7310032,2065.711,8.03,-33.95,10.30,0.424,0.673,0.18,15
$GNSS,2023-09-06T01:14:52.150Z,40.4299321,-111.7310232,2065.190,7.92,-34.04,10.32,0.424,0.673,0.18,15
$GNSS,2023-09-06T01:14:52.250Z,40.4299393,-111.7310633,2064.174,7.96,-34.00,10.11,0.425,0.675,0.19,15
$GNSS,2023-09-06T01:14:52.300Z,40.4299428,-111.7310833,2063.663,7.93,-33.99,10.11,0.425,0.675,0.18,15
$GNSS,2023-09-06T01:14:52.350Z,40.4299464,-111.7311033,2063.152,7.91,-33.97,10.24,0.425,0.676,0.18,15
$GNSS,2023-09-06T01:14:52.400Z,40.4299499,-111.7311234,2062.645,7.85,-34.09,10.20,0.425,0.676,0.18,15
$GNSS,2023-09-06T01:14:52.450Z,40.4299534,-111.7311435,2062.140,7.81,-34.08,10.13,0.426,0.676,0.18,15
$GNSS,2023-09-06T01:14:52.500Z,40.4299570,-111.7311636,2061.640,7.89,-34.13,9.99,0.426,0.676,0.18,15
$GNSS,2023-09-06T01:14:52.550Z,40.4299605,-111.7311836,2061.142,7.86,-33.97,9.93,0.426,0.677,0.18,15
$GNSS,2023-09-06T01:14:52.600Z,40.4299640,-111.7312036,2060.640,7.81,-33.99,10.01,0.426,0.677,0.18,15
$GNSS,2023-09-06T01:14:52.650Z,40.4299675,-111.7312237,2060.133,7.77,-34.12,10.12,0.426,0.677,0.18,15
$GNSS,2023-09-06T01:14:52.700Z,40.4299710,-111.7312438,2059.634,7.69,-34.00,10.05,0.426,0.677,0.18,15
$GNSS,2023-09-06T01:14:52.750Z,40.4299745,-111.7312638,2059.150,7.82,-33.99,9.97,0.426,0.678,0.18,15
$GNSS,2023-09-06T01:14:52.800Z,40.4299780,-111.7312839,2058.657,7.80,-34.07,9.97,0.426,0.678,0.18,15
$GNSS,2023-09-06T01:14:52.850Z,40.4299815,-111.7313039,2058.155,7.67,-34.01,9.90,0.426,0.678,0.19,15
$GNSS,2023-09-06T01:14:52.900Z,40.4299850,-111.7313240,2057.667,7.72,-34.03,9.99,0.426,0.678,0.19,15
$GNSS,2023-09-06T01:14:52.950Z,40.4299885,-111.7313440,2057.172,7.77,-34.03,10.05,0.426,0.678,0.19,15
$GNSS,2023-09-06T01:14:53.000Z,40.4299920,-111.7313640,2056.678,7.78,-33.99,10.02,0.427,0.678,0.19,15
$GNSS,2023-09-06T01:14:53.050Z,40.4299954,-111.7313841,2056.172,7.71,-34.13,9.93,0.427,0.678,0.19,15
$GNSS,2023-09-06T01:14:53.100Z,40.4299989,-111.7314042,2055.680,7.76,-34.05,9.91,0.427,0.679,0.19,15
$GNSS,2023-09-06T01:14:53.150Z,40.4300024,-111.7314242,2055.188,7.63,-34.03,10.03,0.427,0.679,0.19,15
$GNSS,2023-09-06T01:14:53.250Z,40.4300094,-111.7314644,2054.184,7.76,-34.04,10.08,0.428,0.680,0.20,15
$GNSS,2023-09-06T01:14:53.300Z,40.4300128,-111.7314844,2053.689,7.75,-34.06,9.95,0.428,0.680,0.19,15
$GNSS,2023-09-06T01:14:53.350Z,40.4300163,-111.7315043,2053.198,7.74,-33.88,9.85,0.428,0.680,0.19,15
$GNSS,2023-09-06T01:14:53.400Z,40.4300197,-111.7315244,2052.704,7.61,-34.00,9.92,0.428,0.681,0.19,15
$GNSS,2023-09-06T01:14:53.450Z,40.4300232,-111.7315445,2052.200,7.73,-34.05,10.10,0.428,0.681,0.19,15
$GNSS,2023-09-06T01:14:53.500Z,40.4300267,-111.7315645,2051.700,7.65,-34.08,10.09,0.428,0.681,0.19,15
$GNSS,2023-09-06T01:14:53.550Z,40.4300301,-111.7315845,2051.193,7.65,-33.94,10.07,0.428,0.681,0.19,15
$GNSS,2023-09-06T01:14:53.600Z,40.4300336,-111.7316045,2050.695,7.68,-33.91,9.96,0.429,0.681,0.19,15
$GNSS,2023-09-06T01:14:53.650Z,40.4300370,-111.7316244,2050.189,7.67,-33.95,10.03,0.429,0.681,0.19,15
$GNSS,2023-09-06T01:14:53.700Z,40.4300405,-111.7316445,2049.698,7.65,-33.95,10.00,0.429,0.681,0.19,15
$GNSS,2023-09-06T01:14:53.750Z,40.4300439,-111.7316644,2049.200,7.66,-33.93,10.03,0.429,0.681,0.19,15
$GNSS,2023-09-06T01:14:53.800Z,40.4300473,-111.7316844,2048.694,7.63,-33.92,10.04,0.429,0.682,0.19,15
$GNSS,2023-09-06T01:14:53.850Z,40.4300508,-111.7317044,2048.183,7.61,-33.97,10.09,0.429,0.682,0.19,15
$GNSS,2023-09-06T01:14:53.900Z,40.4300542,-111.7317244,2047.677,7.62,-33.98,10.19,0.429,0.682,0.19,15
$GNSS,2023-09-06T01:14:53.950Z,40.4300576,-111.7317445,2047.158,7.54,-34.04,10.25,0.429,0.682,0.19,15
$GNSS,2023-09-06T01:14:54.000Z,40.4300609,-111.7317644,2046.661,7.47,-33.90,10.17,0.429,0.682,0.19,15
$GNSS,2023-09-06T01:14:54.050Z,40.4300643,-111.7317844,2046.162,7.44,-33.91,10.09,0.429,0.682,0.19,15
$GNSS,2023-09-06T01:14:54.100Z,40.4300677,-111.7318044,2045.669,7.47,-33.91,10.03,0.429,0.682,0.19,15
$GNSS,2023-09-06T01:14:54.150Z,40.4300710,-111.7318244,2045.154,7.44,-34.02,10.12,0.430,0.682,0.19,15
$GNSS,2023-09-06T01:14:54.250Z,40.4300776,-111.7318644,2044.143,7.32,-33.96,10.15,0.431,0.684,0.20,15
$GNSS,2023-09-06T01:14:54.300Z,40.4300809,-111.7318845,2043.632,7.29,-33.99,10.15,0.431,0.684,0.19,15
$GNSS,2023-09-06T01:14:54.350Z,40.4300841,-111.7319045,2043.122,7.23,-34.01,10.04,0.431,0.684,0.19,15
$GNSS,2023-09-06T01:14:54.400Z,40.4300874,-111.7319245,2042.624,7.25,-34.06,10.13,0.431,0.684,0.19,15
$GNSS,2023-09-06T01:14:54.450Z,40.4300906,-111.7319444,2042.117,7.17,-33.79,10.25,0.431,0.684,0.19,15
$GNSS,2023-09-06T01:14:54.500Z,40.4300938,-111.7319643,2041.598,7.20,-33.83,10.33,0.431,0.684,0.19,15
$GNSS,2023-09-06T01:14:54.550Z,40.4300971,-111.7319844,2041.095,7.25,-33.97,10.20,0.431,0.685,0.20,15
$GNSS,2023-09-06T01:14:54.600Z,40.4301003,-111.7320045,2040.581,7.08,-34.11,10.17,0.431,0.685,0.19,15
$GNSS,2023-09-06T01:14:54.650Z,40.4301034,-111.7320244,2040.062,7.11,-33.97,10.19,0.431,0.685,0.19,15
$GNSS,2023-09-06T01:14:54.700Z,40.4301066,-111.7320444,2039.550,7.06,-33.85,10.29,0.431,0.685,0.19,15
$GNSS,2023-09-06T01:14:54.750Z,40.4301099,-111.7320644,2039.031,7.16,-33.98,10.39,0.431,0.685,0.19,15
$GNSS,2023-09-06T01:14:54.800Z,40.4301131,-111.7320844,2038.531,7.12,-34.02,10.25,0.431,0.685,0.19,15
$GNSS,2023-09-06T01:14:54.850Z,40.4301162,-111.7321044,2038.012,7.06,-34.00,10.19,0.431,0.685,0.20,15
$GNSS,2023-09-06T01:14:54.900Z,40.4301194,-111.7321244,2037.494,6.99,-33.87,10.30,0.431,0.685,0.19,15
$GNSS,2023-09-06T01:14:54.950Z,40.4301225,-111.7321444,2036.989,6.96,-33.96,10.31,0.431,0.686,0.19,15
$GNSS,2023-09-06T01:14:55.000Z,40.4301256,-111.7321644,2036.482,6.97,-33.97,10.30,0.431,0.686,0.19,15
$GNSS,2023-09-06T01:14:55.050Z,40.4301288,-111.7321844,2035.961,7.05,-33.98,10.24,0.431,0.686,0.19,15
$GNSS,2023-09-06T01:14:55.100Z,40.4301320,-111.7322044,2035.451,7.07,-33.90,10.26,0.431,0.686,0.19,15
$GNSS,2023-09-06T01:14:55.150Z,40.4301351,-111.7322243,2034.928,6.91,-33.94,10.36,0.431,0.686,0.19,15
$GNSS,2023-09-06T01:14:55.250Z,40.4301413,-111.7322642,2033.858,6.94,-33.84,10.76,0.432,0.688,0.21,15
$GNSS,2023-09-06T01:14:55.300Z,40.4301445,-111.7322842,2033.333,6.94,-33.89,10.70,0.432,0.688,0.19,15
$GNSS,2023-09-06T01:14:55.350Z,40.4301475,-111.7323041,2032.797,6.89,-33.88,10.60,0.432,0.688,0.19,15
$GNSS,2023-09-06T01:14:55.400Z,40.4301507,-111.7323240,2032.265,7.05,-33.77,10.65,0.432,0.688,0.19,15
$GNSS,2023-09-06T01:14:55.450Z,40.4301539,-111.7323439,2031.723,7.05,-33.76,10.85,0.432,0.688,0.19,15
$GNSS,2023-09-06T01:14:55.500Z,40.4301570,-111.7323638,2031.174,6.84,-33.78,10.94,0.432,0.688,0.19,15
$GNSS,2023-09-06T01:14:55.550Z,40.4301601,-111.7323837,2030.631,6.89,-33.79,10.99,0.432,0.688,0.19,15
$GNSS,2023-09-06T01:14:55.600Z,40.4301632,-111.7324036,2030.081,6.98,-33.81,10.98,0.432,0.688,0.19,15
$GNSS,2023-09-06T01:14:55.650Z,40.4301664,-111.7324235,2029.524,7.03,-33.79,11.03,0.432,0.689,0.19,15
$GNSS,2023-09-06T01:14:55.700Z,40.4301695,-111.7324434,2028.971,7.02,-33.70,11.13,0.432,0.689,0.19,15
$GNSS,2023-09-06T01:14:55.750Z,40.4301727,-111.7324632,2028.407,6.98,-33.73,11.17,0.433,0.689,0.19,15
$GNSS,2023-09-06T01:14:55.800Z,40.4301758,-111.7324831,2027.846,7.04,-33.76,11.13,0.433,0.689,0.19,15
$GNSS,2023-09-06T01:14:55.850Z,40.4301790,-111.7325029,2027.300,7.06,-33.62,11.14,0.433,0.689,0.19,15
$GNSS,2023-09-06T01:14:55.900Z,40.4301822,-111.7325227,2026.744,7.02,-33.64,11.29,0.433,0.689,0.19,15
$GNSS,2023-09-06T01:14:55.950Z,40.4301854,-111.7325425,2026.166,7.14,-33.67,11.38,0.433,0.689,0.19,15
$GNSS,2023-09-06T01:14:56.000Z,40.4301886,-111.7325623,2025.591,7.18,-33.67,11.40,0.433,0.690,0.19,15
$GNSS,2023-09-06T01:14:56.050Z,40.4301919,-111.7325821,2025.028,7.28,-33.65,11.35,0.433,0.690,0.18,15
$GNSS,2023-09-06T01:14:56.100Z,40.4301952,-111.7326019,2024.471,7.34,-33.56,11.24,0.433,0.690,0.18,15
$GNSS,2023-09-06T01:14:56.150Z,40.4301985,-111.7326216,2023.893,7.37,-33.58,11.32,0.433,0.690,0.18,15
$GNSS,2023-09-06T01:14:56.250Z,40.4302052,-111.7326612,2022.730,7.43,-33.58,11.80,0.434,0.692,0.19,15
$GNSS,2023-09-06T01:14:56.300Z,40.4302086,-111.7326810,2022.134,7.53,-33.62,11.80,0.434,0.692,0.18,15
$GNSS,2023-09-06T01:14:56.350Z,40.4302120,-111.7327007,2021.545,7.70,-33.45,11.71,0.434,0.692,0.18,15
$GNSS,2023-09-06T01:14:56.400Z,40.4302155,-111.7327203,2020.965,7.68,-33.36,11.59,0.434,0.692,0.18,15
$GNSS,2023-09-06T01:14:56.450Z,40.4302189,-111.7327399,2020.381,7.77,-33.39,11.64,0.434,0.693,0.18,15
$GNSS,2023-09-06T01:14:56.500Z,40.4302225,-111.7327596,2019.798,7.80,-33.41,11.79,0.434,0.693,0.18,15
$GNSS,2023-09-06T01:14:56.550Z,40.4302261,-111.7327793,2019.219,7.99,-33.42,11.79,0.434,0.693,0.18,15
$GNSS,2023-09-06T01:14:56.600Z,40.4302297,-111.7327989,2018.634,8.11,-33.28,11.77,0.434,0.693,0.18,15
$GNSS,2023-09-06T01:14:56.650Z,40.4302334,-111.7328185,2018.041,8.11,-33.34,11.77,0.434,0.694,0.18,15
$GNSS,2023-09-06T01:14:56.700Z,40.4302371,-111.7328381,2017.446,8.23,-33.31,11.82,0.434,0.694,0.18,15
$GNSS,2023-09-06T01:14:56.750Z,40.4302408,-111.7328578,2016.860,8.29,-33.37,11.83,0.434,0.694,0.18,15
$GNSS,2023-09-06T01:14:56.800Z,40.4302446,-111.7328774,2016.277,8.45,-33.33,11.81,0.434,0.694,0.18,15
$GNSS,2023-09-06T01:14:56.850Z,40.4302485,-111.7328970,2015.688,8.52,-33.25,11.80,0.434,0.695,0.18,15
$GNSS,2023-09-06T01:14:56.900Z,40.4302523,-111.7329165,2015.100,8.57,-33.14,11.87,0.434,0.695,0.18,15
$GNSS,2023-09-06T01:14:56.950Z,40.4302562,-111.7329361,2014.509,8.65,-33.27,11.78,0.434,0.695,0.18,15
$GNSS,2023-09-06T01:14:57.000Z,40.4302602,-111.7329557,2013.913,8.85,-33.28,11.78,0.435,0.695,0.18,15
$GNSS,2023-09-06T01:14:57.050Z,40.4302642,-111.7329752,2013.330,8.83,-33.18,11.79,0.435,0.696,0.18,15
$GNSS,2023-09-06T01:14:57.100Z,40.4302682,-111.7329947,2012.741,8.90,-33.14,11.80,0.435,0.696,0.18,15
$GNSS,2023-09-06T01:14:57.150Z,40.4302722,-111.7330142,2012.155,9.01,-33.02,11.81,0.435,0.696,0.18,15
$GNSS,2023-09-06T01:14:57.250Z,40.4302805,-111.7330531,2010.964,9.22,-33.11,12.08,0.436,0.698,0.19,15
$GNSS,2023-09-06T01:14:57.300Z,40.4302847,-111.7330727,2010.376,9.22,-33.14,11.99,0.436,0.698,0.18,15
$GNSS,2023-09-06T01:14:57.350Z,40.4302889,-111.7330921,2009.785,9.42,-33.03,11.92,0.436,0.698,0.18,15
$GNSS,2023-09-06T01:14:57.400Z,40.4302931,-111.7331115,2009.179,9.43,-32.99,11.98,0.436,0.698,0.18,15
$GNSS,2023-09-06T01:14:57.450Z,40.4302974,-111.7331309,2008.575,9.47,-32.93,12.08,0.436,0.699,0.18,15
$GNSS,2023-09-06T01:14:57.500Z,40.4303017,-111.7331504,2007.975,9.54,-32.99,12.19,0.436,0.699,0.18,15
$GNSS,2023-09-06T01:14:57.550Z,40.4303061,-111.7331698,2007.371,9.71,-33.05,12.16,0.436,0.699,0.18,15
$GNSS,2023-09-06T01:14:57.600Z,40.4303105,-111.7331892,2006.774,9.84,-32.93,12.02,0.436,0.699,0.18,15
$GNSS,2023-09-06T01:14:57.650Z,40.4303149,-111.7332085,2006.153,9.78,-32.83,12.11,0.436,0.700,0.18,15
$GNSS,2023-09-06T01:14:57.700Z,40.4303193,-111.7332278,2005.535,9.75,-32.80,12.42,0.436,0.700,0.18,15
$GNSS,2023-09-06T01:14:57.750Z,40.4303238,-111.7332472,2004.922,9.91,-32.89,12.56,0.436,0.700,0.18,15
$GNSS,2023-09-06T01:14:57.800Z,40.4303283,-111.7332666,2004.293,9.91,-32.91,12.50,0.436,0.700,0.18,15
$GNSS,2023-09-06T01:14:57.850Z,40.4303328,-111.7332860,2003.671,10.04,-32.93,12.45,0.436,0.700,0.18,15
$GNSS,2023-09-06T01:14:57.900Z,40.4303373,-111.7333054,2003.053,10.03,-32.92,12.45,0.436,0.701,0.18,15
$GNSS,2023-09-06T01:14:57.950Z,40.4303418,-111.7333247,2002.424,10.07,-32.79,12.59,0.436,0.701,0.18,15
$GNSS,2023-09-06T01:14:58.000Z,40.4303463,-111.7333440,2001.780,10.07,-32.76,12.76,0.436,0.701,0.18,15
$GNSS,2023-09-06T01:14:58.050Z,40.4303509,-111.7333633,2001.137,10.16,-32.90,12.81,0.436,0.701,0.18,15
$GNSS,2023-09-06T01:14:58.100Z,40.4303555,-111.7333827,2000.480,10.21,-32.90,12.91,0.436,0.702,0.18,15
$GNSS,2023-09-06T01:14:58.150Z,40.4303601,-111.7334021,1999.834,10.28,-32.91,12.85,0.437,0.702,0.18,15
$GNSS,2023-09-06T01:14:58.250Z,40.4303694,-111.7334407,1998.544,10.35,-32.76,12.92,0.438,0.703,0.19,15
$GNSS,2023-09-06T01:14:58.300Z,40.4303741,-111.7334600,1997.885,10.42,-32.81,13.03,0.438,0.703,0.18,15
$GNSS,2023-09-06T01:14:58.350Z,40.4303787,-111.7334793,1997.227,10.36,-32.78,13.10,0.438,0.704,0.18,15
$GNSS,2023-09-06T01:14:58.400Z,40.4303834,-111.7334986,1996.558,10.49,-32.80,13.25,0.438,0.704,0.18,15
$GNSS,2023-09-06T01:14:58.450Z,40.4303882,-111.7335179,1995.889,10.61,-32.88,13.33,0.438,0.704,0.18,15
$GNSS,2023-09-06T01:14:58.500Z,40.4303930,-111.7335373,1995.219,10.59,-32.94,13.35,0.438,0.704,0.18,15
$GNSS,2023-09-06T01:14:58.550Z,40.4303978,-111.7335567,1994.558,10.67,-32.91,13.27,0.438,0.705,0.18,15
$GNSS,2023-09-06T01:14:58.600Z,40.4304026,-111.7335760,1993.891,10.77,-32.80,13.26,0.438,0.705,0.18,15
$GNSS,2023-09-06T01:14:58.650Z,40.4304075,-111.7335953,1993.219,10.84,-32.81,13.38,0.438,0.705,0.18,15
$GNSS,2023-09-06T01:14:58.700Z,40.4304123,-111.7336146,1992.530,10.81,-32.83,13.64,0.438,0.705,0.18,15
$GNSS,2023-09-06T01:14:58.750Z,40.4304172,-111.7336340,1991.835,10.85,-32.99,13.78,0.438,0.705,0.18,15
$GNSS,2023-09-06T01:14:58.800Z,40.4304221,-111.7336534,1991.140,10.98,-32.93,13.81,0.438,0.706,0.18,15
$GNSS,2023-09-06T01:14:58.850Z,40.4304271,-111.7336728,1990.458,10.94,-32.93,13.72,0.438,0.706,0.18,15
$GNSS,2023-09-06T01:14:58.900Z,40.4304320,-111.7336921,1989.770,11.07,-32.85,13.70,0.438,0.706,0.18,15
$GNSS,2023-09-06T01:14:58.950Z,40.4304371,-111.7337114,1989.075,11.15,-32.82,13.77,0.438,0.706,0.18,15
$GNSS,2023-09-06T01:14:59.000Z,40.4304421,-111.7337308,1988.380,11.20,-32.82,13.85,0.438,0.707,0.18,15
$GNSS,2023-09-06T01:14:59.050Z,40.4304471,-111.7337502,1987.678,11.20,-33.04,13.96,0.438,0.707,0.18,15
$GNSS,2023-09-06T01:14:59.100Z,40.4304522,-111.7337696,1986.973,11.23,-33.01,14.03,0.438,0.707,0.18,15
$GNSS,2023-09-06T01:14:59.150Z,40.4304573,-111.7337891,1986.266,11.30,-33.00,14.05,0.438,0.707,0.18,15
$GNSS,2023-09-06T01:14:59.250Z,40.4304675,-111.7338279,1984.852,11.42,-32.93,14.17,0.439,0.709,0.19,15
$GNSS,2023-09-06T01:14:59.300Z,40.4304726,-111.7338472,1984.132,11.41,-32.86,14.31,0.439,0.709,0.18,15
$GNSS,2023-09-06T01:14:59.350Z,40.4304778,-111.7338666,1983.400,11.51,-32.92,14.48,0.439,0.709,0.18,15
$GNSS,2023-09-06T01:14:59.400Z,40.4304830,-111.7338860,1982.671,11.59,-33.01,14.58,0.439,0.709,0.18,15
$GNSS,2023-09-06T01:14:59.450Z,40.4304882,-111.7339054,1981.922,11.48,-33.01,14.70,0.439,0.709,0.18,15
$GNSS,2023-09-06T01:14:59.500Z,40.4304934,-111.7339248,1981.176,11.55,-32.98,14.80,0.439,0.710,0.19,15
$GNSS,2023-09-06T01:14:59.550Z,40.4304986,-111.7339442,1980.436,11.64,-32.92,14.91,0.439,0.710,0.19,15
$GNSS,2023-09-06T01:14:59.600Z,40.4305039,-111.7339637,1979.674,11.67,-33.05,15.02,0.439,0.710,0.19,15
$GNSS,2023-09-06T01:14:59.650Z,40.4305091,-111.7339830,1978.918,11.74,-32.93,15.05,0.439,0.710,0.18,15
$GNSS,2023-09-06T01:14:59.700Z,40.4305144,-111.7340025,1978.155,11.68,-33.01,15.19,0.439,0.710,0.18,15
$GNSS,2023-09-06T01:14:59.750Z,40.4305197,-111.7340219,1977.393,11.69,-33.02,15.31,0.439,0.710,0.19,15
$GNSS,2023-09-06T01:14:59.800Z,40.4305250,-111.7340414,1976.630,11.75,-33.08,15.32,0.439,0.710,0.19,15
$GNSS,2023-09-06T01:14:59.850Z,40.4305303,-111.7340609,1975.860,11.90,-33.07,15.24,0.439,0.710,0.19,15
$GNSS,2023-09-06T01:14:59.900Z,40.4305356,-111.7340804,1975.084,11.81,-33.14,15.22,0.440,0.710,0.19,15
$GNSS,2023-09-06T01:14:59.950Z,40.4305409,-111.7340998,1974.306,11.80,-33.13,15.39,0.440,0.710,0.19,15
$GNSS,2023-09-06T01:15:00.000Z,40.4305463,-111.7341194,1973.528,11.90,-33.23,15.56,0.440,0.710,0.19,15
$GNSS,2023-09-06T01:15:00.050Z,40.4305517,-111.7341390,1972.761,11.99,-33.25,15.56,0.440,0.710,0.19,15
$GNSS,2023-09-06T01:15:00.100Z,40.4305570,-111.7341586,1971.987,11.89,-33.29,15.48,0.440,0.710,0.19,15
$GNSS,2023-09-06T01:15:00.150Z,40.4305623,-111.7341782,1971.201,11.81,-33.23,15.45,0.440,0.710,0.19,15
$GNSS,2023-09-06T01:15:00.250Z,40.4305731,-111.7342175,1969.647,12.07,-33.43,15.54,0.441,0.711,0.20,15
$GNSS,2023-09-06T01:15:00.300Z,40.4305785,-111.7342372,1968.877,11.98,-33.55,15.46,0.441,0.711,0.19,15
$GNSS,2023-09-06T01:15:00.350Z,40.4305839,-111.7342569,1968.113,11.97,-33.45,15.46,0.441,0.711,0.19,15
$GNSS,2023-09-06T01:15:00.400Z,40.4305893,-111.7342767,1967.317,12.06,-33.53,15.62,0.441,0.712,0.19,15
$GNSS,2023-09-06T01:15:00.450Z,40.4305948,-111.7342964,1966.527,12.19,-33.53,15.73,0.441,0.712,0.19,15
$GNSS,2023-09-06T01:15:00.500Z,40.4306003,-111.7343162,1965.748,12.17,-33.55,15.66,0.441,0.712,0.19,15
$GNSS,2023-09-06T01:15:00.550Z,40.4306057,-111.7343360,1964.967,12.06,-33.66,15.64,0.441,0.712,0.19,15
$GNSS,2023-09-06T01:15:00.600Z,40.4306112,-111.7343558,1964.182,12.08,-33.68,15.66,0.441,0.712,0.19,15
$GNSS,2023-09-06T01:15:00.650Z,40.4306167,-111.7343756,1963.390,12.31,-33.61,15.67,0.441,0.712,0.19,15
$GNSS,2023-09-06T01:15:00.700Z,40.4306223,-111.7343954,1962.602,12.36,-33.65,15.72,0.441,0.712,0.19,15
$GNSS,2023-09-06T01:15:00.750Z,40.4306277,-111.7344152,1961.802,12.16,-33.69,15.88,0.442,0.712,0.19,15
$GNSS,2023-09-06T01:15:00.800Z,40.4306332,-111.7344351,1961.001,12.11,-33.77,16.08,0.442,0.712,0.19,15
$GNSS,2023-09-06T01:15:00.850Z,40.4306388,-111.7344551,1960.204,12.29,-33.84,16.08,0.442,0.712,0.19,15
$GNSS,2023-09-06T01:15:00.900Z,40.4306443,-111.7344750,1959.405,12.27,-33.88,15.92,0.442,0.712,0.19,15
$GNSS,2023-09-06T01:15:00.950Z,40.4306498,-111.7344949,1958.615,12.26,-33.75,15.90,0.442,0.712,0.19,15
$GNSS,2023-09-06T01:15:01.000Z,40.4306553,-111.7345148,1957.802,12.23,-33.81,16.10,0.442,0.712,0.19,15
$GNSS,2023-09-06T01:15:01.050Z,40.4306608,-111.7345347,1956.985,12.21,-33.84,16.28,0.442,0.712,0.19,15
$GNSS,2023-09-06T01:15:01.100Z,40.4306663,-111.7345547,1956.161,12.23,-33.89,16.39,0.442,0.712,0.19,15
$GNSS,2023-09-06T01:15:01.150Z,40.4306718,-111.7345747,1955.351,12.29,-33.98,16.39,0.442,0.712,0.19,15
$GNSS,2023-09-06T01:15:01.250Z,40.4306828,-111.7346146,1953.694,12.12,-33.89,16.58,0.443,0.713,0.19,15
$GNSS,2023-09-06T01:15:01.300Z,40.4306883,-111.7346347,1952.851,12.16,-33.96,16.76,0.443,0.713,0.18,15
$GNSS,2023-09-06T01:15:01.350Z,40.4306938,-111.7346548,1952.006,12.21,-34.13,16.83,0.443,0.713,0.18,15
$GNSS,2023-09-06T01:15:01.400Z,40.4306992,-111.7346749,1951.161,12.18,-34.13,16.88,0.443,0.713,0.19,15
$GNSS,2023-09-06T01:15:01.450Z,40.4307047,-111.7346950,1950.319,12.14,-34.13,16.90,0.443,0.713,0.18,15
$GNSS,2023-09-06T01:15:01.500Z,40.4307102,-111.7347151,1949.470,12.08,-34.18,16.97,0.443,0.713,0.19,15
$GNSS,2023-09-06T01:15:01.550Z,40.4307156,-111.7347352,1948.625,12.18,-34.14,17.01,0.443,0.713,0.19,15
$GNSS,2023-09-06T01:15:01.600Z,40.4307211,-111.7347554,1947.759,12.18,-34.27,17.15,0.443,0.713,0.19,15
$GNSS,2023-09-06T01:15:01.650Z,40.4307266,-111.7347756,1946.898,12.18,-34.37,17.21,0.443,0.713,0.19,15
$GNSS,2023-09-06T01:15:01.700Z,40.4307320,-111.7347959,1946.033,12.01,-34.40,17.27,0.442,0.713,0.19,15
$GNSS,2023-09-06T01:15:01.750Z,40.4307375,-111.7348161,1945.171,12.11,-34.38,17.37,0.442,0.713,0.19,15
$GNSS,2023-09-06T01:15:01.800Z,40.4307429,-111.7348363,1944.303,11.97,-34.31,17.42,0.442,0.713,0.19,15
$GNSS,2023-09-06T01:15:01.850Z,40.4307483,-111.7348567,1943.430,12.04,-34.47,17.44,0.442,0.713,0.19,15
$GNSS,2023-09-06T01:15:01.900Z,40.4307537,-111.7348770,1942.540,12.08,-34.59,17.64,0.442,0.713,0.19,15
$GNSS,2023-09-06T01:15:01.950Z,40.4307592,-111.7348974,1941.653,12.05,-34.57,17.75,0.442,0.713,0.19,15
$GNSS,2023-09-06T01:15:02.000Z,40.4307645,-111.7349178,1940.767,11.97,-34.62,17.82,0.441,0.713,0.19,15
$GNSS,2023-09-06T01:15:02.050Z,40.4307700,-111.7349382,1939.889,12.03,-34.61,17.73,0.441,0.713,0.19,15
$GNSS,2023-09-06T01:15:02.100Z,40.4307754,-111.7349586,1939.007,12.04,-34.65,17.75,0.441,0.713,0.19,15
$GNSS,2023-09-06T01:15:02.150Z,40.4307808,-111.7349791,1938.114,12.02,-34.75,17.93,0.441,0.714,0.19,15
$GNSS,2023-09-06T01:15:02.250Z,40.4307917,-111.7350201,1936.327,12.06,-34.84,17.94,0.442,0.715,0.20,15
$GNSS,2023-09-06T01:15:02.300Z,40.4307971,-111.7350406,1935.434,12.06,-34.86,17.79,0.441,0.715,0.19,15
$GNSS,2023-09-06T01:15:02.350Z,40.4308025,-111.7350612,1934.553,12.10,-34.93,17.75,0.441,0.715,0.19,15
$GNSS,2023-09-06T01:15:02.400Z,40.4308081,-111.7350819,1933.660,12.24,-35.10,17.78,0.441,0.715,0.19,15
$GNSS,2023-09-06T01:15:02.450Z,40.4308136,-111.7351025,1932.768,12.26,-35.07,17.85,0.441,0.715,0.19,15
$GNSS,2023-09-06T01:15:02.500Z,40.4308191,-111.7351232,1931.874,12.23,-35.05,17.85,0.441,0.715,0.18,15
$GNSS,2023-09-06T01:15:02.550Z,40.4308246,-111.7351439,1930.993,12.30,-35.17,17.73,0.441,0.715,0.18,15
$GNSS,2023-09-06T01:15:02.600Z,40.4308302,-111.7351647,1930.134,12.37,-35.26,17.55,0.441,0.715,0.18,15
$GNSS,2023-09-06T01:15:02.650Z,40.4308358,-111.7351855,1929.259,12.40,-35.27,17.58,0.441,0.716,0.18,15
$GNSS,2023-09-06T01:15:02.700Z,40.4308414,-111.7352062,1928.378,12.44,-35.25,17.55,0.441,0.716,0.18,15
$GNSS,2023-09-06T01:15:02.750Z,40.4308470,-111.7352271,1927.514,12.61,-35.46,17.34,0.441,0.716,0.18,15
$GNSS,2023-09-06T01:15:02.800Z,40.4308527,-111.7352480,1926.656,12.55,-35.48,17.26,0.441,0.716,0.18,15
$GNSS,2023-09-06T01:15:02.850Z,40.4308584,-111.7352689,1925.800,12.63,-35.51,17.13,0.441,0.716,0.18,15
$GNSS,2023-09-06T01:15:02.900Z,40.4308641,-111.7352899,1924.944,12.68,-35.56,17.16,0.440,0.716,0.18,15
$GNSS,2023-09-06T01:15:02.950Z,40.4308698,-111.7353108,1924.101,12.74,-35.57,17.08,0.440,0.716,0.18,15
$GNSS,2023-09-06T01:15:03.000Z,40.4308756,-111.7353318,1923.256,12.87,-35.56,17.02,0.440,0.716,0.19,15
$GNSS,2023-09-06T01:15:03.050Z,40.4308815,-111.7353528,1922.420,12.92,-35.62,16.96,0.440,0.716,0.19,15
$GNSS,2023-09-06T01:15:03.100Z,40.4308873,-111.7353738,1921.580,13.01,-35.59,16.87,0.440,0.717,0.19,15
$GNSS,2023-09-06T01:15:03.150Z,40.4308932,-111.7353947,1920.745,13.03,-35.57,16.78,0.440,0.717,0.19,15
$GNSS,2023-09-06T01:15:03.250Z,40.4309051,-111.7354368,1919.080,13.33,-35.73,16.68,0.441,0.718,0.19,15
$GNSS,2023-09-06T01:15:03.300Z,40.4309112,-111.7354578,1918.241,13.39,-35.65,16.68,0.441,0.719,0.18,15
$GNSS,2023-09-06T01:15:03.350Z,40.4309172,-111.7354787,1917.410,13.49,-35.64,16.61,0.441,0.719,0.18,15
$GNSS,2023-09-06T01:15:03.400Z,40.4309233,-111.7354997,1916.578,13.57,-35.65,16.63,0.441,0.719,0.18,15
$GNSS,2023-09-06T01:15:03.450Z,40.4309296,-111.7355208,1915.774,13.75,-35.76,16.51,0.441,0.719,0.18,15
$GNSS,2023-09-06T01:15:03.500Z,40.4309358,-111.7355419,1914.969,13.86,-35.67,16.34,0.441,0.719,0.18,15
$GNSS,2023-09-06T01:15:03.550Z,40.4309421,-111.7355629,1914.168,13.90,-35.65,16.19,0.441,0.720,0.20,15
$GNSS,2023-09-06T01:15:03.600Z,40.4309483,-111.7355838,1913.353,13.92,-35.60,16.18,0.441,0.720,0.20,15
$GNSS,2023-09-06T01:15:03.650Z,40.4309547,-111.7356048,1912.539,14.18,-35.63,16.21,0.441,0.720,0.20,15
$GNSS,2023-09-06T01:15:03.700Z,40.4309611,-111.7356258,1911.735,14.25,-35.68,16.03,0.440,0.720,0.20,15
$GNSS,2023-09-06T01:15:03.750Z,40.4309676,-111.7356468,1910.937,14.31,-35.63,15.93,0.440,0.721,0.20,15
$GNSS,2023-09-06T01:15:03.800Z,40.4309741,-111.7356679,1910.145,14.42,-35.75,15.92,0.440,0.721,0.20,15
$GNSS,2023-09-06T01:15:03.850Z,40.4309806,-111.7356889,1909.349,14.53,-35.75,16.02,0.440,0.721,0.20,15
$GNSS,2023-09-06T01:15:03.900Z,40.4309872,-111.7357099,1908.547,14.59,-35.66,16.04,0.440,0.722,0.20,15
$GNSS,2023-09-06T01:15:03.950Z,40.4309938,-111.7357309,1907.758,14.67,-35.65,15.76,0.440,0.722,0.20,15
$GNSS,2023-09-06T01:15:04.000Z,40.4310004,-111.7357519,1906.980,14.76,-35.56,15.58,0.440,0.722,0.20,15
$GNSS,2023-09-06T01:15:04.050Z,40.4310071,-111.7357728,1906.200,14.90,-35.58,15.59,0.439,0.723,0.19,15
$GNSS,2023-09-06T01:15:04.100Z,40.4310139,-111.7357939,1905.401,15.06,-35.71,15.73,0.439,0.723,0.19,15
$GNSS,2023-09-06T01:15:04.150Z,40.4310207,-111.7358148,1904.622,15.11,-35.63,15.71,0.439,0.723,0.19,15
$GNSS,2023-09-06T01:15:04.250Z,40.4310344,-111.7358567,1903.062,15.28,-35.51,15.49,0.440,0.725,0.21,15
$GNSS,2023-09-06T01:15:04.300Z,40.4310414,-111.7358777,1902.280,15.51,-35.57,15.46,0.440,0.726,0.20,15
$GNSS,2023-09-06T01:15:04.350Z,40.4310484,-111.7358985,1901.525,15.63,-35.39,15.41,0.440,0.726,0.20,15
$GNSS,2023-09-06T01:15:04.400Z,40.4310556,-111.7359194,1900.759,15.81,-35.42,15.35,0.440,0.726,0.20,15
$GNSS,2023-09-06T01:15:04.450Z,40.4310627,-111.7359402,1899.993,15.89,-35.38,15.21,0.439,0.727,0.20,15
$GNSS,2023-09-06T01:15:04.500Z,40.4310699,-111.7359610,1899.228,16.13,-35.33,15.05,0.439,0.727,0.20,15
$GNSS,2023-09-06T01:15:04.550Z,40.4310773,-111.7359818,1898.472,16.25,-35.24,15.04,0.439,0.727,0.20,15
$GNSS,2023-09-06T01:15:04.600Z,40.4310847,-111.7360025,1897.726,16.51,-35.21,14.99,0.439,0.728,0.20,15
$GNSS,2023-09-06T01:15:04.650Z,40.4310921,-111.7360232,1896.976,16.58,-35.24,14.90,0.439,0.728,0.20,15
$GNSS,2023-09-06T01:15:04.700Z,40.4310996,-111.7360439,1896.219,16.62,-35.07,14.89,0.439,0.729,0.20,15
$GNSS,2023-09-06T01:15:04.750Z,40.4311072,-111.7360646,1895.483,16.83,-35.12,14.90,0.439,0.729,0.20,15
$GNSS,2023-09-06T01:15:04.800Z,40.4311149,-111.7360852,1894.741,17.03,-35.05,14.86,0.439,0.729,0.20,15
$GNSS,2023-09-06T01:15:04.850Z,40.4311227,-111.7361059,1894.003,17.30,-35.04,14.78,0.439,0.730,0.20,15
$GNSS,2023-09-06T01:15:04.900Z,40.4311304,-111.7361264,1893.272,17.23,-34.93,14.68,0.438,0.730,0.20,15
$GNSS,2023-09-06T01:15:04.950Z,40.4311382,-111.7361469,1892.536,17.29,-34.86,14.64,0.438,0.730,0.20,15
$GNSS,2023-09-06T01:15:05.000Z,40.4311461,-111.7361675,1891.804,17.47,-34.88,14.58,0.438,0.731,0.20,15
$GNSS,2023-09-06T01:15:05.050Z,40.4311540,-111.7361880,1891.073,17.59,-34.88,14.59,0.438,0.731,0.20,15
$GNSS,2023-09-06T01:15:05.100Z,40.4311620,-111.7362086,1890.360,17.77,-34.92,14.57,0.438,0.732,0.20,15
$GNSS,2023-09-06T01:15:05.150Z,40.4311700,-111.7362292,1889.645,17.81,-34.90,14.41,0.438,0.732,0.20,15
$GNSS,2023-09-06T01:15:05.250Z,40.4311861,-111.7362703,1888.200,17.92,-34.88,14.42,0.439,0.734,0.21,15
$GNSS,2023-09-06T01:15:05.300Z,40.4311942,-111.7362908,1887.489,17.97,-34.92,14.41,0.439,0.734,0.20,15
$GNSS,2023-09-06T01:15:05.350Z,40.4312023,-111.7363114,1886.781,18.00,-34.88,14.30,0.438,0.735,0.20,15
$GNSS,2023-09-06T01:15:05.400Z,40.4312104,-111.7363319,1886.062,18.04,-34.81,14.17,0.438,0.735,0.20,15
$GNSS,2023-09-06T01:15:05.450Z,40.4312186,-111.7363524,1885.354,18.10,-34.88,14.13,0.438,0.735,0.20,15
$GNSS,2023-09-06T01:15:05.500Z,40.4312267,-111.7363730,1884.633,18.09,-34.86,14.28,0.438,0.736,0.20,15
$GNSS,2023-09-06T01:15:05.550Z,40.4312349,-111.7363936,1883.918,18.13,-34.98,14.27,0.438,0.736,0.20,15
$GNSS,2023-09-06T01:15:05.600Z,40.4312430,-111.7364142,1883.193,18.14,-35.06,14.34,0.438,0.736,0.20,15
$GNSS,2023-09-06T01:15:05.650Z,40.4312512,-111.7364349,1882.477,18.13,-35.03,14.31,0.438,0.737,0.20,15
$GNSS,2023-09-06T01:15:05.700Z,40.4312593,-111.7364554,1881.766,18.22,-34.84,14.15,0.438,0.737,0.20,15
$GNSS,2023-09-06T01:15:05.750Z,40.4312675,-111.7364759,1881.065,18.21,-34.88,14.08,0.438,0.737,0.20,15
$GNSS,2023-09-06T01:15:05.800Z,40.4312757,-111.7364966,1880.354,18.24,-35.05,14.16,0.438,0.737,0.20,15
$GNSS,2023-09-06T01:15:05.850Z,40.4312839,-111.7365172,1879.656,18.17,-34.92,14.13,0.438,0.738,0.20,15
$GNSS,2023-09-06T01:15:05.900Z,40.4312921,-111.7365378,1878.941,18.25,-34.99,14.11,0.437,0.738,0.20,15
$GNSS,2023-09-06T01:15:05.950Z,40.4313003,-111.7365584,1878.224,18.28,-34.97,14.12,0.437,0.738,0.20,15
$GNSS,2023-09-06T01:15:06.000Z,40.4313085,-111.7365790,1877.512,18.16,-35.01,14.16,0.437,0.739,0.20,15
$GNSS,2023-09-06T01:15:06.050Z,40.4313166,-111.7365997,1876.801,18.06,-35.15,14.32,0.437,0.739,0.20,15
$GNSS,2023-09-06T01:15:06.100Z,40.4313248,-111.7366204,1876.097,18.11,-35.05,14.30,0.437,0.739,0.20,15
$GNSS,2023-09-06T01:15:06.150Z,40.4313330,-111.7366410,1875.393,18.22,-35.00,14.17,0.437,0.739,0.20,15
$GNSS,2023-09-06T01:15:06.250Z,40.4313493,-111.7366824,1873.973,18.07,-35.19,14.17,0.438,0.740,0.21,15
$GNSS,2023-09-06T01:15:06.300Z,40.4313574,-111.7367032,1873.267,17.97,-35.28,14.25,0.438,0.741,0.20,15
$GNSS,2023-09-06T01:15:06.350Z,40.4313655,-111.7367239,1872.565,17.94,-35.19,14.29,0.438,0.741,0.20,15
$GNSS,2023-09-06T01:15:06.400Z,40.4313735,-111.7367447,1871.843,17.93,-35.19,14.26,0.438,0.741,0.20,15
$GNSS,2023-09-06T01:15:06.450Z,40.4313815,-111.7367656,1871.125,17.86,-35.44,14.17,0.438,0.741,0.20,15
$GNSS,2023-09-06T01:15:06.500Z,40.4313895,-111.7367865,1870.429,17.67,-35.56,14.04,0.438,0.741,0.20,15
$GNSS,2023-09-06T01:15:06.550Z,40.4313973,-111.7368074,1869.727,17.49,-35.52,13.97,0.438,0.741,0.20,15
$GNSS,2023-09-06T01:15:06.600Z,40.4314051,-111.7368284,1869.035,17.40,-35.57,13.85,0.438,0.741,0.22,15
$GNSS,2023-09-06T01:15:06.650Z,40.4314128,-111.7368495,1868.345,17.18,-35.73,13.85,0.438,0.741,0.22,15
$GNSS,2023-09-06T01:15:06.700Z,40.4314205,-111.7368707,1867.644,17.05,-35.95,13.97,0.437,0.741,0.22,15
$GNSS,2023-09-06T01:15:06.750Z,40.4314281,-111.7368920,1866.948,16.88,-36.19,13.96,0.437,0.742,0.22,15
$GNSS,2023-09-06T01:15:06.800Z,40.4314356,-111.7369133,1866.259,16.74,-36.13,13.84,0.437,0.742,0.22,15
$GNSS,2023-09-06T01:15:06.850Z,40.4314430,-111.7369347,1865.585,16.52,-36.24,13.68,0.437,0.742,0.22,15
$GNSS,2023-09-06T01:15:06.900Z,40.4314503,-111.7369561,1864.904,16.23,-36.33,13.57,0.437,0.742,0.22,15
$GNSS,2023-09-06T01:15:06.950Z,40.4314576,-111.7369776,1864.234,16.11,-36.50,13.56,0.436,0.743,0.22,15
$GNSS,2023-09-06T01:15:07.000Z,40.4314648,-111.7369992,1863.560,16.04,-36.54,13.55,0.436,0.743,0.22,15
$GNSS,2023-09-06T01:15:07.050Z,40.4314719,-111.7370209,1862.895,15.90,-36.79,13.35,0.436,0.743,0.22,15
$GNSS,2023-09-06T01:15:07.100Z,40.4314789,-111.7370426,1862.236,15.60,-36.88,13.22,0.436,0.743,0.22,15
$GNSS,2023-09-06T01:15:07.150Z,40.4314858,-111.7370643,1861.578,15.40,-36.89,13.11,0.436,0.744,0.22,15
$GNSS,2023-09-06T01:15:07.250Z,40.4314995,-111.7371080,1860.282,15.11,-37.06,12.91,0.436,0.745,0.23,15
$GNSS,2023-09-06T01:15:07.300Z,40.4315062,-111.7371299,1859.633,14.99,-37.15,12.92,0.436,0.745,0.22,15
$GNSS,2023-09-06T01:15:07.350Z,40.4315129,-111.7371519,1859.000,14.80,-37.34,12.86,0.436,0.745,0.21,15
$GNSS,2023-09-06T01:15:07.400Z,40.4315195,-111.7371739,1858.375,14.73,-37.33,12.81,0.436,0.745,0.21,15
$GNSS,2023-09-06T01:15:07.450Z,40.4315260,-111.7371959,1857.742,14.53,-37.37,12.67,0.435,0.745,0.21,15
$GNSS,2023-09-06T01:15:07.500Z,40.4315324,-111.7372179,1857.105,14.36,-37.36,12.59,0.435,0.745,0.21,15
$GNSS,2023-09-06T01:15:07.550Z,40.4315388,-111.7372400,1856.489,14.19,-37.52,12.62,0.435,0.745,0.21,15
$GNSS,2023-09-06T01:15:07.600Z,40.4315452,-111.7372621,1855.859,14.15,-37.48,12.77,0.435,0.745,0.21,15
$GNSS,2023-09-06T01:15:07.650Z,40.4315515,-111.7372842,1855.226,14.08,-37.54,12.80,0.435,0.745,0.21,15
$GNSS,2023-09-06T01:15:07.700Z,40.4315578,-111.7373065,1854.602,13.96,-37.80,12.64,0.434,0.745,0.21,15
$GNSS,2023-09-06T01:15:07.750Z,40.4315640,-111.7373288,1853.982,13.79,-37.84,12.50,0.434,0.746,0.21,15
$GNSS,2023-09-06T01:15:07.800Z,40.4315700,-111.7373510,1853.371,13.54,-37.69,12.29,0.434,0.745,0.21,15
$GNSS,2023-09-06T01:15:07.850Z,40.4315761,-111.7373732,1852.780,13.54,-37.68,12.16,0.434,0.745,0.21,15
$GNSS,2023-09-06T01:15:07.900Z,40.4315823,-111.7373955,1852.177,13.66,-37.71,12.12,0.433,0.746,0.21,15
$GNSS,2023-09-06T01:15:07.950Z,40.4315884,-111.7374178,1851.571,13.65,-37.88,12.10,0.433,0.746,0.21,15
$GNSS,2023-09-06T01:15:08.000Z,40.4315945,-111.7374401,1850.967,13.51,-37.84,12.14,0.433,0.746,0.20,15
$GNSS,2023-09-06T01:15:08.050Z,40.4316004,-111.7374624,1850.365,13.27,-37.81,12.09,0.433,0.746,0.19,15
$GNSS,2023-09-06T01:15:08.100Z,40.4316064,-111.7374846,1849.774,13.35,-37.69,12.04,0.433,0.746,0.19,15
$GNSS,2023-09-06T01:15:08.150Z,40.4316124,-111.7375068,1849.190,13.26,-37.80,11.96,0.432,0.746,0.19,15
$GNSS,2023-09-06T01:15:08.250Z,40.4316243,-111.7375514,1848.009,13.22,-37.83,11.83,0.433,0.748,0.20,15
$GNSS,2023-09-06T01:15:08.300Z,40.4316302,-111.7375736,1847.408,13.14,-37.76,11.81,0.433,0.748,0.19,15
$GNSS,2023-09-06T01:15:08.350Z,40.4316361,-111.7375960,1846.819,13.08,-37.89,11.79,0.433,0.748,0.19,15
$GNSS,2023-09-06T01:15:08.400Z,40.4316420,-111.7376182,1846.235,13.04,-37.81,11.80,0.432,0.748,0.19,15
$GNSS,2023-09-06T01:15:08.450Z,40.4316478,-111.7376405,1845.649,12.92,-37.82,11.77,0.432,0.748,0.19,15
$GNSS,2023-09-06T01:15:08.500Z,40.4316535,-111.7376628,1845.061,12.81,-37.84,11.69,0.432,0.748,0.19,15
$GNSS,2023-09-06T01:15:08.550Z,40.4316592,-111.7376851,1844.487,12.76,-37.84,11.71,0.432,0.748,0.19,15
$GNSS,2023-09-06T01:15:08.600Z,40.4316649,-111.7377075,1843.897,12.61,-37.93,11.72,0.432,0.748,0.19,15
$GNSS,2023-09-06T01:15:08.650Z,40.4316705,-111.7377298,1843.311,12.47,-37.96,11.66,0.432,0.749,0.19,15
$GNSS,2023-09-06T01:15:08.700Z,40.4316761,-111.7377523,1842.737,12.42,-38.05,11.54,0.431,0.749,0.19,15
$GNSS,2023-09-06T01:15:08.750Z,40.4316816,-111.7377747,1842.162,12.30,-38.06,11.40,0.431,0.749,0.21,15
$GNSS,2023-09-06T01:15:08.800Z,40.4316871,-111.7377972,1841.600,12.19,-38.15,11.26,0.431,0.749,0.21,15
$GNSS,2023-09-06T01:15:08.850Z,40.4316925,-111.7378197,1841.034,12.10,-38.16,11.31,0.431,0.749,0.21,15
$GNSS,2023-09-06T01:15:08.900Z,40.4316980,-111.7378422,1840.474,12.11,-38.20,11.35,0.430,0.749,0.21,15
$GNSS,2023-09-06T01:15:08.950Z,40.4317034,-111.7378647,1839.920,12.02,-38.15,11.32,0.430,0.749,0.21,15
$GNSS,2023-09-06T01:15:09.000Z,40.4317087,-111.7378871,1839.347,11.98,-38.09,11.39,0.430,0.749,0.21,15
$GNSS,2023-09-06T01:15:09.050Z,40.4317142,-111.7379096,1838.768,12.03,-38.19,11.41,0.430,0.749,0.21,15
$GNSS,2023-09-06T01:15:09.100Z,40.4317195,-111.7379321,1838.203,11.98,-38.19,11.40,0.430,0.749,0.20,15
$GNSS,2023-09-06T01:15:09.150Z,40.4317249,-111.7379546,1837.635,11.95,-38.13,11.48,0.430,0.749,0.19,15
$GNSS,2023-09-06T01:15:09.250Z,40.4317357,-111.7379995,1836.470,12.02,-38.11,11.58,0.430,0.751,0.21,15
$GNSS,2023-09-06T01:15:09.300Z,40.4317412,-111.7380220,1835.896,12.08,-38.16,11.59,0.430,0.751,0.20,15
$GNSS,2023-09-06T01:15:09.350Z,40.4317466,-111.7380444,1835.320,12.02,-38.08,11.64,0.430,0.751,0.20,15
$GNSS,2023-09-06T01:15:09.400Z,40.4317520,-111.7380668,1834.717,12.10,-37.97,11.70,0.430,0.751,0.20,15
$GNSS,2023-09-06T01:15:09.450Z,40.4317575,-111.7380891,1834.125,12.15,-37.87,11.66,0.430,0.751,0.20,15
$GNSS,2023-09-06T01:15:09.500Z,40.4317630,-111.7381114,1833.560,12.17,-37.92,11.60,0.430,0.752,0.20,15
$GNSS,2023-09-06T01:15:09.550Z,40.4317685,-111.7381338,1832.976,12.26,-37.95,11.60,0.430,0.752,0.20,15
$GNSS,2023-09-06T01:15:09.600Z,40.4317740,-111.7381561,1832.399,12.32,-37.84,11.55,0.429,0.752,0.20,15
$GNSS,2023-09-06T01:15:09.650Z,40.4317796,-111.7381784,1831.810,12.35,-37.88,11.63,0.429,0.752,0.20,15
$GNSS,2023-09-06T01:15:09.700Z,40.4317851,-111.7382007,1831.209,12.32,-37.92,11.74,0.429,0.752,0.20,15
$GNSS,2023-09-06T01:15:09.750Z,40.4317907,-111.7382231,1830.610,12.35,-37.94,11.81,0.429,0.752,0.20,15
$GNSS,2023-09-06T01:15:09.800Z,40.4317963,-111.7382453,1830.023,12.48,-37.80,11.79,0.429,0.752,0.20,15
$GNSS,2023-09-06T01:15:09.850Z,40.4318020,-111.7382675,1829.439,12.63,-37.69,11.82,0.429,0.752,0.21,15
$GNSS,2023-09-06T01:15:09.900Z,40.4318076,-111.7382897,1828.821,12.49,-37.58,12.10,0.429,0.752,0.20,15
$GNSS,2023-09-06T01:15:09.950Z,40.4318132,-111.7383118,1828.217,12.53,-37.65,12.13,0.429,0.752,0.20,15
$GNSS,2023-09-06T01:15:10.000Z,40.4318189,-111.7383341,1827.615,12.68,-37.80,12.12,0.429,0.752,0.20,15
$GNSS,2023-09-06T01:15:10.050Z,40.4318247,-111.7383563,1826.994,12.80,-37.60,12.23,0.429,0.753,0.20,15
$GNSS,2023-09-06T01:15:10.100Z,40.4318304,-111.7383784,1826.371,12.77,-37.52,12.30,0.429,0.753,0.20,15
$GNSS,2023-09-06T01:15:10.150Z,40.4318362,-111.7384005,1825.750,12.89,-37.52,12.37,0.429,0.753,0.20,15
$GNSS,2023-09-06T01:15:10.250Z,40.4318479,-111.7384445,1824.512,12.99,-37.37,12.39,0.430,0.754,0.21,15
$GNSS,2023-09-06T01:15:10.300Z,40.4318538,-111.7384666,1823.884,13.24,-37.40,12.44,0.430,0.755,0.20,15
$GNSS,2023-09-06T01:15:10.350Z,40.4318600,-111.7384886,1823.271,13.53,-37.33,12.42,0.430,0.755,0.20,15
$GNSS,2023-09-06T01:15:10.400Z,40.4318660,-111.7385105,1822.642,13.50,-37.25,12.43,0.430,0.755,0.20,15
$GNSS,2023-09-06T01:15:10.450Z,40.4318722,-111.7385325,1822.030,13.62,-37.30,12.43,0.430,0.755,0.19,15
$GNSS,2023-09-06T01:15:10.500Z,40.4318784,-111.7385543,1821.406,13.77,-37.10,12.42,0.430,0.755,0.19,15
$GNSS,2023-09-06T01:15:10.550Z,40.4318846,-111.7385762,1820.778,13.88,-37.13,12.41,0.430,0.756,0.19,15
$GNSS,2023-09-06T01:15:10.600Z,40.4318910,-111.7385981,1820.160,14.04,-37.15,12.46,0.430,0.756,0.19,15
$GNSS,2023-09-06T01:15:10.650Z,40.4318974,-111.7386199,1819.539,14.26,-37.01,12.49,0.430,0.756,0.19,15
$GNSS,2023-09-06T01:15:10.700Z,40.4319039,-111.7386416,1818.921,14.33,-36.91,12.47,0.430,0.756,0.19,15
$GNSS,2023-09-06T01:15:10.750Z,40.4319103,-111.7386634,1818.290,14.39,-36.95,12.51,0.430,0.756,0.19,15
$GNSS,2023-09-06T01:15:10.800Z,40.4319169,-111.7386851,1817.659,14.65,-36.78,12.52,0.430,0.757,0.19,15
$GNSS,2023-09-06T01:15:10.850Z,40.4319236,-111.7387067,1817.043,14.77,-36.76,12.52,0.430,0.757,0.19,15
$GNSS,2023-09-06T01:15:10.900Z,40.4319303,-111.7387283,1816.401,14.86,-36.61,12.63,0.430,0.757,0.19,15
$GNSS,2023-09-06T01:15:10.950Z,40.4319371,-111.7387499,1815.767,15.02,-36.65,12.66,0.430,0.757,0.19,15
$GNSS,2023-09-06T01:15:11.000Z,40.4319439,-111.7387714,1815.146,15.12,-36.58,12.55,0.430,0.757,0.19,15
$GNSS,2023-09-06T01:15:11.050Z,40.4319508,-111.7387929,1814.510,15.30,-36.49,12.64,0.430,0.758,0.19,15
$GNSS,2023-09-06T01:15:11.100Z,40.4319577,-111.7388144,1813.869,15.29,-36.50,12.74,0.431,0.758,0.19,15
$GNSS,2023-09-06T01:15:11.150Z,40.4319646,-111.7388358,1813.229,15.42,-36.41,12.89,0.431,0.758,0.19,15
$GNSS,2023-09-06T01:15:11.250Z,40.4319789,-111.7388786,1811.931,15.90,-36.24,13.01,0.432,0.759,0.21,15
$GNSS,2023-09-06T01:15:11.300Z,40.4319860,-111.7388999,1811.281,15.90,-36.23,13.01,0.432,0.759,0.19,15
$GNSS,2023-09-06T01:15:11.350Z,40.4319932,-111.7389212,1810.616,16.00,-36.15,13.12,0.432,0.759,0.19,15
$GNSS,2023-09-06T01:15:11.400Z,40.4320004,-111.7389425,1809.962,16.04,-36.07,13.16,0.432,0.759,0.19,15
$GNSS,2023-09-06T01:15:11.450Z,40.4320077,-111.7389637,1809.302,16.15,-36.07,13.27,0.432,0.759,0.19,15
$GNSS,2023-09-06T01:15:11.500Z,40.4320151,-111.7389849,1808.639,16.27,-35.91,13.34,0.432,0.759,0.19,15
$GNSS,2023-09-06T01:15:11.550Z,40.4320225,-111.7390060,1807.959,16.56,-35.88,13.40,0.433,0.759,0.19,15
$GNSS,2023-09-06T01:15:11.600Z,40.4320300,-111.7390271,1807.286,16.62,-35.84,13.38,0.433,0.759,0.19,15
$GNSS,2023-09-06T01:15:11.650Z,40.4320376,-111.7390481,1806.597,16.79,-35.74,13.53,0.433,0.760,0.19,15
$GNSS,2023-09-06T01:15:11.700Z,40.4320452,-111.7390691,1805.913,16.87,-35.66,13.65,0.433,0.760,0.19,15
$GNSS,2023-09-06T01:15:11.750Z,40.4320528,-111.7390902,1805.213,17.01,-35.71,13.80,0.433,0.760,0.19,15
$GNSS,2023-09-06T01:15:11.800Z,40.4320606,-111.7391111,1804.522,17.12,-35.57,13.88,0.434,0.760,0.19,15
$GNSS,2023-09-06T01:15:11.850Z,40.4320683,-111.7391320,1803.819,17.24,-35.42,13.95,0.434,0.760,0.19,15
$GNSS,2023-09-06T01:15:11.900Z,40.4320762,-111.7391528,1803.115,17.35,-35.42,14.11,0.434,0.760,0.19,15
$GNSS,2023-09-06T01:15:11.950Z,40.4320840,-111.7391737,1802.395,17.41,-35.38,14.29,0.434,0.760,0.19,15
$GNSS,2023-09-06T01:15:12.000Z,40.4320919,-111.7391944,1801.678,17.54,-35.25,14.35,0.435,0.760,0.19,15
$GNSS,2023-09-06T01:15:12.050Z,40.4321000,-111.7392151,1800.965,17.77,-35.15,14.42,0.435,0.760,0.20,15
$GNSS,2023-09-06T01:15:12.100Z,40.4321080,-111.7392358,1800.250,17.87,-35.08,14.39,0.435,0.760,0.20,15
$GNSS,2023-09-06T01:15:12.150Z,40.4321162,-111.7392565,1799.531,17.98,-35.11,14.48,0.435,0.761,0.20,15
$GNSS,2023-09-06T01:15:12.250Z,40.4321325,-111.7392977,1798.050,18.17,-34.96,14.90,0.436,0.762,0.21,15
$GNSS,2023-09-06T01:15:12.300Z,40.4321408,-111.7393183,1797.308,18.32,-34.93,14.90,0.436,0.762,0.19,15
$GNSS,2023-09-06T01:15:12.350Z,40.4321491,-111.7393388,1796.564,18.43,-34.88,14.90,0.437,0.762,0.19,15
$GNSS,2023-09-06T01:15:12.400Z,40.4321575,-111.7393594,1795.809,18.58,-34.83,15.01,0.437,0.762,0.19,15
$GNSS,2023-09-06T01:15:12.450Z,40.4321658,-111.7393799,1795.044,18.52,-34.82,15.19,0.437,0.762,0.19,15
$GNSS,2023-09-06T01:15:12.500Z,40.4321742,-111.7394003,1794.277,18.64,-34.67,15.39,0.437,0.762,0.19,15
$GNSS,2023-09-06T01:15:12.550Z,40.4321826,-111.7394207,1793.505,18.66,-34.69,15.41,0.437,0.762,0.19,15
$GNSS,2023-09-06T01:15:12.600Z,40.4321912,-111.7394412,1792.739,18.93,-34.72,15.42,0.438,0.762,0.19,15
$GNSS,2023-09-06T01:15:12.650Z,40.4321998,-111.7394616,1791.967,19.06,-34.65,15.48,0.438,0.762,0.19,15
$GNSS,2023-09-06T01:15:12.700Z,40.4322084,-111.7394820,1791.198,19.09,-34.66,15.41,0.438,0.762,0.19,15
$GNSS,2023-09-06T01:15:12.750Z,40.4322169,-111.7395023,1790.411,19.02,-34.57,15.53,0.438,0.762,0.19,15
$GNSS,2023-09-06T01:15:12.800Z,40.4322256,-111.7395227,1789.630,19.13,-34.54,15.67,0.439,0.762,0.19,15
$GNSS,2023-09-06T01:15:12.850Z,40.4322343,-111.7395430,1788.843,19.27,-34.54,15.79,0.439,0.762,0.19,15
$GNSS,2023-09-06T01:15:12.900Z,40.4322430,-111.7395634,1788.067,19.28,-34.59,15.64,0.439,0.762,0.19,15
$GNSS,2023-09-06T01:15:12.950Z,40.4322517,-111.7395838,1787.277,19.40,-34.65,15.61,0.439,0.762,0.19,15
$GNSS,2023-09-06T01:15:13.000Z,40.4322604,-111.7396042,1786.486,19.45,-34.60,15.70,0.439,0.762,0.19,15
$GNSS,2023-09-06T01:15:13.050Z,40.4322692,-111.7396245,1785.698,19.41,-34.43,15.80,0.440,0.762,0.19,15
$GNSS,2023-09-06T01:15:13.100Z,40.4322779,-111.7396449,1784.911,19.43,-34.56,15.82,0.440,0.762,0.19,15
$GNSS,2023-09-06T01:15:13.150Z,40.4322867,-111.7396653,1784.126,19.48,-34.69,15.82,0.440,0.762,0.19,15
$GNSS,2023-09-06T01:15:13.250Z,40.4323044,-111.7397062,1782.561,19.61,-34.70,15.60,0.441,0.764,0.20,15
$GNSS,2023-09-06T01:15:13.300Z,40.4323132,-111.7397266,1781.764,19.68,-34.67,15.70,0.442,0.764,0.19,15
$GNSS,2023-09-06T01:15:13.350Z,40.4323220,-111.7397470,1780.985,19.62,-34.69,15.71,0.442,0.764,0.19,15
$GNSS,2023-09-06T01:15:13.400Z,40.4323309,-111.7397675,1780.203,19.69,-34.74,15.67,0.442,0.764,0.19,15
$GNSS,2023-09-06T01:15:13.450Z,40.4323397,-111.7397879,1779.430,19.66,-34.67,15.52,0.442,0.764,0.19,15
$GNSS,2023-09-06T01:15:13.500Z,40.4323486,-111.7398084,1778.653,19.69,-34.74,15.54,0.442,0.764,0.20,15
$GNSS,2023-09-06T01:15:13.550Z,40.4323575,-111.7398289,1777.872,19.71,-34.78,15.61,0.442,0.764,0.20,15
$GNSS,2023-09-06T01:15:13.600Z,40.4323664,-111.7398494,1777.103,19.79,-34.76,15.58,0.442,0.764,0.20,15
$GNSS,2023-09-06T01:15:13.650Z,40.4323753,-111.7398699,1776.349,19.69,-34.79,15.35,0.442,0.764,0.20,15
$GNSS,2023-09-06T01:15:13.700Z,40.4323841,-111.7398904,1775.592,19.73,-34.86,15.09,0.442,0.764,0.20,15
$GNSS,2023-09-06T01:15:13.750Z,40.4323931,-111.7399110,1774.843,19.84,-34.96,14.99,0.442,0.764,0.20,15
$GNSS,2023-09-06T01:15:13.800Z,40.4324020,-111.7399315,1774.106,19.81,-34.87,14.77,0.441,0.764,0.20,15
$GNSS,2023-09-06T01:15:13.850Z,40.4324109,-111.7399521,1773.375,19.76,-34.93,14.66,0.441,0.764,0.20,15
$GNSS,2023-09-06T01:15:13.900Z,40.4324198,-111.7399728,1772.666,19.81,-35.04,14.43,0.441,0.764,0.20,15
$GNSS,2023-09-06T01:15:13.950Z,40.4324287,-111.7399935,1771.964,19.80,-35.09,14.26,0.441,0.764,0.20,15
$GNSS,2023-09-06T01:15:14.000Z,40.4324376,-111.7400141,1771.254,19.78,-35.08,14.06,0.441,0.764,0.20,15
$GNSS,2023-09-06T01:15:14.050Z,40.4324465,-111.7400348,1770.554,19.82,-35.03,13.87,0.441,0.764,0.20,15
$GNSS,2023-09-06T01:15:14.100Z,40.4324554,-111.7400555,1769.874,19.76,-35.19,13.83,0.441,0.764,0.20,15
$GNSS,2023-09-06T01:15:14.150Z,40.4324643,-111.7400763,1769.196,19.65,-35.27,13.77,0.441,0.764,0.20,15
$GNSS,2023-09-06T01:15:14.250Z,40.4324819,-111.7401178,1767.848,19.60,-35.16,13.32,0.442,0.766,0.23,15
$GNSS,2023-09-06T01:15:14.300Z,40.4324908,-111.7401385,1767.196,19.64,-35.24,13.22,0.442,0.766,0.20,15
$GNSS,2023-09-06T01:15:14.350Z,40.4324996,-111.7401594,1766.545,19.61,-35.37,13.10,0.442,0.766,0.22,15
$GNSS,2023-09-06T01:15:14.400Z,40.4325083,-111.7401803,1765.897,19.45,-35.47,12.92,0.442,0.766,0.22,15
$GNSS,2023-09-06T01:15:14.450Z,40.4325171,-111.7402011,1765.265,19.37,-35.38,12.78,0.442,0.766,0.20,15
$GNSS,2023-09-06T01:15:14.500Z,40.4325257,-111.7402220,1764.625,19.30,-35.37,12.71,0.442,0.766,0.20,15
$GNSS,2023-09-06T01:15:14.550Z,40.4325344,-111.7402429,1763.999,19.33,-35.51,12.53,0.441,0.766,0.20,15
$GNSS,2023-09-06T01:15:14.600Z,40.4325431,-111.7402639,1763.381,19.33,-35.57,12.34,0.441,0.766,0.20,15
$GNSS,2023-09-06T01:15:14.650Z,40.4325518,-111.7402849,1762.769,19.30,-35.60,12.26,0.441,0.766,0.20,15
$GNSS,2023-09-06T01:15:14.700Z,40.4325604,-111.7403058,1762.165,19.15,-35.47,12.21,0.441,0.767,0.20,15
$GNSS,2023-09-06T01:15:14.750Z,40.4325691,-111.7403267,1761.588,19.16,-35.53,12.01,0.441,0.767,0.20,15
$GNSS,2023-09-06T01:15:14.800Z,40.4325777,-111.7403477,1761.000,19.11,-35.51,11.85,0.441,0.767,0.20,15
$GNSS,2023-09-06T01:15:14.850Z,40.4325862,-111.7403685,1760.407,18.99,-35.44,11.74,0.441,0.767,0.20,15
$GNSS,2023-09-06T01:15:14.900Z,40.4325948,-111.7403895,1759.828,19.03,-35.60,11.65,0.440,0.767,0.20,15
$GNSS,2023-09-06T01:15:14.950Z,40.4326034,-111.7404105,1759.265,19.03,-35.62,11.51,0.440,0.767,0.20,15
$GNSS,2023-09-06T01:15:15.000Z,40.4326119,-111.7404315,1758.697,18.92,-35.61,11.34,0.440,0.767,0.22,15
$GNSS,2023-09-06T01:15:15.050Z,40.4326204,-111.7404524,1758.138,18.91,-35.43,11.23,0.440,0.767,0.20,15
$GNSS,2023-09-06T01:15:15.100Z,40.4326289,-111.7404734,1757.581,18.86,-35.55,11.16,0.440,0.768,0.20,15
$GNSS,2023-09-06T01:15:15.150Z,40.4326373,-111.7404943,1757.032,18.74,-35.59,11.11,0.440,0.768,0.20,15
$GNSS,2023-09-06T01:15:15.250Z,40.4326542,-111.7405362,1755.950,18.74,-35.56,10.73,0.440,0.769,0.21,15
$GNSS,2023-09-06T01:15:15.300Z,40.4326626,-111.7405572,1755.420,18.66,-35.57,10.65,0.440,0.769,0.22,15
$GNSS,2023-09-06T01:15:15.350Z,40.4326709,-111.7405781,1754.896,18.57,-35.46,10.61,0.440,0.770,0.22,15
$GNSS,2023-09-06T01:15:15.400Z,40.4326793,-111.7405990,1754.372,18.50,-35.45,10.56,0.440,0.770,0.20,15
$GNSS,2023-09-06T01:15:15.450Z,40.4326876,-111.7406200,1753.861,18.43,-35.59,10.40,0.440,0.770,0.20,15
$GNSS,2023-09-06T01:15:15.500Z,40.4326959,-111.7406409,1753.352,18.43,-35.55,10.29,0.440,0.770,0.22,15
$GNSS,2023-09-06T01:15:15.550Z,40.4327041,-111.7406618,1752.845,18.33,-35.52,10.14,0.439,0.770,0.22,15
$GNSS,2023-09-06T01:15:15.600Z,40.4327123,-111.7406827,1752.336,18.31,-35.42,10.11,0.439,0.770,0.22,15
$GNSS,2023-09-06T01:15:15.650Z,40.4327205,-111.7407036,1751.844,18.18,-35.48,9.98,0.439,0.770,0.22,15
$GNSS,2023-09-06T01:15:15.700Z,40.4327287,-111.7407246,1751.342,18.16,-35.53,10.00,0.439,0.770,0.22,15
$GNSS,2023-09-06T01:15:15.750Z,40.4327368,-111.7407455,1750.845,18.10,-35.51,9.93,0.439,0.770,0.22,15
$GNSS,2023-09-06T01:15:15.800Z,40.4327449,-111.7407664,1750.364,17.96,-35.42,9.77,0.439,0.771,0.22,15
$GNSS,2023-09-06T01:15:15.850Z,40.4327529,-111.7407872,1749.889,17.87,-35.38,9.61,0.438,0.771,0.22,15
$GNSS,2023-09-06T01:15:15.900Z,40.4327610,-111.7408081,1749.411,17.84,-35.44,9.60,0.438,0.771,0.22,15
$GNSS,2023-09-06T01:15:15.950Z,40.4327689,-111.7408290,1748.933,17.73,-35.43,9.52,0.438,0.771,0.22,15
$GNSS,2023-09-06T01:15:16.000Z,40.4327769,-111.7408498,1748.465,17.59,-35.32,9.48,0.438,0.771,0.22,15
$GNSS,2023-09-06T01:15:16.050Z,40.4327848,-111.7408706,1748.005,17.57,-35.31,9.34,0.438,0.771,0.22,15
$GNSS,2023-09-06T01:15:16.100Z,40.4327927,-111.7408914,1747.551,17.54,-35.39,9.20,0.438,0.771,0.22,15
$GNSS,2023-09-06T01:15:16.150Z,40.4328005,-111.7409123,1747.111,17.43,-35.36,9.02,0.437,0.772,0.22,15
$GNSS,2023-09-06T01:15:16.200Z,40.4328082,-111.7409330,1746.670,17.20,-35.28,8.82,0.437,0.772,0.22,15
$GNSS,2023-09-06T01:15:16.250Z,40.4328159,-111.7409538,1746.235,17.17,-35.21,8.66,0.437,0.772,0.22,15
$GNSS,2023-09-06T01:15:16.300Z,40.4328236,-111.7409745,1745.817,17.13,-35.17,8.52,0.437,0.772,0.22,15
$GNSS,2023-09-06T01:15:16.350Z,40.4328313,-111.7409952,1745.406,17.06,-35.17,8.22,0.437,0.772,0.21,15
$GNSS,2023-09-06T01:15:16.400Z,40.4328389,-111.7410159,1745.013,16.86,-35.14,7.96,0.437,0.773,0.21,15
$GNSS,2023-09-06T01:15:16.450Z,40.4328464,-111.7410366,1744.646,16.71,-35.06,7.60,0.437,0.773,0.21,15
$GNSS,2023-09-06T01:15:16.500Z,40.4328538,-111.7410571,1744.284,16.55,-34.82,7.29,0.436,0.774,0.21,15
$GNSS,2023-09-06T01:15:16.550Z,40.4328612,-111.7410776,1743.947,16.54,-34.80,7.00,0.436,0.774,0.21,15
$GNSS,2023-09-06T01:15:16.600Z,40.4328686,-111.7410980,1743.618,16.43,-34.61,6.72,0.436,0.775,0.21,15
$GNSS,2023-09-06T01:15:16.650Z,40.4328759,-111.7411183,1743.319,16.28,-34.44,6.17,0.436,0.775,0.21,15
$GNSS,2023-09-06T01:15:16.700Z,40.4328832,-111.7411385,1743.061,16.19,-34.34,5.65,0.436,0.776,0.21,15
$GNSS,2023-09-06T01:15:16.750Z,40.4328904,-111.7411587,1742.813,15.98,-34.20,5.31,0.436,0.776,0.21,15
$GNSS,2023-09-06T01:15:16.800Z,40.4328976,-111.7411787,1742.570,16.02,-34.02,4.96,0.436,0.777,0.21,15
$GNSS,2023-09-06T01:15:16.850Z,40.4329048,-111.7411986,1742.355,15.91,-33.74,4.52,0.435,0.777,0.21,15
$GNSS,2023-09-06T01:15:16.900Z,40.4329119,-111.7412184,1742.156,15.82,-33.55,4.15,0.435,0.778,0.21,15
$GNSS,2023-09-06T01:15:16.950Z,40.4329189,-111.7412380,1741.984,15.56,-33.31,3.91,0.435,0.778,0.21,15
$GNSS,2023-09-06T01:15:17.000Z,40.4329258,-111.7412575,1741.837,15.42,-33.08,3.60,0.435,0.779,0.21,15
$GNSS,2023-09-06T01:15:17.050Z,40.4329327,-111.7412768,1741.697,15.43,-32.86,3.27,0.434,0.779,0.21,15
$GNSS,2023-09-06T01:15:17.100Z,40.4329396,-111.7412961,1741.561,15.37,-32.63,2.86,0.434,0.780,0.21,15
$GNSS,2023-09-06T01:15:17.150Z,40.4329465,-111.7413152,1741.456,15.23,-32.40,2.44,0.434,0.780,0.21,15
$GNSS,2023-09-06T01:15:17.200Z,40.4329533,-111.7413341,1741.374,15.13,-32.17,2.19,0.434,0.781,0.21,15
$GNSS,2023-09-06T01:15:17.250Z,40.4329600,-111.7413530,1741.288,15.06,-31.99,1.97,0.434,0.782,0.21,15
$GNSS,2023-09-06T01:15:17.300Z,40.4329668,-111.7413716,1741.224,14.98,-31.63,1.67,0.434,0.782,0.21,15
$GNSS,2023-09-06T01:15:17.350Z,40.4329735,-111.7413900,1741.170,15.00,-31.37,1.45,0.433,0.783,0.23,15
$GNSS,2023-09-06T01:15:17.400Z,40.4329802,-111.7414084,1741.135,14.93,-31.23,1.15,0.433,0.783,0.23,15
$GNSS,2023-09-06T01:15:17.450Z,40.4329869,-111.7414267,1741.113,14.77,-31.02,0.88,0.433,0.784,0.23,15
$GNSS,2023-09-06T01:15:17.500Z,40.4329934,-111.7414447,1741.079,14.64,-30.66,0.71,0.433,0.784,0.23,15
$GNSS,2023-09-06T01:15:17.550Z,40.4330000,-111.7414627,1741.053,14.67,-30.44,0.44,0.433,0.785,0.23,15
$GNSS,2023-09-06T01:15:17.600Z,40.4330066,-111.7414804,1741.068,14.54,-30.08,0.10,0.433,0.786,0.23,15
$GNSS,2023-09-06T01:15:17.650Z,40.4330130,-111.7414979,1741.099,14.37,-29.80,-0.17,0.433,0.786,0.23,15
$GNSS,2023-09-06T01:15:17.700Z,40.4330193,-111.7415153,1741.122,14.16,-29.61,-0.34,0.433,0.787,0.23,15
$GNSS,2023-09-06T01:15:17.750Z,40.4330257,-111.7415326,1741.157,14.18,-29.32,-0.65,0.433,0.787,0.23,15
$GNSS,2023-09-06T01:15:17.800Z,40.4330319,-111.7415495,1741.217,13.88,-28.78,-0.98,0.432,0.788,0.23,15
$GNSS,2023-09-06T01:15:17.850Z,40.4330381,-111.7415661,1741.279,13.76,-28.36,-1.18,0.432,0.789,0.23,15
$GNSS,2023-09-06T01:15:17.900Z,40.4330442,-111.7415826,1741.353,13.56,-28.01,-1.30,0.432,0.789,0.23,15
$GNSS,2023-09-06T01:15:17.950Z,40.4330503,-111.7415990,1741.457,13.58,-27.83,-1.60,0.432,0.790,0.23,15
$GNSS,2023-09-06T01:15:18.000Z,40.4330562,-111.7416151,1741.552,13.33,-27.49,-1.78,0.432,0.791,0.23,15
$GNSS,2023-09-06T01:15:18.050Z,40.4330621,-111.7416311,1741.648,13.09,-27.10,-1.98,0.432,0.791,0.23,15
$GNSS,2023-09-06T01:15:18.100Z,40.4330679,-111.7416468,1741.771,12.98,-26.75,-2.26,0.432,0.792,0.23,15
$GNSS,2023-09-06T01:15:18.150Z,40.4330736,-111.7416622,1741.896,12.79,-26.22,-2.35,0.432,0.793,0.23,15
$GNSS,2023-09-06T01:15:18.250Z,40.4330848,-111.7416927,1742.175,12.35,-25.81,-2.71,0.433,0.796,0.25,15
$GNSS,2023-09-06T01:15:18.300Z,40.4330902,-111.7417077,1742.312,11.95,-25.52,-2.78,0.433,0.796,0.23,15
$GNSS,2023-09-06T01:15:18.350Z,40.4330955,-111.7417225,1742.451,11.85,-25.20,-2.87,0.433,0.797,0.23,15
$GNSS,2023-09-06T01:15:18.400Z,40.4331007,-111.7417369,1742.620,11.79,-24.58,-2.88,0.433,0.797,0.23,15
$GNSS,2023-09-06T01:15:18.450Z,40.4331060,-111.7417510,1742.771,11.79,-24.05,-2.97,0.433,0.798,0.23,15
$GNSS,2023-09-06T01:15:18.500Z,40.4331112,-111.7417649,1742.911,11.67,-23.71,-3.05,0.433,0.799,0.23,15
$GNSS,2023-09-06T01:15:18.550Z,40.4331163,-111.7417787,1743.053,11.41,-23.42,-3.13,0.433,0.799,0.23,15
$GNSS,2023-09-06T01:15:18.600Z,40.4331214,-111.7417923,1743.211,11.31,-23.15,-3.08,0.433,0.800,0.23,15
$GNSS,2023-09-06T01:15:18.650Z,40.4331264,-111.7418058,1743.364,11.23,-22.96,-2.99,0.433,0.800,0.23,15
$GNSS,2023-09-06T01:15:18.700Z,40.4331314,-111.7418191,1743.515,11.08,-22.64,-2.95,0.433,0.801,0.23,15
$GNSS,2023-09-06T01:15:18.750Z,40.4331363,-111.7418323,1743.652,10.93,-22.37,-2.93,0.432,0.802,0.23,15
$GNSS,2023-09-06T01:15:18.800Z,40.4331411,-111.7418452,1743.783,10.77,-22.06,-2.89,0.432,0.802,0.23,15
$GNSS,2023-09-06T01:15:18.850Z,40.4331459,-111.7418581,1743.908,10.70,-21.82,-2.76,0.432,0.803,0.23,15
$GNSS,2023-09-06T01:15:18.900Z,40.4331506,-111.7418707,1744.051,10.49,-21.57,-2.72,0.432,0.803,0.23,15
$GNSS,2023-09-06T01:15:18.950Z,40.4331552,-111.7418833,1744.194,10.26,-21.44,-2.67,0.432,0.804,0.23,15
$GNSS,2023-09-06T01:15:19.000Z,40.4331597,-111.7418959,1744.313,10.15,-21.32,-2.45,0.432,0.805,0.23,15
$GNSS,2023-09-06T01:15:19.050Z,40.4331643,-111.7419082,1744.435,10.11,-21.07,-2.31,0.432,0.805,0.23,15
$GNSS,2023-09-06T01:15:19.100Z,40.4331688,-111.7419204,1744.555,10.07,-20.74,-2.24,0.432,0.806,0.23,15
$GNSS,2023-09-06T01:15:19.150Z,40.4331732,-111.7419324,1744.647,9.80,-20.45,-2.07,0.432,0.806,0.23,15
$GNSS,2023-09-06T01:15:19.250Z,40.4331818,-111.7419564,1744.818,9.48,-20.35,-1.83,0.433,0.809,0.25,15
$GNSS,2023-09-06T01:15:19.300Z,40.4331859,-111.7419682,1744.903,9.31,-20.04,-1.78,0.433,0.809,0.23,15
$GNSS,2023-09-06T01:15:19.350Z,40.4331901,-111.7419799,1744.978,9.27,-19.89,-1.56,0.433,0.809,0.23,15
$GNSS,2023-09-06T01:15:19.400Z,40.4331942,-111.7419915,1745.018,9.13,-19.76,-1.28,0.433,0.809,0.23,15
$GNSS,2023-09-06T01:15:19.450Z,40.4331981,-111.7420031,1745.045,8.84,-19.72,-0.94,0.433,0.809,0.23,15
$GNSS,2023-09-06T01:15:19.500Z,40.4332021,-111.7420146,1745.060,8.88,-19.58,-0.78,0.433,0.809,0.23,15
$GNSS,2023-09-06T01:15:19.550Z,40.4332060,-111.7420258,1745.085,8.77,-19.07,-0.80,0.433,0.809,0.24,15
$GNSS,2023-09-06T01:15:19.600Z,40.4332099,-111.7420368,1745.124,8.61,-18.75,-0.58,0.433,0.809,0.24,15
$GNSS,2023-09-06T01:15:19.650Z,40.4332137,-111.7420478,1745.135,8.53,-18.58,-0.45,0.433,0.808,0.24,15
$GNSS,2023-09-06T01:15:19.700Z,40.4332174,-111.7420587,1745.134,8.26,-18.52,-0.41,0.433,0.808,0.24,15
$GNSS,2023-09-06T01:15:19.750Z,40.4332210,-111.7420695,1745.122,8.02,-18.39,-0.25,0.433,0.808,0.24,15
$GNSS,2023-09-06T01:15:19.800Z,40.4332246,-111.7420801,1745.131,8.05,-18.02,-0.15,0.433,0.808,0.24,15
$GNSS,2023-09-06T01:15:19.850Z,40.4332283,-111.7420905,1745.118,8.21,-17.73,0.13,0.432,0.808,0.22,15
$GNSS,2023-09-06T01:15:19.900Z,40.4332321,-111.7421009,1745.067,8.32,-17.62,0.58,0.432,0.808,0.23,15
$GNSS,2023-09-06T01:15:19.950Z,40.4332357,-111.7421113,1745.023,8.11,-17.60,0.72,0.432,0.808,0.23,15
$GNSS,2023-09-06T01:15:20.000Z,40.4332393,-111.7421216,1744.934,7.94,-17.51,1.03,0.432,0.807,0.23,15
$GNSS,2023-09-06T01:15:20.050Z,40.4332429,-111.7421318,1744.860,7.93,-17.38,1.28,0.432,0.807,0.23,15
$GNSS,2023-09-06T01:15:20.100Z,40.4332464,-111.7421420,1744.763,7.83,-17.27,1.56,0.432,0.807,0.23,15
$GNSS,2023-09-06T01:15:20.150Z,40.4332499,-111.7421523,1744.651,7.68,-17.35,1.98,0.432,0.807,0.23,15
$GNSS,2023-09-06T01:15:20.250Z,40.4332567,-111.7421727,1744.337,7.61,-17.34,2.96,0.433,0.808,0.24,15
$GNSS,2023-09-06T01:15:20.300Z,40.4332602,-111.7421829,1744.152,7.57,-17.27,3.26,0.433,0.808,0.23,15
$GNSS,2023-09-06T01:15:20.350Z,40.4332635,-111.7421930,1743.980,7.52,-17.10,3.36,0.433,0.808,0.23,15
$GNSS,2023-09-06T01:15:20.400Z,40.4332669,-111.7422030,1743.782,7.47,-17.05,3.58,0.433,0.808,0.22,15
$GNSS,2023-09-06T01:15:20.450Z,40.4332704,-111.7422129,1743.569,7.69,-16.77,3.96,0.433,0.808,0.22,15
$GNSS,2023-09-06T01:15:20.500Z,40.4332738,-111.7422228,1743.328,7.58,-16.78,4.38,0.433,0.808,0.22,15
$GNSS,2023-09-06T01:15:20.550Z,40.4332770,-111.7422327,1743.064,7.19,-16.92,4.65,0.433,0.807,0.22,15
$GNSS,2023-09-06T01:15:20.600Z,40.4332801,-111.7422427,1742.807,6.86,-16.98,4.90,0.433,0.807,0.20,15
$GNSS,2023-09-06T01:15:20.650Z,40.4332832,-111.7422527,1742.528,6.89,-17.00,5.22,0.433,0.807,0.20,15
$GNSS,2023-09-06T01:15:20.700Z,40.4332865,-111.7422627,1742.244,7.09,-16.90,5.61,0.433,0.806,0.20,15
$GNSS,2023-09-06T01:15:20.750Z,40.4332897,-111.7422725,1741.946,7.25,-16.63,5.67,0.433,0.806,0.20,15
$GNSS,2023-09-06T01:15:20.800Z,40.4332930,-111.7422820,1741.638,7.21,-16.23,5.78,0.432,0.805,0.21,15
$GNSS,2023-09-06T01:15:20.850Z,40.4332963,-111.7422915,1741.318,7.27,-16.17,6.24,0.432,0.804,0.21,15
$GNSS,2023-09-06T01:15:20.900Z,40.4332996,-111.7423013,1740.943,7.17,-16.56,7.03,0.432,0.804,0.21,15
$GNSS,2023-09-06T01:15:20.950Z,40.4333027,-111.7423114,1740.544,6.99,-16.96,7.57,0.431,0.803,0.21,15
$GNSS,2023-09-06T01:15:21.000Z,40.4333058,-111.7423214,1740.128,6.84,-16.95,7.92,0.431,0.803,0.20,15
$GNSS,2023-09-06T01:15:21.050Z,40.4333089,-111.7423312,1739.712,6.93,-16.70,8.05,0.431,0.802,0.20,15
$GNSS,2023-09-06T01:15:21.100Z,40.4333121,-111.7423409,1739.292,6.96,-16.46,8.22,0.431,0.801,0.20,15
$GNSS,2023-09-06T01:15:21.150Z,40.4333151,-111.7423505,1738.863,6.80,-16.33,8.33,0.430,0.801,0.20,15
$GNSS,2023-09-06T01:15:21.250Z,40.4333214,-111.7423696,1737.983,6.98,-16.17,8.70,0.432,0.801,0.21,15
$GNSS,2023-09-06T01:15:21.300Z,40.4333244,-111.7423792,1737.524,6.81,-16.30,8.98,0.432,0.800,0.20,15
$GNSS,2023-09-06T01:15:21.350Z,40.4333275,-111.7423889,1737.045,6.70,-16.40,9.28,0.432,0.800,0.20,15
$GNSS,2023-09-06T01:15:21.400Z,40.4333306,-111.7423985,1736.562,6.85,-16.39,9.59,0.432,0.799,0.20,15
$GNSS,2023-09-06T01:15:21.450Z,40.4333337,-111.7424081,1736.061,6.91,-16.26,9.85,0.432,0.799,0.20,15
$GNSS,2023-09-06T01:15:21.500Z,40.4333368,-111.7424176,1735.543,6.88,-16.16,10.03,0.432,0.798,0.20,15
$GNSS,2023-09-06T01:15:21.550Z,40.4333399,-111.7424272,1735.021,6.91,-16.24,10.25,0.432,0.798,0.20,15
$GNSS,2023-09-06T01:15:21.600Z,40.4333429,-111.7424367,1734.499,6.74,-16.23,10.35,0.432,0.798,0.20,15
$GNSS,2023-09-06T01:15:21.650Z,40.4333460,-111.7424463,1733.976,6.70,-16.13,10.46,0.433,0.797,0.20,15
$GNSS,2023-09-06T01:15:21.700Z,40.4333490,-111.7424556,1733.442,6.63,-15.91,10.70,0.433,0.797,0.20,15
$GNSS,2023-09-06T01:15:21.750Z,40.4333519,-111.7424649,1732.895,6.47,-15.69,10.89,0.433,0.796,0.20,15
$GNSS,2023-09-06T01:15:21.800Z,40.4333548,-111.7424738,1732.370,6.41,-15.24,10.64,0.433,0.796,0.20,15
$GNSS,2023-09-06T01:15:21.850Z,40.4333572,-111.7424814,1731.883,5.75,-13.27,9.81,0.433,0.796,0.20,15
$GNSS,2023-09-06T01:15:21.900Z,40.4333596,-111.7424888,1731.359,5.43,-12.65,10.12,0.433,0.796,0.21,15
$GNSS,2023-09-06T01:15:21.950Z,40.4333620,-111.7424967,1730.803,5.12,-13.30,10.97,0.433,0.796,0.20,15
$GNSS,2023-09-06T01:15:22.000Z,40.4333643,-111.7425040,1730.227,5.13,-12.44,11.42,0.433,0.796,0.22,15
$GNSS,2023-09-06T01:15:22.050Z,40.4333664,-111.7425106,1729.619,4.78,-11.41,11.87,0.433,0.796,0.22,15
$GNSS,2023-09-06T01:15:22.100Z,40.4333683,-111.7425166,1728.970,4.35,-10.47,12.42,0.433,0.795,0.22,15
$GNSS,2023-09-06T01:15:22.150Z,40.4333701,-111.7425224,1728.289,4.11,-10.03,13.09,0.433,0.795,0.23,15
$GNSS,2023-09-06T01:15:22.250Z,40.4333738,-111.7425339,1726.827,4.22,-9.72,15.02,0.435,0.797,0.23,15
$GNSS,2023-09-06T01:15:22.300Z,40.4333756,-111.7425395,1726.004,4.21,-9.77,15.87,0.435,0.798,0.23,15
$GNSS,2023-09-06T01:15:22.350Z,40.4333777,-111.7425454,1725.177,4.55,-10.08,16.47,0.436,0.800,0.24,15
$GNSS,2023-09-06T01:15:22.400Z,40.4333797,-111.7425513,1724.298,4.77,-10.14,17.14,0.437,0.801,0.25,15
$GNSS,2023-09-06T01:15:22.450Z,40.4333819,-111.7425574,1723.416,4.88,-10.40,17.33,0.440,0.804,0.30,15
$GNSS,2023-09-06T01:15:22.500Z,40.4333841,-111.7425632,1722.548,4.98,-9.96,17.26,0.442,0.807,0.34,15
$GNSS,2023-09-06T01:15:22.550Z,40.4333860,-111.7425677,1721.670,4.59,-8.53,17.06,0.443,0.809,0.38,15
$GNSS,2023-09-06T01:15:22.600Z,40.4333877,-111.7425720,1720.807,4.19,-7.71,16.72,0.444,0.813,0.51,15
$GNSS,2023-09-06T01:15:22.650Z,40.4333892,-111.7425762,1719.956,3.80,-7.34,16.46,0.446,0.816,0.58,15
$GNSS,2023-09-06T01:15:22.700Z,40.4333907,-111.7425794,1719.013,3.76,-6.33,16.71,0.448,0.821,0.69,15
$GNSS,2023-09-06T01:15:22.750Z,40.4333917,-111.7425813,1718.033,3.14,-4.61,16.92,0.449,0.825,0.78,15
$GNSS,2023-09-06T01:15:22.800Z,40.4333933,-111.7425838,1717.153,3.50,-4.37,16.94,0.453,0.831,0.78,15
$GNSS,2023-09-06T01:15:22.850Z,40.4333950,-111.7425861,1716.290,3.82,-4.03,16.96,0.457,0.838,0.77,15
$GNSS,2023-09-06T01:15:22.900Z,40.4333967,-111.7425883,1715.461,3.75,-3.84,16.86,0.461,0.846,0.76,15
$GNSS,2023-09-06T01:15:22.950Z,40.4333980,-111.7425904,1714.650,3.40,-3.63,16.71,0.466,0.855,0.74,15
$GNSS,2023-09-06T01:15:23.000Z,40.4333993,-111.7425926,1713.929,3.00,-3.53,16.33,0.471,0.865,0.78,15
$GNSS,2023-09-06T01:15:23.050Z,40.4334003,-111.7425945,1713.144,2.46,-3.45,16.25,0.477,0.877,0.79,15
$GNSS,2023-09-06T01:15:23.100Z,40.4334009,-111.7425959,1712.366,1.96,-2.94,16.11,0.483,0.891,0.80,15
$GNSS,2023-09-06T01:15:23.150Z,40.4334016,-111.7425974,1711.576,1.72,-2.74,16.05,0.489,0.906,0.78,15
$GNSS,2023-09-06T01:15:23.200Z,40.4334022,-111.7425993,1710.906,1.35,-2.74,15.65,0.495,0.921,0.77,15
$GNSS,2023-09-06T01:15:23.250Z,40.4334022,-111.7426002,1710.128,0.83,-2.15,15.55,0.501,0.939,0.77,14
$GNSS,2023-09-06T01:15:23.300Z,40.4334022,-111.7426007,1709.355,0.50,-1.50,15.46,0.508,0.959,0.81,14
$GNSS,2023-09-06T01:15:23.350Z,40.4334022,-111.7426014,1708.734,0.11,-1.08,15.04,0.514,0.976,0.84,14
$GNSS,2023-09-06T01:15:23.400Z,40.4334018,-111.7426013,1708.075,-0.33,-0.27,14.77,0.520,0.994,0.94,14
$GNSS,2023-09-06T01:15:23.450Z,40.4334015,-111.7426008,1707.501,-0.55,0.68,14.36,0.525,1.008,1.05,14
$GNSS,2023-09-06T01:15:23.500Z,40.4334014,-111.7426003,1706.967,-0.54,1.16,13.92,0.530,1.022,1.06,14
$GNSS,2023-09-06T01:15:23.550Z,40.4334016,-111.7425994,1706.407,-0.16,1.69,13.61,0.536,1.037,1.03,14
$GNSS,2023-09-06T01:15:23.600Z,40.4334018,-111.7425980,1705.860,0.18,2.35,13.30,0.543,1.052,0.96,14
$GNSS,2023-09-06T01:15:23.650Z,40.4334023,-111.7425966,1705.359,0.60,2.86,12.93,0.548,1.062,0.85,14
$GNSS,2023-09-06T01:15:23.700Z,40.4334032,-111.7425957,1705.039,0.93,2.85,12.31,0.552,1.072,0.82,14
$GNSS,2023-09-06T01:15:23.750Z,40.4334043,-111.7425951,1704.852,1.10,2.87,11.46,0.556,1.081,0.80,13
$GNSS,2023-09-06T01:15:23.800Z,40.4334049,-111.7425938,1704.508,0.95,3.00,10.98,0.564,1.093,0.80,13
$GNSS,2023-09-06T01:15:23.850Z,40.4334056,-111.7425923,1704.137,1.10,3.18,10.63,0.571,1.103,0.79,13
$GNSS,2023-09-06T01:15:23.900Z,40.4334065,-111.7425911,1703.817,1.32,3.08,10.28,0.577,1.112,0.78,14
$GNSS,2023-09-06T01:15:23.950Z,40.4334080,-111.7425908,1703.583,1.87,2.49,9.83,0.583,1.120,0.75,15
$GNSS,2023-09-06T01:15:24.000Z,40.4334096,-111.7425903,1703.270,2.42,2.19,9.55,0.588,1.125,0.71,15
$GNSS,2023-09-06T01:15:24.050Z,40.4334113,-111.7425901,1703.084,2.84,2.00,9.07,0.591,1.125,0.66,14
$GNSS,2023-09-06T01:15:24.100Z,40.4334138,-111.7425908,1702.987,3.57,1.35,8.54,0.583,1.094,0.49,16
$GNSS,2023-09-06T01:15:24.150Z,40.4334159,-111.7425911,1702.816,3.92,1.03,8.15,0.580,1.079,0.40,16
$GNSS,2023-09-06T01:15:24.250Z,40.4334193,-111.7425897,1701.998,3.82,1.20,8.14,0.580,1.076,0.41,16
$GNSS,2023-09-06T01:15:24.300Z,40.4334208,-111.7425887,1701.557,3.54,1.29,8.20,0.579,1.071,0.36,16
$GNSS,2023-09-06T01:15:24.350Z,40.4334226,-111.7425883,1701.152,3.89,0.99,8.19,0.578,1.067,0.32,16
$GNSS,2023-09-06T01:15:24.400Z,40.4334245,-111.7425879,1700.744,4.20,0.79,8.16,0.577,1.065,0.31,16
$GNSS,2023-09-06T01:15:24.450Z,40.4334264,-111.7425873,1700.386,4.13,1.13,7.91,0.576,1.062,0.29,16
$GNSS,2023-09-06T01:15:24.500Z,40.4334282,-111.7425866,1699.967,4.07,1.09,8.00,0.576,1.060,0.28,16
$GNSS,2023-09-06T01:15:24.550Z,40.4334301,-111.7425861,1699.545,4.23,0.85,8.09,0.575,1.058,0.28,16
$GNSS,2023-09-06T01:15:24.600Z,40.4334320,-111.7425859,1699.141,4.36,0.48,8.08,0.575,1.055,0.29,16
$GNSS,2023-09-06T01:15:24.650Z,40.4334340,-111.7425856,1698.755,4.40,0.53,8.02,0.574,1.053,0.29,16
$GNSS,2023-09-06T01:15:24.700Z,40.4334359,-111.7425853,1698.356,4.32,0.42,8.00,0.574,1.051,0.29,16
$GNSS,2023-09-06T01:15:24.750Z,40.4334379,-111.7425852,1697.964,4.46,0.36,7.93,0.573,1.049,0.28,16
$GNSS,2023-09-06T01:15:24.800Z,40.4334400,-111.7425850,1697.576,4.48,0.31,7.88,0.572,1.046,0.28,16
$GNSS,2023-09-06T01:15:24.850Z,40.4334420,-111.7425850,1697.198,4.47,0.15,7.88,0.571,1.043,0.28,16
$GNSS,2023-09-06T01:15:24.900Z,40.4334442,-111.7425852,1696.809,4.66,-0.10,7.87,0.570,1.041,0.28,16
$GNSS,2023-09-06T01:15:24.950Z,40.4334463,-111.7425854,1696.437,4.74,-0.28,7.72,0.569,1.038,0.27,16
$GNSS,2023-09-06T01:15:25.000Z,40.4334485,-111.7425858,1696.064,4.85,-0.45,7.62,0.567,1.034,0.27,16
$GNSS,2023-09-06T01:15:25.050Z,40.4334510,-111.7425863,1695.692,5.25,-0.69,7.61,0.566,1.032,0.25,16
$GNSS,2023-09-06T01:15:25.100Z,40.4334534,-111.7425869,1695.329,5.31,-0.93,7.56,0.565,1.029,0.24,16
$GNSS,2023-09-06T01:15:25.150Z,40.4334559,-111.7425878,1694.975,5.47,-1.27,7.53,0.564,1.026,0.24,16
$GNSS,2023-09-06T01:15:25.250Z,40.4334611,-111.7425899,1694.258,5.72,-1.76,7.49,0.563,1.023,0.29,16
$GNSS,2023-09-06T01:15:25.300Z,40.4334638,-111.7425912,1693.921,5.90,-1.85,7.41,0.562,1.020,0.27,16
$GNSS,2023-09-06T01:15:25.350Z,40.4334666,-111.7425926,1693.604,5.93,-2.07,7.12,0.561,1.017,0.26,16
$GNSS,2023-09-06T01:15:25.400Z,40.4334693,-111.7425941,1693.280,5.93,-2.13,7.00,0.560,1.014,0.26,16
$GNSS,2023-09-06T01:15:25.450Z,40.4334721,-111.7425956,1692.966,6.06,-2.32,6.88,0.559,1.011,0.25,16
$GNSS,2023-09-06T01:15:25.500Z,40.4334748,-111.7425973,1692.653,5.99,-2.57,6.86,0.558,1.009,0.25,16
$GNSS,2023-09-06T01:15:25.550Z,40.4334776,-111.7425990,1692.361,5.97,-2.68,6.70,0.557,1.006,0.25,16
$GNSS,2023-09-06T01:15:25.600Z,40.4334804,-111.7426008,1692.068,6.06,-2.83,6.60,0.556,1.003,0.26,16
$GNSS,2023-09-06T01:15:25.650Z,40.4334831,-111.7426026,1691.783,6.05,-2.87,6.41,0.556,1.000,0.26,16
$GNSS,2023-09-06T01:15:25.700Z,40.4334858,-111.7426045,1691.491,6.01,-3.00,6.30,0.555,0.997,0.26,16
$GNSS,2023-09-06T01:15:25.750Z,40.4334887,-111.7426065,1691.204,6.24,-3.21,6.24,0.554,0.994,0.26,16
$GNSS,2023-09-06T01:15:25.800Z,40.4334915,-111.7426085,1690.932,6.13,-3.33,6.12,0.553,0.992,0.26,16
$GNSS,2023-09-06T01:15:25.850Z,40.4334942,-111.7426106,1690.665,5.92,-3.35,6.06,0.552,0.989,0.25,16
$GNSS,2023-09-06T01:15:25.900Z,40.4334969,-111.7426128,1690.411,5.88,-3.55,5.88,0.552,0.986,0.25,16
$GNSS,2023-09-06T01:15:25.950Z,40.4334996,-111.7426151,1690.154,6.00,-3.71,5.79,0.551,0.984,0.25,16
$GNSS,2023-09-06T01:15:26.000Z,40.4335023,-111.7426176,1689.908,5.90,-3.99,5.53,0.550,0.981,0.25,16
$GNSS,2023-09-06T01:15:26.050Z,40.4335050,-111.7426201,1689.665,5.94,-4.13,5.50,0.550,0.979,0.25,16
$GNSS,2023-09-06T01:15:26.100Z,40.4335076,-111.7426229,1689.420,5.76,-4.40,5.52,0.549,0.977,0.23,16
$GNSS,2023-09-06T01:15:26.150Z,40.4335102,-111.7426258,1689.182,5.51,-4.65,5.48,0.548,0.975,0.23,16
$GNSS,2023-09-06T01:15:26.250Z,40.4335151,-111.7426317,1688.681,5.43,-4.92,5.30,0.548,0.973,0.25,16
$GNSS,2023-09-06T01:15:26.300Z,40.4335177,-111.7426348,1688.448,5.45,-5.00,5.24,0.548,0.971,0.24,16
$GNSS,2023-09-06T01:15:26.350Z,40.4335203,-111.7426380,1688.222,5.54,-5.09,5.11,0.547,0.969,0.24,16
$GNSS,2023-09-06T01:15:26.400Z,40.4335228,-111.7426412,1687.988,5.48,-5.15,5.06,0.546,0.967,0.23,16
$GNSS,2023-09-06T01:15:26.450Z,40.4335252,-111.7426444,1687.777,5.31,-5.15,4.81,0.545,0.965,0.23,16
$GNSS,2023-09-06T01:15:26.500Z,40.4335276,-111.7426476,1687.555,5.20,-5.16,4.76,0.545,0.963,0.23,16
$GNSS,2023-09-06T01:15:26.550Z,40.4335300,-111.7426508,1687.351,5.22,-5.16,4.71,0.544,0.962,0.23,16
$GNSS,2023-09-06T01:15:26.600Z,40.4335324,-111.7426539,1687.145,5.16,-5.09,4.55,0.544,0.960,0.23,16
$GNSS,2023-09-06T01:15:26.650Z,40.4335347,-111.7426570,1686.959,5.12,-4.97,4.24,0.543,0.958,0.24,16
$GNSS,2023-09-06T01:15:26.700Z,40.4335371,-111.7426601,1686.773,5.05,-5.10,4.15,0.542,0.957,0.23,16
$GNSS,2023-09-06T01:15:26.750Z,40.4335393,-111.7426632,1686.587,4.91,-5.13,4.02,0.542,0.955,0.23,16
$GNSS,2023-09-06T01:15:26.800Z,40.4335415,-111.7426665,1686.421,4.82,-5.27,3.88,0.541,0.953,0.23,16
$GNSS,2023-09-06T01:15:26.850Z,40.4335437,-111.7426697,1686.256,4.74,-5.24,3.72,0.540,0.951,0.23,16
$GNSS,2023-09-06T01:15:26.900Z,40.4335459,-111.7426729,1686.099,4.79,-5.20,3.69,0.540,0.950,0.22,16
$GNSS,2023-09-06T01:15:26.950Z,40.4335481,-111.7426760,1685.952,4.62,-5.14,3.53,0.539,0.948,0.22,16
$GNSS,2023-09-06T01:15:27.000Z,40.4335502,-111.7426792,1685.800,4.52,-5.20,3.48,0.538,0.947,0.22,16
$GNSS,2023-09-06T01:15:27.050Z,40.4335522,-111.7426825,1685.655,4.37,-5.37,3.43,0.538,0.945,0.22,16
$GNSS,2023-09-06T01:15:27.100Z,40.4335542,-111.7426858,1685.516,4.42,-5.51,3.33,0.537,0.944,0.22,16
$GNSS,2023-09-06T01:15:27.150Z,40.4335562,-111.7426892,1685.379,4.19,-5.57,3.21,0.537,0.943,0.22,16
$GNSS,2023-09-06T01:15:27.250Z,40.4335598,-111.7426958,1685.086,3.93,-5.47,3.05,0.537,0.943,0.23,16
$GNSS,2023-09-06T01:15:27.300Z,40.4335616,-111.7426991,1684.952,3.95,-5.51,3.07,0.536,0.942,0.22,16
$GNSS,2023-09-06T01:15:27.350Z,40.4335635,-111.7427024,1684.826,3.93,-5.60,3.03,0.536,0.941,0.22,16
$GNSS,2023-09-06T01:15:27.400Z,40.4335652,-111.7427058,1684.705,3.78,-5.56,2.87,0.535,0.940,0.22,16
$GNSS,2023-09-06T01:15:27.450Z,40.4335668,-111.7427090,1684.578,3.62,-5.53,2.82,0.535,0.939,0.22,16
$GNSS,2023-09-06T01:15:27.500Z,40.4335685,-111.7427124,1684.455,3.63,-5.67,2.83,0.534,0.938,0.22,16
$GNSS,2023-09-06T01:15:27.550Z,40.4335701,-111.7427157,1684.326,3.55,-5.61,2.89,0.534,0.938,0.22,16
$GNSS,2023-09-06T01:15:27.600Z,40.4335717,-111.7427190,1684.190,3.50,-5.50,2.84,0.533,0.937,0.22,16
$GNSS,2023-09-06T01:15:27.650Z,40.4335732,-111.7427223,1684.054,3.37,-5.58,2.80,0.533,0.936,0.22,16
$GNSS,2023-09-06T01:15:27.700Z,40.4335747,-111.7427255,1683.915,3.30,-5.57,2.75,0.532,0.935,0.22,16
$GNSS,2023-09-06T01:15:27.750Z,40.4335761,-111.7427287,1683.788,3.09,-5.47,2.65,0.532,0.934,0.22,16
$GNSS,2023-09-06T01:15:27.800Z,40.4335774,-111.7427318,1683.676,2.94,-5.26,2.62,0.532,0.933,0.22,16
$GNSS,2023-09-06T01:15:27.850Z,40.4335787,-111.7427350,1683.539,2.91,-5.42,2.68,0.531,0.932,0.21,16
$GNSS,2023-09-06T01:15:27.900Z,40.4335800,-111.7427382,1683.408,2.81,-5.40,2.77,0.531,0.932,0.21,16
$GNSS,2023-09-06T01:15:27.950Z,40.4335813,-111.7427414,1683.277,2.95,-5.42,2.91,0.530,0.931,0.22,16
$GNSS,2023-09-06T01:15:28.000Z,40.4335827,-111.7427446,1683.141,3.07,-5.57,2.96,0.530,0.930,0.22,16
$GNSS,2023-09-06T01:15:28.050Z,40.4335841,-111.7427478,1683.009,3.07,-5.45,2.95,0.530,0.929,0.21,16
$GNSS,2023-09-06T01:15:28.100Z,40.4335854,-111.7427511,1682.859,2.88,-5.53,2.97,0.529,0.929,0.21,16
$GNSS,2023-09-06T01:15:28.150Z,40.4335866,-111.7427544,1682.714,2.71,-5.72,3.01,0.529,0.928,0.22,16
$GNSS,2023-09-06T01:15:28.250Z,40.4335890,-111.7427608,1682.419,2.57,-5.34,3.01,0.529,0.928,0.23,16
$GNSS,2023-09-06T01:15:28.300Z,40.4335902,-111.7427639,1682.299,2.65,-5.23,2.88,0.529,0.927,0.22,16
$GNSS,2023-09-06T01:15:28.350Z,40.4335914,-111.7427668,1682.176,2.64,-5.04,2.80,0.528,0.925,0.22,16
$GNSS,2023-09-06T01:15:28.400Z,40.4335925,-111.7427698,1682.018,2.55,-5.08,2.91,0.528,0.924,0.22,16
$GNSS,2023-09-06T01:15:28.450Z,40.4335937,-111.7427728,1681.899,2.53,-5.07,2.83,0.527,0.923,0.22,16
$GNSS,2023-09-06T01:15:28.500Z,40.4335947,-111.7427757,1681.761,2.41,-4.98,2.83,0.527,0.922,0.22,16
$GNSS,2023-09-06T01:15:28.550Z,40.4335958,-111.7427787,1681.615,2.33,-5.11,2.90,0.526,0.921,0.22,16
$GNSS,2023-09-06T01:15:28.600Z,40.4335969,-111.7427816,1681.457,2.38,-4.99,2.96,0.526,0.920,0.22,16
$GNSS,2023-09-06T01:15:28.650Z,40.4335980,-111.7427846,1681.298,2.46,-5.13,3.08,0.525,0.919,0.22,16
$GNSS,2023-09-06T01:15:28.700Z,40.4335990,-111.7427875,1681.159,2.31,-4.95,2.97,0.525,0.918,0.22,16
$GNSS,2023-09-06T01:15:28.750Z,40.4336000,-111.7427905,1681.005,2.26,-4.97,2.97,0.524,0.917,0.22,16
$GNSS,2023-09-06T01:15:28.800Z,40.4336010,-111.7427933,1680.854,2.18,-4.86,2.99,0.524,0.916,0.22,16
$GNSS,2023-09-06T01:15:28.850Z,40.4336019,-111.7427962,1680.711,2.02,-4.84,3.00,0.524,0.915,0.22,16
$GNSS,2023-09-06T01:15:28.900Z,40.4336028,-111.7427991,1680.560,1.97,-4.94,3.07,0.523,0.914,0.22,16
$GNSS,2023-09-06T01:15:28.950Z,40.4336037,-111.7428020,1680.412,2.11,-5.02,3.14,0.523,0.913,0.22,16
$GNSS,2023-09-06T01:15:29.000Z,40.4336047,-111.7428050,1680.250,2.18,-4.95,3.16,0.523,0.912,0.22,16
$GNSS,2023-09-06T01:15:29.050Z,40.4336056,-111.7428079,1680.078,1.96,-4.99,3.25,0.522,0.910,0.22,16
$GNSS,2023-09-06T01:15:29.100Z,40.4336065,-111.7428109,1679.913,1.96,-5.06,3.34,0.522,0.909,0.22,16
$GNSS,2023-09-06T01:15:29.150Z,40.4336074,-111.7428139,1679.744,1.90,-5.05,3.38,0.522,0.908,0.20,16
$GNSS,2023-09-06T01:15:29.250Z,40.4336090,-111.7428198,1679.407,1.84,-4.89,3.38,0.522,0.908,0.24,16
$GNSS,2023-09-06T01:15:29.300Z,40.4336099,-111.7428226,1679.237,1.88,-4.84,3.43,0.522,0.907,0.22,16
$GNSS,2023-09-06T01:15:29.350Z,40.4336108,-111.7428255,1679.070,1.96,-4.81,3.47,0.522,0.906,0.22,16
$GNSS,2023-09-06T01:15:29.400Z,40.4336117,-111.7428283,1678.907,1.86,-4.67,3.43,0.521,0.904,0.22,16
$GNSS,2023-09-06T01:15:29.450Z,40.4336125,-111.7428310,1678.735,1.79,-4.62,3.45,0.521,0.903,0.21,16
$GNSS,2023-09-06T01:15:29.500Z,40.4336134,-111.7428339,1678.555,1.87,-4.79,3.53,0.521,0.902,0.21,16
$GNSS,2023-09-06T01:15:29.550Z,40.4336142,-111.7428366,1678.368,1.90,-4.64,3.60,0.520,0.901,0.21,16
$GNSS,2023-09-06T01:15:29.600Z,40.4336151,-111.7428395,1678.183,1.91,-4.85,3.68,0.520,0.899,0.21,16
$GNSS,2023-09-06T01:15:29.650Z,40.4336160,-111.7428423,1677.998,1.92,-4.70,3.70,0.520,0.898,0.21,16
$GNSS,2023-09-06T01:15:29.700Z,40.4336169,-111.7428451,1677.813,1.95,-4.60,3.72,0.520,0.897,0.21,16
$GNSS,2023-09-06T01:15:29.750Z,40.4336177,-111.7428478,1677.627,1.82,-4.64,3.68,0.519,0.896,0.21,16
$GNSS,2023-09-06T01:15:29.800Z,40.4336184,-111.7428505,1677.430,1.65,-4.53,3.63,0.519,0.894,0.21,16
$GNSS,2023-09-06T01:15:29.850Z,40.4336192,-111.7428532,1677.236,1.69,-4.61,3.65,0.519,0.893,0.21,16
$GNSS,2023-09-06T01:15:29.900Z,40.4336200,-111.7428559,1677.047,1.79,-4.53,3.69,0.518,0.892,0.21,16
$GNSS,2023-09-06T01:15:29.950Z,40.4336208,-111.7428587,1676.862,1.67,-4.69,3.78,0.518,0.891,0.21,16
$GNSS,2023-09-06T01:15:30.000Z,40.4336215,-111.7428616,1676.658,1.51,-4.85,3.91,0.518,0.890,0.21,16
$GNSS,2023-09-06T01:15:30.050Z,40.4336221,-111.7428644,1676.461,1.41,-4.77,3.95,0.518,0.889,0.21,16
$GNSS,2023-09-06T01:15:30.100Z,40.4336228,-111.7428673,1676.260,1.47,-4.78,4.01,0.517,0.887,0.21,16
$GNSS,2023-09-06T01:15:30.150Z,40.4336234,-111.7428701,1676.048,1.41,-4.76,3.96,0.517,0.886,0.21,16
$GNSS,2023-09-06T01:15:30.250Z,40.4336249,-111.7428756,1675.680,1.71,-4.59,3.77,0.518,0.886,0.23,16
$GNSS,2023-09-06T01:15:30.300Z,40.4336256,-111.7428783,1675.484,1.64,-4.56,3.73,0.517,0.885,0.21,16
$GNSS,2023-09-06T01:15:30.350Z,40.4336264,-111.7428810,1675.302,1.69,-4.51,3.66,0.517,0.884,0.21,16
$GNSS,2023-09-06T01:15:30.400Z,40.4336270,-111.7428837,1675.119,1.49,-4.59,3.62,0.517,0.883,0.20,16
$GNSS,2023-09-06T01:15:30.450Z,40.4336278,-111.7428864,1674.922,1.56,-4.59,3.71,0.517,0.882,0.20,16
$GNSS,2023-09-06T01:15:30.500Z,40.4336285,-111.7428893,1674.728,1.50,-4.83,3.88,0.517,0.881,0.20,16
$GNSS,2023-09-06T01:15:30.550Z,40.4336292,-111.7428923,1674.538,1.62,-5.06,3.99,0.516,0.880,0.20,16
$GNSS,2023-09-06T01:15:30.600Z,40.4336301,-111.7428955,1674.336,1.73,-5.20,4.01,0.516,0.879,0.20,16
$GNSS,2023-09-06T01:15:30.650Z,40.4336309,-111.7428987,1674.139,1.82,-5.49,4.03,0.516,0.879,0.20,16
$GNSS,2023-09-06T01:15:30.700Z,40.4336317,-111.7429021,1673.933,1.70,-5.63,4.15,0.516,0.878,0.20,16
$GNSS,2023-09-06T01:15:30.750Z,40.4336324,-111.7429056,1673.714,1.65,-5.81,4.19,0.515,0.878,0.20,16
$GNSS,2023-09-06T01:15:30.800Z,40.4336333,-111.7429090,1673.489,1.85,-5.85,4.24,0.515,0.877,0.20,16
$GNSS,2023-09-06T01:15:30.850Z,40.4336341,-111.7429125,1673.269,1.78,-5.90,4.29,0.515,0.876,0.20,16
$GNSS,2023-09-06T01:15:30.900Z,40.4336348,-111.7429160,1673.054,1.69,-5.86,4.33,0.515,0.876,0.20,16
$GNSS,2023-09-06T01:15:30.950Z,40.4336355,-111.7429194,1672.836,1.52,-5.82,4.34,0.515,0.875,0.20,16
$GNSS,2023-09-06T01:15:31.000Z,40.4336361,-111.7429229,1672.628,1.43,-5.93,4.19,0.515,0.875,0.20,16
$GNSS,2023-09-06T01:15:31.050Z,40.4336367,-111.7429264,1672.416,1.34,-5.78,4.20,0.515,0.874,0.20,16
$GNSS,2023-09-06T01:15:31.100Z,40.4336373,-111.7429297,1672.212,1.24,-5.71,4.20,0.514,0.874,0.20,16
$GNSS,2023-09-06T01:15:31.150Z,40.4336378,-111.7429332,1672.020,1.19,-5.86,4.06,0.514,0.873,0.20,16
$GNSS,2023-09-06T01:15:31.250Z,40.4336389,-111.7429402,1671.614,1.18,-5.94,3.91,0.515,0.874,0.21,16
$GNSS,2023-09-06T01:15:31.300Z,40.4336393,-111.7429437,1671.416,1.06,-5.93,3.86,0.515,0.873,0.20,16
$GNSS,2023-09-06T01:15:31.350Z,40.4336397,-111.7429472,1671.213,0.91,-5.95,3.94,0.515,0.872,0.21,16
$GNSS,2023-09-06T01:15:31.400Z,40.4336403,-111.7429509,1671.013,1.17,-6.14,3.88,0.514,0.872,0.21,16
$GNSS,2023-09-06T01:15:31.450Z,40.4336408,-111.7429545,1670.812,1.25,-6.09,3.90,0.514,0.871,0.21,16
$GNSS,2023-09-06T01:15:31.500Z,40.4336413,-111.7429580,1670.601,1.14,-6.01,4.01,0.514,0.871,0.21,16
$GNSS,2023-09-06T01:15:31.550Z,40.4336418,-111.7429616,1670.389,0.99,-5.98,4.07,0.514,0.870,0.20,16
$GNSS,2023-09-06T01:15:31.600Z,40.4336421,-111.7429651,1670.175,0.90,-5.95,4.08,0.514,0.870,0.20,16
$GNSS,2023-09-06T01:15:31.650Z,40.4336425,-111.7429686,1669.981,0.72,-5.87,4.01,0.514,0.869,0.20,16
$GNSS,2023-09-06T01:15:31.700Z,40.4336428,-111.7429721,1669.793,0.66,-6.00,4.01,0.514,0.869,0.20,16
$GNSS,2023-09-06T01:15:31.750Z,40.4336431,-111.7429757,1669.604,0.71,-6.08,3.94,0.513,0.869,0.20,16
$GNSS,2023-09-06T01:15:31.800Z,40.4336435,-111.7429793,1669.402,0.86,-6.08,3.97,0.513,0.868,0.20,16
$GNSS,2023-09-06T01:15:31.850Z,40.4336439,-111.7429831,1669.202,0.81,-6.42,4.03,0.513,0.868,0.20,16
$GNSS,2023-09-06T01:15:31.900Z,40.4336443,-111.7429870,1668.989,0.84,-6.54,4.11,0.513,0.868,0.20,16
$GNSS,2023-09-06T01:15:31.950Z,40.4336446,-111.7429910,1668.779,0.75,-6.73,4.15,0.513,0.867,0.20,16
$GNSS,2023-09-06T01:15:32.000Z,40.4336449,-111.7429950,1668.570,0.75,-6.73,3.99,0.513,0.867,0.20,16
$GNSS,2023-09-06T01:15:32.050Z,40.4336451,-111.7429991,1668.358,0.51,-6.97,4.01,0.513,0.866,0.19,16
$GNSS,2023-09-06T01:15:32.100Z,40.4336454,-111.7430032,1668.149,0.50,-6.92,4.11,0.512,0.866,0.19,16
$GNSS,2023-09-06T01:15:32.150Z,40.4336456,-111.7430072,1667.932,0.57,-6.74,4.25,0.512,0.866,0.20,16
$GNSS,2023-09-06T01:15:32.250Z,40.4336465,-111.7430149,1667.559,1.08,-6.45,3.69,0.512,0.867,0.23,16
$GNSS,2023-09-06T01:15:32.300Z,40.4336468,-111.7430188,1667.382,0.75,-6.57,3.69,0.512,0.866,0.20,16
$GNSS,2023-09-06T01:15:32.350Z,40.4336471,-111.7430225,1667.193,0.56,-6.37,3.77,0.512,0.866,0.21,16
$GNSS,2023-09-06T01:15:32.400Z,40.4336474,-111.7430263,1667.023,0.60,-6.42,3.75,0.511,0.865,0.20,16
$GNSS,2023-09-06T01:15:32.450Z,40.4336477,-111.7430300,1666.842,0.69,-6.16,3.63,0.511,0.865,0.20,16
$GNSS,2023-09-06T01:15:32.500Z,40.4336480,-111.7430336,1666.654,0.69,-6.08,3.59,0.511,0.864,0.20,16
$GNSS,2023-09-06T01:15:32.550Z,40.4336482,-111.7430372,1666.467,0.56,-6.09,3.58,0.511,0.864,0.20,16
$GNSS,2023-09-06T01:15:32.600Z,40.4336483,-111.7430407,1666.299,0.26,-5.99,3.51,0.511,0.863,0.20,16
$GNSS,2023-09-06T01:15:32.650Z,40.4336485,-111.7430442,1666.101,0.37,-5.92,3.61,0.510,0.862,0.19,16
$GNSS,2023-09-06T01:15:32.700Z,40.4336486,-111.7430475,1665.936,0.31,-5.68,3.42,0.510,0.862,0.19,16
$GNSS,2023-09-06T01:15:32.750Z,40.4336488,-111.7430508,1665.778,0.34,-5.52,3.31,0.510,0.861,0.20,16
$GNSS,2023-09-06T01:15:32.800Z,40.4336490,-111.7430541,1665.599,0.37,-5.54,3.45,0.510,0.861,0.20,16
$GNSS,2023-09-06T01:15:32.850Z,40.4336490,-111.7430573,1665.425,0.23,-5.49,3.43,0.510,0.860,0.21,16
$GNSS,2023-09-06T01:15:32.900Z,40.4336490,-111.7430601,1665.253,0.00,-4.86,3.49,0.509,0.860,0.19,15
$GNSS,2023-09-06T01:15:32.950Z,40.4336490,-111.7430627,1665.064,-0.05,-4.32,3.89,0.509,0.859,0.21,16
$GNSS,2023-09-06T01:15:33.000Z,40.4336490,-111.7430655,1664.830,-0.06,-4.82,4.61,0.509,0.858,0.21,16
$GNSS,2023-09-06T01:15:33.050Z,40.4336490,-111.7430688,1664.558,-0.11,-5.50,5.24,0.509,0.858,0.21,16
$GNSS,2023-09-06T01:15:33.100Z,40.4336490,-111.7430721,1664.306,-0.12,-5.49,5.09,0.510,0.859,0.23,16
$GNSS,2023-09-06T01:15:33.150Z,40.4336488,-111.7430751,1664.052,-0.29,-5.12,4.78,0.511,0.859,0.23,16
$GNSS,2023-09-06T01:15:33.250Z,40.4336486,-111.7430810,1663.585,-0.32,-4.92,4.63,0.515,0.863,0.31,16
$GNSS,2023-09-06T01:15:33.300Z,40.4336482,-111.7430838,1663.349,-0.68,-4.80,4.57,0.517,0.864,0.32,16
$GNSS,2023-09-06T01:15:33.350Z,40.4336479,-111.7430869,1663.161,-0.70,-5.07,4.42,0.518,0.866,0.32,16
$GNSS,2023-09-06T01:15:33.400Z,40.4336478,-111.7430899,1662.943,-0.42,-5.02,4.33,0.520,0.868,0.34,16
$GNSS,2023-09-06T01:15:33.450Z,40.4336478,-111.7430932,1662.762,-0.29,-5.30,4.13,0.522,0.871,0.35,16
$GNSS,2023-09-06T01:15:33.500Z,40.4336481,-111.7430970,1662.590,0.25,-5.83,4.03,0.524,0.873,0.37,16
$GNSS,2023-09-06T01:15:33.550Z,40.4336483,-111.7431006,1662.409,0.31,-5.98,3.97,0.526,0.875,0.37,16
$GNSS,2023-09-06T01:15:33.600Z,40.4336483,-111.7431039,1662.250,0.10,-5.79,3.86,0.528,0.878,0.35,16
$GNSS,2023-09-06T01:15:33.650Z,40.4336485,-111.7431074,1662.075,0.32,-5.84,3.85,0.529,0.881,0.35,16
$GNSS,2023-09-06T01:15:33.700Z,40.4336485,-111.7431108,1661.941,-0.01,-5.89,3.72,0.531,0.884,0.37,16
$GNSS,2023-09-06T01:15:33.750Z,40.4336486,-111.7431141,1661.778,0.07,-5.78,3.68,0.533,0.887,0.38,16
$GNSS,2023-09-06T01:15:33.800Z,40.4336486,-111.7431177,1661.611,0.03,-5.93,3.65,0.535,0.890,0.38,16
$GNSS,2023-09-06T01:15:33.850Z,40.4336489,-111.7431213,1661.445,0.44,-5.96,3.59,0.537,0.893,0.40,16
$GNSS,2023-09-06T01:15:33.900Z,40.4336489,-111.7431247,1661.262,0.10,-5.89,3.55,0.539,0.896,0.39,15
$GNSS,2023-09-06T01:15:33.950Z,40.4336489,-111.7431282,1661.091,0.09,-5.89,3.50,0.541,0.900,0.39,15
$GNSS,2023-09-06T01:15:34.000Z,40.4336492,-111.7431321,1660.976,0.22,-6.32,3.39,0.543,0.903,0.40,15
$GNSS,2023-09-06T01:15:34.050Z,40.4336493,-111.7431356,1660.789,0.34,-6.19,3.54,0.545,0.906,0.39,16
$GNSS,2023-09-06T01:15:34.100Z,40.4336495,-111.7431395,1660.595,0.41,-6.29,3.39,0.545,0.910,0.36,15
$GNSS,2023-09-06T01:15:34.150Z,40.4336497,-111.7431433,1660.438,0.36,-6.33,3.29,0.546,0.913,0.35,15
$GNSS,2023-09-06T01:15:34.250Z,40.4336501,-111.7431511,1660.076,0.43,-6.66,3.52,0.550,0.923,0.40,16
$GNSS,2023-09-06T01:15:34.300Z,40.4336504,-111.7431550,1659.896,0.61,-6.67,3.67,0.551,0.925,0.37,16
$GNSS,2023-09-06T01:15:34.350Z,40.4336504,-111.7431589,1659.712,0.24,-6.72,3.67,0.553,0.928,0.36,16
$GNSS,2023-09-06T01:15:34.400Z,40.4336505,-111.7431631,1659.512,0.16,-6.86,3.56,0.554,0.931,0.36,16
$GNSS,2023-09-06T01:15:34.450Z,40.4336503,-111.7431664,1659.244,-0.11,-6.20,3.91,0.554,0.933,0.33,16
$GNSS,2023-09-06T01:15:34.500Z,40.4336502,-111.7431697,1658.995,-0.10,-5.89,4.13,0.555,0.935,0.33,16
$GNSS,2023-09-06T01:15:34.550Z,40.4336501,-111.7431736,1658.753,-0.12,-6.29,4.10,0.556,0.937,0.32,16
$GNSS,2023-09-06T01:15:34.600Z,40.4336502,-111.7431776,1658.557,0.05,-6.62,4.05,0.557,0.939,0.32,16
$GNSS,2023-09-06T01:15:34.650Z,40.4336503,-111.7431816,1658.344,0.18,-6.71,4.00,0.558,0.939,0.29,16
$GNSS,2023-09-06T01:15:34.700Z,40.4336505,-111.7431859,1658.154,0.24,-7.03,3.95,0.559,0.939,0.28,16
$GNSS,2023-09-06T01:15:34.750Z,40.4336508,-111.7431902,1657.945,0.55,-7.32,4.12,0.559,0.939,0.27,16
$GNSS,2023-09-06T01:15:34.800Z,40.4336512,-111.7431949,1657.709,1.01,-7.89,4.44,0.560,0.939,0.27,16
$GNSS,2023-09-06T01:15:34.850Z,40.4336517,-111.7431999,1657.476,1.06,-8.32,4.67,0.559,0.939,0.26,16
$GNSS,2023-09-06T01:15:34.900Z,40.4336520,-111.7432044,1657.220,0.78,-7.99,4.91,0.559,0.938,0.25,16
$GNSS,2023-09-06T01:15:34.950Z,40.4336519,-111.7432083,1656.945,0.35,-7.25,5.04,0.563,0.942,0.27,13
$GNSS,2023-09-06T01:15:35.000Z,40.4336521,-111.7432125,1656.677,0.36,-7.09,4.90,0.562,0.940,0.25,16
$GNSS,2023-09-06T01:15:35.050Z,40.4336525,-111.7432171,1656.394,0.45,-7.50,4.88,0.562,0.939,0.25,16
$GNSS,2023-09-06T01:15:35.100Z,40.4336527,-111.7432215,1656.103,0.52,-7.54,4.99,0.562,0.938,0.25,16
$GNSS,2023-09-06T01:15:35.150Z,40.4336531,-111.7432260,1655.820,0.72,-7.61,5.21,0.562,0.937,0.24,16
$GNSS,2023-09-06T01:15:35.250Z,40.4336539,-111.7432346,1655.245,0.89,-7.19,5.45,0.562,0.938,0.25,16
$GNSS,2023-09-06T01:15:35.300Z,40.4336543,-111.7432387,1654.940,0.80,-7.10,5.41,0.562,0.937,0.23,16
$GNSS,2023-09-06T01:15:35.350Z,40.4336547,-111.7432430,1654.677,0.83,-7.09,5.15,0.562,0.936,0.22,16
$GNSS,2023-09-06T01:15:35.400Z,40.4336551,-111.7432471,1654.391,0.67,-6.98,5.21,0.561,0.935,0.22,16
$GNSS,2023-09-06T01:15:35.450Z,40.4336555,-111.7432514,1654.130,0.87,-7.11,5.19,0.561,0.934,0.22,16
$GNSS,2023-09-06T01:15:35.500Z,40.4336560,-111.7432556,1653.859,0.85,-7.08,5.18,0.560,0.933,0.21,16
$GNSS,2023-09-06T01:15:35.550Z,40.4336564,-111.7432598,1653.585,0.88,-7.04,5.17,0.560,0.932,0.21,16
$GNSS,2023-09-06T01:15:35.600Z,40.4336570,-111.7432640,1653.321,1.07,-7.11,5.11,0.559,0.931,0.21,16
$GNSS,2023-09-06T01:15:35.650Z,40.4336576,-111.7432683,1653.055,1.14,-7.19,5.04,0.558,0.930,0.20,16
$GNSS,2023-09-06T01:15:35.700Z,40.4336582,-111.7432726,1652.790,1.24,-7.23,5.06,0.558,0.929,0.20,16
$GNSS,2023-09-06T01:15:35.750Z,40.4336587,-111.7432768,1652.535,1.19,-7.17,5.01,0.557,0.927,0.19,16
$GNSS,2023-09-06T01:15:35.800Z,40.4336594,-111.7432810,1652.279,1.38,-7.13,5.00,0.557,0.926,0.20,16
$GNSS,2023-09-06T01:15:35.850Z,40.4336602,-111.7432852,1652.023,1.63,-7.00,5.02,0.556,0.925,0.20,16
$GNSS,2023-09-06T01:15:35.900Z,40.4336611,-111.7432894,1651.787,1.77,-7.04,4.91,0.556,0.924,0.20,15
$GNSS,2023-09-06T01:15:35.950Z,40.4336619,-111.7432935,1651.542,1.81,-6.90,4.86,0.555,0.923,0.20,15
$GNSS,2023-09-06T01:15:36.000Z,40.4336628,-111.7432976,1651.308,1.95,-6.86,4.83,0.555,0.922,0.20,15
$GNSS,2023-09-06T01:15:36.050Z,40.4336638,-111.7433016,1651.074,2.10,-6.62,4.74,0.554,0.920,0.20,16
$GNSS,2023-09-06T01:15:36.100Z,40.4336649,-111.7433054,1650.836,2.26,-6.48,4.73,0.553,0.919,0.20,16
$GNSS,2023-09-06T01:15:36.150Z,40.4336660,-111.7433093,1650.609,2.30,-6.34,4.77,0.553,0.918,0.20,15
$GNSS,2023-09-06T01:15:36.250Z,40.4336684,-111.7433166,1650.107,2.50,-6.05,4.69,0.624,1.037,0.19,16
$GNSS,2023-09-06T01:15:36.300Z,40.4336697,-111.7433202,1649.856,2.67,-5.87,4.53,0.800,1.331,0.18,16
$GNSS,2023-09-06T01:15:36.350Z,40.4336712,-111.7433236,1649.605,2.97,-5.67,4.48,0.902,1.505,0.18,16
$GNSS,2023-09-06T01:15:36.400Z,40.4336727,-111.7433269,1649.336,3.15,-5.51,4.53,0.969,1.619,0.17,16
$GNSS,2023-09-06T01:15:36.450Z,40.4336743,-111.7433302,1649.070,3.28,-5.44,4.60,0.980,1.641,0.17,16
$GNSS,2023-09-06T01:15:36.500Z,40.4336759,-111.7433333,1648.802,3.51,-5.31,4.68,0.994,1.668,0.18,16
$GNSS,2023-09-06T01:15:36.550Z,40.4336777,-111.7433365,1648.553,3.81,-5.17,4.58,1.005,1.689,0.18,16
$GNSS,2023-09-06T01:15:36.600Z,40.4336796,-111.7433393,1648.291,3.93,-4.77,4.61,1.012,1.705,0.17,16
$GNSS,2023-09-06T01:15:36.650Z,40.4336816,-111.7433421,1648.029,4.09,-4.65,4.71,1.022,1.725,0.18,16
$GNSS,2023-09-06T01:15:36.700Z,40.4336836,-111.7433447,1647.773,4.23,-4.22,4.83,1.031,1.744,0.18,16
$GNSS,2023-09-06T01:15:36.750Z,40.4336857,-111.7433472,1647.513,4.34,-3.99,4.88,1.033,1.750,0.18,16
$GNSS,2023-09-06T01:15:36.800Z,40.4336878,-111.7433497,1647.269,4.52,-3.94,4.90,1.035,1.757,0.18,16
$GNSS,2023-09-06T01:15:36.850Z,40.4336900,-111.7433519,1646.980,4.72,-3.50,5.07,1.038,1.765,0.18,16
$GNSS,2023-09-06T01:15:36.900Z,40.4336923,-111.7433540,1646.721,4.84,-3.33,5.08,1.038,1.768,0.19,16
$GNSS,2023-09-06T01:15:36.950Z,40.4336947,-111.7433559,1646.453,5.19,-3.01,5.12,1.009,1.722,0.19,16
$GNSS,2023-09-06T01:15:37.000Z,40.4336971,-111.7433576,1646.175,5.20,-2.69,5.23,0.989,1.690,0.19,16
$GNSS,2023-09-06T01:15:37.050Z,40.4336996,-111.7433591,1645.870,5.26,-2.39,5.48,0.975,1.667,0.20,16
$GNSS,2023-09-06T01:15:37.100Z,40.4337021,-111.7433605,1645.559,5.49,-2.25,5.74,0.966,1.654,0.20,16
$GNSS,2023-09-06T01:15:37.150Z,40.4337047,-111.7433616,1645.235,5.68,-1.85,6.01,0.961,1.647,0.21,16
$GNSS,2023-09-06T01:15:37.250Z,40.4337100,-111.7433632,1644.621,5.87,-1.02,6.19,0.960,1.646,0.23,16
$GNSS,2023-09-06T01:15:37.300Z,40.4337127,-111.7433638,1644.277,5.95,-0.84,6.43,0.956,1.641,0.22,16
$GNSS,2023-09-06T01:15:37.350Z,40.4337154,-111.7433642,1643.943,5.89,-0.56,6.57,0.952,1.637,0.22,16
$GNSS,2023-09-06T01:15:37.400Z,40.4337182,-111.7433644,1643.591,6.00,-0.21,6.77,0.949,1.634,0.22,16
$GNSS,2023-09-06T01:15:37.450Z,40.4337209,-111.7433644,1643.239,6.04,0.15,6.96,0.945,1.629,0.22,16
$GNSS,2023-09-06T01:15:37.500Z,40.4337238,-111.7433642,1642.853,6.06,0.53,7.26,0.942,1.625,0.22,16
$GNSS,2023-09-06T01:15:37.550Z,40.4337266,-111.7433637,1642.442,6.13,0.86,7.52,0.936,1.615,0.22,16
$GNSS,2023-09-06T01:15:37.600Z,40.4337294,-111.7433632,1642.028,5.94,0.94,7.81,0.930,1.605,0.22,16
$GNSS,2023-09-06T01:15:37.650Z,40.4337320,-111.7433625,1641.638,5.57,1.27,7.88,0.928,1.602,0.22,16
$GNSS,2023-09-06T01:15:37.700Z,40.4337347,-111.7433617,1641.231,5.69,1.58,8.17,0.906,1.564,0.22,16
$GNSS,2023-09-06T01:15:37.750Z,40.4337376,-111.7433604,1640.775,5.95,2.11,8.30,0.888,1.533,0.22,16
$GNSS,2023-09-06T01:15:37.800Z,40.4337404,-111.7433589,1640.327,6.06,2.69,8.47,0.876,1.512,0.22,16
$GNSS,2023-09-06T01:15:37.850Z,40.4337432,-111.7433571,1639.885,5.97,3.13,8.68,0.868,1.497,0.23,16
$GNSS,2023-09-06T01:15:37.900Z,40.4337459,-111.7433552,1639.439,5.77,3.49,8.89,0.864,1.488,0.23,16
$GNSS,2023-09-06T01:15:37.950Z,40.4337486,-111.7433529,1638.973,5.67,4.11,9.02,0.862,1.483,0.23,16
$GNSS,2023-09-06T01:15:38.000Z,40.4337510,-111.7433502,1638.472,5.45,4.66,9.09,0.955,1.643,0.23,16
$GNSS,2023-09-06T01:15:38.050Z,40.4337534,-111.7433472,1637.980,5.18,5.16,9.33,0.928,1.595,0.23,16
$GNSS,2023-09-06T01:15:38.100Z,40.4337558,-111.7433440,1637.466,5.03,5.56,9.58,0.907,1.558,0.23,16
$GNSS,2023-09-06T01:15:38.150Z,40.4337580,-111.7433405,1636.962,4.71,5.97,9.85,0.778,1.335,0.22,16
$GNSS,2023-09-06T01:15:38.200Z,40.4337601,-111.7433369,1636.451,4.40,6.18,10.11,0.670,1.147,0.23,16
$GNSS,2023-09-06T01:15:38.250Z,40.4337620,-111.7433332,1635.931,4.20,6.36,10.39,0.579,0.990,0.23,16
$GNSS,2023-09-06T01:15:38.300Z,40.4337638,-111.7433292,1635.410,3.92,6.82,10.36,0.522,0.893,0.23,16
$GNSS,2023-09-06T01:15:38.350Z,40.4337654,-111.7433248,1634.866,3.56,7.22,10.53,0.522,0.892,0.23,16
$GNSS,2023-09-06T01:15:38.400Z,40.4337668,-111.7433204,1634.339,3.15,7.54,10.70,0.522,0.892,0.23,16
$GNSS,2023-09-06T01:15:38.450Z,40.4337680,-111.7433157,1633.770,2.70,7.90,10.93,0.522,0.891,0.23,16
$GNSS,2023-09-06T01:15:38.500Z,40.4337691,-111.7433108,1633.212,2.35,8.22,11.03,0.522,0.890,0.23,16
$GNSS,2023-09-06T01:15:38.550Z,40.4337700,-111.7433059,1632.636,1.94,8.32,11.18,0.522,0.889,0.24,15
$GNSS,2023-09-06T01:15:38.600Z,40.4337706,-111.7433009,1632.058,1.40,8.49,11.25,0.522,0.889,0.24,15
$GNSS,2023-09-06T01:15:38.650Z,40.4337711,-111.7432957,1631.459,1.09,8.77,11.42,0.522,0.888,0.24,15
$GNSS,2023-09-06T01:15:38.700Z,40.4337713,-111.7432902,1630.851,0.56,9.16,11.68,0.521,0.887,0.25,15
$GNSS,2023-09-06T01:15:38.750Z,40.4337714,-111.7432847,1630.274,-0.07,9.38,11.87,0.521,0.886,0.24,15
$GNSS,2023-09-06T01:15:38.800Z,40.4337712,-111.7432792,1629.667,-0.57,9.41,12.02,0.521,0.885,0.24,15
$GNSS,2023-09-06T01:15:38.850Z,40.4337708,-111.7432735,1629.056,-1.00,9.59,12.10,0.521,0.885,0.24,15
$GNSS,2023-09-06T01:15:38.900Z,40.4337702,-111.7432677,1628.443,-1.47,9.85,12.26,0.521,0.884,0.24,15
$GNSS,2023-09-06T01:15:38.950Z,40.4337694,-111.7432618,1627.818,-2.02,9.98,12.43,0.520,0.883,0.24,15
$GNSS,2023-09-06T01:15:39.000Z,40.4337683,-111.7432560,1627.191,-2.57,9.92,12.64,0.520,0.881,0.23,15
$GNSS,2023-09-06T01:15:39.050Z,40.4337670,-111.7432502,1626.553,-3.08,9.95,12.72,0.520,0.880,0.23,15
$GNSS,2023-09-06T01:15:39.100Z,40.4337655,-111.7432443,1625.918,-3.48,9.99,12.75,0.519,0.879,0.22,15
$GNSS,2023-09-06T01:15:39.150Z,40.4337639,-111.7432386,1625.285,-3.81,9.86,12.80,0.519,0.877,0.22,15
$GNSS,2023-09-06T01:15:39.200Z,40.4337620,-111.7432327,1624.640,-4.30,10.04,12.96,0.519,0.876,0.23,15
$GNSS,2023-09-06T01:15:39.250Z,40.4337599,-111.7432267,1623.961,-4.69,10.21,13.12,0.519,0.876,0.25,15
$GNSS,2023-09-06T01:15:39.300Z,40.4337575,-111.7432206,1623.284,-5.23,10.26,13.22,0.518,0.875,0.25,15
$GNSS,2023-09-06T01:15:39.350Z,40.4337550,-111.7432146,1622.612,-5.55,10.21,13.17,0.518,0.874,0.26,15
$GNSS,2023-09-06T01:15:39.400Z,40.4337522,-111.7432086,1621.953,-6.15,10.18,13.16,0.518,0.874,0.27,15
$GNSS,2023-09-06T01:15:39.450Z,40.4337492,-111.7432028,1621.286,-6.66,9.90,13.22,0.518,0.873,0.27,15
$GNSS,2023-09-06T01:15:39.500Z,40.4337460,-111.7431970,1620.621,-6.97,9.87,13.09,0.518,0.873,0.28,15
$GNSS,2023-09-06T01:15:39.550Z,40.4337427,-111.7431911,1619.948,-7.41,9.83,13.07,0.518,0.872,0.29,15
$GNSS,2023-09-06T01:15:39.600Z,40.4337391,-111.7431852,1619.270,-7.98,9.89,13.01,0.519,0.871,0.29,15
$GNSS,2023-09-06T01:15:39.650Z,40.4337353,-111.7431795,1618.619,-8.49,9.80,12.87,0.519,0.871,0.29,15
$GNSS,2023-09-06T01:15:39.700Z,40.4337312,-111.7431737,1617.987,-8.95,9.79,12.63,0.519,0.870,0.28,15
$GNSS,2023-09-06T01:15:39.750Z,40.4337270,-111.7431680,1617.351,-9.41,9.78,12.45,0.519,0.870,0.28,15
$GNSS,2023-09-06T01:15:39.800Z,40.4337225,-111.7431622,1616.741,-9.91,9.81,12.16,0.519,0.869,0.28,15
$GNSS,2023-09-06T01:15:39.850Z,40.4337178,-111.7431565,1616.146,-10.39,9.75,11.90,0.519,0.868,0.28,15
$GNSS,2023-09-06T01:15:39.900Z,40.4337129,-111.7431509,1615.563,-10.93,9.54,11.62,0.519,0.868,0.26,15
$GNSS,2023-09-06T01:15:39.950Z,40.4337079,-111.7431454,1615.020,-11.26,9.32,11.06,0.519,0.867,0.26,15
$GNSS,2023-09-06T01:15:40.000Z,40.4337027,-111.7431400,1614.492,-11.60,9.26,10.59,0.519,0.867,0.26,15
$GNSS,2023-09-06T01:15:40.050Z,40.4336972,-111.7431346,1613.994,-12.20,9.23,10.41,0.519,0.866,0.26,15
$GNSS,2023-09-06T01:15:40.100Z,40.4336917,-111.7431292,1613.499,-12.29,9.20,9.97,0.518,0.866,0.25,15
$GNSS,2023-09-06T01:15:40.150Z,40.4336859,-111.7431239,1613.030,-12.82,9.10,9.54,0.518,0.865,0.25,15
$GNSS,2023-09-06T01:15:40.250Z,40.4336741,-111.7431134,1612.170,-13.39,8.86,8.66,0.519,0.866,0.25,15
$GNSS,2023-09-06T01:15:40.300Z,40.4336681,-111.7431082,1611.782,-13.47,8.86,8.25,0.519,0.866,0.23,15
$GNSS,2023-09-06T01:15:40.350Z,40.4336620,-111.7431031,1611.400,-13.59,8.79,7.88,0.519,0.866,0.23,15
$GNSS,2023-09-06T01:15:40.400Z,40.4336558,-111.7430978,1611.037,-13.78,8.97,7.55,0.518,0.866,0.22,15
$GNSS,2023-09-06T01:15:40.450Z,40.4336496,-111.7430925,1610.701,-13.95,8.87,7.25,0.518,0.865,0.22,16
$GNSS,2023-09-06T01:15:40.500Z,40.4336434,-111.7430876,1610.386,-13.96,8.55,6.88,0.518,0.865,0.22,16
$GNSS,2023-09-06T01:15:40.550Z,40.4336370,-111.7430824,1610.079,-14.22,8.71,6.60,0.517,0.864,0.23,16
$GNSS,2023-09-06T01:15:40.600Z,40.4336307,-111.7430771,1609.796,-14.20,8.98,6.22,0.517,0.864,0.23,16
$GNSS,2023-09-06T01:15:40.650Z,40.4336244,-111.7430721,1609.553,-14.07,8.73,5.78,0.517,0.864,0.23,16
$GNSS,2023-09-06T01:15:40.700Z,40.4336183,-111.7430671,1609.345,-13.92,8.64,5.22,0.517,0.863,0.22,16
$GNSS,2023-09-06T01:15:40.750Z,40.4336121,-111.7430621,1609.106,-13.88,8.44,4.97,0.517,0.863,0.22,16
$GNSS,2023-09-06T01:15:40.800Z,40.4336060,-111.7430572,1608.889,-13.67,8.43,4.73,0.517,0.863,0.22,16
$GNSS,2023-09-06T01:15:40.850Z,40.4336000,-111.7430522,1608.683,-13.57,8.41,4.52,0.517,0.862,0.22,16
$GNSS,2023-09-06T01:15:40.900Z,40.4335940,-111.7430471,1608.509,-13.58,8.65,4.25,0.517,0.862,0.23,16
$GNSS,2023-09-06T01:15:40.950Z,40.4335880,-111.7430420,1608.351,-13.49,8.71,3.98,0.516,0.862,0.24,16
$GNSS,2023-09-06T01:15:41.000Z,40.4335822,-111.7430370,1608.205,-13.25,8.63,3.76,0.516,0.862,0.24,16
$GNSS,2023-09-06T01:15:41.050Z,40.4335763,-111.7430319,1608.062,-13.25,8.74,3.48,0.516,0.861,0.23,16
$GNSS,2023-09-06T01:15:41.100Z,40.4335705,-111.7430267,1607.947,-12.94,8.75,3.15,0.516,0.861,0.22,16
$GNSS,2023-09-06T01:15:41.150Z,40.4335649,-111.7430215,1607.832,-12.74,8.85,2.87,0.515,0.861,0.21,16
$GNSS,2023-09-06T01:15:41.250Z,40.4335538,-111.7430112,1607.600,-12.29,8.67,2.61,0.516,0.862,0.22,16
$GNSS,2023-09-06T01:15:41.300Z,40.4335484,-111.7430060,1607.511,-12.14,8.84,2.42,0.515,0.862,0.21,16
$GNSS,2023-09-06T01:15:41.350Z,40.4335431,-111.7430007,1607.434,-11.83,8.92,2.11,0.515,0.861,0.21,16
$GNSS,2023-09-06T01:15:41.400Z,40.4335379,-111.7429953,1607.348,-11.50,9.01,1.94,0.515,0.861,0.21,16
$GNSS,2023-09-06T01:15:41.450Z,40.4335329,-111.7429901,1607.268,-11.34,8.95,1.86,0.562,0.942,0.21,16
$GNSS,2023-09-06T01:15:41.500Z,40.4335280,-111.7429850,1607.203,-11.12,8.83,1.81,0.596,0.998,0.21,16
$GNSS,2023-09-06T01:15:41.550Z,40.4335232,-111.7429797,1607.158,-10.75,9.03,1.64,0.618,1.036,0.21,16
$GNSS,2023-09-06T01:15:41.600Z,40.4335186,-111.7429743,1607.093,-10.46,9.21,1.64,0.636,1.067,0.21,16
$GNSS,2023-09-06T01:15:41.650Z,40.4335141,-111.7429689,1607.020,-10.06,9.17,1.54,0.643,1.079,0.20,16
$GNSS,2023-09-06T01:15:41.700Z,40.4335097,-111.7429636,1606.954,-9.80,9.13,1.57,0.647,1.085,0.20,16
$GNSS,2023-09-06T01:15:41.750Z,40.4335055,-111.7429583,1606.890,-9.35,9.06,1.62,0.649,1.090,0.20,16
$GNSS,2023-09-06T01:15:41.800Z,40.4335015,-111.7429529,1606.836,-9.13,9.25,1.58,0.649,1.091,0.20,16
$GNSS,2023-09-06T01:15:41.850Z,40.4334975,-111.7429475,1606.772,-8.84,9.21,1.60,0.648,1.089,0.20,16
$GNSS,2023-09-06T01:15:41.900Z,40.4334937,-111.7429423,1606.756,-8.51,9.19,1.50,0.646,1.086,0.20,16
$GNSS,2023-09-06T01:15:41.950Z,40.4334900,-111.7429371,1606.715,-8.26,9.12,1.51,0.642,1.080,0.20,16
$GNSS,2023-09-06T01:15:42.000Z,40.4334865,-111.7429315,1606.637,-7.77,9.26,1.65,0.557,0.937,0.20,16
$GNSS,2023-09-06T01:15:42.050Z,40.4334832,-111.7429259,1606.552,-7.41,9.29,1.73,0.512,0.861,0.20,16
$GNSS,2023-09-06T01:15:42.100Z,40.4334800,-111.7429202,1606.457,-7.22,9.38,1.92,0.511,0.860,0.20,16
$GNSS,2023-09-06T01:15:42.150Z,40.4334770,-111.7429145,1606.358,-6.80,9.49,2.11,0.510,0.859,0.21,16
$GNSS,2023-09-06T01:15:42.250Z,40.4334714,-111.7429031,1606.140,-6.10,9.64,2.54,0.511,0.860,0.23,16
$GNSS,2023-09-06T01:15:42.300Z,40.4334690,-111.7428975,1606.053,-5.63,9.64,2.60,0.511,0.860,0.22,16
$GNSS,2023-09-06T01:15:42.350Z,40.4334666,-111.7428917,1605.921,-5.39,9.66,2.91,0.510,0.859,0.22,16
$GNSS,2023-09-06T01:15:42.400Z,40.4334643,-111.7428859,1605.758,-5.30,9.67,3.34,0.510,0.858,0.22,16
$GNSS,2023-09-06T01:15:42.450Z,40.4334621,-111.7428803,1605.622,-4.93,9.56,3.41,0.510,0.857,0.21,16
$GNSS,2023-09-06T01:15:42.500Z,40.4334602,-111.7428746,1605.449,-4.48,9.56,3.65,0.509,0.856,0.21,16
$GNSS,2023-09-06T01:15:42.550Z,40.4334583,-111.7428690,1605.280,-4.12,9.46,3.78,0.509,0.856,0.20,16
$GNSS,2023-09-06T01:15:42.600Z,40.4334565,-111.7428633,1605.090,-4.08,9.48,4.07,0.508,0.855,0.20,16
$GNSS,2023-09-06T01:15:42.650Z,40.4334548,-111.7428577,1604.878,-3.94,9.39,4.39,0.508,0.854,0.20,16
$GNSS,2023-09-06T01:15:42.700Z,40.4334532,-111.7428521,1604.646,-3.57,9.46,4.76,0.507,0.853,0.20,16
$GNSS,2023-09-06T01:15:42.750Z,40.4334519,-111.7428466,1604.424,-3.13,9.45,4.94,0.507,0.852,0.20,16
$GNSS,2023-09-06T01:15:42.800Z,40.4334507,-111.7428410,1604.162,-2.87,9.40,5.24,0.507,0.851,0.20,16
$GNSS,2023-09-06T01:15:42.850Z,40.4334496,-111.7428354,1603.907,-2.59,9.55,5.52,0.506,0.851,0.20,16
$GNSS,2023-09-06T01:15:42.900Z,40.4334485,-111.7428298,1603.640,-2.42,9.52,5.87,0.506,0.850,0.20,16
$GNSS,2023-09-06T01:15:42.950Z,40.4334476,-111.7428243,1603.366,-2.12,9.39,5.98,0.505,0.850,0.20,16
$GNSS,2023-09-06T01:15:43.000Z,40.4334468,-111.7428188,1603.082,-1.78,9.34,6.16,0.505,0.849,0.20,16
$GNSS,2023-09-06T01:15:43.050Z,40.4334463,-111.7428135,1602.781,-1.42,9.18,6.49,0.504,0.848,0.20,16
$GNSS,2023-09-06T01:15:43.100Z,40.4334458,-111.7428081,1602.475,-1.17,9.09,6.67,0.504,0.848,0.20,16
$GNSS,2023-09-06T01:15:43.150Z,40.4334454,-111.7428028,1602.140,-0.90,9.07,6.88,0.503,0.847,0.20,16
$GNSS,2023-09-06T01:15:43.200Z,40.4334451,-111.7427973,1601.787,-0.63,9.20,7.17,0.503,0.847,0.21,15
$GNSS,2023-09-06T01:15:43.250Z,40.4334450,-111.7427920,1601.431,-0.25,9.01,7.40,0.503,0.847,0.21,15
$GNSS,2023-09-06T01:15:43.300Z,40.4334451,-111.7427868,1601.059,0.15,8.87,7.57,0.502,0.846,0.21,15
$GNSS,2023-09-06T01:15:43.350Z,40.4334453,-111.7427815,1600.667,0.43,8.84,7.65,0.502,0.846,0.21,16
$GNSS,2023-09-06T01:15:43.400Z,40.4334456,-111.7427763,1600.262,0.64,8.73,7.95,0.501,0.846,0.21,16
$GNSS,2023-09-06T01:15:43.450Z,40.4334460,-111.7427712,1599.849,0.96,8.67,8.23,0.501,0.845,0.21,16
$GNSS,2023-09-06T01:15:43.500Z,40.4334467,-111.7427661,1599.440,1.43,8.71,8.33,0.501,0.845,0.21,16
$GNSS,2023-09-06T01:15:43.550Z,40.4334475,-111.7427611,1599.010,1.72,8.43,8.45,0.500,0.844,0.20,16
$GNSS,2023-09-06T01:15:43.600Z,40.4334484,-111.7427562,1598.573,2.07,8.28,8.65,0.500,0.844,0.20,16
$GNSS,2023-09-06T01:15:43.650Z,40.4334496,-111.7427513,1598.142,2.46,8.25,8.69,0.500,0.844,0.21,16
$GNSS,2023-09-06T01:15:43.700Z,40.4334509,-111.7427465,1597.714,2.69,8.11,8.74,0.499,0.843,0.21,16
$GNSS,2023-09-06T01:15:43.750Z,40.4334523,-111.7427418,1597.240,3.01,7.96,9.07,0.499,0.843,0.21,16
$GNSS,2023-09-06T01:15:43.800Z,40.4334538,-111.7427372,1596.778,3.36,7.81,9.15,0.499,0.842,0.21,16
$GNSS,2023-09-06T01:15:43.850Z,40.4334555,-111.7427328,1596.297,3.76,7.67,9.21,0.499,0.842,0.21,16
$GNSS,2023-09-06T01:15:43.900Z,40.4334575,-111.7427285,1595.819,4.24,7.48,9.24,0.580,0.980,0.21,16
$GNSS,2023-09-06T01:15:43.950Z,40.4334596,-111.7427243,1595.343,4.49,7.34,9.35,0.658,1.111,0.21,16
$GNSS,2023-09-06T01:15:44.000Z,40.4334619,-111.7427201,1594.848,4.82,7.28,9.46,0.738,1.247,0.21,16
$GNSS,2023-09-06T01:15:44.050Z,40.4334643,-111.7427161,1594.346,5.03,6.88,9.59,0.788,1.331,0.21,16
$GNSS,2023-09-06T01:15:44.100Z,40.4334669,-111.7427122,1593.840,5.46,6.83,9.71,0.824,1.392,0.21,16
$GNSS,2023-09-06T01:15:44.150Z,40.4334694,-111.7427082,1593.326,5.63,6.72,9.81,0.851,1.437,0.21,16
$GNSS,2023-09-06T01:15:44.200Z,40.4334721,-111.7427045,1592.820,5.83,6.54,9.81,0.870,1.470,0.21,16
$GNSS,2023-09-06T01:15:44.250Z,40.4334751,-111.7427009,1592.311,6.35,6.17,9.81,0.884,1.493,0.21,16
$GNSS,2023-09-06T01:15:44.300Z,40.4334782,-111.7426976,1591.813,6.79,5.85,9.82,0.894,1.511,0.21,16
$GNSS,2023-09-06T01:15:44.350Z,40.4334814,-111.7426942,1591.314,6.91,5.82,9.90,0.879,1.485,0.21,16
$GNSS,2023-09-06T01:15:44.400Z,40.4334847,-111.7426910,1590.824,7.23,5.62,9.93,0.867,1.465,0.21,16
$GNSS,2023-09-06T01:15:44.450Z,40.4334881,-111.7426879,1590.321,7.33,5.43,9.91,0.859,1.451,0.21,16
$GNSS,2023-09-06T01:15:44.500Z,40.4334915,-111.7426850,1589.851,7.48,5.17,9.72,0.865,1.460,0.22,15
$GNSS,2023-09-06T01:15:44.550Z,40.4334951,-111.7426821,1589.356,7.74,5.15,9.77,0.868,1.466,0.23,15
$GNSS,2023-09-06T01:15:44.600Z,40.4334988,-111.7426794,1588.839,7.98,4.87,9.77,0.871,1.469,0.23,15
$GNSS,2023-09-06T01:15:44.650Z,40.4335026,-111.7426769,1588.351,8.26,4.55,9.75,0.871,1.469,0.23,15
$GNSS,2023-09-06T01:15:44.700Z,40.4335065,-111.7426744,1587.892,8.50,4.44,9.75,0.865,1.460,0.23,15
$GNSS,2023-09-06T01:15:44.750Z,40.4335107,-111.7426721,1587.421,8.85,4.09,9.75,0.867,1.461,0.23,15
$GNSS,2023-09-06T01:15:44.800Z,40.4335147,-111.7426701,1586.947,8.88,3.75,9.48,0.865,1.459,0.23,15
$GNSS,2023-09-06T01:15:44.850Z,40.4335189,-111.7426682,1586.467,9.13,3.55,9.37,0.864,1.456,0.23,15
$GNSS,2023-09-06T01:15:44.900Z,40.4335230,-111.7426663,1585.999,9.18,3.44,9.29,0.866,1.459,0.24,15
$GNSS,2023-09-06T01:15:44.950Z,40.4335275,-111.7426646,1585.538,9.65,3.15,9.20,0.864,1.457,0.24,15
$GNSS,2023-09-06T01:15:45.000Z,40.4335318,-111.7426631,1585.104,9.47,2.75,8.95,0.860,1.450,0.24,15
$GNSS,2023-09-06T01:15:45.050Z,40.4335361,-111.7426618,1584.688,9.57,2.49,8.63,0.859,1.448,0.24,15
$GNSS,2023-09-06T01:15:45.100Z,40.4335406,-111.7426606,1584.276,9.77,2.28,8.50,0.861,1.451,0.25,15
$GNSS,2023-09-06T01:15:45.150Z,40.4335451,-111.7426595,1583.846,9.93,2.00,8.36,0.857,1.445,0.25,15
$GNSS,2023-09-06T01:15:45.200Z,40.4335497,-111.7426587,1583.434,10.03,1.64,8.12,0.851,1.433,0.25,15
$GNSS,2023-09-06T01:15:45.250Z,40.4335542,-111.7426581,1583.034,9.91,1.31,7.89,0.844,1.422,0.25,15
$GNSS,2023-09-06T01:15:45.300Z,40.4335587,-111.7426576,1582.653,9.94,0.99,7.74,0.843,1.421,0.25,15
$GNSS,2023-09-06T01:15:45.350Z,40.4335633,-111.7426575,1582.298,9.97,0.47,7.47,0.842,1.419,0.25,15
$GNSS,2023-09-06T01:15:45.400Z,40.4335678,-111.7426574,1581.933,9.93,0.37,7.36,0.847,1.427,0.25,15
$GNSS,2023-09-06T01:15:45.450Z,40.4335723,-111.7426576,1581.583,9.92,0.08,7.15,0.847,1.428,0.24,16
$GNSS,2023-09-06T01:15:45.500Z,40.4335769,-111.7426580,1581.240,9.99,-0.38,7.04,0.848,1.428,0.24,16
$GNSS,2023-09-06T01:15:45.550Z,40.4335815,-111.7426585,1580.892,10.09,-0.67,7.13,0.849,1.429,0.23,16
$GNSS,2023-09-06T01:15:45.600Z,40.4335861,-111.7426591,1580.561,10.03,-0.77,7.06,0.847,1.425,0.24,16
$GNSS,2023-09-06T01:15:45.650Z,40.4335906,-111.7426600,1580.228,9.87,-1.17,7.00,0.847,1.424,0.24,16
$GNSS,2023-09-06T01:15:45.700Z,40.4335953,-111.7426611,1579.903,10.10,-1.56,6.96,0.850,1.428,0.23,16
$GNSS,2023-09-06T01:15:45.750Z,40.4336000,-111.7426622,1579.577,10.14,-1.65,6.91,0.852,1.432,0.23,16
$GNSS,2023-09-06T01:15:45.800Z,40.4336046,-111.7426634,1579.244,9.99,-1.89,6.90,0.850,1.429,0.24,16
$GNSS,2023-09-06T01:15:45.850Z,40.4336091,-111.7426650,1578.904,9.95,-2.38,6.90,0.846,1.422,0.23,16
$GNSS,2023-09-06T01:15:45.900Z,40.4336137,-111.7426666,1578.573,9.98,-2.45,6.81,0.852,1.432,0.24,16
$GNSS,2023-09-06T01:15:45.950Z,40.4336182,-111.7426681,1578.229,9.74,-2.52,6.90,0.857,1.439,0.24,16
$GNSS,2023-09-06T01:15:46.000Z,40.4336226,-111.7426699,1577.881,9.74,-2.86,7.03,0.737,1.237,0.22,16
$GNSS,2023-09-06T01:15:46.050Z,40.4336269,-111.7426719,1577.513,9.65,-3.25,7.11,0.786,1.320,0.22,16
$GNSS,2023-09-06T01:15:46.100Z,40.4336312,-111.7426740,1577.148,9.49,-3.54,7.17,0.820,1.377,0.22,16
$GNSS,2023-09-06T01:15:46.150Z,40.4336354,-111.7426763,1576.798,9.30,-3.83,7.08,0.835,1.404,0.22,16
$GNSS,2023-09-06T01:15:46.200Z,40.4336396,-111.7426788,1576.450,9.14,-4.11,7.08,0.844,1.419,0.22,16
$GNSS,2023-09-06T01:15:46.250Z,40.4336437,-111.7426813,1576.079,9.05,-4.18,7.23,0.849,1.428,0.22,16
$GNSS,2023-09-06T01:15:46.300Z,40.4336477,-111.7426840,1575.713,8.95,-4.48,7.17,0.861,1.447,0.22,16
$GNSS,2023-09-06T01:15:46.350Z,40.4336517,-111.7426867,1575.345,8.80,-4.62,7.19,0.872,1.467,0.22,16
$GNSS,2023-09-06T01:15:46.400Z,40.4336558,-111.7426896,1574.984,8.85,-4.74,7.11,0.906,1.524,0.22,16
$GNSS,2023-09-06T01:15:46.450Z,40.4336596,-111.7426927,1574.637,8.58,-5.18,7.00,0.904,1.521,0.22,16
$GNSS,2023-09-06T01:15:46.500Z,40.4336634,-111.7426960,1574.289,8.31,-5.34,6.94,0.901,1.517,0.22,16
$GNSS,2023-09-06T01:15:46.550Z,40.4336672,-111.7426992,1573.943,8.26,-5.34,6.98,0.894,1.507,0.22,16
$GNSS,2023-09-06T01:15:46.600Z,40.4336709,-111.7427025,1573.612,8.18,-5.65,6.78,0.895,1.508,0.22,16
$GNSS,2023-09-06T01:15:46.650Z,40.4336745,-111.7427060,1573.276,8.02,-5.84,6.72,0.895,1.510,0.22,16
$GNSS,2023-09-06T01:15:46.700Z,40.4336779,-111.7427098,1572.932,7.79,-6.25,6.60,0.896,1.513,0.23,16
$GNSS,2023-09-06T01:15:46.750Z,40.4336813,-111.7427136,1572.618,7.58,-6.42,6.46,0.896,1.513,0.23,16
$GNSS,2023-09-06T01:15:46.800Z,40.4336847,-111.7427175,1572.292,7.56,-6.58,6.37,0.898,1.518,0.23,16
$GNSS,2023-09-06T01:15:46.850Z,40.4336881,-111.7427213,1571.984,7.45,-6.58,6.26,0.901,1.524,0.23,16
$GNSS,2023-09-06T01:15:46.900Z,40.4336913,-111.7427253,1571.668,7.30,-6.72,6.18,0.900,1.525,0.23,16
$GNSS,2023-09-06T01:15:46.950Z,40.4336945,-111.7427294,1571.395,6.99,-7.04,5.86,0.903,1.532,0.23,16
$GNSS,2023-09-06T01:15:47.000Z,40.4336976,-111.7427337,1571.118,7.02,-7.22,5.55,0.903,1.532,0.23,16
$GNSS,2023-09-06T01:15:47.050Z,40.4337008,-111.7427380,1570.845,7.11,-7.19,5.37,0.900,1.529,0.23,16
$GNSS,2023-09-06T01:15:47.100Z,40.4337039,-111.7427423,1570.582,6.99,-7.24,5.21,0.901,1.532,0.25,16
$GNSS,2023-09-06T01:15:47.150Z,40.4337069,-111.7427467,1570.336,6.76,-7.49,5.03,0.901,1.534,0.24,16
$GNSS,2023-09-06T01:15:47.200Z,40.4337099,-111.7427513,1570.088,6.69,-7.68,4.82,0.900,1.534,0.23,16
$GNSS,2023-09-06T01:15:47.250Z,40.4337128,-111.7427556,1569.889,6.46,-7.40,4.51,0.896,1.529,0.23,16
$GNSS,2023-09-06T01:15:47.300Z,40.4337157,-111.7427599,1569.689,6.44,-7.38,4.26,0.895,1.529,0.24,16
$GNSS,2023-09-06T01:15:47.350Z,40.4337186,-111.7427645,1569.504,6.34,-7.66,3.97,0.894,1.530,0.24,16
$GNSS,2023-09-06T01:15:47.400Z,40.4337214,-111.7427690,1569.341,6.30,-7.68,3.66,0.893,1.530,0.24,16
$GNSS,2023-09-06T01:15:47.450Z,40.4337241,-111.7427735,1569.187,6.06,-7.74,3.50,0.895,1.535,0.23,16
$GNSS,2023-09-06T01:15:47.500Z,40.4337268,-111.7427780,1569.039,5.84,-7.65,3.30,0.894,1.537,0.23,16
$GNSS,2023-09-06T01:15:47.550Z,40.4337293,-111.7427828,1568.894,5.69,-7.96,2.94,0.895,1.541,0.23,16
$GNSS,2023-09-06T01:15:47.600Z,40.4337318,-111.7427875,1568.779,5.51,-7.98,2.68,0.896,1.543,0.23,16
$GNSS,2023-09-06T01:15:47.650Z,40.4337343,-111.7427922,1568.654,5.60,-8.07,2.48,0.949,1.639,0.23,16
$GNSS,2023-09-06T01:15:47.700Z,40.4337366,-111.7427969,1568.501,5.36,-7.91,2.39,0.988,1.709,0.23,16
$GNSS,2023-09-06T01:15:47.750Z,40.4337388,-111.7428015,1568.359,5.08,-7.72,2.42,1.016,1.760,0.22,16
$GNSS,2023-09-06T01:15:47.800Z,40.4337412,-111.7428062,1568.260,5.10,-7.82,2.17,0.984,1.708,0.22,16
$GNSS,2023-09-06T01:15:47.850Z,40.4337435,-111.7428108,1568.157,5.09,-7.60,1.99,1.001,1.740,0.22,16
$GNSS,2023-09-06T01:15:47.900Z,40.4337457,-111.7428153,1568.062,4.88,-7.48,1.91,1.014,1.765,0.22,16
$GNSS,2023-09-06T01:15:47.950Z,40.4337477,-111.7428197,1567.939,4.60,-7.22,1.89,1.020,1.779,0.22,16
$GNSS,2023-09-06T01:15:48.000Z,40.4337498,-111.7428241,1567.866,4.46,-7.23,1.74,0.985,1.720,0.22,16
$GNSS,2023-09-06T01:15:48.050Z,40.4337519,-111.7428283,1567.822,4.42,-7.14,1.58,0.961,1.681,0.22,16
$GNSS,2023-09-06T01:15:48.100Z,40.4337537,-111.7428325,1567.750,4.04,-6.92,1.63,0.991,1.736,0.22,16
$GNSS,2023-09-06T01:15:48.150Z,40.4337554,-111.7428366,1567.637,3.88,-6.74,1.54,1.014,1.778,0.22,16
$GNSS,2023-09-06T01:15:48.200Z,40.4337571,-111.7428405,1567.589,3.59,-6.64,1.40,1.032,1.812,0.22,16
$GNSS,2023-09-06T01:15:48.250Z,40.4337587,-111.7428444,1567.537,3.44,-6.56,1.36,1.044,1.836,0.23,16
$GNSS,2023-09-06T01:15:48.300Z,40.4337600,-111.7428482,1567.479,3.05,-6.27,1.22,1.006,1.771,0.23,16
$GNSS,2023-09-06T01:15:48.350Z,40.4337614,-111.7428520,1567.401,2.92,-6.22,1.32,0.976,1.720,0.22,16
$GNSS,2023-09-06T01:15:48.400Z,40.4337627,-111.7428559,1567.353,2.88,-6.38,1.38,0.955,1.685,0.22,16
$GNSS,2023-09-06T01:15:48.450Z,40.4337639,-111.7428597,1567.281,2.67,-6.25,1.36,0.943,1.665,0.22,16
$GNSS,2023-09-06T01:15:48.500Z,40.4337651,-111.7428634,1567.222,2.47,-6.16,1.29,0.934,1.651,0.23,16
$GNSS,2023-09-06T01:15:48.550Z,40.4337661,-111.7428671,1567.160,2.22,-6.05,1.35,0.907,1.606,0.23,16
$GNSS,2023-09-06T01:15:48.600Z,40.4337671,-111.7428706,1567.088,2.14,-5.79,1.39,0.886,1.570,0.23,16
$GNSS,2023-09-06T01:15:48.650Z,40.4337680,-111.7428739,1567.013,2.10,-5.42,1.56,0.872,1.548,0.23,16
$GNSS,2023-09-06T01:15:48.700Z,40.4337689,-111.7428772,1566.930,1.92,-5.31,1.60,0.901,1.601,0.23,16
$GNSS,2023-09-06T01:15:48.750Z,40.4337697,-111.7428805,1566.874,1.82,-5.41,1.75,0.920,1.635,0.23,16
$GNSS,2023-09-06T01:15:48.800Z,40.4337704,-111.7428836,1566.826,1.38,-5.32,1.58,0.929,1.654,0.23,16
$GNSS,2023-09-06T01:15:48.850Z,40.4337710,-111.7428864,1566.728,1.36,-4.80,1.81,0.936,1.668,0.24,16
$GNSS,2023-09-06T01:15:48.900Z,40.4337716,-111.7428893,1566.628,1.30,-4.80,1.98,0.958,1.710,0.24,16
$GNSS,2023-09-06T01:15:48.950Z,40.4337722,-111.7428923,1566.482,1.18,-4.78,2.00,0.973,1.740,0.24,16
$GNSS,2023-09-06T01:15:49.000Z,40.4337729,-111.7428951,1566.354,1.37,-4.57,2.01,0.953,1.707,0.25,15
$GNSS,2023-09-06T01:15:49.050Z,40.4337733,-111.7428976,1566.290,0.89,-4.23,1.70,0.937,1.681,0.25,15
$GNSS,2023-09-06T01:15:49.100Z,40.4337737,-111.7429007,1566.299,0.76,-5.04,0.79,0.906,1.627,0.24,15
$GNSS,2023-09-06T01:15:49.150Z,40.4337741,-111.7429031,1566.317,0.69,-4.09,0.29,0.904,1.627,0.23,15
$GNSS,2023-09-06T01:15:49.200Z,40.4337748,-111.7429052,1566.274,1.24,-3.46,0.46,0.904,1.630,0.24,15
$GNSS,2023-09-06T01:15:49.250Z,40.4337757,-111.7429073,1566.223,1.78,-3.39,0.52,0.893,1.612,0.25,14
$GNSS,2023-09-06T01:15:49.300Z,40.4337762,-111.7429094,1566.275,1.21,-3.48,-0.12,0.882,1.595,0.24,14
$GNSS,2023-09-06T01:15:49.350Z,40.4337763,-111.7429114,1566.326,0.35,-3.43,-0.46,0.912,1.652,0.23,15
$GNSS,2023-09-06T01:15:49.400Z,40.4337764,-111.7429135,1566.346,0.16,-3.37,-0.50,0.935,1.695,0.24,15
$GNSS,2023-09-06T01:15:49.450Z,40.4337764,-111.7429153,1566.360,-0.07,-3.25,-0.31,0.948,1.722,0.24,15
$GNSS,2023-09-06T01:15:49.500Z,40.4337765,-111.7429172,1566.390,0.13,-3.27,-0.35,0.978,1.780,0.25,15
$GNSS,2023-09-06T01:15:49.550Z,40.4337766,-111.7429191,1566.418,0.14,-3.38,-0.10,0.978,1.782,0.22,16
$GNSS,2023-09-06T01:15:49.600Z,40.4337766,-111.7429206,1566.309,0.20,-2.77,0.58,0.967,1.764,0.22,15
$GNSS,2023-09-06T01:15:49.650Z,40.4337767,-111.7429221,1566.314,0.16,-2.60,0.77,0.954,1.742,0.20,15
$GNSS,2023-09-06T01:15:49.700Z,40.4337768,-111.7429237,1566.292,0.19,-2.81,0.61,0.944,1.722,0.20,15
$GNSS,2023-09-06T01:15:49.750Z,40.4337768,-111.7429250,1566.295,0.19,-2.20,0.13,0.823,1.502,0.22,14
$GNSS,2023-09-06T01:15:49.800Z,40.4337770,-111.7429260,1566.342,0.34,-1.79,-0.58,0.718,1.312,0.26,14
$GNSS,2023-09-06T01:15:49.850Z,40.4337771,-111.7429270,1566.410,0.52,-1.62,-0.79,0.628,1.149,0.28,14
$GNSS,2023-09-06T01:15:49.900Z,40.4337775,-111.7429281,1566.433,1.00,-1.86,-0.53,0.545,0.998,0.27,15
$GNSS,2023-09-06T01:15:49.950Z,40.4337778,-111.7429293,1566.425,0.90,-1.95,-0.16,0.495,0.909,0.25,15
$GNSS,2023-09-06T01:15:50.000Z,40.4337779,-111.7429303,1566.402,0.54,-1.72,0.12,0.495,0.910,0.24,14
$GNSS,2023-09-06T01:15:50.050Z,40.4337778,-111.7429313,1566.373,0.29,-1.75,0.24,0.495,0.912,0.24,14
$GNSS,2023-09-06T01:15:50.100Z,40.4337776,-111.7429321,1566.346,-0.11,-1.29,0.44,0.495,0.913,0.24,13
$GNSS,2023-09-06T01:15:50.150Z,40.4337775,-111.7429328,1566.276,-0.04,-1.28,0.60,0.495,0.914,0.23,14
$GNSS,2023-09-06T01:15:50.200Z,40.4337778,-111.7429333,1566.316,0.42,-0.99,-0.41,0.496,0.915,0.28,14
$GNSS,2023-09-06T01:15:50.250Z,40.4337780,-111.7429341,1566.389,0.65,-1.18,-0.83,0.496,0.917,0.30,15
$GNSS,2023-09-06T01:15:50.300Z,40.4337783,-111.7429349,1566.395,0.79,-1.39,-0.62,0.606,1.121,0.27,15
$GNSS,2023-09-06T01:15:50.350Z,40.4337786,-111.7429354,1566.341,0.61,-0.97,-0.21,0.678,1.257,0.24,15
$GNSS,2023-09-06T01:15:50.400Z,40.4337788,-111.7429358,1566.276,0.51,-0.74,0.18,0.727,1.348,0.20,15
$GNSS,2023-09-06T01:15:50.450Z,40.4337790,-111.7429364,1566.250,0.71,-1.03,0.22,0.760,1.413,0.21,15
$GNSS,2023-09-06T01:15:50.500Z,40.4337793,-111.7429373,1566.273,0.84,-1.32,0.20,0.781,1.453,0.21,15
$GNSS,2023-09-06T01:15:50.550Z,40.4337795,-111.7429379,1566.290,0.67,-0.81,0.25,0.798,1.488,0.21,15
$GNSS,2023-09-06T01:15:50.600Z,40.4337798,-111.7429379,1566.260,0.80,-0.26,0.29,0.820,1.531,0.26,14
$GNSS,2023-09-06T01:15:50.650Z,40.4337802,-111.7429384,1566.254,0.95,-0.61,0.10,0.835,1.561,0.23,14
$GNSS,2023-09-06T01:15:50.700Z,40.4337806,-111.7429386,1566.203,0.80,-0.55,0.09,0.843,1.578,0.23,14
$GNSS,2023-09-06T01:15:50.750Z,40.4337810,-111.7429387,1566.147,0.84,-0.37,0.08,0.846,1.585,0.24,14
$GNSS,2023-09-06T01:15:50.800Z,40.4337812,-111.7429388,1566.114,0.53,-0.29,0.08,0.869,1.630,0.24,14
$GNSS,2023-09-06T01:15:50.850Z,40.4337812,-111.7429390,1566.099,0.34,-0.42,0.13,0.885,1.661,0.21,14
$GNSS,2023-09-06T01:15:50.900Z,40.4337814,-111.7429392,1566.056,0.45,-0.39,0.33,0.895,1.684,0.25,14
$GNSS,2023-09-06T01:15:50.950Z,40.4337818,-111.7429389,1565.993,0.73,-0.05,0.48,0.893,1.684,0.32,15
$GNSS,2023-09-06T01:15:51.000Z,40.4337820,-111.7429386,1565.937,0.86,0.14,0.56,0.924,1.747,0.32,16
$GNSS,2023-09-06T01:15:51.050Z,40.4337823,-111.7429385,1565.893,0.81,0.17,0.58,0.944,1.788,0.32,16
$GNSS,2023-09-06T01:15:51.100Z,40.4337826,-111.7429386,1565.862,0.77,-0.08,0.50,0.969,1.838,0.30,15
$GNSS,2023-09-06T01:15:51.150Z,40.4337830,-111.7429388,1565.817,0.73,-0.21,0.43,0.991,1.883,0.29,15
$GNSS,2023-09-06T01:15:51.200Z,40.4337831,-111.7429387,1565.793,0.47,0.13,0.45,1.007,1.918,0.33,15
$GNSS,2023-09-06T01:15:51.250Z,40.4337833,-111.7429383,1565.750,0.40,0.46,0.61,1.019,1.945,0.34,15
$GNSS,2023-09-06T01:15:51.300Z,40.4337836,-111.7429378,1565.684,0.80,0.71,0.64,1.030,1.969,0.33,15
$GNSS,2023-09-06T01:15:51.350Z,40.4337838,-111.7429373,1565.640,0.57,0.69,0.55,1.036,1.985,0.33,15
$GNSS,2023-09-06T01:15:51.400Z,40.4337841,-111.7429371,1565.618,0.59,0.41,0.44,1.032,1.980,0.34,16
$GNSS,2023-09-06T01:15:51.450Z,40.4337843,-111.7429370,1565.584,0.57,0.10,0.41,1.032,1.983,0.34,16
$GNSS,2023-09-06T01:15:51.500Z,40.4337846,-111.7429369,1565.553,0.54,0.07,0.41,1.036,1.993,0.33,16
$GNSS,2023-09-06T01:15:51.550Z,40.4337846,-111.7429370,1565.543,0.22,-0.08,0.34,1.040,2.005,0.35,16
$GNSS,2023-09-06T01:15:51.600Z,40.4337845,-111.7429371,1565.497,-0.09,-0.29,0.35,1.044,2.016,0.33,16
$GNSS,2023-09-06T01:15:51.650Z,40.4337846,-111.7429371,1565.492,0.03,-0.08,0.20,1.050,2.027,0.34,16
$GNSS,2023-09-06T01:15:51.700Z,40.4337847,-111.7429372,1565.458,0.22,-0.16,0.18,1.059,2.047,0.28,16
$GNSS,2023-09-06T01:15:51.750Z,40.4337848,-111.7429374,1565.420,0.28,-0.35,0.13,1.046,2.023,0.25,16
$GNSS,2023-09-06T01:15:51.800Z,40.4337850,-111.7429377,1565.401,0.30,-0.48,0.10,1.001,1.939,0.24,15
$GNSS,2023-09-06T01:15:51.850Z,40.4337850,-111.7429381,1565.313,0.14,-0.54,0.25,0.964,1.868,0.23,15
$GNSS,2023-09-06T01:15:51.900Z,40.4337851,-111.7429384,1565.285,0.14,-0.50,0.23,0.934,1.809,0.23,15
$GNSS,2023-09-06T01:15:51.950Z,40.4337854,-111.7429389,1565.285,0.45,-0.74,0.24,0.913,1.770,0.23,15
$GNSS,2023-09-06T01:15:52.000Z,40.4337857,-111.7429393,1565.272,0.57,-0.64,0.37,0.891,1.727,0.24,16
$GNSS,2023-09-06T01:15:52.050Z,40.4337860,-111.7429396,1565.284,0.53,-0.44,0.34,0.876,1.699,0.25,16
$GNSS,2023-09-06T01:15:52.100Z,40.4337863,-111.7429398,1565.358,0.72,-0.42,-0.03,0.878,1.703,0.26,14
$GNSS,2023-09-06T01:15:52.150Z,40.4337864,-111.7429403,1565.352,0.34,-0.71,-0.11,0.865,1.678,0.24,16
$GNSS,2023-09-06T01:15:52.200Z,40.4337865,-111.7429407,1565.303,0.17,-0.67,0.02,0.852,1.654,0.23,16
$GNSS,2023-09-06T01:15:52.250Z,40.4337865,-111.7429408,1565.287,0.00,-0.18,0.14,0.844,1.639,0.24,16
$GNSS,2023-09-06T01:15:52.300Z,40.4337868,-111.7429410,1565.306,0.34,-0.22,-0.02,0.840,1.631,0.24,16
$GNSS,2023-09-06T01:15:52.350Z,40.4337872,-111.7429413,1565.330,0.76,-0.45,-0.20,0.865,1.680,0.25,16
$GNSS,2023-09-06T01:15:52.400Z,40.4337875,-111.7429416,1565.346,0.64,-0.50,-0.15,0.890,1.728,0.25,15
$GNSS,2023-09-06T01:15:52.450Z,40.4337877,-111.7429418,1565.321,0.48,-0.30,0.01,0.918,1.784,0.25,14
$GNSS,2023-09-06T01:15:52.500Z,40.4337878,-111.7429417,1565.324,0.21,0.08,0.01,0.940,1.829,0.28,14
$GNSS,2023-09-06T01:15:52.550Z,40.4337878,-111.7429419,1565.303,0.23,-0.21,0.04,0.959,1.866,0.25,14
$GNSS,2023-09-06T01:15:52.600Z,40.4337880,-111.7429420,1565.302,0.35,-0.09,-0.13,0.976,1.902,0.28,14
$GNSS,2023-09-06T01:15:52.650Z,40.4337882,-111.7429422,1565.294,0.46,-0.30,-0.08,0.983,1.918,0.25,14
$GNSS,2023-09-06T01:15:52.700Z,40.4337884,-111.7429423,1565.287,0.45,-0.23,0.01,0.980,1.912,0.25,14
$GNSS,2023-09-06T01:15:52.750Z,40.4337885,-111.7429424,1565.270,0.19,-0.12,0.14,0.971,1.895,0.26,15
$GNSS,2023-09-06T01:15:52.800Z,40.4337886,-111.7429427,1565.280,0.07,-0.26,0.04,0.961,1.876,0.21,15
$GNSS,2023-09-06T01:15:52.850Z,40.4337887,-111.7429430,1565.297,0.06,-0.41,-0.03,0.953,1.861,0.22,15
$GNSS,2023-09-06T01:15:52.900Z,40.4337888,-111.7429434,1565.331,0.09,-0.51,-0.09,0.951,1.858,0.24,15
$GNSS,2023-09-06T01:15:52.950Z,40.4337888,-111.7429435,1565.351,-0.05,-0.25,0.00,0.944,1.846,0.25,15
$GNSS,2023-09-06T01:15:53.000Z,40.4337887,-111.7429437,1565.361,-0.35,-0.27,-0.01,0.940,1.840,0.27,15
$GNSS,2023-09-06T01:15:53.050Z,40.4337886,-111.7429440,1565.381,-0.41,-0.32,-0.25,0.960,1.879,0.28,15
$GNSS,2023-09-06T01:15:53.100Z,40.4337884,-111.7429445,1565.411,-0.55,-0.61,-0.38,0.981,1.920,0.28,15
$GNSS,2023-09-06T01:15:53.150Z,40.4337883,-111.7429449,1565.448,-0.30,-0.65,-0.32,0.997,1.953,0.27,15
$GNSS,2023-09-06T01:15:53.200Z,40.4337882,-111.7429456,1565.423,-0.26,-0.97,-0.02,0.987,1.935,0.24,15
$GNSS,2023-09-06T01:15:53.250Z,40.4337880,-111.7429462,1565.378,-0.35,-1.07,0.19,0.988,1.937,0.26,14
$GNSS,2023-09-06T01:15:53.300Z,40.4337880,-111.7429463,1565.303,-0.10,-0.40,0.41,0.909,1.784,0.25,15
$GNSS,2023-09-06T01:15:53.350Z,40.4337881,-111.7429463,1565.273,0.01,-0.04,0.42,0.844,1.656,0.29,15
$GNSS,2023-09-06T01:15:53.400Z,40.4337880,-111.7429465,1565.253,-0.06,-0.31,0.32,0.869,1.706,0.25,16
$GNSS,2023-09-06T01:15:53.450Z,40.4337877,-111.7429467,1565.195,-0.29,-0.35,0.34,0.886,1.738,0.29,16
$GNSS,2023-09-06T01:15:53.500Z,40.4337877,-111.7429468,1565.176,-0.14,-0.33,0.09,0.864,1.695,0.27,16
$GNSS,2023-09-06T01:15:53.550Z,40.4337877,-111.7429468,1565.167,-0.14,0.01,-0.07,0.809,1.588,0.31,15
$GNSS,2023-09-06T01:15:53.600Z,40.4337877,-111.7429469,1565.193,-0.04,-0.15,-0.21,0.764,1.499,0.34,15
$GNSS,2023-09-06T01:15:53.650Z,40.4337876,-111.7429472,1565.229,0.01,-0.30,-0.25,0.666,1.306,0.32,14
$GNSS,2023-09-06T01:15:53.700Z,40.4337876,-111.7429474,1565.236,0.02,-0.35,-0.09,0.581,1.139,0.27,14
$GNSS,2023-09-06T01:15:53.750Z,40.4337877,-111.7429475,1565.211,0.25,-0.25,0.11,0.511,1.002,0.26,14
$GNSS,2023-09-06T01:15:53.800Z,40.4337880,-111.7429476,1565.158,0.55,-0.22,0.39,0.512,1.003,0.31,14
$GNSS,2023-09-06T01:15:53.850Z,40.4337884,-111.7429477,1565.079,0.75,-0.40,0.56,0.513,1.004,0.30,14
$GNSS,2023-09-06T01:15:53.900Z,40.4337883,-111.7429481,1565.088,0.10,-0.50,0.32,0.514,1.005,0.24,14
$GNSS,2023-09-06T01:15:53.950Z,40.4337883,-111.7429485,1565.121,-0.09,-0.60,-0.10,0.515,1.006,0.28,14
$GNSS,2023-09-06T01:15:54.000Z,40.4337884,-111.7429486,1565.167,0.18,-0.25,-0.41,0.516,1.006,0.32,14
$GNSS,2023-09-06T01:15:54.050Z,40.4337886,-111.7429485,1565.164,0.41,0.17,-0.35,0.516,1.004,0.27,14
$GNSS,2023-09-06T01:15:54.100Z,40.4337885,-111.7429484,1565.119,0.02,0.15,0.12,0.517,1.001,0.32,14
$GNSS,2023-09-06T01:15:54.150Z,40.4337886,-111.7429484,1565.083,-0.01,0.00,0.31,0.517,0.999,0.31,13
$GNSS,2023-09-06T01:15:54.200Z,40.4337886,-111.7429484,1565.066,0.03,-0.06,0.25,0.518,0.997,0.29,13
$GNSS,2023-09-06T01:15:54.250Z,40.4337885,-111.7429485,1565.093,0.10,0.01,0.14,0.518,0.995,0.33,13
$GNSS,2023-09-06T01:15:54.300Z,40.4337885,-111.7429486,1565.120,0.11,0.08,0.06,0.518,0.993,0.32,13
$GNSS,2023-09-06T01:15:54.350Z,40.4337885,-111.7429486,1565.094,0.03,0.22,0.10,0.519,0.992,0.28,13
$GNSS,2023-09-06T01:15:54.400Z,40.4337884,-111.7429486,1565.091,-0.04,0.21,0.11,0.519,0.990,0.27,13
$GNSS,2023-09-06T01:15:54.450Z,40.4337885,-111.7429484,1565.053,0.00,0.28,0.12,0.520,0.989,0.27,13
$GNSS,2023-09-06T01:15:54.500Z,40.4337885,-111.7429482,1565.046,0.05,0.48,0.06,0.520,0.987,0.24,14
$GNSS,2023-09-06T01:15:54.550Z,40.4337884,-111.7429481,1565.073,0.01,0.44,0.02,0.520,0.985,0.23,14
$GNSS,2023-09-06T01:15:54.600Z,40.4337884,-111.7429480,1565.079,0.12,0.45,-0.06,0.521,0.984,0.23,14
$GNSS,2023-09-06T01:15:54.650Z,40.4337883,-111.7429479,1565.104,-0.01,0.48,0.03,0.522,0.983,0.25,14
$GNSS,2023-09-06T01:15:54.700Z,40.4337883,-111.7429474,1565.071,0.00,0.86,0.01,0.523,0.982,0.24,15
$GNSS,2023-09-06T01:15:54.750Z,40.4337881,-111.7429471,1565.059,-0.10,0.66,0.00,0.524,0.981,0.25,15
$GNSS,2023-09-06T01:15:54.800Z,40.4337879,-111.7429468,1565.057,-0.24,0.71,-0.09,0.525,0.981,0.24,15
$GNSS,2023-09-06T01:15:54.850Z,40.4337878,-111.7429463,1565.046,-0.13,0.77,-0.22,0.527,0.980,0.23,15
$GNSS,2023-09-06T01:15:54.900Z,40.4337877,-111.7429457,1565.043,-0.15,1.02,-0.35,0.528,0.980,0.23,14
$GNSS,2023-09-06T01:15:54.950Z,40.4337877,-111.7429453,1565.084,-0.03,0.94,-0.46,0.529,0.980,0.22,14
$GNSS,2023-09-06T01:15:55.000Z,40.4337877,-111.7429449,1565.101,0.00,0.67,-0.40,0.530,0.980,0.22,13
$GNSS,2023-09-06T01:15:55.050Z,40.4337876,-111.7429445,1565.081,-0.08,0.56,-0.19,0.531,0.981,0.23,13
$GNSS,2023-09-06T01:15:55.100Z,40.4337876,-111.7429441,1565.051,-0.14,0.54,-0.08,0.532,0.980,0.23,13
$GNSS,2023-09-06T01:15:55.150Z,40.4337876,-111.7429436,1565.016,-0.12,0.49,-0.06,0.533,0.979,0.22,13
$GNSS,2023-09-06T01:15:55.200Z,40.4337875,-111.7429435,1565.051,0.01,0.48,-0.24,0.534,0.979,0.21,13
$GNSS,2023-09-06T01:15:55.250Z,40.4337875,-111.7429434,1565.077,0.11,0.41,-0.24,0.534,0.978,0.22,13
$GNSS,2023-09-06T01:15:55.300Z,40.4337875,-111.7429432,1565.055,0.01,0.47,-0.11,0.535,0.977,0.22,13
$GNSS,2023-09-06T01:15:55.350Z,40.4337875,-111.7429429,1565.007,0.10,0.51,0.02,0.535,0.977,0.26,13
$GNSS,2023-09-06T01:15:55.400Z,40.4337874,-111.7429426,1564.995,0.00,0.43,0.03,0.535,0.977,0.25,13
$GNSS,2023-09-06T01:15:55.450Z,40.4337875,-111.7429423,1564.961,0.10,0.40,0.02,0.535,0.978,0.27,13
$GNSS,2023-09-06T01:15:55.500Z,40.4337875,-111.7429423,1564.925,0.07,0.17,-0.02,0.536,0.977,0.25,13
$GNSS,2023-09-06T01:15:55.550Z,40.4337875,-111.7429423,1564.892,0.13,0.11,-0.08,0.536,0.976,0.24,13
$GNSS,2023-09-06T01:15:55.600Z,40.4337876,-111.7429421,1564.842,0.14,0.17,-0.02,0.536,0.975,0.26,13
$GNSS,2023-09-06T01:15:55.650Z,40.4337876,-111.7429421,1564.839,0.23,0.24,-0.01,0.535,0.975,0.27,13
$GNSS,2023-09-06T01:15:55.700Z,40.4337876,-111.7429422,1564.832,0.29,0.20,0.06,0.535,0.974,0.29,12
$GNSS,2023-09-06T01:15:55.750Z,40.4337878,-111.7429421,1564.791,0.32,0.22,0.15,0.536,0.973,0.30,12
$GNSS,2023-09-06T01:15:55.800Z,40.4337878,-111.7429421,1564.803,0.25,0.30,0.05,0.536,0.973,0.28,12
$GNSS,2023-09-06T01:15:55.850Z,40.4337878,-111.7429420,1564.825,0.22,0.30,0.04,0.536,0.973,0.27,13
$GNSS,2023-09-06T01:15:55.900Z,40.4337881,-111.7429418,1564.803,0.37,0.32,0.00,0.536,0.973,0.27,13
$GNSS,2023-09-06T01:15:55.950Z,40.4337882,-111.7429415,1564.775,0.30,0.25,0.00,0.537,0.973,0.27,13
$GNSS,2023-09-06T01:15:56.000Z,40.4337884,-111.7429413,1564.769,0.37,0.25,-0.06,0.537,0.974,0.26,13
$GNSS,2023-09-06T01:15:56.050Z,40.4337885,-111.7429411,1564.778,0.23,0.39,-0.02,0.538,0.974,0.26,12
$GNSS,2023-09-06T01:15:56.100Z,40.4337886,-111.7429409,1564.795,0.37,0.36,-0.06,0.538,0.974,0.27,11
$GNSS,2023-09-06T01:15:56.150Z,40.4337887,-111.7429407,1564.786,0.30,0.33,0.03,0.539,0.974,0.28,12
$GNSS,2023-09-06T01:15:56.200Z,40.4337888,-111.7429405,1564.782,0.31,0.22,-0.01,0.540,0.975,0.28,12
$GNSS,2023-09-06T01:15:56.250Z,40.4337889,-111.7429405,1564.797,0.26,0.17,-0.05,0.541,0.975,0.28,12
$GNSS,2023-09-06T01:15:56.300Z,40.4337890,-111.7429402,1564.791,0.13,0.29,0.02,0.542,0.976,0.26,12
$GNSS,2023-09-06T01:15:56.350Z,40.4337890,-111.7429400,1564.792,0.12,0.27,0.04,0.542,0.976,0.27,12
$GNSS,2023-09-06T01:15:56.400Z,40.4337892,-111.7429398,1564.787,0.23,0.28,0.10,0.543,0.976,0.30,12
$GNSS,2023-09-06T01:15:56.450Z,40.4337892,-111.7429397,1564.787,0.14,0.03,0.02,0.544,0.976,0.31,12
$GNSS,2023-09-06T01:15:56.500Z,40.4337894,-111.7429396,1564.789,0.25,0.14,-0.04,0.545,0.977,0.29,12
$GNSS,2023-09-06T01:15:56.550Z,40.4337893,-111.7429396,1564.836,0.17,0.26,-0.06,0.546,0.977,0.26,12
$GNSS,2023-09-06T01:15:56.600Z,40.4337892,-111.7429394,1564.834,-0.20,0.24,0.06,0.547,0.977,0.24,12
$GNSS,2023-09-06T01:15:56.650Z,40.4337892,-111.7429392,1564.824,-0.11,0.19,0.03,0.548,0.978,0.23,12
$GNSS,2023-09-06T01:15:56.700Z,40.4337892,-111.7429393,1564.856,0.11,-0.02,-0.06,0.549,0.978,0.28,12
$GNSS,2023-09-06T01:15:56.750Z,40.4337892,-111.7429392,1564.873,-0.08,0.06,-0.17,0.550,0.979,0.27,13
$GNSS,2023-09-06T01:15:56.800Z,40.4337889,-111.7429389,1564.886,-0.43,0.29,-0.23,0.551,0.979,0.27,13
$GNSS,2023-09-06T01:15:56.850Z,40.4337890,-111.7429385,1564.854,-0.25,0.34,-0.18,0.552,0.980,0.23,13
$GNSS,2023-09-06T01:15:56.900Z,40.4337891,-111.7429380,1564.827,-0.09,0.53,-0.07,0.553,0.980,0.22,13
$GNSS,2023-09-06T01:15:56.950Z,40.4337890,-111.7429376,1564.816,-0.09,0.48,0.08,0.553,0.980,0.24,13
$GNSS,2023-09-06T01:15:57.000Z,40.4337888,-111.7429375,1564.830,-0.25,0.34,0.20,0.554,0.981,0.26,13
$GNSS,2023-09-06T01:15:57.050Z,40.4337887,-111.7429375,1564.854,-0.21,0.12,0.20,0.555,0.981,0.28,13
$GNSS,2023-09-06T01:15:57.100Z,40.4337885,-111.7429377,1564.886,-0.28,-0.09,0.08,0.556,0.982,0.29,13
$GNSS,2023-09-06T01:15:57.150Z,40.4337884,-111.7429377,1564.911,-0.24,0.02,-0.08,0.557,0.983,0.31,13
$GNSS,2023-09-06T01:15:57.200Z,40.4337884,-111.7429375,1564.922,-0.08,0.16,-0.16,0.559,0.983,0.24,13
$GNSS,2023-09-06T01:15:57.250Z,40.4337883,-111.7429373,1564.933,-0.15,0.30,-0.10,0.560,0.984,0.22,13
$GNSS,2023-09-06T01:15:57.300Z,40.4337883,-111.7429371,1564.930,-0.03,0.29,0.01,0.561,0.985,0.24,13
$GNSS,2023-09-06T01:15:57.350Z,40.4337884,-111.7429370,1564.927,0.16,0.10,-0.01,0.561,0.985,0.29,13
$GNSS,2023-09-06T01:15:57.400Z,40.4337885,-111.7429370,1564.920,0.29,0.00,-0.03,0.562,0.986,0.28,13
$GNSS,2023-09-06T01:15:57.450Z,40.4337886,-111.7429370,1564.931,0.27,-0.03,0.02,0.563,0.986,0.30,13
$GNSS,2023-09-06T01:15:57.500Z,40.4337886,-111.7429370,1564.932,0.19,0.14,0.10,0.565,0.987,0.34,13
$GNSS,2023-09-06T01:15:57.550Z,40.4337885,-111.7429372,1564.984,0.09,0.06,-0.01,0.566,0.988,0.30,13
$GNSS,2023-09-06T01:15:57.600Z,40.4337885,-111.7429372,1564.997,0.17,0.08,-0.03,0.568,0.989,0.30,13
$GNSS,2023-09-06T01:15:57.650Z,40.4337885,-111.7429373,1565.017,0.17,0.03,-0.03,0.570,0.990,0.32,13
$GNSS,2023-09-06T01:15:57.700Z,40.4337887,-111.7429373,1565.016,0.25,0.07,-0.05,0.573,0.992,0.32,13
$GNSS,2023-09-06T01:15:57.750Z,40.4337887,-111.7429373,1565.014,0.06,0.01,0.03,0.575,0.994,0.37,13
$GNSS,2023-09-06T01:15:57.800Z,40.4337885,-111.7429373,1565.036,-0.10,0.06,-0.14,0.578,0.996,0.33,13
$GNSS,2023-09-06T01:15:57.850Z,40.4337884,-111.7429375,1565.059,-0.19,-0.10,-0.10,0.581,0.998,0.38,13
$GNSS,2023-09-06T01:15:57.900Z,40.4337882,-111.7429377,1565.104,-0.23,-0.11,-0.22,0.584,1.001,0.39,13
$GNSS,2023-09-06T01:15:57.950Z,40.4337880,-111.7429379,1565.154,-0.26,-0.08,-0.31,0.586,1.003,0.38,14
$GNSS,2023-09-06T01:15:58.000Z,40.4337879,-111.7429379,1565.166,-0.19,-0.06,-0.40,0.589,1.005,0.37,14
$GNSS,2023-09-06T01:15:58.050Z,40.4337878,-111.7429382,1565.196,-0.07,-0.16,-0.39,0.591,1.006,0.38,14
$GNSS,2023-09-06T01:15:58.100Z,40.4337879,-111.7429385,1565.222,0.17,-0.18,-0.31,0.594,1.007,0.34,14
$GNSS,2023-09-06T01:15:58.150Z,40.4337879,-111.7429384,1565.194,0.07,-0.09,-0.21,0.597,1.009,0.35,14
$GNSS,2023-09-06T01:15:58.200Z,40.4337881,-111.7429383,1565.159,0.15,-0.24,-0.16,0.599,1.011,0.33,14
$GNSS,2023-09-06T01:15:58.250Z,40.4337882,-111.7429384,1565.158,0.12,-0.11,-0.17,0.602,1.012,0.34,14
$GNSS,2023-09-06T01:15:58.300Z,40.4337882,-111.7429383,1565.149,0.12,-0.05,-0.18,0.604,1.014,0.33,14
$GNSS,2023-09-06T01:15:58.350Z,40.4337883,-111.7429384,1565.140,0.17,-0.12,-0.17,0.607,1.016,0.33,14
$GNSS,2023-09-06T01:15:58.400Z,40.4337884,-111.7429385,1565.133,0.13,-0.19,-0.16,0.610,1.018,0.34,14
$GNSS,2023-09-06T01:15:58.450Z,40.4337884,-111.7429385,1565.125,0.16,0.00,-0.12,0.613,1.020,0.30,13
$GNSS,2023-09-06T01:15:58.500Z,40.4337885,-111.7429384,1565.116,0.19,0.03,-0.10,0.616,1.022,0.29,13
$GNSS,2023-09-06T01:15:58.550Z,40.4337885,-111.7429383,1565.106,-0.07,0.00,-0.17,0.618,1.025,0.39,13
$GNSS,2023-09-06T01:15:58.600Z,40.4337885,-111.7429384,1565.087,-0.02,-0.21,-0.10,0.621,1.027,0.36,13
$GNSS,2023-09-06T01:15:58.650Z,40.4337883,-111.7429386,1565.099,-0.28,-0.15,-0.13,0.624,1.030,0.38,13
$GNSS,2023-09-06T01:15:58.700Z,40.4337881,-111.7429386,1565.109,-0.44,0.01,-0.22,0.627,1.032,0.37,13
$GNSS,2023-09-06T01:15:58.750Z,40.4337880,-111.7429386,1565.109,-0.19,0.02,-0.14,0.630,1.035,0.37,13
$GNSS,2023-09-06T01:15:58.800Z,40.4337880,-111.7429387,1565.116,-0.06,-0.10,-0.09,0.633,1.038,0.40,13
$GNSS,2023-09-06T01:15:58.850Z,40.4337880,-111.7429388,1565.125,0.01,-0.02,-0.12,0.636,1.040,0.37,14
$GNSS,2023-09-06T01:15:58.900Z,40.4337879,-111.7429389,1565.141,-0.03,-0.07,-0.07,0.639,1.043,0.39,14
$GNSS,2023-09-06T01:15:58.950Z,40.4337877,-111.7429392,1565.168,-0.13,-0.13,-0.04,0.642,1.045,0.35,14
$GNSS,2023-09-06T01:15:59.000Z,40.4337877,-111.7429393,1565.161,-0.15,-0.23,-0.11,0.644,1.048,0.36,14
$GNSS,2023-09-06T01:15:59.050Z,40.4337876,-111.7429395,1565.172,-0.15,-0.16,-0.13,0.647,1.050,0.38,14
$GNSS,2023-09-06T01:15:59.100Z,40.4337876,-111.7429397,1565.211,0.14,-0.07,-0.17,0.649,1.053,0.32,14
$GNSS,2023-09-06T01:15:59.150Z,40.4337875,-111.7429398,1565.205,-0.01,-0.11,-0.10,0.652,1.055,0.38,14
$GNSS,2023-09-06T01:15:59.200Z,40.4337874,-111.7429398,1565.206,-0.17,-0.13,-0.17,0.654,1.057,0.39,14
$GNSS,2023-09-06T01:15:59.250Z,40.4337874,-111.7429398,1565.205,-0.13,-0.12,-0.18,0.657,1.060,0.40,14
$GNSS,2023-09-06T01:15:59.300Z,40.4337873,-111.7429400,1565.223,-0.10,-0.12,-0.17,0.659,1.062,0.39,14
$GNSS,2023-09-06T01:15:59.350Z,40.4337872,-111.7429402,1565.250,-0.06,-0.08,-0.14,0.662,1.065,0.39,13
$GNSS,2023-09-06T01:15:59.400Z,40.4337872,-111.7429401,1565.236,-0.03,-0.04,-0.08,0.665,1.068,0.39,13
$GNSS,2023-09-06T01:15:59.450Z,40.4337870,-111.7429402,1565.248,-0.25,-0.07,-0.09,0.668,1.071,0.36,13
$GNSS,2023-09-06T01:15:59.500Z,40.4337869,-111.7429406,1565.299,-0.02,-0.12,-0.11,0.670,1.074,0.37,13
$GNSS,2023-09-06T01:15:59.550Z,40.4337868,-111.7429409,1565.335,-0.06,-0.12,-0.18,0.673,1.077,0.39,13
$GNSS,2023-09-06T01:15:59.600Z,40.4337867,-111.7429410,1565.352,-0.07,-0.14,-0.21,0.676,1.079,0.39,13
$GNSS,2023-09-06T01:15:59.650Z,40.4337866,-111.7429411,1565.370,-0.11,-0.07,-0.17,0.678,1.082,0.39,13
$GNSS,2023-09-06T01:15:59.700Z,40.4337866,-111.7429412,1565.373,-0.02,-0.08,-0.18,0.681,1.085,0.38,13
$GNSS,2023-09-06T01:15:59.750Z,40.4337865,-111.7429412,1565.379,-0.07,-0.05,-0.14,0.683,1.087,0.39,13
$GNSS,2023-09-06T01:15:59.800Z,40.4337865,-111.7429412,1565.381,-0.03,-0.04,-0.11,0.686,1.090,0.39,14
$GNSS,2023-09-06T01:15:59.850Z,40.4337864,-111.7429415,1565.414,0.05,-0.07,-0.14,0.688,1.093,0.34,14
$GNSS,2023-09-06T01:15:59.900Z,40.4337864,-111.7429413,1565.400,-0.10,-0.01,-0.23,0.691,1.095,0.37,14
$GNSS,2023-09-06T01:15:59.950Z,40.4337864,-111.7429413,1565.399,-0.05,-0.08,-0.16,0.693,1.098,0.39,14
$GNSS,2023-09-06T01:16:00.000Z,40.4337864,-111.7429412,1565.387,0.06,0.01,-0.08,0.696,1.101,0.29,14
$GNSS,2023-09-06T01:16:00.050Z,40.4337864,-111.7429412,1565.386,0.05,-0.03,-0.09,0.698,1.104,0.32,13
$GNSS,2023-09-06T01:16:00.100Z,40.4337864,-111.7429413,1565.405,0.06,0.08,-0.09,0.697,1.102,0.24,13
$GNSS,2023-09-06T01:16:00.150Z,40.4337864,-111.7429412,1565.394,0.04,0.09,0.01,0.696,1.101,0.29,13
$GNSS,2023-09-06T01:16:00.200Z,40.4337862,-111.7429414,1565.420,-0.05,-0.02,-0.02,0.696,1.100,0.33,13
$GNSS,2023-09-06T01:16:00.250Z,40.4337863,-111.7429414,1565.408,0.05,0.01,0.01,0.695,1.099,0.32,13
$GNSS,2023-09-06T01:16:00.300Z,40.4337862,-111.7429415,1565.422,0.03,-0.04,-0.03,0.695,1.099,0.29,13
$GNSS,2023-09-06T01:16:00.350Z,40.4337861,-111.7429417,1565.456,0.00,-0.02,-0.12,0.695,1.099,0.33,13
$GNSS,2023-09-06T01:16:00.400Z,40.4337861,-111.7429417,1565.453,-0.05,0.04,-0.07,0.696,1.099,0.31,13
$GNSS,2023-09-06T01:16:00.450Z,40.4337862,-111.7429414,1565.419,0.11,0.06,0.00,0.696,1.099,0.29,13
$GNSS,2023-09-06T01:16:00.500Z,40.4337861,-111.7429415,1565.435,0.01,-0.04,-0.09,0.696,1.099,0.31,13
$GNSS,2023-09-06T01:16:00.550Z,40.4337861,-111.7429415,1565.428,-0.04,-0.07,-0.08,0.697,1.100,0.32,13
$GNSS,2023-09-06T01:16:00.600Z,40.4337860,-111.7429415,1565.422,0.01,0.02,-0.02,0.697,1.100,0.24,13
$GNSS,2023-09-06T01:16:00.650Z,40.4337859,-111.7429416,1565.450,-0.06,0.05,-0.06,0.698,1.101,0.30,13
$GNSS,2023-09-06T01:16:00.700Z,40.4337858,-111.7429418,1565.462,0.00,-0.02,0.01,0.698,1.101,0.25,13
$GNSS,2023-09-06T01:16:00.750Z,40.4337857,-111.7429419,1565.481,-0.07,0.03,-0.02,0.699,1.101,0.30,13
$GNSS,2023-09-06T01:16:00.800Z,40.4337857,-111.7429420,1565.504,0.07,-0.04,-0.03,0.699,1.102,0.28,13
$GNSS,2023-09-06T01:16:00.850Z,40.4337855,-111.7429422,1565.522,-0.22,-0.04,-0.05,0.700,1.102,0.31,14
$GNSS,2023-09-06T01:16:00.900Z,40.4337854,-111.7429420,1565.504,-0.16,-0.02,-0.14,0.701,1.102,0.32,14
$GNSS,2023-09-06T01:16:00.950Z,40.4337853,-111.7429420,1565.505,-0.08,0.01,-0.11,0.701,1.103,0.32,14
$GNSS,2023-09-06T01:16:01.000Z,40.4337851,-111.7429421,1565.522,-0.14,0.04,-0.14,0.703,1.104,0.35,14
$GNSS,2023-09-06T01:16:01.050Z,40.4337849,-111.7429422,1565.548,-0.19,0.09,-0.17,0.704,1.106,0.34,13
$GNSS,2023-09-06T01:16:01.100Z,40.4337846,-111.7429423,1565.580,-0.33,0.03,-0.15,0.706,1.108,0.35,13
$GNSS,2023-09-06T01:16:01.150Z,40.4337843,-111.7429426,1565.602,-0.27,-0.08,-0.14,0.707,1.109,0.34,15
$GNSS,2023-09-06T01:16:01.200Z,40.4337841,-111.7429428,1565.625,-0.08,-0.07,-0.12,0.709,1.111,0.34,15
$GNSS,2023-09-06T01:16:01.250Z,40.4337840,-111.7429429,1565.629,-0.04,-0.08,-0.06,0.710,1.113,0.33,15
$GNSS,2023-09-06T01:16:01.300Z,40.4337839,-111.7429429,1565.616,-0.03,-0.07,-0.09,0.712,1.114,0.34,15
$GNSS,2023-09-06T01:16:01.350Z,40.4337838,-111.7429429,1565.599,0.01,-0.10,-0.06,0.713,1.116,0.31,15
$GNSS,2023-09-06T01:16:01.400Z,40.4337837,-111.7429428,1565.588,-0.04,-0.07,-0.11,0.715,1.118,0.35,14
$GNSS,2023-09-06T01:16:01.450Z,40.4337835,-111.7429429,1565.598,-0.07,-0.08,-0.14,0.717,1.120,0.35,13
$GNSS,2023-09-06T01:16:01.500Z,40.4337835,-111.7429428,1565.581,0.00,-0.01,-0.13,0.718,1.121,0.32,13
$GNSS,2023-09-06T01:16:01.550Z,40.4337834,-111.7429428,1565.568,-0.10,-0.01,-0.08,0.720,1.123,0.34,13
$GNSS,2023-09-06T01:16:01.600Z,40.4337832,-111.7429428,1565.565,-0.15,-0.09,-0.13,0.722,1.125,0.35,13
$GNSS,2023-09-06T01:16:01.650Z,40.4337831,-111.7429431,1565.574,0.03,-0.26,-0.12,0.724,1.127,0.31,14
$GNSS,2023-09-06T01:16:01.700Z,40.4337830,-111.7429433,1565.595,0.01,-0.13,-0.14,0.725,1.129,0.33,14
$GNSS,2023-09-06T01:16:01.750Z,40.4337829,-111.7429435,1565.603,0.00,-0.11,-0.08,0.727,1.131,0.33,14
$GNSS,2023-09-06T01:16:01.800Z,40.4337828,-111.7429436,1565.603,0.01,-0.12,-0.05,0.729,1.133,0.31,14
$GNSS,2023-09-06T01:16:01.850Z,40.4337827,-111.7429437,1565.600,0.00,-0.20,-0.10,0.730,1.134,0.32,14
$GNSS,2023-09-06T01:16:01.900Z,40.4337825,-111.7429438,1565.602,-0.11,-0.18,-0.14,0.732,1.136,0.35,14
$GNSS,2023-09-06T01:16:01.950Z,40.4337825,-111.7429438,1565.591,0.08,-0.19,-0.19,0.734,1.138,0.32,14
$GNSS,2023-09-06T01:16:02.000Z,40.4337824,-111.7429438,1565.599,-0.01,-0.04,-0.24,0.736,1.140,0.33,14
$GNSS,2023-09-06T01:16:02.050Z,40.4337823,-111.7429438,1565.585,-0.13,-0.08,-0.17,0.737,1.142,0.36,13
$GNSS,2023-09-06T01:16:02.100Z,40.4337821,-111.7429438,1565.588,-0.13,-0.09,-0.23,0.739,1.144,0.36,13
$GNSS,2023-09-06T01:16:02.150Z,40.4337820,-111.7429438,1565.589,-0.13,-0.07,-0.23,0.741,1.146,0.36,13
$GNSS,2023-09-06T01:16:02.200Z,40.4337820,-111.7429439,1565.587,0.15,-0.11,-0.13,0.743,1.148,0.28,13
$GNSS,2023-09-06T01:16:02.250Z,40.4337819,-111.7429440,1565.591,-0.06,-0.12,-0.20,0.745,1.151,0.36,13
$GNSS,2023-09-06T01:16:02.300Z,40.4337818,-111.7429438,1565.561,-0.05,-0.18,-0.20,0.747,1.153,0.35,13
$GNSS,2023-09-06T01:16:02.350Z,40.4337818,-111.7429437,1565.538,0.05,-0.15,-0.18,0.749,1.155,0.33,13
$GNSS,2023-09-06T01:16:02.400Z,40.4337817,-111.7429437,1565.543,-0.15,-0.01,-0.18,0.751,1.157,0.35,13
$GNSS,2023-09-06T01:16:02.450Z,40.4337817,-111.7429439,1565.564,0.03,-0.06,-0.17,0.753,1.159,0.32,13
$GNSS,2023-09-06T01:16:02.500Z,40.4337817,-111.7429437,1565.536,-0.03,-0.06,-0.09,0.755,1.161,0.36,13
$GNSS,2023-09-06T01:16:02.550Z,40.4337817,-111.7429438,1565.547,0.18,-0.10,-0.11,0.757,1.163,0.28,13
$GNSS,2023-09-06T01:16:02.600Z,40.4337818,-111.7429436,1565.523,0.08,-0.07,-0.14,0.759,1.165,0.30,13
$GNSS,2023-09-06T01:16:02.650Z,40.4337817,-111.7429436,1565.533,0.00,-0.07,-0.18,0.761,1.168,0.34,13
$GNSS,2023-09-06T01:16:02.700Z,40.4337817,-111.7429437,1565.555,0.05,-0.04,-0.11,0.763,1.170,0.30,13
$GNSS,2023-09-06T01:16:02.750Z,40.4337817,-111.7429437,1565.549,0.11,-0.09,-0.04,0.765,1.171,0.29,13
$GNSS,2023-09-06T01:16:02.800Z,40.4337818,-111.7429437,1565.547,0.20,-0.16,-0.05,0.767,1.173,0.31,13
$GNSS,2023-09-06T01:16:02.850Z,40.4337818,-111.7429435,1565.546,-0.01,0.03,-0.14,0.770,1.175,0.30,13
$GNSS,2023-09-06T01:16:02.900Z,40.4337818,-111.7429435,1565.560,0.00,0.04,-0.09,0.772,1.178,0.27,13
$GNSS,2023-09-06T01:16:02.950Z,40.4337816,-111.7429437,1565.606,-0.13,0.00,-0.09,0.775,1.180,0.38,13
$GNSS,2023-09-06T01:16:03.000Z,40.4337815,-111.7429438,1565.642,-0.03,0.01,-0.15,0.778,1.182,0.33,13
$GNSS,2023-09-06T01:16:03.050Z,40.4337815,-111.7429439,1565.667,0.04,-0.11,-0.14,0.781,1.185,0.34,13
$GNSS,2023-09-06T01:16:03.100Z,40.4337813,-111.7429444,1565.719,-0.11,-0.19,-0.02,0.784,1.187,0.32,13
$GNSS,2023-09-06T01:16:03.150Z,40.4337813,-111.7429444,1565.739,0.00,-0.11,-0.18,0.787,1.189,0.36,13
$GNSS,2023-09-06T01:16:03.200Z,40.4337813,-111.7429445,1565.776,0.01,-0.03,-0.23,0.789,1.192,0.33,13
$GNSS,2023-09-06T01:16:03.250Z,40.4337812,-111.7429446,1565.793,-0.08,-0.12,-0.20,0.792,1.194,0.38,14
$GNSS,2023-09-06T01:16:03.300Z,40.4337811,-111.7429447,1565.812,-0.17,-0.13,-0.18,0.795,1.197,0.39,14
$GNSS,2023-09-06T01:16:03.350Z,40.4337811,-111.7429446,1565.805,-0.02,-0.13,-0.14,0.798,1.199,0.37,14
$GNSS,2023-09-06T01:16:03.400Z,40.4337812,-111.7429445,1565.803,0.04,-0.03,-0.11,0.801,1.202,0.32,14
$GNSS,2023-09-06T01:16:03.450Z,40.4337812,-111.7429444,1565.811,0.12,-0.03,-0.17,0.804,1.205,0.30,14
$GNSS,2023-09-06T01:16:03.500Z,40.4337811,-111.7429445,1565.834,-0.11,-0.10,-0.20,0.807,1.207,0.39,14
