{
  "version": 1,
  "inertial": [
    {
      "t": 772.001,
      "position": [
        -3.0914121981203264,
        2.1144631638403357,
        1.3167879027341558
      ],
      "zoom": 1
    }
  ],
  "body": [
    {
      "t": 772.001,
      "position": [
        -0.8358755952565422,
        1.563985679121329,
        -2.7622749676163174
      ],
      "zoom": 1
    }
  ],
  "captureStart": 772.001,
  "captureEnd": 803.551
}