$FLYS,1
$VAR,FIRMWARE_VER,v2024.06.09.starter_pistol
$VAR,DEVICE_ID,0017003b3253501720373657
$VAR,SESSION_ID,3086f9bd05d21738af97143e
$COL,BARO,time,pressure,temperature
$UNIT,BARO,s,Pa,deg C
$COL,HUM,time,humidity,temperature
$UNIT,HUM,s,percent,deg C
$COL,MAG,time,x,y,z,temperature
$UNIT,MAG,s,gauss,gauss,gauss,deg C
$COL,IMU,time,wx,wy,wz,ax,ay,az,temperature
$UNIT,IMU,s,deg/s,deg/s,deg/s,g,g,g,deg C
$COL,TIME,time,tow,week
$UNIT,TIME,s,s,
$COL,VBAT,time,voltage
$UNIT,VBAT,s,volt
$DATA
$IMU,52968.672,2.136,-1.403,-2.929,-0.00878,0.16845,0.93750,28.70
$IMU,52968.747,1.892,0.061,-1.159,0.01269,0.19433,0.98535,28.69
$IMU,52968.823,-0.305,0.427,0.305,0.00634,0.18896,0.99560,28.75
$BARO,52968.841,69842.00,29.07
$MAG,52968.847,-0.450,-0.640,-0.792,27.8
$HUM,52968.886,28.5,29.5
$IMU,52968.898,-0.915,0.366,-0.305,0.00976,0.17724,0.99609,28.76
$BARO,52968.943,69840.20,29.07
$MAG,52968.948,-0.448,-0.640,-0.786,27.7
$IMU,52968.973,0.305,1.403,1.525,-0.01025,0.18017,0.98974,28.76
$BARO,52969.044,69849.26,29.07
$IMU,52969.048,0.610,0.915,2.014,0.00683,0.19726,0.99169,28.80
$MAG,52969.049,-0.447,-0.631,-0.792,27.7
$IMU,52969.123,-0.183,0.488,0.488,0.00830,0.19335,0.99169,28.80
$BARO,52969.146,69845.41,29.07
$MAG,52969.149,-0.448,-0.631,-0.795,28.0
$IMU,52969.198,-1.098,0.183,-0.183,0.00634,0.18066,0.99804,28.83
$BARO,52969.247,69836.76,29.07
$MAG,52969.250,-0.448,-0.636,-0.795,27.7
$IMU,52969.273,-0.549,0.549,-0.305,0.00341,0.18554,0.99462,28.80
$IMU,52969.348,-0.488,0.976,-0.122,-0.01562,0.18798,0.99023,28.83
$BARO,52969.349,69847.44,29.07
$MAG,52969.351,-0.459,-0.628,-0.792,27.7
$IMU,52969.423,-0.488,0.000,0.183,0.00146,0.17431,1.00146,28.82
$BARO,52969.450,69842.58,29.08
$MAG,52969.451,-0.451,-0.633,-0.801,27.7
$IMU,52969.498,0.061,0.488,0.854,-0.00634,0.18847,0.99218,28.80
$BARO,52969.552,69841.20,29.07
$MAG,52969.552,-0.459,-0.634,-0.787,27.7
$IMU,52969.573,-0.305,0.122,0.671,0.00488,0.18554,0.99560,28.86
$VBAT,52969.597,3.937
$IMU,52969.648,-0.488,0.488,1.159,-0.00830,0.18505,0.99462,28.85
$BARO,52969.653,69841.17,29.08
$MAG,52969.653,-0.450,-0.642,-0.798,27.7
$IMU,52969.723,-0.366,0.061,0.793,0.00439,0.17382,0.99707,28.81
$MAG,52969.753,-0.454,-0.633,-0.793,27.7
$BARO,52969.754,69834.71,29.08
$IMU,52969.798,0.366,0.305,1.464,-0.01171,0.18750,0.99365,28.84
$MAG,52969.854,-0.456,-0.639,-0.793,27.6
$BARO,52969.856,69832.71,29.08
$IMU,52969.874,0.427,-0.183,1.159,-0.00292,0.19580,0.99414,28.83
$HUM,52969.901,28.7,29.5
$IMU,52969.949,-0.854,0.000,0.427,0.02148,0.19482,0.98974,28.87
$MAG,52969.955,-0.447,-0.637,-0.796,27.6
$BARO,52969.957,69838.56,29.07
$IMU,52970.024,-2.319,1.464,-0.427,-0.01220,0.17675,1.00000,28.86
$MAG,52970.056,-0.456,-0.630,-0.799,27.7
$BARO,52970.059,69841.20,29.07
$IMU,52970.099,-2.563,0.244,-0.915,-0.01318,0.17578,0.99365,28.85
$MAG,52970.156,-0.460,-0.630,-0.798,27.6
$BARO,52970.160,69839.78,29.07
$IMU,52970.174,-1.953,-0.061,0.427,0.00244,0.19873,0.99707,28.81
$IMU,52970.249,-6.835,2.624,1.831,-0.00146,0.21484,0.99121,28.83
$MAG,52970.257,-0.450,-0.624,-0.802,27.7
$BARO,52970.262,69839.56,29.08
$IMU,52970.324,-17.456,5.432,3.540,-0.00390,0.19531,0.98437,28.86
$MAG,52970.358,-0.451,-0.621,-0.817,27.7
$BARO,52970.363,69838.37,29.07
$IMU,52970.399,-27.526,7.934,4.455,0.02392,0.16796,0.99755,28.87
$MAG,52970.458,-0.438,-0.592,-0.847,27.8
$BARO,52970.465,69841.56,29.08
$IMU,52970.474,-40.161,17.028,0.854,-0.02832,0.00488,0.97216,28.88
$IMU,52970.549,-39.672,18.493,2.563,-0.14501,-0.12158,1.01269,28.91
$MAG,52970.559,-0.433,-0.565,-0.859,27.6
$BARO,52970.566,69848.43,29.08
$VBAT,52970.598,3.943
$IMU,52970.624,-18.066,6.530,5.371,-0.16162,-0.18505,1.02050,28.88
$MAG,52970.660,-0.441,-0.570,-0.861,27.7
$BARO,52970.668,69837.95,29.08
$IMU,52970.699,5.737,-2.563,10.986,-0.10791,-0.10107,1.03222,28.92
$MAG,52970.761,-0.436,-0.571,-0.852,27.7
$BARO,52970.769,69839.17,29.07
$IMU,52970.774,18.676,-2.197,21.057,-0.11425,-0.06250,1.01904,28.88
$IMU,52970.849,27.648,-3.601,22.521,-0.12255,0.03906,0.99218,28.87
$MAG,52970.861,-0.459,-0.579,-0.831,27.7
$BARO,52970.870,69835.32,29.08
$HUM,52970.917,28.8,29.5
$IMU,52970.924,28.076,-7.446,25.268,-0.11181,0.14892,0.98730,28.91
$MAG,52970.962,-0.475,-0.573,-0.825,27.7
$BARO,52970.972,69853.26,29.08
$IMU,52971.000,19.775,-13.000,28.320,-0.17529,0.12060,0.95410,28.89
$MAG,52971.063,-0.502,-0.588,-0.799,28.0
$BARO,52971.073,69846.41,29.08
$IMU,52971.075,15.380,-32.470,28.686,0.01904,0.16064,1.05322,28.90
$IMU,52971.150,13.549,-31.005,28.320,0.18261,0.16503,0.95361,28.92
$MAG,52971.163,-0.513,-0.577,-0.786,27.8
$BARO,52971.175,69840.15,29.09
$IMU,52971.225,13.549,-18.371,16.479,0.13085,0.24072,0.96923,28.89
$MAG,52971.264,-0.537,-0.571,-0.772,27.8
$BARO,52971.276,69842.37,29.08
$IMU,52971.300,3.784,-14.160,11.352,0.16162,0.26513,0.97949,28.91
$MAG,52971.365,-0.538,-0.567,-0.784,28.1
$IMU,52971.375,-7.629,-7.385,10.437,0.19580,0.17333,0.98046,28.92
$BARO,52971.378,69851.85,29.08
$IMU,52971.450,-6.286,1.464,6.713,0.15429,0.13281,1.00830,28.92
$MAG,52971.465,-0.549,-0.558,-0.783,27.7
$BARO,52971.479,69845.39,29.08
$IMU,52971.525,-2.929,3.967,0.061,0.12011,0.18847,0.99023,28.90
$MAG,52971.566,-0.531,-0.561,-0.789,27.8
$BARO,52971.581,69835.30,29.09
$VBAT,52971.598,3.939
$IMU,52971.600,-8.728,3.906,-3.051,0.14599,0.16162,0.99023,28.91
$MAG,52971.667,-0.526,-0.553,-0.798,27.7
$IMU,52971.675,-11.657,8.239,-3.723,0.13183,0.17529,0.97216,28.91
$BARO,52971.682,69841.98,29.09
$IMU,52971.750,-18.371,14.831,-3.784,0.12500,0.16992,1.00341,28.95
$MAG,52971.767,-0.523,-0.549,-0.808,27.7
$BARO,52971.784,69848.02,29.08
$IMU,52971.825,-27.099,21.301,-2.807,0.09472,0.06103,0.98486,28.90
$MAG,52971.868,-0.510,-0.537,-0.829,27.8
$BARO,52971.885,69847.97,29.10
$IMU,52971.900,-28.930,25.146,-7.690,0.01464,0.00244,1.01416,28.92
$HUM,52971.932,28.8,29.5
$MAG,52971.969,-0.486,-0.526,-0.849,28.0
$IMU,52971.975,-24.536,23.498,-9.887,-0.04199,-0.08300,0.98828,28.92
$BARO,52971.986,69855.06,29.09
$IMU,52972.051,-15.625,14.709,-11.352,-0.10986,-0.18701,1.02685,28.93
$MAG,52972.070,-0.477,-0.523,-0.846,28.0
$BARO,52972.088,69840.54,29.09
$IMU,52972.126,7.324,-1.098,-12.512,-0.15380,-0.13427,1.02880,28.90
$MAG,52972.170,-0.492,-0.544,-0.843,28.0
$BARO,52972.189,69844.56,29.09
$IMU,52972.201,21.911,-8.239,-4.577,0.03222,0.20117,0.99267,28.94
$MAG,52972.271,-0.490,-0.538,-0.841,27.8
$IMU,52972.276,3.723,0.793,4.394,-0.25048,-0.18017,1.00195,28.94
$BARO,52972.291,69841.54,29.09
$IMU,52972.351,24.169,-19.348,-11.230,0.14306,0.10253,1.01708,28.98
$MAG,52972.372,-0.490,-0.559,-0.828,28.1
$BARO,52972.392,69841.76,29.09
$IMU,52972.426,20.141,1.647,6.835,-0.12011,0.11767,0.98925,28.95
$MAG,52972.472,-0.495,-0.553,-0.814,27.7
$BARO,52972.494,69837.10,29.09
$IMU,52972.501,12.512,-4.333,7.263,0.06933,0.22412,0.98730,28.94
$MAG,52972.573,-0.505,-0.561,-0.819,27.7
$IMU,52972.576,-6.042,-8.483,0.000,-0.10156,0.08935,1.16259,28.96
$BARO,52972.595,69840.93,29.09
$VBAT,52972.598,3.935
$IMU,52972.651,-17.517,-16.845,1.098,0.08398,0.05908,0.82763,28.92
$MAG,52972.674,-0.513,-0.553,-0.820,27.7
$BARO,52972.697,69837.69,29.10
$IMU,52972.726,-14.404,-10.803,-1.831,0.05712,0.07714,0.90673,28.95
$MAG,52972.774,-0.517,-0.540,-0.820,27.7
$BARO,52972.798,69844.12,29.10
$IMU,52972.801,-17.639,-11.169,-5.004,0.08496,0.23242,1.11035,28.95
$MAG,52972.875,-0.531,-0.526,-0.819,27.8
$IMU,52972.876,-40.283,-21.667,-7.690,-0.01660,-0.05664,0.95068,28.94
$BARO,52972.900,69849.97,29.10
$HUM,52972.948,28.8,29.5
$IMU,52972.951,-43.518,-46.997,-9.765,0.20458,-0.01806,0.94531,28.96
$MAG,52972.976,-0.547,-0.511,-0.801,27.7
$BARO,52973.001,69847.75,29.10
$IMU,52973.026,-51.452,-40.954,-15.869,0.34863,-0.19970,0.94873,28.92
$MAG,52973.076,-0.556,-0.505,-0.801,27.8
$IMU,52973.102,-43.090,-22.094,-15.869,0.05175,-0.37939,0.97900,28.99
$BARO,52973.103,69843.51,29.11
$MAG,52973.177,-0.586,-0.496,-0.766,28.0
$IMU,52973.177,-30.883,-57.495,-26.977,0.16455,-0.39404,0.98339,28.96
$BARO,52973.204,69846.73,29.11
$IMU,52973.252,-39.367,-115.356,-29.846,0.52490,-0.14843,0.70117,28.94
$MAG,52973.278,-0.627,-0.495,-0.691,27.8
$BARO,52973.305,69834.03,29.11
$IMU,52973.327,-72.204,-130.432,16.296,0.75146,-0.22656,0.72509,29.00
$MAG,52973.378,-0.646,-0.459,-0.627,28.0
$IMU,52973.402,-39.245,-91.308,39.001,0.89599,-0.75146,0.66796,29.01
$BARO,52973.407,69846.31,29.11
$IMU,52973.477,44.677,-71.777,-25.512,0.79687,-0.48291,0.47607,28.98
$MAG,52973.479,-0.643,-0.484,-0.556,27.7
$BARO,52973.508,69847.53,29.11
$IMU,52973.552,55.114,-106.018,-62.988,0.79833,-0.35986,0.32861,29.00
$MAG,52973.580,-0.615,-0.520,-0.456,28.0
$VBAT,52973.599,3.932
$BARO,52973.610,69855.19,29.11
$IMU,52973.627,58.349,-129.882,-60.363,0.73486,-0.05224,-0.02636,29.00
$MAG,52973.680,-0.571,-0.513,-0.363,28.0
$IMU,52973.702,60.913,-130.554,-15.502,0.90234,-0.14257,-0.06201,29.02
$BARO,52973.711,69847.51,29.12
$IMU,52973.777,54.809,-92.895,17.272,0.86132,-0.02539,0.00390,28.99
$MAG,52973.781,-0.535,-0.490,-0.318,28.1
$BARO,52973.813,69838.03,29.12
$IMU,52973.852,21.484,-48.278,28.869,0.90234,-0.25488,-0.16503,29.02
$MAG,52973.882,-0.529,-0.448,-0.316,28.1
$BARO,52973.914,69847.70,29.12
$IMU,52973.927,27.770,3.356,59.631,1.30664,-0.61767,-0.29931,28.98
$HUM,52973.963,29.0,29.6
$MAG,52973.982,-0.525,-0.408,-0.298,27.8
$IMU,52974.002,34.423,-25.939,43.395,0.64062,-0.29980,-0.02734,29.02
$BARO,52974.016,69848.09,29.12
$IMU,52974.077,12.939,-34.851,0.305,1.06103,-0.47216,-0.22949,28.98
$MAG,52974.083,-0.501,-0.405,-0.292,28.0
$BARO,52974.117,69846.27,29.13
$IMU,52974.153,11.657,-10.375,-21.057,0.89453,-0.40429,-0.29199,29.02
$MAG,52974.184,-0.505,-0.420,-0.298,28.0
$BARO,52974.219,69838.44,29.12
$IMU,52974.228,23.010,14.404,-62.805,0.89648,-0.38769,-0.18603,29.03
$MAG,52974.284,-0.501,-0.433,-0.297,28.0
$IMU,52974.303,42.114,-1.647,-80.383,0.88085,-0.16064,0.01367,29.02
$BARO,52974.320,69841.41,29.13
$IMU,52974.378,27.770,5.310,-82.519,1.12744,-0.21191,-0.29101,28.98
$MAG,52974.385,-0.508,-0.456,-0.301,28.1
$BARO,52974.422,69848.90,29.13
$IMU,52974.453,38.208,29.846,-70.922,0.79394,0.25048,0.08935,29.03
$MAG,52974.486,-0.507,-0.456,-0.298,28.1
$BARO,52974.523,69847.26,29.14
$IMU,52974.528,25.085,3.295,-43.518,1.07080,0.42285,-0.15576,29.02
$MAG,52974.586,-0.495,-0.465,-0.292,28.1
$VBAT,52974.599,3.942
$IMU,52974.603,-0.610,-21.240,-29.235,0.94433,0.19873,-0.17431,29.03
$BARO,52974.625,69848.87,29.14
$IMU,52974.678,-2.014,-17.089,-4.699,1.01757,0.20019,-0.16162,29.08
$MAG,52974.687,-0.495,-0.463,-0.294,27.7
$BARO,52974.726,69844.83,29.14
$IMU,52974.753,-13.488,-10.559,14.648,0.88232,0.21826,-0.13281,29.03
$MAG,52974.788,-0.477,-0.469,-0.285,28.0
$BARO,52974.827,69854.31,29.14
$IMU,52974.828,-42.175,-27.954,36.071,0.99804,0.03857,-0.23388,29.04
$MAG,52974.888,-0.468,-0.478,-0.274,28.1
$IMU,52974.903,-32.348,-21.789,35.705,0.99218,-0.02392,-0.21630,29.05
$BARO,52974.929,69855.28,29.15
$IMU,52974.978,-19.470,-18.737,0.122,1.01171,0.00634,-0.30029,29.01
$HUM,52974.979,29.1,29.7
$MAG,52974.989,-0.456,-0.492,-0.276,27.8
$BARO,52975.030,69853.87,29.15
$IMU,52975.053,-12.329,11.657,1.708,1.03515,0.12792,-0.35449,29.05
$MAG,52975.090,-0.495,-0.498,-0.304,28.0
$IMU,52975.128,-9.277,55.603,20.202,0.96923,-0.00488,-0.20312,29.10
$BARO,52975.132,69848.63,29.15
$MAG,52975.190,-0.519,-0.475,-0.319,28.1
$IMU,52975.204,3.601,52.734,26.733,0.99316,0.03515,-0.08447,29.03
$BARO,52975.233,69850.24,29.15
$IMU,52975.279,13.610,39.001,31.555,0.91650,-0.13378,0.03271,29.07
$MAG,52975.291,-0.550,-0.463,-0.337,28.2
$BARO,52975.335,69840.54,29.15
$IMU,52975.354,4.760,15.808,0.000,0.91210,-0.00781,0.11914,29.03
$MAG,52975.392,-0.550,-0.456,-0.339,28.0
$IMU,52975.429,0.488,-3.906,-2.075,1.04589,-0.03076,0.02294,29.04
$BARO,52975.436,69844.97,29.16
$MAG,52975.492,-0.543,-0.456,-0.339,28.0
$IMU,52975.504,-1.464,3.723,1.525,1.04833,0.03759,0.01757,29.08
$BARO,52975.538,69843.97,29.16
$IMU,52975.579,-19.958,12.329,11.840,0.93359,-0.02050,0.04150,29.05
$MAG,52975.593,-0.553,-0.465,-0.340,28.0
$VBAT,52975.599,3.943
$BARO,52975.639,69847.19,29.16
$IMU,52975.654,-37.780,5.493,6.103,0.96240,-0.27294,-0.06445,29.09
$MAG,52975.694,-0.556,-0.486,-0.346,27.8
$IMU,52975.729,-17.211,1.220,-12.817,0.93945,-0.05566,0.02001,29.09
$BARO,52975.741,69836.66,29.17
$MAG,52975.794,-0.546,-0.471,-0.337,28.0
$IMU,52975.804,14.282,-13.305,4.455,1.01708,-0.01269,0.07617,29.12
$BARO,52975.842,69841.32,29.17
$IMU,52975.879,-5.187,-11.901,-5.126,1.11279,-0.09326,0.04150,29.08
$MAG,52975.895,-0.550,-0.483,-0.342,28.1
$BARO,52975.944,69848.17,29.17
$IMU,52975.954,-12.512,17.944,-15.563,0.96240,0.03613,0.05371,29.10
$HUM,52975.994,29.3,29.7
$MAG,52975.996,-0.561,-0.501,-0.349,28.0
$IMU,52976.029,-17.944,11.169,-8.666,0.98095,-0.01367,0.02343,29.10
$BARO,52976.045,69846.34,29.18
$MAG,52976.096,-0.561,-0.513,-0.358,28.1
$IMU,52976.104,-22.277,3.051,4.577,0.94580,-0.17041,-0.02636,29.08
$BARO,52976.146,69846.51,29.18
$IMU,52976.179,-3.051,-5.615,-3.540,0.99462,0.03759,0.05175,29.09
$MAG,52976.197,-0.549,-0.507,-0.357,28.1
$BARO,52976.248,69841.66,29.19
$IMU,52976.254,5.065,-4.821,3.051,1.06347,0.02001,0.01074,29.07
$MAG,52976.298,-0.561,-0.511,-0.358,28.1
$IMU,52976.330,-14.465,12.084,2.319,0.98681,-0.03857,0.07421,29.08
$BARO,52976.349,69846.51,29.19
$MAG,52976.398,-0.556,-0.528,-0.376,28.1
$IMU,52976.405,-22.521,16.540,-15.563,0.99023,-0.06884,0.10791,29.06
$BARO,52976.451,69840.24,29.19
$IMU,52976.480,-7.324,11.474,-13.610,1.00830,-0.02978,0.05029,29.06
$MAG,52976.499,-0.570,-0.531,-0.378,28.0
$BARO,52976.552,69846.92,29.19
$IMU,52976.555,-0.183,6.958,7.507,0.92333,-0.04589,0.08837,29.09
$MAG,52976.600,-0.570,-0.526,-0.363,28.1
$VBAT,52976.600,3.937
$IMU,52976.630,3.417,-10.803,0.854,1.00976,-0.00439,0.07226,29.06
$BARO,52976.654,69847.70,29.19
$MAG,52976.700,-0.565,-0.525,-0.373,28.1
$IMU,52976.705,5.126,-5.432,-3.723,1.04492,0.02246,0.09570,29.08
$BARO,52976.755,69843.05,29.20
$IMU,52976.780,4.333,13.122,-9.948,1.06152,0.06689,0.12939,29.12
$MAG,52976.801,-0.570,-0.531,-0.381,28.1
$IMU,52976.855,-2.502,17.211,-5.615,0.95507,0.04199,0.20166,29.12
$BARO,52976.857,69845.68,29.20
$MAG,52976.902,-0.571,-0.547,-0.399,28.0
$IMU,52976.930,-10.375,21.423,-11.474,1.06591,0.03027,0.10839,29.07
$BARO,52976.958,69848.26,29.20
$MAG,52977.002,-0.577,-0.555,-0.412,28.1
$IMU,52977.005,-14.648,38.085,-13.793,1.01562,0.11718,0.14404,29.11
$HUM,52977.009,29.5,29.7
$BARO,52977.059,69845.07,29.20
$IMU,52977.080,-23.620,41.381,-11.047,1.11474,0.09033,0.21484,29.12
$MAG,52977.103,-0.598,-0.577,-0.460,28.1
$IMU,52977.155,-23.559,58.837,-0.122,1.08691,0.12255,0.37939,29.11
$BARO,52977.161,69853.11,29.20
$MAG,52977.204,-0.621,-0.556,-0.519,28.1
$IMU,52977.230,-28.930,67.321,23.925,0.96582,0.14941,0.41699,29.13
$BARO,52977.262,69844.22,29.21
$MAG,52977.304,-0.634,-0.538,-0.613,28.1
$IMU,52977.305,-51.147,98.571,34.301,0.95068,-0.13769,0.31640,29.14
$BARO,52977.364,69849.26,29.22
$IMU,52977.381,-49.377,149.475,54.626,0.61572,-0.18994,0.42919,29.10
$MAG,52977.405,-0.622,-0.481,-0.741,28.1
$IMU,52977.456,-46.936,154.052,64.880,0.28710,-0.32958,0.67919,29.16
$BARO,52977.465,69843.19,29.22
$MAG,52977.506,-0.562,-0.441,-0.823,28.1
$IMU,52977.531,-29.602,118.408,41.259,0.05078,-0.36572,0.86718,29.12
$BARO,52977.567,69847.83,29.22
$VBAT,52977.600,3.953
$MAG,52977.606,-0.531,-0.424,-0.853,28.1
$IMU,52977.606,-17.333,72.082,15.869,0.07519,-0.47607,0.88085,29.10
$BARO,52977.668,69848.80,29.23
$IMU,52977.681,-2.624,43.457,6.774,-0.06835,-0.44140,0.92675,29.10
$MAG,52977.707,-0.514,-0.438,-0.874,28.1
$IMU,52977.756,3.234,16.052,-6.958,-0.06201,-0.42187,0.91601,29.11
$BARO,52977.770,69844.78,29.23
$MAG,52977.808,-0.520,-0.447,-0.861,28.1
$IMU,52977.831,5.676,-9.216,-11.718,0.02490,-0.37744,0.92919,29.15
$BARO,52977.871,69841.12,29.23
$IMU,52977.906,3.723,-24.108,-4.150,0.10400,-0.38378,0.89843,29.17
$MAG,52977.908,-0.531,-0.441,-0.846,28.1
$BARO,52977.972,69849.19,29.23
$IMU,52977.981,1.159,-25.390,1.464,0.15380,-0.35253,0.93164,29.10
$MAG,52978.009,-0.550,-0.439,-0.846,28.2
$HUM,52978.025,29.7,29.8
$IMU,52978.056,-1.892,-20.874,3.662,0.21923,-0.39013,0.90917,29.16
$BARO,52978.074,69847.36,29.24
$MAG,52978.110,-0.553,-0.436,-0.829,28.1
$IMU,52978.131,0.061,-14.770,9.155,0.21386,-0.37841,0.91894,29.16
$BARO,52978.175,69844.34,29.24
$IMU,52978.206,0.732,-13.183,7.751,0.22460,-0.37792,0.92431,29.16
$MAG,52978.210,-0.565,-0.438,-0.823,28.1
$BARO,52978.277,69840.90,29.24
$IMU,52978.281,1.342,-15.625,5.004,0.23388,-0.40185,0.90966,29.16
$MAG,52978.311,-0.576,-0.423,-0.807,28.1
$IMU,52978.356,3.234,-18.981,2.380,0.27539,-0.39453,0.90771,29.15
$BARO,52978.378,69832.23,29.25
$MAG,52978.412,-0.583,-0.433,-0.799,28.1
$IMU,52978.432,4.455,-20.202,0.976,0.29589,-0.39062,0.89599,29.16
$BARO,52978.480,69842.88,29.25
$IMU,52978.507,7.812,-19.531,1.037,0.34863,-0.35644,0.89697,29.18
$MAG,52978.512,-0.589,-0.442,-0.783,28.1
$BARO,52978.581,69844.29,29.25
$IMU,52978.582,8.361,-15.625,3.662,0.34570,-0.33544,0.90869,29.16
$VBAT,52978.601,3.939
$MAG,52978.613,-0.598,-0.439,-0.780,28.0
$IMU,52978.657,8.056,-13.671,0.427,0.35791,-0.36669,0.86767,29.14
$BARO,52978.682,69836.44,29.25
$MAG,52978.714,-0.610,-0.444,-0.760,28.1
$IMU,52978.732,11.535,-14.465,-0.122,0.39501,-0.31152,0.87109,29.14
$BARO,52978.784,69844.49,29.26
$IMU,52978.807,8.544,-13.854,0.427,0.38037,-0.32958,0.85791,29.17
$MAG,52978.814,-0.600,-0.448,-0.757,28.1
$IMU,52978.882,7.446,-14.526,-3.417,0.43115,-0.33886,0.86376,29.10
$BARO,52978.885,69845.29,29.26
$MAG,52978.915,-0.610,-0.445,-0.750,28.1
$IMU,52978.957,8.605,-8.483,-3.173,0.48632,-0.29541,0.89843,29.17
$BARO,52978.987,69842.27,29.26
$MAG,52979.016,-0.615,-0.448,-0.747,28.1
$IMU,52979.032,8.178,10.070,2.929,0.54492,-0.31640,0.85791,29.18
$HUM,52979.040,29.9,29.8
$BARO,52979.088,69848.29,29.27
$IMU,52979.107,11.901,33.203,7.873,0.37744,-0.23486,0.86816,29.16
$MAG,52979.116,-0.606,-0.453,-0.783,28.1
$IMU,52979.182,10.681,33.325,2.624,0.29785,-0.13818,0.90332,29.17
$BARO,52979.190,69848.31,29.27
$MAG,52979.217,-0.583,-0.450,-0.798,28.1
$IMU,52979.257,-1.708,21.118,1.098,0.23779,-0.22070,0.88476,29.18
$BARO,52979.291,69844.05,29.27
$MAG,52979.318,-0.582,-0.448,-0.793,28.1
$IMU,52979.332,-14.282,8.300,-6.591,0.24462,-0.34863,0.88232,29.19
$BARO,52979.393,69846.46,29.27
$IMU,52979.408,-10.559,2.746,-15.502,0.33056,-0.37792,0.91699,29.17
$MAG,52979.418,-0.574,-0.460,-0.808,28.1
$IMU,52979.483,-5.249,9.094,-15.380,0.31689,-0.33496,0.98046,29.20
$BARO,52979.494,69839.61,29.27
$MAG,52979.519,-0.579,-0.469,-0.814,28.1
$IMU,52979.558,-3.601,20.568,-11.413,0.27050,-0.33105,0.91943,29.12
$BARO,52979.595,69838.78,29.28
$VBAT,52979.617,3.948
$MAG,52979.620,-0.555,-0.457,-0.823,28.1
$IMU,52979.633,3.356,29.663,-4.821,0.16113,-0.26660,0.94677,29.19
$BARO,52979.697,69840.20,29.28
$IMU,52979.708,3.906,21.118,-2.868,0.03613,-0.21386,0.96728,29.21
$MAG,52979.720,-0.540,-0.471,-0.840,28.2
$IMU,52979.783,1.159,-4.638,-8.300,0.03320,-0.21582,0.94628,29.19
$BARO,52979.798,69841.37,29.29
$MAG,52979.821,-0.553,-0.474,-0.823,28.2
$IMU,52979.858,-3.540,-27.587,-9.399,0.19433,-0.30322,0.90722,29.19
$BARO,52979.900,69847.44,29.28
$MAG,52979.922,-0.562,-0.472,-0.811,28.1
$IMU,52979.933,-3.112,-22.338,0.854,0.31591,-0.32861,0.91064,29.18
$BARO,52980.001,69837.54,29.29
$IMU,52980.008,1.342,-2.746,17.761,0.27001,-0.23291,0.92675,29.19
$MAG,52980.022,-0.571,-0.460,-0.811,28.1
$HUM,52980.056,30.0,29.8
$IMU,52980.083,-1.892,3.051,20.935,0.21533,-0.19580,0.94580,29.15
$BARO,52980.103,69846.00,29.29
$MAG,52980.123,-0.571,-0.448,-0.810,28.1
$IMU,52980.158,-9.643,-6.164,14.343,0.21728,-0.26367,0.93750,29.20
$BARO,52980.204,69848.61,29.30
$MAG,52980.224,-0.588,-0.433,-0.804,28.3
$IMU,52980.233,-12.329,-15.930,6.530,0.27099,-0.34375,0.91992,29.20
$BARO,52980.305,69854.24,29.30
$IMU,52980.308,-8.544,-17.639,1.281,0.31396,-0.38427,0.93115,29.21
$MAG,52980.324,-0.583,-0.433,-0.796,28.1
$IMU,52980.383,-5.371,-14.160,2.014,0.33105,-0.40771,0.91455,29.20
$BARO,52980.407,69842.34,29.30
$MAG,52980.425,-0.597,-0.435,-0.775,28.2
$IMU,52980.458,-1.098,-10.742,0.549,0.33789,-0.37304,0.91259,29.23
$BARO,52980.508,69842.76,29.30
$MAG,52980.526,-0.600,-0.442,-0.781,28.1
$IMU,52980.534,3.295,-9.399,-0.366,0.37255,-0.35058,0.88671,29.21
$IMU,52980.609,3.356,-3.906,2.441,0.37451,-0.33740,0.86865,29.24
$BARO,52980.610,69854.82,29.31
$VBAT,52980.621,3.932
$MAG,52980.626,-0.595,-0.432,-0.778,28.2
$IMU,52980.684,1.281,2.502,3.417,0.36181,-0.28222,0.89062,29.23
$BARO,52980.711,69843.93,29.31
$MAG,52980.727,-0.600,-0.439,-0.784,28.1
$IMU,52980.759,-3.417,7.141,2.441,0.33984,-0.32226,0.87353,29.22
$BARO,52980.813,69845.31,29.32
$MAG,52980.828,-0.592,-0.433,-0.799,28.1
$IMU,52980.834,-5.065,10.681,0.244,0.33837,-0.33593,0.90039,29.26
$IMU,52980.909,-7.202,15.319,0.610,0.30078,-0.41113,0.88427,29.24
$BARO,52980.914,69844.32,29.32
$MAG,52980.928,-0.583,-0.418,-0.805,28.1
$IMU,52980.984,-3.601,16.113,0.427,0.25781,-0.40283,0.91845,29.23
$BARO,52981.015,69836.86,29.32
$MAG,52981.029,-0.579,-0.420,-0.813,28.1
$IMU,52981.059,-0.488,14.404,-1.342,0.21728,-0.38818,0.90576,29.22
$HUM,52981.071,30.1,29.8
$BARO,52981.117,69840.27,29.32
$MAG,52981.130,-0.568,-0.432,-0.823,28.2
$IMU,52981.134,2.929,9.643,-5.981,0.21728,-0.35400,0.91503,29.22
$IMU,52981.209,2.136,8.666,-6.408,0.22802,-0.34570,0.90576,29.24
$BARO,52981.218,69839.05,29.32
$MAG,52981.230,-0.562,-0.438,-0.822,28.1
$IMU,52981.284,-0.854,12.573,0.732,0.21240,-0.33251,0.91699,29.25
$BARO,52981.320,69835.42,29.32
$MAG,52981.331,-0.555,-0.429,-0.832,28.1
$IMU,52981.359,-3.234,13.977,3.906,0.15234,-0.37353,0.93505,29.25
$BARO,52981.421,69843.46,29.33
$MAG,52981.432,-0.556,-0.429,-0.843,28.2
$IMU,52981.434,0.244,9.582,-3.784,0.18408,-0.39111,0.93847,29.27
$IMU,52981.509,4.455,10.314,-3.417,0.13183,-0.35742,0.94189,29.22
$BARO,52981.523,69837.03,29.33
$MAG,52981.532,-0.537,-0.441,-0.846,28.1
$IMU,52981.585,3.723,9.094,-3.601,0.12792,-0.37304,0.90429,29.23
$VBAT,52981.622,3.927
$BARO,52981.624,69839.81,29.34
$MAG,52981.633,-0.537,-0.435,-0.850,28.2
$IMU,52981.660,3.540,4.760,-3.112,0.04394,-0.37451,0.93408,29.27
$BARO,52981.726,69847.68,29.34
$MAG,52981.734,-0.544,-0.448,-0.838,28.2
$IMU,52981.735,8.361,-8.239,-9.216,0.07861,-0.33544,0.96728,29.24
$IMU,52981.810,12.084,-15.747,-7.080,0.19580,-0.34033,0.94921,29.27
$BARO,52981.827,69846.46,29.34
$MAG,52981.834,-0.562,-0.460,-0.832,28.1
$IMU,52981.885,15.380,-10.742,4.089,0.18359,-0.32568,0.94970,29.32
$BARO,52981.928,69839.61,29.34
$MAG,52981.935,-0.561,-0.460,-0.822,28.1
$IMU,52981.960,15.930,-12.390,3.479,0.19042,-0.26806,0.94531,29.26
$BARO,52982.030,69842.00,29.35
$IMU,52982.035,14.282,-20.874,-7.507,0.19824,-0.16064,0.98193,29.23
$MAG,52982.036,-0.562,-0.468,-0.799,28.1
$HUM,52982.087,30.1,29.8
$IMU,52982.110,5.004,-36.926,-19.104,0.17822,-0.15136,0.94433,29.30
$BARO,52982.131,69845.41,29.35
$MAG,52982.136,-0.592,-0.498,-0.774,28.1
$IMU,52982.185,-0.122,-61.157,-34.301,0.36328,-0.22656,0.88232,29.26
$BARO,52982.233,69845.63,29.35
$MAG,52982.237,-0.615,-0.508,-0.724,28.1
$IMU,52982.260,7.263,-70.495,-32.287,0.44384,-0.23583,0.81250,29.28
$BARO,52982.334,69847.83,29.36
$IMU,52982.335,13.122,-86.364,-32.226,0.44433,-0.08300,0.67675,29.32
$MAG,52982.338,-0.625,-0.538,-0.657,28.1
$IMU,52982.410,10.986,-109.191,-42.724,0.77929,-0.05175,0.51220,29.28
$BARO,52982.436,69844.19,29.36
$MAG,52982.438,-0.619,-0.570,-0.565,28.1
$IMU,52982.485,13.488,-110.046,-41.687,0.75146,-0.03417,0.51464,29.27
$BARO,52982.537,69851.85,29.36
$MAG,52982.539,-0.600,-0.585,-0.499,28.1
$IMU,52982.560,8.789,-95.947,-33.447,1.18310,0.13085,0.34570,29.30
$VBAT,52982.623,3.947
$IMU,52982.636,-5.737,-54.138,-12.390,0.63671,-0.19970,0.19238,29.27
$BARO,52982.638,69851.46,29.36
$MAG,52982.640,-0.573,-0.597,-0.469,28.1
$IMU,52982.711,11.535,-75.134,-14.099,1.10058,0.28125,0.27050,29.30
$BARO,52982.740,69841.15,29.37
$MAG,52982.740,-0.567,-0.577,-0.424,28.1
$IMU,52982.786,3.173,-69.763,26.733,0.84326,-0.06787,0.08251,29.28
$BARO,52982.841,69848.00,29.37
$MAG,52982.841,-0.541,-0.573,-0.385,28.2
$IMU,52982.861,7.141,-77.880,19.775,1.34375,-0.10302,0.01074,29.28
$IMU,52982.936,11.718,-38.574,13.305,1.17822,0.09130,0.03369,29.33
$MAG,52982.942,-0.534,-0.570,-0.364,28.1
$BARO,52982.943,69852.43,29.37
$IMU,52983.011,0.915,-13.427,-4.455,0.97070,0.15625,-0.08837,29.28
$MAG,52983.042,-0.522,-0.565,-0.369,28.3
$BARO,52983.044,69843.75,29.37
$IMU,52983.086,-13.000,-2.868,21.423,1.03369,-0.09863,-0.13330,29.31
$HUM,52983.103,30.2,29.9
$MAG,52983.143,-0.552,-0.541,-0.378,28.1
$BARO,52983.146,69846.36,29.37
$IMU,52983.161,-9.155,13.366,51.147,0.93554,-0.14648,-0.02685,29.32
$IMU,52983.236,-6.164,-5.737,33.264,1.03369,-0.19824,0.00537,29.30
$MAG,52983.244,-0.546,-0.531,-0.373,28.1
$BARO,52983.247,69850.41,29.37
$IMU,52983.311,-2.502,-6.896,-5.432,0.97753,-0.19824,-0.11279,29.31
$MAG,52983.344,-0.543,-0.543,-0.375,28.2
$BARO,52983.348,69843.93,29.38
$IMU,52983.386,-2.868,-1.403,-11.474,0.97851,-0.08056,-0.03564,29.30
$MAG,52983.445,-0.546,-0.546,-0.376,28.1
$BARO,52983.450,69852.21,29.38
$IMU,52983.461,-4.943,-3.784,2.258,0.98779,-0.15332,-0.09814,29.30
$IMU,52983.536,-11.047,0.549,9.704,0.95458,-0.15283,-0.08203,29.27
$MAG,52983.546,-0.544,-0.550,-0.378,28.1
$BARO,52983.551,69851.16,29.39
$IMU,52983.611,-18.859,-3.295,11.657,0.99511,-0.18994,-0.09912,29.31
$VBAT,52983.638,3.930
$MAG,52983.646,-0.556,-0.549,-0.385,28.2
$BARO,52983.653,69848.14,29.39
$IMU,52983.687,-23.864,1.586,4.333,0.95947,-0.16845,-0.06982,29.36
$MAG,52983.747,-0.552,-0.562,-0.385,28.1
$BARO,52983.754,69845.12,29.39
$IMU,52983.762,-20.874,-1.464,2.807,1.00244,-0.16748,-0.10498,29.31
$IMU,52983.837,-12.573,0.488,8.117,0.94628,-0.20117,-0.08251,29.28
$MAG,52983.848,-0.555,-0.556,-0.397,28.2
$BARO,52983.856,69847.34,29.39
$IMU,52983.912,-3.234,-4.089,9.094,0.98437,-0.21044,-0.10742,29.32
$MAG,52983.948,-0.552,-0.550,-0.388,28.2
$BARO,52983.957,69849.56,29.39
$IMU,52983.987,1.953,-2.624,6.042,0.97607,-0.20849,-0.11181,29.30
$MAG,52984.049,-0.559,-0.547,-0.375,28.1
$BARO,52984.058,69843.10,29.39
$IMU,52984.062,1.892,-0.976,4.760,0.96777,-0.21972,-0.10498,29.32
$HUM,52984.118,30.3,29.9
$IMU,52984.137,1.281,0.366,0.122,0.96337,-0.22705,-0.09619,29.34
$MAG,52984.150,-0.558,-0.556,-0.387,28.1
$BARO,52984.160,69846.29,29.40
$IMU,52984.212,0.793,0.427,-1.403,0.97216,-0.21337,-0.11279,29.32
$MAG,52984.250,-0.556,-0.546,-0.390,28.1
$BARO,52984.261,69853.55,29.40
$IMU,52984.287,-1.770,2.136,1.403,0.95751,-0.20556,-0.12207,29.36
$MAG,52984.351,-0.559,-0.547,-0.391,28.0
$IMU,52984.362,-3.601,2.197,2.746,0.95556,-0.21972,-0.11328,29.35
$BARO,52984.363,69847.92,29.40
$IMU,52984.437,-2.441,-0.854,1.586,0.96972,-0.23095,-0.11230,29.33
$MAG,52984.452,-0.555,-0.543,-0.391,28.2
$BARO,52984.464,69839.22,29.40
$IMU,52984.512,-1.342,0.305,1.525,0.96386,-0.22509,-0.08740,29.33
$MAG,52984.552,-0.556,-0.550,-0.391,28.1
$BARO,52984.566,69843.05,29.41
$IMU,52984.587,0.122,0.305,2.746,0.96582,-0.24511,-0.10937,29.35
$VBAT,52984.642,3.935
$MAG,52984.653,-0.561,-0.526,-0.397,28.2
$IMU,52984.662,5.126,-0.305,8.544,0.95361,-0.26660,-0.10742,29.34
$BARO,52984.667,69854.14,29.41
$IMU,52984.738,14.465,-4.943,24.414,0.88964,-0.34179,-0.10839,29.38
$MAG,52984.754,-0.567,-0.504,-0.375,28.2
$BARO,52984.768,69849.09,29.41
$IMU,52984.813,25.268,-16.784,47.424,0.94970,-0.25634,-0.07470,29.34
$MAG,52984.854,-0.577,-0.484,-0.372,28.1
$BARO,52984.870,69857.36,29.41
$IMU,52984.888,10.803,-13.610,35.400,0.95312,-0.41503,-0.16210,29.34
$MAG,52984.955,-0.562,-0.487,-0.366,28.1
$IMU,52984.963,-4.211,0.549,-5.249,0.87500,-0.38916,-0.12695,29.41
$BARO,52984.971,69851.29,29.41
$IMU,52985.038,-11.352,-1.220,-10.192,0.93554,-0.38916,-0.14599,29.36
$MAG,52985.056,-0.565,-0.495,-0.373,28.1
$BARO,52985.073,69850.70,29.41
$IMU,52985.113,-6.408,1.892,-1.342,0.91455,-0.38037,-0.11279,29.39
$HUM,52985.134,30.3,29.9
$MAG,52985.156,-0.568,-0.483,-0.382,28.2
$BARO,52985.174,69845.66,29.41
$IMU,52985.188,-0.427,-0.488,2.563,0.91357,-0.38867,-0.13085,29.35
$MAG,52985.257,-0.564,-0.496,-0.375,28.1
$IMU,52985.263,0.549,-0.183,0.976,0.89746,-0.38037,-0.14208,29.39
$BARO,52985.275,69836.56,29.42
$IMU,52985.338,-2.502,-0.244,-2.807,0.91357,-0.37500,-0.16015,29.37
$MAG,52985.358,-0.561,-0.495,-0.382,28.2
$BARO,52985.377,69846.05,29.42
$IMU,52985.413,-2.746,0.061,-1.586,0.91210,-0.37158,-0.14453,29.35
$MAG,52985.458,-0.564,-0.496,-0.391,28.1
$BARO,52985.478,69845.02,29.42
$IMU,52985.488,-1.281,-0.122,0.915,0.91406,-0.38720,-0.12353,29.37
$MAG,52985.559,-0.568,-0.498,-0.382,28.1
$IMU,52985.563,0.122,0.122,1.159,0.90917,-0.39111,-0.12890,29.41
$BARO,52985.580,69846.41,29.43
$IMU,52985.638,0.122,-0.061,1.159,0.91308,-0.38378,-0.12597,29.37
$VBAT,52985.649,3.929
$MAG,52985.660,-0.565,-0.495,-0.375,28.2
$BARO,52985.681,69843.36,29.43
$IMU,52985.713,-0.793,1.647,-1.220,0.90673,-0.37792,-0.13916,29.35
$MAG,52985.760,-0.574,-0.501,-0.384,28.1
$BARO,52985.783,69848.02,29.43
$IMU,52985.789,-0.976,0.305,-2.441,0.91308,-0.37939,-0.15136,29.39
$MAG,52985.861,-0.571,-0.492,-0.379,28.2
$IMU,52985.864,-0.244,-0.549,1.098,0.91210,-0.37988,-0.15039,29.32
$BARO,52985.884,69851.04,29.43
$IMU,52985.939,-0.061,0.061,0.549,0.90820,-0.38037,-0.12695,29.38
$MAG,52985.962,-0.570,-0.493,-0.385,28.1
$BARO,52985.986,69851.43,29.43
$IMU,52986.014,-0.732,-0.366,-0.122,0.91503,-0.37988,-0.12988,29.37
$MAG,52986.062,-0.571,-0.492,-0.378,28.2
$BARO,52986.087,69847.61,29.44
$IMU,52986.089,-2.075,1.159,0.366,0.90429,-0.37109,-0.14062,29.37
$HUM,52986.150,30.3,29.9
$MAG,52986.163,-0.571,-0.495,-0.381,28.1
$IMU,52986.164,-2.868,0.854,1.831,0.91650,-0.39111,-0.14111,29.41
$TIME,52986.169,457658.000,2364
$BARO,52986.188,69844.36,29.44
$IMU,52986.239,-1.037,-0.610,1.708,0.90722,-0.39355,-0.13867,29.38
$MAG,52986.264,-0.570,-0.490,-0.375,28.2
$BARO,52986.290,69857.48,29.44
$IMU,52986.314,0.061,-0.244,0.427,0.90820,-0.39013,-0.12548,29.40
$MAG,52986.364,-0.568,-0.493,-0.376,28.2
$IMU,52986.389,0.122,0.854,-0.854,0.91113,-0.38818,-0.13134,29.41
$BARO,52986.391,69848.58,29.45
$IMU,52986.464,-0.854,1.647,-1.342,0.90722,-0.37451,-0.13085,29.37
$MAG,52986.465,-0.571,-0.493,-0.385,28.3
$BARO,52986.493,69845.75,29.45
$IMU,52986.539,-3.417,2.624,-0.671,0.91601,-0.37890,-0.15234,29.41
$MAG,52986.566,-0.576,-0.490,-0.384,28.1
$BARO,52986.594,69853.80,29.45
$IMU,52986.614,-2.502,1.770,1.098,0.90527,-0.39257,-0.13134,29.40
$VBAT,52986.650,3.922
$MAG,52986.666,-0.571,-0.492,-0.376,28.1
$IMU,52986.689,0.244,-0.244,1.525,0.91064,-0.39257,-0.12744,29.38
$BARO,52986.696,69849.19,29.45
$IMU,52986.764,0.305,0.061,-1.647,0.91015,-0.38085,-0.12207,29.39
$MAG,52986.767,-0.579,-0.489,-0.379,28.2
$BARO,52986.797,69845.73,29.45
$IMU,52986.840,0.122,-0.244,-0.671,0.91259,-0.38232,-0.13330,29.41
$MAG,52986.868,-0.567,-0.508,-0.390,28.2
$BARO,52986.898,69852.21,29.45
$IMU,52986.915,-0.061,0.122,-0.122,0.91015,-0.38623,-0.13134,29.40
$MAG,52986.968,-0.567,-0.496,-0.384,28.1
$IMU,52986.990,-0.549,0.000,0.793,0.91015,-0.37744,-0.13964,29.42
$BARO,52987.000,69843.10,29.46
$IMU,52987.065,-1.464,0.000,0.671,0.91259,-0.38769,-0.14257,29.44
$MAG,52987.069,-0.571,-0.502,-0.385,28.2
$BARO,52987.101,69847.14,29.45
$IMU,52987.140,-0.427,0.488,3.173,0.91259,-0.38867,-0.13671,29.42
$HUM,52987.166,30.2,29.9
$TIME,52987.169,457658.000,2364
$MAG,52987.170,-0.564,-0.487,-0.384,28.1
$BARO,52987.203,69850.97,29.46
$IMU,52987.215,0.610,4.211,0.671,0.90771,-0.39453,-0.06542,29.44
$MAG,52987.270,-0.577,-0.495,-0.385,28.1
$IMU,52987.290,-6.591,6.469,-5.737,0.90429,-0.38525,-0.10156,29.39
$BARO,52987.304,69851.58,29.45
$IMU,52987.365,-8.361,7.324,-4.760,0.93408,-0.39111,-0.15917,29.41
$MAG,52987.371,-0.576,-0.504,-0.402,28.1
$BARO,52987.406,69851.16,29.46
$IMU,52987.440,-0.793,4.333,-0.183,0.89648,-0.35693,-0.09277,29.42
$MAG,52987.472,-0.576,-0.502,-0.393,28.1
$BARO,52987.507,69850.56,29.46
$IMU,52987.515,2.258,2.929,-1.464,0.93017,-0.40966,-0.12255,29.41
$MAG,52987.572,-0.580,-0.502,-0.396,28.2
$IMU,52987.590,9.887,8.239,-20.141,0.91845,-0.36328,-0.06591,29.43
$BARO,52987.608,69852.36,29.47
$VBAT,52987.650,3.940
$IMU,52987.665,14.038,-2.136,-28.747,0.99365,-0.36035,-0.05908,29.42
$MAG,52987.673,-0.564,-0.520,-0.394,28.1
$BARO,52987.710,69854.77,29.47
$IMU,52987.740,12.512,6.896,-44.677,0.96191,-0.27246,-0.05615,29.42
$MAG,52987.774,-0.559,-0.553,-0.402,28.1
$BARO,52987.811,69845.68,29.47
$IMU,52987.815,10.375,8.117,-59.997,0.97802,-0.15966,-0.05419,29.42
$MAG,52987.874,-0.547,-0.583,-0.381,28.3
$IMU,52987.891,3.723,4.760,-62.561,0.92822,-0.03613,-0.07128,29.43
$BARO,52987.913,69856.97,29.47
$IMU,52987.966,1.525,-1.708,-26.123,1.00585,0.00000,-0.06347,29.44
$MAG,52987.975,-0.537,-0.586,-0.393,28.1
$BARO,52988.014,69844.66,29.47
$IMU,52988.041,1.098,-0.915,-6.042,1.00195,0.01855,-0.03027,29.42
$MAG,52988.076,-0.523,-0.582,-0.391,28.2
$BARO,52988.116,69842.44,29.48
$IMU,52988.116,2.197,-1.281,-14.953,1.02685,-0.01464,-0.01318,29.42
$MAG,52988.176,-0.520,-0.600,-0.385,28.2
$HUM,52988.181,30.2,30.0
$IMU,52988.191,7.812,-1.525,-22.827,0.96386,0.01171,-0.07080,29.46
$BARO,52988.217,69852.53,29.48
$IMU,52988.266,12.939,-5.615,-14.465,0.90380,0.15527,-0.06298,29.42
$MAG,52988.277,-0.516,-0.597,-0.373,28.2
$BARO,52988.319,69840.22,29.48
$IMU,52988.341,-6.958,-0.183,11.535,1.05322,0.01806,-0.03808,29.42
$MAG,52988.378,-0.529,-0.598,-0.394,28.1
$IMU,52988.416,-20.568,12.268,16.174,0.91748,-0.06982,-0.02441,29.45
$BARO,52988.420,69841.00,29.48
$MAG,52988.478,-0.522,-0.603,-0.387,28.2
$IMU,52988.491,-8.361,-8.789,-17.089,1.02392,-0.01806,-0.02001,29.43
$BARO,52988.521,69854.92,29.48
$IMU,52988.566,7.690,-16.296,-24.230,1.01318,0.08935,-0.11230,29.45
$MAG,52988.579,-0.504,-0.612,-0.378,28.2
$BARO,52988.623,69849.65,29.49
$IMU,52988.641,12.084,-10.559,-9.826,0.94726,0.07958,-0.09375,29.44
$VBAT,52988.651,3.927
$MAG,52988.680,-0.492,-0.607,-0.366,28.1
$IMU,52988.716,13.000,-7.019,-2.441,1.00927,0.19628,-0.15869,29.47
$BARO,52988.724,69847.05,29.49
$MAG,52988.780,-0.501,-0.597,-0.369,28.1
$IMU,52988.791,6.896,-3.906,15.991,0.92041,-0.05761,-0.09619,29.49
$BARO,52988.826,69864.79,29.49
$IMU,52988.866,19.226,-18.188,-5.676,1.04638,0.08398,-0.06835,29.45
$MAG,52988.881,-0.483,-0.595,-0.339,28.1
$BARO,52988.927,69914.44,29.49
$IMU,52988.942,16.052,-14.648,-15.136,0.97070,0.12207,-0.15527,29.44
$MAG,52988.982,-0.480,-0.601,-0.346,28.1
$IMU,52989.017,5.737,-4.516,-11.901,1.01953,0.12988,-0.18994,29.41
$BARO,52989.029,69988.25,29.50
$MAG,52989.082,-0.480,-0.595,-0.346,28.2
$IMU,52989.092,3.417,2.624,-6.835,0.95458,0.08544,-0.16748,29.44
$BARO,52989.130,70027.81,29.50
$IMU,52989.167,5.920,-1.647,-13.366,0.98535,0.12060,-0.18164,29.47
$TIME,52989.169,457660.000,2364
$MAG,52989.183,-0.459,-0.597,-0.334,28.2
$HUM,52989.197,30.5,30.0
$BARO,52989.231,69905.11,29.51
$IMU,52989.242,4.211,-0.915,-19.836,0.98828,0.16455,-0.17187,29.48
$MAG,52989.284,-0.463,-0.606,-0.337,28.2
$IMU,52989.317,-1.342,-2.685,-14.465,0.88525,0.16894,-0.18457,29.44
$BARO,52989.333,69885.53,29.50
$MAG,52989.384,-0.451,-0.609,-0.345,28.2
$IMU,52989.392,-1.464,-12.695,-12.451,1.00585,0.20996,-0.18359,29.44
$BARO,52989.434,69894.41,29.51
$IMU,52989.467,-8.850,-2.441,-19.470,0.95800,0.22949,-0.19628,29.48
$MAG,52989.485,-0.441,-0.622,-0.342,28.1
$BARO,52989.536,69904.69,29.51
$IMU,52989.542,-8.361,-5.126,-8.483,0.94775,0.27490,-0.17041,29.41
$MAG,52989.586,-0.433,-0.622,-0.339,28.2
$IMU,52989.617,-13.549,-3.845,-0.915,0.95068,0.23339,-0.22949,29.49
$BARO,52989.637,69995.07,29.51
$VBAT,52989.651,3.935
$MAG,52989.686,-0.436,-0.639,-0.357,28.1
$IMU,52989.692,-13.183,0.366,-5.859,0.95947,0.24755,-0.19628,29.48
$BARO,52989.739,70069.52,29.52
$IMU,52989.767,0.671,2.136,0.366,0.91748,0.26123,-0.16406,29.49
$MAG,52989.787,-0.423,-0.631,-0.345,28.2
$BARO,52989.840,69920.19,29.53
$IMU,52989.842,0.122,-2.563,-9.399,0.94140,0.25390,-0.20703,29.46
$MAG,52989.888,-0.426,-0.639,-0.340,28.3
$IMU,52989.917,1.831,-3.662,-15.869,0.96630,0.23828,-0.19726,29.46
$BARO,52989.942,69840.90,29.52
$MAG,52989.988,-0.409,-0.640,-0.345,28.2
$IMU,52989.993,5.249,-5.310,-24.719,0.91650,0.35400,-0.22119,29.49
$BARO,52990.043,69846.12,29.53
$IMU,52990.068,0.488,-7.263,-28.747,0.87353,0.34375,-0.17968,29.50
$MAG,52990.089,-0.390,-0.651,-0.348,28.2
$IMU,52990.143,2.075,-15.014,-27.770,0.87890,0.36962,-0.20996,29.48
$BARO,52990.144,69850.77,29.53
$TIME,52990.169,457660.000,2364
$MAG,52990.190,-0.355,-0.654,-0.324,28.2
$HUM,52990.213,31.1,30.0
$IMU,52990.218,5.126,-21.179,-43.579,0.89453,0.44335,-0.27392,29.51
$BARO,52990.246,69843.71,29.53
$MAG,52990.290,-0.315,-0.660,-0.333,28.1
$IMU,52990.293,5.554,-20.812,-52.368,0.76220,0.55322,-0.30371,29.50
$BARO,52990.347,69851.55,29.53
$IMU,52990.368,3.234,-20.996,-39.306,0.73828,0.59375,-0.37597,29.48
$MAG,52990.391,-0.294,-0.663,-0.325,28.2
$IMU,52990.443,0.122,-13.061,-19.531,0.74121,0.60791,-0.36083,29.52
$BARO,52990.449,69845.07,29.54
$MAG,52990.492,-0.288,-0.655,-0.334,28.2
$IMU,52990.518,-2.380,-3.417,-5.737,0.73974,0.60107,-0.33740,29.44
$BARO,52990.550,69848.12,29.54
$MAG,52990.592,-0.295,-0.655,-0.325,28.2
$IMU,52990.593,-1.831,0.122,-2.502,0.72998,0.60351,-0.33349,29.53
$VBAT,52990.651,3.937
$BARO,52990.652,69844.07,29.54
$IMU,52990.668,-1.281,3.784,0.488,0.75439,0.59277,-0.34082,29.48
$MAG,52990.693,-0.288,-0.658,-0.333,28.3
$IMU,52990.743,-0.793,4.150,-2.868,0.73583,0.57275,-0.31250,29.46
$BARO,52990.753,69852.75,29.54
$MAG,52990.794,-0.282,-0.663,-0.327,28.3
$IMU,52990.818,2.929,0.854,-6.408,0.71679,0.58886,-0.34765,29.52
$BARO,52990.855,69849.92,29.54
$IMU,52990.893,6.042,6.042,1.892,0.71972,0.60937,-0.32910,29.47
$MAG,52990.894,-0.285,-0.651,-0.327,28.2
$BARO,52990.956,69851.12,29.54
$IMU,52990.968,6.652,5.126,4.394,0.73681,0.62695,-0.31933,29.52
$MAG,52990.995,-0.297,-0.654,-0.333,28.2
$IMU,52991.044,1.342,-1.098,-2.197,0.74804,0.59277,-0.33935,29.52
$BARO,52991.057,69851.92,29.55
$MAG,52991.096,-0.289,-0.649,-0.319,28.2
$IMU,52991.119,-2.380,-1.708,-8.605,0.74267,0.59326,-0.34375,29.51
$BARO,52991.159,69849.48,29.55
$TIME,52991.169,457662.000,2364
$IMU,52991.194,-1.220,2.197,-6.896,0.69873,0.62109,-0.31933,29.51
$MAG,52991.197,-0.289,-0.658,-0.327,28.2
$HUM,52991.228,31.6,30.0
$BARO,52991.260,69848.07,29.55
$IMU,52991.269,-0.427,1.342,-2.441,0.74365,0.61132,-0.31982,29.50
$MAG,52991.297,-0.291,-0.648,-0.322,28.2
$IMU,52991.344,1.831,5.187,-1.342,0.72949,0.61328,-0.32958,29.47
$BARO,52991.362,69842.61,29.55
$MAG,52991.398,-0.286,-0.657,-0.322,28.2
$IMU,52991.419,-0.305,3.845,-5.249,0.73632,0.61376,-0.34179,29.55
$BARO,52991.463,69848.68,29.55
$IMU,52991.494,-4.272,2.990,-10.742,0.69091,0.61767,-0.33837,29.52
$MAG,52991.499,-0.289,-0.657,-0.327,28.3
$BARO,52991.564,69847.85,29.55
$IMU,52991.569,-4.577,2.075,-9.582,0.71826,0.64062,-0.30957,29.55
$MAG,52991.599,-0.279,-0.658,-0.339,28.2
$IMU,52991.644,-1.525,3.356,-7.507,0.68603,0.66113,-0.25195,29.54
$VBAT,52991.652,3.940
$BARO,52991.666,69850.26,29.56
$MAG,52991.700,-0.273,-0.657,-0.324,28.2
$IMU,52991.719,1.220,1.159,-11.596,0.69726,0.68212,-0.30371,29.55
$BARO,52991.767,69850.48,29.56
$IMU,52991.794,0.854,1.403,-8.544,0.69287,0.66210,-0.29785,29.56
$MAG,52991.801,-0.276,-0.657,-0.324,28.2
$BARO,52991.869,69848.65,29.56
$IMU,52991.869,-1.403,-2.136,-10.009,0.65576,0.67578,-0.29980,29.55
$MAG,52991.901,-0.267,-0.661,-0.334,28.3
$IMU,52991.944,2.014,-6.469,-6.774,0.60498,0.69970,-0.29882,29.55
$BARO,52991.970,69851.90,29.56
$MAG,52992.002,-0.282,-0.657,-0.319,28.2
$IMU,52992.019,7.446,-1.342,23.254,0.73388,0.70166,-0.35302,29.57
$BARO,52992.072,69850.46,29.56
$IMU,52992.095,7.629,13.793,34.118,0.70605,0.61572,-0.33398,29.51
$MAG,52992.103,-0.301,-0.646,-0.327,28.2
$IMU,52992.170,2.441,10.314,25.451,0.72460,0.56884,-0.31201,29.56
$BARO,52992.173,69855.89,29.57
$MAG,52992.203,-0.316,-0.645,-0.325,28.2
$HUM,52992.244,32.0,30.0
$IMU,52992.245,2.990,7.324,30.761,0.81103,0.58593,-0.30908,29.49
$BARO,52992.274,69849.85,29.56
$MAG,52992.304,-0.357,-0.634,-0.319,28.3
$IMU,52992.320,3.295,17.028,41.870,0.88476,0.58154,-0.22070,29.53
$BARO,52992.376,69851.85,29.57
$IMU,52992.395,4.943,18.798,46.997,0.93505,0.47314,-0.27978,29.51
$MAG,52992.405,-0.390,-0.633,-0.315,28.2
$IMU,52992.470,2.868,27.465,28.930,1.22753,0.40283,-0.24560,29.55
$BARO,52992.477,69855.89,29.57
$MAG,52992.505,-0.439,-0.625,-0.334,28.2
$IMU,52992.545,-4.821,74.096,27.893,1.06591,0.54931,-0.07031,29.53
$BARO,52992.579,69858.70,29.58
$MAG,52992.606,-0.513,-0.618,-0.393,28.3
$IMU,52992.620,-24.414,117.065,49.316,1.10058,0.31884,-0.07617,29.53
$VBAT,52992.652,3.934
$BARO,52992.680,69843.34,29.58
$IMU,52992.695,-17.517,154.479,67.443,1.08691,0.09472,0.00683,29.52
$MAG,52992.707,-0.595,-0.577,-0.483,28.2
$IMU,52992.770,2.197,166.748,66.772,0.61083,0.09521,0.26318,29.57
$BARO,52992.782,69849.41,29.58
$MAG,52992.807,-0.631,-0.565,-0.573,28.3
$IMU,52992.845,9.338,119.995,29.907,0.28857,0.07910,0.52099,29.52
$BARO,52992.883,69841.12,29.58
$MAG,52992.908,-0.633,-0.565,-0.589,28.2
$IMU,52992.920,9.460,31.127,-12.268,0.65478,0.05419,0.67089,29.56
$BARO,52992.984,69843.54,29.58
$IMU,52992.995,8.972,0.976,-14.709,0.79785,0.15917,0.72167,29.55
$MAG,52993.009,-0.630,-0.571,-0.588,28.2
$IMU,52993.070,-0.427,15.502,0.915,0.75048,0.17724,0.70947,29.58
$BARO,52993.086,69842.32,29.58
$MAG,52993.109,-0.618,-0.573,-0.610,28.3
$IMU,52993.146,-5.554,30.456,6.713,0.60009,0.28710,0.79638,29.56
$TIME,52993.169,457663.000,2364
$BARO,52993.187,69848.17,29.58
$MAG,52993.210,-0.627,-0.556,-0.637,28.2
$IMU,52993.221,-19.470,29.602,-0.183,0.66699,0.18945,0.79199,29.52
$HUM,52993.260,32.1,30.1
$BARO,52993.289,69847.78,29.58
$IMU,52993.296,-30.883,23.376,0.915,0.55517,-0.01025,0.69433,29.59
$MAG,52993.311,-0.616,-0.559,-0.669,28.2
$IMU,52993.371,-32.958,16.967,-6.469,0.54785,0.02294,0.75097,29.52
$BARO,52993.390,69841.29,29.59
$MAG,52993.411,-0.609,-0.564,-0.691,28.2
$IMU,52993.446,-37.414,13.305,-11.535,0.59960,-0.04052,0.75683,29.57
$BARO,52993.492,69838.47,29.59
$MAG,52993.512,-0.603,-0.564,-0.720,28.3
$IMU,52993.521,-39.672,18.554,-9.094,0.61669,-0.03710,0.87109,29.55
$BARO,52993.593,69839.68,29.59
$IMU,52993.596,-42.297,27.709,-4.272,0.54003,-0.26611,0.80712,29.56
$MAG,52993.613,-0.585,-0.547,-0.747,28.5
$VBAT,52993.653,3.935
$IMU,52993.671,-24.963,37.231,3.845,0.46337,-0.24755,0.88330,29.58
$BARO,52993.694,69850.17,29.59
$MAG,52993.713,-0.576,-0.538,-0.780,28.3
$IMU,52993.746,-14.038,34.362,7.873,0.27539,-0.27441,0.91601,29.54
$BARO,52993.796,69849.78,29.59
$MAG,52993.814,-0.567,-0.546,-0.780,28.3
$IMU,52993.821,-1.037,12.390,-8.178,0.22509,-0.26171,0.97656,29.57
$IMU,52993.896,7.507,-11.413,-23.742,0.45410,-0.24023,0.97070,29.60
$BARO,52993.897,69853.60,29.59
$MAG,52993.915,-0.568,-0.556,-0.762,28.2
$IMU,52993.971,18.188,1.586,-7.873,0.57031,-0.07714,0.97802,29.57
$BARO,52993.999,69846.12,29.60
$MAG,52994.016,-0.564,-0.559,-0.778,28.2
$IMU,52994.046,11.291,35.949,15.808,0.55126,-0.02490,0.87304,29.57
$BARO,52994.100,69831.98,29.60
$MAG,52994.116,-0.544,-0.556,-0.805,28.2
$IMU,52994.121,5.187,47.180,15.136,0.13525,-0.02929,0.82470,29.55
$TIME,52994.169,457664.000,2364
$IMU,52994.197,-1.342,12.145,-17.333,0.25976,-0.02294,0.92578,29.53
$BARO,52994.201,69840.07,29.60
$MAG,52994.217,-0.538,-0.564,-0.811,28.3
$IMU,52994.272,-9.155,2.990,-6.835,0.36279,-0.06689,0.93701,29.53
$HUM,52994.276,32.3,30.1
$BARO,52994.303,69844.88,29.61
$MAG,52994.318,-0.523,-0.546,-0.825,28.2
$IMU,52994.347,-20.935,22.155,5.798,0.14355,-0.07373,0.94238,29.54
$BARO,52994.404,69849.75,29.60
$MAG,52994.418,-0.514,-0.531,-0.834,28.2
$IMU,52994.422,-27.343,13.671,13.183,0.12646,-0.21093,1.01562,29.58
$IMU,52994.497,-30.334,11.230,25.268,0.26708,-0.19384,1.00878,29.57
$BARO,52994.506,69839.64,29.61
$MAG,52994.519,-0.517,-0.507,-0.856,28.2
$IMU,52994.572,-39.428,19.531,23.925,0.17187,-0.31005,0.94970,29.59
$BARO,52994.607,69845.29,29.61
$MAG,52994.620,-0.516,-0.466,-0.867,28.3
$IMU,52994.647,-40.405,14.343,14.648,0.13330,-0.35058,0.90283,29.53
$VBAT,52994.653,3.939
$BARO,52994.709,69847.68,29.61
$MAG,52994.720,-0.516,-0.451,-0.885,28.2
$IMU,52994.722,-41.076,6.347,9.826,0.09521,-0.28369,0.82666,29.59
$IMU,52994.797,-52.490,2.929,4.577,0.16552,-0.71191,0.92285,29.57
$BARO,52994.810,69853.14,29.62
$MAG,52994.821,-0.505,-0.412,-0.886,28.3
$IMU,52994.872,-38.757,11.352,-0.366,0.07470,-0.51074,0.84033,29.56
$BARO,52994.912,69833.76,29.61
$MAG,52994.922,-0.496,-0.396,-0.891,28.2
$IMU,52994.947,-27.526,6.774,-2.319,0.09082,-0.70654,0.90332,29.56
$BARO,52995.013,69847.90,29.61
$MAG,52995.022,-0.487,-0.381,-0.894,28.2
$IMU,52995.022,-18.066,6.164,-1.281,0.06445,-0.65722,0.87890,29.58
$IMU,52995.097,-3.051,6.530,0.793,0.09033,-0.70117,0.89062,29.58
$BARO,52995.114,69849.31,29.62
$MAG,52995.123,-0.489,-0.402,-0.901,28.2
$TIME,52995.169,457665.000,2364
$IMU,52995.172,18.981,0.183,-6.591,0.09375,-0.72363,0.79101,29.59
$BARO,52995.216,69845.85,29.62
$MAG,52995.224,-0.492,-0.427,-0.883,28.2
$IMU,52995.248,45.593,-5.920,-29.174,0.13085,-0.57324,0.86230,29.60
$HUM,52995.291,32.4,30.1
$BARO,52995.317,69841.20,29.62
$IMU,52995.323,54.748,-2.868,-22.216,0.14306,-0.49169,0.87744,29.62
$MAG,52995.325,-0.492,-0.471,-0.886,28.2
$IMU,52995.398,66.223,3.051,-9.277,0.04833,-0.49853,0.97119,29.57
$BARO,52995.419,69846.46,29.62
$MAG,52995.425,-0.498,-0.516,-0.867,28.3
$IMU,52995.473,75.744,-10.864,-5.310,0.13720,-0.17675,0.82031,29.63
$BARO,52995.520,69841.41,29.62
$MAG,52995.526,-0.495,-0.553,-0.838,28.3
$IMU,52995.548,57.922,-9.155,-6.225,0.18017,-0.07617,0.84130,29.60
$BARO,52995.621,69840.81,29.62
$IMU,52995.623,31.250,3.601,3.417,0.15625,-0.20898,0.91601,29.60
$MAG,52995.627,-0.496,-0.574,-0.840,28.3
$VBAT,52995.654,3.926
$IMU,52995.698,32.470,0.061,-9.948,0.14648,-0.13134,0.97363,29.55
$BARO,52995.723,69844.00,29.63
$MAG,52995.727,-0.490,-0.595,-0.826,28.3
$IMU,52995.773,19.653,-11.901,-36.865,0.17822,0.40380,0.94580,29.58
$BARO,52995.824,69846.44,29.63
$MAG,52995.828,-0.496,-0.598,-0.829,28.5
$IMU,52995.848,-13.732,-5.737,-14.221,0.15722,-0.15478,1.04589,29.61
$IMU,52995.923,0.366,-8.117,-7.873,0.20068,-0.10351,1.01708,29.62
$BARO,52995.926,69844.41,29.63
$MAG,52995.929,-0.495,-0.603,-0.826,28.2
$IMU,52995.998,13.732,-4.272,-16.845,0.21679,0.01171,0.97753,29.58
$BARO,52996.027,69844.19,29.63
$MAG,52996.030,-0.490,-0.612,-0.817,28.2
$IMU,52996.073,13.122,6.530,-12.573,0.11376,-0.03076,1.02441,29.59
$BARO,52996.129,69836.13,29.64
$MAG,52996.130,-0.486,-0.636,-0.802,28.2
$IMU,52996.148,27.587,-6.835,-12.512,0.22070,-0.03906,1.01562,29.59
$TIME,52996.169,457667.000,2364
$IMU,52996.223,40.222,-7.141,-21.423,0.21875,0.18994,1.00976,29.64
$BARO,52996.230,69841.59,29.64
$MAG,52996.231,-0.480,-0.661,-0.777,28.2
$IMU,52996.299,32.104,0.366,-18.188,0.30029,0.30175,0.88378,29.63
$HUM,52996.307,32.4,30.1
$BARO,52996.332,69840.76,29.64
$MAG,52996.332,-0.472,-0.667,-0.778,28.3
$IMU,52996.374,8.605,17.150,-0.427,0.16699,0.28906,0.87890,29.62
$MAG,52996.432,-0.459,-0.667,-0.796,28.5
$BARO,52996.433,69840.95,29.64
$IMU,52996.449,-9.460,26.672,12.268,0.28857,0.34716,0.97509,29.61
$IMU,52996.524,-53.771,63.171,21.301,0.21777,0.34277,0.95117,29.64
$MAG,52996.533,-0.423,-0.610,-0.859,28.3
$BARO,52996.534,69834.69,29.64
$IMU,52996.599,-105.041,82.458,10.009,-0.21533,-0.11279,0.81640,29.61
$MAG,52996.634,-0.385,-0.556,-0.921,28.2
$BARO,52996.636,69837.73,29.64
$VBAT,52996.654,3.932
$IMU,52996.674,-89.172,33.264,1.342,-0.25439,-0.42675,0.94238,29.62
$MAG,52996.734,-0.402,-0.538,-0.921,28.5
$BARO,52996.737,69836.49,29.65
$IMU,52996.749,-33.020,-4.394,-6.286,-0.08837,-0.28613,1.00781,29.62
$IMU,52996.824,-15.441,-9.338,-17.578,-0.05712,-0.31835,0.98925,29.62
$MAG,52996.835,-0.397,-0.528,-0.919,28.2
$BARO,52996.839,69840.93,29.65
$IMU,52996.899,-5.615,-7.934,-15.747,-0.14599,-0.37597,1.00830,29.60
$MAG,52996.936,-0.399,-0.544,-0.918,28.3
$BARO,52996.940,69844.95,29.65
$IMU,52996.974,10.498,-2.197,-0.610,0.05273,-0.16894,0.93261,29.63
$MAG,52997.037,-0.379,-0.526,-0.922,28.5
$BARO,52997.042,69842.56,29.64
$IMU,52997.049,-3.845,17.333,5.371,-0.25683,-0.27099,0.95410,29.60
$IMU,52997.124,-2.563,-8.300,-5.920,-0.09033,-0.30126,0.96582,29.62
$MAG,52997.137,-0.397,-0.540,-0.918,28.5
$BARO,52997.143,69839.51,29.65
$IMU,52997.199,4.455,-11.230,-7.690,-0.00634,-0.25292,0.96582,29.62
$MAG,52997.238,-0.399,-0.543,-0.922,28.5
$BARO,52997.244,69836.08,29.65
$IMU,52997.274,2.075,0.061,-7.141,-0.08544,-0.27294,0.99316,29.62
$HUM,52997.322,32.3,30.1
$MAG,52997.339,-0.399,-0.538,-0.916,28.3
$BARO,52997.346,69837.08,29.65
$IMU,52997.350,-0.122,-1.220,-3.845,-0.03759,-0.23486,0.94873,29.64
$IMU,52997.425,-3.112,4.577,3.112,-0.07421,-0.21240,0.92138,29.64
$MAG,52997.439,-0.387,-0.541,-0.919,28.2
$BARO,52997.447,69850.99,29.66
$IMU,52997.500,-8.483,-0.366,2.136,-0.05908,-0.28271,0.98681,29.60
$MAG,52997.540,-0.402,-0.529,-0.922,28.1
$BARO,52997.549,69847.75,29.66
$IMU,52997.575,-6.774,-4.394,-0.549,-0.04003,-0.28271,0.97705,29.66
$MAG,52997.641,-0.403,-0.537,-0.918,28.2
$BARO,52997.650,69846.95,29.66
$IMU,52997.650,-3.906,-0.610,3.723,-0.07177,-0.30029,0.98339,29.62
$VBAT,52997.654,3.932
$IMU,52997.725,0.305,-0.610,7.080,-0.05859,-0.30908,0.96582,29.63
$MAG,52997.742,-0.402,-0.522,-0.921,28.3
$BARO,52997.752,69848.17,29.66
$IMU,52997.800,-1.098,-1.647,2.746,-0.10205,-0.29052,0.94287,29.65
$MAG,52997.842,-0.406,-0.516,-0.927,28.2
$BARO,52997.853,69851.58,29.67
$IMU,52997.875,-6.774,-10.314,-7.385,-0.02294,-0.29638,0.92041,29.67
$MAG,52997.943,-0.400,-0.531,-0.930,28.2
$IMU,52997.950,-8.178,-4.455,-4.455,-0.02978,-0.34179,1.00732,29.62
$BARO,52997.955,69844.92,29.66
$IMU,52998.025,2.990,-3.906,-3.662,-0.03515,-0.31494,0.97509,29.65
$MAG,52998.044,-0.406,-0.523,-0.919,28.3
$BARO,52998.056,69841.68,29.67
$IMU,52998.100,1.098,-6.896,0.793,-0.01464,-0.34179,0.99218,29.60
$MAG,52998.144,-0.405,-0.520,-0.922,28.1
$BARO,52998.157,69840.49,29.66
$TIME,52998.169,457668.000,2364
$IMU,52998.175,4.882,6.469,15.625,0.04101,-0.33935,1.00195,29.67
$MAG,52998.245,-0.406,-0.535,-0.924,28.3
$IMU,52998.250,17.761,11.047,14.953,-0.16455,-0.24853,0.88671,29.63
$BARO,52998.259,69845.31,29.67
$IMU,52998.325,7.263,-14.099,-10.009,-0.00878,-0.18652,0.88769,29.66
$HUM,52998.338,32.3,30.1
$MAG,52998.346,-0.411,-0.529,-0.915,28.2
$BARO,52998.360,69841.46,29.67
$IMU,52998.401,-13.183,-8.239,-11.291,0.03808,-0.35009,0.99658,29.67
$MAG,52998.447,-0.408,-0.529,-0.916,28.3
$BARO,52998.462,69845.49,29.67
$IMU,52998.476,-4.028,5.371,1.647,-0.13769,-0.34619,1.06640,29.66
$MAG,52998.547,-0.421,-0.534,-0.915,28.5
$IMU,52998.551,9.582,-11.108,0.671,0.06982,-0.27929,0.98828,29.63
$BARO,52998.563,69839.44,29.67
$IMU,52998.626,15.136,-1.770,2.868,0.02392,-0.21972,0.92919,29.63
$MAG,52998.648,-0.420,-0.540,-0.900,28.5
$VBAT,52998.655,3.942
$BARO,52998.665,69844.68,29.68
$IMU,52998.701,9.338,-3.234,-14.221,-0.05859,-0.30566,0.94873,29.68
$MAG,52998.749,-0.424,-0.568,-0.906,28.3
$BARO,52998.766,69845.68,29.68
$IMU,52998.776,27.282,-12.634,-17.211,-0.06054,-0.26611,0.93359,29.63
$MAG,52998.849,-0.432,-0.591,-0.879,28.3
$IMU,52998.851,33.142,-9.643,-12.573,0.06005,-0.03613,0.98974,29.69
$BARO,52998.868,69844.46,29.68
$IMU,52998.926,8.361,-10.070,15.014,0.14794,-0.08056,1.02246,29.66
$MAG,52998.950,-0.439,-0.577,-0.885,28.2
$BARO,52998.969,69844.68,29.68
$IMU,52999.001,-1.892,2.014,53.527,0.14697,-0.16601,1.00634,29.68
$MAG,52999.051,-0.445,-0.571,-0.885,28.5
$BARO,52999.070,69839.42,29.68
$IMU,52999.076,10.009,8.361,30.883,-0.00927,-0.11816,0.99609,29.66
$MAG,52999.151,-0.444,-0.580,-0.880,28.3
$IMU,52999.151,15.319,7.446,-22.521,-0.02001,-0.12841,0.98046,29.64
$TIME,52999.169,457669.000,2364
$BARO,52999.172,69841.00,29.69
$IMU,52999.226,10.009,2.929,-35.766,-0.08154,0.02343,0.96093,29.67
$MAG,52999.252,-0.424,-0.597,-0.883,28.5
$BARO,52999.273,69841.41,29.69
$IMU,52999.301,-7.934,-7.385,-22.827,0.00732,-0.07958,1.00878,29.69
$MAG,52999.353,-0.420,-0.595,-0.880,28.3
$HUM,52999.354,32.3,30.1
$BARO,52999.375,69842.02,29.69
$IMU,52999.376,-13.549,-14.221,-4.455,0.07324,-0.16748,1.04492,29.69
$IMU,52999.452,7.263,-10.437,-2.502,0.09472,-0.14746,1.03417,29.66
$MAG,52999.453,-0.442,-0.592,-0.871,28.5
$BARO,52999.476,69846.27,29.69
$IMU,52999.527,9.582,-1.037,8.178,0.08935,-0.11230,0.97949,29.65
$MAG,52999.554,-0.441,-0.595,-0.873,28.5
$BARO,52999.578,69842.80,29.69
$IMU,52999.602,5.859,0.183,15.869,0.09863,-0.08447,1.02734,29.67
$MAG,52999.655,-0.442,-0.594,-0.871,28.2
$VBAT,52999.655,3.935
$IMU,52999.677,11.169,1.892,15.197,0.05029,-0.10595,1.04736,29.69
$BARO,52999.679,69838.17,29.69
$IMU,52999.752,17.700,5.920,-11.108,0.02392,-0.10644,1.00195,29.68
$MAG,52999.755,-0.430,-0.607,-0.861,28.2
$BARO,52999.780,69837.59,29.69
$IMU,52999.827,32.287,0.610,-22.460,-0.00634,0.03515,1.02294,29.72
$MAG,52999.856,-0.430,-0.634,-0.838,28.5
$BARO,52999.882,69843.22,29.69
$IMU,52999.902,34.118,-12.756,-17.028,0.06738,0.09716,1.13964,29.70
$MAG,52999.957,-0.448,-0.652,-0.817,28.2
$IMU,52999.977,31.738,-17.883,-6.408,0.02880,-0.05224,1.11523,29.66
$BARO,52999.983,69845.41,29.70
$IMU,53000.052,61.096,-29.113,-3.967,0.10498,0.02099,1.03369,29.68
$MAG,53000.057,-0.447,-0.691,-0.777,28.5
$BARO,53000.085,69837.34,29.70
$IMU,53000.127,91.796,-19.714,-19.958,0.34326,0.14990,0.91015,29.67
$MAG,53000.158,-0.438,-0.729,-0.703,28.3
$TIME,53000.169,457671.000,2364
$BARO,53000.186,69842.58,29.70
$IMU,53000.202,110.595,-0.732,-30.883,0.14843,0.47070,0.71923,29.71
$MAG,53000.259,-0.391,-0.778,-0.628,28.5
$IMU,53000.277,90.087,-21.179,-58.410,-0.09472,0.66992,0.73828,29.66
$BARO,53000.288,69839.34,29.71
$IMU,53000.352,63.171,-52.673,-84.167,-0.08496,0.69042,0.62304,29.70
$MAG,53000.359,-0.339,-0.789,-0.573,28.5
$HUM,53000.370,32.4,30.2
$BARO,53000.389,69840.98,29.71
$IMU,53000.428,46.142,-67.993,-53.955,0.04687,0.82958,0.63720,29.65
$MAG,53000.460,-0.327,-0.792,-0.552,28.5
$BARO,53000.490,69830.86,29.71
$IMU,53000.503,24.475,-47.912,-5.676,0.28710,0.75341,0.57080,29.68
$MAG,53000.561,-0.342,-0.778,-0.532,28.3
$IMU,53000.578,20.385,-9.277,16.601,0.03173,0.77734,0.51220,29.72
$BARO,53000.592,69839.54,29.71
$IMU,53000.653,33.630,-42.114,1.953,0.21093,0.81152,0.55224,29.69
$VBAT,53000.655,3.935
$MAG,53000.661,-0.334,-0.780,-0.499,28.5
$BARO,53000.693,69845.61,29.70
$IMU,53000.728,35.095,-43.212,-11.474,0.35058,0.89794,0.51904,29.67
$MAG,53000.762,-0.324,-0.777,-0.480,28.5
$BARO,53000.795,69845.39,29.71
$IMU,53000.803,25.756,-19.592,-0.488,0.26660,0.88964,0.45849,29.69
$MAG,53000.863,-0.331,-0.772,-0.459,28.5
$IMU,53000.878,13.977,-7.934,3.540,0.34667,0.92089,0.46386,29.72
$BARO,53000.896,69842.37,29.71
$IMU,53000.953,9.155,-4.272,9.216,0.17724,0.83886,0.36572,29.68
$MAG,53000.963,-0.321,-0.775,-0.454,28.5
$BARO,53000.998,69834.27,29.72
$IMU,53001.028,9.765,-16.174,-5.249,0.38183,0.97363,0.48291,29.67
$MAG,53001.064,-0.324,-0.778,-0.459,28.5
$BARO,53001.099,69841.76,29.71
$IMU,53001.103,-2.075,-4.821,-2.624,0.31494,0.85888,0.38574,29.66
$MAG,53001.165,-0.319,-0.766,-0.456,28.5
$TIME,53001.169,457672.000,2364
$IMU,53001.178,0.305,1.220,-10.498,0.26757,0.94677,0.41943,29.72
$BARO,53001.200,69846.39,29.72
$IMU,53001.253,-13.854,10.070,-9.216,0.30126,0.88818,0.43212,29.68
$MAG,53001.265,-0.322,-0.783,-0.462,28.5
$BARO,53001.302,69841.32,29.72
$IMU,53001.328,-15.625,14.404,-3.784,0.18603,0.85156,0.45019,29.71
$MAG,53001.366,-0.309,-0.781,-0.480,28.3
$HUM,53001.385,32.2,30.2
$BARO,53001.403,69837.90,29.72
$IMU,53001.403,-16.113,13.793,-3.906,0.20605,0.95019,0.51464,29.73
$MAG,53001.467,-0.324,-0.789,-0.508,28.5
$IMU,53001.479,-32.592,16.662,-4.272,0.30615,0.88964,0.51611,29.69
$BARO,53001.505,69840.51,29.72
$IMU,53001.554,-30.761,18.798,-6.469,0.10205,0.71044,0.53857,29.69
$MAG,53001.567,-0.307,-0.792,-0.520,28.3
$BARO,53001.606,69849.41,29.72
$IMU,53001.629,-11.718,7.080,0.427,0.12939,0.79931,0.57421,29.71
$VBAT,53001.656,3.937
$MAG,53001.668,-0.322,-0.792,-0.528,28.3
$IMU,53001.704,-11.291,5.981,19.897,0.15429,0.82763,0.61816,29.70
$BARO,53001.708,69842.12,29.72
$MAG,53001.769,-0.355,-0.787,-0.562,28.5
$IMU,53001.779,-29.479,18.676,40.527,0.28906,0.86230,0.61523,29.74
$BARO,53001.809,69840.29,29.72
$IMU,53001.854,-49.560,24.291,35.949,0.16015,0.66503,0.68017,29.69
$MAG,53001.869,-0.375,-0.777,-0.597,28.3
$BARO,53001.911,69842.71,29.73
$IMU,53001.929,-48.400,12.084,28.625,0.15332,0.54833,0.71582,29.72
$MAG,53001.970,-0.400,-0.763,-0.622,28.3
$IMU,53002.004,-32.531,8.728,31.860,0.35839,0.54101,0.86914,29.74
$BARO,53002.012,69847.53,29.73
$MAG,53002.071,-0.424,-0.756,-0.655,28.3
$IMU,53002.079,-23.498,17.578,31.188,0.45947,0.63183,0.81884,29.73
$BARO,53002.114,69840.88,29.73
$IMU,53002.154,-31.555,37.658,13.488,0.39599,0.47363,0.84375,29.77
$MAG,53002.171,-0.423,-0.750,-0.688,28.5
$BARO,53002.215,69836.66,29.73
$IMU,53002.229,-22.766,51.940,2.502,0.21826,0.50048,0.91064,29.66
$MAG,53002.272,-0.408,-0.748,-0.712,28.3
$IMU,53002.304,-18.554,60.791,13.977,0.05126,0.39013,0.88769,29.74
$BARO,53002.316,69831.18,29.73
$MAG,53002.373,-0.409,-0.732,-0.735,28.3
$IMU,53002.379,-6.347,68.359,29.479,-0.08886,0.41552,0.85058,29.72
$HUM,53002.401,32.2,30.2
$BARO,53002.418,69842.90,29.73
$IMU,53002.454,9.826,54.565,39.001,-0.08349,0.46093,0.87939,29.74
$MAG,53002.473,-0.417,-0.726,-0.739,28.3
$BARO,53002.519,69841.27,29.74
$IMU,53002.530,14.953,42.724,44.677,-0.19433,0.44824,0.88574,29.71
$MAG,53002.574,-0.433,-0.712,-0.736,28.5
$IMU,53002.605,23.193,29.479,41.503,0.20263,0.29589,0.81591,29.72
$BARO,53002.621,69837.25,29.74
$VBAT,53002.657,3.937
$MAG,53002.675,-0.448,-0.723,-0.703,28.5
$IMU,53002.680,66.223,65.612,52.368,-0.06152,0.55322,0.82666,29.73
$BARO,53002.722,69844.88,29.74
$IMU,53002.755,72.814,66.833,24.536,-0.27099,0.79492,0.65771,29.70
$MAG,53002.775,-0.427,-0.741,-0.676,28.5
$BARO,53002.824,69846.09,29.74
$IMU,53002.830,66.894,35.583,-10.864,-0.14550,0.69384,0.64892,29.73
$MAG,53002.876,-0.426,-0.748,-0.634,28.3
$IMU,53002.905,67.932,23.742,-15.686,-0.32812,0.92138,0.50097,29.71
$BARO,53002.925,69844.07,29.74
$MAG,53002.977,-0.406,-0.759,-0.615,28.5
$IMU,53002.980,40.283,6.042,-28.503,-0.34863,0.92431,0.48632,29.73
$BARO,53003.027,69837.22,29.75
$IMU,53003.055,4.516,2.319,-12.023,-0.27929,0.90234,0.44091,29.75
$MAG,53003.077,-0.405,-0.768,-0.630,28.3
$BARO,53003.128,69844.07,29.75
$IMU,53003.130,-18.066,12.390,-0.427,-0.32910,0.81250,0.51904,29.71
$TIME,53003.169,457673.000,2364
$MAG,53003.178,-0.406,-0.768,-0.645,28.5
$IMU,53003.205,-13.977,6.896,10.559,-0.43457,0.78222,0.59228,29.71
$BARO,53003.229,69843.27,29.74
$MAG,53003.279,-0.414,-0.751,-0.640,28.5
$IMU,53003.280,-3.906,-15.380,14.770,-0.08642,0.78955,0.52001,29.71
$BARO,53003.331,69843.66,29.75
$IMU,53003.355,-4.333,12.390,-6.835,-0.36328,0.80810,0.55908,29.74
$MAG,53003.380,-0.415,-0.753,-0.645,28.5
$HUM,53003.417,31.9,30.2
$IMU,53003.430,-4.211,0.061,1.892,-0.27783,0.83740,0.56054,29.72
$BARO,53003.432,69832.35,29.76
$MAG,53003.480,-0.411,-0.756,-0.643,28.5
$IMU,53003.505,-5.981,-4.638,5.432,-0.27832,0.77148,0.53662,29.74
$BARO,53003.534,69835.37,29.76
$MAG,53003.581,-0.423,-0.750,-0.648,28.5
$IMU,53003.581,-4.943,-2.929,5.676,-0.30175,0.84570,0.55566,29.71
$BARO,53003.635,69831.74,29.75
$IMU,53003.656,-9.460,-7.019,12.207,-0.25976,0.77685,0.57861,29.77
$VBAT,53003.657,3.927
$MAG,53003.682,-0.424,-0.754,-0.657,28.5
$IMU,53003.731,-5.859,-7.995,-1.464,-0.19482,0.79638,0.64062,29.74
$BARO,53003.737,69840.00,29.76
$MAG,53003.782,-0.427,-0.745,-0.651,28.6
$IMU,53003.806,2.014,-13.122,-4.699,-0.20312,0.77148,0.59179,29.75
$BARO,53003.838,69837.17,29.76
$IMU,53003.881,5.371,-13.854,-9.826,-0.14697,0.79980,0.65478,29.77
$MAG,53003.883,-0.418,-0.753,-0.645,28.5
$BARO,53003.939,69840.81,29.76
$IMU,53003.956,4.211,-4.760,-6.896,-0.27783,0.78417,0.64843,29.73
$MAG,53003.983,-0.412,-0.759,-0.633,28.5
$IMU,53004.031,13.427,-17.272,-5.065,-0.23242,0.79882,0.50488,29.69
$BARO,53004.041,69845.85,29.76
$MAG,53004.084,-0.406,-0.766,-0.627,28.3
$IMU,53004.106,6.835,-8.666,-13.610,-0.15332,0.85791,0.50683,29.75
$BARO,53004.142,69847.07,29.76
$TIME,53004.169,457674.000,2364
$IMU,53004.181,-7.324,22.460,-7.568,-0.30175,0.74560,0.55468,29.75
$MAG,53004.185,-0.402,-0.762,-0.639,28.2
$BARO,53004.244,69833.93,29.77
$IMU,53004.256,4.394,17.089,-2.075,-0.37841,0.79003,0.59960,29.77
$MAG,53004.285,-0.406,-0.759,-0.622,28.3
$IMU,53004.331,8.056,6.164,4.760,-0.22070,0.79785,0.52001,29.78
$BARO,53004.345,69842.19,29.76
$MAG,53004.386,-0.402,-0.759,-0.636,28.5
$IMU,53004.406,4.638,14.587,0.366,-0.24804,0.85498,0.54541,29.77
$HUM,53004.432,31.8,30.2
$BARO,53004.447,69841.17,29.77
$IMU,53004.481,0.427,17.089,-1.770,-0.35986,0.75781,0.52294,29.78
$MAG,53004.487,-0.411,-0.760,-0.631,28.5
$BARO,53004.548,69840.39,29.77
$IMU,53004.556,4.577,7.690,1.892,-0.33935,0.90820,0.52929,29.73
$MAG,53004.587,-0.406,-0.762,-0.631,28.3
$IMU,53004.632,-4.699,-0.061,7.263,-0.26416,0.77343,0.47509,29.72
$BARO,53004.649,69834.49,29.77
$VBAT,53004.658,3.932
$MAG,53004.688,-0.400,-0.760,-0.637,28.5
$IMU,53004.707,-3.906,5.615,-1.037,-0.28662,0.85058,0.50830,29.78
$BARO,53004.751,69830.25,29.77
$IMU,53004.782,-9.643,6.042,-5.920,-0.34667,0.80664,0.50097,29.78
$MAG,53004.789,-0.411,-0.757,-0.648,28.5
$BARO,53004.852,69840.37,29.77
$IMU,53004.857,-14.770,4.272,0.854,-0.35986,0.81347,0.57861,29.76
$MAG,53004.889,-0.400,-0.757,-0.660,28.5
$IMU,53004.932,-14.831,1.708,7.629,-0.32958,0.75537,0.54248,29.73
$BARO,53004.954,69842.78,29.77
$MAG,53004.990,-0.403,-0.750,-0.670,28.3
$IMU,53005.007,-14.160,1.586,4.028,-0.26757,0.81445,0.51611,29.83
$BARO,53005.055,69841.37,29.77
$IMU,53005.082,-28.686,10.070,-1.647,-0.32080,0.79248,0.66699,29.78
$MAG,53005.091,-0.411,-0.750,-0.703,28.3
$IMU,53005.157,-35.827,2.136,-2.136,-0.35449,0.71679,0.73486,29.73
$BARO,53005.157,69841.15,29.78
$TIME,53005.169,457676.000,2364
$MAG,53005.191,-0.402,-0.738,-0.715,28.5
$IMU,53005.232,-31.677,-20.385,-8.789,-0.39648,0.66064,0.69384,29.78
$BARO,53005.258,69839.32,29.78
$MAG,53005.292,-0.409,-0.750,-0.720,28.5
$IMU,53005.307,-21.911,-57.800,-15.625,-0.22851,0.62792,0.73925,29.78
$BARO,53005.359,69840.73,29.78
$IMU,53005.382,-11.291,-59.509,-24.963,-0.20410,0.60205,0.71289,29.79
$MAG,53005.393,-0.399,-0.739,-0.708,28.5
$HUM,53005.448,31.8,30.2
$IMU,53005.457,1.708,-53.649,-35.705,-0.18457,0.63525,0.74804,29.77
$BARO,53005.461,69842.76,29.79
$MAG,53005.493,-0.385,-0.744,-0.697,28.3
$IMU,53005.532,0.549,-38.024,-32.897,-0.27832,0.60205,0.79541,29.80
$BARO,53005.562,69839.12,29.78
$MAG,53005.594,-0.382,-0.754,-0.700,28.7
$IMU,53005.607,-2.990,-27.099,-22.949,-0.20654,0.51708,0.79589,29.79
$VBAT,53005.658,3.932
$BARO,53005.664,69840.10,29.79
$IMU,53005.683,4.394,-32.714,13.183,-0.20947,0.59570,0.73828,29.74
$MAG,53005.695,-0.403,-0.744,-0.688,28.5
$IMU,53005.758,0.915,-30.151,21.240,-0.20117,0.65380,0.75244,29.78
$BARO,53005.765,69834.05,29.79
$MAG,53005.795,-0.423,-0.745,-0.667,28.5
$IMU,53005.833,-1.159,-43.457,12.207,-0.13134,0.52343,0.74169,29.81
$BARO,53005.867,69841.93,29.79
$MAG,53005.896,-0.454,-0.744,-0.645,28.5
$IMU,53005.908,18.127,-60.546,24.230,0.22656,0.74462,0.74365,29.79
$BARO,53005.968,69839.10,29.79
$IMU,53005.983,0.061,-40.222,28.198,0.27832,0.62548,0.78710,29.77
$MAG,53005.997,-0.477,-0.735,-0.634,28.5
$IMU,53006.058,1.403,-31.066,17.517,0.40429,0.65087,0.79736,29.83
$BARO,53006.069,69840.71,29.79
$MAG,53006.097,-0.483,-0.726,-0.622,28.5
$IMU,53006.133,-3.906,-8.361,10.375,0.30468,0.49853,0.75683,29.77
$BARO,53006.171,69841.51,29.79
$MAG,53006.198,-0.502,-0.733,-0.600,28.5
$IMU,53006.208,17.028,-10.375,7.141,0.24609,0.49658,0.74609,29.83
$BARO,53006.272,69840.90,29.79
$IMU,53006.283,42.785,-16.418,16.906,0.33300,0.72949,0.65527,29.80
$MAG,53006.299,-0.507,-0.727,-0.573,28.5
$IMU,53006.358,19.409,-12.939,8.422,0.41259,0.98535,0.67089,29.76
$BARO,53006.374,69844.32,29.80
$MAG,53006.399,-0.504,-0.723,-0.592,28.5
$IMU,53006.433,-42.724,10.375,-6.408,0.21777,0.61376,0.64062,29.85
$HUM,53006.464,31.7,30.2
$BARO,53006.475,69835.44,29.80
$MAG,53006.500,-0.480,-0.730,-0.627,28.5
$IMU,53006.508,-37.048,7.080,-21.667,0.29785,0.61523,0.74658,29.75
$BARO,53006.577,69843.93,29.80
$IMU,53006.583,-24.291,15.441,-23.925,0.24560,0.58837,0.78173,29.80
$MAG,53006.601,-0.472,-0.742,-0.640,28.3
$IMU,53006.658,-17.761,13.488,-5.065,0.09130,0.61376,0.84326,29.82
$VBAT,53006.658,3.922
$BARO,53006.678,69841.90,29.80
$MAG,53006.701,-0.474,-0.727,-0.660,28.5
$IMU,53006.734,-25.939,3.417,5.737,0.23095,0.52832,0.85009,29.81
$BARO,53006.780,69844.90,29.81
$MAG,53006.802,-0.475,-0.721,-0.679,28.5
$IMU,53006.809,-22.277,6.347,6.469,0.16259,0.42822,0.89306,29.81
$BARO,53006.881,69835.22,29.81
$IMU,53006.884,1.098,-0.366,2.624,0.20214,0.36767,0.90087,29.81
$MAG,53006.903,-0.471,-0.721,-0.673,28.5
$IMU,53006.959,17.272,3.723,-8.972,0.27001,0.73974,0.90039,29.82
$BARO,53006.982,69844.29,29.80
$MAG,53007.003,-0.463,-0.735,-0.685,28.5
$IMU,53007.034,-17.761,26.428,-15.075,0.07910,0.49023,0.84570,29.82
$BARO,53007.084,69836.42,29.81
$MAG,53007.104,-0.448,-0.729,-0.697,28.3
$IMU,53007.109,-16.296,20.263,-19.165,0.03271,0.46582,0.82519,29.82
$TIME,53007.169,457677.000,2364
$IMU,53007.184,-5.187,-5.920,4.333,0.14404,0.55664,0.86035,29.85
$BARO,53007.185,69843.49,29.81
$MAG,53007.205,-0.454,-0.735,-0.703,28.5
$IMU,53007.259,-10.070,-9.399,16.845,0.17968,0.38085,0.87207,29.79
$BARO,53007.287,69837.22,29.81
$MAG,53007.305,-0.478,-0.720,-0.673,28.5
$IMU,53007.334,25.451,-14.465,29.663,0.31542,0.39990,0.85742,29.80
$BARO,53007.388,69837.22,29.81
$MAG,53007.406,-0.496,-0.721,-0.652,28.5
$IMU,53007.409,45.288,9.826,21.667,0.08056,0.73681,0.89208,29.82
$HUM,53007.479,31.8,30.3
$IMU,53007.484,0.854,-4.760,-2.075,0.19482,0.55224,0.73242,29.82
$BARO,53007.490,69830.35,29.82
$MAG,53007.507,-0.490,-0.715,-0.663,28.5
$IMU,53007.559,-11.108,2.746,-3.295,0.19628,0.66113,0.85253,29.82
$BARO,53007.591,69839.85,29.81
$MAG,53007.607,-0.474,-0.718,-0.691,28.5
$IMU,53007.634,-30.334,10.864,-18.493,0.16552,0.47802,0.87841,29.80
$VBAT,53007.659,3.934
$BARO,53007.692,69832.57,29.82
$MAG,53007.708,-0.448,-0.718,-0.706,28.5
$IMU,53007.710,-21.789,16.418,-21.423,0.08154,0.51855,0.92333,29.87
$IMU,53007.785,-27.526,26.123,-24.719,-0.04492,0.38037,0.88867,29.85
$BARO,53007.794,69840.42,29.82
$MAG,53007.809,-0.433,-0.720,-0.730,28.3
$IMU,53007.860,-8.911,7.690,-11.779,0.09716,0.39453,0.90234,29.79
$BARO,53007.895,69830.35,29.82
$MAG,53007.910,-0.432,-0.730,-0.733,28.5
$IMU,53007.935,1.892,7.263,0.610,0.04687,0.47314,0.93115,29.82
$BARO,53007.997,69835.56,29.82
$MAG,53008.010,-0.439,-0.729,-0.724,28.6
$IMU,53008.010,-0.244,0.976,6.469,-0.03466,0.37451,0.90966,29.81
$IMU,53008.085,6.774,-5.249,19.958,0.16796,0.63281,0.88525,29.80
$BARO,53008.098,69834.76,29.82
$MAG,53008.111,-0.441,-0.714,-0.738,28.3
$IMU,53008.160,-22.094,14.770,-4.699,-0.00195,0.32080,0.93310,29.83
$TIME,53008.169,457678.000,2364
$BARO,53008.199,69831.30,29.83
$MAG,53008.212,-0.451,-0.717,-0.732,28.6
$IMU,53008.235,6.469,-3.906,4.211,-0.01855,0.36230,0.86914,29.80
$BARO,53008.301,69841.83,29.82
$IMU,53008.310,17.211,-17.211,18.005,0.22753,0.65722,0.90283,29.87
$MAG,53008.312,-0.454,-0.717,-0.727,28.5
$IMU,53008.385,-23.071,13.793,-12.207,-0.11767,0.25195,0.91650,29.91
$BARO,53008.402,69836.34,29.83
$MAG,53008.413,-0.457,-0.715,-0.715,28.5
$IMU,53008.460,20.751,-28.686,17.700,0.24462,0.52929,0.91503,29.89
$HUM,53008.495,31.7,30.3
$BARO,53008.504,69834.74,29.83
$MAG,53008.514,-0.456,-0.709,-0.739,28.5
$IMU,53008.535,-14.770,14.648,-3.417,0.12011,0.55566,0.92626,29.88
$BARO,53008.605,69841.00,29.82
$IMU,53008.610,-27.770,17.639,-13.610,-0.06396,0.15673,0.86328,29.82
$MAG,53008.614,-0.459,-0.700,-0.742,28.5
$VBAT,53008.659,3.930
$IMU,53008.685,15.441,-10.192,4.272,0.22021,0.67333,0.96093,29.83
$BARO,53008.707,69843.61,29.83
$MAG,53008.715,-0.432,-0.706,-0.754,28.5
$IMU,53008.761,-24.108,18.798,-19.653,-0.16113,0.17041,0.92382,29.82
$BARO,53008.808,69834.93,29.83
$MAG,53008.816,-0.451,-0.714,-0.742,28.5
$IMU,53008.836,18.798,-19.836,10.192,0.16503,0.54541,0.92578,29.83
$BARO,53008.909,69844.41,29.84
$IMU,53008.911,-6.530,2.624,0.488,0.06250,0.40820,0.92041,29.82
$MAG,53008.917,-0.447,-0.706,-0.754,28.5
$IMU,53008.986,-8.117,6.835,-2.380,0.05810,0.38378,0.92041,29.84
$BARO,53009.011,69842.97,29.84
$MAG,53009.017,-0.453,-0.708,-0.753,28.3
$IMU,53009.061,-1.403,2.929,8.850,0.05566,0.39111,0.97167,29.89
$BARO,53009.112,69837.34,29.84
$MAG,53009.118,-0.445,-0.709,-0.745,28.5
$IMU,53009.136,-0.183,-1.525,-5.432,0.00195,0.39941,0.93115,29.84
$TIME,53009.169,457680.000,2364
$IMU,53009.211,-0.366,-11.657,-12.756,0.13574,0.39990,0.93750,29.85
$BARO,53009.214,69839.54,29.84
$MAG,53009.219,-0.441,-0.715,-0.742,28.5
$IMU,53009.286,-3.540,-0.732,-17.883,0.10498,0.41357,0.95507,29.85
$BARO,53009.315,69840.17,29.84
$MAG,53009.319,-0.414,-0.717,-0.754,28.5
$IMU,53009.361,-4.760,14.587,-21.667,0.05664,0.32226,0.97998,29.85
$BARO,53009.417,69835.10,29.84
$MAG,53009.420,-0.412,-0.723,-0.754,28.5
$IMU,53009.436,10.498,25.085,-10.131,-0.04003,0.28857,1.00146,29.85
$HUM,53009.511,31.8,30.3
$IMU,53009.511,28.015,23.376,-2.380,-0.12939,0.29882,0.97363,29.83
$BARO,53009.518,69839.51,29.85
$MAG,53009.521,-0.387,-0.736,-0.729,28.5
$IMU,53009.586,46.386,12.023,-0.488,-0.17431,0.35400,0.91894,29.88
$BARO,53009.619,69839.54,29.85
$MAG,53009.622,-0.397,-0.756,-0.690,28.5
$VBAT,53009.660,3.924
$IMU,53009.661,68.908,-0.732,3.173,-0.21337,0.40820,0.77978,29.86
$BARO,53009.721,69839.93,29.85
$MAG,53009.722,-0.421,-0.768,-0.600,28.3
$IMU,53009.736,104.553,-29.968,11.840,-0.05517,0.64355,0.58642,29.84
$IMU,53009.812,96.374,-29.174,13.427,0.13476,1.05957,0.59472,29.86
$BARO,53009.822,69840.73,29.85
$MAG,53009.823,-0.430,-0.759,-0.549,28.5
$IMU,53009.887,35.156,-4.516,-0.183,0.04150,0.94238,0.48974,29.90
$BARO,53009.924,69842.56,29.85
$MAG,53009.924,-0.420,-0.763,-0.555,28.5
$IMU,53009.962,1.220,-0.061,-6.408,0.01464,0.91210,0.48193,29.83
$MAG,53010.024,-0.427,-0.762,-0.564,28.6
$BARO,53010.025,69828.20,29.85
$IMU,53010.037,-20.324,-0.671,2.502,-0.01660,0.88330,0.58300,29.83
$IMU,53010.112,-25.939,-2.197,0.732,0.00048,0.73828,0.64208,29.87
$MAG,53010.125,-0.417,-0.763,-0.580,28.6
$BARO,53010.126,69840.71,29.86
$IMU,53010.187,-15.380,-1.953,7.751,0.03222,0.86083,0.57031,29.86
$MAG,53010.226,-0.438,-0.756,-0.601,28.5
$BARO,53010.228,69828.20,29.85
$IMU,53010.262,-42.602,-6.408,9.582,-0.01708,0.87060,0.59228,29.88
$MAG,53010.326,-0.432,-0.760,-0.646,28.5
$BARO,53010.329,69845.17,29.85
$IMU,53010.337,-73.547,-13.916,1.220,-0.00341,0.66064,0.71337,29.85
$IMU,53010.412,-73.974,-27.160,8.850,0.06250,0.49365,0.77441,29.87
$MAG,53010.427,-0.438,-0.741,-0.687,28.7
$BARO,53010.431,69829.40,29.86
$IMU,53010.487,-57.312,-35.034,-4.699,0.18603,0.51904,0.86376,29.84
$HUM,53010.527,31.7,30.3
$MAG,53010.528,-0.451,-0.723,-0.705,28.3
$BARO,53010.532,69837.27,29.86
$IMU,53010.562,-52.490,-36.010,-5.859,0.24707,0.38232,0.86425,29.86
$MAG,53010.629,-0.448,-0.718,-0.720,28.5
$BARO,53010.633,69838.10,29.86
$IMU,53010.637,-38.208,-26.245,-7.934,0.23437,0.37255,0.93359,29.89
$VBAT,53010.660,3.930
$IMU,53010.712,-28.076,-19.409,-3.723,0.27783,0.29394,0.95263,29.84
$MAG,53010.729,-0.447,-0.714,-0.739,28.5
$BARO,53010.735,69841.90,29.87
$IMU,53010.787,-14.160,-9.582,8.239,0.20556,0.31347,0.93945,29.89
$MAG,53010.830,-0.454,-0.706,-0.723,28.5
$BARO,53010.836,69835.05,29.86
$IMU,53010.863,-10.070,-13.793,7.141,0.29882,0.33056,0.93750,29.85
$MAG,53010.931,-0.472,-0.702,-0.735,28.5
$BARO,53010.938,69837.86,29.86
$IMU,53010.938,-13.244,-10.192,6.652,0.28076,0.27001,0.95703,29.89
$IMU,53011.013,-9.277,-10.192,4.699,0.28173,0.19921,0.94921,29.90
$MAG,53011.031,-0.477,-0.700,-0.739,28.5
$BARO,53011.039,69838.86,29.87
$IMU,53011.088,-0.061,-12.207,6.896,0.39453,0.26269,0.93652,29.87
$MAG,53011.132,-0.483,-0.697,-0.736,28.5
$BARO,53011.141,69832.20,29.87
$IMU,53011.163,-1.770,-6.225,6.225,0.32128,0.26757,0.93554,29.87
$TIME,53011.169,457681.000,2364
$MAG,53011.233,-0.486,-0.693,-0.736,28.6
$IMU,53011.238,-1.464,-8.178,3.906,0.38085,0.25683,0.92041,29.87
$BARO,53011.242,69843.90,29.88
$IMU,53011.313,1.098,-4.211,3.356,0.36376,0.29785,0.90234,29.85
$MAG,53011.333,-0.490,-0.694,-0.732,28.5
$BARO,53011.344,69831.18,29.88
$IMU,53011.388,-2.685,-3.417,2.197,0.35351,0.26806,0.90917,29.89
$MAG,53011.434,-0.501,-0.696,-0.729,28.5
$BARO,53011.445,69834.81,29.87
$IMU,53011.463,-3.662,-4.272,-0.854,0.39355,0.24609,0.88525,29.89
$MAG,53011.535,-0.493,-0.691,-0.738,28.5
$IMU,53011.538,-7.019,-3.417,1.159,0.36962,0.24707,0.92041,29.88
$HUM,53011.543,31.6,30.3
$BARO,53011.546,69843.49,29.87
$IMU,53011.613,-6.591,-1.037,4.638,0.40673,0.21630,0.94531,29.87
$MAG,53011.636,-0.502,-0.684,-0.736,28.5
$BARO,53011.648,69831.37,29.88
$VBAT,53011.660,3.942
$IMU,53011.688,-5.493,7.141,6.896,0.42822,0.21533,0.92089,29.89
$MAG,53011.736,-0.495,-0.682,-0.754,28.5
$BARO,53011.749,69842.27,29.88
$IMU,53011.763,-5.065,19.958,13.793,0.34130,0.22265,0.88525,29.82
$MAG,53011.837,-0.492,-0.673,-0.765,28.5
$IMU,53011.838,-4.577,22.705,10.742,0.33398,0.21337,0.95751,29.88
$BARO,53011.851,69832.76,29.88
$IMU,53011.914,-6.103,22.399,6.225,0.24169,0.12255,1.00537,29.90
$MAG,53011.938,-0.486,-0.673,-0.774,28.5
$BARO,53011.952,69839.22,29.89
$IMU,53011.989,2.075,12.512,-1.281,0.25341,0.16308,0.97119,29.88
$MAG,53012.038,-0.480,-0.676,-0.765,28.5
$BARO,53012.054,69839.25,29.88
$IMU,53012.064,3.967,10.681,1.525,0.29101,0.25537,0.93750,29.87
$MAG,53012.139,-0.480,-0.663,-0.792,28.5
$IMU,53012.139,-6.286,20.507,5.798,0.24414,0.22119,0.95117,29.89
$BARO,53012.155,69838.00,29.89
$TIME,53012.169,457682.000,2364
$IMU,53012.214,-12.023,25.573,8.850,0.11816,0.14355,1.00292,29.88
$MAG,53012.240,-0.477,-0.661,-0.796,28.6
$BARO,53012.256,69842.85,29.89
$IMU,53012.289,-7.446,17.883,12.329,0.26611,0.12353,0.99316,29.87
$MAG,53012.341,-0.466,-0.658,-0.820,28.6
$BARO,53012.358,69837.59,29.89
$IMU,53012.364,-3.112,33.386,8.850,0.10205,0.11230,0.98974,29.88
$IMU,53012.439,0.549,31.677,4.638,0.06689,0.14941,1.00927,29.94
$MAG,53012.441,-0.442,-0.648,-0.832,28.5
$BARO,53012.459,69838.39,29.89
$IMU,53012.514,-0.488,23.559,1.220,0.02343,0.10791,0.99365,29.89
$MAG,53012.542,-0.441,-0.658,-0.829,28.5
$HUM,53012.558,31.6,30.3
$BARO,53012.561,69839.59,29.89
$IMU,53012.589,2.990,16.113,4.455,0.00585,0.18066,1.01855,29.89
$MAG,53012.643,-0.432,-0.658,-0.837,28.5
$VBAT,53012.661,3.927
$BARO,53012.662,69836.20,29.89
$IMU,53012.664,5.554,13.122,1.831,0.02099,0.15673,0.97265,29.94
$IMU,53012.739,5.004,13.793,-6.347,-0.05712,0.15185,1.00097,29.90
$MAG,53012.743,-0.421,-0.663,-0.840,28.5
$BARO,53012.763,69840.78,29.90
$IMU,53012.814,5.065,6.896,-9.399,-0.13037,0.17333,0.99072,29.91
$MAG,53012.844,-0.424,-0.660,-0.835,28.5
$BARO,53012.865,69835.74,29.90
$IMU,53012.889,7.690,-4.821,-10.375,-0.10937,0.19433,0.96582,29.90
$MAG,53012.945,-0.420,-0.675,-0.826,28.6
$IMU,53012.965,1.220,-11.962,-2.990,0.02197,0.22363,0.97607,29.91
$BARO,53012.966,69833.32,29.90
$IMU,53013.040,-7.568,-0.549,6.896,-0.04345,0.15527,0.98193,29.88
$MAG,53013.046,-0.429,-0.663,-0.832,28.6
$BARO,53013.068,69837.34,29.90
$IMU,53013.115,-3.112,-2.319,3.967,-0.04394,0.16357,1.02050,29.96
$MAG,53013.146,-0.433,-0.661,-0.829,28.5
$BARO,53013.169,69839.98,29.90
$TIME,53013.169,457683.000,2364
$IMU,53013.190,-1.342,-7.995,2.258,0.05517,0.17675,1.00292,29.88
$MAG,53013.247,-0.433,-0.652,-0.825,28.5
$IMU,53013.265,2.441,-2.258,2.807,-0.10595,0.15673,0.98242,29.89
$BARO,53013.271,69837.73,29.91
$IMU,53013.340,1.220,-14.038,3.540,0.11083,0.19238,0.98095,29.90
$MAG,53013.348,-0.438,-0.655,-0.820,28.6
$BARO,53013.372,69835.74,29.90
$IMU,53013.415,-2.685,-3.601,8.850,-0.00146,0.16552,1.00976,29.94
$MAG,53013.448,-0.450,-0.652,-0.822,28.7
$BARO,53013.473,69834.91,29.91
$IMU,53013.490,-2.624,-4.638,3.479,0.07275,0.15478,0.99853,29.91
$MAG,53013.549,-0.459,-0.657,-0.817,28.6
$IMU,53013.565,-0.610,-5.737,0.305,-0.02734,0.16748,1.00781,29.88
$HUM,53013.574,31.8,30.3
$BARO,53013.575,69835.74,29.91
$IMU,53013.640,-1.586,-12.573,1.037,0.13427,0.20605,0.98974,29.87
$MAG,53013.650,-0.465,-0.646,-0.819,28.6
$VBAT,53013.661,3.929
$BARO,53013.676,69832.27,29.91
$IMU,53013.715,-4.455,-3.723,3.051,0.03808,0.15673,0.98046,29.87
$MAG,53013.751,-0.468,-0.642,-0.822,28.5
$BARO,53013.778,69830.67,29.91
$IMU,53013.790,-3.601,-5.004,3.906,0.16308,0.13671,1.00488,29.92
$MAG,53013.851,-0.456,-0.648,-0.816,28.5
$IMU,53013.865,-2.990,1.708,-2.075,0.03613,0.10839,1.01660,29.95
$BARO,53013.879,69845.19,29.91
$IMU,53013.941,-1.220,-1.586,-4.821,0.09375,0.12548,1.02050,29.89
$MAG,53013.952,-0.463,-0.657,-0.822,28.6
$BARO,53013.980,69834.27,29.91
$IMU,53014.016,1.464,1.037,-1.098,0.03515,0.16308,0.99853,29.97
$MAG,53014.053,-0.462,-0.652,-0.816,28.5
$BARO,53014.082,69832.86,29.92
$IMU,53014.091,1.342,-2.929,3.601,0.08691,0.17041,0.98925,29.91
$MAG,53014.154,-0.466,-0.645,-0.823,28.7
$IMU,53014.166,-0.732,-3.601,0.122,0.14306,0.17041,0.97607,29.87
$TIME,53014.169,457686.000,2364
$BARO,53014.183,69833.47,29.91
$IMU,53014.241,-3.356,6.835,-1.464,0.12597,0.15185,1.00244,29.94
$MAG,53014.254,-0.454,-0.648,-0.822,28.5
$BARO,53014.285,69833.66,29.92
$IMU,53014.316,-5.249,11.413,-7.873,0.01464,0.11962,1.00292,29.93
$MAG,53014.355,-0.454,-0.645,-0.831,28.5
$BARO,53014.386,69834.49,29.92
$IMU,53014.391,-3.234,7.141,-1.159,0.06591,0.12988,1.00000,29.93
$MAG,53014.456,-0.454,-0.642,-0.828,28.5
$IMU,53014.466,-3.662,12.878,2.075,0.03466,0.14648,0.99169,29.92
$BARO,53014.488,69834.47,29.92
$IMU,53014.541,-4.394,12.329,1.159,0.02978,0.08740,1.05078,29.93
$MAG,53014.556,-0.435,-0.649,-0.844,28.7
$BARO,53014.589,69840.54,29.92
$HUM,53014.590,31.8,30.4
$IMU,53014.616,2.380,13.183,-0.183,-0.06396,0.14306,0.98583,29.92
$MAG,53014.657,-0.421,-0.652,-0.850,28.7
$VBAT,53014.662,3.940
$BARO,53014.690,69841.15,29.92
$IMU,53014.691,1.708,6.042,-3.540,0.00488,0.13818,0.97851,29.98
$MAG,53014.758,-0.427,-0.646,-0.841,28.6
$IMU,53014.766,-1.647,9.338,-4.089,-0.08740,0.12890,1.01708,29.88
$BARO,53014.792,69834.47,29.92
$IMU,53014.841,-1.892,6.164,1.770,-0.05712,0.11425,1.01757,29.88
$MAG,53014.859,-0.424,-0.643,-0.852,28.6
$BARO,53014.893,69837.88,29.93
$IMU,53014.916,2.502,4.394,1.770,-0.07128,0.13037,0.97656,29.92
$MAG,53014.959,-0.414,-0.651,-0.852,28.6
$IMU,53014.992,-1.892,-1.037,0.488,-0.05468,0.12500,0.98925,29.95
$BARO,53014.994,69839.29,29.93
$MAG,53015.060,-0.421,-0.643,-0.847,28.5
$IMU,53015.067,-1.586,-1.892,-4.150,-0.01123,0.11328,1.03076,29.94
$BARO,53015.096,69839.49,29.93
$IMU,53015.142,1.708,3.234,-5.249,-0.06591,0.11767,0.99853,29.96
$MAG,53015.161,-0.411,-0.654,-0.846,28.5
$TIME,53015.169,457686.000,2364
$BARO,53015.197,69842.54,29.93
$IMU,53015.217,3.906,1.953,-6.042,-0.11328,0.13964,0.99609,29.90
$MAG,53015.261,-0.409,-0.654,-0.844,28.6
$IMU,53015.292,1.403,-3.784,-3.356,-0.11718,0.14892,0.97949,29.94
$BARO,53015.299,69841.51,29.93
$MAG,53015.362,-0.424,-0.651,-0.840,28.7
$IMU,53015.367,-1.831,-8.300,2.197,-0.01904,0.14160,0.99511,29.96
$BARO,53015.400,69832.83,29.93
$IMU,53015.442,-3.479,-2.990,2.807,-0.00390,0.12890,1.02001,29.89
$MAG,53015.463,-0.420,-0.643,-0.837,28.5
$BARO,53015.502,69837.47,29.94
$IMU,53015.517,-1.770,0.000,-0.122,-0.01757,0.10839,0.99414,29.95
$MAG,53015.564,-0.424,-0.654,-0.846,28.5
$IMU,53015.592,-0.366,-2.136,-4.455,-0.06396,0.12109,1.00488,29.98
$BARO,53015.603,69836.25,29.94
$HUM,53015.605,31.8,30.4
$VBAT,53015.662,3.934
$MAG,53015.664,-0.423,-0.652,-0.840,28.6
$IMU,53015.667,-2.014,-6.652,-4.943,-0.06640,0.12207,1.00683,29.96
$BARO,53015.704,69836.27,29.93
$IMU,53015.742,-1.342,-9.277,-4.516,0.01464,0.11083,1.00878,29.95
$MAG,53015.765,-0.429,-0.649,-0.841,28.6
$BARO,53015.806,69846.53,29.94
$IMU,53015.817,-0.793,-3.234,-2.380,-0.00341,0.12011,0.99804,29.97
$MAG,53015.866,-0.427,-0.655,-0.840,28.5
$IMU,53015.892,-1.403,-4.150,-3.601,0.00781,0.11035,1.01318,29.96
$BARO,53015.907,69842.29,29.94
$MAG,53015.967,-0.424,-0.657,-0.844,28.6
$IMU,53015.967,-0.915,-1.525,-0.915,-0.00244,0.11474,1.00683,29.97
$BARO,53016.009,69840.29,29.94
$IMU,53016.043,0.183,0.000,1.037,-0.00292,0.12695,1.01025,29.95
$MAG,53016.067,-0.423,-0.655,-0.841,28.5
$BARO,53016.110,69829.96,29.94
$IMU,53016.118,0.366,1.647,1.647,-0.01416,0.10888,1.00341,29.95
$MAG,53016.168,-0.427,-0.645,-0.846,28.5
$IMU,53016.193,0.183,1.037,1.281,0.01464,0.12500,1.00732,29.94
$BARO,53016.211,69837.86,29.94
$IMU,53016.268,-0.305,3.112,1.892,-0.02050,0.12207,0.98974,29.97
$MAG,53016.269,-0.426,-0.654,-0.838,28.5
$BARO,53016.313,69829.54,29.94
$IMU,53016.343,-0.854,0.976,-1.586,-0.01025,0.11767,0.99609,29.94
$MAG,53016.370,-0.424,-0.642,-0.843,28.5
$BARO,53016.414,69825.91,29.94
$IMU,53016.418,-3.723,0.183,-1.647,-0.06250,0.11425,1.00732,29.94
$MAG,53016.470,-0.429,-0.643,-0.837,28.6
$IMU,53016.493,-2.197,-7.446,-2.868,-0.01220,0.08300,1.00634,29.97
$BARO,53016.516,69835.59,29.95
$IMU,53016.568,1.831,-4.943,-0.488,0.03369,0.13037,1.00732,29.96
$MAG,53016.571,-0.420,-0.648,-0.841,28.5
$BARO,53016.617,69837.42,29.94
$HUM,53016.621,31.8,30.4
$IMU,53016.643,-2.319,4.089,2.136,0.02099,0.10302,0.99707,29.97
$VBAT,53016.663,3.937
$MAG,53016.672,-0.426,-0.643,-0.844,28.6
$IMU,53016.718,-2.624,7.141,1.037,-0.04833,0.12988,1.00439,29.95
$BARO,53016.719,69840.03,29.95
$MAG,53016.772,-0.423,-0.646,-0.849,28.5
$IMU,53016.793,-6.835,3.173,2.136,0.03173,0.04345,1.01757,29.91
$BARO,53016.820,69835.17,29.95
$IMU,53016.868,-1.647,3.784,2.258,-0.02587,0.11230,1.02197,30.00
$MAG,53016.873,-0.420,-0.639,-0.850,28.5
$BARO,53016.922,69834.98,29.95
$IMU,53016.943,-2.807,4.455,-2.502,0.00000,0.07324,1.02734,30.00
$MAG,53016.974,-0.411,-0.636,-0.846,28.5
$IMU,53017.018,1.220,0.488,-12.451,-0.10498,0.09521,0.97949,29.94
$BARO,53017.023,69838.83,29.95
$MAG,53017.075,-0.415,-0.645,-0.852,28.6
$IMU,53017.094,-2.319,-6.774,-9.155,-0.00439,0.08886,1.00878,29.98
$BARO,53017.124,69825.08,29.96
$TIME,53017.169,457687.000,2364
$IMU,53017.169,-4.028,5.065,-0.732,-0.06884,0.08886,1.00927,29.99
$MAG,53017.175,-0.408,-0.648,-0.852,28.5
$BARO,53017.226,69840.42,29.96
$IMU,53017.244,-1.342,4.577,4.760,-0.09570,0.05126,1.01025,29.89
$MAG,53017.276,-0.418,-0.634,-0.856,28.6
$IMU,53017.319,0.427,0.488,11.718,-0.08740,0.06542,0.99755,29.98
$BARO,53017.327,69845.24,29.96
$MAG,53017.377,-0.430,-0.637,-0.859,28.5
$IMU,53017.394,0.793,-6.042,15.625,-0.01513,0.10156,1.00927,30.00
$BARO,53017.429,69833.13,29.96
$IMU,53017.469,-1.037,-6.896,10.375,-0.00537,0.07910,1.00195,30.00
$MAG,53017.478,-0.441,-0.637,-0.856,28.5
$BARO,53017.530,69843.63,29.96
$IMU,53017.544,0.183,-5.676,3.234,0.05078,0.08496,1.01025,29.94
$MAG,53017.578,-0.432,-0.634,-0.850,28.7
$IMU,53017.619,0.000,-2.014,-1.892,-0.04248,0.10449,1.01074,29.99
$BARO,53017.631,69839.00,29.96
$HUM,53017.637,31.7,30.4
$VBAT,53017.663,3.934
$MAG,53017.679,-0.439,-0.634,-0.853,28.5
$IMU,53017.694,-1.831,-7.141,-4.882,0.04101,0.06884,0.99560,29.96
$BARO,53017.733,69836.37,29.96
$IMU,53017.769,-1.647,0.427,-0.244,0.01953,0.07958,1.01171,29.98
$MAG,53017.780,-0.436,-0.633,-0.855,28.7
$BARO,53017.834,69835.76,29.97
$IMU,53017.844,-2.563,2.136,-0.854,-0.04052,0.05957,1.00634,29.97
$MAG,53017.880,-0.432,-0.636,-0.852,28.7
$IMU,53017.919,-2.197,-4.272,-3.662,0.01855,0.08398,1.01904,30.00
$BARO,53017.936,69839.39,29.97
$MAG,53017.981,-0.430,-0.636,-0.852,28.6
$IMU,53017.994,-2.441,-2.075,-1.892,-0.04150,0.06347,1.01757,29.98
$BARO,53018.037,69832.30,29.97
$IMU,53018.070,1.586,-8.789,-1.892,0.03271,0.05615,0.99707,30.01
$MAG,53018.082,-0.441,-0.637,-0.852,28.5
$BARO,53018.139,69833.30,29.97
$IMU,53018.145,1.037,-6.530,-0.305,0.03222,0.08398,1.00048,30.00
$TIME,53018.169,457689.000,2364
$MAG,53018.183,-0.451,-0.631,-0.852,28.5
$IMU,53018.220,-2.746,-5.432,-2.319,0.02587,0.07373,1.01074,29.97
$BARO,53018.240,69836.54,29.97
$MAG,53018.283,-0.438,-0.637,-0.844,28.5
$IMU,53018.295,-2.441,-6.408,0.915,0.05761,0.06884,1.00976,29.98
$BARO,53018.342,69836.54,29.97
$IMU,53018.370,-2.014,-2.868,3.723,0.07373,0.06787,1.01171,29.99
$MAG,53018.384,-0.451,-0.631,-0.840,28.6
$BARO,53018.443,69839.78,29.97
$IMU,53018.445,-3.051,-0.732,0.610,0.09375,0.05566,1.00585,30.03
$MAG,53018.485,-0.438,-0.618,-0.850,28.6
$IMU,53018.520,-5.676,5.798,0.732,0.09033,0.06591,0.99511,30.00
$BARO,53018.544,69843.78,29.98
$MAG,53018.586,-0.430,-0.627,-0.864,28.7
$IMU,53018.595,-8.422,13.977,2.197,-0.00292,0.02392,1.01416,29.99
$BARO,53018.646,69840.78,29.98
$HUM,53018.653,31.7,30.4
$VBAT,53018.663,3.934
$IMU,53018.670,-4.638,9.582,1.403,-0.10742,0.01025,1.02685,30.00
$MAG,53018.686,-0.450,-0.628,-0.861,28.6
$IMU,53018.745,-0.122,-4.821,1.281,-0.00732,0.02343,1.01318,29.99
$BARO,53018.747,69837.12,29.98
$MAG,53018.787,-0.442,-0.619,-0.859,28.6
$IMU,53018.820,-0.427,-4.882,2.868,0.04541,0.02392,1.02197,30.01
$BARO,53018.849,69835.32,29.98
$MAG,53018.888,-0.442,-0.625,-0.853,28.5
$IMU,53018.895,0.976,-0.244,8.056,-0.01513,0.03564,0.99609,29.98
$BARO,53018.950,69837.54,29.98
$IMU,53018.970,0.610,-3.967,14.892,-0.05615,0.05419,0.98291,30.03
$MAG,53018.988,-0.465,-0.613,-0.859,28.6
$IMU,53019.045,-4.028,-12.268,21.789,-0.02148,0.02783,1.00634,29.99
$BARO,53019.051,69837.51,29.98
$MAG,53019.089,-0.475,-0.600,-0.847,28.5
$IMU,53019.121,-4.333,-18.554,25.939,0.09472,-0.01416,1.01708,29.96
$BARO,53019.153,69838.12,29.98
$TIME,53019.169,457690.000,2364
$MAG,53019.190,-0.496,-0.589,-0.835,28.6
$IMU,53019.196,1.892,-19.714,19.104,0.15332,-0.04003,1.06542,29.98
$BARO,53019.254,69834.69,29.98
$IMU,53019.271,9.277,-9.460,12.939,0.19189,0.00097,1.00292,30.02
$MAG,53019.291,-0.505,-0.600,-0.837,28.5
$IMU,53019.346,10.437,-7.995,-1.159,0.12695,0.16552,0.93603,30.00
$BARO,53019.356,69832.27,29.98
$MAG,53019.391,-0.507,-0.595,-0.840,28.7
$IMU,53019.421,-10.620,-9.765,2.075,0.14746,0.01074,0.97509,30.03
$BARO,53019.457,69841.76,29.99
$MAG,53019.492,-0.505,-0.585,-0.832,28.5
$IMU,53019.496,-8.422,-3.173,0.793,0.21044,-0.03808,1.05419,30.01
$BARO,53019.559,69834.27,29.99
$IMU,53019.571,2.502,3.784,-1.647,0.32861,-0.02880,1.06542,29.99
$MAG,53019.593,-0.495,-0.582,-0.841,28.6
$IMU,53019.646,10.253,32.958,10.437,0.16845,-0.01953,1.02148,30.00
$BARO,53019.660,69834.91,29.98
$VBAT,53019.664,3.943
$HUM,53019.668,31.5,30.4
$MAG,53019.693,-0.484,-0.591,-0.861,28.7
$IMU,53019.721,19.165,56.030,24.169,0.00683,0.05810,0.98535,30.00
$BARO,53019.762,69836.10,29.99
$MAG,53019.794,-0.472,-0.597,-0.867,28.5
$IMU,53019.796,23.132,50.048,21.972,-0.21630,0.12304,0.96875,30.03
$BARO,53019.863,69839.49,30.00
$IMU,53019.871,25.695,24.353,14.465,-0.16503,0.22558,0.92089,30.02
$MAG,53019.895,-0.453,-0.606,-0.864,28.7
$IMU,53019.946,10.437,21.484,26.916,-0.17968,0.20361,0.93017,30.00
$BARO,53019.964,69832.25,29.99
$MAG,53019.996,-0.457,-0.585,-0.871,28.7
$IMU,53020.021,-0.305,21.972,37.780,-0.13037,0.17578,0.97900,30.01
$BARO,53020.066,69843.12,30.00
$MAG,53020.096,-0.471,-0.594,-0.868,28.5
$IMU,53020.096,12.878,13.061,28.930,-0.10595,0.08886,1.07324,30.02
$BARO,53020.167,69839.88,30.00
$IMU,53020.172,23.376,9.155,14.648,-0.13964,0.35546,0.84277,30.04
$MAG,53020.197,-0.462,-0.597,-0.865,28.8
$IMU,53020.247,0.793,7.629,-0.671,-0.18359,0.17480,0.99658,30.00
$BARO,53020.269,69834.25,30.00
$MAG,53020.298,-0.454,-0.603,-0.856,28.6
$IMU,53020.322,19.470,1.525,-1.220,-0.23291,0.13525,0.98242,30.00
$BARO,53020.370,69826.77,30.00
$IMU,53020.397,40.283,-8.239,4.760,-0.16308,0.50878,0.92041,30.04
$MAG,53020.398,-0.463,-0.616,-0.850,28.6
$BARO,53020.471,69843.32,30.00
$IMU,53020.472,12.878,-11.352,-8.728,-0.21875,0.41113,0.87353,29.99
$MAG,53020.499,-0.466,-0.621,-0.837,28.7
$IMU,53020.547,-3.112,-16.113,-10.498,-0.09082,0.38378,0.97363,30.04
$BARO,53020.573,69837.86,30.00
$MAG,53020.600,-0.468,-0.618,-0.843,28.7
$IMU,53020.622,-11.657,-5.432,-1.647,-0.10595,0.29443,0.93750,30.01
$VBAT,53020.664,3.939
$BARO,53020.674,69844.51,30.01
$HUM,53020.684,31.5,30.5
$IMU,53020.697,-10.559,6.042,7.873,-0.12597,0.23046,0.96875,29.98
$MAG,53020.701,-0.471,-0.610,-0.841,28.6
$IMU,53020.772,-0.732,18.371,14.709,-0.13037,0.25634,0.97167,30.03
$BARO,53020.776,69840.46,30.01
$MAG,53020.801,-0.457,-0.600,-0.847,28.7
$IMU,53020.847,4.760,20.263,11.413,-0.27880,0.31689,0.98535,30.03
$BARO,53020.877,69836.83,30.01
$MAG,53020.902,-0.460,-0.606,-0.847,28.6
$IMU,53020.922,3.051,2.685,-4.211,-0.15576,0.30615,0.95214,30.05
$BARO,53020.979,69827.96,30.01
$IMU,53020.997,2.197,-0.610,-14.343,-0.17968,0.33886,0.92187,30.03
$MAG,53021.003,-0.459,-0.619,-0.852,28.6
$IMU,53021.072,1.831,5.981,-6.835,-0.22460,0.33837,0.93798,30.04
$BARO,53021.080,69829.96,30.01
$MAG,53021.103,-0.451,-0.622,-0.855,28.6
$IMU,53021.147,0.000,2.685,-5.432,-0.21337,0.29394,0.94824,30.01
$TIME,53021.169,457691.000,2364
$BARO,53021.182,69831.79,30.01
$MAG,53021.204,-0.450,-0.621,-0.853,28.6
$IMU,53021.223,4.211,1.403,-3.723,-0.18896,0.32666,0.94482,30.04
$BARO,53021.283,69834.81,30.01
$IMU,53021.298,2.990,6.164,-3.845,-0.24267,0.39843,0.94921,30.02
$MAG,53021.305,-0.436,-0.628,-0.855,28.6
$IMU,53021.373,-0.610,12.573,5.676,-0.13623,0.20410,0.89501,30.05
$BARO,53021.384,69832.37,30.01
$MAG,53021.405,-0.429,-0.627,-0.846,28.6
$IMU,53021.448,15.747,32.348,15.563,-0.36572,0.30029,0.91455,30.03
$BARO,53021.486,69830.35,30.01
$MAG,53021.506,-0.423,-0.627,-0.853,28.6
$IMU,53021.523,18.005,15.686,3.967,-0.40478,0.41259,0.92382,30.06
$BARO,53021.587,69842.88,30.02
$IMU,53021.598,10.986,-6.408,0.976,-0.29833,0.41113,0.85400,30.03
$MAG,53021.607,-0.427,-0.637,-0.847,28.7
$VBAT,53021.665,3.926
$IMU,53021.673,6.896,-12.268,0.366,-0.21386,0.46679,0.88427,30.03
$BARO,53021.689,69838.64,30.02
$HUM,53021.700,31.4,30.5
$MAG,53021.708,-0.435,-0.642,-0.837,28.6
$IMU,53021.748,2.075,-9.155,-3.051,-0.27441,0.41943,0.87011,30.03
$BARO,53021.790,69839.03,30.02
$MAG,53021.808,-0.451,-0.637,-0.838,28.7
$IMU,53021.823,1.342,-12.634,-2.563,-0.21679,0.45898,0.89013,30.05
$BARO,53021.891,69834.98,30.02
$IMU,53021.898,-2.319,-8.361,-2.563,-0.21533,0.45117,0.88037,30.00
$MAG,53021.909,-0.438,-0.633,-0.840,28.5
$IMU,53021.973,-3.845,-4.333,2.624,-0.23730,0.30908,0.85400,30.02
$BARO,53021.993,69835.78,30.02
$MAG,53022.010,-0.447,-0.637,-0.837,28.5
$IMU,53022.048,11.047,11.108,12.634,-0.27734,0.40039,0.87841,30.01
$BARO,53022.094,69839.42,30.02
$MAG,53022.111,-0.450,-0.634,-0.835,28.7
$IMU,53022.123,13.061,13.000,16.601,-0.26416,0.44970,0.93701,30.03
$TIME,53022.169,457692.000,2364
$BARO,53022.196,69832.74,30.02
$IMU,53022.199,9.033,7.202,18.005,-0.24169,0.45800,0.92138,30.06
$MAG,53022.211,-0.459,-0.637,-0.832,28.8
$IMU,53022.274,7.507,0.976,14.160,-0.24218,0.45947,0.87695,30.02
$BARO,53022.297,69834.57,30.03
$MAG,53022.312,-0.457,-0.637,-0.832,28.6
$IMU,53022.349,7.080,-6.042,11.230,-0.24707,0.51562,0.86865,30.02
$BARO,53022.399,69834.35,30.03
$MAG,53022.413,-0.472,-0.640,-0.822,28.6
$IMU,53022.424,5.249,-11.352,3.601,-0.22949,0.46484,0.84228,30.04
$IMU,53022.499,9.582,-14.221,3.479,-0.18164,0.56103,0.84521,30.04
$BARO,53022.500,69837.98,30.03
$MAG,53022.513,-0.478,-0.645,-0.811,28.5
$IMU,53022.574,2.929,-11.840,5.737,-0.11914,0.54003,0.82666,30.03
$BARO,53022.601,69835.15,30.03
$MAG,53022.614,-0.486,-0.636,-0.804,28.5
$IMU,53022.649,-1.037,-6.164,6.225,-0.09228,0.50927,0.83593,30.01
$VBAT,53022.666,3.939
$BARO,53022.703,69839.81,30.03
$MAG,53022.715,-0.489,-0.646,-0.816,28.6
$HUM,53022.716,31.3,30.5
$IMU,53022.724,0.549,2.746,0.671,-0.13964,0.53076,0.85546,30.08
$IMU,53022.799,-1.831,3.112,1.586,-0.13525,0.52734,0.86669,30.06
$BARO,53022.804,69835.35,30.03
$MAG,53022.816,-0.483,-0.639,-0.814,28.5
$IMU,53022.874,-3.906,3.234,4.211,-0.17968,0.54541,0.89160,30.04
$BARO,53022.906,69844.22,30.04
$MAG,53022.916,-0.480,-0.637,-0.820,28.7
$IMU,53022.949,-12.023,-6.591,-3.540,-0.22412,0.46875,0.87255,30.04
$BARO,53023.007,69836.76,30.03
$MAG,53023.017,-0.486,-0.637,-0.820,28.7
$IMU,53023.024,-8.361,-14.648,-7.568,0.02099,0.46679,0.86523,30.03
$IMU,53023.099,-1.525,4.272,-10.009,-0.15136,0.49169,0.86767,30.03
$BARO,53023.109,69833.71,30.04
$MAG,53023.118,-0.475,-0.648,-0.816,28.5
$TIME,53023.169,457695.000,2364
$IMU,53023.174,0.549,3.906,-17.883,-0.16162,0.51953,0.88574,30.05
$BARO,53023.210,69839.98,30.04
$MAG,53023.219,-0.469,-0.642,-0.817,29.0
$IMU,53023.250,-7.324,-0.427,-10.437,-0.30664,0.53906,0.86767,30.07
$BARO,53023.312,69837.95,30.04
$MAG,53023.319,-0.474,-0.639,-0.819,28.7
$IMU,53023.325,-11.596,-11.474,-7.324,-0.14550,0.34814,0.83105,30.03
$IMU,53023.400,13.061,0.976,14.953,-0.16796,0.42871,0.87695,30.05
$BARO,53023.413,69832.08,30.04
$MAG,53023.420,-0.481,-0.639,-0.813,28.5
$IMU,53023.475,19.470,12.329,17.944,-0.34472,0.64111,0.90917,30.05
$BARO,53023.514,69841.17,30.05
$MAG,53023.521,-0.499,-0.636,-0.807,28.6
$IMU,53023.550,-7.812,-16.845,11.962,0.04931,0.40576,0.88378,30.05
$BARO,53023.616,69827.20,30.05
$MAG,53023.622,-0.489,-0.639,-0.807,28.7
$IMU,53023.625,-3.967,-1.159,12.023,0.00195,0.42431,0.87548,30.07
$VBAT,53023.667,3.919
$IMU,53023.700,-0.122,11.535,-14.099,-0.09277,0.53564,0.93652,30.05
$BARO,53023.717,69839.93,30.05
$MAG,53023.722,-0.489,-0.637,-0.823,28.8
$HUM,53023.732,31.2,30.5
$IMU,53023.775,-3.417,5.371,-7.812,-0.22851,0.46337,0.87353,30.07
$BARO,53023.819,69840.15,30.05
$MAG,53023.823,-0.466,-0.631,-0.811,28.8
$IMU,53023.850,-1.220,-5.737,-9.948,-0.12695,0.55468,0.89550,30.04
$BARO,53023.920,69827.01,30.05
$MAG,53023.924,-0.478,-0.634,-0.813,28.6
$IMU,53023.925,-8.666,-5.554,-8.239,-0.16162,0.41650,0.85058,30.06
$IMU,53024.000,-2.441,-1.159,-9.155,-0.12695,0.50390,0.88769,30.05
$BARO,53024.021,69842.58,30.05
$MAG,53024.025,-0.475,-0.639,-0.823,28.8
$IMU,53024.075,-8.666,0.793,-8.850,-0.24023,0.50000,0.88183,30.04
$BARO,53024.123,69836.30,30.06
$MAG,53024.125,-0.480,-0.634,-0.828,28.7
$IMU,53024.150,-14.526,-7.812,-7.690,-0.18212,0.38623,0.87939,30.07
$BARO,53024.224,69843.58,30.05
$IMU,53024.225,-2.441,-1.831,-4.821,-0.15380,0.33349,0.86279,30.05
$MAG,53024.226,-0.466,-0.637,-0.828,29.0
$IMU,53024.301,17.578,10.986,3.784,-0.21777,0.45800,0.89648,30.06
$BARO,53024.326,69836.69,30.06
$MAG,53024.327,-0.465,-0.649,-0.826,28.6
$IMU,53024.376,13.366,8.361,5.249,-0.38281,0.61181,0.91699,30.09
$BARO,53024.427,69836.47,30.06
$MAG,53024.427,-0.481,-0.633,-0.822,28.5
$IMU,53024.451,-6.652,-15.869,11.901,0.07275,0.33300,0.88281,30.07
$IMU,53024.526,3.051,7.446,11.230,-0.06884,0.48144,0.92285,30.05
$MAG,53024.528,-0.477,-0.636,-0.823,28.7
$BARO,53024.529,69836.49,30.06
$IMU,53024.601,-4.516,12.756,-9.216,-0.12646,0.46289,0.90527,30.10
$MAG,53024.629,-0.468,-0.643,-0.831,28.8
$BARO,53024.630,69827.98,30.06
$VBAT,53024.667,3.935
$IMU,53024.676,-4.211,12.451,-6.469,-0.26416,0.47900,0.87353,30.08
$MAG,53024.730,-0.450,-0.634,-0.834,28.6
$BARO,53024.731,69835.27,30.06
$HUM,53024.747,31.2,30.5
$IMU,53024.751,-6.347,1.953,-7.507,-0.24365,0.41845,0.90283,30.08
$IMU,53024.826,-3.234,-8.056,-8.239,-0.21582,0.47998,0.89599,30.10
$MAG,53024.830,-0.465,-0.642,-0.828,29.1
$BARO,53024.833,69843.15,30.06
$IMU,53024.901,-8.056,-11.047,-2.990,-0.23193,0.50146,0.87548,30.09
$MAG,53024.931,-0.468,-0.637,-0.834,29.1
$BARO,53024.934,69830.81,30.06
$IMU,53024.976,-11.718,-11.230,-4.089,-0.20800,0.26464,0.82568,30.06
$MAG,53025.032,-0.471,-0.645,-0.828,29.0
$BARO,53025.036,69827.37,30.06
$IMU,53025.051,17.395,-0.427,5.126,-0.20703,0.44970,0.89453,30.07
$IMU,53025.126,13.610,1.647,1.708,-0.28955,0.60058,0.91992,30.08
$MAG,53025.133,-0.472,-0.642,-0.822,29.1
$BARO,53025.137,69845.97,30.06
$TIME,53025.169,457696.000,2364
$IMU,53025.201,-8.911,-12.390,0.976,0.05566,0.30957,0.91113,30.11
$MAG,53025.233,-0.468,-0.639,-0.825,29.0
$BARO,53025.239,69840.71,30.07
$IMU,53025.276,-6.896,0.976,-0.061,-0.10009,0.47607,0.93750,30.08
$MAG,53025.334,-0.465,-0.637,-0.837,28.6
$BARO,53025.340,69835.86,30.07
$IMU,53025.352,-16.540,2.075,-18.432,-0.15771,0.45849,0.94628,30.09
$IMU,53025.427,-21.789,-4.821,-26.184,-0.27783,0.34375,0.90429,30.07
$MAG,53025.435,-0.451,-0.630,-0.840,29.0
$BARO,53025.441,69831.20,30.07
$IMU,53025.502,-3.112,-13.488,-12.390,-0.07373,0.28906,0.91210,30.07
$MAG,53025.535,-0.454,-0.639,-0.840,28.7
$BARO,53025.543,69841.10,30.07
$IMU,53025.577,6.103,2.624,-8.911,-0.18359,0.39941,0.90332,30.11
$MAG,53025.636,-0.445,-0.645,-0.831,28.7
$BARO,53025.644,69833.81,30.08
$IMU,53025.652,-3.540,5.859,-10.681,-0.13476,0.39355,0.92968,30.11
$VBAT,53025.668,3.935
$IMU,53025.727,-7.202,14.587,-3.051,-0.24365,0.36181,0.91552,30.10
$MAG,53025.737,-0.436,-0.637,-0.840,28.7
$BARO,53025.746,69831.79,30.08
$HUM,53025.763,31.1,30.5
$IMU,53025.802,-6.835,10.009,4.333,-0.36083,0.27832,0.90576,30.08
$MAG,53025.838,-0.430,-0.639,-0.849,28.7
$BARO,53025.847,69836.64,30.08
$IMU,53025.877,11.047,0.427,5.920,-0.30078,0.31738,0.90576,30.10
$MAG,53025.938,-0.454,-0.646,-0.825,28.6
$BARO,53025.948,69843.07,30.08
$IMU,53025.952,20.568,-4.577,17.395,-0.28320,0.49365,0.93212,30.07
$IMU,53026.027,-2.258,-20.690,0.610,-0.24023,0.42626,0.92871,30.12
$MAG,53026.039,-0.460,-0.634,-0.829,28.7
$BARO,53026.050,69837.22,30.08
$IMU,53026.102,-13.122,-31.738,-6.164,0.00585,0.28613,0.95751,30.10
$MAG,53026.140,-0.478,-0.639,-0.823,28.7
$BARO,53026.151,69832.79,30.08
$TIME,53026.169,457697.000,2364
$IMU,53026.177,-6.652,-21.240,-17.578,-0.01611,0.37744,1.00878,30.12
$MAG,53026.241,-0.459,-0.645,-0.823,29.0
$IMU,53026.252,-13.610,-19.104,-42.602,-0.04199,0.31835,0.93212,30.08
$BARO,53026.253,69835.78,30.09
$IMU,53026.328,-4.333,-15.136,-47.729,-0.23535,0.35742,0.91650,30.11
$MAG,53026.341,-0.442,-0.676,-0.817,29.1
$BARO,53026.354,69834.59,30.08
$IMU,53026.403,5.981,-21.423,-45.776,-0.02587,0.31738,0.92285,30.13
$MAG,53026.442,-0.424,-0.690,-0.805,28.8
$BARO,53026.456,69830.96,30.08
$IMU,53026.478,10.803,-16.906,-46.081,-0.07421,0.23095,0.96337,30.11
$MAG,53026.543,-0.399,-0.700,-0.775,28.5
$IMU,53026.553,27.709,-18.615,-50.292,-0.24218,0.32373,0.89062,30.15
$BARO,53026.557,69838.42,30.09
$IMU,53026.628,32.958,-44.677,-41.931,-0.30322,0.41162,0.85693,30.11
$MAG,53026.643,-0.403,-0.727,-0.748,28.7
$BARO,53026.658,69837.81,30.09
$VBAT,53026.668,3.937
$IMU,53026.703,19.409,-70.251,-16.845,-0.06542,0.38818,0.91845,30.08
$MAG,53026.744,-0.427,-0.742,-0.718,28.8
$BARO,53026.760,69828.91,30.09
$IMU,53026.778,20.019,-73.486,-3.601,0.31347,0.44921,0.96826,30.09
$HUM,53026.779,31.1,30.5
$MAG,53026.845,-0.427,-0.741,-0.688,28.7
$IMU,53026.853,26.000,-35.644,-7.812,0.32812,0.52001,0.87304,30.13
$BARO,53026.861,69840.85,30.09
$IMU,53026.928,13.488,-1.220,7.141,0.42529,0.50488,0.88964,30.15
$MAG,53026.946,-0.459,-0.738,-0.691,28.7
$BARO,53026.963,69836.17,30.09
$IMU,53027.003,7.568,45.715,59.265,0.19873,0.45019,0.84228,30.10
$MAG,53027.046,-0.459,-0.726,-0.696,29.1
$BARO,53027.064,69838.61,30.09
$IMU,53027.078,28.198,49.865,21.606,-0.00585,0.52734,0.88867,30.12
$MAG,53027.147,-0.429,-0.738,-0.682,28.7
$IMU,53027.153,25.146,19.226,-30.578,-0.08447,0.59863,0.79101,30.08
$BARO,53027.166,69828.30,30.09
$TIME,53027.169,457697.000,2364
$IMU,53027.228,23.437,-14.526,-52.062,0.01269,0.63330,0.79345,30.14
$MAG,53027.248,-0.405,-0.766,-0.655,28.6
$BARO,53027.267,69835.95,30.10
$IMU,53027.303,15.869,-5.371,-20.446,0.10595,0.61914,0.81933,30.12
$MAG,53027.349,-0.414,-0.757,-0.666,28.6
$BARO,53027.368,69835.37,30.10
$IMU,53027.379,4.455,13.854,21.850,-0.00585,0.62841,0.77978,30.12
$MAG,53027.449,-0.421,-0.751,-0.655,29.0
$IMU,53027.454,4.943,5.859,17.211,0.14599,0.66650,0.81982,30.09
$BARO,53027.470,69834.74,30.11
$IMU,53027.529,0.671,25.329,2.197,-0.10205,0.63574,0.75048,30.08
$MAG,53027.550,-0.415,-0.750,-0.660,29.0
$BARO,53027.571,69831.91,30.11
$IMU,53027.604,4.333,4.028,-16.723,-0.04980,0.58154,0.80029,30.08
$MAG,53027.651,-0.402,-0.763,-0.660,28.8
$VBAT,53027.668,3.927
$BARO,53027.673,69832.91,30.11
$IMU,53027.679,11.962,0.122,-10.620,0.03857,0.69921,0.86181,30.14
$MAG,53027.752,-0.412,-0.754,-0.675,29.0
$IMU,53027.754,-13.610,14.770,13.427,-0.06103,0.71630,0.80517,30.13
$BARO,53027.774,69835.93,30.11
$HUM,53027.795,30.9,30.5
$IMU,53027.829,-36.987,6.591,15.136,-0.06787,0.56054,0.83447,30.15
$MAG,53027.852,-0.426,-0.745,-0.693,28.8
$BARO,53027.876,69837.56,30.11
$IMU,53027.904,-19.958,3.234,-1.037,0.02197,0.45166,0.83007,30.13
$MAG,53027.953,-0.429,-0.745,-0.693,28.6
$BARO,53027.977,69834.30,30.11
$IMU,53027.979,10.925,12.573,8.056,-0.10156,0.55957,0.83642,30.14
$MAG,53028.054,-0.418,-0.750,-0.679,29.0
$IMU,53028.054,14.221,-2.258,-6.958,-0.03906,0.65673,0.84863,30.12
$BARO,53028.078,69833.08,30.11
$IMU,53028.129,9.887,-15.319,-2.685,-0.00390,0.49755,0.82763,30.13
$MAG,53028.154,-0.414,-0.759,-0.663,28.8
$TIME,53028.169,457699.000,2364
$BARO,53028.180,69836.52,30.11
$IMU,53028.204,35.827,0.793,-8.300,0.00390,0.62597,0.90625,30.13
$MAG,53028.255,-0.415,-0.765,-0.624,29.1
$IMU,53028.279,57.067,16.174,-6.530,-0.10986,0.57324,0.79589,30.10
$BARO,53028.281,69832.08,30.11
$IMU,53028.354,80.566,5.737,-0.061,-0.08154,0.79736,0.57275,30.14
$MAG,53028.356,-0.415,-0.769,-0.570,28.6
$BARO,53028.383,69833.30,30.11
$IMU,53028.430,69.702,-4.150,-0.976,-0.01757,0.79785,0.44873,30.10
$MAG,53028.456,-0.417,-0.765,-0.519,28.8
$BARO,53028.484,69834.49,30.11
$IMU,53028.505,49.438,4.394,-8.117,-0.08593,1.02050,0.49511,30.13
$MAG,53028.557,-0.400,-0.763,-0.514,29.1
$IMU,53028.580,12.878,-1.770,-3.723,-0.07421,0.92187,0.50292,30.11
$BARO,53028.586,69835.69,30.12
$IMU,53028.655,10.559,-5.432,-10.681,-0.02832,0.84375,0.41503,30.14
$MAG,53028.658,-0.391,-0.762,-0.501,28.8
$VBAT,53028.669,3.916
$BARO,53028.687,69842.37,30.12
$IMU,53028.730,13.122,1.586,-12.573,-0.09033,0.99951,0.42919,30.16
$MAG,53028.759,-0.399,-0.760,-0.508,29.1
$BARO,53028.789,69831.25,30.12
$IMU,53028.805,-5.737,0.793,-4.760,-0.15673,0.91943,0.41259,30.17
$HUM,53028.811,30.8,30.6
$MAG,53028.859,-0.399,-0.769,-0.517,29.0
$IMU,53028.880,-9.704,-9.399,13.916,-0.08740,0.83300,0.47363,30.16
$BARO,53028.890,69837.10,30.12
$IMU,53028.955,8.666,0.427,11.413,-0.13476,0.85351,0.45263,30.16
$MAG,53028.960,-0.405,-0.760,-0.496,28.7
$BARO,53028.991,69840.73,30.12
$IMU,53029.030,17.639,-1.464,16.662,-0.07031,0.93896,0.43896,30.17
$MAG,53029.061,-0.433,-0.747,-0.495,29.1
$BARO,53029.093,69831.64,30.12
$IMU,53029.105,15.808,5.004,28.564,-0.02978,0.93457,0.38281,30.10
$MAG,53029.162,-0.448,-0.745,-0.486,28.7
$IMU,53029.180,5.798,2.136,21.423,0.08203,0.98486,0.30371,30.08
$BARO,53029.194,69841.73,30.13
$IMU,53029.255,-8.239,-6.225,12.390,0.02685,1.00781,0.41503,30.19
$MAG,53029.262,-0.454,-0.744,-0.487,28.7
$BARO,53029.296,69830.62,30.13
$IMU,53029.330,-9.704,-8.544,14.648,0.03027,0.88818,0.35058,30.10
$MAG,53029.363,-0.465,-0.726,-0.484,28.8
$BARO,53029.397,69844.75,30.13
$IMU,53029.405,5.676,-23.681,18.737,-0.05566,0.85351,0.38720,30.19
$MAG,53029.464,-0.471,-0.721,-0.463,29.1
$IMU,53029.481,7.263,-46.630,28.137,0.13476,0.93261,0.36962,30.16
$BARO,53029.498,69835.25,30.14
$IMU,53029.556,-2.746,-49.438,14.770,0.24023,0.96533,0.38574,30.19
$MAG,53029.564,-0.463,-0.723,-0.447,29.0
$BARO,53029.600,69829.20,30.13
$IMU,53029.631,-9.155,-47.485,13.000,0.32861,0.90673,0.36669,30.13
$MAG,53029.665,-0.468,-0.718,-0.435,29.0
$VBAT,53029.669,3.934
$BARO,53029.701,69835.27,30.13
$IMU,53029.706,-10.620,-28.991,3.356,0.36962,0.93750,0.39746,30.16
$MAG,53029.766,-0.472,-0.720,-0.444,28.8
$IMU,53029.781,-12.573,-10.131,7.080,0.27978,0.84228,0.37060,30.18
$BARO,53029.803,69834.22,30.14
$HUM,53029.827,30.7,30.6
$IMU,53029.856,-10.375,-16.113,9.155,0.35986,0.93115,0.39990,30.18
$MAG,53029.867,-0.465,-0.730,-0.448,28.8
$BARO,53029.904,69834.22,30.14
$IMU,53029.931,-18.798,-5.126,4.882,0.41699,0.85351,0.43310,30.16
$MAG,53029.967,-0.465,-0.723,-0.466,28.7
$BARO,53030.006,69838.47,30.14
$IMU,53030.006,-18.066,5.065,0.732,0.31835,0.85742,0.46142,30.15
$MAG,53030.068,-0.460,-0.732,-0.471,28.7
$IMU,53030.081,-15.197,0.000,-4.760,0.34570,0.80468,0.46337,30.16
$BARO,53030.107,69837.47,30.14
$IMU,53030.156,-8.666,2.868,-8.789,0.30566,0.87988,0.48632,30.20
$MAG,53030.169,-0.462,-0.732,-0.478,29.0
$TIME,53030.169,457700.000,2364
$BARO,53030.208,69828.96,30.14
$IMU,53030.231,-12.023,1.831,-6.774,0.27001,0.81152,0.49169,30.16
$MAG,53030.270,-0.454,-0.744,-0.492,29.0
$IMU,53030.306,-7.202,-1.647,-5.065,0.26708,0.84765,0.50292,30.19
$BARO,53030.310,69828.96,30.14
$MAG,53030.370,-0.462,-0.738,-0.483,28.8
$IMU,53030.381,-6.286,-3.906,-0.976,0.27783,0.82519,0.50439,30.14
$BARO,53030.411,69833.79,30.15
$IMU,53030.457,-4.638,-2.807,0.366,0.30957,0.82861,0.51562,30.19
$MAG,53030.471,-0.453,-0.739,-0.495,29.1
$BARO,53030.513,69831.98,30.15
$IMU,53030.532,-3.723,2.197,-1.403,0.30371,0.84912,0.50195,30.16
$MAG,53030.572,-0.459,-0.745,-0.496,28.7
$IMU,53030.607,-7.995,2.197,0.976,0.20751,0.81542,0.52636,30.17
$BARO,53030.614,69839.83,30.15
$VBAT,53030.669,3.934
$MAG,53030.673,-0.453,-0.741,-0.493,29.0
$IMU,53030.682,-6.652,-8.117,0.732,0.34814,0.81835,0.52587,30.16
$BARO,53030.716,69839.85,30.15
$IMU,53030.757,-6.225,-0.732,-0.610,0.31103,0.82958,0.52783,30.16
$MAG,53030.773,-0.448,-0.738,-0.496,29.0
$BARO,53030.817,69844.49,30.15
$IMU,53030.832,-9.155,-1.281,-2.868,0.26708,0.85644,0.52539,30.16
$HUM,53030.842,30.8,30.6
$MAG,53030.874,-0.450,-0.747,-0.514,29.0
$IMU,53030.907,-17.517,-1.525,0.671,0.31054,0.75292,0.56005,30.19
$BARO,53030.918,69827.33,30.15
$MAG,53030.975,-0.450,-0.751,-0.520,29.1
$IMU,53030.982,-11.047,1.403,0.305,0.29443,0.80664,0.59667,30.19
$BARO,53031.020,69843.49,30.15
$IMU,53031.057,-14.404,3.234,-5.126,0.32910,0.82617,0.57617,30.17
$MAG,53031.075,-0.448,-0.756,-0.544,28.7
$BARO,53031.121,69832.98,30.16
$IMU,53031.132,-29.113,8.789,-6.958,0.25097,0.80615,0.62939,30.17
$TIME,53031.169,457701.000,2364
$MAG,53031.176,-0.429,-0.765,-0.570,28.7
$IMU,53031.207,-41.931,-5.310,-14.221,0.22167,0.77539,0.66210,30.17
$BARO,53031.223,69831.57,30.15
$MAG,53031.277,-0.408,-0.759,-0.606,28.8
$IMU,53031.282,-54.687,-18.920,-25.451,0.33154,0.77685,0.67773,30.17
$BARO,53031.324,69843.68,30.15
$IMU,53031.357,-72.448,-10.437,-29.052,0.30419,0.70849,0.74169,30.20
$MAG,53031.378,-0.379,-0.760,-0.667,29.1
$BARO,53031.425,69838.81,30.16
$IMU,53031.432,-74.645,-1.831,-29.479,0.27880,0.51123,0.81396,30.15
$MAG,53031.478,-0.361,-0.754,-0.709,29.0
$IMU,53031.508,-55.725,5.004,-29.968,0.26513,0.50439,0.89453,30.18
$BARO,53031.527,69834.76,30.16
$MAG,53031.579,-0.331,-0.742,-0.747,28.7
$IMU,53031.583,-49.194,9.765,-29.113,0.13330,0.34814,0.90771,30.17
$BARO,53031.628,69835.78,30.16
$IMU,53031.658,-33.935,7.446,-23.010,0.00634,0.26562,0.95312,30.17
$VBAT,53031.670,3.922
$MAG,53031.680,-0.307,-0.748,-0.765,29.1
$BARO,53031.730,69835.37,30.16
$IMU,53031.733,-21.850,3.662,-10.131,-0.00585,0.22021,0.98291,30.19
$MAG,53031.781,-0.333,-0.738,-0.768,29.0
$IMU,53031.808,-4.943,3.051,4.089,-0.11669,0.27978,0.94677,30.18
$BARO,53031.831,69838.42,30.16
$HUM,53031.858,30.6,30.6
$MAG,53031.881,-0.325,-0.744,-0.763,29.1
$IMU,53031.883,4.272,-8.850,-3.784,-0.03271,0.25390,0.93994,30.16
$BARO,53031.933,69829.52,30.16
$IMU,53031.958,14.404,-15.380,18.310,0.33593,0.31933,0.92675,30.19
$MAG,53031.982,-0.360,-0.748,-0.753,28.8
$IMU,53032.033,17.395,4.333,49.011,0.37988,0.35986,0.84521,30.17
$BARO,53032.034,69830.91,30.17
$MAG,53032.083,-0.375,-0.738,-0.739,28.8
$IMU,53032.108,13.732,2.197,21.179,0.20898,0.38867,0.83544,30.18
$BARO,53032.135,69836.56,30.17
$TIME,53032.169,457702.000,2364
$IMU,53032.183,-2.319,-16.296,-1.647,0.18847,0.37597,0.93505,30.19
$MAG,53032.184,-0.378,-0.736,-0.741,28.7
$BARO,53032.237,69833.32,30.17
$IMU,53032.258,-13.671,-12.512,-6.835,0.21972,0.29150,0.94384,30.21
$MAG,53032.284,-0.372,-0.738,-0.754,28.7
$IMU,53032.333,-15.991,-5.493,-3.845,0.22851,0.28564,0.96533,30.18
$BARO,53032.338,69841.00,30.17
$MAG,53032.385,-0.378,-0.721,-0.766,29.1
$IMU,53032.408,-21.240,4.882,13.610,0.25927,0.19873,0.99511,30.21
$BARO,53032.440,69825.64,30.17
$IMU,53032.483,-10.131,14.343,19.958,0.24072,0.25732,1.00097,30.18
$MAG,53032.486,-0.390,-0.721,-0.774,29.1
$BARO,53032.541,69840.59,30.17
$IMU,53032.559,7.324,18.798,25.634,0.19970,0.38476,0.88232,30.22
$MAG,53032.587,-0.403,-0.721,-0.771,28.7
$IMU,53032.634,8.789,20.324,20.141,0.16796,0.25927,0.81494,30.20
$BARO,53032.643,69837.95,30.17
$VBAT,53032.670,3.939
$MAG,53032.687,-0.403,-0.714,-0.792,28.8
$IMU,53032.709,-13.000,26.550,21.606,0.17626,0.41796,0.93408,30.19
$BARO,53032.744,69834.74,30.17
$IMU,53032.784,-44.860,32.775,19.592,0.12255,0.19433,0.91210,30.21
$MAG,53032.788,-0.393,-0.681,-0.822,29.1
$BARO,53032.845,69836.54,30.18
$IMU,53032.859,-40.527,33.203,0.915,0.05664,0.14355,0.99072,30.20
$HUM,53032.874,30.6,30.7
$MAG,53032.889,-0.373,-0.666,-0.838,28.8
$IMU,53032.934,-40.100,28.869,-9.643,0.06689,0.01513,1.03027,30.20
$BARO,53032.947,69832.30,30.18
$MAG,53032.989,-0.342,-0.658,-0.873,29.1
$IMU,53033.009,-29.113,27.526,-12.390,0.01123,0.00537,1.02636,30.19
$BARO,53033.048,69835.71,30.19
$IMU,53033.084,-23.681,19.714,-37.292,-0.10546,-0.00634,0.97802,30.22
$MAG,53033.090,-0.312,-0.643,-0.883,29.1
$BARO,53033.150,69834.08,30.19
$IMU,53033.159,-26.489,8.728,-46.630,-0.12207,-0.05273,1.02099,30.22
$TIME,53033.169,457704.000,2364
$MAG,53033.191,-0.303,-0.631,-0.892,29.0
$IMU,53033.234,-23.742,5.126,-30.883,-0.18164,-0.15869,1.07958,30.19
$BARO,53033.251,69834.69,30.19
$MAG,53033.292,-0.291,-0.619,-0.898,29.0
$IMU,53033.309,-10.375,-0.549,2.624,-0.16455,-0.12695,1.02587,30.20
$BARO,53033.353,69831.88,30.18
$IMU,53033.384,-7.019,-1.525,4.089,-0.01513,-0.11376,1.01367,30.21
$MAG,53033.392,-0.292,-0.624,-0.912,29.1
$BARO,53033.454,69840.76,30.19
$IMU,53033.459,-6.469,1.281,-0.549,-0.08056,-0.14501,1.00927,30.23
$MAG,53033.493,-0.286,-0.624,-0.904,29.1
$IMU,53033.535,-5.615,-3.234,-14.160,-0.06640,-0.13525,0.99023,30.22
$BARO,53033.555,69842.17,30.19
$MAG,53033.594,-0.283,-0.612,-0.909,28.7
$IMU,53033.610,-4.333,-8.117,-16.357,-0.10644,-0.15234,1.01220,30.17
$BARO,53033.657,69846.22,30.19
$VBAT,53033.677,3.926
$IMU,53033.685,-5.187,-8.972,-9.033,-0.01611,-0.17138,1.00146,30.23
$MAG,53033.695,-0.291,-0.610,-0.906,29.1
$BARO,53033.758,69835.08,30.19
$IMU,53033.760,-3.417,-4.882,-11.413,-0.01806,-0.18164,1.02832,30.25
$MAG,53033.795,-0.286,-0.612,-0.913,29.1
$IMU,53033.835,0.976,-2.014,-8.789,-0.03027,-0.15673,1.00292,30.21
$BARO,53033.860,69833.47,30.19
$HUM,53033.890,30.4,30.6
$MAG,53033.896,-0.279,-0.613,-0.912,28.8
$IMU,53033.910,2.075,-0.427,-7.812,-0.05761,-0.15283,0.99121,30.19
$BARO,53033.961,69842.54,30.20
$IMU,53033.985,0.122,-5.004,-5.126,-0.03369,-0.14453,0.99316,30.23
$MAG,53033.997,-0.288,-0.604,-0.906,29.1
$IMU,53034.060,0.305,-2.624,-4.028,-0.03613,-0.14453,1.01171,30.17
$BARO,53034.063,69846.19,30.19
$MAG,53034.098,-0.286,-0.615,-0.906,29.0
$IMU,53034.135,0.305,-0.244,-1.525,-0.02343,-0.12500,0.97607,30.21
$BARO,53034.164,69837.49,30.19
$MAG,53034.198,-0.289,-0.612,-0.907,29.1
$IMU,53034.210,-1.586,-2.563,-1.892,-0.02929,-0.15722,1.01074,30.24
$BARO,53034.265,69844.95,30.20
$IMU,53034.285,-0.061,-3.601,-2.502,0.00537,-0.14257,0.99414,30.24
$MAG,53034.299,-0.285,-0.613,-0.904,28.8
$IMU,53034.360,0.000,-1.098,-0.610,-0.00976,-0.14111,0.99414,30.22
$BARO,53034.367,69837.49,30.20
$MAG,53034.400,-0.289,-0.610,-0.907,28.6
$IMU,53034.435,0.305,-1.220,-0.244,-0.01416,-0.15820,0.99902,30.24
$BARO,53034.468,69850.82,30.20
$MAG,53034.500,-0.285,-0.609,-0.906,29.1
$IMU,53034.510,-0.793,-3.051,-0.793,0.02197,-0.14062,0.99023,30.19
$BARO,53034.570,69839.68,30.20
$IMU,53034.586,-2.197,-0.610,0.671,-0.00927,-0.15429,0.99707,30.19
$MAG,53034.601,-0.292,-0.615,-0.912,29.1
$IMU,53034.661,-1.892,-1.525,-0.915,0.00341,-0.16210,0.99951,30.20
$BARO,53034.671,69837.27,30.20
$VBAT,53034.678,3.926
$MAG,53034.702,-0.288,-0.609,-0.909,28.8
$IMU,53034.736,-0.793,-2.075,0.122,0.01757,-0.15283,1.00048,30.25
$BARO,53034.772,69835.25,30.20
$MAG,53034.803,-0.288,-0.603,-0.906,28.8
$IMU,53034.811,-0.671,-0.671,0.244,0.00488,-0.15771,0.99755,30.28
$BARO,53034.874,69842.12,30.21
$IMU,53034.886,-0.488,-0.732,-0.793,0.00732,-0.16699,1.00244,30.20
$MAG,53034.903,-0.301,-0.616,-0.913,29.0
$HUM,53034.906,30.3,30.7
$IMU,53034.961,0.793,-0.610,0.671,0.00439,-0.14746,0.99072,30.25
$BARO,53034.975,69836.25,30.21
$MAG,53035.004,-0.292,-0.607,-0.907,29.1
$IMU,53035.036,-0.061,-0.793,-0.488,0.00732,-0.16699,1.00244,30.23
$BARO,53035.077,69832.59,30.21
$MAG,53035.105,-0.298,-0.610,-0.916,29.0
$IMU,53035.111,0.671,-0.244,-0.427,0.00537,-0.13818,0.98535,30.24
$TIME,53035.169,457706.000,2364
$BARO,53035.178,69839.05,30.21
$IMU,53035.186,-0.610,-0.915,0.610,0.00292,-0.15136,0.99707,30.25
$MAG,53035.206,-0.282,-0.616,-0.916,29.1
$IMU,53035.261,-0.427,-1.831,0.000,0.02099,-0.15673,1.00195,30.23
$BARO,53035.280,69838.66,30.21
$MAG,53035.306,-0.304,-0.612,-0.904,29.1
$IMU,53035.336,-0.488,-0.854,-0.671,0.01611,-0.15136,0.99169,30.27
$BARO,53035.381,69847.12,30.22
$MAG,53035.407,-0.288,-0.607,-0.909,29.1
$IMU,53035.411,-0.915,-0.671,-0.854,0.00439,-0.16259,0.99902,30.26
$BARO,53035.482,69833.18,30.22
$IMU,53035.486,-0.671,-1.098,0.427,0.02099,-0.14892,0.98632,30.26
$MAG,53035.508,-0.300,-0.613,-0.913,29.0
$IMU,53035.561,-1.953,-0.305,0.427,0.01806,-0.16406,1.00439,30.24
$BARO,53035.584,69838.64,30.22
$MAG,53035.608,-0.295,-0.610,-0.898,29.1
$IMU,53035.637,-0.732,-1.037,-2.685,0.02490,-0.16650,0.99804,30.23
$VBAT,53035.678,3.935
$BARO,53035.685,69841.24,30.22
$MAG,53035.709,-0.294,-0.606,-0.909,29.0
$IMU,53035.712,0.244,-1.159,-3.417,0.00537,-0.15234,0.99072,30.23
$BARO,53035.787,69847.51,30.22
$IMU,53035.787,-0.732,-1.525,2.075,0.03027,-0.16796,1.00000,30.25
$MAG,53035.810,-0.300,-0.606,-0.912,29.1
$IMU,53035.862,-1.586,-0.549,1.525,0.01757,-0.15429,0.98388,30.28
$BARO,53035.888,69840.46,30.22
$MAG,53035.910,-0.297,-0.601,-0.913,29.1
$HUM,53035.922,30.3,30.7
$IMU,53035.937,-1.708,0.000,0.732,0.02490,-0.16943,1.00146,30.28
$BARO,53035.990,69838.64,30.22
$MAG,53036.011,-0.297,-0.604,-0.912,29.1
$IMU,53036.012,-0.793,-0.732,-0.244,0.01318,-0.16601,0.99658,30.28
$IMU,53036.087,-0.976,-0.854,-0.732,0.02343,-0.17675,0.99853,30.25
$BARO,53036.091,69840.63,30.22
$MAG,53036.112,-0.297,-0.609,-0.912,29.1
$IMU,53036.162,0.793,-0.976,-1.953,0.04296,-0.16259,0.99658,30.29
$TIME,53036.169,457706.000,2364
$BARO,53036.192,69830.13,30.22
$MAG,53036.213,-0.295,-0.606,-0.913,29.1
$IMU,53036.237,-0.244,1.953,-1.281,-0.00488,-0.17675,0.99316,30.26
$BARO,53036.294,69835.00,30.22
$IMU,53036.312,0.915,-0.732,-1.342,0.03906,-0.16503,0.99707,30.25
$MAG,53036.313,-0.295,-0.606,-0.907,29.1
$IMU,53036.387,1.159,0.976,-1.403,0.02246,-0.15966,0.99707,30.24
$BARO,53036.395,69836.59,30.22
$MAG,53036.414,-0.297,-0.607,-0.904,29.0
$IMU,53036.462,0.244,0.732,-1.098,0.00585,-0.15576,0.98925,30.28
$BARO,53036.497,69836.37,30.23
$MAG,53036.515,-0.294,-0.607,-0.910,29.1
$IMU,53036.537,-0.305,0.244,0.244,0.01025,-0.16455,0.99951,30.22
$BARO,53036.598,69839.81,30.23
$IMU,53036.613,0.488,-0.305,0.610,0.03125,-0.15771,0.99853,30.26
$MAG,53036.615,-0.289,-0.618,-0.910,29.1
$VBAT,53036.678,3.930
$IMU,53036.688,0.000,1.037,1.037,-0.00488,-0.16503,0.99414,30.26
$BARO,53036.699,69826.08,30.23
$MAG,53036.716,-0.291,-0.609,-0.909,29.1
$IMU,53036.763,1.464,-0.793,1.831,0.03320,-0.15722,0.99951,30.28
$BARO,53036.801,69840.63,30.23
$MAG,53036.817,-0.300,-0.607,-0.901,29.1
$IMU,53036.838,0.366,4.272,6.225,-0.01855,-0.16943,0.99560,30.26
$BARO,53036.902,69834.35,30.23
$IMU,53036.913,1.831,0.366,7.690,0.01025,-0.16699,1.00488,30.28
$MAG,53036.918,-0.300,-0.609,-0.910,29.1
$HUM,53036.938,30.2,30.7
$IMU,53036.988,1.586,3.295,14.831,0.01416,-0.16113,1.01416,30.28
$BARO,53037.004,69845.66,30.24
$MAG,53037.018,-0.301,-0.615,-0.906,29.1
$IMU,53037.063,3.112,14.160,22.460,-0.05078,-0.18115,1.02197,30.30
$BARO,53037.105,69849.68,30.24
$MAG,53037.119,-0.303,-0.607,-0.903,29.1
$IMU,53037.138,8.666,16.052,28.503,-0.10205,-0.15039,1.01660,30.23
$TIME,53037.169,457707.000,2364
$BARO,53037.207,69837.76,30.24
$IMU,53037.213,11.413,19.714,40.710,-0.09277,-0.11572,1.00634,30.24
$MAG,53037.220,-0.306,-0.616,-0.897,29.0
$IMU,53037.288,15.197,27.587,54.016,-0.15429,-0.06201,0.98535,30.27
$BARO,53037.308,69850.70,30.24
$MAG,53037.320,-0.319,-0.633,-0.900,29.1
$IMU,53037.363,14.526,26.489,56.701,-0.20361,-0.01953,0.97705,30.25
$BARO,53037.409,69840.59,30.24
$MAG,53037.421,-0.333,-0.634,-0.888,29.1
$IMU,53037.438,13.305,17.639,50.659,-0.18701,-0.00439,0.96826,30.25
$BARO,53037.511,69838.37,30.24
$IMU,53037.513,10.681,9.765,39.978,-0.19824,0.00732,0.98437,30.27
$MAG,53037.522,-0.342,-0.622,-0.880,29.1
$IMU,53037.588,9.094,5.432,26.794,-0.20849,0.02539,0.98974,30.26
$BARO,53037.612,69838.37,30.24
$MAG,53037.623,-0.348,-0.639,-0.889,29.1
$IMU,53037.664,11.535,8.911,22.277,-0.25146,0.07373,0.97900,30.26
$VBAT,53037.678,3.940
$BARO,53037.714,69849.46,30.25
$MAG,53037.723,-0.354,-0.640,-0.880,29.1
$IMU,53037.739,11.718,9.765,20.080,-0.27539,0.10058,0.95800,30.27
$IMU,53037.814,11.779,7.141,19.104,-0.28955,0.14111,0.94628,30.26
$BARO,53037.815,69833.30,30.25
$MAG,53037.824,-0.366,-0.640,-0.871,29.1
$IMU,53037.889,9.765,2.746,16.601,-0.27050,0.14990,0.94531,30.29
$BARO,53037.917,69836.93,30.25
$MAG,53037.925,-0.372,-0.645,-0.876,29.1
$HUM,53037.953,30.1,30.7
$IMU,53037.964,8.422,0.671,13.610,-0.26318,0.17626,0.95019,30.27
$BARO,53038.018,69843.00,30.25
$MAG,53038.026,-0.367,-0.652,-0.874,29.1
$IMU,53038.039,6.164,0.427,12.268,-0.26855,0.18310,0.95996,30.26
$IMU,53038.114,5.432,-0.488,12.023,-0.26171,0.17724,0.96386,30.29
$BARO,53038.119,69832.47,30.25
$MAG,53038.126,-0.376,-0.652,-0.859,29.0
$TIME,53038.169,457709.000,2364
$IMU,53038.189,7.873,-0.732,12.390,-0.23925,0.21289,0.95849,30.29
$BARO,53038.221,69836.10,30.25
$MAG,53038.227,-0.381,-0.651,-0.865,29.1
$IMU,53038.264,9.338,1.220,11.108,-0.25244,0.25000,0.93457,30.30
$BARO,53038.322,69835.71,30.25
$MAG,53038.328,-0.381,-0.648,-0.856,29.1
$IMU,53038.339,6.835,1.098,9.094,-0.25976,0.27685,0.93701,30.32
$IMU,53038.414,3.356,-0.122,8.666,-0.24853,0.25000,0.94970,30.30
$BARO,53038.424,69844.58,30.26
$MAG,53038.428,-0.393,-0.649,-0.855,29.1
$IMU,53038.489,6.042,1.586,10.131,-0.24560,0.26806,0.94238,30.30
$BARO,53038.525,69824.38,30.26
$MAG,53038.529,-0.393,-0.652,-0.841,29.1
$IMU,53038.564,8.239,5.187,12.817,-0.23632,0.27929,0.95166,30.26
$BARO,53038.626,69831.03,30.26
$MAG,53038.630,-0.405,-0.664,-0.847,29.1
$IMU,53038.639,11.840,11.291,18.310,-0.24462,0.29101,0.94580,30.31
$VBAT,53038.679,3.937
$IMU,53038.715,17.700,17.456,23.742,-0.26416,0.34228,0.91845,30.30
$BARO,53038.728,69843.56,30.26
$MAG,53038.731,-0.402,-0.655,-0.838,29.1
$IMU,53038.790,22.155,18.798,24.841,-0.29443,0.37353,0.88525,30.32
$BARO,53038.829,69840.12,30.26
$MAG,53038.831,-0.412,-0.672,-0.831,29.1
$IMU,53038.865,27.770,18.127,23.437,-0.25390,0.38818,0.87207,30.25
$BARO,53038.931,69833.66,30.26
$MAG,53038.932,-0.414,-0.678,-0.810,29.0
$IMU,53038.940,37.170,21.667,24.658,-0.31835,0.46972,0.84179,30.26
$HUM,53038.969,29.9,30.7
$IMU,53039.015,43.945,16.296,19.653,-0.31591,0.55322,0.79833,30.32
$BARO,53039.032,69835.66,30.26
$MAG,53039.033,-0.421,-0.693,-0.786,29.1
$IMU,53039.090,46.203,9.765,18.493,-0.27539,0.59814,0.72900,30.31
$BARO,53039.134,69828.40,30.26
$MAG,53039.134,-0.429,-0.714,-0.756,29.1
$IMU,53039.165,48.278,8.666,16.113,-0.30029,0.68505,0.69824,30.26
$MAG,53039.234,-0.432,-0.717,-0.735,29.1
$BARO,53039.235,69838.10,30.26
$IMU,53039.240,43.518,4.821,6.774,-0.31103,0.71923,0.65673,30.30
$IMU,53039.315,36.682,1.831,2.502,-0.30175,0.79150,0.59960,30.28
$MAG,53039.335,-0.436,-0.730,-0.718,29.1
$BARO,53039.336,69835.05,30.27
$IMU,53039.390,21.972,-2.929,3.051,-0.31494,0.81933,0.53369,30.29
$MAG,53039.436,-0.438,-0.727,-0.709,29.0
$BARO,53039.438,69835.47,30.27
$IMU,53039.465,5.676,-13.366,-2.197,-0.29833,0.81640,0.52246,30.30
$MAG,53039.537,-0.429,-0.733,-0.700,29.1
$BARO,53039.539,69840.90,30.27
$IMU,53039.540,-0.061,-17.089,-7.019,-0.28466,0.79638,0.53710,30.30
$IMU,53039.615,0.671,-16.052,-5.126,-0.27441,0.79052,0.55273,30.31
$MAG,53039.637,-0.436,-0.735,-0.705,29.0
$BARO,53039.641,69833.01,30.27
$VBAT,53039.679,3.937
$IMU,53039.691,-1.403,-18.310,2.624,-0.20556,0.84228,0.56152,30.30
$MAG,53039.738,-0.444,-0.732,-0.691,29.1
$BARO,53039.742,69839.49,30.27
$IMU,53039.766,-11.657,-16.723,5.615,-0.16796,0.79931,0.59082,30.32
$MAG,53039.839,-0.450,-0.730,-0.709,29.0
$IMU,53039.841,-15.197,-7.202,1.281,-0.19970,0.71337,0.61328,30.32
$BARO,53039.844,69833.81,30.28
$IMU,53039.916,-4.333,-2.441,1.464,-0.16259,0.81591,0.59375,30.30
$MAG,53039.940,-0.441,-0.724,-0.712,29.1
$BARO,53039.945,69844.73,30.27
$HUM,53039.985,29.8,30.7
$IMU,53039.991,-7.690,4.760,6.164,-0.15429,0.82910,0.67285,30.33
$MAG,53040.040,-0.436,-0.721,-0.727,29.0
$BARO,53040.046,69833.61,30.28
$IMU,53040.066,-20.080,16.235,-2.075,-0.32031,0.64501,0.71435,30.33
$MAG,53040.141,-0.453,-0.717,-0.730,28.6
$IMU,53040.141,-5.981,10.009,-0.915,-0.22656,0.69091,0.68164,30.29
$BARO,53040.148,69840.07,30.28
$TIME,53040.169,457710.000,2364
$IMU,53040.216,-1.159,5.615,5.249,-0.28320,0.74707,0.69580,30.36
$MAG,53040.242,-0.430,-0.714,-0.733,29.1
$BARO,53040.249,69845.31,30.28
$IMU,53040.291,-6.164,-0.244,-4.638,-0.28076,0.67871,0.70947,30.33
$MAG,53040.343,-0.433,-0.718,-0.736,28.8
$BARO,53040.351,69841.49,30.28
$IMU,53040.366,-3.540,-2.258,-1.098,-0.25634,0.66503,0.69580,30.32
$IMU,53040.441,-0.976,-4.760,0.976,-0.24414,0.72021,0.68701,30.31
$MAG,53040.444,-0.441,-0.714,-0.733,29.1
$BARO,53040.452,69834.22,30.28
$IMU,53040.516,-5.187,-5.676,-1.464,-0.21972,0.68896,0.71093,30.33
$MAG,53040.544,-0.444,-0.717,-0.735,29.1
$BARO,53040.554,69830.35,30.29
$IMU,53040.591,-5.310,-1.037,-4.638,-0.23828,0.67089,0.73925,30.35
$MAG,53040.645,-0.435,-0.712,-0.739,29.0
$BARO,53040.655,69834.59,30.28
$IMU,53040.666,-1.831,0.549,-2.502,-0.27685,0.66992,0.72167,30.30
$VBAT,53040.679,3.924
$IMU,53040.742,2.136,-5.065,-1.525,-0.26074,0.71582,0.69628,30.34
$MAG,53040.746,-0.438,-0.720,-0.741,29.2
$BARO,53040.756,69840.66,30.29
$IMU,53040.817,-0.427,-11.657,-2.563,-0.23193,0.70751,0.68652,30.32
$MAG,53040.847,-0.439,-0.708,-0.732,29.1
$BARO,53040.858,69844.29,30.29
$IMU,53040.892,-1.708,-15.930,-4.394,-0.19873,0.69970,0.70117,30.31
$MAG,53040.947,-0.441,-0.709,-0.738,29.1
$BARO,53040.959,69844.07,30.29
$IMU,53040.967,-1.892,-13.000,-6.469,-0.20996,0.69873,0.71386,30.32
$HUM,53041.001,29.8,30.7
$IMU,53041.042,-2.075,-10.437,-3.845,-0.19433,0.68994,0.71533,30.31
$MAG,53041.048,-0.441,-0.720,-0.726,29.1
$BARO,53041.061,69836.81,30.29
$IMU,53041.117,-2.868,-8.605,-2.075,-0.19824,0.68896,0.71777,30.33
$MAG,53041.149,-0.448,-0.712,-0.732,28.7
$BARO,53041.162,69836.20,30.29
$TIME,53041.169,457712.000,2364
$IMU,53041.192,-3.540,-8.789,-4.089,-0.18994,0.68212,0.73486,30.37
$MAG,53041.249,-0.441,-0.721,-0.727,29.0
$BARO,53041.264,69838.20,30.29
$IMU,53041.267,-4.150,-7.446,-3.417,-0.19189,0.68945,0.73291,30.34
$IMU,53041.342,-8.666,-6.958,-1.647,-0.20117,0.65625,0.73876,30.34
$MAG,53041.350,-0.450,-0.712,-0.723,29.1
$BARO,53041.365,69833.15,30.29
$IMU,53041.417,-10.681,-7.324,-1.342,-0.19482,0.64697,0.78466,30.33
$MAG,53041.451,-0.450,-0.727,-0.738,29.1
$BARO,53041.467,69840.22,30.29
$IMU,53041.492,-11.047,-6.225,-0.610,-0.17431,0.61621,0.79541,30.34
$MAG,53041.552,-0.453,-0.702,-0.738,29.1
$IMU,53041.567,-9.155,-4.211,1.098,-0.15917,0.59814,0.79882,30.32
$BARO,53041.568,69840.03,30.29
$IMU,53041.642,-5.920,-3.479,1.647,-0.14355,0.59619,0.80908,30.30
$MAG,53041.652,-0.447,-0.706,-0.745,28.8
$BARO,53041.669,69846.66,30.30
$VBAT,53041.689,3.930
$IMU,53041.718,-2.685,-1.342,1.647,-0.15332,0.62792,0.79931,30.29
$MAG,53041.753,-0.451,-0.706,-0.744,29.1
$BARO,53041.771,69841.22,30.30
$IMU,53041.793,-4.028,-2.990,-1.220,-0.15136,0.62988,0.79931,30.36
$MAG,53041.854,-0.448,-0.709,-0.747,29.0
$IMU,53041.868,-9.216,-5.432,-3.234,-0.12255,0.65869,0.82812,30.37
$BARO,53041.872,69838.20,30.30
$IMU,53041.943,-22.216,3.845,5.187,-0.14453,0.60839,0.81103,30.34
$MAG,53041.955,-0.456,-0.691,-0.772,29.1
$BARO,53041.974,69838.98,30.30
$HUM,53042.017,29.8,30.8
$IMU,53042.018,-30.639,11.840,14.038,-0.20263,0.52587,0.80224,30.39
$MAG,53042.055,-0.466,-0.673,-0.780,29.1
$BARO,53042.075,69839.78,30.31
$IMU,53042.093,-25.695,5.371,10.375,-0.19189,0.48291,0.83007,30.36
$MAG,53042.156,-0.460,-0.664,-0.802,29.1
$IMU,53042.168,-20.751,0.183,7.995,-0.14257,0.51562,0.84082,30.36
$TIME,53042.169,457712.000,2364
$BARO,53042.177,69838.81,30.30
$IMU,53042.243,-26.245,2.929,8.972,-0.15234,0.45068,0.87890,30.36
$MAG,53042.257,-0.460,-0.652,-0.813,29.1
$BARO,53042.278,69834.54,30.30
$IMU,53042.318,-27.343,4.943,9.765,-0.19775,0.42968,0.90917,30.41
$MAG,53042.357,-0.468,-0.636,-0.828,29.1
$BARO,53042.379,69833.71,30.31
$IMU,53042.393,-26.672,-2.136,8.361,-0.15771,0.44384,0.92968,30.37
$MAG,53042.458,-0.477,-0.615,-0.849,29.1
$IMU,53042.468,-28.259,-1.220,10.131,-0.11865,0.34472,0.94628,30.33
$BARO,53042.481,69837.56,30.31
$IMU,53042.543,-20.874,7.812,20.446,-0.12841,0.29150,0.96240,30.35
$MAG,53042.559,-0.481,-0.586,-0.861,29.1
$BARO,53042.582,69840.37,30.31
$IMU,53042.618,-13.793,10.742,26.000,-0.17089,0.29101,0.99121,30.33
$MAG,53042.660,-0.480,-0.585,-0.859,29.1
$BARO,53042.684,69833.91,30.31
$IMU,53042.693,-7.629,6.408,20.202,-0.16308,0.24121,0.98193,30.38
$VBAT,53042.697,3.932
$MAG,53042.760,-0.486,-0.580,-0.859,29.1
$IMU,53042.769,-2.929,0.671,18.920,-0.14697,0.29443,0.99609,30.34
$BARO,53042.785,69841.39,30.31
$IMU,53042.844,-2.136,-4.028,12.878,-0.05224,0.29101,0.97216,30.35
$MAG,53042.861,-0.489,-0.579,-0.862,29.1
$BARO,53042.886,69835.52,30.31
$IMU,53042.919,1.464,-2.258,6.835,-0.04931,0.32080,0.92529,30.41
$MAG,53042.962,-0.499,-0.573,-0.862,29.1
$BARO,53042.988,69834.91,30.32
$IMU,53042.994,4.089,-3.967,-6.286,-0.03710,0.34033,0.94042,30.31
$HUM,53043.033,29.7,30.7
$MAG,53043.063,-0.495,-0.586,-0.861,29.0
$IMU,53043.069,6.530,-2.990,-13.732,-0.03857,0.30517,0.94531,30.35
$BARO,53043.089,69837.73,30.31
$IMU,53043.144,8.605,-1.037,-25.939,-0.12011,0.30468,0.93017,30.36
$MAG,53043.163,-0.472,-0.604,-0.856,29.1
$TIME,53043.169,457713.000,2364
$BARO,53043.191,69839.95,30.32
$IMU,53043.219,7.019,-4.150,-29.846,-0.10058,0.33447,0.93652,30.36
$MAG,53043.264,-0.477,-0.615,-0.847,29.1
$BARO,53043.292,69841.34,30.32
$IMU,53043.294,1.281,-3.112,-31.311,-0.09960,0.33398,0.97265,30.37
$MAG,53043.365,-0.448,-0.631,-0.849,29.1
$IMU,53043.369,-1.525,-1.464,-41.687,-0.13427,0.30468,0.94042,30.32
$BARO,53043.394,69832.64,30.33
$IMU,53043.444,0.549,-1.403,-51.696,-0.15429,0.35205,0.92089,30.35
$MAG,53043.466,-0.424,-0.643,-0.849,29.0
$BARO,53043.495,69842.58,30.32
$IMU,53043.519,-4.577,0.915,-56.091,-0.23730,0.27441,0.92578,30.35
$MAG,53043.566,-0.390,-0.657,-0.846,29.1
$IMU,53043.594,-1.647,1.220,-50.659,-0.23242,0.29687,0.94140,30.37
$BARO,53043.596,69842.15,30.33
$MAG,53043.667,-0.360,-0.669,-0.847,29.1
$IMU,53043.669,-2.624,4.211,-51.208,-0.23632,0.25830,0.93066,30.37
$BARO,53043.698,69839.71,30.33
$VBAT,53043.707,3.926
$IMU,53043.744,-2.441,4.821,-51.757,-0.28857,0.23535,0.93359,30.37
$MAG,53043.768,-0.339,-0.673,-0.849,29.1
$BARO,53043.799,69835.25,30.33
$IMU,53043.820,-4.394,-3.173,-40.405,-0.40234,0.18359,0.96435,30.33
$MAG,53043.869,-0.331,-0.664,-0.855,29.1
$IMU,53043.895,-2.075,-6.713,-20.019,-0.22851,0.16162,0.97607,30.37
$BARO,53043.901,69842.34,30.33
$MAG,53043.969,-0.306,-0.676,-0.856,29.1
$IMU,53043.970,1.098,10.131,-18.066,-0.32031,0.18261,0.94921,30.35
$BARO,53044.002,69843.95,30.34
$IMU,53044.045,-0.305,-0.854,-17.944,-0.38427,0.17285,0.93945,30.36
$HUM,53044.048,29.6,30.8
$MAG,53044.070,-0.307,-0.679,-0.856,29.2
$BARO,53044.104,69846.58,30.33
$IMU,53044.120,1.098,-11.535,-15.319,-0.31347,0.12646,0.97900,30.39
$TIME,53044.169,457714.000,2364
$MAG,53044.171,-0.315,-0.678,-0.849,29.2
$IMU,53044.195,6.103,-9.338,-10.375,-0.28417,0.19238,0.94628,30.39
$BARO,53044.205,69837.69,30.33
$IMU,53044.270,3.967,-6.164,-1.403,-0.27197,0.14355,0.97509,30.39
$MAG,53044.271,-0.309,-0.687,-0.847,29.2
$BARO,53044.307,69842.73,30.34
$IMU,53044.345,7.324,-5.126,2.136,-0.24853,0.20019,0.94873,30.42
$MAG,53044.372,-0.309,-0.694,-0.846,29.2
$BARO,53044.408,69836.25,30.34
$IMU,53044.420,2.624,-3.356,-1.037,-0.22412,0.19091,0.93945,30.41
$MAG,53044.473,-0.316,-0.687,-0.832,29.1
$IMU,53044.495,0.793,-2.380,-4.272,-0.23486,0.18261,0.97119,30.38
$BARO,53044.509,69837.25,30.35
$IMU,53044.570,0.732,-3.723,-10.498,-0.29052,0.17529,0.96679,30.34
$MAG,53044.573,-0.310,-0.699,-0.843,29.2
$BARO,53044.611,69833.81,30.35
$IMU,53044.645,1.892,-7.568,-9.460,-0.24707,0.18457,0.95458,30.38
$MAG,53044.674,-0.309,-0.694,-0.837,29.1
$BARO,53044.712,69843.32,30.34
$VBAT,53044.716,3.918
$IMU,53044.720,3.051,-4.272,-5.798,-0.25097,0.18261,0.96533,30.35
$MAG,53044.775,-0.303,-0.691,-0.841,29.2
$IMU,53044.796,2.563,-0.976,0.366,-0.24560,0.20507,0.95214,30.40
$BARO,53044.814,69835.64,30.34
$IMU,53044.871,-0.122,-0.366,-0.915,-0.23583,0.17382,0.96875,30.35
$MAG,53044.876,-0.307,-0.687,-0.837,29.1
$BARO,53044.915,69840.49,30.35
$IMU,53044.946,1.647,-0.915,-1.220,-0.24169,0.21972,0.95214,30.42
$MAG,53044.976,-0.312,-0.684,-0.841,29.1
$BARO,53045.017,69843.10,30.35
$IMU,53045.021,-2.624,-2.319,-1.037,-0.23242,0.18994,0.96826,30.38
$HUM,53045.064,29.6,30.8
$MAG,53045.077,-0.315,-0.697,-0.846,29.1
$IMU,53045.096,-2.197,0.000,0.976,-0.23144,0.18798,0.96289,30.37
$BARO,53045.118,69824.91,30.35
$TIME,53045.169,457716.000,2364
$IMU,53045.171,-1.831,0.244,-0.671,-0.24316,0.17675,0.96582,30.37
$MAG,53045.178,-0.303,-0.691,-0.835,29.1
$BARO,53045.219,69836.20,30.35
$IMU,53045.246,-0.549,-0.976,-2.380,-0.23095,0.16162,0.97412,30.43
$MAG,53045.278,-0.306,-0.694,-0.834,29.1
$BARO,53045.321,69843.29,30.36
$IMU,53045.321,1.586,-1.037,-1.708,-0.24755,0.18164,0.96875,30.38
$MAG,53045.379,-0.310,-0.693,-0.852,29.1
$IMU,53045.396,0.671,-0.244,-0.183,-0.23144,0.18945,0.95703,30.42
$BARO,53045.422,69839.05,30.35
$IMU,53045.471,-0.854,0.549,-0.549,-0.23535,0.18115,0.96337,30.42
$MAG,53045.480,-0.307,-0.691,-0.840,29.2
$BARO,53045.524,69829.13,30.36
$IMU,53045.546,-0.244,0.366,1.159,-0.24414,0.18701,0.96630,30.41
$MAG,53045.580,-0.303,-0.688,-0.831,29.1
$IMU,53045.621,0.061,0.366,-1.464,-0.24316,0.19042,0.96875,30.38
$BARO,53045.625,69844.29,30.36
$MAG,53045.681,-0.303,-0.696,-0.843,29.1
$IMU,53045.696,0.122,-0.549,-2.136,-0.23876,0.18408,0.95800,30.37
$VBAT,53045.726,3.940
$BARO,53045.727,69850.75,30.36
$IMU,53045.771,-0.061,0.061,-1.892,-0.23535,0.19531,0.95996,30.40
$MAG,53045.782,-0.304,-0.690,-0.840,29.2
$BARO,53045.828,69833.79,30.36
$IMU,53045.847,-1.281,0.183,-1.525,-0.24951,0.17529,0.96972,30.42
$MAG,53045.883,-0.306,-0.685,-0.841,29.2
$IMU,53045.922,-0.610,-0.427,-1.281,-0.23339,0.17431,0.96630,30.41
$BARO,53045.929,69847.70,30.36
$MAG,53045.983,-0.301,-0.690,-0.843,29.1
$IMU,53045.997,-0.061,0.000,-1.281,-0.24853,0.18212,0.96630,30.36
$BARO,53046.031,69841.44,30.36
$IMU,53046.072,-0.610,-0.793,-1.953,-0.23876,0.17089,0.96386,30.36
$HUM,53046.080,29.5,30.8
$MAG,53046.084,-0.303,-0.688,-0.841,29.2
$BARO,53046.132,69835.56,30.36
$IMU,53046.147,-0.793,-0.488,-0.244,-0.23486,0.18164,0.96386,30.40
$MAG,53046.185,-0.301,-0.693,-0.841,29.1
$IMU,53046.222,-0.671,0.366,-0.732,-0.24902,0.17187,0.97412,30.41
$BARO,53046.234,69839.00,30.36
$MAG,53046.286,-0.304,-0.687,-0.844,29.1
$IMU,53046.297,0.305,-0.366,-1.220,-0.23681,0.17138,0.96240,30.46
$BARO,53046.335,69844.46,30.36
$IMU,53046.372,0.610,0.122,-1.220,-0.23974,0.18603,0.95605,30.40
$MAG,53046.386,-0.300,-0.679,-0.838,29.1
$BARO,53046.437,69843.44,30.37
$IMU,53046.447,-0.549,0.244,-0.244,-0.25341,0.17968,0.96923,30.41
$MAG,53046.487,-0.309,-0.688,-0.838,29.2
$IMU,53046.522,-1.708,0.000,0.793,-0.24316,0.19580,0.95507,30.42
$BARO,53046.538,69835.35,30.37
$MAG,53046.588,-0.304,-0.687,-0.840,29.1
$IMU,53046.597,-4.150,-1.342,3.295,-0.24316,0.16357,0.96972,30.41
$BARO,53046.639,69838.37,30.37
$IMU,53046.672,-2.868,0.061,0.244,-0.24121,0.15087,0.97460,30.42
$MAG,53046.689,-0.307,-0.694,-0.840,29.1
$VBAT,53046.731,3.934
$BARO,53046.741,69830.88,30.37
$IMU,53046.747,0.244,-0.976,-1.708,-0.23974,0.15771,0.97607,30.43
$MAG,53046.789,-0.307,-0.687,-0.838,29.1
$IMU,53046.822,1.464,-0.488,0.061,-0.24267,0.16992,0.96435,30.39
$BARO,53046.842,69838.37,30.37
$MAG,53046.890,-0.304,-0.690,-0.849,29.1
$IMU,53046.898,0.793,0.305,-0.244,-0.23974,0.18310,0.95703,30.42
$BARO,53046.944,69842.00,30.37
$IMU,53046.973,-0.671,-0.305,-0.549,-0.23925,0.16455,0.97363,30.45
$MAG,53046.991,-0.304,-0.693,-0.837,29.1
$BARO,53047.045,69842.19,30.38
$IMU,53047.048,0.305,0.488,-0.244,-0.24414,0.17773,0.96142,30.43
$MAG,53047.091,-0.306,-0.694,-0.843,29.1
$HUM,53047.096,29.5,30.8
$IMU,53047.123,-0.305,0.061,-0.366,-0.24023,0.16845,0.96630,30.44
$BARO,53047.147,69844.83,30.37
$TIME,53047.169,457717.000,2364
$MAG,53047.192,-0.297,-0.687,-0.846,29.1
$IMU,53047.198,0.000,0.000,-0.610,-0.24707,0.17333,0.96337,30.42
$BARO,53047.248,69841.39,30.38
$IMU,53047.273,-0.305,-0.488,-0.610,-0.23535,0.17187,0.96972,30.41
$MAG,53047.293,-0.307,-0.693,-0.837,29.1
$IMU,53047.348,-0.122,0.976,-1.708,-0.24707,0.17285,0.96044,30.41
$BARO,53047.349,69844.41,30.38
$MAG,53047.394,-0.309,-0.691,-0.843,29.2
$IMU,53047.423,-0.610,-0.305,-1.098,-0.24462,0.16210,0.97021,30.41
$BARO,53047.451,69841.20,30.38
$MAG,53047.494,-0.300,-0.696,-0.841,29.1
$IMU,53047.498,-0.305,0.366,-0.732,-0.24902,0.16845,0.96435,30.45
$BARO,53047.552,69845.83,30.38
$IMU,53047.573,-0.061,-0.671,-1.403,-0.24218,0.16650,0.96630,30.44
$MAG,53047.595,-0.306,-0.690,-0.838,29.1
$IMU,53047.648,0.488,-0.366,-0.793,-0.25146,0.16748,0.96240,30.41
$BARO,53047.654,69836.73,30.38
$MAG,53047.696,-0.306,-0.699,-0.841,29.1
$IMU,53047.723,2.136,0.183,1.220,-0.24218,0.16113,0.97460,30.44
$VBAT,53047.740,3.930
$BARO,53047.755,69834.71,30.39
$MAG,53047.797,-0.298,-0.693,-0.847,29.1
$IMU,53047.798,3.173,0.610,0.732,-0.25341,0.19628,0.95068,30.45
$BARO,53047.856,69848.24,30.39
$IMU,53047.874,0.122,-0.732,0.976,-0.24511,0.17919,0.96435,30.45
$MAG,53047.897,-0.307,-0.691,-0.834,29.1
$IMU,53047.949,-0.488,0.549,1.342,-0.25927,0.18798,0.95703,30.42
$BARO,53047.958,69842.17,30.39
$MAG,53047.998,-0.306,-0.687,-0.844,29.2
$IMU,53048.024,-0.976,-1.037,2.380,-0.25000,0.17871,0.96289,30.44
$BARO,53048.059,69840.95,30.39
$MAG,53048.099,-0.312,-0.693,-0.849,29.2
$IMU,53048.099,-0.549,-0.061,4.333,-0.23242,0.19775,0.95361,30.41
$HUM,53048.111,29.5,30.8
$BARO,53048.161,69838.51,30.39
$TIME,53048.169,457719.000,2364
$IMU,53048.174,-3.173,2.136,4.516,-0.24365,0.17871,0.96630,30.40
$MAG,53048.199,-0.306,-0.690,-0.844,29.1
$IMU,53048.249,-2.685,0.915,2.563,-0.25488,0.16406,0.98046,30.41
$BARO,53048.262,69837.88,30.40
$MAG,53048.300,-0.310,-0.693,-0.843,29.1
$IMU,53048.324,-0.305,-1.953,1.159,-0.25683,0.14355,0.97167,30.39
$BARO,53048.363,69840.34,30.40
$IMU,53048.399,3.417,-0.183,5.004,-0.22119,0.18261,0.96093,30.37
$MAG,53048.401,-0.319,-0.690,-0.837,29.1
$BARO,53048.465,69836.27,30.40
$IMU,53048.474,2.075,4.516,8.544,-0.21142,0.18261,0.96484,30.42
$MAG,53048.502,-0.315,-0.693,-0.841,29.1
$IMU,53048.549,2.868,9.460,8.911,-0.27099,0.18017,0.98046,30.43
$BARO,53048.566,69840.51,30.40
$MAG,53048.602,-0.315,-0.697,-0.841,29.1
$IMU,53048.624,7.141,7.812,6.164,-0.28955,0.19433,0.96777,30.43
$BARO,53048.668,69838.71,30.40
$IMU,53048.699,12.329,4.272,8.666,-0.23779,0.23095,0.95605,30.42
$MAG,53048.703,-0.318,-0.697,-0.825,29.1
$VBAT,53048.740,3.927
$BARO,53048.769,69842.73,30.40
$IMU,53048.774,16.479,13.549,17.761,-0.22167,0.18750,0.99023,30.42
$MAG,53048.804,-0.319,-0.711,-0.813,29.2
$IMU,53048.849,33.508,36.132,36.499,-0.24902,0.20556,0.95263,30.40
$BARO,53048.871,69842.93,30.40
$MAG,53048.905,-0.340,-0.721,-0.778,29.3
$IMU,53048.925,65.429,64.575,62.316,-0.24609,0.32910,0.79101,30.47
$BARO,53048.972,69843.34,30.41
$IMU,53049.000,92.468,86.853,78.430,-0.38720,0.62841,0.62109,30.51
$MAG,53049.005,-0.363,-0.754,-0.720,29.1
$BARO,53049.073,69840.29,30.40
$IMU,53049.075,82.153,76.599,67.260,-0.42138,0.78662,0.49609,30.41
$MAG,53049.106,-0.385,-0.751,-0.678,29.2
$HUM,53049.127,29.5,30.8
$IMU,53049.150,61.706,58.715,49.804,-0.38037,0.84619,0.41308,30.38
$TIME,53049.169,457720.000,2364
$BARO,53049.175,69830.20,30.41
$MAG,53049.207,-0.406,-0.751,-0.673,29.1
$IMU,53049.225,46.447,50.903,38.330,-0.41113,0.89990,0.35058,30.41
$BARO,53049.276,69845.34,30.41
$IMU,53049.300,35.156,40.710,28.137,-0.39306,0.94335,0.30712,30.46
$MAG,53049.308,-0.423,-0.760,-0.649,29.1
$IMU,53049.375,27.404,36.193,26.733,-0.35107,0.91259,0.24365,30.46
$BARO,53049.378,69838.05,30.41
$MAG,53049.408,-0.439,-0.732,-0.648,29.1
$IMU,53049.450,23.803,41.687,35.888,-0.34179,0.98730,0.16650,30.46
$BARO,53049.479,69834.20,30.41
$MAG,53049.509,-0.456,-0.727,-0.664,29.2
$IMU,53049.525,10.131,42.114,32.165,-0.25634,0.96875,0.13037,30.43
$BARO,53049.581,69841.07,30.41
$IMU,53049.600,6.652,45.104,26.306,-0.28125,0.95947,0.11767,30.46
$MAG,53049.610,-0.471,-0.721,-0.667,29.2
$IMU,53049.675,12.451,36.071,20.690,-0.31494,0.96337,0.07275,30.48
$BARO,53049.682,69841.49,30.41
$MAG,53049.711,-0.478,-0.721,-0.666,29.1
$IMU,53049.750,11.657,20.202,19.653,-0.25488,1.00781,0.02832,30.44
$VBAT,53049.751,3.929
$BARO,53049.783,69835.20,30.42
$MAG,53049.811,-0.499,-0.715,-0.673,29.1
$IMU,53049.825,5.798,13.244,25.878,-0.18457,1.02734,0.03271,30.45
$BARO,53049.885,69838.03,30.42
$IMU,53049.901,0.061,9.765,27.221,-0.09130,1.01660,0.09033,30.46
$MAG,53049.912,-0.507,-0.702,-0.681,29.2
$IMU,53049.976,-0.183,10.925,25.573,-0.04980,0.99414,0.10449,30.44
$BARO,53049.986,69840.24,30.42
$MAG,53050.013,-0.519,-0.682,-0.684,29.1
$IMU,53050.051,2.441,8.605,20.385,-0.03076,1.00683,0.09716,30.44
$BARO,53050.088,69839.85,30.42
$MAG,53050.113,-0.526,-0.685,-0.682,29.2
$IMU,53050.126,-0.427,1.220,8.911,-0.01318,0.98828,0.06640,30.49
$HUM,53050.143,29.4,30.9
$TIME,53050.169,457721.000,2364
$BARO,53050.189,69836.39,30.42
$IMU,53050.201,6.591,-3.234,-2.685,0.01464,1.00585,0.04345,30.47
$MAG,53050.214,-0.525,-0.693,-0.675,29.1
$IMU,53050.276,8.361,-1.159,-2.075,-0.04541,1.01074,0.02734,30.44
$BARO,53050.291,69838.42,30.42
$MAG,53050.315,-0.526,-0.688,-0.661,29.2
$IMU,53050.351,7.080,-2.685,0.854,0.00146,1.04101,0.03662,30.49
$BARO,53050.392,69844.51,30.42
$MAG,53050.416,-0.534,-0.687,-0.672,29.2
$IMU,53050.426,4.028,2.014,-0.122,-0.02978,0.97998,0.01904,30.46
$BARO,53050.493,69839.83,30.42
$IMU,53050.501,3.234,1.525,2.563,-0.03759,1.02636,0.03857,30.48
$MAG,53050.517,-0.525,-0.691,-0.666,29.2
$IMU,53050.576,0.732,-2.380,2.014,-0.02636,1.03417,0.02148,30.48
$BARO,53050.595,69840.05,30.43
$MAG,53050.617,-0.529,-0.699,-0.664,29.1
$IMU,53050.651,0.305,-5.371,-1.281,-0.06347,1.01171,0.00927,30.49
$BARO,53050.696,69835.59,30.42
$MAG,53050.718,-0.535,-0.687,-0.658,29.1
$IMU,53050.726,-2.258,-7.873,3.417,-0.02441,1.00195,0.02978,30.50
$VBAT,53050.759,3.921
$BARO,53050.798,69835.37,30.43
$IMU,53050.801,-5.004,-4.272,9.277,-0.02929,1.06054,0.04345,30.45
$MAG,53050.819,-0.534,-0.687,-0.664,29.1
$IMU,53050.876,-12.695,-7.324,9.277,-0.01464,1.02783,0.08740,30.46
$BARO,53050.899,69832.54,30.43
$MAG,53050.919,-0.549,-0.673,-0.658,29.2
$IMU,53050.952,-14.404,-12.695,11.352,-0.00830,0.97167,0.11035,30.46
$BARO,53051.000,69828.91,30.43
$MAG,53051.020,-0.561,-0.670,-0.667,29.2
$IMU,53051.027,-9.582,-17.822,15.258,0.05371,0.99414,0.11669,30.46
$BARO,53051.102,69834.35,30.44
$IMU,53051.102,-6.469,-14.648,15.441,0.09130,0.97265,0.08642,30.49
$MAG,53051.121,-0.565,-0.660,-0.655,29.1
$HUM,53051.159,29.3,30.9
$IMU,53051.177,0.122,-5.615,4.455,0.10546,0.99755,0.08447,30.50
$BARO,53051.203,69837.98,30.44
$MAG,53051.222,-0.561,-0.664,-0.657,29.2
$IMU,53051.252,3.784,3.295,-7.446,0.07080,0.98242,0.06835,30.49
$BARO,53051.305,69845.24,30.44
$MAG,53051.322,-0.562,-0.652,-0.649,29.1
$IMU,53051.327,3.540,4.821,-7.873,-0.02734,1.05859,0.06787,30.48
$IMU,53051.402,-8.728,-20.324,-8.361,-0.09179,1.10058,0.06250,30.52
$BARO,53051.406,69830.71,30.44
$MAG,53051.423,-0.562,-0.669,-0.642,29.2
$IMU,53051.477,-24.108,-56.640,-18.249,-0.04052,1.03564,0.10546,30.46
$BARO,53051.507,69849.70,30.44
$MAG,53051.524,-0.564,-0.687,-0.619,29.1
$IMU,53051.552,-29.907,-76.660,-21.118,-0.00634,1.00537,0.14501,30.46
$BARO,53051.609,69852.51,30.44
$MAG,53051.624,-0.550,-0.691,-0.597,29.2
$IMU,53051.627,-23.620,-79.345,-17.395,0.10888,0.97753,0.19677,30.50
$IMU,53051.702,-13.000,-58.532,-5.371,0.17480,0.93164,0.23779,30.52
$BARO,53051.710,69838.15,30.44
$MAG,53051.725,-0.549,-0.688,-0.561,29.1
$VBAT,53051.770,3.942
$IMU,53051.777,2.441,-31.066,2.380,0.19580,0.96875,0.25927,30.51
$BARO,53051.812,69842.41,30.45
$MAG,53051.826,-0.547,-0.690,-0.558,29.1
$IMU,53051.852,11.657,-10.925,4.516,0.14257,1.03662,0.26562,30.48
$BARO,53051.913,69833.91,30.45
$MAG,53051.927,-0.550,-0.679,-0.562,29.2
$IMU,53051.928,5.187,-2.258,-0.732,0.15136,0.97412,0.23388,30.48
$IMU,53052.003,5.859,9.704,-5.310,0.05615,1.03710,0.19628,30.46
$BARO,53052.014,69834.32,30.45
$MAG,53052.027,-0.547,-0.685,-0.570,29.2
$IMU,53052.078,2.014,17.822,-7.446,-0.01220,1.00927,0.18212,30.48
$BARO,53052.116,69840.17,30.45
$MAG,53052.128,-0.541,-0.700,-0.580,29.2
$IMU,53052.153,-6.530,23.864,-7.324,-0.09033,0.92968,0.12597,30.51
$TIME,53052.169,457722.000,2364
$HUM,53052.175,29.2,30.9
$BARO,53052.217,69826.62,30.45
$IMU,53052.228,0.549,18.432,-3.906,-0.13525,0.88867,0.03466,30.47
$MAG,53052.229,-0.534,-0.699,-0.582,29.2
$IMU,53052.303,3.540,16.540,4.577,0.02099,1.06835,0.07226,30.50
$BARO,53052.319,69844.00,30.45
$MAG,53052.330,-0.541,-0.688,-0.610,29.1
$IMU,53052.378,-19.226,33.020,7.263,-0.00488,1.06494,0.11816,30.53
$BARO,53052.420,69837.73,30.46
$MAG,53052.430,-0.537,-0.693,-0.649,29.2
$IMU,53052.453,-31.555,48.217,-5.859,-0.11083,0.98046,0.13964,30.51
$BARO,53052.521,69839.54,30.46
$IMU,53052.528,-37.963,37.048,-18.188,-0.20947,0.96337,0.25000,30.48
$MAG,53052.531,-0.508,-0.681,-0.679,29.2
$IMU,53052.603,-49.438,14.587,-25.329,-0.14404,0.97021,0.33105,30.54
$BARO,53052.623,69837.51,30.46
$MAG,53052.632,-0.492,-0.694,-0.718,29.2
$IMU,53052.678,-60.791,6.042,-31.616,-0.27050,1.04248,0.39550,30.48
$BARO,53052.724,69832.44,30.46
$MAG,53052.733,-0.465,-0.696,-0.751,29.2
$IMU,53052.753,-93.627,-40.954,-68.237,-0.30175,0.95605,0.40087,30.56
$VBAT,53052.778,3.943
$BARO,53052.826,69839.54,30.46
$IMU,53052.828,-120.422,-95.275,-122.497,-0.05957,0.65185,0.52246,30.48
$MAG,53052.833,-0.426,-0.684,-0.802,29.3
$IMU,53052.903,-111.267,-96.069,-127.929,-0.12207,0.44433,0.81542,30.51
$BARO,53052.927,69844.97,30.46
$MAG,53052.934,-0.405,-0.681,-0.826,29.2
$IMU,53052.979,-81.054,-83.435,-97.900,-0.09423,0.18457,1.03027,30.53
$BARO,53053.028,69843.97,30.46
$MAG,53053.035,-0.396,-0.673,-0.838,29.2
$IMU,53053.054,-45.532,-59.265,-62.988,-0.01123,0.01708,1.16064,30.52
$IMU,53053.129,-11.047,-31.677,-36.132,0.00341,0.01171,1.17724,30.48
$BARO,53053.130,69834.66,30.46
$MAG,53053.136,-0.390,-0.670,-0.837,29.2
$TIME,53053.169,457724.000,2364
$HUM,53053.191,29.3,30.9
$IMU,53053.204,20.385,-11.657,-20.080,-0.12500,0.04833,1.10546,30.52
$BARO,53053.231,69835.66,30.46
$MAG,53053.236,-0.393,-0.703,-0.807,29.2
$IMU,53053.279,48.706,-13.427,-18.432,-0.20410,0.12841,0.94238,30.52
$BARO,53053.333,69837.08,30.47
$MAG,53053.337,-0.397,-0.729,-0.771,29.3
$IMU,53053.354,63.415,-28.198,-12.573,-0.04785,0.44970,0.76269,30.50
$IMU,53053.429,35.095,-26.306,2.380,0.18798,0.59667,0.81689,30.53
$BARO,53053.434,69841.93,30.47
$MAG,53053.438,-0.406,-0.724,-0.750,29.2
$IMU,53053.504,7.019,-7.507,12.512,0.18701,0.43359,0.89404,30.50
$BARO,53053.535,69839.51,30.46
$MAG,53053.538,-0.400,-0.742,-0.738,29.2
$IMU,53053.579,9.460,-0.610,-13.854,-0.03857,0.48974,0.83544,30.54
$BARO,53053.637,69831.18,30.47
$MAG,53053.639,-0.370,-0.741,-0.738,29.1
$IMU,53053.654,-2.502,-16.906,-57.739,-0.19531,0.57324,0.78710,30.55
$IMU,53053.729,-29.968,-29.296,-49.560,-0.03808,0.39111,0.91113,30.52
$BARO,53053.738,69838.88,30.48
$MAG,53053.740,-0.352,-0.727,-0.757,29.1
$VBAT,53053.788,3.930
$IMU,53053.804,-29.724,-23.010,-17.883,0.00732,0.31884,0.98193,30.50
$BARO,53053.840,69845.97,30.47
$MAG,53053.841,-0.358,-0.733,-0.762,29.1
$IMU,53053.879,-17.028,-18.005,2.319,0.12744,0.32958,0.99365,30.52
$BARO,53053.941,69849.39,30.47
$MAG,53053.941,-0.357,-0.732,-0.769,29.2
$IMU,53053.954,-7.995,-1.770,9.155,0.09912,0.34814,0.95458,30.49
$IMU,53054.030,-8.056,6.225,4.272,0.04931,0.34179,0.94580,30.53
$BARO,53054.042,69839.27,30.48
$MAG,53054.042,-0.357,-0.718,-0.780,29.2
$IMU,53054.105,-10.925,6.958,5.981,0.03515,0.28857,0.97558,30.53
$MAG,53054.143,-0.361,-0.717,-0.786,29.3
$BARO,53054.144,69835.03,30.48
$TIME,53054.169,457724.000,2364
$IMU,53054.180,-8.117,6.530,2.197,-0.01367,0.32080,0.96582,30.54
$HUM,53054.207,29.3,30.9
$MAG,53054.244,-0.363,-0.718,-0.799,29.3
$BARO,53054.245,69841.90,30.48
$IMU,53054.255,-12.512,-0.610,-0.061,0.00781,0.22753,0.97656,30.51
$IMU,53054.330,-10.314,-2.746,0.610,0.03027,0.24560,1.01220,30.56
$MAG,53054.344,-0.360,-0.715,-0.801,29.2
$BARO,53054.347,69841.49,30.48
$IMU,53054.405,-5.676,-1.586,2.807,0.07519,0.23388,1.00097,30.55
$MAG,53054.445,-0.366,-0.706,-0.802,29.2
$BARO,53054.448,69825.11,30.48
$IMU,53054.480,-4.394,1.403,0.854,0.01562,0.22460,0.96923,30.52
$MAG,53054.546,-0.352,-0.703,-0.804,29.2
$BARO,53054.549,69829.96,30.48
$IMU,53054.555,-5.187,-4.455,-6.774,0.02734,0.24511,0.97851,30.55
$IMU,53054.630,-7.568,-7.568,-6.042,0.05175,0.21142,1.00537,30.57
$MAG,53054.646,-0.360,-0.697,-0.811,29.2
$BARO,53054.651,69832.18,30.48
$IMU,53054.705,-4.455,-7.507,-5.920,0.04931,0.18164,1.00390,30.54
$MAG,53054.747,-0.358,-0.706,-0.804,29.2
$BARO,53054.752,69841.05,30.49
$IMU,53054.780,2.075,-12.023,-10.375,0.05078,0.21826,0.95605,30.55
$VBAT,53054.795,3.930
$MAG,53054.848,-0.360,-0.711,-0.801,29.1
$BARO,53054.854,69836.22,30.49
$IMU,53054.855,0.122,-20.690,-18.066,0.07080,0.27294,0.92773,30.51
$IMU,53054.930,-7.812,-26.916,-19.714,0.10400,0.26757,0.94042,30.52
$MAG,53054.949,-0.363,-0.712,-0.805,29.2
$BARO,53054.955,69838.05,30.49
$IMU,53055.006,-15.502,-29.235,-12.878,0.25195,0.19677,1.02246,30.53
$MAG,53055.049,-0.355,-0.703,-0.817,29.3
$BARO,53055.056,69845.70,30.49
$IMU,53055.081,-13.122,-20.324,-11.718,0.28173,0.15087,0.99609,30.55
$MAG,53055.150,-0.357,-0.703,-0.816,29.2
$IMU,53055.156,-5.004,-11.596,-18.310,0.17626,0.17089,0.95068,30.55
$BARO,53055.158,69839.42,30.49
$TIME,53055.169,457725.000,2364
$HUM,53055.223,29.2,30.9
$IMU,53055.231,-6.835,-12.084,-16.296,0.20312,0.14550,0.96777,30.53
$MAG,53055.251,-0.357,-0.696,-0.813,29.2
$BARO,53055.259,69847.51,30.49
$IMU,53055.306,-8.972,-7.385,2.868,0.22119,0.13623,0.94189,30.55
$MAG,53055.352,-0.364,-0.685,-0.823,29.2
$BARO,53055.361,69837.83,30.49
$IMU,53055.381,-15.441,1.953,15.686,0.34472,0.15869,1.01904,30.55
$MAG,53055.452,-0.358,-0.670,-0.852,29.2
$IMU,53055.456,-19.104,36.621,37.719,0.29638,0.13134,0.95947,30.55
$BARO,53055.462,69837.81,30.50
$IMU,53055.531,-25.573,80.688,69.396,0.01269,0.03369,0.95019,30.55
$MAG,53055.553,-0.363,-0.646,-0.868,29.1
$BARO,53055.563,69838.42,30.49
$IMU,53055.606,-25.695,88.623,83.312,-0.16162,-0.02343,0.99804,30.58
$MAG,53055.654,-0.349,-0.622,-0.898,29.2
$BARO,53055.665,69839.64,30.50
$IMU,53055.681,-28.015,74.951,77.514,-0.27490,-0.07568,1.04882,30.56
$MAG,53055.755,-0.351,-0.603,-0.919,29.1
$IMU,53055.756,-18.432,51.635,73.120,-0.41064,-0.10449,1.03271,30.51
$BARO,53055.766,69834.15,30.50
$VBAT,53055.806,3.934
$IMU,53055.831,-1.281,19.958,62.561,-0.33105,-0.03027,0.99121,30.58
$MAG,53055.855,-0.367,-0.592,-0.913,29.2
$BARO,53055.868,69838.39,30.50
$IMU,53055.906,5.065,1.403,54.077,-0.28320,0.01904,0.95751,30.54
$MAG,53055.956,-0.400,-0.588,-0.904,29.2
$BARO,53055.969,69836.59,30.50
$IMU,53055.981,7.080,-7.080,43.579,-0.23974,0.06054,0.96728,30.53
$MAG,53056.057,-0.405,-0.580,-0.907,29.2
$IMU,53056.057,8.300,-11.108,28.869,-0.23095,0.13232,0.96875,30.58
$BARO,53056.070,69838.22,30.49
$IMU,53056.132,5.920,-17.211,12.573,-0.15429,0.11865,0.97460,30.56
$MAG,53056.158,-0.421,-0.595,-0.904,29.2
$TIME,53056.169,457727.000,2364
$BARO,53056.172,69837.98,30.51
$IMU,53056.207,6.713,-14.526,2.502,-0.11279,0.12841,0.98974,30.54
$HUM,53056.239,29.2,30.9
$MAG,53056.258,-0.430,-0.601,-0.886,29.2
$BARO,53056.273,69841.22,30.51
$IMU,53056.282,9.399,-8.422,-8.850,-0.16503,0.15527,0.98486,30.56
$IMU,53056.357,10.559,-10.925,-21.484,-0.19775,0.12744,1.01074,30.57
$MAG,53056.359,-0.426,-0.616,-0.874,29.2
$BARO,53056.375,69846.66,30.51
$IMU,53056.432,14.587,-17.517,-29.357,-0.17871,0.13671,1.02978,30.55
$MAG,53056.460,-0.412,-0.640,-0.867,29.2
$BARO,53056.476,69841.20,30.51
$IMU,53056.507,24.902,-28.625,-37.902,-0.16992,0.15185,1.02246,30.55
$MAG,53056.561,-0.421,-0.670,-0.825,29.2
$BARO,53056.577,69836.76,30.51
$IMU,53056.582,38.879,-42.968,-53.405,-0.03857,0.23632,0.97412,30.58
$IMU,53056.657,42.480,-33.325,-51.330,0.02441,0.33007,0.87695,30.58
$MAG,53056.661,-0.402,-0.702,-0.798,29.3
$BARO,53056.679,69840.78,30.51
$IMU,53056.732,33.874,-9.643,-33.874,-0.01123,0.53125,0.76611,30.57
$MAG,53056.762,-0.402,-0.718,-0.778,29.1
$BARO,53056.780,69832.30,30.51
$IMU,53056.807,27.832,2.380,-20.812,-0.12890,0.73535,0.68505,30.59
$VBAT,53056.813,3.934
$MAG,53056.863,-0.375,-0.732,-0.772,29.2
$BARO,53056.882,69837.73,30.51
$IMU,53056.882,5.554,-0.915,-21.362,-0.14111,0.71289,0.69531,30.57
$IMU,53056.957,-6.713,0.061,-13.244,-0.09423,0.67236,0.65039,30.56
$MAG,53056.964,-0.367,-0.718,-0.778,29.1
$BARO,53056.983,69833.10,30.51
$IMU,53057.033,-15.502,6.958,-4.150,-0.14550,0.56835,0.62597,30.56
$MAG,53057.064,-0.351,-0.720,-0.801,29.3
$BARO,53057.084,69838.73,30.52
$IMU,53057.108,-33.935,3.540,-9.155,-0.25097,0.45751,0.75927,30.57
$MAG,53057.165,-0.360,-0.678,-0.834,29.2
$TIME,53057.169,457727.000,2364
$IMU,53057.183,-59.082,-11.718,-9.033,-0.22900,0.05078,0.94482,30.56
$BARO,53057.186,69839.95,30.52
$HUM,53057.255,29.1,31.0
$IMU,53057.258,-84.045,-24.169,-3.112,-0.08837,-0.18701,1.28027,30.58
$MAG,53057.266,-0.369,-0.630,-0.879,29.3
$BARO,53057.287,69838.54,30.52
$IMU,53057.333,-105.163,-20.507,10.864,-0.01464,-0.54931,1.29589,30.55
$MAG,53057.367,-0.387,-0.567,-0.918,29.3
$BARO,53057.388,69840.37,30.52
$IMU,53057.408,-74.951,-13.427,17.211,0.00000,-0.53662,1.13525,30.55
$MAG,53057.467,-0.396,-0.541,-0.922,29.3
$IMU,53057.483,-44.189,-13.366,12.817,-0.03564,-0.51025,0.97412,30.58
$BARO,53057.490,69835.71,30.52
$IMU,53057.558,-23.864,-13.732,6.347,-0.00292,-0.40380,0.87011,30.57
$MAG,53057.568,-0.406,-0.526,-0.919,29.2
$BARO,53057.591,69842.95,30.53
$IMU,53057.633,-17.272,-10.925,6.896,0.04833,-0.39697,0.90478,30.57
$MAG,53057.669,-0.418,-0.516,-0.934,29.1
$BARO,53057.693,69837.71,30.53
$IMU,53057.708,-16.540,-4.943,12.634,0.09521,-0.43603,0.98193,30.58
$MAG,53057.770,-0.418,-0.505,-0.934,29.3
$IMU,53057.783,-11.596,1.159,18.737,0.06103,-0.42187,1.04492,30.64
$BARO,53057.794,69832.86,30.53
$VBAT,53057.825,3.926
$IMU,53057.858,-13.366,-5.432,11.352,0.06201,-0.43017,1.08105,30.63
$MAG,53057.870,-0.426,-0.487,-0.939,29.2
$BARO,53057.896,69848.00,30.53
$IMU,53057.933,-9.948,-11.840,5.126,0.12695,-0.45312,1.10791,30.59
$MAG,53057.971,-0.441,-0.489,-0.936,29.3
$BARO,53057.997,69845.19,30.53
$IMU,53058.008,-1.892,-5.798,2.807,0.12451,-0.48828,1.14990,30.57
$MAG,53058.072,-0.426,-0.499,-0.942,29.2
$IMU,53058.084,9.765,3.967,-0.183,-0.00390,-0.48095,1.10644,30.54
$BARO,53058.098,69841.12,30.53
$IMU,53058.159,19.836,2.502,5.126,-0.02197,-0.41308,1.01855,30.57
$TIME,53058.169,457729.000,2364
$MAG,53058.172,-0.427,-0.510,-0.940,29.2
$BARO,53058.200,69840.10,30.53
$IMU,53058.234,20.996,7.263,21.545,-0.02441,-0.32714,0.95703,30.58
$HUM,53058.271,29.1,30.9
$MAG,53058.273,-0.421,-0.502,-0.954,29.2
$BARO,53058.301,69839.51,30.54
$IMU,53058.309,10.314,31.494,49.926,-0.14208,-0.23242,0.91162,30.61
$MAG,53058.374,-0.399,-0.481,-0.963,29.2
$IMU,53058.384,-10.681,48.583,73.181,-0.29052,-0.37744,0.78662,30.57
$BARO,53058.403,69837.88,30.54
$IMU,53058.459,-5.432,37.597,82.519,-0.06787,-0.26123,0.73535,30.55
$MAG,53058.475,-0.385,-0.460,-0.976,29.3
$BARO,53058.504,69838.68,30.54
$IMU,53058.534,-1.464,39.245,96.435,-0.12255,-0.21240,0.74218,30.64
$MAG,53058.575,-0.355,-0.433,-0.990,29.2
$BARO,53058.605,69844.14,30.53
$IMU,53058.609,-11.962,35.949,81.542,-0.36767,-0.27832,0.91455,30.60
$MAG,53058.676,-0.339,-0.412,-0.988,29.3
$IMU,53058.684,-16.540,21.179,58.959,-0.58154,-0.29394,1.03662,30.59
$BARO,53058.707,69839.71,30.53
$IMU,53058.759,-7.446,-1.098,41.381,-0.65332,-0.25732,0.98339,30.57
$MAG,53058.777,-0.348,-0.406,-0.988,29.5
$BARO,53058.808,69842.51,30.54
$VBAT,53058.831,3.934
$IMU,53058.834,1.831,-12.145,53.466,-0.58837,-0.13330,0.90429,30.60
$MAG,53058.878,-0.366,-0.397,-0.991,29.2
$IMU,53058.909,3.540,-15.686,65.856,-0.54492,-0.07275,0.85937,30.59
$BARO,53058.910,69834.61,30.54
$MAG,53058.978,-0.372,-0.397,-0.987,29.2
$IMU,53058.984,2.563,-15.930,67.871,-0.42968,-0.09912,0.89746,30.62
$BARO,53059.011,69831.40,30.54
$IMU,53059.060,14.953,-8.239,75.561,-0.36767,-0.04736,0.77148,30.60
$MAG,53059.079,-0.367,-0.403,-0.990,29.2
$BARO,53059.113,69828.98,30.54
$IMU,53059.135,28.259,-7.629,72.875,-0.26074,0.19433,0.49853,30.58
$TIME,53059.169,457729.000,2364
$MAG,53059.180,-0.381,-0.418,-0.985,29.3
$IMU,53059.210,23.315,-12.207,53.344,-0.09277,0.32666,0.29003,30.57
$BARO,53059.214,69829.59,30.54
$MAG,53059.281,-0.391,-0.406,-0.985,29.5
$IMU,53059.285,9.277,-4.943,28.747,-0.15966,0.41552,0.44824,30.64
$HUM,53059.287,29.0,31.0
$BARO,53059.315,69838.47,30.54
$IMU,53059.360,-16.113,3.601,12.268,-0.22070,0.24560,0.56738,30.63
$MAG,53059.381,-0.381,-0.390,-0.994,29.3
$BARO,53059.417,69831.79,30.55
$IMU,53059.435,-35.156,3.540,12.329,-0.29980,0.23046,0.78906,30.57
$MAG,53059.482,-0.373,-0.333,-0.994,29.2
$IMU,53059.510,-55.603,4.699,-0.976,-0.28662,0.03906,0.94531,30.63
$BARO,53059.518,69831.79,30.55
$MAG,53059.583,-0.376,-0.297,-0.979,29.3
$IMU,53059.585,-47.912,8.972,-5.004,-0.40869,-0.06591,1.00195,30.62
$BARO,53059.620,69832.18,30.55
$IMU,53059.660,-32.958,5.676,-14.648,-0.46679,-0.03076,1.04833,30.61
$MAG,53059.683,-0.378,-0.274,-0.972,29.2
$BARO,53059.721,69837.03,30.55
$IMU,53059.735,-30.456,-2.502,-9.033,-0.47656,-0.08349,1.12988,30.61
$MAG,53059.784,-0.381,-0.247,-0.964,29.2
$IMU,53059.810,-26.855,-9.582,-4.699,-0.42675,-0.11962,1.19433,30.58
$BARO,53059.823,69837.25,30.55
$VBAT,53059.842,3.935
$MAG,53059.885,-0.405,-0.238,-0.954,29.2
$IMU,53059.885,-25.512,-7.934,-6.347,-0.40722,-0.15185,1.23681,30.62
$BARO,53059.924,69843.49,30.56
$IMU,53059.960,-25.146,-1.464,-9.216,-0.45214,-0.24023,1.32470,30.61
$MAG,53059.986,-0.400,-0.223,-0.940,29.3
$BARO,53060.025,69842.27,30.56
$IMU,53060.035,-18.920,-1.586,-10.864,-0.48730,-0.40576,1.35791,30.58
$MAG,53060.086,-0.414,-0.232,-0.951,29.5
$IMU,53060.111,11.352,-7.934,-7.995,-0.53369,-0.40185,1.21630,30.60
$BARO,53060.127,69833.98,30.56
$TIME,53060.169,457730.000,2364
$IMU,53060.186,36.560,-24.353,1.586,-0.42871,-0.29150,1.09667,30.57
$MAG,53060.187,-0.423,-0.258,-0.951,29.5
$BARO,53060.228,69831.79,30.55
$IMU,53060.261,46.081,-30.151,6.530,-0.34375,-0.20703,1.05761,30.59
$MAG,53060.288,-0.444,-0.294,-0.958,29.2
$HUM,53060.303,28.9,31.0
$BARO,53060.330,69835.59,30.56
$IMU,53060.336,54.687,-36.376,7.446,-0.27587,-0.18164,1.04931,30.63
$MAG,53060.389,-0.478,-0.354,-0.960,29.2
$IMU,53060.411,70.373,-47.607,-6.896,-0.18945,-0.02099,1.00537,30.59
$BARO,53060.431,69834.78,30.56
$IMU,53060.486,70.251,-55.725,-27.343,-0.10156,0.10791,0.98339,30.64
$MAG,53060.489,-0.519,-0.414,-0.927,29.2
$BARO,53060.532,69835.37,30.56
$IMU,53060.561,68.054,-61.340,-49.194,-0.01757,0.18701,0.87548,30.58
$MAG,53060.590,-0.556,-0.496,-0.877,29.5
$BARO,53060.634,69829.91,30.56
$IMU,53060.636,72.082,-63.659,-64.880,0.03320,0.26318,0.69775,30.62
$MAG,53060.691,-0.571,-0.570,-0.823,29.5
$IMU,53060.711,77.575,-58.654,-68.481,0.02880,0.54296,0.54541,30.60
$BARO,53060.735,69839.22,30.56
$IMU,53060.786,62.316,-48.522,-60.241,0.03417,0.62500,0.46972,30.63
$MAG,53060.792,-0.558,-0.621,-0.780,29.2
$BARO,53060.837,69831.32,30.56
$VBAT,53060.848,3.947
$IMU,53060.861,39.001,-29.785,-31.616,0.19482,0.72314,0.56103,30.59
$MAG,53060.892,-0.567,-0.640,-0.754,29.5
$IMU,53060.936,15.258,-2.380,6.652,0.36718,0.61962,0.64306,30.65
$BARO,53060.938,69831.30,30.57
$MAG,53060.993,-0.556,-0.646,-0.760,29.3
$IMU,53061.011,16.479,27.954,-0.854,0.16503,0.70849,0.66894,30.62
$BARO,53061.040,69843.68,30.56
$IMU,53061.087,13.671,22.766,-24.902,0.08740,0.78662,0.62109,30.64
$MAG,53061.094,-0.534,-0.669,-0.766,29.2
$BARO,53061.141,69831.71,30.57
$IMU,53061.162,6.103,21.484,-21.850,-0.00390,0.77392,0.56835,30.64
$TIME,53061.169,457731.000,2364
$MAG,53061.194,-0.517,-0.666,-0.778,29.5
$IMU,53061.237,-7.507,21.972,-9.460,-0.12304,0.78906,0.54199,30.64
$BARO,53061.242,69833.74,30.57
$MAG,53061.295,-0.520,-0.640,-0.795,29.2
$IMU,53061.312,-34.362,7.995,10.192,-0.05468,0.79980,0.60839,30.64
$HUM,53061.319,28.8,31.0
$BARO,53061.344,69829.08,30.57
$IMU,53061.387,-65.124,2.502,22.644,-0.03369,0.61328,0.71289,30.62
$MAG,53061.396,-0.528,-0.598,-0.834,29.2
$BARO,53061.445,69834.54,30.57
$IMU,53061.462,-69.213,0.427,28.259,0.07470,0.46972,0.95996,30.65
$MAG,53061.497,-0.526,-0.561,-0.859,29.5
$IMU,53061.537,-41.381,9.460,17.944,0.06884,0.38037,1.01171,30.60
$BARO,53061.547,69838.17,30.57
$MAG,53061.597,-0.517,-0.561,-0.858,29.3
$IMU,53061.612,-4.028,12.695,5.737,-0.03222,0.40917,0.88818,30.63
$BARO,53061.648,69835.13,30.58
$IMU,53061.687,10.864,11.413,-1.464,-0.09912,0.56835,0.80273,30.63
$MAG,53061.698,-0.519,-0.571,-0.867,29.2
$BARO,53061.749,69829.67,30.58
$IMU,53061.762,-13.549,10.986,-0.793,-0.11474,0.54248,0.84472,30.65
$MAG,53061.799,-0.504,-0.549,-0.883,29.2
$IMU,53061.837,-33.996,11.291,0.183,-0.11767,0.36718,0.92138,30.62
$BARO,53061.851,69823.62,30.57
$VBAT,53061.860,3.930
$MAG,53061.900,-0.499,-0.526,-0.895,29.3
$IMU,53061.912,-36.376,12.573,1.281,-0.16210,0.36914,0.87695,30.67
$BARO,53061.952,69833.10,30.58
$IMU,53061.987,-45.837,3.356,0.549,-0.16259,0.31738,0.93457,30.65
$MAG,53062.000,-0.504,-0.502,-0.915,29.3
$BARO,53062.054,69833.10,30.58
$IMU,53062.062,-55.053,0.976,-6.835,-0.11816,0.11279,0.96289,30.62
$MAG,53062.101,-0.505,-0.474,-0.931,29.3
$IMU,53062.138,-39.855,1.342,-8.544,-0.19091,0.09667,1.00537,30.65
$BARO,53062.155,69827.84,30.58
$TIME,53062.169,457733.000,2364
$MAG,53062.202,-0.504,-0.450,-0.927,29.2
$IMU,53062.213,-28.564,-8.239,-18.371,-0.12646,0.07568,1.01464,30.66
$BARO,53062.257,69827.64,30.58
$IMU,53062.288,-24.169,-4.211,-19.775,-0.17529,-0.02294,1.02636,30.61
$MAG,53062.302,-0.504,-0.457,-0.925,29.3
$HUM,53062.335,28.9,31.0
$BARO,53062.358,69838.76,30.58
$IMU,53062.363,-11.596,-10.314,-15.441,-0.11474,0.07958,0.98974,30.64
$MAG,53062.403,-0.516,-0.442,-0.928,29.3
$IMU,53062.438,-20.446,-4.638,-3.845,-0.07470,0.05175,1.00585,30.68
$BARO,53062.459,69830.28,30.58
$MAG,53062.504,-0.502,-0.438,-0.942,29.3
$IMU,53062.513,-26.184,12.878,-1.281,-0.18017,-0.03857,0.98925,30.68
$BARO,53062.561,69834.30,30.58
$IMU,53062.588,-21.057,10.620,-2.563,-0.19970,-0.04492,1.06152,30.62
$MAG,53062.605,-0.499,-0.423,-0.948,29.2
$BARO,53062.662,69828.23,30.58
$IMU,53062.663,-10.925,-3.234,-10.986,-0.13623,-0.07031,1.07519,30.64
$MAG,53062.705,-0.516,-0.430,-0.949,29.3
$IMU,53062.738,0.244,-12.573,-26.428,-0.19335,-0.02099,0.97802,30.62
$BARO,53062.764,69840.34,30.59
$MAG,53062.806,-0.516,-0.432,-0.931,29.2
$IMU,53062.813,-0.427,-23.254,-29.785,-0.04248,0.00097,0.94042,30.66
$BARO,53062.865,69837.76,30.58
$VBAT,53062.866,3.930
$IMU,53062.888,-10.375,-3.601,-11.352,-0.05957,-0.00585,1.01123,30.66
$MAG,53062.907,-0.517,-0.436,-0.930,29.3
$IMU,53062.963,-12.817,1.159,-16.540,-0.12646,-0.06103,1.13671,30.63
$BARO,53062.966,69830.45,30.59
$MAG,53063.008,-0.526,-0.439,-0.928,29.3
$IMU,53063.038,-9.643,-18.188,-32.775,0.08300,-0.29492,1.03955,30.58
$BARO,53063.068,69836.49,30.59
$MAG,53063.108,-0.528,-0.457,-0.931,29.3
$IMU,53063.114,2.868,-9.094,-29.052,0.17529,-0.25537,1.00634,30.64
$BARO,53063.169,69835.49,30.59
$TIME,53063.169,457733.000,2364
$IMU,53063.189,8.483,4.394,-24.597,0.09277,-0.23535,0.99609,30.62
$MAG,53063.209,-0.529,-0.478,-0.931,29.2
$IMU,53063.264,16.845,1.098,-26.550,0.22412,-0.02343,0.97314,30.67
$BARO,53063.271,69839.15,30.59
$MAG,53063.310,-0.514,-0.490,-0.925,29.5
$IMU,53063.339,0.427,18.005,-13.793,-0.06054,-0.17333,0.99414,30.62
$HUM,53063.351,28.8,31.0
$BARO,53063.372,69839.32,30.60
$MAG,53063.410,-0.507,-0.493,-0.930,29.2
$IMU,53063.414,8.361,-1.586,-22.949,0.11718,-0.02392,0.96289,30.63
$BARO,53063.473,69834.88,30.59
$IMU,53063.489,5.615,-9.216,-28.930,0.18115,-0.03173,0.97070,30.67
$MAG,53063.511,-0.504,-0.520,-0.928,29.2
$IMU,53063.564,7.751,7.507,-25.268,0.16699,0.05859,0.96875,30.64
$BARO,53063.575,69838.32,30.60
$MAG,53063.612,-0.493,-0.528,-0.928,29.3
$IMU,53063.639,1.220,14.404,-25.451,0.02587,-0.02294,1.02099,30.64
$BARO,53063.676,69836.08,30.60
$MAG,53063.713,-0.475,-0.552,-0.924,29.3
$IMU,53063.714,10.559,3.601,-35.827,0.08300,-0.01562,1.12011,30.67
$BARO,53063.778,69836.88,30.60
$IMU,53063.789,28.137,7.141,-31.982,0.03906,-0.01220,1.02880,30.67
$MAG,53063.813,-0.471,-0.589,-0.910,29.3
$IMU,53063.864,36.499,5.249,-30.517,-0.02636,0.22167,0.96484,30.64
$VBAT,53063.878,3.926
$BARO,53063.879,69840.12,30.60
$MAG,53063.914,-0.454,-0.609,-0.921,29.3
$IMU,53063.939,9.704,-0.061,-30.578,-0.05078,0.13330,0.98388,30.65
$BARO,53063.980,69830.81,30.60
$IMU,53064.014,-7.324,0.000,-32.226,-0.05712,0.01025,0.91064,30.64
$MAG,53064.015,-0.423,-0.609,-0.916,29.2
$BARO,53064.082,69834.44,30.60
$IMU,53064.089,-6.774,0.549,-27.221,-0.11865,0.05615,0.96923,30.62
$MAG,53064.116,-0.421,-0.606,-0.918,29.3
$IMU,53064.165,-18.005,-3.845,-32.714,-0.05859,-0.06884,0.99121,30.65
$TIME,53064.169,457734.000,2364
$BARO,53064.183,69837.88,30.60
$MAG,53064.216,-0.412,-0.612,-0.928,29.2
$IMU,53064.240,-14.648,2.441,-28.015,-0.06591,-0.03857,0.99218,30.66
$BARO,53064.285,69832.62,30.61
$IMU,53064.315,-11.047,7.751,-26.123,-0.12744,-0.05664,1.01464,30.66
$MAG,53064.317,-0.393,-0.616,-0.933,29.5
$HUM,53064.367,28.7,31.1
$BARO,53064.386,69839.90,30.60
$IMU,53064.390,-6.896,2.502,-30.883,-0.17578,-0.12060,1.05419,30.66
$MAG,53064.418,-0.385,-0.615,-0.925,29.3
$IMU,53064.465,5.920,-3.540,-36.132,-0.19042,-0.07958,1.05126,30.67
$BARO,53064.487,69830.37,30.61
$MAG,53064.519,-0.382,-0.634,-0.918,29.3
$IMU,53064.540,14.709,-7.202,-33.386,-0.14697,-0.03369,1.06005,30.67
$BARO,53064.589,69832.81,30.61
$IMU,53064.615,18.310,-4.821,-28.503,0.02197,-0.01660,1.16455,30.65
$MAG,53064.619,-0.361,-0.646,-0.900,29.3
$BARO,53064.690,69834.83,30.61
$IMU,53064.690,26.367,0.854,-11.901,0.10498,-0.08349,1.04833,30.66
$MAG,53064.720,-0.361,-0.672,-0.889,29.5
$IMU,53064.765,38.879,0.976,-14.221,0.09179,0.15869,0.97509,30.69
$BARO,53064.792,69835.44,30.61
$MAG,53064.821,-0.354,-0.697,-0.873,29.3
$IMU,53064.840,33.813,-0.610,-16.113,0.09521,0.13671,0.99511,30.66
$VBAT,53064.883,3.935
$BARO,53064.893,69828.96,30.61
$IMU,53064.915,42.236,4.211,-18.188,0.07324,0.17919,0.97460,30.68
$MAG,53064.921,-0.352,-0.726,-0.838,29.5
$IMU,53064.990,52.856,7.385,-17.517,-0.00634,0.28369,0.92138,30.64
$BARO,53064.994,69836.86,30.61
$MAG,53065.022,-0.333,-0.756,-0.801,29.5
$IMU,53065.065,52.124,6.835,-18.493,-0.01953,0.38330,0.92236,30.65
$BARO,53065.096,69835.22,30.61
$MAG,53065.123,-0.313,-0.772,-0.766,29.1
$IMU,53065.141,55.664,9.338,-12.268,-0.00048,0.44287,0.84570,30.65
$TIME,53065.169,457735.000,2364
$BARO,53065.197,69835.22,30.62
$IMU,53065.216,62.561,13.793,-9.826,-0.04785,0.66943,0.75537,30.67
$MAG,53065.224,-0.315,-0.798,-0.718,29.3
$IMU,53065.291,56.335,12.695,-9.582,-0.03662,0.73046,0.71728,30.71
$BARO,53065.299,69830.76,30.61
$MAG,53065.324,-0.295,-0.813,-0.669,29.2
$IMU,53065.366,55.053,13.732,-13.000,-0.13183,0.84619,0.69970,30.66
$HUM,53065.383,28.7,31.1
$BARO,53065.400,69826.50,30.62
$MAG,53065.425,-0.285,-0.808,-0.621,29.5
$IMU,53065.441,46.386,12.695,-16.174,-0.31298,0.71240,0.66699,30.73
$BARO,53065.502,69821.23,30.63
$IMU,53065.516,31.250,-1.159,-8.911,-0.37597,0.75292,0.70703,30.67
$MAG,53065.526,-0.282,-0.822,-0.598,29.5
$IMU,53065.591,16.662,-19.348,-12.512,-0.37646,0.67919,0.66015,30.67
$BARO,53065.603,69834.18,30.63
$MAG,53065.627,-0.273,-0.814,-0.583,29.5
$IMU,53065.666,16.296,-32.409,-4.516,-0.21142,0.66455,0.53417,30.68
$BARO,53065.704,69836.81,30.62
$MAG,53065.727,-0.277,-0.816,-0.573,29.3
$IMU,53065.741,15.686,-26.306,0.061,-0.20849,0.76562,0.57910,30.67
$BARO,53065.806,69841.85,30.63
$IMU,53065.816,8.483,-20.812,3.662,-0.22265,0.76611,0.59082,30.71
$MAG,53065.828,-0.280,-0.819,-0.559,29.3
$IMU,53065.891,5.371,-15.502,5.187,-0.13916,0.82812,0.65185,30.71
$VBAT,53065.897,3.924
$BARO,53065.907,69834.76,30.63
$MAG,53065.929,-0.291,-0.810,-0.565,29.5
$IMU,53065.966,-10.009,3.662,14.587,-0.15429,0.80126,0.67382,30.69
$BARO,53066.009,69827.52,30.62
$MAG,53066.030,-0.319,-0.810,-0.558,29.5
$IMU,53066.041,-6.225,10.620,30.273,-0.02099,0.94677,0.68164,30.66
$BARO,53066.110,69833.98,30.63
$IMU,53066.116,-15.686,11.535,32.043,0.24218,0.86865,0.78417,30.67
$MAG,53066.130,-0.351,-0.817,-0.580,29.5
$TIME,53066.169,457737.000,2364
$IMU,53066.192,-30.517,30.700,35.095,0.08300,0.68017,0.77294,30.71
$BARO,53066.211,69830.13,30.63
$MAG,53066.231,-0.367,-0.810,-0.606,29.3
$IMU,53066.267,-22.521,28.198,19.165,0.05224,0.48681,0.65185,30.71
$BARO,53066.313,69830.32,30.63
$MAG,53066.332,-0.382,-0.820,-0.606,29.3
$IMU,53066.342,-6.164,24.108,6.103,-0.03222,0.66992,0.61181,30.67
$HUM,53066.399,28.7,31.1
$BARO,53066.414,69836.78,30.64
$IMU,53066.417,-12.268,28.015,9.216,0.07421,0.68261,0.68457,30.68
$MAG,53066.433,-0.394,-0.811,-0.630,29.3
$IMU,53066.492,-17.517,56.091,35.339,0.01171,0.68701,0.72851,30.67
$BARO,53066.516,69828.91,30.63
$MAG,53066.533,-0.423,-0.807,-0.652,29.2
$IMU,53066.567,-15.502,70.190,47.912,-0.10693,0.61376,0.75097,30.71
$BARO,53066.617,69834.37,30.63
$MAG,53066.634,-0.439,-0.796,-0.681,29.2
$IMU,53066.642,-8.117,54.687,36.926,-0.17871,0.81298,0.84960,30.68
$IMU,53066.717,-15.686,41.748,25.451,-0.18066,0.73388,0.85205,30.64
$BARO,53066.718,69833.15,30.63
$MAG,53066.735,-0.454,-0.795,-0.708,29.5
$IMU,53066.792,-13.977,41.564,27.221,-0.32470,0.63964,0.71484,30.68
$BARO,53066.820,69836.98,30.64
$MAG,53066.836,-0.462,-0.772,-0.730,29.5
$IMU,53066.867,-13.549,34.057,19.531,-0.36328,0.63720,0.69384,30.71
$VBAT,53066.902,3.950
$BARO,53066.921,69833.32,30.64
$MAG,53066.936,-0.468,-0.769,-0.739,29.5
$IMU,53066.942,-8.789,15.747,16.052,-0.32226,0.57861,0.65527,30.71
$IMU,53067.017,-2.807,-14.587,-4.882,-0.27148,0.69482,0.65722,30.71
$BARO,53067.023,69832.91,30.64
$MAG,53067.037,-0.459,-0.777,-0.735,29.5
$IMU,53067.092,-13.977,-41.931,-29.479,-0.15771,0.65478,0.71728,30.69
$BARO,53067.124,69822.79,30.64
$MAG,53067.138,-0.448,-0.795,-0.730,29.5
$IMU,53067.168,-15.625,-41.381,-37.170,-0.14697,0.57568,0.75146,30.73
$TIME,53067.169,457737.000,2364
$BARO,53067.226,69835.74,30.64
$MAG,53067.238,-0.433,-0.796,-0.721,29.5
$IMU,53067.243,-8.300,-31.005,-29.663,-0.20019,0.66015,0.80078,30.70
$IMU,53067.318,-7.202,-27.832,-24.169,-0.23144,0.62451,0.83984,30.66
$BARO,53067.327,69834.32,30.64
$MAG,53067.339,-0.414,-0.808,-0.729,29.5
$IMU,53067.393,0.976,-36.071,-30.639,-0.18164,0.72753,0.87646,30.72
$HUM,53067.415,28.5,31.1
$BARO,53067.428,69836.34,30.65
$MAG,53067.440,-0.396,-0.820,-0.723,29.5
$IMU,53067.468,-11.901,-46.875,-41.992,0.01757,0.54785,0.94628,30.68
$BARO,53067.530,69831.52,30.64
$MAG,53067.541,-0.367,-0.825,-0.732,29.5
$IMU,53067.543,-25.085,-44.921,-43.029,0.07568,0.45605,0.93457,30.71
$IMU,53067.618,-26.672,-45.532,-53.283,0.07714,0.37353,0.86962,30.71
$BARO,53067.631,69833.91,30.65
$MAG,53067.641,-0.333,-0.829,-0.754,29.5
$IMU,53067.693,-20.874,-53.588,-67.443,-0.01025,0.28173,0.83251,30.71
$BARO,53067.733,69829.47,30.65
$MAG,53067.742,-0.277,-0.838,-0.756,29.5
$IMU,53067.768,-4.394,-78.918,-83.984,-0.03515,0.32080,0.87792,30.73
$BARO,53067.834,69836.15,30.64
$IMU,53067.843,12.207,-114.562,-103.515,0.40039,0.47656,0.82714,30.66
$MAG,53067.843,-0.217,-0.835,-0.744,29.5
$VBAT,53067.914,3.926
$IMU,53067.918,13.793,-86.547,-93.017,0.47998,0.54199,0.81542,30.68
$BARO,53067.935,69837.12,30.65
$MAG,53067.944,-0.180,-0.826,-0.754,29.3
$IMU,53067.993,7.141,-43.701,-66.772,0.34472,0.54296,0.82812,30.68
$BARO,53068.037,69830.47,30.65
$MAG,53068.044,-0.150,-0.819,-0.762,29.5
$IMU,53068.068,-5.065,-21.972,-47.363,0.29736,0.64062,1.03466,30.73
$BARO,53068.138,69828.06,30.65
$IMU,53068.143,-10.864,-6.164,-33.508,0.11035,0.37695,0.99658,30.76
$MAG,53068.145,-0.121,-0.802,-0.766,29.3
$TIME,53068.169,457738.000,2364
$IMU,53068.219,-4.516,-2.990,-25.329,0.07275,0.41552,0.96337,30.70
$BARO,53068.240,69840.34,30.66
$MAG,53068.246,-0.109,-0.805,-0.769,29.2
$IMU,53068.294,-0.549,5.310,0.732,0.15136,0.35400,0.85644,30.70
$BARO,53068.341,69832.08,30.65
$MAG,53068.347,-0.114,-0.813,-0.759,29.3
$IMU,53068.369,12.695,34.301,20.080,0.18359,0.46630,0.82861,30.75
$HUM,53068.431,28.6,31.1
$BARO,53068.442,69833.69,30.66
$IMU,53068.444,16.418,69.458,45.288,0.07031,0.52392,0.83789,30.72
$MAG,53068.447,-0.147,-0.844,-0.708,29.5
$IMU,53068.519,15.563,83.251,54.138,-0.14257,0.50830,0.81494,30.70
$BARO,53068.544,69835.71,30.65
$MAG,53068.548,-0.163,-0.850,-0.676,29.5
$IMU,53068.594,21.362,68.237,35.949,-0.24853,0.55126,0.78710,30.76
$BARO,53068.645,69831.86,30.66
$MAG,53068.649,-0.178,-0.849,-0.645,29.3
$IMU,53068.669,26.977,44.799,20.202,-0.21191,0.50146,0.85986,30.73
$IMU,53068.744,50.231,35.034,15.502,-0.20068,0.74023,0.77685,30.71
$BARO,53068.747,69834.27,30.66
$MAG,53068.749,-0.193,-0.871,-0.585,29.5
$IMU,53068.819,53.894,27.587,21.118,-0.11279,0.98828,0.69482,30.70
$BARO,53068.848,69838.10,30.66
$MAG,53068.850,-0.226,-0.859,-0.562,29.3
$IMU,53068.894,9.948,21.972,27.954,-0.01464,0.73632,0.65234,30.78
$VBAT,53068.914,3.916
$BARO,53068.949,69831.06,30.66
$MAG,53068.951,-0.246,-0.873,-0.546,29.5
$IMU,53068.969,8.361,21.423,20.141,-0.01562,0.61621,0.73144,30.72
$IMU,53069.044,37.292,18.493,7.141,-0.14013,0.80224,0.59423,30.71
$BARO,53069.051,69825.57,30.66
$MAG,53069.052,-0.243,-0.861,-0.514,29.3
$IMU,53069.119,25.390,1.220,-6.347,-0.18212,0.94580,0.45654,30.67
$BARO,53069.152,69831.23,30.67
$MAG,53069.153,-0.243,-0.865,-0.526,29.3
$TIME,53069.169,457740.000,2364
$IMU,53069.195,-19.470,-17.150,-10.375,-0.04931,0.84912,0.46240,30.72
$MAG,53069.253,-0.232,-0.873,-0.552,29.2
$BARO,53069.254,69826.98,30.67
$IMU,53069.270,-28.686,-8.544,-6.835,0.02929,0.57177,0.61279,30.73
$IMU,53069.345,10.681,0.915,-8.056,-0.05664,0.78515,0.59423,30.70
$MAG,53069.354,-0.216,-0.873,-0.537,29.3
$BARO,53069.355,69822.72,30.67
$IMU,53069.420,5.004,-10.253,-16.235,-0.18115,1.09960,0.59667,30.72
$HUM,53069.447,28.5,31.1
$MAG,53069.455,-0.195,-0.864,-0.571,29.5
$BARO,53069.456,69845.17,30.67
$IMU,53069.495,-45.349,-42.541,-30.700,-0.35253,1.11230,0.52783,30.77
$MAG,53069.556,-0.159,-0.852,-0.690,29.5
$BARO,53069.558,69827.37,30.67
$IMU,53069.570,-94.726,-94.848,-50.659,-0.18115,0.59619,0.61279,30.74
$IMU,53069.645,-103.271,-103.454,-33.996,0.11669,0.18457,0.91064,30.72
$MAG,53069.656,-0.166,-0.826,-0.790,29.5
$BARO,53069.659,69824.52,30.68
$IMU,53069.720,-64.331,-58.654,8.850,0.19433,0.10595,0.99511,30.71
$MAG,53069.757,-0.198,-0.805,-0.826,29.5
$BARO,53069.761,69838.88,30.67
$IMU,53069.795,-35.095,-29.052,24.536,0.21191,0.19628,0.99267,30.76
$MAG,53069.858,-0.220,-0.802,-0.855,29.3
$BARO,53069.862,69829.18,30.67
$IMU,53069.870,-22.583,-19.653,10.620,0.15087,0.24316,0.95458,30.74
$VBAT,53069.927,3.922
$IMU,53069.945,-21.545,-23.681,-7.507,0.15136,0.22363,0.95996,30.74
$MAG,53069.959,-0.225,-0.777,-0.877,29.3
$BARO,53069.964,69836.03,30.68
$IMU,53070.020,-27.587,-24.536,-16.052,0.19531,0.10009,1.03320,30.70
$MAG,53070.059,-0.222,-0.768,-0.888,29.5
$BARO,53070.065,69837.44,30.68
$IMU,53070.095,-14.404,-17.700,-15.747,0.14697,0.11572,1.03173,30.78
$MAG,53070.160,-0.235,-0.766,-0.889,29.5
$BARO,53070.166,69840.90,30.68
$TIME,53070.169,457741.000,2364
$IMU,53070.170,-0.732,-14.038,-12.756,0.18798,0.18945,1.00976,30.76
$IMU,53070.246,1.586,-9.887,-9.216,0.21630,0.27832,1.02587,30.73
$MAG,53070.261,-0.220,-0.774,-0.889,29.5
$BARO,53070.268,69838.47,30.68
$IMU,53070.321,0.366,-5.737,-12.695,0.23339,0.28027,1.02099,30.75
$MAG,53070.362,-0.219,-0.768,-0.883,29.5
$BARO,53070.369,69833.81,30.68
$IMU,53070.396,-1.098,-0.366,4.699,0.47705,0.16748,1.01660,30.71
$MAG,53070.462,-0.217,-0.769,-0.868,29.3
$HUM,53070.463,28.4,31.1
$BARO,53070.471,69835.22,30.68
$IMU,53070.471,10.437,19.104,13.000,0.41943,0.12304,0.92041,30.75
$IMU,53070.546,26.367,23.498,3.295,0.32617,0.38671,0.87109,30.72
$MAG,53070.563,-0.216,-0.781,-0.850,29.2
$BARO,53070.572,69833.42,30.67
$IMU,53070.621,10.864,13.671,2.990,0.29541,0.30664,0.86718,30.76
$MAG,53070.664,-0.195,-0.786,-0.843,29.5
$BARO,53070.674,69829.54,30.69
$IMU,53070.696,7.385,5.920,-13.854,0.26855,0.32763,0.85351,30.77
$MAG,53070.765,-0.178,-0.793,-0.825,29.2
$IMU,53070.771,11.169,8.056,-17.395,0.26220,0.40966,0.88330,30.74
$BARO,53070.775,69832.98,30.68
$IMU,53070.846,7.812,13.366,-8.117,0.17089,0.44140,0.85498,30.75
$MAG,53070.865,-0.162,-0.796,-0.826,29.5
$BARO,53070.876,69834.39,30.69
$IMU,53070.921,1.037,16.784,-1.892,0.25244,0.50537,0.78808,30.80
$VBAT,53070.932,3.939
$MAG,53070.966,-0.154,-0.784,-0.823,29.3
$BARO,53070.978,69832.37,30.69
$IMU,53070.996,-15.380,38.513,7.812,0.16064,0.48046,0.82031,30.75
$MAG,53071.067,-0.135,-0.777,-0.825,29.5
$IMU,53071.071,-24.902,54.443,4.455,0.00683,0.47705,0.90869,30.80
$BARO,53071.079,69829.13,30.69
$IMU,53071.146,-26.000,52.062,8.666,-0.10449,0.47949,1.05175,30.75
$MAG,53071.168,-0.114,-0.768,-0.846,29.5
$BARO,53071.181,69828.52,30.69
$IMU,53071.222,-36.376,41.137,9.094,-0.25683,0.07031,1.04052,30.78
$MAG,53071.268,-0.106,-0.753,-0.855,29.5
$BARO,53071.282,69839.25,30.69
$IMU,53071.297,-28.076,23.193,-0.061,-0.30517,0.01513,1.00927,30.75
$MAG,53071.369,-0.102,-0.739,-0.885,29.5
$IMU,53071.372,-32.104,7.263,3.967,-0.16748,-0.08544,1.05615,30.76
$BARO,53071.383,69845.07,30.69
$IMU,53071.447,-19.958,5.065,11.108,-0.20361,-0.11035,0.97509,30.74
$MAG,53071.470,-0.109,-0.739,-0.889,29.3
$HUM,53071.479,28.3,31.1
$BARO,53071.485,69844.49,30.69
$IMU,53071.522,-2.746,-0.549,-1.464,-0.20410,0.05859,0.92333,30.74
$MAG,53071.571,-0.099,-0.730,-0.892,29.5
$BARO,53071.586,69830.74,30.69
$IMU,53071.597,-6.896,-3.723,-8.117,-0.23095,0.02343,0.97460,30.75
$MAG,53071.671,-0.099,-0.720,-0.891,29.5
$IMU,53071.672,-9.521,-4.089,-13.183,-0.24267,-0.05419,1.00732,30.75
$BARO,53071.688,69831.74,30.70
$IMU,53071.747,1.281,-7.263,-16.662,-0.24072,0.01660,0.93896,30.76
$MAG,53071.772,-0.094,-0.721,-0.892,29.5
$BARO,53071.789,69832.96,30.69
$IMU,53071.822,7.202,-15.136,-27.404,-0.22900,0.10253,0.93652,30.76
$MAG,53071.873,-0.075,-0.697,-0.907,29.3
$BARO,53071.890,69831.54,30.70
$IMU,53071.897,-5.737,-18.249,-39.855,-0.19335,0.09033,1.02148,30.76
$VBAT,53071.946,3.934
$IMU,53071.972,-6.042,-16.723,-41.992,-0.15576,0.11083,1.02978,30.76
$MAG,53071.974,-0.066,-0.682,-0.922,29.6
$BARO,53071.992,69823.43,30.70
$IMU,53072.047,-7.019,-23.254,-33.203,0.08740,0.04785,0.95263,30.71
$MAG,53072.074,-0.067,-0.672,-0.934,29.5
$BARO,53072.093,69828.50,30.70
$IMU,53072.122,-2.136,-36.682,-33.142,0.21435,0.13085,0.92871,30.73
$TIME,53072.169,457744.000,2364
$MAG,53072.175,-0.078,-0.639,-0.963,29.5
$BARO,53072.195,69834.54,30.70
$IMU,53072.197,-14.099,-43.090,-46.325,0.31152,0.05517,0.93652,30.75
$IMU,53072.273,-15.502,-38.330,-46.752,0.36718,0.02343,0.92529,30.79
$MAG,53072.276,-0.090,-0.612,-0.975,29.3
$BARO,53072.296,69832.74,30.70
$IMU,53072.348,-15.625,-30.883,-45.227,0.40185,0.01416,0.87939,30.77
$MAG,53072.376,-0.087,-0.583,-0.994,29.5
$BARO,53072.397,69824.84,30.70
$IMU,53072.423,-19.531,-19.165,-40.527,0.37402,-0.05664,0.87353,30.79
$MAG,53072.477,-0.084,-0.556,-1.014,29.5
$HUM,53072.495,28.3,31.1
$IMU,53072.498,-22.827,-8.178,-30.517,0.23730,-0.14111,0.80615,30.76
$BARO,53072.499,69826.64,30.71
$IMU,53072.573,-12.634,-1.098,-15.930,0.13281,-0.07519,0.77734,30.77
$MAG,53072.578,-0.072,-0.546,-1.029,29.5
$BARO,53072.600,69840.17,30.71
$IMU,53072.648,-9.704,20.935,11.169,0.16406,-0.21582,0.83203,30.76
$MAG,53072.679,-0.051,-0.546,-1.006,29.5
$BARO,53072.702,69839.56,30.71
$IMU,53072.723,-8.666,51.391,40.283,-0.17822,-0.23095,0.85400,30.76
$MAG,53072.779,-0.031,-0.561,-0.999,29.2
$IMU,53072.798,-1.586,27.587,33.386,-0.18457,-0.19775,0.89648,30.77
$BARO,53072.803,69837.76,30.71
$IMU,53072.873,1.708,7.812,17.639,-0.07617,-0.29248,0.86474,30.80
$MAG,53072.880,-0.037,-0.573,-0.982,29.5
$BARO,53072.905,69837.56,30.71
$IMU,53072.948,6.652,3.601,29.418,-0.07275,-0.14697,0.90576,30.78
$VBAT,53072.950,3.926
$MAG,53072.981,-0.051,-0.597,-0.993,29.5
$BARO,53073.006,69836.76,30.71
$IMU,53073.023,4.333,-6.896,40.527,0.15185,-0.08691,0.99853,30.76
$MAG,53073.082,-0.081,-0.601,-0.997,29.5
$IMU,53073.098,-7.690,-12.023,49.621,0.11328,-0.16845,1.09082,30.79
$BARO,53073.107,69840.59,30.71
$IMU,53073.173,-10.742,-54.077,12.084,0.08251,-0.11279,1.09375,30.76
$MAG,53073.182,-0.148,-0.583,-1.033,29.5
$BARO,53073.209,69836.54,30.71
$IMU,53073.249,-12.084,-119.934,-29.174,0.67529,-0.17822,1.00537,30.80
$MAG,53073.283,-0.232,-0.564,-1.057,29.3
$BARO,53073.310,69837.73,30.72
$IMU,53073.324,-12.634,-88.195,-14.160,0.79980,-0.13769,1.03808,30.78
$MAG,53073.384,-0.261,-0.553,-1.063,29.5
$IMU,53073.399,-14.099,-26.367,16.906,0.52392,-0.33203,1.11035,30.75
$BARO,53073.412,69842.00,30.72
$IMU,53073.474,-0.671,0.671,46.875,0.51953,-0.23535,1.02148,30.75
$MAG,53073.485,-0.265,-0.552,-1.068,29.5
$HUM,53073.511,28.3,31.2
$BARO,53073.513,69840.95,30.72
$IMU,53073.549,-7.934,17.395,49.865,0.33251,-0.29736,1.10791,30.78
$MAG,53073.585,-0.264,-0.543,-1.075,29.5
$BARO,53073.614,69830.03,30.72
$IMU,53073.624,-12.817,18.859,46.447,0.41259,-0.32714,1.04785,30.82
$MAG,53073.686,-0.253,-0.543,-1.072,29.3
$IMU,53073.699,-8.972,16.967,17.944,0.15429,-0.35107,1.02246,30.76
$BARO,53073.716,69833.08,30.72
$IMU,53073.774,-3.173,-10.375,0.793,0.31689,-0.41503,1.00634,30.75
$MAG,53073.787,-0.274,-0.537,-1.071,29.5
$BARO,53073.817,69837.12,30.72
$IMU,53073.849,10.070,-11.230,8.972,0.33886,-0.41210,0.94433,30.79
$MAG,53073.888,-0.282,-0.556,-1.057,29.5
$BARO,53073.919,69845.41,30.72
$IMU,53073.924,29.174,-7.507,9.094,0.46875,-0.32812,0.92871,30.80
$VBAT,53073.964,3.930
$MAG,53073.988,-0.273,-0.594,-1.042,29.5
$IMU,53073.999,40.100,6.896,3.784,0.39257,-0.24121,0.95703,30.79
$BARO,53074.020,69844.22,30.72
$IMU,53074.074,43.884,5.065,-2.868,0.32958,-0.14404,1.05957,30.81
$MAG,53074.089,-0.277,-0.628,-1.020,29.6
$BARO,53074.121,69849.43,30.73
$IMU,53074.149,36.010,-10.864,-10.681,0.35888,-0.10839,1.34912,30.76
$TIME,53074.169,457745.000,2364
$MAG,53074.190,-0.280,-0.654,-1.002,29.5
$BARO,53074.223,69839.73,30.73
$IMU,53074.224,30.883,-13.244,-3.356,0.40087,-0.14111,1.34033,30.76
$MAG,53074.291,-0.292,-0.690,-0.970,29.5
$IMU,53074.300,42.846,-7.629,10.375,0.45556,-0.12304,1.18164,30.79
$BARO,53074.324,69838.32,30.73
$IMU,53074.375,56.274,1.403,5.737,0.46679,0.02880,1.01660,30.78
$MAG,53074.391,-0.297,-0.724,-0.927,29.3
$BARO,53074.426,69845.39,30.73
$IMU,53074.450,51.757,12.573,4.272,0.39306,0.12939,0.93896,30.78
$MAG,53074.492,-0.282,-0.759,-0.898,29.5
$IMU,53074.525,44.250,14.404,-3.967,0.42871,0.13232,0.89746,30.80
$BARO,53074.527,69842.56,30.73
$HUM,53074.527,28.3,31.2
$MAG,53074.593,-0.265,-0.780,-0.858,29.5
$IMU,53074.600,42.724,19.165,-13.793,0.36376,0.22558,0.89697,30.82
$BARO,53074.628,69834.69,30.73
$IMU,53074.675,40.405,20.324,-20.202,0.29296,0.26757,0.91259,30.78
$MAG,53074.694,-0.234,-0.813,-0.823,29.3
$BARO,53074.730,69841.76,30.73
$IMU,53074.750,43.823,19.714,-18.371,0.15039,0.31640,0.88330,30.84
$MAG,53074.794,-0.217,-0.822,-0.784,29.5
$IMU,53074.825,46.752,9.338,-22.033,0.13623,0.26953,0.88427,30.82
$BARO,53074.831,69832.25,30.73
$MAG,53074.895,-0.189,-0.838,-0.724,29.5
$IMU,53074.900,58.044,2.685,-33.752,0.05517,0.40917,0.85546,30.78
$BARO,53074.932,69833.86,30.73
$VBAT,53074.969,3.934
$IMU,53074.975,54.870,-6.835,-36.132,0.13427,0.51123,0.68750,30.79
$MAG,53074.996,-0.159,-0.844,-0.688,29.5
$BARO,53075.034,69831.62,30.73
$IMU,53075.050,46.264,-8.300,-31.921,0.14941,0.55664,0.52246,30.77
$MAG,53075.097,-0.127,-0.837,-0.649,29.3
$IMU,53075.125,40.893,-7.812,-31.433,0.13720,0.67138,0.43554,30.80
$BARO,53075.135,69828.18,30.73
$TIME,53075.169,457746.000,2364
$MAG,53075.198,-0.112,-0.835,-0.625,29.5
$IMU,53075.200,27.893,-3.112,-26.245,0.17724,0.77001,0.46386,30.76
$BARO,53075.237,69822.72,30.73
$IMU,53075.276,12.451,8.728,-17.944,0.14062,0.70556,0.43408,30.79
$MAG,53075.298,-0.093,-0.832,-0.603,29.3
$BARO,53075.338,69825.77,30.73
$IMU,53075.351,12.329,28.808,-9.887,0.16894,0.81542,0.44482,30.82
$MAG,53075.399,-0.112,-0.841,-0.588,29.3
$IMU,53075.426,4.760,55.603,14.709,0.04296,0.84423,0.47558,30.81
$BARO,53075.439,69828.79,30.74
$MAG,53075.500,-0.129,-0.844,-0.564,29.6
$IMU,53075.501,2.014,63.049,17.822,-0.01513,0.83251,0.47460,30.77
$BARO,53075.541,69837.88,30.74
$HUM,53075.543,28.4,31.1
$IMU,53075.576,4.455,57.495,11.657,-0.04736,0.81933,0.51416,30.78
$MAG,53075.601,-0.150,-0.847,-0.535,29.5
$BARO,53075.642,69832.23,30.74
$IMU,53075.651,13.000,56.884,13.244,-0.12109,0.91699,0.51562,30.79
$MAG,53075.701,-0.168,-0.858,-0.505,29.5
$IMU,53075.726,18.249,54.504,19.409,-0.18896,1.10986,0.56591,30.73
$BARO,53075.744,69829.37,30.74
$IMU,53075.801,0.915,45.104,17.333,-0.22851,0.75292,0.56396,30.78
$MAG,53075.802,-0.196,-0.852,-0.510,29.5
$BARO,53075.845,69829.15,30.75
$IMU,53075.876,5.615,35.888,12.939,-0.26269,0.73388,0.47509,30.83
$MAG,53075.903,-0.207,-0.849,-0.493,29.5
$BARO,53075.946,69827.55,30.74
$IMU,53075.951,4.821,19.348,0.610,-0.39648,0.87207,0.47265,30.79
$VBAT,53075.984,3.929
$MAG,53076.004,-0.199,-0.850,-0.508,29.5
$IMU,53076.026,-17.211,-8.178,-16.113,-0.33984,0.69238,0.50146,30.78
$BARO,53076.048,69829.57,30.75
$IMU,53076.101,-6.591,-16.235,-17.700,-0.32421,0.78173,0.52001,30.84
$MAG,53076.104,-0.174,-0.861,-0.519,29.5
$BARO,53076.149,69835.03,30.75
$TIME,53076.169,457746.000,2364
$IMU,53076.176,-2.258,-13.671,-10.559,-0.39941,0.83593,0.54248,30.82
$MAG,53076.205,-0.169,-0.843,-0.531,29.5
$BARO,53076.251,69834.42,30.75
$IMU,53076.251,-9.216,-22.216,-4.882,-0.34619,0.72216,0.57275,30.83
$MAG,53076.306,-0.168,-0.852,-0.541,29.6
$IMU,53076.327,-3.173,-25.878,2.990,-0.25781,0.77929,0.62255,30.81
$BARO,53076.352,69828.96,30.75
$IMU,53076.402,-0.122,-21.545,6.042,-0.25537,0.77294,0.61669,30.82
$MAG,53076.407,-0.180,-0.846,-0.540,29.5
$BARO,53076.454,69830.79,30.75
$IMU,53076.477,4.577,-24.536,4.394,-0.21630,0.83496,0.60839,30.83
$MAG,53076.507,-0.172,-0.861,-0.546,29.5
$IMU,53076.552,3.417,-25.207,-2.258,-0.12695,0.90039,0.65185,30.78
$BARO,53076.555,69823.67,30.75
$HUM,53076.559,28.3,31.2
$MAG,53076.608,-0.177,-0.850,-0.540,29.6
$IMU,53076.627,2.563,-11.901,8.789,0.03369,0.73632,0.63281,30.77
$BARO,53076.656,69830.98,30.75
$IMU,53076.702,0.610,2.929,16.540,0.01123,0.79150,0.63867,30.85
$MAG,53076.709,-0.189,-0.853,-0.546,29.5
$BARO,53076.758,69829.74,30.75
$IMU,53076.777,-8.666,-1.525,5.554,0.08398,0.74218,0.64697,30.82
$MAG,53076.810,-0.189,-0.847,-0.562,29.5
$IMU,53076.852,-6.652,-4.577,-3.601,0.04638,0.77490,0.67529,30.80
$BARO,53076.859,69823.89,30.75
$MAG,53076.910,-0.168,-0.850,-0.552,29.5
$IMU,53076.927,-0.122,-7.263,-15.319,0.09716,0.74804,0.66210,30.79
$BARO,53076.961,69838.22,30.76
$VBAT,53076.988,3.934
$IMU,53077.002,6.042,6.042,-10.864,0.00000,0.79394,0.62890,30.81
$MAG,53077.011,-0.169,-0.849,-0.546,29.5
$BARO,53077.062,69820.62,30.76
$IMU,53077.077,6.347,8.483,-4.760,-0.02050,0.84228,0.60351,30.85
$MAG,53077.112,-0.174,-0.838,-0.550,29.3
$IMU,53077.152,1.892,3.784,-7.507,-0.02392,0.84765,0.58886,30.83
$BARO,53077.163,69834.39,30.75
$TIME,53077.169,457748.000,2364
$MAG,53077.213,-0.160,-0.840,-0.549,29.5
$IMU,53077.227,-3.479,4.516,-11.108,-0.08154,0.79443,0.58105,30.84
$BARO,53077.265,69832.57,30.76
$IMU,53077.303,-5.371,1.037,-12.451,-0.13330,0.82177,0.60156,30.82
$MAG,53077.313,-0.147,-0.834,-0.555,29.5
$BARO,53077.366,69825.69,30.76
$IMU,53077.378,-7.385,-10.314,-16.784,-0.14355,0.79687,0.61376,30.78
$MAG,53077.414,-0.118,-0.828,-0.561,29.5
$IMU,53077.453,-4.394,-17.028,-14.099,-0.06689,0.85156,0.60693,30.78
$BARO,53077.468,69830.74,30.76
$MAG,53077.515,-0.121,-0.831,-0.583,29.5
$IMU,53077.528,-10.131,-5.920,-7.568,-0.12744,0.89794,0.61279,30.80
$BARO,53077.569,69827.72,30.75
$HUM,53077.575,28.2,31.2
$IMU,53077.603,-23.254,2.197,-1.037,-0.18896,0.80859,0.57958,30.85
$MAG,53077.616,-0.136,-0.826,-0.598,29.3
$BARO,53077.670,69822.04,30.76
$IMU,53077.678,-39.367,0.854,4.699,-0.16162,0.78222,0.61132,30.78
$MAG,53077.716,-0.138,-0.826,-0.648,29.5
$IMU,53077.753,-52.734,1.770,10.009,-0.10693,0.65478,0.68310,30.85
$BARO,53077.772,69836.17,30.77
$MAG,53077.817,-0.150,-0.819,-0.685,29.5
$IMU,53077.828,-54.199,9.277,10.803,-0.08984,0.55615,0.81494,30.76
$BARO,53077.873,69839.22,30.76
$IMU,53077.903,-46.752,18.981,10.009,-0.18115,0.41015,0.84765,30.86
$MAG,53077.918,-0.154,-0.811,-0.712,29.5
$BARO,53077.975,69832.32,30.76
$IMU,53077.978,-30.639,21.789,6.652,-0.30029,0.48535,0.85986,30.85
$VBAT,53078.003,3.943
$MAG,53078.019,-0.144,-0.811,-0.727,29.5
$IMU,53078.053,-32.775,19.104,3.479,-0.37988,0.41259,0.92675,30.82
$BARO,53078.076,69832.74,30.76
$MAG,53078.119,-0.150,-0.801,-0.756,29.5
$IMU,53078.128,-26.184,13.916,3.906,-0.38085,0.34082,0.89306,30.80
$TIME,53078.169,457748.000,2364
$BARO,53078.178,69832.74,30.77
$IMU,53078.203,-13.977,8.605,10.375,-0.32958,0.38427,0.87353,30.79
$MAG,53078.220,-0.160,-0.793,-0.754,29.5
$BARO,53078.279,69829.71,30.76
$IMU,53078.279,-12.634,16.845,19.104,-0.31738,0.37744,0.89111,30.82
$MAG,53078.321,-0.174,-0.805,-0.762,29.3
$IMU,53078.354,-11.230,32.409,33.020,-0.45947,0.33544,0.90966,30.83
$BARO,53078.380,69829.50,30.77
$MAG,53078.422,-0.193,-0.805,-0.748,29.5
$IMU,53078.429,-1.220,29.724,36.193,-0.43994,0.30957,0.90771,30.80
$BARO,53078.482,69825.45,30.77
$IMU,53078.504,13.244,27.099,37.292,-0.36035,0.34765,0.89013,30.82
$MAG,53078.523,-0.219,-0.817,-0.730,29.5
$IMU,53078.579,27.893,40.405,48.706,-0.38867,0.57373,0.85791,30.83
$BARO,53078.583,69832.71,30.77
$HUM,53078.591,28.2,31.2
$MAG,53078.623,-0.261,-0.826,-0.699,29.5
$IMU,53078.654,23.620,41.076,65.307,-0.32666,0.52539,0.71240,30.83
$BARO,53078.685,69828.28,30.77
$MAG,53078.724,-0.312,-0.820,-0.690,29.6
$IMU,53078.729,17.761,20.935,57.861,-0.28076,0.69580,0.74267,30.87
$BARO,53078.786,69826.45,30.77
$IMU,53078.804,-4.760,-2.807,22.827,-0.19628,0.60791,0.76708,30.77
$MAG,53078.825,-0.312,-0.823,-0.688,29.5
$IMU,53078.879,-4.943,-16.906,-0.427,-0.14550,0.54101,0.79785,30.82
$BARO,53078.887,69829.47,30.77
$MAG,53078.925,-0.307,-0.825,-0.687,29.5
$IMU,53078.954,4.943,-24.963,-12.695,-0.24853,0.61425,0.81640,30.80
$BARO,53078.989,69826.23,30.78
$VBAT,53079.007,3.919
$MAG,53079.026,-0.279,-0.810,-0.672,29.5
$IMU,53079.029,10.131,-61.767,-29.479,-0.25976,0.69580,0.74755,30.83
$BARO,53079.090,69825.81,30.78
$IMU,53079.104,10.742,-103.698,-50.231,0.04296,0.68212,0.68066,30.80
$MAG,53079.127,-0.250,-0.814,-0.669,29.5
$TIME,53079.169,457750.000,2364
$IMU,53079.179,6.835,-94.604,-47.363,0.13525,0.71142,0.71337,30.85
$BARO,53079.192,69827.84,30.78
$MAG,53079.228,-0.238,-0.819,-0.675,29.3
$IMU,53079.254,-2.990,-73.974,-37.963,0.12548,0.66406,0.75634,30.80
$BARO,53079.293,69832.69,30.78
$MAG,53079.328,-0.217,-0.823,-0.690,29.5
$IMU,53079.330,-3.173,-62.866,-41.076,0.17333,0.63427,0.79052,30.87
$BARO,53079.394,69831.08,30.78
$IMU,53079.405,4.760,-48.767,-45.349,0.21777,0.61328,0.78271,30.82
$MAG,53079.429,-0.186,-0.802,-0.685,29.5
$IMU,53079.480,16.418,-28.747,-34.118,0.21093,0.66748,0.72509,30.86
$BARO,53079.496,69833.91,30.78
$MAG,53079.530,-0.177,-0.811,-0.666,29.5
$IMU,53079.555,21.057,-12.145,-18.676,0.16552,0.79931,0.70703,30.82
$BARO,53079.597,69833.30,30.78
$HUM,53079.606,28.2,31.2
$IMU,53079.630,18.066,-1.892,-7.751,0.12353,0.75683,0.72314,30.84
$MAG,53079.631,-0.174,-0.802,-0.649,29.5
$BARO,53079.699,69834.52,30.78
$IMU,53079.705,7.690,7.019,-10.681,-0.02734,0.79736,0.77783,30.86
$MAG,53079.731,-0.162,-0.805,-0.657,29.5
$IMU,53079.780,-9.643,13.366,-1.281,0.12011,0.71826,0.72753,30.80
$BARO,53079.800,69824.57,30.79
$MAG,53079.832,-0.181,-0.807,-0.666,29.5
$IMU,53079.855,-27.038,42.541,31.799,-0.05859,0.74121,0.58544,30.83
$BARO,53079.901,69832.69,30.78
$IMU,53079.930,-51.818,54.565,41.381,-0.13671,0.68505,0.69628,30.87
$MAG,53079.933,-0.214,-0.805,-0.700,29.6
$BARO,53080.003,69833.66,30.79
$IMU,53080.005,-64.697,49.011,35.949,-0.16748,0.42236,0.86474,30.88
$VBAT,53080.022,3.926
$MAG,53080.034,-0.231,-0.783,-0.739,29.5
$IMU,53080.080,-36.132,47.546,26.977,-0.12548,0.37158,0.93798,30.89
$BARO,53080.104,69833.69,30.79
$MAG,53080.134,-0.243,-0.783,-0.732,29.5
$IMU,53080.155,-7.751,68.420,31.860,-0.41113,0.47949,0.83496,30.85
$TIME,53080.169,457751.000,2364
$BARO,53080.206,69830.86,30.79
$IMU,53080.230,-9.460,53.344,31.372,-0.55224,0.44580,0.83007,30.87
$MAG,53080.235,-0.250,-0.784,-0.735,29.5
$IMU,53080.306,-13.061,14.465,19.897,-0.45947,0.39306,0.88427,30.89
$BARO,53080.307,69828.23,30.79
$MAG,53080.336,-0.259,-0.778,-0.735,29.3
$IMU,53080.381,-0.305,-14.465,3.051,-0.38574,0.50927,0.84375,30.83
$BARO,53080.408,69838.34,30.79
$MAG,53080.437,-0.253,-0.768,-0.730,29.5
$IMU,53080.456,3.356,-41.870,-20.751,-0.27783,0.65332,0.80712,30.84
$BARO,53080.510,69836.91,30.79
$IMU,53080.531,-12.023,-59.448,-36.193,-0.02587,0.52539,0.90136,30.84
$MAG,53080.537,-0.238,-0.757,-0.750,29.5
$IMU,53080.606,-19.897,-50.415,-36.621,0.10595,0.36425,0.95947,30.85
$BARO,53080.611,69833.27,30.80
$HUM,53080.623,28.0,31.2
$MAG,53080.638,-0.220,-0.735,-0.759,29.5
$IMU,53080.681,-12.023,-34.973,-33.874,0.14843,0.33984,0.89111,30.84
$BARO,53080.713,69824.96,30.79
$MAG,53080.739,-0.216,-0.727,-0.757,29.5
$IMU,53080.756,-5.920,-25.756,-24.414,0.12695,0.55419,0.85986,30.83
$BARO,53080.814,69830.01,30.80
$IMU,53080.831,-27.770,-23.071,-16.723,0.16601,0.41113,0.87548,30.86
$MAG,53080.840,-0.214,-0.711,-0.784,29.6
$IMU,53080.906,-34.118,-17.272,-14.953,0.22558,0.25488,0.98046,30.86
$BARO,53080.915,69833.88,30.80
$MAG,53080.940,-0.211,-0.691,-0.798,29.5
$IMU,53080.981,-19.165,-9.887,-17.028,0.23437,0.15283,1.02050,30.88
$BARO,53081.017,69830.45,30.79
$VBAT,53081.025,3.930
$MAG,53081.041,-0.211,-0.682,-0.789,29.5
$IMU,53081.056,-4.821,-4.211,-13.122,0.21777,0.21582,1.04394,30.90
$BARO,53081.118,69830.20,30.80
$IMU,53081.131,8.422,5.187,-8.911,0.09423,0.28564,1.03076,30.87
$MAG,53081.142,-0.204,-0.688,-0.784,29.6
$TIME,53081.169,457752.000,2364
$IMU,53081.206,13.671,4.394,-17.150,-0.08349,0.32763,0.95703,30.84
$BARO,53081.220,69825.35,30.80
$MAG,53081.242,-0.199,-0.696,-0.771,29.5
$IMU,53081.281,9.765,-5.371,-18.981,-0.05957,0.37353,0.88378,30.85
$BARO,53081.321,69830.42,30.80
$MAG,53081.343,-0.198,-0.687,-0.774,29.5
$IMU,53081.357,-5.126,-5.310,-12.756,-0.00195,0.36230,0.95410,30.89
$BARO,53081.422,69829.40,30.80
$IMU,53081.432,-13.122,0.854,-9.643,0.03613,0.25341,0.93408,30.90
$MAG,53081.444,-0.205,-0.688,-0.766,29.6
$IMU,53081.507,-8.789,6.286,-15.991,-0.03515,0.29882,0.92871,30.89
$BARO,53081.524,69831.01,30.80
$MAG,53081.545,-0.186,-0.682,-0.781,29.6
$IMU,53081.582,-15.319,1.586,-32.531,-0.07617,0.26464,0.98583,30.91
$BARO,53081.625,69827.98,30.80
$HUM,53081.639,26.9,31.2
$MAG,53081.645,-0.165,-0.673,-0.781,29.5
$IMU,53081.657,-13.488,-2.929,-44.860,-0.12988,0.20556,0.98779,30.88
$BARO,53081.727,69829.79,30.80
$IMU,53081.732,-5.371,-9.887,-52.612,-0.15771,0.21044,0.98095,30.89
$MAG,53081.746,-0.150,-0.663,-0.784,29.6
$IMU,53081.807,-7.873,-21.972,-49.011,-0.01757,0.15869,1.03271,30.85
$BARO,53081.828,69830.37,30.81
$MAG,53081.847,-0.138,-0.651,-0.784,29.6
$IMU,53081.882,-4.394,-21.545,-52.062,0.04785,0.28320,1.06591,30.87
$BARO,53081.929,69825.13,30.80
$MAG,53081.948,-0.133,-0.646,-0.792,29.5
$IMU,53081.957,-10.925,-16.479,-42.785,0.16650,0.08056,0.97949,30.89
$BARO,53082.031,69833.83,30.81
$IMU,53082.032,0.183,-5.737,-37.475,0.11230,0.29589,0.94189,30.85
$VBAT,53082.040,3.930
$MAG,53082.048,-0.117,-0.646,-0.792,29.5
$IMU,53082.107,-12.573,-5.371,-33.874,0.09570,0.19873,0.97070,30.92
$BARO,53082.132,69828.15,30.81
$MAG,53082.149,-0.106,-0.633,-0.798,29.5
$TIME,53082.169,457753.000,2364
$IMU,53082.182,-14.709,-4.333,-28.503,0.12304,0.17089,0.98144,30.87
$BARO,53082.234,69827.13,30.81
$MAG,53082.250,-0.085,-0.637,-0.795,29.5
$IMU,53082.257,-8.239,-0.549,-24.353,0.13769,0.14990,0.95312,30.92
$IMU,53082.333,-13.183,2.136,-27.099,0.11816,0.13867,1.03173,30.89
$BARO,53082.335,69832.79,30.81
$MAG,53082.351,-0.064,-0.628,-0.823,29.6
$IMU,53082.408,-18.005,5.004,-24.719,0.00097,0.10449,1.06347,30.89
$BARO,53082.436,69829.54,30.82
$MAG,53082.451,-0.039,-0.616,-0.825,29.6
$IMU,53082.483,-7.080,5.249,-14.709,-0.14990,0.04296,0.95947,30.88
$BARO,53082.538,69830.74,30.82
$MAG,53082.552,-0.025,-0.609,-0.832,29.6
$IMU,53082.558,-12.817,1.403,-17.395,-0.11376,-0.05078,0.97949,30.87
$IMU,53082.633,-12.207,1.098,-7.995,-0.16162,-0.05517,1.02685,30.88
$BARO,53082.639,69828.33,30.82
$MAG,53082.653,-0.025,-0.604,-0.840,29.5
$HUM,53082.655,27.0,31.3
$IMU,53082.708,-2.502,-5.249,-12.207,-0.12988,-0.09326,0.99267,30.85
$BARO,53082.741,69827.11,30.82
$MAG,53082.754,-0.025,-0.609,-0.838,29.6
$IMU,53082.783,3.540,-11.047,-6.652,-0.02783,-0.13427,0.97119,30.90
$BARO,53082.842,69828.93,30.82
$MAG,53082.855,-0.022,-0.616,-0.846,29.5
$IMU,53082.858,10.803,-8.666,-3.601,0.01904,0.04345,0.95214,30.90
$IMU,53082.933,13.610,-8.361,0.305,0.10449,0.14306,0.93017,30.91
$BARO,53082.943,69834.59,30.82
$MAG,53082.955,-0.019,-0.615,-0.834,29.5
$IMU,53083.008,5.065,-5.187,-3.662,0.11181,0.16503,1.02880,30.87
$VBAT,53083.042,3.927
$BARO,53083.045,69827.52,30.82
$MAG,53083.056,-0.016,-0.615,-0.837,29.5
$IMU,53083.083,3.234,-2.319,-6.591,0.10351,0.09619,1.05175,30.89
$BARO,53083.146,69836.81,30.83
$MAG,53083.157,-0.004,-0.618,-0.838,29.5
$IMU,53083.158,15.136,-2.502,-2.441,0.13037,0.06103,0.94042,30.90
$TIME,53083.169,457753.000,2364
$IMU,53083.233,24.291,-0.061,-1.708,0.14599,0.19433,0.89501,30.91
$BARO,53083.248,69824.28,30.83
$MAG,53083.258,0.003,-0.624,-0.831,29.5
$IMU,53083.308,17.822,2.075,-3.234,0.15332,0.25683,0.93408,30.91
$BARO,53083.349,69828.52,30.82
$MAG,53083.358,0.004,-0.637,-0.822,29.6
$IMU,53083.384,27.648,5.004,-4.699,0.12792,0.36621,0.82080,30.93
$BARO,53083.450,69825.47,30.83
$MAG,53083.459,0.018,-0.631,-0.826,29.5
$IMU,53083.459,25.634,2.685,-9.277,0.21875,0.33984,0.75000,30.87
$IMU,53083.534,15.441,9.521,-14.160,0.09375,0.63281,0.91162,30.86
$BARO,53083.552,69826.69,30.83
$MAG,53083.560,0.034,-0.619,-0.838,29.5
$IMU,53083.609,-22.766,7.873,-26.367,-0.18652,0.53906,1.35058,30.91
$BARO,53083.653,69836.83,30.82
$MAG,53083.661,0.063,-0.558,-0.870,29.5
$HUM,53083.671,26.9,31.3
$IMU,53083.684,-54.748,5.187,-48.034,-0.33496,-0.01708,1.29003,30.90
$BARO,53083.755,69829.30,30.83
$IMU,53083.759,-24.047,-9.460,-13.122,-0.07275,-0.03613,0.92480,30.90
$MAG,53083.762,0.063,-0.555,-0.879,29.5
$IMU,53083.834,-23.620,-6.774,6.652,0.04052,-0.08691,0.89550,30.89
$BARO,53083.856,69822.65,30.83
$MAG,53083.862,0.058,-0.528,-0.891,29.5
$IMU,53083.909,-30.212,6.469,-3.723,-0.15966,-0.10009,0.91992,30.87
$BARO,53083.958,69833.96,30.83
$MAG,53083.963,0.069,-0.522,-0.898,29.6
$IMU,53083.984,-14.648,0.000,-5.371,-0.16455,-0.14062,0.97021,30.87
$VBAT,53084.058,3.932
$BARO,53084.059,69838.00,30.83
$IMU,53084.059,18.066,2.929,-8.239,-0.25390,-0.09960,0.91699,30.91
$MAG,53084.064,0.075,-0.525,-0.885,29.6
$IMU,53084.134,36.437,-6.774,-9.216,-0.18847,0.13818,0.91699,30.94
$BARO,53084.160,69826.64,30.84
$MAG,53084.165,0.061,-0.546,-0.889,29.5
$TIME,53084.169,457755.000,2364
$IMU,53084.209,22.399,-16.052,-2.136,0.07519,0.28222,1.19335,30.89
$BARO,53084.262,69829.91,30.83
$MAG,53084.266,0.055,-0.562,-0.906,29.5
$IMU,53084.284,8.422,-14.160,9.216,0.18798,0.25976,1.29199,30.90
$IMU,53084.360,17.639,-9.643,2.929,0.18359,0.08544,1.00781,30.87
$BARO,53084.363,69829.69,30.84
$MAG,53084.366,0.052,-0.573,-0.898,29.6
$IMU,53084.435,28.442,-6.896,-19.897,-0.01708,0.08496,0.84375,30.91
$BARO,53084.465,69829.69,30.84
$MAG,53084.467,0.048,-0.570,-0.909,29.5
$IMU,53084.510,29.479,-39.855,-31.372,0.05029,0.16406,0.74316,30.88
$BARO,53084.566,69833.32,30.84
$MAG,53084.568,0.024,-0.568,-0.939,29.6
$IMU,53084.585,43.151,-68.054,-49.926,0.24755,0.44384,0.73535,30.89
$IMU,53084.660,36.132,-74.829,-59.692,0.27148,0.57470,0.75585,30.91
$BARO,53084.667,69832.10,30.85
$MAG,53084.669,-0.009,-0.553,-0.966,29.5
$HUM,53084.687,27.2,31.2
$IMU,53084.735,29.296,-77.270,-68.542,0.31298,0.77734,0.81201,30.94
$BARO,53084.769,69830.28,30.84
$MAG,53084.769,-0.048,-0.538,-0.997,29.6
$IMU,53084.810,9.338,-61.523,-62.622,0.39990,0.74511,0.97705,30.87
$BARO,53084.870,69837.56,30.84
$MAG,53084.870,-0.067,-0.492,-1.020,29.3
$IMU,53084.885,-28.747,-33.569,-28.625,0.47900,0.48437,1.12011,30.93
$IMU,53084.960,-26.550,-9.277,-2.990,0.41845,0.18945,0.95117,30.94
$MAG,53084.971,-0.058,-0.487,-1.017,29.5
$BARO,53084.972,69840.81,30.85
$IMU,53085.035,5.371,0.610,-23.376,0.27734,0.30029,0.76904,30.92
$VBAT,53085.060,3.924
$MAG,53085.072,-0.055,-0.480,-1.011,29.6
$BARO,53085.073,69832.27,30.85
$IMU,53085.110,7.568,14.099,-25.512,0.25439,0.30615,0.81201,30.89
$TIME,53085.169,457756.000,2364
$MAG,53085.173,-0.021,-0.484,-0.993,29.5
$BARO,53085.174,69837.34,30.85
$IMU,53085.185,5.859,40.222,-10.070,0.11914,0.35644,0.87939,30.97
$IMU,53085.260,9.338,51.574,4.821,0.03417,0.32031,0.88867,30.92
$MAG,53085.273,0.016,-0.499,-0.960,29.5
$BARO,53085.276,69838.56,30.85
$IMU,53085.336,24.475,51.879,11.535,0.01123,0.45947,0.81542,30.92
$MAG,53085.374,0.045,-0.532,-0.924,29.6
$BARO,53085.377,69831.66,30.85
$IMU,53085.411,30.456,49.255,25.817,0.13916,0.92480,0.99267,30.91
$MAG,53085.475,0.072,-0.567,-0.891,29.5
$BARO,53085.479,69829.84,30.85
$IMU,53085.486,9.887,45.715,53.161,0.25634,0.73974,0.96240,30.93
$IMU,53085.561,21.728,48.278,46.264,0.09765,0.61816,0.70849,30.93
$MAG,53085.576,0.073,-0.606,-0.852,29.6
$BARO,53085.580,69839.56,30.85
$IMU,53085.636,21.728,43.457,23.620,0.04199,0.51757,0.58496,30.95
$MAG,53085.676,0.097,-0.628,-0.816,29.6
$BARO,53085.681,69834.71,30.85
$HUM,53085.703,27.4,31.3
$IMU,53085.711,16.479,35.461,22.521,0.00683,0.54589,0.56689,30.91
$MAG,53085.777,0.088,-0.643,-0.801,29.5
$BARO,53085.783,69834.71,30.85
$IMU,53085.786,2.197,25.695,27.343,0.14843,0.60351,0.67236,30.93
$IMU,53085.861,0.732,25.695,25.756,0.08398,0.65332,0.73681,30.92
$MAG,53085.878,0.087,-0.655,-0.771,29.6
$BARO,53085.884,69832.05,30.85
$IMU,53085.936,13.244,18.249,5.126,-0.01416,0.80273,0.68603,30.92
$MAG,53085.979,0.079,-0.654,-0.762,29.5
$BARO,53085.986,69841.15,30.86
$IMU,53086.011,7.934,8.789,-4.821,-0.10644,1.21728,0.92968,30.98
$VBAT,53086.075,3.930
$MAG,53086.079,0.090,-0.631,-0.784,29.5
$IMU,53086.086,-40.222,5.920,-1.159,-0.14501,0.51904,0.99316,30.93
$BARO,53086.087,69841.78,30.86
$IMU,53086.161,-15.441,7.995,-10.620,-0.14794,0.40771,0.75292,30.87
$TIME,53086.169,457757.000,2364
$MAG,53086.180,0.091,-0.624,-0.777,29.7
$BARO,53086.188,69837.90,30.86
$IMU,53086.236,-1.342,5.187,-5.126,-0.19042,0.46728,0.68408,30.89
$MAG,53086.281,0.099,-0.621,-0.780,29.5
$BARO,53086.290,69831.64,30.86
$IMU,53086.311,-5.432,3.051,-9.643,-0.26904,0.39794,0.72021,30.93
$MAG,53086.382,0.111,-0.615,-0.781,29.5
$IMU,53086.387,8.422,-0.854,-10.253,-0.27685,0.56835,0.77783,30.89
$BARO,53086.391,69842.97,30.86
$IMU,53086.462,10.375,-2.624,5.554,-0.11425,0.72753,0.79980,30.96
$MAG,53086.482,0.103,-0.622,-0.771,29.6
$BARO,53086.493,69832.44,30.86
$IMU,53086.537,9.704,7.141,21.850,0.04833,0.95458,0.96630,30.92
$MAG,53086.583,0.096,-0.640,-0.753,29.5
$BARO,53086.594,69841.37,30.86
$IMU,53086.612,1.525,20.263,37.902,0.06201,0.76806,0.92822,30.89
$MAG,53086.684,0.084,-0.660,-0.739,29.5
$IMU,53086.687,5.187,20.874,24.169,0.00341,0.53222,0.83203,30.87
$BARO,53086.695,69838.71,30.86
$HUM,53086.719,27.5,31.3
$IMU,53086.762,20.080,16.113,13.671,0.03125,0.33007,0.51464,30.94
$MAG,53086.785,0.073,-0.679,-0.712,29.6
$BARO,53086.797,69829.81,30.86
$IMU,53086.837,32.043,15.319,15.930,0.05664,0.57812,0.53955,30.92
$MAG,53086.885,0.076,-0.687,-0.694,29.6
$BARO,53086.898,69842.56,30.86
$IMU,53086.912,16.723,16.845,16.296,0.04736,0.73925,0.62792,30.88
$MAG,53086.986,0.067,-0.697,-0.672,29.6
$IMU,53086.987,17.883,16.723,7.385,-0.10009,1.10302,0.75732,30.93
$BARO,53087.000,69830.59,30.87
$IMU,53087.062,9.216,14.709,-0.854,0.00683,1.02783,0.76074,30.92
$MAG,53087.087,0.066,-0.687,-0.636,29.6
$VBAT,53087.094,3.932
$BARO,53087.101,69837.71,30.87
$IMU,53087.137,-0.671,59.814,15.380,-0.20849,0.87304,0.65234,30.93
$TIME,53087.169,457758.000,2364
$MAG,53087.188,0.034,-0.724,-0.582,29.6
$BARO,53087.203,69836.05,30.87
$IMU,53087.212,-12.512,98.754,53.649,-0.02441,0.69287,0.44384,30.91
$IMU,53087.287,-9.643,134.399,85.632,-0.40966,0.78271,0.36328,30.94
$MAG,53087.288,-0.034,-0.754,-0.523,29.6
$BARO,53087.304,69842.73,30.87
$IMU,53087.363,-13.122,99.853,52.917,-0.45458,0.74169,0.43945,30.92
$MAG,53087.389,-0.081,-0.777,-0.498,29.5
$BARO,53087.405,69833.03,30.87
$IMU,53087.438,2.563,43.945,40.832,-0.33300,0.76269,0.44921,30.92
$MAG,53087.490,-0.106,-0.784,-0.478,29.7
$BARO,53087.507,69838.88,30.87
$IMU,53087.513,15.075,22.949,37.719,-0.20117,0.90283,0.46582,30.87
$IMU,53087.588,16.052,10.620,32.653,-0.16406,1.27148,0.69873,30.92
$MAG,53087.591,-0.135,-0.781,-0.477,29.5
$BARO,53087.608,69833.61,30.87
$IMU,53087.663,-3.601,-16.662,3.845,-0.23632,1.22851,0.86083,30.90
$MAG,53087.691,-0.102,-0.789,-0.501,29.6
$BARO,53087.710,69842.10,30.88
$HUM,53087.735,27.3,31.3
$IMU,53087.738,-6.958,-50.964,-20.568,-0.03076,0.69628,0.67431,30.95
$MAG,53087.792,-0.087,-0.774,-0.486,29.6
$BARO,53087.811,69841.71,30.87
$IMU,53087.813,30.090,-34.484,-13.122,0.06103,0.45312,0.50927,30.92
$IMU,53087.888,62.133,-16.174,10.437,0.20556,0.82080,0.39599,30.96
$MAG,53087.893,-0.100,-0.768,-0.450,29.5
$BARO,53087.913,69839.66,30.88
$IMU,53087.963,39.733,-16.967,3.967,0.19824,0.95751,0.26171,30.98
$MAG,53087.994,-0.055,-0.751,-0.465,29.7
$BARO,53088.014,69845.75,30.88
$IMU,53088.038,-4.333,-23.986,-27.954,0.07519,1.21289,0.31396,30.94
$MAG,53088.094,-0.036,-0.745,-0.529,29.5
$VBAT,53088.112,3.930
$IMU,53088.113,-67.687,-15.625,-37.841,-0.00146,1.13476,0.52001,30.94
$BARO,53088.115,69839.29,30.87
$TIME,53088.169,457759.000,2364
$IMU,53088.188,-63.720,11.169,-11.413,-0.32128,0.77978,0.70849,30.97
$MAG,53088.195,-0.022,-0.750,-0.550,29.6
$BARO,53088.217,69842.73,30.88
$IMU,53088.263,-31.127,20.568,-25.695,-0.53271,0.62255,0.69238,30.89
$MAG,53088.296,0.004,-0.739,-0.546,29.6
$BARO,53088.318,69843.10,30.88
$IMU,53088.338,4.333,16.296,-3.906,-0.28076,0.62988,0.49365,30.98
$MAG,53088.397,-0.030,-0.753,-0.532,29.6
$IMU,53088.414,12.939,21.362,20.324,-0.32177,0.76757,0.45410,30.94
$BARO,53088.420,69842.29,30.88
$IMU,53088.489,12.878,14.892,3.112,-0.32812,0.64355,0.31005,30.92
$MAG,53088.497,-0.028,-0.748,-0.505,29.5
$BARO,53088.521,69848.97,30.88
$IMU,53088.564,37.475,15.502,-2.807,-0.46777,0.94580,0.29882,30.96
$MAG,53088.598,-0.021,-0.747,-0.498,29.7
$BARO,53088.622,69840.66,30.88
$IMU,53088.639,15.502,2.380,7.080,-0.56103,1.04003,0.35449,30.93
$MAG,53088.699,-0.033,-0.756,-0.504,29.5
$IMU,53088.714,-6.408,-15.869,19.348,-0.45166,0.98291,0.45898,30.92
$BARO,53088.724,69841.68,30.88
$HUM,53088.752,27.4,31.3
$IMU,53088.789,-3.784,-21.606,31.433,-0.16503,0.91943,0.55664,30.98
$MAG,53088.800,-0.066,-0.774,-0.510,29.6
$BARO,53088.825,69840.46,30.88
$IMU,53088.864,-2.441,-14.709,46.325,0.10693,0.79101,0.70117,30.92
$MAG,53088.900,-0.088,-0.802,-0.523,29.5
$BARO,53088.927,69846.51,30.89
$IMU,53088.939,-0.305,-7.751,31.677,0.24414,0.80615,0.62744,30.94
$MAG,53089.001,-0.081,-0.802,-0.508,29.6
$IMU,53089.014,14.892,-5.310,-2.075,0.12353,0.74023,0.45019,30.92
$BARO,53089.028,69839.44,30.89
$IMU,53089.089,18.493,-16.479,-29.235,0.05371,0.86767,0.33642,30.96
$MAG,53089.102,-0.049,-0.784,-0.513,29.6
$VBAT,53089.113,3.932
$BARO,53089.129,69836.03,30.88
$IMU,53089.164,2.685,-20.568,-37.170,0.19482,0.98046,0.48828,30.97
$TIME,53089.169,457759.000,2364
$MAG,53089.203,-0.028,-0.777,-0.532,29.5
$BARO,53089.231,69838.83,30.89
$IMU,53089.239,-13.854,7.934,-31.127,0.09130,0.72314,0.51220,30.96
$MAG,53089.304,-0.013,-0.777,-0.511,29.5
$IMU,53089.314,5.493,20.996,-16.235,-0.10253,0.85986,0.49755,30.92
$BARO,53089.332,69839.44,30.89
$IMU,53089.390,1.708,8.666,-16.784,-0.21972,1.05957,0.58789,30.99
$MAG,53089.404,-0.004,-0.762,-0.519,29.7
$BARO,53089.434,69847.12,30.89
$IMU,53089.465,-9.216,-6.103,-16.723,-0.29052,0.97705,0.59667,30.95
$MAG,53089.505,0.022,-0.759,-0.523,29.6
$BARO,53089.535,69838.39,30.90
$IMU,53089.540,9.216,-29.663,-19.531,-0.49414,0.89550,0.51757,30.97
$MAG,53089.606,0.070,-0.733,-0.564,29.6
$IMU,53089.615,24.597,-66.223,-46.569,-0.41503,0.72070,0.31835,30.95
$BARO,53089.636,69837.81,30.90
$IMU,53089.690,24.047,-73.242,-41.687,-0.38867,0.89111,0.38232,30.94
$MAG,53089.707,0.088,-0.700,-0.603,29.5
$BARO,53089.738,69835.59,30.90
$IMU,53089.765,8.605,-68.359,-23.010,-0.29150,0.84521,0.41308,30.98
$HUM,53089.768,27.5,31.3
$MAG,53089.808,0.096,-0.706,-0.652,29.6
$BARO,53089.839,69834.35,30.90
$IMU,53089.840,4.272,-63.476,-9.765,-0.19921,0.83496,0.44091,30.97
$MAG,53089.908,0.091,-0.694,-0.679,29.6
$IMU,53089.915,3.845,-54.931,-6.225,-0.17675,0.84277,0.43994,31.00
$BARO,53089.941,69832.54,30.90
$IMU,53089.990,5.554,-49.621,-7.995,-0.14550,0.87695,0.46044,30.95
$MAG,53090.009,0.094,-0.693,-0.712,29.5
$BARO,53090.042,69836.39,30.89
$IMU,53090.065,3.967,-38.330,-4.516,-0.12695,0.82763,0.48242,31.01
$MAG,53090.110,0.091,-0.694,-0.729,29.5
$VBAT,53090.130,3.926
$IMU,53090.140,5.676,-23.498,0.610,-0.15234,0.87011,0.49511,30.95
$BARO,53090.143,69841.05,30.89
$TIME,53090.169,457761.000,2364
$MAG,53090.211,0.085,-0.703,-0.735,29.5
$IMU,53090.215,2.807,-14.831,2.380,-0.14843,0.91455,0.55322,30.96
$BARO,53090.245,69839.61,30.90
$IMU,53090.290,3.845,-10.009,5.187,-0.04736,1.08740,0.58789,30.95
$MAG,53090.311,0.076,-0.723,-0.748,29.7
$BARO,53090.346,69832.13,30.90
$IMU,53090.366,-2.868,-9.277,18.920,0.13916,0.87304,0.53125,30.95
$MAG,53090.412,0.054,-0.730,-0.742,29.6
$IMU,53090.441,-4.394,-7.141,15.869,0.13964,0.92578,0.58300,30.96
$BARO,53090.448,69834.76,30.90
$MAG,53090.513,0.066,-0.729,-0.751,29.6
$IMU,53090.516,-14.343,-0.671,-4.028,0.07373,0.68115,0.47705,30.94
$BARO,53090.549,69840.03,30.90
$IMU,53090.591,-4.394,5.126,-5.859,-0.00097,0.92187,0.44042,30.95
$MAG,53090.614,0.075,-0.714,-0.759,29.6
$BARO,53090.651,69838.78,30.90
$IMU,53090.666,-28.625,1.770,-1.281,0.07324,0.89599,0.46337,30.96
$MAG,53090.714,0.075,-0.703,-0.786,29.5
$IMU,53090.741,-45.593,5.187,1.098,0.10888,0.80761,0.59130,30.96
$BARO,53090.752,69834.13,30.91
$HUM,53090.784,27.6,31.4
$MAG,53090.815,0.073,-0.679,-0.799,29.5
$IMU,53090.816,-39.611,8.850,-5.310,0.06494,0.74218,0.69921,30.96
$BARO,53090.853,69839.20,30.91
$IMU,53090.891,-28.259,4.760,-13.916,0.05175,0.76074,0.69970,30.97
$MAG,53090.916,0.084,-0.663,-0.822,29.5
$BARO,53090.955,69839.39,30.90
$IMU,53090.966,-30.334,4.943,-11.291,0.02441,0.79541,0.72705,30.98
$MAG,53091.017,0.105,-0.646,-0.819,29.6
$IMU,53091.041,-28.503,9.033,-12.268,-0.02294,0.85107,0.86718,31.01
$BARO,53091.056,69835.54,30.91
$IMU,53091.116,-25.024,10.498,-15.075,-0.23925,0.46093,0.74609,30.98
$MAG,53091.118,0.108,-0.615,-0.838,29.7
$VBAT,53091.131,3.922
$BARO,53091.158,69835.74,30.91
$TIME,53091.169,457761.000,2364
$IMU,53091.191,-17.150,-0.122,-24.536,-0.40527,0.51806,0.75146,30.94
$MAG,53091.218,0.130,-0.592,-0.855,29.5
$BARO,53091.259,69842.22,30.91
$IMU,53091.266,-20.324,-19.836,-30.517,-0.46630,0.57519,0.78564,31.00
$MAG,53091.319,0.111,-0.574,-0.892,29.6
$IMU,53091.341,-31.433,-31.616,-1.770,-0.27636,0.50439,0.79687,30.99
$BARO,53091.360,69837.54,30.91
$IMU,53091.417,-34.606,-23.925,20.141,-0.18750,0.49902,0.79931,30.94
$MAG,53091.420,0.093,-0.567,-0.919,29.6
$BARO,53091.462,69843.22,30.91
$IMU,53091.492,-40.832,-21.972,19.104,-0.12353,0.39306,0.80615,31.00
$MAG,53091.521,0.078,-0.559,-0.946,29.6
$BARO,53091.563,69836.54,30.91
$IMU,53091.567,-45.715,-20.446,15.075,-0.08349,0.27441,0.87939,31.02
$MAG,53091.621,0.052,-0.522,-0.972,29.6
$IMU,53091.642,-40.405,-19.409,12.145,-0.00927,0.31542,0.94677,30.93
$BARO,53091.665,69839.37,30.91
$IMU,53091.717,-37.719,-15.197,13.000,0.04101,0.22265,0.93994,30.99
$MAG,53091.722,0.042,-0.523,-0.984,29.5
$BARO,53091.766,69833.10,30.91
$IMU,53091.792,-31.555,-8.361,13.671,0.07275,0.11425,1.01611,30.99
$HUM,53091.800,26.7,31.3
$MAG,53091.823,0.034,-0.499,-0.994,29.5
$BARO,53091.867,69830.06,30.92
$IMU,53091.867,-24.047,-4.150,10.925,0.11572,0.29199,1.14697,30.97
$MAG,53091.924,0.039,-0.483,-1.006,29.7
$IMU,53091.942,-30.395,-2.502,2.380,0.23388,-0.03857,1.08984,30.91
$BARO,53091.969,69839.56,30.92
$IMU,53092.017,-1.525,7.141,19.042,0.31933,0.08447,0.96484,31.00
$MAG,53092.024,0.040,-0.501,-0.996,29.6
$BARO,53092.070,69845.22,30.92
$IMU,53092.092,-6.713,20.568,16.357,0.27587,0.09130,1.00390,31.00
$MAG,53092.125,0.061,-0.474,-0.985,29.6
$VBAT,53092.148,3.924
$IMU,53092.167,-22.644,24.414,-0.488,0.08105,0.06982,1.11767,30.96
$TIME,53092.169,457762.000,2364
$BARO,53092.172,69835.71,30.92
$MAG,53092.226,0.076,-0.471,-0.982,29.6
$IMU,53092.242,-12.451,15.502,-14.587,0.00976,-0.06250,1.06250,30.99
$BARO,53092.273,69839.73,30.92
$IMU,53092.317,10.009,1.037,-6.835,0.06787,0.08886,1.02246,30.99
$MAG,53092.327,0.070,-0.477,-0.978,29.6
$BARO,53092.374,69834.27,30.92
$IMU,53092.393,2.197,0.000,-3.967,0.09472,-0.03808,1.05322,30.96
$MAG,53092.428,0.076,-0.478,-0.975,29.6
$IMU,53092.468,13.793,2.441,-8.117,-0.01660,0.00732,1.06054,31.02
$BARO,53092.476,69834.66,30.93
$MAG,53092.528,0.078,-0.489,-0.978,29.8
$IMU,53092.543,24.780,-7.751,-13.000,0.04003,0.04443,0.99218,30.98
$BARO,53092.577,69835.30,30.92
$IMU,53092.618,31.616,-6.530,-2.990,0.09033,0.21630,0.94384,30.99
$MAG,53092.629,0.066,-0.504,-0.975,29.6
$BARO,53092.679,69840.51,30.93
$IMU,53092.693,24.291,3.295,3.662,0.03027,0.33056,0.98291,30.97
$MAG,53092.730,0.070,-0.525,-0.957,29.8
$IMU,53092.768,19.042,5.187,3.601,0.03222,0.25683,0.99462,30.96
$BARO,53092.780,69839.93,30.93
$HUM,53092.816,26.9,31.3
$MAG,53092.831,0.087,-0.546,-0.942,29.6
$IMU,53092.843,30.578,10.437,1.831,-0.09277,0.25146,0.97558,31.00
$BARO,53092.881,69836.66,30.93
$IMU,53092.918,41.564,5.249,-6.103,-0.24511,0.27392,0.94628,31.05
$MAG,53092.931,0.085,-0.562,-0.924,29.6
$BARO,53092.983,69836.47,30.93
$IMU,53092.993,39.062,-7.873,-13.488,-0.29199,0.44189,0.83886,30.96
$MAG,53093.032,0.069,-0.565,-0.936,29.5
$IMU,53093.068,10.803,-24.291,-11.718,-0.11230,0.51953,0.83105,31.00
$BARO,53093.084,69846.58,30.93
$MAG,53093.133,0.057,-0.552,-0.955,29.5
$IMU,53093.143,-4.028,-29.418,-11.108,-0.11621,0.47949,0.80273,31.03
$VBAT,53093.149,3.922
$TIME,53093.169,457763.000,2364
$BARO,53093.186,69842.73,30.93
$IMU,53093.218,-6.286,-35.644,-14.465,0.04003,0.60156,0.84814,30.98
$MAG,53093.234,0.037,-0.543,-0.982,29.6
$BARO,53093.287,69839.29,30.93
$IMU,53093.293,-13.916,-21.057,-4.394,0.20947,0.41162,0.89453,31.00
$MAG,53093.335,0.036,-0.538,-0.991,29.6
$IMU,53093.368,-20.202,5.920,10.314,0.04882,0.35986,0.94921,31.02
$BARO,53093.388,69842.73,30.94
$MAG,53093.435,0.042,-0.531,-0.993,29.6
$IMU,53093.444,-21.240,10.009,15.930,0.11425,0.37890,0.95751,31.00
$BARO,53093.490,69835.83,30.94
$IMU,53093.519,-18.432,17.761,24.414,0.06835,0.32910,0.94335,31.00
$MAG,53093.536,0.045,-0.537,-0.984,29.7
$BARO,53093.591,69842.54,30.94
$IMU,53093.594,-14.587,14.587,20.263,0.05664,0.29687,0.96093,31.02
$MAG,53093.637,0.051,-0.532,-0.985,29.7
$IMU,53093.669,-15.930,9.887,12.756,0.06445,0.21044,1.00488,31.04
$BARO,53093.692,69842.34,30.94
$MAG,53093.738,0.060,-0.520,-0.972,29.6
$IMU,53093.744,-6.164,11.779,14.343,0.03955,0.26269,0.96728,31.02
$BARO,53093.794,69836.05,30.94
$IMU,53093.819,-8.789,8.056,5.249,0.01806,0.22949,0.99658,31.05
$HUM,53093.832,26.7,31.4
$MAG,53093.838,0.051,-0.523,-0.970,29.5
$IMU,53093.894,-12.023,3.112,7.080,0.03710,0.16601,1.03417,31.02
$BARO,53093.895,69847.36,30.95
$MAG,53093.939,0.060,-0.526,-0.981,30.0
$IMU,53093.969,-3.723,7.995,6.347,0.07324,0.17675,1.01464,30.98
$BARO,53093.997,69846.97,30.94
$MAG,53094.040,0.073,-0.544,-0.958,29.6
$IMU,53094.044,5.432,13.488,2.197,-0.03271,0.20996,1.01074,31.02
$BARO,53094.098,69845.53,30.95
$IMU,53094.119,12.207,14.587,13.427,0.07226,0.28857,1.03027,31.03
$MAG,53094.141,0.085,-0.555,-0.940,29.7
$VBAT,53094.167,3.921
$TIME,53094.169,457764.000,2364
$IMU,53094.194,16.357,30.456,29.541,-0.01416,0.16845,1.08398,31.01
$BARO,53094.199,69841.88,30.95
$MAG,53094.241,0.091,-0.619,-0.894,29.5
$IMU,53094.269,34.606,50.354,54.809,-0.06884,0.22900,1.00683,31.00
$BARO,53094.301,69834.42,30.95
$MAG,53094.342,0.081,-0.693,-0.802,29.7
$IMU,53094.344,51.147,64.819,79.162,-0.03808,0.37988,0.89501,31.05
$BARO,53094.402,69831.98,30.95
$IMU,53094.420,57.861,86.181,83.618,0.14453,0.48632,0.79443,31.05
$MAG,53094.443,0.042,-0.789,-0.682,29.6
$IMU,53094.495,67.077,146.240,106.811,-0.12011,0.79150,0.58007,31.02
$BARO,53094.504,69833.79,30.95
$MAG,53094.544,-0.063,-0.855,-0.525,29.6
$IMU,53094.570,70.373,161.132,115.783,-0.52001,0.85253,0.40332,31.00
$BARO,53094.605,69842.49,30.95
$MAG,53094.644,-0.136,-0.864,-0.451,29.7
$IMU,53094.645,56.823,89.721,82.092,-0.48291,1.01220,0.43750,31.04
$BARO,53094.706,69847.75,30.95
$IMU,53094.720,19.409,19.104,28.808,-0.28417,0.86669,0.39306,31.01
$MAG,53094.745,-0.154,-0.862,-0.454,29.8
$IMU,53094.795,9.094,1.525,7.995,-0.21582,0.83300,0.43994,31.01
$BARO,53094.808,69845.70,30.96
$MAG,53094.846,-0.159,-0.852,-0.438,29.8
$HUM,53094.848,26.7,31.4
$IMU,53094.870,12.390,-0.671,4.516,-0.22216,0.97558,0.35742,31.04
$BARO,53094.909,69842.88,30.95
$IMU,53094.945,3.295,-13.610,2.563,-0.10986,0.89404,0.30224,31.00
$MAG,53094.947,-0.150,-0.858,-0.429,29.6
$BARO,53095.011,69838.83,30.96
$IMU,53095.020,0.244,-19.287,-8.117,-0.13671,0.93750,0.41455,31.05
$MAG,53095.047,-0.135,-0.853,-0.441,29.6
$IMU,53095.095,-2.014,-13.061,-15.991,-0.22558,0.89599,0.38085,30.98
$BARO,53095.112,69846.29,30.97
$MAG,53095.148,-0.115,-0.846,-0.450,29.8
$VBAT,53095.168,3.950
$TIME,53095.169,457765.000,2364
$IMU,53095.170,-0.122,-11.718,-10.314,-0.16796,1.00683,0.36523,31.05
$BARO,53095.213,69837.00,30.96
$IMU,53095.245,-9.582,-15.197,-15.686,-0.26904,0.83349,0.35205,31.03
$MAG,53095.249,-0.100,-0.843,-0.462,29.8
$BARO,53095.315,69844.27,30.97
$IMU,53095.320,-1.098,-27.526,-11.779,-0.24609,0.82080,0.51318,31.03
$MAG,53095.350,-0.064,-0.843,-0.484,29.7
$IMU,53095.396,-10.986,-31.799,-37.170,-0.54541,0.90771,0.59570,31.05
$BARO,53095.416,69835.56,30.97
$MAG,53095.450,-0.018,-0.814,-0.517,29.6
$IMU,53095.471,-9.216,-49.377,-45.043,-0.29199,0.82666,0.42382,31.02
$BARO,53095.518,69840.42,30.97
$IMU,53095.546,-1.098,-64.270,-20.690,-0.24560,0.83984,0.40478,31.03
$MAG,53095.551,0.010,-0.808,-0.555,29.7
$BARO,53095.619,69842.66,30.97
$IMU,53095.621,-7.873,-83.435,-33.569,-0.32128,0.92919,0.47167,31.01
$MAG,53095.652,0.054,-0.783,-0.622,29.7
$IMU,53095.696,-6.835,-100.585,-52.551,-0.23876,0.90820,0.51123,31.05
$BARO,53095.720,69835.76,30.97
$MAG,53095.752,0.079,-0.730,-0.730,29.6
$IMU,53095.771,-53.283,-101.318,-58.349,-0.11669,0.99609,0.39648,31.03
$BARO,53095.822,69846.87,30.97
$IMU,53095.846,-120.178,-90.332,-69.641,-0.03808,0.49658,0.43798,31.07
$MAG,53095.853,0.096,-0.630,-0.877,29.7
$HUM,53095.864,26.9,31.4
$IMU,53095.921,-124.328,-73.059,-49.438,-0.02539,0.28906,0.85595,31.06
$BARO,53095.923,69840.81,30.97
$MAG,53095.954,0.067,-0.546,-0.958,30.0
$IMU,53095.996,-101.867,-58.532,-34.545,0.11865,0.00341,1.11474,31.04
$BARO,53096.025,69841.83,30.97
$MAG,53096.055,0.040,-0.498,-1.005,29.5
$IMU,53096.071,-53.955,-41.503,-22.216,0.18066,0.06298,1.09912,31.05
$BARO,53096.126,69846.85,30.98
$IMU,53096.146,-31.555,-27.832,-11.718,0.25634,0.04003,1.06884,31.05
$MAG,53096.155,0.033,-0.459,-1.015,29.7
$TIME,53096.168,457766.000,2364
$VBAT,53096.186,3.924
$IMU,53096.221,-20.263,-13.793,-8.666,0.21826,0.06298,1.04443,31.08
$BARO,53096.228,69846.44,30.98
$MAG,53096.256,0.021,-0.442,-1.032,29.7
$IMU,53096.296,-6.652,-6.591,-9.704,0.20507,0.10839,1.00341,31.03
$BARO,53096.329,69832.69,30.98
$MAG,53096.357,0.021,-0.450,-1.036,29.6
$IMU,53096.371,-2.441,-5.004,-5.004,0.27099,0.10400,0.99560,31.03
$BARO,53096.430,69839.98,30.98
$IMU,53096.447,-2.502,4.943,0.671,0.28857,0.09765,0.99755,31.03
$MAG,53096.458,0.031,-0.444,-1.018,29.7
$IMU,53096.522,1.159,17.028,1.159,0.15380,0.14599,0.99755,31.04
$BARO,53096.532,69839.17,30.98
$MAG,53096.559,0.042,-0.445,-1.012,29.7
$IMU,53096.597,-1.892,15.014,-2.624,0.07910,0.20263,1.04150,31.08
$BARO,53096.633,69835.32,30.98
$MAG,53096.659,0.058,-0.441,-1.005,29.6
$IMU,53096.672,-10.986,12.878,1.770,-0.00244,-0.06542,1.02539,31.08
$BARO,53096.735,69841.37,30.98
$IMU,53096.747,-0.305,8.178,-3.723,-0.02880,-0.04345,1.00781,31.08
$MAG,53096.760,0.057,-0.429,-0.997,29.7
$IMU,53096.822,-1.708,0.610,-7.202,0.00244,-0.11279,1.03466,31.03
$BARO,53096.836,69842.37,30.99
$MAG,53096.861,0.064,-0.423,-1.009,29.7
$HUM,53096.880,26.4,31.4
$IMU,53096.897,1.953,-2.136,-14.587,-0.10107,-0.11132,1.03271,31.10
$BARO,53096.937,69840.34,30.99
$MAG,53096.962,0.049,-0.420,-1.012,29.8
$IMU,53096.972,6.958,-7.568,-21.606,-0.10302,-0.04150,1.01367,31.05
$BARO,53097.039,69837.51,30.99
$IMU,53097.047,9.033,-10.559,-13.793,-0.02832,-0.00634,0.99560,31.04
$MAG,53097.062,0.049,-0.417,-1.021,29.8
$IMU,53097.122,7.080,-7.507,-2.685,0.01025,-0.01123,1.01220,31.04
$BARO,53097.140,69845.80,30.99
$MAG,53097.163,0.048,-0.423,-1.030,29.7
$TIME,53097.168,457768.000,2364
$VBAT,53097.187,3.930
$IMU,53097.197,4.882,-4.638,-2.502,0.02929,-0.07128,1.02148,31.06
$BARO,53097.242,69835.47,30.99
$MAG,53097.264,0.040,-0.421,-1.008,29.6
$IMU,53097.272,5.554,-2.624,-7.751,-0.01318,-0.05712,1.06347,31.07
$BARO,53097.343,69835.88,30.99
$IMU,53097.347,8.972,-10.864,-13.977,-0.01269,-0.00976,1.11865,31.07
$MAG,53097.365,0.028,-0.421,-1.029,29.8
$IMU,53097.423,20.996,-20.874,-30.456,0.02978,0.06103,1.05175,31.07
$BARO,53097.444,69839.73,30.99
$MAG,53097.465,0.013,-0.435,-1.044,29.6
$IMU,53097.498,36.743,-28.991,-29.602,0.13427,0.21923,0.92333,31.07
$BARO,53097.546,69841.34,30.99
$MAG,53097.566,-0.015,-0.456,-1.054,29.6
$IMU,53097.573,33.996,-27.832,-23.254,0.24755,0.26757,0.91259,31.05
$BARO,53097.647,69840.93,31.00
$IMU,53097.648,23.925,-21.240,-20.751,0.23632,0.32910,0.91210,31.05
$MAG,53097.667,-0.036,-0.453,-1.063,29.6
$IMU,53097.723,17.150,-20.080,-22.155,0.25683,0.30957,0.91015,31.03
$BARO,53097.749,69840.93,31.00
$MAG,53097.768,-0.052,-0.468,-1.066,30.0
$IMU,53097.798,17.089,-17.089,-19.836,0.27880,0.39453,0.87207,31.06
$BARO,53097.850,69831.01,31.00
$MAG,53097.868,-0.055,-0.457,-1.065,29.6
$IMU,53097.873,9.826,-9.277,-15.808,0.25048,0.41601,0.86621,31.06
$HUM,53097.896,26.8,31.4
$IMU,53097.948,-0.122,-5.798,-9.643,0.25146,0.40722,0.88671,31.05
$BARO,53097.951,69842.15,31.00
$MAG,53097.969,-0.058,-0.457,-1.066,29.8
$IMU,53098.023,0.244,-5.859,-6.225,0.24218,0.41259,0.91259,31.08
$BARO,53098.053,69840.51,31.00
$MAG,53098.070,-0.061,-0.451,-1.080,29.6
$IMU,53098.098,0.854,-6.591,-3.845,0.24267,0.40283,0.88964,31.06
$BARO,53098.154,69846.58,31.00
$TIME,53098.168,457769.000,2364
$MAG,53098.171,-0.075,-0.456,-1.069,29.7
$IMU,53098.173,2.990,-4.943,-1.831,0.24169,0.43212,0.87109,31.07
$VBAT,53098.204,3.914
$IMU,53098.248,0.244,-6.164,4.394,0.31445,0.39550,0.88720,31.09
$BARO,53098.256,69845.56,31.00
$MAG,53098.272,-0.067,-0.466,-1.072,29.7
$IMU,53098.323,0.732,-0.732,5.065,0.23730,0.41894,0.88671,31.04
$BARO,53098.357,69834.61,31.01
$MAG,53098.372,-0.079,-0.468,-1.077,29.7
$IMU,53098.399,-3.723,-7.385,3.906,0.34960,0.34179,0.89648,31.07
$BARO,53098.458,69835.44,31.01
$MAG,53098.473,-0.090,-0.460,-1.081,29.7
$IMU,53098.474,-1.159,-6.652,0.244,0.31542,0.38671,0.90673,31.10
$IMU,53098.549,-0.854,-7.141,-6.103,0.31689,0.38525,0.88818,31.05
$BARO,53098.560,69840.49,31.01
$MAG,53098.574,-0.094,-0.456,-1.081,29.6
$IMU,53098.624,-3.173,-5.126,-6.408,0.31103,0.38427,0.87500,31.04
$BARO,53098.661,69833.01,31.01
$MAG,53098.675,-0.099,-0.448,-1.074,29.7
$IMU,53098.699,-5.004,-2.441,-1.525,0.28222,0.41650,0.84912,31.07
$BARO,53098.763,69835.42,31.01
$IMU,53098.774,-11.230,-2.502,5.493,0.29687,0.38964,0.85107,31.10
$MAG,53098.775,-0.096,-0.435,-1.078,29.7
$IMU,53098.849,-17.883,-2.014,8.544,0.29296,0.34912,0.84716,31.03
$BARO,53098.864,69838.05,31.01
$MAG,53098.876,-0.096,-0.430,-1.090,29.6
$HUM,53098.913,26.6,31.5
$IMU,53098.924,-22.583,-3.417,11.535,0.34277,0.36523,0.86328,31.10
$BARO,53098.966,69844.95,31.01
$MAG,53098.977,-0.091,-0.408,-1.092,29.7
$IMU,53098.999,-29.846,4.516,17.272,0.31298,0.25976,0.88818,31.02
$BARO,53099.067,69849.17,31.02
$IMU,53099.074,-27.160,7.995,25.146,0.29785,0.21533,0.90771,31.06
$MAG,53099.078,-0.084,-0.387,-1.084,29.7
$IMU,53099.149,-25.878,11.962,34.790,0.30712,0.12158,0.93164,31.10
$BARO,53099.168,69839.66,31.02
$TIME,53099.168,457770.000,2364
$MAG,53099.178,-0.066,-0.390,-1.084,30.0
$VBAT,53099.206,3.937
$IMU,53099.224,-24.108,17.700,43.457,0.28320,0.06054,0.98779,31.07
$BARO,53099.270,69844.10,31.02
$MAG,53099.279,-0.049,-0.381,-1.069,29.7
$IMU,53099.299,-23.315,15.319,40.039,0.32958,-0.01708,1.02490,31.05
$BARO,53099.371,69844.68,31.02
$IMU,53099.374,-20.080,13.977,32.592,0.36376,-0.10058,1.07226,31.08
$MAG,53099.380,-0.036,-0.373,-1.066,29.6
$IMU,53099.450,-14.587,10.864,17.883,0.39941,-0.18310,1.09667,31.09
$BARO,53099.473,69838.22,31.02
$MAG,53099.481,-0.018,-0.379,-1.068,29.7
$IMU,53099.525,-3.479,12.817,-1.403,0.29931,-0.16748,1.08544,31.05
$BARO,53099.574,69842.68,31.02
$MAG,53099.581,-0.009,-0.366,-1.051,29.7
$IMU,53099.600,7.385,13.610,-21.118,0.16894,-0.12841,1.04003,31.08
$BARO,53099.675,69837.81,31.02
$IMU,53099.675,20.263,9.826,-25.207,0.12109,-0.00878,0.97119,31.07
$MAG,53099.682,-0.010,-0.378,-1.063,29.7
$IMU,53099.750,18.981,6.164,-20.874,0.09375,0.06884,0.94628,31.05
$BARO,53099.777,69850.75,31.02
$MAG,53099.783,-0.009,-0.379,-1.053,29.6
$IMU,53099.825,10.803,2.014,-18.005,0.11132,0.09912,0.94873,31.13
$BARO,53099.878,69836.81,31.03
$MAG,53099.884,-0.006,-0.378,-1.053,29.8
$IMU,53099.900,3.540,-0.549,-6.835,0.18652,0.07177,0.99902,31.07
$HUM,53099.929,26.4,31.5
$IMU,53099.975,6.530,5.187,-6.713,0.15429,0.11035,0.98242,31.07
$BARO,53099.980,69844.46,31.03
$MAG,53099.985,0.007,-0.378,-1.045,29.7
$IMU,53100.050,5.737,7.324,0.244,0.15527,0.14013,0.98388,31.13
$BARO,53100.081,69844.05,31.04
$MAG,53100.085,0.007,-0.387,-1.044,29.7
$IMU,53100.125,2.380,9.277,-1.464,0.09375,0.09375,0.97656,31.12
$TIME,53100.168,457771.000,2364
$BARO,53100.182,69846.68,31.04
$MAG,53100.186,0.016,-0.388,-1.041,29.8
$IMU,53100.200,4.150,4.638,-0.732,0.08300,0.14404,0.98046,31.08
$VBAT,53100.221,3.930
$IMU,53100.275,-0.488,-0.122,2.624,0.14257,0.10449,0.99902,31.13
$BARO,53100.284,69844.27,31.03
$MAG,53100.287,0.018,-0.390,-1.039,29.6
$IMU,53100.350,2.258,2.563,3.417,0.12890,0.12109,0.98974,31.07
$BARO,53100.385,69837.20,31.03
$MAG,53100.388,0.018,-0.385,-1.039,29.8
$IMU,53100.426,1.708,1.098,1.403,0.14013,0.11962,0.98730,31.14
$BARO,53100.487,69853.36,31.04
$MAG,53100.488,0.003,-0.399,-1.035,29.6
$IMU,53100.501,0.000,1.525,0.549,0.15332,0.11523,0.99365,31.13
$IMU,53100.576,0.427,5.065,2.014,0.12841,0.12255,0.98876,31.12
$BARO,53100.588,69839.81,31.04
$MAG,53100.589,0.022,-0.399,-1.032,30.0
$IMU,53100.651,-1.525,3.845,0.488,0.09667,0.11328,0.99658,31.12
$BARO,53100.689,69852.36,31.04
$MAG,53100.690,0.024,-0.387,-1.029,29.6
$IMU,53100.726,-2.319,1.586,-0.488,0.11474,0.10107,1.00244,31.10
$MAG,53100.791,0.031,-0.390,-1.030,29.8
$BARO,53100.791,69839.78,31.04
$IMU,53100.801,0.244,4.943,2.258,0.10791,0.14892,0.98779,31.14
$IMU,53100.876,-5.065,6.347,5.371,0.09814,0.10009,1.02441,31.14
$MAG,53100.891,0.040,-0.390,-1.024,30.0
$BARO,53100.892,69843.83,31.04
$HUM,53100.945,26.4,31.5
$IMU,53100.951,-2.380,6.774,2.563,0.05078,0.09570,1.01953,31.10
$MAG,53100.992,0.039,-0.384,-1.030,29.7
$BARO,53100.994,69848.09,31.04
$IMU,53101.026,2.563,5.981,5.981,0.05664,0.11230,0.98828,31.10
$MAG,53101.093,0.049,-0.399,-1.024,30.0
$BARO,53101.095,69839.56,31.04
$IMU,53101.101,1.525,4.150,7.934,0.04248,0.11718,0.99072,31.13
$TIME,53101.168,457772.000,2364
$IMU,53101.176,-1.342,0.366,4.211,0.06640,0.08642,1.00195,31.10
$MAG,53101.194,0.040,-0.406,-1.024,29.8
$BARO,53101.197,69844.63,31.05
$VBAT,53101.223,3.935
$IMU,53101.251,-1.586,3.234,7.507,0.09130,0.08740,1.04931,31.08
$MAG,53101.294,0.052,-0.405,-1.018,29.7
$BARO,53101.298,69852.12,31.05
$IMU,53101.326,-0.061,5.798,9.155,0.08300,0.02246,1.04541,31.10
$MAG,53101.395,0.057,-0.415,-1.018,29.7
$BARO,53101.399,69843.80,31.05
$IMU,53101.402,9.338,8.911,3.723,0.04931,0.02880,1.08007,31.14
$IMU,53101.477,19.836,13.122,2.868,0.01220,-0.00585,1.12695,31.13
$MAG,53101.496,0.066,-0.453,-0.988,29.6
$BARO,53101.501,69841.80,31.05
$IMU,53101.552,42.663,16.601,7.812,-0.05566,0.07958,1.02783,31.10
$MAG,53101.597,0.082,-0.501,-0.984,29.7
$BARO,53101.602,69847.05,31.05
$IMU,53101.627,54.626,10.681,10.192,-0.05615,0.25097,0.95458,31.10
$MAG,53101.698,0.081,-0.538,-0.964,29.6
$IMU,53101.702,47.180,5.737,8.850,0.00244,0.34179,0.94287,31.11
$BARO,53101.704,69850.51,31.05
$IMU,53101.777,40.161,6.591,8.972,0.00341,0.41015,0.90966,31.11
$MAG,53101.798,0.078,-0.570,-0.939,29.8
$BARO,53101.805,69838.76,31.05
$IMU,53101.852,38.085,5.432,1.770,-0.02392,0.47265,0.88916,31.08
$MAG,53101.899,0.076,-0.583,-0.930,29.7
$BARO,53101.906,69832.08,31.05
$IMU,53101.927,35.705,4.699,-4.333,-0.01855,0.51367,0.85058,31.07
$HUM,53101.961,27.1,31.5
$MAG,53102.000,0.094,-0.600,-0.907,30.0
$IMU,53102.002,33.264,7.507,-2.807,-0.05859,0.55566,0.83105,31.09
$BARO,53102.008,69829.67,31.05
$IMU,53102.077,32.226,5.432,-5.249,-0.05957,0.59814,0.81884,31.12
$MAG,53102.101,0.096,-0.624,-0.894,29.6
$BARO,53102.109,69842.58,31.05
$IMU,53102.152,30.517,6.042,-7.446,-0.08398,0.58789,0.79345,31.13
$TIME,53102.168,457773.000,2364
$MAG,53102.202,0.114,-0.627,-0.867,29.8
$BARO,53102.211,69845.61,31.05
$IMU,53102.227,33.020,7.446,-5.676,-0.12939,0.62402,0.72363,31.10
$VBAT,53102.239,3.929
$MAG,53102.302,0.099,-0.642,-0.843,29.7
$IMU,53102.302,33.813,8.117,4.211,-0.12646,0.71484,0.71142,31.12
$BARO,53102.312,69841.15,31.05
$IMU,53102.377,25.695,13.183,16.113,-0.09326,0.72509,0.69726,31.10
$MAG,53102.403,0.105,-0.678,-0.825,29.7
$BARO,53102.413,69839.12,31.05
$IMU,53102.453,24.169,17.883,20.019,-0.08984,0.78222,0.64794,31.09
$MAG,53102.504,0.099,-0.697,-0.801,29.6
$BARO,53102.515,69838.12,31.06
$IMU,53102.528,15.808,15.075,18.066,-0.01123,0.81201,0.60400,31.14
$IMU,53102.603,10.009,15.991,21.179,0.10156,0.80517,0.60498,31.13
$MAG,53102.605,0.085,-0.720,-0.768,29.7
$BARO,53102.616,69840.73,31.06
$IMU,53102.678,9.216,25.451,13.427,-0.01367,0.87158,0.57617,31.12
$MAG,53102.705,0.093,-0.718,-0.760,29.6
$BARO,53102.718,69839.51,31.06
$IMU,53102.753,-2.136,18.371,-1.831,-0.15576,0.85058,0.58251,31.10
$MAG,53102.806,0.091,-0.705,-0.762,30.0
$BARO,53102.819,69839.32,31.07
$IMU,53102.828,-12.207,-0.732,-11.352,-0.19433,0.75634,0.59814,31.11
$IMU,53102.903,-17.700,-15.380,-17.395,-0.17822,0.76171,0.65673,31.14
$MAG,53102.907,0.096,-0.691,-0.789,29.6
$BARO,53102.921,69845.58,31.06
$HUM,53102.977,27.3,31.5
$IMU,53102.978,-19.287,-18.066,-13.366,-0.17871,0.79248,0.62744,31.13
$MAG,53103.008,0.102,-0.684,-0.813,29.8
$BARO,53103.022,69845.19,31.06
$IMU,53103.053,-27.038,-15.014,2.746,-0.07031,0.76708,0.64453,31.12
$MAG,53103.108,0.097,-0.661,-0.838,29.8
$BARO,53103.123,69836.69,31.06
$IMU,53103.128,-39.306,-6.896,11.901,-0.04150,0.64648,0.74902,31.14
$TIME,53103.168,457774.000,2364
$IMU,53103.203,-33.996,1.159,14.404,-0.05029,0.63281,0.79394,31.14
$MAG,53103.209,0.084,-0.651,-0.855,30.0
$BARO,53103.225,69843.75,31.07
$VBAT,53103.241,3.935
$IMU,53103.278,-32.836,7.202,10.314,-0.07226,0.58886,0.81201,31.11
$MAG,53103.310,0.082,-0.652,-0.870,29.6
$BARO,53103.326,69842.97,31.06
$IMU,53103.353,-31.250,8.361,12.878,0.00781,0.58105,0.80615,31.15
$MAG,53103.411,0.078,-0.658,-0.864,29.8
$BARO,53103.428,69841.54,31.07
$IMU,53103.429,-33.813,26.794,27.282,0.00585,0.64501,0.75488,31.15
$IMU,53103.504,-54.809,51.208,39.245,-0.17626,0.46875,0.83886,31.14
$MAG,53103.512,0.102,-0.648,-0.858,29.6
$BARO,53103.529,69830.01,31.07
$IMU,53103.579,-58.288,38.391,22.033,-0.34619,0.26025,0.99707,31.12
$MAG,53103.612,0.090,-0.633,-0.880,29.7
$BARO,53103.631,69843.15,31.07
$IMU,53103.654,-38.513,-2.075,-5.737,-0.25000,0.18750,1.02587,31.15
$MAG,53103.713,0.091,-0.613,-0.904,29.6
$IMU,53103.729,-20.446,-26.916,-19.775,-0.18017,0.20263,1.02001,31.12
$BARO,53103.732,69836.05,31.07
$IMU,53103.804,-8.728,-38.818,-27.343,-0.11230,0.24462,0.99658,31.17
$MAG,53103.814,0.078,-0.586,-0.942,29.7
$BARO,53103.833,69840.68,31.07
$IMU,53103.879,-2.929,-41.931,-27.099,0.00537,0.26416,0.98291,31.10
$MAG,53103.915,0.072,-0.573,-0.951,29.8
$BARO,53103.935,69844.53,31.08
$IMU,53103.954,0.488,-26.489,-16.601,0.03222,0.26123,0.98339,31.14
$HUM,53103.994,26.5,31.5
$MAG,53104.016,0.046,-0.573,-0.966,29.7
$IMU,53104.029,3.906,-9.948,-3.967,0.01416,0.29101,0.97558,31.14
$BARO,53104.036,69837.66,31.08
$IMU,53104.104,5.249,-3.784,5.310,0.00341,0.30175,0.95361,31.14
$MAG,53104.116,0.054,-0.582,-0.969,29.7
$BARO,53104.138,69847.97,31.08
$TIME,53104.168,457775.000,2364
$IMU,53104.179,2.807,-3.662,4.699,0.00195,0.33349,0.93994,31.15
$MAG,53104.217,0.046,-0.583,-0.967,30.0
$BARO,53104.239,69839.27,31.08
$VBAT,53104.244,3.935
$IMU,53104.254,-4.089,-5.004,2.685,0.01318,0.33593,0.93701,31.13
$MAG,53104.318,0.045,-0.573,-0.964,30.0
$IMU,53104.329,-9.704,-4.150,3.784,0.03515,0.30175,0.95019,31.12
$BARO,53104.340,69847.36,31.08
$IMU,53104.405,-11.718,-4.028,4.211,0.05126,0.25683,0.96875,31.15
$MAG,53104.419,0.037,-0.568,-0.985,29.8
$BARO,53104.442,69840.46,31.08
$IMU,53104.480,-12.939,-6.835,1.220,0.10205,0.22509,1.00927,31.10
$MAG,53104.519,0.030,-0.561,-0.982,30.0
$BARO,53104.543,69835.61,31.08
$IMU,53104.555,-11.962,-6.652,1.953,0.13671,0.19970,1.00976,31.11
$MAG,53104.620,0.033,-0.553,-0.985,30.0
$IMU,53104.630,-8.117,-4.760,-0.671,0.12500,0.20068,1.00244,31.16
$BARO,53104.645,69843.90,31.09
$IMU,53104.705,-4.516,-5.920,-3.234,0.14013,0.20166,0.98876,31.14
$MAG,53104.721,0.030,-0.550,-0.991,29.6
$BARO,53104.746,69845.92,31.08
$IMU,53104.780,-3.051,-6.408,-7.507,0.16601,0.20654,0.99804,31.11
$MAG,53104.822,0.021,-0.546,-1.000,29.7
$BARO,53104.847,69845.51,31.09
$IMU,53104.855,-1.342,-5.493,-9.826,0.17041,0.21191,0.98828,31.12
$MAG,53104.923,0.037,-0.528,-1.002,29.7
$IMU,53104.930,0.915,-4.577,-13.916,0.16113,0.22119,0.97460,31.12
$BARO,53104.949,69842.88,31.09
$IMU,53105.005,2.441,-4.821,-16.357,0.16943,0.25732,0.97949,31.12
$HUM,53105.010,26.4,31.5
$MAG,53105.023,0.036,-0.523,-1.018,29.8
$BARO,53105.050,69841.07,31.09
$IMU,53105.080,0.976,-3.479,-16.723,0.19482,0.23095,0.99072,31.10
$MAG,53105.124,0.031,-0.519,-1.005,29.8
$BARO,53105.152,69843.49,31.09
$IMU,53105.155,7.263,1.098,-16.784,0.17773,0.23242,0.98681,31.18
$MAG,53105.225,0.045,-0.526,-1.000,30.0
$IMU,53105.230,16.540,1.342,-21.057,0.13671,0.29394,1.01416,31.15
$VBAT,53105.250,3.924
$BARO,53105.253,69837.20,31.09
$IMU,53105.305,27.954,-9.460,-32.714,0.03564,0.24902,1.01562,31.16
$MAG,53105.326,0.039,-0.526,-1.006,30.0
$BARO,53105.354,69839.42,31.10
$IMU,53105.380,53.527,-43.640,-62.988,0.01708,0.33251,0.93359,31.13
$MAG,53105.427,-0.012,-0.534,-1.032,29.8
$BARO,53105.456,69845.49,31.09
$IMU,53105.456,73.120,-77.636,-98.144,0.12158,0.48388,0.83984,31.17
$MAG,53105.527,-0.060,-0.546,-1.044,29.8
$IMU,53105.531,72.631,-81.298,-106.689,0.19335,0.61523,0.79589,31.17
$BARO,53105.557,69842.68,31.09
$IMU,53105.606,58.532,-67.687,-95.153,0.16796,0.67578,0.76074,31.17
$MAG,53105.628,-0.085,-0.544,-1.057,29.8
$BARO,53105.659,69839.42,31.10
$IMU,53105.681,47.729,-59.692,-86.181,0.13818,0.70410,0.67236,31.14
$MAG,53105.729,-0.120,-0.570,-1.059,29.7
$IMU,53105.756,40.283,-52.001,-74.951,0.11621,0.79931,0.63818,31.16
$BARO,53105.760,69837.59,31.10
$MAG,53105.830,-0.133,-0.574,-1.057,30.0
$IMU,53105.831,26.855,-40.222,-62.683,0.04882,0.81396,0.64941,31.14
$BARO,53105.861,69845.27,31.10
$IMU,53105.906,26.611,-24.475,-52.124,-0.03271,0.83837,0.55566,31.17
$MAG,53105.930,-0.136,-0.583,-1.054,30.0
$BARO,53105.963,69843.05,31.10
$IMU,53105.981,24.475,-10.620,-40.039,-0.09667,0.82373,0.48144,31.14
$HUM,53106.026,26.8,31.5
$MAG,53106.031,-0.130,-0.589,-1.050,29.8
$IMU,53106.056,18.005,-8.605,-31.494,-0.18554,0.94287,0.50976,31.11
$BARO,53106.064,69843.63,31.11
$IMU,53106.131,-5.004,-20.812,-24.475,-0.16406,0.84326,0.59228,31.15
$MAG,53106.132,-0.135,-0.573,-1.063,30.0
$BARO,53106.166,69839.61,31.10
$TIME,53106.168,457777.000,2364
$IMU,53106.206,-18.249,-23.925,-15.502,-0.18945,0.70605,0.65478,31.15
$MAG,53106.233,-0.162,-0.559,-1.075,29.7
$VBAT,53106.266,3.926
$BARO,53106.267,69849.70,31.11
$IMU,53106.281,-9.826,-24.414,-10.131,-0.19335,0.72363,0.68994,31.15
$MAG,53106.334,-0.172,-0.541,-1.083,29.8
$IMU,53106.356,-2.868,-24.841,-13.671,-0.19873,0.90917,0.63964,31.08
$BARO,53106.369,69840.00,31.11
$IMU,53106.432,-2.197,-19.714,-2.014,-0.09326,0.80664,0.49169,31.16
$MAG,53106.434,-0.196,-0.552,-1.092,29.8
$BARO,53106.470,69851.73,31.11
$IMU,53106.507,-2.197,-11.352,17.578,0.03662,0.79736,0.46484,31.18
$MAG,53106.535,-0.205,-0.559,-1.084,29.7
$BARO,53106.571,69835.93,31.11
$IMU,53106.582,-1.342,8.056,32.287,0.25439,0.88671,0.60693,31.14
$MAG,53106.636,-0.184,-0.577,-1.062,29.8
$IMU,53106.657,16.113,30.578,36.865,0.26806,0.93945,0.58300,31.13
$BARO,53106.673,69844.24,31.11
$IMU,53106.732,32.470,27.709,14.038,0.17431,0.84082,0.42089,31.19
$MAG,53106.737,-0.163,-0.606,-1.057,29.8
$BARO,53106.774,69834.91,31.11
$IMU,53106.807,40.283,22.766,-1.525,0.18115,0.92675,0.30859,31.13
$MAG,53106.838,-0.138,-0.639,-1.033,29.8
$BARO,53106.876,69845.05,31.11
$IMU,53106.882,34.301,24.719,0.122,0.07763,1.20996,0.21093,31.17
$MAG,53106.938,-0.126,-0.621,-1.036,30.0
$IMU,53106.957,-9.521,10.192,-7.812,-0.02832,1.14501,0.13183,31.15
$BARO,53106.977,69833.10,31.11
$IMU,53107.032,-63.110,-4.699,-8.239,0.03369,0.89648,0.43212,31.18
$MAG,53107.039,-0.132,-0.567,-1.075,30.0
$HUM,53107.043,26.7,31.6
$BARO,53107.078,69844.00,31.12
$IMU,53107.107,-53.710,0.610,-11.840,0.03027,0.47363,0.83837,31.16
$MAG,53107.140,-0.121,-0.570,-1.062,30.0
$BARO,53107.180,69843.80,31.12
$IMU,53107.182,29.113,10.681,-29.174,-0.17968,0.76269,0.53857,31.17
$MAG,53107.241,-0.100,-0.583,-1.035,29.8
$IMU,53107.257,37.780,3.234,-23.071,-0.20263,1.07080,0.40478,31.15
$VBAT,53107.269,3.947
$BARO,53107.281,69851.29,31.12
$IMU,53107.332,-8.666,0.366,-3.295,-0.26318,0.83056,0.50292,31.17
$MAG,53107.342,-0.103,-0.585,-1.057,30.0
$BARO,53107.383,69841.39,31.12
$IMU,53107.408,-5.737,-1.525,13.671,-0.03759,0.80517,0.58203,31.18
$MAG,53107.442,-0.114,-0.591,-1.051,29.8
$IMU,53107.483,11.230,9.460,21.850,-0.21826,0.81591,0.48486,31.17
$BARO,53107.484,69844.00,31.12
$MAG,53107.543,-0.097,-0.610,-1.042,29.7
$IMU,53107.558,18.493,5.249,-1.342,-0.36328,0.93945,0.41552,31.18
$BARO,53107.585,69844.58,31.12
$IMU,53107.633,9.765,-2.502,5.493,-0.33398,0.91259,0.37792,31.15
$MAG,53107.644,-0.108,-0.619,-1.042,30.0
$BARO,53107.687,69843.97,31.13
$IMU,53107.708,-2.746,-21.179,25.451,0.15039,0.92871,0.32763,31.15
$MAG,53107.745,-0.150,-0.613,-1.053,30.0
$IMU,53107.783,-9.338,-11.352,29.113,0.20166,1.03222,0.37695,31.18
$BARO,53107.788,69847.63,31.12
$MAG,53107.845,-0.144,-0.598,-1.056,30.0
$IMU,53107.858,-15.991,-0.244,1.831,0.11572,0.89599,0.44482,31.17
$BARO,53107.890,69831.42,31.13
$IMU,53107.933,-4.028,1.098,-14.099,0.09228,0.89550,0.48046,31.17
$MAG,53107.946,-0.135,-0.600,-1.054,29.7
$BARO,53107.991,69844.97,31.13
$IMU,53108.008,6.469,-1.953,-23.376,0.05517,0.88818,0.45019,31.14
$MAG,53108.047,-0.130,-0.606,-1.050,30.0
$HUM,53108.059,26.8,31.6
$IMU,53108.083,12.451,-3.295,-27.832,-0.06787,0.95019,0.40966,31.17
$BARO,53108.092,69838.32,31.13
$MAG,53108.148,-0.124,-0.598,-1.059,29.7
$IMU,53108.158,-2.136,1.342,-14.343,-0.08300,0.95556,0.44531,31.20
$TIME,53108.168,457779.000,2364
$BARO,53108.194,69841.93,31.13
$IMU,53108.233,-15.808,9.338,3.601,-0.01660,0.83789,0.51611,31.17
$MAG,53108.249,-0.109,-0.589,-1.048,29.6
$VBAT,53108.285,3.950
$BARO,53108.295,69844.17,31.13
$IMU,53108.308,-8.789,26.245,7.446,0.06103,0.88037,0.50439,31.17
$MAG,53108.349,-0.072,-0.588,-1.038,30.0
$IMU,53108.383,-5.371,50.109,9.521,-0.25830,0.85351,0.45800,31.18
$BARO,53108.397,69842.76,31.13
$MAG,53108.450,-0.033,-0.589,-1.026,29.8
$IMU,53108.459,-1.342,39.611,2.014,-0.23730,0.89013,0.47021,31.20
$BARO,53108.498,69838.10,31.13
$IMU,53108.534,-1.037,32.287,5.187,-0.24023,0.85693,0.47119,31.14
$MAG,53108.551,-0.015,-0.588,-1.008,30.0
$BARO,53108.599,69835.86,31.13
$IMU,53108.609,5.249,23.559,7.141,-0.16406,0.87939,0.43115,31.18
$MAG,53108.652,-0.006,-0.606,-0.982,29.8
$IMU,53108.684,8.605,23.803,10.498,-0.20019,0.94482,0.40673,31.16
$BARO,53108.701,69843.75,31.13
$MAG,53108.753,0.012,-0.610,-0.975,30.0
$IMU,53108.759,-0.244,22.460,6.530,-0.22900,0.88867,0.43945,31.14
$BARO,53108.802,69842.12,31.14
$IMU,53108.834,1.831,20.324,9.399,-0.21093,0.87890,0.39892,31.19
$MAG,53108.853,0.019,-0.612,-0.960,30.0
$BARO,53108.904,69845.17,31.14
$IMU,53108.909,6.652,22.766,12.329,-0.19970,0.90869,0.40185,31.17
$MAG,53108.954,0.040,-0.633,-0.952,30.0
$IMU,53108.984,3.723,23.010,13.549,-0.24316,0.91650,0.44824,31.17
$BARO,53109.005,69843.95,31.14
$MAG,53109.055,0.043,-0.637,-0.936,30.0
$IMU,53109.059,0.793,20.141,10.314,-0.25195,0.91210,0.45654,31.19
$HUM,53109.075,26.9,31.6
$BARO,53109.106,69843.56,31.13
$IMU,53109.134,0.122,18.737,11.657,-0.23681,0.93750,0.46289,31.19
$MAG,53109.156,0.049,-0.645,-0.925,30.0
$BARO,53109.208,69839.88,31.14
$IMU,53109.209,-3.234,19.531,21.850,-0.18994,0.88671,0.43164,31.18
$MAG,53109.256,0.042,-0.661,-0.904,30.0
$IMU,53109.284,-2.807,20.935,25.329,-0.14208,0.96630,0.41259,31.19
$VBAT,53109.287,3.922
$BARO,53109.309,69846.97,31.14
$MAG,53109.357,0.049,-0.678,-0.901,30.0
$IMU,53109.359,-10.375,22.033,28.991,-0.08544,0.91308,0.38281,31.23
$BARO,53109.411,69839.49,31.14
$IMU,53109.435,-11.840,28.808,32.043,-0.07031,0.92529,0.40380,31.17
$MAG,53109.458,0.043,-0.688,-0.886,30.0
$IMU,53109.510,-13.122,30.517,32.104,-0.09179,0.93554,0.43408,31.21
$BARO,53109.512,69837.86,31.15
$MAG,53109.559,0.043,-0.699,-0.880,30.0
$IMU,53109.585,-12.634,20.263,24.963,-0.08154,0.89257,0.44677,31.16
$BARO,53109.613,69846.36,31.14
$MAG,53109.659,0.039,-0.700,-0.880,30.0
$IMU,53109.660,-7.507,8.911,18.493,0.02636,0.87597,0.46972,31.22
$BARO,53109.715,69840.27,31.15
$IMU,53109.735,0.915,7.141,14.465,-0.00683,0.81152,0.46484,31.17
$MAG,53109.760,0.033,-0.721,-0.879,30.0
$IMU,53109.810,16.113,-8.239,8.056,-0.05566,0.86425,0.41894,31.18
$BARO,53109.816,69842.71,31.15
$MAG,53109.861,0.012,-0.735,-0.865,30.0
$IMU,53109.885,28.991,-29.052,-0.488,0.11035,1.00000,0.34863,31.16
$BARO,53109.918,69832.20,31.14
$IMU,53109.960,15.625,-22.705,2.258,0.12597,1.03417,0.32324,31.21
$MAG,53109.962,0.003,-0.732,-0.870,30.0
$BARO,53110.019,69835.39,31.15
$IMU,53110.035,-1.708,-15.319,7.507,0.15673,0.95898,0.30810,31.19
$MAG,53110.062,-0.004,-0.735,-0.874,30.0
$HUM,53110.092,26.9,31.6
$IMU,53110.110,-2.868,-6.896,13.732,0.25976,1.01660,0.33007,31.20
$BARO,53110.121,69847.95,31.15
$MAG,53110.163,-0.018,-0.736,-0.880,29.8
$TIME,53110.168,457781.000,2364
$IMU,53110.185,-11.413,13.122,19.653,0.31250,1.02441,0.30224,31.18
$BARO,53110.222,69843.49,31.16
$IMU,53110.260,-30.212,33.142,20.996,0.20458,0.95849,0.32617,31.21
$MAG,53110.264,-0.015,-0.736,-0.889,30.0
$VBAT,53110.302,3.934
$BARO,53110.323,69842.49,31.15
$IMU,53110.335,-36.071,23.620,11.535,0.19531,0.87060,0.41064,31.23
$MAG,53110.365,-0.004,-0.709,-0.894,30.0
$IMU,53110.411,-27.954,12.329,-1.892,0.24755,0.91894,0.44238,31.21
$BARO,53110.425,69848.97,31.16
$MAG,53110.465,0.010,-0.693,-0.904,30.0
$IMU,53110.486,-32.775,19.653,-2.563,0.19335,0.90087,0.44677,31.20
$BARO,53110.526,69844.88,31.16
$IMU,53110.561,-32.653,23.010,-6.652,0.14257,0.76464,0.52441,31.23
$MAG,53110.566,0.031,-0.675,-0.910,30.0
$BARO,53110.628,69836.81,31.16
$IMU,53110.636,-10.925,19.165,-11.962,0.10986,0.83056,0.53906,31.26
$MAG,53110.667,0.048,-0.670,-0.907,30.1
$IMU,53110.711,-8.972,11.352,-9.094,0.13085,0.95458,0.49658,31.22
$BARO,53110.729,69839.22,31.16
$MAG,53110.768,0.063,-0.640,-0.927,30.0
$IMU,53110.786,-36.254,2.075,-2.746,0.22802,0.88476,0.51806,31.21
$BARO,53110.831,69842.68,31.16
$IMU,53110.861,-46.691,11.169,-7.629,0.27880,0.68603,0.67431,31.21
$MAG,53110.869,0.067,-0.616,-0.939,29.8
$BARO,53110.932,69839.64,31.16
$IMU,53110.936,-22.277,25.634,-14.953,0.14990,0.71044,0.71679,31.21
$MAG,53110.969,0.093,-0.594,-0.921,30.0
$IMU,53111.011,-11.291,29.052,-15.625,0.04296,0.76220,0.71337,31.19
$BARO,53111.033,69845.29,31.16
$MAG,53111.070,0.120,-0.583,-0.898,30.0
$IMU,53111.086,-15.563,37.353,-4.516,-0.14111,0.68212,0.74365,31.22
$HUM,53111.108,27.1,31.6
$BARO,53111.135,69838.61,31.16
$IMU,53111.161,-19.104,44.738,4.943,-0.37695,0.59033,0.77050,31.23
$MAG,53111.171,0.138,-0.577,-0.868,29.7
$BARO,53111.236,69841.63,31.17
$IMU,53111.236,-15.441,38.635,1.037,-0.49804,0.55859,0.75439,31.16
$MAG,53111.272,0.162,-0.577,-0.859,30.0
$VBAT,53111.305,3.937
$IMU,53111.311,-15.258,22.949,3.662,-0.46289,0.54736,0.75390,31.23
$BARO,53111.338,69849.12,31.17
$MAG,53111.373,0.159,-0.562,-0.847,29.6
$IMU,53111.386,-10.803,15.014,4.760,-0.41406,0.54882,0.74414,31.22
$BARO,53111.439,69836.56,31.17
$IMU,53111.462,-5.554,13.488,6.835,-0.38183,0.56787,0.72314,31.20
$MAG,53111.473,0.159,-0.576,-0.834,30.0
$IMU,53111.537,-5.981,12.023,4.577,-0.45703,0.60205,0.75000,31.21
$BARO,53111.540,69847.51,31.17
$MAG,53111.574,0.168,-0.568,-0.843,30.0
$IMU,53111.612,-4.577,3.356,-1.831,-0.47412,0.55517,0.76367,31.21
$BARO,53111.642,69843.66,31.17
$MAG,53111.675,0.171,-0.574,-0.838,29.7
$IMU,53111.687,-1.220,-4.760,-3.112,-0.49023,0.54736,0.80468,31.21
$BARO,53111.743,69843.24,31.17
$IMU,53111.762,-2.075,-11.230,3.417,-0.43603,0.44873,0.85888,31.20
$MAG,53111.776,0.151,-0.583,-0.841,30.0
$IMU,53111.837,31.677,-17.150,15.258,-0.24414,0.55468,0.76855,31.22
$BARO,53111.845,69842.24,31.17
$MAG,53111.876,0.132,-0.627,-0.844,30.0
$IMU,53111.912,43.518,-16.662,24.169,-0.11816,0.84863,0.63232,31.19
$BARO,53111.946,69840.22,31.17
$MAG,53111.977,0.124,-0.628,-0.853,30.0
$IMU,53111.987,3.906,-18.249,14.831,-0.09570,0.91406,0.54736,31.20
$BARO,53112.048,69843.02,31.17
$IMU,53112.062,-67.321,-31.372,-0.061,-0.01904,0.91601,0.46191,31.20
$MAG,53112.078,0.105,-0.568,-0.925,30.0
$HUM,53112.124,26.8,31.6
$IMU,53112.137,-111.328,-40.954,-10.864,0.17626,0.45410,0.72216,31.23
$BARO,53112.149,69841.00,31.17
$TIME,53112.168,457783.000,2364
$MAG,53112.179,0.078,-0.505,-0.972,30.0
$IMU,53112.212,-77.026,-22.583,-18.127,0.13720,0.24023,1.03906,31.19
$BARO,53112.250,69845.05,31.18
$MAG,53112.280,0.088,-0.481,-0.987,30.0
$IMU,53112.287,-28.198,-9.155,-8.605,0.07763,0.31738,1.03076,31.21
$VBAT,53112.321,3.919
$BARO,53112.352,69835.74,31.17
$IMU,53112.362,-8.300,-6.042,3.906,0.10351,0.32128,0.93505,31.23
$MAG,53112.380,0.090,-0.480,-0.988,30.0
$IMU,53112.438,0.244,1.708,11.047,0.14111,0.39501,0.98388,31.22
$BARO,53112.453,69846.87,31.17
$MAG,53112.481,0.085,-0.498,-0.981,30.0
$IMU,53112.513,3.173,16.967,20.935,0.03369,0.33984,1.04248,31.18
$BARO,53112.555,69847.24,31.19
$MAG,53112.582,0.094,-0.520,-0.963,30.0
$IMU,53112.588,11.596,21.789,24.719,-0.13134,0.38378,0.97460,31.23
$BARO,53112.656,69837.73,31.18
$IMU,53112.663,-1.464,18.981,17.517,-0.28564,0.37255,0.95410,31.20
$MAG,53112.683,0.103,-0.529,-0.946,30.0
$IMU,53112.738,-10.070,15.808,17.761,-0.29443,0.27148,0.92822,31.19
$BARO,53112.757,69841.98,31.18
$MAG,53112.783,0.099,-0.546,-0.927,30.0
$IMU,53112.813,-6.347,13.610,32.104,-0.26708,0.28564,0.94775,31.19
$BARO,53112.859,69836.32,31.18
$MAG,53112.884,0.100,-0.568,-0.930,30.0
$IMU,53112.888,-1.281,12.207,34.729,-0.21972,0.27832,0.93701,31.25
$BARO,53112.960,69847.46,31.18
$IMU,53112.963,1.953,10.437,25.695,-0.23632,0.23681,1.01123,31.19
$MAG,53112.985,0.090,-0.586,-0.921,30.0
$IMU,53113.038,14.892,6.530,20.324,-0.23291,0.19433,1.01660,31.21
$BARO,53113.062,69837.12,31.18
$MAG,53113.086,0.099,-0.618,-0.904,29.7
$IMU,53113.113,36.621,2.136,20.751,-0.16650,0.34912,0.96728,31.21
$HUM,53113.140,26.7,31.6
$BARO,53113.163,69842.58,31.19
$TIME,53113.168,457784.000,2364
$MAG,53113.186,0.076,-0.670,-0.888,30.0
$IMU,53113.188,41.503,-2.197,20.874,-0.10156,0.46582,0.90039,31.28
$IMU,53113.263,38.940,-2.380,13.793,-0.02441,0.49072,0.81787,31.23
$BARO,53113.264,69836.10,31.19
$MAG,53113.287,0.079,-0.684,-0.859,30.0
$VBAT,53113.321,3.919
$IMU,53113.338,37.231,2.807,13.916,-0.00439,0.65039,0.76171,31.23
$BARO,53113.366,69836.71,31.19
$MAG,53113.388,0.066,-0.711,-0.838,30.0
$IMU,53113.414,24.108,4.089,13.854,0.03710,0.65380,0.77392,31.23
$BARO,53113.467,69848.63,31.20
$MAG,53113.489,0.067,-0.723,-0.826,29.8
$IMU,53113.489,13.793,3.723,12.023,0.08398,0.69189,0.80078,31.24
$IMU,53113.564,9.765,7.385,9.094,0.09521,0.66503,0.76513,31.28
$BARO,53113.569,69841.15,31.19
$MAG,53113.589,0.061,-0.733,-0.813,30.0
$IMU,53113.639,13.916,13.793,5.737,0.06445,0.69238,0.70507,31.22
$BARO,53113.670,69847.83,31.19
$MAG,53113.690,0.060,-0.751,-0.787,30.0
$IMU,53113.714,14.465,13.977,5.310,0.03759,0.73339,0.68457,31.19
$BARO,53113.772,69843.97,31.20
$IMU,53113.789,9.216,11.230,3.112,0.01464,0.73925,0.71484,31.26
$MAG,53113.791,0.061,-0.756,-0.777,29.7
$IMU,53113.864,2.197,11.901,6.408,-0.01757,0.75830,0.74951,31.22
$BARO,53113.873,69836.49,31.19
$MAG,53113.892,0.063,-0.768,-0.771,30.0
$IMU,53113.939,-0.488,14.465,8.850,-0.05322,0.68310,0.70410,31.23
$BARO,53113.974,69826.77,31.20
$MAG,53113.992,0.060,-0.751,-0.762,30.0
$IMU,53114.014,0.732,17.028,6.103,-0.11962,0.73193,0.71679,31.27
$BARO,53114.076,69842.56,31.20
$IMU,53114.089,-5.371,16.784,2.136,-0.19580,0.70068,0.73144,31.23
$MAG,53114.093,0.067,-0.756,-0.753,30.0
$HUM,53114.157,26.7,31.6
$IMU,53114.164,-6.408,10.803,0.061,-0.19238,0.66748,0.74267,31.23
$TIME,53114.168,457785.000,2364
$BARO,53114.177,69844.17,31.20
$MAG,53114.194,0.067,-0.765,-0.753,30.0
$IMU,53114.239,-5.249,8.850,2.136,-0.18994,0.67089,0.74853,31.23
$BARO,53114.279,69837.49,31.20
$MAG,53114.295,0.069,-0.760,-0.759,30.0
$IMU,53114.314,-5.310,10.070,3.356,-0.21044,0.67285,0.74414,31.25
$VBAT,53114.335,3.932
$BARO,53114.380,69841.12,31.20
$IMU,53114.390,-6.103,10.070,2.868,-0.23046,0.65771,0.74951,31.26
$MAG,53114.395,0.064,-0.754,-0.742,30.1
$IMU,53114.465,-4.943,8.300,4.272,-0.22998,0.65576,0.74853,31.23
$BARO,53114.481,69839.88,31.21
$MAG,53114.496,0.061,-0.765,-0.745,29.7
$IMU,53114.540,-3.112,8.056,4.333,-0.22949,0.64843,0.73388,31.23
$BARO,53114.583,69840.90,31.20
$MAG,53114.597,0.070,-0.771,-0.747,30.1
$IMU,53114.615,-4.089,7.324,4.638,-0.23974,0.66113,0.75976,31.22
$BARO,53114.684,69845.75,31.21
$IMU,53114.690,-3.234,4.943,6.042,-0.22802,0.63037,0.75830,31.24
$MAG,53114.698,0.054,-0.774,-0.744,30.1
$IMU,53114.765,1.342,1.708,8.544,-0.20410,0.68359,0.74316,31.22
$BARO,53114.786,69839.90,31.20
$MAG,53114.798,0.051,-0.777,-0.736,30.0
$IMU,53114.840,-1.647,-0.549,8.850,-0.17626,0.63916,0.74951,31.25
$BARO,53114.887,69844.73,31.21
$MAG,53114.899,0.036,-0.787,-0.742,30.0
$IMU,53114.915,-0.366,-2.685,9.765,-0.14208,0.67871,0.75244,31.25
$BARO,53114.989,69844.92,31.21
$IMU,53114.990,-1.525,-4.028,7.507,-0.12792,0.67871,0.73828,31.25
$MAG,53115.000,0.036,-0.784,-0.748,30.1
$IMU,53115.065,-2.380,-7.080,1.953,-0.09472,0.68798,0.74804,31.24
$BARO,53115.090,69838.05,31.21
$MAG,53115.101,0.037,-0.786,-0.748,30.0
$IMU,53115.140,-5.371,-7.751,0.122,-0.06542,0.68212,0.75634,31.24
$TIME,53115.168,457786.000,2364
$HUM,53115.173,26.7,31.6
$BARO,53115.191,69840.07,31.21
$MAG,53115.202,0.036,-0.778,-0.765,30.0
$IMU,53115.215,-7.507,-8.117,-0.610,-0.04345,0.70166,0.74316,31.25
$IMU,53115.290,-16.967,-12.451,-7.751,-0.01367,0.67578,0.75292,31.28
$BARO,53115.293,69842.10,31.21
$MAG,53115.302,0.040,-0.772,-0.790,30.0
$VBAT,53115.336,3.927
$IMU,53115.365,-24.414,-14.953,-18.188,-0.00634,0.62304,0.79003,31.24
$BARO,53115.394,69844.71,31.22
$MAG,53115.403,0.057,-0.736,-0.822,30.1
$IMU,53115.441,-25.451,-12.878,-17.456,0.00000,0.57177,0.84277,31.23
$BARO,53115.496,69839.44,31.22
$MAG,53115.504,0.054,-0.723,-0.832,30.1
$IMU,53115.516,-21.301,-7.629,-14.587,-0.01904,0.54443,0.83740,31.25
$IMU,53115.591,-18.188,-6.103,-11.413,-0.01562,0.56689,0.85107,31.27
$BARO,53115.597,69839.66,31.22
$MAG,53115.605,0.060,-0.715,-0.865,30.1
$IMU,53115.666,-14.526,0.549,-4.272,0.05322,0.43310,0.93701,31.28
$BARO,53115.699,69840.88,31.22
$MAG,53115.706,0.070,-0.721,-0.834,30.1
$IMU,53115.741,5.004,32.104,14.770,-0.01464,0.38574,0.96972,31.23
$BARO,53115.800,69840.44,31.22
$MAG,53115.806,0.069,-0.739,-0.784,30.1
$IMU,53115.816,25.939,53.466,29.479,-0.29833,0.53076,0.84033,31.26
$IMU,53115.891,18.798,34.729,27.343,-0.25439,0.57031,0.78222,31.26
$BARO,53115.901,69839.22,31.22
$MAG,53115.907,0.060,-0.772,-0.748,30.0
$IMU,53115.966,5.187,31.127,28.381,-0.27539,0.64062,0.78662,31.25
$BARO,53116.003,69845.10,31.23
$MAG,53116.008,0.040,-0.786,-0.747,30.1
$IMU,53116.041,-5.493,26.062,27.282,-0.33740,0.60839,0.74609,31.26
$BARO,53116.104,69836.39,31.23
$MAG,53116.109,0.036,-0.786,-0.750,30.1
$IMU,53116.116,-15.014,7.751,15.136,-0.30175,0.56835,0.80566,31.25
$TIME,53116.168,457786.000,2364
$HUM,53116.189,26.4,31.6
$IMU,53116.191,-22.216,2.929,4.821,-0.31982,0.38330,0.92871,31.26
$BARO,53116.205,69840.63,31.23
$MAG,53116.209,0.031,-0.790,-0.759,30.0
$IMU,53116.266,4.516,-2.929,0.610,-0.29638,0.43798,0.87158,31.23
$BARO,53116.307,69835.15,31.23
$MAG,53116.310,0.034,-0.783,-0.736,30.0
$VBAT,53116.336,3.932
$IMU,53116.341,20.812,-12.939,-1.770,-0.24560,0.65966,0.75976,31.29
$BARO,53116.408,69840.22,31.24
$MAG,53116.411,0.033,-0.790,-0.747,30.0
$IMU,53116.417,4.516,-14.160,-5.310,-0.23535,0.58203,0.78222,31.28
$IMU,53116.492,2.746,-15.075,-6.774,-0.22412,0.65722,0.79443,31.25
$BARO,53116.510,69844.05,31.23
$MAG,53116.512,0.031,-0.789,-0.760,30.0
$IMU,53116.567,-4.455,-21.911,-6.164,-0.05761,0.56298,0.75146,31.25
$BARO,53116.611,69839.81,31.24
$MAG,53116.613,0.024,-0.780,-0.768,30.1
$IMU,53116.642,-6.347,-17.456,-6.286,-0.02050,0.62548,0.82568,31.26
$BARO,53116.712,69832.71,31.23
$MAG,53116.713,0.025,-0.774,-0.777,30.0
$IMU,53116.717,-6.225,-7.995,-3.723,-0.04443,0.56884,0.84863,31.28
$IMU,53116.792,1.831,-6.408,0.000,0.01855,0.62841,0.85595,31.29
$BARO,53116.814,69837.17,31.24
$MAG,53116.814,0.021,-0.781,-0.777,30.0
$IMU,53116.867,1.098,2.136,5.615,0.03515,0.55761,0.89648,31.33
$BARO,53116.915,69836.73,31.24
$MAG,53116.915,0.021,-0.789,-0.757,30.0
$IMU,53116.942,15.747,18.432,6.835,-0.10253,0.59960,0.79980,31.28
$MAG,53117.016,0.013,-0.805,-0.726,30.0
$BARO,53117.017,69838.17,31.24
$IMU,53117.017,25.573,14.953,8.911,-0.10595,0.70605,0.70117,31.26
$IMU,53117.092,16.723,14.892,16.906,-0.04003,0.70214,0.72753,31.28
$MAG,53117.116,-0.001,-0.814,-0.703,30.0
$BARO,53117.118,69841.61,31.24
$IMU,53117.167,11.474,24.291,21.057,-0.08251,0.75585,0.72753,31.29
$TIME,53117.168,457788.000,2364
$HUM,53117.205,26.5,31.7
$MAG,53117.217,-0.018,-0.831,-0.675,30.0
$BARO,53117.219,69835.93,31.24
$IMU,53117.242,5.859,30.456,21.362,-0.11914,0.67822,0.70605,31.24
$IMU,53117.317,7.934,33.081,21.545,-0.19091,0.72363,0.72753,31.27
$MAG,53117.318,-0.027,-0.835,-0.655,30.0
$BARO,53117.321,69838.54,31.25
$VBAT,53117.337,3.924
$IMU,53117.393,7.934,25.756,15.563,-0.22412,0.75488,0.66943,31.27
$MAG,53117.419,-0.042,-0.840,-0.649,30.1
$BARO,53117.422,69842.19,31.24
$IMU,53117.468,-4.943,13.122,11.535,-0.18408,0.85302,0.59423,31.28
$MAG,53117.520,-0.040,-0.846,-0.670,30.0
$BARO,53117.524,69847.05,31.25
$IMU,53117.543,-34.790,5.798,2.563,-0.20166,0.66357,0.67138,31.31
$IMU,53117.618,-27.893,2.014,-7.080,-0.29785,0.48437,0.84179,31.29
$MAG,53117.620,-0.028,-0.829,-0.688,30.1
$BARO,53117.625,69839.37,31.25
$IMU,53117.693,17.272,-12.573,-15.930,-0.29394,0.51367,0.84472,31.25
$MAG,53117.721,-0.016,-0.832,-0.664,30.0
$BARO,53117.726,69838.54,31.25
$IMU,53117.768,57.250,-22.766,-22.155,-0.27392,0.60546,0.73974,31.29
$MAG,53117.822,-0.001,-0.826,-0.603,30.0
$BARO,53117.828,69840.76,31.25
$IMU,53117.843,79.650,-23.559,-22.888,-0.28222,0.77929,0.55664,31.30
$IMU,53117.918,63.415,-25.817,-15.686,-0.26464,1.03906,0.40625,31.28
$MAG,53117.923,0.025,-0.813,-0.583,30.1
$BARO,53117.929,69835.10,31.25
$IMU,53117.993,-1.159,-27.221,-11.657,-0.29492,1.11376,0.35986,31.27
$MAG,53118.024,0.030,-0.798,-0.646,30.0
$BARO,53118.031,69838.93,31.26
$IMU,53118.068,-71.716,-36.560,-11.474,-0.22851,0.85351,0.39746,31.23
$MAG,53118.124,0.037,-0.781,-0.745,30.0
$BARO,53118.132,69836.91,31.26
$IMU,53118.143,-92.651,-43.151,-12.756,-0.02294,0.53417,0.60498,31.30
$TIME,53118.168,457789.000,2364
$IMU,53118.218,-67.749,-28.930,-17.517,-0.00488,0.59423,0.89746,31.28
$HUM,53118.222,26.6,31.7
$MAG,53118.225,0.036,-0.756,-0.805,30.0
$BARO,53118.233,69836.49,31.26
$IMU,53118.293,-49.011,-17.395,-9.460,-0.04687,0.53417,0.93505,31.30
$MAG,53118.326,0.040,-0.739,-0.843,30.1
$BARO,53118.335,69839.54,31.25
$VBAT,53118.337,3.919
$IMU,53118.368,-27.099,-11.291,-5.981,-0.03613,0.48583,0.88964,31.27
$MAG,53118.427,0.028,-0.730,-0.849,30.0
$BARO,53118.436,69833.25,31.26
$IMU,53118.444,-11.230,-4.638,0.427,-0.05810,0.54296,0.79003,31.29
$IMU,53118.519,-8.850,-2.014,10.681,0.00830,0.58740,0.79248,31.31
$MAG,53118.528,0.027,-0.732,-0.850,30.0
$BARO,53118.538,69841.93,31.27
$IMU,53118.594,-8.789,8.239,26.977,0.06445,0.61230,0.84228,31.30
$MAG,53118.628,0.016,-0.750,-0.853,30.1
$BARO,53118.639,69827.16,31.26
$IMU,53118.669,-11.413,21.118,33.874,0.03466,0.56689,0.91552,31.30
$MAG,53118.729,0.009,-0.762,-0.837,30.0
$BARO,53118.740,69837.69,31.27
$IMU,53118.744,2.014,28.564,29.541,-0.08300,0.51513,0.88427,31.30
$IMU,53118.819,5.737,26.916,28.015,-0.23388,0.61767,1.00390,31.32
$MAG,53118.830,-0.004,-0.774,-0.835,30.0
$BARO,53118.842,69838.68,31.27
$IMU,53118.894,-20.080,23.437,27.099,-0.22607,0.21289,1.00585,31.28
$MAG,53118.931,-0.006,-0.789,-0.841,30.0
$BARO,53118.943,69835.03,31.27
$IMU,53118.969,-6.713,24.780,34.729,-0.23535,0.30615,0.93408,31.30
$MAG,53119.032,-0.027,-0.814,-0.825,30.0
$IMU,53119.044,3.967,30.761,38.452,-0.17675,0.35253,0.86669,31.27
$BARO,53119.045,69841.71,31.28
$IMU,53119.119,4.638,41.015,42.419,-0.30322,0.41650,0.83300,31.30
$MAG,53119.132,-0.040,-0.835,-0.810,30.0
$BARO,53119.146,69842.54,31.27
$IMU,53119.194,2.563,35.461,35.705,-0.36572,0.48291,0.81640,31.28
$MAG,53119.233,-0.049,-0.853,-0.798,30.0
$HUM,53119.238,25.9,31.7
$BARO,53119.247,69843.93,31.28
$IMU,53119.269,-1.281,26.306,31.616,-0.38720,0.50439,0.82275,31.31
$MAG,53119.334,-0.070,-0.861,-0.804,30.1
$VBAT,53119.337,3.919
$IMU,53119.344,-9.399,17.395,29.785,-0.37255,0.42089,0.82910,31.30
$BARO,53119.349,69845.14,31.28
$IMU,53119.420,-6.774,8.056,31.921,-0.28955,0.45458,0.82666,31.30
$MAG,53119.435,-0.105,-0.865,-0.799,30.1
$BARO,53119.450,69827.13,31.27
$IMU,53119.495,-3.662,8.117,29.785,-0.30419,0.45263,0.84619,31.36
$MAG,53119.535,-0.112,-0.877,-0.810,30.1
$BARO,53119.552,69835.00,31.28
$IMU,53119.570,-2.746,0.488,20.385,-0.26562,0.47265,0.92187,31.26
$MAG,53119.636,-0.124,-0.880,-0.804,30.0
$IMU,53119.645,0.793,-8.422,8.789,-0.16699,0.52880,1.02197,31.32
$BARO,53119.653,69843.90,31.28
$IMU,53119.720,11.474,-3.417,4.028,-0.15478,0.54638,0.93994,31.30
$MAG,53119.737,-0.133,-0.886,-0.781,30.0
$BARO,53119.754,69846.12,31.28
$IMU,53119.795,9.521,-6.286,11.413,-0.15185,0.55224,0.73339,31.30
$MAG,53119.838,-0.172,-0.895,-0.792,30.0
$BARO,53119.856,69834.18,31.28
$IMU,53119.870,-7.019,-18.432,19.470,-0.04736,0.60107,0.73535,31.35
$MAG,53119.938,-0.192,-0.882,-0.819,30.0
$IMU,53119.945,-28.686,-14.282,26.245,-0.01806,0.56591,0.87792,31.32
$BARO,53119.957,69842.07,31.29
$IMU,53120.020,-39.184,-8.850,36.865,-0.00390,0.45996,0.88769,31.31
$MAG,53120.039,-0.237,-0.877,-0.859,30.1
$BARO,53120.059,69833.57,31.29
$IMU,53120.095,-34.912,-0.122,41.870,0.03857,0.37207,0.89355,31.32
$MAG,53120.140,-0.285,-0.862,-0.873,30.1
$BARO,53120.160,69844.49,31.29
$TIME,53120.168,457790.000,2364
$IMU,53120.170,-23.742,11.535,46.447,0.09228,0.31689,0.95751,31.30
$MAG,53120.241,-0.301,-0.873,-0.873,30.0
$IMU,53120.245,-0.610,19.042,40.710,0.17578,0.33935,0.98193,31.34
$HUM,53120.254,25.5,31.7
$BARO,53120.261,69839.42,31.29
$IMU,53120.320,27.343,29.113,24.719,0.21289,0.31884,1.00537,31.35
$VBAT,53120.338,3.930
$MAG,53120.341,-0.310,-0.906,-0.823,30.1
$BARO,53120.363,69831.52,31.29
$IMU,53120.396,71.105,38.452,5.676,0.06542,0.40771,0.77392,31.31
$MAG,53120.442,-0.294,-0.945,-0.727,30.0
$BARO,53120.464,69826.67,31.29
$IMU,53120.471,92.346,25.451,-11.962,-0.06835,0.90527,0.54443,31.32
$MAG,53120.543,-0.271,-0.954,-0.733,30.0
$IMU,53120.546,24.169,-1.281,-21.789,-0.12500,1.18603,0.66162,31.35
$BARO,53120.566,69841.83,31.30
$IMU,53120.621,-62.194,-25.695,-37.719,-0.24169,0.44677,0.87060,31.32
$MAG,53120.644,-0.243,-0.928,-0.799,30.1
$BARO,53120.667,69832.93,31.30
$IMU,53120.696,-46.752,-37.475,-65.612,-0.17529,0.17724,1.02539,31.32
$MAG,53120.744,-0.187,-0.927,-0.792,30.1
$BARO,53120.768,69838.39,31.30
$IMU,53120.771,9.338,-34.973,-61.706,-0.16015,0.20800,1.00292,31.32
$MAG,53120.845,-0.120,-0.942,-0.720,30.3
$IMU,53120.846,60.974,-24.475,-75.683,-0.28417,0.39208,0.87597,31.35
$BARO,53120.870,69850.34,31.30
$IMU,53120.921,78.125,-30.578,-73.669,-0.36572,0.65527,0.66210,31.30
$MAG,53120.946,-0.069,-0.930,-0.670,30.2
$BARO,53120.971,69836.56,31.31
$IMU,53120.996,43.029,-50.903,-56.152,-0.35107,0.90332,0.52148,31.33
$MAG,53121.047,-0.039,-0.897,-0.712,30.1
$IMU,53121.071,-22.644,-74.157,-36.987,-0.13720,0.66845,0.62207,31.33
$BARO,53121.073,69848.29,31.30
$IMU,53121.146,-42.724,-64.636,-25.817,0.12988,0.40722,0.93457,31.33
$MAG,53121.148,-0.046,-0.871,-0.768,30.2
$TIME,53121.168,457792.000,2364
$BARO,53121.174,69834.54,31.30
$IMU,53121.221,-13.732,-3.540,-7.934,0.18408,0.28955,1.04785,31.36
$MAG,53121.248,-0.042,-0.880,-0.715,30.1
$HUM,53121.271,26.2,31.7
$BARO,53121.275,69837.15,31.31
$IMU,53121.296,42.053,92.224,25.634,-0.06347,0.45556,0.80273,31.28
$VBAT,53121.338,3.924
$MAG,53121.349,-0.094,-0.912,-0.573,30.0
$IMU,53121.372,80.261,148.254,58.959,-0.56933,0.83349,0.49462,31.33
$BARO,53121.377,69835.35,31.31
$IMU,53121.447,69.519,98.510,57.922,-0.58398,1.07958,0.50585,31.34
$MAG,53121.450,-0.163,-0.931,-0.492,30.0
$BARO,53121.478,69830.47,31.31
$IMU,53121.522,27.221,28.137,35.095,-0.21337,0.77001,0.50830,31.35
$MAG,53121.551,-0.196,-0.915,-0.474,30.1
$BARO,53121.580,69843.22,31.31
$IMU,53121.597,11.901,7.446,20.446,-0.11865,0.89062,0.50830,31.35
$MAG,53121.651,-0.195,-0.913,-0.480,30.1
$IMU,53121.672,-5.249,1.586,4.943,-0.07519,0.89355,0.57470,31.31
$BARO,53121.681,69840.98,31.31
$IMU,53121.747,-12.207,5.981,-7.080,-0.15283,0.75000,0.53417,31.35
$MAG,53121.752,-0.201,-0.909,-0.493,30.1
$BARO,53121.782,69835.32,31.32
$IMU,53121.822,-1.953,2.441,-14.648,-0.22021,0.80566,0.51513,31.35
$MAG,53121.853,-0.183,-0.915,-0.495,30.1
$BARO,53121.884,69835.32,31.31
$IMU,53121.897,-0.915,-4.943,-15.258,-0.23437,0.79736,0.51562,31.33
$MAG,53121.954,-0.163,-0.909,-0.508,30.1
$IMU,53121.972,-2.624,-13.610,-19.104,-0.27197,0.80810,0.54296,31.34
$BARO,53121.985,69828.81,31.32
$IMU,53122.047,-11.901,-35.705,-30.029,-0.37548,0.88134,0.54101,31.33
$MAG,53122.055,-0.115,-0.900,-0.540,30.1
$BARO,53122.087,69832.05,31.32
$IMU,53122.122,-33.752,-79.956,-49.743,-0.28662,0.95263,0.50195,31.33
$MAG,53122.155,-0.051,-0.876,-0.639,30.1
$TIME,53122.168,457794.000,2364
$BARO,53122.188,69824.35,31.32
$IMU,53122.197,-58.410,-104.370,-66.345,-0.14892,0.78808,0.66748,31.33
$MAG,53122.256,-0.006,-0.841,-0.739,30.1
$IMU,53122.272,-56.701,-90.026,-59.997,-0.13085,0.55419,0.83984,31.32
$HUM,53122.287,26.2,31.7
$BARO,53122.289,69828.59,31.32
$VBAT,53122.339,3.921
$IMU,53122.347,-39.672,-61.035,-44.189,-0.13623,0.29882,0.87109,31.35
$MAG,53122.357,0.004,-0.811,-0.787,30.0
$BARO,53122.391,69837.08,31.33
$IMU,53122.423,-20.996,-40.771,-29.052,-0.22607,0.45312,0.93652,31.36
$MAG,53122.458,0.006,-0.784,-0.828,30.0
$BARO,53122.492,69834.05,31.33
$IMU,53122.498,-25.512,-41.870,-31.494,-0.11425,0.29736,0.96875,31.36
$MAG,53122.558,0.015,-0.768,-0.858,30.2
$IMU,53122.573,-16.967,-41.870,-26.489,-0.03125,0.25341,0.93798,31.37
$BARO,53122.594,69844.78,31.33
$IMU,53122.648,-7.019,-31.127,-27.160,-0.00244,0.30371,0.96435,31.36
$MAG,53122.659,0.019,-0.754,-0.880,30.2
$BARO,53122.695,69836.47,31.33
$IMU,53122.723,-10.437,-21.362,-28.320,-0.11230,0.23876,1.00341,31.35
$MAG,53122.760,0.022,-0.726,-0.907,30.1
$BARO,53122.797,69835.27,31.33
$IMU,53122.798,-8.422,-28.991,-30.883,-0.06689,0.16943,1.02099,31.36
$MAG,53122.861,0.025,-0.703,-0.924,30.1
$IMU,53122.873,3.417,-35.217,-36.621,-0.02880,0.21337,1.01025,31.35
$BARO,53122.898,69837.90,31.33
$IMU,53122.948,10.498,-30.517,-39.245,-0.06298,0.32763,0.97363,31.33
$MAG,53122.961,0.024,-0.691,-0.931,30.1
$BARO,53122.999,69835.86,31.33
$IMU,53123.023,9.277,-26.428,-33.203,-0.05859,0.37500,0.99267,31.36
$MAG,53123.062,0.030,-0.678,-0.934,30.1
$IMU,53123.098,7.202,-28.015,-24.291,0.08349,0.31884,0.94775,31.35
$BARO,53123.101,69836.25,31.33
$MAG,53123.163,0.025,-0.691,-0.948,30.1
$IMU,53123.173,8.850,-15.869,-10.742,0.13427,0.41796,0.94482,31.35
$BARO,53123.202,69836.66,31.34
$IMU,53123.248,-2.197,-2.624,6.164,0.16406,0.35253,0.96435,31.38
$MAG,53123.264,0.010,-0.687,-0.952,30.0
$HUM,53123.303,26.5,31.8
$BARO,53123.304,69841.73,31.33
$IMU,53123.323,4.394,3.173,14.465,0.17968,0.40332,0.84716,31.35
$VBAT,53123.339,3.918
$MAG,53123.364,0.003,-0.705,-0.948,30.1
$IMU,53123.399,9.033,3.295,18.249,0.20507,0.49414,0.84619,31.38
$BARO,53123.405,69832.40,31.34
$MAG,53123.465,-0.007,-0.717,-0.942,30.2
$IMU,53123.474,-2.258,2.929,21.606,0.26611,0.44091,0.93652,31.34
$BARO,53123.506,69842.54,31.33
$IMU,53123.549,-2.624,7.995,17.395,0.19775,0.39794,0.89550,31.37
$MAG,53123.566,-0.019,-0.723,-0.928,30.1
$BARO,53123.608,69844.34,31.34
$IMU,53123.624,7.873,5.676,11.047,0.19384,0.47900,0.83203,31.35
$MAG,53123.667,-0.019,-0.736,-0.927,30.0
$IMU,53123.699,4.272,1.953,11.169,0.22216,0.50781,0.86914,31.37
$BARO,53123.709,69842.73,31.34
$MAG,53123.768,-0.036,-0.738,-0.933,30.1
$IMU,53123.774,-2.563,2.319,11.901,0.24560,0.45507,0.89111,31.37
$BARO,53123.811,69834.81,31.35
$IMU,53123.849,-0.915,3.906,7.873,0.21337,0.44775,0.87744,31.35
$MAG,53123.868,-0.013,-0.747,-0.931,30.1
$BARO,53123.912,69830.35,31.34
$IMU,53123.924,-0.366,3.234,4.028,0.22021,0.47607,0.86230,31.37
$MAG,53123.969,-0.024,-0.735,-0.919,30.0
$IMU,53123.999,-3.112,7.263,4.455,0.18261,0.50683,0.86083,31.40
$BARO,53124.013,69843.93,31.35
$MAG,53124.070,-0.025,-0.739,-0.925,30.2
$IMU,53124.074,-6.530,9.094,8.361,0.17822,0.49658,0.85400,31.36
$BARO,53124.115,69834.39,31.35
$IMU,53124.149,-5.981,13.000,7.934,0.17382,0.55029,0.85400,31.39
$TIME,53124.168,457795.000,2364
$MAG,53124.171,-0.021,-0.744,-0.918,30.1
$BARO,53124.216,69836.00,31.35
$IMU,53124.224,-10.986,16.235,8.239,0.12597,0.51464,0.89941,31.37
$MAG,53124.271,-0.010,-0.727,-0.919,30.2
$IMU,53124.299,-19.409,12.084,-0.793,0.09472,0.44189,0.97949,31.33
$BARO,53124.318,69830.74,31.35
$HUM,53124.320,26.1,31.8
$VBAT,53124.339,3.910
$MAG,53124.372,0.006,-0.708,-0.925,30.1
$IMU,53124.375,-25.756,6.713,-10.559,-0.00830,0.26806,0.95703,31.35
$BARO,53124.419,69838.03,31.35
$IMU,53124.450,-20.629,3.234,-20.568,0.02197,0.19384,0.99462,31.39
$MAG,53124.473,0.024,-0.682,-0.946,30.1
$BARO,53124.521,69835.78,31.35
$IMU,53124.525,-21.972,7.202,-10.620,0.01123,0.09521,0.96142,31.37
$MAG,53124.574,0.027,-0.678,-0.951,30.1
$IMU,53124.600,-7.446,7.202,-6.591,-0.03466,0.18750,0.93994,31.35
$BARO,53124.622,69831.35,31.35
$MAG,53124.675,0.033,-0.672,-0.945,30.1
$IMU,53124.675,-2.380,2.014,-10.559,-0.02832,0.20166,0.94335,31.35
$BARO,53124.723,69842.68,31.35
$IMU,53124.750,-1.159,0.183,-8.422,-0.02832,0.20605,0.96435,31.40
$MAG,53124.775,0.039,-0.675,-0.946,29.8
$BARO,53124.825,69832.54,31.36
$IMU,53124.825,0.488,2.380,-5.676,-0.01269,0.17871,0.97167,31.38
$MAG,53124.876,0.043,-0.681,-0.942,30.1
$IMU,53124.900,4.638,6.835,-1.037,-0.02294,0.17626,0.92675,31.35
$BARO,53124.926,69837.81,31.36
$IMU,53124.975,6.896,8.178,1.647,-0.04687,0.14746,0.87451,31.38
$MAG,53124.977,0.046,-0.685,-0.925,30.0
$BARO,53125.028,69847.75,31.36
$IMU,53125.050,12.695,8.117,3.356,-0.07275,0.32324,0.87207,31.38
$MAG,53125.078,0.054,-0.685,-0.924,30.2
$IMU,53125.125,2.868,4.150,3.601,-0.04687,0.22216,0.91503,31.37
$BARO,53125.129,69836.20,31.36
$TIME,53125.168,457796.000,2364
$MAG,53125.178,0.057,-0.693,-0.913,30.0
$IMU,53125.200,2.929,7.202,6.835,-0.05419,0.17285,0.98730,31.39
$BARO,53125.230,69838.20,31.37
$IMU,53125.275,6.164,6.225,10.559,-0.06201,0.18554,1.05273,31.32
$MAG,53125.279,0.036,-0.703,-0.907,30.2
$BARO,53125.332,69852.16,31.37
$HUM,53125.336,26.0,31.8
$VBAT,53125.339,3.930
$IMU,53125.351,3.417,2.685,14.038,-0.03076,0.17675,1.11865,31.36
$MAG,53125.380,0.031,-0.721,-0.892,30.0
$IMU,53125.426,8.911,-1.342,14.770,-0.12255,0.33544,1.25878,31.37
$BARO,53125.433,69847.51,31.36
$MAG,53125.481,0.021,-0.714,-0.904,30.1
$IMU,53125.501,5.126,-15.441,-3.295,-0.10742,0.35058,1.29589,31.40
$BARO,53125.535,69840.61,31.37
$IMU,53125.576,7.202,-20.446,-3.479,0.22070,0.17089,1.17968,31.37
$MAG,53125.581,0.031,-0.739,-0.897,30.1
$BARO,53125.636,69842.24,31.37
$IMU,53125.651,46.752,23.010,4.150,0.07373,0.19042,1.06640,31.41
$MAG,53125.682,0.043,-0.777,-0.817,30.1
$IMU,53125.726,80.017,46.081,10.253,-0.07470,0.57177,0.82617,31.39
$BARO,53125.737,69838.78,31.37
$MAG,53125.783,0.049,-0.804,-0.730,30.2
$IMU,53125.801,66.040,43.640,8.361,-0.13037,0.52490,0.84228,31.43
$BARO,53125.839,69840.59,31.37
$IMU,53125.876,78.796,39.733,10.375,-0.12451,0.58300,0.80859,31.42
$MAG,53125.884,0.037,-0.820,-0.643,30.0
$BARO,53125.940,69834.71,31.37
$IMU,53125.951,88.684,40.283,7.080,-0.19091,0.87988,0.56835,31.44
$MAG,53125.985,0.036,-0.828,-0.561,30.1
$IMU,53126.026,59.509,30.090,3.601,-0.30273,0.80761,0.52929,31.37
$BARO,53126.042,69842.80,31.38
$MAG,53126.085,0.027,-0.828,-0.514,30.3
$IMU,53126.101,48.583,11.596,2.746,-0.20458,0.81005,0.50976,31.41
$BARO,53126.143,69841.20,31.37
$TIME,53126.168,457797.000,2364
$IMU,53126.176,46.142,10.925,2.624,-0.24365,0.94335,0.48876,31.36
$MAG,53126.186,0.016,-0.814,-0.469,30.0
$BARO,53126.244,69835.13,31.38
$IMU,53126.251,42.968,9.399,1.037,-0.22167,0.89794,0.46240,31.39
$MAG,53126.287,0.015,-0.795,-0.430,30.1
$IMU,53126.326,49.072,10.375,1.586,-0.21923,0.95214,0.38623,31.35
$VBAT,53126.340,3.929
$BARO,53126.346,69853.92,31.38
$HUM,53126.352,26.6,31.8
$MAG,53126.388,0.013,-0.784,-0.388,30.1
$IMU,53126.402,50.292,10.620,1.220,-0.19189,0.92236,0.25683,31.39
$BARO,53126.447,69842.19,31.38
$IMU,53126.477,51.940,18.432,1.281,-0.15185,0.91943,0.12646,31.41
$MAG,53126.489,-0.006,-0.756,-0.340,30.1
$BARO,53126.549,69829.42,31.38
$IMU,53126.552,51.574,31.005,2.258,-0.14257,0.92822,0.01904,31.43
$MAG,53126.589,-0.021,-0.726,-0.280,30.1
$IMU,53126.627,49.743,46.142,-1.342,-0.14794,0.92285,-0.13232,31.39
$BARO,53126.650,69849.87,31.38
$MAG,53126.690,-0.081,-0.702,-0.237,30.1
$IMU,53126.702,39.733,58.166,0.915,-0.21533,0.91601,-0.22753,31.36
$BARO,53126.751,69842.39,31.38
$IMU,53126.777,26.428,52.246,1.708,-0.24707,0.94140,-0.27685,31.35
$MAG,53126.791,-0.121,-0.694,-0.208,30.1
$IMU,53126.852,15.991,36.560,1.525,-0.15966,0.94189,-0.27001,31.39
$BARO,53126.853,69844.39,31.39
$MAG,53126.892,-0.148,-0.681,-0.186,30.0
$IMU,53126.927,12.145,32.958,-0.427,-0.18408,0.92822,-0.29687,31.39
$BARO,53126.954,69848.85,31.39
$MAG,53126.993,-0.174,-0.669,-0.174,30.0
$IMU,53127.002,9.216,22.521,0.488,-0.16259,0.96289,-0.28076,31.41
$BARO,53127.056,69844.17,31.39
$IMU,53127.077,7.934,8.300,1.281,-0.16503,0.94140,-0.30468,31.42
$MAG,53127.093,-0.163,-0.655,-0.172,30.2
$IMU,53127.152,9.399,-5.554,-1.403,-0.12207,0.97558,-0.33447,31.41
$BARO,53127.157,69845.58,31.40
$TIME,53127.168,457797.000,2364
$MAG,53127.194,-0.160,-0.655,-0.174,30.1
$IMU,53127.227,-1.647,-15.869,-0.915,-0.26269,1.04687,-0.40917,31.41
$BARO,53127.258,69848.63,31.40
$MAG,53127.295,-0.108,-0.696,-0.214,30.1
$IMU,53127.302,-31.188,-52.185,-7.934,-0.17626,1.12890,-0.40576,31.39
$VBAT,53127.340,3.924
$BARO,53127.360,69842.34,31.40
$HUM,53127.368,26.4,31.8
$IMU,53127.378,-72.021,-71.228,-13.183,-0.20312,1.04882,-0.27392,31.42
$MAG,53127.396,-0.030,-0.748,-0.292,30.1
$IMU,53127.453,-104.553,-83.984,-13.610,-0.20019,1.04101,-0.13183,31.39
$BARO,53127.461,69836.66,31.40
$MAG,53127.496,0.039,-0.804,-0.451,30.2
$IMU,53127.528,-130.920,-90.515,-12.512,-0.22070,0.92431,0.07714,31.44
$BARO,53127.563,69840.93,31.40
$MAG,53127.597,0.063,-0.813,-0.625,30.1
$IMU,53127.603,-140.319,-99.487,-11.169,-0.11132,0.73828,0.30029,31.42
$BARO,53127.664,69848.58,31.40
$IMU,53127.678,-128.967,-84.411,-6.713,0.01904,0.59130,0.58007,31.41
$MAG,53127.698,0.055,-0.790,-0.765,30.1
$IMU,53127.753,-104.736,-53.222,6.713,0.02783,0.50927,0.72119,31.41
$BARO,53127.766,69847.00,31.40
$MAG,53127.799,0.028,-0.771,-0.841,30.2
$IMU,53127.828,-87.219,-32.165,11.169,0.04248,0.40673,0.84716,31.44
$BARO,53127.867,69835.03,31.41
$MAG,53127.900,0.015,-0.732,-0.900,30.3
$IMU,53127.903,-66.223,-18.493,11.108,0.04052,0.29687,0.98046,31.42
$BARO,53127.968,69842.93,31.40
$IMU,53127.978,-43.212,-11.535,3.479,0.09082,0.28857,1.01660,31.41
$MAG,53128.000,0.012,-0.723,-0.924,30.2
$IMU,53128.053,-29.296,-1.342,-2.319,0.04150,0.25097,0.98339,31.42
$BARO,53128.070,69834.81,31.41
$MAG,53128.101,0.027,-0.703,-0.940,30.1
$IMU,53128.128,-20.324,3.845,-10.070,-0.04248,0.27050,0.96386,31.44
$TIME,53128.168,457799.000,2364
$BARO,53128.171,69836.86,31.40
$MAG,53128.202,0.036,-0.676,-0.942,30.0
$IMU,53128.203,-18.005,0.366,-12.634,-0.06005,0.22851,0.98291,31.41
$BARO,53128.272,69840.66,31.41
$IMU,53128.278,-14.038,-0.610,-6.958,-0.05224,0.18701,0.99755,31.42
$MAG,53128.303,0.031,-0.675,-0.951,30.2
$VBAT,53128.341,3.914
$IMU,53128.354,-9.704,2.014,2.624,-0.01171,0.18847,1.02050,31.43
$BARO,53128.374,69842.68,31.41
$HUM,53128.384,25.9,31.8
$MAG,53128.403,0.034,-0.672,-0.946,30.1
$IMU,53128.429,-7.751,6.347,8.422,-0.05664,0.18261,1.01318,31.43
$BARO,53128.475,69844.32,31.41
$MAG,53128.504,0.030,-0.667,-0.957,30.3
$IMU,53128.504,-12.756,1.281,7.141,-0.03955,0.14013,1.02880,31.42
$BARO,53128.577,69837.03,31.41
$IMU,53128.579,-18.554,-0.427,5.676,-0.05517,0.07617,1.05029,31.44
$MAG,53128.605,0.028,-0.661,-0.964,30.2
$IMU,53128.654,-16.418,-2.563,8.850,-0.02783,0.04833,1.00585,31.39
$BARO,53128.678,69839.44,31.42
$MAG,53128.706,0.018,-0.667,-0.969,30.2
$IMU,53128.729,-7.812,-3.295,11.779,0.03857,0.13427,1.01708,31.45
$BARO,53128.779,69842.07,31.41
$IMU,53128.804,-1.953,-2.929,12.329,-0.00048,0.17041,0.94091,31.43
$MAG,53128.806,-0.001,-0.663,-0.969,30.2
$IMU,53128.879,-4.699,-9.399,8.361,0.04931,0.14208,0.95703,31.40
$BARO,53128.881,69841.68,31.42
$MAG,53128.907,-0.009,-0.663,-0.979,30.1
$IMU,53128.954,-2.868,-8.422,10.498,0.10888,0.08349,0.99609,31.41
$BARO,53128.982,69833.57,31.42
$MAG,53129.008,-0.006,-0.681,-0.978,30.2
$IMU,53129.029,5.065,1.770,7.995,0.05126,0.13330,0.94921,31.48
$BARO,53129.084,69839.22,31.42
$IMU,53129.104,7.080,1.647,0.915,0.04736,0.07275,1.00585,31.44
$MAG,53129.109,-0.004,-0.672,-0.963,30.3
$TIME,53129.168,457799.000,2364
$IMU,53129.179,8.300,2.258,-6.652,0.02685,0.05761,1.02978,31.44
$BARO,53129.185,69836.37,31.43
$MAG,53129.210,0.004,-0.688,-0.975,30.1
$IMU,53129.254,2.990,3.173,-4.577,-0.00341,0.08642,1.07568,31.42
$BARO,53129.286,69842.88,31.42
$MAG,53129.310,0.004,-0.675,-0.969,30.1
$IMU,53129.330,-6.103,1.831,-0.488,0.01123,0.09179,1.09130,31.45
$VBAT,53129.341,3.930
$BARO,53129.388,69840.03,31.43
$HUM,53129.401,25.8,31.9
$IMU,53129.405,-9.948,-1.037,-6.164,0.02197,-0.01855,1.05566,31.46
$MAG,53129.411,0.006,-0.669,-0.970,30.1
$IMU,53129.480,3.723,-3.723,-13.000,0.04394,0.13085,1.01904,31.45
$BARO,53129.489,69838.39,31.43
$MAG,53129.512,0.006,-0.667,-0.970,30.2
$IMU,53129.555,9.643,2.868,-8.666,0.01806,0.23632,0.98193,31.49
$BARO,53129.591,69842.24,31.43
$MAG,53129.613,0.012,-0.679,-0.955,30.2
$IMU,53129.630,15.197,3.784,-2.746,0.04736,0.26025,0.98388,31.42
$BARO,53129.692,69843.05,31.43
$IMU,53129.705,24.291,5.065,-2.685,-0.00439,0.30615,0.97949,31.47
$MAG,53129.713,0.021,-0.699,-0.937,30.2
$IMU,53129.780,31.250,2.014,-3.479,0.03515,0.27490,0.99218,31.44
$BARO,53129.793,69847.70,31.43
$MAG,53129.814,0.024,-0.723,-0.916,30.1
$IMU,53129.855,40.893,5.432,-0.610,0.04882,0.34130,1.02294,31.43
$BARO,53129.895,69849.73,31.44
$MAG,53129.915,0.024,-0.763,-0.865,30.1
$IMU,53129.930,58.288,11.840,7.507,-0.03906,0.34570,0.87744,31.49
$BARO,53129.996,69845.68,31.44
$IMU,53130.005,96.618,16.235,13.854,-0.06982,0.22705,0.52392,31.49
$MAG,53130.016,0.021,-0.817,-0.769,30.1
$IMU,53130.080,84.411,1.403,-2.380,-0.19091,0.99462,0.61816,31.45
$BARO,53130.098,69845.66,31.44
$MAG,53130.117,0.027,-0.802,-0.784,30.1
$IMU,53130.155,-33.813,-24.841,-12.145,0.00390,0.72656,0.91455,31.50
$TIME,53130.168,457801.000,2364
$BARO,53130.199,69836.54,31.44
$MAG,53130.217,0.025,-0.762,-0.859,30.2
$IMU,53130.230,-92.590,-10.681,-5.432,0.00976,0.23388,1.15380,31.46
$BARO,53130.300,69840.20,31.44
$IMU,53130.306,-64.453,0.427,-3.662,-0.19335,0.06738,1.25390,31.49
$MAG,53130.318,0.031,-0.738,-0.889,30.2
$VBAT,53130.341,3.930
$IMU,53130.381,-13.916,-22.338,-15.991,0.04736,0.28759,1.10302,31.47
$BARO,53130.402,69854.14,31.45
$HUM,53130.417,26.1,31.9
$MAG,53130.419,0.018,-0.732,-0.913,30.2
$IMU,53130.456,2.624,-17.333,-16.784,0.16406,0.45312,0.90429,31.47
$BARO,53130.503,69833.66,31.45
$MAG,53130.520,0.042,-0.703,-0.912,30.1
$IMU,53130.531,-18.920,6.958,-10.559,-0.03759,0.43798,0.83642,31.47
$BARO,53130.605,69839.98,31.44
$IMU,53130.606,-34.118,2.563,-7.873,0.00048,0.30859,0.88378,31.47
$MAG,53130.621,0.040,-0.684,-0.945,30.1
$IMU,53130.681,-24.902,-2.929,-7.446,0.00244,0.30224,0.88330,31.45
$BARO,53130.706,69851.29,31.45
$MAG,53130.721,0.046,-0.663,-0.964,30.2
$IMU,53130.756,-23.742,-7.568,-11.291,0.05175,0.27734,0.92187,31.51
$BARO,53130.808,69842.78,31.45
$MAG,53130.822,0.049,-0.640,-0.963,30.2
$IMU,53130.831,-22.399,-5.554,-7.141,0.05126,0.18994,0.97167,31.50
$IMU,53130.906,-14.953,-2.319,-8.239,0.01367,0.20117,0.94970,31.48
$BARO,53130.909,69845.44,31.45
$MAG,53130.923,0.048,-0.625,-0.982,30.2
$IMU,53130.981,-19.958,-3.723,-8.239,0.03564,0.11816,0.98046,31.51
$BARO,53131.010,69848.04,31.45
$MAG,53131.024,0.046,-0.606,-0.990,30.2
$IMU,53131.056,-18.859,-0.183,-8.117,0.02197,0.08935,1.04833,31.48
$BARO,53131.112,69848.63,31.45
$MAG,53131.124,0.054,-0.589,-1.002,30.3
$IMU,53131.131,-16.418,-0.610,-6.225,-0.02441,0.04248,1.04248,31.45
$TIME,53131.168,457802.000,2364
$IMU,53131.206,-15.869,-4.882,-5.615,0.03027,0.01025,1.05859,31.51
$BARO,53131.213,69838.73,31.45
$MAG,53131.225,0.051,-0.580,-1.003,30.1
$IMU,53131.281,-15.869,-0.793,-3.112,0.02539,-0.05224,1.06347,31.45
$BARO,53131.315,69842.34,31.47
$MAG,53131.326,0.057,-0.564,-1.009,30.2
$VBAT,53131.342,3.927
$IMU,53131.357,-7.019,1.892,-4.943,-0.01660,-0.03613,1.03662,31.50
$BARO,53131.416,69832.64,31.46
$MAG,53131.427,0.055,-0.567,-1.011,30.2
$IMU,53131.432,-0.671,-4.028,-4.211,-0.00146,0.01562,1.01074,31.51
$HUM,53131.433,25.5,31.9
$IMU,53131.507,-3.479,-5.310,-5.310,0.03759,0.00195,1.01269,31.49
$BARO,53131.517,69837.47,31.47
$MAG,53131.527,0.051,-0.561,-1.011,30.2
$IMU,53131.582,-2.624,-1.281,-4.638,0.01318,-0.00146,1.00927,31.49
$BARO,53131.619,69837.08,31.46
$MAG,53131.628,0.052,-0.558,-1.008,30.2
$IMU,53131.657,1.281,-0.427,-3.601,0.02148,0.00488,1.02343,31.48
$BARO,53131.720,69854.89,31.47
$MAG,53131.729,0.045,-0.562,-1.014,30.2
$IMU,53131.732,-0.427,-0.793,-1.220,0.01220,0.04345,1.01562,31.48
$IMU,53131.807,-5.493,-2.380,-0.976,0.02539,-0.04052,0.99804,31.51
$BARO,53131.822,69841.71,31.47
$MAG,53131.830,0.046,-0.549,-1.012,30.2
$IMU,53131.882,-0.915,-3.540,-3.662,0.02001,0.02636,0.99609,31.50
$BARO,53131.923,69835.83,31.48
$MAG,53131.930,0.046,-0.543,-1.024,30.2
$IMU,53131.957,-4.638,-5.371,-2.990,0.04003,-0.00634,1.02246,31.46
$BARO,53132.024,69835.44,31.47
$MAG,53132.031,0.043,-0.534,-1.026,30.3
$IMU,53132.032,-3.295,-3.845,-1.464,0.05517,-0.03027,1.01806,31.51
$IMU,53132.107,-0.366,-1.831,-0.854,0.04785,-0.01806,1.00927,31.50
$BARO,53132.126,69829.76,31.47
$MAG,53132.132,0.045,-0.546,-1.024,30.1
$IMU,53132.182,-1.770,-1.647,-0.305,0.05419,-0.02587,1.02392,31.50
$BARO,53132.227,69838.86,31.48
$MAG,53132.233,0.043,-0.543,-1.021,30.3
$IMU,53132.257,-0.122,-1.464,-2.319,0.04687,-0.01367,1.00878,31.50
$BARO,53132.329,69837.81,31.49
$IMU,53132.333,0.915,-4.272,-2.319,0.07226,-0.01025,0.98681,31.46
$MAG,53132.334,0.042,-0.543,-1.023,30.2
$VBAT,53132.342,3.918
$IMU,53132.408,-0.427,-2.563,-2.380,0.08398,0.02587,1.01562,31.51
$BARO,53132.430,69841.88,31.48
$MAG,53132.434,0.039,-0.537,-1.030,30.2
$HUM,53132.450,25.6,31.9
$IMU,53132.483,-3.173,1.159,-0.366,0.05078,-0.04833,1.04296,31.48
$BARO,53132.532,69837.81,31.49
$MAG,53132.535,0.040,-0.534,-1.030,30.1
$IMU,53132.558,3.417,-0.183,-4.028,0.04003,-0.03710,1.01123,31.52
$BARO,53132.633,69837.59,31.49
$IMU,53132.633,6.652,-5.126,-6.591,0.08105,-0.00341,0.96044,31.53
$MAG,53132.636,0.036,-0.543,-1.036,30.2
$IMU,53132.708,3.906,-4.760,-6.225,0.12353,0.00097,0.91748,31.50
$BARO,53132.734,69850.77,31.49
$MAG,53132.737,0.036,-0.543,-1.018,30.2
$IMU,53132.783,4.516,-0.976,-0.061,0.12304,0.03808,0.93701,31.55
$BARO,53132.836,69841.83,31.49
$MAG,53132.837,0.043,-0.549,-1.020,30.2
$IMU,53132.858,1.953,3.784,0.854,0.12597,0.05419,1.03369,31.48
$IMU,53132.933,-3.967,9.338,-3.417,-0.03564,0.04394,1.21386,31.49
$BARO,53132.937,69846.09,31.49
$MAG,53132.938,0.052,-0.540,-1.024,30.3
$IMU,53133.008,-8.789,2.441,-11.047,0.00048,-0.15722,1.19042,31.54
$BARO,53133.039,69841.41,31.50
$MAG,53133.039,0.049,-0.544,-1.032,30.3
$IMU,53133.083,15.808,-8.728,2.319,0.06152,-0.09179,1.10107,31.49
$BARO,53133.140,69844.88,31.50
$MAG,53133.140,0.030,-0.561,-1.030,30.2
$IMU,53133.158,29.541,-18.249,-3.479,0.19189,0.06640,1.04150,31.54
$TIME,53133.168,457804.000,2364
$IMU,53133.233,21.179,-8.666,-3.234,0.20019,0.13037,1.01123,31.53
$MAG,53133.241,0.030,-0.568,-1.018,30.0
$BARO,53133.242,69840.00,31.50
$IMU,53133.309,10.314,3.356,-5.737,0.11718,0.09375,1.04248,31.48
$MAG,53133.341,0.033,-0.574,-1.012,30.3
$BARO,53133.343,69837.76,31.50
$VBAT,53133.343,3.922
$IMU,53133.384,12.084,-0.671,-8.666,0.14941,0.22070,1.00683,31.51
$MAG,53133.442,0.043,-0.576,-1.020,30.2
$BARO,53133.444,69842.63,31.50
$IMU,53133.459,1.403,-1.647,-13.488,0.15820,0.18212,1.01513,31.55
$HUM,53133.466,25.4,31.9
$IMU,53133.534,-0.427,1.464,-15.136,0.12060,0.12646,1.01464,31.53
$MAG,53133.543,0.042,-0.559,-1.020,30.2
$BARO,53133.546,69845.24,31.51
$IMU,53133.609,2.197,0.427,-18.798,0.12695,0.09667,1.02539,31.49
$MAG,53133.644,0.058,-0.552,-1.018,30.1
$BARO,53133.647,69849.90,31.51
$IMU,53133.684,-0.793,2.685,-16.479,0.10253,0.05224,1.03027,31.51
$MAG,53133.745,0.051,-0.540,-1.006,30.1
$BARO,53133.749,69846.63,31.52
$IMU,53133.759,-3.845,2.685,-13.061,0.15380,-0.12255,1.06396,31.55
$IMU,53133.834,14.343,10.192,-13.366,0.06933,-0.07910,1.04541,31.56
$MAG,53133.845,0.075,-0.549,-1.009,30.2
$BARO,53133.850,69843.80,31.52
$IMU,53133.909,22.644,6.408,-19.042,0.00048,0.03808,0.97607,31.53
$MAG,53133.946,0.079,-0.538,-1.002,30.2
$BARO,53133.952,69844.61,31.52
$IMU,53133.984,16.296,-3.295,-24.536,0.07275,-0.23828,1.03857,31.53
$MAG,53134.047,0.073,-0.555,-0.997,30.3
$BARO,53134.053,69835.08,31.52
$IMU,53134.059,63.354,-15.441,-45.410,-0.11816,0.24755,0.91943,31.53
$IMU,53134.134,65.612,-47.241,-59.570,-0.08691,0.43115,0.75488,31.54
$MAG,53134.148,0.046,-0.558,-1.018,30.2
$BARO,53134.154,69839.10,31.53
$TIME,53134.168,457805.000,2364
$IMU,53134.209,62.072,-57.983,-66.467,0.09277,0.70654,0.77783,31.55
$MAG,53134.248,0.012,-0.570,-1.021,30.3
$BARO,53134.256,69842.17,31.52
$IMU,53134.285,48.217,-53.405,-55.725,-0.07666,0.78417,0.67822,31.54
$VBAT,53134.343,3.922
$MAG,53134.349,-0.025,-0.559,-1.059,30.2
$BARO,53134.357,69845.00,31.52
$IMU,53134.360,36.437,-77.026,-81.604,0.06738,0.75927,0.65625,31.53
$IMU,53134.435,35.400,-86.608,-87.951,0.10058,0.82421,0.61035,31.53
$MAG,53134.450,-0.081,-0.544,-1.080,30.3
$BARO,53134.459,69830.40,31.53
$HUM,53134.483,26.3,31.9
$IMU,53134.510,16.662,-77.819,-79.406,0.12304,0.74365,0.58496,31.53
$MAG,53134.551,-0.130,-0.540,-1.099,30.2
$BARO,53134.560,69846.17,31.53
$IMU,53134.585,21.423,-60.852,-63.598,0.14013,0.73535,0.64453,31.57
$MAG,53134.652,-0.166,-0.547,-1.108,30.3
$IMU,53134.660,29.602,-50.048,-58.898,0.09814,1.00683,0.46972,31.55
$BARO,53134.662,69833.61,31.53
$IMU,53134.735,-8.789,-43.823,-41.503,0.20849,0.84228,0.50146,31.55
$MAG,53134.752,-0.183,-0.526,-1.117,30.2
$BARO,53134.763,69841.51,31.53
$IMU,53134.810,-4.577,-29.052,-46.264,-0.00048,0.78759,0.61230,31.58
$MAG,53134.853,-0.214,-0.528,-1.116,30.2
$BARO,53134.864,69837.05,31.54
$IMU,53134.885,12.573,-43.823,-66.223,-0.02587,0.83984,0.51367,31.56
$MAG,53134.954,-0.243,-0.538,-1.120,30.3
$IMU,53134.960,6.835,-48.461,-53.405,0.02636,0.76025,0.47949,31.60
$BARO,53134.966,69847.17,31.54
$IMU,53135.035,3.417,-42.053,-42.724,-0.09570,0.92968,0.55175,31.55
$MAG,53135.055,-0.283,-0.534,-1.125,30.3
$BARO,53135.067,69845.14,31.54
$IMU,53135.110,3.417,-37.414,-27.832,0.00292,0.89843,0.60400,31.53
$MAG,53135.156,-0.312,-0.532,-1.117,30.3
$TIME,53135.168,457805.000,2364
$BARO,53135.169,69849.02,31.53
$IMU,53135.185,-1.831,-20.935,-11.230,0.13574,0.68701,0.66406,31.52
$MAG,53135.256,-0.273,-0.532,-1.119,30.3
$IMU,53135.261,5.310,23.437,6.652,-0.10253,0.77343,0.62109,31.58
$BARO,53135.270,69834.59,31.55
$IMU,53135.336,0.610,38.024,40.405,-0.13574,0.84277,0.57763,31.55
$VBAT,53135.343,3.919
$MAG,53135.357,-0.252,-0.528,-1.122,30.2
$BARO,53135.371,69833.57,31.55
$IMU,53135.411,-26.245,29.052,67.871,0.13085,0.74462,0.67529,31.57
$MAG,53135.458,-0.234,-0.498,-1.131,30.2
$BARO,53135.473,69842.29,31.54
$IMU,53135.486,-22.338,43.884,60.791,0.39404,0.46337,0.94628,31.56
$HUM,53135.499,25.8,32.0
$MAG,53135.559,-0.159,-0.562,-1.101,30.3
$IMU,53135.561,47.668,72.265,20.324,0.02685,0.70166,0.73681,31.54
$BARO,53135.574,69844.49,31.55
$IMU,53135.636,44.433,52.124,-6.713,-0.17822,1.22070,0.45410,31.55
$MAG,53135.659,-0.130,-0.562,-1.096,30.3
$BARO,53135.676,69855.65,31.55
$IMU,53135.711,-55.358,17.395,20.874,-0.20507,0.95166,0.39746,31.59
$MAG,53135.760,-0.151,-0.448,-1.128,30.2
$BARO,53135.777,69836.59,31.55
$IMU,53135.786,-120.178,-16.235,49.133,-0.13427,0.66845,0.56298,31.53
$MAG,53135.861,-0.217,-0.340,-1.158,30.3
$IMU,53135.861,-127.990,-62.072,34.362,0.38720,0.22558,0.79931,31.57
$BARO,53135.878,69844.07,31.55
$IMU,53135.936,-56.945,-39.733,16.601,0.51953,0.20312,1.08691,31.55
$MAG,53135.962,-0.225,-0.325,-1.141,30.3
$BARO,53135.980,69843.02,31.57
$IMU,53136.011,-8.728,-2.319,23.742,0.33203,0.58837,0.83251,31.55
$MAG,53136.063,-0.210,-0.295,-1.141,30.3
$BARO,53136.081,69845.10,31.56
$IMU,53136.086,-21.972,8.300,35.522,0.42773,0.25537,0.93652,31.53
$IMU,53136.161,4.455,22.094,25.695,0.25097,0.51367,0.85937,31.64
$MAG,53136.163,-0.181,-0.315,-1.144,30.3
$TIME,53136.168,457808.000,2364
$BARO,53136.182,69840.22,31.56
$IMU,53136.236,-6.591,11.901,16.723,0.34814,0.40527,0.85253,31.58
$MAG,53136.264,-0.175,-0.298,-1.132,30.3
$BARO,53136.284,69843.85,31.57
$IMU,53136.312,-6.347,13.122,5.432,0.28466,0.43847,0.89160,31.56
$VBAT,53136.343,3.927
$MAG,53136.365,-0.153,-0.300,-1.131,30.3
$BARO,53136.385,69835.74,31.57
$IMU,53136.387,-9.338,10.742,0.671,0.18066,0.37451,0.90429,31.56
$IMU,53136.462,-9.033,4.455,-4.821,0.20068,0.35009,0.90869,31.61
$MAG,53136.466,-0.141,-0.292,-1.132,30.3
$BARO,53136.487,69840.17,31.57
$HUM,53136.515,25.3,32.0
$IMU,53136.537,-7.141,0.915,2.441,0.19335,0.38232,0.91357,31.60
$MAG,53136.567,-0.163,-0.274,-1.125,30.2
$BARO,53136.588,69845.85,31.57
$IMU,53136.612,-12.695,-8.728,-5.554,0.23828,0.32568,0.91113,31.60
$MAG,53136.667,-0.183,-0.258,-1.126,30.3
$IMU,53136.687,-10.498,-18.737,-13.977,0.25292,0.34277,0.93701,31.59
$BARO,53136.690,69840.39,31.57
$IMU,53136.762,-7.751,-26.245,-20.568,0.35839,0.30322,0.88671,31.59
$MAG,53136.768,-0.210,-0.258,-1.131,30.3
$BARO,53136.791,69849.48,31.58
$IMU,53136.837,-8.605,-19.775,-21.118,0.34277,0.35791,0.91503,31.61
$MAG,53136.869,-0.234,-0.244,-1.128,30.2
$BARO,53136.892,69835.69,31.58
$IMU,53136.912,-11.047,-13.427,-14.831,0.37988,0.28027,0.93798,31.57
$MAG,53136.970,-0.250,-0.243,-1.129,30.3
$IMU,53136.987,-5.065,-4.394,-11.169,0.37255,0.28417,0.96093,31.59
$BARO,53136.994,69845.02,31.58
$IMU,53137.062,5.798,1.770,-10.742,0.34765,0.17578,1.00390,31.58
$MAG,53137.070,-0.244,-0.246,-1.131,30.3
$BARO,53137.095,69838.71,31.59
$IMU,53137.137,32.043,4.455,-19.897,0.29394,0.21240,0.97167,31.61
$MAG,53137.171,-0.246,-0.306,-1.137,30.3
$BARO,53137.196,69838.32,31.59
$IMU,53137.212,59.326,4.272,-30.212,0.21923,0.34912,0.88037,31.60
$MAG,53137.272,-0.250,-0.369,-1.144,30.2
$IMU,53137.288,64.453,0.366,-28.015,0.22509,0.46972,0.85107,31.62
$BARO,53137.298,69851.46,31.59
$VBAT,53137.343,3.926
$IMU,53137.363,66.101,-4.577,-17.211,0.26220,0.62353,0.72119,31.62
$MAG,53137.373,-0.259,-0.436,-1.137,30.3
$BARO,53137.399,69846.80,31.59
$IMU,53137.438,66.528,-6.530,-19.897,0.32177,0.72216,0.61572,31.59
$MAG,53137.474,-0.247,-0.505,-1.137,30.2
$BARO,53137.501,69838.49,31.60
$IMU,53137.513,63.720,0.183,-31.372,0.22070,0.88720,0.53222,31.59
$HUM,53137.532,25.7,32.0
$MAG,53137.574,-0.244,-0.535,-1.117,30.2
$IMU,53137.588,35.644,1.647,-31.677,0.06250,0.98779,0.50878,31.63
$BARO,53137.602,69840.93,31.59
$IMU,53137.663,-5.065,-1.403,-19.470,0.13281,0.83105,0.53271,31.57
$MAG,53137.675,-0.249,-0.522,-1.126,30.5
$BARO,53137.704,69842.73,31.60
$IMU,53137.738,-7.202,4.333,-3.417,0.11181,0.77636,0.60742,31.62
$MAG,53137.776,-0.241,-0.529,-1.125,30.2
$BARO,53137.805,69833.61,31.60
$IMU,53137.813,-2.197,7.690,-5.371,0.11865,0.81103,0.61328,31.60
$MAG,53137.877,-0.208,-0.511,-1.134,30.3
$IMU,53137.888,-6.530,16.723,-0.122,0.09716,0.77685,0.65039,31.62
$BARO,53137.906,69826.52,31.60
$IMU,53137.963,-9.277,22.583,4.943,-0.01367,0.78417,0.65576,31.63
$MAG,53137.977,-0.207,-0.510,-1.123,30.3
$BARO,53138.008,69842.95,31.59
$IMU,53138.038,0.000,-0.976,3.112,0.03613,0.76171,0.61132,31.61
$MAG,53138.078,-0.228,-0.519,-1.119,30.3
$BARO,53138.109,69845.73,31.61
$IMU,53138.113,12.939,-22.827,-14.770,0.18310,0.84179,0.60595,31.62
$TIME,53138.168,457809.000,2364
$MAG,53138.179,-0.214,-0.526,-1.125,30.3
$IMU,53138.188,7.751,-11.718,-29.418,0.08886,0.84179,0.55712,31.60
$BARO,53138.211,69837.64,31.61
$IMU,53138.264,4.821,-9.277,-16.540,0.06591,0.87060,0.56494,31.57
$MAG,53138.280,-0.232,-0.526,-1.126,30.3
$BARO,53138.312,69847.95,31.61
$IMU,53138.339,-1.831,-4.638,-7.995,0.06103,0.84277,0.56787,31.58
$VBAT,53138.344,3.914
$MAG,53138.381,-0.232,-0.520,-1.125,30.3
$BARO,53138.413,69840.66,31.61
$IMU,53138.414,-5.004,1.098,-5.859,0.06201,0.82128,0.60546,31.60
$MAG,53138.481,-0.219,-0.514,-1.126,30.5
$IMU,53138.489,-6.469,14.831,5.920,0.11767,0.91503,0.59912,31.60
$BARO,53138.515,69846.34,31.61
$HUM,53138.548,25.7,32.0
$IMU,53138.564,-32.409,52.124,39.062,0.11718,0.97070,0.52978,31.62
$MAG,53138.582,-0.130,-0.474,-1.126,30.3
$BARO,53138.616,69838.00,31.62
$IMU,53138.639,-74.340,98.510,85.632,0.01367,0.90771,0.47558,31.61
$MAG,53138.683,-0.007,-0.424,-1.090,30.3
$IMU,53138.714,-106.079,117.797,120.239,-0.24023,0.53808,0.68164,31.67
$BARO,53138.718,69838.03,31.61
$MAG,53138.784,0.054,-0.415,-1.045,30.3
$IMU,53138.789,-83.129,95.642,110.961,-0.18554,0.30712,0.93408,31.64
$BARO,53138.819,69842.07,31.62
$IMU,53138.864,-38.696,72.814,103.515,-0.00585,0.50683,0.90234,31.61
$MAG,53138.884,0.112,-0.459,-0.999,30.3
$BARO,53138.920,69836.59,31.62
$IMU,53138.939,-26.672,60.424,89.172,-0.10253,0.41162,0.86865,31.64
$MAG,53138.985,0.148,-0.504,-0.955,30.3
$IMU,53139.014,-31.433,70.800,78.674,-0.08056,0.52050,0.84082,31.66
$BARO,53139.022,69846.29,31.62
$MAG,53139.086,0.174,-0.537,-0.877,30.3
$IMU,53139.089,-49.743,88.500,86.914,-0.28564,0.34814,0.86376,31.60
$BARO,53139.123,69828.89,31.62
$IMU,53139.164,-46.752,78.918,72.082,-0.38183,0.30664,0.89892,31.58
$TIME,53139.168,457809.000,2364
$MAG,53139.187,0.189,-0.576,-0.823,30.3
$BARO,53139.225,69848.73,31.63
$IMU,53139.240,-38.085,67.993,56.091,-0.49755,0.28320,0.89746,31.59
$MAG,53139.288,0.198,-0.619,-0.786,30.3
$IMU,53139.315,-30.395,55.725,49.865,-0.51562,0.28515,0.85009,31.64
$BARO,53139.326,69835.35,31.63
$VBAT,53139.344,3.927
$MAG,53139.388,0.187,-0.639,-0.757,30.3
$IMU,53139.390,-28.259,42.114,40.466,-0.53222,0.27392,0.81298,31.68
$BARO,53139.427,69836.95,31.63
$IMU,53139.465,-26.123,30.273,20.996,-0.66699,0.24365,0.80908,31.65
$MAG,53139.489,0.198,-0.651,-0.747,30.3
$BARO,53139.529,69842.02,31.63
$IMU,53139.540,-25.329,17.028,13.610,-0.63964,0.18652,0.82617,31.64
$HUM,53139.564,25.7,32.1
$MAG,53139.590,0.183,-0.663,-0.747,30.3
$IMU,53139.615,-18.676,13.488,27.099,-0.62500,0.21972,0.78759,31.64
$BARO,53139.630,69841.00,31.63
$IMU,53139.690,-18.737,11.108,34.484,-0.59326,0.20166,0.78222,31.67
$MAG,53139.691,0.168,-0.690,-0.747,30.3
$BARO,53139.732,69842.02,31.63
$IMU,53139.765,-17.700,5.737,28.808,-0.63330,0.27783,0.78515,31.67
$MAG,53139.792,0.159,-0.693,-0.756,30.3
$BARO,53139.833,69841.00,31.64
$IMU,53139.840,-22.277,-5.371,18.615,-0.59277,0.18652,0.81591,31.63
$MAG,53139.892,0.136,-0.714,-0.777,30.3
$IMU,53139.915,-22.460,-8.605,25.146,-0.48291,0.15283,0.83935,31.66
$BARO,53139.934,69842.41,31.64
$IMU,53139.990,-16.723,-5.859,26.977,-0.46875,0.26660,0.83251,31.63
$MAG,53139.993,0.118,-0.723,-0.790,30.3
$BARO,53140.036,69832.44,31.65
$IMU,53140.065,-19.348,-9.582,14.526,-0.37109,0.23583,0.78320,31.67
$MAG,53140.094,0.099,-0.726,-0.820,30.3
$BARO,53140.137,69833.49,31.64
$IMU,53140.140,-31.311,-10.864,17.517,-0.28466,0.20800,0.80273,31.67
$TIME,53140.168,457811.000,2364
$MAG,53140.195,0.090,-0.717,-0.849,30.3
$IMU,53140.216,-34.606,-9.033,8.789,-0.25390,0.22167,0.81835,31.63
$BARO,53140.239,69843.80,31.64
$IMU,53140.291,-49.804,-10.986,-3.723,-0.24853,0.06542,0.96044,31.69
$MAG,53140.296,0.087,-0.676,-0.897,30.3
$BARO,53140.340,69830.45,31.64
$VBAT,53140.345,3.918
$IMU,53140.366,-57.312,-10.681,-11.108,-0.22509,-0.11230,1.03955,31.64
$MAG,53140.396,0.090,-0.649,-0.909,30.3
$IMU,53140.441,-37.719,1.281,-10.192,-0.33203,-0.11816,0.95751,31.69
$BARO,53140.442,69840.95,31.65
$MAG,53140.497,0.103,-0.630,-0.931,30.3
$IMU,53140.516,-30.090,2.868,-4.821,-0.42333,-0.18310,0.95898,31.67
$BARO,53140.543,69845.19,31.66
$HUM,53140.581,25.5,32.1
$IMU,53140.591,-25.390,-9.399,-5.676,-0.34033,-0.22656,0.98632,31.64
$MAG,53140.598,0.102,-0.616,-0.942,30.5
$BARO,53140.644,69840.93,31.66
$IMU,53140.666,-18.676,-9.826,-6.164,-0.26513,-0.27734,0.97216,31.67
$MAG,53140.699,0.096,-0.597,-0.955,30.3
$IMU,53140.741,-16.174,0.000,-14.953,-0.40136,-0.32470,0.98779,31.64
$BARO,53140.746,69839.29,31.66
$MAG,53140.800,0.097,-0.580,-0.963,30.3
$IMU,53140.816,-9.460,-4.638,-13.183,-0.37060,-0.38476,0.98046,31.68
$BARO,53140.847,69842.54,31.66
$IMU,53140.891,2.624,-5.676,-6.713,-0.31103,-0.33544,0.96972,31.67
$MAG,53140.900,0.103,-0.574,-0.976,30.3
$BARO,53140.949,69847.56,31.68
$IMU,53140.966,7.690,-0.793,-6.591,-0.34472,-0.30664,0.96435,31.67
$MAG,53141.001,0.102,-0.585,-0.964,30.3
$IMU,53141.041,11.535,-0.244,-6.530,-0.34277,-0.26855,0.94140,31.66
$BARO,53141.050,69852.63,31.67
$MAG,53141.102,0.099,-0.589,-0.957,30.3
$IMU,53141.116,14.343,0.549,-4.089,-0.35742,-0.22851,0.91601,31.64
$BARO,53141.152,69850.60,31.68
$TIME,53141.168,457812.000,2364
$IMU,53141.192,13.793,2.014,-1.403,-0.39697,-0.18945,0.92480,31.67
$MAG,53141.203,0.108,-0.600,-0.948,30.3
$BARO,53141.253,69845.53,31.68
$IMU,53141.267,14.770,-2.502,1.708,-0.42724,-0.16699,0.90429,31.70
$MAG,53141.304,0.093,-0.609,-0.954,30.5
$IMU,53141.342,14.160,-13.488,-1.647,-0.35644,-0.12695,0.93164,31.66
$VBAT,53141.346,3.918
$BARO,53141.354,69841.46,31.68
$MAG,53141.404,0.088,-0.615,-0.955,30.3
$IMU,53141.417,9.338,-16.296,-1.403,-0.29541,-0.13525,0.94482,31.67
$BARO,53141.456,69832.13,31.68
$IMU,53141.492,9.582,-17.150,0.793,-0.29101,-0.07519,0.93212,31.69
$MAG,53141.505,0.076,-0.619,-0.963,30.3
$BARO,53141.557,69850.77,31.69
$IMU,53141.567,6.225,-22.827,-6.958,-0.22265,-0.05175,0.94433,31.62
$HUM,53141.597,25.4,32.1
$MAG,53141.606,0.052,-0.612,-0.982,30.3
$IMU,53141.642,-0.244,-27.709,-11.474,-0.19042,-0.07617,0.94482,31.64
$BARO,53141.659,69838.39,31.69
$MAG,53141.707,0.040,-0.594,-1.000,30.3
$IMU,53141.717,-5.493,-29.174,-12.817,-0.12158,-0.13427,0.97998,31.66
$BARO,53141.760,69846.92,31.69
$IMU,53141.792,-9.643,-20.874,-15.075,-0.16259,-0.21142,1.04052,31.73
$MAG,53141.808,0.034,-0.579,-1.020,30.3
$BARO,53141.861,69843.24,31.69
$IMU,53141.867,-5.920,-21.667,-17.333,-0.12109,-0.26416,1.05468,31.68
$MAG,53141.908,0.016,-0.568,-1.035,30.3
$IMU,53141.942,3.967,-24.047,-17.150,-0.01757,-0.15771,1.00830,31.68
$BARO,53141.963,69840.42,31.69
$MAG,53142.009,0.009,-0.559,-1.035,30.3
$IMU,53142.017,5.249,-19.042,-17.822,0.05371,-0.13281,1.02099,31.69
$BARO,53142.064,69841.63,31.69
$IMU,53142.092,6.591,-11.779,-21.911,0.10498,-0.19580,1.03515,31.69
$MAG,53142.110,0.006,-0.565,-1.039,30.6
$BARO,53142.166,69846.68,31.70
$IMU,53142.167,15.869,-6.652,-24.169,0.14013,-0.09912,0.96777,31.71
$MAG,53142.211,0.019,-0.559,-1.039,30.3
$IMU,53142.243,14.892,-2.319,-26.367,0.14550,-0.07080,0.99169,31.73
$BARO,53142.267,69844.44,31.70
$MAG,53142.312,0.019,-0.564,-1.036,30.3
$IMU,53142.318,13.549,-0.488,-23.925,0.17871,-0.07617,1.00390,31.71
$VBAT,53142.346,3.921
$BARO,53142.368,69846.07,31.69
$IMU,53142.393,16.845,5.310,-21.301,0.10009,-0.05761,0.97119,31.71
$MAG,53142.412,0.031,-0.565,-1.021,30.5
$IMU,53142.468,20.996,5.310,-20.996,0.09277,0.02050,0.96582,31.75
$BARO,53142.470,69838.37,31.70
$MAG,53142.513,0.034,-0.567,-1.014,30.3
$IMU,53142.543,18.859,4.943,-17.822,0.11474,0.07617,0.96582,31.68
$BARO,53142.571,69849.51,31.70
$HUM,53142.613,25.0,32.1
$MAG,53142.614,0.049,-0.570,-1.003,30.3
$IMU,53142.618,13.122,7.019,-14.221,0.07373,0.04296,0.98583,31.69
$BARO,53142.673,69833.49,31.71
$IMU,53142.693,15.869,1.403,-9.826,0.12353,0.05175,1.00000,31.68
$MAG,53142.715,0.058,-0.570,-0.994,30.3
$IMU,53142.768,18.127,2.258,-1.525,0.04589,0.15380,1.01074,31.69
$BARO,53142.774,69843.19,31.71
$MAG,53142.816,0.058,-0.586,-0.991,30.6
$IMU,53142.843,11.962,1.464,-1.159,0.03466,0.17480,0.95410,31.69
$BARO,53142.876,69833.88,31.71
$MAG,53142.916,0.070,-0.583,-0.990,30.3
$IMU,53142.918,3.662,9.643,-4.028,-0.14062,0.27343,0.95703,31.68
$BARO,53142.977,69845.83,31.71
$IMU,53142.993,-15.441,12.084,-8.544,-0.18994,0.01757,0.96777,31.73
$MAG,53143.017,0.084,-0.571,-0.988,30.5
$IMU,53143.068,-10.375,13.427,-15.808,-0.26806,0.02392,0.97558,31.71
$BARO,53143.078,69844.00,31.71
$MAG,53143.118,0.106,-0.552,-0.984,30.5
$IMU,53143.143,-11.108,8.056,-15.441,-0.29638,-0.01318,0.99267,31.70
$TIME,53143.168,457813.000,2364
$BARO,53143.180,69833.88,31.71
$MAG,53143.219,0.096,-0.535,-0.972,30.3
$IMU,53143.219,-6.286,3.967,-3.479,-0.33544,0.04443,0.98486,31.71
$BARO,53143.281,69839.51,31.72
$IMU,53143.294,-5.615,-3.845,6.774,-0.23486,0.08642,0.95312,31.71
$MAG,53143.320,0.094,-0.550,-0.975,30.3
$VBAT,53143.346,3.937
$IMU,53143.369,-9.765,-4.760,9.460,-0.23632,0.05517,0.91552,31.72
$BARO,53143.383,69850.26,31.72
$MAG,53143.420,0.081,-0.546,-0.997,30.3
$IMU,53143.444,-9.887,-8.483,4.760,-0.19873,0.14550,0.87255,31.68
$BARO,53143.484,69839.71,31.72
$IMU,53143.519,-18.798,-13.183,-3.845,-0.23632,0.19384,0.88134,31.70
$MAG,53143.521,0.070,-0.520,-1.005,30.3
$BARO,53143.585,69844.97,31.72
$IMU,53143.594,-30.883,-21.667,-5.981,-0.02734,-0.10205,0.71582,31.69
$MAG,53143.622,0.046,-0.504,-1.045,30.6
$HUM,53143.630,25.3,32.1
$IMU,53143.669,-27.893,-24.597,9.033,0.22363,-0.06005,0.73828,31.74
$BARO,53143.687,69845.58,31.73
$MAG,53143.723,0.031,-0.486,-1.048,30.5
$IMU,53143.744,-35.766,-18.005,18.310,0.34423,-0.00146,0.80908,31.72
$BARO,53143.788,69850.63,31.73
$IMU,53143.819,-45.959,-8.605,25.085,0.28613,-0.25781,0.78808,31.72
$MAG,53143.824,0.022,-0.460,-1.062,30.3
$BARO,53143.890,69839.10,31.72
$IMU,53143.894,-29.602,-0.183,13.549,0.15869,-0.14257,0.73193,31.77
$MAG,53143.924,0.031,-0.445,-1.065,30.5
$IMU,53143.969,-32.897,1.892,16.357,0.11230,-0.29248,0.77294,31.69
$BARO,53143.991,69851.21,31.74
$MAG,53144.025,0.024,-0.411,-1.069,30.3
$IMU,53144.044,-46.875,3.845,0.671,0.01562,-0.57714,0.84130,31.72
$BARO,53144.092,69915.39,31.75
$IMU,53144.119,-45.959,4.272,0.183,0.05517,-0.61816,0.98388,31.71
$MAG,53144.126,0.033,-0.370,-1.069,30.5
$TIME,53144.168,457814.000,2364
$BARO,53144.194,69847.90,31.77
$IMU,53144.195,-41.015,20.629,-2.441,-0.05224,-0.64648,0.97216,31.77
$MAG,53144.227,0.055,-0.319,-1.050,30.5
$IMU,53144.270,-41.564,20.202,-7.812,-0.07421,-0.76562,0.96728,31.74
$BARO,53144.295,69855.55,31.78
$MAG,53144.328,0.054,-0.271,-1.054,30.5
$IMU,53144.345,-32.836,9.277,-12.268,-0.07275,-0.75878,0.95312,31.74
$VBAT,53144.348,3.921
$BARO,53144.397,69851.87,31.79
$IMU,53144.420,-27.587,-1.159,-12.756,-0.07324,-0.82617,0.96630,31.69
$MAG,53144.428,0.046,-0.255,-1.042,30.5
$IMU,53144.495,-25.329,-9.887,-2.075,-0.04785,-0.88623,1.06347,31.76
$BARO,53144.498,69850.02,31.80
$MAG,53144.529,0.027,-0.226,-1.057,30.6
$IMU,53144.570,-26.855,-21.789,14.404,0.10644,-0.96533,1.13964,31.73
$BARO,53144.599,69850.19,31.81
$MAG,53144.630,0.034,-0.238,-1.057,30.5
$IMU,53144.645,-9.399,-18.920,18.554,0.15185,-0.87597,0.96728,31.74
$HUM,53144.646,9.4,32.2
$BARO,53144.701,69850.19,31.81
$IMU,53144.720,14.831,-8.911,6.408,0.10742,-0.67529,0.75976,31.73
$MAG,53144.731,0.024,-0.253,-1.069,30.3
$IMU,53144.795,19.653,-1.586,2.990,0.10595,-0.61523,0.71435,31.72
$BARO,53144.802,69844.27,31.82
$MAG,53144.831,0.028,-0.273,-1.066,30.3
$IMU,53144.870,14.221,6.347,4.089,-0.02050,-0.62060,0.71337,31.76
$BARO,53144.904,69855.38,31.83
$MAG,53144.932,0.028,-0.280,-1.080,30.5
$IMU,53144.945,6.469,-3.051,-1.342,0.01367,-0.60205,0.78222,31.75
$BARO,53145.005,69834.10,31.84
$IMU,53145.020,-1.037,-10.864,-0.427,0.05810,-0.70166,0.87500,31.74
$MAG,53145.033,0.015,-0.276,-1.078,30.3
$IMU,53145.095,2.807,-13.427,-5.126,0.10888,-0.68115,0.87792,31.70
$BARO,53145.106,69864.64,31.85
$MAG,53145.134,0.004,-0.280,-1.084,30.3
$TIME,53145.168,457816.000,2364
$IMU,53145.171,9.399,-11.962,-7.690,0.12597,-0.65527,0.79345,31.71
$BARO,53145.208,69878.81,31.86
$MAG,53145.235,-0.006,-0.300,-1.089,30.3
$IMU,53145.246,20.019,-5.493,-6.530,0.07861,-0.52587,0.66650,31.71
$BARO,53145.309,69874.74,31.86
$IMU,53145.321,18.737,-9.887,-5.126,0.04931,-0.45410,0.67333,31.79
$MAG,53145.335,-0.019,-0.316,-1.098,30.5
$VBAT,53145.348,3.935
$IMU,53145.396,10.498,-19.348,-10.009,0.10888,-0.46630,0.68994,31.76
$BARO,53145.411,69865.40,31.87
$MAG,53145.436,-0.033,-0.315,-1.108,30.3
$IMU,53145.471,5.371,-21.057,-3.967,0.20605,-0.43994,0.73291,31.76
$BARO,53145.512,69865.40,31.87
$MAG,53145.537,-0.057,-0.295,-1.113,30.3
$IMU,53145.546,-13.427,-11.596,-5.126,0.18603,-0.54931,0.81347,31.75
$BARO,53145.613,69863.77,31.87
$IMU,53145.621,-17.028,-2.502,-6.591,0.17041,-0.63818,0.82080,31.76
$MAG,53145.638,-0.055,-0.283,-1.110,30.3
$HUM,53145.663,6550.1,32.3
$IMU,53145.696,-6.652,1.159,-2.441,0.20458,-0.57714,0.79980,31.75
$BARO,53145.715,69868.64,31.87
$MAG,53145.739,-0.042,-0.277,-1.108,30.5
$IMU,53145.771,-9.277,11.596,0.915,0.20312,-0.60644,0.81689,31.73
$BARO,53145.816,69852.41,31.88
$MAG,53145.839,-0.033,-0.268,-1.089,30.3
$IMU,53145.846,-10.314,25.207,-4.699,0.10986,-0.63281,0.80615,31.77
$BARO,53145.918,69847.56,31.87
$IMU,53145.921,-8.117,23.559,-4.394,0.00830,-0.62695,0.79589,31.78
$MAG,53145.940,-0.009,-0.253,-1.084,30.6
$IMU,53145.996,-9.094,9.155,-2.136,0.03710,-0.63867,0.79785,31.80
$BARO,53146.019,69863.77,31.88
$MAG,53146.041,-0.012,-0.255,-1.077,30.3
$IMU,53146.071,-7.324,-4.882,1.586,0.12060,-0.67382,0.80908,31.82
$BARO,53146.120,69838.83,31.88
$MAG,53146.142,-0.021,-0.252,-1.087,30.5
$IMU,53146.147,-0.610,-7.690,0.854,0.16796,-0.64208,0.79052,31.78
$TIME,53146.168,457817.000,2364
$BARO,53146.222,69832.54,31.87
$IMU,53146.222,-2.990,-2.136,-4.333,0.12890,-0.67968,0.80859,31.75
$MAG,53146.242,-0.022,-0.246,-1.086,30.6
$IMU,53146.297,-1.159,0.427,-1.464,0.12548,-0.67285,0.78613,31.80
$BARO,53146.323,69834.96,31.89
$MAG,53146.343,-0.016,-0.252,-1.080,30.6
$VBAT,53146.349,3.929
$IMU,53146.372,5.615,1.464,1.098,0.09277,-0.62255,0.72119,31.78
$BARO,53146.425,69814.70,31.88
$MAG,53146.444,-0.018,-0.264,-1.084,30.3
$IMU,53146.447,7.446,-3.234,2.136,0.14990,-0.58154,0.69042,31.78
$IMU,53146.522,-0.549,-1.586,5.432,0.19970,-0.60888,0.79980,31.78
$BARO,53146.526,69828.45,31.89
$MAG,53146.545,-0.016,-0.264,-1.080,30.3
$IMU,53146.597,-4.150,3.295,2.014,0.12207,-0.68798,0.81982,31.82
$BARO,53146.627,69845.05,31.90
$MAG,53146.646,-0.013,-0.256,-1.086,30.3
$IMU,53146.672,4.577,9.948,-5.676,0.11083,-0.62792,0.77636,31.79
$HUM,53146.679,1.6,32.3
$BARO,53146.729,69874.03,31.90
$MAG,53146.746,0.009,-0.267,-1.069,30.6
$IMU,53146.747,2.441,15.747,6.164,0.07763,-0.63183,0.78466,31.76
$IMU,53146.822,1.037,7.568,1.770,0.05810,-0.65576,0.82373,31.77
$BARO,53146.830,69883.73,31.90
$MAG,53146.847,0.003,-0.268,-1.071,30.3
$IMU,53146.897,4.882,-4.577,-0.671,0.10058,-0.65673,0.81591,31.77
$BARO,53146.931,69881.32,31.90
$MAG,53146.948,0.006,-0.277,-1.069,30.3
$IMU,53146.972,8.605,-5.615,-2.624,0.11865,-0.59423,0.78320,31.82
$BARO,53147.033,69910.91,31.90
$IMU,53147.047,5.737,2.014,-2.685,0.08593,-0.59033,0.76660,31.73
$MAG,53147.049,0.007,-0.277,-1.066,30.5
$IMU,53147.123,5.004,3.479,0.122,0.06152,-0.57324,0.74511,31.76
$BARO,53147.134,69961.53,31.92
$MAG,53147.150,0.006,-0.288,-1.078,30.6
$IMU,53147.198,5.004,-1.159,0.915,0.07617,-0.56201,0.77490,31.76
$BARO,53147.236,69960.54,31.91
$MAG,53147.250,0.006,-0.286,-1.075,30.3
$IMU,53147.273,2.502,-3.356,-0.305,0.06347,-0.55810,0.83886,31.80
$BARO,53147.337,69930.33,31.91
$IMU,53147.348,-0.732,-7.080,3.601,0.14746,-0.64208,0.90576,31.79
$VBAT,53147.350,3.929
$MAG,53147.351,-0.001,-0.292,-1.084,30.7
$IMU,53147.423,5.310,-3.601,0.061,0.11621,-0.61621,0.90087,31.78
$BARO,53147.438,69941.45,31.92
$MAG,53147.452,-0.004,-0.289,-1.083,30.6
$IMU,53147.498,5.371,0.732,-5.004,0.15869,-0.63037,0.94726,31.82
$BARO,53147.540,69990.52,31.92
$MAG,53147.553,0.015,-0.303,-1.075,30.3
$IMU,53147.573,4.272,10.742,5.249,0.18505,-0.70996,1.02685,31.80
$BARO,53147.641,69948.93,31.93
$IMU,53147.648,20.080,16.540,-0.671,0.11816,-0.68310,1.02832,31.80
$MAG,53147.654,0.025,-0.324,-1.068,30.6
$HUM,53147.696,13.0,32.4
$IMU,53147.723,36.437,12.878,-7.507,0.11425,-0.61718,1.01806,31.79
$BARO,53147.743,69859.14,31.93
$MAG,53147.754,0.040,-0.352,-1.056,30.7
$IMU,53147.798,44.677,11.779,-7.507,0.12646,-0.57226,1.05664,31.77
$BARO,53147.844,69850.65,31.92
$MAG,53147.855,0.045,-0.409,-1.056,30.6
$IMU,53147.873,53.161,8.911,-2.624,0.12939,-0.55810,1.10498,31.80
$BARO,53147.945,69837.93,31.91
$IMU,53147.948,65.917,8.056,-7.080,0.11816,-0.49121,1.15136,31.79
$MAG,53147.956,0.063,-0.459,-1.035,30.7
$IMU,53148.023,79.467,17.028,-2.258,0.03417,-0.36279,1.06933,31.84
$BARO,53148.047,69843.00,31.90
$MAG,53148.057,0.081,-0.532,-1.003,30.5
$IMU,53148.099,90.759,23.132,5.737,-0.14892,-0.16064,0.89013,31.80
$BARO,53148.148,69848.90,31.90
$MAG,53148.158,0.094,-0.609,-0.958,30.5
$TIME,53148.168,457819.000,2364
$IMU,53148.174,88.195,15.380,4.577,-0.17724,0.04589,0.78222,31.80
$IMU,53148.249,71.960,15.747,7.629,-0.16259,0.18554,0.72021,31.75
$BARO,53148.250,69852.19,31.88
$MAG,53148.258,0.103,-0.652,-0.918,30.5
$IMU,53148.324,60.546,19.470,9.826,-0.13085,0.26171,0.68115,31.78
$VBAT,53148.351,3.918
$BARO,53148.351,69842.68,31.88
$MAG,53148.359,0.109,-0.693,-0.871,30.6
$IMU,53148.399,51.879,22.583,13.427,-0.17480,0.35449,0.69677,31.82
$BARO,53148.452,69845.51,31.88
$MAG,53148.460,0.100,-0.711,-0.831,30.5
$IMU,53148.474,44.006,18.859,9.277,-0.24169,0.41992,0.71142,31.83
$IMU,53148.549,40.710,10.986,4.150,-0.25488,0.48242,0.72558,31.83
$BARO,53148.554,69832.76,31.87
$MAG,53148.561,0.109,-0.732,-0.801,30.7
$IMU,53148.624,34.484,5.554,9.155,-0.23779,0.55859,0.71826,31.83
$BARO,53148.655,69827.72,31.87
$MAG,53148.662,0.097,-0.759,-0.777,30.8
$IMU,53148.699,22.583,5.493,15.380,-0.19677,0.56201,0.70214,31.84
$HUM,53148.713,25.9,32.3
$BARO,53148.757,69839.27,31.86
$MAG,53148.762,0.091,-0.759,-0.760,30.6
$IMU,53148.774,21.911,2.624,12.023,-0.27197,0.61767,0.67724,31.79
$IMU,53148.849,15.563,-5.493,6.591,-0.25097,0.70654,0.72070,31.82
$BARO,53148.858,69833.20,31.86
$MAG,53148.863,0.078,-0.777,-0.762,30.7
$IMU,53148.924,4.394,-9.643,9.033,-0.13769,0.60156,0.77246,31.76
$BARO,53148.959,69840.68,31.87
$MAG,53148.964,0.075,-0.783,-0.765,30.5
$IMU,53148.999,6.103,-10.253,8.239,-0.11474,0.65185,0.74267,31.80
$BARO,53149.061,69837.27,31.86
$MAG,53149.065,0.054,-0.777,-0.781,30.6
$IMU,53149.075,0.976,-14.465,2.807,0.04003,0.63037,0.77246,31.82
$IMU,53149.150,-1.098,-4.211,7.629,0.16015,0.65820,0.79882,31.81
$BARO,53149.162,69826.91,31.86
$MAG,53149.166,0.055,-0.790,-0.771,30.5
$TIME,53149.168,457820.000,2364
$IMU,53149.225,6.347,4.699,11.474,0.03222,0.64111,0.74951,31.86
$BARO,53149.263,69843.95,31.86
$MAG,53149.266,0.051,-0.786,-0.769,30.3
$IMU,53149.300,9.338,-15.136,-14.648,-0.21484,0.74511,0.74707,31.80
$VBAT,53149.351,3.910
$BARO,53149.365,69836.05,31.86
$MAG,53149.367,0.076,-0.768,-0.789,30.6
$IMU,53149.375,12.573,-38.879,-43.701,-0.14599,0.57568,0.62060,31.81
$IMU,53149.450,25.451,-40.527,-16.906,0.12841,0.70849,0.59912,31.85
$BARO,53149.466,69828.54,31.86
$MAG,53149.468,0.057,-0.777,-0.796,30.6
$IMU,53149.525,16.235,-26.367,15.075,0.27978,0.87500,0.64697,31.83
$BARO,53149.568,69840.71,31.86
$MAG,53149.569,0.046,-0.778,-0.801,30.6
$IMU,53149.600,-6.896,-6.469,13.183,0.19873,0.90625,0.70214,31.84
$BARO,53149.669,69843.32,31.87
$MAG,53149.670,0.052,-0.771,-0.810,30.6
$IMU,53149.675,-15.075,3.723,-6.958,0.00146,0.63671,0.72851,31.85
$HUM,53149.729,26.0,32.3
$IMU,53149.750,-9.582,-7.995,-26.184,-0.25390,0.56201,0.85888,31.80
$BARO,53149.771,69839.46,31.87
$MAG,53149.771,0.072,-0.745,-0.831,30.8
$IMU,53149.825,11.291,-74.707,-55.297,-0.30371,0.66064,0.83300,31.87
$MAG,53149.871,0.042,-0.720,-0.901,30.6
$BARO,53149.872,69834.00,31.87
$IMU,53149.900,38.879,-138.244,-76.110,0.13867,0.70947,0.62792,31.81
$MAG,53149.972,0.015,-0.700,-0.946,31.0
$BARO,53149.973,69833.79,31.87
$IMU,53149.975,48.217,-127.868,-68.603,0.27246,0.93261,0.53173,31.87
$IMU,53150.051,21.972,-87.219,-40.771,0.37744,0.93115,0.53613,31.85
$MAG,53150.073,-0.007,-0.697,-0.969,31.0
$BARO,53150.075,69844.34,31.87
$IMU,53150.126,-3.234,-33.569,-19.775,0.15527,0.84375,0.54931,31.81
$TIME,53150.168,457821.000,2364
$MAG,53150.174,-0.027,-0.676,-0.990,31.0
$BARO,53150.176,69848.97,31.87
$IMU,53150.201,-11.291,-17.517,-13.061,0.12304,0.79394,0.60595,31.84
$MAG,53150.275,-0.019,-0.678,-0.990,30.7
$IMU,53150.276,-8.728,-7.934,3.906,0.24462,0.75878,0.58544,31.89
$BARO,53150.278,69843.51,31.87
$IMU,53150.351,3.723,6.958,6.896,0.20654,0.82275,0.55029,31.87
$VBAT,53150.356,3.924
$MAG,53150.375,-0.022,-0.685,-0.979,30.6
$BARO,53150.379,69837.03,31.87
$IMU,53150.426,5.554,11.169,4.028,0.16064,0.83935,0.59423,31.86
$MAG,53150.476,-0.019,-0.702,-0.976,30.5
$BARO,53150.480,69841.68,31.87
$IMU,53150.501,3.540,6.042,1.281,0.16162,0.80419,0.57128,31.87
$IMU,53150.576,7.141,0.854,-8.361,0.13769,0.82128,0.56201,31.87
$MAG,53150.577,-0.010,-0.687,-0.963,30.6
$BARO,53150.582,69843.71,31.87
$IMU,53150.651,4.943,4.699,-5.859,0.15380,0.86376,0.55175,31.87
$MAG,53150.678,-0.010,-0.694,-0.964,30.6
$BARO,53150.683,69838.20,31.88
$IMU,53150.726,-0.244,11.657,6.042,0.13574,0.84130,0.55175,31.89
$HUM,53150.746,26.0,32.3
$MAG,53150.779,0.004,-0.703,-0.952,30.6
$BARO,53150.785,69846.53,31.88
$IMU,53150.801,0.183,16.723,6.835,0.15576,0.86132,0.54736,31.86
$IMU,53150.876,-4.394,25.207,10.009,0.05908,0.89648,0.54101,31.89
$MAG,53150.880,0.018,-0.696,-0.951,30.7
$BARO,53150.886,69834.96,31.89
$IMU,53150.951,-18.371,29.174,20.874,0.27783,0.92480,0.54150,31.86
$MAG,53150.980,0.021,-0.708,-0.942,30.3
$BARO,53150.987,69845.90,31.88
$IMU,53151.027,-46.081,73.425,54.138,0.14599,0.84521,0.52783,31.87
$MAG,53151.081,0.048,-0.699,-0.916,30.5
$BARO,53151.089,69845.90,31.89
$IMU,53151.102,-61.340,89.355,69.030,-0.06152,0.71191,0.64404,31.89
$TIME,53151.168,457822.000,2364
$IMU,53151.177,-54.931,53.283,50.170,0.01660,0.64501,0.76611,31.89
$MAG,53151.182,0.046,-0.690,-0.915,30.7
$BARO,53151.190,69844.68,31.89
$IMU,53151.252,-48.889,26.489,28.015,0.04980,0.52050,0.82812,31.88
$MAG,53151.283,0.054,-0.682,-0.939,30.6
$BARO,53151.291,69834.54,31.89
$IMU,53151.327,-40.344,20.324,22.399,0.08984,0.49902,0.87255,31.88
$VBAT,53151.370,3.919
$MAG,53151.384,0.046,-0.676,-0.952,30.5
$BARO,53151.393,69837.15,31.89
$IMU,53151.402,-36.315,22.827,26.794,0.00537,0.42431,0.91308,31.87
$IMU,53151.477,-33.020,18.920,26.794,0.08300,0.38916,0.91601,31.88
$MAG,53151.485,0.051,-0.672,-0.937,30.7
$BARO,53151.494,69839.42,31.89
$IMU,53151.552,-33.386,20.812,23.864,0.00927,0.34228,0.93554,31.88
$MAG,53151.585,0.049,-0.669,-0.955,30.8
$BARO,53151.596,69845.46,31.90
$IMU,53151.627,-37.170,19.104,19.165,-0.03808,0.26171,0.96044,31.85
$MAG,53151.686,0.049,-0.652,-0.960,31.0
$BARO,53151.697,69846.07,31.89
$IMU,53151.702,-36.987,13.122,15.136,-0.03466,0.23974,0.97021,31.90
$HUM,53151.762,25.2,32.3
$IMU,53151.777,-39.428,6.896,12.390,-0.03955,0.20361,0.94091,31.89
$MAG,53151.787,0.052,-0.634,-0.985,30.6
$BARO,53151.798,69839.81,31.89
$IMU,53151.852,-42.236,2.075,8.544,0.00634,0.14941,0.94921,31.90
$MAG,53151.888,0.048,-0.603,-0.994,30.6
$BARO,53151.900,69842.00,31.90
$IMU,53151.927,-46.447,1.647,3.723,-0.02246,0.03027,1.02734,31.86
$MAG,53151.989,0.058,-0.568,-1.012,30.6
$BARO,53152.001,69839.15,31.90
$IMU,53152.003,-41.748,0.488,3.173,0.00634,-0.05273,1.04833,31.91
$IMU,53152.078,-33.386,0.610,1.037,-0.02392,-0.15869,1.05957,31.92
$MAG,53152.089,0.046,-0.549,-1.023,30.5
$BARO,53152.103,69830.45,31.90
$IMU,53152.153,-19.592,-3.845,-2.807,0.01220,-0.13427,1.02880,31.93
$TIME,53152.168,457823.000,2364
$MAG,53152.190,0.046,-0.541,-1.027,30.7
$BARO,53152.204,69833.03,31.91
$IMU,53152.228,-13.977,-5.004,-2.075,0.03466,-0.13330,1.02978,31.82
$MAG,53152.291,0.048,-0.520,-1.032,30.6
$IMU,53152.303,-10.864,-2.441,-2.014,-0.00781,-0.14404,1.03759,31.90
$BARO,53152.305,69833.64,31.91
$VBAT,53152.374,3.916
$IMU,53152.378,-4.638,-3.479,-1.220,0.00537,-0.12744,1.02148,31.88
$MAG,53152.392,0.042,-0.522,-1.035,31.0
$BARO,53152.407,69843.58,31.91
$IMU,53152.453,0.366,-5.310,0.488,0.05517,-0.09423,0.99414,31.92
$MAG,53152.493,0.040,-0.523,-1.039,30.7
$BARO,53152.508,69841.34,31.92
$IMU,53152.528,-2.136,-4.882,-1.708,0.04150,-0.08886,0.99902,31.86
$MAG,53152.594,0.031,-0.516,-1.048,30.6
$IMU,53152.603,-5.249,-5.187,-6.347,0.05175,-0.15136,1.01318,31.91
$BARO,53152.609,69840.10,31.92
$IMU,53152.678,-4.272,-1.586,-2.380,0.10498,-0.17041,1.05712,31.91
$MAG,53152.694,0.027,-0.522,-1.039,30.7
$BARO,53152.711,69842.73,31.92
$IMU,53152.753,1.281,5.859,-2.197,0.03417,-0.18066,1.04101,31.93
$HUM,53152.779,25.4,32.3
$MAG,53152.795,0.031,-0.508,-1.042,31.0
$BARO,53152.812,69833.18,31.93
$IMU,53152.828,6.530,5.432,-10.314,0.03417,-0.08984,1.03417,31.88
$MAG,53152.896,0.057,-0.517,-1.036,30.6
$IMU,53152.903,9.277,8.117,-8.361,-0.05761,-0.11621,0.97851,31.87
$BARO,53152.914,69833.98,31.93
$IMU,53152.978,4.699,5.493,-0.854,0.02392,-0.02539,0.96630,31.93
$MAG,53152.997,0.054,-0.520,-1.035,30.8
$BARO,53153.015,69842.51,31.93
$IMU,53153.054,4.150,6.164,4.272,-0.07763,-0.00781,0.93603,31.89
$MAG,53153.098,0.060,-0.517,-1.027,31.0
$BARO,53153.116,69838.08,31.93
$IMU,53153.129,4.455,-2.685,-9.521,-0.03564,0.04101,0.93750,31.94
$TIME,53153.168,457823.000,2364
$MAG,53153.198,0.049,-0.525,-1.030,30.7
$IMU,53153.204,-0.976,-7.690,-1.647,0.04785,-0.02539,0.94287,31.93
$BARO,53153.218,69840.07,31.94
$IMU,53153.279,-10.803,-2.441,-1.281,-0.01318,-0.13769,1.03222,31.92
$MAG,53153.299,0.049,-0.507,-1.039,30.8
$BARO,53153.319,69827.08,31.94
$IMU,53153.354,-14.587,-6.896,1.403,0.04443,-0.21923,1.07910,31.88
$VBAT,53153.387,3.929
$MAG,53153.400,0.048,-0.505,-1.041,30.7
$BARO,53153.420,69833.76,31.94
$IMU,53153.429,-10.864,-2.624,5.676,0.07617,-0.27246,1.05712,31.94
$MAG,53153.501,0.040,-0.507,-1.032,30.7
$IMU,53153.504,-6.225,6.347,10.314,0.06542,-0.28076,1.05224,31.92
$BARO,53153.522,69841.05,31.94
$IMU,53153.579,-0.915,9.582,10.437,-0.02148,-0.24853,1.02929,31.90
$MAG,53153.602,0.054,-0.498,-1.033,30.6
$BARO,53153.623,69832.10,31.95
$IMU,53153.654,7.141,5.798,1.647,-0.05957,-0.15429,0.99121,31.95
$MAG,53153.703,0.057,-0.517,-1.027,30.7
$BARO,53153.725,69826.84,31.95
$IMU,53153.729,6.652,1.770,1.708,-0.01611,-0.11572,0.97802,31.97
$HUM,53153.795,25.3,32.4
$MAG,53153.803,0.060,-0.520,-1.017,30.7
$IMU,53153.804,5.310,4.516,6.958,-0.00048,-0.08886,0.98681,31.96
$BARO,53153.826,69832.91,31.95
$IMU,53153.879,2.990,7.202,8.972,-0.03320,-0.14697,1.00878,31.93
$MAG,53153.904,0.061,-0.535,-1.017,30.7
$BARO,53153.927,69826.64,31.95
$IMU,53153.954,8.972,4.882,4.577,-0.04150,-0.09765,1.02246,31.95
$MAG,53154.005,0.066,-0.550,-1.009,30.6
$BARO,53154.029,69820.96,31.95
$IMU,53154.030,12.023,3.723,3.234,-0.06103,-0.07177,1.00341,31.98
$IMU,53154.105,13.000,4.211,2.624,-0.06640,-0.07080,0.98437,31.94
$MAG,53154.106,0.069,-0.559,-1.008,30.5
$BARO,53154.130,69817.53,31.95
$TIME,53154.168,457826.000,2364
$IMU,53154.180,11.657,4.577,7.873,-0.07763,-0.06347,1.00927,31.97
$MAG,53154.207,0.069,-0.573,-0.993,31.0
$BARO,53154.232,69826.40,31.96
$IMU,53154.255,11.596,6.530,12.695,-0.07763,-0.04687,1.02099,31.96
$MAG,53154.307,0.069,-0.598,-0.988,30.8
$IMU,53154.330,13.244,9.155,16.845,-0.10937,-0.02978,1.00000,31.96
$BARO,53154.333,69831.08,31.96
$VBAT,53154.391,3.914
$IMU,53154.405,13.061,6.591,17.028,-0.10107,-0.02050,1.00781,31.95
$MAG,53154.408,0.072,-0.621,-0.972,30.7
$BARO,53154.434,69832.49,31.96
$IMU,53154.480,16.479,10.131,19.775,-0.03222,-0.01269,1.04687,31.94
$MAG,53154.509,0.069,-0.658,-0.940,30.7
$BARO,53154.536,69838.34,31.97
$IMU,53154.555,27.343,31.921,34.729,-0.10546,0.02978,1.02099,31.95
$MAG,53154.610,0.069,-0.702,-0.885,31.0
$IMU,53154.630,37.963,50.720,46.569,-0.17578,0.10156,0.98046,31.93
$BARO,53154.637,69835.10,31.97
$IMU,53154.705,51.086,68.481,59.509,-0.13476,0.24218,0.87060,31.92
$MAG,53154.711,0.060,-0.784,-0.786,31.0
$BARO,53154.739,69837.32,31.97
$IMU,53154.780,59.448,112.854,86.853,-0.28710,0.42724,0.70263,31.96
$MAG,53154.811,0.004,-0.847,-0.657,30.8
$HUM,53154.812,24.9,32.4
$BARO,53154.840,69839.56,31.97
$IMU,53154.855,58.959,124.816,96.740,-0.72705,0.66357,0.61474,31.94
$MAG,53154.912,-0.069,-0.880,-0.597,31.0
$IMU,53154.930,34.423,58.654,63.720,-0.57958,0.68798,0.59863,31.94
$BARO,53154.941,69838.51,31.98
$IMU,53155.006,14.343,18.676,34.790,-0.44921,0.69677,0.55908,31.94
$MAG,53155.013,-0.096,-0.892,-0.570,30.8
$BARO,53155.043,69831.81,31.98
$IMU,53155.081,4.577,7.019,13.183,-0.47607,0.71728,0.55468,31.98
$MAG,53155.114,-0.096,-0.885,-0.580,30.8
$BARO,53155.144,69841.15,31.98
$IMU,53155.156,-5.004,-1.098,3.601,-0.47656,0.68603,0.58691,31.98
$MAG,53155.215,-0.099,-0.892,-0.585,30.8
$IMU,53155.231,-11.657,-2.746,4.394,-0.39062,0.64843,0.62939,31.96
$BARO,53155.246,69832.01,31.98
$IMU,53155.306,-6.225,-2.380,4.455,-0.39794,0.66894,0.66894,31.95
$MAG,53155.316,-0.106,-0.895,-0.585,30.6
$BARO,53155.347,69843.75,31.99
$IMU,53155.381,4.455,-14.099,-11.901,-0.47314,0.61230,0.57861,31.96
$VBAT,53155.405,3.942
$MAG,53155.416,-0.063,-0.883,-0.601,30.8
$BARO,53155.449,69830.40,31.98
$IMU,53155.456,-1.281,-38.513,-35.644,-0.61669,0.75732,0.60058,31.97
$MAG,53155.517,-0.010,-0.853,-0.675,30.7
$IMU,53155.531,-37.353,-69.580,-55.236,-0.45361,0.71044,0.65087,31.94
$BARO,53155.550,69835.44,31.99
$IMU,53155.606,-61.279,-76.599,-57.373,-0.33496,0.37597,0.76123,31.95
$MAG,53155.618,0.015,-0.805,-0.777,30.7
$BARO,53155.651,69835.42,31.99
$IMU,53155.681,-47.058,-71.472,-51.269,-0.27294,0.30371,0.88818,31.96
$MAG,53155.719,0.034,-0.775,-0.837,31.0
$BARO,53155.753,69837.05,31.99
$IMU,53155.756,-31.188,-59.020,-46.691,-0.19921,0.29248,0.91845,31.98
$MAG,53155.820,0.048,-0.723,-0.892,30.7
$HUM,53155.828,24.9,32.4
$IMU,53155.831,-31.738,-43.090,-45.043,-0.17578,0.22705,0.95898,31.99
$BARO,53155.854,69836.22,32.00
$IMU,53155.906,-30.517,-34.240,-42.236,-0.18261,0.10839,0.99707,31.95
$MAG,53155.921,0.055,-0.685,-0.925,30.6
$BARO,53155.956,69828.30,32.00
$IMU,53155.982,-16.723,-31.311,-34.179,-0.12255,0.14990,1.00585,31.97
$MAG,53156.021,0.055,-0.666,-0.949,31.0
$BARO,53156.057,69828.11,32.01
$IMU,53156.057,-15.014,-24.353,-27.954,-0.07421,0.11816,1.00244,31.94
$MAG,53156.122,0.054,-0.628,-0.972,31.0
$IMU,53156.132,-15.991,-18.127,-25.146,-0.08154,0.10107,0.97265,32.00
$BARO,53156.158,69841.68,32.00
$TIME,53156.168,457827.000,2364
$IMU,53156.207,-17.883,-16.662,-19.042,-0.03808,0.03662,1.03369,31.96
$MAG,53156.223,0.046,-0.615,-0.985,30.8
$BARO,53156.260,69837.61,32.01
$IMU,53156.282,-14.282,-11.169,-11.962,-0.04345,0.01123,1.01806,31.96
$MAG,53156.324,0.049,-0.604,-0.993,31.0
$IMU,53156.357,-10.070,-6.286,-10.253,-0.06396,0.02343,1.01220,32.01
$BARO,53156.361,69830.30,32.01
$VBAT,53156.410,3.916
$MAG,53156.425,0.045,-0.592,-0.999,31.0
$IMU,53156.432,-8.850,-6.652,-10.009,-0.04150,-0.03222,1.03369,31.99
$BARO,53156.463,69838.00,32.01
$IMU,53156.507,-5.065,-5.920,-5.371,-0.00341,-0.01660,1.01269,32.02
$MAG,53156.526,0.043,-0.580,-1.000,31.0
$BARO,53156.564,69838.42,32.01
$IMU,53156.582,-4.882,-2.380,-5.676,-0.00683,-0.01220,1.00634,31.94
$MAG,53156.627,0.054,-0.574,-1.011,31.0
$IMU,53156.657,-6.225,-2.075,-6.958,-0.02636,-0.02392,1.00927,31.97
$BARO,53156.666,69836.39,32.01
$MAG,53156.727,0.048,-0.571,-1.011,31.0
$IMU,53156.732,-6.347,-2.929,-6.958,-0.01318,-0.04394,1.01611,32.03
$BARO,53156.767,69844.27,32.01
$IMU,53156.807,-4.516,-2.746,-7.446,-0.02246,-0.03759,1.01171,31.98
$MAG,53156.828,0.046,-0.567,-1.020,31.0
$HUM,53156.845,25.1,32.5
$BARO,53156.868,69831.08,32.02
$IMU,53156.882,-3.662,-4.211,-5.859,0.02148,-0.05371,1.01708,31.99
$MAG,53156.929,0.043,-0.558,-1.015,30.7
$IMU,53156.958,-1.831,0.244,-0.183,0.00927,-0.02734,1.00244,32.03
$BARO,53156.970,69830.47,32.02
$MAG,53157.030,0.048,-0.547,-1.027,31.0
$IMU,53157.033,-4.028,1.403,-0.061,-0.04492,-0.06542,0.99902,32.01
$BARO,53157.071,69836.34,32.02
$IMU,53157.108,-5.126,-2.136,0.732,-0.04931,-0.06298,1.01904,32.01
$MAG,53157.131,0.040,-0.549,-1.027,30.8
$TIME,53157.168,457829.000,2364
$BARO,53157.173,69840.20,32.03
$IMU,53157.183,-5.432,-5.676,8.972,0.04589,-0.11425,1.01708,32.00
$MAG,53157.231,0.048,-0.561,-1.024,31.0
$IMU,53157.258,-3.662,-2.807,12.817,0.05224,-0.11718,1.02929,32.00
$BARO,53157.274,69837.73,32.03
$MAG,53157.332,0.049,-0.564,-1.024,30.8
$IMU,53157.333,-1.281,5.004,-1.159,0.01318,-0.12353,1.03759,32.01
$BARO,53157.375,69833.69,32.03
$IMU,53157.408,9.155,8.544,-9.155,-0.09033,-0.06396,1.00927,31.97
$VBAT,53157.424,3.918
$MAG,53157.433,0.061,-0.559,-1.006,31.0
$BARO,53157.477,69831.06,32.03
$IMU,53157.483,11.474,8.911,-10.803,-0.14355,-0.10986,1.06347,32.00
$MAG,53157.534,0.066,-0.574,-0.991,30.7
$IMU,53157.558,23.437,6.835,14.648,-0.09765,-0.07568,1.00000,31.99
$BARO,53157.578,69828.20,32.03
$IMU,53157.633,27.893,8.911,44.006,0.01025,0.03271,0.98486,32.03
$MAG,53157.635,0.052,-0.624,-0.981,30.8
$BARO,53157.679,69831.84,32.04
$IMU,53157.708,22.644,16.845,49.621,0.00292,0.02783,1.02490,32.01
$MAG,53157.736,0.027,-0.675,-0.957,31.0
$BARO,53157.781,69832.25,32.04
$IMU,53157.783,24.291,24.841,47.485,-0.02001,0.04052,1.04443,32.04
$MAG,53157.836,0.027,-0.721,-0.915,31.0
$IMU,53157.858,33.142,31.677,50.109,-0.12597,0.15478,0.99560,32.01
$HUM,53157.861,24.8,32.5
$BARO,53157.882,69828.76,32.05
$IMU,53157.934,37.109,25.573,50.842,-0.14746,0.26464,0.95996,32.02
$MAG,53157.937,-0.003,-0.775,-0.871,31.0
$BARO,53157.984,69827.57,32.04
$IMU,53158.009,31.921,20.263,41.442,-0.13574,0.31640,0.93945,31.98
$MAG,53158.038,-0.028,-0.805,-0.831,31.0
$IMU,53158.084,29.724,23.071,49.316,-0.08837,0.38232,0.90966,32.00
$BARO,53158.085,69835.05,32.05
$MAG,53158.139,-0.058,-0.843,-0.796,31.0
$IMU,53158.159,27.526,32.653,61.584,-0.12646,0.43457,0.86621,32.00
$BARO,53158.186,69827.13,32.05
$IMU,53158.234,28.137,36.132,57.983,-0.06201,0.49072,0.87207,31.96
$MAG,53158.240,-0.112,-0.876,-0.736,31.0
$BARO,53158.288,69833.03,32.05
$IMU,53158.309,39.306,53.710,53.588,-0.24023,0.56347,0.79541,32.00
$MAG,53158.341,-0.141,-0.891,-0.678,31.0
$IMU,53158.384,44.067,57.006,45.532,-0.33447,0.64843,0.70166,31.96
$BARO,53158.389,69827.13,32.06
$VBAT,53158.429,3.914
$MAG,53158.441,-0.183,-0.912,-0.628,30.7
$IMU,53158.459,37.353,46.630,37.292,-0.32031,0.67919,0.61230,32.06
$BARO,53158.491,69826.52,32.05
$IMU,53158.534,23.803,44.921,31.494,-0.35839,0.73925,0.56884,32.00
$MAG,53158.542,-0.223,-0.915,-0.594,31.0
$BARO,53158.592,69830.35,32.06
$IMU,53158.609,10.314,40.466,26.184,-0.46435,0.75537,0.52636,31.98
$MAG,53158.643,-0.241,-0.919,-0.592,31.0
$IMU,53158.684,7.568,27.587,22.888,-0.41357,0.82958,0.50048,32.01
$BARO,53158.693,69821.84,32.06
$MAG,53158.744,-0.277,-0.922,-0.580,31.0
$IMU,53158.759,13.610,18.493,30.578,-0.27246,0.89941,0.51025,32.02
$BARO,53158.795,69823.06,32.06
$IMU,53158.834,6.591,32.592,45.532,-0.23046,0.82470,0.46240,32.01
$MAG,53158.845,-0.337,-0.916,-0.564,31.0
$HUM,53158.878,24.8,32.5
$BARO,53158.896,69834.59,32.07
$IMU,53158.910,3.173,44.067,53.466,-0.29638,0.82910,0.50439,32.04
$MAG,53158.946,-0.381,-0.901,-0.588,31.0
$IMU,53158.985,-3.540,50.048,44.067,-0.20214,0.88232,0.56884,32.03
$BARO,53158.998,69828.11,32.06
$MAG,53159.047,-0.438,-0.898,-0.613,30.6
$IMU,53159.060,-10.986,64.575,47.729,-0.23681,0.86181,0.56298,32.03
$BARO,53159.099,69829.69,32.07
$IMU,53159.135,-13.854,63.049,50.781,-0.26562,0.78955,0.59863,32.02
$MAG,53159.147,-0.486,-0.873,-0.639,31.0
$TIME,53159.168,457830.000,2364
$BARO,53159.201,69833.96,32.08
$IMU,53159.210,-7.141,45.776,46.264,-0.14257,0.83300,0.63281,32.03
$MAG,53159.248,-0.528,-0.858,-0.670,31.0
$IMU,53159.285,-5.798,50.354,38.757,-0.16992,0.78076,0.59521,32.04
$BARO,53159.302,69838.42,32.07
$MAG,53159.349,-0.556,-0.835,-0.697,31.0
$IMU,53159.360,-3.295,56.762,43.701,-0.12451,0.82177,0.57470,32.05
$BARO,53159.403,69832.32,32.07
$IMU,53159.435,-4.516,61.218,56.518,-0.04492,0.82373,0.57275,32.06
$VBAT,53159.442,3.924
$MAG,53159.450,-0.582,-0.805,-0.744,31.0
$BARO,53159.505,69829.47,32.08
$IMU,53159.510,-3.051,79.650,51.879,-0.05029,0.79492,0.58398,32.07
$MAG,53159.551,-0.591,-0.774,-0.795,31.0
$IMU,53159.585,4.028,90.332,43.945,-0.09423,0.81054,0.57177,32.03
$BARO,53159.606,69829.25,32.09
$MAG,53159.652,-0.589,-0.756,-0.823,30.8
$IMU,53159.660,13.122,73.547,36.682,-0.11425,0.88085,0.47851,32.04
$BARO,53159.708,69826.62,32.09
$IMU,53159.735,10.925,52.429,21.850,-0.04248,0.95703,0.38476,32.05
$MAG,53159.752,-0.574,-0.760,-0.847,31.0
$BARO,53159.809,69827.62,32.09
$IMU,53159.810,7.629,48.645,14.831,-0.08447,0.99853,0.33496,32.06
$MAG,53159.853,-0.558,-0.750,-0.880,31.0
$IMU,53159.886,3.051,44.921,9.338,-0.18554,0.95068,0.25683,32.06
$HUM,53159.894,24.1,32.5
$BARO,53159.910,69825.79,32.09
$MAG,53159.954,-0.547,-0.744,-0.888,30.8
$IMU,53159.961,0.671,33.752,11.047,-0.16162,0.99462,0.23486,32.03
$BARO,53160.012,69829.01,32.09
$IMU,53160.036,-0.244,26.794,13.977,-0.15185,1.01171,0.23291,32.05
$MAG,53160.055,-0.538,-0.733,-0.903,31.0
$IMU,53160.111,-8.361,22.338,9.826,-0.08593,1.07177,0.32128,32.04
$BARO,53160.113,69830.45,32.10
$MAG,53160.156,-0.526,-0.721,-0.945,31.0
$TIME,53160.168,457831.000,2364
$IMU,53160.186,-22.460,30.395,10.131,-0.06005,0.91601,0.37695,32.04
$BARO,53160.215,69827.37,32.10
$MAG,53160.257,-0.511,-0.697,-0.967,31.0
$IMU,53160.261,-19.531,42.480,19.348,-0.02001,0.92382,0.37646,32.08
$BARO,53160.316,69831.84,32.10
$IMU,53160.336,-15.625,54.504,25.085,-0.23193,0.96875,0.35839,32.07
$MAG,53160.357,-0.486,-0.673,-0.999,31.0
$IMU,53160.411,-22.521,36.193,22.949,-0.12158,0.95605,0.43554,32.08
$BARO,53160.417,69823.50,32.11
$VBAT,53160.447,3.922
$MAG,53160.458,-0.465,-0.633,-1.033,30.7
$IMU,53160.486,-36.315,42.297,33.386,-0.11083,0.89013,0.51464,32.03
$BARO,53160.519,69828.57,32.11
$MAG,53160.559,-0.447,-0.585,-1.071,31.0
$IMU,53160.561,-40.832,37.475,34.545,-0.24121,0.80859,0.57617,32.06
$BARO,53160.620,69823.91,32.11
$IMU,53160.636,-32.348,-13.183,-0.427,-0.02783,0.72851,0.64697,32.10
$MAG,53160.660,-0.474,-0.570,-1.071,31.0
$IMU,53160.711,-14.648,-46.936,-36.010,0.09619,0.74707,0.63818,32.05
$BARO,53160.722,69826.94,32.11
$MAG,53160.761,-0.508,-0.606,-1.041,31.0
$IMU,53160.786,1.770,-50.292,-56.701,-0.03076,0.82128,0.60253,32.07
$BARO,53160.823,69826.94,32.12
$IMU,53160.862,8.361,-54.382,-73.059,-0.19287,0.81933,0.60107,32.03
$MAG,53160.861,-0.525,-0.639,-0.994,31.0
$HUM,53160.911,24.2,32.5
$BARO,53160.924,69844.75,32.12
$IMU,53160.937,14.587,-71.594,-72.326,-0.29638,0.80859,0.60888,32.12
$MAG,53160.962,-0.544,-0.685,-0.949,31.0
$IMU,53161.012,26.367,-102.539,-74.584,-0.30029,0.76904,0.54492,32.09
$BARO,53161.026,69828.72,32.12
$MAG,53161.063,-0.573,-0.759,-0.840,31.1
$IMU,53161.087,43.518,-127.929,-83.068,-0.19921,0.87353,0.45996,32.06
$BARO,53161.127,69822.84,32.13
$IMU,53161.162,41.381,-128.479,-82.946,-0.11328,0.92382,0.46826,32.10
$MAG,53161.164,-0.562,-0.819,-0.745,31.0
$TIME,53161.168,457833.000,2364
$BARO,53161.228,69828.74,32.12
$IMU,53161.237,31.311,-107.238,-68.237,-0.11523,0.89501,0.47363,32.12
$MAG,53161.265,-0.529,-0.859,-0.669,31.0
$IMU,53161.312,24.597,-84.777,-53.710,-0.14990,0.88818,0.46191,32.09
$BARO,53161.330,69831.35,32.13
$MAG,53161.366,-0.489,-0.880,-0.622,31.0
$IMU,53161.387,18.005,-73.852,-44.799,-0.13427,0.90820,0.48291,32.12
$BARO,53161.431,69839.66,32.13
$VBAT,53161.460,3.922
$IMU,53161.462,12.023,-64.453,-42.114,-0.11962,0.87988,0.45458,32.08
$MAG,53161.466,-0.444,-0.883,-0.583,31.0
$BARO,53161.533,69838.83,32.14
$IMU,53161.537,4.211,-70.617,-50.720,-0.08056,0.96093,0.40820,32.10
$MAG,53161.567,-0.367,-0.913,-0.576,31.0
$IMU,53161.612,-26.977,-85.693,-89.721,-0.06689,1.00878,0.36328,32.07
$BARO,53161.634,69830.13,32.13
$MAG,53161.668,-0.225,-0.913,-0.679,31.0
$IMU,53161.687,-80.322,-100.463,-119.567,-0.04394,0.85791,0.38183,32.06
$BARO,53161.735,69828.28,32.14
$IMU,53161.762,-116.943,-111.694,-137.145,0.11425,0.55419,0.54101,32.12
$MAG,53161.769,-0.115,-0.853,-0.810,31.0
$BARO,53161.837,69834.98,32.14
$IMU,53161.838,-117.248,-97.839,-126.342,0.18164,0.25097,0.80712,32.06
$MAG,53161.870,-0.064,-0.768,-0.943,31.0
$IMU,53161.913,-102.111,-72.326,-102.050,0.16894,0.00927,0.89794,32.12
$HUM,53161.927,25.0,32.6
$BARO,53161.938,69833.15,32.14
$MAG,53161.971,-0.066,-0.669,-1.018,31.0
$IMU,53161.988,-87.890,-53.100,-73.486,0.17822,-0.10449,0.93798,32.13
$BARO,53162.040,69841.05,32.14
$IMU,53162.063,-83.435,-34.912,-45.532,0.20849,-0.30029,1.09179,32.06
$MAG,53162.071,-0.063,-0.591,-1.065,31.0
$IMU,53162.138,-70.983,-7.629,-31.127,0.15820,-0.47900,1.09667,32.10
$BARO,53162.141,69824.82,32.14
$MAG,53162.172,-0.049,-0.526,-1.093,31.0
$IMU,53162.213,-48.156,15.869,-19.104,0.08398,-0.48681,1.10791,32.04
$BARO,53162.242,69845.27,32.15
$MAG,53162.273,-0.021,-0.498,-1.072,31.0
$IMU,53162.288,-34.301,22.216,-15.991,-0.00781,-0.58984,1.10205,32.11
$BARO,53162.344,69862.26,32.17
$IMU,53162.363,-8.666,15.869,-20.080,0.10644,-0.54785,1.09960,32.12
$MAG,53162.374,0.010,-0.484,-1.078,31.1
$IMU,53162.438,8.422,31.494,-22.033,-0.02734,-0.46093,0.99218,32.07
$BARO,53162.445,69837.88,32.18
$VBAT,53162.465,3.922
$MAG,53162.475,0.033,-0.490,-1.060,31.0
$IMU,53162.513,13.061,27.160,-21.606,-0.10888,-0.39941,0.97998,32.10
$BARO,53162.547,69833.01,32.18
$MAG,53162.576,0.061,-0.483,-1.042,31.0
$IMU,53162.588,16.174,14.099,-21.545,-0.05908,-0.39941,0.99707,32.14
$BARO,53162.648,69826.33,32.18
$IMU,53162.663,20.751,14.343,-19.287,-0.09667,-0.40722,1.05664,32.10
$MAG,53162.676,0.073,-0.493,-1.032,31.1
$IMU,53162.738,28.991,10.986,-18.432,-0.20996,-0.36621,1.03271,32.10
$BARO,53162.750,69835.44,32.18
$MAG,53162.777,0.070,-0.504,-1.024,31.0
$IMU,53162.814,36.010,-7.141,-24.902,-0.03320,-0.32275,0.98144,32.10
$BARO,53162.851,69836.05,32.18
$MAG,53162.878,0.087,-0.517,-1.008,31.0
$IMU,53162.889,40.649,4.394,-28.076,-0.20654,-0.25488,0.97363,32.08
$HUM,53162.944,25.0,32.6
$BARO,53162.952,69833.81,32.18
$IMU,53162.964,43.823,2.990,-26.306,-0.18750,-0.13671,0.92187,32.09
$MAG,53162.979,0.082,-0.535,-1.000,31.0
$IMU,53163.039,44.128,4.089,-12.207,-0.17773,0.05175,0.88916,32.14
$BARO,53163.054,69825.08,32.18
$MAG,53163.080,0.091,-0.561,-0.982,31.0
$IMU,53163.114,30.883,0.854,-6.652,-0.16601,0.12500,0.95605,32.10
$BARO,53163.155,69824.69,32.18
$TIME,53163.168,457833.000,2364
$MAG,53163.181,0.084,-0.562,-0.982,31.1
$IMU,53163.189,21.423,-4.638,-16.723,-0.14160,0.03125,0.94140,32.12
$BARO,53163.256,69839.71,32.18
$IMU,53163.264,21.545,-13.732,-30.212,-0.13916,0.11767,0.91650,32.09
$MAG,53163.282,0.082,-0.543,-0.996,31.1
$IMU,53163.339,4.089,-29.541,-44.738,-0.08496,0.11328,0.92041,32.10
$BARO,53163.358,69837.88,32.18
$MAG,53163.383,0.067,-0.499,-1.033,31.0
$IMU,53163.414,-8.239,-40.954,-64.514,0.01416,0.05029,1.00292,32.12
$BARO,53163.459,69824.67,32.19
$VBAT,53163.478,3.927
$MAG,53163.483,0.049,-0.444,-1.056,31.0
$IMU,53163.489,-4.577,-37.536,-69.030,0.04394,0.01855,1.03857,32.14
$BARO,53163.561,69824.50,32.18
$IMU,53163.564,2.075,-29.418,-58.288,0.05322,0.09863,0.97119,32.10
$MAG,53163.584,0.031,-0.426,-1.075,31.0
$IMU,53163.639,-1.098,-24.291,-43.273,0.10986,0.11718,0.96728,32.12
$BARO,53163.662,69829.98,32.18
$MAG,53163.685,0.003,-0.399,-1.078,31.1
$IMU,53163.714,-5.432,-16.418,-22.277,0.14746,0.10791,0.96533,32.08
$BARO,53163.763,69831.76,32.19
$MAG,53163.786,0.009,-0.397,-1.087,31.0
$IMU,53163.790,-6.652,-10.192,-2.075,0.24511,0.10742,0.97314,32.10
$BARO,53163.865,69837.22,32.19
$IMU,53163.865,-8.666,-7.141,7.934,0.27929,0.10253,0.99951,32.11
$MAG,53163.887,-0.001,-0.393,-1.086,31.0
$IMU,53163.940,-6.591,-3.112,12.390,0.31884,0.07861,0.97216,32.14
$HUM,53163.960,24.8,32.6
$BARO,53163.966,69846.58,32.19
$MAG,53163.988,0.009,-0.397,-1.087,31.0
$IMU,53164.015,-6.530,6.408,11.779,0.26220,0.06835,0.97412,32.11
$BARO,53164.068,69841.29,32.19
$MAG,53164.088,0.006,-0.390,-1.080,31.1
$IMU,53164.090,-7.812,4.455,12.817,0.24511,0.03466,1.00000,32.13
$IMU,53164.165,-4.882,0.366,9.155,0.25439,0.01806,0.98925,32.11
$TIME,53164.168,457835.000,2364
$BARO,53164.169,69828.11,32.19
$MAG,53164.189,0.012,-0.405,-1.080,31.1
$IMU,53164.240,-0.549,2.685,14.831,0.28955,0.04589,0.97265,32.10
$BARO,53164.270,69840.27,32.19
$MAG,53164.290,0.016,-0.406,-1.078,31.1
$IMU,53164.315,-0.915,6.164,19.287,0.30566,0.05859,0.98291,32.10
$BARO,53164.372,69833.96,32.20
$IMU,53164.390,0.305,7.690,15.991,0.32031,0.10644,0.97900,32.14
$MAG,53164.391,0.024,-0.418,-1.065,31.1
$IMU,53164.465,-3.479,10.070,8.850,0.25585,0.07031,0.99853,32.14
$BARO,53164.473,69838.44,32.20
$VBAT,53164.483,3.929
$MAG,53164.492,0.034,-0.423,-1.060,31.1
$IMU,53164.540,2.075,10.375,-0.793,0.16455,0.05615,1.04882,32.15
$BARO,53164.575,69826.03,32.21
$MAG,53164.593,0.057,-0.433,-1.050,31.0
$IMU,53164.615,8.361,15.380,6.652,0.12695,-0.03222,1.04638,32.16
$BARO,53164.676,69824.84,32.20
$IMU,53164.690,20.446,20.446,21.057,0.09033,0.05371,0.96923,32.17
$MAG,53164.693,0.067,-0.463,-1.038,31.0
$IMU,53164.766,16.967,18.188,21.789,0.01611,0.05078,0.97363,32.17
$BARO,53164.777,69827.06,32.20
$MAG,53164.794,0.073,-0.477,-1.026,31.1
$IMU,53164.841,13.427,16.601,7.812,-0.06396,0.08447,0.97070,32.16
$BARO,53164.879,69818.94,32.21
$MAG,53164.895,0.094,-0.495,-1.015,31.0
$IMU,53164.916,11.779,18.554,10.314,-0.08789,0.09619,1.02441,32.14
$HUM,53164.977,24.9,32.6
$BARO,53164.980,69825.01,32.21
$IMU,53164.991,2.746,16.479,12.878,-0.15966,0.03808,1.02734,32.17
$MAG,53164.996,0.096,-0.505,-0.996,31.1
$IMU,53165.066,3.967,8.911,8.361,-0.09130,0.07373,1.01123,32.14
$BARO,53165.082,69828.47,32.21
$MAG,53165.097,0.106,-0.511,-0.991,31.1
$IMU,53165.141,0.000,10.070,11.047,-0.12402,0.08349,0.99267,32.17
$TIME,53165.168,457835.000,2364
$BARO,53165.183,69811.99,32.22
$MAG,53165.198,0.108,-0.522,-0.978,31.0
$IMU,53165.216,2.502,9.338,2.929,-0.20312,0.12353,1.01269,32.17
$BARO,53165.284,69807.97,32.21
$IMU,53165.291,0.000,2.563,4.577,-0.15283,0.07910,1.00830,32.21
$MAG,53165.299,0.120,-0.529,-0.982,31.0
$IMU,53165.366,5.187,1.647,11.840,-0.14062,0.13671,1.00048,32.17
$BARO,53165.386,69819.70,32.22
$MAG,53165.399,0.114,-0.540,-0.979,31.0
$IMU,53165.441,5.737,4.699,17.028,-0.15429,0.12988,1.00732,32.16
$BARO,53165.487,69825.21,32.21
$VBAT,53165.496,3.922
$MAG,53165.500,0.106,-0.564,-0.967,31.0
$IMU,53165.516,3.906,6.042,19.775,-0.16015,0.07373,1.01025,32.21
$BARO,53165.589,69818.09,32.22
$IMU,53165.591,11.596,4.455,21.606,-0.09863,0.10156,0.99414,32.19
$MAG,53165.601,0.099,-0.592,-0.961,31.0
$IMU,53165.666,14.404,11.352,26.672,-0.14843,0.15625,1.03515,32.19
$BARO,53165.690,69825.57,32.22
$MAG,53165.702,0.103,-0.624,-0.945,31.2
$IMU,53165.742,16.052,13.061,30.395,-0.13574,0.18554,1.01904,32.17
$BARO,53165.792,69827.98,32.23
$MAG,53165.803,0.105,-0.657,-0.915,31.0
$IMU,53165.817,25.634,23.376,34.790,-0.01708,0.21777,0.96875,32.19
$IMU,53165.892,31.311,59.875,56.091,-0.02587,0.29589,0.90966,32.15
$BARO,53165.893,69825.35,32.22
$MAG,53165.903,0.099,-0.733,-0.831,31.1
$IMU,53165.967,39.001,103.393,79.895,-0.16601,0.42822,0.78662,32.20
$HUM,53165.993,24.9,32.6
$BARO,53165.994,69834.88,32.22
$MAG,53166.004,0.057,-0.807,-0.696,31.1
$IMU,53166.042,36.926,127.563,97.290,-0.35253,0.57666,0.69775,32.18
$BARO,53166.096,69825.16,32.23
$MAG,53166.105,-0.015,-0.861,-0.613,31.2
$IMU,53166.117,29.235,118.713,87.036,-0.58007,0.59277,0.64160,32.17
$TIME,53166.168,457837.000,2364
$IMU,53166.192,23.193,71.838,64.941,-0.49267,0.72949,0.66259,32.21
$BARO,53166.197,69819.06,32.23
$MAG,53166.206,-0.078,-0.885,-0.570,31.0
$IMU,53166.267,6.774,39.428,43.151,-0.41162,0.66064,0.64306,32.17
$BARO,53166.299,69835.08,32.23
$MAG,53166.307,-0.109,-0.883,-0.552,31.1
$IMU,53166.342,0.488,24.597,26.672,-0.42187,0.69531,0.64648,32.18
$BARO,53166.400,69828.98,32.24
$MAG,53166.408,-0.112,-0.895,-0.547,31.1
$IMU,53166.417,-2.502,12.268,12.756,-0.42773,0.68847,0.62792,32.20
$IMU,53166.492,-0.427,3.662,5.615,-0.39306,0.70166,0.61230,32.19
$BARO,53166.501,69827.55,32.24
$VBAT,53166.502,3.916
$MAG,53166.508,-0.126,-0.889,-0.541,31.1
$IMU,53166.567,-0.183,-0.366,7.629,-0.37109,0.74707,0.59716,32.16
$BARO,53166.603,69827.55,32.24
$MAG,53166.609,-0.138,-0.901,-0.562,31.1
$IMU,53166.642,-5.615,-2.380,3.845,-0.39892,0.70410,0.62841,32.17
$BARO,53166.704,69819.23,32.24
$MAG,53166.710,-0.133,-0.901,-0.556,31.1
$IMU,53166.718,-4.638,-4.943,0.061,-0.37841,0.65527,0.63330,32.18
$IMU,53166.793,2.502,-4.760,4.211,-0.32470,0.77050,0.62011,32.22
$BARO,53166.806,69832.81,32.24
$MAG,53166.811,-0.129,-0.891,-0.562,31.0
$IMU,53166.868,-2.441,-1.892,0.183,-0.37207,0.70410,0.59765,32.21
$BARO,53166.907,69829.54,32.25
$MAG,53166.912,-0.130,-0.895,-0.559,31.0
$IMU,53166.943,-0.427,-8.300,-3.967,-0.39550,0.75000,0.59667,32.21
$BARO,53167.008,69821.04,32.25
$HUM,53167.010,24.7,32.7
$MAG,53167.012,-0.114,-0.892,-0.585,31.0
$IMU,53167.018,-5.065,-17.150,-7.568,-0.41406,0.75976,0.65527,32.18
$IMU,53167.093,-15.197,-39.489,-27.465,-0.48681,0.75683,0.65576,32.20
$BARO,53167.110,69837.25,32.25
$MAG,53167.113,-0.070,-0.880,-0.622,31.0
$TIME,53167.168,457837.000,2364
$IMU,53167.168,-31.127,-80.322,-58.227,-0.38427,0.72802,0.62353,32.16
$BARO,53167.211,69831.35,32.25
$MAG,53167.214,-0.006,-0.832,-0.721,31.1
$IMU,53167.243,-47.912,-99.060,-78.002,-0.27246,0.49560,0.74560,32.19
$BARO,53167.313,69835.22,32.26
$MAG,53167.315,0.028,-0.793,-0.798,31.1
$IMU,53167.318,-38.818,-92.285,-66.650,-0.22656,0.39355,0.84033,32.21
$IMU,53167.393,-21.606,-76.904,-58.959,-0.15527,0.36230,0.92333,32.19
$BARO,53167.414,69834.18,32.26
$MAG,53167.416,0.036,-0.759,-0.849,31.1
$IMU,53167.468,-13.916,-58.837,-42.175,-0.09960,0.40283,0.89453,32.18
$VBAT,53167.513,3.927
$BARO,53167.515,69838.42,32.26
$MAG,53167.517,0.036,-0.723,-0.903,31.3
$IMU,53167.543,-17.639,-49.804,-33.386,-0.06152,0.35058,0.92041,32.23
$BARO,53167.617,69832.54,32.26
$MAG,53167.617,0.039,-0.696,-0.931,31.1
$IMU,53167.618,-17.761,-41.564,-31.799,0.06689,0.30957,0.97070,32.21
$IMU,53167.694,-13.916,-22.766,-24.353,0.06005,0.28808,0.98242,32.26
$BARO,53167.718,69818.14,32.26
$MAG,53167.718,0.036,-0.682,-0.943,31.0
$IMU,53167.769,-12.268,-8.972,-15.014,0.00878,0.27880,0.98681,32.21
$MAG,53167.819,0.039,-0.663,-0.952,31.2
$BARO,53167.820,69822.38,32.27
$IMU,53167.844,-12.756,-4.028,-16.723,-0.00634,0.26806,0.98779,32.24
$IMU,53167.919,-11.718,-4.455,-14.831,-0.01025,0.22363,0.99462,32.26
$MAG,53167.920,0.054,-0.655,-0.964,31.1
$BARO,53167.921,69839.22,32.27
$IMU,53167.994,-8.483,-1.647,-10.986,-0.00390,0.17675,1.04199,32.20
$MAG,53168.021,0.060,-0.642,-0.967,31.0
$BARO,53168.022,69829.89,32.27
$HUM,53168.026,24.7,32.7
$IMU,53168.069,-1.708,1.708,-4.760,-0.01562,0.19287,1.02197,32.18
$MAG,53168.122,0.052,-0.645,-0.972,31.0
$BARO,53168.124,69829.69,32.27
$IMU,53168.144,4.394,1.892,0.549,-0.02099,0.18164,0.99902,32.20
$TIME,53168.168,457838.000,2364
$IMU,53168.219,6.591,-0.183,3.540,0.01611,0.22167,0.99121,32.23
$MAG,53168.222,0.052,-0.661,-0.958,31.1
$BARO,53168.225,69827.45,32.28
$IMU,53168.294,7.446,3.784,11.108,0.05859,0.26953,0.98779,32.21
$MAG,53168.323,0.052,-0.661,-0.952,31.1
$BARO,53168.327,69827.06,32.27
$IMU,53168.369,7.568,13.793,8.361,0.03222,0.26953,0.99755,32.19
$MAG,53168.424,0.064,-0.676,-0.927,31.0
$BARO,53168.428,69825.60,32.29
$IMU,53168.444,14.953,23.193,1.403,-0.13916,0.16650,0.93994,32.25
$IMU,53168.519,19.897,20.690,-11.901,-0.28222,0.25195,0.94628,32.24
$VBAT,53168.520,3.926
$MAG,53168.525,0.090,-0.673,-0.903,31.1
$BARO,53168.529,69831.06,32.28
$IMU,53168.595,17.333,4.577,-15.380,-0.32763,0.31982,0.98535,32.22
$MAG,53168.626,0.084,-0.675,-0.892,31.1
$BARO,53168.631,69822.74,32.28
$IMU,53168.670,23.742,-10.681,-5.432,-0.21240,0.36572,0.88964,32.22
$MAG,53168.727,0.072,-0.699,-0.898,31.1
$BARO,53168.732,69824.16,32.29
$IMU,53168.745,25.878,-18.371,2.014,-0.10888,0.44384,0.86718,32.23
$IMU,53168.820,18.981,-25.573,7.507,0.13427,0.43017,0.96044,32.23
$MAG,53168.827,0.055,-0.717,-0.897,31.1
$BARO,53168.834,69825.18,32.28
$IMU,53168.895,20.324,-14.343,7.446,0.17871,0.48291,0.95263,32.21
$MAG,53168.928,0.061,-0.718,-0.883,31.2
$BARO,53168.935,69831.25,32.29
$IMU,53168.970,23.864,7.568,-7.019,0.05615,0.44531,0.88037,32.28
$MAG,53169.029,0.078,-0.738,-0.852,31.1
$BARO,53169.036,69830.20,32.30
$HUM,53169.043,25.3,32.7
$IMU,53169.045,25.451,20.080,-8.239,-0.12939,0.48193,0.88867,32.21
$IMU,53169.120,26.672,17.639,0.427,-0.07373,0.50439,0.85449,32.23
$MAG,53169.130,0.076,-0.750,-0.819,31.1
$BARO,53169.138,69829.20,32.29
$TIME,53169.168,457839.000,2364
$IMU,53169.195,37.475,18.798,10.131,-0.09228,0.63037,0.76611,32.26
$MAG,53169.231,0.075,-0.778,-0.792,31.3
$BARO,53169.239,69830.79,32.30
$IMU,53169.270,30.944,7.751,6.713,-0.07714,0.68115,0.74462,32.23
$MAG,53169.332,0.064,-0.777,-0.769,31.1
$BARO,53169.341,69840.54,32.30
$IMU,53169.345,24.536,0.000,-1.342,-0.03369,0.67919,0.71826,32.25
$IMU,53169.420,24.719,-5.981,2.258,-0.07470,0.78906,0.71435,32.25
$MAG,53169.432,0.070,-0.783,-0.756,31.1
$BARO,53169.442,69831.42,32.30
$IMU,53169.495,2.258,-6.958,8.605,0.05419,0.69433,0.75878,32.25
$VBAT,53169.532,3.922
$MAG,53169.533,0.064,-0.790,-0.745,31.0
$BARO,53169.543,69827.16,32.30
$IMU,53169.571,3.356,10.070,7.751,-0.06738,0.64843,0.75683,32.24
$MAG,53169.634,0.087,-0.780,-0.745,31.2
$BARO,53169.645,69836.08,32.30
$IMU,53169.646,8.972,9.765,-13.305,-0.20410,0.81835,0.74267,32.24
$IMU,53169.721,0.915,1.159,-10.925,-0.07080,0.65966,0.73681,32.25
$MAG,53169.735,0.070,-0.786,-0.730,31.1
$BARO,53169.746,69841.93,32.31
$IMU,53169.796,26.184,9.704,8.911,-0.09423,0.74462,0.63232,32.24
$MAG,53169.836,0.087,-0.784,-0.717,31.2
$BARO,53169.848,69839.71,32.31
$IMU,53169.871,19.836,-7.873,-10.986,-0.37792,0.86035,0.70849,32.23
$MAG,53169.936,0.102,-0.757,-0.757,31.1
$IMU,53169.946,0.915,-51.635,-40.405,-0.21337,0.62060,0.58740,32.25
$BARO,53169.949,69833.61,32.31
$IMU,53170.021,14.099,-69.030,-26.550,-0.00048,0.80126,0.58789,32.25
$MAG,53170.037,0.088,-0.747,-0.796,31.3
$BARO,53170.050,69844.17,32.31
$HUM,53170.059,25.4,32.7
$IMU,53170.096,6.408,-59.692,-9.582,0.07910,0.81152,0.56054,32.28
$MAG,53170.138,0.066,-0.738,-0.832,31.1
$BARO,53170.152,69842.12,32.31
$TIME,53170.168,457841.000,2364
$IMU,53170.171,-7.873,-45.043,-3.601,0.19824,0.75097,0.65234,32.24
$MAG,53170.239,0.073,-0.738,-0.861,31.1
$IMU,53170.246,-16.967,-24.169,-9.216,0.01367,0.85693,0.73486,32.26
$BARO,53170.253,69846.17,32.32
$IMU,53170.321,0.000,-21.606,-28.442,-0.07470,0.54101,0.64990,32.27
$MAG,53170.340,0.087,-0.721,-0.855,31.1
$BARO,53170.355,69838.66,32.32
$IMU,53170.396,46.447,-40.405,-56.701,-0.13281,0.81298,0.69189,32.26
$MAG,53170.441,0.081,-0.699,-0.903,31.1
$BARO,53170.456,69832.98,32.32
$IMU,53170.471,34.179,-81.848,-55.114,0.08154,0.90527,0.66357,32.25
$VBAT,53170.539,3.932
$MAG,53170.541,0.057,-0.679,-0.928,31.0
$IMU,53170.547,17.822,-75.927,-45.593,0.06689,0.80908,0.51074,32.27
$BARO,53170.557,69820.21,32.32
$IMU,53170.622,11.962,-55.358,-36.804,0.03027,0.96191,0.55224,32.25
$MAG,53170.642,0.046,-0.658,-0.963,31.2
$BARO,53170.659,69827.69,32.32
$IMU,53170.697,-3.845,-40.039,-13.427,0.12548,0.82470,0.59033,32.26
$MAG,53170.743,0.043,-0.642,-0.981,31.1
$BARO,53170.760,69832.35,32.33
$IMU,53170.772,0.915,-15.441,-5.859,0.06884,0.84570,0.55615,32.26
$MAG,53170.844,0.036,-0.660,-0.976,31.1
$IMU,53170.847,0.610,-7.629,-2.868,0.06494,0.86425,0.58349,32.28
$BARO,53170.862,69826.28,32.33
$IMU,53170.922,-0.061,-9.582,-5.981,0.04882,0.79882,0.55566,32.28
$MAG,53170.945,0.031,-0.652,-0.987,31.1
$BARO,53170.963,69829.71,32.32
$IMU,53170.997,5.798,-15.502,-9.521,0.03955,0.86279,0.53906,32.28
$MAG,53171.046,0.010,-0.652,-0.990,31.1
$BARO,53171.065,69845.51,32.33
$IMU,53171.072,9.948,-27.343,-16.723,-0.00927,0.91406,0.47119,32.26
$HUM,53171.076,25.2,32.7
$MAG,53171.147,-0.012,-0.631,-1.023,31.1
$IMU,53171.147,4.455,-47.607,-28.930,0.05078,0.94921,0.51074,32.30
$BARO,53171.166,69831.13,32.33
$TIME,53171.168,457842.000,2364
$IMU,53171.222,-10.986,-46.264,-31.860,0.11865,0.81396,0.56152,32.28
$MAG,53171.247,-0.021,-0.613,-1.033,31.1
$BARO,53171.267,69830.93,32.33
$IMU,53171.297,-7.141,-20.568,-17.578,0.05712,0.86279,0.54882,32.26
$MAG,53171.348,-0.031,-0.607,-1.047,31.1
$BARO,53171.369,69819.55,32.33
$IMU,53171.372,-8.361,-0.061,7.446,0.13037,0.96728,0.48095,32.26
$IMU,53171.447,-39.306,40.039,47.912,0.17822,1.01806,0.46630,32.26
$MAG,53171.449,-0.010,-0.595,-1.035,31.1
$BARO,53171.470,69823.18,32.34
$IMU,53171.523,-86.059,85.815,102.355,0.02392,0.82080,0.50781,32.30
$MAG,53171.550,0.042,-0.582,-1.015,31.2
$VBAT,53171.550,3.919
$BARO,53171.572,69833.93,32.33
$IMU,53171.598,-103.698,101.806,128.906,-0.08154,0.54687,0.69824,32.29
$MAG,53171.651,0.057,-0.604,-0.985,31.1
$BARO,53171.673,69834.13,32.34
$IMU,53171.673,-81.542,88.317,132.080,-0.10156,0.37744,0.89550,32.25
$IMU,53171.748,-52.124,67.749,113.220,-0.03857,0.23779,1.01025,32.32
$MAG,53171.752,0.054,-0.640,-0.970,31.1
$BARO,53171.774,69839.81,32.34
$IMU,53171.823,-25.451,54.626,84.228,-0.18554,0.31298,1.03125,32.26
$MAG,53171.852,0.054,-0.669,-0.948,31.2
$BARO,53171.876,69836.34,32.35
$IMU,53171.898,-20.141,32.043,50.964,-0.22070,0.25634,1.06103,32.32
$MAG,53171.953,0.042,-0.679,-0.945,31.1
$IMU,53171.973,-10.192,10.375,36.010,-0.11718,0.17138,0.98583,32.29
$BARO,53171.977,69831.88,32.35
$IMU,53172.048,5.493,2.563,24.169,-0.06689,0.33691,0.92968,32.28
$MAG,53172.054,0.028,-0.697,-0.946,31.2
$BARO,53172.079,69826.59,32.35
$HUM,53172.092,24.5,32.7
$IMU,53172.123,-6.469,-0.244,13.061,-0.00390,0.26904,0.96191,32.26
$MAG,53172.155,0.024,-0.699,-0.943,31.2
$TIME,53172.168,457842.000,2364
$BARO,53172.180,69826.35,32.36
$IMU,53172.198,-5.310,-0.915,12.329,0.05517,0.29833,0.91552,32.28
$MAG,53172.256,0.013,-0.699,-0.954,31.1
$IMU,53172.273,-8.300,-5.615,8.850,0.16455,0.32714,0.96289,32.27
$BARO,53172.281,69826.18,32.36
$IMU,53172.348,-12.817,-4.028,4.821,0.14062,0.37158,1.00976,32.34
$MAG,53172.357,0.010,-0.681,-0.963,31.3
$BARO,53172.383,69830.84,32.35
$IMU,53172.423,-12.390,-2.441,-2.563,0.10839,0.22998,0.96289,32.27
$MAG,53172.457,0.010,-0.682,-0.961,31.2
$BARO,53172.484,69827.57,32.36
$IMU,53172.499,-5.554,-0.915,-4.272,0.11230,0.23388,0.94628,32.26
$MAG,53172.558,0.010,-0.687,-0.966,31.3
$VBAT,53172.558,3.918
$IMU,53172.574,-3.540,2.075,-1.647,0.12353,0.24316,0.93408,32.27
$BARO,53172.586,69818.84,32.36
$IMU,53172.649,-0.793,2.990,0.915,0.12646,0.25488,0.94531,32.26
$MAG,53172.659,0.013,-0.687,-0.967,31.3
$BARO,53172.687,69817.84,32.36
$IMU,53172.724,-2.380,4.821,-1.037,0.10986,0.32617,1.00195,32.30
$MAG,53172.760,0.018,-0.681,-0.970,31.2
$BARO,53172.788,69819.06,32.36
$IMU,53172.799,-11.413,5.065,8.666,0.12597,0.21337,1.02636,32.28
$MAG,53172.861,0.013,-0.681,-0.964,31.2
$IMU,53172.874,0.549,9.338,-0.305,0.05517,0.35351,1.00683,32.30
$BARO,53172.890,69835.88,32.37
$IMU,53172.949,-5.126,6.225,-10.742,-0.02343,0.26220,0.99902,32.30
$MAG,53172.961,0.036,-0.661,-0.970,31.3
$BARO,53172.991,69833.42,32.37
$IMU,53173.024,-10.620,4.516,-17.150,-0.03710,0.09130,0.96435,32.35
$MAG,53173.062,0.043,-0.658,-0.964,31.2
$BARO,53173.092,69837.27,32.37
$IMU,53173.099,-8.544,3.601,-15.197,-0.09228,0.11474,0.97998,32.30
$HUM,53173.109,24.2,32.8
$MAG,53173.163,0.043,-0.637,-0.969,31.2
$TIME,53173.168,457844.000,2364
$IMU,53173.174,-10.986,-2.502,-10.681,-0.05126,0.09863,1.00781,32.30
$BARO,53173.194,69830.18,32.37
$IMU,53173.249,-12.329,-2.380,-10.986,-0.05078,0.04541,1.02587,32.31
$MAG,53173.264,0.060,-0.624,-0.985,31.2
$BARO,53173.295,69827.72,32.38
$IMU,53173.324,-10.742,-2.380,-4.760,-0.04492,0.01318,1.03417,32.31
$MAG,53173.365,0.045,-0.616,-0.979,31.2
$BARO,53173.397,69843.15,32.38
$IMU,53173.399,-4.577,-1.892,-4.760,-0.03564,0.03564,1.02099,32.33
$MAG,53173.465,0.049,-0.616,-0.979,31.3
$IMU,53173.475,0.244,-2.319,-1.403,-0.05468,0.09033,1.00781,32.29
$BARO,53173.498,69835.42,32.38
$IMU,53173.550,-2.380,-3.662,-5.065,-0.02099,0.02099,0.99511,32.32
$MAG,53173.566,0.045,-0.627,-0.990,31.3
$VBAT,53173.569,3.919
$BARO,53173.599,69826.89,32.38
$IMU,53173.625,1.892,-0.305,-3.784,-0.03515,0.11718,1.00439,32.32
$MAG,53173.667,0.055,-0.622,-0.985,31.3
$IMU,53173.700,2.014,-0.122,0.122,-0.01757,0.11279,0.96582,32.33
$BARO,53173.701,69837.42,32.38
$MAG,53173.768,0.060,-0.612,-0.987,31.2
$IMU,53173.775,-0.671,-0.854,-1.098,0.02685,0.12744,0.99267,32.32
$BARO,53173.802,69827.72,32.38
$IMU,53173.850,-8.056,-0.610,-2.258,-0.04687,0.08886,1.02783,32.33
$MAG,53173.869,0.051,-0.607,-0.988,31.2
$BARO,53173.904,69843.32,32.38
$IMU,53173.925,-19.836,-9.277,-9.033,-0.00390,0.04150,1.05664,32.34
$MAG,53173.969,0.045,-0.574,-1.011,31.3
$IMU,53174.000,-25.634,-9.887,-2.136,0.05126,-0.07568,1.04150,32.27
$BARO,53174.005,69832.35,32.39
$MAG,53174.070,0.037,-0.570,-1.021,31.2
$IMU,53174.075,-14.221,-4.272,-2.624,0.04980,-0.03613,1.07177,32.32
$BARO,53174.106,69843.10,32.39
$HUM,53174.126,24.2,32.8
$IMU,53174.150,-8.850,-6.042,-9.643,0.06982,-0.15527,1.16601,32.32
$TIME,53174.168,457845.000,2364
$MAG,53174.171,0.033,-0.570,-1.021,31.2
$BARO,53174.208,69841.27,32.39
$IMU,53174.225,15.625,-7.263,-17.395,0.14111,-0.16259,1.16406,32.34
$MAG,53174.272,0.048,-0.580,-1.002,31.2
$IMU,53174.300,44.433,1.831,-21.789,0.01123,-0.02197,1.02880,32.32
$BARO,53174.309,69840.05,32.39
$MAG,53174.373,0.043,-0.582,-1.002,31.2
$IMU,53174.375,55.358,-19.226,-42.480,-0.01562,0.15820,1.01513,32.34
$BARO,53174.411,69830.88,32.40
$IMU,53174.451,42.663,-67.321,-89.172,-0.04541,0.10253,0.95068,32.31
$MAG,53174.473,0.001,-0.546,-1.065,31.2
$BARO,53174.512,69833.15,32.40
$IMU,53174.526,45.959,-127.075,-136.840,0.21386,0.31640,0.81933,32.35
$MAG,53174.574,-0.105,-0.517,-1.113,31.3
$VBAT,53174.576,3.921
$IMU,53174.601,43.029,-155.822,-151.977,0.42187,0.48583,0.70947,32.32
$BARO,53174.613,69827.86,32.40
$MAG,53174.675,-0.223,-0.520,-1.126,31.3
$IMU,53174.676,36.987,-148.437,-148.742,0.52832,0.66894,0.66064,32.37
$BARO,53174.715,69824.21,32.40
$IMU,53174.751,18.432,-114.013,-114.379,0.52880,0.68701,0.62695,32.37
$MAG,53174.776,-0.289,-0.522,-1.129,31.3
$BARO,53174.816,69829.06,32.40
$IMU,53174.826,5.371,-77.880,-101.440,0.41796,0.67724,0.57910,32.38
$MAG,53174.877,-0.324,-0.538,-1.126,31.1
$IMU,53174.901,3.662,-52.001,-78.491,0.34619,0.80419,0.58642,32.38
$BARO,53174.918,69835.54,32.40
$IMU,53174.976,-5.310,-27.832,-49.072,0.26806,0.77539,0.54980,32.33
$MAG,53174.978,-0.334,-0.540,-1.126,31.3
$BARO,53175.019,69828.03,32.41
$IMU,53175.051,-15.502,-13.122,-39.733,0.19238,0.81982,0.67675,32.32
$MAG,53175.079,-0.340,-0.510,-1.131,31.2
$BARO,53175.120,69843.24,32.41
$IMU,53175.126,-17.700,-8.728,-24.719,0.09228,0.76367,0.71337,32.37
$HUM,53175.142,24.4,32.8
$TIME,53175.168,457846.000,2364
$MAG,53175.179,-0.334,-0.519,-1.131,31.2
$IMU,53175.201,-2.807,-10.864,-16.601,0.10839,0.82519,0.64453,32.34
$BARO,53175.222,69837.95,32.41
$IMU,53175.276,8.300,-12.084,-6.591,0.17919,0.86230,0.53564,32.30
$MAG,53175.280,-0.363,-0.532,-1.125,31.2
$BARO,53175.323,69835.71,32.42
$IMU,53175.351,5.981,-6.103,8.605,0.28857,0.81298,0.45898,32.34
$MAG,53175.381,-0.361,-0.522,-1.116,31.1
$BARO,53175.425,69837.12,32.42
$IMU,53175.427,-3.295,12.573,15.075,0.30761,0.79833,0.48095,32.33
$MAG,53175.482,-0.327,-0.511,-1.132,31.1
$IMU,53175.502,-7.751,27.954,16.540,0.24755,0.83349,0.49414,32.39
$BARO,53175.526,69826.35,32.42
$IMU,53175.577,-10.131,32.592,17.395,0.23486,0.85351,0.52343,32.35
$MAG,53175.583,-0.291,-0.499,-1.137,31.3
$VBAT,53175.586,3.929
$BARO,53175.627,69827.37,32.42
$IMU,53175.652,-9.826,34.362,24.536,0.28857,0.84423,0.54248,32.31
$MAG,53175.684,-0.268,-0.490,-1.135,31.2
$IMU,53175.727,-5.798,27.160,8.300,0.22412,0.82666,0.54541,32.38
$BARO,53175.729,69838.32,32.42
$MAG,53175.784,-0.267,-0.498,-1.144,31.2
$IMU,53175.802,-0.244,1.464,-27.770,0.12011,0.80468,0.52929,32.35
$BARO,53175.830,69826.55,32.42
$IMU,53175.877,-0.671,-24.902,-48.217,0.06152,0.87207,0.52783,32.32
$MAG,53175.885,-0.291,-0.492,-1.138,31.3
$BARO,53175.932,69833.25,32.43
$IMU,53175.952,-8.544,-42.236,-39.978,0.13427,0.81445,0.57519,32.33
$MAG,53175.986,-0.330,-0.472,-1.144,31.3
$IMU,53176.027,-11.108,-39.794,-35.583,0.19726,0.80664,0.67480,32.32
$BARO,53176.033,69840.34,32.43
$MAG,53176.087,-0.358,-0.483,-1.143,31.2
$IMU,53176.102,-8.605,-24.719,-32.653,0.16015,0.72412,0.68798,32.35
$BARO,53176.134,69835.27,32.43
$HUM,53176.159,24.0,32.8
$TIME,53176.168,457846.000,2364
$IMU,53176.177,0.244,-15.563,-30.029,0.07568,0.75146,0.66406,32.32
$MAG,53176.188,-0.370,-0.483,-1.132,31.3
$BARO,53176.236,69825.91,32.43
$IMU,53176.252,-5.920,-19.592,-19.592,0.09033,0.73486,0.67333,32.36
$MAG,53176.288,-0.375,-0.475,-1.141,31.5
$IMU,53176.327,-12.634,-7.690,-6.530,0.18994,0.67626,0.77880,32.31
$BARO,53176.337,69834.83,32.44
$MAG,53176.389,-0.364,-0.475,-1.132,31.3
$IMU,53176.403,0.366,15.075,2.441,0.09228,0.68408,0.75292,32.36
$BARO,53176.439,69832.40,32.44
$IMU,53176.478,8.605,15.930,-0.183,-0.03125,0.78466,0.64697,32.37
$MAG,53176.490,-0.351,-0.478,-1.143,31.2
$BARO,53176.540,69831.18,32.44
$IMU,53176.553,-14.587,4.638,11.840,-0.04687,0.79248,0.65136,32.35
$VBAT,53176.587,3.926
$MAG,53176.591,-0.357,-0.445,-1.150,31.3
$IMU,53176.628,-32.897,3.295,39.245,0.30224,0.52832,0.87646,32.37
$BARO,53176.641,69838.05,32.44
$MAG,53176.692,-0.331,-0.442,-1.158,31.3
$IMU,53176.703,2.197,23.559,16.662,0.14794,0.62011,0.81933,32.35
$BARO,53176.743,69838.47,32.44
$IMU,53176.778,16.418,19.104,-6.774,0.01855,0.76562,0.65722,32.35
$MAG,53176.792,-0.316,-0.453,-1.150,31.3
$BARO,53176.844,69836.64,32.44
$IMU,53176.853,-13.916,3.479,4.821,-0.03808,0.80224,0.62890,32.38
$MAG,53176.893,-0.321,-0.409,-1.152,31.3
$IMU,53176.928,-31.738,-4.394,24.719,0.38623,0.50244,0.95117,32.34
$BARO,53176.946,69829.74,32.45
$MAG,53176.994,-0.294,-0.436,-1.143,31.2
$IMU,53177.003,18.737,25.756,1.831,0.16162,0.57812,0.80810,32.33
$BARO,53177.047,69832.37,32.45
$IMU,53177.078,53.527,32.104,-10.986,0.08740,0.74072,0.62060,32.40
$MAG,53177.095,-0.247,-0.501,-1.140,31.3
$BARO,53177.148,69834.59,32.45
$IMU,53177.153,47.668,30.761,-10.253,-0.14062,1.07568,0.41406,32.39
$TIME,53177.168,457848.000,2364
$HUM,53177.175,24.5,32.9
$MAG,53177.196,-0.237,-0.499,-1.146,31.2
$IMU,53177.228,-18.737,0.000,-0.671,-0.21484,1.07421,0.41015,32.38
$BARO,53177.250,69828.30,32.45
$MAG,53177.297,-0.282,-0.405,-1.150,31.3
$IMU,53177.303,-83.374,-31.005,18.188,0.13330,0.58398,0.68505,32.36
$BARO,53177.351,69829.52,32.45
$IMU,53177.379,-42.663,-4.150,15.930,0.44482,0.29589,1.06787,32.35
$MAG,53177.397,-0.243,-0.421,-1.155,31.3
$BARO,53177.453,69828.91,32.46
$IMU,53177.454,59.814,44.982,-21.484,0.08398,0.51562,0.73291,32.37
$MAG,53177.498,-0.186,-0.513,-1.131,31.3
$IMU,53177.529,100.402,44.982,-38.085,-0.25781,1.00439,0.35791,32.36
$BARO,53177.554,69831.74,32.46
$VBAT,53177.588,3.932
$MAG,53177.599,-0.174,-0.535,-1.126,31.1
$IMU,53177.604,33.569,16.418,-18.005,-0.32812,1.19677,0.27783,32.40
$BARO,53177.655,69840.22,32.46
$IMU,53177.679,-58.349,10.131,49.865,-0.06689,0.86914,0.43603,32.38
$MAG,53177.700,-0.153,-0.471,-1.144,31.3
$IMU,53177.754,-93.872,66.406,134.582,0.22998,0.80566,0.64257,32.34
$BARO,53177.757,69832.52,32.46
$MAG,53177.801,-0.028,-0.438,-1.104,31.3
$IMU,53177.829,-94.848,154.235,195.617,0.08642,0.49267,0.76953,32.35
$BARO,53177.858,69839.00,32.46
$MAG,53177.901,0.108,-0.531,-0.984,31.2
$IMU,53177.904,-39.978,192.871,192.443,-0.25439,0.59033,0.82275,32.38
$BARO,53177.959,69821.18,32.46
$IMU,53177.979,-11.169,150.390,163.269,-0.47167,0.67578,0.73046,32.36
$MAG,53178.002,0.130,-0.637,-0.901,31.3
$IMU,53178.054,-22.888,74.951,111.572,-0.36523,0.74365,0.68408,32.37
$BARO,53178.061,69832.52,32.46
$MAG,53178.103,0.117,-0.649,-0.909,31.3
$IMU,53178.129,-56.213,24.902,61.462,-0.22265,0.57812,0.74414,32.33
$BARO,53178.162,69843.88,32.46
$HUM,53178.192,24.8,32.9
$MAG,53178.204,0.103,-0.643,-0.918,31.3
$IMU,53178.204,-60.913,9.094,36.682,-0.23925,0.19726,1.04394,32.39
$BARO,53178.264,69843.29,32.46
$IMU,53178.279,-1.220,2.197,32.653,-0.21142,0.26562,1.02294,32.36
$MAG,53178.305,0.082,-0.697,-0.898,31.3
$IMU,53178.355,24.291,1.220,32.165,-0.15917,0.62353,0.80957,32.37
$BARO,53178.365,69833.10,32.47
$MAG,53178.405,0.069,-0.696,-0.915,31.2
$IMU,53178.430,-23.986,1.037,32.897,-0.10058,0.54687,0.77783,32.35
$BARO,53178.466,69831.30,32.46
$IMU,53178.505,-47.241,-3.662,35.583,-0.02832,0.17822,0.97753,32.38
$MAG,53178.506,0.034,-0.697,-0.936,31.2
$BARO,53178.568,69834.15,32.46
$IMU,53178.580,-21.545,-8.361,25.085,0.08837,0.29101,1.04931,32.38
$VBAT,53178.588,3.926
$MAG,53178.607,0.019,-0.696,-0.961,31.3
$IMU,53178.655,-16.723,-5.981,14.587,0.12109,0.16357,1.01269,32.39
$BARO,53178.669,69827.84,32.47
$MAG,53178.708,0.018,-0.702,-0.955,31.3
$IMU,53178.730,-3.051,-5.737,14.038,0.12988,0.29248,0.97802,32.39
$BARO,53178.771,69830.08,32.47
$IMU,53178.805,-4.455,-10.253,13.610,0.18212,0.24755,0.97460,32.39
$MAG,53178.809,-0.012,-0.709,-0.972,31.3
$BARO,53178.872,69823.57,32.47
$IMU,53178.880,0.427,-9.460,10.681,0.21630,0.24072,0.93066,32.40
$MAG,53178.909,-0.024,-0.712,-0.966,31.2
$IMU,53178.955,6.713,-3.967,12.634,0.25000,0.31152,0.93017,32.37
$BARO,53178.973,69828.03,32.47
$MAG,53179.010,-0.021,-0.727,-0.949,31.3
$IMU,53179.030,7.263,2.746,14.770,0.23779,0.36035,0.90771,32.39
$BARO,53179.075,69832.71,32.47
$IMU,53179.105,4.089,4.150,11.108,0.24267,0.34814,0.86621,32.42
$MAG,53179.111,-0.037,-0.738,-0.951,31.3
$TIME,53179.168,457850.000,2364
$BARO,53179.176,69825.79,32.47
$IMU,53179.180,4.211,6.225,4.089,0.20556,0.45361,0.90087,32.37
$HUM,53179.208,24.7,32.9
$MAG,53179.212,-0.025,-0.727,-0.951,31.2
$IMU,53179.256,-9.521,6.774,4.394,0.22021,0.35156,0.93164,32.47
$BARO,53179.278,69821.31,32.48
$MAG,53179.313,-0.019,-0.733,-0.943,31.2
$IMU,53179.331,-1.586,12.329,2.868,0.12695,0.46923,0.92529,32.39
$BARO,53179.379,69831.25,32.48
$IMU,53179.406,-0.610,10.620,-2.502,0.05908,0.43066,0.90625,32.39
$MAG,53179.413,-0.016,-0.732,-0.939,31.3
$BARO,53179.480,69833.08,32.48
$IMU,53179.481,3.784,5.065,-6.286,0.04492,0.41455,0.85009,32.44
$MAG,53179.514,0.007,-0.727,-0.934,31.3
$IMU,53179.556,4.455,1.098,-12.878,0.07275,0.33203,0.84375,32.40
$BARO,53179.582,69829.01,32.48
$VBAT,53179.589,3.918
$MAG,53179.615,0.010,-0.723,-0.942,31.2
$IMU,53179.631,-0.488,0.976,-16.723,0.05859,0.25830,0.86425,32.43
$BARO,53179.683,69829.81,32.48
$IMU,53179.706,-0.061,3.906,-17.272,0.01367,0.21484,0.93310,32.40
$MAG,53179.716,0.016,-0.717,-0.925,31.2
$IMU,53179.781,5.126,4.638,-12.939,-0.02343,0.22363,0.95166,32.42
$BARO,53179.784,69831.86,32.48
$MAG,53179.817,0.034,-0.718,-0.916,31.3
$IMU,53179.856,9.887,4.089,-6.225,-0.05419,0.13476,0.94921,32.40
$BARO,53179.886,69821.28,32.49
$MAG,53179.917,0.036,-0.745,-0.889,31.3
$IMU,53179.931,32.836,7.080,2.075,0.01855,0.21044,0.92773,32.41
$BARO,53179.987,69835.69,32.49
$IMU,53180.006,50.048,16.784,10.498,-0.09521,0.37402,0.91796,32.43
$MAG,53180.018,0.034,-0.768,-0.840,31.3
$IMU,53180.081,27.221,15.258,6.408,-0.11376,0.65673,1.03955,32.43
$BARO,53180.089,69837.32,32.49
$MAG,53180.119,0.034,-0.759,-0.843,31.3
$IMU,53180.156,-18.737,7.629,-1.403,-0.10791,0.50097,1.12890,32.42
$TIME,53180.168,457851.000,2364
$BARO,53180.190,69832.03,32.49
$MAG,53180.220,0.045,-0.742,-0.898,31.3
$HUM,53180.224,24.6,33.0
$IMU,53180.232,-46.508,-2.868,-9.887,-0.15283,0.50488,1.20849,32.43
$BARO,53180.292,69834.69,32.49
$IMU,53180.307,-67.871,-15.502,-15.075,-0.03564,0.21435,1.25830,32.40
$MAG,53180.321,0.034,-0.694,-0.936,31.2
$IMU,53180.382,-62.683,-13.854,-16.174,0.02734,0.05078,1.18457,32.39
$BARO,53180.393,69833.83,32.49
$MAG,53180.422,0.042,-0.642,-0.969,31.3
$IMU,53180.457,-44.006,-6.042,-17.517,0.00634,-0.17773,1.16503,32.39
$BARO,53180.494,69829.54,32.50
$MAG,53180.522,0.058,-0.639,-0.963,31.3
$IMU,53180.532,1.220,3.112,-17.517,-0.03271,-0.14648,1.22607,32.43
$VBAT,53180.589,3.927
$BARO,53180.596,69832.83,32.49
$IMU,53180.607,31.921,5.371,-7.202,-0.03662,-0.05468,1.14990,32.41
$MAG,53180.623,0.061,-0.660,-0.939,31.2
$IMU,53180.682,44.860,8.239,-7.812,-0.12158,0.11328,1.04882,32.41
$BARO,53180.697,69827.55,32.50
$MAG,53180.724,0.079,-0.684,-0.912,31.3
$IMU,53180.757,47.485,3.906,-6.103,-0.08056,0.31054,0.91455,32.42
$BARO,53180.799,69835.03,32.50
$MAG,53180.825,0.072,-0.702,-0.883,31.2
$IMU,53180.832,36.865,6.164,1.770,-0.09912,0.45263,0.82763,32.41
$BARO,53180.900,69828.96,32.50
$IMU,53180.907,29.846,1.403,0.793,-0.03173,0.74755,0.82324,32.41
$MAG,53180.926,0.073,-0.718,-0.883,31.3
$IMU,53180.982,7.385,-0.854,5.920,0.04345,0.52246,0.76611,32.42
$BARO,53181.001,69831.59,32.50
$MAG,53181.026,0.072,-0.717,-0.874,31.3
$IMU,53181.057,2.685,7.690,4.638,-0.00878,0.51904,0.79931,32.44
$BARO,53181.103,69829.54,32.51
$MAG,53181.127,0.078,-0.718,-0.874,31.3
$IMU,53181.132,-8.300,7.995,0.671,-0.09863,0.43115,0.82470,32.44
$TIME,53181.168,457852.000,2364
$BARO,53181.204,69829.15,32.50
$IMU,53181.208,-9.765,0.732,-3.845,-0.00488,0.42333,0.83789,32.44
$MAG,53181.228,0.075,-0.706,-0.874,31.3
$HUM,53181.241,24.6,32.9
$IMU,53181.283,-4.943,4.333,2.014,0.00927,0.48535,0.81787,32.44
$BARO,53181.306,69823.45,32.51
$MAG,53181.329,0.076,-0.709,-0.871,31.3
$IMU,53181.358,-1.403,4.638,3.906,-0.04980,0.43457,0.78271,32.41
$BARO,53181.407,69820.60,32.51
$MAG,53181.430,0.070,-0.706,-0.873,31.3
$IMU,53181.433,-1.220,-3.173,1.403,-0.07470,0.50341,0.78759,32.42
$IMU,53181.508,-9.948,-6.225,6.652,-0.00390,0.50732,0.86474,32.46
$BARO,53181.509,69830.15,32.51
$MAG,53181.531,0.076,-0.714,-0.889,31.3
$IMU,53181.583,-16.662,2.624,7.873,-0.10546,0.45507,0.92578,32.42
$VBAT,53181.590,3.930
$BARO,53181.610,69835.00,32.51
$MAG,53181.631,0.067,-0.697,-0.898,31.3
$IMU,53181.658,-17.395,4.699,4.638,-0.15966,0.31835,0.97412,32.44
$BARO,53181.711,69819.57,32.51
$MAG,53181.732,0.072,-0.691,-0.904,31.3
$IMU,53181.733,-20.690,2.563,2.197,-0.14208,0.22021,0.97949,32.45
$IMU,53181.808,-9.582,9.338,-3.967,-0.28613,0.20605,0.96435,32.42
$BARO,53181.813,69823.84,32.51
$MAG,53181.833,0.090,-0.702,-0.901,31.3
$IMU,53181.883,5.187,4.760,-4.760,-0.32275,0.30957,0.90283,32.43
$BARO,53181.914,69821.99,32.52
$MAG,53181.934,0.076,-0.694,-0.901,31.3
$IMU,53181.958,2.075,-4.516,5.798,-0.25341,0.37988,0.88183,32.45
$BARO,53182.016,69823.40,32.52
$IMU,53182.033,-13.732,-11.657,14.648,-0.10351,0.33056,0.94042,32.43
$MAG,53182.035,0.057,-0.688,-0.916,31.3
$IMU,53182.108,-15.258,-10.498,9.460,-0.02099,0.29003,0.97119,32.44
$BARO,53182.117,69830.32,32.52
$MAG,53182.136,0.048,-0.682,-0.934,31.3
$TIME,53182.168,457854.000,2364
$IMU,53182.184,-8.056,-5.615,-2.441,-0.02685,0.29052,0.95849,32.44
$BARO,53182.218,69827.25,32.52
$MAG,53182.237,0.058,-0.684,-0.937,31.5
$HUM,53182.257,24.4,33.0
$IMU,53182.259,-5.371,-3.417,-8.178,0.00537,0.33349,0.98632,32.45
$BARO,53182.320,69835.39,32.52
$IMU,53182.334,-14.221,0.366,1.098,-0.01367,0.27539,0.97558,32.47
$MAG,53182.337,0.061,-0.672,-0.942,31.3
$IMU,53182.409,-14.648,-0.671,-1.159,-0.00585,0.24169,0.97314,32.44
$BARO,53182.421,69833.35,32.52
$MAG,53182.438,0.060,-0.663,-0.949,31.2
$IMU,53182.484,-13.488,-0.305,-4.333,-0.08203,0.19921,1.01464,32.46
$BARO,53182.523,69841.24,32.53
$MAG,53182.539,0.054,-0.652,-0.954,31.3
$IMU,53182.559,-6.347,-3.540,-6.225,-0.05224,0.18945,1.01123,32.46
$VBAT,53182.590,3.927
$BARO,53182.624,69826.81,32.53
$IMU,53182.634,-0.427,-1.892,-2.746,-0.05664,0.21240,0.98095,32.41
$MAG,53182.640,0.063,-0.646,-0.960,31.3
$IMU,53182.709,-4.211,0.732,-3.723,-0.10351,0.15283,1.00537,32.47
$BARO,53182.725,69827.84,32.53
$MAG,53182.741,0.060,-0.652,-0.960,31.3
$IMU,53182.784,-1.831,-5.126,0.061,-0.06054,0.15527,1.00927,32.46
$BARO,53182.827,69831.49,32.53
$MAG,53182.842,0.054,-0.654,-0.963,31.3
$IMU,53182.859,-1.464,-6.835,2.197,-0.02490,0.17041,0.99511,32.44
$BARO,53182.928,69827.01,32.53
$IMU,53182.934,0.366,-4.638,5.737,0.00683,0.19677,1.00000,32.44
$MAG,53182.943,0.051,-0.655,-0.967,31.3
$IMU,53183.009,2.990,-0.915,1.647,-0.02050,0.19335,0.98632,32.46
$BARO,53183.030,69824.99,32.54
$MAG,53183.043,0.033,-0.654,-0.964,31.3
$IMU,53183.084,1.403,-2.014,-4.882,-0.01464,0.21191,0.96679,32.43
$BARO,53183.131,69828.23,32.53
$MAG,53183.144,0.046,-0.648,-0.967,31.3
$IMU,53183.160,-6.835,-3.295,-5.249,0.00488,0.17919,0.99267,32.46
$BARO,53183.232,69828.84,32.54
$IMU,53183.235,-8.972,-1.708,-3.845,0.00244,0.16357,1.00439,32.51
$MAG,53183.245,0.051,-0.633,-0.981,31.5
$HUM,53183.274,23.9,33.0
$IMU,53183.310,-8.239,0.122,-4.821,-0.01464,0.16992,1.00537,32.47
$BARO,53183.334,69831.25,32.55
$MAG,53183.346,0.054,-0.630,-0.975,31.3
$IMU,53183.385,-8.178,-0.061,-8.728,-0.01074,0.13964,0.99267,32.47
$BARO,53183.435,69827.59,32.55
$MAG,53183.447,0.066,-0.621,-0.981,31.3
$IMU,53183.460,-5.676,2.014,-7.568,-0.02539,0.13281,0.99511,32.46
$IMU,53183.535,-3.234,-0.244,-4.272,-0.03564,0.18212,0.93896,32.43
$BARO,53183.537,69828.62,32.54
$MAG,53183.548,0.067,-0.612,-0.996,31.3
$VBAT,53183.591,3.927
$IMU,53183.610,-10.986,-3.540,-6.652,-0.04345,0.16455,0.96093,32.44
$BARO,53183.638,69832.25,32.55
$MAG,53183.648,0.061,-0.597,-0.993,31.2
$IMU,53183.685,-21.240,-4.577,-10.253,-0.01757,0.09228,0.99072,32.47
$BARO,53183.739,69826.77,32.55
$MAG,53183.749,0.067,-0.565,-1.005,31.5
$IMU,53183.760,-25.878,-0.305,-9.460,-0.07714,-0.05712,1.01513,32.47
$IMU,53183.835,-23.925,-3.051,-7.324,-0.04882,-0.04931,1.07226,32.46
$BARO,53183.841,69836.91,32.55
$MAG,53183.850,0.058,-0.558,-1.015,31.3
$IMU,53183.910,-12.023,-3.051,-1.281,-0.01416,0.00292,1.06298,32.45
$BARO,53183.942,69827.79,32.55
$MAG,53183.951,0.064,-0.546,-1.018,31.3
$IMU,53183.985,-1.098,-2.624,-5.920,-0.06591,0.07714,0.97949,32.50
$BARO,53184.044,69817.41,32.55
$MAG,53184.052,0.067,-0.544,-1.020,31.5
$IMU,53184.060,-6.530,-7.751,-6.408,0.00048,0.16894,0.85253,32.48
$IMU,53184.136,-31.188,-3.845,-3.662,0.07763,0.11132,0.84277,32.53
$BARO,53184.145,69824.30,32.56
$MAG,53184.153,0.060,-0.496,-1.042,31.3
$TIME,53184.168,457855.000,2364
$IMU,53184.211,-55.175,5.981,-3.173,0.05322,-0.09375,0.83398,32.48
$BARO,53184.246,69826.91,32.56
$MAG,53184.253,0.078,-0.436,-1.044,31.3
$IMU,53184.286,-74.462,7.385,-11.535,0.07617,-0.31152,0.84814,32.44
$HUM,53184.291,23.6,33.0
$BARO,53184.348,69823.26,32.56
$MAG,53184.354,0.066,-0.354,-1.050,31.3
$IMU,53184.361,-77.331,5.920,-24.047,0.05078,-0.42968,0.87158,32.46
$IMU,53184.436,-70.678,4.516,-28.930,0.03173,-0.52246,0.88525,32.47
$BARO,53184.449,69829.35,32.57
$MAG,53184.455,0.087,-0.291,-1.036,31.5
$IMU,53184.511,-62.255,9.338,-21.484,0.04052,-0.55419,0.80126,32.48
$BARO,53184.551,69823.77,32.59
$MAG,53184.556,0.079,-0.237,-1.005,31.3
$IMU,53184.586,-60.119,15.686,-7.934,-0.03857,-0.82910,0.88232,32.52
$VBAT,53184.591,3.919
$BARO,53184.652,69821.50,32.61
$MAG,53184.657,0.100,-0.222,-0.985,31.3
$IMU,53184.661,-40.405,14.465,1.281,-0.11230,-0.90380,0.90283,32.46
$IMU,53184.736,-12.756,9.094,3.601,-0.04833,-0.78417,0.79931,32.47
$BARO,53184.753,69819.87,32.61
$MAG,53184.758,0.103,-0.222,-0.981,31.3
$IMU,53184.811,-2.685,8.422,5.249,-0.09960,-0.83935,0.82226,32.48
$BARO,53184.855,69829.37,32.62
$MAG,53184.858,0.109,-0.229,-0.982,31.3
$IMU,53184.886,9.643,3.417,7.385,-0.19726,-0.86279,0.83154,32.52
$BARO,53184.956,69816.55,32.63
$MAG,53184.959,0.112,-0.256,-0.997,31.3
$IMU,53184.961,29.052,-6.713,10.742,-0.12304,-0.82910,0.87939,32.50
$IMU,53185.036,48.767,-5.310,15.075,-0.30078,-0.84179,0.61474,32.51
$BARO,53185.058,69832.93,32.65
$MAG,53185.060,0.102,-0.312,-1.012,31.5
$IMU,53185.112,60.791,-19.592,16.845,-0.04101,-0.78759,1.01757,32.47
$BARO,53185.159,69822.99,32.65
$MAG,53185.161,0.094,-0.382,-1.036,31.3
$TIME,53185.168,457855.000,2364
$IMU,53185.187,85.754,-19.287,7.995,-0.08447,-0.72656,0.98632,32.53
$BARO,53185.260,69818.94,32.65
$MAG,53185.262,0.081,-0.472,-1.032,31.3
$IMU,53185.262,111.022,-17.578,7.751,-0.02197,-0.35839,0.90527,32.50
$HUM,53185.307,24.0,33.1
$IMU,53185.337,106.872,-13.488,16.357,0.10156,-0.18750,0.97607,32.47
$BARO,53185.362,69830.32,32.65
$MAG,53185.363,0.069,-0.562,-1.002,31.3
$IMU,53185.412,106.689,-1.098,14.465,0.13281,-0.14550,0.99951,32.53
$BARO,53185.463,69823.43,32.64
$MAG,53185.463,0.073,-0.663,-0.939,31.3
$IMU,53185.487,130.310,12.939,15.136,0.07226,0.14453,0.77978,32.53
$IMU,53185.562,134.399,18.371,16.845,0.08642,0.48291,0.63720,32.54
$MAG,53185.564,0.060,-0.747,-0.840,31.5
$BARO,53185.565,69828.33,32.63
$VBAT,53185.592,3.930
$IMU,53185.637,105.224,25.390,26.611,-0.02099,0.78369,0.55029,32.53
$MAG,53185.665,0.048,-0.793,-0.777,31.3
$BARO,53185.666,69833.83,32.63
$IMU,53185.712,53.405,21.118,19.592,-0.03125,0.79980,0.59228,32.49
$MAG,53185.766,0.052,-0.798,-0.739,31.3
$BARO,53185.768,69825.72,32.63
$IMU,53185.787,27.160,17.395,4.455,-0.06054,0.61376,0.62304,32.51
$IMU,53185.862,33.020,13.122,-1.098,-0.16064,0.88769,0.51074,32.48
$MAG,53185.867,0.057,-0.807,-0.714,31.3
$BARO,53185.869,69835.49,32.62
$IMU,53185.937,3.845,3.234,4.150,-0.10205,0.82812,0.51025,32.55
$MAG,53185.968,0.049,-0.807,-0.724,31.5
$BARO,53185.970,69828.37,32.62
$IMU,53186.012,-15.502,-2.746,0.854,-0.11376,0.89453,0.57177,32.50
$MAG,53186.068,0.051,-0.805,-0.757,31.5
$BARO,53186.072,69827.18,32.61
$IMU,53186.088,-36.010,-9.277,0.854,-0.06396,0.69775,0.66210,32.48
$IMU,53186.163,-42.236,-8.422,-2.319,-0.00976,0.66845,0.77441,32.51
$TIME,53186.168,457858.000,2364
$MAG,53186.169,0.057,-0.780,-0.799,31.3
$BARO,53186.173,69824.33,32.61
$IMU,53186.238,-41.198,-2.685,-9.155,-0.09130,0.54199,0.81787,32.51
$MAG,53186.270,0.055,-0.759,-0.817,31.5
$BARO,53186.275,69831.66,32.60
$IMU,53186.313,-29.968,-4.760,-11.352,-0.05175,0.55810,0.83300,32.50
$HUM,53186.324,24.7,33.0
$MAG,53186.371,0.061,-0.744,-0.847,31.3
$BARO,53186.376,69827.59,32.61
$IMU,53186.388,-24.597,-6.591,-9.643,-0.04443,0.63378,0.77978,32.51
$IMU,53186.463,-32.653,-6.225,-7.812,-0.03857,0.50488,0.72851,32.53
$MAG,53186.472,0.067,-0.732,-0.874,31.3
$BARO,53186.477,69825.16,32.61
$IMU,53186.538,-30.456,-2.502,-8.544,-0.03955,0.57568,0.77441,32.50
$MAG,53186.573,0.067,-0.706,-0.898,31.3
$BARO,53186.579,69818.87,32.61
$VBAT,53186.597,3.919
$IMU,53186.613,-33.996,-4.516,-4.333,-0.07226,0.51855,0.83056,32.50
$MAG,53186.673,0.076,-0.673,-0.924,31.3
$BARO,53186.680,69825.77,32.61
$IMU,53186.688,-43.945,-6.164,-11.047,-0.10791,0.24072,0.96875,32.56
$IMU,53186.763,-51.452,-10.009,-9.033,-0.02197,0.09863,1.13427,32.53
$MAG,53186.774,0.072,-0.648,-0.949,31.3
$BARO,53186.782,69818.26,32.61
$IMU,53186.838,-39.550,-5.065,-3.967,-0.03906,-0.01416,1.11865,32.53
$MAG,53186.875,0.075,-0.619,-0.967,31.5
$BARO,53186.883,69818.26,32.61
$IMU,53186.913,-26.550,-2.624,-7.324,-0.07617,-0.00732,1.14355,32.52
$MAG,53186.976,0.072,-0.604,-0.978,31.3
$BARO,53186.984,69820.48,32.61
$IMU,53186.989,-16.235,-6.164,-6.286,-0.01269,0.01660,1.08300,32.52
$IMU,53187.064,-1.525,-1.892,-7.690,-0.10937,0.07666,1.05517,32.55
$MAG,53187.077,0.070,-0.594,-0.981,31.3
$BARO,53187.086,69831.03,32.61
$IMU,53187.139,6.774,-3.906,-1.525,-0.03369,0.12841,0.99755,32.57
$MAG,53187.178,0.072,-0.615,-0.979,31.5
$BARO,53187.187,69836.93,32.61
$IMU,53187.214,9.155,1.220,8.422,-0.06201,0.15771,1.02050,32.51
$MAG,53187.279,0.067,-0.633,-0.955,31.5
$BARO,53187.288,69830.42,32.61
$IMU,53187.289,6.530,2.685,11.169,-0.03515,0.08447,1.06054,32.51
$HUM,53187.341,24.0,33.1
$IMU,53187.364,14.282,1.586,9.399,-0.03857,0.14355,1.00244,32.51
$MAG,53187.379,0.063,-0.643,-0.972,31.5
$BARO,53187.390,69834.27,32.62
$IMU,53187.439,13.671,-1.953,8.728,0.01806,0.15087,1.01220,32.55
$MAG,53187.480,0.052,-0.655,-0.952,31.2
$BARO,53187.491,69833.86,32.62
$IMU,53187.514,12.329,1.647,6.774,0.00830,0.20849,0.99560,32.53
$MAG,53187.581,0.060,-0.667,-0.948,31.5
$IMU,53187.589,13.122,1.525,4.821,0.00878,0.26757,0.94726,32.52
$BARO,53187.593,69830.42,32.62
$VBAT,53187.607,3.921
$IMU,53187.664,11.840,-2.441,-0.671,0.02490,0.30126,0.94091,32.52
$MAG,53187.682,0.055,-0.675,-0.943,31.3
$BARO,53187.694,69826.77,32.62
$IMU,53187.739,9.216,-1.831,-2.197,0.05224,0.34814,0.92626,32.53
$MAG,53187.783,0.057,-0.678,-0.928,31.5
$BARO,53187.795,69832.44,32.62
$IMU,53187.814,7.751,3.784,0.732,0.03027,0.36523,0.92089,32.56
$MAG,53187.884,0.063,-0.681,-0.931,31.6
$IMU,53187.889,8.911,6.835,0.488,-0.04785,0.34179,0.90771,32.51
$BARO,53187.897,69830.59,32.62
$IMU,53187.965,4.699,4.333,-0.061,-0.03369,0.36230,0.97900,32.54
$MAG,53187.984,0.057,-0.675,-0.921,31.5
$BARO,53187.998,69831.20,32.62
$IMU,53188.040,-6.591,5.004,2.502,-0.05761,0.26513,0.93994,32.51
$MAG,53188.085,0.072,-0.681,-0.930,31.3
$BARO,53188.100,69830.59,32.62
$IMU,53188.115,-2.685,3.112,1.525,-0.07812,0.37011,0.95068,32.55
$TIME,53188.168,457858.000,2364
$MAG,53188.186,0.063,-0.672,-0.921,31.5
$IMU,53188.190,-10.131,1.525,-1.953,-0.08300,0.30419,0.94287,32.54
$BARO,53188.201,69824.89,32.62
$IMU,53188.265,-12.756,5.371,0.244,-0.13183,0.24365,0.98046,32.55
$MAG,53188.287,0.078,-0.673,-0.928,31.5
$BARO,53188.303,69826.11,32.62
$IMU,53188.340,-10.437,6.225,5.432,-0.15136,0.23925,1.02050,32.56
$HUM,53188.357,24.0,33.1
$MAG,53188.388,0.078,-0.669,-0.933,31.3
$BARO,53188.404,69828.57,32.62
$IMU,53188.415,-10.192,2.319,0.793,-0.18798,0.21337,1.00146,32.55
$MAG,53188.489,0.075,-0.661,-0.942,31.3
$IMU,53188.490,-3.845,-3.051,-2.136,-0.12207,0.25048,0.95507,32.54
$BARO,53188.505,69821.65,32.63
$IMU,53188.565,-5.187,-2.502,-4.455,-0.17382,0.30761,0.93603,32.53
$MAG,53188.589,0.066,-0.657,-0.949,31.3
$BARO,53188.607,69820.40,32.63
$VBAT,53188.607,3.930
$IMU,53188.640,-12.756,-6.835,-6.286,-0.18847,0.25146,0.96728,32.52
$MAG,53188.690,0.069,-0.639,-0.954,31.5
$BARO,53188.708,69827.11,32.63
$IMU,53188.715,-8.911,-8.972,-4.882,-0.17285,0.20849,0.96142,32.53
$IMU,53188.790,-7.995,-7.202,7.629,-0.16357,0.18603,0.99609,32.53
$MAG,53188.791,0.067,-0.640,-0.967,31.3
$BARO,53188.810,69820.04,32.63
$IMU,53188.865,-9.033,-5.859,9.155,-0.19580,0.13378,1.00830,32.55
$MAG,53188.892,0.049,-0.645,-0.969,31.3
$BARO,53188.911,69819.79,32.64
$IMU,53188.941,-4.760,-11.352,4.455,-0.14013,0.13330,1.02978,32.51
$MAG,53188.993,0.042,-0.649,-0.985,31.5
$BARO,53189.012,69815.94,32.64
$IMU,53189.016,-2.014,-15.869,6.469,-0.02783,0.08593,1.05859,32.57
$IMU,53189.091,3.906,-15.930,8.239,0.04931,0.07519,0.97802,32.55
$MAG,53189.094,0.018,-0.651,-0.981,31.5
$BARO,53189.114,69824.45,32.64
$IMU,53189.166,8.483,-14.099,4.882,0.18603,0.18017,0.96679,32.57
$TIME,53189.168,457860.000,2364
$MAG,53189.194,0.007,-0.658,-0.994,31.5
$BARO,53189.215,69821.40,32.64
$IMU,53189.241,-2.685,-12.390,1.281,0.19970,0.12597,0.99853,32.59
$MAG,53189.295,0.004,-0.652,-1.002,31.3
$IMU,53189.316,-1.281,-11.962,-5.065,0.22412,0.17236,1.02294,32.57
$BARO,53189.317,69817.36,32.64
$HUM,53189.374,23.9,33.1
$IMU,53189.391,1.770,-6.591,-6.164,0.18408,0.17089,0.97900,32.53
$MAG,53189.396,0.004,-0.648,-0.996,31.3
$BARO,53189.418,69817.94,32.65
$IMU,53189.466,3.845,-4.455,-4.577,0.21923,0.21728,0.97705,32.51
$MAG,53189.497,-0.001,-0.654,-1.006,31.5
$BARO,53189.520,69824.86,32.64
$IMU,53189.541,5.004,0.671,-3.417,0.19287,0.24414,0.96386,32.58
$MAG,53189.598,0.001,-0.663,-0.996,31.5
$VBAT,53189.608,3.916
$IMU,53189.616,0.732,1.281,-4.028,0.19775,0.21337,0.97314,32.59
$BARO,53189.621,69816.94,32.64
$IMU,53189.691,2.929,4.150,-7.873,0.14648,0.25634,0.99121,32.53
$MAG,53189.699,0.009,-0.648,-0.991,31.5
$BARO,53189.722,69818.72,32.65
$IMU,53189.766,-0.732,5.493,-6.530,0.14697,0.21826,0.97412,32.55
$MAG,53189.799,0.025,-0.649,-0.987,31.5
$BARO,53189.824,69826.06,32.65
$IMU,53189.841,5.249,8.850,-4.333,0.09277,0.35009,0.93261,32.58
$MAG,53189.900,0.025,-0.649,-0.975,31.3
$IMU,53189.917,-3.051,7.751,0.000,0.10449,0.35058,0.96728,32.56
$BARO,53189.925,69822.18,32.65
$IMU,53189.992,-11.657,8.728,0.549,0.06396,0.28222,0.93212,32.54
$MAG,53190.001,0.036,-0.634,-0.993,31.3
$BARO,53190.027,69821.77,32.65
$IMU,53190.067,-20.996,9.582,-1.831,0.00488,0.16357,0.95361,32.59
$MAG,53190.102,0.045,-0.618,-0.990,31.3
$BARO,53190.128,69826.64,32.65
$IMU,53190.142,-23.620,7.690,-2.563,0.00292,0.06347,1.01074,32.56
$TIME,53190.168,457861.000,2364
$MAG,53190.203,0.060,-0.610,-0.993,31.3
$IMU,53190.217,-18.493,9.155,1.281,-0.02587,-0.02490,1.04443,32.53
$BARO,53190.230,69816.70,32.65
$IMU,53190.292,-9.643,10.192,1.281,-0.04882,-0.03076,1.07031,32.57
$MAG,53190.304,0.064,-0.604,-0.985,31.3
$BARO,53190.331,69821.77,32.65
$IMU,53190.367,-3.784,9.582,-1.892,-0.08496,-0.10156,1.07470,32.55
$HUM,53190.390,23.4,33.1
$MAG,53190.404,0.066,-0.606,-0.979,31.5
$BARO,53190.432,69817.50,32.66
$IMU,53190.442,10.742,7.324,-2.990,-0.08837,0.00585,1.02197,32.53
$MAG,53190.505,0.070,-0.622,-0.970,31.5
$IMU,53190.517,10.375,7.568,-1.037,-0.13769,0.03564,1.03125,32.55
$BARO,53190.534,69825.81,32.65
$IMU,53190.592,10.742,4.821,-0.244,-0.17187,0.13525,0.98291,32.58
$MAG,53190.606,0.084,-0.616,-0.961,31.5
$VBAT,53190.608,3.932
$BARO,53190.635,69830.67,32.66
$IMU,53190.667,5.187,0.244,-3.906,-0.11718,0.10644,0.99121,32.57
$MAG,53190.707,0.076,-0.625,-0.961,31.5
$BARO,53190.737,69826.40,32.66
$IMU,53190.742,-4.333,1.586,4.943,-0.10009,0.06982,1.02099,32.55
$MAG,53190.808,0.078,-0.622,-0.967,31.5
$IMU,53190.817,-3.479,4.516,6.225,-0.12841,0.05957,1.01318,32.57
$BARO,53190.838,69831.08,32.66
$IMU,53190.893,-0.671,3.723,1.831,-0.17236,0.08398,1.01416,32.59
$MAG,53190.908,0.073,-0.631,-0.961,31.6
$BARO,53190.939,69825.77,32.67
$IMU,53190.968,1.037,-0.610,1.037,-0.14843,0.12353,0.98828,32.58
$MAG,53191.009,0.073,-0.625,-0.958,31.5
$BARO,53191.041,69817.09,32.66
$IMU,53191.043,2.868,-0.915,-1.464,-0.14697,0.08300,1.00244,32.55
$MAG,53191.110,0.078,-0.636,-0.954,31.5
$IMU,53191.118,9.643,-2.868,-1.647,-0.15087,0.14892,1.02197,32.59
$BARO,53191.142,69820.09,32.67
$TIME,53191.168,457862.000,2364
$IMU,53191.193,11.901,-5.310,0.854,-0.13378,0.15576,0.99169,32.57
$MAG,53191.211,0.069,-0.642,-0.957,31.5
$BARO,53191.244,69817.43,32.67
$IMU,53191.268,13.305,-6.042,3.967,-0.10546,0.20263,0.93945,32.54
$MAG,53191.312,0.057,-0.651,-0.948,31.6
$IMU,53191.343,7.263,-4.882,4.943,-0.10400,0.19775,0.95312,32.59
$BARO,53191.345,69831.45,32.67
$HUM,53191.407,23.8,33.1
$MAG,53191.413,0.051,-0.657,-0.964,31.5
$IMU,53191.418,1.220,-5.981,5.676,-0.05517,0.19531,0.99267,32.59
$BARO,53191.446,69832.66,32.67
$IMU,53191.493,-1.464,-5.371,4.760,-0.03076,0.18457,1.00244,32.58
$MAG,53191.513,0.051,-0.658,-0.963,31.5
$BARO,53191.548,69822.50,32.67
$IMU,53191.568,-0.427,-4.394,0.366,-0.01806,0.15234,0.99560,32.58
$VBAT,53191.609,3.929
$MAG,53191.614,0.046,-0.654,-0.961,31.7
$IMU,53191.643,4.699,-4.333,0.854,-0.02490,0.24804,0.98681,32.60
$BARO,53191.649,69821.70,32.67
$MAG,53191.715,0.042,-0.657,-0.957,31.7
$IMU,53191.718,0.793,-5.493,0.000,0.04833,0.22021,0.96826,32.57
$BARO,53191.751,69827.16,32.68
$IMU,53191.793,-0.427,-3.173,1.647,0.08642,0.19287,0.95947,32.58
$MAG,53191.816,0.048,-0.664,-0.964,31.5
$BARO,53191.852,69821.28,32.67
$IMU,53191.869,-0.854,-3.417,-0.366,0.09130,0.20849,1.01416,32.58
$MAG,53191.917,0.033,-0.645,-0.982,31.3
$IMU,53191.944,-12.084,-4.638,-4.516,0.11474,0.07226,1.04345,32.62
$BARO,53191.953,69830.81,32.68
$MAG,53192.017,0.039,-0.652,-0.970,31.3
$IMU,53192.019,-3.051,-0.427,-7.385,0.04687,0.13085,0.98193,32.64
$BARO,53192.055,69823.11,32.67
$IMU,53192.094,-3.540,-4.272,-3.356,0.04980,0.24511,1.09814,32.60
$MAG,53192.118,0.040,-0.642,-0.982,31.5
$BARO,53192.156,69823.69,32.69
$TIME,53192.168,457863.000,2364
$IMU,53192.169,-6.286,-2.502,2.441,0.05371,0.05419,0.96923,32.60
$MAG,53192.219,0.039,-0.648,-0.969,31.3
$IMU,53192.244,9.094,1.464,-2.319,0.00537,0.25488,0.96972,32.55
$BARO,53192.258,69824.30,32.69
$IMU,53192.319,-3.601,-0.610,-1.708,0.00146,0.11718,0.97460,32.61
$MAG,53192.320,0.034,-0.645,-0.978,31.5
$BARO,53192.359,69822.48,32.69
$IMU,53192.394,-2.380,0.915,-4.028,-0.02294,0.16357,1.02636,32.58
$MAG,53192.421,0.055,-0.637,-0.985,31.3
$HUM,53192.424,23.6,33.1
$BARO,53192.461,69833.22,32.69
$IMU,53192.469,-6.164,1.098,-3.417,-0.06005,0.09667,1.00781,32.58
$MAG,53192.522,0.043,-0.633,-0.981,31.5
$IMU,53192.544,0.000,0.122,-2.319,-0.03710,0.15625,1.00000,32.55
$BARO,53192.562,69834.64,32.69
$VBAT,53192.610,3.929
$IMU,53192.619,-0.793,0.366,2.807,-0.01757,0.16064,1.00683,32.60
$MAG,53192.622,0.048,-0.640,-0.973,31.5
$BARO,53192.663,69827.52,32.69
$IMU,53192.694,-0.244,1.892,1.403,-0.02197,0.15234,1.00292,32.60
$MAG,53192.723,0.052,-0.637,-0.970,31.6
$BARO,53192.765,69814.94,32.69
$IMU,53192.770,0.427,-0.061,0.305,-0.02490,0.15380,0.98486,32.58
$MAG,53192.824,0.052,-0.633,-0.976,31.7
$IMU,53192.845,0.305,-1.708,-0.671,-0.01123,0.18457,0.98974,32.62
$BARO,53192.866,69812.48,32.70
$IMU,53192.920,-3.295,-1.525,0.122,0.00390,0.16259,1.00244,32.62
$MAG,53192.925,0.055,-0.636,-0.972,31.6
$BARO,53192.968,69816.94,32.70
$IMU,53192.995,-2.197,-0.976,0.488,0.01123,0.15429,1.00537,32.65
$MAG,53193.026,0.054,-0.642,-0.984,31.3
$BARO,53193.069,69828.33,32.70
$IMU,53193.070,-1.098,0.000,-0.671,0.00683,0.13525,1.00390,32.62
$MAG,53193.126,0.052,-0.636,-0.976,31.5
$IMU,53193.145,-0.549,0.122,-0.915,-0.00341,0.12988,0.99511,32.64
$TIME,53193.168,457863.000,2364
$BARO,53193.171,69825.69,32.70
$IMU,53193.220,1.892,-0.061,-1.831,-0.01562,0.16943,1.01708,32.60
$MAG,53193.227,0.045,-0.636,-0.979,31.5
$BARO,53193.272,69825.06,32.70
$IMU,53193.295,0.244,1.037,-1.037,-0.04101,0.09228,0.99658,32.56
$MAG,53193.328,0.045,-0.640,-0.973,31.6
$IMU,53193.370,4.699,-0.244,-0.976,-0.05029,0.18701,0.99804,32.64
$BARO,53193.373,69835.61,32.70
$MAG,53193.429,0.051,-0.631,-0.972,31.7
$HUM,53193.440,23.6,33.1
$IMU,53193.445,-3.967,-1.281,-1.037,-0.04931,0.10546,1.01660,32.60
$BARO,53193.475,69834.20,32.70
$IMU,53193.520,-2.197,-1.708,2.258,0.00292,0.12548,1.01562,32.63
$MAG,53193.530,0.040,-0.642,-0.972,31.5
$BARO,53193.576,69827.67,32.71
$IMU,53193.595,-2.990,-2.014,4.516,0.01757,0.14013,0.96435,32.61
$VBAT,53193.610,3.943
$MAG,53193.631,0.039,-0.634,-0.991,31.6
$IMU,53193.670,-10.192,-1.586,4.089,0.02392,0.10107,1.02490,32.63
$BARO,53193.678,69839.05,32.71
$MAG,53193.731,0.039,-0.625,-0.988,31.7
$IMU,53193.746,-10.437,-2.258,0.976,0.03759,0.10791,1.05126,32.63
$BARO,53193.779,69823.01,32.71
$IMU,53193.821,-2.441,-1.708,-0.732,0.03759,0.13769,1.02148,32.62
$MAG,53193.832,0.045,-0.624,-1.000,31.5
$BARO,53193.881,69807.78,32.71
$IMU,53193.896,6.530,1.525,-0.305,-0.00097,0.20898,0.91406,32.61
$MAG,53193.933,0.042,-0.624,-0.984,31.5
$IMU,53193.971,-0.549,0.732,-2.624,-0.04003,0.15771,0.98437,32.62
$BARO,53193.982,69822.38,32.71
$MAG,53194.034,0.042,-0.618,-0.997,31.7
$IMU,53194.046,-9.155,-3.601,-4.760,-0.01464,0.07763,1.02685,32.60
$BARO,53194.083,69831.74,32.71
$IMU,53194.121,-0.793,-2.807,-2.685,0.01757,0.13671,0.92871,32.63
$MAG,53194.135,0.048,-0.615,-1.002,31.5
$TIME,53194.168,457865.000,2364
$BARO,53194.185,69832.93,32.71
$IMU,53194.196,-2.075,-3.295,-0.244,0.08154,0.16796,0.87158,32.57
$MAG,53194.235,0.040,-0.613,-1.000,31.5
$IMU,53194.271,-7.629,-3.662,-0.671,0.12255,0.24951,0.96191,32.61
$BARO,53194.286,69834.15,32.72
$MAG,53194.336,0.036,-0.610,-1.011,31.5
$IMU,53194.346,-18.371,0.732,2.624,0.10449,0.13134,0.97460,32.63
$BARO,53194.388,69830.28,32.72
$IMU,53194.421,-9.033,3.845,4.272,0.04638,0.17480,0.88183,32.58
$MAG,53194.437,0.037,-0.604,-1.011,31.5
$HUM,53194.457,23.4,33.2
$BARO,53194.489,69818.50,32.72
$IMU,53194.496,-13.793,4.943,-1.220,-0.01464,0.05566,0.87060,32.64
$MAG,53194.538,0.049,-0.591,-1.006,31.8
$IMU,53194.571,-12.084,7.263,-2.136,-0.02050,-0.03613,0.93945,32.64
$BARO,53194.591,69832.32,32.72
$VBAT,53194.611,3.918
$MAG,53194.639,0.046,-0.574,-1.005,31.5
$IMU,53194.646,-6.103,3.479,1.464,-0.08105,0.02978,0.95703,32.64
$BARO,53194.692,69833.74,32.71
$IMU,53194.722,-12.573,1.892,1.159,-0.12792,-0.06396,0.90673,32.60
$MAG,53194.740,0.052,-0.570,-1.015,31.5
$BARO,53194.793,69813.02,32.72
$IMU,53194.797,-6.164,2.014,-2.502,-0.13964,0.02539,0.95214,32.63
$MAG,53194.840,0.049,-0.574,-1.009,31.3
$IMU,53194.872,-15.380,-2.014,-2.380,-0.05322,-0.14208,1.01123,32.67
$BARO,53194.895,69821.33,32.73
$MAG,53194.941,0.051,-0.567,-1.020,31.5
$IMU,53194.947,-17.761,1.159,2.319,-0.09863,-0.15234,1.10253,32.60
$BARO,53194.996,69826.81,32.72
$IMU,53195.022,-18.615,-0.427,1.342,-0.08496,-0.19189,1.04248,32.63
$MAG,53195.042,0.049,-0.549,-1.020,31.7
$IMU,53195.097,-3.173,-5.920,-0.915,0.03466,-0.21630,0.69677,32.59
$BARO,53195.098,69815.63,32.73
$MAG,53195.143,0.046,-0.574,-1.026,31.7
$TIME,53195.168,457866.000,2364
$IMU,53195.172,7.690,-6.591,5.920,0.09960,0.10107,0.75488,32.66
$BARO,53195.199,69825.96,32.74
$MAG,53195.244,0.037,-0.564,-1.032,31.6
$IMU,53195.247,-11.047,0.427,4.211,0.05761,-0.20166,0.83984,32.64
$BARO,53195.300,69820.89,32.73
$IMU,53195.322,-6.530,1.281,7.446,-0.01757,0.05175,0.92773,32.65
$MAG,53195.345,0.036,-0.555,-1.030,31.5
$IMU,53195.397,-21.179,-3.479,-1.098,0.01269,-0.09521,0.97216,32.64
$BARO,53195.402,69823.94,32.74
$MAG,53195.445,0.034,-0.543,-1.048,31.5
$IMU,53195.472,-22.216,-2.075,-0.427,0.00732,-0.13818,0.99316,32.66
$HUM,53195.473,23.7,33.2
$BARO,53195.503,69829.81,32.74
$MAG,53195.546,0.025,-0.529,-1.056,31.5
$IMU,53195.547,-20.812,0.366,1.708,-0.04394,-0.19726,0.92138,32.68
$BARO,53195.604,69818.84,32.74
$VBAT,53195.612,3.927
$IMU,53195.622,-18.066,-3.051,2.685,0.04638,-0.14111,0.95556,32.65
$MAG,53195.647,0.030,-0.522,-1.056,31.5
$IMU,53195.698,-15.380,-0.366,-4.455,-0.00244,0.02929,1.05615,32.67
$BARO,53195.706,69827.37,32.74
$MAG,53195.748,0.037,-0.514,-1.056,31.5
$IMU,53195.773,-27.160,-1.647,0.244,-0.04199,0.15527,1.37451,32.64
$BARO,53195.807,69816.41,32.74
$IMU,53195.848,-19.897,3.295,-1.403,0.06250,0.23388,1.45361,32.66
$MAG,53195.849,0.040,-0.502,-1.041,31.5
$BARO,53195.909,69830.01,32.74
$IMU,53195.923,12.084,12.329,-5.187,-0.13671,0.47949,1.42529,32.64
$MAG,53195.950,0.045,-0.519,-1.023,31.6
$IMU,53195.998,28.015,-0.671,-6.408,-0.09570,1.15136,1.60888,32.64
$BARO,53196.010,69831.40,32.75
$MAG,53196.050,0.045,-0.535,-0.999,31.5
$IMU,53196.073,53.405,-7.995,-14.404,0.02783,1.19042,1.60253,32.66
$BARO,53196.112,69825.52,32.75
$IMU,53196.148,75.988,6.652,-9.094,-0.13037,0.45361,0.54101,32.65
$MAG,53196.151,0.048,-0.559,-0.985,31.7
$TIME,53196.168,457867.000,2364
$BARO,53196.213,69829.40,32.74
$IMU,53196.223,10.131,-6.286,-6.774,-0.07324,-1.73779,-1.34814,32.62
$MAG,53196.252,0.052,-0.594,-0.954,31.5
$IMU,53196.298,92.590,-3.906,-8.239,0.14941,1.31005,-0.32519,32.65
$BARO,53196.314,69839.76,32.74
$MAG,53196.353,0.055,-0.540,-0.966,31.5
$IMU,53196.373,-76.965,17.883,10.131,0.19238,-0.71630,-0.03710,32.67
$BARO,53196.416,69825.35,32.74
$IMU,53196.448,-2.441,31.250,-29.907,-0.07763,0.16406,0.22753,32.67
$MAG,53196.454,0.084,-0.517,-0.951,31.5
$HUM,53196.490,23.4,33.2
$BARO,53196.517,69827.59,32.74
$IMU,53196.523,-4.760,17.456,-40.771,-0.00048,-0.13769,0.05957,32.63
$MAG,53196.555,0.106,-0.496,-0.939,31.7
$IMU,53196.598,5.920,7.629,-30.517,-0.18408,0.09521,0.08203,32.67
$VBAT,53196.612,3.926
$BARO,53196.619,69830.84,32.74
$MAG,53196.655,0.096,-0.472,-0.943,31.5
$IMU,53196.674,-0.793,-10.314,-15.808,-0.07128,0.00732,0.03417,32.65
$BARO,53196.720,69825.16,32.73
$IMU,53196.749,-9.765,-17.150,4.882,0.04199,-0.00927,0.17382,32.66
$MAG,53196.756,0.070,-0.471,-0.972,31.5
$BARO,53196.822,69834.52,32.73
$IMU,53196.824,-9.460,-18.859,20.202,-0.08691,0.00488,0.22070,32.67
$MAG,53196.857,0.061,-0.481,-0.982,31.8
$IMU,53196.899,-0.427,-20.874,19.287,0.12353,-0.02636,0.05175,32.69
$BARO,53196.923,69863.16,32.72
$MAG,53196.958,0.058,-0.481,-0.997,31.5
$IMU,53196.974,-9.765,-11.840,14.526,-0.07666,0.05419,0.20751,32.67
$BARO,53197.024,69845.90,32.73
$IMU,53197.049,-22.521,-6.835,6.530,0.02539,0.19335,0.29052,32.66
$MAG,53197.059,0.054,-0.463,-1.008,31.6
$IMU,53197.124,-27.526,2.258,-2.136,0.10156,-0.02978,0.30175,32.64
$BARO,53197.126,69892.19,32.72
$MAG,53197.160,0.057,-0.451,-1.008,31.6
$TIME,53197.168,457868.000,2364
$IMU,53197.199,-14.160,4.821,-0.793,0.00292,0.02148,0.15527,32.65
$BARO,53197.227,69884.49,32.72
$MAG,53197.260,0.057,-0.438,-1.000,31.8
$IMU,53197.274,-14.648,0.976,-7.629,-0.04101,0.00830,0.08007,32.67
$BARO,53197.329,69892.82,32.71
$IMU,53197.349,-15.930,-1.831,-9.399,-0.03173,0.04150,0.07519,32.67
$MAG,53197.361,0.064,-0.421,-1.020,31.7
$IMU,53197.424,-18.310,-1.403,-2.319,-0.04589,0.04833,0.11962,32.65
$BARO,53197.430,69935.87,32.71
$MAG,53197.462,0.069,-0.397,-1.005,31.5
$IMU,53197.499,-16.174,1.403,-0.122,-0.03271,-0.00195,0.13867,32.67
$HUM,53197.507,23.4,33.1
$BARO,53197.532,69936.31,32.70
$MAG,53197.563,0.066,-0.402,-1.009,31.7
$IMU,53197.575,-9.582,0.061,3.112,-0.01220,0.02197,0.14990,32.70
$VBAT,53197.620,3.914
$BARO,53197.633,69918.03,32.70
$IMU,53197.650,-4.089,-3.540,4.272,-0.01367,0.05517,0.17480,32.67
$MAG,53197.664,0.070,-0.403,-1.017,31.7
$IMU,53197.725,2.319,-3.967,7.141,0.04492,0.03955,0.14697,32.70
$BARO,53197.734,69898.99,32.69
$MAG,53197.765,0.066,-0.415,-1.017,31.5
$IMU,53197.800,5.249,4.394,5.432,-0.05859,0.15185,0.13232,32.64
$BARO,53197.836,69892.70,32.69
$MAG,53197.865,0.070,-0.411,-1.014,31.6
$IMU,53197.875,-2.807,2.075,2.075,-0.00927,0.14355,0.24121,32.67
$BARO,53197.937,69859.23,32.68
$IMU,53197.950,-1.098,2.441,6.225,0.04541,0.27978,0.49169,32.66
$MAG,53197.966,0.079,-0.430,-1.014,31.5
$IMU,53198.025,8.178,2.868,4.211,0.08105,0.31933,0.48291,32.68
$BARO,53198.039,69850.51,32.67
$MAG,53198.067,0.076,-0.424,-1.003,31.5
$IMU,53198.100,6.530,9.826,-2.441,-0.12451,0.36279,0.49169,32.64
$BARO,53198.140,69797.59,32.66
$MAG,53198.168,0.075,-0.435,-1.012,31.6
$TIME,53198.168,457870.000,2364
$IMU,53198.175,6.164,-0.488,1.647,0.05273,0.34619,0.60449,32.66
$BARO,53198.241,69850.21,32.64
$IMU,53198.250,15.197,2.319,-4.943,-0.06738,0.64257,0.69677,32.66
$MAG,53198.269,0.078,-0.436,-0.991,31.6
$IMU,53198.325,3.540,-2.014,-4.699,0.07324,0.47412,0.87353,32.65
$BARO,53198.343,69798.93,32.62
$MAG,53198.370,0.088,-0.441,-0.990,31.5
$IMU,53198.400,15.014,6.774,-4.638,-0.06298,0.52978,0.78173,32.66
$BARO,53198.444,69731.00,32.60
$MAG,53198.471,0.091,-0.453,-0.994,31.6
$IMU,53198.475,20.446,1.770,-2.868,0.01904,0.66357,0.73388,32.70
$HUM,53198.523,23.2,33.1
$BARO,53198.546,69734.53,32.58
$IMU,53198.551,4.394,7.568,2.380,0.00927,0.59716,0.74462,32.67
$MAG,53198.572,0.097,-0.456,-0.991,31.6
$VBAT,53198.620,3.926
$IMU,53198.626,0.305,1.281,-5.065,-0.03710,0.46679,0.65478,32.73
$BARO,53198.647,69789.01,32.56
$MAG,53198.672,0.085,-0.454,-0.994,31.6
$IMU,53198.701,2.075,-7.324,-7.934,-0.02490,0.58691,0.68212,32.68
$BARO,53198.749,69919.93,32.54
$MAG,53198.773,0.087,-0.441,-0.991,31.6
$IMU,53198.776,-7.324,-4.211,0.671,-0.01318,0.56542,0.85156,32.68
$BARO,53198.850,69797.03,32.52
$IMU,53198.851,-4.028,0.122,-1.953,-0.07080,0.50146,0.91796,32.67
$MAG,53198.874,0.090,-0.456,-0.991,31.8
$IMU,53198.926,8.789,-5.493,-3.967,-0.00585,0.71044,0.90039,32.70
$BARO,53198.951,69819.18,32.51
$MAG,53198.975,0.093,-0.456,-0.993,31.8
$IMU,53199.001,2.807,1.342,-6.835,0.03222,0.45947,0.87695,32.67
$BARO,53199.053,69787.81,32.49
$MAG,53199.076,0.100,-0.459,-0.988,31.8
$IMU,53199.076,17.700,8.300,-5.371,0.05908,0.71142,0.82226,32.69
$IMU,53199.151,5.432,10.620,-10.925,-0.02832,0.82958,1.00634,32.71
$BARO,53199.154,69813.60,32.47
$MAG,53199.177,0.096,-0.438,-0.973,31.5
$IMU,53199.226,-5.493,8.117,-13.061,-0.03320,0.56103,1.14404,32.69
$BARO,53199.255,69829.30,32.46
$MAG,53199.277,0.111,-0.438,-0.970,31.7
$IMU,53199.301,16.967,9.094,-13.732,0.09863,0.69873,0.89941,32.65
$BARO,53199.357,69959.80,32.44
$IMU,53199.376,13.000,19.470,-14.404,-0.03857,0.61328,0.81054,32.73
$MAG,53199.378,0.130,-0.445,-0.955,31.7
$IMU,53199.451,10.620,9.704,-10.070,-0.11425,0.63574,0.78222,32.70
$BARO,53199.458,69964.48,32.44
$MAG,53199.479,0.114,-0.448,-0.958,31.7
$IMU,53199.527,-1.037,-7.385,-6.103,0.07421,0.61865,0.97070,32.68
$HUM,53199.540,22.9,32.9
$BARO,53199.560,69808.48,32.42
$MAG,53199.580,0.114,-0.436,-0.946,31.5
$IMU,53199.602,1.953,1.708,-8.544,0.03759,0.67480,1.07666,32.72
$VBAT,53199.628,3.935
$BARO,53199.661,69982.67,32.39
$IMU,53199.677,6.042,9.704,-12.939,0.04150,0.66503,1.17089,32.69
$MAG,53199.681,0.132,-0.415,-0.934,31.6
$IMU,53199.752,12.634,22.705,-12.451,0.01806,0.64843,1.19433,32.73
$BARO,53199.763,69963.83,32.38
$MAG,53199.782,0.151,-0.427,-0.921,31.8
$IMU,53199.827,23.559,19.836,-13.366,-0.06054,0.68310,0.99609,32.69
$BARO,53199.864,69960.05,32.36
$MAG,53199.882,0.151,-0.427,-0.915,31.8
$IMU,53199.902,17.028,8.789,-14.282,-0.06982,0.80126,1.01953,32.71
$BARO,53199.965,70035.32,32.36
$IMU,53199.977,-4.394,9.643,-7.995,-0.05322,0.76953,1.31982,32.69
$MAG,53199.983,0.157,-0.417,-0.916,31.6
$IMU,53200.052,0.915,7.812,-7.751,-0.03027,0.59326,1.34326,32.70
$BARO,53200.067,70062.37,32.33
$MAG,53200.084,0.166,-0.421,-0.904,31.8
$IMU,53200.127,27.160,9.155,-12.512,-0.02001,0.77392,1.04541,32.74
$BARO,53200.168,70019.99,32.32
$TIME,53200.168,457871.000,2364
$MAG,53200.185,0.177,-0.424,-0.891,31.6
$IMU,53200.202,13.183,10.803,-7.202,-0.07519,0.79980,1.11816,32.63
$BARO,53200.270,69973.75,32.32
$IMU,53200.277,5.676,1.892,-10.620,-0.14062,0.76269,1.14697,32.67
$MAG,53200.286,0.166,-0.415,-0.891,31.6
$IMU,53200.352,0.854,-10.803,-7.751,-0.08935,0.83007,1.20947,32.75
$BARO,53200.371,69894.89,32.30
$MAG,53200.387,0.165,-0.399,-0.903,31.5
$IMU,53200.427,-8.850,-15.747,-4.150,-0.09033,0.62500,1.21191,32.72
$BARO,53200.473,70056.65,32.28
$MAG,53200.488,0.156,-0.415,-0.919,31.8
$IMU,53200.503,2.563,-14.770,-4.760,0.02539,0.59765,1.08544,32.69
$HUM,53200.556,22.6,32.7
$BARO,53200.574,70072.29,32.26
$IMU,53200.578,2.807,-0.366,-6.958,-0.01855,0.78710,1.13183,32.72
$MAG,53200.589,0.156,-0.397,-0.912,31.6
$VBAT,53200.632,3.926
$IMU,53200.653,-12.268,1.586,-11.230,-0.11767,0.59082,1.35400,32.73
$BARO,53200.675,70050.82,32.25
$MAG,53200.689,0.145,-0.381,-0.928,31.7
$IMU,53200.728,3.540,-11.291,-16.357,0.04833,0.60839,1.17871,32.68
$BARO,53200.777,70143.15,32.23
$MAG,53200.790,0.156,-0.376,-0.916,31.6
$IMU,53200.803,7.873,4.272,-4.821,-0.04882,0.49658,1.00488,32.76
$BARO,53200.878,70003.78,32.24
$IMU,53200.878,3.417,3.662,-3.112,0.06250,0.60107,1.14355,32.69
$MAG,53200.891,0.162,-0.378,-0.912,31.6
$IMU,53200.953,-4.516,10.681,-7.751,-0.04248,0.59814,1.35107,32.73
$BARO,53200.980,70203.38,32.23
$MAG,53200.992,0.160,-0.363,-0.909,31.6
$IMU,53201.028,-3.662,6.408,-6.225,0.02880,0.34472,1.21093,32.69
$BARO,53201.081,70205.63,32.22
$MAG,53201.093,0.163,-0.379,-0.897,31.8
$IMU,53201.103,15.869,11.230,5.676,-0.03662,0.50195,0.97802,32.70
$TIME,53201.168,457872.000,2364
$IMU,53201.178,7.324,7.629,5.432,0.11523,0.51513,1.04296,32.72
$BARO,53201.182,70111.95,32.21
$MAG,53201.194,0.178,-0.382,-0.891,31.5
$IMU,53201.253,-0.122,8.789,-4.577,0.03515,0.47363,1.19384,32.73
$BARO,53201.284,70150.93,32.20
$MAG,53201.295,0.180,-0.370,-0.880,31.8
$IMU,53201.328,1.770,10.070,-7.751,-0.04003,0.43505,1.18652,32.70
$BARO,53201.385,70233.10,32.19
$MAG,53201.396,0.183,-0.375,-0.877,31.5
$IMU,53201.404,8.850,5.310,-0.854,0.07128,0.42822,1.06933,32.71
$IMU,53201.479,5.432,9.948,-0.610,-0.00244,0.60400,1.13476,32.70
$BARO,53201.487,70288.72,32.16
$MAG,53201.496,0.192,-0.379,-0.861,31.8
$IMU,53201.554,-8.117,7.385,-3.417,-0.03515,0.40234,1.17675,32.69
$HUM,53201.573,23.0,32.7
$BARO,53201.588,70225.93,32.14
$MAG,53201.597,0.187,-0.375,-0.874,31.6
$IMU,53201.629,0.488,-4.089,3.295,-0.02050,0.36962,0.96826,32.70
$VBAT,53201.641,3.924
$BARO,53201.689,70343.34,32.12
$MAG,53201.698,0.184,-0.366,-0.883,31.6
$IMU,53201.704,-2.258,-14.038,-4.638,0.00927,0.46289,0.94335,32.72
$IMU,53201.779,-12.695,-7.812,-4.211,0.01757,0.32666,1.05761,32.69
$BARO,53201.791,70348.85,32.12
$MAG,53201.799,0.177,-0.366,-0.885,31.6
$IMU,53201.854,-8.056,-5.615,0.610,-0.07080,0.35205,1.15966,32.68
$BARO,53201.892,70222.79,32.09
$MAG,53201.900,0.169,-0.370,-0.895,31.6
$IMU,53201.929,-0.976,-13.122,0.427,0.05175,0.44824,1.15869,32.67
$BARO,53201.994,70194.63,32.08
$MAG,53202.001,0.165,-0.358,-0.900,31.8
$IMU,53202.004,-7.385,-11.291,-3.234,0.04541,0.20751,1.14453,32.72
$IMU,53202.079,8.239,2.685,-2.868,-0.04248,0.49560,1.17578,32.71
$BARO,53202.095,70212.28,32.08
$MAG,53202.102,0.174,-0.357,-0.898,31.6
$IMU,53202.154,-11.840,3.051,9.643,0.01562,0.47363,1.23046,32.74
$TIME,53202.168,457873.000,2364
$BARO,53202.197,70194.29,32.05
$MAG,53202.202,0.177,-0.351,-0.897,31.5
$IMU,53202.229,-32.043,-5.493,4.638,0.00439,0.29003,1.23876,32.71
$BARO,53202.298,70313.34,32.03
$MAG,53202.303,0.165,-0.334,-0.903,31.8
$IMU,53202.304,-22.460,-11.474,-3.601,-0.04345,0.17529,1.25683,32.72
$IMU,53202.380,-6.652,-9.338,3.601,-0.08984,0.23925,1.19238,32.73
$BARO,53202.399,70294.94,32.02
$MAG,53202.404,0.154,-0.342,-0.913,31.6
$IMU,53202.455,-4.394,-20.141,2.197,0.00830,0.20214,1.14355,32.74
$BARO,53202.501,70339.35,32.01
$MAG,53202.505,0.148,-0.346,-0.927,31.6
$IMU,53202.530,-0.244,-11.352,6.652,-0.07226,0.18115,1.08935,32.71
$HUM,53202.590,22.5,32.6
$BARO,53202.602,70372.20,32.00
$IMU,53202.605,3.173,-17.150,2.746,-0.09472,0.24267,1.07519,32.71
$MAG,53202.606,0.136,-0.348,-0.946,31.8
$VBAT,53202.642,3.929
$IMU,53202.680,-1.831,-17.517,2.990,-0.02197,0.25927,1.12255,32.73
$BARO,53202.704,70298.45,31.99
$MAG,53202.707,0.129,-0.352,-0.948,31.5
$IMU,53202.755,-5.310,-9.704,5.554,-0.10058,0.17626,1.19531,32.68
$BARO,53202.805,70439.72,31.99
$MAG,53202.808,0.124,-0.354,-0.961,31.5
$IMU,53202.830,-0.915,-10.864,-0.122,-0.05126,0.22314,1.23437,32.74
$IMU,53202.905,1.892,-4.455,-2.502,-0.07519,0.18798,1.09912,32.75
$BARO,53202.906,70477.50,31.96
$MAG,53202.908,0.121,-0.357,-0.955,31.7
$IMU,53202.980,5.554,-1.525,-0.061,-0.01464,0.11474,0.97509,32.73
$BARO,53203.008,70537.54,31.94
$MAG,53203.009,0.130,-0.355,-0.961,31.8
$IMU,53203.055,13.183,1.525,-3.417,-0.09228,0.16601,0.90478,32.65
$BARO,53203.109,70570.59,31.93
$MAG,53203.110,0.117,-0.357,-0.960,31.5
$IMU,53203.130,11.901,1.281,-5.798,-0.11376,0.25292,1.08105,32.71
$TIME,53203.168,457873.000,2364
$IMU,53203.205,11.535,8.666,-3.356,-0.04687,0.19531,1.04541,32.76
$BARO,53203.211,70592.51,31.92
$MAG,53203.211,0.132,-0.366,-0.955,31.8
$IMU,53203.280,17.761,14.587,4.699,-0.01708,0.20410,0.99462,32.74
$BARO,53203.312,70645.62,31.92
$MAG,53203.312,0.135,-0.381,-0.943,31.6
$IMU,53203.356,24.108,13.061,-2.868,-0.10986,0.34667,1.07226,32.72
$BARO,53203.413,70552.36,31.93
$MAG,53203.413,0.136,-0.394,-0.933,31.8
$IMU,53203.431,21.118,7.934,-7.202,-0.09130,0.35205,1.14257,32.70
$IMU,53203.506,19.531,10.803,0.305,-0.10205,0.30761,1.07910,32.73
$MAG,53203.514,0.154,-0.411,-0.919,31.5
$BARO,53203.515,70605.08,31.92
$IMU,53203.581,26.062,12.145,1.220,-0.09814,0.39843,1.00048,32.70
$HUM,53203.606,22.9,32.6
$MAG,53203.614,0.162,-0.418,-0.901,31.5
$BARO,53203.616,70554.82,31.92
$IMU,53203.656,21.484,11.169,-2.685,-0.15673,0.50341,1.01123,32.72
$VBAT,53203.658,3.929
$MAG,53203.715,0.156,-0.421,-0.903,31.7
$BARO,53203.718,70607.30,31.92
$IMU,53203.731,8.239,5.432,1.403,-0.16650,0.46728,1.02636,32.75
$IMU,53203.806,4.760,-7.446,3.845,-0.04833,0.42626,0.99414,32.76
$MAG,53203.816,0.156,-0.426,-0.912,31.6
$BARO,53203.819,70652.71,31.91
$IMU,53203.881,3.784,-8.789,-2.685,-0.18066,0.46044,0.98730,32.76
$MAG,53203.917,0.145,-0.424,-0.924,31.7
$BARO,53203.920,70647.84,31.92
$IMU,53203.956,0.610,-7.995,0.976,-0.21240,0.41796,1.04785,32.72
$MAG,53204.018,0.142,-0.441,-0.927,31.7
$BARO,53204.022,70756.70,31.92
$IMU,53204.031,3.723,-12.878,9.338,-0.06347,0.41943,0.97167,32.66
$IMU,53204.106,5.432,-8.056,8.789,-0.09130,0.39306,0.90234,32.75
$MAG,53204.119,0.136,-0.444,-0.937,31.8
$BARO,53204.123,70804.74,31.91
$TIME,53204.168,457875.000,2364
$IMU,53204.181,6.286,-8.666,4.882,-0.10546,0.48291,0.91650,32.71
$MAG,53204.220,0.124,-0.441,-0.940,31.8
$BARO,53204.225,70614.00,31.92
$IMU,53204.256,-4.272,-10.559,-0.122,-0.13378,0.42382,1.02832,32.74
$MAG,53204.320,0.136,-0.445,-0.952,31.8
$BARO,53204.326,70721.43,31.92
$IMU,53204.332,-0.183,-10.498,-0.244,-0.08105,0.38427,0.98828,32.72
$IMU,53204.407,3.601,-4.150,-2.624,-0.11328,0.44287,0.97998,32.74
$MAG,53204.421,0.127,-0.445,-0.951,31.6
$BARO,53204.428,70661.02,31.91
$IMU,53204.482,-4.577,2.380,0.671,-0.11914,0.49511,1.15283,32.75
$MAG,53204.522,0.130,-0.442,-0.951,31.7
$BARO,53204.529,70687.98,31.91
$IMU,53204.557,-6.042,3.112,-1.037,-0.14941,0.40332,1.17041,32.73
$HUM,53204.623,22.7,32.5
$MAG,53204.623,0.132,-0.450,-0.945,31.8
$BARO,53204.630,70813.47,31.91
$IMU,53204.632,3.540,-0.793,-0.122,-0.09863,0.40722,1.00830,32.71
$VBAT,53204.658,3.947
$IMU,53204.707,1.525,-0.549,4.394,-0.04296,0.42138,0.97998,32.71
$MAG,53204.724,0.129,-0.447,-0.948,31.8
$BARO,53204.732,70727.52,31.90
$IMU,53204.782,-4.882,1.892,-3.112,-0.18115,0.40820,1.07275,32.75
$MAG,53204.825,0.136,-0.441,-0.951,31.7
$BARO,53204.833,70750.63,31.90
$IMU,53204.857,-5.126,0.793,1.892,-0.08398,0.31152,1.10058,32.71
$MAG,53204.926,0.141,-0.451,-0.943,31.8
$IMU,53204.932,9.216,4.394,2.624,-0.05810,0.37841,0.91650,32.67
$BARO,53204.935,70795.87,31.88
$IMU,53205.007,2.502,5.371,0.732,-0.14208,0.40625,0.93359,32.69
$MAG,53205.026,0.127,-0.441,-0.934,31.8
$BARO,53205.036,70767.49,31.87
$IMU,53205.082,-7.629,-2.502,-3.356,-0.12207,0.31152,1.05371,32.74
$MAG,53205.127,0.127,-0.448,-0.945,31.8
$BARO,53205.138,70641.23,31.87
$IMU,53205.157,0.244,-3.540,1.342,-0.11132,0.33251,1.03564,32.72
$TIME,53205.168,457876.000,2364
$MAG,53205.228,0.135,-0.447,-0.945,31.5
$IMU,53205.232,7.141,-3.479,1.403,-0.10107,0.40429,1.00292,32.72
$BARO,53205.239,70831.16,31.86
$IMU,53205.308,1.281,-2.563,-7.141,-0.21044,0.44580,1.07373,32.67
$MAG,53205.329,0.127,-0.450,-0.948,31.7
$BARO,53205.340,70887.49,31.86
$IMU,53205.383,-4.089,-7.019,5.615,-0.06884,0.35302,1.12011,32.68
$MAG,53205.430,0.132,-0.454,-0.951,31.6
$BARO,53205.442,70846.98,31.84
$IMU,53205.458,4.821,-2.502,2.380,-0.08203,0.42626,1.00097,32.72
$MAG,53205.531,0.126,-0.447,-0.951,31.8
$IMU,53205.533,-3.356,1.281,-3.601,-0.16699,0.40478,1.00927,32.69
$BARO,53205.543,70894.20,31.84
$IMU,53205.608,-7.934,-4.333,1.342,-0.14160,0.34375,1.06689,32.73
$MAG,53205.632,0.123,-0.445,-0.952,31.8
$HUM,53205.639,22.5,32.5
$BARO,53205.645,70807.27,31.83
$VBAT,53205.673,3.926
$IMU,53205.683,-4.394,-7.141,0.610,-0.11523,0.34521,1.03417,32.71
$MAG,53205.733,0.117,-0.451,-0.963,31.8
$BARO,53205.746,70840.52,31.83
$IMU,53205.758,-0.610,-8.178,0.366,-0.10742,0.37548,0.95800,32.69
$MAG,53205.833,0.115,-0.451,-0.970,31.7
$IMU,53205.833,-2.563,-3.295,0.671,-0.11669,0.28369,0.88085,32.72
$BARO,53205.847,71033.64,31.83
$IMU,53205.908,-3.845,0.549,1.403,-0.08691,0.28759,0.87548,32.72
$MAG,53205.934,0.117,-0.433,-0.957,31.7
$BARO,53205.949,71295.48,31.84
$IMU,53205.983,-4.882,2.990,-1.525,-0.06787,0.25537,0.97558,32.72
$MAG,53206.035,0.123,-0.439,-0.960,31.6
$BARO,53206.050,71386.86,31.89
$IMU,53206.058,2.319,7.751,0.000,-0.07666,0.26708,0.97265,32.70
$IMU,53206.133,8.972,9.521,-1.892,-0.06591,0.27294,0.90625,32.71
$MAG,53206.136,0.127,-0.444,-0.948,31.6
$BARO,53206.152,71219.26,31.89
$TIME,53206.168,457877.000,2364
$IMU,53206.209,7.812,12.329,-2.014,-0.06054,0.36865,0.93603,32.71
$MAG,53206.237,0.144,-0.447,-0.930,31.5
$BARO,53206.253,70975.19,31.91
$IMU,53206.284,-2.441,18.249,-0.671,-0.05029,0.41503,1.09423,32.64
$MAG,53206.338,0.154,-0.432,-0.915,31.8
$BARO,53206.354,70824.43,31.89
$IMU,53206.359,-8.666,20.324,-2.990,-0.16162,0.24804,1.15234,32.70
$IMU,53206.434,4.516,3.601,1.586,-0.04199,0.39062,1.11816,32.69
$MAG,53206.438,0.150,-0.450,-0.919,31.8
$BARO,53206.456,70962.08,31.86
$IMU,53206.509,0.732,3.845,1.403,-0.17431,0.41552,1.10156,32.72
$MAG,53206.539,0.148,-0.444,-0.915,31.7
$BARO,53206.557,70976.07,31.84
$IMU,53206.584,-10.498,-9.033,11.657,-0.04443,0.25830,1.14062,32.67
$MAG,53206.640,0.135,-0.448,-0.933,31.5
$HUM,53206.655,22.4,32.4
$IMU,53206.659,3.967,-13.305,6.835,-0.08740,0.29589,1.00341,32.69
$BARO,53206.659,71081.88,31.82
$VBAT,53206.676,3.927
$IMU,53206.734,3.295,-12.268,6.225,-0.14648,0.38085,0.97265,32.67
$MAG,53206.741,0.133,-0.457,-0.937,31.8
$BARO,53206.760,71254.36,31.80
$IMU,53206.809,-8.300,-13.305,5.065,-0.14746,0.29150,1.07421,32.67
$MAG,53206.842,0.118,-0.448,-0.949,31.7
$BARO,53206.861,71132.97,31.81
$IMU,53206.884,-0.732,-11.596,6.286,-0.06103,0.30224,1.07275,32.64
$MAG,53206.943,0.120,-0.463,-0.946,31.5
$IMU,53206.959,3.356,-5.615,0.793,-0.07519,0.38964,1.05126,32.70
$BARO,53206.963,71052.10,31.82
$IMU,53207.034,-6.774,0.610,-0.244,-0.10644,0.26171,1.06591,32.70
$MAG,53207.044,0.120,-0.460,-0.949,31.8
$BARO,53207.064,71276.25,31.82
$IMU,53207.109,-0.915,0.610,2.746,-0.03173,0.38085,1.07080,32.65
$MAG,53207.144,0.124,-0.459,-0.955,31.7
$BARO,53207.166,71128.51,31.81
$TIME,53207.168,457878.000,2364
$IMU,53207.185,-8.117,7.812,-5.493,-0.10205,0.24658,1.12402,32.70
$MAG,53207.245,0.136,-0.454,-0.931,31.8
$IMU,53207.260,-0.732,12.817,0.732,-0.10791,0.23828,1.07226,32.69
$BARO,53207.267,71195.59,31.80
$IMU,53207.335,7.080,9.948,3.784,-0.08251,0.30322,1.03173,32.73
$MAG,53207.346,0.132,-0.460,-0.930,31.6
$BARO,53207.368,71167.63,31.79
$IMU,53207.410,2.929,10.009,1.647,-0.05517,0.31347,1.06103,32.71
$MAG,53207.447,0.138,-0.469,-0.925,31.6
$BARO,53207.470,71046.86,31.78
$IMU,53207.485,0.915,9.399,4.577,-0.11279,0.27587,1.09179,32.73
$MAG,53207.548,0.136,-0.474,-0.921,31.6
$IMU,53207.560,4.333,-2.014,4.882,-0.10253,0.31054,1.11328,32.67
$BARO,53207.571,71019.34,31.75
$IMU,53207.635,7.812,-3.906,2.624,-0.12841,0.36474,1.12500,32.70
$MAG,53207.649,0.142,-0.478,-0.924,31.7
$BARO,53207.672,71004.15,31.75
$HUM,53207.672,22.2,32.4
$VBAT,53207.682,3.911
$IMU,53207.710,2.075,-5.737,3.906,-0.14746,0.35595,1.15966,32.65
$MAG,53207.750,0.130,-0.483,-0.924,31.8
$BARO,53207.774,71092.90,31.73
$IMU,53207.785,-1.342,-10.437,6.042,-0.10351,0.29052,1.14990,32.70
$MAG,53207.851,0.132,-0.487,-0.930,31.5
$IMU,53207.860,3.479,-11.230,5.371,-0.05908,0.35839,1.10400,32.71
$BARO,53207.875,71161.39,31.71
$IMU,53207.935,-1.770,-7.934,-0.854,-0.15136,0.37158,1.11181,32.73
$MAG,53207.951,0.127,-0.477,-0.952,31.7
$BARO,53207.977,71093.73,31.70
$IMU,53208.010,-9.826,-10.681,1.770,-0.09130,0.24511,1.18017,32.69
$MAG,53208.052,0.123,-0.474,-0.943,31.7
$BARO,53208.078,71101.04,31.69
$IMU,53208.085,2.441,-2.014,2.746,-0.11572,0.27050,1.09667,32.70
$MAG,53208.153,0.118,-0.490,-0.952,31.5
$IMU,53208.161,5.554,-1.464,3.173,-0.08789,0.37255,1.07470,32.67
$TIME,53208.168,457880.000,2364
$BARO,53208.179,71160.61,31.68
$IMU,53208.236,-4.455,1.037,-4.638,-0.16650,0.31591,1.12646,32.66
$MAG,53208.254,0.109,-0.483,-0.940,31.6
$BARO,53208.281,71327.95,31.68
$IMU,53208.311,-3.662,-4.699,0.976,-0.05810,0.26025,1.16162,32.64
$MAG,53208.355,0.114,-0.487,-0.949,31.5
$BARO,53208.382,71240.03,31.68
$IMU,53208.386,0.244,1.098,-1.037,-0.11572,0.30810,1.12304,32.71
$MAG,53208.456,0.111,-0.481,-0.949,31.5
$IMU,53208.461,-1.647,4.882,1.342,-0.19042,0.28906,1.14892,32.69
$BARO,53208.483,71426.03,31.66
$IMU,53208.536,-0.366,-1.403,3.662,-0.06201,0.27441,1.11523,32.67
$MAG,53208.557,0.124,-0.486,-0.945,31.6
$BARO,53208.585,71265.57,31.66
$IMU,53208.611,1.464,0.488,-1.586,-0.12841,0.32177,1.11376,32.67
$MAG,53208.657,0.117,-0.483,-0.949,31.3
$BARO,53208.686,71139.75,31.66
$IMU,53208.686,-3.479,-0.488,-1.159,-0.15673,0.23583,1.14746,32.66
$HUM,53208.688,22.3,32.3
$VBAT,53208.690,3.924
$MAG,53208.758,0.120,-0.478,-0.934,31.5
$IMU,53208.761,0.427,1.586,0.427,-0.09619,0.24267,1.07324,32.70
$BARO,53208.788,71207.41,31.66
$IMU,53208.836,0.732,0.915,1.831,-0.05908,0.29101,1.05468,32.71
$MAG,53208.859,0.115,-0.478,-0.936,31.7
$BARO,53208.889,71316.22,31.65
$IMU,53208.911,-5.493,0.183,-5.310,-0.15478,0.22509,1.12939,32.66
$MAG,53208.960,0.123,-0.469,-0.945,31.5
$IMU,53208.986,-5.126,-1.892,-0.366,-0.12109,0.20263,1.18505,32.69
$BARO,53208.990,71343.57,31.66
$MAG,53209.061,0.120,-0.489,-0.940,31.3
$IMU,53209.061,6.652,3.295,5.737,-0.15087,0.15136,0.95751,32.69
$BARO,53209.092,71252.00,31.65
$IMU,53209.137,11.657,-3.234,5.310,-0.07714,0.34667,0.95214,32.73
$MAG,53209.162,0.121,-0.496,-0.943,31.7
$TIME,53209.168,457881.000,2364
$BARO,53209.193,71250.78,31.64
$IMU,53209.212,-1.098,0.427,-1.281,-0.16210,0.10888,1.14892,32.67
$MAG,53209.262,0.117,-0.504,-0.939,31.6
$IMU,53209.287,21.118,0.976,-3.662,-0.17578,0.34472,1.10742,32.64
$BARO,53209.295,71313.59,31.63
$IMU,53209.362,17.822,0.671,0.488,-0.18212,0.22998,1.00683,32.66
$MAG,53209.363,0.121,-0.514,-0.931,31.7
$BARO,53209.396,71657.99,31.63
$IMU,53209.437,21.057,-0.061,6.408,-0.12451,0.38476,0.99316,32.70
$MAG,53209.464,0.117,-0.517,-0.921,31.5
$BARO,53209.497,71442.63,31.64
$IMU,53209.512,9.521,0.488,1.464,-0.10107,0.41064,1.05664,32.66
$MAG,53209.565,0.120,-0.517,-0.924,31.5
$IMU,53209.587,5.554,4.699,-0.854,-0.20166,0.30517,0.98828,32.65
$BARO,53209.599,71390.98,31.65
$IMU,53209.662,7.629,-1.159,0.549,-0.13769,0.39550,0.97656,32.66
$MAG,53209.666,0.120,-0.534,-0.931,31.6
$VBAT,53209.694,3.916
$BARO,53209.700,71740.25,31.65
$HUM,53209.704,22.3,32.3
$IMU,53209.737,0.854,5.310,-2.624,-0.18994,0.34912,0.97412,32.65
$MAG,53209.767,0.126,-0.541,-0.915,31.8
$BARO,53209.802,71471.61,31.68
$IMU,53209.812,-0.061,4.028,2.502,-0.15722,0.31494,0.94287,32.64
$MAG,53209.867,0.123,-0.529,-0.912,31.7
$IMU,53209.887,-0.427,0.854,0.671,-0.12451,0.35400,0.93945,32.62
$BARO,53209.903,71429.06,31.66
$IMU,53209.962,-2.441,1.708,-1.098,-0.16357,0.28564,0.94873,32.66
$MAG,53209.968,0.118,-0.531,-0.921,31.6
$BARO,53210.004,71473.64,31.67
$IMU,53210.038,-0.183,-2.502,0.427,-0.13818,0.35449,0.93847,32.64
$MAG,53210.069,0.126,-0.534,-0.922,31.6
$BARO,53210.106,71457.43,31.66
$IMU,53210.113,-3.845,-2.258,4.394,-0.11816,0.30322,0.94042,32.61
$MAG,53210.170,0.117,-0.535,-0.924,31.6
$IMU,53210.188,-1.831,-1.098,0.671,-0.13916,0.30371,0.94384,32.65
$BARO,53210.207,71508.88,31.64
$IMU,53210.263,-0.793,-1.342,2.014,-0.17285,0.32617,0.90429,32.60
$MAG,53210.271,0.111,-0.528,-0.909,31.8
$BARO,53210.308,71375.58,31.64
$IMU,53210.338,-6.652,-1.586,6.530,-0.19970,0.28564,0.95800,32.62
$MAG,53210.372,0.111,-0.546,-0.925,31.8
$BARO,53210.410,71561.14,31.64
$IMU,53210.413,-2.807,-7.629,9.521,-0.05078,0.26513,0.88623,32.64
$MAG,53210.473,0.112,-0.531,-0.928,31.5
$IMU,53210.488,0.305,-5.981,-1.098,-0.16357,0.26025,0.83203,32.64
$BARO,53210.511,71479.10,31.65
$IMU,53210.563,-5.554,-9.521,0.854,-0.16113,0.27050,0.86572,32.64
$MAG,53210.573,0.102,-0.537,-0.942,31.7
$BARO,53210.613,71523.46,31.64
$IMU,53210.638,-4.272,-7.934,3.540,-0.18212,0.25585,0.95751,32.62
$MAG,53210.674,0.096,-0.535,-0.939,31.6
$VBAT,53210.694,3.927
$IMU,53210.713,3.417,-8.605,6.652,-0.14257,0.27294,0.97802,32.67
$BARO,53210.714,71472.42,31.63
$HUM,53210.721,22.1,32.2
$MAG,53210.775,0.093,-0.549,-0.943,31.6
$IMU,53210.788,7.080,-4.699,4.516,-0.20263,0.31152,0.92382,32.63
$BARO,53210.815,71638.73,31.63
$IMU,53210.863,4.150,-11.169,4.211,-0.15283,0.41064,1.00830,32.62
$MAG,53210.876,0.085,-0.546,-0.945,31.6
$BARO,53210.917,71600.85,31.64
$IMU,53210.938,-5.432,-5.187,2.441,-0.12451,0.29150,1.10302,32.60
$MAG,53210.977,0.087,-0.552,-0.948,31.7
$IMU,53211.014,3.662,2.929,0.488,-0.15185,0.28564,1.05175,32.61
$BARO,53211.018,71792.10,31.63
$MAG,53211.078,0.091,-0.552,-0.948,31.5
$IMU,53211.089,9.155,5.432,-5.615,-0.18847,0.36328,0.97998,32.64
$BARO,53211.120,71683.51,31.62
$IMU,53211.164,-0.976,10.437,-3.662,-0.16943,0.33203,1.00341,32.62
$TIME,53211.168,457882.000,2364
$MAG,53211.178,0.096,-0.556,-0.934,31.7
$BARO,53211.221,71645.02,31.61
$IMU,53211.239,-3.662,11.901,0.183,-0.08203,0.28808,1.01806,32.65
$MAG,53211.279,0.109,-0.543,-0.927,31.8
$IMU,53211.314,0.366,14.160,-3.906,-0.19042,0.31005,0.96972,32.61
$BARO,53211.323,71570.67,31.60
$MAG,53211.380,0.108,-0.538,-0.921,31.7
$IMU,53211.389,-1.708,5.249,-5.554,-0.18847,0.30957,0.97802,32.66
$BARO,53211.424,71565.80,31.60
$IMU,53211.464,-1.953,3.479,2.197,-0.12158,0.27050,0.99462,32.57
$MAG,53211.481,0.115,-0.543,-0.919,31.8
$BARO,53211.525,71595.39,31.61
$IMU,53211.539,1.892,4.211,-0.427,-0.13427,0.30322,0.99169,32.60
$MAG,53211.582,0.121,-0.537,-0.925,31.8
$IMU,53211.614,1.403,3.112,-2.563,-0.21240,0.30322,1.01855,32.60
$BARO,53211.627,71682.70,31.59
$MAG,53211.683,0.117,-0.534,-0.910,31.5
$IMU,53211.689,4.089,-3.234,4.882,-0.12158,0.38476,0.98535,32.62
$VBAT,53211.704,3.918
$BARO,53211.728,71755.41,31.57
$HUM,53211.737,22.1,32.2
$IMU,53211.764,-1.037,-3.356,0.183,-0.13623,0.29248,1.01074,32.61
$MAG,53211.784,0.115,-0.552,-0.918,31.5
$BARO,53211.830,71599.22,31.57
$IMU,53211.839,3.112,-4.394,-1.281,-0.15332,0.33935,0.95458,32.60
$MAG,53211.884,0.106,-0.550,-0.930,31.6
$IMU,53211.914,0.427,-4.516,2.868,-0.14111,0.30957,0.94189,32.58
$BARO,53211.931,71612.19,31.57
$MAG,53211.985,0.099,-0.559,-0.927,31.5
$IMU,53211.990,1.708,-6.286,1.892,-0.13085,0.32812,0.93945,32.59
$BARO,53212.032,71783.57,31.57
$IMU,53212.065,0.427,-6.347,2.685,-0.13378,0.33886,0.90771,32.52
$MAG,53212.086,0.105,-0.556,-0.925,31.7
$BARO,53212.134,71892.35,31.59
$IMU,53212.140,-2.502,-4.638,1.220,-0.10400,0.30810,0.93652,32.58
$TIME,53212.168,457883.000,2364
$MAG,53212.187,0.099,-0.561,-0.928,31.3
$IMU,53212.215,-0.854,-1.831,2.807,-0.11376,0.30712,0.89648,32.59
$BARO,53212.235,71897.42,31.59
$MAG,53212.288,0.102,-0.547,-0.924,31.6
$IMU,53212.290,-1.342,-1.953,-0.305,-0.10888,0.30615,0.92626,32.60
$BARO,53212.337,71694.65,31.60
$IMU,53212.365,0.305,-3.417,-4.760,-0.13427,0.28417,0.91650,32.58
$MAG,53212.389,0.109,-0.559,-0.925,31.5
$BARO,53212.438,71901.88,31.61
$IMU,53212.440,1.892,1.892,5.981,-0.12597,0.33984,0.89941,32.55
$MAG,53212.490,0.103,-0.559,-0.934,31.7
$IMU,53212.515,-0.915,0.549,1.281,-0.03662,0.26318,0.91113,32.60
$BARO,53212.539,71809.92,31.61
$MAG,53212.590,0.111,-0.561,-0.934,31.6
$IMU,53212.590,2.624,3.295,-4.943,-0.16162,0.30175,0.85205,32.60
$BARO,53212.641,71878.99,31.60
$IMU,53212.665,-0.427,1.037,1.770,-0.10351,0.29296,0.86865,32.53
$MAG,53212.691,0.100,-0.552,-0.924,31.5
$VBAT,53212.711,3.922
$IMU,53212.740,-3.173,4.699,1.159,-0.11914,0.33300,0.98925,32.59
$BARO,53212.742,71770.21,31.60
$HUM,53212.754,22.0,32.1
$MAG,53212.792,0.102,-0.558,-0.918,31.5
$IMU,53212.815,1.281,2.563,0.793,-0.12695,0.29150,0.95849,32.58
$BARO,53212.844,71861.15,31.58
$IMU,53212.890,4.943,-2.868,-2.502,-0.19921,0.34423,0.87939,32.64
$MAG,53212.893,0.105,-0.553,-0.913,31.5
$BARO,53212.945,72061.08,31.57
$IMU,53212.966,0.244,-5.371,5.859,-0.11279,0.37304,0.91503,32.57
$MAG,53212.994,0.097,-0.568,-0.934,31.6
$IMU,53213.041,-5.187,-0.671,6.042,-0.08349,0.35302,0.99658,32.56
$BARO,53213.047,71734.74,31.59
$MAG,53213.095,0.099,-0.553,-0.931,31.6
$IMU,53213.116,-3.784,3.967,-0.061,-0.15625,0.30273,0.99267,32.58
$BARO,53213.148,71932.45,31.58
$TIME,53213.168,457883.000,2364
$IMU,53213.191,1.342,-0.915,-2.136,-0.18847,0.35009,0.93212,32.55
$MAG,53213.196,0.102,-0.562,-0.930,31.5
$BARO,53213.249,72064.51,31.57
$IMU,53213.266,-3.662,-5.798,3.234,-0.10400,0.32275,0.94824,32.57
$MAG,53213.296,0.096,-0.553,-0.933,31.5
$IMU,53213.341,-2.502,-0.183,2.258,-0.07128,0.28466,0.91015,32.57
$BARO,53213.351,72155.48,31.59
$MAG,53213.397,0.097,-0.568,-0.931,31.7
$IMU,53213.416,0.061,2.746,1.159,-0.10742,0.30224,0.89501,32.55
$BARO,53213.452,72155.89,31.59
$IMU,53213.491,-3.662,7.019,-3.967,-0.20117,0.33056,0.96435,32.55
$MAG,53213.498,0.102,-0.553,-0.924,31.6
$BARO,53213.554,72029.51,31.60
$IMU,53213.566,-0.671,4.211,4.699,-0.07910,0.30517,0.94873,32.55
$MAG,53213.599,0.105,-0.553,-0.913,31.6
$IMU,53213.641,-1.342,3.173,1.464,-0.10156,0.29589,0.91699,32.54
$BARO,53213.655,71942.39,31.60
$MAG,53213.700,0.100,-0.550,-0.925,31.6
$IMU,53213.716,-0.366,-0.122,-0.549,-0.18115,0.27880,0.91357,32.51
$VBAT,53213.720,3.937
$BARO,53213.756,71975.98,31.57
$HUM,53213.770,22.1,32.1
$IMU,53213.791,2.258,-7.751,1.586,-0.12451,0.25488,0.85449,32.54
$MAG,53213.801,0.100,-0.562,-0.930,31.6
$BARO,53213.858,71934.03,31.54
$IMU,53213.866,-1.708,-6.713,2.563,-0.15966,0.28759,0.91113,32.53
$MAG,53213.901,0.093,-0.565,-0.936,31.5
$IMU,53213.942,-1.220,-7.507,8.361,-0.14941,0.27734,0.94384,32.57
$BARO,53213.959,71863.76,31.54
$MAG,53214.002,0.075,-0.571,-0.936,31.7
$IMU,53214.017,3.784,-12.451,11.840,-0.12646,0.33154,0.94433,32.54
$BARO,53214.061,72024.78,31.53
$IMU,53214.092,2.441,-16.723,5.249,-0.15527,0.28466,0.91259,32.48
$MAG,53214.103,0.067,-0.580,-0.955,31.7
$BARO,53214.162,71922.70,31.54
$IMU,53214.167,2.807,-14.404,4.638,-0.13183,0.37744,0.92724,32.58
$TIME,53214.168,457885.000,2364
$MAG,53214.204,0.064,-0.582,-0.954,31.5
$IMU,53214.242,-3.601,-9.704,1.220,-0.06347,0.29785,1.01855,32.52
$BARO,53214.263,71982.83,31.53
$MAG,53214.305,0.058,-0.591,-0.948,31.5
$IMU,53214.317,1.892,1.770,1.159,-0.15966,0.35742,0.99414,32.57
$BARO,53214.365,71991.36,31.53
$IMU,53214.392,1.403,2.563,2.990,-0.07910,0.34619,0.95458,32.55
$MAG,53214.405,0.061,-0.585,-0.949,31.6
$BARO,53214.466,71943.15,31.54
$IMU,53214.467,-1.281,9.460,-2.197,-0.08691,0.31884,0.96093,32.55
$MAG,53214.506,0.084,-0.571,-0.936,31.5
$IMU,53214.542,-0.610,13.061,-4.577,-0.10449,0.35253,0.97167,32.50
$BARO,53214.568,72192.29,31.54
$MAG,53214.607,0.085,-0.574,-0.925,31.5
$IMU,53214.617,-3.051,15.197,-6.530,-0.12304,0.34423,1.00146,32.56
$BARO,53214.669,72040.58,31.53
$IMU,53214.692,-2.868,15.075,-6.652,-0.18945,0.26171,0.98632,32.53
$MAG,53214.708,0.090,-0.570,-0.925,31.3
$VBAT,53214.726,3.924
$IMU,53214.767,3.051,5.920,-0.671,-0.02978,0.39111,0.95605,32.54
$BARO,53214.771,72147.29,31.52
$HUM,53214.786,22.0,32.1
$MAG,53214.809,0.105,-0.567,-0.921,31.5
$IMU,53214.842,-3.234,9.582,-7.507,-0.14746,0.29736,0.95507,32.52
$BARO,53214.872,72141.63,31.53
$MAG,53214.910,0.109,-0.567,-0.910,31.6
$IMU,53214.918,-1.159,6.835,-2.075,-0.04980,0.27148,0.97265,32.50
$BARO,53214.973,72400.67,31.51
$IMU,53214.993,4.943,7.934,-4.455,-0.12109,0.32519,0.93554,32.57
$MAG,53215.010,0.112,-0.564,-0.910,31.7
$IMU,53215.068,4.821,1.037,-5.920,-0.09277,0.31982,0.90820,32.51
$BARO,53215.075,72074.97,31.50
$MAG,53215.111,0.118,-0.561,-0.909,31.5
$IMU,53215.143,1.281,-0.061,-3.662,-0.11523,0.36230,0.95947,32.53
$TIME,53215.168,457885.000,2364
$BARO,53215.176,72251.96,31.49
$MAG,53215.212,0.114,-0.562,-0.916,31.5
$IMU,53215.218,0.610,-3.051,-2.502,-0.08642,0.28125,0.98681,32.49
$BARO,53215.278,72196.06,31.49
$IMU,53215.293,9.094,-1.647,-0.122,-0.05908,0.38378,0.92626,32.49
$MAG,53215.313,0.112,-0.562,-0.904,31.3
$IMU,53215.368,4.089,1.159,-1.525,-0.08203,0.33496,0.94042,32.52
$BARO,53215.379,72249.13,31.49
$MAG,53215.414,0.115,-0.565,-0.895,31.5
$IMU,53215.443,5.798,1.281,-1.770,-0.11425,0.32275,0.96142,32.50
$BARO,53215.480,72381.39,31.50
$MAG,53215.515,0.108,-0.577,-0.894,31.3
$IMU,53215.518,10.681,0.183,0.305,-0.08447,0.41845,0.91113,32.48
$BARO,53215.582,72272.07,31.52
$IMU,53215.593,5.920,1.220,3.051,-0.05908,0.34326,0.95947,32.50
$MAG,53215.615,0.109,-0.585,-0.889,31.5
$IMU,53215.668,12.023,1.831,0.183,-0.05419,0.46826,0.93115,32.48
$BARO,53215.683,72459.44,31.53
$MAG,53215.716,0.115,-0.591,-0.894,31.6
$VBAT,53215.736,3.921
$IMU,53215.743,5.310,2.014,-5.920,-0.08642,0.43457,0.91552,32.50
$BARO,53215.785,72332.88,31.55
$HUM,53215.803,22.1,32.0
$MAG,53215.817,0.118,-0.580,-0.879,31.6
$IMU,53215.819,-0.183,5.493,-0.976,-0.07617,0.47412,0.94287,32.50
$BARO,53215.886,72511.72,31.55
$IMU,53215.894,-6.713,5.187,0.000,-0.02685,0.41113,0.97167,32.47
$MAG,53215.918,0.127,-0.573,-0.891,31.3
$IMU,53215.969,-5.126,7.507,-5.432,-0.07617,0.40869,0.96289,32.49
$BARO,53215.988,72333.93,31.58
$MAG,53216.019,0.126,-0.573,-0.880,31.6
$IMU,53216.044,-4.516,7.019,-2.258,-0.09277,0.42578,1.03320,32.48
$BARO,53216.089,72265.46,31.57
$IMU,53216.119,-2.136,1.525,-0.427,-0.08740,0.39941,1.01611,32.44
$MAG,53216.120,0.132,-0.570,-0.880,31.5
$TIME,53216.168,457886.000,2364
$BARO,53216.190,72268.07,31.55
$IMU,53216.194,-0.793,-2.380,2.136,-0.13867,0.41308,0.97656,32.48
$MAG,53216.221,0.118,-0.573,-0.889,31.3
$IMU,53216.269,-2.746,-7.263,5.920,-0.12207,0.47509,1.02050,32.48
$BARO,53216.292,72310.60,31.55
$MAG,53216.321,0.114,-0.570,-0.888,31.3
$IMU,53216.344,-6.530,-12.145,7.995,-0.08740,0.41406,1.05566,32.42
$BARO,53216.393,72319.13,31.57
$IMU,53216.419,-4.028,-16.845,6.713,-0.12011,0.39794,0.97949,32.46
$MAG,53216.422,0.100,-0.576,-0.912,31.6
$IMU,53216.494,-3.234,-17.761,2.136,-0.14013,0.38525,0.89208,32.45
$BARO,53216.495,72159.70,31.55
$MAG,53216.523,0.096,-0.579,-0.921,31.5
$IMU,53216.569,-9.155,-17.639,9.460,-0.06494,0.34228,0.95312,32.43
$BARO,53216.596,72439.20,31.54
$MAG,53216.624,0.085,-0.570,-0.937,31.5
$IMU,53216.644,-8.789,-12.329,7.568,-0.06201,0.31738,0.93066,32.43
$BARO,53216.697,72514.74,31.54
$IMU,53216.719,-4.638,-8.544,3.234,-0.08740,0.31591,0.84765,32.48
$MAG,53216.725,0.076,-0.582,-0.942,31.5
$VBAT,53216.736,3.927
$IMU,53216.795,-2.502,-9.765,-0.610,-0.05224,0.24462,0.78369,32.46
$BARO,53216.799,72393.18,31.53
$HUM,53216.819,21.9,31.9
$MAG,53216.826,0.061,-0.574,-0.942,31.3
$IMU,53216.870,-4.821,-4.272,2.014,-0.03417,0.27929,0.81201,32.43
$BARO,53216.900,72527.88,31.52
$MAG,53216.926,0.070,-0.574,-0.939,31.3
$IMU,53216.945,-5.981,5.187,-3.723,-0.11767,0.20800,0.82910,32.44
$BARO,53217.002,72539.80,31.51
$IMU,53217.020,2.502,3.967,1.098,0.00000,0.18750,0.75390,32.42
$MAG,53217.027,0.076,-0.573,-0.939,31.5
$IMU,53217.095,4.943,10.742,-0.366,-0.05175,0.34423,0.73144,32.41
$BARO,53217.103,72424.56,31.51
$MAG,53217.128,0.090,-0.574,-0.928,31.5
$TIME,53217.168,457887.000,2364
$IMU,53217.170,-7.385,8.117,-6.469,-0.06005,0.27050,0.90917,32.42
$BARO,53217.204,72315.77,31.49
$MAG,53217.229,0.093,-0.570,-0.927,31.3
$IMU,53217.245,-3.112,14.526,-3.662,-0.13916,0.24511,0.97607,32.40
$BARO,53217.306,72468.65,31.47
$IMU,53217.320,9.155,13.000,2.197,-0.04882,0.31933,0.88867,32.46
$MAG,53217.330,0.096,-0.570,-0.909,31.3
$IMU,53217.395,6.774,9.948,-3.112,-0.07910,0.34326,0.87255,32.43
$BARO,53217.407,72297.07,31.45
$MAG,53217.431,0.114,-0.564,-0.903,31.3
$IMU,53217.470,-2.075,6.774,-3.479,-0.12744,0.41845,0.94970,32.42
$BARO,53217.509,72518.18,31.43
$MAG,53217.531,0.109,-0.559,-0.918,31.3
$IMU,53217.545,-8.483,3.417,-1.831,-0.09912,0.26513,1.05126,32.44
$BARO,53217.610,72386.97,31.44
$IMU,53217.620,7.324,1.525,2.502,-0.10351,0.32373,0.93750,32.42
$MAG,53217.632,0.114,-0.577,-0.909,31.3
$IMU,53217.695,9.826,-3.845,-0.183,-0.07714,0.43164,0.92480,32.42
$BARO,53217.711,72694.70,31.41
$MAG,53217.733,0.111,-0.573,-0.906,31.3
$VBAT,53217.737,3.922
$IMU,53217.771,-2.563,-4.089,-4.699,-0.16748,0.37841,1.00390,32.46
$BARO,53217.813,72634.77,31.40
$MAG,53217.834,0.094,-0.574,-0.906,31.3
$HUM,53217.836,22.0,31.8
$IMU,53217.846,-1.159,-10.131,4.333,-0.12060,0.29345,0.97753,32.39
$BARO,53217.914,72443.81,31.40
$IMU,53217.921,3.906,-9.094,5.859,-0.06250,0.46093,0.98242,32.41
$MAG,53217.935,0.091,-0.570,-0.919,31.5
$IMU,53217.996,-2.441,-1.647,1.708,-0.06396,0.31835,1.07861,32.41
$BARO,53218.016,72444.40,31.39
$MAG,53218.036,0.097,-0.583,-0.913,31.3
$IMU,53218.071,8.850,-2.990,-2.441,-0.10644,0.38769,0.97802,32.39
$BARO,53218.117,72594.25,31.40
$MAG,53218.137,0.096,-0.582,-0.918,31.3
$IMU,53218.146,8.239,-4.455,-3.417,-0.09570,0.39111,0.98681,32.38
$TIME,53218.168,457890.000,2364
$BARO,53218.218,72453.95,31.40
$IMU,53218.221,7.263,2.746,0.427,-0.11767,0.45751,1.08056,32.41
$MAG,53218.237,0.100,-0.589,-0.909,31.5
$IMU,53218.296,4.333,7.263,-1.037,-0.05615,0.48730,1.08251,32.44
$BARO,53218.320,72532.51,31.41
$MAG,53218.338,0.103,-0.591,-0.892,31.3
$IMU,53218.371,0.244,13.000,-5.371,-0.12548,0.47656,1.11425,32.39
$BARO,53218.421,72473.79,31.41
$MAG,53218.439,0.115,-0.580,-0.895,31.3
$IMU,53218.446,2.319,7.446,-4.089,-0.07519,0.53125,1.12451,32.38
$IMU,53218.521,-4.211,12.817,-5.615,-0.11621,0.43847,1.17382,32.39
$BARO,53218.522,72433.31,31.42
$MAG,53218.540,0.124,-0.574,-0.877,31.3
$IMU,53218.596,1.037,13.183,-5.126,-0.12158,0.46923,1.15283,32.38
$BARO,53218.624,72520.37,31.41
$MAG,53218.641,0.120,-0.574,-0.867,31.3
$IMU,53218.671,1.159,10.620,-0.671,-0.16064,0.45117,1.08935,32.34
$BARO,53218.725,72561.06,31.40
$MAG,53218.742,0.123,-0.580,-0.874,31.3
$IMU,53218.747,0.671,-1.098,3.845,-0.15380,0.45019,0.99658,32.35
$VBAT,53218.747,3.918
$IMU,53218.822,-6.286,-7.202,5.798,-0.15771,0.44775,1.07177,32.38
$BARO,53218.827,72744.89,31.39
$MAG,53218.843,0.117,-0.580,-0.888,31.3
$HUM,53218.852,21.8,31.9
$IMU,53218.897,-6.774,-13.366,2.807,-0.05761,0.40429,1.10351,32.35
$BARO,53218.928,72731.58,31.42
$MAG,53218.943,0.108,-0.582,-0.892,31.3
$IMU,53218.972,-0.061,-8.056,6.408,-0.10595,0.37060,1.02685,32.38
$BARO,53219.029,72585.77,31.41
$MAG,53219.044,0.100,-0.583,-0.889,31.5
$IMU,53219.047,3.295,-10.375,5.310,-0.08886,0.42919,0.95214,32.35
$IMU,53219.122,-1.464,-9.094,4.333,-0.15039,0.38037,0.95849,32.34
$BARO,53219.131,72609.22,31.39
$MAG,53219.145,0.093,-0.592,-0.909,31.5
$IMU,53219.197,-3.845,-10.559,7.324,-0.11328,0.37695,1.02539,32.32
$BARO,53219.232,72707.82,31.37
$MAG,53219.246,0.084,-0.592,-0.910,31.3
$IMU,53219.272,1.464,-9.948,5.249,-0.05712,0.36279,0.96289,32.37
$BARO,53219.334,72696.46,31.37
$MAG,53219.347,0.082,-0.607,-0.910,31.3
$IMU,53219.347,0.732,-3.417,3.417,-0.11035,0.42626,0.96337,32.39
$IMU,53219.422,-4.760,-2.014,3.601,-0.12060,0.37451,0.99609,32.35
$BARO,53219.435,72588.77,31.39
$MAG,53219.448,0.082,-0.595,-0.921,31.3
$IMU,53219.497,-4.760,-1.770,1.464,-0.10009,0.36669,1.03857,32.38
$BARO,53219.536,72708.45,31.38
$MAG,53219.548,0.081,-0.595,-0.912,31.3
$IMU,53219.572,-0.732,-0.061,2.075,-0.07177,0.35644,1.02636,32.32
$BARO,53219.638,72680.27,31.38
$IMU,53219.647,1.953,1.831,-3.173,-0.10742,0.40673,0.94873,32.32
$MAG,53219.649,0.079,-0.595,-0.913,31.3
$IMU,53219.723,-4.516,5.554,-1.342,-0.09716,0.38037,0.99072,32.33
$BARO,53219.739,72664.67,31.38
$MAG,53219.750,0.090,-0.595,-0.910,31.3
$VBAT,53219.752,3.924
$IMU,53219.798,-6.774,7.263,-1.464,-0.11474,0.31982,1.03759,32.34
$BARO,53219.841,72758.20,31.36
$MAG,53219.851,0.087,-0.589,-0.909,31.3
$HUM,53219.868,21.7,31.8
$IMU,53219.873,0.549,2.197,2.136,-0.12939,0.31494,0.96337,32.33
$BARO,53219.942,72631.01,31.35
$IMU,53219.948,2.075,-2.197,3.479,-0.08203,0.36962,0.91992,32.32
$MAG,53219.952,0.081,-0.591,-0.904,31.3
$IMU,53220.023,-2.746,-5.004,0.305,-0.08789,0.33789,0.93359,32.35
$BARO,53220.043,72773.17,31.36
$MAG,53220.053,0.078,-0.591,-0.913,31.3
$IMU,53220.098,-3.051,-1.953,-0.061,-0.13916,0.31787,0.92968,32.33
$BARO,53220.145,72862.26,31.35
$MAG,53220.153,0.094,-0.588,-0.916,31.2
$TIME,53220.168,457891.000,2364
$IMU,53220.173,-2.380,-2.197,2.258,-0.08935,0.29638,0.89990,32.34
$BARO,53220.246,72698.46,31.36
$IMU,53220.248,-0.061,-2.685,2.563,-0.08398,0.33154,0.89697,32.35
$MAG,53220.254,0.082,-0.601,-0.918,31.2
$IMU,53220.323,-1.586,-3.479,-0.305,-0.10644,0.26708,0.90380,32.30
$BARO,53220.348,72907.98,31.34
$MAG,53220.355,0.082,-0.600,-0.924,31.1
$IMU,53220.398,1.159,-4.150,1.037,-0.09716,0.33886,0.86816,32.28
$BARO,53220.449,72769.88,31.33
$MAG,53220.456,0.081,-0.601,-0.922,31.2
$IMU,53220.473,-0.793,-3.967,2.258,-0.08789,0.29345,0.85937,32.33
$IMU,53220.548,-2.990,-2.014,0.854,-0.06787,0.30615,0.90136,32.28
$BARO,53220.550,72756.74,31.34
$MAG,53220.557,0.078,-0.586,-0.922,31.3
$IMU,53220.623,-2.807,2.990,-2.258,-0.14501,0.28955,0.92822,32.30
$BARO,53220.652,72798.81,31.33
$MAG,53220.658,0.075,-0.591,-0.927,31.3
$IMU,53220.699,4.333,-2.685,2.441,-0.01513,0.26660,0.85937,32.28
$BARO,53220.753,72916.05,31.33
$MAG,53220.759,0.078,-0.597,-0.924,31.2
$VBAT,53220.760,3.926
$IMU,53220.774,6.225,2.502,-0.915,-0.10693,0.30615,0.81640,32.32
$IMU,53220.849,-1.831,1.098,-0.610,-0.01318,0.35888,0.89453,32.28
$BARO,53220.855,72812.80,31.33
$MAG,53220.859,0.084,-0.603,-0.927,31.3
$HUM,53220.885,21.7,31.8
$IMU,53220.924,-4.699,9.460,-4.516,-0.10058,0.32470,1.04150,32.27
$BARO,53220.956,72816.85,31.33
$MAG,53220.960,0.087,-0.592,-0.903,31.3
$IMU,53220.999,4.821,11.901,-3.051,-0.11572,0.37207,1.01611,32.27
$BARO,53221.058,72849.05,31.33
$MAG,53221.061,0.103,-0.598,-0.898,31.3
$IMU,53221.074,6.042,9.887,-1.098,-0.08203,0.37109,0.94824,32.27
$IMU,53221.149,2.990,5.859,-3.967,-0.07910,0.44873,0.99414,32.24
$BARO,53221.159,72855.97,31.35
$MAG,53221.162,0.102,-0.589,-0.898,31.3
$TIME,53221.168,457893.000,2364
$IMU,53221.224,-3.662,9.948,-3.662,-0.12158,0.38281,1.09521,32.26
$BARO,53221.260,72741.53,31.33
$MAG,53221.263,0.102,-0.591,-0.888,31.3
$IMU,53221.299,3.845,7.141,-0.915,-0.09472,0.38037,1.05761,32.23
$BARO,53221.362,72853.85,31.32
$MAG,53221.363,0.106,-0.603,-0.891,31.3
$IMU,53221.374,7.873,4.577,-1.953,-0.11572,0.44335,0.95800,32.25
$IMU,53221.449,-0.122,-0.854,1.708,-0.13232,0.41064,1.03515,32.28
$BARO,53221.463,72989.06,31.30
$MAG,53221.464,0.105,-0.592,-0.883,31.3
$IMU,53221.524,-0.732,-6.896,1.770,-0.09423,0.51318,1.13623,32.26
$BARO,53221.565,73063.55,31.29
$MAG,53221.565,0.102,-0.595,-0.889,31.3
$IMU,53221.599,-0.793,-5.615,1.770,-0.06152,0.50000,1.16503,32.26
$BARO,53221.666,72816.12,31.28
$MAG,53221.666,0.099,-0.595,-0.891,31.3
$IMU,53221.675,0.549,1.037,-0.366,-0.12646,0.45312,1.14794,32.21
$IMU,53221.750,4.089,-1.098,-0.061,-0.12158,0.44531,0.99902,32.25
$VBAT,53221.760,3.929
$BARO,53221.767,72946.52,31.29
$MAG,53221.767,0.099,-0.603,-0.888,31.2
$IMU,53221.825,-0.915,-3.234,-1.586,-0.13330,0.39160,0.99072,32.24
$MAG,53221.868,0.091,-0.604,-0.895,31.3
$BARO,53221.869,72739.63,31.29
$IMU,53221.900,-4.394,-5.126,3.051,-0.04296,0.41503,1.04345,32.22
$HUM,53221.901,21.8,31.8
$MAG,53221.968,0.096,-0.591,-0.892,31.2
$BARO,53221.970,73008.41,31.27
$IMU,53221.975,-4.089,-2.868,1.098,-0.08203,0.35595,1.05224,32.23
$IMU,53222.050,0.793,-0.976,-4.699,-0.11523,0.27832,0.91455,32.22
$MAG,53222.069,0.091,-0.604,-0.900,31.3
$BARO,53222.072,73055.58,31.27
$IMU,53222.125,4.089,-5.371,2.685,-0.04052,0.40966,0.84619,32.21
$MAG,53222.170,0.084,-0.595,-0.903,31.3
$BARO,53222.173,73202.58,31.28
$IMU,53222.200,-6.225,-2.502,-0.122,-0.08154,0.26562,0.94287,32.20
$MAG,53222.271,0.091,-0.595,-0.889,31.3
$BARO,53222.274,72963.58,31.31
$IMU,53222.275,0.244,2.746,-1.892,-0.04638,0.28271,0.95849,32.23
$IMU,53222.350,7.019,7.812,-2.868,-0.01611,0.32910,0.87158,32.25
$MAG,53222.372,0.106,-0.595,-0.889,31.2
$BARO,53222.376,72992.74,31.31
$IMU,53222.425,4.760,12.390,-5.371,-0.09765,0.34179,0.83984,32.21
$MAG,53222.472,0.117,-0.603,-0.886,31.2
$BARO,53222.477,73053.84,31.30
$IMU,53222.500,-2.380,7.324,-2.258,-0.02734,0.38964,0.96142,32.20
$MAG,53222.573,0.115,-0.594,-0.877,31.3
$IMU,53222.575,-5.615,11.535,-3.601,-0.05419,0.28466,1.02197,32.20
$BARO,53222.579,72974.21,31.27
$IMU,53222.651,5.371,8.911,-3.112,-0.06005,0.38916,0.96289,32.23
$MAG,53222.674,0.123,-0.591,-0.864,31.2
$BARO,53222.680,72894.41,31.26
$IMU,53222.726,2.014,6.347,-3.906,-0.10107,0.33886,0.93212,32.20
$VBAT,53222.760,3.927
$MAG,53222.775,0.132,-0.583,-0.864,31.2
$BARO,53222.782,73161.39,31.25
$IMU,53222.801,0.976,4.089,-2.868,-0.11523,0.34326,0.94970,32.18
$MAG,53222.876,0.121,-0.598,-0.853,31.2
$IMU,53222.876,2.014,1.525,5.676,0.02636,0.36474,0.96044,32.17
$BARO,53222.883,72990.13,31.25
$HUM,53222.918,21.8,31.7
$IMU,53222.951,1.770,5.371,-2.502,-0.10009,0.40185,0.96142,32.19
$MAG,53222.976,0.127,-0.588,-0.861,31.2
$BARO,53222.984,73113.17,31.24
$IMU,53223.026,0.976,-2.746,-3.845,-0.09228,0.33203,0.98681,32.19
$MAG,53223.077,0.118,-0.589,-0.862,31.2
$BARO,53223.086,73065.23,31.24
$IMU,53223.101,3.906,-3.784,1.586,-0.04980,0.41748,0.95947,32.15
$TIME,53223.168,457894.000,2364
$IMU,53223.176,0.671,-3.540,-1.159,-0.08300,0.42138,0.94921,32.21
$MAG,53223.178,0.129,-0.592,-0.855,31.1
$BARO,53223.187,73313.37,31.23
$IMU,53223.251,-4.394,-2.929,0.122,-0.13427,0.36083,1.01806,32.20
$MAG,53223.279,0.120,-0.589,-0.862,31.3
$BARO,53223.289,73162.53,31.22
$IMU,53223.326,0.122,-10.620,4.272,-0.02050,0.42480,1.00244,32.18
$MAG,53223.380,0.112,-0.589,-0.877,31.1
$BARO,53223.390,73076.07,31.22
$IMU,53223.401,-1.525,-7.690,1.342,-0.15087,0.39697,1.04833,32.20
$IMU,53223.476,0.366,-15.747,6.164,-0.05859,0.36230,0.98681,32.19
$MAG,53223.480,0.105,-0.600,-0.877,31.2
$BARO,53223.491,73078.90,31.21
$IMU,53223.551,3.417,-12.817,9.094,-0.01367,0.42578,0.91601,32.23
$MAG,53223.581,0.105,-0.600,-0.883,31.0
$BARO,53223.593,73270.61,31.22
$IMU,53223.627,-5.859,-7.873,1.098,-0.05078,0.37451,1.02050,32.18
$MAG,53223.682,0.096,-0.606,-0.895,31.1
$BARO,53223.694,73253.43,31.22
$IMU,53223.702,-3.112,-4.943,-2.197,-0.06005,0.36767,1.03369,32.18
$VBAT,53223.769,3.924
$IMU,53223.777,0.427,0.061,1.892,-0.02343,0.34228,0.94628,32.14
$MAG,53223.783,0.102,-0.601,-0.900,31.3
$BARO,53223.796,73161.75,31.23
$IMU,53223.852,1.708,4.394,2.075,-0.01806,0.39599,0.90673,32.15
$MAG,53223.884,0.100,-0.606,-0.892,31.1
$BARO,53223.897,73142.45,31.21
$IMU,53223.927,-7.385,8.056,-3.784,-0.06250,0.38867,1.00097,32.08
$HUM,53223.934,21.8,31.7
$MAG,53223.985,0.105,-0.589,-0.888,31.1
$BARO,53223.999,73033.15,31.21
$IMU,53224.002,-8.789,8.972,-4.272,-0.09375,0.30810,1.06347,32.13
$IMU,53224.077,2.868,6.774,1.464,-0.06201,0.35253,0.97265,32.17
$MAG,53224.085,0.112,-0.594,-0.876,31.2
$BARO,53224.100,73278.05,31.20
$IMU,53224.152,1.098,5.432,1.892,-0.10742,0.41552,0.93359,32.16
$TIME,53224.168,457895.000,2364
$MAG,53224.186,0.106,-0.595,-0.883,31.1
$BARO,53224.201,73211.40,31.19
$IMU,53224.227,-6.835,-2.380,4.455,-0.12255,0.33349,0.98242,32.18
$MAG,53224.287,0.096,-0.600,-0.898,31.2
$IMU,53224.302,-5.676,-10.253,4.699,-0.09570,0.36425,1.00146,32.13
$BARO,53224.303,73135.28,31.18
$IMU,53224.377,-3.173,-11.657,11.657,-0.07958,0.33447,0.95556,32.16
$MAG,53224.388,0.094,-0.600,-0.904,31.1
$BARO,53224.404,73186.64,31.17
$IMU,53224.452,-2.319,-15.625,3.662,-0.13330,0.30517,0.94628,32.16
$MAG,53224.489,0.078,-0.603,-0.916,31.2
$BARO,53224.505,73254.04,31.16
$IMU,53224.527,-2.136,-21.301,7.751,-0.11425,0.37597,0.92724,32.16
$MAG,53224.589,0.057,-0.607,-0.931,31.1
$IMU,53224.603,-3.662,-19.165,8.544,-0.05175,0.25097,0.94531,32.12
$BARO,53224.607,73103.45,31.17
$IMU,53224.678,3.356,-12.145,2.319,-0.08837,0.32568,0.86572,32.15
$MAG,53224.690,0.058,-0.616,-0.930,31.1
$BARO,53224.708,73352.80,31.16
$IMU,53224.753,0.244,-9.277,2.258,-0.05419,0.27978,0.83886,32.10
$VBAT,53224.777,3.934
$MAG,53224.791,0.040,-0.610,-0.942,31.2
$BARO,53224.810,73131.58,31.16
$IMU,53224.828,-1.647,-4.455,2.014,-0.04296,0.24121,0.86767,32.09
$MAG,53224.892,0.048,-0.610,-0.931,31.1
$IMU,53224.903,1.586,-2.319,-0.915,-0.04785,0.29931,0.82666,32.11
$BARO,53224.911,73349.39,31.17
$HUM,53224.950,21.8,31.7
$IMU,53224.978,-0.854,6.530,-1.403,-0.04394,0.21728,0.84570,32.12
$MAG,53224.993,0.049,-0.607,-0.927,31.2
$BARO,53225.013,73296.16,31.17
$IMU,53225.053,4.089,13.854,-0.122,-0.04492,0.28369,0.85595,32.13
$MAG,53225.093,0.067,-0.616,-0.918,31.2
$BARO,53225.114,73447.40,31.18
$IMU,53225.128,3.845,14.648,1.037,-0.01074,0.37939,0.85546,32.06
$TIME,53225.168,457896.000,2364
$MAG,53225.194,0.073,-0.621,-0.900,31.2
$IMU,53225.203,-3.784,19.042,-3.417,-0.13330,0.25585,0.91650,32.11
$BARO,53225.215,73186.10,31.19
$IMU,53225.278,2.563,12.573,-0.610,-0.04394,0.34033,0.89990,32.10
$MAG,53225.295,0.088,-0.616,-0.900,31.3
$BARO,53225.317,73342.96,31.18
$IMU,53225.353,0.549,10.742,-5.798,-0.09667,0.36865,0.90966,32.09
$MAG,53225.396,0.082,-0.607,-0.898,31.1
$BARO,53225.418,73318.24,31.17
$IMU,53225.428,-3.234,6.652,-3.662,-0.14453,0.28369,0.94433,32.08
$MAG,53225.497,0.090,-0.627,-0.892,31.1
$IMU,53225.504,2.197,2.624,5.187,-0.09619,0.34716,0.89355,32.09
$BARO,53225.520,73287.99,31.15
$IMU,53225.579,-2.319,-1.770,0.000,-0.08398,0.33593,0.92968,32.07
$MAG,53225.597,0.096,-0.615,-0.898,31.1
$BARO,53225.621,73436.12,31.14
$IMU,53225.654,-4.516,-4.272,3.051,-0.12109,0.28515,0.96972,32.12
$MAG,53225.698,0.078,-0.612,-0.895,31.1
$BARO,53225.722,73360.75,31.12
$IMU,53225.729,-0.732,-13.305,2.807,-0.09960,0.38720,0.99267,32.09
$VBAT,53225.779,3.926
$MAG,53225.799,0.070,-0.612,-0.910,31.1
$IMU,53225.804,-2.563,-14.709,-1.098,-0.13378,0.23779,0.93505,32.07
$BARO,53225.824,73298.23,31.12
$IMU,53225.879,0.854,-17.639,7.202,-0.01611,0.37744,0.87353,32.07
$MAG,53225.900,0.067,-0.604,-0.927,31.1
$BARO,53225.925,73513.97,31.12
$IMU,53225.954,-9.643,-8.544,-2.441,-0.04931,0.29150,0.95117,32.07
$HUM,53225.967,21.8,31.6
$MAG,53226.001,0.069,-0.600,-0.925,31.1
$BARO,53226.027,73393.56,31.12
$IMU,53226.029,-7.873,0.000,-4.577,-0.14306,0.21240,0.98046,32.07
$MAG,53226.102,0.064,-0.610,-0.930,31.1
$IMU,53226.104,4.699,-2.319,0.183,0.03271,0.26318,0.83691,32.03
$BARO,53226.128,73527.35,31.12
$TIME,53226.168,457896.000,2364
$IMU,53226.179,1.220,12.023,-1.037,-0.05517,0.25537,0.85205,32.05
$MAG,53226.202,0.067,-0.606,-0.919,31.1
$BARO,53226.229,73273.98,31.13
$IMU,53226.254,0.549,12.878,-3.234,-0.04980,0.28320,0.92431,32.05
$MAG,53226.303,0.084,-0.604,-0.910,31.1
$IMU,53226.329,2.502,14.282,-3.662,-0.05859,0.27832,0.95898,32.05
$BARO,53226.331,73355.34,31.13
$MAG,53226.404,0.097,-0.610,-0.882,31.1
$IMU,53226.404,7.873,15.441,-1.525,-0.06152,0.26855,0.91845,32.04
$BARO,53226.432,73486.65,31.12
$IMU,53226.480,10.314,13.977,-5.920,-0.00781,0.36425,0.91064,32.03
$MAG,53226.505,0.097,-0.606,-0.868,31.1
$BARO,53226.534,73409.72,31.12
$IMU,53226.555,0.732,17.395,-5.676,-0.16210,0.31250,0.97021,32.05
$MAG,53226.605,0.103,-0.610,-0.859,31.0
$IMU,53226.630,2.197,8.483,-0.366,-0.08789,0.30957,0.98437,32.06
$BARO,53226.635,73353.80,31.10
$IMU,53226.705,5.615,2.136,-2.502,-0.01074,0.38378,0.95947,32.04
$MAG,53226.706,0.118,-0.603,-0.864,31.0
$BARO,53226.737,73417.93,31.09
$IMU,53226.780,0.549,2.563,-5.676,-0.13916,0.29492,0.98876,32.04
$VBAT,53226.780,3.922
$MAG,53226.807,0.111,-0.610,-0.861,31.0
$BARO,53226.838,73555.73,31.09
$IMU,53226.855,6.103,-3.723,0.793,-0.13916,0.35546,0.98828,32.02
$MAG,53226.908,0.114,-0.612,-0.865,31.0
$IMU,53226.930,5.737,-10.864,2.136,-0.05957,0.37158,0.92333,32.03
$BARO,53226.939,73444.65,31.09
$HUM,53226.983,21.7,31.5
$IMU,53227.005,-0.244,-10.375,2.197,-0.06005,0.34130,0.95019,32.00
$MAG,53227.009,0.099,-0.610,-0.871,31.1
$BARO,53227.041,73731.62,31.09
$IMU,53227.080,-0.610,-9.948,1.647,-0.06494,0.36083,0.97314,32.02
$MAG,53227.109,0.099,-0.612,-0.880,31.0
$BARO,53227.142,73663.88,31.11
$IMU,53227.155,-0.061,-7.995,1.220,-0.06494,0.33837,0.95996,32.02
$TIME,53227.168,457898.000,2364
$MAG,53227.210,0.090,-0.621,-0.886,31.1
$IMU,53227.230,0.915,-8.117,-0.183,-0.04736,0.38476,0.96337,31.98
$BARO,53227.244,73805.18,31.11
$IMU,53227.305,-4.638,-2.563,2.136,-0.05468,0.33642,1.01025,32.03
$MAG,53227.311,0.082,-0.606,-0.891,31.1
$BARO,53227.345,73599.38,31.12
$IMU,53227.380,1.770,-2.014,1.892,-0.02099,0.35498,0.90966,32.01
$MAG,53227.412,0.093,-0.618,-0.894,31.1
$BARO,53227.446,73437.87,31.12
$IMU,53227.456,-1.464,-0.671,-2.563,-0.00683,0.37207,0.94433,32.02
$MAG,53227.512,0.112,-0.609,-0.885,31.1
$IMU,53227.531,-5.859,8.300,-3.845,-0.08398,0.37939,1.05517,31.99
$BARO,53227.548,73666.95,31.12
$IMU,53227.606,-1.708,7.080,-2.868,-0.02587,0.31396,1.00488,31.98
$MAG,53227.613,0.102,-0.607,-0.877,31.0
$BARO,53227.649,73812.00,31.15
$IMU,53227.681,6.469,9.216,-1.403,-0.02685,0.37939,0.91894,31.96
$MAG,53227.714,0.105,-0.607,-0.868,31.0
$BARO,53227.751,73639.80,31.16
$IMU,53227.756,2.563,8.972,-7.812,-0.01904,0.39501,0.94091,32.01
$VBAT,53227.786,3.919
$MAG,53227.815,0.111,-0.603,-0.861,31.2
$IMU,53227.831,-3.845,11.535,-5.371,-0.15869,0.42919,1.02880,31.99
$BARO,53227.852,73664.63,31.14
$IMU,53227.906,-6.164,0.000,4.577,-0.03906,0.38720,1.10888,31.94
$MAG,53227.916,0.108,-0.603,-0.870,31.0
$BARO,53227.953,73517.60,31.12
$IMU,53227.981,3.173,-5.249,-3.112,-0.14794,0.40576,1.03710,31.98
$HUM,53227.999,21.7,31.5
$MAG,53228.017,0.108,-0.612,-0.868,31.0
$BARO,53228.055,73469.95,31.09
$IMU,53228.056,5.432,-12.451,5.859,-0.07421,0.48388,1.01318,31.96
$MAG,53228.117,0.102,-0.604,-0.880,31.1
$IMU,53228.131,-2.746,-13.671,5.798,-0.15527,0.36914,1.03222,31.92
$BARO,53228.156,73523.75,31.09
$TIME,53228.168,457900.000,2364
$IMU,53228.206,0.549,-20.751,8.483,-0.03466,0.41210,1.03955,31.94
$MAG,53228.218,0.078,-0.625,-0.888,31.0
$BARO,53228.258,73629.00,31.09
$IMU,53228.281,2.685,-17.395,4.821,-0.01464,0.40380,1.02099,31.96
$MAG,53228.319,0.078,-0.625,-0.898,31.0
$IMU,53228.356,3.356,-9.887,-4.211,-0.10791,0.40478,1.01416,31.97
$BARO,53228.359,73659.76,31.09
$MAG,53228.420,0.067,-0.619,-0.904,31.0
$IMU,53228.431,0.915,-8.300,-0.732,-0.02783,0.40722,1.03417,31.97
$BARO,53228.461,73822.14,31.10
$IMU,53228.507,1.953,0.732,-2.563,-0.01269,0.39501,0.98291,31.94
$MAG,53228.521,0.070,-0.619,-0.900,31.0
$BARO,53228.562,73651.76,31.11
$IMU,53228.582,-0.305,8.666,-5.737,0.01123,0.41015,1.02001,31.92
$MAG,53228.621,0.093,-0.606,-0.891,31.0
$IMU,53228.657,-2.929,18.127,-6.896,-0.08837,0.36865,1.10986,31.96
$BARO,53228.663,73754.63,31.12
$MAG,53228.722,0.096,-0.615,-0.873,30.8
$IMU,53228.732,5.310,13.366,-3.173,-0.00537,0.40478,1.07177,31.95
$BARO,53228.765,73654.69,31.14
$VBAT,53228.800,3.922
$IMU,53228.807,12.756,15.502,-7.019,-0.06591,0.41894,0.94335,31.94
$MAG,53228.823,0.106,-0.622,-0.865,31.0
$BARO,53228.866,73692.52,31.13
$IMU,53228.882,7.080,11.657,-2.197,-0.05664,0.42285,1.00244,31.88
$MAG,53228.924,0.109,-0.624,-0.850,31.0
$IMU,53228.957,5.065,8.483,-1.281,-0.07031,0.44433,0.98779,31.91
$BARO,53228.968,73823.90,31.14
$HUM,53229.016,21.8,31.5
$MAG,53229.025,0.111,-0.621,-0.850,31.0
$IMU,53229.032,8.911,1.586,-1.525,-0.02929,0.41943,0.92529,31.89
$BARO,53229.069,73734.37,31.12
$IMU,53229.107,4.089,0.488,-1.525,-0.05419,0.43359,0.93066,31.90
$MAG,53229.125,0.112,-0.627,-0.849,31.1
$BARO,53229.170,73690.69,31.13
$IMU,53229.182,1.525,-1.770,0.244,-0.09082,0.42578,0.95654,31.92
$MAG,53229.226,0.099,-0.625,-0.855,31.0
$IMU,53229.257,3.173,-7.690,1.647,-0.11474,0.47802,0.94189,31.91
$BARO,53229.272,73751.38,31.12
$MAG,53229.327,0.103,-0.628,-0.852,31.0
$IMU,53229.332,-3.173,-13.977,1.647,-0.02197,0.47509,1.08300,31.91
$BARO,53229.373,73739.59,31.10
$IMU,53229.407,1.037,-5.004,8.483,-0.04101,0.53320,1.06835,31.88
$MAG,53229.428,0.097,-0.630,-0.871,31.0
$BARO,53229.475,73804.06,31.09
$IMU,53229.483,-0.976,-8.911,0.671,-0.07568,0.49414,1.04052,31.87
$MAG,53229.528,0.087,-0.633,-0.877,31.0
$IMU,53229.558,-2.502,-8.422,0.793,-0.09716,0.49853,1.01806,31.87
$BARO,53229.576,73878.38,31.10
$MAG,53229.629,0.096,-0.616,-0.874,31.0
$IMU,53229.633,-7.690,-4.028,0.854,-0.05664,0.46484,1.05419,31.90
$BARO,53229.677,73934.46,31.10
$IMU,53229.708,-8.178,4.211,1.037,-0.07812,0.39990,1.04443,31.85
$MAG,53229.730,0.100,-0.622,-0.867,31.0
$BARO,53229.779,73886.13,31.11
$IMU,53229.783,-1.892,-0.427,0.854,-0.03027,0.40820,1.02001,31.90
$VBAT,53229.807,3.926
$MAG,53229.831,0.090,-0.627,-0.871,31.0
$IMU,53229.858,0.122,1.159,-8.178,-0.11279,0.43505,1.00097,31.92
$BARO,53229.880,73816.00,31.09
$MAG,53229.932,0.094,-0.621,-0.870,31.1
$IMU,53229.933,-0.427,0.671,0.671,-0.07275,0.37548,1.00000,31.89
$BARO,53229.982,73925.42,31.07
$IMU,53230.008,2.807,2.929,-0.915,-0.11279,0.45019,0.99609,31.90
$HUM,53230.032,21.8,31.5
$MAG,53230.032,0.099,-0.619,-0.871,31.1
$IMU,53230.083,1.708,-2.441,-1.098,-0.10498,0.42822,1.01757,31.88
$BARO,53230.083,73865.36,31.09
$MAG,53230.133,0.091,-0.619,-0.867,31.0
$IMU,53230.158,3.906,-2.502,1.708,-0.06933,0.45117,1.02832,31.84
$TIME,53230.168,457902.000,2364
$BARO,53230.185,73904.39,31.08
$IMU,53230.233,3.540,0.061,6.835,-0.06933,0.47265,0.99902,31.87
$MAG,53230.234,0.087,-0.636,-0.868,31.0
$BARO,53230.286,73764.72,31.07
$IMU,53230.308,1.220,-0.488,-2.563,-0.07910,0.40625,1.00195,31.87
$MAG,53230.335,0.082,-0.637,-0.865,31.0
$IMU,53230.383,3.845,-2.014,3.662,-0.10449,0.50927,0.96679,31.85
$BARO,53230.387,73934.68,31.06
$MAG,53230.435,0.085,-0.628,-0.880,30.7
$IMU,53230.459,-0.915,-6.958,-3.173,-0.10302,0.44873,0.98681,31.86
$BARO,53230.489,73951.97,31.08
$IMU,53230.534,-1.770,-0.183,-0.915,-0.04443,0.43798,0.98925,31.84
$MAG,53230.536,0.093,-0.633,-0.874,31.0
$BARO,53230.590,73871.41,31.08
$IMU,53230.609,0.549,6.164,0.976,-0.04199,0.43212,0.92529,31.87
$MAG,53230.637,0.096,-0.622,-0.862,31.0
$IMU,53230.684,-0.610,7.568,-5.859,-0.09863,0.46386,0.95751,31.80
$BARO,53230.692,74031.09,31.08
$MAG,53230.738,0.105,-0.618,-0.865,30.8
$IMU,53230.759,-4.394,6.896,-4.577,-0.03173,0.42041,1.01025,31.80
$BARO,53230.793,73745.24,31.06
$VBAT,53230.817,3.927
$IMU,53230.834,0.549,7.751,-2.075,-0.06152,0.39208,0.98876,31.84
$MAG,53230.839,0.102,-0.625,-0.852,30.8
$BARO,53230.895,74073.57,31.04
$IMU,53230.909,6.835,4.577,-6.469,-0.07714,0.45410,0.91552,31.80
$MAG,53230.939,0.111,-0.610,-0.855,31.0
$IMU,53230.984,0.915,4.577,-8.056,-0.08056,0.46533,0.98144,31.73
$BARO,53230.996,74170.68,31.03
$MAG,53231.040,0.114,-0.615,-0.853,30.7
$HUM,53231.048,21.9,31.4
$IMU,53231.059,-1.953,6.103,-4.028,-0.09521,0.38427,0.98583,31.78
$BARO,53231.097,73972.95,31.03
$IMU,53231.134,3.784,2.807,2.197,-0.03613,0.37646,0.96777,31.78
$MAG,53231.141,0.115,-0.618,-0.835,30.8
$BARO,53231.199,74163.13,31.01
$IMU,53231.209,11.962,-1.403,-1.403,-0.04492,0.45751,0.88085,31.79
$MAG,53231.242,0.115,-0.621,-0.838,30.8
$IMU,53231.284,4.699,-3.540,-8.178,-0.12451,0.42773,0.92285,31.80
$BARO,53231.300,74008.20,31.03
$MAG,53231.343,0.121,-0.618,-0.850,31.0
$IMU,53231.359,2.685,-6.713,-0.793,-0.06640,0.43066,0.94677,31.76
$BARO,53231.402,74207.51,31.03
$IMU,53231.435,4.760,-3.662,2.014,-0.03906,0.50634,0.91210,31.81
$MAG,53231.444,0.108,-0.627,-0.847,31.0
$BARO,53231.503,74001.89,31.02
$IMU,53231.510,-1.220,-3.051,-1.220,-0.04541,0.43652,1.00048,31.81
$MAG,53231.544,0.117,-0.625,-0.852,30.8
$IMU,53231.585,1.281,-6.042,-4.150,-0.03417,0.48779,1.02441,31.78
$BARO,53231.605,74009.59,31.02
$MAG,53231.645,0.115,-0.619,-0.853,30.8
$IMU,53231.660,3.417,-1.403,-0.793,-0.02587,0.50292,0.98828,31.79
$BARO,53231.706,74055.95,31.03
$IMU,53231.735,2.014,1.586,-0.671,0.02783,0.46337,0.96044,31.75
$MAG,53231.746,0.112,-0.621,-0.838,30.6
$BARO,53231.807,74034.52,31.04
$IMU,53231.810,1.831,8.056,-2.807,-0.02099,0.48925,0.97705,31.76
$VBAT,53231.824,3.927
$MAG,53231.847,0.120,-0.622,-0.834,31.0
$IMU,53231.885,-0.061,9.704,-3.295,-0.02099,0.52636,0.98291,31.80
$BARO,53231.909,73983.53,31.04
$MAG,53231.947,0.124,-0.613,-0.832,30.7
$IMU,53231.960,-6.408,6.713,1.220,0.00488,0.45263,0.99755,31.76
$BARO,53232.010,74132.97,31.01
$IMU,53232.035,-2.380,3.967,-1.770,-0.06347,0.49902,0.98535,31.77
$MAG,53232.048,0.129,-0.618,-0.835,31.0
$HUM,53232.064,21.7,31.4
$IMU,53232.110,-1.281,-3.601,-1.525,-0.06689,0.47412,0.97314,31.76
$BARO,53232.112,73940.46,31.00
$MAG,53232.149,0.129,-0.610,-0.843,30.7
$TIME,53232.168,457903.000,2364
$IMU,53232.185,-3.784,-7.507,-0.549,-0.06103,0.45312,0.96728,31.73
$BARO,53232.213,74135.73,31.00
$MAG,53232.250,0.118,-0.613,-0.846,30.6
$IMU,53232.260,-1.586,-7.080,5.432,-0.03173,0.42138,0.96044,31.74
$BARO,53232.315,74101.92,31.00
$IMU,53232.335,0.915,-6.774,8.728,-0.05908,0.42773,0.89208,31.76
$MAG,53232.351,0.102,-0.630,-0.850,30.8
$IMU,53232.411,-0.793,-18.249,6.774,-0.02050,0.42968,0.91601,31.76
$BARO,53232.416,74140.04,30.98
$MAG,53232.451,0.096,-0.628,-0.867,30.7
$IMU,53232.486,-1.464,-16.418,4.211,-0.07617,0.46093,0.92675,31.73
$BARO,53232.517,74067.11,30.96
$MAG,53232.552,0.082,-0.628,-0.882,30.7
$IMU,53232.561,-3.479,-14.160,8.972,-0.03759,0.38818,0.94873,31.72
$BARO,53232.619,74128.25,30.96
$IMU,53232.636,3.967,-13.732,8.056,-0.02441,0.42187,0.89941,31.73
$MAG,53232.653,0.073,-0.645,-0.882,31.0
$IMU,53232.711,2.075,-12.207,5.371,0.00000,0.49951,0.91601,31.76
$BARO,53232.720,74113.67,30.96
$MAG,53232.754,0.067,-0.631,-0.891,30.7
$IMU,53232.786,-4.760,-4.638,0.549,-0.04687,0.40087,0.98291,31.75
$BARO,53232.822,74114.28,30.96
$VBAT,53232.825,3.914
$MAG,53232.854,0.067,-0.643,-0.876,31.0
$IMU,53232.861,2.929,-1.464,4.943,-0.00878,0.44042,0.92041,31.68
$BARO,53232.923,74136.51,30.95
$IMU,53232.936,0.061,0.488,1.403,-0.00830,0.47167,0.94531,31.73
$MAG,53232.955,0.072,-0.640,-0.886,30.8
$IMU,53233.011,-0.427,2.380,-2.929,-0.01220,0.47460,0.96679,31.75
$BARO,53233.024,74204.30,30.96
$MAG,53233.056,0.075,-0.637,-0.885,30.6
$HUM,53233.081,21.9,31.4
$IMU,53233.086,-1.525,9.094,-1.953,-0.05908,0.45117,0.94677,31.71
$BARO,53233.126,74206.78,30.97
$MAG,53233.157,0.082,-0.640,-0.877,30.7
$IMU,53233.161,-3.051,7.141,1.953,-0.00488,0.38623,0.93603,31.69
$TIME,53233.168,457904.000,2364
$BARO,53233.227,74135.56,30.97
$IMU,53233.236,2.502,7.690,4.455,-0.02978,0.50585,0.91699,31.73
$MAG,53233.258,0.072,-0.645,-0.871,30.5
$IMU,53233.311,-3.479,3.845,1.037,0.00000,0.41357,0.94189,31.71
$BARO,53233.329,74147.99,30.94
$MAG,53233.359,0.084,-0.642,-0.868,30.5
$IMU,53233.387,0.549,1.281,1.464,-0.09228,0.41894,0.91748,31.69
$BARO,53233.430,74052.61,30.92
$MAG,53233.459,0.067,-0.645,-0.871,30.3
$IMU,53233.462,0.244,-6.408,6.774,-0.06347,0.43066,0.95361,31.70
$BARO,53233.532,74247.56,30.91
$IMU,53233.537,0.732,-9.643,6.530,-0.06103,0.44384,0.94384,31.70
$MAG,53233.560,0.060,-0.655,-0.882,30.3
$IMU,53233.612,2.502,-10.437,8.483,-0.05761,0.47119,0.90527,31.72
$BARO,53233.633,74302.19,30.91
$MAG,53233.661,0.040,-0.658,-0.886,30.7
$IMU,53233.687,-3.173,-10.314,10.620,-0.03906,0.42382,0.97314,31.69
$BARO,53233.734,74055.19,30.91
$MAG,53233.762,0.045,-0.669,-0.886,30.5
$IMU,53233.762,0.854,-10.253,10.070,-0.00634,0.49414,0.94482,31.68
$VBAT,53233.825,3.924
$BARO,53233.836,74320.37,30.90
$IMU,53233.837,-0.854,-7.995,6.347,-0.03417,0.39013,0.87304,31.72
$MAG,53233.863,0.034,-0.664,-0.898,30.6
$IMU,53233.912,0.061,-8.544,5.798,-0.04541,0.41455,0.83691,31.66
$BARO,53233.937,74273.20,30.90
$MAG,53233.964,0.024,-0.672,-0.903,30.5
$IMU,53233.987,0.122,-9.216,4.943,0.02001,0.42480,0.82763,31.69
$BARO,53234.039,74275.71,30.91
$IMU,53234.062,-6.286,1.892,-1.281,-0.06982,0.42285,0.89062,31.66
$MAG,53234.065,0.025,-0.676,-0.895,30.6
$HUM,53234.097,21.8,31.3
$IMU,53234.137,-5.859,5.493,3.967,-0.05371,0.37304,0.91455,31.64
$BARO,53234.140,74345.33,30.92
$MAG,53234.165,0.034,-0.664,-0.903,30.6
$TIME,53234.168,457905.000,2364
$IMU,53234.212,1.892,5.249,3.234,-0.05712,0.49267,0.87060,31.66
$BARO,53234.242,74374.24,30.91
$MAG,53234.266,0.027,-0.669,-0.895,30.3
$IMU,53234.287,-6.225,5.187,5.920,-0.02587,0.37988,0.92871,31.67
$BARO,53234.343,74123.71,30.90
$IMU,53234.363,-0.244,4.089,1.525,-0.07812,0.46582,0.91992,31.62
$MAG,53234.367,0.025,-0.679,-0.892,30.3
$IMU,53234.438,-3.601,-0.427,-0.488,-0.03710,0.40527,0.93798,31.62
$BARO,53234.444,74293.00,30.89
$MAG,53234.468,0.033,-0.672,-0.892,30.3
$IMU,53234.513,-1.586,3.723,-1.831,-0.08398,0.41699,0.90966,31.66
$BARO,53234.546,74347.18,30.89
$MAG,53234.569,0.034,-0.661,-0.885,30.3
$IMU,53234.588,-2.929,4.272,1.159,-0.07568,0.41992,0.91357,31.67
$BARO,53234.647,74233.28,30.88
$IMU,53234.663,-4.699,3.356,0.976,-0.02929,0.38623,0.90234,31.65
$MAG,53234.670,0.045,-0.664,-0.894,30.5
$IMU,53234.738,-3.601,3.601,-2.624,-0.06347,0.29101,0.90625,31.64
$BARO,53234.749,74351.45,30.89
$MAG,53234.770,0.040,-0.664,-0.901,30.5
$IMU,53234.813,4.272,2.868,-2.502,-0.05615,0.48779,0.91748,31.66
$VBAT,53234.826,3.919
$BARO,53234.850,74339.31,30.89
$MAG,53234.871,0.036,-0.657,-0.898,30.3
$IMU,53234.888,-2.258,2.807,-2.441,-0.06787,0.36718,0.92675,31.67
$BARO,53234.952,74299.43,30.88
$IMU,53234.963,0.976,1.464,-7.812,-0.09033,0.36718,0.87695,31.60
$MAG,53234.972,0.040,-0.667,-0.892,30.3
$IMU,53235.038,3.295,0.793,0.366,-0.07324,0.42529,0.84960,31.63
$BARO,53235.053,74307.30,30.88
$MAG,53235.073,0.049,-0.652,-0.891,30.5
$HUM,53235.113,21.8,31.3
$IMU,53235.113,-5.432,-2.319,0.366,-0.05224,0.43261,0.96093,31.61
$BARO,53235.154,74311.77,30.88
$TIME,53235.168,457906.000,2364
$MAG,53235.174,0.048,-0.655,-0.900,30.3
$IMU,53235.188,-4.760,-5.187,-4.516,-0.08203,0.31689,0.97656,31.60
$BARO,53235.256,74382.75,30.88
$IMU,53235.263,7.385,-8.544,-1.342,-0.06787,0.41748,0.88525,31.62
$MAG,53235.275,0.037,-0.655,-0.900,30.5
$IMU,53235.339,1.098,-7.812,-5.981,-0.07324,0.44970,0.93017,31.59
$BARO,53235.357,74251.53,30.89
$MAG,53235.376,0.043,-0.645,-0.904,30.5
$IMU,53235.414,-5.859,-1.831,-3.173,-0.03662,0.38964,1.00292,31.59
$BARO,53235.459,74471.01,30.89
$MAG,53235.476,0.043,-0.648,-0.901,30.3
$IMU,53235.489,-2.685,6.042,0.671,-0.04736,0.43798,1.02880,31.61
$BARO,53235.560,74481.76,30.90
$IMU,53235.564,-1.525,3.051,-6.958,-0.08593,0.44580,1.07275,31.58
$MAG,53235.577,0.046,-0.637,-0.906,30.3
$IMU,53235.639,-0.732,2.624,-4.455,-0.06152,0.43798,1.04052,31.57
$BARO,53235.662,74204.39,30.90
$MAG,53235.678,0.051,-0.639,-0.904,30.3
$IMU,53235.714,-4.089,2.624,-4.028,-0.03271,0.45312,1.03662,31.60
$BARO,53235.763,74427.72,30.89
$MAG,53235.779,0.058,-0.642,-0.903,30.3
$IMU,53235.789,-6.652,7.446,-7.507,-0.10742,0.33300,1.03759,31.62
$VBAT,53235.826,3.926
$BARO,53235.864,74585.96,30.90
$IMU,53235.864,-1.403,1.953,-3.784,-0.03808,0.45410,1.04101,31.58
$MAG,53235.880,0.067,-0.625,-0.894,30.3
$IMU,53235.939,-5.676,1.647,-10.437,0.00830,0.32031,0.98144,31.65
$BARO,53235.966,74539.62,30.90
$MAG,53235.981,0.078,-0.622,-0.888,30.3
$IMU,53236.014,2.136,13.610,-4.333,0.01123,0.30468,0.89599,31.56
$BARO,53236.067,74381.60,30.90
$MAG,53236.081,0.084,-0.619,-0.882,30.3
$IMU,53236.089,1.159,16.723,-9.399,0.01806,0.45605,0.90576,31.60
$HUM,53236.130,21.8,31.2
$IMU,53236.164,-12.695,22.338,-17.578,-0.01318,0.34619,1.02050,31.57
$TIME,53236.168,457907.000,2364
$BARO,53236.169,74379.24,30.90
$MAG,53236.182,0.111,-0.604,-0.871,30.3
$IMU,53236.239,-2.563,29.113,-14.099,0.01660,0.32128,0.96289,31.57
$BARO,53236.270,74492.94,30.91
$MAG,53236.283,0.129,-0.591,-0.841,30.3
$IMU,53236.315,3.479,32.775,-14.465,-0.01318,0.46679,0.93066,31.56
$BARO,53236.372,74348.25,30.90
$MAG,53236.384,0.160,-0.570,-0.823,30.3
$IMU,53236.390,-6.958,28.503,-21.545,-0.05126,0.40820,1.00000,31.54
$IMU,53236.465,-7.812,21.911,-19.592,-0.10205,0.32861,1.01757,31.54
$BARO,53236.473,74371.48,30.89
$MAG,53236.485,0.162,-0.561,-0.808,30.3
$IMU,53236.540,-1.525,10.803,-8.361,-0.10058,0.40087,1.02929,31.57
$BARO,53236.574,74414.51,30.88
$MAG,53236.585,0.166,-0.553,-0.822,30.3
$IMU,53236.615,-0.122,-5.310,-9.582,-0.01074,0.33105,0.95556,31.55
$BARO,53236.676,74413.43,30.87
$MAG,53236.686,0.159,-0.546,-0.819,30.3
$IMU,53236.690,3.112,-7.751,-7.629,-0.10156,0.35156,0.94775,31.55
$IMU,53236.765,2.685,-22.277,-1.708,-0.01123,0.40185,0.95166,31.53
$BARO,53236.777,74375.77,30.87
$MAG,53236.787,0.156,-0.537,-0.843,30.3
$VBAT,53236.827,3.919
$IMU,53236.840,-4.028,-22.155,-9.094,-0.00244,0.32568,1.00732,31.53
$BARO,53236.879,74611.24,30.86
$MAG,53236.888,0.144,-0.535,-0.853,30.1
$IMU,53236.915,3.051,-15.502,-5.187,0.10839,0.37158,0.98730,31.53
$BARO,53236.980,74549.88,30.85
$MAG,53236.989,0.148,-0.531,-0.856,30.3
$IMU,53236.990,3.356,-5.371,-11.474,0.06396,0.35107,0.94482,31.51
$IMU,53237.065,-0.854,3.356,-18.493,0.12304,0.39062,0.99365,31.53
$BARO,53237.082,74388.91,30.82
$MAG,53237.090,0.163,-0.516,-0.850,30.3
$IMU,53237.140,-2.502,17.639,-14.343,0.09130,0.39257,1.02050,31.54
$HUM,53237.146,22.0,31.1
$TIME,53237.168,457908.000,2364
$BARO,53237.183,74372.82,30.80
$MAG,53237.190,0.171,-0.496,-0.834,30.2
$IMU,53237.215,-4.333,19.897,-14.282,0.06347,0.34423,1.05175,31.55
$BARO,53237.284,74480.34,30.79
$MAG,53237.291,0.177,-0.477,-0.820,30.3
$IMU,53237.291,3.967,15.014,-18.981,0.11181,0.41796,1.03125,31.53
$IMU,53237.366,4.211,16.784,-21.667,0.07031,0.45166,1.02490,31.52
$BARO,53237.386,74431.93,30.77
$MAG,53237.392,0.199,-0.466,-0.813,30.2
$IMU,53237.441,-1.159,14.038,-18.920,0.10156,0.41259,1.04296,31.55
$BARO,53237.487,74404.12,30.76
$MAG,53237.493,0.186,-0.463,-0.793,30.2
$IMU,53237.516,0.000,12.451,-12.573,0.02636,0.44335,1.00878,31.51
$BARO,53237.589,74475.15,30.76
$IMU,53237.591,1.159,2.075,-14.953,0.10302,0.38623,1.00292,31.53
$MAG,53237.594,0.202,-0.454,-0.799,30.2
$IMU,53237.666,4.089,-0.915,-18.554,0.14990,0.45410,1.01220,31.50
$BARO,53237.690,74421.09,30.75
$MAG,53237.695,0.196,-0.435,-0.795,30.2
$IMU,53237.741,1.647,1.220,-11.718,0.12841,0.42382,1.01757,31.48
$BARO,53237.791,74451.70,30.73
$MAG,53237.795,0.204,-0.420,-0.801,30.3
$IMU,53237.816,5.187,0.305,-15.502,0.10986,0.40185,0.98730,31.50
$VBAT,53237.827,3.906
$IMU,53237.891,7.141,-2.136,-15.014,0.11083,0.45458,0.97705,31.48
$BARO,53237.893,74527.14,30.73
$MAG,53237.896,0.196,-0.412,-0.799,30.2
$IMU,53237.966,1.403,-0.427,-15.930,0.15234,0.47216,1.02392,31.50
$BARO,53237.994,74580.13,30.70
$MAG,53237.997,0.199,-0.399,-0.796,30.1
$IMU,53238.041,0.427,2.136,-16.967,0.17822,0.45605,1.05175,31.51
$BARO,53238.096,74338.31,30.70
$MAG,53238.098,0.190,-0.375,-0.795,30.3
$IMU,53238.116,3.479,2.258,-14.709,0.18554,0.44824,1.03173,31.48
$HUM,53238.162,22.1,31.1
$TIME,53238.168,457908.000,2364
$IMU,53238.191,3.845,4.638,-20.812,0.10791,0.49121,1.01562,31.48
$BARO,53238.197,74537.01,30.69
$MAG,53238.199,0.189,-0.360,-0.787,30.1
$IMU,53238.266,2.136,1.770,-6.347,0.15625,0.44433,1.04882,31.47
$BARO,53238.299,74402.56,30.73
$MAG,53238.299,0.193,-0.370,-0.787,30.2
$IMU,53238.342,6.774,-0.427,-5.004,0.18652,0.46777,1.01562,31.50
$BARO,53238.400,74523.78,30.74
$MAG,53238.400,0.189,-0.352,-0.801,30.2
$IMU,53238.417,6.591,-0.305,-15.808,0.20458,0.44482,0.96142,31.49
$IMU,53238.492,4.882,0.244,-14.587,0.15380,0.51318,0.98388,31.45
$BARO,53238.501,74563.71,30.76
$MAG,53238.501,0.199,-0.352,-0.798,30.3
$IMU,53238.567,1.647,-3.173,-9.033,0.21728,0.46826,0.95947,31.49
$MAG,53238.602,0.193,-0.331,-0.795,30.2
$BARO,53238.603,74608.53,30.75
$IMU,53238.642,1.342,4.272,-11.413,0.15820,0.46875,0.96191,31.47
$MAG,53238.703,0.195,-0.327,-0.784,30.2
$BARO,53238.704,74564.88,30.75
$IMU,53238.717,2.319,2.807,-8.911,0.19042,0.46826,0.92431,31.45
$IMU,53238.792,1.403,0.183,-9.643,0.20898,0.47509,0.92333,31.45
$MAG,53238.804,0.189,-0.316,-0.795,30.1
$BARO,53238.806,74540.45,30.76
$VBAT,53238.827,3.918
$IMU,53238.867,-0.488,0.244,-11.901,0.10595,0.44531,0.94433,31.44
$MAG,53238.904,0.192,-0.315,-0.792,30.3
$BARO,53238.907,74540.87,30.76
$IMU,53238.942,1.953,-3.479,-4.394,0.17919,0.47265,0.91650,31.42
$MAG,53239.005,0.196,-0.310,-0.796,30.2
$BARO,53239.009,74553.78,30.75
$IMU,53239.017,-0.793,-1.953,-2.807,0.16845,0.46093,0.92431,31.49
$IMU,53239.092,-0.122,-2.258,-1.708,0.14306,0.40820,0.91308,31.41
$MAG,53239.106,0.195,-0.316,-0.811,30.1
$BARO,53239.110,74542.30,30.76
$IMU,53239.167,2.502,-7.080,-1.037,0.22460,0.54150,0.91601,31.42
$TIME,53239.168,457910.000,2364
$HUM,53239.179,21.9,31.1
$MAG,53239.207,0.184,-0.309,-0.805,30.3
$BARO,53239.212,74602.95,30.76
$IMU,53239.242,-7.995,-4.211,-6.652,0.10009,0.38916,0.94091,31.44
$MAG,53239.308,0.184,-0.306,-0.807,30.2
$BARO,53239.313,74391.84,30.73
$IMU,53239.318,-3.234,-11.169,1.770,0.14306,0.37890,0.92187,31.42
$IMU,53239.393,0.488,-14.160,5.004,0.17626,0.46386,0.94677,31.46
$MAG,53239.409,0.180,-0.303,-0.822,30.1
$BARO,53239.414,74707.37,30.70
$IMU,53239.468,-3.112,-15.380,0.732,0.15869,0.37646,0.98876,31.40
$MAG,53239.510,0.175,-0.312,-0.841,30.1
$BARO,53239.516,74719.39,30.68
$IMU,53239.543,4.089,-16.174,-0.183,0.11572,0.41113,0.92578,31.42
$MAG,53239.610,0.169,-0.310,-0.844,30.1
$BARO,53239.617,74589.40,30.65
$IMU,53239.618,3.601,-14.526,5.187,0.19238,0.37109,0.88525,31.43
$IMU,53239.693,0.244,-9.460,-0.671,0.20214,0.42675,0.92480,31.42
$MAG,53239.711,0.169,-0.310,-0.862,30.3
$BARO,53239.719,74612.09,30.63
$IMU,53239.768,-3.417,0.732,-3.479,0.15283,0.39697,0.93212,31.41
$MAG,53239.812,0.165,-0.325,-0.852,30.2
$BARO,53239.820,74626.42,30.62
$VBAT,53239.835,3.926
$IMU,53239.843,-0.976,4.821,0.061,0.19238,0.28027,0.85400,31.42
$MAG,53239.913,0.160,-0.309,-0.850,30.1
$IMU,53239.918,6.164,5.004,-7.812,0.15478,0.40039,0.81640,31.41
$BARO,53239.922,74574.11,30.63
$IMU,53239.993,0.122,5.554,-3.173,0.11230,0.38134,0.79101,31.37
$MAG,53240.014,0.175,-0.306,-0.849,30.3
$BARO,53240.023,74672.32,30.62
$IMU,53240.068,-8.422,2.136,-1.892,0.12304,0.34375,0.87988,31.41
$MAG,53240.115,0.165,-0.298,-0.846,30.2
$BARO,53240.124,74843.43,30.63
$IMU,53240.143,-3.906,2.258,-0.427,0.07763,0.31445,0.89990,31.39
$TIME,53240.168,457911.000,2364
$HUM,53240.195,22.0,31.0
$MAG,53240.215,0.159,-0.309,-0.840,30.1
$IMU,53240.218,3.662,-8.422,4.028,0.10546,0.36181,0.85888,31.37
$BARO,53240.226,74847.38,30.65
$IMU,53240.294,1.770,-15.747,7.324,0.10839,0.36181,0.84326,31.39
$MAG,53240.316,0.163,-0.306,-0.865,30.2
$BARO,53240.327,74691.58,30.66
$IMU,53240.369,-0.244,-19.897,4.699,0.07470,0.35253,0.88134,31.37
$MAG,53240.417,0.148,-0.327,-0.895,30.1
$BARO,53240.429,74695.89,30.68
$IMU,53240.444,-0.366,-26.672,9.155,0.12695,0.28710,0.87402,31.37
$MAG,53240.518,0.130,-0.327,-0.907,30.1
$IMU,53240.519,3.784,-24.047,11.230,0.10937,0.39599,0.87792,31.41
$BARO,53240.530,74624.55,30.68
$IMU,53240.594,0.305,-21.728,8.850,0.13281,0.34277,0.87158,31.37
$MAG,53240.619,0.132,-0.336,-0.915,30.1
$BARO,53240.631,74897.69,30.67
$IMU,53240.669,0.732,-21.667,9.094,0.17626,0.32568,0.87060,31.35
$MAG,53240.720,0.118,-0.343,-0.931,30.2
$BARO,53240.733,74681.80,30.65
$IMU,53240.744,-0.305,-14.343,8.239,0.10888,0.33593,0.85107,31.41
$IMU,53240.819,-3.417,-13.916,6.896,0.14062,0.30517,0.84472,31.37
$MAG,53240.820,0.114,-0.351,-0.942,30.2
$BARO,53240.834,74557.03,30.65
$VBAT,53240.835,3.908
$IMU,53240.894,-3.784,-6.286,8.300,0.11523,0.34667,0.87304,31.41
$MAG,53240.921,0.112,-0.352,-0.936,30.0
$BARO,53240.936,74901.30,30.64
$IMU,53240.969,-5.920,-6.103,5.554,0.11035,0.28125,0.93603,31.35
$MAG,53241.022,0.112,-0.358,-0.948,30.1
$BARO,53241.037,75044.48,30.64
$IMU,53241.044,3.540,-8.666,9.399,0.14257,0.32080,0.86914,31.34
$IMU,53241.119,3.906,-9.094,6.103,0.10351,0.35156,0.82763,31.35
$MAG,53241.123,0.099,-0.366,-0.960,30.1
$BARO,53241.139,74868.17,30.64
$TIME,53241.168,457912.000,2364
$IMU,53241.194,-3.051,-9.582,0.610,0.05908,0.29882,0.85009,31.33
$HUM,53241.211,21.9,31.0
$MAG,53241.224,0.094,-0.360,-0.966,30.0
$BARO,53241.240,74901.13,30.64
$IMU,53241.270,-2.258,-12.268,7.873,0.07617,0.31152,0.87207,31.35
$MAG,53241.325,0.076,-0.373,-0.972,30.0
$BARO,53241.341,74978.96,30.63
$IMU,53241.345,-2.319,-15.258,15.014,0.04394,0.23193,0.84521,31.34
$IMU,53241.420,4.455,-23.437,10.620,0.13671,0.31982,0.80810,31.34
$MAG,53241.425,0.064,-0.381,-0.987,30.2
$BARO,53241.443,74884.53,30.63
$IMU,53241.495,1.464,-18.066,4.943,0.00537,0.24414,0.79785,31.33
$MAG,53241.526,0.049,-0.382,-0.999,30.0
$BARO,53241.544,74887.16,30.61
$IMU,53241.570,-0.549,-22.277,9.460,0.09179,0.31298,0.84472,31.32
$MAG,53241.627,0.036,-0.376,-1.006,30.1
$IMU,53241.645,-4.943,-14.404,11.840,0.06445,0.28027,0.88671,31.32
$BARO,53241.646,74877.95,30.59
$IMU,53241.720,-2.502,-14.343,11.413,0.06591,0.19531,0.89501,31.35
$MAG,53241.728,0.034,-0.393,-1.014,30.2
$BARO,53241.747,74876.39,30.56
$IMU,53241.795,9.582,-19.409,12.390,0.10498,0.29785,0.80957,31.30
$MAG,53241.829,0.016,-0.406,-1.027,30.0
$VBAT,53241.836,3.903
$BARO,53241.849,74789.08,30.57
$IMU,53241.870,2.807,-14.343,7.141,0.05371,0.33154,0.83886,31.33
$MAG,53241.930,-0.001,-0.400,-1.029,30.1
$IMU,53241.945,-8.056,-12.878,6.286,0.09228,0.26074,0.92871,31.37
$BARO,53241.950,74868.20,30.55
$IMU,53242.020,-4.089,-8.972,7.995,0.04882,0.29785,0.97265,31.32
$MAG,53242.030,-0.001,-0.409,-1.035,30.1
$BARO,53242.051,74868.08,30.53
$IMU,53242.095,1.403,-9.582,4.638,0.12792,0.23828,0.92236,31.31
$MAG,53242.131,-0.004,-0.415,-1.036,30.1
$BARO,53242.153,74819.08,30.52
$TIME,53242.168,457913.000,2364
$IMU,53242.170,7.507,-2.746,4.577,0.03222,0.37890,0.88427,31.28
$HUM,53242.227,21.3,30.9
$MAG,53242.232,-0.012,-0.415,-1.039,30.1
$IMU,53242.245,-4.516,-4.699,5.432,0.06347,0.30126,0.91552,31.32
$BARO,53242.254,74986.29,30.49
$IMU,53242.321,-6.713,-5.187,1.708,0.03808,0.23095,0.93505,31.30
$MAG,53242.333,-0.019,-0.411,-1.038,30.1
$BARO,53242.356,74921.73,30.48
$IMU,53242.396,2.441,-8.300,4.211,0.02685,0.26220,0.83886,31.30
$MAG,53242.434,-0.022,-0.415,-1.035,30.0
$BARO,53242.457,74993.70,30.45
$IMU,53242.471,1.159,-7.751,7.690,0.06689,0.23144,0.79638,31.28
$MAG,53242.535,-0.034,-0.417,-1.048,30.2
$IMU,53242.546,-2.685,-8.056,10.803,0.03955,0.21142,0.80859,31.24
$BARO,53242.559,74812.74,30.44
$IMU,53242.621,-0.793,-13.916,8.056,-0.00146,0.21386,0.87451,31.27
$MAG,53242.635,-0.048,-0.426,-1.062,30.0
$BARO,53242.660,75070.95,30.42
$IMU,53242.696,1.953,-21.362,4.211,0.06347,0.28222,0.87304,31.32
$MAG,53242.736,-0.058,-0.429,-1.062,30.0
$BARO,53242.761,75019.20,30.42
$IMU,53242.771,3.540,-14.953,10.192,0.01855,0.00341,0.71533,31.29
$MAG,53242.837,-0.081,-0.448,-1.071,30.1
$IMU,53242.846,19.836,-20.202,9.277,0.08007,0.39453,0.73632,31.26
$VBAT,53242.848,3.910
$BARO,53242.863,75077.07,30.41
$IMU,53242.921,-4.150,-14.648,3.784,0.04248,0.25976,0.84814,31.28
$MAG,53242.938,-0.093,-0.445,-1.069,30.0
$BARO,53242.964,75073.31,30.41
$IMU,53242.996,-10.925,-13.854,4.089,0.07421,0.10986,0.92431,31.29
$MAG,53243.039,-0.108,-0.439,-1.080,30.0
$BARO,53243.066,75271.56,30.41
$IMU,53243.071,9.155,-5.859,0.122,0.04882,0.25927,0.77929,31.26
$MAG,53243.140,-0.099,-0.447,-1.081,30.1
$IMU,53243.146,3.540,-0.732,0.976,0.07324,0.24804,0.82910,31.26
$BARO,53243.167,74964.53,30.41
$TIME,53243.168,457914.000,2364
$IMU,53243.221,-7.324,0.549,-0.976,0.04833,0.22265,0.95605,31.26
$MAG,53243.240,-0.102,-0.441,-1.068,30.1
$HUM,53243.244,21.0,30.9
$BARO,53243.268,75200.77,30.41
$IMU,53243.297,-6.652,1.892,-4.150,0.06005,0.20263,1.00732,31.26
$MAG,53243.341,-0.087,-0.436,-1.077,30.0
$BARO,53243.370,74784.49,30.42
$IMU,53243.372,1.403,7.690,-3.295,0.06201,0.17822,0.91357,31.26
$MAG,53243.442,-0.084,-0.438,-1.063,30.1
$IMU,53243.447,6.103,9.460,-1.708,0.08203,0.27001,0.86718,31.29
$BARO,53243.471,75063.44,30.42
$IMU,53243.522,-5.981,10.498,-5.065,0.06054,0.30712,0.98437,31.26
$MAG,53243.543,-0.069,-0.436,-1.063,30.0
$BARO,53243.573,74922.58,30.42
$IMU,53243.597,-13.977,13.732,-6.469,0.08251,0.18115,0.99365,31.27
$MAG,53243.644,-0.063,-0.417,-1.051,30.0
$IMU,53243.672,-4.577,10.314,-8.483,0.07031,0.17480,0.90820,31.27
$BARO,53243.674,75247.57,30.42
$MAG,53243.745,-0.043,-0.409,-1.060,30.0
$IMU,53243.747,-0.976,9.399,-12.878,0.05664,0.20996,0.83398,31.25
$BARO,53243.775,75321.79,30.43
$IMU,53243.822,-6.958,12.084,-13.061,0.06982,0.28173,0.86767,31.25
$MAG,53243.845,-0.042,-0.396,-1.056,30.0
$VBAT,53243.850,3.914
$BARO,53243.877,75307.07,30.43
$IMU,53243.897,-19.775,14.953,-13.183,0.10156,0.08593,0.88330,31.20
$MAG,53243.946,-0.016,-0.381,-1.038,30.0
$IMU,53243.972,-8.239,18.188,-7.080,0.07128,0.17822,0.86669,31.23
$BARO,53243.978,75244.45,30.46
$MAG,53244.047,-0.004,-0.370,-1.032,30.0
$IMU,53244.047,-6.469,20.812,-7.751,0.16259,0.22021,0.84619,31.23
$BARO,53244.080,75285.45,30.48
$IMU,53244.122,-14.709,26.428,-19.897,0.05468,0.12841,0.91503,31.21
$MAG,53244.148,0.025,-0.355,-1.020,30.0
$TIME,53244.168,457915.000,2364
$BARO,53244.181,75312.60,30.49
$IMU,53244.197,-8.361,23.681,-11.596,0.14599,0.18457,0.94580,31.24
$MAG,53244.249,0.036,-0.346,-1.006,30.1
$HUM,53244.260,21.4,30.9
$IMU,53244.273,-4.028,27.709,-13.000,0.10888,0.25292,0.93847,31.23
$BARO,53244.283,75401.52,30.52
$IMU,53244.348,-10.375,29.968,-15.625,0.16259,0.15283,0.96386,31.19
$MAG,53244.350,0.064,-0.328,-0.990,30.0
$BARO,53244.384,75268.22,30.54
$IMU,53244.423,-5.126,33.447,-18.981,0.10742,0.24707,0.98339,31.26
$MAG,53244.450,0.075,-0.304,-0.966,30.1
$BARO,53244.485,75285.86,30.54
$IMU,53244.498,-6.835,28.259,-21.545,0.10644,0.21191,0.98779,31.21
$MAG,53244.551,0.093,-0.289,-0.942,30.0
$IMU,53244.573,-4.028,25.451,-21.667,0.06787,0.22753,0.98730,31.21
$BARO,53244.587,75315.80,30.55
$IMU,53244.648,-2.929,14.160,-18.249,0.08251,0.28173,1.01660,31.22
$MAG,53244.652,0.094,-0.276,-0.936,30.0
$BARO,53244.688,75261.73,30.54
$IMU,53244.723,-3.479,9.887,-17.211,0.07275,0.18554,0.97705,31.18
$MAG,53244.753,0.090,-0.261,-0.933,30.0
$BARO,53244.790,75394.65,30.54
$IMU,53244.798,2.258,4.577,-18.981,0.13525,0.27441,0.95996,31.20
$MAG,53244.854,0.099,-0.247,-0.928,30.1
$VBAT,53244.869,3.921
$IMU,53244.873,-4.455,4.272,-16.357,0.08056,0.24218,0.98437,31.23
$BARO,53244.891,75421.24,30.56
$IMU,53244.948,-5.371,1.586,-17.089,0.10253,0.28857,0.98046,31.12
$MAG,53244.955,0.085,-0.241,-0.933,30.0
$BARO,53244.993,75450.13,30.59
$IMU,53245.023,-7.934,7.141,-14.160,0.15625,0.19042,0.97851,31.18
$MAG,53245.056,0.091,-0.220,-0.915,30.0
$BARO,53245.094,75430.43,30.60
$IMU,53245.098,-1.403,8.361,-19.653,0.14746,0.30810,0.95361,31.14
$MAG,53245.156,0.076,-0.201,-0.909,30.0
$TIME,53245.168,457916.000,2364
$IMU,53245.173,-7.629,10.375,-21.850,0.13281,0.26171,0.96630,31.18
$BARO,53245.195,75466.75,30.59
$IMU,53245.249,-9.399,13.244,-21.972,0.21923,0.24902,0.99414,31.17
$MAG,53245.257,0.079,-0.183,-0.891,30.0
$HUM,53245.276,21.7,30.9
$BARO,53245.297,75365.94,30.58
$IMU,53245.324,-8.117,23.742,-25.817,0.12402,0.27685,0.96289,31.22
$MAG,53245.358,0.082,-0.163,-0.876,30.0
$BARO,53245.398,75464.00,30.58
$IMU,53245.399,-9.765,22.644,-27.038,0.15722,0.29785,0.97607,31.14
$MAG,53245.459,0.069,-0.133,-0.858,30.0
$IMU,53245.474,-12.939,23.132,-25.878,0.20507,0.29248,0.98974,31.17
$BARO,53245.500,75440.16,30.55
$IMU,53245.549,-9.033,24.536,-27.404,0.15136,0.25781,1.00732,31.16
$MAG,53245.560,0.066,-0.117,-0.831,30.1
$BARO,53245.601,75482.74,30.54
$IMU,53245.624,-3.051,20.507,-30.151,0.16064,0.31982,0.99902,31.14
$MAG,53245.660,0.052,-0.091,-0.822,30.0
$IMU,53245.699,-0.122,18.310,-26.611,0.18457,0.32714,0.96679,31.15
$BARO,53245.703,75574.85,30.53
$MAG,53245.761,0.052,-0.078,-0.808,30.0
$IMU,53245.774,-3.479,15.563,-26.428,0.20898,0.37988,1.02636,31.18
$BARO,53245.804,75544.46,30.52
$IMU,53245.849,-3.051,11.840,-29.418,0.20898,0.35058,1.05517,31.14
$MAG,53245.862,0.040,-0.061,-0.801,30.0
$VBAT,53245.873,3.926
$BARO,53245.905,75585.31,30.52
$IMU,53245.924,1.586,15.625,-28.137,0.17919,0.37890,1.05078,31.17
$MAG,53245.963,0.016,-0.045,-0.793,30.0
$IMU,53245.999,1.464,17.761,-25.573,0.22851,0.44140,0.99902,31.18
$BARO,53246.007,75602.64,30.51
$MAG,53246.064,-0.006,-0.034,-0.783,29.7
$IMU,53246.074,-2.685,21.057,-31.738,0.19433,0.41162,1.00488,31.16
$BARO,53246.108,75593.28,30.51
$IMU,53246.149,-4.943,19.348,-30.822,0.19873,0.44482,1.06591,31.13
$MAG,53246.165,-0.013,-0.004,-0.772,29.8
$TIME,53246.168,457917.000,2364
$BARO,53246.210,75616.27,30.50
$IMU,53246.224,-2.319,20.141,-29.663,0.20019,0.46093,1.02392,31.17
$MAG,53246.265,-0.042,0.007,-0.759,30.0
$HUM,53246.292,22.0,30.8
$IMU,53246.300,-2.563,19.531,-26.306,0.19384,0.49755,1.07275,31.17
$BARO,53246.311,75595.08,30.51
$MAG,53246.366,-0.049,0.015,-0.751,30.0
$IMU,53246.375,-3.417,17.150,-23.803,0.24414,0.52392,1.08056,31.15
$BARO,53246.412,75655.90,30.50
$IMU,53246.450,-7.202,18.188,-24.658,0.23730,0.53222,1.13818,31.12
$MAG,53246.467,-0.073,0.034,-0.739,30.0
$BARO,53246.514,75527.74,30.50
$IMU,53246.525,-5.187,19.165,-22.583,0.26220,0.49658,1.08496,31.16
$MAG,53246.568,-0.081,0.030,-0.735,30.0
$IMU,53246.600,0.915,15.197,-19.897,0.24951,0.54931,1.07373,31.12
$BARO,53246.615,75632.26,30.50
$MAG,53246.669,-0.103,0.045,-0.714,29.8
$IMU,53246.675,-2.258,12.268,-25.634,0.22802,0.54492,1.06054,31.11
$BARO,53246.717,75799.10,30.51
$IMU,53246.750,-3.784,11.108,-21.179,0.29638,0.42724,1.05761,31.16
$MAG,53246.769,-0.127,0.051,-0.718,30.0
$BARO,53246.818,75830.64,30.51
$IMU,53246.825,6.835,13.244,-27.160,0.20458,0.55517,0.96972,31.11
$MAG,53246.870,-0.144,0.063,-0.727,30.0
$VBAT,53246.878,3.939
$IMU,53246.900,0.366,10.375,-22.888,0.26025,0.47607,0.97949,31.12
$BARO,53246.920,75868.01,30.51
$MAG,53246.971,-0.162,0.060,-0.720,29.6
$IMU,53246.975,1.281,10.070,-22.094,0.27246,0.50097,0.96044,31.11
$BARO,53247.021,75840.22,30.50
$IMU,53247.050,3.234,11.840,-24.780,0.22753,0.54101,0.90673,31.10
$MAG,53247.072,-0.189,0.081,-0.715,30.0
$BARO,53247.122,75925.56,30.50
$IMU,53247.125,-0.366,9.826,-22.338,0.23925,0.46289,0.96044,31.13
$TIME,53247.168,457918.000,2364
$MAG,53247.173,-0.213,0.072,-0.720,29.7
$IMU,53247.200,4.333,7.751,-26.733,0.26660,0.56103,0.92578,31.14
$BARO,53247.224,75890.78,30.47
$MAG,53247.273,-0.235,0.067,-0.721,30.0
$IMU,53247.276,1.342,8.422,-24.169,0.22412,0.41748,0.90136,31.14
$HUM,53247.308,22.1,30.7
$BARO,53247.325,75939.65,30.47
$IMU,53247.351,6.713,7.141,-23.010,0.20556,0.48974,0.87304,31.07
$MAG,53247.374,-0.256,0.082,-0.730,29.7
$IMU,53247.426,3.845,7.690,-23.620,0.22558,0.48095,0.86376,31.07
$BARO,53247.427,76034.88,30.45
$MAG,53247.475,-0.276,0.073,-0.721,30.0
$IMU,53247.501,1.403,9.948,-20.935,0.25341,0.42382,0.87402,31.15
$BARO,53247.528,75951.74,30.44
$MAG,53247.576,-0.300,0.081,-0.721,30.0
$IMU,53247.576,3.295,11.230,-25.878,0.26855,0.44970,0.85449,31.08
$BARO,53247.630,75919.54,30.44
$IMU,53247.651,3.173,14.160,-28.137,0.20898,0.47900,0.90380,31.07
$MAG,53247.677,-0.325,0.076,-0.729,30.0
$IMU,53247.726,4.394,10.253,-30.151,0.29589,0.48339,0.88867,31.09
$BARO,53247.731,75841.76,30.44
$MAG,53247.777,-0.352,0.066,-0.736,30.0
$IMU,53247.801,3.784,19.165,-36.560,0.23095,0.50292,0.86083,31.10
$BARO,53247.832,76011.07,30.43
$IMU,53247.876,0.610,23.254,-32.653,0.22460,0.49072,0.94531,31.07
$MAG,53247.878,-0.379,0.061,-0.739,29.7
$VBAT,53247.884,3.918
$BARO,53247.934,76063.99,30.43
$IMU,53247.951,2.441,27.099,-35.217,0.27148,0.56005,0.95898,31.02
$MAG,53247.979,-0.402,0.057,-0.742,30.0
$IMU,53248.026,4.577,29.113,-34.912,0.19335,0.60156,0.98291,31.03
$BARO,53248.035,76028.91,30.43
$MAG,53248.080,-0.433,0.042,-0.750,29.7
$IMU,53248.101,2.075,21.057,-36.010,0.26318,0.63330,1.05468,31.09
$BARO,53248.137,76164.36,30.44
$TIME,53248.168,457919.000,2364
$IMU,53248.176,5.920,21.606,-34.667,0.26611,0.60693,1.02197,31.09
$MAG,53248.181,-0.466,0.036,-0.768,29.6
$BARO,53248.238,76002.88,30.44
$IMU,53248.252,10.498,24.169,-39.916,0.18408,0.67529,0.94921,31.08
$MAG,53248.281,-0.484,0.015,-0.780,29.6
$HUM,53248.324,22.2,30.7
$IMU,53248.327,3.417,27.099,-28.381,0.26171,0.70947,1.00097,31.03
$BARO,53248.339,76168.90,30.42
$MAG,53248.382,-0.498,-0.006,-0.801,29.7
$IMU,53248.402,0.488,26.062,-32.775,0.22802,0.65185,1.05615,31.04
$BARO,53248.441,75952.93,30.42
$IMU,53248.477,8.300,18.371,-36.743,0.20458,0.67041,0.99853,31.02
$MAG,53248.483,-0.529,-0.018,-0.804,29.7
$BARO,53248.542,75923.95,30.41
$IMU,53248.552,7.080,20.141,-30.944,0.23437,0.74511,0.98291,31.08
$MAG,53248.584,-0.532,-0.034,-0.825,30.0
$IMU,53248.627,-0.854,19.348,-33.386,0.25976,0.70166,1.07226,31.05
$BARO,53248.644,76119.61,30.38
$MAG,53248.685,-0.547,-0.054,-0.834,29.7
$IMU,53248.702,2.624,22.521,-34.667,0.23046,0.73828,1.10546,31.03
$BARO,53248.745,76134.94,30.38
$IMU,53248.777,5.187,24.597,-34.729,0.20410,0.71044,1.07128,31.01
$MAG,53248.786,-0.567,-0.073,-0.843,29.8
$BARO,53248.847,76121.10,30.37
$IMU,53248.852,4.821,22.399,-35.522,0.23291,0.76367,1.06591,31.07
$MAG,53248.886,-0.582,-0.094,-0.858,30.0
$VBAT,53248.888,3.913
$IMU,53248.927,3.295,22.644,-32.348,0.27001,0.77832,1.12353,31.01
$BARO,53248.948,76382.40,30.36
$MAG,53248.987,-0.589,-0.118,-0.882,29.7
$IMU,53249.002,1.586,25.512,-36.865,0.24121,0.76611,1.19091,31.02
$BARO,53249.050,76372.99,30.35
$IMU,53249.077,8.544,26.306,-38.574,0.19091,0.81933,1.12792,31.05
$MAG,53249.088,-0.595,-0.135,-0.900,29.6
$BARO,53249.151,76196.93,30.35
$IMU,53249.152,5.554,27.160,-33.996,0.23193,0.80957,1.16357,31.04
$TIME,53249.168,457919.000,2364
$MAG,53249.189,-0.589,-0.171,-0.918,29.6
$IMU,53249.227,6.408,26.306,-35.278,0.19384,0.80664,1.18359,31.03
$BARO,53249.252,76149.25,30.33
$MAG,53249.290,-0.594,-0.196,-0.930,29.6
$IMU,53249.303,9.277,24.230,-34.179,0.20068,0.83544,1.16162,31.01
$HUM,53249.340,22.2,30.5
$BARO,53249.354,76392.49,30.32
$IMU,53249.378,8.422,23.925,-33.691,0.13867,0.85009,1.22167,31.03
$MAG,53249.390,-0.592,-0.225,-0.952,30.0
$IMU,53249.453,14.648,14.709,-31.799,0.23583,0.90576,1.21533,31.01
$BARO,53249.455,76395.54,30.30
$MAG,53249.491,-0.586,-0.252,-0.964,29.5
$IMU,53249.528,14.099,21.179,-33.569,0.11718,0.90771,1.18652,31.00
$BARO,53249.557,76440.65,30.28
$MAG,53249.592,-0.585,-0.277,-0.978,29.7
$IMU,53249.603,12.817,16.418,-25.390,0.22949,0.92724,1.27490,31.01
$BARO,53249.658,76250.19,30.25
$IMU,53249.678,18.981,20.935,-25.207,0.07861,0.97753,1.24609,30.96
$MAG,53249.693,-0.582,-0.289,-0.985,29.8
$IMU,53249.753,19.226,16.357,-24.658,0.22851,0.97802,1.23339,31.01
$BARO,53249.760,76323.34,30.25
$MAG,53249.794,-0.565,-0.327,-0.994,29.7
$IMU,53249.828,17.395,19.287,-21.362,0.19433,1.05126,1.21240,30.99
$BARO,53249.861,76483.43,30.21
$VBAT,53249.893,3.929
$MAG,53249.894,-0.553,-0.349,-1.002,29.6
$IMU,53249.903,10.498,16.357,-24.475,0.19287,1.07617,1.25976,31.01
$BARO,53249.962,76417.62,30.20
$IMU,53249.978,10.070,20.568,-23.315,0.11865,0.98925,1.28710,31.02
$MAG,53249.995,-0.529,-0.369,-1.020,29.5
$IMU,53250.053,16.357,17.150,-19.714,0.17822,1.08593,1.24169,31.00
$BARO,53250.064,76291.16,30.18
$MAG,53250.096,-0.523,-0.403,-1.035,29.6
$IMU,53250.128,14.892,17.028,-21.301,0.14013,1.01611,1.22167,30.96
$BARO,53250.165,76730.91,30.17
$TIME,53250.168,457921.000,2364
$MAG,53250.197,-0.511,-0.421,-1.035,29.7
$IMU,53250.203,16.174,14.526,-16.418,0.13964,1.04248,1.14892,30.95
$BARO,53250.267,76762.67,30.15
$IMU,53250.279,7.690,10.864,-16.601,0.13964,1.04394,1.18750,30.92
$MAG,53250.298,-0.502,-0.424,-1.032,29.5
$IMU,53250.354,5.859,8.483,-13.488,0.13720,1.02636,1.25781,30.98
$HUM,53250.356,22.0,30.3
$BARO,53250.368,76688.69,30.15
$MAG,53250.399,-0.492,-0.441,-1.045,29.7
$IMU,53250.429,9.521,7.080,-12.817,0.17333,0.99169,1.23437,30.99
$BARO,53250.470,76593.78,30.13
$MAG,53250.499,-0.478,-0.454,-1.048,29.8
$IMU,53250.504,7.385,8.972,-12.268,0.14550,0.99121,1.23339,30.94
$BARO,53250.571,77043.59,30.12
$IMU,53250.579,6.225,11.169,-9.887,0.10839,0.98681,1.22412,30.94
$MAG,53250.600,-0.475,-0.465,-1.042,29.8
$IMU,53250.654,5.187,4.760,-5.615,0.12304,0.89794,1.22607,30.98
$BARO,53250.672,76904.73,30.12
$MAG,53250.701,-0.466,-0.468,-1.035,29.6
$IMU,53250.729,5.065,2.807,-6.652,0.11425,0.97216,1.22216,30.94
$BARO,53250.774,76881.30,30.12
$MAG,53250.802,-0.460,-0.480,-1.044,29.5
$IMU,53250.804,5.126,4.333,-5.554,0.11767,0.86621,1.28808,30.97
$BARO,53250.875,77084.84,30.11
$IMU,53250.879,12.695,8.056,-6.530,0.07275,0.87646,1.19140,30.89
$MAG,53250.903,-0.460,-0.492,-1.047,29.7
$VBAT,53250.907,3.922
$IMU,53250.954,10.986,4.577,-3.662,0.14501,0.90869,1.17919,30.89
$BARO,53250.977,77100.95,30.10
$MAG,53251.003,-0.454,-0.502,-1.050,29.6
$IMU,53251.029,7.934,1.831,-6.042,0.08300,0.92089,1.29296,30.89
$BARO,53251.078,77263.60,30.11
$MAG,53251.104,-0.462,-0.513,-1.050,29.6
$IMU,53251.104,10.314,0.854,-8.361,0.04931,0.91699,1.28369,30.94
$TIME,53251.168,457922.000,2364
$BARO,53251.179,77106.19,30.10
$IMU,53251.179,11.962,-0.732,-8.605,0.08203,0.91552,1.19775,30.97
$MAG,53251.205,-0.448,-0.522,-1.041,29.8
$IMU,53251.254,4.577,2.258,-4.638,0.05175,0.94677,1.30712,30.92
$BARO,53251.281,76888.93,30.09
$MAG,53251.306,-0.444,-0.532,-1.036,29.5
$IMU,53251.330,5.920,2.624,-4.516,0.13916,0.82812,1.34179,30.91
$HUM,53251.372,21.9,30.2
$BARO,53251.382,77240.81,30.09
$IMU,53251.405,11.962,6.164,-12.145,0.05664,0.96240,1.20654,30.92
$MAG,53251.407,-0.433,-0.531,-1.030,29.6
$IMU,53251.480,1.770,4.882,-9.338,0.14990,0.81396,1.31884,30.92
$BARO,53251.484,77318.23,30.08
$MAG,53251.507,-0.418,-0.547,-1.050,29.6
$IMU,53251.555,8.605,8.666,-11.352,0.10986,0.89697,1.32958,30.92
$BARO,53251.585,77398.91,30.07
$MAG,53251.608,-0.409,-0.562,-1.038,29.6
$IMU,53251.630,8.972,7.507,-10.681,0.07031,0.84521,1.29687,30.93
$BARO,53251.687,77537.33,30.07
$IMU,53251.705,9.155,3.479,-9.521,0.12011,0.86376,1.30566,30.94
$MAG,53251.709,-0.403,-0.561,-1.029,29.6
$IMU,53251.780,8.544,5.676,-14.282,0.03271,0.81689,1.31201,30.91
$BARO,53251.788,77647.02,30.07
$MAG,53251.810,-0.399,-0.580,-1.030,29.6
$IMU,53251.855,12.756,3.356,-5.126,0.16601,0.83935,1.29003,30.88
$BARO,53251.890,77384.97,30.07
$MAG,53251.911,-0.402,-0.591,-1.024,29.3
$VBAT,53251.911,3.914
$IMU,53251.930,10.925,4.821,-10.803,0.11669,0.89208,1.24121,30.93
$BARO,53251.991,77560.81,30.06
$IMU,53252.005,8.666,6.225,-13.916,0.11376,0.84375,1.35302,30.88
$MAG,53252.011,-0.375,-0.606,-1.033,29.6
$IMU,53252.080,14.038,9.216,-12.695,0.13134,0.94042,1.32568,30.92
$BARO,53252.092,77511.40,30.05
$MAG,53252.112,-0.369,-0.618,-1.023,29.6
$IMU,53252.155,11.352,11.352,-18.188,0.13330,0.89794,1.30322,30.86
$TIME,53252.168,457923.000,2364
$BARO,53252.194,77519.47,30.04
$MAG,53252.213,-0.348,-0.622,-1.020,29.5
$IMU,53252.230,6.713,14.648,-13.854,0.09863,0.95214,1.36962,30.89
$BARO,53252.295,77827.40,30.04
$IMU,53252.306,9.094,10.742,-15.136,0.12402,0.99218,1.42187,30.88
$MAG,53252.314,-0.327,-0.637,-1.015,29.5
$IMU,53252.381,9.582,10.009,-15.197,0.11328,1.00830,1.40771,30.84
$HUM,53252.388,20.6,30.2
$BARO,53252.397,77634.18,30.02
$MAG,53252.415,-0.319,-0.636,-1.008,29.5
$IMU,53252.456,7.019,9.399,-13.610,0.07080,1.06689,1.47070,30.87
$BARO,53252.498,77515.96,30.02
$MAG,53252.515,-0.304,-0.654,-1.012,29.6
$IMU,53252.531,5.310,8.117,-6.591,0.10107,0.99902,1.50244,30.88
$BARO,53252.600,77820.06,30.03
$IMU,53252.606,8.728,6.164,-11.291,0.08398,1.00341,1.50976,30.85
$MAG,53252.616,-0.295,-0.654,-1.002,29.6
$IMU,53252.681,15.075,0.427,-10.742,0.14453,1.15136,1.42041,30.90
$BARO,53252.701,77740.43,30.02
$MAG,53252.717,-0.285,-0.664,-0.996,29.6
$IMU,53252.756,6.530,6.896,-10.803,0.00537,1.00439,1.50634,30.85
$BARO,53252.802,77954.51,30.03
$MAG,53252.818,-0.273,-0.675,-1.003,29.5
$IMU,53252.831,9.582,3.601,-4.882,0.11279,1.22656,1.49414,30.85
$BARO,53252.904,77826.47,30.02
$IMU,53252.906,4.577,6.225,-2.807,0.13574,1.06787,1.65283,30.87
$MAG,53252.919,-0.273,-0.684,-0.991,29.5
$VBAT,53252.926,3.927
$IMU,53252.981,17.517,7.995,-8.666,0.02392,1.27978,1.60839,30.85
$BARO,53253.005,77943.84,30.01
$MAG,53253.019,-0.256,-0.702,-0.990,29.6
$IMU,53253.056,9.704,5.615,-4.699,-0.01806,1.25292,1.78369,30.88
$BARO,53253.107,77881.36,30.01
$MAG,53253.120,-0.273,-0.700,-0.973,29.5
$IMU,53253.131,14.099,-2.319,2.502,0.11328,1.34863,1.72363,30.86
$TIME,53253.168,457923.000,2364
$IMU,53253.206,9.338,-0.549,-1.342,0.02587,1.26953,1.71142,30.86
$BARO,53253.208,77699.01,29.99
$MAG,53253.221,-0.262,-0.714,-0.967,29.5
$IMU,53253.282,5.065,3.295,-1.892,0.02734,1.17578,1.83251,30.85
$BARO,53253.310,78163.87,29.97
$MAG,53253.322,-0.247,-0.712,-0.958,29.5
$IMU,53253.357,14.282,8.483,-7.263,0.04980,1.32421,1.73681,30.86
$HUM,53253.404,6524.4,30.2
$BARO,53253.411,77929.87,29.97
$MAG,53253.423,-0.238,-0.726,-0.952,29.5
$IMU,53253.432,10.192,9.216,-13.916,0.02246,1.15136,1.73876,30.85
$IMU,53253.507,14.831,3.967,-17.089,0.05029,1.34423,1.67529,30.86
$BARO,53253.512,78168.06,29.96
$MAG,53253.524,-0.228,-0.723,-0.948,29.5
$IMU,53253.582,8.056,9.338,-14.465,-0.02392,1.16699,1.71777,30.83
$BARO,53253.614,78134.74,29.95
$MAG,53253.624,-0.202,-0.733,-0.933,29.5
$IMU,53253.657,13.671,7.751,-9.399,0.06787,1.37500,1.74023,30.84
$BARO,53253.715,78130.30,29.95
$MAG,53253.725,-0.198,-0.753,-0.925,29.5
$IMU,53253.732,11.962,4.516,-11.108,0.05078,1.34570,1.70605,30.82
$IMU,53253.807,10.070,11.047,-0.061,-0.03320,1.34326,1.72021,30.84
$BARO,53253.816,77987.13,29.94
$MAG,53253.826,-0.195,-0.759,-0.907,29.5
$IMU,53253.882,8.056,3.723,4.028,0.13916,1.33300,1.74902,30.82
$BARO,53253.918,78211.03,29.93
$MAG,53253.927,-0.186,-0.769,-0.910,29.5
$VBAT,53253.931,3.924
$IMU,53253.957,9.948,7.568,-0.549,-0.04150,1.39746,1.72314,30.80
$BARO,53254.019,78367.55,29.93
$MAG,53254.028,-0.201,-0.756,-0.910,29.5
$IMU,53254.032,4.028,-6.164,11.840,0.00000,1.36962,1.88916,30.80
$IMU,53254.107,8.605,-15.502,9.338,-0.04101,1.46826,2.05273,30.82
$BARO,53254.121,78183.22,29.93
$MAG,53254.128,-0.228,-0.769,-0.900,29.5
$TIME,53254.168,457925.000,2364
$IMU,53254.182,13.916,-14.831,9.948,-0.07568,1.43945,2.08300,30.78
$BARO,53254.222,78519.52,29.94
$MAG,53254.229,-0.244,-0.781,-0.888,29.5
$IMU,53254.257,14.221,-10.925,15.930,-0.01367,1.61523,2.01660,30.82
$BARO,53254.323,78583.61,29.96
$MAG,53254.330,-0.253,-0.783,-0.888,29.5
$IMU,53254.333,3.234,-10.314,9.155,0.01123,1.51562,2.09960,30.82
$IMU,53254.408,2.685,-3.234,0.915,-0.10986,1.38623,2.12207,30.77
$HUM,53254.420,19.4,30.2
$BARO,53254.425,78666.09,29.98
$MAG,53254.431,-0.261,-0.786,-0.880,29.6
$IMU,53254.483,6.591,-2.990,3.906,0.01416,1.40087,2.04296,30.80
$BARO,53254.526,78813.73,29.99
$MAG,53254.532,-0.249,-0.787,-0.888,29.5
$IMU,53254.558,6.408,5.737,-2.136,0.01074,1.37158,1.97753,30.80
$BARO,53254.628,78795.42,30.01
$MAG,53254.632,-0.252,-0.798,-0.882,29.5
$IMU,53254.633,3.479,6.713,-1.831,-0.03320,1.31689,1.96484,30.82
$IMU,53254.708,3.967,0.671,-5.859,-0.14111,1.15283,1.97412,30.75
$BARO,53254.729,78918.42,30.02
$MAG,53254.733,-0.252,-0.795,-0.870,29.5
$IMU,53254.783,8.056,-11.657,5.981,0.02148,1.19433,1.94775,30.78
$BARO,53254.831,78976.73,30.02
$MAG,53254.834,-0.268,-0.802,-0.868,29.5
$IMU,53254.858,5.737,-10.681,10.864,0.06933,1.17724,1.87207,30.76
$BARO,53254.932,79184.01,30.02
$IMU,53254.933,2.014,-9.765,0.732,-0.15771,1.00097,1.70947,30.77
$MAG,53254.935,-0.271,-0.801,-0.864,29.5
$VBAT,53254.942,3.924
$IMU,53255.008,-0.061,-11.596,7.934,0.00927,0.84863,1.66113,30.69
$BARO,53255.033,78466.19,30.02
$MAG,53255.036,-0.288,-0.811,-0.859,29.5
$IMU,53255.083,0.732,-5.798,14.953,0.19433,0.92724,1.78466,30.78
$BARO,53255.135,79427.76,30.02
$MAG,53255.136,-0.292,-0.801,-0.849,29.5
$IMU,53255.158,15.258,4.638,2.807,0.02636,0.89843,1.62792,30.78
$TIME,53255.168,457926.000,2364
$IMU,53255.233,13.793,6.103,2.563,0.03173,1.04931,1.71582,30.78
$BARO,53255.236,79121.71,30.04
$MAG,53255.237,-0.291,-0.816,-0.846,29.5
$IMU,53255.309,2.197,7.568,7.263,0.07568,1.08789,1.88134,30.77
$BARO,53255.338,79320.78,30.03
$MAG,53255.338,-0.292,-0.817,-0.832,29.3
$IMU,53255.384,8.605,0.610,5.493,-0.07763,1.07910,2.02392,30.77
$HUM,53255.436,21.3,30.3
$BARO,53255.439,79632.83,30.03
$MAG,53255.439,-0.312,-0.826,-0.828,29.3
$IMU,53255.459,12.695,-3.906,5.493,-0.15283,1.07617,1.99365,30.71
$IMU,53255.534,14.587,-17.456,26.855,-0.06152,1.24316,1.90478,30.74
$MAG,53255.540,-0.343,-0.828,-0.813,29.2
$BARO,53255.541,79098.45,30.02
$IMU,53255.609,-2.746,-28.991,28.442,-0.03515,0.98388,2.05371,30.70
$MAG,53255.640,-0.370,-0.825,-0.807,29.5
$BARO,53255.642,79350.05,30.02
$IMU,53255.684,4.943,-30.151,16.174,-0.10693,1.13818,1.92382,30.71
$MAG,53255.741,-0.402,-0.810,-0.805,29.5
$BARO,53255.743,79594.88,30.03
$IMU,53255.759,-5.554,-18.371,12.878,-0.13134,0.93310,1.94335,30.73
$IMU,53255.834,-2.807,-7.629,17.150,-0.12402,0.83447,1.92822,30.74
$MAG,53255.842,-0.409,-0.816,-0.810,29.3
$BARO,53255.845,79563.19,30.05
$IMU,53255.909,7.812,-3.295,12.451,-0.11376,0.85546,1.78125,30.71
$VBAT,53255.942,3.927
$MAG,53255.943,-0.421,-0.805,-0.805,29.3
$BARO,53255.946,79479.14,30.05
$IMU,53255.984,4.638,-3.173,8.666,-0.08203,0.86035,1.77978,30.71
$MAG,53256.044,-0.412,-0.807,-0.792,29.5
$BARO,53256.048,79485.82,30.05
$IMU,53256.059,1.464,3.112,-5.798,-0.19287,0.71826,1.69335,30.71
$IMU,53256.134,3.845,1.037,10.131,-0.08642,0.77050,1.62890,30.73
$MAG,53256.145,-0.433,-0.820,-0.793,29.5
$BARO,53256.149,79415.94,30.04
$TIME,53256.168,457928.000,2364
$IMU,53256.209,-2.319,-1.403,8.911,-0.05712,0.74169,1.63427,30.72
$MAG,53256.245,-0.429,-0.807,-0.801,29.5
$BARO,53256.251,79509.59,30.04
$IMU,53256.284,-2.929,-8.483,1.342,-0.06689,0.53759,1.64355,30.71
$MAG,53256.346,-0.439,-0.804,-0.784,29.5
$BARO,53256.352,79649.89,30.04
$IMU,53256.360,10.437,-9.338,4.516,-0.00781,0.69384,1.44921,30.67
$IMU,53256.435,-0.488,-4.577,1.831,0.02929,0.57763,1.40283,30.70
$MAG,53256.447,-0.441,-0.807,-0.798,29.3
$HUM,53256.451,21.7,30.5
$BARO,53256.454,79749.90,30.03
$IMU,53256.510,-4.882,4.821,2.502,-0.01757,0.47607,1.50390,30.73
$MAG,53256.548,-0.441,-0.811,-0.792,29.3
$BARO,53256.555,79910.85,30.04
$IMU,53256.585,6.469,8.789,3.601,0.00048,0.61669,1.41357,30.71
$MAG,53256.649,-0.430,-0.808,-0.795,29.2
$BARO,53256.656,79620.20,30.04
$IMU,53256.660,1.770,11.169,-5.859,-0.03857,0.40185,1.40527,30.70
$IMU,53256.735,5.310,12.084,0.183,-0.04736,0.48388,1.29589,30.64
$MAG,53256.749,-0.430,-0.814,-0.790,29.3
$BARO,53256.758,79900.54,30.04
$IMU,53256.810,3.356,12.878,-3.723,-0.04833,0.46630,1.31005,30.71
$MAG,53256.850,-0.423,-0.814,-0.798,29.5
$BARO,53256.859,79650.57,30.04
$IMU,53256.885,2.807,9.033,-2.014,-0.00488,0.33007,1.25878,30.69
$VBAT,53256.950,3.926
$MAG,53256.951,-0.424,-0.813,-0.789,29.5
$IMU,53256.960,7.263,10.253,6.103,-0.01513,0.55273,1.21630,30.69
$BARO,53256.961,79599.65,30.04
$IMU,53257.035,-3.601,5.310,-0.915,-0.04345,0.37402,1.35449,30.65
$MAG,53257.052,-0.415,-0.813,-0.789,29.3
$BARO,53257.062,79706.71,30.04
$IMU,53257.110,7.629,5.493,-0.122,-0.13476,0.46923,1.25488,30.69
$MAG,53257.153,-0.415,-0.823,-0.786,29.3
$BARO,53257.164,79808.18,30.05
$TIME,53257.168,457929.000,2364
$IMU,53257.185,6.347,-0.793,6.347,-0.01806,0.53515,1.22314,30.66
$MAG,53257.253,-0.421,-0.817,-0.789,29.5
$IMU,53257.260,-6.103,4.028,7.019,-0.15332,0.30468,1.33740,30.64
$BARO,53257.265,79587.61,30.05
$IMU,53257.336,11.718,-5.798,11.169,-0.00439,0.47119,1.21679,30.67
$MAG,53257.354,-0.438,-0.822,-0.774,29.3
$BARO,53257.366,79622.08,30.04
$IMU,53257.411,7.934,-3.295,0.671,-0.04833,0.45458,1.17480,30.62
$MAG,53257.455,-0.429,-0.811,-0.769,29.3
$HUM,53257.467,22.5,30.5
$BARO,53257.468,79694.25,30.03
$IMU,53257.486,-1.525,-0.793,-0.427,-0.09570,0.48632,1.18603,30.65
$MAG,53257.556,-0.439,-0.805,-0.771,29.5
$IMU,53257.561,-6.896,-1.892,4.882,-0.04052,0.37353,1.23828,30.63
$BARO,53257.569,79935.20,30.03
$IMU,53257.636,-3.051,5.371,3.601,-0.07666,0.36376,1.19140,30.64
$MAG,53257.657,-0.448,-0.813,-0.786,29.2
$BARO,53257.671,79810.18,30.03
$IMU,53257.711,1.647,1.098,4.760,-0.07861,0.35937,1.16455,30.64
$MAG,53257.757,-0.447,-0.816,-0.774,29.5
$BARO,53257.772,79900.34,30.04
$IMU,53257.786,3.906,-4.760,1.159,-0.05419,0.34814,1.17675,30.65
$MAG,53257.858,-0.444,-0.816,-0.766,29.3
$IMU,53257.861,8.544,-4.028,3.479,-0.11816,0.40039,1.04687,30.65
$BARO,53257.874,79759.48,30.03
$IMU,53257.936,2.136,-9.216,9.277,-0.00537,0.39208,1.10009,30.62
$VBAT,53257.950,3.921
$MAG,53257.959,-0.451,-0.814,-0.762,29.3
$BARO,53257.975,79882.28,30.03
$IMU,53258.011,1.342,-3.295,2.258,-0.12841,0.39843,1.08544,30.64
$MAG,53258.060,-0.466,-0.811,-0.762,29.3
$BARO,53258.076,79923.89,30.03
$IMU,53258.086,1.220,-9.094,7.263,-0.04492,0.34521,1.12890,30.62
$MAG,53258.161,-0.471,-0.808,-0.754,29.5
$IMU,53258.161,5.004,-4.577,5.859,-0.05615,0.42675,1.11962,30.63
$BARO,53258.178,80067.41,30.02
$IMU,53258.236,5.859,-2.136,-4.150,-0.12011,0.41015,1.06689,30.60
$MAG,53258.261,-0.468,-0.816,-0.753,29.3
$BARO,53258.279,79930.76,30.03
$IMU,53258.311,1.159,-0.549,2.929,-0.03466,0.42187,1.03369,30.61
$MAG,53258.362,-0.463,-0.816,-0.754,29.5
$BARO,53258.381,79954.24,30.02
$IMU,53258.387,-4.150,3.784,1.831,-0.06738,0.31201,1.08398,30.65
$IMU,53258.462,0.244,1.831,0.488,-0.04003,0.43115,1.04833,30.62
$MAG,53258.463,-0.466,-0.810,-0.753,29.3
$BARO,53258.482,80120.25,30.02
$HUM,53258.483,22.6,30.5
$IMU,53258.537,-5.432,2.014,-4.211,-0.10644,0.25195,1.17480,30.58
$MAG,53258.564,-0.463,-0.817,-0.754,29.2
$BARO,53258.584,79738.64,30.02
$IMU,53258.612,8.056,2.929,0.000,-0.11865,0.45117,1.06054,30.62
$MAG,53258.665,-0.472,-0.811,-0.745,29.3
$BARO,53258.685,80264.26,30.02
$IMU,53258.687,2.868,0.915,2.868,-0.08251,0.30615,1.00781,30.62
$IMU,53258.762,1.770,-3.601,10.559,-0.04345,0.31445,1.00830,30.62
$MAG,53258.765,-0.484,-0.813,-0.751,29.2
$BARO,53258.786,80170.22,30.02
$IMU,53258.837,1.647,-10.437,4.455,-0.09033,0.41748,1.01269,30.60
$MAG,53258.866,-0.489,-0.810,-0.745,29.3
$BARO,53258.888,80299.65,30.04
$IMU,53258.912,-0.610,-12.145,1.831,-0.05908,0.34179,1.08740,30.63
$VBAT,53258.963,3.911
$MAG,53258.967,-0.493,-0.801,-0.736,29.2
$IMU,53258.987,4.455,-5.615,4.821,-0.08447,0.33593,1.06640,30.62
$BARO,53258.989,80303.14,30.03
$IMU,53259.062,10.131,-5.310,3.967,-0.07519,0.43408,1.01611,30.58
$MAG,53259.068,-0.493,-0.807,-0.718,29.3
$BARO,53259.091,80378.56,30.03
$IMU,53259.137,3.051,-3.540,5.065,-0.01074,0.46826,1.06103,30.61
$MAG,53259.168,-0.496,-0.817,-0.735,29.2
$TIME,53259.168,457929.000,2364
$BARO,53259.192,80607.97,30.04
$IMU,53259.212,-3.112,5.432,2.868,-0.09472,0.42626,1.13037,30.56
$MAG,53259.269,-0.498,-0.808,-0.738,29.2
$IMU,53259.287,1.098,5.004,1.953,-0.00244,0.46044,1.13378,30.61
$BARO,53259.294,80405.05,30.05
$IMU,53259.363,3.234,8.911,-6.530,-0.09863,0.47949,1.07861,30.60
$MAG,53259.370,-0.490,-0.816,-0.733,29.3
$BARO,53259.395,80350.33,30.05
$IMU,53259.438,-0.732,10.498,-1.403,-0.08447,0.52197,1.07958,30.58
$MAG,53259.471,-0.490,-0.805,-0.756,29.5
$BARO,53259.496,80070.26,30.05
$HUM,53259.499,22.7,30.5
$IMU,53259.513,-10.803,10.314,-3.051,-0.08593,0.34082,1.15625,30.60
$MAG,53259.572,-0.484,-0.804,-0.756,29.2
$IMU,53259.588,-0.427,8.178,-1.892,-0.11425,0.53564,1.13769,30.52
$BARO,53259.598,80558.79,30.05
$IMU,53259.663,-5.126,-0.183,2.075,-0.06396,0.34863,1.13281,30.56
$MAG,53259.672,-0.483,-0.799,-0.745,29.2
$BARO,53259.699,80278.74,30.04
$IMU,53259.738,1.892,-0.305,-0.610,-0.07128,0.45996,1.07910,30.54
$MAG,53259.773,-0.477,-0.807,-0.759,29.5
$BARO,53259.801,80502.28,30.02
$IMU,53259.813,-2.014,-1.220,-1.037,-0.05957,0.35546,1.10058,30.56
$MAG,53259.874,-0.481,-0.813,-0.747,29.3
$IMU,53259.888,3.479,-3.356,-3.173,-0.06250,0.44433,1.09960,30.55
$BARO,53259.902,80666.99,30.03
$IMU,53259.963,2.624,-1.770,-4.333,-0.01416,0.32275,1.10791,30.57
$VBAT,53259.963,3.921
$MAG,53259.975,-0.486,-0.811,-0.747,29.1
$BARO,53260.004,80313.30,30.03
$IMU,53260.038,8.911,6.103,-3.173,-0.03564,0.48339,1.03564,30.54
$MAG,53260.076,-0.474,-0.813,-0.738,29.2
$BARO,53260.105,80410.76,30.04
$IMU,53260.113,2.258,6.469,-7.568,-0.01806,0.42333,1.06152,30.50
$TIME,53260.168,457930.000,2364
$MAG,53260.176,-0.468,-0.825,-0.750,29.3
$IMU,53260.188,-0.793,12.512,-6.530,-0.08398,0.38476,1.07031,30.55
$BARO,53260.206,80369.76,30.04
$IMU,53260.263,0.854,8.239,-8.666,-0.02392,0.41455,1.03857,30.52
$MAG,53260.277,-0.450,-0.822,-0.757,29.2
$BARO,53260.308,80705.96,30.03
$IMU,53260.338,0.305,10.986,-6.774,-0.02099,0.42968,1.01171,30.57
$MAG,53260.378,-0.436,-0.816,-0.754,29.2
$BARO,53260.409,80678.30,30.03
$IMU,53260.414,-1.831,11.840,-9.277,-0.04785,0.39501,1.04541,30.55
$MAG,53260.479,-0.438,-0.826,-0.757,29.2
$IMU,53260.489,-1.953,8.728,-5.920,-0.07177,0.43359,1.08203,30.55
$BARO,53260.511,80569.85,30.02
$HUM,53260.515,22.8,30.5
$IMU,53260.564,0.183,5.859,1.403,-0.04589,0.37011,1.09375,30.58
$MAG,53260.579,-0.430,-0.825,-0.750,29.3
$BARO,53260.612,80715.22,30.01
$IMU,53260.639,5.310,1.464,-1.220,-0.00732,0.43164,1.03076,30.52
$MAG,53260.680,-0.426,-0.826,-0.754,29.2
$BARO,53260.713,80467.06,30.02
$IMU,53260.714,-0.122,2.990,-6.347,-0.11230,0.43212,1.08056,30.55
$MAG,53260.781,-0.427,-0.829,-0.760,29.2
$IMU,53260.789,-1.892,-2.685,-1.953,-0.05224,0.39843,1.10205,30.56
$BARO,53260.815,80628.64,30.02
$IMU,53260.864,0.244,-3.540,1.220,0.00292,0.43798,1.06152,30.50
$MAG,53260.882,-0.426,-0.831,-0.756,29.1
$BARO,53260.916,80467.99,30.02
$IMU,53260.939,-0.244,-2.197,-0.244,0.00390,0.31640,1.06494,30.52
$VBAT,53260.968,3.916
$MAG,53260.983,-0.417,-0.825,-0.750,29.2
$IMU,53261.014,5.554,-0.183,-9.277,-0.00585,0.43457,1.00000,30.53
$BARO,53261.018,80574.63,30.01
$MAG,53261.083,-0.408,-0.840,-0.759,29.2
$IMU,53261.089,0.549,4.333,-11.108,-0.05566,0.37451,1.02441,30.55
$BARO,53261.119,80697.26,30.01
$IMU,53261.164,-1.464,8.911,-5.371,0.03662,0.35400,0.98632,30.53
$TIME,53261.168,457931.000,2364
$MAG,53261.184,-0.411,-0.837,-0.762,29.2
$BARO,53261.221,80888.53,30.00
$IMU,53261.239,1.586,10.925,-8.544,0.00244,0.37841,0.97021,30.53
$MAG,53261.285,-0.387,-0.844,-0.763,29.3
$IMU,53261.314,-0.793,10.498,-13.732,-0.03662,0.32470,0.98632,30.51
$BARO,53261.322,80503.11,29.99
$MAG,53261.386,-0.378,-0.837,-0.751,29.1
$IMU,53261.390,2.014,8.117,-11.596,0.03808,0.38525,0.97363,30.51
$BARO,53261.423,80948.83,29.99
$IMU,53261.465,3.234,7.934,-10.986,-0.02099,0.36035,0.95751,30.47
$MAG,53261.487,-0.354,-0.852,-0.756,29.2
$BARO,53261.525,80906.69,30.01
$HUM,53261.531,22.9,30.4
$IMU,53261.540,4.699,6.835,-15.991,-0.00097,0.41210,0.96972,30.53
$MAG,53261.587,-0.336,-0.850,-0.756,29.2
$IMU,53261.615,1.281,10.986,-14.709,0.05371,0.40771,1.08349,30.48
$BARO,53261.626,80721.61,30.00
$MAG,53261.688,-0.316,-0.853,-0.735,29.1
$IMU,53261.690,7.690,12.084,-19.592,0.03906,0.44531,1.04736,30.48
$BARO,53261.728,80795.98,30.02
$IMU,53261.765,8.178,14.282,-20.324,0.00976,0.46337,1.04296,30.46
$MAG,53261.789,-0.298,-0.850,-0.745,29.1
$BARO,53261.829,80927.38,30.01
$IMU,53261.840,5.798,7.995,-22.827,0.04541,0.56542,1.12597,30.47
$MAG,53261.890,-0.259,-0.862,-0.739,29.2
$IMU,53261.915,2.197,11.108,-22.094,0.02099,0.52001,1.22412,30.48
$BARO,53261.930,80919.61,30.02
$VBAT,53261.972,3.924
$MAG,53261.990,-0.243,-0.859,-0.727,29.1
$IMU,53261.990,10.253,8.056,-23.925,0.08056,0.55029,1.13476,30.45
$BARO,53262.032,80953.32,30.02
$IMU,53262.065,6.713,18.981,-25.817,-0.06982,0.58984,1.13769,30.44
$MAG,53262.091,-0.216,-0.861,-0.730,29.2
$BARO,53262.133,81023.18,30.02
$IMU,53262.140,-0.915,17.395,-20.080,0.04345,0.60595,1.19726,30.51
$TIME,53262.168,457932.000,2364
$MAG,53262.192,-0.184,-0.862,-0.724,29.3
$IMU,53262.215,0.732,19.470,-20.202,-0.08154,0.57666,1.16455,30.52
$BARO,53262.235,80914.22,30.03
$IMU,53262.290,0.549,7.385,-14.099,0.03808,0.55175,1.12255,30.45
$MAG,53262.293,-0.169,-0.850,-0.714,29.2
$BARO,53262.336,80818.18,30.03
$IMU,53262.365,-1.525,6.896,-18.249,0.00537,0.51074,1.07666,30.49
$MAG,53262.394,-0.156,-0.855,-0.721,29.2
$BARO,53262.437,80958.39,30.02
$IMU,53262.441,-4.821,12.878,-15.991,-0.06054,0.53564,1.09082,30.49
$MAG,53262.495,-0.147,-0.855,-0.730,29.1
$IMU,53262.516,-5.493,8.911,-10.559,-0.01660,0.37792,1.05566,30.47
$BARO,53262.539,80780.96,30.01
$HUM,53262.547,23.1,30.4
$IMU,53262.591,2.990,6.713,-11.047,0.00000,0.45263,0.95751,30.47
$MAG,53262.595,-0.130,-0.850,-0.723,29.2
$BARO,53262.640,80731.36,30.02
$IMU,53262.666,-1.281,4.394,-10.803,0.01025,0.43017,0.98144,30.46
$MAG,53262.696,-0.115,-0.838,-0.723,29.1
$IMU,53262.741,-2.258,6.469,-10.681,-0.00781,0.36621,0.99218,30.47
$BARO,53262.742,81058.57,30.02
$MAG,53262.797,-0.109,-0.838,-0.729,29.2
$IMU,53262.816,1.281,4.577,-7.690,0.01513,0.42773,0.97460,30.42
$BARO,53262.843,81115.61,30.02
$IMU,53262.891,1.953,4.882,-9.094,-0.05761,0.41455,0.96972,30.46
$MAG,53262.898,-0.094,-0.843,-0.720,29.1
$BARO,53262.944,81046.72,30.02
$IMU,53262.966,0.427,-1.770,-6.958,0.02929,0.37646,1.02148,30.46
$VBAT,53262.979,3.913
$MAG,53262.999,-0.094,-0.841,-0.720,29.2
$IMU,53263.041,5.920,-1.098,-9.094,-0.01708,0.43750,1.00292,30.46
$BARO,53263.046,81009.36,30.02
$MAG,53263.099,-0.087,-0.844,-0.718,29.2
$IMU,53263.116,7.263,-1.098,-8.361,-0.04882,0.46484,0.99316,30.46
$BARO,53263.147,81106.39,30.03
$TIME,53263.168,457933.000,2364
$IMU,53263.191,0.854,-3.356,-5.310,0.05712,0.41308,1.04003,30.43
$MAG,53263.200,-0.082,-0.829,-0.703,29.2
$BARO,53263.249,81289.11,30.02
$IMU,53263.266,4.455,4.089,-8.483,-0.05957,0.43847,0.97314,30.46
$MAG,53263.301,-0.076,-0.834,-0.708,29.1
$IMU,53263.341,4.394,-1.464,-8.361,0.03613,0.40429,0.96923,30.45
$BARO,53263.350,81026.44,30.01
$MAG,53263.402,-0.076,-0.829,-0.708,29.2
$IMU,53263.416,2.197,1.892,-10.375,-0.07080,0.51367,0.99658,30.42
$BARO,53263.451,80900.52,30.01
$IMU,53263.492,-3.540,-0.305,-2.807,-0.03125,0.41308,1.05126,30.41
$MAG,53263.502,-0.069,-0.831,-0.721,29.1
$BARO,53263.553,81017.47,30.01
$HUM,53263.563,23.2,30.4
$IMU,53263.567,2.075,-1.159,-0.732,-0.03027,0.48828,1.04492,30.45
$MAG,53263.603,-0.061,-0.835,-0.702,29.1
$IMU,53263.642,2.624,-2.502,1.037,-0.06152,0.45605,1.03271,30.41
$BARO,53263.654,80789.15,30.01
$MAG,53263.704,-0.081,-0.832,-0.708,29.1
$IMU,53263.717,4.089,-5.249,2.563,-0.08398,0.47509,1.01171,30.42
$BARO,53263.756,81037.80,30.00
$IMU,53263.792,0.976,-8.911,7.080,-0.02783,0.48974,1.00488,30.41
$MAG,53263.805,-0.081,-0.837,-0.714,29.1
$BARO,53263.857,81238.87,29.99
$IMU,53263.867,-1.770,-12.512,8.300,-0.06982,0.40576,1.00000,30.41
$MAG,53263.906,-0.096,-0.840,-0.709,29.1
$IMU,53263.942,-0.793,-15.869,8.728,-0.01318,0.47119,1.01708,30.42
$BARO,53263.958,81405.09,29.99
$VBAT,53263.981,3.918
$MAG,53264.007,-0.103,-0.835,-0.715,29.1
$IMU,53264.017,-1.220,-13.244,6.652,-0.05029,0.39453,1.00927,30.40
$BARO,53264.060,81140.42,29.99
$IMU,53264.092,2.990,-12.939,7.812,-0.04199,0.44775,0.98144,30.42
$MAG,53264.107,-0.117,-0.843,-0.726,29.2
$BARO,53264.161,81410.33,29.99
$IMU,53264.167,-0.061,-11.840,10.803,-0.00537,0.44482,0.99169,30.39
$TIME,53264.168,457935.000,2364
$MAG,53264.208,-0.126,-0.843,-0.718,29.1
$IMU,53264.242,-2.258,-12.695,6.530,0.01953,0.45605,1.01123,30.40
$BARO,53264.263,81396.70,29.99
$MAG,53264.309,-0.123,-0.841,-0.735,29.1
$IMU,53264.317,-4.699,-9.704,2.929,-0.05810,0.42529,1.04345,30.38
$BARO,53264.364,81488.81,29.97
$IMU,53264.392,-1.586,-11.840,9.216,-0.03759,0.42675,1.04541,30.44
$MAG,53264.410,-0.136,-0.847,-0.739,29.2
$BARO,53264.465,81477.80,29.98
$IMU,53264.468,2.685,-11.596,6.408,-0.04296,0.38281,0.99316,30.40
$MAG,53264.510,-0.154,-0.855,-0.730,29.1
$IMU,53264.543,5.126,-10.009,7.385,-0.02832,0.46240,0.94140,30.42
$BARO,53264.567,81360.26,29.98
$HUM,53264.579,23.1,30.4
$MAG,53264.611,-0.171,-0.847,-0.739,29.1
$IMU,53264.618,-4.150,-6.469,10.314,-0.05957,0.37695,0.96142,30.39
$BARO,53264.668,81198.09,29.98
$IMU,53264.693,-1.586,-11.718,8.972,0.01220,0.38720,0.94531,30.39
$MAG,53264.712,-0.174,-0.852,-0.741,29.2
$IMU,53264.768,-1.464,-10.375,6.469,-0.02197,0.37451,0.91796,30.39
$BARO,53264.770,81277.46,29.98
$MAG,53264.813,-0.189,-0.846,-0.741,29.2
$IMU,53264.843,-3.601,-9.277,9.399,-0.03320,0.41406,0.94335,30.33
$BARO,53264.871,81361.87,29.98
$MAG,53264.914,-0.195,-0.855,-0.741,29.1
$IMU,53264.918,-4.760,-10.437,5.737,-0.04003,0.32128,0.93945,30.38
$BARO,53264.973,81335.03,29.97
$VBAT,53264.990,3.934
$IMU,53264.993,0.366,-11.779,11.230,-0.00878,0.36181,0.86962,30.41
$MAG,53265.014,-0.213,-0.846,-0.756,29.1
$IMU,53265.068,-4.577,-11.352,13.122,-0.04052,0.36083,0.91699,30.34
$BARO,53265.074,81427.12,29.97
$MAG,53265.115,-0.229,-0.844,-0.756,29.1
$IMU,53265.143,-5.920,-12.023,10.559,-0.05615,0.34716,0.94140,30.36
$TIME,53265.168,457936.000,2364
$BARO,53265.175,81430.36,29.96
$MAG,53265.216,-0.250,-0.856,-0.763,29.1
$IMU,53265.218,-3.356,-15.136,15.808,0.02392,0.29638,0.91162,30.35
$BARO,53265.277,81472.90,29.96
$IMU,53265.293,0.244,-14.038,13.671,-0.04833,0.34667,0.89257,30.38
$MAG,53265.317,-0.270,-0.850,-0.762,29.1
$IMU,53265.368,-1.892,-18.005,14.648,0.00683,0.34667,0.91162,30.37
$BARO,53265.378,81680.38,29.96
$MAG,53265.418,-0.277,-0.852,-0.763,29.1
$IMU,53265.443,-3.845,-11.779,10.925,-0.06103,0.33593,0.94335,30.41
$BARO,53265.480,81439.87,29.95
$MAG,53265.518,-0.304,-0.840,-0.757,29.1
$IMU,53265.519,-3.173,-13.366,13.427,-0.00732,0.33935,0.94580,30.37
$BARO,53265.581,81649.10,29.95
$IMU,53265.594,0.976,-9.033,15.319,-0.03515,0.27001,0.88916,30.36
$HUM,53265.595,23.1,30.4
$MAG,53265.619,-0.328,-0.856,-0.757,29.1
$IMU,53265.669,4.516,-11.474,14.709,0.02685,0.36083,0.85351,30.36
$BARO,53265.682,81416.35,29.96
$MAG,53265.720,-0.330,-0.847,-0.756,29.1
$IMU,53265.744,-0.549,-8.056,11.718,-0.05517,0.24658,0.83251,30.37
$BARO,53265.784,81358.89,29.95
$IMU,53265.819,1.464,-9.094,14.892,-0.02587,0.32373,0.79101,30.35
$MAG,53265.821,-0.352,-0.849,-0.754,29.0
$BARO,53265.885,81504.10,29.94
$IMU,53265.894,-4.028,-9.277,14.526,-0.07470,0.26171,0.82080,30.36
$MAG,53265.922,-0.378,-0.840,-0.756,29.1
$IMU,53265.969,-2.380,-11.108,17.028,-0.05615,0.32714,0.81542,30.35
$BARO,53265.987,81659.10,29.94
$VBAT,53265.990,3.919
$MAG,53266.022,-0.400,-0.834,-0.753,28.8
$IMU,53266.044,-4.333,-15.014,23.620,-0.02050,0.27392,0.85546,30.35
$BARO,53266.088,81804.30,29.94
$IMU,53266.119,-2.258,-15.625,21.423,-0.09814,0.34667,0.84570,30.29
$MAG,53266.123,-0.424,-0.826,-0.754,29.0
$BARO,53266.190,81683.16,29.93
$IMU,53266.194,-2.746,-16.723,22.583,-0.04101,0.29980,0.85937,30.33
$MAG,53266.224,-0.442,-0.823,-0.751,29.1
$IMU,53266.269,-1.525,-13.549,21.362,-0.06835,0.34130,0.90087,30.35
$BARO,53266.291,81605.59,29.93
$MAG,53266.325,-0.475,-0.813,-0.739,29.1
$IMU,53266.344,0.122,-15.441,21.728,-0.12939,0.37744,0.91259,30.35
$BARO,53266.392,81544.10,29.93
$IMU,53266.419,2.624,-19.531,22.827,-0.07324,0.38232,0.92675,30.37
$MAG,53266.426,-0.496,-0.813,-0.738,29.1
$BARO,53266.494,81630.24,29.94
$IMU,53266.495,2.258,-13.732,20.080,-0.06884,0.42138,0.94091,30.30
$MAG,53266.526,-0.514,-0.805,-0.730,29.1
$IMU,53266.570,3.479,-13.305,14.892,-0.16650,0.38720,0.91601,30.31
$BARO,53266.595,81520.26,29.94
$HUM,53266.611,23.0,30.3
$MAG,53266.627,-0.532,-0.787,-0.720,28.8
$IMU,53266.645,3.234,-18.432,18.188,-0.06738,0.41357,0.92871,30.32
$BARO,53266.697,81798.64,29.94
$IMU,53266.720,3.601,-16.357,16.540,-0.10693,0.40478,0.93457,30.33
$MAG,53266.728,-0.549,-0.786,-0.706,29.1
$IMU,53266.795,4.760,-14.221,8.972,-0.16308,0.43505,0.95068,30.33
$BARO,53266.798,81424.93,29.95
$MAG,53266.829,-0.568,-0.775,-0.702,28.8
$IMU,53266.870,6.286,-9.887,18.798,-0.03857,0.47509,0.94091,30.28
$BARO,53266.899,81772.08,29.95
$MAG,53266.930,-0.565,-0.774,-0.690,29.1
$IMU,53266.945,3.051,-1.342,8.178,-0.09765,0.43994,0.96240,30.33
$VBAT,53266.995,3.930
$BARO,53267.001,81781.58,29.94
$IMU,53267.020,3.662,-0.732,2.868,-0.12109,0.52734,0.99169,30.31
$MAG,53267.030,-0.579,-0.774,-0.685,29.1
$IMU,53267.095,0.793,-0.305,7.141,-0.15185,0.47021,1.02587,30.30
$BARO,53267.102,81685.86,29.94
$MAG,53267.131,-0.580,-0.765,-0.675,29.0
$TIME,53267.168,457937.000,2364
$IMU,53267.170,5.981,-3.417,6.103,-0.05810,0.52832,1.00488,30.28
$BARO,53267.204,81768.57,29.94
$MAG,53267.232,-0.585,-0.771,-0.684,29.1
$IMU,53267.245,1.342,-0.549,6.286,-0.11865,0.52636,1.01464,30.30
$BARO,53267.305,81530.35,29.94
$IMU,53267.320,0.732,-6.164,6.164,-0.08398,0.48339,1.00390,30.27
$MAG,53267.333,-0.592,-0.760,-0.676,29.0
$IMU,53267.395,2.380,-9.094,0.854,-0.03076,0.54980,1.00244,30.28
$BARO,53267.407,81779.58,29.93
$MAG,53267.434,-0.586,-0.763,-0.679,29.1
$IMU,53267.470,-1.831,0.732,-9.033,-0.14501,0.43164,1.01220,30.28
$BARO,53267.508,81789.58,29.93
$MAG,53267.534,-0.585,-0.777,-0.675,29.1
$IMU,53267.546,1.647,3.723,-2.319,-0.01611,0.51367,0.95263,30.26
$BARO,53267.609,81906.80,29.93
$IMU,53267.621,-3.417,11.535,-4.272,-0.07324,0.45898,1.00927,30.28
$HUM,53267.626,23.0,30.3
$MAG,53267.635,-0.580,-0.775,-0.687,29.1
$IMU,53267.696,-0.488,6.347,-8.300,-0.00732,0.43847,0.97998,30.28
$BARO,53267.711,81915.47,29.93
$MAG,53267.736,-0.576,-0.780,-0.687,29.0
$IMU,53267.771,-0.122,8.666,-10.070,-0.05322,0.45166,0.96630,30.30
$BARO,53267.812,82048.66,29.93
$MAG,53267.837,-0.562,-0.786,-0.691,29.0
$IMU,53267.846,-1.708,7.446,-14.465,-0.02978,0.42675,0.96337,30.29
$BARO,53267.913,82105.01,29.93
$IMU,53267.921,-2.441,16.418,-13.366,0.00488,0.47753,1.00292,30.26
$MAG,53267.937,-0.543,-0.795,-0.712,29.1
$VBAT,53267.995,3.911
$IMU,53267.996,-3.417,21.972,-15.563,-0.05566,0.42187,1.02246,30.26
$BARO,53268.015,81860.85,29.93
$MAG,53268.038,-0.529,-0.796,-0.717,29.0
$IMU,53268.071,2.197,14.709,-13.610,0.00439,0.39355,1.01904,30.27
$BARO,53268.116,82153.98,29.92
$MAG,53268.139,-0.501,-0.802,-0.714,29.0
$IMU,53268.146,4.821,12.023,-21.667,0.00878,0.50000,0.95214,30.29
$TIME,53268.168,457939.000,2364
$BARO,53268.218,82121.56,29.92
$IMU,53268.221,-1.586,13.916,-23.803,-0.03564,0.39062,1.01318,30.29
$MAG,53268.240,-0.474,-0.819,-0.717,29.0
$IMU,53268.296,1.342,15.136,-23.071,0.03955,0.45898,0.99755,30.24
$BARO,53268.319,82199.42,29.92
$MAG,53268.341,-0.450,-0.828,-0.739,29.1
$IMU,53268.371,1.403,18.920,-23.864,0.01660,0.44042,0.93652,30.29
$BARO,53268.421,82091.17,29.92
$MAG,53268.441,-0.423,-0.840,-0.732,29.1
$IMU,53268.446,-1.525,15.502,-27.648,0.07275,0.38134,0.92724,30.26
$IMU,53268.521,0.366,18.188,-33.630,0.06738,0.49316,0.96679,30.25
$BARO,53268.522,82058.14,29.92
$MAG,53268.542,-0.373,-0.844,-0.741,29.1
$IMU,53268.597,-3.784,24.353,-40.832,0.01171,0.43115,1.03222,30.28
$BARO,53268.623,82238.27,29.91
$HUM,53268.642,23.3,30.3
$MAG,53268.643,-0.333,-0.853,-0.744,29.1
$IMU,53268.672,1.159,25.268,-37.475,0.07031,0.49755,1.00048,30.28
$BARO,53268.725,82175.19,29.92
$MAG,53268.744,-0.285,-0.856,-0.747,29.1
$IMU,53268.747,0.305,30.273,-35.461,-0.02343,0.54638,0.99951,30.29
$IMU,53268.822,-4.638,21.301,-34.606,0.12500,0.45068,1.03955,30.23
$BARO,53268.826,82023.53,29.92
$MAG,53268.844,-0.241,-0.858,-0.748,29.1
$IMU,53268.897,0.732,26.306,-35.705,0.02832,0.56787,1.04589,30.25
$BARO,53268.928,82015.24,29.92
$MAG,53268.945,-0.205,-0.852,-0.750,29.0
$IMU,53268.972,-1.403,23.010,-35.400,0.07910,0.57373,1.06542,30.25
$VBAT,53268.997,3.922
$BARO,53269.029,82166.58,29.93
$MAG,53269.046,-0.169,-0.847,-0.747,29.1
$IMU,53269.047,-2.258,24.475,-35.583,0.10888,0.54687,1.05029,30.25
$IMU,53269.122,-1.708,28.076,-34.057,0.12695,0.57763,1.00732,30.23
$BARO,53269.131,82005.44,29.92
$MAG,53269.147,-0.114,-0.838,-0.750,29.1
$TIME,53269.168,457940.000,2364
$IMU,53269.197,-5.981,25.573,-40.466,0.06298,0.51757,1.02587,30.23
$BARO,53269.232,82256.87,29.93
$MAG,53269.247,-0.084,-0.826,-0.741,29.1
$IMU,53269.272,-5.676,20.019,-37.597,0.03515,0.47705,1.03515,30.21
$BARO,53269.333,82161.86,29.93
$IMU,53269.347,0.183,17.700,-31.555,0.13134,0.53125,0.99023,30.24
$MAG,53269.348,-0.045,-0.804,-0.733,29.0
$IMU,53269.422,-2.563,26.794,-31.982,0.06250,0.50878,0.97998,30.23
$BARO,53269.435,82188.81,29.93
$MAG,53269.449,-0.019,-0.796,-0.726,29.1
$IMU,53269.497,-1.708,21.850,-24.597,0.12255,0.48583,0.99755,30.19
$BARO,53269.536,82211.53,29.93
$MAG,53269.550,0.022,-0.777,-0.723,29.0
$IMU,53269.573,2.136,17.578,-29.479,0.07617,0.53222,0.98193,30.22
$BARO,53269.638,82347.93,29.94
$IMU,53269.648,1.770,10.437,-28.503,0.06005,0.57226,1.01660,30.21
$MAG,53269.651,0.034,-0.771,-0.715,29.1
$HUM,53269.658,23.0,30.3
$IMU,53269.723,-0.183,7.080,-23.803,0.02343,0.47851,1.00732,30.20
$BARO,53269.739,82262.31,29.94
$MAG,53269.751,0.052,-0.751,-0.711,29.0
$IMU,53269.798,5.126,2.380,-19.958,0.08203,0.60156,0.94189,30.26
$BARO,53269.841,82267.77,29.94
$MAG,53269.852,0.064,-0.744,-0.715,29.1
$IMU,53269.873,-3.845,6.408,-14.221,0.12841,0.47412,0.98535,30.22
$BARO,53269.942,82017.75,29.94
$IMU,53269.948,-1.098,8.972,-15.747,0.06542,0.53222,0.95996,30.25
$MAG,53269.953,0.078,-0.735,-0.700,28.7
$VBAT,53270.000,3.918
$IMU,53270.023,0.671,1.403,-14.160,0.13232,0.44775,0.91162,30.23
$BARO,53270.043,82380.45,29.94
$MAG,53270.054,0.088,-0.724,-0.702,28.8
$IMU,53270.098,-0.610,5.615,-12.573,0.04248,0.42480,0.86474,30.21
$BARO,53270.145,82441.14,29.93
$MAG,53270.155,0.096,-0.720,-0.697,28.8
$TIME,53270.168,457940.000,2364
$IMU,53270.173,-1.098,3.295,-11.596,0.07324,0.42724,0.87792,30.19
$BARO,53270.246,82417.11,29.92
$IMU,53270.248,-0.610,0.488,-7.507,0.10839,0.45507,0.89062,30.19
$MAG,53270.255,0.099,-0.708,-0.702,29.1
$IMU,53270.323,-1.831,0.915,-8.422,0.10986,0.37597,0.90966,30.17
$BARO,53270.348,82384.40,29.92
$MAG,53270.356,0.108,-0.717,-0.706,28.8
$IMU,53270.398,6.042,-3.295,-7.873,0.06542,0.35156,0.83984,30.19
$BARO,53270.449,82472.73,29.91
$MAG,53270.457,0.108,-0.705,-0.709,28.7
$IMU,53270.473,7.751,-5.981,-3.601,0.05419,0.33740,0.80810,30.19
$IMU,53270.548,7.873,-11.840,-3.540,0.09179,0.41357,0.79394,30.17
$BARO,53270.551,82454.75,29.89
$MAG,53270.558,0.106,-0.708,-0.703,29.1
$IMU,53270.624,3.234,-6.896,-1.342,0.03759,0.32568,0.81689,30.23
$BARO,53270.652,82415.87,29.88
$MAG,53270.658,0.094,-0.703,-0.714,29.0
$HUM,53270.674,22.4,30.3
$IMU,53270.699,4.699,-9.460,0.000,0.09082,0.37158,0.81396,30.24
$BARO,53270.753,82389.62,29.87
$MAG,53270.759,0.097,-0.708,-0.718,28.8
$IMU,53270.774,2.807,-11.413,-0.122,0.14062,0.39453,0.83203,30.18
$IMU,53270.849,4.760,-5.065,-8.666,0.04248,0.31103,0.78710,30.18
$BARO,53270.855,82285.53,29.87
$MAG,53270.860,0.108,-0.700,-0.715,29.0
$IMU,53270.924,7.751,-8.300,-2.258,0.14648,0.39697,0.80468,30.18
$BARO,53270.956,82522.58,29.86
$MAG,53270.961,0.103,-0.711,-0.714,29.0
$IMU,53270.999,1.647,3.356,-8.911,0.10107,0.42333,0.84033,30.17
$VBAT,53271.005,3.924
$BARO,53271.058,82313.69,29.86
$MAG,53271.062,0.114,-0.685,-0.717,29.1
$IMU,53271.074,-0.793,2.685,-17.578,0.10009,0.40087,0.91113,30.19
$IMU,53271.149,5.798,4.516,-10.559,0.03857,0.47607,0.87207,30.18
$BARO,53271.159,82597.19,29.86
$MAG,53271.162,0.126,-0.681,-0.708,29.1
$TIME,53271.168,457943.000,2364
$IMU,53271.224,2.746,2.746,-11.840,0.16357,0.48730,0.91552,30.19
$BARO,53271.260,82744.59,29.87
$MAG,53271.263,0.133,-0.670,-0.702,29.1
$IMU,53271.299,-0.610,9.338,-21.057,0.01855,0.45214,0.98095,30.19
$BARO,53271.362,82528.04,29.89
$MAG,53271.364,0.147,-0.655,-0.699,29.0
$IMU,53271.374,5.615,3.479,-13.549,0.06835,0.48925,0.97851,30.19
$IMU,53271.449,8.728,4.394,-14.953,0.09033,0.54150,0.94628,30.16
$BARO,53271.463,82685.65,29.90
$MAG,53271.465,0.153,-0.648,-0.685,29.0
$IMU,53271.524,4.882,6.042,-12.634,0.07519,0.52636,0.98242,30.19
$BARO,53271.565,82737.06,29.91
$MAG,53271.565,0.159,-0.634,-0.682,29.0
$IMU,53271.599,6.591,3.051,-10.437,0.07617,0.62353,1.01904,30.18
$BARO,53271.666,82776.96,29.91
$MAG,53271.666,0.165,-0.630,-0.685,28.7
$IMU,53271.675,4.821,-3.845,-15.991,0.08740,0.58203,1.12988,30.17
$HUM,53271.690,22.9,30.3
$IMU,53271.750,11.657,1.220,-11.047,0.00781,0.70800,1.12304,30.18
$BARO,53271.767,82795.73,29.92
$MAG,53271.767,0.174,-0.630,-0.676,28.8
$IMU,53271.825,10.253,-3.112,-6.225,0.08203,0.69335,1.19335,30.17
$MAG,53271.868,0.172,-0.618,-0.676,28.6
$BARO,53271.869,82827.76,29.93
$IMU,53271.900,13.610,-1.831,-6.286,-0.01025,0.77734,1.19238,30.14
$MAG,53271.969,0.166,-0.618,-0.678,29.0
$BARO,53271.970,82731.33,29.93
$IMU,53271.975,8.056,-9.033,0.244,0.10791,0.77294,1.25244,30.17
$VBAT,53272.008,3.922
$IMU,53272.050,9.765,-2.685,-3.173,0.06738,0.79638,1.20947,30.16
$MAG,53272.069,0.172,-0.622,-0.675,28.8
$BARO,53272.072,82583.01,29.93
$IMU,53272.125,5.798,0.366,-1.647,0.06298,0.74169,1.22363,30.14
$TIME,53272.168,457943.000,2364
$MAG,53272.170,0.171,-0.619,-0.675,29.1
$BARO,53272.173,82797.97,29.93
$IMU,53272.200,7.629,1.953,-2.014,0.08007,0.77441,1.21142,30.17
$MAG,53272.271,0.168,-0.621,-0.660,29.1
$BARO,53272.275,82846.33,29.94
$IMU,53272.275,7.324,2.746,-3.234,0.01025,0.75732,1.20800,30.17
$IMU,53272.350,6.164,-0.427,2.563,-0.01318,0.75439,1.23046,30.14
$MAG,53272.372,0.168,-0.625,-0.660,28.7
$BARO,53272.376,83057.49,29.94
$IMU,53272.425,6.896,-4.089,5.004,-0.00683,0.72656,1.23388,30.16
$MAG,53272.473,0.168,-0.637,-0.666,29.1
$BARO,53272.477,82990.22,29.93
$IMU,53272.500,6.958,-12.023,10.681,-0.05810,0.84375,1.22851,30.17
$MAG,53272.573,0.151,-0.646,-0.693,28.7
$IMU,53272.575,2.319,-24.291,14.892,0.01220,0.71582,1.30859,30.15
$BARO,53272.579,82970.20,29.92
$IMU,53272.651,8.666,-27.282,14.038,-0.04736,0.76806,1.26855,30.18
$MAG,53272.674,0.139,-0.664,-0.711,29.0
$BARO,53272.680,82968.60,29.92
$HUM,53272.706,22.7,30.3
$IMU,53272.726,6.591,-31.738,16.906,0.07666,0.77685,1.27685,30.15
$MAG,53272.775,0.120,-0.681,-0.727,29.0
$BARO,53272.782,83036.04,29.92
$IMU,53272.801,2.746,-25.573,15.258,0.00585,0.73291,1.28466,30.12
$MAG,53272.876,0.103,-0.687,-0.747,28.6
$IMU,53272.876,1.708,-24.902,18.005,0.04589,0.77636,1.36767,30.13
$BARO,53272.883,83306.53,29.92
$IMU,53272.951,4.333,-22.460,14.038,0.08398,0.81445,1.34667,30.15
$MAG,53272.976,0.097,-0.696,-0.750,28.8
$BARO,53272.984,83134.39,29.92
$VBAT,53273.020,3.918
$IMU,53273.026,1.708,-22.888,4.760,-0.01953,0.77978,1.33056,30.13
$MAG,53273.077,0.082,-0.705,-0.765,28.8
$BARO,53273.086,82991.00,29.91
$IMU,53273.101,-0.244,-15.136,6.896,0.07568,0.76904,1.34326,30.14
$IMU,53273.176,0.854,0.183,11.657,0.15136,0.62158,1.34130,30.13
$MAG,53273.178,0.082,-0.708,-0.762,28.7
$BARO,53273.187,83137.00,29.91
$IMU,53273.251,12.878,0.305,-2.136,0.08496,0.69531,1.23632,30.14
$MAG,53273.279,0.093,-0.703,-0.753,29.1
$BARO,53273.289,83237.38,29.92
$IMU,53273.326,11.108,-0.366,-10.070,0.12451,0.73144,1.22949,30.11
$MAG,53273.380,0.097,-0.705,-0.735,28.5
$BARO,53273.390,83259.07,29.92
$IMU,53273.401,6.225,14.831,-6.347,0.18310,0.64990,1.26074,30.12
$IMU,53273.476,13.916,23.132,-21.301,0.06884,0.71533,1.24316,30.13
$MAG,53273.480,0.111,-0.693,-0.711,28.6
$BARO,53273.492,83403.25,29.91
$IMU,53273.551,10.620,18.432,-17.822,0.06591,0.79443,1.25000,30.11
$MAG,53273.581,0.124,-0.679,-0.703,28.7
$BARO,53273.593,83241.30,29.91
$IMU,53273.626,3.234,14.282,-15.441,-0.00390,0.75000,1.33593,30.13
$MAG,53273.682,0.139,-0.679,-0.700,28.5
$BARO,53273.694,83270.58,29.92
$IMU,53273.702,5.798,2.563,-10.498,-0.02050,0.77783,1.32666,30.15
$HUM,53273.722,22.9,30.3
$IMU,53273.777,4.699,-7.385,-1.281,-0.03173,0.79394,1.33447,30.10
$MAG,53273.783,0.130,-0.675,-0.703,28.7
$BARO,53273.796,83318.77,29.92
$IMU,53273.852,1.342,-17.517,0.366,0.02050,0.74072,1.35498,30.14
$MAG,53273.884,0.124,-0.679,-0.714,28.6
$BARO,53273.897,83367.32,29.92
$IMU,53273.927,5.187,-20.812,3.906,0.04199,0.71533,1.30664,30.10
$MAG,53273.985,0.121,-0.679,-0.733,28.5
$BARO,53273.999,83418.80,29.91
$IMU,53274.002,2.563,-16.052,-2.197,0.06494,0.76416,1.32177,30.09
$VBAT,53274.020,3.911
$IMU,53274.077,-0.671,-8.544,-2.807,0.11865,0.69140,1.39355,30.12
$MAG,53274.085,0.117,-0.672,-0.741,28.7
$BARO,53274.100,83259.27,29.92
$IMU,53274.152,7.995,2.746,-7.202,0.09912,0.78662,1.29980,30.08
$TIME,53274.168,457945.000,2364
$MAG,53274.186,0.126,-0.669,-0.724,28.7
$BARO,53274.201,83423.55,29.91
$IMU,53274.227,0.549,8.178,-12.451,0.11181,0.68408,1.30175,30.15
$MAG,53274.287,0.139,-0.654,-0.712,28.8
$IMU,53274.302,0.000,17.028,-15.747,0.00488,0.73486,1.32519,30.07
$BARO,53274.303,83413.24,29.91
$IMU,53274.377,-1.525,14.038,-14.526,0.00097,0.69628,1.33496,30.09
$MAG,53274.388,0.145,-0.648,-0.700,28.7
$BARO,53274.404,83503.02,29.92
$IMU,53274.452,1.770,10.986,-9.704,0.02929,0.70556,1.29931,30.12
$MAG,53274.488,0.166,-0.639,-0.696,28.6
$BARO,53274.506,83367.10,29.91
$IMU,53274.527,-2.014,9.826,-8.728,-0.00830,0.62597,1.22753,30.06
$MAG,53274.589,0.166,-0.636,-0.691,28.5
$IMU,53274.602,-6.225,7.629,-5.004,0.01953,0.60107,1.20605,30.12
$BARO,53274.607,83334.78,29.91
$IMU,53274.677,-9.948,2.136,-6.835,0.01220,0.45996,1.22558,30.15
$MAG,53274.690,0.162,-0.631,-0.688,28.8
$BARO,53274.708,83450.78,29.90
$HUM,53274.738,23.0,30.3
$IMU,53274.753,-0.549,2.319,-5.493,0.01416,0.56835,1.23291,30.10
$MAG,53274.791,0.175,-0.625,-0.691,28.7
$BARO,53274.810,83474.30,29.89
$IMU,53274.828,-0.549,3.295,-12.817,0.03857,0.51171,1.23925,30.10
$MAG,53274.892,0.174,-0.610,-0.693,28.6
$IMU,53274.903,0.854,3.112,-7.873,-0.01318,0.50292,1.23046,30.09
$BARO,53274.911,83521.93,29.89
$IMU,53274.978,3.601,0.183,-7.995,0.02734,0.49218,1.23388,30.09
$MAG,53274.992,0.180,-0.603,-0.678,28.7
$BARO,53275.013,83456.29,29.89
$VBAT,53275.032,3.918
$IMU,53275.053,3.662,1.708,-10.131,0.05615,0.54833,1.26464,30.09
$MAG,53275.093,0.184,-0.592,-0.679,28.6
$BARO,53275.114,83411.76,29.88
$IMU,53275.128,2.685,6.774,-8.483,0.01171,0.43408,1.26269,30.11
$TIME,53275.168,457946.000,2364
$MAG,53275.194,0.183,-0.594,-0.670,28.8
$IMU,53275.203,9.155,6.958,-7.568,-0.03515,0.54101,1.23193,30.06
$BARO,53275.215,83629.13,29.88
$IMU,53275.278,4.516,0.061,-6.408,0.09667,0.51904,1.23144,30.08
$MAG,53275.295,0.190,-0.588,-0.666,28.7
$BARO,53275.317,83338.05,29.87
$IMU,53275.353,3.845,0.793,-8.789,-0.00439,0.48730,1.22705,30.07
$MAG,53275.396,0.190,-0.574,-0.682,29.0
$BARO,53275.418,83393.79,29.88
$IMU,53275.428,8.300,-8.422,-10.986,0.07617,0.47705,1.27441,30.10
$MAG,53275.496,0.202,-0.576,-0.667,28.7
$IMU,53275.503,14.831,2.563,-11.474,-0.01367,0.70068,1.35253,30.13
$BARO,53275.520,83521.62,29.88
$IMU,53275.578,3.784,6.530,-1.953,0.02148,0.67968,1.40722,30.08
$MAG,53275.597,0.190,-0.567,-0.664,28.6
$BARO,53275.621,83571.68,29.88
$IMU,53275.653,5.187,-1.281,2.014,0.05957,0.58691,1.44189,30.08
$MAG,53275.698,0.196,-0.576,-0.658,28.7
$BARO,53275.723,83623.50,29.89
$IMU,53275.729,17.089,-1.770,0.915,-0.01855,0.70703,1.38427,30.06
$HUM,53275.754,23.2,30.3
$MAG,53275.799,0.187,-0.589,-0.666,28.6
$IMU,53275.804,5.554,-7.080,7.629,-0.05957,0.81884,1.49414,30.09
$BARO,53275.824,83619.75,29.88
$IMU,53275.879,-1.037,-10.559,16.784,-0.10937,0.59863,1.50292,30.09
$MAG,53275.899,0.181,-0.606,-0.670,28.7
$BARO,53275.925,83841.98,29.89
$IMU,53275.954,8.300,-20.874,25.939,0.06494,0.82373,1.47607,30.03
$MAG,53276.000,0.174,-0.634,-0.700,29.1
$BARO,53276.027,83626.43,29.89
$IMU,53276.029,-4.516,-19.042,21.789,-0.10644,0.67480,1.43212,30.04
$VBAT,53276.035,3.926
$MAG,53276.101,0.148,-0.648,-0.717,28.7
$IMU,53276.104,-5.798,-29.785,28.076,-0.00048,0.62939,1.48876,30.05
$BARO,53276.128,83479.71,29.89
$TIME,53276.168,457947.000,2364
$IMU,53276.179,-3.479,-28.320,27.465,0.00146,0.57031,1.42578,30.01
$MAG,53276.202,0.129,-0.673,-0.732,28.6
$BARO,53276.230,83650.75,29.88
$IMU,53276.254,-1.831,-20.019,30.395,-0.03222,0.62988,1.45019,30.06
$MAG,53276.302,0.103,-0.691,-0.756,28.6
$IMU,53276.329,-5.676,-19.897,30.883,-0.04150,0.52587,1.38867,30.05
$BARO,53276.331,83449.12,29.88
$MAG,53276.403,0.076,-0.717,-0.759,28.7
$IMU,53276.404,0.793,-18.493,25.878,-0.00244,0.59033,1.37207,30.04
$BARO,53276.433,83692.05,29.88
$IMU,53276.479,-4.394,-9.033,29.541,-0.11181,0.52441,1.40478,30.06
$MAG,53276.504,0.060,-0.730,-0.772,28.8
$BARO,53276.534,83861.57,29.89
$IMU,53276.554,0.915,-10.498,28.381,-0.07617,0.47656,1.30078,30.03
$MAG,53276.605,0.028,-0.739,-0.769,28.7
$IMU,53276.629,8.178,-15.441,25.573,-0.13085,0.53076,1.22753,30.07
$BARO,53276.636,83779.19,29.89
$IMU,53276.704,0.732,-9.033,18.798,-0.16650,0.63427,1.28564,30.07
$MAG,53276.705,0.022,-0.754,-0.772,28.6
$BARO,53276.737,83683.88,29.89
$HUM,53276.770,22.9,30.3
$IMU,53276.780,-9.094,-0.915,19.958,-0.37060,0.54931,1.29687,30.05
$MAG,53276.806,-0.004,-0.769,-0.780,28.7
$BARO,53276.838,83710.84,29.89
$IMU,53276.855,-3.845,-12.695,25.329,-0.35644,0.47656,1.25732,30.06
$MAG,53276.907,-0.034,-0.781,-0.796,28.8
$IMU,53276.930,0.854,-19.653,25.939,-0.29833,0.57714,1.23437,30.08
$BARO,53276.940,83718.59,29.89
$IMU,53277.005,-1.892,-14.709,18.371,-0.33740,0.54394,1.29638,30.08
$MAG,53277.008,-0.054,-0.778,-0.795,28.8
$BARO,53277.041,83586.65,29.89
$VBAT,53277.043,3.921
$IMU,53277.080,5.859,-12.268,16.235,-0.20751,0.63671,1.28076,30.05
$MAG,53277.109,-0.061,-0.795,-0.787,28.6
$BARO,53277.143,83838.05,29.89
$IMU,53277.155,-0.915,-0.366,8.666,-0.35205,0.58984,1.32666,30.03
$TIME,53277.168,457948.000,2364
$MAG,53277.209,-0.072,-0.798,-0.786,28.5
$IMU,53277.230,4.455,-9.948,-2.014,-0.28222,0.56640,1.30273,30.06
$BARO,53277.244,83899.96,29.89
$IMU,53277.305,3.234,-5.554,2.197,-0.27587,0.62744,1.30273,30.03
$MAG,53277.310,-0.073,-0.793,-0.795,28.7
$BARO,53277.345,83885.41,29.89
$IMU,53277.380,-3.662,-4.455,5.065,-0.27539,0.52636,1.32324,30.05
$MAG,53277.411,-0.072,-0.799,-0.796,28.6
$BARO,53277.447,83713.08,29.90
$IMU,53277.455,1.953,-6.530,12.817,-0.24560,0.64697,1.30419,30.06
$MAG,53277.512,-0.090,-0.805,-0.798,28.5
$IMU,53277.530,-1.647,-7.324,14.892,-0.28662,0.47412,1.21777,30.03
$BARO,53277.548,83709.67,29.90
$IMU,53277.605,3.479,-20.385,17.578,-0.18750,0.56201,1.19482,30.06
$MAG,53277.612,-0.121,-0.805,-0.793,28.6
$BARO,53277.650,83669.06,29.90
$IMU,53277.680,-0.183,-17.944,16.418,-0.27929,0.50634,1.16943,30.03
$MAG,53277.713,-0.138,-0.816,-0.816,28.7
$BARO,53277.751,83679.88,29.91
$IMU,53277.755,-4.577,-23.193,12.023,-0.22167,0.45703,1.20849,30.05
$HUM,53277.786,23.4,30.3
$MAG,53277.814,-0.160,-0.814,-0.805,28.6
$IMU,53277.831,1.159,-11.962,21.972,-0.20898,0.45458,1.16406,30.05
$BARO,53277.853,83814.75,29.89
$IMU,53277.906,3.417,-2.136,21.301,-0.19677,0.44531,1.11083,30.05
$MAG,53277.915,-0.187,-0.826,-0.808,28.7
$BARO,53277.954,83891.97,29.89
$IMU,53277.981,1.342,-5.126,17.333,-0.26171,0.54101,1.12939,30.03
$MAG,53278.015,-0.196,-0.823,-0.813,28.8
$VBAT,53278.051,3.921
$BARO,53278.055,83896.62,29.89
$IMU,53278.056,-4.028,-10.742,12.451,-0.29199,0.62304,1.13525,30.03
$MAG,53278.116,-0.217,-0.826,-0.828,28.6
$IMU,53278.131,-14.343,-1.464,15.014,-0.41748,0.44140,1.17529,30.04
$BARO,53278.157,83855.53,29.89
$TIME,53278.168,457949.000,2364
$IMU,53278.206,-1.831,-3.662,21.789,-0.28027,0.43701,1.12109,30.07
$MAG,53278.217,-0.231,-0.828,-0.820,28.8
$BARO,53278.258,83934.26,29.89
$IMU,53278.281,2.929,-8.117,17.272,-0.31640,0.43212,1.02197,30.05
$MAG,53278.318,-0.252,-0.823,-0.820,28.8
$IMU,53278.356,0.305,-16.418,14.404,-0.21826,0.42675,1.01855,30.05
$BARO,53278.360,84008.97,29.89
$MAG,53278.418,-0.259,-0.829,-0.819,28.5
$IMU,53278.431,-1.403,-10.131,10.742,-0.25146,0.41455,1.03662,30.03
$BARO,53278.461,84044.82,29.89
$IMU,53278.506,-4.272,-5.310,0.976,-0.32226,0.45214,1.10498,30.06
$MAG,53278.519,-0.273,-0.823,-0.826,28.5
$BARO,53278.563,83887.34,29.89
$IMU,53278.581,-2.685,-3.601,9.521,-0.24267,0.48046,1.13183,30.05
$MAG,53278.620,-0.279,-0.820,-0.825,28.5
$IMU,53278.656,0.732,-3.173,12.939,-0.30859,0.45166,1.03320,30.06
$BARO,53278.664,83774.73,29.89
$MAG,53278.721,-0.298,-0.823,-0.820,28.7
$IMU,53278.731,-1.525,-5.249,12.695,-0.16699,0.30810,1.02929,30.03
$BARO,53278.766,84005.75,29.89
$HUM,53278.802,23.4,30.3
$IMU,53278.806,8.850,2.807,11.413,-0.27490,0.39355,0.92285,30.04
$MAG,53278.821,-0.298,-0.829,-0.817,28.6
$BARO,53278.867,84063.98,29.88
$IMU,53278.882,3.173,-4.211,5.187,-0.13720,0.44042,0.92626,30.05
$MAG,53278.922,-0.304,-0.829,-0.822,28.6
$IMU,53278.957,-9.399,-0.732,0.122,-0.34277,0.32861,0.96142,30.03
$BARO,53278.968,84124.75,29.88
$MAG,53279.023,-0.319,-0.823,-0.825,28.5
$IMU,53279.032,-4.577,-11.047,13.366,-0.25341,0.32958,1.00146,30.06
$VBAT,53279.067,3.921
$BARO,53279.070,83905.16,29.88
$IMU,53279.107,1.892,-11.535,17.822,-0.24121,0.41259,1.00195,30.08
$MAG,53279.124,-0.345,-0.816,-0.819,28.5
$TIME,53279.168,457950.000,2364
$BARO,53279.171,83962.10,29.87
$IMU,53279.182,-1.098,-14.526,10.986,-0.22314,0.40332,1.01953,30.05
$MAG,53279.224,-0.363,-0.811,-0.808,28.7
$IMU,53279.257,-1.342,-13.488,11.230,-0.23046,0.38476,1.02050,30.06
$BARO,53279.273,83960.15,29.87
$MAG,53279.325,-0.372,-0.814,-0.819,28.5
$IMU,53279.332,0.976,-10.131,13.183,-0.21777,0.41943,1.02343,30.06
$BARO,53279.374,84005.87,29.86
$IMU,53279.407,-0.122,-7.812,5.737,-0.18310,0.37988,1.02050,30.04
$MAG,53279.426,-0.376,-0.814,-0.814,28.5
$BARO,53279.476,84022.72,29.86
$IMU,53279.482,-3.723,-1.953,5.737,-0.23632,0.32568,1.01269,30.09
$MAG,53279.527,-0.390,-0.819,-0.816,28.6
$IMU,53279.557,1.098,-0.671,3.967,-0.13183,0.34326,1.01953,30.04
$BARO,53279.577,83810.19,29.86
$MAG,53279.628,-0.382,-0.816,-0.810,28.5
$IMU,53279.632,3.356,10.131,3.356,-0.28320,0.36132,0.99169,30.08
$BARO,53279.679,84019.45,29.85
$IMU,53279.707,-0.305,3.601,2.807,-0.14892,0.35839,1.04052,30.02
$MAG,53279.728,-0.379,-0.805,-0.810,28.7
$BARO,53279.780,84011.87,29.85
$IMU,53279.782,-2.258,9.704,1.831,-0.21093,0.31689,1.04931,30.06
$HUM,53279.818,23.6,30.3
$MAG,53279.829,-0.385,-0.807,-0.822,28.5
$IMU,53279.858,5.554,6.652,2.014,-0.21484,0.28613,1.01171,30.03
$BARO,53279.881,84018.40,29.84
$MAG,53279.930,-0.388,-0.814,-0.801,28.5
$IMU,53279.933,11.169,1.220,1.953,-0.17333,0.41894,1.00000,30.05
$BARO,53279.983,84173.67,29.84
$IMU,53280.008,4.272,1.220,-2.563,-0.23730,0.35986,0.97851,30.07
$MAG,53280.031,-0.375,-0.814,-0.807,28.5
$VBAT,53280.073,3.937
$IMU,53280.083,0.671,-0.854,-2.929,-0.18115,0.35058,1.00927,30.04
$BARO,53280.084,84073.32,29.84
$MAG,53280.131,-0.367,-0.823,-0.813,28.5
$IMU,53280.158,3.479,7.934,-4.211,-0.14794,0.42968,1.05175,30.02
$TIME,53280.168,457951.000,2364
$BARO,53280.186,84271.20,29.84
$MAG,53280.232,-0.358,-0.819,-0.798,29.0
$IMU,53280.233,2.685,21.362,-3.417,-0.14941,0.30908,1.07666,30.03
$BARO,53280.287,84240.14,29.85
$IMU,53280.308,12.268,19.958,-0.915,-0.11035,0.52148,1.02832,30.04
$MAG,53280.333,-0.342,-0.825,-0.804,28.6
$IMU,53280.383,2.197,24.963,-10.559,-0.17822,0.36865,1.04980,30.04
$BARO,53280.389,84013.60,29.85
$MAG,53280.434,-0.333,-0.831,-0.795,28.5
$IMU,53280.458,7.751,26.855,-7.873,-0.25537,0.44726,1.04931,30.03
$BARO,53280.490,83986.86,29.85
$IMU,53280.533,5.126,20.507,-4.638,-0.24414,0.52099,1.04150,30.05
$MAG,53280.534,-0.310,-0.826,-0.805,28.6
$BARO,53280.591,84253.60,29.85
$IMU,53280.608,-5.920,14.465,-3.234,-0.30566,0.49316,1.06542,30.00
$MAG,53280.635,-0.318,-0.826,-0.805,28.5
$IMU,53280.683,-11.230,-2.319,6.469,-0.21533,0.35546,1.06103,29.99
$BARO,53280.693,84173.23,29.85
$MAG,53280.736,-0.324,-0.820,-0.817,28.6
$IMU,53280.758,-4.577,-11.230,6.164,-0.22070,0.31640,0.95458,30.02
$BARO,53280.794,84326.16,29.85
$IMU,53280.833,-1.770,-17.456,4.516,-0.15185,0.29052,0.86425,29.99
$HUM,53280.834,23.5,30.3
$MAG,53280.837,-0.346,-0.826,-0.808,28.5
$BARO,53280.896,84132.23,29.86
$IMU,53280.909,-6.530,-14.648,-1.098,-0.12402,0.20458,0.88769,30.00
$MAG,53280.937,-0.349,-0.825,-0.807,28.5
$IMU,53280.984,1.037,-5.615,2.380,-0.07324,0.26660,0.89306,30.00
$BARO,53280.997,84243.09,29.86
$MAG,53281.038,-0.345,-0.829,-0.816,28.7
$IMU,53281.059,1.708,0.366,-4.150,-0.05078,0.35839,0.94335,29.99
$VBAT,53281.081,3.901
$BARO,53281.098,84234.49,29.85
$IMU,53281.134,2.868,8.422,-10.437,-0.12255,0.12353,0.89111,30.05
$MAG,53281.139,-0.319,-0.831,-0.799,28.5
$TIME,53281.168,457952.000,2364
$BARO,53281.200,84417.23,29.85
$IMU,53281.209,20.507,12.878,-6.225,-0.09130,0.39062,0.85791,30.02
$MAG,53281.240,-0.318,-0.832,-0.796,28.5
$IMU,53281.284,3.723,18.493,-13.793,-0.11669,0.41308,0.95849,29.97
$BARO,53281.301,84195.93,29.85
$MAG,53281.340,-0.280,-0.832,-0.804,28.6
$IMU,53281.359,-6.347,24.597,-14.831,-0.10498,0.24560,0.95068,30.00
$BARO,53281.403,84517.24,29.85
$IMU,53281.434,0.854,18.981,-9.948,-0.08398,0.45605,0.92138,30.00
$MAG,53281.441,-0.265,-0.826,-0.808,28.7
$BARO,53281.504,84392.56,29.84
$IMU,53281.509,-14.709,20.446,-12.512,-0.16748,0.22363,1.00585,30.01
$MAG,53281.542,-0.250,-0.825,-0.807,28.6
$IMU,53281.584,-1.708,7.385,-9.216,-0.09179,0.27832,0.99121,29.99
$BARO,53281.606,84522.87,29.84
$MAG,53281.643,-0.249,-0.828,-0.808,28.5
$IMU,53281.659,4.272,7.934,-5.187,-0.10742,0.31103,0.90771,29.96
$BARO,53281.707,84408.30,29.84
$IMU,53281.734,-2.197,2.929,-5.371,-0.09375,0.36962,0.92431,30.01
$MAG,53281.743,-0.243,-0.831,-0.813,28.5
$BARO,53281.809,84301.15,29.84
$IMU,53281.809,-12.939,-2.075,-6.774,-0.06494,0.26123,0.96972,29.96
$MAG,53281.844,-0.231,-0.822,-0.832,28.5
$HUM,53281.850,23.1,30.3
$IMU,53281.884,-8.056,1.220,-6.103,-0.08300,0.29345,1.01025,30.00
$BARO,53281.910,84353.85,29.84
$MAG,53281.945,-0.231,-0.817,-0.828,28.5
$IMU,53281.960,-3.295,-2.563,-3.173,-0.07666,0.19482,0.98193,29.99
$BARO,53282.011,84372.23,29.84
$IMU,53282.035,6.469,-5.554,-9.277,-0.01464,0.32031,0.89257,30.00
$MAG,53282.046,-0.217,-0.823,-0.823,28.6
$VBAT,53282.081,3.914
$IMU,53282.110,-0.854,7.202,-9.582,-0.06347,0.19677,0.89990,30.00
$BARO,53282.113,84257.03,29.83
$MAG,53282.147,-0.213,-0.820,-0.814,28.6
$TIME,53282.168,457952.000,2364
$IMU,53282.185,2.502,9.704,-4.272,-0.00048,0.32031,0.93017,29.98
$BARO,53282.214,84658.22,29.83
$MAG,53282.247,-0.199,-0.813,-0.814,28.6
$IMU,53282.260,-2.746,15.686,-7.629,-0.03613,0.24169,0.97998,29.99
$BARO,53282.316,84528.99,29.83
$IMU,53282.335,2.685,15.380,-9.887,-0.03466,0.23779,0.94970,29.99
$MAG,53282.348,-0.180,-0.825,-0.814,28.6
$IMU,53282.410,6.103,18.127,-8.117,-0.12255,0.37011,0.93408,30.00
$BARO,53282.417,84507.10,29.84
$MAG,53282.449,-0.166,-0.814,-0.810,28.5
$IMU,53282.485,-1.770,13.854,-4.577,-0.07324,0.26074,0.95849,29.97
$BARO,53282.519,84536.54,29.82
$MAG,53282.550,-0.160,-0.814,-0.798,28.6
$IMU,53282.560,0.366,12.023,-6.713,-0.05322,0.22900,0.96435,29.99
$BARO,53282.620,84568.89,29.84
$IMU,53282.635,4.089,9.216,-4.516,-0.07275,0.27832,0.87109,29.98
$MAG,53282.650,-0.154,-0.832,-0.808,28.6
$IMU,53282.710,0.000,1.281,0.244,-0.02148,0.27929,0.88427,29.99
$BARO,53282.722,84681.96,29.84
$MAG,53282.751,-0.142,-0.826,-0.805,28.3
$IMU,53282.785,-5.493,-0.610,-5.981,-0.03857,0.24121,0.92285,29.99
$BARO,53282.823,84562.11,29.83
$MAG,53282.852,-0.147,-0.817,-0.799,28.5
$IMU,53282.860,0.183,1.770,-6.164,-0.02880,0.22802,0.87695,30.01
$HUM,53282.866,22.9,30.3
$BARO,53282.924,84521.33,29.83
$IMU,53282.935,0.549,2.685,-4.089,0.02050,0.26025,0.89990,30.01
$MAG,53282.953,-0.129,-0.814,-0.798,28.5
$IMU,53283.011,-0.854,5.065,-6.042,-0.05126,0.28857,0.91650,29.98
$BARO,53283.026,84773.17,29.83
$MAG,53283.054,-0.126,-0.810,-0.808,28.5
$IMU,53283.086,-3.173,4.455,-8.972,-0.01074,0.25537,0.96728,29.98
$VBAT,53283.092,3.924
$BARO,53283.127,84756.55,29.83
$MAG,53283.154,-0.118,-0.817,-0.808,28.6
$IMU,53283.161,-0.488,8.422,-3.295,-0.01220,0.25830,0.94140,29.94
$TIME,53283.168,457954.000,2364
$BARO,53283.229,84710.92,29.83
$IMU,53283.236,2.319,5.676,-6.652,-0.00097,0.25390,0.91650,30.01
$MAG,53283.255,-0.106,-0.807,-0.801,28.5
$IMU,53283.311,0.244,5.493,-10.864,-0.07568,0.30322,0.93554,29.99
$BARO,53283.330,84812.47,29.83
$MAG,53283.356,-0.111,-0.808,-0.799,28.5
$IMU,53283.386,-4.882,2.258,-4.089,-0.05175,0.23046,0.95507,29.98
$BARO,53283.431,84778.15,29.83
$MAG,53283.457,-0.105,-0.810,-0.798,28.5
$IMU,53283.461,-1.525,-0.854,-1.159,-0.00244,0.23974,0.97363,30.02
$BARO,53283.533,84851.83,29.83
$IMU,53283.536,3.723,-2.685,-1.281,-0.02490,0.29003,0.97607,30.01
$MAG,53283.557,-0.105,-0.814,-0.805,28.6
$IMU,53283.611,2.563,-5.493,-3.662,-0.06103,0.31494,0.95556,29.98
$BARO,53283.634,84856.56,29.83
$MAG,53283.658,-0.100,-0.802,-0.807,28.5
$IMU,53283.686,-2.624,-6.958,-3.845,-0.04394,0.30517,0.97802,29.94
$BARO,53283.736,84745.09,29.83
$MAG,53283.759,-0.111,-0.810,-0.804,28.5
$IMU,53283.761,-3.906,-3.417,3.723,0.01464,0.25097,1.00537,29.97
$IMU,53283.836,1.770,-4.028,-1.586,-0.01904,0.28759,0.95410,29.98
$BARO,53283.837,84783.80,29.83
$MAG,53283.860,-0.111,-0.799,-0.802,28.5
$HUM,53283.881,22.8,30.3
$IMU,53283.911,0.183,-3.112,-3.967,-0.03710,0.26708,0.90527,29.98
$BARO,53283.939,84966.59,29.83
$MAG,53283.960,-0.109,-0.810,-0.802,28.7
$IMU,53283.986,-2.014,0.976,1.708,-0.07031,0.24609,0.94042,29.99
$BARO,53284.040,84733.93,29.83
$MAG,53284.061,-0.106,-0.807,-0.804,28.5
$IMU,53284.062,-0.244,-1.037,6.835,0.00830,0.29248,0.93017,29.96
$VBAT,53284.094,3.922
$IMU,53284.137,-3.784,5.126,5.615,-0.05273,0.30175,0.95361,29.96
$BARO,53284.142,84919.59,29.84
$MAG,53284.162,-0.124,-0.805,-0.808,28.5
$TIME,53284.168,457955.000,2364
$IMU,53284.212,-6.225,1.342,4.272,0.03271,0.24316,0.94091,29.98
$BARO,53284.243,84896.88,29.83
$MAG,53284.263,-0.111,-0.810,-0.808,28.5
$IMU,53284.287,-4.150,6.835,-2.014,-0.10009,0.29833,0.92968,29.98
$BARO,53284.344,84935.44,29.83
$IMU,53284.362,-9.643,5.310,1.281,-0.06005,0.29736,0.99755,29.99
$MAG,53284.363,-0.114,-0.807,-0.822,28.5
$IMU,53284.437,-13.122,3.356,3.662,-0.05224,0.18261,1.03320,29.95
$BARO,53284.446,84869.14,29.84
$MAG,53284.464,-0.115,-0.801,-0.825,28.5
$IMU,53284.512,-2.685,-1.770,-0.488,-0.03369,0.27880,0.98437,29.99
$BARO,53284.547,84898.34,29.84
$MAG,53284.565,-0.117,-0.799,-0.822,28.5
$IMU,53284.587,-1.525,-2.075,1.708,-0.05273,0.25488,0.96386,29.96
$BARO,53284.649,84962.74,29.84
$IMU,53284.662,-4.089,-2.197,3.601,-0.01025,0.22558,0.97949,29.98
$MAG,53284.666,-0.120,-0.795,-0.825,28.5
$IMU,53284.737,-2.868,-2.075,0.427,-0.03466,0.20117,0.95849,29.99
$BARO,53284.750,84964.15,29.84
$MAG,53284.766,-0.127,-0.802,-0.829,28.5
$IMU,53284.812,1.342,-4.760,0.488,-0.06933,0.21972,0.89453,30.00
$BARO,53284.852,84938.02,29.84
$MAG,53284.867,-0.132,-0.802,-0.837,28.6
$IMU,53284.887,-3.173,-4.943,4.272,-0.01953,0.22509,0.93408,29.98
$HUM,53284.897,22.9,30.3
$BARO,53284.953,85069.48,29.84
$IMU,53284.962,-2.746,-4.699,2.990,-0.01953,0.20361,0.93750,29.98
$MAG,53284.968,-0.126,-0.798,-0.835,28.5
$IMU,53285.038,1.098,-4.150,3.356,-0.07128,0.24560,0.94287,29.96
$BARO,53285.055,85182.26,29.85
$MAG,53285.069,-0.132,-0.793,-0.835,28.6
$IMU,53285.113,-1.464,-9.277,3.662,-0.01708,0.24267,0.96484,30.01
$VBAT,53285.113,3.914
$BARO,53285.156,84941.58,29.85
$TIME,53285.168,457956.000,2364
$MAG,53285.169,-0.148,-0.792,-0.847,28.3
$IMU,53285.188,-0.366,-8.605,6.958,-0.09960,0.29589,0.98925,29.96
$BARO,53285.257,85172.66,29.85
$IMU,53285.263,-1.770,-13.488,1.647,-0.02539,0.19970,0.97216,29.98
$MAG,53285.270,-0.150,-0.795,-0.843,28.5
$IMU,53285.338,3.967,-7.080,2.502,-0.08837,0.23583,0.94091,29.99
$BARO,53285.359,85224.75,29.85
$MAG,53285.371,-0.169,-0.790,-0.840,28.5
$IMU,53285.413,3.051,-5.371,11.291,0.01269,0.29492,0.94140,29.96
$BARO,53285.460,85062.33,29.85
$MAG,53285.472,-0.174,-0.805,-0.850,28.8
$IMU,53285.488,-1.647,-0.732,1.770,-0.04199,0.20214,0.93945,29.99
$BARO,53285.562,85200.83,29.85
$IMU,53285.563,2.685,-3.540,4.394,-0.01123,0.27490,0.94433,29.96
$MAG,53285.573,-0.178,-0.798,-0.844,28.6
$IMU,53285.638,-0.976,4.028,3.112,-0.09814,0.21972,0.89404,29.98
$BARO,53285.663,84992.06,29.85
$MAG,53285.673,-0.180,-0.802,-0.844,28.5
$IMU,53285.713,-2.075,0.427,4.699,0.00976,0.20898,0.90283,29.98
$BARO,53285.764,85249.78,29.85
$MAG,53285.774,-0.186,-0.801,-0.838,28.5
$IMU,53285.788,-3.417,1.281,6.469,-0.04296,0.26757,0.95800,29.98
$IMU,53285.863,-4.760,-5.432,-0.427,-0.04980,0.17822,0.95117,30.00
$BARO,53285.866,85232.74,29.85
$MAG,53285.875,-0.184,-0.807,-0.850,28.6
$HUM,53285.913,22.7,30.3
$IMU,53285.938,1.953,-8.117,-2.136,-0.05957,0.17529,0.88574,29.96
$BARO,53285.967,85198.01,29.85
$MAG,53285.975,-0.189,-0.807,-0.844,28.5
$IMU,53286.013,1.770,-8.483,6.286,-0.04150,0.21142,0.86230,29.98
$BARO,53286.069,85126.05,29.85
$MAG,53286.076,-0.201,-0.796,-0.850,28.5
$IMU,53286.089,-2.319,-5.859,5.249,-0.05029,0.15234,0.85693,30.01
$VBAT,53286.115,3.916
$IMU,53286.164,1.586,-10.986,2.502,-0.04785,0.17529,0.85595,29.98
$TIME,53286.168,457956.000,2364
$BARO,53286.170,85154.74,29.86
$MAG,53286.177,-0.208,-0.808,-0.858,28.5
$IMU,53286.239,0.061,-14.465,-0.854,-0.03515,0.17333,0.83544,29.96
$BARO,53286.272,85208.51,29.85
$MAG,53286.278,-0.205,-0.804,-0.852,28.5
$IMU,53286.314,-1.525,-10.314,-4.028,-0.02539,0.17089,0.84765,29.99
$BARO,53286.373,85255.77,29.85
$MAG,53286.378,-0.204,-0.804,-0.846,28.5
$IMU,53286.389,-1.159,-4.699,-2.929,-0.00292,0.10058,0.85742,29.96
$IMU,53286.464,7.385,2.563,-4.272,0.02441,0.20410,0.87451,29.97
$BARO,53286.474,85268.89,29.85
$MAG,53286.479,-0.196,-0.807,-0.844,28.5
$IMU,53286.539,2.319,9.460,-7.751,-0.01416,0.24121,0.87060,29.97
$BARO,53286.576,85380.06,29.85
$MAG,53286.580,-0.187,-0.804,-0.855,28.5
$IMU,53286.614,-6.164,11.474,-6.408,-0.02539,0.18945,0.91015,29.94
$BARO,53286.677,85524.85,29.85
$MAG,53286.681,-0.177,-0.804,-0.844,28.5
$IMU,53286.689,-1.098,11.596,-0.488,-0.02832,0.17773,0.91455,29.96
$IMU,53286.764,3.234,7.202,-8.056,-0.04345,0.22167,0.92187,29.98
$BARO,53286.779,85411.77,29.86
$MAG,53286.781,-0.163,-0.804,-0.843,28.5
$IMU,53286.839,-2.746,11.169,-10.559,-0.07226,0.22607,0.92138,29.94
$BARO,53286.880,85391.37,29.86
$MAG,53286.882,-0.160,-0.802,-0.847,28.7
$IMU,53286.914,-8.239,6.713,-1.953,-0.03271,0.27099,0.96923,29.94
$HUM,53286.929,22.8,30.2
$BARO,53286.982,85264.18,29.86
$MAG,53286.983,-0.159,-0.787,-0.853,28.5
$IMU,53286.989,-9.338,6.774,-5.432,-0.05810,0.14746,0.98925,29.97
$IMU,53287.064,0.366,4.272,-2.319,0.00732,0.25585,0.91162,29.94
$BARO,53287.083,85199.03,29.85
$MAG,53287.084,-0.142,-0.792,-0.844,28.3
$VBAT,53287.133,3.926
$IMU,53287.140,-2.197,5.676,-0.488,0.01660,0.17187,0.90185,29.98
$TIME,53287.168,457958.000,2364
$BARO,53287.184,85442.88,29.86
$MAG,53287.184,-0.138,-0.795,-0.852,28.5
$IMU,53287.215,0.488,8.483,-4.394,-0.04736,0.22265,0.88330,29.94
$MAG,53287.285,-0.139,-0.780,-0.846,28.5
$BARO,53287.286,85428.93,29.86
$IMU,53287.290,-4.638,4.333,-6.225,0.03027,0.22851,0.90771,29.97
$IMU,53287.365,-2.990,7.751,-5.065,0.05468,0.17333,0.89892,29.98
$MAG,53287.386,-0.121,-0.786,-0.847,28.5
$BARO,53287.387,85648.63,29.86
$IMU,53287.440,-0.976,11.596,-9.887,-0.04345,0.20019,0.87255,29.92
$MAG,53287.487,-0.109,-0.780,-0.849,28.5
$BARO,53287.489,85744.66,29.86
$IMU,53287.515,-1.464,5.432,-7.690,-0.03027,0.18408,0.84179,29.94
$MAG,53287.587,-0.106,-0.778,-0.859,28.5
$BARO,53287.590,85647.60,29.86
$IMU,53287.590,-5.371,-0.488,-5.737,-0.00927,0.14892,0.86035,29.90
$IMU,53287.665,-2.563,-0.976,-1.220,0.04248,0.12695,0.84912,30.00
$MAG,53287.688,-0.105,-0.775,-0.856,28.5
$BARO,53287.692,85557.49,29.86
$IMU,53287.740,3.906,-1.770,-2.868,0.03417,0.05322,0.82080,29.95
$MAG,53287.789,-0.094,-0.772,-0.841,28.5
$BARO,53287.793,85517.51,29.86
$IMU,53287.815,12.390,-3.967,-13.854,0.01513,0.20898,0.73144,29.99
$MAG,53287.890,-0.096,-0.774,-0.846,28.5
$IMU,53287.890,1.037,3.417,-12.756,-0.01904,0.21777,0.78564,29.98
$BARO,53287.894,85609.38,29.86
$HUM,53287.945,22.9,30.3
$IMU,53287.965,-9.460,-0.488,-6.530,0.04882,0.09277,0.87792,29.96
$MAG,53287.990,-0.090,-0.778,-0.849,28.6
$BARO,53287.996,85617.72,29.87
$IMU,53288.040,2.929,4.882,-10.009,0.01855,0.15527,0.84326,29.95
$MAG,53288.091,-0.067,-0.771,-0.841,28.5
$BARO,53288.097,85666.44,29.86
$IMU,53288.115,9.155,8.544,-6.652,0.02880,0.18164,0.83251,29.95
$VBAT,53288.134,3.935
$TIME,53288.168,457958.000,2364
$IMU,53288.191,3.906,10.742,-11.291,0.05859,0.25000,0.86865,29.98
$MAG,53288.192,-0.057,-0.760,-0.841,28.5
$BARO,53288.199,85578.01,29.87
$IMU,53288.266,-4.455,16.296,-12.329,0.05566,0.26562,0.94628,29.96
$MAG,53288.293,-0.031,-0.763,-0.835,28.3
$BARO,53288.300,85713.68,29.87
$IMU,53288.341,-7.873,19.653,-15.625,0.02685,0.22607,0.97314,29.96
$MAG,53288.394,-0.018,-0.754,-0.820,28.5
$BARO,53288.402,85691.28,29.87
$IMU,53288.416,-0.549,19.287,-13.916,0.07421,0.21875,0.94189,29.96
$IMU,53288.491,-2.197,26.611,-16.174,-0.06982,0.31982,0.93798,29.95
$MAG,53288.494,0.009,-0.750,-0.805,28.7
$BARO,53288.503,85823.76,29.88
$IMU,53288.566,-11.840,15.014,-13.793,-0.04199,0.18408,1.02587,29.99
$MAG,53288.595,0.013,-0.732,-0.816,28.5
$BARO,53288.604,85707.25,29.88
$IMU,53288.641,0.183,3.540,-10.009,0.02001,0.26025,1.00439,29.98
$MAG,53288.696,0.027,-0.724,-0.817,28.5
$BARO,53288.706,85786.59,29.88
$IMU,53288.716,-0.549,2.441,-11.474,-0.02587,0.24658,0.97558,29.98
$IMU,53288.791,-3.479,-5.187,-9.643,-0.00439,0.25585,1.00244,29.95
$MAG,53288.797,0.031,-0.726,-0.820,28.5
$BARO,53288.807,85760.82,29.89
$IMU,53288.866,-2.319,-2.624,-7.873,0.02099,0.24902,0.97070,29.93
$MAG,53288.897,0.033,-0.714,-0.826,28.5
$BARO,53288.909,85939.32,29.89
$IMU,53288.941,-3.723,-0.793,-6.469,0.09521,0.17871,0.96533,29.95
$HUM,53288.961,23.0,30.3
$MAG,53288.998,0.045,-0.705,-0.819,28.5
$BARO,53289.010,86017.62,29.89
$IMU,53289.016,3.967,7.019,-11.596,0.04150,0.19921,0.96630,29.97
$IMU,53289.091,6.103,6.958,-11.901,0.10986,0.23046,0.93554,29.94
$MAG,53289.099,0.049,-0.708,-0.802,28.3
$BARO,53289.112,86038.60,29.90
$VBAT,53289.135,3.927
$IMU,53289.167,4.699,17.700,-9.460,0.04345,0.37451,0.99511,29.95
$TIME,53289.168,457960.000,2364
$MAG,53289.200,0.069,-0.705,-0.808,28.5
$BARO,53289.213,85660.94,29.90
$IMU,53289.242,0.610,12.817,-11.474,0.12011,0.25195,1.00048,29.98
$MAG,53289.301,0.084,-0.696,-0.780,28.5
$BARO,53289.314,85978.91,29.91
$IMU,53289.317,5.737,20.385,-16.479,-0.08398,0.27490,1.00048,29.97
$IMU,53289.392,5.187,8.666,-6.225,-0.02197,0.42675,1.03955,29.98
$MAG,53289.401,0.091,-0.691,-0.777,28.6
$BARO,53289.416,86087.62,29.90
$IMU,53289.467,-8.239,4.699,-3.356,-0.05419,0.25048,1.10156,29.93
$MAG,53289.502,0.093,-0.691,-0.777,28.5
$BARO,53289.517,86211.27,29.91
$IMU,53289.542,2.441,-4.150,1.586,0.01123,0.25244,1.02734,29.99
$MAG,53289.603,0.084,-0.693,-0.784,28.5
$IMU,53289.617,4.638,-7.568,-2.502,0.02294,0.35009,0.97070,29.94
$BARO,53289.619,85957.63,29.91
$IMU,53289.692,-2.319,-5.554,-0.610,0.00585,0.20312,1.02197,29.96
$MAG,53289.704,0.081,-0.694,-0.795,28.5
$BARO,53289.720,85929.96,29.91
$IMU,53289.767,6.164,-7.263,-0.061,0.06201,0.30859,0.94042,29.96
$MAG,53289.804,0.087,-0.696,-0.789,28.5
$BARO,53289.822,85822.20,29.91
$IMU,53289.842,-3.173,0.000,-8.056,-0.04443,0.34228,0.99365,29.94
$MAG,53289.905,0.090,-0.678,-0.787,28.3
$IMU,53289.917,-8.056,-2.258,-4.882,0.06738,0.23388,1.03320,29.95
$BARO,53289.923,86022.05,29.91
$HUM,53289.977,23.0,30.4
$IMU,53289.992,-0.854,8.056,-7.446,-0.02197,0.31250,1.10449,29.92
$MAG,53290.006,0.094,-0.679,-0.780,28.3
$BARO,53290.024,85941.81,29.92
$IMU,53290.067,-0.732,5.187,-0.061,-0.07714,0.36230,1.16162,29.94
$MAG,53290.107,0.087,-0.678,-0.793,28.3
$BARO,53290.126,86244.13,29.93
$VBAT,53290.136,3.918
$IMU,53290.142,-0.488,-8.422,2.136,-0.03613,0.31250,1.17626,29.95
$MAG,53290.208,0.084,-0.679,-0.796,28.3
$IMU,53290.218,7.873,-16.784,-1.342,0.03320,0.45410,1.11083,29.94
$BARO,53290.227,86150.85,29.93
$IMU,53290.293,-4.882,-6.591,-0.732,-0.08837,0.36132,1.13671,29.97
$MAG,53290.308,0.081,-0.684,-0.811,28.5
$BARO,53290.329,86117.38,29.94
$IMU,53290.368,-6.835,-10.009,5.554,0.00537,0.30957,1.12597,29.94
$MAG,53290.409,0.070,-0.687,-0.823,28.5
$BARO,53290.430,86061.17,29.95
$IMU,53290.443,0.244,-13.366,10.009,0.03564,0.34179,1.08642,29.92
$MAG,53290.510,0.067,-0.687,-0.819,28.5
$IMU,53290.518,1.708,-12.145,-6.652,-0.05908,0.25927,0.97509,30.00
$BARO,53290.531,86123.94,29.95
$IMU,53290.593,6.469,-9.399,0.183,0.04199,0.22900,0.92919,30.00
$MAG,53290.611,0.064,-0.687,-0.811,28.5
$BARO,53290.633,86238.38,29.96
$IMU,53290.668,8.300,-0.061,2.136,0.06152,0.16064,0.84277,29.98
$MAG,53290.712,0.067,-0.691,-0.813,28.5
$BARO,53290.734,86346.95,29.94
$IMU,53290.743,11.230,7.629,-4.394,0.05566,0.20214,0.75585,29.96
$MAG,53290.813,0.075,-0.696,-0.798,28.5
$IMU,53290.818,4.455,9.033,-7.568,0.00488,0.18994,0.80419,29.98
$BARO,53290.836,86299.02,29.95
$IMU,53290.893,0.976,4.089,-10.498,0.09521,0.18457,0.84228,29.99
$MAG,53290.913,0.093,-0.681,-0.795,28.5
$BARO,53290.937,86078.94,29.94
$IMU,53290.968,-1.525,13.488,-13.061,0.11474,0.31347,1.00439,29.94
$HUM,53290.993,23.0,30.4
$MAG,53291.014,0.102,-0.672,-0.781,28.3
$BARO,53291.038,86245.23,29.96
$IMU,53291.043,0.915,25.268,-6.896,0.13671,0.14794,1.04248,29.99
$MAG,53291.115,0.126,-0.663,-0.750,28.5
$IMU,53291.118,15.869,31.799,-20.751,0.01367,0.33593,1.09716,29.96
$BARO,53291.140,86206.59,29.95
$VBAT,53291.144,3.914
$TIME,53291.168,457961.000,2364
$IMU,53291.193,10.437,28.625,-15.136,-0.05175,0.32568,1.19287,29.98
$MAG,53291.216,0.138,-0.658,-0.732,28.3
$BARO,53291.241,86246.16,29.94
$IMU,53291.269,11.840,19.165,-2.624,-0.04882,0.42871,1.28662,30.00
$MAG,53291.317,0.132,-0.669,-0.717,28.5
$BARO,53291.343,86318.33,29.94
$IMU,53291.344,11.840,1.770,1.770,-0.03564,0.40234,1.37060,29.97
$MAG,53291.417,0.135,-0.666,-0.724,28.3
$IMU,53291.419,18.554,-20.568,-6.225,-0.11425,0.56982,1.34277,29.98
$BARO,53291.444,86201.67,29.95
$IMU,53291.494,6.286,-35.766,-4.028,-0.02246,0.57275,1.50488,30.00
$MAG,53291.518,0.124,-0.663,-0.751,28.5
$BARO,53291.545,86216.22,29.95
$IMU,53291.569,3.967,-28.442,7.324,-0.02197,0.61230,1.59228,29.94
$MAG,53291.619,0.100,-0.682,-0.768,28.5
$IMU,53291.644,5.859,-24.841,10.742,0.08447,0.51171,1.57031,29.97
$BARO,53291.647,86173.86,29.95
$IMU,53291.719,12.390,-18.432,12.207,0.09277,0.52978,1.52001,29.97
$MAG,53291.720,0.096,-0.691,-0.769,28.5
$BARO,53291.748,86386.19,29.94
$IMU,53291.794,11.291,-3.967,8.728,0.14746,0.63818,1.49316,29.98
$MAG,53291.821,0.096,-0.688,-0.757,28.5
$BARO,53291.850,86157.26,29.95
$IMU,53291.869,-2.258,12.756,-0.793,-0.08935,0.53759,1.59863,29.98
$MAG,53291.921,0.091,-0.699,-0.763,28.5
$IMU,53291.944,-0.854,-1.281,7.141,0.04199,0.55908,1.64941,29.96
$BARO,53291.951,86370.57,29.95
$HUM,53292.009,23.2,30.4
$IMU,53292.019,2.502,-0.305,8.422,-0.10449,0.47167,1.60498,29.96
$MAG,53292.022,0.084,-0.702,-0.762,28.5
$BARO,53292.053,86246.37,29.94
$IMU,53292.094,8.666,-17.272,7.629,-0.07275,0.53808,1.56982,29.96
$MAG,53292.123,0.070,-0.714,-0.768,28.5
$VBAT,53292.146,3.914
$BARO,53292.154,86255.05,29.95
$TIME,53292.168,457963.000,2364
$IMU,53292.169,3.906,-29.968,11.962,0.01562,0.51953,1.63476,29.98
$MAG,53292.224,0.057,-0.718,-0.787,28.5
$IMU,53292.244,5.798,-32.165,10.620,-0.01318,0.48339,1.54882,29.97
$BARO,53292.256,86178.10,29.95
$IMU,53292.320,6.225,-30.456,4.150,-0.01074,0.49365,1.60107,29.93
$MAG,53292.324,0.033,-0.723,-0.804,28.5
$BARO,53292.357,86299.54,29.94
$IMU,53292.395,6.347,-24.230,5.249,0.02490,0.42968,1.57373,29.96
$MAG,53292.425,0.019,-0.726,-0.810,28.5
$BARO,53292.458,86613.05,29.95
$IMU,53292.470,12.145,-14.709,5.249,0.05371,0.48828,1.59033,30.00
$MAG,53292.526,0.022,-0.742,-0.793,28.5
$IMU,53292.545,10.925,2.014,8.544,0.00244,0.53515,1.57177,29.95
$BARO,53292.560,86428.99,29.94
$IMU,53292.620,3.112,-3.112,3.662,0.08447,0.44726,1.56298,29.96
$MAG,53292.627,0.015,-0.747,-0.792,28.2
$BARO,53292.661,86350.38,29.95
$IMU,53292.695,6.225,8.544,0.610,-0.08935,0.54785,1.54443,29.98
$MAG,53292.728,0.022,-0.748,-0.793,28.5
$BARO,53292.763,86441.20,29.95
$IMU,53292.770,-5.920,2.136,-0.427,-0.13525,0.46093,1.58642,30.00
$MAG,53292.828,0.010,-0.747,-0.804,28.3
$IMU,53292.845,-6.286,-7.202,4.272,-0.02783,0.40917,1.56787,29.98
$BARO,53292.864,86438.16,29.95
$IMU,53292.920,-4.211,-3.417,5.798,-0.09423,0.28564,1.45068,29.96
$MAG,53292.929,0.004,-0.750,-0.801,28.5
$BARO,53292.966,86423.68,29.94
$IMU,53292.995,7.202,-7.263,2.685,0.00195,0.38037,1.37988,29.99
$HUM,53293.025,23.5,30.4
$MAG,53293.030,0.006,-0.748,-0.799,28.3
$BARO,53293.067,86463.00,29.95
$IMU,53293.070,-5.249,0.061,-1.831,-0.10644,0.40039,1.38671,29.98
$MAG,53293.131,0.001,-0.748,-0.805,28.3
$IMU,53293.145,-11.169,-0.244,4.577,0.01025,0.24121,1.44482,29.99
$VBAT,53293.150,3.927
$BARO,53293.168,86360.06,29.95
$TIME,53293.168,457964.000,2364
$IMU,53293.220,-0.610,8.605,6.164,-0.05322,0.24902,1.33593,30.01
$MAG,53293.232,0.010,-0.754,-0.805,28.5
$BARO,53293.270,86403.62,29.95
$IMU,53293.295,2.258,1.892,-1.647,-0.03417,0.31445,1.40332,29.98
$MAG,53293.332,0.009,-0.748,-0.798,28.5
$BARO,53293.371,86426.09,29.95
$IMU,53293.371,-1.220,4.028,-1.525,-0.14501,0.21093,1.40478,30.00
$MAG,53293.433,0.006,-0.750,-0.807,28.5
$IMU,53293.446,7.568,-9.399,-1.403,0.00781,0.30322,1.37646,29.93
$BARO,53293.473,86397.16,29.95
$IMU,53293.521,0.854,1.831,-6.164,-0.09277,0.29199,1.43701,29.98
$MAG,53293.534,0.010,-0.750,-0.801,28.5
$BARO,53293.574,86499.97,29.95
$IMU,53293.596,0.488,-5.371,-3.295,-0.03222,0.21679,1.40722,30.00
$MAG,53293.635,0.018,-0.751,-0.802,28.6
$IMU,53293.671,4.760,-4.699,-2.014,-0.13671,0.27050,1.40820,29.94
$BARO,53293.675,86569.64,29.95
$MAG,53293.736,0.007,-0.754,-0.802,28.5
$IMU,53293.746,-0.183,-7.446,-2.258,0.05029,0.20361,1.43750,29.98
$BARO,53293.777,86398.18,29.95
$IMU,53293.821,5.126,2.990,-4.821,-0.13378,0.27929,1.41894,30.01
$MAG,53293.836,0.004,-0.741,-0.808,28.5
$BARO,53293.878,86395.16,29.95
$IMU,53293.896,-0.549,1.708,-3.845,-0.08837,0.26318,1.50244,29.96
$MAG,53293.937,0.009,-0.751,-0.798,28.3
$IMU,53293.971,-0.305,3.967,5.493,-0.01806,0.16113,1.49707,30.00
$BARO,53293.980,86377.93,29.96
$MAG,53294.038,0.021,-0.741,-0.799,28.5
$HUM,53294.040,23.5,30.4
$IMU,53294.046,9.216,1.281,-8.361,-0.14648,0.31054,1.53222,29.98
$BARO,53294.081,86454.27,29.96
$IMU,53294.121,1.586,-5.798,-9.399,-0.03125,0.27441,1.57080,29.97
$MAG,53294.139,0.024,-0.741,-0.793,28.5
$VBAT,53294.156,3.914
$TIME,53294.168,457964.000,2364
$BARO,53294.183,86486.71,29.96
$IMU,53294.196,3.051,2.319,0.061,-0.08007,0.23242,1.56250,29.96
$MAG,53294.239,0.027,-0.742,-0.792,28.5
$IMU,53294.271,6.408,-1.953,-4.699,-0.06347,0.33154,1.56201,29.92
$BARO,53294.284,86584.31,29.96
$MAG,53294.340,0.015,-0.748,-0.783,28.3
$IMU,53294.347,0.427,2.929,-0.671,-0.04296,0.25781,1.61914,29.96
$BARO,53294.385,86308.99,29.96
$IMU,53294.422,-0.732,3.356,-2.258,0.01611,0.30957,1.68017,29.99
$MAG,53294.441,0.036,-0.742,-0.783,28.5
$BARO,53294.487,86368.15,29.96
$IMU,53294.497,-8.605,9.399,-7.202,-0.02392,0.16357,1.71972,29.96
$MAG,53294.542,0.036,-0.732,-0.787,28.5
$IMU,53294.572,1.403,4.272,-5.371,-0.01220,0.17626,1.74853,29.99
$BARO,53294.588,86192.68,29.96
$MAG,53294.643,0.036,-0.742,-0.769,28.7
$IMU,53294.647,6.958,6.164,-1.403,0.01269,0.21728,1.76171,29.99
$BARO,53294.690,86251.57,29.97
$IMU,53294.722,-0.122,6.774,-4.577,-0.10058,0.17285,1.78906,29.98
$MAG,53294.743,0.046,-0.742,-0.777,28.5
$BARO,53294.791,86288.32,29.96
$IMU,53294.797,3.173,-3.784,-8.056,0.05029,0.09082,1.75732,29.99
$MAG,53294.844,0.069,-0.718,-0.774,28.5
$IMU,53294.872,8.911,5.187,-31.372,-0.02001,0.13427,1.66845,29.94
$BARO,53294.892,86097.96,29.96
$MAG,53294.945,0.079,-0.703,-0.765,28.5
$IMU,53294.947,0.244,12.573,-25.390,-0.01074,0.15234,1.67138,29.97
$BARO,53294.994,86204.33,29.96
$IMU,53295.022,-5.310,14.465,-20.690,-0.13916,-0.02294,1.66699,29.99
$MAG,53295.046,0.094,-0.703,-0.757,28.3
$HUM,53295.056,23.6,30.4
$BARO,53295.095,86124.01,29.96
$IMU,53295.097,6.225,2.502,-8.361,-0.15917,0.06445,1.65917,29.98
$MAG,53295.146,0.093,-0.696,-0.759,28.5
$TIME,53295.168,457966.000,2364
$IMU,53295.172,9.582,-7.446,8.666,-0.08203,0.06005,1.64404,29.98
$VBAT,53295.173,3.911
$BARO,53295.197,86252.44,29.96
$MAG,53295.247,0.070,-0.711,-0.747,28.5
$IMU,53295.247,10.498,-12.878,7.934,-0.06787,0.02832,1.63964,29.97
$BARO,53295.298,86114.70,29.96
$IMU,53295.322,11.474,-22.277,29.174,0.00244,0.15771,1.64306,29.99
$MAG,53295.348,0.036,-0.738,-0.774,28.5
$IMU,53295.398,1.892,-25.512,30.639,0.34179,0.05029,1.62353,29.97
$BARO,53295.400,86248.96,29.97
$MAG,53295.449,0.043,-0.748,-0.762,28.5
$IMU,53295.473,4.638,3.112,6.408,0.21484,0.01611,1.58056,29.96
$BARO,53295.501,86180.54,29.96
$IMU,53295.548,5.187,11.962,-14.038,0.06347,0.14306,1.55957,29.99
$MAG,53295.550,0.057,-0.741,-0.757,28.5
$BARO,53295.602,86311.63,29.96
$IMU,53295.623,-13.000,11.291,-7.019,-0.00878,-0.11718,1.65234,29.97
$MAG,53295.650,0.055,-0.741,-0.756,28.3
$IMU,53295.698,-5.126,5.676,6.103,0.06396,-0.05761,1.56494,29.98
$BARO,53295.704,86238.65,29.97
$MAG,53295.751,0.057,-0.733,-0.759,28.5
$IMU,53295.773,-4.577,-6.469,-4.821,0.20166,-0.14013,1.65380,29.99
$BARO,53295.805,86159.70,29.97
$IMU,53295.848,-1.708,-1.525,-35.461,0.22509,0.01318,1.48876,29.99
$MAG,53295.852,0.088,-0.703,-0.769,28.3
$BARO,53295.907,86343.07,29.97
$IMU,53295.923,-28.076,8.850,-80.261,0.06250,-0.20751,1.49609,29.96
$MAG,53295.953,0.138,-0.624,-0.784,28.5
$IMU,53295.998,-31.555,-0.244,-65.368,-0.00097,-0.33105,1.47949,29.97
$BARO,53296.008,86457.17,29.97
$MAG,53296.054,0.135,-0.595,-0.799,28.5
$HUM,53296.072,23.4,30.4
$IMU,53296.073,-25.878,-3.356,-24.169,-0.03369,-0.37011,1.42480,29.97
$BARO,53296.109,86550.48,29.97
$IMU,53296.148,-18.737,-7.080,-5.249,0.08935,-0.44726,1.39648,29.97
$MAG,53296.154,0.136,-0.589,-0.822,28.5
$TIME,53296.168,457967.000,2364
$VBAT,53296.174,3.905
$BARO,53296.211,86491.51,29.97
$IMU,53296.223,-1.953,-2.746,2.990,0.05664,-0.38378,1.24853,29.97
$MAG,53296.255,0.138,-0.598,-0.811,28.5
$IMU,53296.298,4.516,-7.019,-10.009,-0.09863,-0.22753,1.15576,29.99
$BARO,53296.312,86567.98,29.97
$MAG,53296.356,0.133,-0.585,-0.829,28.5
$IMU,53296.373,-8.239,-12.329,2.014,0.16015,-0.30175,1.09521,29.96
$BARO,53296.414,86710.16,29.97
$IMU,53296.449,-16.967,2.136,21.606,-0.06835,-0.25537,1.03369,29.96
$MAG,53296.457,0.121,-0.595,-0.838,28.5
$BARO,53296.515,86690.17,29.97
$IMU,53296.524,-27.282,-9.094,18.432,0.01953,-0.42724,1.07568,29.98
$MAG,53296.557,0.118,-0.597,-0.849,28.5
$IMU,53296.599,-17.639,-8.422,19.165,0.21533,-0.29589,1.00634,29.98
$BARO,53296.617,86743.97,29.98
$MAG,53296.658,0.102,-0.603,-0.859,28.5
$IMU,53296.674,-20.446,0.488,9.216,-0.07128,-0.30664,0.97216,29.98
$BARO,53296.718,86797.69,29.98
$IMU,53296.749,-19.653,-5.676,12.756,0.04394,-0.35742,0.89648,29.98
$MAG,53296.759,0.103,-0.592,-0.871,28.5
$BARO,53296.820,86753.20,29.99
$IMU,53296.824,-17.883,-8.972,7.995,0.17480,-0.39160,0.87939,30.01
$MAG,53296.860,0.090,-0.592,-0.883,28.3
$IMU,53296.899,-11.413,-11.596,-0.976,-0.04541,-0.39208,0.88574,29.96
$BARO,53296.921,86830.77,29.99
$MAG,53296.961,0.085,-0.589,-0.888,28.5
$IMU,53296.974,-3.051,-12.695,2.502,0.04296,-0.33984,0.89013,29.96
$BARO,53297.022,86854.58,29.99
$IMU,53297.049,-5.432,-6.958,11.108,0.07470,-0.45751,0.89941,29.99
$MAG,53297.061,0.078,-0.594,-0.897,28.5
$HUM,53297.088,22.9,30.4
$BARO,53297.124,86843.07,29.99
$IMU,53297.124,0.244,-6.225,9.521,0.08398,-0.36816,0.88574,30.00
$MAG,53297.162,0.073,-0.598,-0.891,28.5
$TIME,53297.168,457968.000,2364
$VBAT,53297.191,3.913
$IMU,53297.199,6.652,4.821,6.286,-0.03955,-0.30468,0.68066,29.95
$BARO,53297.225,86852.92,29.99
$MAG,53297.263,0.075,-0.607,-0.891,28.5
$IMU,53297.274,2.685,-0.305,7.507,-0.04443,-0.23291,0.66015,30.00
$BARO,53297.327,86842.42,29.99
$IMU,53297.349,-15.502,4.455,11.169,0.08056,-0.44140,0.84521,29.96
$MAG,53297.364,0.066,-0.616,-0.891,28.5
$IMU,53297.424,-2.319,5.615,22.399,0.21777,-0.27880,0.75634,29.98
$BARO,53297.428,86953.91,29.99
$MAG,53297.465,0.058,-0.627,-0.886,28.5
$IMU,53297.500,3.295,7.995,18.737,0.08740,-0.36132,0.62988,29.98
$BARO,53297.529,86883.10,30.00
$MAG,53297.565,0.066,-0.637,-0.867,28.5
$IMU,53297.575,9.582,10.498,7.690,-0.06542,-0.32373,0.48535,30.00
$BARO,53297.631,86927.39,30.00
$IMU,53297.650,19.226,0.915,8.850,0.06250,0.04150,0.29394,29.98
$MAG,53297.666,0.060,-0.637,-0.868,28.5
$IMU,53297.725,-15.563,-2.319,1.525,0.00781,-0.11523,0.37988,29.98
$BARO,53297.732,86985.96,30.00
$MAG,53297.767,0.060,-0.645,-0.871,28.5
$IMU,53297.800,-14.587,2.075,4.272,0.06591,-0.21533,0.39306,29.98
$BARO,53297.834,87030.93,30.00
$MAG,53297.868,0.072,-0.643,-0.862,28.5
$IMU,53297.875,0.061,14.282,0.610,-0.07958,-0.32519,0.11083,29.92
$BARO,53297.935,86941.11,29.99
$IMU,53297.950,9.643,6.652,-7.995,-0.14648,0.06884,0.18750,29.98
$MAG,53297.969,0.081,-0.630,-0.871,28.5
$IMU,53298.025,-13.977,-3.723,-6.225,0.05224,-0.03320,0.42333,29.94
$BARO,53298.037,86965.90,30.00
$MAG,53298.069,0.084,-0.625,-0.859,28.5
$IMU,53298.100,-7.873,18.493,-5.310,0.01513,-0.14062,0.54492,29.98
$HUM,53298.104,23.1,30.4
$BARO,53298.138,86830.03,30.00
$TIME,53298.168,457969.000,2364
$MAG,53298.170,0.093,-0.630,-0.865,28.5
$IMU,53298.175,9.033,0.915,-4.760,0.07128,-0.16406,0.72607,29.98
$VBAT,53298.192,3.918
$BARO,53298.239,86896.89,30.00
$IMU,53298.250,16.174,-1.281,-9.338,-0.07421,-0.32128,0.75537,29.92
$MAG,53298.271,0.085,-0.636,-0.847,28.5
$IMU,53298.325,51.147,-14.770,-6.164,-0.04394,0.12695,0.37597,29.98
$BARO,53298.341,86964.63,30.01
$MAG,53298.372,0.070,-0.661,-0.828,28.6
$IMU,53298.400,35.644,-3.112,22.583,0.46582,0.05908,0.25341,30.00
$BARO,53298.442,86878.25,30.00
$MAG,53298.472,0.085,-0.669,-0.813,28.5
$IMU,53298.476,18.615,8.605,-2.929,0.19628,0.14453,0.41259,29.97
$BARO,53298.544,86962.02,30.01
$IMU,53298.551,5.004,14.099,-11.840,0.07177,0.15136,0.42333,29.97
$MAG,53298.573,0.088,-0.663,-0.813,28.3
$IMU,53298.626,-10.559,0.854,-7.873,0.07470,0.13818,0.57910,29.98
$BARO,53298.645,86942.16,30.01
$MAG,53298.674,0.096,-0.658,-0.822,28.3
$IMU,53298.701,-26.123,1.831,0.488,0.09472,0.10888,0.80419,30.02
$BARO,53298.747,86870.40,30.02
$MAG,53298.775,0.082,-0.661,-0.832,28.5
$IMU,53298.776,-14.038,2.624,11.108,0.17529,-0.13623,0.74169,29.95
$BARO,53298.848,86871.28,30.01
$IMU,53298.851,13.122,-0.061,-4.760,0.04248,0.02832,0.69189,30.01
$MAG,53298.876,0.087,-0.654,-0.819,28.5
$IMU,53298.926,4.272,-7.507,2.136,0.25976,-0.20947,0.73535,30.01
$BARO,53298.949,86842.64,30.01
$MAG,53298.976,0.094,-0.658,-0.819,28.5
$IMU,53299.001,17.333,-3.723,-15.747,0.36083,0.05419,0.72851,29.98
$BARO,53299.051,86845.02,30.01
$IMU,53299.076,2.563,18.188,-31.127,-0.05078,-0.10791,0.65185,29.97
$MAG,53299.077,0.115,-0.642,-0.810,28.5
$HUM,53299.120,23.3,30.5
$IMU,53299.151,5.249,4.455,-17.944,0.15478,-0.07763,0.69433,29.97
$BARO,53299.152,86806.39,30.02
$TIME,53299.168,457969.000,2364
$MAG,53299.178,0.121,-0.621,-0.805,28.5
$VBAT,53299.210,3.918
$IMU,53299.226,0.854,-1.037,-17.822,0.13623,-0.27539,0.80029,29.97
$BARO,53299.254,86989.42,30.01
$MAG,53299.279,0.139,-0.615,-0.789,28.5
$IMU,53299.301,17.700,5.249,-25.756,-0.04882,-0.30322,0.72802,29.99
$BARO,53299.355,87078.85,30.02
$IMU,53299.376,27.709,5.432,-20.751,0.11132,-0.43750,1.21337,29.96
$MAG,53299.380,0.142,-0.598,-0.798,28.5
$IMU,53299.451,-64.575,28.808,-12.878,0.16503,-2.90478,0.81542,30.01
$BARO,53299.456,87069.96,30.02
$MAG,53299.480,0.156,-0.637,-0.718,28.5
$IMU,53299.527,182.006,23.132,11.291,-0.12158,0.56884,0.27099,30.01
$BARO,53299.558,87108.54,30.02
$MAG,53299.581,0.169,-0.609,-0.696,28.5
$IMU,53299.602,20.324,10.803,-38.269,-0.02539,-1.79394,0.88378,30.06
$BARO,53299.659,87155.12,30.02
$IMU,53299.677,58.349,-3.051,10.681,0.12695,-2.12548,0.67041,29.99
$MAG,53299.682,0.166,-0.645,-0.664,28.6
$IMU,53299.752,146.301,0.061,5.493,-0.46923,-1.24560,0.06933,29.96
$BARO,53299.761,87147.86,30.02
$MAG,53299.783,0.160,-0.642,-0.591,28.5
$IMU,53299.827,200.622,-35.827,-17.639,-0.14257,-0.75146,-0.13427,30.02
$BARO,53299.862,87201.85,30.02
$MAG,53299.883,0.163,-0.621,-0.498,28.5
$IMU,53299.902,226.989,-20.019,-9.216,0.07958,-0.60742,-0.20166,30.00
$BARO,53299.963,87243.26,30.02
$IMU,53299.977,304.260,3.967,2.807,-0.03027,-0.28027,-1.18701,30.01
$MAG,53299.984,0.156,-0.525,-0.397,28.5
$IMU,53300.052,342.773,7.080,2.136,-0.25830,0.47216,-1.96240,29.98
$BARO,53300.065,87201.85,30.02
$MAG,53300.085,0.163,-0.399,-0.376,28.3
$IMU,53300.127,260.986,-0.976,9.033,-0.42285,1.11767,-2.21093,29.99
$HUM,53300.137,24.5,30.5
$BARO,53300.166,87222.79,30.02
$TIME,53300.168,457971.000,2364
$MAG,53300.186,0.168,-0.354,-0.400,28.5
$IMU,53300.202,158.569,-12.512,29.602,-0.16064,1.31396,-2.29980,30.00
$VBAT,53300.212,3.918
$BARO,53300.268,87266.03,30.02
$IMU,53300.277,65.673,-1.770,16.418,0.10595,1.54541,-2.39599,29.98
$MAG,53300.287,0.150,-0.345,-0.373,28.5
$IMU,53300.352,22.277,54.016,43.457,0.15087,1.52343,-2.69580,29.99
$BARO,53300.369,87264.86,30.02
$MAG,53300.388,0.150,-0.414,-0.363,28.6
$IMU,53300.427,-49.194,11.291,46.569,1.04687,1.75000,-2.40283,30.00
$BARO,53300.471,87275.97,30.02
$MAG,53300.488,0.150,-0.460,-0.360,28.7
$IMU,53300.502,-134.216,17.150,-22.338,0.32275,1.33837,-1.45410,30.01
$BARO,53300.572,87247.50,30.02
$IMU,53300.578,-164.123,-71.655,-42.663,0.55712,0.65136,-0.48486,30.01
$MAG,53300.589,0.186,-0.474,-0.426,28.5
$IMU,53300.653,-92.468,-8.361,-50.842,0.18066,1.08740,-0.37646,29.97
$BARO,53300.673,87298.20,30.02
$MAG,53300.690,0.150,-0.499,-0.372,28.5
$IMU,53300.728,-96.374,81.970,1.220,-0.25292,1.43066,-0.57519,30.03
$BARO,53300.775,87369.50,30.02
$MAG,53300.791,0.079,-0.603,-0.321,28.5
$IMU,53300.803,-161.010,116.516,27.465,-0.16162,2.01660,-0.58691,30.00
$BARO,53300.876,87379.32,30.02
$IMU,53300.878,-269.958,183.105,39.367,-1.05419,1.06982,0.00195,30.05
$MAG,53300.891,-0.051,-0.789,-0.379,28.5
$IMU,53300.953,-293.945,152.343,49.804,-1.45410,0.69921,1.09033,30.00
$BARO,53300.978,87415.13,30.02
$MAG,53300.992,-0.118,-0.859,-0.528,28.5
$IMU,53301.028,-207.092,96.862,50.109,-1.36962,0.47363,1.72412,30.01
$BARO,53301.079,87412.16,30.01
$MAG,53301.093,-0.198,-0.874,-0.606,28.5
$IMU,53301.103,-100.402,34.729,93.566,-0.42041,0.89892,1.66357,30.03
$HUM,53301.153,24.0,30.5
$TIME,53301.168,457973.000,2364
$IMU,53301.178,-61.279,-2.929,24.047,0.17968,1.18945,1.61132,30.00
$BARO,53301.180,87419.18,30.02
$MAG,53301.194,-0.199,-0.870,-0.654,28.5
$VBAT,53301.217,3.916
$IMU,53301.253,-58.044,-1.342,-11.657,0.02490,0.57910,1.48242,30.00
$BARO,53301.282,87429.07,30.02
$MAG,53301.295,-0.208,-0.868,-0.685,28.5
$IMU,53301.328,-21.545,-21.606,3.906,0.53564,0.78173,1.41601,29.98
$BARO,53301.383,87430.07,30.02
$MAG,53301.395,-0.174,-0.865,-0.696,28.5
$IMU,53301.403,-12.695,-16.174,-31.066,0.53027,0.86914,1.06689,29.99
$IMU,53301.478,-20.080,5.554,-42.297,0.30175,0.71240,0.83154,30.02
$BARO,53301.485,87430.90,30.02
$MAG,53301.496,-0.132,-0.837,-0.729,28.5
$IMU,53301.553,-44.677,-0.183,-55.480,0.14550,0.53710,0.95751,30.03
$BARO,53301.586,87437.56,30.01
$MAG,53301.597,-0.060,-0.805,-0.774,28.5
$IMU,53301.629,-57.373,-2.197,-69.580,0.20800,0.30029,1.04785,30.03
$BARO,53301.688,87458.71,30.02
$MAG,53301.698,-0.013,-0.754,-0.814,28.5
$IMU,53301.704,-48.828,13.244,-65.124,-0.09667,0.19238,1.14306,30.02
$IMU,53301.779,-39.428,13.977,-50.170,-0.18945,0.14306,1.13720,30.03
$BARO,53301.789,87450.62,30.02
$MAG,53301.799,0.027,-0.727,-0.826,28.3
$IMU,53301.854,-28.381,9.338,-28.076,-0.30175,0.18750,1.19921,30.01
$BARO,53301.890,87436.68,30.02
$MAG,53301.899,0.031,-0.703,-0.841,28.5
$IMU,53301.929,-9.460,-11.169,-20.141,0.14648,0.20800,1.15332,30.03
$BARO,53301.992,87462.08,30.02
$MAG,53302.000,0.060,-0.676,-0.838,28.5
$IMU,53302.004,6.286,0.549,-39.978,0.11621,0.25341,0.93847,30.03
$IMU,53302.079,7.080,16.174,-36.987,-0.07568,0.39111,0.86181,29.98
$BARO,53302.093,87470.22,30.02
$MAG,53302.101,0.081,-0.660,-0.837,28.5
$IMU,53302.154,-24.841,13.854,-15.441,-0.08203,0.25000,1.03076,30.00
$HUM,53302.169,23.8,30.5
$BARO,53302.195,87464.03,30.01
$MAG,53302.202,0.084,-0.648,-0.841,28.3
$IMU,53302.229,-25.207,8.850,0.671,-0.01123,0.17480,1.15478,30.02
$VBAT,53302.235,3.924
$BARO,53302.296,87465.51,30.02
$MAG,53302.302,0.082,-0.670,-0.826,28.5
$IMU,53302.304,9.338,7.019,21.728,0.03466,0.32421,1.00781,29.98
$IMU,53302.379,15.502,6.225,24.780,0.25390,0.51025,0.86523,30.01
$BARO,53302.397,87474.00,30.02
$MAG,53302.403,0.073,-0.681,-0.814,28.7
$IMU,53302.454,0.427,10.314,13.610,0.11328,0.55615,0.93896,30.03
$BARO,53302.499,87493.35,30.03
$MAG,53302.504,0.069,-0.688,-0.819,28.6
$IMU,53302.529,-5.371,1.037,7.080,0.19824,0.49316,0.98535,30.02
$BARO,53302.600,87489.96,30.02
$IMU,53302.604,-3.784,-0.854,6.042,0.26708,0.52929,0.98095,30.01
$MAG,53302.605,0.069,-0.688,-0.817,28.5
$IMU,53302.680,-15.441,6.042,-1.647,0.16552,0.43994,1.04882,30.02
$BARO,53302.702,87470.93,30.03
$MAG,53302.706,0.085,-0.672,-0.822,28.5
$IMU,53302.755,-14.709,11.291,-8.605,0.10058,0.19482,1.10009,29.99
$BARO,53302.803,87481.24,30.03
$MAG,53302.806,0.078,-0.682,-0.807,28.5
$IMU,53302.830,7.751,17.211,1.953,0.03027,0.32861,1.01074,29.97
$BARO,53302.905,87499.62,30.03
$IMU,53302.905,-0.732,11.962,4.272,-0.07128,0.29687,0.94287,30.01
$MAG,53302.907,0.084,-0.681,-0.799,28.6
$IMU,53302.980,-16.540,-0.488,8.300,0.05957,0.23339,0.98828,30.00
$BARO,53303.006,87506.27,30.03
$MAG,53303.008,0.076,-0.667,-0.814,28.5
$IMU,53303.055,-20.629,1.892,3.784,0.06982,0.16357,1.00048,29.99
$BARO,53303.107,87511.92,30.03
$MAG,53303.109,0.091,-0.660,-0.825,28.7
$IMU,53303.130,-14.953,3.173,-10.925,-0.02099,0.12792,1.02685,30.03
$TIME,53303.168,457974.000,2364
$HUM,53303.185,23.7,30.5
$IMU,53303.205,-17.395,-0.244,-18.127,-0.10058,0.08837,1.05615,30.05
$BARO,53303.209,87513.48,30.04
$MAG,53303.209,0.096,-0.657,-0.838,28.5
$VBAT,53303.250,3.932
$IMU,53303.280,-8.544,0.305,-7.751,-0.06542,0.18408,1.04638,30.03
$BARO,53303.310,87525.82,30.04
$MAG,53303.310,0.087,-0.643,-0.825,28.3
$IMU,53303.355,-7.629,5.371,-0.366,-0.04101,0.10205,1.10253,30.03
$MAG,53303.411,0.108,-0.631,-0.837,28.5
$BARO,53303.412,87546.61,30.04
$IMU,53303.430,1.953,-0.976,-13.366,-0.18652,0.07812,1.10546,30.03
$IMU,53303.505,15.319,-12.817,-19.897,-0.17236,0.15429,1.08349,30.04
$MAG,53303.512,0.100,-0.633,-0.834,28.5
$BARO,53303.513,87539.35,30.04
$IMU,53303.580,26.184,-21.484,-16.662,-0.17675,0.12109,1.05175,30.02
$MAG,53303.613,0.094,-0.633,-0.834,28.5
$BARO,53303.615,87552.07,30.04
$IMU,53303.656,46.752,-37.353,-18.432,-0.04541,0.35351,1.01074,30.01
$MAG,53303.713,0.079,-0.640,-0.856,28.5
$BARO,53303.716,87562.58,30.04
$IMU,53303.731,39.611,-41.320,-18.920,0.07958,0.41796,1.02343,30.01
$IMU,53303.806,37.292,-36.560,-19.897,0.01953,0.46484,1.08251,30.00
$MAG,53303.814,0.078,-0.654,-0.850,28.5
$BARO,53303.817,87554.39,30.05
$IMU,53303.881,42.419,-38.757,-19.653,0.07275,0.45703,1.08251,30.03
$MAG,53303.915,0.055,-0.663,-0.853,28.5
$BARO,53303.919,87551.41,30.04
$IMU,53303.956,43.823,-34.790,-10.986,0.05908,0.58886,1.15771,30.03
$MAG,53304.016,0.037,-0.676,-0.856,28.5
$BARO,53304.020,87565.35,30.04
$IMU,53304.031,38.085,-33.142,-9.216,0.14550,0.54345,1.14697,30.05
$IMU,53304.106,42.663,-25.085,-3.723,0.12011,0.64062,1.10595,30.03
$MAG,53304.117,0.028,-0.700,-0.852,28.5
$BARO,53304.122,87572.57,30.05
$TIME,53304.168,457976.000,2364
$IMU,53304.181,37.353,-18.249,5.920,0.13476,0.72949,1.10156,30.01
$HUM,53304.201,24.1,30.5
$MAG,53304.217,0.030,-0.727,-0.840,28.7
$BARO,53304.223,87587.37,30.04
$VBAT,53304.252,3.918
$IMU,53304.256,25.512,-11.291,14.526,0.13818,0.69775,1.08447,30.04
$MAG,53304.318,-0.004,-0.747,-0.811,28.5
$BARO,53304.324,87613.23,30.04
$IMU,53304.331,24.658,-2.868,24.841,0.22167,0.76269,1.04833,30.03
$IMU,53304.406,19.958,7.873,30.151,0.19677,0.79492,1.04052,30.04
$MAG,53304.419,-0.021,-0.769,-0.805,28.5
$BARO,53304.426,87602.43,30.05
$IMU,53304.481,19.897,8.483,30.517,0.23828,0.85400,1.03564,30.04
$MAG,53304.520,-0.046,-0.792,-0.780,28.5
$BARO,53304.527,87594.95,30.05
$IMU,53304.556,14.831,8.422,27.343,0.20117,0.83837,1.01464,30.03
$MAG,53304.621,-0.060,-0.807,-0.771,28.5
$BARO,53304.629,87590.75,30.05
$IMU,53304.631,10.253,4.028,18.493,0.29443,0.83496,0.98339,30.02
$IMU,53304.707,9.155,4.699,19.836,0.31787,0.87011,1.01123,30.07
$MAG,53304.721,-0.073,-0.808,-0.759,28.5
$BARO,53304.730,87604.28,30.05
$IMU,53304.782,0.610,8.728,20.019,0.33789,0.78173,1.01806,30.02
$MAG,53304.822,-0.075,-0.820,-0.751,28.6
$BARO,53304.832,87607.72,30.05
$IMU,53304.857,3.601,16.052,16.479,0.21875,0.82470,0.88427,30.02
$MAG,53304.923,-0.090,-0.814,-0.763,28.5
$IMU,53304.932,-10.681,7.263,16.418,0.30126,0.68945,0.95068,30.03
$BARO,53304.933,87602.67,30.05
$IMU,53305.007,-8.666,1.159,9.033,0.28173,0.64843,0.90625,30.09
$MAG,53305.024,-0.100,-0.814,-0.756,28.5
$BARO,53305.034,87611.50,30.05
$IMU,53305.082,-12.878,-6.408,4.455,0.35595,0.55029,0.96142,30.05
$MAG,53305.125,-0.097,-0.807,-0.769,28.5
$BARO,53305.136,87610.08,30.05
$IMU,53305.157,-10.009,-3.356,-9.033,0.29345,0.53076,0.94775,30.05
$HUM,53305.216,24.1,30.5
$MAG,53305.225,-0.088,-0.805,-0.796,28.5
$IMU,53305.232,-17.517,-5.126,-6.225,0.27246,0.39501,1.02929,30.00
$BARO,53305.237,87615.59,30.05
$VBAT,53305.268,3.898
$IMU,53305.307,-3.417,-13.183,-32.348,0.13476,0.54345,0.84814,30.06
$MAG,53305.326,-0.075,-0.792,-0.792,28.5
$BARO,53305.339,87618.98,30.05
$IMU,53305.382,-7.202,-5.676,-24.047,0.06542,0.67089,0.78564,30.07
$MAG,53305.427,-0.045,-0.778,-0.822,28.5
$BARO,53305.440,87623.78,30.06
$IMU,53305.457,-33.020,-0.061,-16.479,0.08935,0.52392,0.77246,30.03
$MAG,53305.528,-0.057,-0.766,-0.858,28.5
$IMU,53305.532,-45.715,7.141,12.329,0.25585,0.44482,0.82812,30.03
$BARO,53305.542,87605.74,30.06
$IMU,53305.607,-45.166,26.733,27.465,0.22900,0.28466,0.93115,30.06
$MAG,53305.629,-0.054,-0.744,-0.868,28.5
$BARO,53305.643,87627.73,30.07
$IMU,53305.682,-39.916,31.250,19.714,0.19384,0.19238,1.02343,30.06
$MAG,53305.729,-0.046,-0.732,-0.877,28.7
$BARO,53305.745,87640.28,30.06
$IMU,53305.758,-33.874,38.635,27.709,0.04199,0.12500,1.06250,30.07
$MAG,53305.830,-0.057,-0.726,-0.880,28.5
$IMU,53305.833,-32.287,35.095,25.512,-0.04248,-0.04882,1.12548,30.02
$BARO,53305.846,87646.77,30.06
$IMU,53305.908,-14.648,20.019,5.371,-0.06347,-0.12744,1.11718,30.05
$MAG,53305.931,-0.036,-0.724,-0.861,28.6
$BARO,53305.947,87667.36,30.06
$IMU,53305.983,11.840,4.150,-14.953,-0.07763,-0.00244,0.97216,30.06
$MAG,53306.032,-0.022,-0.721,-0.865,28.5
$BARO,53306.049,87643.11,30.06
$IMU,53306.058,14.099,-8.422,-26.428,-0.08886,0.05126,0.89257,30.01
$MAG,53306.132,-0.015,-0.697,-0.876,28.6
$IMU,53306.133,3.112,-25.939,-39.123,0.04589,0.06298,0.97021,30.01
$BARO,53306.150,87651.35,30.07
$TIME,53306.168,457977.000,2364
$IMU,53306.208,8.789,-24.108,-35.339,0.22119,0.09326,0.96972,30.03
$HUM,53306.232,22.5,30.5
$MAG,53306.233,-0.009,-0.700,-0.882,28.5
$BARO,53306.252,87661.66,30.07
$VBAT,53306.270,3.919
$IMU,53306.283,22.033,-14.831,-20.629,0.17333,0.13623,0.88037,30.01
$MAG,53306.334,-0.012,-0.705,-0.865,28.5
$BARO,53306.353,87658.37,30.07
$IMU,53306.358,21.179,-13.854,-27.832,0.16796,0.24462,0.85791,30.04
$IMU,53306.433,8.972,-1.892,-22.705,0.09228,0.23730,0.83251,30.05
$MAG,53306.435,0.009,-0.697,-0.868,28.5
$BARO,53306.455,87658.59,30.07
$IMU,53306.508,2.746,1.220,-8.605,0.11279,0.22607,0.85351,30.06
$MAG,53306.536,0.012,-0.691,-0.871,28.5
$BARO,53306.556,87673.31,30.07
$IMU,53306.583,-8.605,-0.061,3.662,0.09472,0.18554,0.93847,30.08
$MAG,53306.636,0.001,-0.696,-0.871,28.5
$BARO,53306.657,87666.19,30.08
$IMU,53306.658,-4.821,-1.220,10.803,0.18115,0.10937,0.89990,30.05
$IMU,53306.733,5.004,2.258,12.329,0.17089,0.19726,0.89306,30.03
$MAG,53306.737,-0.006,-0.709,-0.868,28.5
$BARO,53306.759,87660.76,30.08
$IMU,53306.809,2.563,5.004,10.375,0.11181,0.18115,0.87988,30.11
$MAG,53306.838,-0.006,-0.702,-0.868,28.5
$BARO,53306.860,87665.76,30.08
$IMU,53306.884,1.403,-1.892,7.080,0.18701,0.20068,0.87109,30.04
$MAG,53306.939,-0.012,-0.714,-0.871,28.5
$IMU,53306.959,1.831,-2.197,2.624,0.16650,0.20751,0.85205,30.07
$BARO,53306.962,87665.15,30.08
$IMU,53307.034,3.112,2.380,-3.540,0.16455,0.24462,0.82958,30.03
$MAG,53307.040,-0.001,-0.717,-0.867,28.5
$BARO,53307.063,87679.43,30.09
$IMU,53307.109,0.610,4.455,-4.882,0.08447,0.19189,0.83251,30.06
$MAG,53307.140,-0.006,-0.706,-0.859,28.5
$BARO,53307.165,87676.65,30.08
$TIME,53307.168,457978.000,2364
$IMU,53307.184,-0.305,2.197,-4.882,0.10498,0.15722,0.87890,30.07
$MAG,53307.241,0.003,-0.715,-0.853,28.5
$HUM,53307.248,23.3,30.5
$IMU,53307.259,10.681,1.708,-5.310,0.12988,0.26953,0.84375,30.10
$BARO,53307.266,87693.37,30.09
$VBAT,53307.287,3.910
$IMU,53307.334,18.920,11.291,2.380,0.10595,0.11669,1.03466,30.09
$MAG,53307.342,0.004,-0.730,-0.832,28.7
$BARO,53307.368,87701.46,30.09
$IMU,53307.409,58.837,25.268,13.244,-0.00341,-0.28417,1.21630,30.05
$MAG,53307.443,-0.001,-0.790,-0.702,28.7
$BARO,53307.469,87704.29,30.09
$IMU,53307.484,179.321,36.132,27.343,0.22314,-0.12158,0.54492,30.05
$MAG,53307.544,-0.030,-0.799,-0.442,28.5
$IMU,53307.559,277.832,44.677,19.042,0.08447,0.51611,-0.13476,30.06
$BARO,53307.571,87707.51,30.09
$IMU,53307.634,267.883,31.188,13.671,0.06640,0.89941,-0.37841,30.04
$MAG,53307.644,-0.048,-0.694,-0.267,28.7
$BARO,53307.672,87703.88,30.09
$IMU,53307.709,200.073,16.906,10.131,-0.03027,1.05175,-0.57177,30.09
$MAG,53307.745,-0.072,-0.612,-0.208,28.3
$BARO,53307.773,87704.88,30.09
$IMU,53307.785,115.234,20.385,24.841,0.11328,0.97509,-0.63476,30.08
$MAG,53307.846,-0.117,-0.588,-0.178,28.5
$IMU,53307.860,49.682,32.348,29.235,0.05126,0.84863,-0.57763,30.07
$BARO,53307.875,87723.28,30.09
$IMU,53307.935,13.427,19.592,10.986,0.00878,0.84033,-0.51367,30.10
$MAG,53307.947,-0.132,-0.588,-0.168,28.7
$BARO,53307.976,87731.76,30.09
$IMU,53308.010,-9.948,8.972,18.554,0.04199,0.64550,-0.58398,30.05
$MAG,53308.048,-0.132,-0.601,-0.175,28.6
$BARO,53308.078,87728.67,30.09
$IMU,53308.085,-9.277,-13.916,33.203,0.16699,0.71044,-0.66357,30.10
$MAG,53308.148,-0.130,-0.621,-0.187,28.6
$IMU,53308.160,-11.779,-17.333,20.629,0.28369,0.80322,-0.62841,30.08
$TIME,53308.168,457979.000,2364
$BARO,53308.179,87740.85,30.09
$IMU,53308.235,-31.311,-2.014,14.465,0.30322,0.75048,-0.51562,30.10
$MAG,53308.249,-0.129,-0.648,-0.202,28.5
$HUM,53308.264,24.1,30.5
$BARO,53308.281,87750.14,30.09
$VBAT,53308.289,3.921
$IMU,53308.310,-41.076,1.403,-2.258,0.20703,0.80322,-0.51513,30.05
$MAG,53308.350,-0.135,-0.687,-0.229,28.6
$BARO,53308.382,87752.51,30.09
$IMU,53308.385,-63.781,-3.601,-3.295,0.22949,0.90527,-0.57080,30.11
$MAG,53308.451,-0.117,-0.756,-0.312,28.6
$IMU,53308.460,-108.215,-11.962,-16.296,0.27294,0.96728,-0.54052,30.07
$BARO,53308.484,87742.80,30.09
$IMU,53308.535,-159.912,-20.202,-39.611,0.27294,0.90527,-0.40576,30.07
$MAG,53308.552,-0.052,-0.817,-0.457,28.5
$BARO,53308.585,87759.57,30.09
$IMU,53308.610,-192.626,-31.433,-55.908,0.16845,0.70703,-0.11621,30.07
$MAG,53308.652,0.018,-0.795,-0.648,28.8
$IMU,53308.685,-189.819,-59.631,-68.786,0.13574,0.46533,0.22119,30.10
$BARO,53308.687,87763.99,30.10
$MAG,53308.753,0.049,-0.741,-0.777,28.6
$IMU,53308.760,-146.118,-63.354,-55.847,0.24316,0.33154,0.63574,30.07
$BARO,53308.788,87768.67,30.09
$IMU,53308.836,-79.528,-28.930,-9.826,0.10986,0.56835,0.76171,30.09
$MAG,53308.854,0.033,-0.714,-0.823,28.6
$BARO,53308.889,87770.88,30.09
$IMU,53308.911,-54.626,-9.521,-5.859,0.03759,0.85498,0.68017,30.05
$MAG,53308.955,0.031,-0.664,-0.873,28.5
$IMU,53308.986,-80.200,-0.183,8.850,0.05566,0.49462,0.76513,30.06
$BARO,53308.991,87771.81,30.10
$MAG,53309.056,0.031,-0.652,-0.903,28.6
$IMU,53309.061,-78.002,12.084,28.442,-0.02197,0.24560,0.92187,30.08
$BARO,53309.092,87784.34,30.10
$IMU,53309.136,-46.569,13.244,24.658,-0.06738,0.28173,0.89453,30.09
$MAG,53309.156,0.025,-0.637,-0.924,28.6
$TIME,53309.168,457981.000,2364
$BARO,53309.194,87788.31,30.11
$IMU,53309.211,-39.978,9.521,28.320,-0.04931,0.20751,0.93847,30.09
$MAG,53309.257,0.022,-0.610,-0.934,28.5
$HUM,53309.280,22.3,30.5
$IMU,53309.286,-56.945,9.094,23.986,-0.00097,0.06835,1.19189,30.10
$BARO,53309.295,87768.98,30.10
$VBAT,53309.305,3.918
$MAG,53309.358,0.010,-0.589,-0.951,28.6
$IMU,53309.361,-48.217,-0.793,14.160,0.06689,-0.09570,1.20800,30.08
$BARO,53309.397,87748.87,30.11
$IMU,53309.436,-23.315,-5.615,7.629,0.17138,-0.11230,1.18212,30.08
$MAG,53309.459,-0.003,-0.583,-0.960,28.5
$BARO,53309.498,87772.64,30.12
$IMU,53309.511,-9.704,-3.906,2.563,0.21533,-0.10937,1.10498,30.09
$MAG,53309.560,0.001,-0.585,-0.964,28.5
$IMU,53309.586,3.112,-16.418,-17.700,0.07226,0.09716,1.03369,30.10
$BARO,53309.599,87775.25,30.12
$MAG,53309.660,-0.018,-0.540,-0.994,28.6
$IMU,53309.661,-6.591,-41.809,-59.631,0.25146,0.03955,1.10546,30.09
$BARO,53309.701,87768.08,30.13
$IMU,53309.736,-13.305,-33.508,-61.340,0.15283,-0.10449,1.26611,30.08
$MAG,53309.761,-0.025,-0.507,-1.002,28.5
$BARO,53309.802,87789.41,30.12
$IMU,53309.811,2.624,-22.033,-40.283,0.25830,-0.16455,1.24121,30.13
$MAG,53309.862,-0.030,-0.549,-0.996,28.7
$IMU,53309.887,38.635,-2.929,12.451,0.37353,-0.00292,1.05468,30.14
$BARO,53309.904,87792.97,30.12
$IMU,53309.962,58.654,9.338,54.931,0.51660,0.40478,0.94091,30.14
$MAG,53309.963,-0.034,-0.612,-0.966,28.7
$BARO,53310.005,87833.53,30.13
$IMU,53310.037,36.987,15.930,40.588,0.56494,0.25781,0.97802,30.12
$MAG,53310.064,-0.043,-0.663,-0.936,28.7
$BARO,53310.107,87809.30,30.13
$IMU,53310.112,41.870,45.776,70.312,0.61767,0.50146,0.94873,30.10
$MAG,53310.164,-0.036,-0.715,-0.885,28.7
$IMU,53310.187,23.498,77.941,68.969,0.09570,0.47509,1.06152,30.11
$BARO,53310.208,87848.23,30.14
$IMU,53310.262,-15.319,44.982,24.414,-0.01562,0.09423,1.29736,30.10
$MAG,53310.265,-0.033,-0.712,-0.882,28.6
$HUM,53310.296,22.2,30.6
$VBAT,53310.308,3.908
$BARO,53310.310,87834.65,30.14
$IMU,53310.337,-16.296,21.850,2.563,-0.17626,-0.01367,1.34228,30.08
$MAG,53310.366,-0.013,-0.703,-0.877,28.5
$BARO,53310.411,87828.99,30.14
$IMU,53310.412,-6.469,10.253,5.371,-0.07958,0.04980,1.20068,30.10
$MAG,53310.467,-0.016,-0.709,-0.882,28.6
$IMU,53310.487,-14.221,11.108,9.216,-0.23583,-0.02099,1.28271,30.09
$BARO,53310.512,87841.38,30.14
$IMU,53310.562,-19.165,1.037,7.934,-0.31884,-0.17529,1.33349,30.12
$MAG,53310.568,-0.022,-0.694,-0.898,28.6
$BARO,53310.614,87838.89,30.14
$IMU,53310.637,2.319,-11.657,18.188,-0.15527,0.03466,1.17431,30.08
$MAG,53310.668,-0.042,-0.703,-0.900,28.7
$IMU,53310.712,-2.075,-18.127,18.676,-0.10986,0.08740,1.12548,30.14
$BARO,53310.715,87854.00,30.15
$MAG,53310.769,-0.066,-0.702,-0.918,28.8
$IMU,53310.787,-14.343,-29.174,-1.708,0.05517,-0.07763,1.15185,30.13
$BARO,53310.817,87868.95,30.15
$IMU,53310.863,-18.127,-28.442,-13.427,-0.12207,-0.23974,1.37890,30.13
$MAG,53310.870,-0.072,-0.678,-0.939,28.5
$BARO,53310.918,87883.50,30.15
$IMU,53310.938,18.554,-30.151,-22.521,0.16796,-0.06298,0.97216,30.15
$MAG,53310.971,-0.117,-0.726,-0.913,29.1
$IMU,53311.013,37.902,-6.347,59.082,0.20996,0.33300,0.98339,30.13
$BARO,53311.020,87887.13,30.15
$MAG,53311.071,-0.105,-0.714,-0.921,28.7
$IMU,53311.088,-5.065,2.563,-4.516,-0.12402,0.07861,1.11181,30.09
$BARO,53311.121,87890.76,30.15
$IMU,53311.163,-1.770,-14.831,-2.563,0.16552,0.10449,1.07666,30.13
$TIME,53311.168,457982.000,2364
$MAG,53311.172,-0.109,-0.714,-0.916,28.5
$BARO,53311.222,87893.15,30.15
$IMU,53311.238,8.666,5.126,-6.225,-0.07568,0.17382,1.00537,30.12
$MAG,53311.273,-0.102,-0.720,-0.909,28.5
$HUM,53311.312,22.5,30.6
$IMU,53311.313,0.122,4.211,-5.126,-0.24658,0.17822,1.08056,30.11
$VBAT,53311.323,3.918
$BARO,53311.324,87905.73,30.15
$MAG,53311.374,-0.106,-0.717,-0.913,28.6
$IMU,53311.388,1.831,-4.394,-4.882,-0.17382,0.13964,0.96923,30.09
$BARO,53311.425,87906.29,30.15
$IMU,53311.463,3.295,-4.028,8.422,-0.21289,0.21044,0.94287,30.14
$MAG,53311.475,-0.112,-0.715,-0.909,28.5
$BARO,53311.527,87887.30,30.15
$IMU,53311.538,-7.263,-7.263,8.850,-0.08251,0.03662,0.97460,30.12
$MAG,53311.575,-0.124,-0.718,-0.925,28.8
$IMU,53311.613,-8.911,-2.441,12.268,-0.14746,-0.00292,0.99853,30.15
$BARO,53311.628,87906.02,30.16
$MAG,53311.676,-0.124,-0.732,-0.933,28.7
$IMU,53311.688,0.061,-7.080,6.225,-0.12451,0.02734,0.93896,30.14
$BARO,53311.730,87888.25,30.16
$IMU,53311.763,1.098,-11.230,8.605,-0.19042,0.05957,0.95703,30.14
$MAG,53311.777,-0.153,-0.733,-0.921,28.7
$BARO,53311.831,87895.73,30.16
$IMU,53311.838,12.023,-3.173,36.437,-0.02490,0.25390,0.87548,30.10
$MAG,53311.878,-0.186,-0.738,-0.915,28.6
$IMU,53311.914,-5.065,10.559,55.725,-0.18554,0.03027,0.94873,30.12
$BARO,53311.932,87898.76,30.16
$MAG,53311.979,-0.216,-0.754,-0.924,28.6
$IMU,53311.989,-4.760,3.295,58.959,0.03417,0.04003,0.95019,30.16
$BARO,53312.034,87922.69,30.17
$IMU,53312.064,-2.441,12.939,50.964,-0.00244,-0.02490,1.03320,30.16
$MAG,53312.079,-0.246,-0.753,-0.921,28.6
$BARO,53312.135,87924.98,30.16
$IMU,53312.139,9.704,10.437,42.480,0.03173,0.01953,1.04882,30.15
$MAG,53312.180,-0.267,-0.771,-0.897,28.6
$IMU,53312.214,28.381,18.127,40.405,0.05224,0.15576,0.90429,30.12
$BARO,53312.237,87925.89,30.17
$MAG,53312.281,-0.283,-0.784,-0.868,28.5
$IMU,53312.289,30.883,25.512,46.142,0.03564,0.22802,0.85888,30.15
$VBAT,53312.326,3.916
$HUM,53312.329,22.4,30.6
$BARO,53312.338,87915.43,30.17
$IMU,53312.364,33.752,22.827,45.715,0.01367,0.44335,0.77832,30.14
$MAG,53312.382,-0.307,-0.801,-0.853,28.6
$IMU,53312.439,23.010,20.812,45.837,0.05371,0.54785,0.81835,30.17
$BARO,53312.440,87919.06,30.17
$MAG,53312.483,-0.325,-0.808,-0.846,28.6
$IMU,53312.514,-0.610,27.160,24.536,-0.20019,0.49755,0.89892,30.13
$BARO,53312.541,87935.64,30.17
$MAG,53312.583,-0.324,-0.796,-0.874,28.6
$IMU,53312.589,-13.793,19.409,0.061,-0.30175,0.30566,0.95556,30.13
$BARO,53312.643,87946.56,30.17
$IMU,53312.664,-2.929,7.385,8.483,-0.20117,0.01757,0.78564,30.14
$MAG,53312.684,-0.319,-0.793,-0.852,29.0
$IMU,53312.739,9.277,7.385,19.348,-0.05029,0.17626,0.83007,30.19
$BARO,53312.744,87959.84,30.17
$MAG,53312.785,-0.345,-0.799,-0.846,28.7
$IMU,53312.814,-2.624,9.521,31.127,-0.07763,0.30859,0.98095,30.15
$BARO,53312.845,87953.97,30.17
$MAG,53312.886,-0.345,-0.786,-0.859,28.5
$IMU,53312.889,-4.577,9.399,10.803,-0.07226,0.23486,0.96972,30.13
$BARO,53312.947,87963.86,30.17
$IMU,53312.965,6.042,13.183,-4.028,-0.21826,0.29638,0.93847,30.13
$MAG,53312.987,-0.334,-0.795,-0.861,28.8
$IMU,53313.040,3.967,5.004,-3.967,-0.17431,0.18701,0.97656,30.14
$BARO,53313.048,87975.83,30.17
$MAG,53313.087,-0.345,-0.799,-0.849,28.6
$IMU,53313.115,11.108,-5.493,11.230,0.13232,0.05224,0.96484,30.17
$BARO,53313.150,87969.69,30.18
$TIME,53313.168,457984.000,2364
$MAG,53313.188,-0.328,-0.814,-0.829,28.7
$IMU,53313.190,21.850,-0.732,-0.915,0.13525,0.30322,0.94580,30.14
$BARO,53313.251,87978.78,30.18
$IMU,53313.265,13.305,0.061,-20.446,0.09033,0.30566,1.01562,30.17
$MAG,53313.289,-0.316,-0.823,-0.816,28.6
$IMU,53313.340,15.563,2.075,-24.719,0.10693,0.33789,1.02734,30.15
$VBAT,53313.341,3.906
$HUM,53313.345,22.7,30.7
$BARO,53313.353,87975.68,30.18
$MAG,53313.390,-0.283,-0.838,-0.796,28.6
$IMU,53313.415,20.141,12.817,-29.602,-0.08691,0.24951,1.02392,30.17
$BARO,53313.454,87986.21,30.18
$IMU,53313.490,28.137,1.159,-40.222,-0.24707,0.49365,0.98144,30.15
$MAG,53313.491,-0.243,-0.849,-0.777,28.8
$BARO,53313.556,87983.12,30.19
$IMU,53313.565,13.061,-12.084,-38.391,-0.06689,0.38427,0.99902,30.11
$MAG,53313.591,-0.234,-0.849,-0.774,28.7
$IMU,53313.640,14.282,-0.732,-16.479,-0.11181,0.41162,0.95703,30.18
$BARO,53313.657,87984.34,30.19
$MAG,53313.692,-0.235,-0.846,-0.765,28.6
$IMU,53313.715,7.446,4.394,2.258,-0.04736,0.33056,0.95361,30.11
$BARO,53313.758,87996.43,30.19
$IMU,53313.790,7.324,13.000,1.281,-0.06738,0.38085,0.92285,30.16
$MAG,53313.793,-0.229,-0.853,-0.751,28.6
$BARO,53313.860,88008.78,30.19
$IMU,53313.865,5.432,19.104,-1.586,-0.33056,0.30468,0.95751,30.17
$MAG,53313.894,-0.214,-0.858,-0.738,28.8
$IMU,53313.940,19.409,-4.089,0.000,-0.54199,0.14599,1.18701,30.19
$BARO,53313.961,88006.88,30.20
$MAG,53313.995,-0.232,-0.871,-0.670,28.5
$IMU,53314.016,84.594,-63.720,-10.009,-0.54541,-0.06494,1.07031,30.17
$BARO,53314.063,88011.20,30.19
$IMU,53314.091,210.937,-152.832,-52.490,-0.67871,-0.09082,0.07177,30.13
$MAG,53314.095,-0.165,-0.858,-0.460,28.5
$BARO,53314.164,88013.78,30.19
$IMU,53314.166,334.472,-231.933,-87.890,-0.28515,0.80957,-0.84716,30.16
$TIME,53314.168,457985.000,2364
$MAG,53314.196,0.025,-0.675,-0.324,28.6
$IMU,53314.241,286.071,-214.416,-91.430,0.00488,1.48925,-0.80957,30.16
$BARO,53314.266,88029.55,30.19
$MAG,53314.297,0.103,-0.576,-0.346,28.8
$IMU,53314.316,140.319,-113.586,-44.738,-0.01318,1.19335,-0.68603,30.21
$VBAT,53314.344,3.939
$HUM,53314.361,24.0,30.6
$BARO,53314.367,88029.36,30.19
$IMU,53314.391,55.297,-33.081,-11.657,0.02978,1.06542,-0.60839,30.15
$MAG,53314.398,0.109,-0.558,-0.342,28.7
$IMU,53314.466,10.375,14.770,-7.019,-0.32519,0.89501,-0.54931,30.18
$BARO,53314.469,88030.97,30.19
$MAG,53314.498,0.103,-0.549,-0.325,28.6
$IMU,53314.541,-3.051,15.380,-3.601,-0.34423,0.82275,-0.46093,30.18
$BARO,53314.570,88034.82,30.19
$MAG,53314.599,0.090,-0.570,-0.318,28.8
$IMU,53314.616,-3.601,13.000,12.145,-0.36328,0.92822,-0.38818,30.21
$BARO,53314.671,88044.81,30.20
$IMU,53314.691,-9.033,14.282,28.381,-0.23730,0.77685,-0.35107,30.20
$MAG,53314.700,0.078,-0.586,-0.304,29.0
$IMU,53314.766,2.746,19.592,25.146,-0.12792,0.88818,-0.40917,30.19
$BARO,53314.773,88059.24,30.19
$MAG,53314.801,0.042,-0.604,-0.289,29.0
$IMU,53314.841,-12.329,47.363,39.245,0.09765,1.21777,-0.52880,30.22
$BARO,53314.874,88056.39,30.20
$MAG,53314.902,-0.093,-0.717,-0.273,28.8
$IMU,53314.916,-99.914,121.765,68.237,0.20214,1.21484,-0.75390,30.16
$BARO,53314.976,88053.95,30.20
$IMU,53314.992,-178.283,201.660,78.063,0.24853,1.04248,-0.69970,30.17
$MAG,53315.002,-0.288,-0.829,-0.357,28.8
$IMU,53315.067,-199.645,239.440,55.603,-0.29736,0.76464,-0.21142,30.20
$BARO,53315.077,88049.27,30.20
$MAG,53315.103,-0.373,-0.879,-0.537,28.7
$IMU,53315.142,-153.747,175.720,34.179,-0.38818,0.56640,0.32421,30.18
$TIME,53315.168,457986.000,2364
$BARO,53315.179,88052.54,30.20
$MAG,53315.204,-0.391,-0.871,-0.628,28.7
$IMU,53315.217,-89.904,100.708,23.986,-0.35058,0.60302,0.60449,30.20
$BARO,53315.280,88079.72,30.21
$IMU,53315.292,-70.861,50.903,12.145,0.10156,0.54443,0.69531,30.14
$MAG,53315.305,-0.409,-0.852,-0.705,28.7
$VBAT,53315.359,3.916
$IMU,53315.367,-59.509,49.987,25.451,-0.20214,0.39257,0.65234,30.14
$HUM,53315.377,22.8,30.6
$BARO,53315.382,88066.99,30.21
$MAG,53315.406,-0.390,-0.843,-0.747,28.7
$IMU,53315.442,-36.193,34.973,-1.770,-0.32666,0.55566,0.67529,30.21
$BARO,53315.483,88087.00,30.21
$MAG,53315.506,-0.373,-0.817,-0.808,28.8
$IMU,53315.517,-58.288,23.498,-11.413,-0.38281,0.41894,0.89208,30.21
$BARO,53315.585,88072.21,30.21
$IMU,53315.592,-63.293,15.075,14.160,-0.26806,0.20312,1.04687,30.22
$MAG,53315.607,-0.387,-0.787,-0.852,28.7
$IMU,53315.667,-35.583,11.779,26.245,-0.24511,0.18652,1.08691,30.21
$BARO,53315.686,88067.50,30.22
$MAG,53315.708,-0.391,-0.777,-0.861,28.6
$IMU,53315.742,-12.634,5.310,5.554,-0.20654,0.20605,0.97363,30.19
$BARO,53315.787,88108.53,30.22
$MAG,53315.809,-0.378,-0.777,-0.873,28.8
$IMU,53315.817,0.000,12.329,-5.004,-0.37353,0.28564,0.92138,30.21
$BARO,53315.889,88110.31,30.22
$IMU,53315.892,-13.061,16.723,5.615,-0.40087,0.15332,1.01025,30.17
$MAG,53315.909,-0.376,-0.768,-0.874,29.0
$IMU,53315.967,3.479,10.498,5.920,-0.40185,0.22558,0.92187,30.21
$BARO,53315.990,88115.30,30.23
$MAG,53316.010,-0.382,-0.783,-0.873,28.8
$IMU,53316.043,12.634,4.577,13.061,-0.38867,0.31689,0.83300,30.16
$BARO,53316.092,88115.91,30.23
$MAG,53316.111,-0.388,-0.775,-0.864,29.0
$IMU,53316.118,9.338,0.610,14.892,-0.30078,0.36767,0.87402,30.19
$BARO,53316.193,88118.03,30.24
$IMU,53316.193,8.422,4.089,26.794,-0.34765,0.39746,0.83349,30.19
$MAG,53316.212,-0.420,-0.777,-0.850,28.6
$IMU,53316.268,14.465,-0.732,36.743,-0.31787,0.43457,0.77636,30.19
$BARO,53316.295,88116.18,30.24
$MAG,53316.313,-0.456,-0.775,-0.844,28.7
$IMU,53316.343,9.155,-0.732,41.992,-0.24707,0.42871,0.77148,30.19
$VBAT,53316.363,3.922
$HUM,53316.393,6525.3,30.7
$BARO,53316.396,88125.42,30.25
$MAG,53316.413,-0.468,-0.754,-0.844,28.8
$IMU,53316.418,8.239,2.929,37.170,-0.20849,0.46582,0.74609,30.18
$IMU,53316.493,11.047,-1.708,39.001,-0.15527,0.56689,0.72216,30.25
$BARO,53316.497,88136.70,30.25
$MAG,53316.514,-0.508,-0.748,-0.838,28.7
$IMU,53316.568,14.099,-4.211,28.625,-0.15625,0.60888,0.56835,30.24
$BARO,53316.599,88131.61,30.26
$MAG,53316.615,-0.523,-0.748,-0.817,28.8
$IMU,53316.643,11.535,-2.075,18.005,-0.18750,0.64453,0.53417,30.19
$BARO,53316.700,88136.49,30.25
$MAG,53316.716,-0.534,-0.733,-0.829,28.7
$IMU,53316.718,-8.361,-0.610,15.197,-0.18310,0.63769,0.61914,30.20
$IMU,53316.793,-24.414,2.075,15.014,-0.20751,0.53808,0.62841,30.18
$BARO,53316.802,88140.90,30.26
$MAG,53316.816,-0.544,-0.724,-0.849,28.7
$IMU,53316.868,-23.986,-1.525,15.380,-0.14306,0.54248,0.66503,30.22
$BARO,53316.903,88128.66,30.25
$MAG,53316.917,-0.546,-0.676,-0.865,28.8
$IMU,53316.943,-31.066,4.638,16.906,-0.10302,0.40966,0.66308,30.23
$BARO,53317.005,88135.07,30.25
$MAG,53317.018,-0.541,-0.669,-0.886,28.8
$IMU,53317.018,-25.939,12.756,10.253,-0.12890,0.39648,0.67919,30.23
$IMU,53317.094,-24.536,16.235,3.967,-0.18847,0.33984,0.72607,30.24
$BARO,53317.106,88161.15,30.25
$MAG,53317.119,-0.529,-0.651,-0.904,29.0
$TIME,53317.168,457988.000,2364
$IMU,53317.169,-17.150,11.779,-12.145,-0.33007,0.27978,0.65722,30.19
$BARO,53317.207,88149.38,30.26
$MAG,53317.220,-0.507,-0.675,-0.916,28.7
$IMU,53317.244,-9.887,4.638,-45.715,-0.68896,0.28417,0.60839,30.26
$BARO,53317.309,88184.46,30.27
$IMU,53317.319,-13.488,-20.874,-43.640,-0.32763,0.39013,0.85742,30.19
$MAG,53317.320,-0.504,-0.675,-0.913,28.6
$VBAT,53317.378,3.916
$IMU,53317.394,-35.827,-9.155,3.356,-0.24609,0.11035,0.97021,30.19
$HUM,53317.409,22.8,30.7
$BARO,53317.410,88183.85,30.27
$MAG,53317.421,-0.505,-0.645,-0.939,29.1
$IMU,53317.469,-16.357,-11.718,2.563,-0.38085,0.27099,0.90527,30.23
$BARO,53317.512,88176.68,30.28
$MAG,53317.522,-0.537,-0.645,-0.922,28.8
$IMU,53317.544,-0.671,-28.259,13.732,-0.10302,0.38476,0.92773,30.25
$BARO,53317.613,88168.95,30.29
$IMU,53317.619,2.075,-13.000,18.127,-0.07031,0.30224,0.94921,30.21
$MAG,53317.623,-0.555,-0.640,-0.912,28.7
$IMU,53317.694,9.887,-7.812,11.596,-0.08544,0.39892,0.91162,30.24
$BARO,53317.715,88208.32,30.29
$MAG,53317.723,-0.562,-0.627,-0.907,28.7
$IMU,53317.769,-4.638,2.868,9.643,-0.08056,0.17626,1.01806,30.25
$BARO,53317.816,88216.61,30.29
$MAG,53317.824,-0.561,-0.645,-0.912,29.0
$IMU,53317.844,15.441,8.728,0.122,-0.16992,0.40820,0.94580,30.19
$BARO,53317.917,88236.37,30.29
$IMU,53317.919,14.282,14.831,5.065,-0.30908,0.44433,0.95263,30.22
$MAG,53317.925,-0.546,-0.640,-0.906,29.1
$IMU,53317.994,7.019,18.249,15.197,-0.18457,0.34375,1.02392,30.25
$BARO,53318.019,88231.91,30.29
$MAG,53318.026,-0.532,-0.643,-0.927,29.0
$IMU,53318.070,10.009,22.583,11.352,-0.42871,0.39697,0.97509,30.23
$BARO,53318.120,88218.73,30.30
$MAG,53318.126,-0.532,-0.640,-0.918,28.7
$IMU,53318.145,8.544,7.568,10.192,-0.26855,0.43798,1.04052,30.19
$IMU,53318.220,-0.427,9.033,11.352,-0.40234,0.44091,1.09716,30.27
$BARO,53318.222,88234.62,30.31
$MAG,53318.227,-0.546,-0.633,-0.916,28.7
$IMU,53318.295,0.732,-5.676,5.920,0.03613,0.26562,1.15625,30.25
$BARO,53318.323,88245.30,30.31
$MAG,53318.328,-0.520,-0.639,-0.922,29.0
$IMU,53318.370,11.413,13.366,-29.418,-0.45849,0.17529,1.07812,30.26
$VBAT,53318.382,3.918
$BARO,53318.425,88245.66,30.32
$HUM,53318.425,21.8,30.8
$MAG,53318.429,-0.519,-0.681,-0.909,28.7
$IMU,53318.445,21.362,-6.591,-30.822,-0.27490,0.40722,1.05566,30.25
$IMU,53318.520,4.455,8.972,-10.498,-0.29150,0.39648,1.13720,30.23
$BARO,53318.526,88258.24,30.33
$MAG,53318.529,-0.496,-0.684,-0.910,29.1
$IMU,53318.595,4.638,13.366,2.014,-0.34082,0.25732,1.07617,30.25
$BARO,53318.628,88172.90,30.34
$MAG,53318.630,-0.499,-0.696,-0.910,29.0
$IMU,53318.670,17.639,0.610,-1.586,-0.28369,0.33349,1.10156,30.27
$BARO,53318.729,88199.69,30.35
$MAG,53318.731,-0.489,-0.703,-0.903,28.8
$IMU,53318.745,8.300,3.356,-9.521,-0.28613,0.25439,1.06835,30.31
$IMU,53318.820,36.926,-2.746,2.014,-0.24365,0.63574,0.87207,30.24
$BARO,53318.831,88250.39,30.35
$MAG,53318.832,-0.498,-0.727,-0.877,29.1
$IMU,53318.895,11.474,-3.845,-5.371,-0.23486,0.61181,0.97216,30.21
$BARO,53318.932,88219.77,30.36
$MAG,53318.933,-0.495,-0.717,-0.880,28.7
$IMU,53318.970,-11.962,0.671,-4.760,-0.30664,0.36572,1.11523,30.25
$BARO,53319.033,88238.74,30.37
$MAG,53319.033,-0.490,-0.718,-0.882,29.1
$IMU,53319.045,-7.019,3.295,-0.427,-0.29394,0.10888,1.14111,30.26
$IMU,53319.121,27.404,0.915,-15.808,-0.35205,0.52734,1.03759,30.30
$MAG,53319.134,-0.478,-0.732,-0.868,28.7
$BARO,53319.135,88313.84,30.38
$TIME,53319.168,457990.000,2364
$IMU,53319.196,6.103,3.784,-0.122,-0.26025,0.12158,1.11230,30.28
$MAG,53319.235,-0.474,-0.735,-0.865,29.0
$BARO,53319.236,88310.08,30.37
$IMU,53319.271,24.597,17.517,15.502,-0.20654,0.13378,1.30371,30.25
$MAG,53319.336,-0.480,-0.753,-0.831,29.0
$BARO,53319.338,88401.44,30.37
$IMU,53319.346,65.307,45.715,41.076,-0.06005,-0.06250,1.12060,30.29
$VBAT,53319.396,3.901
$IMU,53319.421,158.508,104.614,103.698,0.08398,0.02099,0.47949,30.33
$MAG,53319.437,-0.549,-0.777,-0.714,28.7
$BARO,53319.439,88306.70,30.37
$HUM,53319.441,23.2,30.8
$IMU,53319.496,268.676,147.521,161.010,0.03857,0.65429,-0.35888,30.24
$MAG,53319.538,-0.639,-0.738,-0.604,28.8
$BARO,53319.541,88317.20,30.36
$IMU,53319.571,258.422,119.567,139.526,-0.03759,1.51562,-0.57128,30.29
$MAG,53319.638,-0.681,-0.679,-0.553,28.7
$BARO,53319.642,88381.72,30.36
$IMU,53319.646,125.915,37.902,80.749,0.23291,1.18994,-0.61474,30.30
$IMU,53319.721,57.434,10.009,31.738,0.28320,1.07861,-0.58300,30.28
$MAG,53319.739,-0.694,-0.658,-0.546,28.6
$BARO,53319.744,88351.40,30.36
$IMU,53319.796,20.385,13.427,16.601,0.08496,1.11718,-0.47607,30.26
$MAG,53319.840,-0.711,-0.652,-0.549,29.0
$BARO,53319.845,88351.72,30.34
$IMU,53319.871,-3.662,-7.995,8.789,0.09863,0.94824,-0.36328,30.28
$MAG,53319.941,-0.711,-0.648,-0.514,29.1
$BARO,53319.946,88373.80,30.34
$IMU,53319.946,3.906,-21.240,9.704,0.06982,0.85839,-0.44677,30.26
$IMU,53320.021,10.925,-26.611,14.648,0.30371,0.94287,-0.45507,30.28
$MAG,53320.042,-0.720,-0.637,-0.510,29.1
$BARO,53320.048,88379.82,30.34
$IMU,53320.096,7.934,-3.112,13.732,0.16796,0.87500,-0.54003,30.28
$MAG,53320.142,-0.718,-0.607,-0.489,29.0
$BARO,53320.149,88389.40,30.33
$TIME,53320.168,457991.000,2364
$IMU,53320.172,9.765,-12.695,10.925,0.23681,0.91357,-0.59228,30.26
$MAG,53320.243,-0.721,-0.618,-0.490,28.7
$IMU,53320.247,4.516,-6.835,5.981,0.19677,0.92675,-0.58056,30.26
$BARO,53320.251,88408.56,30.34
$IMU,53320.322,-6.652,-5.615,-0.671,0.35253,0.90185,-0.52343,30.25
$MAG,53320.344,-0.727,-0.624,-0.490,28.6
$BARO,53320.352,88401.93,30.33
$IMU,53320.397,-7.202,3.234,-7.507,0.19042,0.92578,-0.52832,30.28
$VBAT,53320.400,3.913
$MAG,53320.445,-0.714,-0.631,-0.489,29.1
$BARO,53320.454,88421.33,30.34
$HUM,53320.457,24.3,30.8
$IMU,53320.472,-3.173,-4.699,-7.019,0.29443,1.05908,-0.53515,30.27
$MAG,53320.546,-0.703,-0.649,-0.504,28.8
$IMU,53320.547,-20.263,7.934,-16.113,0.19335,1.06982,-0.43652,30.32
$BARO,53320.555,88414.87,30.33
$IMU,53320.622,-39.489,-11.901,-20.385,0.11718,1.22656,-0.49121,30.28
$MAG,53320.646,-0.679,-0.679,-0.507,29.0
$BARO,53320.656,88428.60,30.33
$IMU,53320.697,-78.369,-49.072,-42.724,0.09667,1.38232,-0.45068,30.31
$MAG,53320.747,-0.630,-0.729,-0.546,29.0
$BARO,53320.758,88440.32,30.33
$IMU,53320.772,-140.136,-62.316,-58.166,0.02832,1.19384,-0.30029,30.29
$IMU,53320.847,-181.396,-72.814,-57.312,-0.05615,1.05908,-0.00537,30.27
$MAG,53320.848,-0.591,-0.778,-0.640,28.6
$BARO,53320.859,88444.37,30.33
$IMU,53320.922,-195.556,-72.875,-44.311,-0.04541,0.64257,0.42626,30.31
$MAG,53320.949,-0.573,-0.757,-0.738,29.1
$BARO,53320.961,88472.98,30.34
$IMU,53320.997,-156.738,-54.687,-31.433,0.11035,0.28417,0.86718,30.29
$MAG,53321.050,-0.564,-0.733,-0.792,29.1
$BARO,53321.062,88433.01,30.34
$IMU,53321.072,-99.914,-20.629,-24.780,-0.07958,0.32568,1.10888,30.31
$IMU,53321.148,-59.204,-9.094,-25.695,-0.14160,0.40332,1.05664,30.34
$MAG,53321.150,-0.550,-0.723,-0.838,29.1
$BARO,53321.164,88426.01,30.35
$TIME,53321.168,457991.000,2364
$IMU,53321.223,-53.405,-0.549,-18.127,-0.04492,0.31738,1.10595,30.27
$MAG,53321.251,-0.543,-0.697,-0.864,29.0
$BARO,53321.265,88418.50,30.36
$IMU,53321.298,-42.663,19.958,-17.333,-0.33203,0.12304,1.03027,30.30
$MAG,53321.352,-0.510,-0.703,-0.876,29.1
$BARO,53321.367,88389.23,30.36
$IMU,53321.373,-14.953,10.009,-18.249,-0.31054,0.24511,1.00097,30.34
$VBAT,53321.414,3.918
$IMU,53321.448,-14.709,6.835,-17.639,-0.54003,0.29931,1.05859,30.31
$MAG,53321.453,-0.498,-0.711,-0.894,28.7
$BARO,53321.468,88420.62,30.37
$HUM,53321.473,23.6,30.8
$IMU,53321.523,-14.770,-21.850,-22.521,-0.34765,0.28466,1.10351,30.32
$MAG,53321.553,-0.514,-0.700,-0.879,28.6
$BARO,53321.570,88445.49,30.37
$IMU,53321.598,-22.521,-39.123,-1.831,-0.11669,0.08300,1.24365,30.31
$MAG,53321.654,-0.552,-0.676,-0.870,28.8
$BARO,53321.671,88453.14,30.37
$IMU,53321.673,-7.568,-30.273,25.146,0.15429,0.04296,1.19335,30.31
$IMU,53321.748,-0.366,-3.906,26.916,-0.09619,0.17919,1.23095,30.31
$MAG,53321.755,-0.558,-0.675,-0.876,29.1
$BARO,53321.772,88454.70,30.38
$IMU,53321.823,4.577,-5.920,3.906,0.01318,0.10791,1.19580,30.29
$MAG,53321.856,-0.567,-0.673,-0.868,28.8
$BARO,53321.874,88450.46,30.38
$IMU,53321.898,22.399,4.638,9.826,-0.05664,0.26660,1.12451,30.34
$MAG,53321.957,-0.564,-0.675,-0.855,28.8
$IMU,53321.973,19.958,13.610,11.901,0.01806,0.31250,1.10791,30.35
$BARO,53321.975,88440.47,30.39
$IMU,53322.048,16.418,32.226,16.540,-0.05322,0.23876,1.00488,30.30
$MAG,53322.057,-0.553,-0.681,-0.871,29.1
$BARO,53322.077,88473.01,30.39
$IMU,53322.123,24.230,38.391,13.671,-0.17236,0.36669,0.91113,30.34
$MAG,53322.158,-0.534,-0.700,-0.879,29.1
$TIME,53322.168,457993.000,2364
$BARO,53322.178,88450.36,30.39
$IMU,53322.199,16.113,32.958,-5.310,-0.25878,0.45166,0.86865,30.32
$MAG,53322.259,-0.504,-0.702,-0.885,28.8
$IMU,53322.274,0.549,20.324,-21.667,-0.39550,0.39062,0.92089,30.33
$BARO,53322.280,88396.57,30.40
$IMU,53322.349,-3.723,0.244,-24.108,-0.38183,0.33203,0.99658,30.35
$MAG,53322.360,-0.490,-0.708,-0.892,29.1
$BARO,53322.381,88491.97,30.39
$VBAT,53322.419,3.919
$IMU,53322.424,-4.699,-13.366,-20.690,-0.36865,0.19775,1.00146,30.32
$MAG,53322.461,-0.493,-0.727,-0.879,28.8
$BARO,53322.482,88493.38,30.40
$HUM,53322.489,23.3,30.8
$IMU,53322.499,3.723,-22.705,-22.216,-0.23828,0.24462,1.00732,30.31
$MAG,53322.561,-0.489,-0.729,-0.871,29.0
$IMU,53322.574,5.432,-18.066,-16.357,-0.23095,0.27197,0.97607,30.30
$BARO,53322.584,88476.76,30.40
$IMU,53322.649,7.568,-17.456,-32.958,-0.36132,0.32519,0.94238,30.37
$MAG,53322.662,-0.474,-0.754,-0.844,29.1
$BARO,53322.685,88515.91,30.41
$IMU,53322.724,6.591,-30.029,-36.743,-0.26953,0.35644,0.89013,30.31
$MAG,53322.763,-0.457,-0.765,-0.837,29.1
$BARO,53322.787,88539.99,30.40
$IMU,53322.799,-2.502,-29.846,-37.414,-0.19775,0.30468,0.94873,30.38
$MAG,53322.864,-0.447,-0.775,-0.843,29.1
$IMU,53322.874,-11.596,-24.475,-38.574,-0.23925,0.13281,1.02832,30.37
$BARO,53322.888,88525.61,30.41
$IMU,53322.949,-7.385,-18.066,-34.301,-0.30859,0.13037,1.09619,30.32
$MAG,53322.965,-0.436,-0.786,-0.831,28.7
$BARO,53322.990,88512.23,30.41
$IMU,53323.024,2.929,-22.583,-18.066,-0.15380,0.22265,1.07324,30.30
$MAG,53323.065,-0.441,-0.774,-0.831,29.1
$BARO,53323.091,88566.22,30.41
$IMU,53323.099,-3.356,-16.784,-12.512,-0.09521,0.20117,1.10205,30.39
$MAG,53323.166,-0.435,-0.789,-0.828,28.8
$TIME,53323.168,457994.000,2364
$IMU,53323.174,-3.723,-12.695,-19.226,-0.14160,0.17626,1.14257,30.35
$BARO,53323.192,88561.95,30.42
$IMU,53323.250,6.896,-19.348,-19.409,-0.02880,0.14941,1.10302,30.39
$MAG,53323.267,-0.427,-0.802,-0.811,29.1
$BARO,53323.294,88576.14,30.41
$IMU,53323.325,13.244,-18.249,-3.417,0.07080,0.24072,1.09472,30.31
$MAG,53323.368,-0.439,-0.808,-0.801,29.2
$BARO,53323.395,88583.57,30.41
$IMU,53323.400,10.314,-16.845,1.586,0.19726,0.30908,1.10595,30.36
$VBAT,53323.431,3.921
$MAG,53323.469,-0.439,-0.805,-0.792,29.0
$IMU,53323.475,6.103,-10.498,-0.549,0.24902,0.40136,1.10888,30.33
$BARO,53323.497,88569.41,30.41
$HUM,53323.505,23.6,30.8
$IMU,53323.550,0.854,-9.460,-15.991,0.31396,0.38964,1.12255,30.33
$MAG,53323.569,-0.424,-0.814,-0.778,29.1
$BARO,53323.598,88571.92,30.41
$IMU,53323.625,3.417,-10.559,-37.597,0.28466,0.37207,1.12402,30.32
$MAG,53323.670,-0.390,-0.837,-0.771,29.1
$BARO,53323.700,88604.68,30.41
$IMU,53323.700,7.080,-21.301,-53.222,0.34375,0.38427,1.13867,30.35
$MAG,53323.771,-0.337,-0.850,-0.762,29.1
$IMU,53323.775,7.934,-29.785,-62.316,0.39013,0.42089,1.08349,30.34
$BARO,53323.801,88575.92,30.41
$IMU,53323.850,9.643,-27.832,-69.580,0.44335,0.55810,1.02099,30.33
$MAG,53323.872,-0.276,-0.849,-0.757,29.1
$BARO,53323.903,88585.03,30.41
$IMU,53323.925,4.943,-17.944,-78.979,0.43310,0.56103,0.95312,30.35
$MAG,53323.973,-0.219,-0.856,-0.760,29.1
$IMU,53324.000,-1.403,-13.244,-77.148,0.45019,0.56738,0.96533,30.35
$BARO,53324.004,88603.17,30.42
$MAG,53324.073,-0.142,-0.841,-0.769,29.1
$IMU,53324.075,-6.286,-9.094,-75.683,0.40478,0.52978,0.93408,30.33
$BARO,53324.106,88608.02,30.41
$IMU,53324.150,-0.122,-9.094,-76.477,0.37890,0.60546,0.84130,30.38
$TIME,53324.168,457994.000,2364
$MAG,53324.174,-0.073,-0.808,-0.772,29.1
$BARO,53324.207,88607.82,30.41
$IMU,53324.226,2.807,-11.840,-83.862,0.34716,0.64208,0.79638,30.39
$MAG,53324.275,-0.009,-0.771,-0.783,29.0
$IMU,53324.301,0.732,-13.610,-93.322,0.27099,0.64843,0.76123,30.33
$BARO,53324.308,88621.96,30.41
$MAG,53324.376,0.051,-0.723,-0.786,29.1
$IMU,53324.376,2.624,-14.160,-91.186,0.16650,0.72021,0.67773,30.36
$BARO,53324.410,88622.18,30.41
$VBAT,53324.436,3.926
$IMU,53324.451,2.380,-16.601,-92.285,0.08447,0.75292,0.60449,30.40
$MAG,53324.477,0.106,-0.660,-0.805,29.1
$BARO,53324.511,88625.03,30.41
$HUM,53324.521,24.4,30.8
$IMU,53324.526,5.737,-14.892,-88.806,-0.00048,0.74023,0.52197,30.39
$MAG,53324.577,0.127,-0.604,-0.814,29.1
$IMU,53324.601,12.084,-15.808,-78.735,-0.11865,0.75097,0.40869,30.40
$BARO,53324.613,88634.91,30.41
$IMU,53324.676,10.925,-21.179,-68.176,-0.10302,0.79345,0.35449,30.35
$MAG,53324.678,0.148,-0.561,-0.829,29.1
$BARO,53324.714,88639.93,30.42
$IMU,53324.751,5.004,-17.272,-55.419,-0.14892,0.71679,0.31250,30.41
$MAG,53324.779,0.148,-0.520,-0.844,28.7
$BARO,53324.816,88635.27,30.42
$IMU,53324.826,0.915,-19.348,-48.889,-0.13818,0.73535,0.30273,30.40
$MAG,53324.880,0.153,-0.474,-0.870,29.1
$IMU,53324.901,-2.685,-21.972,-48.583,-0.14306,0.66015,0.30810,30.37
$BARO,53324.917,88632.88,30.41
$IMU,53324.976,0.366,-17.578,-45.593,-0.14794,0.64208,0.31005,30.38
$MAG,53324.981,0.145,-0.444,-0.876,29.1
$BARO,53325.018,88653.92,30.41
$IMU,53325.051,0.549,-18.066,-34.179,-0.24072,0.69335,0.27783,30.39
$MAG,53325.082,0.124,-0.426,-0.906,29.1
$BARO,53325.120,88649.51,30.41
$IMU,53325.126,-2.685,-36.926,-25.939,-0.06640,0.67871,0.28417,30.39
$TIME,53325.168,457996.000,2364
$MAG,53325.182,0.102,-0.400,-0.946,29.2
$IMU,53325.201,-7.507,-41.809,-28.930,-0.06152,0.74658,0.34228,30.40
$BARO,53325.221,88661.35,30.42
$IMU,53325.277,-14.587,-47.058,-38.146,0.00781,0.68994,0.38720,30.38
$MAG,53325.283,0.072,-0.355,-0.978,29.1
$BARO,53325.323,88662.77,30.42
$IMU,53325.352,-17.456,-37.109,-38.635,0.00000,0.68554,0.49072,30.43
$MAG,53325.384,0.040,-0.325,-0.994,29.2
$BARO,53325.424,88676.88,30.43
$IMU,53325.427,-13.000,-27.099,-42.968,-0.11181,0.76855,0.50390,30.41
$VBAT,53325.449,3.910
$MAG,53325.485,0.009,-0.286,-1.008,29.0
$IMU,53325.502,-11.657,-32.531,-43.884,0.00683,0.75537,0.54492,30.37
$BARO,53325.526,88680.56,30.42
$HUM,53325.537,23.1,30.9
$IMU,53325.577,-7.568,-21.850,-45.776,-0.03369,0.78125,0.54199,30.44
$MAG,53325.585,-0.027,-0.259,-1.020,29.1
$BARO,53325.627,88675.47,30.42
$IMU,53325.652,-0.915,-20.874,-51.391,-0.05322,0.89990,0.61914,30.40
$MAG,53325.686,-0.067,-0.237,-1.032,29.1
$IMU,53325.727,1.953,-22.277,-54.382,-0.02929,0.90185,0.65087,30.39
$BARO,53325.729,88698.26,30.43
$MAG,53325.787,-0.091,-0.219,-1.035,28.8
$IMU,53325.802,6.286,-8.972,-57.373,-0.08447,1.00146,0.64794,30.38
$BARO,53325.830,88683.09,30.43
$IMU,53325.877,9.887,-4.333,-51.696,-0.15039,0.99951,0.59667,30.41
$MAG,53325.888,-0.115,-0.213,-1.044,29.1
$BARO,53325.931,88708.74,30.43
$IMU,53325.952,12.817,-7.263,-47.973,-0.12451,1.23974,0.63281,30.42
$MAG,53325.988,-0.130,-0.202,-1.038,29.0
$IMU,53326.027,-2.563,-3.295,-28.259,-0.06787,1.17968,0.62695,30.41
$BARO,53326.033,88712.93,30.44
$MAG,53326.089,-0.148,-0.198,-1.038,29.1
$IMU,53326.102,-6.164,2.868,-33.142,-0.05126,1.22314,0.65771,30.41
$BARO,53326.134,88736.62,30.43
$TIME,53326.168,457997.000,2364
$IMU,53326.177,-20.263,0.427,-26.916,0.02099,1.33154,0.77050,30.42
$MAG,53326.190,-0.156,-0.160,-1.032,29.1
$BARO,53326.236,88726.19,30.45
$IMU,53326.253,-37.719,7.263,-16.601,0.23535,1.12890,0.90380,30.44
$MAG,53326.291,-0.166,-0.129,-1.009,29.1
$IMU,53326.328,-19.775,14.831,-35.034,0.15234,1.13818,0.88818,30.43
$BARO,53326.337,88749.59,30.45
$MAG,53326.392,-0.183,-0.120,-0.997,29.1
$IMU,53326.403,-5.187,7.934,-44.555,0.15869,1.25732,0.95361,30.41
$BARO,53326.439,88742.28,30.46
$VBAT,53326.455,3.908
$IMU,53326.478,-9.338,0.915,-53.955,0.20361,1.14697,1.00097,30.44
$MAG,53326.492,-0.220,-0.111,-1.005,29.1
$BARO,53326.540,88743.81,30.47
$HUM,53326.553,23.1,30.9
$IMU,53326.553,5.554,-6.164,-58.105,0.21972,1.19482,0.95263,30.42
$MAG,53326.593,-0.255,-0.108,-1.012,29.1
$IMU,53326.628,8.911,-11.901,-63.110,0.32519,1.21728,0.92236,30.44
$BARO,53326.642,88761.48,30.48
$MAG,53326.694,-0.310,-0.121,-1.009,29.1
$IMU,53326.703,4.211,-8.972,-57.067,0.26953,1.18847,0.93408,30.46
$BARO,53326.743,88774.55,30.50
$IMU,53326.778,11.779,-3.356,-52.795,0.27734,1.26513,0.87597,30.44
$MAG,53326.795,-0.337,-0.129,-1.012,29.1
$BARO,53326.845,88796.88,30.51
$IMU,53326.853,9.338,-3.295,-44.616,0.40869,1.26464,0.89062,30.46
$MAG,53326.896,-0.345,-0.145,-1.030,29.1
$IMU,53326.928,11.474,6.347,-36.987,0.40820,1.23388,0.89599,30.46
$BARO,53326.946,88819.28,30.52
$MAG,53326.996,-0.367,-0.181,-1.038,29.1
$IMU,53327.003,26.916,16.845,-52.612,0.34277,1.18066,0.70068,30.41
$BARO,53327.048,88809.14,30.52
$IMU,53327.078,36.865,12.695,-54.443,0.14990,1.38085,0.71630,30.40
$MAG,53327.097,-0.387,-0.214,-1.044,29.1
$BARO,53327.149,88823.20,30.53
$IMU,53327.153,20.690,-10.253,-44.799,0.34863,1.30810,0.70312,30.39
$TIME,53327.168,457998.000,2364
$MAG,53327.198,-0.400,-0.238,-1.044,29.1
$IMU,53327.228,11.291,0.854,-36.682,0.26220,1.29199,0.69824,30.45
$BARO,53327.250,88824.37,30.53
$MAG,53327.299,-0.408,-0.252,-1.060,29.1
$IMU,53327.304,13.427,11.291,-32.287,0.22119,1.29589,0.68164,30.44
$BARO,53327.352,88845.92,30.54
$IMU,53327.379,9.460,7.446,-13.977,0.21679,1.26269,0.67773,30.46
$MAG,53327.400,-0.406,-0.255,-1.057,29.1
$BARO,53327.453,88847.92,30.55
$IMU,53327.454,0.244,1.892,0.671,0.34033,1.27148,0.71679,30.42
$VBAT,53327.467,3.918
$MAG,53327.501,-0.390,-0.246,-1.063,29.1
$IMU,53327.529,-4.089,8.850,5.249,0.40429,1.17773,0.77099,30.43
$BARO,53327.555,88870.49,30.56
$HUM,53327.570,23.1,30.9
$MAG,53327.601,-0.376,-0.250,-1.062,29.1
$IMU,53327.604,-4.882,11.962,5.310,0.34570,1.16162,0.87158,30.43
$BARO,53327.656,88832.68,30.56
$IMU,53327.679,-2.502,16.479,7.934,0.35986,1.18115,0.89550,30.45
$MAG,53327.702,-0.348,-0.249,-1.069,29.0
$IMU,53327.754,-1.831,17.578,20.690,0.25097,1.14208,0.95361,30.44
$BARO,53327.758,88842.75,30.56
$MAG,53327.803,-0.333,-0.231,-1.063,29.1
$IMU,53327.829,-10.131,8.483,17.822,0.29443,1.03125,1.05908,30.45
$BARO,53327.859,88868.03,30.56
$MAG,53327.904,-0.321,-0.204,-1.053,29.1
$IMU,53327.904,-23.803,8.850,22.705,0.29101,0.89697,1.26416,30.45
$BARO,53327.961,88863.42,30.56
$IMU,53327.979,-14.709,2.624,24.230,0.32031,0.83105,1.35742,30.43
$MAG,53328.005,-0.313,-0.199,-1.059,29.1
$IMU,53328.054,-1.525,-0.427,22.155,0.24853,0.81005,1.35986,30.45
$BARO,53328.062,88893.52,30.56
$MAG,53328.105,-0.313,-0.201,-1.060,29.1
$IMU,53328.129,0.732,-7.324,21.545,0.29882,0.75927,1.37353,30.44
$BARO,53328.164,88907.44,30.56
$TIME,53328.168,457999.000,2364
$IMU,53328.204,4.577,-8.789,22.766,0.23730,0.69824,1.36376,30.44
$MAG,53328.206,-0.309,-0.211,-1.057,29.1
$BARO,53328.265,88928.48,30.56
$IMU,53328.279,12.145,-12.023,36.376,0.32080,0.74072,1.28808,30.46
$MAG,53328.307,-0.300,-0.211,-1.059,29.2
$IMU,53328.355,3.479,-11.840,40.588,0.27343,0.61425,1.37011,30.47
$BARO,53328.367,88927.50,30.56
$MAG,53328.408,-0.298,-0.217,-1.066,29.1
$IMU,53328.430,10.131,-13.183,33.752,0.40087,0.61035,1.32470,30.46
$BARO,53328.468,88942.10,30.56
$VBAT,53328.472,3.911
$IMU,53328.505,11.657,5.432,43.457,0.21582,0.69335,1.29833,30.45
$MAG,53328.509,-0.262,-0.223,-1.069,29.1
$BARO,53328.570,88931.40,30.55
$IMU,53328.580,-1.098,-3.723,38.330,0.20214,0.58105,1.30468,30.43
$HUM,53328.586,24.0,30.9
$MAG,53328.610,-0.270,-0.219,-1.074,29.1
$IMU,53328.655,-0.549,-9.094,36.254,0.20166,0.55664,1.32714,30.48
$BARO,53328.671,88954.27,30.55
$MAG,53328.710,-0.268,-0.220,-1.065,29.2
$IMU,53328.730,2.136,-4.760,39.489,0.19433,0.51904,1.33349,30.46
$BARO,53328.772,88952.88,30.54
$IMU,53328.805,6.103,4.516,43.701,0.03222,0.56152,1.31152,30.52
$MAG,53328.811,-0.247,-0.232,-1.075,29.1
$BARO,53328.874,88960.99,30.54
$IMU,53328.880,15.563,3.662,42.724,0.04101,0.62207,1.23144,30.48
$MAG,53328.912,-0.210,-0.250,-1.077,29.1
$IMU,53328.955,12.512,8.728,50.781,-0.03076,0.61035,1.16894,30.46
$BARO,53328.975,88954.34,30.54
$MAG,53329.013,-0.189,-0.273,-1.075,29.2
$IMU,53329.030,13.427,11.657,62.438,-0.05761,0.65087,1.15283,30.48
$BARO,53329.077,88963.19,30.54
$IMU,53329.105,16.906,10.498,66.284,-0.01806,0.68701,1.05468,30.45
$MAG,53329.114,-0.157,-0.309,-1.083,29.2
$TIME,53329.168,458000.000,2364
$BARO,53329.178,88974.35,30.54
$IMU,53329.180,12.207,11.047,66.223,-0.07666,0.69384,1.05908,30.45
$MAG,53329.214,-0.136,-0.330,-1.080,29.1
$IMU,53329.255,21.179,18.554,71.411,0.01269,0.70166,0.98388,30.48
$BARO,53329.280,88949.93,30.54
$MAG,53329.315,-0.082,-0.399,-1.071,29.1
$IMU,53329.331,37.353,39.489,86.425,-0.01708,0.73974,0.86669,30.44
$BARO,53329.381,88974.38,30.54
$IMU,53329.406,37.231,41.320,73.425,-0.03271,0.84716,0.79931,30.42
$MAG,53329.416,-0.043,-0.457,-1.035,29.1
$IMU,53329.481,23.925,36.987,64.453,-0.04931,0.85107,0.74902,30.47
$BARO,53329.483,88982.27,30.54
$VBAT,53329.485,3.919
$MAG,53329.517,-0.033,-0.502,-1.023,29.1
$IMU,53329.556,20.385,31.311,66.406,0.05712,0.75390,0.61767,30.50
$BARO,53329.584,88972.74,30.54
$HUM,53329.602,24.3,31.0
$MAG,53329.618,-0.016,-0.568,-0.987,29.1
$IMU,53329.631,33.752,40.344,70.922,0.12841,0.84716,0.55615,30.46
$BARO,53329.686,88966.45,30.54
$IMU,53329.706,35.339,61.340,92.285,0.09716,0.88867,0.49511,30.47
$MAG,53329.719,-0.012,-0.646,-0.933,29.1
$IMU,53329.781,36.865,61.340,88.928,0.21191,0.90136,0.33837,30.50
$BARO,53329.787,88990.73,30.54
$MAG,53329.819,-0.019,-0.700,-0.892,29.1
$IMU,53329.856,24.169,50.964,64.453,0.23291,0.93750,0.27392,30.51
$BARO,53329.888,88977.98,30.54
$MAG,53329.920,-0.019,-0.723,-0.874,29.1
$IMU,53329.931,3.723,42.541,49.255,0.18310,0.83691,0.30371,30.49
$BARO,53329.990,88983.00,30.54
$IMU,53330.006,-2.075,24.353,36.926,0.31494,0.80517,0.29199,30.48
$MAG,53330.021,-0.034,-0.735,-0.858,29.1
$IMU,53330.081,-6.469,18.981,27.526,0.39062,0.81933,0.29199,30.52
$BARO,53330.091,88978.84,30.54
$MAG,53330.122,-0.031,-0.736,-0.861,29.1
$IMU,53330.156,-11.291,24.108,15.380,0.33837,0.70605,0.28466,30.47
$TIME,53330.168,458000.000,2364
$BARO,53330.193,88996.95,30.55
$MAG,53330.223,-0.012,-0.732,-0.841,29.1
$IMU,53330.231,3.295,27.465,-2.258,0.23925,0.83593,0.25000,30.48
$BARO,53330.294,89004.80,30.55
$IMU,53330.306,6.469,28.930,-11.413,0.08544,0.82568,0.13232,30.51
$MAG,53330.324,0.006,-0.742,-0.826,29.1
$IMU,53330.382,11.535,22.827,7.934,0.03369,0.93554,0.18701,30.52
$BARO,53330.396,89000.75,30.55
$MAG,53330.424,0.003,-0.748,-0.790,29.1
$IMU,53330.457,8.605,24.414,20.141,0.00439,0.81542,0.25732,30.53
$VBAT,53330.490,3.918
$BARO,53330.497,89021.18,30.55
$MAG,53330.525,-0.015,-0.783,-0.762,29.1
$IMU,53330.532,24.902,17.211,32.714,0.08349,0.90917,0.10498,30.51
$BARO,53330.599,89025.03,30.55
$IMU,53330.607,26.611,22.216,34.912,0.15283,1.13964,-0.01220,30.51
$HUM,53330.618,24.6,30.9
$MAG,53330.626,-0.042,-0.810,-0.735,29.2
$IMU,53330.682,0.549,38.635,47.180,0.20068,1.03808,-0.02099,30.53
$BARO,53330.700,89012.47,30.55
$MAG,53330.727,-0.072,-0.825,-0.730,29.1
$IMU,53330.757,-3.967,46.997,51.818,0.21191,1.05761,0.03369,30.51
$BARO,53330.802,89026.61,30.55
$MAG,53330.828,-0.105,-0.837,-0.705,29.2
$IMU,53330.832,-8.361,50.231,39.306,0.22314,1.08203,0.05957,30.44
$BARO,53330.903,89015.64,30.56
$IMU,53330.907,-17.761,44.555,35.461,0.11425,1.04589,0.13232,30.48
$MAG,53330.929,-0.111,-0.843,-0.717,29.1
$IMU,53330.982,-16.357,28.686,23.864,0.16601,1.10839,0.13183,30.49
$BARO,53331.004,89035.22,30.56
$MAG,53331.029,-0.126,-0.846,-0.714,29.2
$IMU,53331.057,-20.141,24.291,22.644,0.04736,1.11718,0.13476,30.52
$BARO,53331.106,89052.64,30.56
$MAG,53331.130,-0.153,-0.853,-0.744,29.2
$IMU,53331.132,-25.817,16.540,25.207,0.19628,1.14062,0.23291,30.52
$TIME,53331.168,458002.000,2364
$BARO,53331.207,89063.69,30.57
$IMU,53331.207,-25.268,29.235,38.818,0.06054,1.12792,0.31054,30.54
$MAG,53331.231,-0.174,-0.846,-0.754,29.1
$IMU,53331.282,-21.301,25.085,32.897,-0.07373,1.09960,0.30957,30.53
$BARO,53331.309,89071.66,30.56
$MAG,53331.332,-0.192,-0.856,-0.759,29.1
$IMU,53331.358,-12.695,13.610,27.404,-0.02832,1.15185,0.35693,30.57
$BARO,53331.410,89060.71,30.56
$MAG,53331.433,-0.226,-0.852,-0.762,29.1
$IMU,53331.433,-8.483,18.554,35.766,-0.08789,1.16064,0.33203,30.52
$VBAT,53331.491,3.911
$IMU,53331.508,-5.432,19.714,51.635,-0.06445,1.17871,0.32910,30.56
$BARO,53331.512,89073.19,30.57
$MAG,53331.534,-0.262,-0.847,-0.769,29.2
$IMU,53331.583,-6.896,15.014,43.029,-0.07812,1.23242,0.35156,30.48
$BARO,53331.613,89083.92,30.57
$HUM,53331.634,23.1,31.0
$MAG,53331.634,-0.292,-0.850,-0.772,29.1
$IMU,53331.658,-5.493,1.403,35.888,-0.00976,1.11572,0.30175,30.52
$BARO,53331.715,89107.56,30.57
$IMU,53331.733,11.047,6.530,45.898,0.07421,1.37011,0.33154,30.57
$MAG,53331.735,-0.336,-0.847,-0.759,29.1
$IMU,53331.808,-0.732,10.986,37.231,-0.21093,1.24121,0.25000,30.53
$BARO,53331.816,89107.54,30.58
$MAG,53331.836,-0.367,-0.849,-0.762,29.2
$IMU,53331.883,1.342,-16.662,25.451,-0.06640,1.17236,0.19970,30.55
$BARO,53331.918,89117.21,30.58
$MAG,53331.937,-0.391,-0.841,-0.762,29.2
$IMU,53331.958,2.136,-11.291,25.329,-0.01904,1.19921,0.39160,30.57
$BARO,53332.019,89122.50,30.58
$IMU,53332.033,13.916,3.723,37.231,-0.08105,1.14160,0.34179,30.55
$MAG,53332.038,-0.414,-0.831,-0.730,29.1
$IMU,53332.108,49.255,33.203,22.460,0.33886,0.60351,0.39257,30.50
$BARO,53332.121,89132.59,30.58
$MAG,53332.138,-0.441,-0.846,-0.660,29.1
$TIME,53332.168,458003.000,2364
$IMU,53332.183,145.629,112.060,57.556,-0.09326,1.32568,-0.32324,30.54
$BARO,53332.222,89151.73,30.59
$MAG,53332.239,-0.483,-0.850,-0.582,29.1
$IMU,53332.258,109.130,90.759,55.419,-0.27929,1.31738,-0.57666,30.56
$BARO,53332.323,89159.19,30.59
$IMU,53332.333,42.907,27.221,31.494,0.18261,1.19042,-0.59863,30.57
$MAG,53332.340,-0.517,-0.835,-0.583,29.1
$IMU,53332.409,1.525,27.709,19.409,-0.14111,1.18310,-0.62548,30.58
$BARO,53332.425,89159.43,30.59
$MAG,53332.441,-0.517,-0.817,-0.601,29.1
$IMU,53332.484,-53.100,-13.000,3.784,-0.28027,1.58300,-0.71533,30.56
$VBAT,53332.497,3.918
$BARO,53332.526,89156.43,30.58
$MAG,53332.542,-0.507,-0.796,-0.714,29.2
$IMU,53332.559,-160.461,-64.392,-19.714,-0.16992,1.18164,-0.53027,30.55
$BARO,53332.628,89195.77,30.59
$IMU,53332.634,-188.354,-65.124,-31.494,-0.34472,0.56396,0.30371,30.55
$MAG,53332.642,-0.501,-0.759,-0.826,29.2
$HUM,53332.651,21.8,31.0
$IMU,53332.709,-110.534,-50.537,-22.033,-0.44140,0.80810,0.62841,30.55
$BARO,53332.729,89189.70,30.59
$MAG,53332.743,-0.529,-0.723,-0.844,29.1
$IMU,53332.784,-68.176,-39.855,-0.915,-0.33642,0.60498,0.84033,30.57
$BARO,53332.831,89224.66,30.60
$MAG,53332.844,-0.549,-0.696,-0.861,29.1
$IMU,53332.859,-28.442,-29.541,13.549,-0.34960,0.71289,0.85156,30.52
$BARO,53332.932,89210.67,30.60
$IMU,53332.934,-9.887,-36.193,34.240,-0.31640,0.71093,0.90332,30.57
$MAG,53332.945,-0.585,-0.679,-0.832,29.2
$IMU,53333.009,-9.704,-57.739,15.930,0.11572,0.83886,1.02929,30.60
$BARO,53333.034,89178.49,30.61
$MAG,53333.046,-0.615,-0.673,-0.811,29.1
$IMU,53333.084,-13.183,-43.090,-7.385,0.12792,0.73339,1.18798,30.54
$BARO,53333.135,89247.21,30.61
$MAG,53333.147,-0.589,-0.718,-0.795,29.2
$IMU,53333.159,0.915,-31.860,-50.354,0.11865,0.62304,1.24658,30.58
$TIME,53333.168,458005.000,2364
$IMU,53333.234,20.751,-14.709,-69.335,0.03173,0.83447,1.14062,30.55
$BARO,53333.236,89178.66,30.61
$MAG,53333.247,-0.553,-0.751,-0.771,29.2
$IMU,53333.309,9.948,-2.075,-59.204,0.00732,0.67626,1.23486,30.60
$BARO,53333.338,89289.20,30.62
$MAG,53333.348,-0.501,-0.795,-0.774,29.1
$IMU,53333.385,6.713,14.709,-60.180,-0.05224,0.76953,1.33740,30.55
$BARO,53333.439,89212.93,30.63
$MAG,53333.449,-0.454,-0.820,-0.768,29.2
$IMU,53333.460,11.047,19.470,-51.635,0.06298,0.91357,1.38720,30.58
$VBAT,53333.500,3.921
$IMU,53333.535,3.051,23.193,-49.804,0.04882,0.84375,1.46630,30.57
$BARO,53333.541,89251.52,30.63
$MAG,53333.550,-0.396,-0.831,-0.774,29.3
$IMU,53333.610,6.469,28.564,-57.983,0.12841,0.94628,1.39599,30.62
$BARO,53333.642,89313.36,30.64
$MAG,53333.651,-0.315,-0.847,-0.772,29.1
$HUM,53333.667,24.2,31.1
$IMU,53333.685,-1.464,35.705,-77.453,-0.05029,1.00781,1.33642,30.57
$BARO,53333.744,89285.82,30.64
$MAG,53333.751,-0.231,-0.834,-0.798,29.3
$IMU,53333.760,-24.291,39.184,-67.504,-0.13623,0.73437,1.36474,30.58
$IMU,53333.835,-23.681,42.602,-44.860,-0.26220,0.77294,1.21875,30.57
$BARO,53333.845,89345.07,30.64
$MAG,53333.852,-0.186,-0.820,-0.829,29.1
$IMU,53333.910,-33.081,33.996,-27.954,-0.10742,0.69140,1.15673,30.59
$BARO,53333.947,89336.78,30.64
$MAG,53333.953,-0.169,-0.801,-0.850,29.1
$IMU,53333.985,-41.198,31.860,-6.835,-0.06787,0.50927,1.15136,30.55
$BARO,53334.048,89305.61,30.64
$MAG,53334.054,-0.138,-0.777,-0.865,29.3
$IMU,53334.060,-40.527,34.240,1.586,-0.15039,0.37988,1.11572,30.54
$IMU,53334.135,-36.071,28.503,-0.671,-0.00585,0.39843,1.05859,30.61
$BARO,53334.150,89356.11,30.65
$MAG,53334.155,-0.114,-0.757,-0.903,29.1
$IMU,53334.210,-29.663,15.869,-11.779,-0.03027,0.28222,0.97070,30.60
$BARO,53334.251,89343.10,30.66
$MAG,53334.255,-0.105,-0.733,-0.910,29.3
$IMU,53334.285,-22.277,-3.906,-28.320,-0.07470,0.04394,1.03076,30.63
$BARO,53334.352,89302.02,30.67
$MAG,53334.356,-0.109,-0.715,-0.925,29.2
$IMU,53334.360,-8.605,-24.047,-25.634,0.24218,0.16894,1.05273,30.64
$IMU,53334.436,-15.319,-24.230,-39.245,0.41162,-0.13818,1.16894,30.56
$BARO,53334.454,89357.84,30.67
$MAG,53334.457,-0.081,-0.703,-0.936,29.2
$VBAT,53334.504,3.918
$IMU,53334.511,10.070,2.685,-44.555,0.21875,0.06982,1.11279,30.61
$BARO,53334.555,89401.72,30.67
$MAG,53334.558,-0.049,-0.705,-0.916,29.3
$IMU,53334.586,23.254,6.225,-32.104,0.42041,0.08984,1.19921,30.62
$BARO,53334.657,89378.88,30.66
$MAG,53334.659,-0.040,-0.717,-0.895,29.1
$IMU,53334.661,28.381,12.145,-29.663,0.38378,0.16308,1.24902,30.59
$HUM,53334.683,24.1,31.1
$IMU,53334.736,41.931,8.544,-50.903,0.44726,0.25781,1.14892,30.60
$BARO,53334.758,89415.61,30.68
$MAG,53334.759,0.007,-0.711,-0.858,29.2
$IMU,53334.811,49.255,12.878,-50.903,0.24169,0.47558,1.06591,30.58
$BARO,53334.860,89449.98,30.68
$MAG,53334.860,0.039,-0.705,-0.828,29.2
$IMU,53334.886,47.790,3.723,-51.574,0.47021,0.54101,1.00878,30.64
$BARO,53334.961,89435.84,30.68
$MAG,53334.961,0.070,-0.709,-0.792,29.2
$IMU,53334.961,46.264,16.357,-28.625,0.28125,0.61279,0.88769,30.64
$IMU,53335.036,45.593,6.042,-25.512,0.22216,0.83056,0.86425,30.59
$BARO,53335.062,89448.37,30.68
$MAG,53335.062,0.093,-0.699,-0.768,29.3
$IMU,53335.111,38.269,0.061,-44.677,0.34912,0.82080,0.78564,30.57
$MAG,53335.163,0.114,-0.678,-0.741,29.1
$BARO,53335.164,89448.96,30.68
$TIME,53335.168,458006.000,2364
$IMU,53335.186,29.907,7.812,-31.738,0.17968,0.85058,0.89404,30.59
$IMU,53335.261,23.803,14.953,-14.038,0.06152,0.85498,0.87500,30.62
$MAG,53335.263,0.132,-0.681,-0.726,29.3
$BARO,53335.265,89460.27,30.68
$IMU,53335.336,25.695,6.164,-26.184,0.12548,0.84619,0.73925,30.64
$MAG,53335.364,0.124,-0.667,-0.708,29.3
$BARO,53335.367,89464.65,30.69
$IMU,53335.411,18.005,6.713,-8.666,0.03369,1.06054,0.79589,30.64
$MAG,53335.465,0.142,-0.670,-0.705,29.2
$BARO,53335.468,89485.08,30.69
$IMU,53335.487,12.939,-3.845,-7.446,0.11376,1.10546,0.89306,30.63
$VBAT,53335.505,3.906
$IMU,53335.562,21.423,0.610,-6.713,0.09765,1.04248,0.84326,30.64
$MAG,53335.566,0.145,-0.673,-0.688,29.2
$BARO,53335.570,89480.62,30.69
$IMU,53335.637,20.690,-3.967,-1.098,0.07421,0.98828,0.92382,30.63
$MAG,53335.666,0.141,-0.679,-0.688,29.2
$BARO,53335.671,89521.06,30.69
$HUM,53335.699,24.4,31.1
$IMU,53335.712,21.667,-11.535,7.629,0.20703,1.01318,0.86621,30.61
$MAG,53335.767,0.142,-0.685,-0.676,29.2
$BARO,53335.773,89525.10,30.69
$IMU,53335.787,27.282,-4.577,1.831,0.06494,1.20263,0.88623,30.64
$IMU,53335.862,18.798,-5.676,7.812,0.01855,1.16259,0.84765,30.65
$MAG,53335.868,0.130,-0.696,-0.675,29.5
$BARO,53335.874,89534.83,30.69
$IMU,53335.937,18.676,-14.099,17.883,0.28564,1.24316,0.98388,30.58
$MAG,53335.969,0.108,-0.720,-0.669,29.3
$BARO,53335.976,89550.16,30.69
$IMU,53336.012,8.422,-11.230,25.756,0.24316,1.21972,1.05957,30.66
$MAG,53336.070,0.096,-0.726,-0.688,29.2
$BARO,53336.077,89582.75,30.69
$IMU,53336.087,-4.333,-16.052,15.502,0.20703,1.24218,1.16015,30.60
$IMU,53336.162,-4.516,-11.962,9.094,0.22265,1.31250,1.19482,30.63
$TIME,53336.168,458006.000,2364
$MAG,53336.170,0.085,-0.745,-0.697,29.3
$BARO,53336.178,89577.27,30.70
$IMU,53336.237,6.774,-7.263,24.475,0.32080,1.23876,1.18701,30.66
$MAG,53336.271,0.075,-0.748,-0.684,29.2
$BARO,53336.280,89588.99,30.70
$IMU,53336.312,19.042,-5.920,4.028,0.16308,1.15917,1.04589,30.66
$MAG,53336.372,0.075,-0.742,-0.681,29.1
$BARO,53336.381,89590.41,30.69
$IMU,53336.387,10.742,-9.399,-1.708,0.19384,1.09765,1.12597,30.60
$IMU,53336.463,7.995,-10.375,2.197,0.16210,0.99560,1.12890,30.64
$MAG,53336.473,0.067,-0.753,-0.678,29.3
$BARO,53336.483,89573.76,30.71
$VBAT,53336.517,3.903
$IMU,53336.538,12.756,-7.080,1.159,0.11181,1.04833,1.07275,30.64
$MAG,53336.574,0.063,-0.759,-0.687,29.2
$BARO,53336.584,89598.62,30.71
$IMU,53336.613,5.065,-8.239,0.549,0.15087,1.04443,1.19531,30.64
$MAG,53336.675,0.063,-0.756,-0.676,29.2
$BARO,53336.686,89630.38,30.71
$IMU,53336.688,7.934,-7.385,1.037,0.12011,1.02001,1.18212,30.64
$HUM,53336.716,24.4,31.1
$IMU,53336.763,18.127,-2.258,-2.929,-0.00781,1.16943,1.18798,30.66
$MAG,53336.775,0.063,-0.757,-0.670,29.5
$BARO,53336.787,89638.67,30.71
$IMU,53336.838,10.070,-3.112,-3.173,-0.05224,1.18750,1.31542,30.64
$MAG,53336.876,0.049,-0.757,-0.661,29.2
$BARO,53336.888,89640.25,30.71
$IMU,53336.913,6.164,-4.150,15.502,-0.01025,1.21630,1.45703,30.65
$MAG,53336.977,0.052,-0.769,-0.663,29.2
$IMU,53336.988,6.530,-7.812,10.314,0.04101,1.05322,1.43408,30.66
$BARO,53336.990,89652.20,30.71
$IMU,53337.063,11.962,-9.155,2.136,-0.03320,1.06591,1.43847,30.65
$MAG,53337.078,0.058,-0.766,-0.660,29.3
$BARO,53337.091,89647.13,30.71
$IMU,53337.138,14.526,-5.615,-0.244,0.00146,0.91650,1.28906,30.64
$TIME,53337.168,458007.000,2364
$MAG,53337.179,0.049,-0.784,-0.654,29.2
$BARO,53337.193,89627.07,30.72
$IMU,53337.213,16.540,-6.286,10.559,-0.02880,1.07763,1.23974,30.70
$MAG,53337.279,0.039,-0.781,-0.655,29.2
$IMU,53337.288,2.258,-5.615,6.286,-0.03320,0.91357,1.18164,30.65
$BARO,53337.294,89658.17,30.73
$IMU,53337.363,11.413,-7.141,-2.441,-0.02685,1.04443,1.14404,30.67
$MAG,53337.380,0.031,-0.787,-0.646,29.1
$BARO,53337.396,89662.04,30.72
$IMU,53337.438,6.286,-2.502,7.873,-0.02392,0.93701,1.04052,30.68
$MAG,53337.481,0.031,-0.792,-0.639,29.3
$BARO,53337.497,89673.94,30.73
$IMU,53337.514,7.995,-8.361,6.713,0.01708,0.81054,0.96679,30.70
$VBAT,53337.529,3.916
$MAG,53337.582,0.024,-0.790,-0.649,29.2
$IMU,53337.589,2.929,-6.713,-1.464,-0.02392,0.70703,0.91455,30.66
$BARO,53337.599,89670.92,30.73
$IMU,53337.664,-3.723,-4.272,5.432,0.02490,0.58154,0.88330,30.66
$MAG,53337.683,0.025,-0.792,-0.646,29.3
$BARO,53337.700,89671.70,30.73
$HUM,53337.732,24.3,31.1
$IMU,53337.739,-0.610,-3.967,0.549,-0.01806,0.69189,0.82519,30.68
$MAG,53337.783,0.024,-0.795,-0.657,29.3
$BARO,53337.802,89678.98,30.73
$IMU,53337.814,-9.216,-4.699,1.525,0.00830,0.73779,0.88476,30.69
$MAG,53337.884,0.022,-0.793,-0.666,29.2
$IMU,53337.889,-14.099,-0.305,0.549,0.02587,0.52587,0.84130,30.67
$BARO,53337.903,89665.80,30.74
$IMU,53337.964,-10.437,-0.976,7.385,0.06005,0.53564,0.83740,30.67
$MAG,53337.985,0.025,-0.796,-0.679,29.5
$BARO,53338.004,89669.43,30.74
$IMU,53338.039,-15.380,1.159,-5.798,-0.00195,0.59716,0.92480,30.65
$MAG,53338.086,0.025,-0.787,-0.687,29.3
$BARO,53338.106,89677.11,30.74
$IMU,53338.114,-14.587,0.488,-6.774,-0.02148,0.57519,0.88818,30.71
$TIME,53338.168,458008.000,2364
$MAG,53338.187,0.018,-0.786,-0.699,29.2
$IMU,53338.189,-9.704,-0.549,2.624,0.03222,0.60400,0.92236,30.69
$BARO,53338.207,89680.08,30.75
$IMU,53338.264,-14.587,0.122,6.286,0.04150,0.55859,0.98486,30.69
$MAG,53338.288,0.025,-0.775,-0.714,29.2
$BARO,53338.309,89684.13,30.75
$IMU,53338.339,-8.300,-2.258,2.014,0.00781,0.45458,0.91210,30.69
$MAG,53338.388,0.010,-0.783,-0.715,29.2
$BARO,53338.410,89676.03,30.75
$IMU,53338.414,-1.770,-5.310,2.685,0.06640,0.53027,0.94140,30.69
$MAG,53338.489,0.007,-0.786,-0.720,29.2
$IMU,53338.490,-5.004,-5.859,10.192,0.05224,0.46875,0.91113,30.69
$BARO,53338.512,89695.22,30.75
$VBAT,53338.536,3.911
$IMU,53338.565,5.615,-9.887,2.990,0.07275,0.55078,0.88378,30.65
$MAG,53338.590,-0.001,-0.789,-0.721,29.2
$BARO,53338.613,89689.15,30.75
$IMU,53338.640,-6.103,-8.239,4.638,0.10986,0.46533,0.92187,30.71
$MAG,53338.691,0.009,-0.786,-0.733,29.3
$BARO,53338.714,89690.15,30.76
$IMU,53338.715,-7.507,-1.159,-1.403,0.12988,0.49365,0.96728,30.69
$HUM,53338.748,24.1,31.2
$IMU,53338.790,-10.314,0.305,-0.183,0.06542,0.49316,0.93847,30.69
$MAG,53338.792,0.006,-0.781,-0.733,29.3
$BARO,53338.816,89700.46,30.76
$IMU,53338.865,-4.638,-5.554,-1.220,0.12500,0.50878,0.88769,30.74
$MAG,53338.893,0.003,-0.789,-0.738,29.2
$BARO,53338.917,89700.63,30.76
$IMU,53338.940,-6.164,-2.868,7.080,0.18164,0.49023,0.94726,30.72
$MAG,53338.993,-0.003,-0.789,-0.754,29.3
$IMU,53339.015,-17.395,0.305,10.437,0.15917,0.24804,0.96484,30.72
$BARO,53339.019,89697.39,30.76
$IMU,53339.090,-7.873,-0.549,12.390,0.15869,0.27441,0.91748,30.71
$MAG,53339.094,-0.024,-0.784,-0.754,29.3
$BARO,53339.120,89710.55,30.76
$IMU,53339.165,-5.187,-1.281,16.784,0.18505,0.25341,0.88525,30.71
$TIME,53339.168,458009.000,2364
$MAG,53339.195,-0.040,-0.798,-0.762,29.2
$BARO,53339.222,89696.19,30.76
$IMU,53339.240,1.342,-4.455,13.366,0.28369,0.24169,0.91552,30.71
$MAG,53339.296,-0.034,-0.804,-0.744,29.2
$IMU,53339.315,10.253,0.976,4.150,0.36035,0.49755,1.13427,30.69
$BARO,53339.323,89711.16,30.76
$IMU,53339.390,8.544,9.521,-4.089,0.23095,1.44628,1.52001,30.68
$MAG,53339.397,-0.033,-0.796,-0.748,29.3
$BARO,53339.425,89711.35,30.76
$IMU,53339.465,-62.622,7.507,19.042,0.34228,0.69677,1.83691,30.73
$MAG,53339.497,-0.060,-0.790,-0.783,29.5
$BARO,53339.526,89702.85,30.76
$IMU,53339.541,-17.089,6.591,9.155,-0.19970,0.03710,0.74707,30.69
$VBAT,53339.548,3.913
$MAG,53339.598,-0.049,-0.811,-0.754,29.5
$IMU,53339.616,32.348,7.934,-6.774,0.07910,-0.04785,0.35693,30.72
$BARO,53339.628,89707.89,30.77
$IMU,53339.691,28.015,22.521,29.968,0.01318,0.29882,0.81445,30.71
$MAG,53339.699,-0.061,-0.817,-0.741,29.5
$BARO,53339.729,89703.43,30.77
$HUM,53339.765,23.6,31.2
$IMU,53339.766,-23.559,17.395,13.366,0.03222,-0.29541,0.95605,30.74
$MAG,53339.800,-0.040,-0.807,-0.733,29.2
$BARO,53339.830,89705.04,30.77
$IMU,53339.841,-3.601,14.831,-12.512,-0.22558,0.96728,1.32519,30.69
$MAG,53339.901,-0.049,-0.810,-0.757,29.2
$IMU,53339.916,-14.221,-1.403,1.586,-0.01220,1.50195,1.35986,30.75
$BARO,53339.932,89700.14,30.78
$IMU,53339.991,-97.595,7.324,10.925,0.24023,-0.33251,1.01562,30.71
$MAG,53340.002,-0.040,-0.780,-0.813,29.5
$BARO,53340.033,89705.43,30.77
$IMU,53340.066,-12.207,16.601,-12.084,0.03417,-0.12744,0.36962,30.73
$MAG,53340.103,-0.024,-0.763,-0.814,29.3
$BARO,53340.135,89711.28,30.78
$IMU,53340.141,-16.784,-6.164,-48.339,-0.16455,-0.24804,0.84326,30.73
$TIME,53340.168,458010.000,2364
$MAG,53340.203,0.030,-0.705,-0.850,29.5
$IMU,53340.216,-19.592,-31.005,-98.510,0.06494,-0.54541,1.16845,30.76
$BARO,53340.236,89709.04,30.78
$IMU,53340.291,52.551,-27.465,-80.993,0.11718,0.89599,1.53906,30.75
$MAG,53340.304,0.063,-0.690,-0.823,29.5
$BARO,53340.338,89714.08,30.78
$IMU,53340.366,40.466,-18.127,-60.852,0.22949,0.94189,1.66992,30.75
$MAG,53340.405,0.093,-0.670,-0.807,29.5
$BARO,53340.439,89715.23,30.79
$IMU,53340.441,56.518,7.995,-46.325,-0.09960,-0.07812,0.46093,30.74
$MAG,53340.506,0.115,-0.688,-0.735,29.3
$IMU,53340.517,116.088,25.024,-33.447,-0.19287,0.05859,0.08691,30.75
$BARO,53340.540,89713.82,30.79
$VBAT,53340.555,3.898
$IMU,53340.592,73.608,32.714,5.432,-0.20263,1.00634,0.68261,30.72
$MAG,53340.607,0.108,-0.720,-0.670,29.5
$BARO,53340.642,89708.36,30.79
$IMU,53340.667,17.883,40.039,35.095,-0.47021,1.42822,1.08105,30.78
$MAG,53340.707,0.091,-0.738,-0.655,29.2
$IMU,53340.742,0.427,26.977,21.179,-0.35351,1.02148,1.06201,30.75
$BARO,53340.743,89706.38,30.78
$HUM,53340.781,24.4,31.2
$MAG,53340.808,0.067,-0.762,-0.622,29.3
$IMU,53340.817,8.056,16.235,32.592,-0.15576,0.22119,0.31640,30.77
$BARO,53340.845,89707.19,30.78
$IMU,53340.892,48.400,-3.601,27.587,-0.00390,0.01562,0.04052,30.80
$MAG,53340.909,0.042,-0.777,-0.597,29.5
$BARO,53340.946,89710.82,30.78
$IMU,53340.967,25.451,-15.197,14.953,0.17431,0.51123,0.48291,30.73
$MAG,53341.010,0.055,-0.775,-0.601,29.3
$IMU,53341.042,15.136,-28.564,-1.892,0.04882,1.83447,0.92626,30.75
$BARO,53341.048,89726.32,30.79
$MAG,53341.111,0.061,-0.759,-0.663,29.3
$IMU,53341.117,-12.512,-46.325,-23.925,0.12597,1.89306,0.98779,30.73
$BARO,53341.149,89701.21,30.80
$TIME,53341.168,458012.000,2364
$IMU,53341.192,-42.602,-21.789,0.610,0.11230,0.39306,0.30126,30.77
$MAG,53341.212,0.060,-0.762,-0.666,29.3
$BARO,53341.250,89707.50,30.80
$IMU,53341.267,10.620,-2.990,-5.004,0.03515,-0.12158,-0.05761,30.77
$MAG,53341.312,0.063,-0.760,-0.651,29.5
$IMU,53341.342,14.831,-0.488,1.403,0.05322,0.28027,0.34179,30.77
$BARO,53341.352,89725.86,30.80
$MAG,53341.413,0.037,-0.778,-0.640,29.3
$IMU,53341.417,-1.525,23.803,23.559,0.14208,1.82617,1.05908,30.80
$BARO,53341.453,89709.14,30.80
$IMU,53341.492,-34.301,38.269,10.742,-0.23193,2.24707,1.17041,30.76
$MAG,53341.514,0.055,-0.760,-0.693,29.3
$BARO,53341.555,89699.00,30.80
$VBAT,53341.566,3.916
$IMU,53341.568,-125.488,32.836,-5.493,-0.20800,0.29492,0.30664,30.79
$MAG,53341.615,0.073,-0.724,-0.741,29.3
$IMU,53341.643,-79.223,10.375,-27.526,-0.14062,-0.36425,0.06250,30.77
$BARO,53341.656,89697.34,30.80
$MAG,53341.716,0.090,-0.696,-0.784,29.5
$IMU,53341.718,-40.588,-15.563,-34.912,-0.01074,0.14550,0.47460,30.74
$BARO,53341.758,89707.26,30.80
$IMU,53341.793,-54.992,-29.418,-31.127,0.10839,0.97607,1.49853,30.76
$HUM,53341.797,23.6,31.2
$MAG,53341.817,0.102,-0.634,-0.843,29.3
$BARO,53341.859,89708.65,30.81
$IMU,53341.868,-50.781,-29.724,-51.940,0.20507,0.62304,1.54687,30.77
$MAG,53341.917,0.118,-0.576,-0.864,29.5
$IMU,53341.943,-19.653,-19.226,-77.514,-0.09521,0.32177,0.84619,30.78
$BARO,53341.960,89702.51,30.82
$IMU,53342.018,-0.915,-19.226,-75.378,-0.16503,-0.09765,0.37988,30.76
$MAG,53342.018,0.126,-0.525,-0.883,29.5
$BARO,53342.062,89708.79,30.82
$IMU,53342.093,11.413,-30.029,-26.245,0.02685,-0.37451,0.46582,30.76
$MAG,53342.119,0.108,-0.541,-0.897,29.2
$BARO,53342.163,89721.74,30.82
$TIME,53342.168,458012.000,2364
$IMU,53342.168,29.479,-21.118,21.545,0.21533,1.29492,1.74658,30.78
$MAG,53342.220,0.099,-0.562,-0.900,29.5
$IMU,53342.243,-38.879,7.263,49.072,-0.01464,0.12353,1.35986,30.80
$BARO,53342.265,89720.88,30.82
$IMU,53342.318,-13.244,-16.418,-27.404,0.17968,0.38671,1.07275,30.82
$MAG,53342.321,0.100,-0.528,-0.934,29.5
$BARO,53342.366,89709.57,30.83
$IMU,53342.393,-9.216,-5.432,-47.973,-0.03808,0.03662,0.63623,30.78
$MAG,53342.421,0.114,-0.489,-0.913,29.3
$BARO,53342.468,89715.03,30.83
$IMU,53342.468,21.606,5.249,-59.448,-0.20751,0.14843,0.58349,30.82
$MAG,53342.522,0.108,-0.448,-0.936,29.5
$IMU,53342.544,0.915,-24.475,-53.222,0.07714,0.26171,1.25781,30.82
$BARO,53342.569,89722.47,30.83
$VBAT,53342.573,3.922
$IMU,53342.619,10.070,-23.315,-71.472,0.18798,0.19042,1.45849,30.80
$MAG,53342.623,0.097,-0.417,-0.954,29.5
$BARO,53342.670,89722.88,30.83
$IMU,53342.694,56.335,-20.019,-87.829,0.00146,0.58886,1.03515,30.87
$MAG,53342.724,0.078,-0.367,-0.978,29.5
$IMU,53342.769,38.208,-32.165,-111.145,0.05664,0.12744,0.99755,30.85
$BARO,53342.772,89719.86,30.83
$HUM,53342.813,24.2,31.2
$MAG,53342.825,0.048,-0.354,-0.987,29.3
$IMU,53342.844,83.129,-18.737,-106.994,-0.18261,0.07470,0.73828,30.83
$BARO,53342.873,89713.13,30.83
$IMU,53342.919,141.296,-15.380,-103.088,-0.26806,0.14550,0.44873,30.85
$MAG,53342.926,0.034,-0.426,-1.008,29.5
$BARO,53342.975,89727.69,30.84
$IMU,53342.994,199.218,-12.329,-108.398,-0.48339,0.11669,0.01953,30.76
$MAG,53343.026,0.031,-0.556,-0.961,29.2
$IMU,53343.069,252.136,-25.512,-81.604,-0.41259,0.83593,-0.23535,30.79
$BARO,53343.076,89713.69,30.84
$MAG,53343.127,0.034,-0.681,-0.883,29.5
$IMU,53343.144,210.388,-6.408,-26.428,-0.71044,2.13867,-0.28271,30.76
$TIME,53343.168,458014.000,2364
$BARO,53343.178,89722.81,30.84
$IMU,53343.219,85.144,7.141,7.568,-0.71337,1.25488,-0.13183,30.79
$MAG,53343.228,0.028,-0.709,-0.855,29.5
$BARO,53343.279,89729.29,30.84
$IMU,53343.294,34.912,-7.263,30.090,-0.33496,0.45166,-0.10791,30.83
$MAG,53343.329,-0.015,-0.751,-0.814,29.5
$IMU,53343.369,51.391,-6.164,44.860,-0.40283,0.80810,-0.17822,30.82
$BARO,53343.381,89712.67,30.84
$MAG,53343.430,-0.051,-0.796,-0.784,29.5
$IMU,53343.444,53.588,-17.456,38.818,-0.41015,0.79150,-0.32275,30.85
$BARO,53343.482,89719.93,30.85
$IMU,53343.520,45.166,-32.775,36.865,-0.25830,0.90087,-0.40673,30.88
$MAG,53343.531,-0.099,-0.828,-0.768,29.5
$BARO,53343.583,89717.67,30.85
$VBAT,53343.584,3.916
$IMU,53343.595,35.949,-27.832,51.208,-0.17187,1.23925,-0.53759,30.87
$MAG,53343.631,-0.163,-0.838,-0.757,29.5
$IMU,53343.670,5.798,-40.283,46.630,-0.13867,1.28320,-0.51269,30.85
$BARO,53343.685,89717.03,30.86
$MAG,53343.732,-0.213,-0.846,-0.774,29.5
$IMU,53343.745,-18.371,-45.898,39.794,0.11035,0.88525,-0.48193,30.84
$BARO,53343.786,89718.64,30.86
$IMU,53343.820,-17.761,-24.536,19.897,0.03759,0.67041,-0.38281,30.82
$HUM,53343.830,24.6,31.3
$MAG,53343.833,-0.223,-0.838,-0.793,29.5
$BARO,53343.888,89732.58,30.86
$IMU,53343.895,-2.136,-4.760,-2.014,-0.11181,0.64404,-0.42138,30.88
$MAG,53343.934,-0.223,-0.846,-0.772,29.5
$IMU,53343.970,19.104,0.488,5.798,-0.08056,0.87353,-0.42333,30.85
$BARO,53343.989,89719.47,30.86
$MAG,53344.035,-0.243,-0.840,-0.769,29.5
$IMU,53344.045,5.676,19.287,19.775,-0.02880,0.88671,-0.49853,30.85
$BARO,53344.090,89723.69,30.86
$IMU,53344.120,-1.159,30.029,26.123,-0.03808,0.91748,-0.56054,30.84
$MAG,53344.135,-0.250,-0.841,-0.777,29.5
$TIME,53344.168,458015.000,2364
$BARO,53344.192,89713.74,30.87
$IMU,53344.195,1.403,17.150,26.123,0.00048,1.13232,-0.57763,30.85
$MAG,53344.236,-0.255,-0.850,-0.768,29.3
$IMU,53344.270,4.577,9.826,5.432,-0.12646,1.00732,-0.47119,30.84
$BARO,53344.293,89720.62,30.87
$MAG,53344.337,-0.268,-0.850,-0.777,29.5
$IMU,53344.345,-5.554,9.033,13.000,-0.06738,1.04003,-0.37402,30.84
$BARO,53344.395,89722.20,30.88
$IMU,53344.420,-9.887,9.643,37.414,-0.10546,0.78710,-0.31884,30.86
$MAG,53344.438,-0.301,-0.855,-0.780,29.3
$IMU,53344.495,-6.652,-8.544,25.390,-0.08007,0.70458,-0.33398,30.86
$BARO,53344.496,89720.32,30.88
$MAG,53344.539,-0.331,-0.834,-0.781,29.5
$IMU,53344.571,-1.525,-23.864,19.897,-0.03076,0.81640,-0.35742,30.87
$VBAT,53344.592,3.916
$BARO,53344.598,89715.47,30.88
$MAG,53344.639,-0.354,-0.843,-0.783,29.3
$IMU,53344.646,-6.713,-30.822,14.038,0.03125,0.97460,-0.42480,30.86
$BARO,53344.699,89719.69,30.89
$IMU,53344.721,-22.338,-30.883,11.901,0.09228,1.23828,-0.45019,30.87
$MAG,53344.740,-0.373,-0.822,-0.813,29.5
$IMU,53344.796,-41.625,-17.150,14.404,0.27636,1.06982,-0.40380,30.88
$BARO,53344.800,89720.93,30.88
$MAG,53344.841,-0.408,-0.792,-0.859,29.3
$HUM,53344.846,24.6,31.3
$IMU,53344.871,-58.898,8.544,38.452,0.38232,1.21630,-0.36425,30.86
$BARO,53344.902,89714.45,30.88
$MAG,53344.942,-0.435,-0.732,-0.907,29.5
$IMU,53344.946,-60.607,13.854,63.781,0.35498,0.73388,-0.24414,30.89
$BARO,53345.003,89716.84,30.89
$IMU,53345.021,-66.223,2.807,44.738,0.49853,0.69238,-0.19921,30.91
$MAG,53345.043,-0.444,-0.694,-0.945,29.5
$IMU,53345.096,-48.278,1.037,-6.469,0.54492,0.76855,-0.06298,30.88
$BARO,53345.105,89714.40,30.90
$MAG,53345.143,-0.414,-0.681,-0.966,29.5
$TIME,53345.168,458015.000,2364
$IMU,53345.171,-26.794,22.521,-39.794,0.54931,0.87841,-0.06933,30.90
$BARO,53345.206,89719.42,30.90
$MAG,53345.244,-0.310,-0.678,-0.988,29.3
$IMU,53345.246,-14.709,63.232,-60.913,0.22607,1.04248,0.01757,30.86
$BARO,53345.308,89716.18,30.90
$IMU,53345.321,-29.052,68.603,-71.899,0.01904,0.96923,0.11132,30.90
$MAG,53345.345,-0.228,-0.661,-1.014,29.3
$IMU,53345.396,-25.634,49.194,-57.678,-0.29882,0.81152,0.14306,30.89
$BARO,53345.409,89715.57,30.90
$MAG,53345.446,-0.196,-0.639,-1.015,29.3
$IMU,53345.471,-16.235,5.798,-46.752,-0.28662,0.97949,0.26416,30.84
$BARO,53345.510,89719.03,30.90
$MAG,53345.547,-0.217,-0.622,-1.036,29.5
$IMU,53345.547,-17.883,-30.883,-28.625,-0.29785,1.28613,0.32714,30.87
$VBAT,53345.601,3.908
$BARO,53345.612,89711.89,30.90
$IMU,53345.622,-36.560,-51.635,-27.160,-0.27099,0.97753,0.34472,30.83
$MAG,53345.648,-0.256,-0.579,-1.059,29.3
$IMU,53345.697,-19.958,-58.532,-11.535,-0.21044,0.63964,0.29833,30.85
$BARO,53345.713,89712.30,30.90
$MAG,53345.748,-0.321,-0.597,-1.036,29.5
$IMU,53345.772,19.775,-54.748,8.422,0.04541,1.00927,0.18164,30.89
$BARO,53345.815,89712.91,30.90
$IMU,53345.847,14.099,-34.301,10.986,-0.11083,1.11767,0.21777,30.84
$MAG,53345.849,-0.343,-0.604,-1.042,29.5
$HUM,53345.862,24.4,31.3
$BARO,53345.916,89709.84,30.91
$IMU,53345.922,-8.728,-37.109,-11.169,0.00097,0.98583,0.25048,30.88
$MAG,53345.950,-0.381,-0.591,-1.035,29.5
$IMU,53345.997,-9.399,-33.935,1.098,0.13964,0.84375,0.20166,30.85
$BARO,53346.017,89708.60,30.92
$MAG,53346.051,-0.394,-0.601,-1.023,29.5
$IMU,53346.072,0.976,-2.197,2.136,0.05712,1.13720,0.26074,30.87
$BARO,53346.119,89714.47,30.91
$IMU,53346.147,-26.428,11.108,-11.230,-0.03466,1.07470,0.35449,30.85
$MAG,53346.152,-0.375,-0.565,-1.053,29.5
$TIME,53346.168,458017.000,2364
$BARO,53346.220,89725.95,30.92
$IMU,53346.222,-36.804,2.990,-3.173,-0.04101,0.82080,0.46289,30.93
$MAG,53346.252,-0.382,-0.532,-1.065,29.5
$IMU,53346.297,-26.123,2.319,26.428,0.10888,0.96826,0.43554,30.89
$BARO,53346.322,89715.89,30.92
$MAG,53346.353,-0.382,-0.499,-1.065,29.5
$IMU,53346.372,-39.184,8.117,19.592,0.13427,0.94775,0.46679,30.91
$BARO,53346.423,89729.78,30.93
$IMU,53346.447,-40.893,15.747,2.380,0.13085,0.75390,0.57226,30.91
$MAG,53346.454,-0.355,-0.471,-1.086,29.5
$IMU,53346.522,-22.827,1.770,-22.338,0.04638,0.92480,0.59619,30.92
$BARO,53346.525,89714.01,30.93
$MAG,53346.555,-0.364,-0.438,-1.080,29.5
$IMU,53346.598,-33.691,-15.380,-18.249,0.15966,0.75341,0.60839,30.88
$VBAT,53346.609,3.914
$BARO,53346.626,89733.61,30.93
$MAG,53346.656,-0.363,-0.424,-1.087,29.5
$IMU,53346.673,-25.207,6.164,1.708,0.31103,0.69873,0.70068,30.90
$BARO,53346.727,89721.23,30.93
$IMU,53346.748,-12.451,25.024,5.676,-0.22949,0.78173,0.65283,30.89
$MAG,53346.756,-0.352,-0.424,-1.089,29.5
$IMU,53346.823,18.249,-38.391,-34.912,0.03808,0.65869,0.74267,30.88
$BARO,53346.829,89719.20,30.93
$MAG,53346.857,-0.402,-0.480,-1.066,29.5
$HUM,53346.879,23.9,31.3
$IMU,53346.898,64.147,-52.978,-36.437,0.08105,0.73828,0.67041,30.92
$BARO,53346.930,89725.10,30.93
$MAG,53346.958,-0.439,-0.562,-1.026,29.5
$IMU,53346.973,90.698,-39.916,-34.729,0.11523,0.72705,0.43457,30.91
$BARO,53347.032,89726.05,30.94
$IMU,53347.048,106.872,-24.902,-13.671,0.10253,1.02539,0.28515,30.93
$MAG,53347.059,-0.441,-0.651,-0.966,29.5
$IMU,53347.123,89.904,-18.249,-4.760,-0.08251,1.24072,0.17431,30.93
$BARO,53347.133,89718.35,30.94
$MAG,53347.160,-0.457,-0.697,-0.930,29.5
$TIME,53347.168,458018.000,2364
$IMU,53347.198,52.673,-18.798,-18.432,-0.21533,0.92480,0.09033,30.91
$BARO,53347.235,89715.91,30.94
$MAG,53347.261,-0.465,-0.730,-0.897,29.5
$IMU,53347.273,44.372,-15.930,-13.122,-0.18408,1.02197,0.00634,30.95
$BARO,53347.336,89714.08,30.94
$IMU,53347.348,32.043,-9.460,0.244,-0.17675,1.15429,0.01025,30.91
$MAG,53347.361,-0.469,-0.735,-0.876,29.5
$IMU,53347.423,6.774,-8.911,0.488,-0.18994,1.08398,0.00048,30.92
$BARO,53347.438,89724.20,30.95
$MAG,53347.462,-0.477,-0.738,-0.882,29.5
$IMU,53347.498,-6.530,-13.244,-2.502,-0.12158,1.02148,0.00341,30.95
$BARO,53347.539,89721.57,30.95
$MAG,53347.563,-0.471,-0.735,-0.880,29.5
$IMU,53347.574,-15.258,-13.732,-3.295,-0.10937,0.89306,-0.01416,30.95
$VBAT,53347.628,3.903
$BARO,53347.640,89722.35,30.95
$IMU,53347.649,-20.874,-15.197,-2.014,-0.08789,0.86523,0.05273,30.90
$MAG,53347.664,-0.490,-0.714,-0.891,29.6
$IMU,53347.724,-18.981,-14.404,-2.258,-0.05175,0.88818,0.08300,30.92
$BARO,53347.742,89717.06,30.95
$MAG,53347.765,-0.496,-0.715,-0.901,29.5
$IMU,53347.799,-13.305,-8.117,3.784,-0.13183,1.03710,0.13330,30.96
$BARO,53347.843,89732.44,30.96
$MAG,53347.866,-0.490,-0.703,-0.907,29.5
$IMU,53347.874,-13.854,-4.699,-3.967,-0.28759,1.07519,0.18261,30.93
$HUM,53347.895,24.3,31.4
$BARO,53347.945,89719.06,30.96
$IMU,53347.949,-9.277,-19.104,-2.563,-0.33105,1.24072,0.20019,30.94
$MAG,53347.967,-0.507,-0.699,-0.891,29.5
$IMU,53348.024,11.108,-41.870,9.765,-0.17968,1.05566,0.21630,30.92
$BARO,53348.046,89728.78,30.96
$MAG,53348.067,-0.558,-0.706,-0.847,29.3
$IMU,53348.099,8.972,-62.072,14.648,-0.02539,0.99951,0.26953,30.95
$BARO,53348.148,89721.66,30.96
$MAG,53348.168,-0.600,-0.699,-0.805,29.5
$TIME,53348.168,458018.000,2364
$IMU,53348.174,1.647,-65.856,6.469,0.15332,0.76367,0.23193,30.94
$BARO,53348.249,89721.45,30.97
$IMU,53348.249,9.643,-39.550,4.089,0.23144,0.80615,0.26708,30.96
$MAG,53348.269,-0.616,-0.696,-0.786,29.5
$IMU,53348.324,15.502,-17.639,7.751,0.20947,1.02001,0.22998,30.91
$BARO,53348.351,89725.71,30.97
$MAG,53348.370,-0.616,-0.711,-0.772,29.5
$IMU,53348.399,10.803,-4.638,-1.708,0.26416,1.05615,0.14111,30.92
$BARO,53348.452,89719.57,30.98
$MAG,53348.471,-0.604,-0.706,-0.780,29.6
$IMU,53348.474,8.361,15.808,-2.624,0.09667,1.00341,0.07519,30.99
$IMU,53348.549,7.873,24.475,-4.577,0.13867,0.90625,0.04638,30.96
$BARO,53348.553,89719.98,30.97
$MAG,53348.571,-0.589,-0.723,-0.793,29.6
$IMU,53348.625,20.385,43.579,-1.464,0.09570,0.94433,-0.01025,30.93
$VBAT,53348.646,3.910
$BARO,53348.655,89719.57,30.98
$MAG,53348.672,-0.556,-0.718,-0.807,29.5
$IMU,53348.700,19.470,54.687,-1.220,0.13232,1.04980,-0.05761,30.94
$BARO,53348.756,89727.83,30.98
$MAG,53348.773,-0.528,-0.730,-0.844,29.5
$IMU,53348.775,10.192,74.645,1.037,0.29003,1.20849,-0.18945,30.95
$IMU,53348.850,-1.647,128.601,20.324,0.12890,1.53320,-0.16259,30.96
$BARO,53348.858,89719.74,30.98
$MAG,53348.874,-0.427,-0.700,-0.946,29.6
$HUM,53348.911,24.7,31.4
$IMU,53348.925,-64.819,200.012,18.615,0.25390,1.18408,-0.26611,30.96
$BARO,53348.959,89717.28,30.98
$MAG,53348.975,-0.205,-0.613,-1.032,29.6
$IMU,53349.000,-106.689,296.447,53.344,-0.00732,1.06201,-0.56347,31.00
$BARO,53349.060,89723.57,30.98
$MAG,53349.075,0.067,-0.556,-0.954,29.5
$IMU,53349.075,-108.276,345.031,58.044,-0.86914,1.01513,-0.43798,30.96
$IMU,53349.150,-97.290,271.667,59.753,-1.03613,0.85986,0.00878,30.96
$BARO,53349.162,89721.54,30.98
$TIME,53349.168,458019.000,2364
$MAG,53349.176,0.150,-0.574,-0.828,29.5
$IMU,53349.225,-79.223,170.776,90.393,-0.57666,0.70361,0.30419,31.00
$BARO,53349.263,89727.12,30.99
$MAG,53349.277,0.148,-0.634,-0.729,29.6
$IMU,53349.300,-55.236,128.967,98.876,-0.42773,0.78369,0.44873,30.98
$BARO,53349.365,89715.40,30.99
$IMU,53349.375,-27.404,79.040,61.584,-0.47363,0.71679,0.51806,31.00
$MAG,53349.378,0.139,-0.669,-0.702,29.5
$IMU,53349.450,2.136,11.413,27.221,-0.12304,0.83593,0.47558,31.00
$BARO,53349.466,89725.52,30.99
$MAG,53349.479,0.124,-0.693,-0.685,29.5
$IMU,53349.525,6.347,-2.014,19.042,0.06250,0.80517,0.54736,30.99
$BARO,53349.568,89723.66,31.00
$MAG,53349.580,0.120,-0.694,-0.691,29.6
$IMU,53349.601,-11.047,9.338,15.197,-0.00292,0.78564,0.56445,31.01
$VBAT,53349.656,3.916
$BARO,53349.669,89709.09,31.00
$IMU,53349.676,-7.385,3.784,8.666,-0.02587,0.96289,0.60205,30.98
$MAG,53349.680,0.112,-0.697,-0.690,29.6
$IMU,53349.751,-4.333,2.929,-12.512,-0.18310,0.95703,0.59912,31.00
$BARO,53349.771,89718.37,31.00
$MAG,53349.781,0.126,-0.690,-0.684,29.6
$IMU,53349.826,7.080,1.037,-11.901,-0.17675,0.84765,0.48193,30.95
$BARO,53349.872,89717.59,31.00
$MAG,53349.882,0.127,-0.691,-0.685,29.5
$IMU,53349.901,12.329,-6.164,-0.549,-0.14208,0.85156,0.49169,31.03
$HUM,53349.928,24.8,31.4
$BARO,53349.973,89717.16,31.00
$IMU,53349.976,9.277,-7.751,1.342,-0.14941,0.82861,0.58300,31.01
$MAG,53349.983,0.120,-0.691,-0.691,29.5
$IMU,53350.051,1.281,-13.427,-1.403,-0.05859,0.73486,0.62402,31.00
$BARO,53350.075,89724.20,31.01
$MAG,53350.084,0.120,-0.696,-0.705,29.6
$IMU,53350.126,3.479,-12.756,4.150,-0.06152,0.95068,0.78125,31.01
$TIME,53350.168,458021.000,2364
$BARO,53350.176,89710.04,31.01
$MAG,53350.184,0.115,-0.691,-0.709,29.5
$IMU,53350.201,-6.408,-15.075,2.136,0.03857,0.79296,0.76367,30.97
$IMU,53350.276,-5.065,-11.657,0.000,0.09765,0.64501,0.71337,31.01
$BARO,53350.278,89724.54,31.02
$MAG,53350.285,0.118,-0.696,-0.718,29.6
$IMU,53350.351,6.225,-1.586,3.295,0.05371,0.61914,0.60302,31.00
$BARO,53350.379,89730.03,31.02
$MAG,53350.386,0.114,-0.700,-0.715,29.5
$IMU,53350.426,11.047,1.159,2.502,0.05322,0.85888,0.55419,31.00
$BARO,53350.481,89727.34,31.02
$MAG,53350.487,0.115,-0.706,-0.699,29.5
$IMU,53350.501,1.892,11.047,5.187,0.09765,1.04882,0.62548,31.05
$IMU,53350.577,-8.361,19.348,9.216,0.02343,0.98339,0.61767,31.01
$BARO,53350.582,89713.40,31.03
$MAG,53350.588,0.106,-0.714,-0.691,29.5
$IMU,53350.652,-8.544,20.263,4.882,-0.03271,0.63964,0.44238,31.04
$VBAT,53350.665,3.916
$BARO,53350.683,89731.61,31.02
$MAG,53350.689,0.114,-0.715,-0.681,29.6
$IMU,53350.727,3.295,22.460,-4.028,-0.15917,0.90673,0.49804,31.02
$BARO,53350.785,89725.71,31.03
$MAG,53350.789,0.120,-0.699,-0.669,29.6
$IMU,53350.802,-6.408,23.254,-11.230,-0.23242,0.94824,0.57275,31.01
$IMU,53350.877,-11.535,16.723,-16.601,-0.29345,0.67285,0.46533,31.05
$BARO,53350.886,89714.57,31.03
$MAG,53350.890,0.135,-0.684,-0.660,29.8
$HUM,53350.944,24.9,31.5
$IMU,53350.952,9.216,8.239,-17.517,-0.33691,0.77734,0.43066,31.00
$BARO,53350.988,89712.52,31.04
$MAG,53350.991,0.150,-0.675,-0.649,29.5
$IMU,53351.027,7.202,9.704,-15.869,-0.42041,0.89013,0.52880,31.01
$BARO,53351.089,89712.50,31.04
$MAG,53351.092,0.153,-0.669,-0.649,29.7
$IMU,53351.102,-4.760,5.065,-9.094,-0.44189,0.77929,0.52490,31.00
$TIME,53351.168,458021.000,2364
$IMU,53351.177,4.272,-0.183,0.122,-0.40820,0.76074,0.46923,31.04
$BARO,53351.191,89717.96,31.04
$MAG,53351.193,0.151,-0.670,-0.634,29.6
$IMU,53351.252,7.263,3.906,7.629,-0.38134,0.88769,0.52197,31.05
$BARO,53351.292,89718.35,31.04
$MAG,53351.293,0.147,-0.678,-0.630,29.6
$IMU,53351.327,-10.009,7.507,9.033,-0.43261,0.75244,0.56054,31.02
$BARO,53351.394,89711.26,31.05
$MAG,53351.394,0.141,-0.690,-0.634,29.6
$IMU,53351.402,-1.220,2.746,11.108,-0.38574,0.77392,0.49414,31.08
$IMU,53351.477,5.432,3.723,14.709,-0.29589,0.85351,0.47314,31.08
$BARO,53351.495,89715.50,31.05
$MAG,53351.495,0.124,-0.705,-0.624,29.5
$IMU,53351.552,-8.300,20.324,18.554,-0.25634,0.82373,0.49316,30.98
$MAG,53351.596,0.096,-0.726,-0.580,29.5
$BARO,53351.597,89715.47,31.05
$IMU,53351.628,-6.347,57.250,40.771,0.00927,0.80810,0.37646,31.07
$VBAT,53351.674,3.922
$MAG,53351.697,0.048,-0.768,-0.502,29.5
$BARO,53351.698,89722.69,31.06
$IMU,53351.703,3.356,111.877,59.753,-0.26464,1.05566,0.35449,31.05
$IMU,53351.778,-16.601,87.341,36.437,-0.32226,1.04492,0.59765,31.07
$MAG,53351.798,0.007,-0.786,-0.493,29.6
$BARO,53351.799,89723.35,31.05
$IMU,53351.853,-30.822,37.170,18.188,-0.21435,0.83203,0.62646,31.07
$MAG,53351.898,-0.012,-0.796,-0.495,29.5
$BARO,53351.901,89710.18,31.06
$IMU,53351.928,-18.554,19.653,6.530,-0.05175,0.72119,0.65234,31.07
$HUM,53351.960,24.8,31.5
$MAG,53351.999,-0.021,-0.790,-0.471,29.6
$BARO,53352.002,89723.69,31.06
$IMU,53352.003,-1.464,26.306,18.676,-0.07226,0.71191,0.55664,31.09
$IMU,53352.078,3.906,15.197,8.300,0.01904,0.90478,0.57861,31.07
$MAG,53352.100,-0.036,-0.804,-0.471,29.6
$BARO,53352.104,89717.62,31.06
$IMU,53352.153,-14.038,10.070,-6.469,-0.07080,0.83740,0.65332,31.03
$TIME,53352.168,458022.000,2364
$MAG,53352.201,-0.016,-0.792,-0.477,29.6
$BARO,53352.205,89717.16,31.07
$IMU,53352.228,-5.126,3.051,-17.089,-0.16455,0.80566,0.60791,31.03
$MAG,53352.302,-0.003,-0.787,-0.478,29.6
$IMU,53352.303,9.704,-14.526,-13.977,-0.18798,0.80175,0.55859,31.07
$BARO,53352.307,89715.57,31.07
$IMU,53352.378,13.183,-33.386,-21.667,-0.13281,0.85644,0.56250,31.05
$MAG,53352.403,0.033,-0.774,-0.486,29.6
$BARO,53352.408,89712.30,31.07
$IMU,53352.453,7.812,-40.466,-37.597,-0.25585,0.80468,0.54980,31.06
$MAG,53352.503,0.090,-0.736,-0.541,29.5
$BARO,53352.510,89711.48,31.07
$IMU,53352.528,-5.432,-56.457,-56.274,-0.37353,0.90429,0.58105,31.10
$MAG,53352.604,0.162,-0.651,-0.685,29.6
$IMU,53352.604,-40.466,-107.299,-93.444,-0.26806,1.04003,0.42578,31.07
$BARO,53352.611,89719.15,31.07
$IMU,53352.679,-99.670,-161.132,-148.620,0.01318,0.63818,0.38574,31.08
$VBAT,53352.684,3.905
$MAG,53352.705,0.157,-0.472,-0.871,29.5
$BARO,53352.713,89711.87,31.07
$IMU,53352.754,-114.074,-152.770,-162.475,0.21923,0.31494,0.84472,31.06
$MAG,53352.806,0.088,-0.307,-0.942,29.6
$BARO,53352.814,89711.67,31.08
$IMU,53352.829,-95.642,-92.407,-138.549,0.08691,-0.05078,1.02587,31.09
$IMU,53352.904,-64.819,-46.508,-106.201,-0.00781,-0.08154,1.10937,31.04
$MAG,53352.907,0.040,-0.202,-0.951,29.6
$BARO,53352.915,89728.00,31.09
$HUM,53352.977,24.0,31.5
$IMU,53352.979,-50.048,-22.460,-75.561,-0.02050,-0.21386,1.06005,31.04
$MAG,53353.008,-0.003,-0.141,-0.949,29.6
$BARO,53353.017,89721.30,31.09
$IMU,53353.054,-36.315,-6.652,-61.462,-0.05078,-0.23974,1.04296,31.08
$MAG,53353.109,-0.046,-0.085,-0.933,29.7
$BARO,53353.118,89713.77,31.09
$IMU,53353.129,-29.479,-1.831,-59.387,-0.03808,-0.28759,1.03417,31.08
$TIME,53353.168,458024.000,2364
$IMU,53353.204,-18.188,-0.427,-61.767,-0.02099,-0.29394,1.03710,31.09
$MAG,53353.210,-0.090,-0.058,-0.924,29.5
$BARO,53353.220,89720.18,31.11
$IMU,53353.279,-8.117,3.356,-66.528,-0.07421,-0.27734,1.01806,31.10
$MAG,53353.310,-0.130,-0.033,-0.918,29.6
$BARO,53353.321,89716.42,31.13
$IMU,53353.354,-2.014,6.958,-66.162,-0.12939,-0.30664,1.03027,31.07
$MAG,53353.411,-0.178,-0.022,-0.918,29.7
$BARO,53353.423,89715.30,31.14
$IMU,53353.429,9.521,6.774,-60.424,-0.14404,-0.30175,1.00878,31.07
$IMU,53353.504,21.423,3.784,-56.518,-0.15673,-0.21972,1.00781,31.08
$MAG,53353.512,-0.210,-0.031,-0.940,29.7
$BARO,53353.524,89711.65,31.15
$IMU,53353.580,29.968,-1.403,-55.786,-0.10400,-0.13720,1.03125,31.10
$MAG,53353.613,-0.253,-0.048,-0.966,29.6
$BARO,53353.625,89715.99,31.17
$IMU,53353.655,34.606,-3.356,-52.062,-0.03906,-0.06884,1.04541,31.13
$VBAT,53353.693,3.911
$MAG,53353.714,-0.292,-0.070,-0.996,29.5
$BARO,53353.727,89708.28,31.17
$IMU,53353.730,38.574,-3.784,-41.564,-0.03125,0.10986,1.04638,31.14
$IMU,53353.805,30.822,-7.324,-16.540,0.10546,0.06494,0.98974,31.06
$MAG,53353.815,-0.295,-0.093,-1.011,29.6
$BARO,53353.828,89717.16,31.17
$IMU,53353.880,36.743,-3.845,1.586,0.13671,0.22851,0.96777,31.06
$MAG,53353.915,-0.295,-0.112,-1.026,29.7
$BARO,53353.930,89720.93,31.18
$IMU,53353.955,27.465,-4.577,4.821,0.20166,0.18798,1.00830,31.11
$HUM,53353.993,23.8,31.6
$MAG,53354.016,-0.291,-0.148,-1.044,29.6
$IMU,53354.030,36.682,-2.441,4.028,0.19042,0.22509,0.95849,31.10
$BARO,53354.031,89712.89,31.18
$IMU,53354.105,49.926,-5.859,-2.929,0.15039,0.32373,0.93212,31.12
$MAG,53354.117,-0.301,-0.195,-1.069,29.6
$BARO,53354.133,89722.20,31.18
$TIME,53354.168,458024.000,2364
$IMU,53354.180,57.312,-12.451,-11.962,0.19042,0.40087,0.89697,31.16
$MAG,53354.218,-0.322,-0.247,-1.081,29.7
$BARO,53354.234,89718.74,31.17
$IMU,53354.255,65.734,-15.563,-16.845,0.19335,0.47314,0.83447,31.10
$MAG,53354.319,-0.352,-0.319,-1.092,29.6
$IMU,53354.330,74.035,-19.226,-25.634,0.21044,0.59960,0.75732,31.14
$BARO,53354.335,89719.98,31.17
$IMU,53354.405,69.885,-18.127,-24.475,0.22314,0.62548,0.71289,31.05
$MAG,53354.420,-0.367,-0.400,-1.092,29.7
$BARO,53354.437,89718.98,31.17
$IMU,53354.480,76.538,-14.404,-23.925,0.21923,0.60937,0.63427,31.12
$MAG,53354.521,-0.385,-0.487,-1.075,29.6
$BARO,53354.538,89719.42,31.17
$IMU,53354.555,100.219,-14.038,-30.883,0.09423,0.77148,0.48242,31.14
$MAG,53354.621,-0.396,-0.598,-1.024,29.6
$IMU,53354.631,113.952,-25.085,-43.029,0.00732,0.99316,0.26757,31.13
$BARO,53354.640,89714.55,31.17
$VBAT,53354.702,3.913
$IMU,53354.706,92.590,-35.217,-41.320,0.03369,1.04003,0.17675,31.15
$MAG,53354.722,-0.408,-0.672,-0.975,30.0
$BARO,53354.741,89720.67,31.16
$IMU,53354.781,66.284,-30.456,-26.062,-0.03320,1.06591,0.15185,31.16
$MAG,53354.823,-0.423,-0.717,-0.939,29.8
$BARO,53354.843,89715.60,31.16
$IMU,53354.856,53.894,-27.709,-24.536,0.01318,0.99560,0.06347,31.14
$MAG,53354.924,-0.414,-0.750,-0.891,29.7
$IMU,53354.931,48.278,-13.183,-23.986,-0.08789,1.08203,0.01611,31.13
$BARO,53354.944,89717.62,31.16
$IMU,53355.006,31.921,-7.934,-15.136,-0.12255,1.03808,-0.02197,31.15
$HUM,53355.009,24.9,31.6
$MAG,53355.025,-0.408,-0.769,-0.873,29.7
$BARO,53355.045,89715.81,31.16
$IMU,53355.081,26.000,-10.131,-19.287,-0.12548,0.96630,-0.09814,31.18
$MAG,53355.126,-0.387,-0.792,-0.858,29.6
$BARO,53355.147,89724.71,31.16
$IMU,53355.156,28.137,-5.615,-22.277,-0.07958,1.02441,-0.10449,31.17
$TIME,53355.168,458026.000,2364
$MAG,53355.227,-0.378,-0.810,-0.841,29.7
$IMU,53355.231,19.165,9.704,-14.648,-0.14697,0.98779,-0.13281,31.14
$BARO,53355.248,89715.81,31.16
$IMU,53355.306,18.249,19.409,-11.779,-0.11083,0.96630,-0.18066,31.14
$MAG,53355.327,-0.349,-0.811,-0.835,29.7
$BARO,53355.350,89726.32,31.16
$IMU,53355.381,13.610,35.034,-8.911,-0.22021,1.06103,-0.23730,31.13
$MAG,53355.428,-0.330,-0.819,-0.837,29.6
$BARO,53355.451,89720.03,31.17
$IMU,53355.456,-1.525,28.076,-6.286,-0.24072,0.95947,-0.24755,31.13
$MAG,53355.529,-0.315,-0.813,-0.838,29.5
$IMU,53355.531,-5.310,18.432,-3.173,-0.21435,1.00878,-0.22753,31.15
$BARO,53355.553,89722.83,31.17
$IMU,53355.607,-11.352,15.502,2.929,-0.17871,0.97949,-0.20019,31.13
$MAG,53355.630,-0.318,-0.802,-0.867,29.8
$BARO,53355.654,89718.40,31.17
$IMU,53355.682,-14.770,15.869,6.286,-0.14990,0.99169,-0.18017,31.11
$VBAT,53355.711,3.918
$MAG,53355.731,-0.309,-0.802,-0.871,30.0
$BARO,53355.756,89712.69,31.17
$IMU,53355.757,-15.319,17.761,6.286,-0.13867,0.98974,-0.15966,31.17
$MAG,53355.832,-0.300,-0.790,-0.895,29.6
$IMU,53355.832,-16.723,20.385,8.605,-0.12988,1.02783,-0.14453,31.15
$BARO,53355.857,89717.76,31.17
$IMU,53355.907,-27.038,21.118,10.070,-0.08740,1.05078,-0.09912,31.17
$MAG,53355.933,-0.291,-0.766,-0.913,29.8
$BARO,53355.959,89722.62,31.17
$IMU,53355.982,-35.217,26.184,14.770,-0.06103,1.02441,-0.04736,31.16
$HUM,53356.026,25.1,31.6
$MAG,53356.033,-0.285,-0.736,-0.949,29.6
$IMU,53356.057,-41.748,30.578,19.226,-0.06542,1.03222,-0.02197,31.13
$BARO,53356.060,89710.82,31.18
$IMU,53356.132,-48.156,25.573,18.127,-0.07812,1.02392,0.07177,31.17
$MAG,53356.134,-0.279,-0.693,-0.991,29.8
$BARO,53356.161,89723.61,31.18
$TIME,53356.168,458027.000,2364
$IMU,53356.207,-56.945,21.240,16.845,0.00830,0.96923,0.07812,31.18
$MAG,53356.235,-0.271,-0.657,-1.009,29.6
$BARO,53356.263,89725.15,31.19
$IMU,53356.282,-46.569,28.259,20.324,-0.02197,0.99072,0.15429,31.16
$MAG,53356.336,-0.267,-0.624,-1.035,30.0
$IMU,53356.357,-41.198,24.597,18.310,-0.02343,0.73339,0.15673,31.13
$BARO,53356.364,89723.54,31.19
$IMU,53356.432,-13.122,19.287,13.427,0.02148,0.99316,0.21728,31.16
$MAG,53356.437,-0.250,-0.625,-1.045,30.0
$BARO,53356.466,89715.23,31.19
$IMU,53356.507,-18.737,14.892,13.366,0.02783,1.13330,0.27539,31.20
$MAG,53356.538,-0.243,-0.594,-1.045,29.6
$BARO,53356.567,89722.08,31.19
$IMU,53356.583,-55.480,6.225,4.821,0.00927,1.22802,0.32031,31.20
$MAG,53356.638,-0.243,-0.474,-1.096,29.7
$IMU,53356.658,-112.426,-2.441,6.774,0.08642,1.01757,0.30566,31.20
$BARO,53356.669,89724.30,31.20
$VBAT,53356.711,3.910
$IMU,53356.733,-151.123,-0.671,15.258,0.09619,0.61328,0.38427,31.17
$MAG,53356.739,-0.247,-0.340,-1.098,30.0
$BARO,53356.770,89719.84,31.20
$IMU,53356.808,-148.559,2.197,7.141,0.09326,0.36230,0.65673,31.21
$MAG,53356.840,-0.244,-0.210,-1.069,30.0
$BARO,53356.871,89721.06,31.20
$IMU,53356.883,-131.042,0.427,-0.976,0.07617,0.21630,0.94726,31.16
$MAG,53356.941,-0.247,-0.111,-1.020,29.7
$IMU,53356.958,-106.140,-4.089,-2.624,0.10156,0.09130,1.01220,31.19
$BARO,53356.973,89713.69,31.21
$IMU,53357.033,-84.045,-8.789,-4.150,0.13378,-0.06054,1.08544,31.19
$HUM,53357.042,24.0,31.6
$MAG,53357.042,-0.259,-0.058,-0.978,29.7
$BARO,53357.074,89721.30,31.22
$IMU,53357.108,-57.006,-10.864,-12.573,0.16650,-0.12402,1.09814,31.19
$MAG,53357.143,-0.277,-0.034,-0.955,30.0
$TIME,53357.168,458027.000,2364
$BARO,53357.176,89723.03,31.24
$IMU,53357.183,-34.057,-7.568,-15.625,0.16650,-0.07617,1.05419,31.18
$MAG,53357.244,-0.292,-0.018,-0.936,29.7
$IMU,53357.258,-25.695,-4.699,-14.465,0.12255,-0.10498,1.02294,31.16
$BARO,53357.277,89718.93,31.25
$IMU,53357.333,-22.827,-7.568,-14.404,0.18945,-0.11669,0.98144,31.21
$MAG,53357.344,-0.312,-0.006,-0.907,30.0
$BARO,53357.379,89719.52,31.25
$IMU,53357.408,-24.658,-5.249,-8.789,0.23291,-0.19091,0.98583,31.18
$MAG,53357.445,-0.309,0.010,-0.906,30.0
$BARO,53357.480,89715.45,31.25
$IMU,53357.483,-20.019,0.244,-11.535,0.16503,-0.23437,0.99804,31.24
$MAG,53357.546,-0.325,0.012,-0.885,30.0
$IMU,53357.558,-16.479,-5.920,-16.967,0.19433,-0.29833,1.02783,31.19
$BARO,53357.581,89717.50,31.25
$IMU,53357.634,-2.197,-10.314,-20.690,0.17578,-0.33935,1.04003,31.22
$MAG,53357.647,-0.361,0.010,-0.885,29.6
$BARO,53357.683,89714.86,31.25
$IMU,53357.709,14.160,-16.845,-24.902,0.25146,-0.21582,0.97607,31.23
$VBAT,53357.712,3.921
$MAG,53357.748,-0.390,-0.015,-0.904,29.7
$BARO,53357.784,89724.13,31.26
$IMU,53357.784,19.042,-17.150,-29.479,0.26123,-0.12597,0.95898,31.24
$MAG,53357.849,-0.438,-0.025,-0.919,30.0
$IMU,53357.859,20.141,-22.460,-31.860,0.25781,-0.05078,0.93212,31.18
$BARO,53357.886,89713.96,31.26
$IMU,53357.934,20.446,-29.785,-35.766,0.38574,0.04003,0.92675,31.26
$MAG,53357.949,-0.478,-0.049,-0.913,29.8
$BARO,53357.987,89718.76,31.27
$IMU,53358.009,13.061,-28.625,-28.503,0.51123,0.05468,0.90576,31.21
$MAG,53358.050,-0.495,-0.064,-0.907,30.0
$HUM,53358.059,23.6,31.7
$IMU,53358.084,7.934,-15.502,-17.883,0.55810,0.04101,0.88720,31.22
$BARO,53358.089,89717.52,31.28
$MAG,53358.151,-0.508,-0.066,-0.915,30.0
$IMU,53358.159,8.300,0.244,-15.136,0.45019,0.10351,0.87890,31.25
$TIME,53358.168,458029.000,2364
$BARO,53358.190,89714.23,31.29
$IMU,53358.234,1.159,7.263,-11.352,0.41406,0.12695,0.92089,31.21
$MAG,53358.252,-0.507,-0.076,-0.918,29.8
$BARO,53358.291,89720.49,31.29
$IMU,53358.309,-3.356,11.047,-5.310,0.36376,0.09082,0.93359,31.20
$MAG,53358.353,-0.507,-0.075,-0.912,30.0
$IMU,53358.384,-3.784,9.704,-2.136,0.29492,0.05761,0.90917,31.24
$BARO,53358.393,89711.96,31.29
$MAG,53358.454,-0.501,-0.066,-0.910,29.6
$IMU,53358.459,-5.310,3.723,-2.380,0.32324,0.05664,0.95849,31.24
$BARO,53358.494,89719.84,31.30
$IMU,53358.534,-7.080,3.662,1.647,0.30761,-0.00048,0.96533,31.22
$MAG,53358.555,-0.495,-0.061,-0.919,30.0
$BARO,53358.596,89726.86,31.31
$IMU,53358.610,-3.723,5.310,3.356,0.27441,0.00878,0.96875,31.24
$MAG,53358.655,-0.490,-0.075,-0.915,30.0
$IMU,53358.685,-2.441,2.807,2.563,0.26171,0.00781,0.97021,31.21
$BARO,53358.697,89718.72,31.31
$VBAT,53358.712,3.918
$MAG,53358.756,-0.493,-0.063,-0.913,29.6
$IMU,53358.760,-3.662,0.671,4.699,0.28906,-0.01269,0.97216,31.23
$BARO,53358.799,89720.30,31.32
$IMU,53358.835,-4.638,2.807,10.925,0.35351,-0.05810,1.00048,31.24
$MAG,53358.857,-0.469,-0.054,-0.924,30.0
$BARO,53358.900,89715.67,31.32
$IMU,53358.910,2.136,12.878,15.625,0.27636,-0.03662,0.95849,31.23
$MAG,53358.958,-0.451,-0.046,-0.924,30.0
$IMU,53358.985,1.647,14.709,23.254,0.27197,0.00000,0.98876,31.26
$BARO,53359.002,89721.27,31.33
$MAG,53359.059,-0.412,-0.040,-0.925,29.6
$IMU,53359.060,0.000,14.648,25.634,0.29150,-0.03808,0.98925,31.23
$HUM,53359.075,11.7,31.7
$BARO,53359.103,89715.21,31.33
$IMU,53359.135,2.929,15.991,26.123,0.25146,-0.00927,0.97753,31.26
$MAG,53359.159,-0.390,-0.037,-0.943,30.0
$TIME,53359.168,458030.000,2364
$BARO,53359.204,89721.01,31.34
$IMU,53359.210,1.220,15.197,19.958,0.22509,-0.05712,0.98681,31.27
$MAG,53359.260,-0.369,-0.027,-0.940,29.7
$IMU,53359.285,-2.075,16.235,14.709,0.13476,-0.11865,1.01464,31.26
$BARO,53359.306,89722.40,31.34
$IMU,53359.360,1.464,9.155,11.840,0.14501,-0.12646,1.00732,31.26
$MAG,53359.361,-0.358,-0.031,-0.931,30.0
$BARO,53359.407,89711.45,31.35
$IMU,53359.435,6.164,3.845,13.061,0.17871,-0.08642,1.00097,31.25
$MAG,53359.462,-0.336,-0.031,-0.954,29.8
$BARO,53359.509,89719.52,31.35
$IMU,53359.510,9.033,3.967,11.413,0.14257,-0.02636,0.98095,31.28
$MAG,53359.563,-0.343,-0.042,-0.952,30.0
$IMU,53359.586,5.004,-0.427,8.300,0.16894,0.00000,0.99755,31.31
$BARO,53359.610,89720.49,31.35
$IMU,53359.661,1.892,-1.892,4.455,0.19824,0.01318,0.98828,31.28
$MAG,53359.664,-0.330,-0.033,-0.958,30.0
$BARO,53359.712,89727.39,31.36
$VBAT,53359.713,3.903
$IMU,53359.736,0.793,-2.807,-1.281,0.18212,0.02392,0.95947,31.27
$MAG,53359.764,-0.343,-0.037,-0.954,30.0
$IMU,53359.811,-6.225,-7.629,-13.183,0.16308,0.03759,0.96435,31.28
$BARO,53359.813,89720.10,31.36
$MAG,53359.865,-0.376,-0.031,-0.936,30.0
$IMU,53359.886,-13.732,-16.235,-21.728,0.21142,-0.06591,0.97851,31.27
$BARO,53359.915,89719.86,31.36
$IMU,53359.961,-9.155,-17.089,-19.592,0.28759,-0.04736,1.01025,31.30
$MAG,53359.966,-0.397,-0.036,-0.930,30.0
$BARO,53360.016,89719.25,31.36
$IMU,53360.036,-7.385,-6.042,-12.634,0.27783,-0.03515,0.99804,31.22
$MAG,53360.067,-0.397,-0.027,-0.922,30.0
$HUM,53360.091,13.8,31.8
$IMU,53360.111,-7.995,1.281,-10.437,0.26562,-0.08056,1.00244,31.25
$BARO,53360.117,89725.10,31.36
$MAG,53360.168,-0.396,-0.028,-0.930,30.0
$TIME,53360.168,458030.000,2364
$IMU,53360.186,-3.540,6.164,-9.216,0.21826,-0.06005,0.99316,31.26
$BARO,53360.219,89712.35,31.36
$IMU,53360.261,-3.417,7.202,-12.023,0.23730,-0.04003,0.98193,31.24
$MAG,53360.269,-0.400,-0.030,-0.927,30.0
$BARO,53360.320,89718.98,31.37
$IMU,53360.336,-4.394,11.474,-1.647,0.18115,-0.04052,0.99267,31.30
$MAG,53360.370,-0.387,-0.030,-0.924,30.0
$IMU,53360.411,-4.272,12.145,-0.122,0.18505,-0.05224,0.98046,31.30
$BARO,53360.422,89721.08,31.36
$MAG,53360.470,-0.393,-0.028,-0.922,30.0
$IMU,53360.486,-6.896,11.352,-2.929,0.11376,-0.09814,0.99218,31.30
$BARO,53360.523,89723.08,31.36
$IMU,53360.561,-6.652,7.324,-3.906,0.10351,-0.08056,0.99853,31.28
$MAG,53360.571,-0.397,-0.019,-0.916,30.0
$BARO,53360.625,89710.72,31.36
$IMU,53360.637,-7.629,6.408,7.080,0.14990,-0.11865,1.00390,31.27
$MAG,53360.672,-0.381,-0.012,-0.922,30.0
$IMU,53360.712,-6.164,11.230,13.061,0.13867,-0.10986,1.00927,31.31
$VBAT,53360.713,3.913
$BARO,53360.726,89707.09,31.36
$MAG,53360.773,-0.355,-0.009,-0.921,30.0
$IMU,53360.787,-5.065,13.977,11.901,0.02294,-0.11132,0.99218,31.28
$BARO,53360.828,89724.69,31.36
$IMU,53360.862,-4.089,8.544,4.394,0.02832,-0.08105,1.00830,31.33
$MAG,53360.874,-0.339,-0.007,-0.907,30.0
$BARO,53360.929,89727.93,31.36
$IMU,53360.937,-9.033,6.164,0.854,0.00292,-0.14892,0.99658,31.32
$MAG,53360.975,-0.357,-0.004,-0.912,30.0
$IMU,53361.012,-5.798,2.868,-2.319,-0.01464,-0.15478,0.99023,31.30
$BARO,53361.031,89722.23,31.37
$MAG,53361.075,-0.349,0.000,-0.898,30.0
$IMU,53361.087,-6.347,-2.014,-5.554,0.00097,-0.19677,1.03710,31.33
$HUM,53361.108,24.3,31.8
$BARO,53361.132,89717.37,31.37
$IMU,53361.162,-4.333,-5.004,-13.854,-0.00488,-0.19726,1.03613,31.27
$TIME,53361.168,458031.000,2364
$MAG,53361.176,-0.381,-0.007,-0.904,30.0
$BARO,53361.233,89717.79,31.37
$IMU,53361.237,2.197,-10.009,-11.840,0.03271,-0.17529,0.97998,31.35
$MAG,53361.277,-0.387,-0.006,-0.900,30.0
$IMU,53361.312,4.089,-13.122,-7.019,0.05664,-0.10009,0.95019,31.35
$BARO,53361.335,89725.30,31.36
$MAG,53361.378,-0.400,-0.013,-0.900,29.8
$IMU,53361.387,0.061,-19.348,-8.666,0.10888,-0.05517,0.92919,31.30
$BARO,53361.436,89716.40,31.36
$IMU,53361.462,-8.666,-22.644,-10.375,0.13769,-0.09863,0.90966,31.31
$MAG,53361.479,-0.426,0.004,-0.882,30.0
$IMU,53361.537,-14.099,-24.108,-1.220,0.32617,-0.12548,0.92871,31.30
$BARO,53361.538,89720.81,31.37
$MAG,53361.580,-0.415,0.006,-0.864,30.0
$IMU,53361.613,-20.202,-14.953,12.145,0.37792,-0.25830,0.96923,31.30
$BARO,53361.639,89721.23,31.37
$MAG,53361.681,-0.412,0.018,-0.850,30.0
$IMU,53361.688,-16.662,-2.075,13.305,0.41259,-0.33544,0.97900,31.33
$VBAT,53361.714,3.918
$BARO,53361.741,89719.20,31.37
$IMU,53361.763,-7.690,7.202,9.582,0.30615,-0.32275,0.96875,31.34
$MAG,53361.782,-0.393,0.022,-0.847,30.0
$IMU,53361.838,-5.737,3.540,6.347,0.36279,-0.32373,0.98876,31.37
$BARO,53361.842,89721.79,31.38
$MAG,53361.882,-0.387,0.027,-0.852,30.1
$IMU,53361.913,1.770,7.629,3.234,0.28710,-0.28076,0.97363,31.34
$BARO,53361.943,89712.69,31.37
$MAG,53361.983,-0.391,0.016,-0.853,30.0
$IMU,53361.988,8.789,6.713,-4.333,0.27832,-0.24365,0.90625,31.30
$BARO,53362.045,89711.67,31.37
$IMU,53362.063,4.699,4.943,-3.417,0.25048,-0.21630,0.94873,31.34
$MAG,53362.084,-0.397,0.019,-0.858,30.0
$HUM,53362.124,24.6,31.7
$IMU,53362.138,0.915,2.868,-7.629,0.23583,-0.25439,0.94287,31.31
$BARO,53362.146,89721.42,31.37
$TIME,53362.168,458033.000,2364
$MAG,53362.185,-0.399,0.018,-0.864,30.0
$IMU,53362.213,5.432,3.356,-8.422,0.26220,-0.18505,0.96923,31.35
$BARO,53362.248,89716.74,31.38
$MAG,53362.286,-0.409,0.016,-0.864,30.0
$IMU,53362.288,2.441,5.859,-2.746,0.24121,-0.14843,0.93066,31.35
$BARO,53362.349,89716.94,31.37
$IMU,53362.363,-4.333,2.990,-3.295,0.19677,-0.21191,0.94921,31.38
$MAG,53362.387,-0.408,0.010,-0.862,30.0
$IMU,53362.438,-4.333,-9.643,-16.601,0.21923,-0.19238,0.96337,31.35
$BARO,53362.451,89729.68,31.38
$MAG,53362.488,-0.430,0.013,-0.856,30.0
$IMU,53362.513,-6.652,-16.540,-19.409,0.33740,-0.25000,0.96191,31.35
$BARO,53362.552,89712.65,31.38
$MAG,53362.588,-0.441,0.007,-0.859,30.0
$IMU,53362.589,-3.356,-3.112,-7.751,0.35644,-0.22949,0.97705,31.33
$BARO,53362.654,89718.93,31.38
$IMU,53362.664,-1.525,9.338,2.136,0.31005,-0.20751,0.98046,31.33
$MAG,53362.689,-0.429,0.016,-0.855,30.0
$VBAT,53362.714,3.903
$IMU,53362.739,0.610,12.145,0.244,0.27441,-0.25976,0.97119,31.33
$BARO,53362.755,89720.91,31.38
$MAG,53362.790,-0.432,0.006,-0.859,30.0
$IMU,53362.814,6.042,13.061,-1.281,0.27734,-0.24218,0.98486,31.38
$BARO,53362.856,89718.84,31.39
$IMU,53362.889,7.934,18.127,8.178,0.21191,-0.22705,0.98388,31.40
$MAG,53362.891,-0.403,0.003,-0.882,30.0
$BARO,53362.958,89717.01,31.39
$IMU,53362.964,13.244,21.545,3.845,0.14355,-0.20507,0.95996,31.37
$MAG,53362.992,-0.402,-0.007,-0.895,30.0
$IMU,53363.039,12.329,20.324,-1.770,0.03271,-0.13720,0.95507,31.37
$BARO,53363.059,89729.37,31.39
$MAG,53363.093,-0.388,-0.004,-0.907,30.0
$IMU,53363.114,6.835,15.563,-0.976,-0.03955,-0.06933,0.97363,31.39
$HUM,53363.141,24.3,31.8
$BARO,53363.161,89722.08,31.40
$IMU,53363.189,0.732,16.296,6.347,-0.03906,-0.02441,0.86621,31.33
$MAG,53363.194,-0.366,-0.004,-0.904,30.0
$BARO,53363.262,89716.18,31.40
$IMU,53363.264,-22.033,29.541,27.770,-0.14208,-0.08056,0.88281,31.37
$MAG,53363.294,-0.319,0.021,-0.883,30.0
$IMU,53363.339,-44.067,36.376,35.827,-0.08642,-0.27734,0.98144,31.41
$BARO,53363.364,89712.50,31.41
$MAG,53363.395,-0.261,0.043,-0.844,30.0
$IMU,53363.414,-42.297,43.884,38.818,-0.22070,-0.42480,0.99169,31.34
$BARO,53363.465,89720.20,31.41
$IMU,53363.489,-25.268,34.362,28.076,-0.35253,-0.45507,0.97753,31.38
$MAG,53363.496,-0.222,0.051,-0.834,30.0
$IMU,53363.565,-7.934,11.169,12.939,-0.35302,-0.41796,0.90771,31.41
$BARO,53363.567,89727.05,31.41
$MAG,53363.597,-0.222,0.046,-0.829,30.0
$IMU,53363.640,1.892,-5.432,-1.953,-0.34960,-0.37060,0.89941,31.42
$BARO,53363.668,89719.79,31.40
$MAG,53363.698,-0.247,0.045,-0.838,30.0
$IMU,53363.715,7.263,-21.301,-19.287,-0.33642,-0.37890,0.93115,31.39
$VBAT,53363.715,3.913
$BARO,53363.769,89719.79,31.41
$IMU,53363.790,9.765,-33.569,-33.569,-0.18115,-0.41162,0.96875,31.37
$MAG,53363.799,-0.295,0.039,-0.849,30.1
$IMU,53363.865,18.371,-28.686,-20.629,-0.01660,-0.27050,0.88378,31.43
$BARO,53363.871,89724.00,31.41
$MAG,53363.899,-0.315,0.027,-0.865,30.0
$IMU,53363.940,19.470,-17.028,-18.005,-0.15625,-0.12060,0.90820,31.41
$BARO,53363.972,89728.66,31.41
$MAG,53364.000,-0.358,0.036,-0.841,30.1
$IMU,53364.015,-16.601,-24.597,-34.545,0.01123,-0.51757,0.98828,31.40
$BARO,53364.074,89725.61,31.42
$IMU,53364.090,5.371,-19.165,-17.272,0.10400,-0.23291,1.02929,31.42
$MAG,53364.101,-0.378,0.033,-0.859,30.0
$HUM,53364.157,24.8,31.8
$IMU,53364.165,10.986,-5.126,-6.347,0.05712,-0.28955,0.93750,31.39
$TIME,53364.168,458034.000,2364
$BARO,53364.175,89732.90,31.41
$MAG,53364.202,-0.382,0.019,-0.861,30.0
$IMU,53364.240,7.568,-4.333,-18.920,0.01025,-0.27197,0.94628,31.44
$BARO,53364.277,89721.52,31.42
$MAG,53364.303,-0.403,0.018,-0.859,30.0
$IMU,53364.315,3.356,-9.216,-20.385,0.09326,-0.31933,0.99707,31.41
$BARO,53364.378,89724.32,31.43
$IMU,53364.390,9.521,-4.455,-7.568,0.13574,-0.28955,0.99511,31.40
$MAG,53364.404,-0.412,0.010,-0.874,30.0
$IMU,53364.465,13.793,0.549,-2.197,0.10937,-0.22949,1.00439,31.41
$BARO,53364.479,89724.49,31.43
$MAG,53364.504,-0.414,0.001,-0.888,30.0
$IMU,53364.540,16.113,-1.159,-5.004,0.10253,-0.19384,0.98095,31.41
$BARO,53364.581,89731.34,31.43
$MAG,53364.605,-0.426,-0.012,-0.891,30.0
$IMU,53364.616,17.211,-2.868,-7.446,0.08496,-0.13964,0.95361,31.41
$BARO,53364.682,89717.18,31.44
$IMU,53364.691,13.366,-8.789,-12.695,0.04541,-0.09228,0.93896,31.44
$MAG,53364.706,-0.451,-0.016,-0.895,30.0
$VBAT,53364.715,3.919
$IMU,53364.766,6.896,-20.874,-15.441,0.14257,-0.09375,0.94531,31.44
$BARO,53364.784,89717.74,31.44
$MAG,53364.807,-0.462,-0.028,-0.886,30.0
$IMU,53364.841,0.366,-20.568,-11.657,0.22949,-0.10546,0.94970,31.41
$BARO,53364.885,89722.18,31.44
$MAG,53364.908,-0.486,-0.027,-0.879,30.0
$IMU,53364.916,-2.502,-13.427,-9.948,0.18603,-0.09472,0.95166,31.44
$BARO,53364.987,89726.83,31.45
$IMU,53364.991,-6.164,-14.709,-8.239,0.23974,-0.09667,0.96289,31.40
$MAG,53365.009,-0.490,-0.033,-0.870,30.1
$IMU,53365.066,-9.582,-13.427,-4.211,0.26074,-0.13818,0.95214,31.48
$BARO,53365.088,89723.59,31.45
$MAG,53365.110,-0.489,-0.018,-0.861,30.1
$IMU,53365.141,-12.756,-11.535,-4.394,0.26611,-0.16015,0.97021,31.47
$TIME,53365.168,458035.000,2364
$HUM,53365.173,25.1,31.9
$BARO,53365.190,89723.32,31.45
$MAG,53365.210,-0.516,-0.016,-0.843,30.0
$IMU,53365.216,-11.291,-11.352,-6.408,0.29736,-0.19628,0.93750,31.46
$BARO,53365.291,89719.67,31.46
$IMU,53365.291,-11.535,-12.451,-7.507,0.31591,-0.21337,0.94189,31.42
$MAG,53365.311,-0.526,-0.016,-0.829,30.0
$IMU,53365.366,-13.732,-12.023,-6.591,0.37890,-0.23779,0.96875,31.45
$BARO,53365.392,89724.76,31.46
$MAG,53365.412,-0.535,-0.012,-0.817,30.0
$IMU,53365.441,-7.995,-8.361,-4.089,0.39257,-0.29003,0.95312,31.37
$BARO,53365.494,89720.06,31.46
$MAG,53365.513,-0.522,-0.015,-0.817,30.1
$IMU,53365.516,1.892,-7.202,-2.014,0.45117,-0.26171,0.93505,31.46
$IMU,53365.592,9.704,-1.953,10.009,0.47070,-0.11083,0.97998,31.46
$BARO,53365.595,89721.81,31.47
$MAG,53365.614,-0.522,-0.012,-0.826,30.1
$IMU,53365.667,16.845,7.202,12.634,0.50830,-0.17236,0.93408,31.42
$BARO,53365.697,89725.10,31.47
$MAG,53365.715,-0.517,-0.022,-0.850,30.0
$VBAT,53365.715,3.916
$IMU,53365.742,8.056,15.258,-9.643,0.44091,-0.21484,0.96337,31.52
$BARO,53365.798,89719.59,31.47
$MAG,53365.816,-0.535,-0.043,-0.856,30.1
$IMU,53365.817,3.417,18.249,-34.790,0.37939,-0.23779,0.95019,31.47
$IMU,53365.892,2.319,27.038,-40.283,0.31591,-0.20800,0.98486,31.43
$BARO,53365.900,89724.81,31.48
$MAG,53365.916,-0.549,-0.073,-0.879,30.0
$IMU,53365.967,8.972,29.541,-23.864,0.32666,-0.15039,1.01367,31.42
$BARO,53366.001,89719.79,31.47
$MAG,53366.017,-0.526,-0.069,-0.901,30.1
$IMU,53366.042,18.066,35.278,-7.446,0.30664,-0.09375,0.97558,31.47
$BARO,53366.103,89717.33,31.48
$IMU,53366.117,25.146,40.100,-4.577,0.26757,0.02880,0.98486,31.45
$MAG,53366.118,-0.511,-0.090,-0.937,30.0
$TIME,53366.168,458036.000,2364
$HUM,53366.190,24.5,31.9
$IMU,53366.192,24.658,50.537,-10.986,0.11669,0.03076,0.89257,31.47
$BARO,53366.204,89721.35,31.48
$MAG,53366.219,-0.478,-0.115,-0.975,30.1
$IMU,53366.267,26.977,55.419,-20.812,-0.04150,0.07812,0.88037,31.47
$BARO,53366.305,89721.52,31.49
$MAG,53366.320,-0.459,-0.147,-1.008,30.1
$IMU,53366.342,20.874,50.842,-28.747,-0.42724,0.06640,0.90185,31.50
$BARO,53366.407,89718.23,31.50
$IMU,53366.417,11.291,17.517,-21.545,-0.44726,0.06250,0.89648,31.47
$MAG,53366.421,-0.448,-0.154,-1.008,30.1
$IMU,53366.492,-7.141,-6.225,7.629,-0.36083,0.11230,0.96826,31.50
$BARO,53366.508,89727.12,31.50
$MAG,53366.521,-0.460,-0.139,-1.002,30.1
$IMU,53366.568,-24.353,-13.488,18.432,-0.26660,0.06054,0.86132,31.48
$BARO,53366.610,89716.38,31.50
$MAG,53366.622,-0.459,-0.091,-0.964,30.2
$IMU,53366.643,-48.278,-20.996,24.047,-0.19042,0.04541,0.82421,31.46
$BARO,53366.711,89714.74,31.50
$VBAT,53366.716,3.919
$IMU,53366.718,-66.650,-25.634,16.784,-0.21484,-0.10351,0.87939,31.51
$MAG,53366.723,-0.472,-0.037,-0.903,30.0
$IMU,53366.793,-71.166,-32.470,12.145,0.02246,-0.25976,0.91650,31.48
$BARO,53366.813,89719.18,31.51
$MAG,53366.824,-0.475,-0.004,-0.853,30.1
$IMU,53366.868,-59.570,-19.165,12.451,0.06835,-0.30957,0.99169,31.50
$BARO,53366.914,89731.29,31.51
$MAG,53366.925,-0.486,-0.003,-0.819,30.0
$IMU,53366.943,-31.250,-11.596,-14.404,0.01904,-0.48779,0.75488,31.46
$BARO,53367.016,89722.20,31.50
$IMU,53367.018,-16.967,-15.747,-30.456,0.14013,-0.34423,0.90185,31.50
$MAG,53367.026,-0.517,-0.009,-0.792,30.1
$IMU,53367.093,-43.945,-15.991,-25.207,0.03417,-0.48339,0.96826,31.51
$BARO,53367.117,89726.20,31.52
$MAG,53367.127,-0.531,0.015,-0.744,30.0
$TIME,53367.168,458039.000,2364
$IMU,53367.168,-48.034,-22.888,15.930,0.26806,-0.74072,0.72607,31.53
$HUM,53367.206,25.6,32.0
$BARO,53367.219,89725.42,31.51
$MAG,53367.227,-0.463,0.045,-0.724,30.1
$IMU,53367.243,-34.606,-0.183,61.706,0.13427,-0.47216,0.95898,31.46
$IMU,53367.318,-52.795,6.713,33.325,0.05957,-0.85253,0.80224,31.48
$BARO,53367.320,89720.15,31.51
$MAG,53367.328,-0.459,0.051,-0.688,30.2
$IMU,53367.393,-11.169,3.356,-7.141,-0.04589,-0.57470,0.71679,31.48
$BARO,53367.422,89717.89,31.52
$MAG,53367.429,-0.484,0.046,-0.670,30.1
$IMU,53367.468,-18.188,-10.070,-24.597,0.02539,-0.64062,0.66845,31.50
$BARO,53367.523,89723.74,31.52
$MAG,53367.530,-0.486,0.055,-0.642,30.1
$IMU,53367.544,-22.460,-16.113,-9.826,0.16406,-0.69384,0.67822,31.54
$IMU,53367.619,-31.250,-7.873,12.207,0.16943,-0.86816,0.73876,31.53
$BARO,53367.624,89724.32,31.53
$MAG,53367.631,-0.489,0.054,-0.622,30.1
$IMU,53367.694,-21.118,2.014,5.737,0.11035,-0.87646,0.70654,31.52
$VBAT,53367.716,3.906
$BARO,53367.726,89725.54,31.53
$MAG,53367.732,-0.478,0.048,-0.606,30.0
$IMU,53367.769,-12.451,-2.136,2.990,0.12353,-0.81445,0.71777,31.53
$BARO,53367.827,89726.54,31.53
$MAG,53367.833,-0.478,0.046,-0.600,30.1
$IMU,53367.844,-13.305,-3.051,1.342,0.11474,-0.93945,0.80078,31.52
$IMU,53367.919,10.681,1.770,0.000,0.08251,-0.76953,0.71582,31.53
$BARO,53367.929,89725.91,31.53
$MAG,53367.934,-0.478,0.061,-0.621,30.1
$IMU,53367.994,8.850,0.732,-0.244,0.04882,-0.79345,0.74218,31.51
$BARO,53368.030,89722.69,31.53
$MAG,53368.034,-0.478,0.052,-0.621,30.1
$IMU,53368.069,8.300,-6.835,-6.408,0.11767,-0.83154,0.64160,31.54
$BARO,53368.132,89724.27,31.53
$MAG,53368.135,-0.486,0.066,-0.640,30.1
$IMU,53368.144,21.606,-4.516,0.427,0.11474,-0.68212,0.59326,31.53
$IMU,53368.219,12.939,-2.441,9.826,0.10449,-0.65966,0.66308,31.58
$HUM,53368.223,25.8,31.9
$BARO,53368.233,89718.57,31.54
$MAG,53368.236,-0.472,0.058,-0.643,30.2
$IMU,53368.294,6.286,-4.638,10.375,0.12304,-0.65087,0.63232,31.53
$BARO,53368.335,89722.81,31.54
$MAG,53368.337,-0.457,0.058,-0.645,30.1
$IMU,53368.369,8.300,-4.821,14.282,0.08349,-0.64599,0.68603,31.53
$BARO,53368.436,89715.72,31.54
$MAG,53368.438,-0.447,0.064,-0.640,30.2
$IMU,53368.444,-6.103,-6.225,13.916,0.06152,-0.81494,0.69921,31.52
$IMU,53368.520,1.159,-5.920,16.845,0.06347,-0.71142,0.75537,31.51
$BARO,53368.537,89733.68,31.55
$MAG,53368.539,-0.420,0.070,-0.649,30.1
$IMU,53368.595,2.868,-0.915,17.211,0.02880,-0.74755,0.72802,31.51
$BARO,53368.639,89716.86,31.55
$MAG,53368.640,-0.421,0.072,-0.646,30.2
$IMU,53368.670,5.126,0.061,6.103,-0.01757,-0.67822,0.72851,31.58
$VBAT,53368.716,3.905
$BARO,53368.740,89724.15,31.55
$MAG,53368.740,-0.421,0.075,-0.645,30.1
$IMU,53368.745,2.807,-3.784,-2.746,-0.04248,-0.69091,0.73095,31.57
$IMU,53368.820,6.225,-6.225,-12.634,-0.09033,-0.73339,0.67626,31.55
$MAG,53368.841,-0.436,0.067,-0.661,30.1
$BARO,53368.842,89723.54,31.55
$IMU,53368.895,12.390,-10.131,-21.606,-0.12500,-0.71582,0.69042,31.58
$MAG,53368.942,-0.457,0.054,-0.658,30.2
$BARO,53368.943,89725.76,31.56
$IMU,53368.970,9.033,-17.761,-20.080,-0.09326,-0.71289,0.73437,31.58
$MAG,53369.043,-0.463,0.060,-0.661,30.2
$BARO,53369.045,89723.08,31.56
$IMU,53369.045,11.230,-27.038,-10.864,0.00000,-0.72949,0.79687,31.60
$IMU,53369.120,9.704,-35.095,11.291,0.24609,-0.79833,0.76367,31.55
$MAG,53369.144,-0.450,0.069,-0.669,30.1
$BARO,53369.146,89721.47,31.56
$TIME,53369.168,458039.000,2364
$IMU,53369.195,21.911,-32.714,23.010,0.32470,-0.52880,0.81347,31.57
$HUM,53369.239,25.8,32.0
$MAG,53369.245,-0.432,0.070,-0.675,30.0
$BARO,53369.248,89724.10,31.56
$IMU,53369.270,18.188,-27.343,19.775,0.43310,-0.60009,0.69189,31.56
$IMU,53369.345,22.460,-21.484,26.062,0.39062,-0.49658,0.71679,31.57
$MAG,53369.346,-0.411,0.069,-0.682,30.1
$BARO,53369.349,89726.69,31.57
$IMU,53369.420,8.544,-18.737,8.605,0.35400,-0.43750,0.82568,31.54
$MAG,53369.446,-0.408,0.070,-0.679,30.1
$BARO,53369.450,89717.52,31.58
$IMU,53369.495,-1.586,-15.197,5.004,0.34423,-0.64453,0.80273,31.60
$MAG,53369.547,-0.390,0.072,-0.682,30.1
$BARO,53369.552,89729.49,31.58
$IMU,53369.571,7.629,-12.939,11.840,0.30273,-0.58300,0.80371,31.55
$IMU,53369.646,6.713,-18.798,6.164,0.34179,-0.56787,0.79833,31.57
$MAG,53369.648,-0.388,0.076,-0.691,30.0
$BARO,53369.653,89709.16,31.59
$VBAT,53369.717,3.910
$IMU,53369.721,10.620,-16.418,11.413,0.37890,-0.56054,0.75292,31.58
$MAG,53369.749,-0.378,0.073,-0.706,30.2
$BARO,53369.755,89713.84,31.58
$IMU,53369.796,13.061,-7.934,15.136,0.39941,-0.43994,0.79492,31.60
$MAG,53369.850,-0.378,0.076,-0.709,30.2
$BARO,53369.856,89723.30,31.59
$IMU,53369.871,6.652,0.366,6.591,0.26464,-0.52685,0.77880,31.60
$IMU,53369.946,2.868,-5.065,2.563,0.26611,-0.52587,0.83300,31.59
$MAG,53369.951,-0.366,0.082,-0.711,30.1
$BARO,53369.958,89730.00,31.59
$IMU,53370.021,2.441,-6.225,8.911,0.37695,-0.58105,0.85400,31.58
$MAG,53370.052,-0.361,0.085,-0.714,30.1
$BARO,53370.059,89723.88,31.60
$IMU,53370.096,12.268,1.403,7.629,0.34521,-0.52832,0.80761,31.61
$MAG,53370.153,-0.357,0.084,-0.732,30.2
$BARO,53370.161,89730.56,31.60
$TIME,53370.168,458041.000,2364
$IMU,53370.171,10.925,3.906,-0.183,0.29931,-0.46435,0.83398,31.59
$IMU,53370.246,3.234,4.638,-8.483,0.22802,-0.51660,0.83984,31.59
$MAG,53370.254,-0.358,0.078,-0.729,30.1
$HUM,53370.256,25.2,32.0
$BARO,53370.262,89726.08,31.61
$IMU,53370.321,8.422,1.770,-8.300,0.18847,-0.50976,0.80468,31.60
$MAG,53370.354,-0.370,0.078,-0.747,30.2
$BARO,53370.363,89723.44,31.60
$IMU,53370.396,6.591,-3.051,-4.516,0.25537,-0.47070,0.78857,31.62
$MAG,53370.455,-0.364,0.076,-0.747,30.2
$BARO,53370.465,89725.44,31.61
$IMU,53370.471,0.244,-1.831,8.666,0.31738,-0.47070,0.82080,31.63
$IMU,53370.547,-2.746,2.563,7.019,0.30175,-0.52539,0.84667,31.62
$MAG,53370.556,-0.360,0.072,-0.733,30.0
$BARO,53370.566,89727.83,31.61
$IMU,53370.622,6.347,1.403,-0.549,0.20996,-0.42480,0.77978,31.60
$MAG,53370.657,-0.345,0.069,-0.744,30.2
$BARO,53370.668,89718.52,31.61
$IMU,53370.697,0.427,-5.676,8.544,0.30419,-0.48486,0.77392,31.63
$VBAT,53370.718,3.916
$MAG,53370.758,-0.342,0.076,-0.744,30.2
$BARO,53370.769,89720.93,31.62
$IMU,53370.772,-3.662,-0.122,12.451,0.32421,-0.45996,0.82128,31.60
$IMU,53370.847,-8.422,4.028,5.065,0.26220,-0.56054,0.80419,31.62
$MAG,53370.859,-0.339,0.078,-0.732,30.2
$BARO,53370.871,89727.54,31.63
$IMU,53370.922,-8.483,2.136,2.380,0.24609,-0.54003,0.84814,31.64
$MAG,53370.960,-0.334,0.079,-0.730,30.2
$BARO,53370.972,89720.62,31.63
$IMU,53370.997,-6.286,2.502,4.394,0.25976,-0.54101,0.85205,31.59
$MAG,53371.061,-0.336,0.081,-0.727,30.2
$IMU,53371.072,-3.356,6.347,-0.976,0.26025,-0.60937,0.81982,31.60
$BARO,53371.073,89724.64,31.64
$IMU,53371.147,-1.098,9.948,-0.549,0.21728,-0.54736,0.87548,31.64
$MAG,53371.162,-0.322,0.085,-0.730,30.1
$TIME,53371.168,458042.000,2364
$BARO,53371.175,89722.86,31.63
$IMU,53371.222,-0.183,7.141,-3.845,0.26464,-0.56347,0.87451,31.62
$MAG,53371.262,-0.337,0.075,-0.736,30.1
$HUM,53371.272,25.3,32.0
$BARO,53371.276,89726.05,31.64
$IMU,53371.297,10.437,3.417,-13.793,0.28564,-0.55175,0.84375,31.62
$MAG,53371.363,-0.372,0.069,-0.747,30.1
$IMU,53371.372,10.925,-0.732,-38.513,0.28857,-0.52197,0.88281,31.65
$BARO,53371.378,89729.88,31.64
$IMU,53371.447,13.000,-0.793,-41.564,0.30419,-0.48095,0.87646,31.67
$MAG,53371.464,-0.414,0.049,-0.756,30.2
$BARO,53371.479,89727.66,31.64
$IMU,53371.523,16.845,4.028,-42.968,0.30566,-0.41113,0.84179,31.65
$MAG,53371.565,-0.456,0.040,-0.768,30.1
$BARO,53371.580,89723.35,31.65
$IMU,53371.598,11.169,8.361,-38.574,0.28320,-0.38623,0.83593,31.69
$MAG,53371.666,-0.477,0.027,-0.768,30.2
$IMU,53371.673,0.793,12.207,-25.878,0.30712,-0.40576,0.84912,31.64
$BARO,53371.682,89714.23,31.65
$VBAT,53371.718,3.922
$IMU,53371.748,-1.953,18.981,-15.136,0.22753,-0.36425,0.88476,31.67
$MAG,53371.767,-0.474,0.031,-0.783,30.2
$BARO,53371.783,89724.13,31.66
$IMU,53371.823,-8.422,16.174,-11.657,0.25439,-0.42822,0.98876,31.64
$MAG,53371.868,-0.481,0.027,-0.775,30.2
$BARO,53371.885,89726.59,31.66
$IMU,53371.898,-7.690,13.427,-15.319,0.15771,-0.47851,1.06054,31.69
$MAG,53371.969,-0.495,0.019,-0.778,30.3
$IMU,53371.973,5.065,6.713,-13.244,0.16894,-0.46289,1.02148,31.62
$BARO,53371.986,89719.86,31.66
$IMU,53372.048,18.493,3.356,0.244,0.24023,-0.33447,0.93701,31.68
$MAG,53372.070,-0.486,0.016,-0.801,30.3
$BARO,53372.088,89720.45,31.66
$IMU,53372.123,20.202,4.211,12.695,0.32568,-0.23339,0.85742,31.70
$MAG,53372.170,-0.469,0.016,-0.819,30.2
$BARO,53372.189,89725.27,31.67
$IMU,53372.198,19.714,6.652,17.700,0.42041,-0.11132,0.72656,31.67
$MAG,53372.271,-0.442,0.030,-0.832,30.3
$IMU,53372.273,11.657,13.427,25.207,0.47851,0.00683,0.67968,31.67
$HUM,53372.288,25.1,32.1
$BARO,53372.291,89718.37,31.67
$IMU,53372.348,-2.807,21.789,22.460,0.55712,-0.11621,0.60693,31.69
$MAG,53372.372,-0.409,0.031,-0.834,30.3
$BARO,53372.392,89718.11,31.68
$IMU,53372.423,-15.014,33.386,8.239,0.46240,-0.14941,0.69384,31.67
$MAG,53372.473,-0.405,0.034,-0.819,30.3
$BARO,53372.493,89720.35,31.68
$IMU,53372.499,-35.644,41.015,-18.859,0.20166,-0.39453,0.81445,31.71
$MAG,53372.574,-0.423,0.045,-0.796,30.1
$IMU,53372.574,-43.884,42.053,-33.447,0.01904,-0.60644,0.81250,31.75
$BARO,53372.595,89722.74,31.68
$IMU,53372.649,-40.832,41.809,-33.203,-0.19628,-0.56494,0.90771,31.69
$MAG,53372.675,-0.442,0.043,-0.774,30.3
$BARO,53372.696,89725.61,31.68
$VBAT,53372.719,3.926
$IMU,53372.724,-35.705,28.808,-25.390,-0.25439,-0.67431,0.85449,31.70
$MAG,53372.776,-0.462,0.048,-0.736,30.3
$BARO,53372.798,89729.64,31.68
$IMU,53372.799,-36.926,17.333,-18.371,-0.23144,-0.78955,0.87744,31.71
$IMU,53372.874,-34.606,14.526,-16.052,-0.28222,-0.87597,0.85791,31.71
$MAG,53372.877,-0.469,0.052,-0.718,30.3
$BARO,53372.899,89730.83,31.69
$IMU,53372.949,-17.333,12.695,-10.131,-0.20947,-0.72314,0.79492,31.67
$MAG,53372.978,-0.468,0.049,-0.709,30.3
$BARO,53373.001,89721.66,31.69
$IMU,53373.024,-18.920,13.061,0.793,-0.21435,-0.71435,0.80322,31.71
$MAG,53373.078,-0.463,0.063,-0.699,30.1
$IMU,53373.099,-14.770,10.253,2.014,-0.17578,-0.76855,0.75488,31.69
$BARO,53373.102,89725.76,31.69
$TIME,53373.168,458044.000,2364
$IMU,53373.174,-1.220,8.422,10.681,-0.12011,-0.67041,0.72265,31.72
$MAG,53373.179,-0.454,0.058,-0.708,30.2
$BARO,53373.203,89729.78,31.69
$IMU,53373.249,-5.432,6.896,5.310,-0.13476,-0.72314,0.73681,31.73
$MAG,53373.280,-0.457,0.069,-0.700,30.2
$BARO,53373.305,89725.13,31.70
$HUM,53373.305,26.2,32.1
$IMU,53373.324,-1.342,7.629,1.647,-0.13232,-0.70605,0.71533,31.73
$MAG,53373.381,-0.456,0.051,-0.709,30.2
$IMU,53373.399,0.915,10.314,-3.723,-0.23144,-0.72021,0.69970,31.70
$BARO,53373.406,89727.51,31.70
$IMU,53373.475,7.202,0.549,-8.666,-0.18066,-0.61718,0.65527,31.75
$MAG,53373.482,-0.463,0.057,-0.717,30.2
$BARO,53373.508,89718.33,31.71
$IMU,53373.550,-2.319,-3.601,-5.859,-0.14355,-0.67919,0.72363,31.78
$MAG,53373.583,-0.465,0.057,-0.703,30.1
$BARO,53373.609,89729.68,31.71
$IMU,53373.625,-10.192,-2.624,5.310,-0.13623,-0.81152,0.75341,31.73
$MAG,53373.684,-0.459,0.055,-0.702,30.3
$IMU,53373.700,3.417,-3.540,1.464,-0.18994,-0.66845,0.72216,31.73
$BARO,53373.711,89729.27,31.71
$VBAT,53373.719,3.911
$IMU,53373.775,-1.464,-9.460,-6.713,-0.18359,-0.70507,0.72314,31.71
$MAG,53373.785,-0.462,0.052,-0.702,30.2
$BARO,53373.812,89725.39,31.71
$IMU,53373.850,-0.244,-11.962,3.784,-0.10107,-0.72558,0.71093,31.76
$MAG,53373.886,-0.451,0.055,-0.708,30.3
$BARO,53373.913,89714.99,31.72
$IMU,53373.925,9.094,-10.742,17.028,-0.03222,-0.51953,0.70751,31.74
$MAG,53373.987,-0.441,0.057,-0.699,30.2
$IMU,53374.000,-6.347,-9.155,15.197,-0.00341,-0.69580,0.74560,31.77
$BARO,53374.015,89719.08,31.72
$IMU,53374.075,-4.150,-8.422,-10.986,-0.09863,-0.71826,0.76269,31.73
$MAG,53374.087,-0.456,0.064,-0.694,30.2
$BARO,53374.116,89725.93,31.73
$IMU,53374.150,-0.366,-8.972,-12.878,-0.08886,-0.76367,0.73437,31.76
$TIME,53374.168,458045.000,2364
$MAG,53374.188,-0.459,0.063,-0.688,30.2
$BARO,53374.218,89727.90,31.73
$IMU,53374.225,3.112,-5.493,2.990,-0.07275,-0.63232,0.71484,31.75
$MAG,53374.289,-0.456,0.060,-0.685,30.3
$IMU,53374.300,-4.516,-9.948,-2.929,-0.08984,-0.67968,0.73095,31.71
$BARO,53374.319,89721.45,31.73
$HUM,53374.321,26.1,32.1
$IMU,53374.375,-5.065,-11.535,-0.183,-0.01513,-0.70654,0.77587,31.73
$MAG,53374.390,-0.460,0.057,-0.676,30.3
$BARO,53374.421,89730.95,31.74
$IMU,53374.451,3.051,-9.033,5.859,-0.04736,-0.64306,0.70654,31.76
$MAG,53374.491,-0.445,0.061,-0.681,30.3
$BARO,53374.522,89726.08,31.73
$IMU,53374.526,-0.366,-12.268,7.446,0.04589,-0.67480,0.69580,31.78
$MAG,53374.592,-0.444,0.061,-0.673,30.2
$IMU,53374.601,3.112,-6.408,8.422,0.02294,-0.62646,0.66455,31.77
$BARO,53374.624,89720.37,31.74
$IMU,53374.676,3.234,-7.202,1.037,-0.03906,-0.57275,0.64697,31.77
$MAG,53374.693,-0.450,0.069,-0.672,30.1
$VBAT,53374.719,3.914
$BARO,53374.725,89729.07,31.74
$IMU,53374.751,-1.464,-10.437,-7.019,-0.02197,-0.58935,0.63427,31.77
$MAG,53374.794,-0.448,0.067,-0.672,30.3
$BARO,53374.826,89731.05,31.75
$IMU,53374.826,-4.028,-8.056,0.915,0.01123,-0.62255,0.63281,31.76
$MAG,53374.895,-0.445,0.061,-0.666,30.2
$IMU,53374.901,-8.056,-1.647,10.375,0.00146,-0.53515,0.63183,31.75
$BARO,53374.928,89725.78,31.75
$IMU,53374.976,-19.104,1.525,9.826,0.00097,-0.67187,0.66015,31.80
$MAG,53374.996,-0.430,0.070,-0.640,30.3
$BARO,53375.029,89732.66,31.75
$IMU,53375.051,-30.822,-3.112,7.751,-0.02441,-0.70361,0.78173,31.82
$MAG,53375.096,-0.438,0.063,-0.618,30.2
$IMU,53375.126,-24.536,-2.685,-5.249,0.00000,-0.86865,0.56689,31.80
$BARO,53375.131,89730.22,31.76
$TIME,53375.168,458045.000,2364
$MAG,53375.197,-0.436,0.064,-0.619,30.3
$IMU,53375.201,-6.042,11.169,-2.563,-0.06347,-0.78173,0.47705,31.75
$BARO,53375.232,89728.15,31.76
$IMU,53375.276,-16.967,18.493,-1.281,-0.06640,-0.76855,0.60058,31.82
$MAG,53375.298,-0.430,0.064,-0.594,30.3
$BARO,53375.334,89737.05,31.77
$HUM,53375.338,26.1,32.1
$IMU,53375.351,-33.813,14.099,6.042,-0.06884,-0.84814,0.69238,31.77
$MAG,53375.399,-0.438,0.054,-0.573,30.2
$IMU,53375.427,-34.729,2.136,1.525,-0.02539,-1.02099,0.60253,31.81
$BARO,53375.435,89735.22,31.77
$MAG,53375.500,-0.444,0.058,-0.544,30.2
$IMU,53375.502,-20.874,0.427,-3.967,-0.02685,-1.00585,0.61425,31.77
$BARO,53375.537,89725.27,31.77
$IMU,53375.577,-16.357,1.403,-13.183,-0.01416,-0.98144,0.58398,31.78
$MAG,53375.601,-0.468,0.051,-0.534,30.3
$BARO,53375.638,89724.81,31.78
$IMU,53375.652,-10.192,7.568,-10.681,0.00048,-0.94775,0.52050,31.80
$MAG,53375.702,-0.459,0.043,-0.534,30.3
$VBAT,53375.720,3.913
$IMU,53375.727,-5.920,8.300,-4.211,0.00732,-0.93017,0.50927,31.79
$BARO,53375.739,89727.22,31.78
$IMU,53375.802,-2.624,-0.305,-10.864,0.01025,-1.00732,0.47314,31.80
$MAG,53375.803,-0.481,0.036,-0.529,30.3
$BARO,53375.841,89726.78,31.78
$IMU,53375.877,5.615,-1.708,-15.808,-0.01660,-0.89111,0.45751,31.80
$MAG,53375.904,-0.493,0.036,-0.529,30.3
$BARO,53375.942,89729.03,31.78
$IMU,53375.952,-0.732,3.234,-16.601,-0.02783,-0.85888,0.44726,31.80
$MAG,53376.005,-0.498,0.033,-0.535,30.3
$IMU,53376.027,-3.173,4.150,-3.234,-0.00585,-0.91015,0.44042,31.83
$BARO,53376.044,89736.48,31.79
$IMU,53376.102,-2.807,-4.943,2.563,0.02880,-0.87744,0.50390,31.80
$MAG,53376.105,-0.489,0.033,-0.528,30.2
$BARO,53376.145,89734.63,31.79
$TIME,53376.168,458048.000,2364
$IMU,53376.177,1.708,3.845,-8.850,-0.05029,-0.87158,0.43212,31.86
$MAG,53376.206,-0.483,0.039,-0.549,30.3
$BARO,53376.246,89732.00,31.80
$IMU,53376.252,9.704,7.507,4.943,0.00634,-0.86181,0.40576,31.85
$MAG,53376.307,-0.483,0.043,-0.556,30.3
$IMU,53376.327,6.713,2.685,17.456,0.02685,-0.88330,0.51953,31.84
$BARO,53376.348,89732.80,31.80
$HUM,53376.354,26.1,32.2
$IMU,53376.402,9.216,4.089,17.700,0.04199,-1.07666,0.57910,31.84
$MAG,53376.408,-0.466,0.051,-0.568,30.3
$BARO,53376.449,89734.36,31.80
$IMU,53376.478,11.657,3.479,16.052,-0.06640,-1.07666,0.86132,31.84
$MAG,53376.509,-0.465,0.060,-0.562,30.3
$BARO,53376.551,89727.30,31.80
$IMU,53376.553,4.638,-15.380,5.004,-0.11376,-1.33496,0.87646,31.84
$MAG,53376.610,-0.438,0.057,-0.583,30.3
$IMU,53376.628,38.452,-33.508,9.460,-0.10693,-1.13281,0.76611,31.80
$BARO,53376.652,89732.95,31.81
$IMU,53376.703,53.649,-42.968,12.878,-0.09277,-0.98388,0.69091,31.84
$MAG,53376.711,-0.423,0.073,-0.634,30.2
$VBAT,53376.720,3.893
$BARO,53376.754,89732.07,31.82
$IMU,53376.778,58.166,-39.855,22.399,-0.06884,-0.88867,0.63916,31.83
$MAG,53376.812,-0.393,0.073,-0.681,30.3
$IMU,53376.853,64.270,-34.790,28.564,-0.10205,-0.79296,0.59375,31.82
$BARO,53376.855,89724.18,31.82
$MAG,53376.913,-0.354,0.072,-0.736,30.3
$IMU,53376.928,65.734,-35.461,34.912,-0.12158,-0.56884,0.58544,31.84
$BARO,53376.956,89729.44,31.82
$IMU,53377.003,59.753,-34.606,32.226,-0.16308,-0.41943,0.52783,31.82
$MAG,53377.013,-0.334,0.064,-0.778,30.3
$BARO,53377.058,89719.08,31.82
$IMU,53377.078,51.086,-32.775,42.053,-0.04931,-0.31494,0.58789,31.83
$MAG,53377.114,-0.285,0.066,-0.816,30.3
$IMU,53377.153,33.325,-26.855,68.115,0.04687,-0.32275,0.69189,31.85
$BARO,53377.159,89726.95,31.83
$MAG,53377.215,-0.220,0.052,-0.838,30.3
$IMU,53377.228,20.080,-17.333,70.007,0.09716,-0.30273,0.79101,31.87
$BARO,53377.261,89729.95,31.83
$IMU,53377.303,8.483,-6.835,69.519,0.06494,-0.33349,0.81835,31.90
$MAG,53377.316,-0.160,0.036,-0.843,30.3
$BARO,53377.362,89729.93,31.84
$HUM,53377.370,25.7,32.2
$IMU,53377.378,0.732,-3.601,62.011,0.00000,-0.27050,0.83007,31.87
$MAG,53377.417,-0.115,0.021,-0.832,30.3
$IMU,53377.454,-9.948,-12.756,53.222,0.15673,-0.30517,0.75732,31.85
$BARO,53377.464,89726.00,31.85
$MAG,53377.518,-0.069,0.021,-0.811,30.3
$IMU,53377.529,-23.925,-5.554,49.133,0.12500,-0.32128,0.78857,31.88
$BARO,53377.565,89729.00,31.86
$IMU,53377.604,-29.174,4.882,17.883,-0.01025,-0.39062,0.81982,31.91
$MAG,53377.619,-0.067,0.016,-0.798,30.3
$BARO,53377.666,89737.07,31.86
$IMU,53377.679,-13.061,6.042,10.681,-0.03320,-0.35253,0.75537,31.86
$MAG,53377.720,-0.067,0.025,-0.778,30.3
$VBAT,53377.720,3.918
$IMU,53377.754,-31.677,8.178,1.708,-0.16943,-0.56933,0.87939,31.88
$BARO,53377.768,89725.27,31.87
$MAG,53377.821,-0.058,0.027,-0.742,30.6
$IMU,53377.829,-36.865,7.934,2.502,-0.23388,-0.75146,0.94189,31.89
$BARO,53377.869,89728.12,31.87
$IMU,53377.904,-19.592,7.385,12.573,-0.21142,-0.72412,0.85351,31.88
$MAG,53377.922,-0.046,0.021,-0.736,30.2
$BARO,53377.971,89724.44,31.87
$IMU,53377.979,0.061,5.371,10.803,-0.26757,-0.69091,0.74121,31.91
$MAG,53378.022,-0.039,0.028,-0.738,30.3
$IMU,53378.054,14.221,6.896,-9.033,-0.35791,-0.57226,0.67871,31.92
$BARO,53378.072,89725.27,31.87
$MAG,53378.123,-0.055,0.019,-0.735,30.3
$IMU,53378.129,5.737,6.408,-11.352,-0.34375,-0.55029,0.78710,31.91
$TIME,53378.168,458048.000,2364
$BARO,53378.174,89724.64,31.87
$IMU,53378.204,-11.169,-7.263,-2.929,-0.33984,-0.63671,0.92041,31.89
$MAG,53378.224,-0.063,0.028,-0.736,30.3
$BARO,53378.275,89725.39,31.88
$IMU,53378.279,0.976,-23.925,-5.432,-0.32763,-0.47460,0.91162,31.85
$MAG,53378.325,-0.061,0.033,-0.745,30.3
$IMU,53378.354,-3.845,-32.348,12.634,-0.22900,-0.48193,0.95263,31.92
$BARO,53378.377,89719.93,31.88
$HUM,53378.387,25.8,32.3
$MAG,53378.426,-0.018,0.009,-0.777,30.3
$IMU,53378.430,1.831,-42.846,45.471,-0.06640,-0.76611,0.85253,31.86
$BARO,53378.478,89724.74,31.89
$IMU,53378.505,18.798,-46.630,66.406,0.16748,-0.60449,0.82226,31.90
$MAG,53378.527,0.025,-0.040,-0.807,30.3
$BARO,53378.579,89716.18,31.90
$IMU,53378.580,12.451,-41.503,64.453,0.08398,-0.49316,0.83398,31.91
$MAG,53378.628,0.037,-0.061,-0.834,30.3
$IMU,53378.655,0.671,-47.851,46.081,0.09375,-0.58593,0.87207,31.91
$BARO,53378.681,89817.58,31.92
$VBAT,53378.721,3.921
$MAG,53378.729,0.051,-0.108,-0.867,30.5
$IMU,53378.730,7.812,-51.391,49.743,0.17285,-0.53320,0.87646,31.90
$BARO,53378.782,89756.69,31.94
$IMU,53378.805,8.361,-43.762,55.969,0.24414,-0.56054,0.91210,31.92
$MAG,53378.830,0.066,-0.138,-0.906,30.6
$IMU,53378.880,9.277,-34.423,46.997,0.19726,-0.56494,1.01806,31.97
$BARO,53378.884,89713.45,31.94
$MAG,53378.931,0.072,-0.175,-0.921,30.3
$IMU,53378.955,15.136,-29.479,27.465,0.19921,-0.48193,1.08398,31.92
$BARO,53378.985,89727.17,31.95
$IMU,53379.030,23.315,-26.611,21.301,0.15625,-0.49902,1.11669,31.93
$MAG,53379.031,0.055,-0.196,-0.955,30.3
$BARO,53379.087,89730.59,31.96
$IMU,53379.105,27.160,-23.498,16.845,0.18408,-0.49462,1.07763,31.89
$MAG,53379.132,0.045,-0.232,-0.966,30.5
$TIME,53379.168,458050.000,2364
$IMU,53379.180,35.949,-18.188,13.916,0.19726,-0.39550,0.96533,31.91
$BARO,53379.188,89721.52,31.95
$MAG,53379.233,0.040,-0.262,-0.990,30.3
$IMU,53379.255,36.926,-12.817,14.343,0.16259,-0.26806,0.92138,31.98
$BARO,53379.289,89728.39,31.95
$IMU,53379.330,29.724,-14.953,9.765,0.13134,-0.22949,0.90966,31.95
$MAG,53379.334,0.030,-0.285,-1.003,30.3
$BARO,53379.391,89720.08,31.96
$HUM,53379.403,25.5,32.3
$IMU,53379.406,21.972,-22.644,10.559,0.15185,-0.21337,0.90234,31.93
$MAG,53379.435,0.022,-0.307,-1.020,30.3
$IMU,53379.481,25.268,-24.658,11.352,0.19091,-0.13769,0.87841,31.94
$BARO,53379.492,89730.03,31.95
$MAG,53379.536,-0.009,-0.343,-1.048,30.5
$IMU,53379.556,27.832,-30.273,12.390,0.29882,-0.11474,0.81738,31.96
$BARO,53379.594,89717.50,31.95
$IMU,53379.631,21.240,-30.822,9.582,0.35156,-0.04296,0.87646,31.97
$MAG,53379.637,-0.030,-0.357,-1.069,30.5
$BARO,53379.695,89729.42,31.95
$IMU,53379.706,15.869,-28.625,0.244,0.43945,-0.04199,0.84863,31.97
$VBAT,53379.721,3.916
$MAG,53379.738,-0.049,-0.369,-1.069,30.6
$IMU,53379.781,12.939,-15.441,-5.126,0.44580,-0.07617,0.89990,31.97
$BARO,53379.797,89718.28,31.96
$MAG,53379.839,-0.051,-0.367,-1.065,30.5
$IMU,53379.856,11.535,-3.479,-8.056,0.38330,-0.06201,0.92871,31.96
$BARO,53379.898,89719.69,31.95
$IMU,53379.931,13.061,1.831,-11.413,0.44091,-0.05712,0.93701,31.96
$MAG,53379.939,-0.046,-0.382,-1.072,30.5
$BARO,53380.000,89718.67,31.95
$IMU,53380.006,15.075,13.610,-11.474,0.32128,0.02148,0.93847,31.99
$MAG,53380.040,-0.036,-0.385,-1.068,30.3
$IMU,53380.081,14.160,13.610,-14.648,0.26953,0.02246,0.92431,31.99
$BARO,53380.101,89719.69,31.95
$MAG,53380.141,-0.016,-0.393,-1.057,30.3
$IMU,53380.156,17.211,10.925,-15.502,0.28271,0.07861,0.93798,31.98
$TIME,53380.168,458051.000,2364
$BARO,53380.202,89711.77,31.96
$IMU,53380.231,19.531,11.596,-13.488,0.32812,0.14648,0.89648,32.00
$MAG,53380.242,-0.013,-0.402,-1.053,30.3
$BARO,53380.304,89724.32,31.96
$IMU,53380.306,18.432,9.521,-14.709,0.35253,0.14111,0.83447,32.00
$MAG,53380.343,-0.009,-0.423,-1.041,30.3
$IMU,53380.382,13.000,4.821,-22.216,0.36865,0.13476,0.86865,32.00
$BARO,53380.405,89710.72,31.96
$HUM,53380.420,25.4,32.3
$MAG,53380.444,-0.012,-0.391,-1.050,30.5
$IMU,53380.457,2.807,0.549,-33.264,0.26562,0.19628,0.93310,32.02
$BARO,53380.507,89718.81,31.96
$IMU,53380.532,-5.493,-10.314,-31.555,0.14355,0.17138,0.97216,31.99
$MAG,53380.545,-0.016,-0.378,-1.053,30.5
$IMU,53380.607,4.638,-19.958,-24.780,0.16210,0.34716,0.97802,31.97
$BARO,53380.608,89721.86,31.97
$MAG,53380.646,-0.036,-0.369,-1.060,30.8
$IMU,53380.682,-6.652,-17.456,-12.695,0.16162,0.33544,1.01123,31.96
$BARO,53380.710,89725.13,31.96
$VBAT,53380.721,3.914
$MAG,53380.747,-0.051,-0.351,-1.063,30.3
$IMU,53380.757,-16.174,-9.338,-14.770,0.12109,0.15576,1.03320,32.00
$BARO,53380.811,89716.98,31.97
$IMU,53380.832,-7.629,-6.042,-8.117,0.10058,0.18359,1.00537,32.01
$MAG,53380.847,-0.048,-0.346,-1.063,30.5
$IMU,53380.907,-5.798,-2.868,-2.807,0.16894,0.15820,0.97509,31.99
$BARO,53380.913,89722.81,31.98
$MAG,53380.948,-0.052,-0.343,-1.071,30.3
$IMU,53380.982,-2.197,5.187,8.789,0.21386,0.23144,0.98779,31.99
$BARO,53381.014,89715.50,31.98
$MAG,53381.049,-0.036,-0.355,-1.069,30.6
$IMU,53381.057,2.197,9.033,22.644,0.26269,0.16210,0.86230,32.03
$BARO,53381.115,89707.77,31.98
$IMU,53381.132,4.516,6.408,32.714,0.29833,0.24755,0.82421,31.99
$MAG,53381.150,-0.039,-0.372,-1.060,30.5
$IMU,53381.207,-7.507,4.577,31.555,0.34326,0.22460,0.84375,32.01
$BARO,53381.217,89724.96,31.98
$MAG,53381.251,-0.022,-0.369,-1.057,30.5
$IMU,53381.282,-17.456,9.704,31.372,0.32861,0.18115,0.85205,32.05
$BARO,53381.318,89716.25,31.99
$MAG,53381.352,-0.006,-0.369,-1.050,30.5
$IMU,53381.358,-22.949,9.399,29.785,0.36376,0.06542,0.82812,32.01
$BARO,53381.420,89723.52,31.99
$IMU,53381.433,-22.583,8.361,14.587,0.27343,-0.02197,0.77685,32.05
$HUM,53381.436,25.5,32.4
$MAG,53381.453,-0.009,-0.348,-1.045,30.3
$IMU,53381.508,-29.174,1.647,-3.295,0.31103,-0.00244,0.90380,32.00
$BARO,53381.521,89721.42,32.00
$MAG,53381.554,0.003,-0.315,-1.047,30.5
$IMU,53381.583,-38.146,3.601,-5.249,0.35302,-0.16259,0.91113,31.97
$BARO,53381.623,89722.47,31.99
$MAG,53381.655,0.010,-0.292,-1.030,30.5
$IMU,53381.658,-18.554,17.211,-5.432,0.23193,-0.06054,0.87060,32.03
$VBAT,53381.722,3.918
$BARO,53381.724,89716.13,32.00
$IMU,53381.733,-15.380,8.605,-25.085,0.26171,-0.21142,0.83984,32.02
$MAG,53381.756,-0.003,-0.268,-1.027,30.6
$IMU,53381.808,-10.803,-6.652,-40.283,0.31347,-0.15869,0.88281,32.04
$BARO,53381.825,89714.86,32.01
$MAG,53381.856,-0.036,-0.223,-1.033,30.8
$IMU,53381.883,-22.033,-19.409,-54.321,0.35009,-0.13525,0.92138,32.03
$BARO,53381.927,89716.74,32.01
$MAG,53381.957,-0.072,-0.166,-1.021,30.5
$IMU,53381.958,-47.790,-23.864,-45.715,0.46142,-0.28466,1.04980,32.05
$BARO,53382.028,89719.91,32.01
$IMU,53382.033,-62.438,-2.014,-22.399,0.51562,-0.37939,1.13232,32.03
$MAG,53382.058,-0.057,-0.121,-0.981,30.5
$IMU,53382.108,-55.725,27.099,-13.000,0.36865,-0.53759,1.10498,32.01
$BARO,53382.130,89718.40,32.03
$MAG,53382.159,-0.055,-0.087,-0.957,30.8
$TIME,53382.168,458053.000,2364
$IMU,53382.183,-33.630,33.630,-21.240,0.19921,-0.48095,1.03613,32.01
$BARO,53382.231,89646.27,32.05
$IMU,53382.258,-23.742,26.733,-21.728,0.18945,-0.42968,0.96679,32.00
$MAG,53382.260,-0.055,-0.067,-0.934,30.8
$BARO,53382.333,89691.00,32.06
$IMU,53382.334,-15.075,31.311,-18.737,0.10839,-0.42187,0.87500,32.04
$MAG,53382.361,-0.037,-0.048,-0.910,31.0
$IMU,53382.409,-16.601,38.391,-18.005,0.06738,-0.46533,0.83984,32.07
$BARO,53382.434,89748.14,32.08
$HUM,53382.453,7.7,32.4
$MAG,53382.462,-0.028,-0.042,-0.871,30.5
$IMU,53382.484,-18.798,40.832,-12.207,0.01074,-0.48437,0.83496,32.04
$BARO,53382.535,89730.03,32.08
$IMU,53382.559,-16.540,35.888,2.868,-0.05761,-0.52636,0.84960,32.08
$MAG,53382.563,-0.009,-0.033,-0.849,30.7
$IMU,53382.634,-15.930,19.836,6.835,-0.15332,-0.48974,0.95361,32.05
$BARO,53382.637,89724.52,32.09
$MAG,53382.663,-0.006,-0.033,-0.829,30.5
$IMU,53382.709,-23.193,-4.211,11.413,-0.05957,-0.70068,1.02294,32.02
$VBAT,53382.723,3.916
$BARO,53382.738,89720.03,32.09
$MAG,53382.764,0.004,-0.034,-0.829,30.3
$IMU,53382.784,-10.009,-24.169,20.629,0.03271,-0.70751,1.02539,32.05
$BARO,53382.840,89728.54,32.10
$IMU,53382.859,9.582,-35.522,26.977,0.12255,-0.64306,0.90625,32.03
$MAG,53382.865,0.015,-0.063,-0.862,30.6
$IMU,53382.934,16.967,-34.484,32.287,0.17871,-0.54394,0.87353,32.07
$BARO,53382.941,89753.01,32.10
$MAG,53382.966,0.027,-0.082,-0.888,30.5
$IMU,53383.009,16.906,-31.799,34.606,0.22412,-0.56982,0.94091,32.07
$BARO,53383.043,89669.38,32.12
$MAG,53383.067,0.022,-0.106,-0.915,30.6
$IMU,53383.084,22.460,-27.465,18.188,0.23730,-0.58789,1.03955,32.08
$BARO,53383.144,89681.71,32.13
$IMU,53383.159,34.667,-16.540,3.723,0.29443,-0.54052,1.03906,32.07
$MAG,53383.168,0.022,-0.141,-0.949,30.7
$TIME,53383.168,458054.000,2364
$IMU,53383.234,58.349,-3.784,-2.746,0.04541,-0.41650,0.91650,32.09
$BARO,53383.246,89738.46,32.13
$MAG,53383.269,-0.007,-0.169,-0.988,30.6
$IMU,53383.310,69.213,-27.038,-14.038,0.15039,-0.33496,0.94873,32.07
$BARO,53383.347,89719.25,32.12
$MAG,53383.370,-0.040,-0.222,-1.032,30.8
$IMU,53383.385,77.575,-31.738,-20.080,0.20800,-0.12451,1.01171,32.07
$BARO,53383.448,89734.10,32.12
$IMU,53383.460,75.317,-28.564,-16.052,0.19775,-0.06005,0.91210,32.08
$HUM,53383.469,25.4,32.5
$MAG,53383.471,-0.070,-0.274,-1.066,30.8
$IMU,53383.535,76.660,-30.761,-15.197,0.22753,0.12304,0.88281,32.07
$BARO,53383.550,89727.44,32.11
$MAG,53383.572,-0.094,-0.330,-1.089,30.6
$IMU,53383.610,62.622,-27.465,-13.000,0.33496,0.20214,0.88330,32.09
$BARO,53383.651,89720.98,32.11
$MAG,53383.673,-0.115,-0.370,-1.096,30.7
$IMU,53383.685,50.170,-14.770,-6.042,0.35253,0.24755,0.91796,32.10
$VBAT,53383.723,3.924
$BARO,53383.753,89715.72,32.11
$IMU,53383.760,48.583,-4.333,-3.601,0.39599,0.27587,0.88183,32.11
$MAG,53383.773,-0.108,-0.421,-1.095,30.7
$IMU,53383.835,51.208,0.122,-0.183,0.41162,0.46777,0.85205,32.09
$BARO,53383.854,89724.22,32.11
$MAG,53383.874,-0.117,-0.456,-1.084,30.8
$IMU,53383.910,37.109,-0.488,12.268,0.53613,0.57763,0.75000,32.12
$BARO,53383.956,89720.79,32.10
$MAG,53383.975,-0.090,-0.469,-1.078,30.8
$IMU,53383.985,18.005,14.404,9.765,0.56933,0.48388,0.75292,32.10
$BARO,53384.057,89719.35,32.11
$IMU,53384.060,-2.624,26.184,1.831,0.43261,0.46826,0.69775,32.10
$MAG,53384.076,-0.078,-0.471,-1.075,31.0
$IMU,53384.135,-23.498,22.399,17.761,0.40429,0.40332,0.71777,32.09
$BARO,53384.158,89720.79,32.11
$TIME,53384.168,458054.000,2364
$MAG,53384.177,-0.057,-0.450,-1.059,30.6
$IMU,53384.210,-29.052,17.028,32.409,0.39404,0.40429,0.77490,32.13
$BARO,53384.260,89725.66,32.10
$MAG,53384.278,-0.042,-0.430,-1.071,30.6
$IMU,53384.286,-33.630,15.380,25.817,0.36376,0.25488,0.85693,32.13
$BARO,53384.361,89713.84,32.11
$IMU,53384.361,-21.362,12.207,15.197,0.29687,0.19726,0.86572,32.15
$MAG,53384.379,-0.039,-0.438,-1.069,30.7
$IMU,53384.436,-4.211,7.690,-1.281,0.33105,0.28320,0.81982,32.09
$BARO,53384.463,89714.06,32.11
$MAG,53384.480,-0.030,-0.435,-1.060,30.8
$HUM,53384.485,25.5,32.5
$IMU,53384.511,-5.859,9.460,-8.605,0.32128,0.36865,0.84667,32.13
$BARO,53384.564,89718.30,32.11
$MAG,53384.581,-0.031,-0.402,-1.057,30.6
$IMU,53384.586,-23.376,7.202,-15.441,0.24511,0.22656,0.91601,32.16
$IMU,53384.661,-20.568,5.859,-11.779,0.30126,0.12890,0.92626,32.12
$BARO,53384.666,89727.20,32.12
$MAG,53384.681,-0.007,-0.376,-1.051,30.5
$VBAT,53384.724,3.911
$IMU,53384.736,-6.652,16.906,-3.784,0.29199,0.13037,0.97753,32.17
$BARO,53384.767,89723.13,32.12
$MAG,53384.782,-0.003,-0.369,-1.041,30.6
$IMU,53384.811,-2.685,18.981,-17.211,0.03027,0.26220,0.92822,32.17
$BARO,53384.868,89719.45,32.12
$MAG,53384.883,-0.010,-0.348,-1.050,30.7
$IMU,53384.886,-14.770,-12.207,-25.024,0.19873,0.23535,0.88720,32.11
$IMU,53384.961,-20.263,-8.117,-19.958,0.29199,0.17675,0.97753,32.14
$BARO,53384.970,89725.35,32.12
$MAG,53384.984,-0.021,-0.321,-1.053,30.7
$IMU,53385.036,-18.920,5.676,-13.793,0.22851,0.13476,1.01855,32.12
$BARO,53385.071,89718.23,32.12
$MAG,53385.085,0.007,-0.307,-1.039,31.0
$IMU,53385.111,-12.512,18.554,-4.211,0.27636,0.21337,0.88085,32.12
$TIME,53385.168,458056.000,2364
$BARO,53385.173,89716.77,32.13
$MAG,53385.186,0.037,-0.294,-1.008,31.0
$IMU,53385.186,-19.104,36.682,3.417,0.11376,0.15917,0.84765,32.22
$IMU,53385.262,-25.634,32.531,0.305,0.02099,0.04492,0.91406,32.16
$BARO,53385.274,89712.67,32.14
$MAG,53385.287,0.042,-0.288,-0.993,30.8
$IMU,53385.337,-0.488,24.291,-4.455,0.06445,-0.04296,0.88818,32.17
$BARO,53385.376,89717.91,32.14
$MAG,53385.388,0.073,-0.315,-0.988,31.0
$IMU,53385.412,54.809,27.770,-8.666,-0.15332,0.29833,1.05664,32.17
$BARO,53385.477,89725.59,32.14
$IMU,53385.487,42.297,14.587,-8.056,-0.04345,0.15527,1.01171,32.16
$MAG,53385.489,0.073,-0.343,-0.994,31.0
$HUM,53385.502,25.9,32.5
$IMU,53385.562,72.875,10.192,-22.216,-0.11425,0.45410,1.36914,32.23
$BARO,53385.579,89720.32,32.15
$MAG,53385.589,0.081,-0.360,-0.988,31.0
$IMU,53385.637,58.044,-4.516,-48.645,-0.01025,0.51708,1.05566,32.17
$BARO,53385.680,89728.05,32.14
$MAG,53385.690,0.069,-0.358,-0.999,31.0
$IMU,53385.712,32.836,-2.807,-47.180,-0.10156,0.90527,0.89257,32.16
$VBAT,53385.724,3.911
$BARO,53385.781,89720.13,32.14
$IMU,53385.787,-36.987,-5.676,-22.460,-0.21240,0.76513,0.55957,32.19
$MAG,53385.791,0.057,-0.298,-0.997,30.6
$IMU,53385.862,-103.698,-16.845,-10.559,-0.03271,0.31884,0.44824,32.21
$BARO,53385.883,89713.35,32.15
$MAG,53385.892,0.045,-0.198,-0.961,31.0
$IMU,53385.937,-138.244,3.540,-18.676,0.21093,-0.09423,0.37939,32.19
$BARO,53385.984,89724.32,32.16
$MAG,53385.993,0.093,-0.126,-0.850,31.0
$IMU,53386.012,-154.724,59.143,21.728,0.00244,-0.46093,0.29785,32.21
$BARO,53386.086,89731.37,32.16
$IMU,53386.087,-139.526,93.627,51.879,-0.62060,-0.56152,0.36230,32.15
$MAG,53386.094,0.139,-0.136,-0.703,31.0
$IMU,53386.162,-131.958,79.956,18.615,-0.47412,-0.64453,0.41015,32.15
$TIME,53386.168,458057.000,2364
$BARO,53386.187,89722.42,32.17
$MAG,53386.195,0.135,-0.141,-0.568,31.0
$IMU,53386.238,-136.962,76.293,3.967,-0.50488,-0.98388,0.28173,32.17
$BARO,53386.289,89730.10,32.17
$MAG,53386.296,0.120,-0.175,-0.462,31.0
$IMU,53386.313,-115.356,71.472,10.131,-0.75097,-0.99853,0.28173,32.18
$IMU,53386.388,-100.158,49.865,-26.977,-0.89550,-1.12402,0.22900,32.19
$BARO,53386.390,89727.86,32.17
$MAG,53386.396,0.075,-0.186,-0.385,31.0
$IMU,53386.463,-93.688,15.197,-28.198,-0.58593,-1.20410,0.15625,32.19
$BARO,53386.491,89723.18,32.18
$MAG,53386.497,0.075,-0.232,-0.346,31.0
$HUM,53386.519,26.3,32.6
$IMU,53386.538,-67.443,14.221,15.808,-0.93164,-1.39013,0.21289,32.22
$BARO,53386.593,89730.27,32.18
$MAG,53386.598,0.078,-0.249,-0.337,31.0
$IMU,53386.613,-18.249,-2.746,16.174,-1.17480,-0.70117,0.27197,32.23
$IMU,53386.688,1.892,-42.419,5.065,-0.78759,-1.16357,0.10791,32.21
$BARO,53386.694,89728.83,32.18
$MAG,53386.699,0.124,-0.252,-0.390,30.6
$VBAT,53386.724,3.910
$IMU,53386.763,57.067,-58.532,53.466,-0.87792,-0.88867,0.16503,32.22
$BARO,53386.796,89723.15,32.18
$MAG,53386.800,0.198,-0.262,-0.534,31.0
$IMU,53386.838,113.830,-165.771,47.180,-1.02099,-1.01464,-0.13037,32.23
$BARO,53386.897,89724.47,32.20
$MAG,53386.901,0.159,-0.253,-0.859,31.0
$IMU,53386.913,199.096,-285.278,-28.625,-0.17529,-0.61328,0.03662,32.20
$IMU,53386.988,212.585,-268.554,-27.038,0.66308,-0.35058,0.66748,32.22
$BARO,53386.999,89724.44,32.20
$MAG,53387.002,0.010,-0.366,-1.036,31.0
$IMU,53387.063,148.681,-127.990,15.563,0.56445,0.33740,0.94873,32.20
$BARO,53387.100,89721.84,32.20
$MAG,53387.103,0.012,-0.430,-1.029,31.1
$IMU,53387.138,36.010,18.676,37.658,0.34521,0.11035,0.86425,32.25
$BARO,53387.201,89730.32,32.20
$MAG,53387.203,0.082,-0.441,-0.967,31.0
$IMU,53387.214,-50.659,100.769,67.199,-0.13183,0.14404,0.81835,32.26
$IMU,53387.289,-113.647,80.322,63.171,-0.32714,-0.16015,0.81982,32.26
$BARO,53387.303,89719.52,32.21
$MAG,53387.304,0.111,-0.397,-0.963,31.0
$IMU,53387.364,-64.880,-21.850,10.314,0.18066,-0.27294,1.21728,32.24
$BARO,53387.404,89741.43,32.21
$MAG,53387.405,0.082,-0.417,-0.976,31.0
$IMU,53387.439,28.564,-29.785,21.484,0.08593,-0.35742,1.05273,32.23
$BARO,53387.506,89731.63,32.22
$MAG,53387.506,0.055,-0.504,-0.993,31.0
$IMU,53387.514,80.810,-29.235,39.550,0.10546,-0.13378,0.83105,32.26
$HUM,53387.535,25.5,32.6
$IMU,53387.589,57.922,-44.067,23.254,0.27294,-0.11376,1.05615,32.25
$BARO,53387.607,89724.35,32.22
$MAG,53387.607,0.028,-0.535,-0.996,31.0
$IMU,53387.664,-5.187,-18.615,-8.972,0.01513,0.01953,1.07080,32.25
$MAG,53387.708,0.034,-0.474,-1.021,30.8
$BARO,53387.709,89719.03,32.22
$VBAT,53387.733,3.895
$IMU,53387.739,-10.070,-24.353,-70.129,0.23095,-0.20214,0.99023,32.28
$MAG,53387.809,0.019,-0.480,-1.021,30.8
$BARO,53387.810,89723.49,32.22
$IMU,53387.814,48.339,-20.507,-76.171,0.24951,-0.01318,1.07617,32.28
$IMU,53387.889,70.434,-14.587,-67.565,0.01708,0.09277,0.94628,32.28
$MAG,53387.910,0.013,-0.498,-1.015,30.8
$BARO,53387.912,89719.37,32.23
$IMU,53387.964,65.673,-12.634,-78.491,0.13769,0.29589,0.90576,32.30
$MAG,53388.010,0.030,-0.489,-1.012,31.0
$BARO,53388.013,89726.27,32.24
$IMU,53388.039,46.203,-10.314,-69.946,0.24609,0.59423,0.86523,32.25
$MAG,53388.111,0.033,-0.481,-1.018,31.0
$BARO,53388.114,89718.76,32.24
$IMU,53388.114,29.296,-6.286,-51.208,0.17138,0.34423,0.84130,32.29
$TIME,53388.168,458058.000,2364
$IMU,53388.190,34.118,-0.061,-43.273,0.05517,0.48535,0.94824,32.32
$MAG,53388.212,0.043,-0.487,-1.008,31.0
$BARO,53388.216,89739.60,32.24
$IMU,53388.265,29.357,-4.028,-41.015,0.05029,0.61132,0.90234,32.31
$MAG,53388.313,0.040,-0.486,-1.009,31.0
$BARO,53388.317,89727.27,32.24
$IMU,53388.340,15.563,-13.427,-23.742,0.09960,0.57373,0.84472,32.27
$MAG,53388.414,0.034,-0.480,-1.015,31.1
$IMU,53388.415,1.342,1.403,-9.094,0.09375,0.48535,0.86621,32.28
$BARO,53388.419,89716.91,32.24
$IMU,53388.490,0.488,8.239,-6.958,0.12451,0.54248,0.85839,32.28
$MAG,53388.515,0.042,-0.469,-1.002,31.0
$BARO,53388.520,89732.02,32.25
$HUM,53388.552,25.4,32.6
$IMU,53388.565,-4.394,8.483,-15.380,0.06494,0.50390,0.90625,32.30
$MAG,53388.616,0.052,-0.462,-1.003,31.0
$BARO,53388.622,89724.52,32.25
$IMU,53388.640,-4.882,3.295,-2.136,0.06689,0.58593,0.82714,32.33
$IMU,53388.715,-10.925,-1.037,-3.112,0.09082,0.45751,0.94580,32.37
$MAG,53388.717,0.052,-0.456,-1.011,31.0
$BARO,53388.723,89729.17,32.25
$VBAT,53388.742,3.901
$IMU,53388.790,-9.277,0.427,3.234,0.07080,0.52099,0.85546,32.31
$MAG,53388.817,0.052,-0.460,-1.006,31.0
$BARO,53388.824,89711.52,32.26
$IMU,53388.865,-0.305,-1.403,2.441,0.07031,0.49023,0.88964,32.31
$MAG,53388.918,0.042,-0.450,-1.011,31.0
$BARO,53388.926,89729.34,32.26
$IMU,53388.940,-1.220,-7.995,3.601,0.05957,0.48535,0.91210,32.30
$IMU,53389.015,4.943,-11.047,0.793,0.06884,0.48291,0.88818,32.33
$MAG,53389.019,0.034,-0.462,-1.012,31.0
$BARO,53389.027,89729.34,32.26
$IMU,53389.090,11.901,-9.460,-0.122,0.10937,0.52392,0.85937,32.32
$MAG,53389.120,0.030,-0.474,-1.024,31.0
$BARO,53389.129,89725.86,32.27
$IMU,53389.166,3.051,-3.173,2.380,0.10156,0.53564,0.89111,32.33
$TIME,53389.168,458059.000,2364
$MAG,53389.221,0.028,-0.463,-1.017,31.0
$BARO,53389.230,89725.61,32.28
$IMU,53389.241,-3.601,1.342,1.770,0.10156,0.48779,0.86230,32.33
$IMU,53389.316,-2.014,4.943,0.427,0.11865,0.53369,0.89306,32.33
$MAG,53389.322,0.037,-0.468,-1.009,31.0
$BARO,53389.332,89721.57,32.27
$IMU,53389.391,0.549,6.103,3.234,0.06396,0.51220,0.87353,32.34
$MAG,53389.423,0.037,-0.477,-1.015,31.0
$BARO,53389.433,89726.39,32.28
$IMU,53389.466,-1.647,2.258,2.502,0.09667,0.50146,0.86865,32.35
$MAG,53389.523,0.040,-0.463,-1.005,31.1
$BARO,53389.534,89730.42,32.28
$IMU,53389.541,-1.281,3.906,1.098,0.09521,0.52099,0.88037,32.27
$HUM,53389.568,25.1,32.7
$IMU,53389.616,-0.793,1.647,1.647,0.07568,0.51904,0.88330,32.33
$MAG,53389.624,0.045,-0.472,-1.008,31.1
$BARO,53389.636,89728.12,32.29
$IMU,53389.691,-2.075,1.403,1.586,0.09912,0.51562,0.87890,32.35
$MAG,53389.725,0.045,-0.468,-1.011,31.0
$BARO,53389.737,89725.49,32.29
$VBAT,53389.753,3.908
$IMU,53389.766,-3.234,0.549,3.417,0.07958,0.50146,0.87060,32.33
$MAG,53389.826,0.048,-0.471,-1.009,31.0
$BARO,53389.839,89720.84,32.30
$IMU,53389.841,-5.249,2.990,2.929,0.08984,0.50537,0.88525,32.33
$IMU,53389.916,-6.591,2.441,1.708,0.09326,0.48535,0.89453,32.35
$MAG,53389.927,0.045,-0.463,-1.006,31.1
$BARO,53389.940,89720.01,32.30
$IMU,53389.991,-3.906,2.075,1.892,0.08154,0.48632,0.88964,32.32
$MAG,53390.027,0.046,-0.466,-1.000,31.2
$BARO,53390.042,89724.64,32.30
$IMU,53390.067,-5.126,1.831,0.366,0.09765,0.49511,0.88916,32.36
$MAG,53390.128,0.048,-0.454,-1.008,31.2
$IMU,53390.142,-7.995,3.234,0.671,0.06494,0.46875,0.92333,32.37
$BARO,53390.143,89722.40,32.31
$TIME,53390.168,458060.000,2364
$IMU,53390.217,-3.356,1.098,2.075,0.08105,0.46191,0.89941,32.34
$MAG,53390.229,0.055,-0.457,-0.997,31.1
$BARO,53390.244,89720.74,32.31
$IMU,53390.292,-2.624,3.479,2.990,0.06835,0.46826,0.91503,32.36
$MAG,53390.330,0.058,-0.456,-1.002,31.0
$BARO,53390.346,89730.44,32.31
$IMU,53390.367,-5.615,1.037,0.366,0.07177,0.44921,0.89746,32.37
$MAG,53390.431,0.064,-0.450,-1.000,31.2
$IMU,53390.442,-1.770,-0.244,-1.037,0.05859,0.43261,0.92675,32.33
$BARO,53390.447,89723.96,32.32
$IMU,53390.517,-1.708,2.319,4.272,0.07031,0.46728,0.90332,32.35
$MAG,53390.531,0.054,-0.456,-1.005,31.0
$BARO,53390.549,89721.08,32.32
$HUM,53390.585,25.3,32.7
$IMU,53390.592,-6.225,2.624,2.929,0.05615,0.42382,0.92773,32.37
$MAG,53390.632,0.060,-0.450,-1.000,31.0
$BARO,53390.650,89732.19,32.32
$IMU,53390.667,-2.624,1.525,2.380,0.06689,0.42773,0.93603,32.37
$MAG,53390.733,0.058,-0.457,-1.002,31.0
$IMU,53390.742,1.098,0.976,2.868,0.06445,0.42968,0.91748,32.38
$BARO,53390.752,89721.01,32.33
$VBAT,53390.760,3.914
$IMU,53390.817,-1.403,1.342,-0.183,0.07519,0.42480,0.92333,32.43
$MAG,53390.834,0.067,-0.447,-0.993,31.0
$BARO,53390.853,89727.51,32.33
$IMU,53390.892,-1.037,-0.183,-0.793,0.05566,0.43457,0.92529,32.39
$MAG,53390.935,0.058,-0.448,-0.996,31.2
$BARO,53390.954,89722.64,32.33
$IMU,53390.967,-0.549,-0.305,-1.831,0.07519,0.43115,0.93115,32.40
$MAG,53391.035,0.054,-0.459,-1.002,31.1
$IMU,53391.043,0.183,-0.061,-0.305,0.06445,0.42187,0.91308,32.41
$BARO,53391.056,89723.40,32.34
$IMU,53391.118,-1.586,0.488,-0.976,0.05712,0.43212,0.93652,32.42
$MAG,53391.136,0.051,-0.450,-0.996,31.1
$BARO,53391.157,89724.81,32.34
$TIME,53391.168,458061.000,2364
$IMU,53391.193,0.366,-0.366,-0.183,0.07226,0.43701,0.91455,32.38
$MAG,53391.237,0.064,-0.459,-1.000,31.0
$BARO,53391.259,89727.42,32.35
$IMU,53391.268,-0.854,0.366,-0.915,0.05468,0.42578,0.92480,32.36
$MAG,53391.338,0.069,-0.441,-1.000,31.0
$IMU,53391.343,-2.197,-0.305,-1.831,0.05859,0.43652,0.92626,32.41
$BARO,53391.360,89723.15,32.35
$IMU,53391.418,0.183,-0.122,-0.732,0.05908,0.41748,0.92041,32.43
$MAG,53391.439,0.052,-0.442,-0.990,31.1
$BARO,53391.461,89727.78,32.35
$IMU,53391.493,-1.953,1.037,0.305,0.05712,0.44335,0.92285,32.46
$MAG,53391.540,0.064,-0.453,-1.000,31.1
$BARO,53391.563,89719.01,32.36
$IMU,53391.568,-1.647,0.549,-0.061,0.05761,0.41894,0.92919,32.39
$HUM,53391.601,25.3,32.7
$MAG,53391.640,0.067,-0.450,-1.000,31.1
$IMU,53391.643,0.610,0.793,0.793,0.05273,0.43798,0.92041,32.41
$BARO,53391.664,89725.25,32.37
$IMU,53391.718,-0.427,0.000,0.732,0.05175,0.42529,0.93212,32.41
$MAG,53391.741,0.064,-0.448,-1.000,31.2
$BARO,53391.766,89720.35,32.37
$VBAT,53391.771,3.913
$IMU,53391.793,-0.061,0.183,0.122,0.05029,0.42724,0.91845,32.44
$MAG,53391.842,0.061,-0.456,-0.994,31.1
$BARO,53391.867,89725.66,32.37
$IMU,53391.868,-1.220,0.671,1.098,0.05761,0.42333,0.92919,32.43
$MAG,53391.943,0.066,-0.445,-0.993,31.1
$IMU,53391.943,-0.549,0.976,1.220,0.04394,0.41162,0.93603,32.43
$BARO,53391.968,89720.96,32.37
$IMU,53392.019,0.793,0.549,0.671,0.06201,0.43457,0.91699,32.45
$MAG,53392.043,0.073,-0.462,-0.996,31.1
$BARO,53392.070,89721.35,32.38
$IMU,53392.094,-0.915,0.610,0.976,0.04785,0.42138,0.93359,32.42
$MAG,53392.144,0.066,-0.442,-0.997,31.1
$TIME,53392.168,458062.000,2364
$IMU,53392.169,-1.220,-0.244,-0.976,0.04687,0.42236,0.92724,32.44
$BARO,53392.171,89730.44,32.38
$IMU,53392.244,0.366,-0.488,-1.525,0.05419,0.42529,0.92187,32.42
$MAG,53392.245,0.069,-0.453,-0.997,31.3
$BARO,53392.273,89719.50,32.38
$IMU,53392.319,-0.976,-0.122,0.183,0.04101,0.41992,0.93457,32.43
$MAG,53392.346,0.067,-0.451,-0.991,31.3
$BARO,53392.374,89721.25,32.39
$IMU,53392.394,1.220,0.122,0.122,0.05029,0.41992,0.92724,32.44
$MAG,53392.447,0.072,-0.445,-1.002,31.0
$IMU,53392.469,1.159,-0.061,0.122,0.04882,0.42773,0.92382,32.46
$BARO,53392.476,89728.93,32.39
$IMU,53392.544,-0.732,-0.427,-0.793,0.05322,0.42480,0.92822,32.45
$MAG,53392.548,0.063,-0.448,-0.994,31.1
$BARO,53392.577,89720.20,32.39
$HUM,53392.618,25.1,32.8
$IMU,53392.619,-0.061,-0.366,-0.122,0.04882,0.42480,0.92285,32.44
$MAG,53392.648,0.061,-0.451,-0.994,31.1
$BARO,53392.678,89722.40,32.40
$IMU,53392.694,-1.770,0.183,-0.061,0.04882,0.41894,0.93603,32.46
$MAG,53392.749,0.072,-0.450,-0.996,31.2
$IMU,53392.769,0.000,-0.244,0.854,0.04736,0.41845,0.92578,32.44
$VBAT,53392.779,3.916
$BARO,53392.780,89729.27,32.40
$IMU,53392.844,-1.770,0.366,1.037,0.05761,0.42578,0.92578,32.50
$MAG,53392.850,0.066,-0.451,-0.990,31.2
$BARO,53392.881,89724.39,32.41
$IMU,53392.919,-2.014,-0.122,0.793,0.04785,0.41357,0.93701,32.47
$MAG,53392.951,0.066,-0.451,-0.994,31.1
$BARO,53392.983,89713.99,32.42
$IMU,53392.995,0.549,-0.366,0.366,0.05761,0.41845,0.92675,32.46
$MAG,53393.052,0.070,-0.451,-0.987,31.2
$IMU,53393.070,-1.037,-0.732,0.305,0.04687,0.42626,0.93212,32.49
$BARO,53393.084,89731.02,32.42
$IMU,53393.145,0.061,0.122,1.098,0.05078,0.41503,0.92822,32.43
$MAG,53393.152,0.070,-0.450,-1.003,31.0
$TIME,53393.168,458063.000,2364
$BARO,53393.186,89724.10,32.42
$IMU,53393.220,-0.122,0.427,2.624,0.05224,0.42382,0.92529,32.50
$MAG,53393.253,0.066,-0.447,-0.981,31.1
$BARO,53393.287,89716.16,32.43
$IMU,53393.295,-0.366,1.037,3.479,0.04785,0.41992,0.93603,32.50
$MAG,53393.354,0.063,-0.453,-1.000,31.1
$IMU,53393.370,0.732,1.831,5.615,0.02832,0.43164,0.92382,32.48
$BARO,53393.389,89732.34,32.44
$IMU,53393.445,1.831,3.295,10.375,0.03027,0.44433,0.94433,32.46
$MAG,53393.455,0.067,-0.477,-0.990,31.2
$BARO,53393.490,89722.83,32.43
$IMU,53393.520,5.554,4.516,20.385,0.05175,0.42919,0.91748,32.48
$MAG,53393.556,0.073,-0.489,-0.982,31.2
$BARO,53393.591,89721.98,32.44
$IMU,53393.595,11.352,8.850,33.142,0.12451,0.47460,0.94433,32.51
$HUM,53393.634,24.6,32.8
$MAG,53393.656,0.069,-0.538,-0.954,31.1
$IMU,53393.670,15.319,18.066,41.625,0.08935,0.42480,0.90673,32.47
$BARO,53393.693,89718.30,32.44
$IMU,53393.745,17.761,28.442,36.743,0.10791,0.43896,0.84667,32.51
$MAG,53393.757,0.073,-0.561,-0.936,31.1
$VBAT,53393.790,3.922
$BARO,53393.794,89724.78,32.44
$IMU,53393.820,5.126,30.883,30.334,0.02392,0.47949,0.91601,32.48
$MAG,53393.858,0.093,-0.588,-0.915,31.2
$IMU,53393.895,-3.479,22.888,27.954,0.01660,0.47851,0.92968,32.46
$BARO,53393.896,89722.49,32.45
$MAG,53393.959,0.090,-0.603,-0.904,31.1
$IMU,53393.971,-3.051,16.662,24.536,0.01806,0.53369,0.87988,32.50
$BARO,53393.997,89725.32,32.45
$IMU,53394.046,0.976,11.108,24.108,0.13134,0.46777,0.90429,32.54
$MAG,53394.060,0.084,-0.628,-0.897,31.1
$BARO,53394.099,89726.71,32.46
$IMU,53394.121,8.666,11.535,29.113,-0.00781,0.50781,0.93408,32.50
$MAG,53394.160,0.072,-0.649,-0.889,31.3
$TIME,53394.168,458064.000,2364
$IMU,53394.196,2.868,-0.305,26.672,-0.01123,0.42089,0.88574,32.53
$BARO,53394.200,89730.15,32.46
$MAG,53394.261,0.057,-0.664,-0.879,31.1
$IMU,53394.271,14.587,-6.103,18.981,0.07226,0.41064,0.87939,32.55
$BARO,53394.301,89724.64,32.47
$IMU,53394.346,25.268,-0.427,0.610,0.07177,0.54052,0.87744,32.55
$MAG,53394.362,0.064,-0.673,-0.865,31.2
$BARO,53394.403,89729.88,32.47
$IMU,53394.421,17.639,0.610,-7.568,0.07226,0.61132,0.83447,32.57
$MAG,53394.463,0.058,-0.678,-0.862,31.2
$IMU,53394.496,2.319,2.075,-0.122,0.00048,0.59765,0.87841,32.53
$BARO,53394.504,89727.03,32.47
$MAG,53394.564,0.054,-0.672,-0.858,31.2
$IMU,53394.571,1.037,4.211,-3.967,0.07421,0.54101,0.81005,32.53
$BARO,53394.606,89738.97,32.48
$IMU,53394.646,9.765,12.756,-7.202,0.02099,0.56787,0.83789,32.51
$HUM,53394.651,25.1,32.9
$MAG,53394.665,0.079,-0.673,-0.849,31.2
$BARO,53394.707,89722.74,32.48
$IMU,53394.721,0.366,9.765,-3.234,-0.02197,0.60644,0.85839,32.55
$MAG,53394.765,0.072,-0.676,-0.843,31.1
$IMU,53394.796,-8.422,4.150,6.286,0.01855,0.53173,0.86328,32.59
$VBAT,53394.797,3.903
$BARO,53394.809,89743.77,32.49
$MAG,53394.866,0.072,-0.667,-0.841,31.3
$IMU,53394.871,-5.371,9.704,6.469,-0.00048,0.55664,0.80908,32.50
$BARO,53394.910,89728.81,32.48
$IMU,53394.947,0.000,8.972,8.911,-0.06689,0.55175,0.85205,32.55
$MAG,53394.967,0.081,-0.678,-0.840,31.3
$BARO,53395.012,89724.71,32.49
$IMU,53395.022,-4.577,1.708,5.554,0.03662,0.55859,0.86230,32.57
$MAG,53395.068,0.073,-0.673,-0.838,31.3
$IMU,53395.097,-6.225,1.281,4.699,0.00585,0.57519,0.86083,32.61
$BARO,53395.113,89731.24,32.48
$MAG,53395.168,0.067,-0.676,-0.843,31.3
$TIME,53395.168,458066.000,2364
$IMU,53395.172,0.488,0.549,2.197,0.00927,0.53906,0.86230,32.55
$BARO,53395.214,89731.17,32.49
$IMU,53395.247,3.234,-4.699,7.202,0.04785,0.52929,0.89257,32.57
$MAG,53395.269,0.066,-0.687,-0.840,31.2
$BARO,53395.316,89727.27,32.50
$IMU,53395.322,-0.854,0.854,7.080,0.01269,0.55712,0.83593,32.58
$MAG,53395.370,0.064,-0.691,-0.843,31.2
$IMU,53395.397,2.014,2.258,7.019,0.04589,0.56542,0.87109,32.58
$BARO,53395.417,89738.39,32.51
$MAG,53395.471,0.043,-0.694,-0.838,31.2
$IMU,53395.472,2.197,0.915,9.094,0.00976,0.54882,0.85058,32.58
$BARO,53395.519,89735.58,32.50
$IMU,53395.547,0.183,1.281,4.394,0.05566,0.56005,0.85400,32.58
$MAG,53395.572,0.060,-0.705,-0.829,31.2
$BARO,53395.620,89729.05,32.51
$IMU,53395.622,1.647,0.305,1.037,0.03857,0.58056,0.86132,32.51
$HUM,53395.668,25.5,32.9
$MAG,53395.672,0.058,-0.703,-0.831,31.3
$IMU,53395.697,1.342,0.122,1.892,0.04492,0.55517,0.84521,32.53
$BARO,53395.722,89733.88,32.51
$IMU,53395.772,1.647,1.831,4.089,0.02343,0.56835,0.85595,32.59
$MAG,53395.773,0.043,-0.712,-0.826,31.3
$VBAT,53395.808,3.918
$BARO,53395.823,89736.48,32.52
$IMU,53395.847,-0.610,-0.671,0.915,0.03808,0.54589,0.83496,32.58
$MAG,53395.874,0.048,-0.711,-0.837,31.2
$IMU,53395.923,-0.183,-0.427,-1.281,0.03173,0.57958,0.86865,32.62
$BARO,53395.924,89738.31,32.52
$MAG,53395.975,0.049,-0.703,-0.838,31.3
$IMU,53395.998,-0.122,-0.122,0.183,0.03466,0.56689,0.84228,32.62
$BARO,53396.026,89721.42,32.53
$IMU,53396.073,0.183,1.647,2.929,0.04248,0.57373,0.84863,32.61
$MAG,53396.076,0.055,-0.702,-0.828,31.1
$BARO,53396.127,89736.44,32.53
$IMU,53396.148,-0.610,2.075,2.807,0.03564,0.54443,0.85791,32.61
$TIME,53396.168,458066.000,2364
$MAG,53396.176,0.046,-0.705,-0.832,31.3
$IMU,53396.223,-0.488,1.220,2.746,0.03759,0.56787,0.86132,32.59
$BARO,53396.229,89737.19,32.53
$MAG,53396.277,0.055,-0.700,-0.831,31.2
$IMU,53396.298,0.610,1.647,0.732,0.03222,0.55273,0.84033,32.60
$BARO,53396.330,89732.97,32.53
$IMU,53396.373,0.061,-0.183,2.258,0.03515,0.56542,0.85595,32.58
$MAG,53396.378,0.048,-0.717,-0.832,31.2
$BARO,53396.432,89729.03,32.54
$IMU,53396.448,0.671,0.732,1.281,0.04296,0.57324,0.84570,32.61
$MAG,53396.479,0.048,-0.711,-0.829,31.3
$IMU,53396.523,2.319,1.098,0.183,0.03613,0.56640,0.84375,32.66
$BARO,53396.533,89734.27,32.55
$MAG,53396.580,0.045,-0.714,-0.831,31.2
$IMU,53396.598,-0.122,0.488,2.502,0.03369,0.57714,0.84863,32.57
$BARO,53396.634,89736.51,32.55
$IMU,53396.673,-0.915,2.380,0.915,0.04638,0.56347,0.85253,32.58
$MAG,53396.680,0.046,-0.711,-0.825,31.2
$HUM,53396.684,25.0,33.0
$BARO,53396.736,89737.09,32.55
$IMU,53396.748,1.037,1.525,1.586,0.02734,0.58056,0.83837,32.65
$MAG,53396.781,0.046,-0.714,-0.822,31.3
$VBAT,53396.809,3.913
$IMU,53396.824,-0.671,0.732,1.464,0.04833,0.56591,0.84619,32.65
$BARO,53396.837,89734.44,32.55
$MAG,53396.882,0.049,-0.720,-0.831,31.1
$IMU,53396.899,-0.366,1.281,1.281,0.03466,0.57421,0.84912,32.62
$BARO,53396.939,89738.87,32.56
$IMU,53396.974,0.183,-0.122,0.427,0.03808,0.55908,0.84814,32.64
$MAG,53396.983,0.040,-0.715,-0.822,31.3
$BARO,53397.040,89742.07,32.57
$IMU,53397.049,-2.014,-0.183,0.183,0.03515,0.57226,0.84814,32.63
$MAG,53397.083,0.045,-0.718,-0.825,31.2
$IMU,53397.124,-1.220,-0.976,-1.403,0.03906,0.56933,0.85302,32.66
$BARO,53397.142,89741.46,32.57
$TIME,53397.168,458068.000,2364
$MAG,53397.184,0.052,-0.715,-0.822,31.3
$IMU,53397.199,1.037,-1.159,-1.342,0.03125,0.57519,0.84765,32.62
$BARO,53397.243,89736.75,32.57
$IMU,53397.274,1.220,-0.488,-1.281,0.03173,0.57324,0.84033,32.60
$MAG,53397.285,0.037,-0.708,-0.817,31.3
$BARO,53397.344,89740.41,32.58
$IMU,53397.349,1.098,-1.403,-1.342,0.03173,0.57519,0.84716,32.69
$MAG,53397.386,0.051,-0.714,-0.831,31.3
$IMU,53397.424,0.976,-1.098,-3.173,0.02587,0.57324,0.84521,32.65
$BARO,53397.446,89727.20,32.58
$MAG,53397.487,0.052,-0.706,-0.831,31.3
$IMU,53397.499,1.037,-1.403,-3.295,0.02832,0.57031,0.83984,32.67
$BARO,53397.547,89738.92,32.58
$IMU,53397.574,-0.732,-2.441,-1.892,0.03613,0.57714,0.84667,32.67
$MAG,53397.587,0.054,-0.714,-0.820,31.3
$BARO,53397.649,89739.53,32.58
$IMU,53397.649,-2.990,-0.366,-3.112,0.01464,0.59765,0.83349,32.67
$MAG,53397.688,0.049,-0.712,-0.831,31.3
$HUM,53397.701,25.0,33.0
$IMU,53397.724,-3.112,-3.540,-0.183,0.01220,0.56884,0.84423,32.67
$BARO,53397.750,89742.94,32.59
$MAG,53397.789,0.043,-0.711,-0.834,31.3
$IMU,53397.800,-8.605,0.183,5.554,0.02343,0.55810,0.85693,32.64
$VBAT,53397.821,3.918
$BARO,53397.852,89736.00,32.60
$IMU,53397.875,-6.042,3.906,7.446,0.02685,0.55371,0.83642,32.69
$MAG,53397.890,0.042,-0.717,-0.834,31.3
$IMU,53397.950,-9.582,-0.854,4.760,0.02392,0.51171,0.87548,32.69
$BARO,53397.953,89744.55,32.60
$MAG,53397.991,0.045,-0.714,-0.837,31.3
$IMU,53398.025,-15.808,-4.455,-1.037,0.02148,0.50878,0.88085,32.64
$BARO,53398.054,89733.12,32.60
$MAG,53398.091,0.039,-0.694,-0.862,31.5
$IMU,53398.100,-17.150,-6.896,1.037,0.01757,0.49511,0.88867,32.74
$BARO,53398.156,89738.00,32.61
$TIME,53398.168,458069.000,2364
$IMU,53398.175,-14.404,-2.807,12.207,0.01025,0.48486,0.89794,32.69
$MAG,53398.192,0.028,-0.696,-0.865,31.3
$IMU,53398.250,-13.061,5.249,19.165,0.05224,0.49804,0.89990,32.66
$BARO,53398.257,89733.05,32.62
$MAG,53398.293,0.019,-0.714,-0.870,31.3
$IMU,53398.325,-18.066,9.704,26.123,0.04296,0.44189,0.88574,32.67
$BARO,53398.359,89741.77,32.61
$MAG,53398.394,0.001,-0.712,-0.886,31.3
$IMU,53398.400,-21.850,7.507,26.794,0.06787,0.39062,0.94287,32.68
$BARO,53398.460,89739.31,32.62
$IMU,53398.475,-18.981,4.150,22.521,0.06396,0.41796,1.00878,32.67
$MAG,53398.495,-0.004,-0.714,-0.894,31.3
$IMU,53398.550,-14.831,1.464,12.817,0.03222,0.31591,0.91845,32.71
$BARO,53398.561,89736.66,32.62
$MAG,53398.595,-0.007,-0.705,-0.903,31.3
$IMU,53398.625,-7.446,-1.037,0.305,-0.02587,0.28466,0.97509,32.72
$BARO,53398.663,89742.75,32.63
$MAG,53398.696,-0.007,-0.700,-0.894,31.3
$IMU,53398.700,-11.169,-3.906,-2.868,0.12597,0.36572,0.95605,32.71
$HUM,53398.718,24.1,33.0
$BARO,53398.764,89733.56,32.63
$IMU,53398.776,-19.714,7.629,10.803,0.19287,0.35302,0.91308,32.70
$MAG,53398.797,-0.019,-0.703,-0.916,31.3
$VBAT,53398.826,3.905
$IMU,53398.851,-10.986,4.211,27.465,0.23095,0.20458,0.94970,32.67
$BARO,53398.866,89732.90,32.64
$MAG,53398.898,-0.036,-0.726,-0.907,31.3
$IMU,53398.926,4.150,4.455,30.151,0.07568,0.18847,1.09472,32.71
$BARO,53398.967,89733.51,32.64
$MAG,53398.999,-0.064,-0.742,-0.897,31.3
$IMU,53399.001,19.897,-11.169,20.935,0.09423,0.33544,1.01171,32.71
$BARO,53399.069,89736.73,32.64
$IMU,53399.076,6.408,-18.676,10.742,0.16503,0.29394,0.94238,32.73
$MAG,53399.099,-0.061,-0.738,-0.906,31.3
$IMU,53399.151,-7.385,-2.075,1.281,0.22363,0.30322,0.92919,32.71
$TIME,53399.168,458070.000,2364
$BARO,53399.170,89731.24,32.65
$MAG,53399.200,-0.073,-0.738,-0.904,31.3
$IMU,53399.226,-0.549,-4.455,9.704,0.18945,0.26855,0.98437,32.77
$BARO,53399.271,89734.90,32.65
$MAG,53399.301,-0.078,-0.744,-0.906,31.3
$IMU,53399.301,4.943,-6.835,11.291,0.21972,0.28515,0.94287,32.73
$BARO,53399.373,89734.02,32.66
$IMU,53399.376,-0.610,-0.122,7.446,0.21484,0.25195,0.95556,32.76
$MAG,53399.402,-0.078,-0.745,-0.901,31.2
$IMU,53399.451,-2.258,1.098,7.385,0.21337,0.29003,0.97802,32.77
$BARO,53399.474,89738.65,32.66
$MAG,53399.503,-0.087,-0.748,-0.912,31.3
$IMU,53399.526,-1.281,0.000,3.479,0.17968,0.31201,0.92236,32.75
$BARO,53399.576,89736.22,32.66
$IMU,53399.601,-6.042,-4.455,-6.774,0.20166,0.33447,0.98046,32.75
$MAG,53399.604,-0.081,-0.747,-0.910,31.3
$IMU,53399.676,-9.765,-1.953,-2.563,0.13037,0.49023,1.10302,32.75
$BARO,53399.677,89729.90,32.67
$MAG,53399.705,-0.094,-0.729,-0.927,31.3
$HUM,53399.734,25.1,33.1
$IMU,53399.752,-30.151,-5.249,12.268,0.23828,0.37109,1.09521,32.75
$BARO,53399.778,89737.39,32.67
$MAG,53399.805,-0.121,-0.711,-0.961,31.3
$IMU,53399.827,-39.550,-2.319,28.320,0.22363,0.18457,0.98828,32.73
$VBAT,53399.837,3.905
$BARO,53399.880,89729.22,32.67
$IMU,53399.902,-33.508,2.685,19.042,0.21093,0.08935,0.90576,32.78
$MAG,53399.906,-0.115,-0.693,-0.970,31.3
$IMU,53399.977,-24.291,6.286,-13.244,0.19335,-0.02783,0.92773,32.75
$BARO,53399.981,89727.20,32.67
$MAG,53400.007,-0.091,-0.681,-0.988,31.2
$IMU,53400.052,-21.911,5.126,-33.386,0.41455,-0.17138,0.95458,32.77
$BARO,53400.083,89721.59,32.70
$MAG,53400.108,-0.060,-0.645,-0.999,31.3
$IMU,53400.127,-21.057,18.798,-35.156,0.10156,-0.14306,0.92675,32.77
$BARO,53400.184,89729.27,32.70
$IMU,53400.202,-25.695,1.525,-47.241,0.04394,-0.06738,0.91699,32.77
$MAG,53400.209,-0.042,-0.604,-1.012,31.5
$IMU,53400.277,-36.987,-20.935,-41.442,0.10449,-0.05908,0.86865,32.76
$BARO,53400.286,89727.78,32.71
$MAG,53400.310,-0.052,-0.559,-1.038,31.3
$IMU,53400.352,-33.813,-16.601,-14.770,0.24902,-0.15917,0.85253,32.79
$BARO,53400.387,89736.58,32.70
$MAG,53400.411,-0.042,-0.550,-1.038,31.3
$IMU,53400.427,-18.493,10.253,7.385,0.22460,-0.10498,1.00585,32.72
$BARO,53400.489,89742.65,32.71
$IMU,53400.502,-17.822,8.300,8.483,0.11474,-0.13378,1.00292,32.79
$MAG,53400.512,-0.040,-0.543,-1.044,31.3
$IMU,53400.577,-19.287,-3.479,-6.469,0.17919,-0.11669,0.98095,32.78
$BARO,53400.590,89737.95,32.71
$MAG,53400.612,-0.040,-0.514,-1.051,31.3
$IMU,53400.652,-23.376,-3.173,-6.225,0.21972,-0.19433,0.97802,32.79
$BARO,53400.691,89731.05,32.71
$MAG,53400.713,-0.033,-0.496,-1.054,31.3
$IMU,53400.728,-19.836,-0.122,-9.033,0.20654,-0.21240,1.02246,32.78
$HUM,53400.751,24.8,33.1
$BARO,53400.793,89726.34,32.72
$IMU,53400.803,-14.770,4.577,-7.446,0.17089,-0.27343,1.00439,32.75
$MAG,53400.814,-0.040,-0.487,-1.054,31.3
$VBAT,53400.843,3.911
$IMU,53400.878,-9.582,3.906,-1.281,0.15527,-0.28857,0.99365,32.81
$BARO,53400.894,89736.83,32.73
$MAG,53400.915,-0.030,-0.474,-1.060,31.3
$IMU,53400.953,-6.835,-1.647,-3.906,0.19921,-0.24609,1.00195,32.81
$BARO,53400.996,89735.61,32.73
$MAG,53401.016,-0.031,-0.468,-1.062,31.3
$IMU,53401.028,-6.530,-5.126,-2.502,0.21777,-0.30029,0.95800,32.79
$BARO,53401.097,89734.56,32.73
$IMU,53401.103,-2.929,-3.356,-1.159,0.20654,-0.30566,0.95703,32.82
$MAG,53401.117,-0.040,-0.465,-1.065,31.3
$TIME,53401.168,458072.000,2364
$IMU,53401.178,2.502,-2.746,-3.417,0.23486,-0.33544,0.98437,32.78
$BARO,53401.198,89724.54,32.74
$MAG,53401.218,-0.034,-0.472,-1.065,31.5
$IMU,53401.253,8.972,-0.244,-0.854,0.20458,-0.30908,0.98095,32.79
$BARO,53401.300,89730.88,32.74
$MAG,53401.319,-0.033,-0.487,-1.059,31.3
$IMU,53401.328,20.141,0.000,1.037,0.21826,-0.26220,0.99755,32.80
$BARO,53401.401,89731.27,32.74
$IMU,53401.403,25.573,-1.586,-0.671,0.17480,-0.23730,0.96191,32.81
$MAG,53401.419,-0.046,-0.510,-1.060,31.5
$IMU,53401.478,32.531,-3.417,3.173,0.20312,-0.16748,1.00000,32.85
$BARO,53401.503,89728.15,32.75
$MAG,53401.520,-0.052,-0.552,-1.036,31.3
$IMU,53401.553,39.428,-7.751,8.422,0.23583,-0.09375,0.98535,32.77
$BARO,53401.604,89730.78,32.75
$MAG,53401.621,-0.055,-0.580,-1.035,31.3
$IMU,53401.629,32.348,-8.789,1.037,0.25878,-0.01806,0.91894,32.82
$IMU,53401.704,21.850,-6.408,-0.854,0.31250,0.04833,0.91943,32.82
$BARO,53401.706,89735.46,32.75
$MAG,53401.722,-0.066,-0.597,-1.027,31.3
$HUM,53401.768,24.6,33.1
$IMU,53401.779,10.131,3.295,2.685,0.20166,0.04589,0.97802,32.81
$BARO,53401.807,89733.22,32.75
$MAG,53401.823,-0.063,-0.592,-1.024,31.3
$VBAT,53401.847,3.913
$IMU,53401.854,-0.427,-2.807,2.685,0.26269,-0.02734,0.97705,32.78
$BARO,53401.908,89735.63,32.76
$MAG,53401.924,-0.064,-0.594,-1.024,31.3
$IMU,53401.929,-0.183,-0.854,0.244,0.25195,-0.01708,1.00292,32.80
$IMU,53402.004,-1.342,-0.244,-3.417,0.21093,-0.03173,0.96923,32.82
$BARO,53402.010,89733.56,32.76
$MAG,53402.025,-0.061,-0.598,-1.030,31.3
$IMU,53402.079,-0.610,0.244,-5.859,0.26513,-0.00097,1.00097,32.82
$BARO,53402.111,89723.42,32.76
$MAG,53402.126,-0.060,-0.589,-1.026,31.3
$IMU,53402.154,0.854,3.845,-3.051,0.20556,0.00048,0.98681,32.83
$TIME,53402.167,458073.000,2364
$BARO,53402.213,89728.66,32.77
$MAG,53402.227,-0.049,-0.589,-1.029,31.3
$IMU,53402.229,-0.366,0.915,-3.112,0.21240,-0.01757,0.98730,32.83
$IMU,53402.304,-1.220,2.136,-1.403,0.22460,-0.00927,0.99316,32.85
$BARO,53402.314,89737.41,32.76
$MAG,53402.328,-0.045,-0.592,-1.018,31.3
$IMU,53402.379,-0.305,2.258,1.281,0.20556,-0.01708,0.99853,32.83
